NodeNumber,Equivalent Stress (Pa)
1,2.6056e+007
2,2.4575e+007
3,1.1146e+007
4,8.4027e+006
5,1.2572e+007
6,9.5762e+006
7,1.08e+007
8,2.4051e+007
9,2.43e+007
10,8.0524e+006
11,8.3842e+006
12,1.1703e+007
13,8.2208e+006
14,1.0082e+007
15,1.9835e+008
16,2.2678e+008
17,2.3171e+008
18,1.5805e+008
19,8.0001e+007
20,1.6155e+008
21,2.2437e+008
22,1.9764e+008
23,2.1877e+008
24,2.4417e+008
25,1.4369e+008
26,5.917e+007
27,1.429e+008
28,2.4214e+008
29,84032
30,6.5739e+007
31,2.9869e+005
32,1.7023e+006
33,6.7891e+006
34,1.8872e+007
35,4.701e+007
36,1.4054e+005
37,1.2373e+007
38,4.6628e+005
39,2.0002e+006
40,7.1283e+006
41,1.6779e+007
42,2.2369e+007
43,1.0188e+007
44,2.3375
45,357.56
46,5.216
47,24.018
48,74.857
49,189.64
50,303.07
51,1.9148
52,110.16
53,6.3375
54,29.747
55,91.356
56,140.71
57,169.76
58,3.2392e+007
59,2.0522e+007
60,6.2096e+006
61,2.3759e+007
62,3.207e+007
63,2.0943e+008
64,2.3098e+008
65,2.085e+008
66,2.3646e+008
67,1.9741e+008
68,2.1171e+008
69,2.117e+008
70,2.0929e+008
71,2.067e+008
72,2.0825e+008
73,2.0519e+008
74,2.0949e+008
75,2.1151e+008
76,1.8386e+008
77,2.1117e+008
78,2.0969e+008
79,2.3529e+008
80,1.8885e+008
81,2.0325e+008
82,2.0264e+008
83,2.1067e+008
84,2.1307e+008
85,2.1714e+008
86,2.0931e+008
87,2.1176e+008
88,7.0795e+005
89,3.8488e+006
90,1.2825e+007
91,2.101e+007
92,3.2366e+007
93,4.5935e+007
94,6.9016e+007
95,9.9299e+007
96,1.3563e+008
97,1.8352e+008
98,2.3894e+008
99,2.6627e+008
100,2.4715e+008
101,2.4212e+008
102,9.0397e+005
103,3.0559e+006
104,5.7922e+006
105,8.6668e+006
106,9.6789e+006
107,7.897e+006
108,5.5732e+006
109,2.5896e+006
110,2.3658e+008
111,2.2364e+008
112,2.549e+008
113,2.6829e+008
114,2.4069e+008
115,1.912e+008
116,1.4223e+008
117,1.0347e+008
118,7.2522e+007
119,5.119e+007
120,3.5233e+007
121,2.2528e+007
122,1.1702e+007
123,3.9333e+006
124,1.8505e+008
125,2.2014e+008
126,2.1164e+008
127,2.1053e+008
128,2.0788e+008
129,2.025e+008
130,2.0823e+008
131,2.0381e+008
132,1.9522e+008
133,2.1118e+008
134,2.0961e+008
135,2.0421e+008
136,1.2963e+008
137,1.4152e+008
138,1.9224e+008
139,1.6315e+008
140,1.6853e+008
141,1.5702e+008
142,1.3355e+008
143,1.5194e+008
144,1.5003e+008
145,1.3657e+008
146,1.4004e+008
147,1.4633e+008
148,1.9925e+008
149,1.82e+008
150,4.648e+007
151,1.9285e+007
152,6.5903e+006
153,1.7147e+006
154,3.2382e+005
155,312.95
156,182.59
157,75.569
158,24.289
159,5.1967
160,8.1391e+007
161,4.2533e+007
162,4.957e+007
163,7.9092e+007
164,1.1218e+008
165,1.3041e+008
166,1.3775e+008
167,1.3047e+008
168,1.208e+008
169,1.0323e+008
170,1.9444e+008
171,4.4573e+007
172,4.5706e+007
173,1.8655e+008
174,1.4102e+008
175,1.3535e+008
176,1.3691e+008
177,1.4608e+008
178,1.2307e+008
179,1.3643e+008
180,1.495e+008
181,1.5882e+008
182,1.6404e+008
183,8.3413
184,5.2481e+007
185,3.1178e+007
186,1.2928e+007
187,2.8029e+006
188,7.0345e+005
189,1.8088e+005
190,40029
191,9403.7
192,1965.6
193,511.23
194,99.432
195,20.673
196,7.2649
197,7.1128
198,6.6288
199,4.9613
200,2.5616
201,5.4775
202,6.6578
203,6.7191
204,18.235
205,83.663
206,349.56
207,1396.5
208,6587.9
209,27547
210,1.0959e+005
211,5.3502e+005
212,2.2667e+006
213,9.9472e+006
214,3.4246e+007
215,5.2678e+007
216,2.0984e+008
217,1.5977e+008
218,2.106e+008
219,2.0963e+008
220,2.1061e+008
221,2.1103e+008
222,2.1102e+008
223,2.1112e+008
224,2.103e+008
225,2.1096e+008
226,2.1213e+008
227,2.1143e+008
228,2.096e+008
229,2.0989e+008
230,2.1137e+008
231,2.1178e+008
232,2.1138e+008
233,2.1027e+008
234,2.1095e+008
235,2.1075e+008
236,2.0887e+008
237,2.0974e+008
238,2.0843e+008
239,2.1136e+008
240,2.1037e+008
241,2.1021e+008
242,2.1177e+008
243,2.1118e+008
244,2.1057e+008
245,2.1026e+008
246,2.1034e+008
247,2.1121e+008
248,2.114e+008
249,2.1144e+008
250,2.0907e+008
251,2.0858e+008
252,2.0936e+008
253,2.0756e+008
254,2.105e+008
255,2.0984e+008
256,2.0836e+008
257,2.0864e+008
258,2.0861e+008
259,2.0902e+008
260,2.0947e+008
261,2.1031e+008
262,2.0752e+008
263,2.092e+008
264,2.0899e+008
265,2.0835e+008
266,2.084e+008
267,2.0881e+008
268,2.1405e+008
269,2.1367e+008
270,2.1078e+008
271,1.1707e+008
272,1.364e+008
273,1.2186e+008
274,2.1026e+008
275,1.9193e+008
276,2.0864e+008
277,2.1172e+008
278,2.1135e+008
279,2.0962e+008
280,2.0958e+008
281,2.1347e+008
282,2.1211e+008
283,2.1128e+008
284,2.0893e+008
285,2.0898e+008
286,2.09e+008
287,2.0909e+008
288,2.1018e+008
289,2.1001e+008
290,2.0994e+008
291,2.0968e+008
292,2.1044e+008
293,2.0904e+008
294,2.1006e+008
295,2.108e+008
296,2.1056e+008
297,2.0983e+008
298,2.1023e+008
299,2.1056e+008
300,2.1016e+008
301,2.0966e+008
302,2.0971e+008
303,2.0996e+008
304,2.1123e+008
305,2.1025e+008
306,2.1113e+008
307,2.1078e+008
308,2.101e+008
309,2.1128e+008
310,2.1104e+008
311,2.1113e+008
312,2.1071e+008
313,2.1127e+008
314,2.1096e+008
315,2.1019e+008
316,2.1234e+008
317,2.1125e+008
318,2.1051e+008
319,2.0835e+008
320,2.1007e+008
321,2.0998e+008
322,2.0896e+008
323,2.0885e+008
324,2.0797e+008
325,2.0904e+008
326,2.0822e+008
327,2.1309e+008
328,2.0603e+008
329,2.0955e+008
330,1.3963e+006
331,2.0931e+008
332,3.9275e+006
333,1.0452e+007
334,2.3483e+007
335,3.562e+007
336,5.149e+007
337,7.1257e+007
338,9.5809e+007
339,1.3137e+008
340,1.7412e+008
341,2.1777e+008
342,2.5257e+008
343,2.5039e+008
344,2.4817e+008
345,2.2022e+008
346,2.1501e+008
347,2.0994e+008
348,1.6923e+008
349,6.2381e+007
350,1.0882e+008
351,2.0978e+006
352,2.7438e+006
353,4.8066e+006
354,7.9352e+006
355,9.4702e+006
356,8.1579e+006
357,5.5559e+006
358,3.1459e+006
359,2.0978e+008
360,2.1907e+008
361,2.1531e+008
362,2.2703e+008
363,2.487e+008
364,2.4989e+008
365,2.4151e+008
366,2.0164e+008
367,1.5581e+008
368,1.1515e+008
369,8.0496e+007
370,6.0551e+007
371,4.1777e+007
372,2.7506e+007
373,1.5839e+007
374,5.7274e+006
375,1.9019e+008
376,6.8676e+007
377,1.0311e+008
378,3.0642e+007
379,2.3547e+007
380,3.0202e+006
381,2.2366e+007
382,3.1935e+007
383,2.0948e+008
384,2.3585e+008
385,2.253e+008
386,2.2887e+008
387,2.039e+008
388,1.6669e+008
389,2.1438e+008
390,2.1059e+008
391,2.1513e+008
392,2.1452e+008
393,2.1152e+008
394,2.0968e+008
395,2.0714e+008
396,2.0797e+008
397,2.0799e+008
398,2.0915e+008
399,2.0943e+008
400,2.0911e+008
401,2.0899e+008
402,2.082e+008
403,2.0753e+008
404,2.093e+008
405,2.0964e+008
406,2.0843e+008
407,2.0831e+008
408,2.0987e+008
409,2.1122e+008
410,2.1021e+008
411,2.1086e+008
412,2.1038e+008
413,2.1103e+008
414,2.1119e+008
415,2.1143e+008
416,2.1038e+008
417,2.1004e+008
418,2.101e+008
419,2.1064e+008
420,2.1041e+008
421,2.1065e+008
422,2.1124e+008
423,2.0936e+008
424,2.0987e+008
425,2.1079e+008
426,2.1002e+008
427,2.1049e+008
428,2.0986e+008
429,2.0969e+008
430,2.1072e+008
431,2.1117e+008
432,2.1132e+008
433,2.1002e+008
434,2.0996e+008
435,2.0966e+008
436,2.1131e+008
437,2.1129e+008
438,2.1037e+008
439,2.1087e+008
440,2.0961e+008
441,2.1042e+008
442,1.8306e+008
443,1.9482e+008
444,2.0878e+008
445,2.0001e+008
446,2.0326e+008
447,2.0528e+008
448,2.0111e+008
449,1.9695e+008
450,2.1326e+008
451,1.8711e+008
452,2.1555e+008
453,1.8788e+008
454,1.1979e+008
455,9.6099e+007
456,2.0951e+008
457,2.0608e+008
458,1.7904e+008
459,1.2403e+008
460,9.2189e+007
461,1.8681e+008
462,2.0345e+008
463,1.3016e+008
464,1.4401e+008
465,1.1534e+008
466,2.1143e+008
467,2.0878e+008
468,2.0916e+008
469,2.0892e+008
470,2.0963e+008
471,2.0927e+008
472,2.1002e+008
473,2.0914e+008
474,2.1015e+008
475,2.0936e+008
476,2.1041e+008
477,2.1148e+008
478,2.0985e+008
479,2.1092e+008
480,2.1018e+008
481,2.1094e+008
482,2.1123e+008
483,2.1024e+008
484,2.1163e+008
485,2.1046e+008
486,2.1058e+008
487,2.1036e+008
488,2.1106e+008
489,2.1062e+008
490,2.1129e+008
491,2.108e+008
492,2.1086e+008
493,2.0943e+008
494,2.083e+008
495,2.1141e+008
496,2.1056e+008
497,2.1015e+008
498,2.096e+008
499,2.0987e+008
500,2.1046e+008
501,2.1014e+008
502,2.0953e+008
503,2.0978e+008
504,2.1025e+008
505,2.0972e+008
506,2.0985e+008
507,2.0911e+008
508,2.0887e+008
509,2.0865e+008
510,2.13e+008
511,2.121e+008
512,2.1228e+008
513,2.1149e+008
514,2.102e+008
515,2.1128e+008
516,2.1326e+008
517,2.1156e+008
518,1.8871e+008
519,1.2461e+008
520,1.3816e+008
521,2.138
522,16.227
523,71.068
524,313.35
525,1589.1
526,6170.5
527,26277
528,1.1929e+005
529,4.8345e+005
530,1.3785e+006
531,5.2189e+006
532,1.7299e+007
533,3.7817e+007
534,7.9149e+007
535,1.1338e+008
536,1.4484e+008
537,1.6644e+008
538,2.5328
539,1.621e+008
540,1.3077e+008
541,9.1964e+007
542,5.6426e+007
543,2.5415e+007
544,1.0266e+007
545,3.5498e+006
546,7.8729e+005
547,1.8624e+005
548,41298
549,11220
550,2222.2
551,524.36
552,122.29
553,22.43
554,2.3676e+007
555,1.7971e+007
556,6.927e+006
557,2.1143e+006
558,5.2679e+005
559,174.3
560,142.78
561,92.352
562,29.999
563,6.0747
564,1.3624e+008
565,1.5993e+008
566,1.7233e+008
567,1.7481e+008
568,1.9354e+008
569,1.8154e+008
570,1.889e+008
571,1.9904e+008
572,1.7835e+008
573,1.7103e+008
574,1.4297e+008
575,1.5518
576,1.6434
577,1.4564
578,1.8243
579,1.3505
580,1.2424
581,1.8848
582,2.1038e+008
583,1.9099e+008
584,1.4958e+008
585,1.1065e+008
586,7.3125e+007
587,4.4581e+007
588,5.7193e+007
589,7.3011e+007
590,1.0179e+008
591,1.0483e+008
592,9.2108e+007
593,9.2896e+007
594,1.0552e+008
595,9.8723e+007
596,7.6552e+007
597,5.1625e+007
598,4.4737e+007
599,6.8963e+007
600,1.0911e+008
601,1.5189e+008
602,1.9006e+008
603,2.103e+008
604,1.186e+008
605,1.2954e+008
606,1.3245e+008
607,1.5136e+008
608,1.8641e+008
609,1.5367e+008
610,1.6592e+008
611,1.9542e+008
612,1.5508e+008
613,1.7459e+008
614,1.8998e+008
615,2.0534e+008
616,1.8098e+008
617,2.0067e+008
618,2.0861e+008
619,2.0856e+008
620,2.1082e+008
621,2.1336e+008
622,2.1281e+008
623,2.1011e+008
624,2.1023e+008
625,2.1222e+008
626,2.1046e+008
627,2.1018e+008
628,2.1101e+008
629,2.1028e+008
630,2.1033e+008
631,2.093e+008
632,2.1048e+008
633,2.0983e+008
634,2.0967e+008
635,2.0997e+008
636,2.1035e+008
637,1.1005e+008
638,2.096e+008
639,2.0753e+008
640,1.1257e+008
641,1.0982e+008
642,1.1399e+008
643,2.1725e+008
644,1.9709e+008
645,2.1328e+008
646,2.0742e+008
647,1.094e+008
648,2.0657e+008
649,2.1852e+008
650,1.7122e+008
651,1.1169e+008
652,1.4333e+008
653,1.1561e+008
654,1.1505e+008
655,1.1065e+008
656,1.1263e+008
657,1.1265e+008
658,1.0774e+008
659,2.0933e+008
660,2.0825e+008
661,2.0705e+008
662,2.1993e+008
663,1.0984e+008
664,1.0145e+008
665,1.0079e+008
666,9.8365e+007
667,1.8437e+008
668,1.4056e+008
669,1.1158e+008
670,1.0772e+008
671,1.138e+008
672,1.0659e+008
673,9.7691e+007
674,8.7558e+007
675,8.8539e+007
676,8.7395e+007
677,9.102e+007
678,9.48e+007
679,9.4473e+007
680,9.7851e+007
681,1.183e+008
682,1.1683e+008
683,1.0245e+008
684,9.0133e+007
685,8.7011e+007
686,1.1185e+008
687,1.3461e+008
688,1.4042e+008
689,1.1256e+008
690,1.2705e+008
691,9.9018e+007
692,9.1172e+007
693,9.532e+007
694,1.0202e+008
695,7.5448e+007
696,8.713e+007
697,1.3855e+008
698,1.0771e+008
699,1.2592e+008
700,1.0578e+008
701,1.5267e+008
702,1.4913e+008
703,1.448e+008
704,1.3907e+008
705,1.1341e+008
706,9.5832e+007
707,1.0064e+008
708,9.9666e+007
709,1.1146e+008
710,1.2989e+008
711,8.5269e+007
712,9.0996e+007
713,1.1782e+008
714,1.2054e+008
715,1.2189e+008
716,1.0544e+008
717,1.1132e+008
718,1.3708e+008
719,1.4128e+008
720,1.8806e+008
721,1.2128e+008
722,1.022e+008
723,1.2655e+008
724,1.0844e+008
725,1.3255e+008
726,1.3919e+008
727,1.2915e+008
728,1.0597e+008
729,2.0816e+008
730,2.0875e+008
731,2.1104e+008
732,2.1137e+008
733,2.0904e+008
734,2.0774e+008
735,2.1231e+008
736,2.1263e+008
737,2.1261e+008
738,2.0994e+008
739,2.0922e+008
740,2.1295e+008
741,2.1246e+008
742,2.1294e+008
743,2.1325e+008
744,2.0963e+008
745,2.1162e+008
746,2.1089e+008
747,2.0946e+008
748,2.1138e+008
749,2.1252e+008
750,2.1142e+008
751,2.11e+008
752,2.1188e+008
753,2.1469e+008
754,2.1454e+008
755,2.1428e+008
756,2.1289e+008
757,2.1349e+008
758,2.1134e+008
759,2.1502e+008
760,2.1507e+008
761,2.1146e+008
762,2.1166e+008
763,2.1125e+008
764,2.1124e+008
765,2.1116e+008
766,2.1083e+008
767,2.1195e+008
768,2.1323e+008
769,2.1144e+008
770,2.1173e+008
771,2.1056e+008
772,2.0673e+008
773,2.1328e+008
774,2.106e+008
775,2.0552e+008
776,2.1363e+008
777,2.1291e+008
778,2.1314e+008
779,2.1341e+008
780,2.091e+008
781,2.1099e+008
782,2.0988e+008
783,2.1449e+008
784,2.1457e+008
785,2.109e+008
786,2.1232e+008
787,2.1152e+008
788,2.126e+008
789,2.094e+008
790,2.1183e+008
791,2.0933e+008
792,2.123e+008
793,2.1087e+008
794,2.1379e+008
795,2.148e+008
796,2.1249e+008
797,2.106e+008
798,2.1261e+008
799,2.1322e+008
800,2.0916e+008
801,2.1071e+008
802,2.1267e+008
803,2.112e+008
804,2.1257e+008
805,2.0814e+008
806,2.1217e+008
807,2.1206e+008
808,2.1599e+008
809,2.0882e+008
810,2.1204e+008
811,2.1058e+008
812,2.0975e+008
813,2.1017e+008
814,2.0975e+008
815,2.0972e+008
816,2.0725e+008
817,2.074e+008
818,2.0887e+008
819,2.0954e+008
820,2.0896e+008
821,2.0875e+008
822,2.1067e+008
823,2.0873e+008
824,2.1023e+008
825,2.0962e+008
826,2.1054e+008
827,2.0713e+008
828,2.0977e+008
829,2.0743e+008
830,2.0756e+008
831,2.0765e+008
832,2.0752e+008
833,2.1092e+008
834,2.0849e+008
835,2.0832e+008
836,2.0555e+008
837,2.07e+008
838,2.0547e+008
839,2.0694e+008
840,2.0961e+008
841,2.0724e+008
842,2.106e+008
843,2.0733e+008
844,2.1536e+008
845,2.1609e+008
846,2.1614e+008
847,2.2141e+008
848,2.0969e+008
849,2.0376e+008
850,2.096e+008
851,2.1097e+008
852,2.1196e+008
853,2.0914e+008
854,2.1053e+008
855,2.1049e+008
856,2.0625e+008
857,2.1056e+008
858,2.0958e+008
859,2.1301e+008
860,2.1093e+008
861,2.1124e+008
862,2.1148e+008
863,2.0982e+008
864,2.1241e+008
865,2.1167e+008
866,2.1273e+008
867,2.151e+008
868,2.1338e+008
869,2.0855e+008
870,2.1374e+008
871,2.0992e+008
872,2.1397e+008
873,2.1405e+008
874,2.1093e+008
875,2.1228e+008
876,2.1267e+008
877,2.1115e+008
878,2.1027e+008
879,2.1035e+008
880,2.1279e+008
881,2.1291e+008
882,2.1246e+008
883,2.1227e+008
884,2.1227e+008
885,2.1388e+008
886,2.135e+008
887,2.0961e+008
888,2.1222e+008
889,2.12e+008
890,2.1224e+008
891,2.1196e+008
892,2.1083e+008
893,2.1023e+008
894,2.1138e+008
895,2.1332e+008
896,2.1129e+008
897,2.1367e+008
898,2.1337e+008
899,2.0959e+008
900,2.1227e+008
901,2.1152e+008
902,2.0848e+008
903,2.126e+008
904,2.0953e+008
905,2.124e+008
906,2.0987e+008
907,2.1057e+008
908,2.1075e+008
909,2.1086e+008
910,2.0816e+008
911,2.1135e+008
912,2.1141e+008
913,2.1126e+008
914,2.1131e+008
915,2.0489e+008
916,2.1134e+008
917,2.0549e+008
918,2.1142e+008
919,2.1553e+008
920,2.1323e+008
921,2.1041e+008
922,2.0917e+008
923,2.1271e+008
924,2.1508e+008
925,2.1061e+008
926,2.106e+008
927,2.1001e+008
928,2.0916e+008
929,2.1082e+008
930,2.0584e+008
931,2.0906e+008
932,2.1243e+008
933,2.1026e+008
934,2.1206e+008
935,2.0816e+008
936,2.1153e+008
937,2.0873e+008
938,2.113e+008
939,2.0786e+008
940,2.11e+008
941,2.1203e+008
942,2.0931e+008
943,2.0802e+008
944,2.0994e+008
945,2.058e+008
946,2.1055e+008
947,2.0903e+008
948,2.0495e+008
949,2.0906e+008
950,2.0573e+008
951,2.0948e+008
952,2.0605e+008
953,2.0912e+008
954,2.0807e+008
955,2.0881e+008
956,2.0742e+008
957,2.0828e+008
958,2.0813e+008
959,2.0719e+008
960,2.0664e+008
961,2.0694e+008
962,2.0491e+008
963,2.0732e+008
964,2.0924e+008
965,2.2181e+008
966,2.1432e+008
967,2.0481e+008
968,2.1403e+008
969,7.4583e+007
970,8.0909e+007
971,1.0674e+008
972,1.2356e+008
973,2.2686e+007
974,2.0732e+008
975,1.8558e+008
976,1.8383e+008
977,1.6894e+008
978,1.7312e+008
979,1.6004e+008
980,1.7229e+008
981,1.8257e+008
982,1.8079e+008
983,1.7826e+008
984,1.7321e+008
985,1.8751e+008
986,1.7327e+008
987,1.8041e+008
988,1.723e+008
989,1.7483e+008
990,1.4951e+008
991,1.7214e+008
992,1.5275e+008
993,1.368e+008
994,1.2183e+008
995,1.7664e+008
996,1.4665e+008
997,1.613e+008
998,1.2864e+008
999,1.6431e+008
1000,1.787e+008
1001,1.7603e+008
1002,1.7971e+008
1003,1.8601e+008
1004,1.6729e+008
1005,1.6373e+008
1006,1.707e+008
1007,1.4936e+008
1008,1.5949e+008
1009,1.6643e+008
1010,1.6442e+008
1011,1.5894e+008
1012,1.7767e+008
1013,1.7343e+008
1014,1.3793e+008
1015,1.4268e+008
1016,1.2079e+008
1017,1.3379e+008
1018,1.918e+008
1019,1.7155e+008
1020,2.0332e+008
1021,1.7267e+008
1022,1.7454e+008
1023,1.6971e+008
1024,1.7432e+008
1025,1.8154e+008
1026,1.7732e+008
1027,1.7858e+008
1028,1.7619e+008
1029,2.2784e+007
1030,9979.9
1031,3.2632e+007
1032,3.004e+007
1033,368.77
1034,3.9545e+005
1035,507.03
1036,3.9346e+005
1037,3.7717e+007
1038,4.1322e+007
1039,1415.5
1040,24.864
1041,5.6398e+006
1042,68488
1043,40.849
1044,5.4439e+006
1045,7563.1
1046,35499
1047,2.8996e+007
1048,7.5682e+007
1049,3.5196e+007
1050,2818.1
1051,2780.9
1052,1.1751e+005
1053,7.6715e+007
1054,5.7271e+007
1055,5.317e+007
1056,166.96
1057,3.5942e+007
1058,3288.3
1059,245.05
1060,1.0344e+007
1061,5.1353e+006
1062,41986
1063,803.69
1064,7.738e+005
1065,9.1354
1066,10.21
1067,9744.6
1068,4.3902e+007
1069,4.6919e+005
1070,7.3784e+007
1071,3.664e+007
1072,2.8364e+007
1073,3.3509e+007
1074,1.0055e+005
1075,4.739e+007
1076,2.7135e+007
1077,99.845
1078,1.1479e+007
1079,31.488
1080,27.266
1081,2.7844e+007
1082,1.1401e+005
1083,156.94
1084,5.4568e+007
1085,527.28
1086,2.9067e+007
1087,2.3666e+005
1088,1.2587e+007
1089,2.8914e+007
1090,3.0299e+007
1091,1.1369e+005
1092,8.2446e+007
1093,8.7912e+005
1094,1.8366e+007
1095,9.744e+007
1096,182.44
1097,2.713e+007
1098,4.2638e+007
1099,4.3885e+007
1100,2.6567e+007
1101,1.7548e+006
1102,33693
1103,1.0583e+008
1104,748.33
1105,3.9773e+007
1106,4.5117e+007
1107,9.3965e+007
1108,34679
1109,1.2459e+005
1110,1661.6
1111,2.9931e+007
1112,1.0745e+005
1113,8333.2
1114,1120.1
1115,326.44
1116,2.664
1117,817.87
1118,9.0157e+007
1119,703.51
1120,26619
1121,3.4296e+006
1122,1.3366e+007
1123,8.6501e+006
1124,3.8997e+007
1125,72.227
1126,2.6614e+005
1127,2.3642e+005
1128,8.7681e+005
1129,12.492
1130,13.492
1131,3.4233e+006
1132,4.9162
1133,9999.5
1134,9.7856e+007
1135,28972
1136,7.0076e+007
1137,5.6739e+007
1138,3.258e+006
1139,6.9822
1140,5.3912e+007
1141,5.5928e+007
1142,2.2245e+006
1143,11.972
1144,13.082
1145,4.2785e+007
1146,51.972
1147,1.4777e+006
1148,88535
1149,2106.
1150,45.355
1151,1.2396e+007
1152,3.6584e+007
1153,89.495
1154,407.94
1155,4039.9
1156,1.5244e+007
1157,3242.6
1158,3.8084e+007
1159,100.49
1160,8.6109e+007
1161,5.1479e+007
1162,12116
1163,2.3774
1164,9.6767e+006
1165,3.3629e+007
1166,2.7399e+005
1167,187.85
1168,3.103e+005
1169,1590.8
1170,2.3012e+007
1171,7.2946e+007
1172,6.6432e+005
1173,108.63
1174,3.5005e+007
1175,2.3533e+007
1176,14.234
1177,14.986
1178,325.52
1179,1.1322e+006
1180,6.8576e+007
1181,2.14e+005
1182,1.7166e+005
1183,5.894e+007
1184,53.791
1185,7.4628e+007
1186,2.5518e+008
1187,2.4325e+008
1188,4.0574e+007
1189,3.8352e+007
1190,1.5668e+008
1191,1.5999e+008
1192,2.2714e+008
1193,2.3208e+008
1194,4.0967e+007
1195,9.7733e+006
1196,1.3413e+007
1197,2.4844e+008
1198,2.2855e+008
1199,7.781e+007
1200,2.4761e+008
1201,7.6966e+007
1202,2.5284e+008
1203,2.0248e+008
1204,2.0359e+008
1205,9.8759e+006
1206,2.8764e+007
1207,2.6534e+007
1208,6.7707e+007
1209,2.1081e+008
1210,2.1093e+008
1211,1.0066e+008
1212,3.3186e+007
1213,5.5707e+007
1214,2.4098e+008
1215,2.2448e+008
1216,5.3407e+007
1217,2.442e+008
1218,3.2441e+007
1219,2.171e+008
1220,2.434e+008
1221,1.0115e+007
1222,7.715e+007
1223,2.3895e+008
1224,9.5392e+007
1225,1.8622e+008
1226,1.0152e+007
1227,1.0335e+008
1228,2.4518e+008
1229,2.3307e+008
1230,2.6293e+008
1231,2.3729e+008
1232,2.388e+008
1233,2.1205e+007
1234,2.2772e+007
1235,3.7899e+007
1236,2.5697e+008
1237,7.5602e+007
1238,2.4324e+008
1239,2.1023e+008
1240,2.1374e+008
1241,2.5759e+008
1242,2.118e+008
1243,2.1351e+008
1244,2.0591e+008
1245,2.432e+008
1246,9.7818e+007
1247,2.5604e+008
1248,1.0252e+007
1249,1.0876e+008
1250,1.724e+007
1251,2.3853e+008
1252,1.9595e+008
1253,2.008e+008
1254,5.307e+006
1255,2.7792e+007
1256,4.1447e+007
1257,8.015e+006
1258,1.902e+007
1259,2.204e+008
1260,2.2634e+008
1261,5.0519e+007
1262,1.315e+008
1263,9.0573e+007
1264,5.7885e+007
1265,2.0998e+008
1266,2.2306e+008
1267,2.0526e+008
1268,2.3603e+008
1269,3.0096e+007
1270,1.8483e+007
1271,1.0028e+008
1272,4.2911e+007
1273,2.1405e+008
1274,2.0892e+008
1275,7.561e+006
1276,5.5312e+007
1277,2.1034e+008
1278,2.1135e+008
1279,2.1143e+008
1280,1.4036e+008
1281,1.0402e+007
1282,8.7998e+007
1283,2.3021e+008
1284,4.2958e+006
1285,2.4009e+008
1286,3.1286e+007
1287,2.0098e+008
1288,2.1467e+008
1289,2.368e+008
1290,2.3767e+008
1291,2.5529e+008
1292,3.1375e+007
1293,2.2518e+008
1294,1.7373e+008
1295,2.4238e+008
1296,2.108e+008
1297,9.9272e+006
1298,2.1084e+008
1299,2.1095e+008
1300,1.5909e+007
1301,1.8803e+008
1302,9.8717e+007
1303,2.3294e+008
1304,2.1739e+008
1305,2.7238e+008
1306,9.3417e+006
1307,7.46e+006
1308,9.1236e+006
1309,2.3159e+008
1310,8.9698e+007
1311,2.0907e+008
1312,2.4382e+008
1313,2.1042e+008
1314,2.11e+008
1315,9.4655e+006
1316,1.0671e+008
1317,2.098e+008
1318,3.2659e+007
1319,2.0848e+008
1320,2.1121e+008
1321,2.2578e+008
1322,2.3857e+008
1323,2.1433e+007
1324,2.3595e+008
1325,1.8661e+008
1326,2.7742e+007
1327,2.3191e+008
1328,3.1933e+007
1329,1.2704e+008
1330,1.6747e+007
1331,1.3164e+008
1332,2.0505e+008
1333,2.0874e+008
1334,5.1453e+007
1335,2.7621e+008
1336,7.8769e+007
1337,6.1488e+007
1338,2.4536e+008
1339,2.2681e+008
1340,2.1021e+008
1341,1.3319e+007
1342,1.3469e+008
1343,2.2096e+008
1344,2.7355e+007
1345,2.3743e+007
1346,2.0631e+007
1347,12590
1348,7.7421e+007
1349,8.7828e+007
1350,9.8425e+007
1351,1.3139e+008
1352,1.4253e+008
1353,1.318e+008
1354,1.3082e+008
1355,1.4782e+008
1356,530.69
1357,2.3343e+005
1358,241.25
1359,1.3253e+008
1360,4.1153e+005
1361,1.5722e+008
1362,9.374e+007
1363,5.5523e+007
1364,5.6336e+007
1365,1250.
1366,1.3582e+008
1367,1.2906e+008
1368,17.535
1369,81206
1370,5.136e+006
1371,48.745
1372,3.7465e+006
1373,26282
1374,5612.1
1375,4.1273e+007
1376,1.4257e+008
1377,1.5284e+008
1378,1.6179e+008
1379,1.5654e+008
1380,1.4924e+008
1381,1.6603e+008
1382,2.9532e+007
1383,5.6311e+007
1384,2.0238e+008
1385,2.0261e+008
1386,1221.8
1387,1.2731e+008
1388,1.9894e+008
1389,3.9415e+007
1390,74800
1391,8.2465e+007
1392,1.8001e+008
1393,1.492e+008
1394,1.4783e+008
1395,1.8078e+008
1396,1.7472e+008
1397,7.6686e+007
1398,1.6207e+008
1399,1.9226e+008
1400,1.0892e+007
1401,134.59
1402,1.8453e+008
1403,2.0317e+008
1404,1.8736e+008
1405,1.8586e+008
1406,3754.8
1407,423.3
1408,4.69e+007
1409,1.7039e+008
1410,1.7501e+008
1411,1.9238e+008
1412,16813
1413,3.7964e+006
1414,1.7236e+008
1415,9.7248e+007
1416,1.386e+008
1417,6.0588e+005
1418,1.6232e+008
1419,8.6913e+006
1420,1.8695e+008
1421,6.3309
1422,5.7352
1423,1.4062e+008
1424,2.6734e+007
1425,1.4423e+008
1426,1.5156e+008
1427,1.5028e+008
1428,6.1953
1429,6.9298e+005
1430,8.7794e+006
1431,416.49
1432,2.0196e+008
1433,1.6837e+008
1434,1.6953e+008
1435,1.5984e+007
1436,2027.
1437,16982
1438,1.7959e+008
1439,9.1577e+007
1440,2.8482e+007
1441,56810
1442,2.0405e+008
1443,1.8957e+008
1444,1.744e+008
1445,1.2357e+006
1446,1.8363e+008
1447,1.4941e+008
1448,2.0293e+008
1449,1.8651e+008
1450,78635
1451,1.4549e+008
1452,1.8965e+008
1453,1.274e+005
1454,1.8873e+008
1455,1.3771e+007
1456,2.3178e+005
1457,21.612
1458,112.48
1459,7.6267e+007
1460,1.5008e+008
1461,4.8052e+007
1462,1.8553e+008
1463,1.5572e+008
1464,1.6883e+008
1465,1.8832e+008
1466,2.9545e+007
1467,1.7925e+008
1468,8.4978e+007
1469,1.7397e+007
1470,2.0619e+008
1471,246.4
1472,5104.6
1473,1.4421e+006
1474,1.9706e+005
1475,3.1412e+007
1476,1.2909e+008
1477,1.6748e+008
1478,47.698
1479,4.7176e+007
1480,1.8431e+008
1481,2.118e+008
1482,3171.1
1483,1.9481e+008
1484,1.8038e+008
1485,1.7967e+008
1486,19115
1487,68524
1488,9.5551e+007
1489,1.6292e+008
1490,1.2098e+008
1491,1179.8
1492,4.8067e+006
1493,8.3307e+006
1494,6.5302e+007
1495,1.8643e+008
1496,1.8678e+008
1497,1.3977e+008
1498,1.5942e+008
1499,1.6758e+008
1500,826.68
1501,1.0885e+005
1502,1.8663e+008
1503,1.2968e+008
1504,2.2493
1505,2.6074e+007
1506,4.7658e+007
1507,1.8318e+008
1508,1.9265e+008
1509,6374.8
1510,1.8474e+008
1511,1.3817e+008
1512,8.9651e+007
1513,1.34e+008
1514,33.671
1515,638.89
1516,3.3483e+005
1517,24572
1518,256.04
1519,1.5456e+007
1520,69.314
1521,1.2688e+008
1522,1.8909e+008
1523,3.4823e+005
1524,5.4756e+005
1525,3.5389e+006
1526,4.3844
1527,4.7815e+007
1528,7.0004e+007
1529,1.8839e+008
1530,2.8951e+007
1531,1.0579e+008
1532,161.42
1533,1.7963e+008
1534,1.3439e+008
1535,1.9425e+008
1536,1.9397e+008
1537,1.8939e+008
1538,2.0796e+008
1539,7.8509e+007
1540,1.0952e+008
1541,1.0383e+008
1542,5.8121
1543,1.7045e+008
1544,1.7817e+008
1545,2.0276e+006
1546,2.0071e+008
1547,1.2699e+008
1548,138.09
1549,9.3172e+007
1550,1.9089e+006
1551,9.815e+007
1552,4635.9
1553,1.4395e+008
1554,1282.
1555,1.1006e+008
1556,1.0329e+008
1557,1.8404e+008
1558,72.304
1559,16.48
1560,3.1459e+007
1561,2.0103e+008
1562,1.629e+008
1563,43364
1564,1.6535e+006
1565,2567.5
1566,1.371e+008
1567,7.7509
1568,7.8395
1569,2.0988e+008
1570,1.2788e+008
1571,1.4048e+008
1572,27.372
1573,8.3408e+006
1574,1.4306e+008
1575,79.991
1576,1.9951e+008
1577,1.9844e+008
1578,1.8394e+008
1579,15.789
1580,1.5968e+008
1581,1.2961e+007
1582,391.88
1583,11.811
1584,1.2971e+005
1585,2.29
1586,9.3565e+007
1587,7.1341e+007
1588,3.9542e+007
1589,2.14e+005
1590,2.0886e+008
1591,2.0283e+008
1592,5.0924e+006
1593,5.0902e+007
1594,302.58
1595,1.3629e+008
1596,916.17
1597,42498
1598,2.1622e+008
1599,6.7971e+007
1600,8.2244e+005
1601,1.5687e+008
1602,2.064e+008
1603,8.226e+007
1604,1.9193e+008
1605,10137
1606,2.0115e+008
1607,2.0815e+008
1608,2.0622e+008
1609,2.0669e+008
1610,1.1845e+008
1611,1.9491e+008
1612,1.9755e+008
1613,29378
1614,5.3679e+007
1615,6.5087e+007
1616,1.4683e+008
1617,13.224
1618,1.9461e+008
1619,2.5583e+007
1620,4.9834e+007
1621,2.0723e+008
1622,2.096e+008
1623,157.5
1624,3.2427e+005
1625,1.7445e+008
1626,1.7333e+008
1627,1.8613e+008
1628,2.0662e+008
1629,2.0071e+008
1630,2.3823e+007
1631,1.7016e+008
1632,8.6993e+007
1633,21.462
1634,1.91e+008
1635,2.4143e+008
1636,2.3975e+008
1637,6.762e+007
1638,2.3668e+008
1639,2.2796e+008
1640,2.2747e+008
1641,2.1925e+008
1642,1.3582e+008
1643,2.147e+008
1644,3.7826e+007
1645,2.1626e+008
1646,4.1728e+007
1647,1.6202e+008
1648,2.0999e+008
1649,2.2205e+008
1650,2.101e+008
1651,2.295e+008
1652,2.2995e+008
1653,3.865e+007
1654,2.0953e+008
1655,2.2969e+008
1656,1.0739e+007
1657,2.1686e+008
1658,2.5757e+008
1659,1.2879e+007
1660,2.1603e+008
1661,2.4288e+008
1662,2.5827e+008
1663,7.6669e+007
1664,6.7136e+007
1665,2.1023e+008
1666,2.158e+008
1667,2.1601e+008
1668,2.5373e+008
1669,2.1337e+008
1670,2.1012e+008
1671,2.1877e+008
1672,2.1037e+008
1673,2.103e+008
1674,9.415e+006
1675,2.1023e+008
1676,2.1233e+008
1677,2.8573e+007
1678,2.7225e+007
1679,2.2911e+008
1680,2.4055e+008
1681,2.2539e+008
1682,2.2277e+008
1683,2.102e+008
1684,2.1244e+008
1685,2.2421e+008
1686,2.1689e+008
1687,2.1022e+008
1688,2.2881e+008
1689,2.1668e+008
1690,3.3195e+007
1691,4.8793e+007
1692,2.1521e+008
1693,1.6205e+008
1694,5.847e+007
1695,6.7068e+007
1696,2.103e+008
1697,2.1356e+008
1698,2.523e+008
1699,3.3873e+007
1700,2.0422e+008
1701,9.6403e+006
1702,2.1355e+008
1703,2.1017e+008
1704,1.0679e+008
1705,8.4324e+007
1706,1.9464e+008
1707,8.3427e+007
1708,2.1017e+008
1709,1.7626e+008
1710,2.1452e+008
1711,9.8127e+006
1712,2.2001e+008
1713,2.5399e+008
1714,2.1022e+008
1715,2.1263e+008
1716,2.2894e+008
1717,1.1183e+008
1718,2.1368e+008
1719,2.3428e+008
1720,2.1609e+007
1721,2.1035e+008
1722,2.102e+008
1723,2.1299e+008
1724,2.1647e+008
1725,2.2571e+008
1726,2.0668e+008
1727,8.1665e+007
1728,2.1461e+008
1729,2.3214e+008
1730,2.2115e+008
1731,2.2038e+008
1732,2.1557e+008
1733,2.3383e+008
1734,2.1131e+008
1735,9.4747e+007
1736,2.151e+008
1737,2.1048e+008
1738,2.1014e+008
1739,1.7562e+007
1740,2.1042e+008
1741,9.8378e+006
1742,2.1045e+008
1743,2.1159e+008
1744,9.6358e+007
1745,5.6169e+006
1746,2.0977e+008
1747,2.1043e+008
1748,2.1769e+007
1749,2.6885e+007
1750,1.9753e+007
1751,8.4177e+006
1752,2.1409e+008
1753,2.1007e+008
1754,2.0427e+008
1755,2.1585e+008
1756,2.1033e+008
1757,2.1921e+008
1758,8.3398e+007
1759,2.2058e+008
1760,5.6996e+007
1761,1.9674e+008
1762,1.9997e+008
1763,2.1043e+008
1764,2.1019e+008
1765,2.4813e+008
1766,2.1051e+008
1767,2.1009e+008
1768,2.3074e+008
1769,5.4912e+007
1770,2.4334e+008
1771,2.1069e+008
1772,2.1019e+008
1773,1.9796e+008
1774,2.1164e+008
1775,2.3216e+008
1776,2.4639e+008
1777,2.1282e+008
1778,4.8726e+007
1779,2.2562e+007
1780,2.1029e+008
1781,2.1044e+008
1782,2.1017e+008
1783,2.2211e+008
1784,2.0117e+008
1785,3.396e+007
1786,2.0402e+008
1787,2.1368e+008
1788,2.273e+008
1789,2.1607e+008
1790,6.9045e+006
1791,2.1047e+008
1792,2.095e+008
1793,2.5924e+008
1794,2.0869e+008
1795,2.1546e+008
1796,9.5112e+007
1797,6.2133e+006
1798,2.1227e+008
1799,2.1026e+008
1800,2.103e+008
1801,1.7271e+008
1802,1.1649e+008
1803,2.1018e+008
1804,8.4708e+007
1805,2.1619e+008
1806,2.0215e+008
1807,2.1435e+008
1808,9.9209e+006
1809,1.5378e+008
1810,5.2385e+007
1811,2.1022e+008
1812,2.1026e+008
1813,2.3195e+008
1814,1.9628e+008
1815,2.1048e+008
1816,2.1029e+008
1817,2.4025e+008
1818,2.3826e+008
1819,2.3357e+008
1820,2.1079e+008
1821,2.1165e+008
1822,1.9809e+008
1823,3.9833e+007
1824,2.3076e+008
1825,2.6217e+008
1826,2.1003e+008
1827,2.1499e+008
1828,2.1274e+008
1829,3.7052e+007
1830,2.4546e+008
1831,2.223e+008
1832,1.243e+007
1833,2.0792e+008
1834,2.2251e+008
1835,2.1755e+008
1836,2.1044e+008
1837,2.104e+008
1838,9.6445e+007
1839,9.594e+006
1840,2.1458e+008
1841,2.0821e+008
1842,2.0514e+008
1843,6.2729e+006
1844,2.1162e+008
1845,2.1861e+008
1846,2.3035e+008
1847,2.1014e+008
1848,9.5779e+007
1849,2.1587e+008
1850,2.1628e+008
1851,2.1016e+008
1852,2.2424e+008
1853,2.104e+008
1854,2.467e+008
1855,2.5936e+008
1856,2.1051e+008
1857,2.1019e+008
1858,2.1042e+008
1859,2.3263e+008
1860,2.2512e+008
1861,1.7161e+008
1862,2.1014e+008
1863,9.6579e+006
1864,2.0926e+008
1865,1.263e+007
1866,2.2167e+008
1867,2.1068e+008
1868,2.2746e+008
1869,2.103e+008
1870,2.1046e+008
1871,3.1482e+007
1872,2.1024e+008
1873,2.104e+008
1874,2.1401e+008
1875,2.0642e+008
1876,1.914e+008
1877,2.1049e+008
1878,2.12e+008
1879,2.3937e+008
1880,2.1018e+008
1881,3.2536e+007
1882,4.2944e+007
1883,8.9918e+006
1884,2.9135e+007
1885,1.159e+008
1886,2.3954e+008
1887,3.0464e+007
1888,2.1072e+008
1889,2.1069e+008
1890,2.1022e+008
1891,1.8586e+007
1892,2.2542e+008
1893,2.1656e+008
1894,2.2799e+008
1895,2.0996e+008
1896,2.1061e+008
1897,2.0904e+008
1898,2.6459e+008
1899,2.1094e+008
1900,1.8688e+008
1901,2.1604e+008
1902,2.3069e+008
1903,1.2062e+008
1904,2.1465e+008
1905,2.0968e+008
1906,2.1071e+008
1907,3.0869e+007
1908,2.1186e+008
1909,2.3192e+008
1910,1.6348e+007
1911,2.1009e+008
1912,1.2607e+008
1913,2.2021e+008
1914,2.2012e+008
1915,8.9412e+007
1916,2.6389e+008
1917,5.2259e+007
1918,2.1367e+008
1919,2.1067e+008
1920,2.3917e+008
1921,2.1026e+008
1922,2.5945e+008
1923,2.1006e+008
1924,2.4278e+008
1925,2.1266e+008
1926,2.104e+008
1927,4.103e+007
1928,1.1789e+008
1929,1.7758e+008
1930,1.464e+008
1931,1.2847e+008
1932,1.1978e+008
1933,1.8159e+008
1934,1.8286e+008
1935,9.3033e+007
1936,9.8894e+007
1937,1.1847e+008
1938,1.7762e+008
1939,1.7353e+008
1940,1.3338e+008
1941,1.202e+008
1942,1.8247e+008
1943,1.8381e+008
1944,1.3165e+008
1945,9.1276e+007
1946,1.117e+008
1947,8.4494e+007
1948,1.6554e+008
1949,1.5464e+008
1950,1.7562e+008
1951,3.8261e+007
1952,7.8645e+007
1953,1.3557e+008
1954,7.1227e+007
1955,9.164e+007
1956,1.6549e+008
1957,1.4956e+008
1958,1.7912e+008
1959,4.5581e+007
1960,7.9119e+007
1961,1.3648e+008
1962,7.2872e+007
1963,9.2329e+007
1964,6.0241e+007
1965,8.8471e+007
1966,1.5188e+008
1967,1.2137e+008
1968,1.0679e+008
1969,1.1959e+008
1970,7.164e+007
1971,1.0774e+008
1972,1.5927e+008
1973,3.794e+007
1974,4.6524e+007
1975,1.2533e+008
1976,1.2445e+008
1977,1.3981e+008
1978,2.4208e+007
1979,7.1163e+007
1980,7.3056e+007
1981,1.9212e+008
1982,1.7968e+008
1983,8.3885e+007
1984,1.1857e+008
1985,1.3979e+008
1986,1.2711e+008
1987,7.4835e+007
1988,9.3332e+007
1989,1.1982e+008
1990,7.1808e+007
1991,1.0238e+008
1992,1.3502e+008
1993,3.6883e+007
1994,1.3104e+008
1995,1.3745e+008
1996,1.2419e+008
1997,5.4596e+007
1998,1.3572e+008
1999,4.3498e+007
2000,4.0991e+007
2001,8.1721e+007
2002,1.0196e+008
2003,4.8938e+007
2004,3.7029e+007
2005,1.4131e+008
2006,6.9212e+007
2007,4.3233e+007
2008,1.3994e+008
2009,6.799e+007
2010,4.9126e+007
2011,1.2645e+008
2012,1.3573e+008
2013,9.1593e+007
2014,6.7639e+007
2015,1.0572e+008
2016,7.1202e+007
2017,4.5584e+007
2018,6.2914e+007
2019,9.0455e+007
2020,1.1738e+008
2021,5.7505e+007
2022,7.9358e+007
2023,4.3358e+007
2024,7.7313e+007
2025,2.0848e+008
2026,2.0609e+008
2027,1.0892e+008
2028,7.6625e+007
2029,5.7482e+007
2030,5.0699e+007
2031,6.3351e+007
2032,1.2925e+008
2033,3.7635e+006
2034,1.0955e+008
2035,3.2378e+007
2036,6.6301e+007
2037,5.8579e+007
2038,1.6251e+008
2039,1.9751e+008
2040,2.0992e+008
2041,2.3998e+007
2042,1.6092e+008
2043,1.4665e+008
2044,2.0973e+008
2045,1.4125e+008
2046,1.8906e+008
2047,5.5494e+007
2048,1.4961e+008
2049,1.2568e+008
2050,6.2231e+007
2051,2.0059e+008
2052,8.5317e+007
2053,9.1356e+007
2054,2.0701e+008
2055,1.9762e+007
2056,1.1323e+008
2057,5.2957e+007
2058,8.3731e+006
2059,3.2991e+007
2060,1.3948e+008
2061,1.8407e+008
2062,2.1446e+008
2063,6.9002e+007
2064,6.4231e+007
2065,2.0903e+008
2066,6.5467e+007
2067,8.4003e+007
2068,2.0884e+008
2069,1.3351e+008
2070,2.3551e+007
2071,2.0918e+008
2072,2.0371e+008
2073,1.1207e+008
2074,2.1799e+008
2075,7.5214e+007
2076,2.6478e+007
2077,5.3466e+006
2078,2.1024e+008
2079,1.1751e+008
2080,6.6641e+007
2081,1.4795e+008
2082,1.4422e+007
2083,1.6063e+008
2084,5.8026e+007
2085,1.5849e+006
2086,2.0907e+008
2087,4.0105e+007
2088,2.8004e+007
2089,9.5332e+007
2090,1.4957e+008
2091,1.3163e+008
2092,2.0871e+008
2093,3.3918e+007
2094,1.7264e+008
2095,2.1764e+008
2096,3.1007e+007
2097,1.8806e+008
2098,1.4212e+008
2099,7.5759e+007
2100,1.0571e+008
2101,1.1257e+008
2102,1.9609e+008
2103,8.9125e+007
2104,9.2505e+007
2105,1.777e+008
2106,5.5289e+007
2107,7.4587e+007
2108,6.0781e+007
2109,1.5404e+008
2110,2.1099e+008
2111,1.3428e+008
2112,1.9393e+005
2113,31.881
2114,193.81
2115,4.7694e+006
2116,5.12e+007
2117,1.7943e+006
2118,1.1981e+008
2119,2.0902e+008
2120,1.3637e+008
2121,9.919e+007
2122,1.4532e+008
2123,2.0664e+008
2124,2.0653e+008
2125,1.5643e+008
2126,1.3876e+008
2127,7.2703e+007
2128,1.4708e+008
2129,1.4006e+008
2130,2.0996e+008
2131,1.0813e+008
2132,1.4398e+008
2133,9.1725e+007
2134,2.1896e+008
2135,2.0692e+008
2136,4.6773e+007
2137,1.506e+008
2138,2.1071e+008
2139,9.5641e+007
2140,8.7754e+007
2141,8.7331
2142,2.5822
2143,5.1123e+006
2144,2.1145e+008
2145,162.8
2146,1.4844e+008
2147,1.2856e+007
2148,2.0875e+008
2149,7.5868e+007
2150,1.4772e+008
2151,1.6764e+008
2152,1.0028e+008
2153,1.6754e+007
2154,9.6618e+007
2155,1.8587e+008
2156,9.6423e+007
2157,1.1151e+007
2158,1.9942e+008
2159,1.3956e+008
2160,2.0519e+008
2161,2.1271e+007
2162,2.1097e+008
2163,9.9712e+007
2164,2.1382e+008
2165,1.507e+008
2166,2.1108e+008
2167,2.0968e+008
2168,2.098e+008
2169,8.4565e+007
2170,1.9748e+008
2171,1.2643e+008
2172,7.6075e+007
2173,9.4174e+007
2174,1.0866e+008
2175,1.7155e+008
2176,1.0072e+008
2177,5.2978e+007
2178,3.8061e+007
2179,2.5395e+007
2180,7.2974e+005
2181,6.425e+007
2182,2.9923e+007
2183,4.8432e+007
2184,10.986
2185,5.7641e+006
2186,1.0747e+006
2187,3.0963e+006
2188,34.968
2189,79.623
2190,1.075e+007
2191,8.0063e+006
2192,5.8317e+006
2193,1.2615e+007
2194,2.0971e+008
2195,9.9816e+006
2196,1.2096e+007
2197,5.2078e+007
2198,2.796e+007
2199,2.0764e+008
2200,2.0842e+008
2201,1.3387e+008
2202,2.0926e+008
2203,1.5747e+008
2204,1.0796e+008
2205,9.4327e+007
2206,2.1226e+008
2207,4.0109e+007
2208,2.0775e+008
2209,9.2958e+007
2210,9.4415e+007
2211,1.2317e+008
2212,6.6272e+007
2213,9.3687e+007
2214,5.6821e+007
2215,3.1954e+006
2216,1.3027e+008
2217,9.1342e+007
2218,2.4387e+007
2219,3.1735e+007
2220,1.5532e+005
2221,233.3
2222,68.756
2223,214.17
2224,1.7111e+008
2225,1.1189e+008
2226,7.052e+007
2227,1.272e+008
2228,1.7973e+008
2229,2.0634e+008
2230,1.4945e+008
2231,2.0619e+008
2232,1.445e+008
2233,2.0946e+008
2234,1.5023e+008
2235,1.5967e+008
2236,2.085e+008
2237,2.1129e+008
2238,2.1094e+008
2239,2.1008e+008
2240,1.7615e+008
2241,1.4024e+008
2242,2.0056e+008
2243,1.0392e+008
2244,2.09e+008
2245,1.6553e+008
2246,5.4308e+007
2247,1.549e+008
2248,2.076e+008
2249,1.5396e+008
2250,1.9991e+008
2251,1.2992e+008
2252,1.3794e+008
2253,2.1493e+008
2254,2.0964e+008
2255,2.0837e+008
2256,1.4094e+008
2257,1.4879e+008
2258,5.5563e+007
2259,1.4627e+008
2260,1.7043e+008
2261,2.0856e+008
2262,1.3561e+008
2263,2.086e+008
2264,1.5242e+008
2265,2.0887e+008
2266,2.0834e+008
2267,1.4665e+008
2268,2.1328e+008
2269,2.0014e+008
2270,3.1083e+007
2271,1.5163e+008
2272,2.0749e+008
2273,1.5089e+008
2274,2.0789e+008
2275,1.9904e+008
2276,1.4694e+008
2277,1.5069e+008
2278,2.0832e+008
2279,1.5708e+008
2280,2.0778e+008
2281,2.0881e+008
2282,1.5242e+008
2283,1.5367e+008
2284,2.0869e+008
2285,7.8964e+007
2286,2.1082e+008
2287,2.0353e+008
2288,1.5228e+008
2289,1.4607e+008
2290,1.4178e+008
2291,1.103e+008
2292,6.4789e+007
2293,1.3872e+008
2294,1.8403e+008
2295,8.0732e+007
2296,2.0009e+008
2297,8.6996e+007
2298,1.3416e+008
2299,2.0242e+008
2300,2.0848e+008
2301,1.5789e+008
2302,1.1304e+008
2303,2.0963e+008
2304,2.0919e+008
2305,2.0933e+008
2306,1.6304e+008
2307,4.9833e+007
2308,2.075e+008
2309,2.1056e+008
2310,2.0879e+008
2311,7.7601e+007
2312,1.8554e+008
2313,1.2456e+008
2314,1.5813e+008
2315,2.1411e+008
2316,8.7327e+007
2317,2.0768e+008
2318,1.5104e+008
2319,1.5353e+008
2320,1.4348e+008
2321,1.9496e+008
2322,6.0004e+007
2323,1.229e+008
2324,2.0783e+008
2325,2.1147e+008
2326,9.6516e+007
2327,1.3774e+008
2328,2.0574e+008
2329,2.0808e+008
2330,1.1658e+008
2331,1.9188e+008
2332,1.2687e+008
2333,2.1415e+008
2334,8.747e+007
2335,3.1942e+007
2336,1.1847e+008
2337,1.2083e+008
2338,9.7085e+007
2339,1.7786e+008
2340,1.5295e+008
2341,2.097e+008
2342,1.2365e+008
2343,1.3417e+008
2344,1.7136e+008
2345,2.0815e+008
2346,1.0518e+008
2347,2.0076e+008
2348,2.075e+008
2349,2.1237e+008
2350,2.117e+008
2351,2.0947e+008
2352,1.9411e+008
2353,2.109e+008
2354,1.9709e+008
2355,8.874e+007
2356,1.4752e+008
2357,1.5107e+008
2358,2.0908e+008
2359,9.5215e+007
2360,1.3932e+008
2361,2.1324e+008
2362,2.0922e+008
2363,1.7837e+008
2364,5.8692e+007
2365,2.0049e+008
2366,1.1724e+008
2367,8.3721e+007
2368,1.2632e+008
2369,4.9127e+007
2370,6.3647e+007
2371,4.2904e+007
2372,1.6434e+008
2373,3.8844e+007
2374,1.5327e+008
2375,2.0851e+008
2376,1.5311e+008
2377,8.5319e+007
2378,2.1155e+008
2379,1.3663e+008
2380,8.0777e+007
2381,1.833e+008
2382,1.8388e+008
2383,2.0513e+008
2384,1.982e+008
2385,2.1024e+008
2386,1.9392e+008
2387,2.1144e+008
2388,2.0775e+008
2389,2.0138e+008
2390,2.0984e+008
2391,2.0964e+008
2392,2.0461e+008
2393,2.1462e+008
2394,9.4242e+007
2395,2.0948e+008
2396,2.0879e+008
2397,1.9756e+008
2398,2.1142e+008
2399,2.1073e+008
2400,1.8582e+006
2401,2.0931e+008
2402,2.0813e+008
2403,2.102e+008
2404,2.0702e+008
2405,2.0835e+008
2406,2.0971e+008
2407,2.0821e+008
2408,2.0811e+008
2409,1.8787e+008
2410,2.1239e+008
2411,1.8163e+008
2412,2.0936e+008
2413,2.108e+008
2414,2.1133e+008
2415,2.1096e+008
2416,2.0698e+008
2417,2.1339e+008
2418,2.0816e+008
2419,2.075e+008
2420,2.0855e+008
2421,2.0845e+008
2422,2.07e+008
2423,2.0829e+008
2424,2.1474e+008
2425,2.1438e+008
2426,2.0918e+008
2427,1.562e+008
2428,1.8557e+008
2429,5.7504
2430,2.0819e+008
2431,1.5764e+008
2432,6.7063e+007
2433,1.1984e+008
2434,1.3506e+008
2435,1.076e+008
2436,1.6705e+008
2437,1.0437e+008
2438,1.2385e+008
2439,2.0719e+008
2440,2.1044e+008
2441,2.082e+008
2442,2.128e+008
2443,2.1256e+008
2444,2.0821e+008
2445,1.0236e+008
2446,1.3644e+008
2447,1.0414e+008
2448,1.2872e+008
2449,2.0568e+008
2450,2.0931e+008
2451,2.0789e+008
2452,2.1094e+008
2453,2.0835e+008
2454,2.0874e+008
2455,1.8372e+008
2456,2.0994e+008
2457,2.1077e+008
2458,2.1465e+008
2459,2.1274e+008
2460,2.0929e+008
2461,2.0651e+008
2462,2.0786e+008
2463,2.0793e+008
2464,2.0774e+008
2465,2.0976e+008
2466,2.1084e+008
2467,2.0849e+008
2468,2.0809e+008
2469,2.0553e+008
2470,2.1256e+008
2471,2.1368e+008
2472,2.1119e+008
2473,1.8735e+008
2474,1.9901e+008
2475,2.0369e+008
2476,2.0973e+008
2477,2.0921e+008
2478,2.016e+008
2479,2.1206e+008
2480,2.1035e+008
2481,2.0952e+008
2482,2.076e+008
2483,2.0846e+008
2484,2.1062e+008
2485,2.1081e+008
2486,2.0788e+008
2487,2.0894e+008
2488,2.0877e+008
2489,2.0474e+008
2490,2.0943e+008
2491,2.1385e+008
2492,2.0861e+008
2493,2.1108e+008
2494,2.1234e+008
2495,2.1137e+008
2496,2.0859e+008
2497,1.1176e+008
2498,1.4939e+008
2499,1.6995e+008
2500,1.5275e+008
2501,9.3003e+007
2502,1.8722e+008
2503,1.5e+008
2504,2.1453e+008
2505,2.1023e+008
2506,2.0793e+008
2507,2.1078e+008
2508,2.105e+008
2509,2.0928e+008
2510,2.0845e+008
2511,1.8344e+008
2512,1.4323e+008
2513,2.0578e+008
2514,2.1028e+008
2515,2.0203e+008
2516,2.0679e+008
2517,2.1304e+008
2518,2.0764e+008
2519,1.8572e+008
2520,2.1293e+008
2521,2.1256e+008
2522,1.8435e+008
2523,2.0713e+008
2524,2.0624e+008
2525,2.0925e+008
2526,2.0618e+008
2527,2.0875e+008
2528,2.0913e+008
2529,2.0789e+008
2530,2.0814e+008
2531,2.102e+008
2532,2.1047e+008
2533,2.0747e+008
2534,1.9357e+008
2535,1.8112e+008
2536,2.061e+008
2537,9.0522e+007
2538,1.4848e+008
2539,2.1021e+008
2540,2.0685e+008
2541,2.0802e+008
2542,2.1135e+008
2543,1.8159e+008
2544,2.0358e+008
2545,2.1365e+008
2546,2.0212e+008
2547,2.0637e+008
2548,1.9968e+008
2549,2.0897e+008
2550,2.0877e+008
2551,2.1148e+008
2552,1.5114e+008
2553,1.9995e+008
2554,2.1041e+008
2555,1.9325e+008
2556,2.0381e+008
2557,2.1083e+008
2558,1.9704e+008
2559,1.9736e+008
2560,2.0817e+008
2561,2.1229e+008
2562,2.0885e+008
2563,2.1e+008
2564,2.0724e+008
2565,2.0881e+008
2566,2.0827e+008
2567,2.0921e+008
2568,2.079e+008
2569,2.0977e+008
2570,2.1051e+008
2571,2.12e+008
2572,1.6765e+008
2573,1.7267e+008
2574,1.7723e+008
2575,2.0632e+008
2576,8.3961e+007
2577,1.8607e+008
2578,1.3751e+008
2579,2.0554e+008
2580,2.1251e+008
2581,2.0447e+008
2582,2.0807e+008
2583,2.0838e+008
2584,1.8333e+008
2585,1.2847e+008
2586,1.0183e+008
2587,2.0872e+008
2588,2.0854e+008
2589,2.1256e+008
2590,2.0876e+008
2591,2.0713e+008
2592,2.088e+008
2593,1.2779e+008
2594,1.1764e+008
2595,2.1162e+008
2596,2.0926e+008
2597,1.5693e+008
2598,2.0119e+008
2599,2.0835e+008
2600,1.3525e+008
2601,2.0626e+008
2602,2.1062e+008
2603,2.0703e+008
2604,1.7044e+008
2605,1.6622e+008
2606,1.0217e+008
2607,1.4039e+008
2608,2.0822e+008
2609,9.6861e+007
2610,1.1882e+008
2611,1.3818e+008
2612,1.619e+008
2613,1.5315e+008
2614,9.4201e+007
2615,7.3785e+007
2616,1.4187e+008
2617,2.0915e+008
2618,1.3081e+008
2619,1.492e+008
2620,1.6678e+008
2621,2.0864e+008
2622,1.5024e+008
2623,2.0727e+008
2624,2.0572e+008
2625,1.527e+008
2626,1.0686e+008
2627,1.0941e+008
2628,1.3863e+008
2629,1.6189e+008
2630,9.7067e+007
2631,2.1062e+008
2632,9.8543e+007
2633,7.0467e+007
2634,9.4436e+007
2635,2.0797e+008
2636,2.0525e+008
2637,8.9579e+007
2638,9.8226e+007
2639,2.0799e+008
2640,2.055e+008
2641,5.8332e+007
2642,1.999e+008
2643,2.118e+008
2644,1.7545e+008
2645,1.5972e+008
2646,2.1261e+008
2647,1.4419e+008
2648,2.142e+008
2649,2.089e+008
2650,2.085e+008
2651,2.1453e+008
2652,1.9976e+008
2653,1.6008e+008
2654,2.0766e+008
2655,2.0298e+008
2656,1.165e+008
2657,1.72e+008
2658,1.5198e+008
2659,1.5335e+008
2660,6.9014e+007
2661,2.0942e+008
2662,1.5991e+008
2663,2.0927e+008
2664,1.0641e+008
2665,2.0774e+008
2666,2.1211e+008
2667,2.0649e+008
2668,2.081e+008
2669,2.1006e+008
2670,2.0645e+008
2671,2.0884e+008
2672,1.3273e+008
2673,8.9088e+007
2674,1.6371e+008
2675,2.0943e+008
2676,2.0864e+008
2677,2.0956e+008
2678,2.0158e+008
2679,2.1192e+008
2680,2.1302e+008
2681,2.1226e+008
2682,2.0952e+008
2683,2.0306e+008
2684,1.9255e+008
2685,1.3483e+008
2686,2.0141e+008
2687,1.8602e+008
2688,2.094e+008
2689,2.1042e+008
2690,2.1006e+008
2691,2.0797e+008
2692,2.0793e+008
2693,2.0921e+008
2694,2.147e+008
2695,1.7457e+008
2696,2.0924e+008
2697,2.0675e+008
2698,2.0833e+008
2699,2.086e+008
2700,2.0769e+008
2701,9.7072e+007
2702,1.8133e+008
2703,1.9034e+008
2704,1.0918e+008
2705,2.0962e+008
2706,2.0948e+008
2707,2.0857e+008
2708,2.0375e+008
2709,2.093e+008
2710,2.0988e+008
2711,2.0935e+008
2712,2.081e+008
2713,2.087e+008
2714,2.076e+008
2715,2.095e+008
2716,1.942e+008
2717,2.0819e+008
2718,2.108e+008
2719,2.0719e+008
2720,2.1307e+008
2721,2.1043e+008
2722,2.0902e+008
2723,2.0819e+008
2724,2.0826e+008
2725,2.0746e+008
2726,2.1123e+008
2727,2.0928e+008
2728,2.0922e+008
2729,2.0841e+008
2730,2.1337e+008
2731,2.0686e+008
2732,1.934e+008
2733,2.0805e+008
2734,1.6752e+008
2735,2.1386e+008
2736,2.1338e+008
2737,2.1032e+008
2738,2.0778e+008
2739,1.0272e+008
2740,1.533e+008
2741,1.5658e+008
2742,2.0515e+008
2743,2.0907e+008
2744,2.0865e+008
2745,2.0921e+008
2746,2.0988e+008
2747,2.0905e+008
2748,2.1296e+008
2749,1.8364e+008
2750,2.0857e+008
2751,2.0931e+008
2752,2.0984e+008
2753,2.1242e+008
2754,2.1091e+008
2755,1.4041e+008
2756,1.3183e+008
2757,1.2459e+008
2758,2.0948e+008
2759,1.945e+008
2760,2.0881e+008
2761,2.1358e+008
2762,2.1494e+008
2763,2.0851e+008
2764,9.259e+007
2765,2.107e+008
2766,2.0795e+008
2767,2.0672e+008
2768,2.1224e+008
2769,1.7596e+008
2770,1.1774e+008
2771,2.1063e+008
2772,2.0833e+008
2773,2.0756e+008
2774,2.0874e+008
2775,33.41
2776,1.4485e+008
2777,5.3585e+007
2778,136.52
2779,2.3284e+007
2780,3.1704
2781,130.88
2782,5.8695e+006
2783,7.2607e+006
2784,8.0075e+006
2785,1.2492e+006
2786,338.77
2787,3.6163e+007
2788,337.46
2789,1.3463e+008
2790,1.0341e+008
2791,1.4982e+008
2792,3.7578e+007
2793,2.4461e+007
2794,1.003e+008
2795,1.4656e+008
2796,4.9296e+007
2797,3.7502e+007
2798,2.987e+007
2799,5.0255e+007
2800,8.7552e+007
2801,9.7462e+007
2802,4.2417e+007
2803,5.2144e+007
2804,7.2703e+007
2805,3.0439e+007
2806,1.9838e+008
2807,1.1197e+008
2808,1.5574e+008
2809,2.5835e+007
2810,1.371e+008
2811,1.1644e+008
2812,1.4209e+008
2813,1.0755e+008
2814,5.3798e+007
2815,7.9659e+007
2816,6.7503e+007
2817,1.1645e+008
2818,7.1752e+007
2819,4.5184e+005
2820,13.192
2821,6.1712e+005
2822,2.4668e+007
2823,1.0747e+008
2824,1.7547e+008
2825,1.2155e+008
2826,1.6526e+008
2827,1.3818e+008
2828,1.0896e+008
2829,9.4702e+007
2830,8.4531e+007
2831,6.6347e+006
2832,1.1817e+008
2833,1.1305e+008
2834,2.2555e+007
2835,2.2621e+007
2836,2.1041e+007
2837,6.0006e+007
2838,9.2808e+007
2839,1.6819e+008
2840,9.4047e+007
2841,6.7567e+007
2842,8.0161e+007
2843,8.0259e+007
2844,3.6963e+007
2845,3.3081
2846,2.0317e+006
2847,1.5716e+007
2848,1.4995e+007
2849,3.2e+007
2850,1.168e+008
2851,4.5095e+007
2852,1.4881e+008
2853,6.3176e+007
2854,9.7053e+007
2855,8.0115e+007
2856,1.3791e+008
2857,1.5058e+008
2858,1.3969e+008
2859,1.3676e+008
2860,7.8762e+007
2861,7.5549e+007
2862,1.4635e+008
2863,7.2092e+007
2864,3.7465e+007
2865,1.1086e+008
2866,1.26e+008
2867,1.5622e+008
2868,1.5201e+008
2869,1.0531e+008
2870,1.0802e+008
2871,1.0608e+008
2872,6.7083e+007
2873,9.5976e+007
2874,1.4379e+008
2875,9.1617e+007
2876,1.8587e+008
2877,9.6801e+007
2878,9.9767e+007
2879,1.1098e+008
2880,1.3383e+008
2881,1.0009e+008
2882,6.9313e+007
2883,1.4863e+008
2884,1.0405e+008
2885,1.3668e+008
2886,8.5467e+007
2887,1.4795e+008
2888,7.6779e+007
2889,8.2959e+007
2890,9.9965e+007
2891,6.3402e+007
2892,1.3676e+008
2893,1.5371e+008
2894,1.5676e+008
2895,9.8267e+007
2896,9.3965e+007
2897,7.9243e+007
2898,7.8975e+007
2899,6.6059e+007
2900,9.7185e+007
2901,1.1757e+008
2902,1.4639e+008
2903,1.0532e+008
2904,1.7475e+008
2905,1.374e+008
2906,2.0336e+008
2907,7.2895e+007
2908,1.6397e+007
2909,1.1725e+008
2910,9.8546e+007
2911,9.8982e+007
2912,1.297e+008
2913,1.114e+008
2914,2.9414e+007
2915,1.0937e+008
2916,3.8689e+007
2917,1.8516e+008
2918,5.8506e+007
2919,9.534e+007
2920,1.0757e+008
2921,8.679e+007
2922,8.6438e+007
2923,3.091e+007
2924,1.3782e+008
2925,1.6723e+008
2926,1.5417e+008
2927,1.3492e+008
2928,1.4539e+008
2929,5.0307e+007
2930,7.9265e+007
2931,1.6531e+008
2932,2.1078e+008
2933,2.0864e+008
2934,2.0856e+008
2935,2.0956e+008
2936,2.1205e+008
2937,1.7602e+008
2938,1.0489e+008
2939,1.9221e+008
2940,2.1378e+008
2941,2.1249e+008
2942,2.0923e+008
2943,1.9044e+008
2944,1.7869e+008
2945,1.6954e+008
2946,1.2264e+008
2947,1.7036e+008
2948,1.3864e+008
2949,1.3208e+008
2950,1.8301e+008
2951,8.3945e+007
2952,1.1824e+008
2953,6.6601e+007
2954,8.9365e+007
2955,1.0718e+008
2956,5.3671e+007
2957,2.0691e+008
2958,1.0277e+008
2959,7.5594e+007
2960,5.5068e+007
2961,1.6172e+008
2962,1.4087e+008
2963,1.8511e+008
2964,1.6561e+008
2965,1.39e+008
2966,1.1357e+008
2967,2.0898e+008
2968,1.8171e+008
2969,2.085e+008
2970,1.9106e+008
2971,1.7753e+008
2972,1.749e+008
2973,1.8275e+008
2974,2.1188e+008
2975,2.1854e+008
2976,2.0957e+008
2977,2.1366e+008
2978,1.2992e+008
2979,1.2435e+008
2980,6.9245e+007
2981,1.0393e+008
2982,1.0254e+008
2983,6.8141e+007
2984,1.3446e+008
2985,1.1885e+008
2986,1.9122e+008
2987,2.1206e+008
2988,1.3275e+008
2989,1.42e+008
2990,2.0495e+008
2991,1.739e+008
2992,1.9888e+008
2993,2.0996e+008
2994,1.4359e+008
2995,1.5695e+008
2996,1.3823e+008
2997,8.6038e+007
2998,1.2296e+008
2999,2.1426e+008
3000,2.125e+008
3001,9.9331e+007
3002,8.8829e+007
3003,1.5944e+008
3004,2.0759e+008
3005,1.6422e+008
3006,1.5483e+008
3007,7.8548e+007
3008,9.2752e+007
3009,1.8119e+008
3010,2.0868e+008
3011,2.0912e+008
3012,2.1643e+008
3013,1.8919e+008
3014,1.2823e+008
3015,1.9031e+008
3016,1.3791e+008
3017,2.1493e+008
3018,4.6514e+007
3019,1.4665e+008
3020,1.622e+008
3021,4.1244e+007
3022,1.7211e+008
3023,1.8502e+008
3024,1.6225e+008
3025,1.236e+008
3026,2.1168e+008
3027,2.0699e+008
3028,1.9174e+008
3029,2.0955e+008
3030,2.0768e+008
3031,1.6576e+008
3032,1.1898e+008
3033,1.8758e+008
3034,7.5398e+007
3035,1.3818e+008
3036,2.0924e+008
3037,1.0159e+008
3038,1.6991e+008
3039,1.2431e+008
3040,7.416e+007
3041,1.2813e+008
3042,1.5915e+008
3043,8.3389e+007
3044,1.0303e+008
3045,2.1111e+008
3046,1.3744e+008
3047,1.6842e+008
3048,2.1422e+008
3049,2.0884e+008
3050,1.5615e+008
3051,7.7655e+007
3052,1.6365e+008
3053,1.0113e+008
3054,1.3986e+008
3055,1.2412e+008
3056,1.0409e+008
3057,9.4477e+007
3058,1.8963e+008
3059,7.1188e+007
3060,9.9482e+007
3061,1.5284e+008
3062,1.8857e+008
3063,9.5157e+007
3064,2.1175e+008
3065,6.3066e+007
3066,2.1259e+008
3067,1.4859e+008
3068,1.2428e+008
3069,2.0782e+008
3070,2.0251e+008
3071,2.033e+008
3072,1.2128e+008
3073,2.1179e+008
3074,1.6092e+008
3075,1.1795e+008
3076,1.8963e+008
3077,2.0851e+008
3078,2.073e+008
3079,2.1149e+008
3080,2.1437e+008
3081,2.0884e+008
3082,2.0899e+008
3083,4.9781e+007
3084,7.2737e+007
3085,8.5807e+007
3086,1.8799e+008
3087,1.5848e+008
3088,1.3372e+008
3089,2.0921e+008
3090,1.8824e+008
3091,2.0424e+008
3092,1.9517e+008
3093,2.1627e+008
3094,1.9638e+008
3095,1.712e+008
3096,2.1774e+008
3097,2.1279e+008
3098,2.1446e+008
3099,1.1244e+008
3100,2.1224e+008
3101,1.4432e+008
3102,2.0965e+008
3103,2.0933e+008
3104,1.4133e+008
3105,1.0482e+008
3106,1.6638e+008
3107,2.0163e+008
3108,9.8821e+006
3109,2.0895e+008
3110,2.0994e+008
3111,1.5667e+008
3112,2.1328e+008
3113,1.5704e+008
3114,1.8704e+008
3115,2.1349e+008
3116,1.762e+008
3117,8.8081e+007
3118,8.4159e+007
3119,1.5075e+008
3120,1.8432e+008
3121,2.135e+008
3122,1.8866e+008
3123,2.11e+008
3124,7.8898e+007
3125,2.069e+008
3126,1.3372e+008
3127,2.04e+008
3128,7.2986e+007
3129,1.1115e+008
3130,7.9589e+007
3131,1.8924e+008
3132,6.1265e+007
3133,1.597e+008
3134,1.8664e+008
3135,1.616e+008
3136,9.7505e+007
3137,1.3083e+008
3138,6.2511e+007
3139,6.4713e+007
3140,6.6293e+007
3141,8.5454e+007
3142,7.0469e+007
3143,6.295e+007
3144,5.5639e+007
3145,6.8154e+007
3146,8.0265e+007
3147,7.1352e+007
3148,5.1446e+007
3149,7.952e+007
3150,1.0071e+008
3151,7.2599e+007
3152,1.2442e+008
3153,1.3439e+008
3154,8.4003e+007
3155,1.0281e+008
3156,1.388e+008
3157,8.3265e+007
3158,6.8919e+007
3159,4.1068e+007
3160,1.7908e+008
3161,1.5978e+008
3162,1.6382e+008
3163,6.4602e+007
3164,1.9201e+008
3165,1.7851e+008
3166,1.1431e+008
3167,1.1873e+008
3168,1.4787e+008
3169,1.6869e+008
3170,1.8291e+008
3171,1.9223e+008
3172,7.5207e+007
3173,1.7607e+008
3174,7.1887e+007
3175,5.8026e+007
3176,6.3138e+007
3177,5.5388e+007
3178,1.0052e+008
3179,7.8445e+007
3180,8.4404e+007
3181,1.7702e+008
3182,1.8183e+008
3183,1.1486e+008
3184,1.1585e+008
3185,8.7863e+007
3186,1.0785e+008
3187,8.6196e+007
3188,1.2438e+008
3189,1.4146e+008
3190,1.5926e+008
3191,1.3444e+008
3192,1.546e+008
3193,1.6742e+008
3194,1.6158e+008
3195,7.0319e+007
3196,1.8536e+008
3197,1.6873e+008
3198,1.3972e+008
3199,1.3696e+008
3200,1.0595e+008
3201,1.0868e+008
3202,1.3268e+008
3203,2.0909e+008
3204,1.7838e+008
3205,1.5747e+008
3206,1.4886e+008
3207,1.281e+008
3208,1.3197e+008
3209,1.9036e+008
3210,1.0821e+008
3211,8.1982e+007
3212,1.6082e+008
3213,8.5983e+007
3214,1.2824e+008
3215,1.8407e+008
3216,1.7454e+008
3217,1.4612e+008
3218,2.1226e+008
3219,1.8429e+008
3220,2.131e+008
3221,1.1076e+008
3222,1.4237e+008
3223,2.0809e+008
3224,9.5163e+007
3225,8.2685e+007
3226,2.0357e+008
3227,8.353e+007
3228,7.9589e+007
3229,1.4885e+008
3230,1.8356e+008
3231,7.1909e+007
3232,5.9361e+007
3233,6.0779e+007
3234,6.7673e+007
3235,1.5332e+008
3236,1.4484e+008
3237,1.7217e+008
3238,2.0284e+008
3239,1.6542e+008
3240,2.0486e+008
3241,1.6003e+008
3242,1.2227e+008
3243,2.7285e+007
3244,7.8783e+007
3245,1.6874e+008
3246,1.5837e+008
3247,6.7652e+007
3248,1.0184e+008
3249,1.9921e+008
3250,8.3809e+007
3251,9.7811e+007
3252,1.9536e+008
3253,9.8089e+007
3254,7.9518e+007
3255,1.6312e+008
3256,1.8757e+008
3257,1.7241e+008
3258,2.1207e+008
3259,1.5639e+008
3260,1.939e+008
3261,1.3504e+008
3262,1.9243e+008
3263,1.5992e+008
3264,5.0828e+007
3265,1.145e+008
3266,1.2514e+008
3267,1.6338e+008
3268,8.136e+007
3269,9.836e+007
3270,1.0352e+008
3271,9.7714e+007
3272,9.6959e+007
3273,1.4219e+008
3274,7.8249e+007
3275,8.4516e+007
3276,4.6442e+007
3277,1.297e+008
3278,1.4436e+008
3279,2.1057e+008
3280,7.3498e+007
3281,7.4571e+007
3282,1.5807e+008
3283,8.2492e+007
3284,7.6691e+007
3285,6.2551e+007
3286,1.9155e+008
3287,5.135e+007
3288,7.0453e+007
3289,1.0494e+008
3290,8.3374e+007
3291,1.807e+008
3292,1.6553e+008
3293,1.8672e+008
3294,1.9099e+008
3295,1.7544e+008
3296,1.113e+008
3297,1.0912e+008
3298,1.4833e+008
3299,5.9255e+007
3300,9.222e+007
3301,4.7833e+007
3302,3.3659e+007
3303,9.0356e+007
3304,1.5863e+008
3305,1.4256e+008
3306,1.759e+008
3307,1.5914e+008
3308,8.7003e+007
3309,9.7363e+007
3310,7.6664e+007
3311,1.9507e+008
3312,8.0778e+007
3313,1.6555e+008
3314,1.236e+008
3315,1.0366e+008
3316,1.1609e+008
3317,5.4583e+007
3318,8.925e+007
3319,7.237e+007
3320,1.2644e+008
3321,1.2987e+008
3322,1.544e+008
3323,2.0812e+008
3324,1.6008e+008
3325,7.6974e+007
3326,1.3121e+008
3327,1.1357e+008
3328,7.3937e+007
3329,1.8288e+008
3330,2.0666e+008
3331,1.6441e+008
3332,1.4872e+008
3333,1.8908e+008
3334,1.2932e+008
3335,1.4373e+008
3336,1.3173e+008
3337,1.8351e+008
3338,1.9914e+008
3339,1.9216e+008
3340,4.6674e+007
3341,7.6176e+007
3342,1.5994e+008
3343,1.2672e+008
3344,6.1246e+007
3345,5.5863e+007
3346,5.6877e+007
3347,1.3878e+008
3348,1.7452e+008
3349,7.8105e+007
3350,1.6061e+008
3351,1.4813e+008
3352,1.785e+008
3353,1.3064e+008
3354,1.7089e+008
3355,2.017e+008
3356,1.5735e+008
3357,1.4362e+008
3358,2.0979e+008
3359,1.2055e+008
3360,1.0923e+008
3361,1.1986e+008
3362,1.423e+008
3363,1.2475e+008
3364,1.1331e+008
3365,1.2504e+008
3366,1.1344e+008
3367,1.6025e+008
3368,9.6386e+007
3369,6.41e+007
3370,5.9519e+007
3371,7.1118e+007
3372,8.0433e+007
3373,1.4525e+008
3374,1.3876e+008
3375,8.236e+007
3376,1.9944e+008
3377,1.7423e+008
3378,8.2219e+007
3379,2.1279e+008
3380,1.902e+008
3381,3.2008e+007
3382,1.574e+008
3383,1.4907e+008
3384,1.7766e+008
3385,1.2054e+008
3386,1.0084e+008
3387,1.8226e+008
3388,2.0928e+008
3389,1.3902e+008
3390,6.6209e+007
3391,1.7634e+008
3392,1.6462e+008
3393,1.2953e+008
3394,1.4219e+008
3395,1.8745e+008
3396,1.4621e+008
3397,1.9593e+008
3398,9.1636e+007
3399,1.3988e+008
3400,1.1969e+008
3401,5.7072e+007
3402,7.8729e+007
3403,1.2293e+008
3404,1.1972e+008
3405,1.009e+008
3406,1.6466e+008
3407,5.2163e+007
3408,9.3405e+007
3409,1.0854e+008
3410,1.1636e+008
3411,7.5672e+007
3412,1.3393e+008
3413,9.1311e+007
3414,2.4736e+006
3415,6.6208e+007
3416,1.0357e+008
3417,1.4025e+008
3418,3.6272e+007
3419,2.9537e+007
3420,2.0253e+008
3421,2.4176e+007
3422,1.0129e+008
3423,7.3011e+007
3424,3.664e+007
3425,4.259e+007
3426,5.7857e+007
3427,1.2275e+008
3428,1.0143e+008
3429,8.4621e+007
3430,5.8189e+007
3431,1.4339e+008
3432,1.4453e+008
3433,6.9333e+007
3434,6.0418e+007
3435,7.8324e+007
3436,6.6091e+007
3437,8.2006e+007
3438,8.112e+007
3439,7.5461e+007
3440,1.4033e+008
3441,4.0277e+007
3442,7.3608e+007
3443,9.5958e+007
3444,8.8085e+007
3445,7.3946e+007
3446,9.0603e+007
3447,6.4505e+007
3448,1.0149e+008
3449,5.9683e+007
3450,1.1287e+008
3451,5.5916e+007
3452,5.0613e+007
3453,1.1239e+008
3454,5.1455e+007
3455,1.5764e+008
3456,6.6494e+007
3457,3.7774e+007
3458,1.849e+008
3459,1.5906e+008
3460,1.2448e+008
3461,1.216e+008
3462,3.9659e+007
3463,1.0243e+008
3464,1.4778e+008
3465,1.2264e+008
3466,9.9521e+007
3467,7.1858e+007
3468,5.4324e+007
3469,5.3833e+007
3470,5.7215e+007
3471,1.7643e+008
3472,1.7455e+008
3473,9.5836e+007
3474,1.1929e+008
3475,8.8764e+007
3476,6.5912e+007
3477,7.2952e+007
3478,1.9864e+008
3479,1.006e+008
3480,5.1101e+007
3481,2.119e+008
3482,1.2784e+008
3483,5.9938e+007
3484,1.4033e+008
3485,7.3484e+007
3486,1.3499e+008
3487,5.9157e+007
3488,1.1341e+008
3489,8.98e+007
3490,9.2114e+007
3491,6.6619e+007
3492,4.6641e+007
3493,6.0031e+007
3494,6.0995e+007
3495,5.1356e+007
3496,1.2329e+008
3497,8.3347e+007
3498,1.4458e+008
3499,9.3289e+007
3500,1.7086e+008
3501,1.7581e+008
3502,4.8729e+007
3503,7.9066e+007
3504,7.0669e+007
3505,1.9007e+008
3506,1.8477e+008
3507,1.9437e+008
3508,1.787e+008
3509,8.5112e+007
3510,1.9247e+008
3511,1.3794e+008
3512,5.5584e+007
3513,1.9714e+008
3514,6.6487e+007
3515,6.2458e+007
3516,1.6371e+008
3517,5.6865e+007
3518,6.4621e+007
3519,7.0191e+007
3520,4.7289e+007
3521,5.5301e+007
3522,6.5303e+007
3523,8.2666e+007
3524,1.7505e+008
3525,2.1369e+008
3526,6.3157e+007
3527,1.2383e+008
3528,1.3985e+008
3529,1.027e+008
3530,4.2927e+007
3531,6.8091e+007
3532,1.1055e+008
3533,1.5319e+008
3534,7.5676e+007
3535,7.0629e+007
3536,5.3102e+007
3537,7.0898e+007
3538,6.6067e+007
3539,1.1239e+008
3540,5.7524e+007
3541,1.8101e+008
3542,7.0666e+007
3543,2.118e+008
3544,7.3374e+007
3545,6.8006e+007
3546,6.4855e+007
3547,5.7615e+007
3548,1.8283e+008
3549,1.508e+008
3550,1.4198e+008
3551,5.3354e+007
3552,1.536e+008
3553,7.4528e+007
3554,6.7267e+007
3555,6.1267e+007
3556,1.3985e+008
3557,3.8251e+007
3558,7.5366e+007
3559,1.9147e+008
3560,1.8464e+008
3561,1.8605e+008
3562,1.5449e+008
3563,9.5341e+007
3564,4.3672e+007
3565,6.7142e+007
3566,1.6366e+008
3567,1.5552e+008
3568,7.4024e+007
3569,1.13e+008
3570,2.0894e+008
3571,5.2617e+007
3572,7.4587e+007
3573,6.3913e+007
3574,7.5295e+007
3575,5.3002e+007
3576,5.738e+007
3577,1.1738e+008
3578,1.9745e+008
3579,1.3395e+008
3580,7.3581e+007
3581,6.7709e+007
3582,9.7274e+007
3583,1.846e+008
3584,1.6838e+008
3585,2.1157e+008
3586,1.8756e+008
3587,9.5958e+007
3588,1.3553e+008
3589,7.4493e+007
3590,1.9377e+008
3591,1.2685e+008
3592,2.1175e+008
3593,2.1182e+008
3594,9.0382e+007
3595,5.2359e+007
3596,5.5316e+007
3597,3.9537e+007
3598,9.0071e+007
3599,9.1998e+007
3600,3.5925e+007
3601,1.5485e+008
3602,6.821e+007
3603,8.7648e+007
3604,1.8652e+008
3605,2.0546e+008
3606,6.2029e+007
3607,3.7729e+007
3608,1.9627e+008
3609,1.8765e+008
3610,2.1279e+008
3611,1.0458e+008
3612,1.5311e+008
3613,6.1172e+007
3614,1.1085e+008
3615,1.0871e+008
3616,1.6158e+008
3617,6.2485e+007
3618,1.7289e+008
3619,5.6968e+007
3620,1.392e+008
3621,1.6586e+008
3622,7.7329e+007
3623,7.2248e+007
3624,6.4745e+007
3625,7.5659e+007
3626,6.8599e+007
3627,1.392e+008
3628,7.0317e+007
3629,1.2678e+008
3630,1.3523e+008
3631,1.91e+008
3632,8.9553e+007
3633,5.3522e+007
3634,9.0228e+007
3635,6.1239e+007
3636,6.9438e+007
3637,7.4677e+007
3638,1.7632e+008
3639,6.8607e+007
3640,7.0458e+007
3641,5.7812e+007
3642,7.4799e+007
3643,5.0603e+007
3644,1.5855e+008
3645,1.4704e+008
3646,1.0045e+008
3647,6.2976e+007
3648,2.0998e+008
3649,4.8021e+007
3650,6.0484e+007
3651,3.9957e+007
3652,8.1892e+007
3653,8.2787e+007
3654,6.5841e+007
3655,6.1619e+007
3656,6.4532e+007
3657,6.1647e+007
3658,8.2616e+007
3659,3.7558e+007
3660,7.4517e+007
3661,7.1054e+007
3662,4.8512e+007
3663,7.8738e+007
3664,2.0902e+008
3665,6.5673e+007
3666,5.3015e+007
3667,6.7274e+007
3668,8.0543e+007
3669,7.3883e+007
3670,7.116e+007
3671,6.4367e+007
3672,6.3438e+007
3673,8.9877e+007
3674,5.4592e+007
3675,8.1535e+007
3676,8.2362e+007
3677,9.0737e+007
3678,1.4556e+008
3679,7.9684e+007
3680,1.0148e+008
3681,4.3314e+007
3682,2.1409e+008
3683,9.813e+007
3684,9.3787e+007
3685,6.32e+007
3686,8.5795e+007
3687,8.2146e+007
3688,5.5535e+007
3689,1.2292e+008
3690,6.4394e+007
3691,8.5274e+007
3692,6.6133e+007
3693,5.4093e+007
3694,4.3254e+007
3695,7.0259e+007
3696,4.2746e+007
3697,1.5286e+008
3698,4.796e+007
3699,8.1367e+007
3700,9.5494e+007
3701,8.2392e+007
3702,1.2755e+008
3703,1.785e+008
3704,1.0098e+008
3705,2.1205e+008
3706,6.5547e+007
3707,6.8173e+007
3708,7.9784e+007
3709,8.6472e+007
3710,1.8088e+008
3711,6.5603e+007
3712,2.0614e+008
3713,7.7685e+007
3714,6.6736e+007
3715,1.6397e+008
3716,5.9198e+007
3717,1.2065e+008
3718,1.0253e+008
3719,2.0977e+008
3720,7.8665e+007
3721,1.177e+008
3722,6.4325e+007
3723,8.112e+007
3724,4.8035e+007
3725,1.9535e+008
3726,7.4484e+007
3727,1.3376e+008
3728,5.0949e+007
3729,7.0643e+007
3730,7.4019e+007
3731,1.1211e+008
3732,4.7423e+007
3733,2.0743e+008
3734,6.1215e+007
3735,6.7557e+007
3736,2.7974e+007
3737,1.596e+008
3738,6.6947e+007
3739,7.9891e+007
3740,8.2824e+007
3741,7.7722e+007
3742,6.7963e+007
3743,1.3596e+008
3744,7.6333e+007
3745,1.9709e+008
3746,1.5915e+008
3747,5.9869e+007
3748,6.382e+007
3749,1.9642e+008
3750,1.3113e+008
3751,1.8175e+008
3752,8.3651e+007
3753,1.3158e+008
3754,1.9476e+008
3755,2.0938e+008
3756,6.1514e+007
3757,7.6634e+007
3758,9.0796e+007
3759,7.2234e+007
3760,6.0355e+007
3761,6.6877e+007
3762,5.8403e+007
3763,8.6766e+007
3764,7.6749e+007
3765,2.0442e+008
3766,6.3409e+007
3767,5.5109e+007
3768,6.6642e+007
3769,5.6172e+007
3770,9.2448e+007
3771,1.4639e+008
3772,6.9961e+007
3773,9.6684e+007
3774,4.2072e+007
3775,1.6312e+008
3776,5.5559e+007
3777,8.555e+007
3778,6.0046e+007
3779,5.2848e+007
3780,1.7617e+008
3781,1.0663e+008
3782,6.9352e+007
3783,8.9306e+007
3784,4.6526e+007
3785,1.5667e+008
3786,5.3036e+007
3787,5.854e+007
3788,1.368e+008
3789,6.2643e+007
3790,1.7643e+008
3791,7.423e+007
3792,9.5649e+007
3793,5.3306e+007
3794,1.048e+008
3795,9.265e+007
3796,1.5305e+008
3797,7.8814e+007
3798,9.8631e+007
3799,1.1274e+008
3800,7.8286e+007
3801,2.0029e+008
3802,1.6622e+008
3803,9.9287e+007
3804,4.4826e+007
3805,1.4945e+008
3806,6.0644e+007
3807,7.6269e+007
3808,1.3614e+008
3809,1.81e+008
3810,1.7139e+008
3811,1.788e+008
3812,1.1257e+008
3813,8.5449e+007
3814,1.0122e+008
3815,1.2331e+008
3816,1.2504e+006
3817,9.2976e+007
3818,2.134e+008
3819,9.6208e+007
3820,6.4707e+007
3821,7.0621e+007
3822,5.5355e+007
3823,5.9969e+007
3824,1.0322e+008
3825,2.0816e+008
3826,1.7811e+008
3827,1.5447e+008
3828,1.5408e+008
3829,7.647e+007
3830,3.8031e+007
3831,9.863e+007
3832,9.4914e+007
3833,8.4227e+007
3834,1.2014e+008
3835,2.0948e+008
3836,1.3019e+008
3837,8.1457e+007
3838,9.9715e+007
3839,5.9739e+007
3840,5.2186e+007
3841,6.3252e+007
3842,1.8057e+008
3843,1.1297e+008
3844,1.663e+008
3845,3.8474e+007
3846,9.68e+007
3847,1.2343e+008
3848,1.7827e+008
3849,3.682e+006
3850,1.2522e+008
3851,1.9508e+008
3852,1.8452e+008
3853,1.3533e+008
3854,1.5472e+007
3855,1.5114e+008
3856,1.0326e+008
3857,1.4439e+008
3858,1.363e+008
3859,8.0742e+007
3860,1.5103e+008
3861,1.2131e+008
3862,1.2235e+008
3863,9.4578e+007
3864,1.544e+008
3865,1.5693e+008
3866,8.408e+007
3867,3.9013e+007
3868,9.8443e+007
3869,4.4199e+007
3870,1.1374e+008
3871,1.0102e+008
3872,6.6636e+007
3873,1.0418e+008
3874,9.8859e+007
3875,7.4144e+007
3876,1.2827e+008
3877,6.9841e+007
3878,1.9924e+008
3879,5.6326e+007
3880,8.3501e+007
3881,1.0997e+008
3882,1.6568e+008
3883,5.8912e+007
3884,5.93e+007
3885,1.655e+008
3886,2.1438e+008
3887,5.1614e+007
3888,1.4689e+008
3889,9.2903e+007
3890,1.8757e+006
3891,6.7064e+007
3892,8.962e+007
3893,1.5918e+008
3894,1.6009e+008
3895,8.2132e+007
3896,8.0221e+007
3897,1.2173e+008
3898,1.5484e+008
3899,2.0279e+008
3900,7.926e+007
3901,6.1356e+007
3902,1.3885e+008
3903,7.9193e+007
3904,8.6979e+007
3905,2.1416e+008
3906,2.0495e+008
3907,8.4748e+007
3908,1.2832e+008
3909,1.0441e+008
3910,1.5935e+008
3911,3.6251e+007
3912,2.124e+008
3913,8.7742e+007
3914,1.2613e+008
3915,2.026e+008
3916,8.4082e+007
3917,1.1819e+008
3918,1.4007e+008
3919,1.7e+008
3920,1.0036e+008
3921,7.3661e+007
3922,6.4518e+007
3923,1.2818e+008
3924,1.8298e+008
3925,9.3865e+007
3926,1.1952e+008
3927,7.2991e+007
3928,2.0887e+008
3929,9.7085e+007
3930,1.0723e+008
3931,9.0304e+007
3932,9.2743e+007
3933,8.2199e+007
3934,1.7132e+008
3935,1.3371e+008
3936,1.1067e+008
3937,8.4581e+007
3938,1.1038e+008
3939,7.1823e+007
3940,1.4235e+008
3941,6.0433e+007
3942,1.7893e+008
3943,1.1177e+008
3944,1.3227e+008
3945,1.0474e+008
3946,7.1733e+007
3947,1.5895e+008
3948,1.0837e+008
3949,8.6714e+007
3950,9.3708e+007
3951,3.5193e+007
3952,2.4879e+007
3953,5.427e+007
3954,1.4323e+008
3955,1.2446e+008
3956,4.2025e+007
3957,1.8695e+008
3958,6.4189e+007
3959,8.951e+006
3960,1.2775e+008
3961,1.2039e+008
3962,1.1273e+008
3963,8.492e+007
3964,1.3175e+008
3965,4.0059e+007
3966,1.2322e+008
3967,2.0129e+008
3968,8.2108e+007
3969,8.3218e+007
3970,1.5097e+008
3971,6.6315e+007
3972,9.1807e+007
3973,7.5415e+007
3974,1.0601e+008
3975,1.2299e+008
3976,1.0627e+008
3977,1.2291e+008
3978,1.2376e+008
3979,7.0531e+007
3980,5.6633e+007
3981,1.942e+008
3982,2.0895e+008
3983,9.9507e+007
3984,1.0348e+008
3985,7.0767e+007
3986,1.6277e+008
3987,1.9945e+008
3988,2.1019e+008
3989,1.3681e+008
3990,1.1331e+008
3991,1.2667e+008
3992,1.177e+008
3993,4.9743e+007
3994,1.7819e+008
3995,7.8923e+007
3996,9.489e+007
3997,6.7192e+007
3998,1.5161e+008
3999,7.1821e+007
4000,1.1351e+008
4001,7.0022e+007
4002,1.246e+008
4003,9.1323e+007
4004,1.3796e+008
4005,7.8733e+007
4006,1.2294e+008
4007,1.2747e+008
4008,3.2555e+007
4009,1.6366e+008
4010,4.5156e+007
4011,9.1545e+007
4012,8.1734e+007
4013,7.0576e+007
4014,3.8735e+007
4015,9.5153e+007
4016,1.9611e+008
4017,1.4964e+008
4018,6.6821e+007
4019,5.1801e+007
4020,8.6986e+007
4021,1.1242e+008
4022,1.4859e+008
4023,1.6328e+008
4024,5.7175e+007
4025,1.18e+008
4026,9.9216e+007
4027,1.1092e+008
4028,6.8309e+007
4029,1.146e+008
4030,1.1801e+008
4031,1.6045e+008
4032,7.1901e+007
4033,1.1345e+008
4034,8.0051e+007
4035,1.4913e+008
4036,9.157e+007
4037,8.7713e+007
4038,8.8737e+007
4039,7.1675e+007
4040,1.1083e+008
4041,3.6745e+007
4042,1.315e+008
4043,7.4099e+007
4044,5.4787e+007
4045,3.953e+007
4046,1.3797e+008
4047,7.2485e+007
4048,1.5456e+008
4049,9.6027e+007
4050,3.2152e+007
4051,7.932e+007
4052,6.1289e+007
4053,1.417e+008
4054,1.1535e+008
4055,8.1076e+007
4056,1.9889e+008
4057,1.3447e+008
4058,1.0269e+008
4059,7.2988e+007
4060,1.091e+008
4061,4.4283e+007
4062,1.3994e+008
4063,6.1759e+007
4064,6.8574e+007
4065,6.8421e+007
4066,7.3342e+007
4067,1.3984e+008
4068,1.1446e+008
4069,8.9071e+007
4070,1.0987e+008
4071,1.0321e+008
4072,1.4472e+008
4073,1.6982e+008
4074,1.7332e+008
4075,1.1028e+008
4076,1.1076e+007
4077,3.5668e+007
4078,8.6616e+007
4079,1.2442e+008
4080,7.9578e+007
4081,9.0831e+007
4082,2.0758e+008
4083,1.2332e+008
4084,1.0653e+008
4085,9.6973e+007
4086,6.3898e+007
4087,1.568e+008
4088,1.3409e+008
4089,1.4204e+008
4090,1.7396e+008
4091,3.2682e+007
4092,9.3369e+007
4093,7.6965e+007
4094,1.6178e+008
4095,1.8715e+008
4096,2.7823e+007
4097,2.1588e+008
4098,1.6722e+008
4099,1.5736e+008
4100,2.0444e+008
4101,1.0478e+008
4102,8.6646e+007
4103,1.3593e+008
4104,9.1131e+007
4105,8.1125e+007
4106,1.1151e+008
4107,1.7271e+007
4108,1.7583e+008
4109,1.6342e+008
4110,1.6887e+008
4111,1.37e+008
4112,6.0246e+007
4113,1.0703e+008
4114,1.38e+008
4115,7.3133e+007
4116,2.8171e+007
4117,7.3949e+007
4118,1.3735e+008
4119,8.7781e+007
4120,9.9954e+007
4121,1.3331e+008
4122,1.02e+008
4123,3.7746e+007
4124,8.5758e+007
4125,1.2259e+008
4126,1.1809e+008
4127,8.0869e+007
4128,1.1473e+008
4129,9.2246e+007
4130,9.2082e+007
4131,5.5692e+007
4132,1.0642e+008
4133,1.6416e+008
4134,1.29e+008
4135,1.4637e+008
4136,1.0381e+008
4137,1.9014e+008
4138,1.6498e+008
4139,1.0934e+008
4140,1.6707e+008
4141,8.1964e+007
4142,7.1798e+007
4143,1.3305e+008
4144,1.1669e+008
4145,7.5444e+007
4146,7.4267e+007
4147,1.1138e+008
4148,8.5455e+007
4149,1.2277e+008
4150,8.2497e+007
4151,2.0474e+008
4152,5.8455e+007
4153,9.2292e+007
4154,9.36e+007
4155,1.2457e+008
4156,1.0299e+008
4157,8.4397e+007
4158,8.3064e+007
4159,1.3401e+008
4160,1.4683e+008
4161,1.3253e+008
4162,8.2157e+007
4163,6.966e+007
4164,1.4365e+008
4165,1.3754e+008
4166,2.0971e+008
4167,5.0139e+007
4168,1.7957e+008
4169,2.1181e+008
4170,1.729e+008
4171,2.9769e+007
4172,6.6306e+007
4173,1.996e+008
4174,1.4338e+008
4175,4.3495e+007
4176,1.5437e+008
4177,5.7314e+007
4178,6.0447e+007
4179,1.6501e+008
4180,6.8733e+007
4181,1.4562e+008
4182,9.8908e+007
4183,4.2744e+006
4184,9.7237e+007
4185,1.2083e+008
4186,2.0813e+008
4187,6.2999e+007
4188,2.1623e+008
4189,1.3163e+008
4190,1.3422e+008
4191,2.0969e+008
4192,1.6937e+008
4193,1.7489e+008
4194,1.8587e+008
4195,1.6025e+008
4196,7.5717e+007
4197,1.8935e+008
4198,6.3469e+007
4199,9.0983e+007
4200,9.61e+007
4201,9.3516e+007
4202,1.7619e+008
4203,7.8622e+007
4204,9.5851e+007
4205,1.4401e+008
4206,1.2304e+008
4207,7.2671e+007
4208,8.9875e+007
4209,8.2985e+007
4210,8.1779e+007
4211,7.7217e+007
4212,3.2304e+007
4213,8.8869e+007
4214,1.2801e+008
4215,4.946e+007
4216,1.3753e+008
4217,1.0405e+008
4218,1.3267e+008
4219,7.6829e+007
4220,1.1841e+008
4221,8.033e+007
4222,5.4508e+007
4223,1.1863e+008
4224,1.8406e+008
4225,1.2132e+008
4226,4.6756e+007
4227,1.0879e+008
4228,8.3037e+007
4229,4.1354e+007
4230,1.0513e+008
4231,7.6798e+007
4232,1.6171e+008
4233,1.7004e+008
4234,9.1586e+007
4235,1.1081e+008
4236,7.15e+007
4237,1.0178e+008
4238,9.1444e+007
4239,1.4046e+008
4240,1.1606e+008
4241,2.4927e+007
4242,1.1978e+008
4243,7.7806e+007
4244,1.4306e+008
4245,9.7038e+007
4246,1.144e+008
4247,2.1029e+008
4248,9.5125e+007
4249,1.1408e+008
4250,6.7519e+007
4251,1.2087e+008
4252,1.3916e+008
4253,2.0512e+008
4254,5.428e+007
4255,7.0037e+007
4256,7.1137e+007
4257,8.2416e+007
4258,1.281e+008
4259,1.3273e+008
4260,3.2948e+007
4261,1.5791e+006
4262,1.6503e+008
4263,1.87e+006
4264,1.1324e+008
4265,6.7682e+007
4266,1.343e+008
4267,1.9544e+008
4268,1.963e+008
4269,1.0149e+007
4270,2.9345e+005
4271,1.1564e+008
4272,1.1927e+008
4273,4.4734e+007
4274,1.0181e+008
4275,1.6071e+008
4276,2.1004e+008
4277,1.6545e+008
4278,1.2073e+008
4279,7.0135e+007
4280,1.3758e+008
4281,1.182e+008
4282,1.8725e+008
4283,1.5998e+008
4284,1.9227e+008
4285,1.8091e+008
4286,8.5446e+007
4287,1.8309e+008
4288,8.414e+007
4289,1.8469e+008
4290,1.903e+008
4291,1.914e+008
4292,3.2894e+007
4293,1.4559e+008
4294,1.5936e+008
4295,1.6104e+008
4296,1.2969e+008
4297,8.8454e+007
4298,9.056e+007
4299,9.8498e+007
4300,1.7576e+008
4301,1.8788e+008
4302,4.8839e+007
4303,1.3223e+008
4304,1.4797e+008
4305,1.957e+008
4306,7.5482e+007
4307,1.2148e+008
4308,1.8417e+007
4309,5.8942e+006
4310,2.8085e+007
4311,2.7169e+007
4312,2.1599e+007
4313,1.459e+007
4314,1.7402e+007
4315,4.9915e+006
4316,2.7101e+007
4317,2.5907e+007
4318,2.0561e+007
4319,1.2834e+007
4320,1.3653e+007
4321,8.4133e+006
4322,7.115e+006
4323,2.2264e+006
4324,1.0232e+007
4325,1.4113e+007
4326,9.7571e+006
4327,2.0367e+006
4328,6.4244e+006
4329,5.5524e+006
4330,1.0335e+007
4331,4.8307e+006
4332,2.4737e+006
4333,9.0664e+006
4334,8.8291e+006
4335,4.3734e+006
4336,4.1122e+006
4337,1.0762e+007
4338,2.9061e+006
4339,6.9291e+005
4340,1.1347e+007
4341,1.1407e+007
4342,6.6586e+006
4343,6.3382e+006
4344,6.2222e+006
4345,8.8518e+006
4346,2.6285e+006
4347,2.8615e+006
4348,9.345e+006
4349,9.6443e+006
4350,4.6741e+006
4351,4.7081e+006
4352,7.1673e+006
4353,5.0401e+006
4354,1.164e+006
4355,9.6244e+006
4356,1.0306e+007
4357,1.3627e+007
4358,5.6072e+006
4359,5.439e+006
4360,1.5395e+007
4361,1.2179e+007
4362,2.6884e+007
4363,5.4083e+006
4364,2.5926e+007
4365,2.067e+007
4366,1.8315e+007
4367,1.1857e+007
4368,1.6966e+007
4369,1.2862e+007
4370,2.6606e+007
4371,2.6403e+007
4372,2.0233e+007
4373,1.2977e+007
4374,1.2037e+007
4375,6.9916e+006
4376,8.045e+006
4377,9.8802e+006
4378,3.9685e+006
4379,9.8554e+006
4380,8.9321e+006
4381,8.6334e+006
4382,3.7229e+006
4383,4.0462e+006
4384,9.708e+006
4385,1.075e+007
4386,1.0758e+007
4387,5.5824e+006
4388,5.8811e+006
4389,5.9483e+006
4390,7.9606e+006
4391,8.4279e+006
4392,8.7299e+006
4393,3.8798e+006
4394,4.0244e+006
4395,9.0884e+006
4396,9.7243e+006
4397,1.3076e+007
4398,5.6284e+006
4399,5.1454e+006
4400,1.9895e+008
4401,4.4689e+007
4402,1.8629e+008
4403,8.3403e+007
4404,2.1444e+008
4405,2.1868e+008
4406,1.0405e+008
4407,1.2889e+008
4408,2.1611e+008
4409,3.2171e+007
4410,2.0184e+008
4411,1.165e+008
4412,2.3469e+008
4413,2.2268e+008
4414,2.1491e+008
4415,1.0715e+008
4416,1.2591e+008
4417,1.8812e+008
4418,7.2512e+007
4419,1.5281e+007
4420,7.7017e+007
4421,2.3172e+008
4422,2.086e+008
4423,1.0725e+008
4424,1.1655e+008
4425,1.0356e+008
4426,3.5968e+007
4427,1.2406e+008
4428,1.6248e+008
4429,7.6652e+007
4430,7.2921e+007
4431,8.0441e+007
4432,9.9819e+007
4433,6.6898e+007
4434,1.3792e+007
4435,6.3236e+007
4436,6.9392e+007
4437,4.0479e+007
4438,4.4125e+007
4439,1.8148e+008
4440,7.2291e+007
4441,3.3768e+007
4442,8.2522e+007
4443,1.0884e+008
4444,1.6034e+008
4445,1.3449e+008
4446,8.4256e+007
4447,8.0633e+007
4448,6.319e+007
4449,1.3616e+007
4450,2.2313e+008
4451,2.0489e+008
4452,1.0616e+008
4453,1.1084e+008
4454,2.0933e+008
4455,1.8935e+008
4456,2.0978e+008
4457,2.1774e+008
4458,1.0447e+008
4459,8.7683e+007
4460,2.2177e+008
4461,1.9776e+008
4462,1.4042e+008
4463,2.3525e+008
4464,2.1857e+008
4465,2.1224e+008
4466,1.2057e+008
4467,1.0147e+008
4468,1.8349e+008
4469,2.3229e+008
4470,2.0772e+008
4471,1.3058e+008
4472,1.2344e+008
4473,8.5349e+007
4474,1.0965e+008
4475,1.4752e+008
4476,7.3719e+007
4477,7.6334e+007
4478,8.9391e+007
4479,5.5145e+007
4480,5.7745e+007
4481,3.0124e+007
4482,2.6191e+007
4483,1.8214e+008
4484,1.0245e+008
4485,1.5153e+008
4486,1.227e+008
4487,6.7527e+007
4488,7.1682e+007
4489,2.5913e+007
4490,2.2989e+008
4491,2.138e+008
4492,1.2944e+008
4493,1.2267e+008
4494,1.7777e+005
4495,72812
4496,1.913e+005
4497,85239
4498,1.4312e+005
4499,1.3342e+005
4500,1.2646e+005
4501,1.0507e+005
4502,5.5183e+007
4503,3.5521e+007
4504,5.4993e+007
4505,6.9246e+007
4506,6.9825e+007
4507,5.8608e+007
4508,6.1095e+007
4509,6.311e+007
4510,5.8911e+007
4511,5.5692e+007
4512,9.8204e+005
4513,1.7044e+005
4514,2.8916e+005
4515,1.0043e+006
4516,2.588e+005
4517,6.86e+005
4518,4.5989e+005
4519,2.1588e+005
4520,4.179e+006
4521,1.376e+006
4522,3.7384e+006
4523,2.4999e+006
4524,1.4046e+006
4525,1.1449e+006
4526,1.8734e+006
4527,1.2675e+007
4528,5.2257e+006
4529,9.361e+006
4530,7.6721e+006
4531,5.095e+006
4532,6.0465e+006
4533,4.2797e+006
4534,3.2561e+007
4535,1.2889e+007
4536,1.8848e+007
4537,2.3825e+007
4538,1.8422e+007
4539,1.3673e+007
4540,1.4416e+007
4541,1.1479e+007
4542,2.4167e+007
4543,2.557e+007
4544,3.0969e+007
4545,4.9317e+007
4546,3.6834e+007
4547,3.5761e+007
4548,4.8739e+007
4549,3.095e+007
4550,2.6518e+005
4551,1.7869e+005
4552,2.9855e+005
4553,1.1204e+005
4554,1.4152e+005
4555,1.8567e+005
4556,1.2721e+005
4557,1.2591e+005
4558,1.2998e+007
4559,7.441e+006
4560,1.3883e+007
4561,1.5095e+007
4562,2.3361e+007
4563,2.0781e+007
4564,1.3033e+007
4565,1.403e+007
4566,1.2684e+007
4567,1.1761e+006
4568,4.9521e+005
4569,3.4467e+005
4570,5.2396e+005
4571,2.8826e+005
4572,4.3807e+006
4573,1.3266e+006
4574,2.5062e+006
4575,1.6595e+006
4576,1.2966e+006
4577,2.027e+006
4578,1.1201e+007
4579,5.2702e+006
4580,5.9524e+006
4581,6.35e+006
4582,4.6521e+006
4583,1.8476e+007
4584,1.8055e+007
4585,1.2305e+007
4586,1.611e+007
4587,1.0769e+007
4588,1.3544e+007
4589,1.1276e+007
4590,9.9243e+006
4591,2.0868e+007
4592,2.3483e+007
4593,1.7323e+007
4594,2.5439e+007
4595,2.3661e+007
4596,2.0735e+007
4597,2.5645e+007
4598,1.1502e+007
4599,3.5764e+007
4600,1.9274e+007
4601,2.2041e+007
4602,3.1086e+007
4603,1.8558e+007
4604,2.752e+007
4605,3.5767
4606,1.3936
4607,3.6008
4608,2.2927
4609,2.2031
4610,2.5709
4611,329.27
4612,153.68
4613,152.25
4614,334.19
4615,148.96
4616,423.05
4617,369.17
4618,267.07
4619,255.44
4620,14.469
4621,2.6174
4622,4.5119
4623,15.39
4624,4.9336
4625,3.7311
4626,9.8026
4627,3.8847
4628,3.305
4629,6.4749
4630,3.8168
4631,48.898
4632,18.618
4633,27.255
4634,19.398
4635,25.618
4636,130.23
4637,39.414
4638,59.908
4639,52.9
4640,87.015
4641,66.184
4642,50.169
4643,244.73
4644,99.619
4645,123.09
4646,111.
4647,143.83
4648,187.02
4649,165.59
4650,117.84
4651,140.67
4652,402.15
4653,241.56
4654,304.28
4655,211.89
4656,246.84
4657,3.5945
4658,2.639
4659,3.6015
4660,1.1385
4661,1.7552
4662,1.7912
4663,2.0107
4664,116.84
4665,114.13
4666,208.57
4667,120.72
4668,143.84
4669,90.092
4670,81.568
4671,17.328
4672,5.1102
4673,9.6444
4674,4.2151
4675,6.6608
4676,57.164
4677,15.67
4678,29.815
4679,22.283
4680,18.31
4681,27.931
4682,110.27
4683,62.446
4684,81.658
4685,73.621
4686,59.254
4687,145.68
4688,99.865
4689,142.99
4690,130.96
4691,97.223
4692,185.26
4693,139.19
4694,118.6
4695,142.34
4696,2.5667e+007
4697,1.4218e+007
4698,1.8217e+007
4699,2.8337e+007
4700,3.0759e+007
4701,1.8084e+007
4702,1.8907e+007
4703,1.2014e+007
4704,1.4879e+007
4705,2.1841e+007
4706,2.3752e+007
4707,1.3209e+007
4708,1.133e+007
4709,1.3464e+007
4710,1.1691e+007
4711,1.8108e+006
4712,1.1473e+007
4713,1.3726e+007
4714,1.6409e+007
4715,5.0511e+006
4716,4.9915e+006
4717,2.7011e+007
4718,1.4992e+007
4719,1.6159e+007
4720,2.0802e+007
4721,2.4975e+007
4722,2.5677e+007
4723,1.2614e+007
4724,1.4612e+007
4725,1.537e+007
4726,2.9109e+007
4727,3.1356e+007
4728,1.8073e+007
4729,1.8097e+007
4730,1.9941e+008
4731,1.1013e+008
4732,1.3355e+008
4733,2.0267e+008
4734,2.2092e+008
4735,1.8758e+008
4736,6.4826e+007
4737,1.413e+008
4738,1.4006e+008
4739,2.0321e+008
4740,1.9647e+008
4741,2.066e+008
4742,2.0673e+008
4743,1.1949e+008
4744,1.0453e+008
4745,1.7295e+008
4746,1.9638e+008
4747,1.3298e+008
4748,1.3607e+008
4749,2.0684e+008
4750,2.1005e+008
4751,1.6775e+008
4752,1.7445e+008
4753,1.9539e+008
4754,7.3248e+007
4755,1.4632e+008
4756,2.0711e+008
4757,2.1694e+008
4758,1.9474e+008
4759,2.0527e+008
4760,1.1991e+008
4761,1.7911e+008
4762,1.2421e+008
4763,1.178e+008
4764,7.8672e+007
4765,2.1674e+008
4766,2.0167e+008
4767,1.9658e+008
4768,1.3039e+008
4769,1.1148e+008
4770,2.0311e+008
4771,2.0951e+008
4772,2.1039e+008
4773,2.0416e+008
4774,2.0838e+008
4775,2.1056e+008
4776,2.0854e+008
4777,2.0707e+008
4778,2.0887e+008
4779,2.0959e+008
4780,2.1051e+008
4781,2.0717e+008
4782,2.1042e+008
4783,2.0911e+008
4784,2.1343e+008
4785,2.046e+008
4786,1.9266e+008
4787,1.9638e+008
4788,2.0434e+008
4789,2.0814e+008
4790,2.054e+008
4791,2.0628e+008
4792,2.0681e+008
4793,1.9589e+008
4794,1.9143e+008
4795,2.0294e+008
4796,2.0604e+008
4797,1.979e+008
4798,1.9889e+008
4799,1.9878e+008
4800,1.9501e+008
4801,2.0638e+008
4802,2.037e+008
4803,1.8861e+008
4804,2.0421e+008
4805,2.0278e+008
4806,2.0715e+008
4807,2.0613e+008
4808,2.055e+008
4809,2.0642e+008
4810,2.0891e+008
4811,2.0522e+008
4812,1.9273e+008
4813,2.0493e+008
4814,1.9429e+008
4815,2.0397e+008
4816,1.9945e+008
4817,1.9485e+008
4818,1.9699e+008
4819,2.0211e+008
4820,2.0507e+008
4821,1.9799e+008
4822,2.0354e+008
4823,1.9789e+008
4824,2.0587e+008
4825,2.0755e+008
4826,1.9697e+008
4827,2.0681e+008
4828,2.0637e+008
4829,2.0783e+008
4830,2.1019e+008
4831,2.0039e+008
4832,2.0911e+008
4833,2.0465e+008
4834,2.0937e+008
4835,1.9639e+008
4836,1.8491e+008
4837,1.4685e+008
4838,1.5617e+008
4839,1.974e+008
4840,1.5125e+008
4841,1.7202e+008
4842,1.5241e+008
4843,1.6836e+008
4844,2.1016e+008
4845,1.9527e+008
4846,2.1022e+008
4847,2.1045e+008
4848,2.1068e+008
4849,2.0997e+008
4850,1.9555e+008
4851,2.1079e+008
4852,2.0989e+008
4853,1.8142e+008
4854,2.0277e+008
4855,2.0897e+008
4856,2.2318e+008
4857,2.3804e+008
4858,2.0137e+008
4859,1.5985e+008
4860,2.0438e+008
4861,2.3263e+008
4862,1.8484e+008
4863,1.4963e+008
4864,1.8459e+008
4865,1.6726e+008
4866,1.3855e+008
4867,1.8734e+008
4868,1.9593e+008
4869,1.6069e+008
4870,1.5793e+008
4871,2.0067e+008
4872,1.9794e+008
4873,1.4468e+008
4874,1.5779e+008
4875,1.6953e+008
4876,1.5926e+008
4877,2.0283e+008
4878,1.7475e+008
4879,1.6688e+008
4880,2.2259e+008
4881,2.0581e+008
4882,1.3939e+008
4883,1.6129e+008
4884,1.5635e+008
4885,1.6489e+008
4886,1.8272e+008
4887,1.5264e+008
4888,1.6591e+008
4889,2.0648e+008
4890,1.7848e+008
4891,1.7434e+008
4892,2.2254e+008
4893,2.1996e+008
4894,1.5191e+008
4895,1.6157e+008
4896,1.4498e+008
4897,1.6703e+008
4898,1.526e+008
4899,2.1171e+008
4900,1.8224e+008
4901,1.7574e+008
4902,1.8585e+008
4903,2.2402e+008
4904,2.2318e+008
4905,1.3859e+008
4906,1.4834e+008
4907,1.4922e+008
4908,1.7146e+008
4909,1.8005e+008
4910,1.1367e+008
4911,2.1487e+008
4912,1.8782e+008
4913,1.87e+008
4914,2.2439e+008
4915,2.2471e+008
4916,1.2501e+008
4917,1.4667e+008
4918,1.4962e+008
4919,1.7145e+008
4920,1.7345e+008
4921,1.8133e+008
4922,2.129e+008
4923,1.8902e+008
4924,1.8987e+008
4925,2.2297e+008
4926,2.267e+008
4927,1.3262e+008
4928,1.6644e+008
4929,1.4774e+008
4930,1.7339e+008
4931,9.8961e+007
4932,1.775e+008
4933,2.1016e+008
4934,1.8431e+008
4935,1.852e+008
4936,2.1929e+008
4937,2.2019e+008
4938,1.436e+008
4939,1.6522e+008
4940,1.6784e+008
4941,1.729e+008
4942,1.7265e+008
4943,1.4599e+008
4944,1.8567e+008
4945,1.9124e+008
4946,2.2154e+008
4947,1.6263e+008
4948,1.6861e+008
4949,1.7266e+008
4950,1.754e+008
4951,2.228e+006
4952,1.5753e+006
4953,6.4565e+005
4954,8.2285e+006
4955,2.8424e+006
4956,1.7389e+006
4957,1.5583e+006
4958,4.4451e+006
4959,4.2571e+006
4960,6.309e+006
4961,2.3926e+006
4962,1.6893e+007
4963,4.1595e+006
4964,6.7727e+006
4965,1.5853e+007
4966,1.0909e+007
4967,4.0984e+006
4968,2.6611e+007
4969,5.9545e+006
4970,1.9886e+007
4971,2.5965e+007
4972,3.2945e+006
4973,3.9093e+007
4974,8.4984e+006
4975,1.0114e+007
4976,3.1563e+007
4977,5.7408e+007
4978,1.1028e+007
4979,9.0304e+006
4980,4.8137e+007
4981,3.8495e+007
4982,7.7316e+006
4983,5.9149e+006
4984,8.408e+007
4985,1.2564e+007
4986,8.3426e+006
4987,1.6145e+007
4988,7.2941e+007
4989,5.9706e+007
4990,1.0124e+007
4991,7.7758e+006
4992,1.174e+008
4993,9.0952e+006
4994,1.8456e+007
4995,8.8176e+007
4996,1.0295e+008
4997,1.0281e+007
4998,1.1423e+007
4999,1.5953e+008
5000,9.0649e+006
5001,2.0526e+007
5002,1.3785e+008
5003,1.2116e+008
5004,1.2909e+007
5005,1.2292e+007
5006,2.1121e+008
5007,7.0745e+006
5008,1.824e+007
5009,1.6187e+008
5010,1.9203e+008
5011,1.655e+007
5012,1.1996e+007
5013,2.5257e+008
5014,1.1487e+007
5015,7.9746e+006
5016,2.1967e+008
5017,2.4698e+008
5018,6.1995e+006
5019,2.5669e+008
5020,6.9464e+006
5021,8.0045e+006
5022,2.6108e+008
5023,2.6049e+008
5024,2.7121e+008
5025,5.902e+006
5026,1.2001e+007
5027,1.5306e+008
5028,2.446e+008
5029,3.0747e+006
5030,4.8414e+006
5031,2.3995e+008
5032,2.5155e+008
5033,1.1874e+008
5034,1.4352e+008
5035,2.3743e+008
5036,2.3661e+008
5037,1.1646e+008
5038,1.5099e+008
5039,1.09e+008
5040,1.41e+008
5041,1.7043e+008
5042,1.8951e+006
5043,2.352e+006
5044,7.8593e+005
5045,2.5539e+006
5046,4.4113e+006
5047,8.9392e+005
5048,3.9954e+005
5049,9.0293e+005
5050,3.6211e+006
5051,7.2267e+006
5052,6.3365e+005
5053,1.1547e+006
5054,6.8785e+006
5055,4.9278e+006
5056,6.4524e+006
5057,1.0255e+006
5058,9.1715e+006
5059,5.249e+005
5060,4.4485e+005
5061,9.4078e+006
5062,8.2986e+006
5063,4.6811e+006
5064,4.393e+006
5065,8.7862e+006
5066,1.925e+005
5067,7.9682e+005
5068,9.9125e+006
5069,9.5639e+006
5070,4.8967e+006
5071,6.7256e+006
5072,3.6742e+005
5073,1.3095e+006
5074,7.7014e+006
5075,8.6775e+006
5076,4.8107e+006
5077,4.0318e+006
5078,2.9247e+005
5079,1.2997e+006
5080,5.3721e+006
5081,6.5624e+006
5082,3.6544e+006
5083,3.008e+006
5084,8.8421e+005
5085,1.3918e+006
5086,4.2511e+005
5087,3.895e+006
5088,1.5616e+006
5089,2.2952e+008
5090,2.2793e+008
5091,1.5891e+008
5092,2.0396e+008
5093,2.0387e+008
5094,1.8544e+008
5095,1.3991e+008
5096,1.8747e+008
5097,1.7664e+008
5098,2.3912e+008
5099,2.2158e+008
5100,2.3111e+008
5101,1.322e+008
5102,1.4895e+008
5103,1.6876e+008
5104,2.6157e+008
5105,4.9759e+006
5106,3.709e+006
5107,2.4653e+008
5108,2.5583e+008
5109,1.4771e+008
5110,1.1265e+008
5111,1.1263e+008
5112,2.5447e+008
5113,9.263e+006
5114,1.416e+007
5115,2.6538e+008
5116,2.625e+008
5117,2.7029e+008
5118,4.7003e+006
5119,4.2564e+006
5120,1.193e+008
5121,2.1594e+008
5122,3.0884e+006
5123,2.0031e+007
5124,2.517e+008
5125,2.3069e+008
5126,1.6669e+008
5127,7.0812e+006
5128,1.8331e+007
5129,1.8228e+008
5130,2.0598e+008
5131,1.2277e+008
5132,9.084e+006
5133,1.495e+007
5134,1.3664e+008
5135,1.5777e+008
5136,7.3082e+007
5137,8.7932e+007
5138,9.4668e+006
5139,1.4967e+007
5140,9.9317e+007
5141,1.1706e+008
5142,9.1091e+007
5143,6.9527e+006
5144,5.3926e+007
5145,6.1769e+007
5146,1.119e+007
5147,1.1676e+007
5148,7.555e+007
5149,6.6829e+007
5150,4.3171e+007
5151,1.0386e+007
5152,9.6975e+006
5153,4.6918e+007
5154,5.6183e+007
5155,5.4718e+006
5156,2.8847e+007
5157,8.5319e+006
5158,8.064e+006
5159,3.2511e+007
5160,3.8911e+007
5161,4.3032e+006
5162,1.7064e+007
5163,6.913e+006
5164,6.3594e+006
5165,2.6118e+007
5166,2.034e+007
5167,3.7937e+006
5168,7.7533e+006
5169,5.1226e+006
5170,4.4346e+006
5171,1.4852e+007
5172,1.033e+007
5173,3.0289e+006
5174,1.5464e+006
5175,2.3912e+006
5176,3.869e+006
5177,6.4181e+006
5178,1.8862e+008
5179,1.9707e+008
5180,1.4773e+008
5181,1.5366e+008
5182,1.9619e+008
5183,1.5114e+008
5184,1.7322e+008
5185,1.5675e+008
5186,1.829e+008
5187,2.1547e+008
5188,1.93e+008
5189,1.9429e+008
5190,2.2903e+008
5191,1.4106e+008
5192,1.7824e+008
5193,1.7621e+008
5194,1.6257e+008
5195,1.4749e+008
5196,1.6823e+008
5197,1.679e+008
5198,1.5887e+008
5199,2.1079e+008
5200,1.846e+008
5201,1.8827e+008
5202,2.2387e+008
5203,2.2484e+008
5204,1.5097e+008
5205,1.7277e+008
5206,1.789e+008
5207,1.4457e+008
5208,1.7089e+008
5209,1.5482e+008
5210,2.0902e+008
5211,1.8811e+008
5212,1.8379e+008
5213,2.2345e+008
5214,2.1777e+008
5215,1.6882e+008
5216,1.7895e+008
5217,1.4419e+008
5218,1.5354e+008
5219,1.7712e+008
5220,2.0506e+008
5221,1.8638e+008
5222,1.7877e+008
5223,1.835e+008
5224,2.1658e+008
5225,2.1705e+008
5226,1.5649e+008
5227,1.692e+008
5228,1.6749e+008
5229,1.7585e+008
5230,2.0519e+008
5231,1.8126e+008
5232,1.7561e+008
5233,2.2249e+008
5234,2.143e+008
5235,1.4876e+008
5236,1.665e+008
5237,1.6748e+008
5238,1.6871e+008
5239,2.0589e+008
5240,1.7744e+008
5241,1.789e+008
5242,2.2422e+008
5243,2.252e+008
5244,1.5803e+008
5245,1.5152e+008
5246,1.6179e+008
5247,1.5956e+008
5248,1.3314e+008
5249,1.7135e+008
5250,1.4365e+008
5251,1.9941e+008
5252,1.695e+008
5253,1.7605e+008
5254,2.2155e+008
5255,2.1289e+008
5256,1.379e+008
5257,1.3232e+008
5258,1.5959e+008
5259,1.5625e+008
5260,1.5771e+008
5261,1.5726e+008
5262,1.5853e+008
5263,1.6572e+008
5264,1.5819e+008
5265,2.0215e+008
5266,2.0814e+008
5267,1.4733e+008
5268,1.5831e+008
5269,1.4719e+008
5270,1.5319e+008
5271,1.8462e+008
5272,1.8659e+008
5273,1.5411e+008
5274,2.1011e+008
5275,2.1026e+008
5276,1.9629e+008
5277,2.1039e+008
5278,2.1055e+008
5279,2.1396e+008
5280,1.9664e+008
5281,2.0882e+008
5282,2.0965e+008
5283,1.8229e+008
5284,2.1303e+008
5285,1.9441e+008
5286,1.6159e+008
5287,1.8234e+008
5288,1.2294e+008
5289,1.7373e+008
5290,1.0383e+008
5291,1.0125e+008
5292,1.7678e+008
5293,1.1503e+008
5294,1.2212e+008
5295,1.2334e+008
5296,1.2752e+008
5297,1.4533e+008
5298,1.3412e+008
5299,1.297e+008
5300,1.4364e+008
5301,1.5598e+008
5302,1.2295e+008
5303,1.4339e+008
5304,1.4428e+008
5305,1.4659e+008
5306,1.299e+008
5307,1.6778e+008
5308,1.8369e+008
5309,8.5421e+007
5310,1.0568e+008
5311,1.9174e+008
5312,1.8206e+008
5313,9.2418e+007
5314,8.6092e+007
5315,1.4583e+008
5316,1.6517e+008
5317,1.0284e+008
5318,1.5464e+008
5319,7.4463e+007
5320,7.3254e+007
5321,7.2397e+007
5322,1.6051e+008
5323,9.5339e+007
5324,6.3986e+007
5325,1.1592e+008
5326,6.8842e+007
5327,1.3826e+008
5328,1.6269e+008
5329,1.5175e+008
5330,1.61e+008
5331,7.889e+007
5332,7.9375e+007
5333,1.5667e+008
5334,6.7532e+007
5335,5.4449e+007
5336,1.3897e+008
5337,1.3951e+008
5338,1.445e+008
5339,1.5851e+008
5340,1.482e+008
5341,7.4503e+007
5342,6.6532e+007
5343,1.1697e+008
5344,4.4272e+007
5345,1.4918e+008
5346,4.9406e+007
5347,7.1142e+007
5348,1.3347e+008
5349,1.4264e+008
5350,1.4896e+008
5351,1.521e+008
5352,5.6951e+007
5353,5.8519e+007
5354,1.0423e+008
5355,4.1356e+007
5356,4.8249e+007
5357,3.2839e+007
5358,2.4971e+007
5359,1.1703e+008
5360,1.3965e+008
5361,1.5086e+008
5362,1.564e+008
5363,1.6227e+008
5364,6.4659e+007
5365,7.2242e+007
5366,5.2625e+007
5367,1.4275e+008
5368,4.9953e+007
5369,3.6742e+007
5370,1.2624e+008
5371,4.6368e+007
5372,1.3642e+008
5373,1.432e+008
5374,1.6291e+008
5375,1.5825e+008
5376,7.257e+007
5377,4.265e+007
5378,4.3231e+007
5379,5.2164e+007
5380,1.3759e+008
5381,1.3533e+008
5382,1.382e+008
5383,1.5124e+008
5384,1.4845e+008
5385,5.7451e+007
5386,6.1261e+007
5387,6.5663e+007
5388,3.5861e+007
5389,3.7361e+007
5390,8.7336e+007
5391,1.309e+008
5392,4.4796e+007
5393,1.4685e+008
5394,1.4313e+008
5395,1.6075e+008
5396,1.4947e+008
5397,5.9705e+007
5398,6.2107e+007
5399,5.1564e+007
5400,1.3974e+008
5401,4.7597e+007
5402,8.9013e+007
5403,1.0271e+008
5404,4.4444e+007
5405,2.1082e+007
5406,4.3533e+007
5407,1.4813e+008
5408,6.1898e+007
5409,1.6417e+008
5410,1.6877e+008
5411,6.2686e+007
5412,4.8438e+007
5413,6.4233e+007
5414,1.255e+008
5415,5.0127e+007
5416,1.0555e+008
5417,1.7264e+008
5418,1.8165e+008
5419,1.8665e+008
5420,1.6917e+008
5421,1.8869e+008
5422,1.7467e+008
5423,1.7841e+008
5424,1.9046e+008
5425,1.7231e+008
5426,1.7835e+008
5427,1.6467e+008
5428,1.7223e+008
5429,3.2668e+007
5430,2.4157e+007
5431,3.1008e+007
5432,4.5999e+007
5433,3.6357e+007
5434,5.1712e+007
5435,3.2719e+007
5436,3.387e+007
5437,4.652e+007
5438,1.2797e+007
5439,1.3503e+007
5440,1.8991e+007
5441,2.3407e+007
5442,1.5751e+007
5443,1.4036e+007
5444,1.229e+007
5445,4.0939e+006
5446,9.8164e+006
5447,4.9797e+006
5448,5.8404e+006
5449,4.4017e+006
5450,9.4317e+006
5451,4.4601e+006
5452,6.4275e+006
5453,1.0029e+006
5454,3.6206e+006
5455,1.4145e+006
5456,1.94e+006
5457,1.1829e+006
5458,2.1987e+006
5459,1.3603e+006
5460,1.07e+006
5461,3.1907e+005
5462,4.787e+005
5463,2.6242e+005
5464,2.4882e+005
5465,3.551e+005
5466,7.1577e+005
5467,246.25
5468,141.7
5469,307.79
5470,349.09
5471,227.45
5472,236.86
5473,126.79
5474,104.99
5475,116.88
5476,95.573
5477,170.97
5478,249.65
5479,134.4
5480,175.94
5481,122.74
5482,143.53
5483,49.616
5484,60.252
5485,38.749
5486,81.908
5487,64.355
5488,49.981
5489,73.186
5490,14.491
5491,18.192
5492,25.413
5493,19.195
5494,38.563
5495,25.612
5496,15.955
5497,15.278
5498,4.2684
5499,3.7916
5500,5.8875
5501,9.3593
5502,7.3923
5503,4.029
5504,6.0896e+007
5505,9.5521e+007
5506,8.5555e+007
5507,9.3129e+007
5508,6.819e+007
5509,7.4299e+007
5510,8.6871e+007
5511,8.7191e+007
5512,2.8565e+007
5513,6.5702e+007
5514,3.46e+007
5515,4.6941e+007
5516,5.7671e+007
5517,4.8639e+007
5518,5.237e+007
5519,2.723e+007
5520,4.4535e+007
5521,3.6616e+007
5522,3.9099e+007
5523,4.2187e+007
5524,9.0609e+007
5525,6.0944e+007
5526,8.3759e+007
5527,9.0968e+007
5528,7.2362e+007
5529,6.7379e+007
5530,8.3973e+007
5531,1.2038e+008
5532,1.1005e+008
5533,1.1024e+008
5534,1.095e+008
5535,1.0014e+008
5536,9.1815e+007
5537,1.0356e+008
5538,1.0455e+008
5539,1.338e+008
5540,1.2224e+008
5541,1.2044e+008
5542,1.1795e+008
5543,1.1004e+008
5544,1.0956e+008
5545,1.0968e+008
5546,1.1353e+008
5547,1.3381e+008
5548,1.263e+008
5549,1.2595e+008
5550,1.1745e+008
5551,1.2146e+008
5552,1.177e+008
5553,1.1121e+008
5554,1.1542e+008
5555,1.1329e+008
5556,1.2514e+008
5557,1.201e+008
5558,1.2264e+008
5559,1.1381e+008
5560,1.12e+008
5561,1.1188e+008
5562,1.1239e+008
5563,1.0609e+008
5564,1.115e+008
5565,1.146e+008
5566,1.1445e+008
5567,1.0664e+008
5568,1.0306e+008
5569,1.1004e+008
5570,1.0755e+008
5571,1.0431e+008
5572,1.0476e+008
5573,8.5747e+007
5574,9.344e+007
5575,9.6753e+007
5576,1.0099e+008
5577,1.1628e+008
5578,1.7814e+008
5579,1.5758e+008
5580,1.6605e+008
5581,1.0049e+008
5582,9.6114e+007
5583,1.0282e+008
5584,1.6901e+008
5585,1.3732e+008
5586,2.7664e+007
5587,6.6934e+007
5588,3.6594e+007
5589,4.8831e+007
5590,6.4516e+007
5591,5.3852e+007
5592,1.0124e+008
5593,5.0334e+007
5594,4.6402e+007
5595,2.637e+007
5596,4.3681e+007
5597,3.6545e+007
5598,3.5583e+007
5599,1.6241e+008
5600,9.1824e+007
5601,9.407e+007
5602,1.8229e+008
5603,1.7893e+008
5604,7.9917e+007
5605,1.56e+008
5606,7.9906e+007
5607,1.3789e+008
5608,6.7631e+007
5609,1.6038e+008
5610,1.6019e+008
5611,5.9722e+007
5612,4.2884e+007
5613,1.3542e+008
5614,5.7439e+007
5615,9.907e+007
5616,5.1055e+007
5617,1.3602e+008
5618,1.5411e+008
5619,1.5807e+008
5620,5.8032e+007
5621,5.907e+007
5622,9.2116e+007
5623,9.6712e+007
5624,1.4075e+008
5625,5.1308e+007
5626,3.7954e+007
5627,3.5046e+007
5628,3.0545e+007
5629,1.4146e+008
5630,1.5432e+008
5631,1.5339e+008
5632,7.0243e+007
5633,5.8186e+007
5634,1.1301e+008
5635,9.3942e+007
5636,9.2786e+007
5637,4.7003e+007
5638,2.7231e+007
5639,1.3455e+008
5640,1.7067e+008
5641,1.5859e+008
5642,7.4642e+007
5643,9.8539e+007
5644,5.0437e+007
5645,4.9239e+007
5646,1.1194e+008
5647,3.4415e+007
5648,1.2973e+008
5649,1.6022e+008
5650,1.481e+008
5651,4.835e+007
5652,6.3645e+007
5653,3.2669e+007
5654,7.6668e+007
5655,4.0385e+007
5656,1.0938e+008
5657,3.4137e+007
5658,3.4672e+007
5659,3.1411e+007
5660,1.4268e+008
5661,1.5475e+008
5662,1.4932e+008
5663,5.511e+007
5664,6.1756e+007
5665,8.3344e+007
5666,4.1676e+007
5667,1.0271e+008
5668,4.0201e+007
5669,1.5397e+008
5670,1.5257e+008
5671,1.5134e+008
5672,6.4314e+007
5673,6.6497e+007
5674,5.6445e+007
5675,4.4044e+007
5676,1.4144e+008
5677,4.5991e+007
5678,1.2458e+008
5679,4.6771e+007
5680,1.0977e+008
5681,1.603e+008
5682,1.5317e+008
5683,1.4629e+008
5684,7.2959e+007
5685,6.7702e+007
5686,5.9026e+007
5687,4.858e+007
5688,1.3012e+008
5689,1.3685e+008
5690,1.4317e+008
5691,1.4397e+008
5692,1.4244e+008
5693,7.2167e+007
5694,7.3643e+007
5695,8.7763e+007
5696,1.5765e+008
5697,5.9095e+007
5698,1.3832e+008
5699,7.0257e+007
5700,5.6455e+007
5701,1.2553e+008
5702,14.363
5703,7.7104
5704,3.4214
5705,10.704
5706,3.8916e+007
5707,4.4502e+007
5708,4.7613e+007
5709,7.629e+007
5710,5.319e+007
5711,6.9146e+007
5712,3.797e+007
5713,2.2002e+007
5714,2.0298e+007
5715,1.5614e+007
5716,2.9883e+007
5717,3.5074e+007
5718,2.0213e+007
5719,4.4613e+007
5720,2.2125e+007
5721,3.4486e+007
5722,7.8602e+006
5723,7.8416e+006
5724,6.4191e+006
5725,1.1233e+007
5726,1.7529e+006
5727,2.1507e+006
5728,1.4537e+006
5729,1.8367e+006
5730,3.1071e+006
5731,6.2275e+006
5732,1.451e+006
5733,4.4186e+005
5734,5.293e+005
5735,3.6662e+005
5736,7.8761e+005
5737,4.682e+005
5738,3.8345e+005
5739,1.1042e+005
5740,1.2583e+005
5741,90954
5742,2.0755e+005
5743,1.34e+005
5744,24677
5745,27743
5746,20074
5747,37528
5748,64103
5749,25980
5750,5680.
5751,7361.4
5752,4766.
5753,6325.6
5754,10701
5755,5743.6
5756,1237.3
5757,1369.6
5758,982.89
5759,2610.6
5760,1383.6
5761,993.4
5762,304.86
5763,354.11
5764,265.27
5765,345.82
5766,662.31
5767,270.63
5768,489.8
5769,59.962
5770,75.37
5771,46.774
5772,139.94
5773,75.154
5774,9.6311
5775,13.15
5776,17.029
5777,36.263
5778,11.16
5779,6.966
5780,12.512
5781,2.8315
5782,2.9092
5783,9.9222
5784,5.8845
5785,6.8569
5786,2.8123
5787,2.8578
5788,2.9163
5789,9.6415
5790,10.065
5791,4.4258
5792,5.7549
5793,2.7123
5794,2.8305
5795,8.248
5796,9.3552
5797,4.1192
5798,4.1424
5799,3.6644
5800,2.1226
5801,2.0458
5802,7.4042
5803,4.8533
5804,3.5703
5805,3.1501
5806,3.4569
5807,3.9811
5808,1.1124
5809,1.0635
5810,2.4973
5811,3.513
5812,2.2893
5813,1.6392
5814,2.2607
5815,2.5179
5816,6.0192
5817,2.4865
5818,2.3775
5819,7.1378
5820,3.9998
5821,6.0669
5822,3.9347
5823,4.0241
5824,6.6806
5825,2.9139
5826,2.5696
5827,7.775
5828,9.1618
5829,4.409
5830,4.0019
5831,2.5821
5832,9.2089
5833,9.73
5834,4.0223
5835,4.3623
5836,5.6643
5837,50.917
5838,8.3208
5839,10.991
5840,15.586
5841,31.743
5842,11.705
5843,216.39
5844,40.454
5845,47.974
5846,119.93
5847,64.349
5848,66.707
5849,872.47
5850,173.64
5851,206.29
5852,252.23
5853,524.79
5854,183.66
5855,352.68
5856,3990.4
5857,673.96
5858,988.78
5859,1045.
5860,1743.8
5861,739.22
5862,17039
5863,3284.3
5864,3911.1
5865,7035.8
5866,16573
5867,4335.8
5868,3341.4
5869,5843.6
5870,68543
5871,13376
5872,18352
5873,26932
5874,14488
5875,3.2215e+005
5876,55172
5877,74389
5878,1.0442e+005
5879,67969
5880,1.9135e+005
5881,55361
5882,1.4006e+006
5883,2.6013e+005
5884,3.317e+005
5885,7.0353e+005
5886,4.027e+005
5887,6.1048e+006
5888,1.1295e+006
5889,1.4036e+006
5890,2.9843e+006
5891,1.5688e+006
5892,2.7548e+006
5893,1.5274e+006
5894,2.2019e+007
5895,5.8459e+006
5896,9.9949e+006
5897,1.1231e+007
5898,6.5777e+006
5899,1.6455e+007
5900,5.9837e+006
5901,4.2535e+007
5902,1.8262e+007
5903,2.8391e+007
5904,3.4167e+007
5905,4.5311e+007
5906,3.6051e+007
5907,5.7145e+007
5908,7.8435e+007
5909,4.0998e+007
5910,4.6681e+007
5911,6.2744e+007
5912,7.0297e+007
5913,2.0913e+008
5914,2.0099e+008
5915,2.0765e+008
5916,1.9916e+008
5917,2.0771e+008
5918,1.8992e+008
5919,2.0736e+008
5920,1.5795e+008
5921,1.4756e+008
5922,1.7219e+008
5923,1.2366e+008
5924,1.3586e+008
5925,1.2379e+008
5926,1.3033e+008
5927,1.4721e+008
5928,1.3728e+008
5929,1.1606e+008
5930,1.2776e+008
5931,1.039e+008
5932,2.0952e+008
5933,2.0984e+008
5934,1.9757e+008
5935,2.0451e+008
5936,2.0284e+008
5937,2.0973e+008
5938,2.0707e+008
5939,2.0933e+008
5940,2.0431e+008
5941,2.1208e+008
5942,2.0994e+008
5943,2.045e+008
5944,1.9793e+008
5945,2.0835e+008
5946,2.0803e+008
5947,2.0924e+008
5948,2.0651e+008
5949,2.0845e+008
5950,1.9644e+008
5951,2.0364e+008
5952,2.107e+008
5953,2.1067e+008
5954,1.9515e+008
5955,1.9916e+008
5956,2.092e+008
5957,2.0836e+008
5958,2.0923e+008
5959,2.0394e+008
5960,2.0404e+008
5961,2.1099e+008
5962,1.9261e+008
5963,1.9523e+008
5964,2.0908e+008
5965,2.098e+008
5966,2.0929e+008
5967,2.0247e+008
5968,2.1096e+008
5969,1.9602e+008
5970,1.905e+008
5971,2.0867e+008
5972,2.0981e+008
5973,2.0411e+008
5974,2.0906e+008
5975,2.027e+008
5976,2.0991e+008
5977,2.1069e+008
5978,1.9209e+008
5979,1.9228e+008
5980,2.0916e+008
5981,2.0436e+008
5982,2.0844e+008
5983,2.0946e+008
5984,2.106e+008
5985,1.9266e+008
5986,1.7691e+008
5987,2.0843e+008
5988,2.0858e+008
5989,2.0311e+008
5990,2.082e+008
5991,2.0915e+008
5992,2.1146e+008
5993,1.7718e+008
5994,1.991e+008
5995,2.085e+008
5996,2.0945e+008
5997,2.0328e+008
5998,2.0537e+008
5999,2.092e+008
6000,2.1175e+008
6001,1.9766e+008
6002,1.8837e+008
6003,2.104e+008
6004,2.1236e+008
6005,2.0477e+008
6006,2.105e+008
6007,1.8949e+008
6008,1.9506e+008
6009,2.0955e+008
6010,2.0984e+008
6011,2.1221e+008
6012,2.0508e+008
6013,2.0376e+008
6014,2.0944e+008
6015,1.9434e+008
6016,2.0805e+008
6017,2.0867e+008
6018,2.0889e+008
6019,2.1135e+008
6020,2.083e+008
6021,2.0304e+008
6022,1.8639e+008
6023,2.1032e+008
6024,1.9441e+008
6025,1.9805e+008
6026,2.0752e+008
6027,2.0825e+008
6028,1.8978e+008
6029,1.9868e+008
6030,2.1154e+008
6031,1.8556e+008
6032,1.9055e+008
6033,2.0978e+008
6034,2.0996e+008
6035,2.1063e+008
6036,2.0898e+008
6037,2.0239e+008
6038,1.9671e+008
6039,2.1035e+008
6040,2.1153e+008
6041,1.9213e+008
6042,1.8625e+008
6043,2.0995e+008
6044,2.0988e+008
6045,2.0375e+008
6046,2.025e+008
6047,2.1037e+008
6048,2.1077e+008
6049,1.9135e+008
6050,1.9094e+008
6051,2.0981e+008
6052,2.0277e+008
6053,2.1e+008
6054,2.104e+008
6055,2.1056e+008
6056,1.9257e+008
6057,1.9216e+008
6058,2.0915e+008
6059,2.085e+008
6060,2.1061e+008
6061,2.0282e+008
6062,2.0284e+008
6063,2.1001e+008
6064,2.1046e+008
6065,1.9103e+008
6066,1.8777e+008
6067,2.0957e+008
6068,2.0919e+008
6069,2.1077e+008
6070,2.0202e+008
6071,2.1144e+008
6072,2.0978e+008
6073,1.9298e+008
6074,1.9032e+008
6075,2.0792e+008
6076,2.0646e+008
6077,2.0441e+008
6078,2.1146e+008
6079,1.9359e+008
6080,2.0886e+008
6081,1.9024e+008
6082,1.8613e+008
6083,2.0695e+008
6084,2.0641e+008
6085,2.0609e+008
6086,2.0255e+008
6087,2.0903e+008
6088,2.1079e+008
6089,1.8912e+008
6090,1.84e+008
6091,2.0872e+008
6092,1.7997e+008
6093,1.8373e+008
6094,2.0831e+008
6095,2.0897e+008
6096,2.0907e+008
6097,1.9944e+008
6098,2.0958e+008
6099,2.0971e+008
6100,1.8884e+008
6101,1.9437e+008
6102,2.0682e+008
6103,2.083e+008
6104,2.0183e+008
6105,2.0275e+008
6106,1.7599e+008
6107,2.0964e+008
6108,2.1081e+008
6109,1.9213e+008
6110,1.9688e+008
6111,2.0909e+008
6112,2.0931e+008
6113,2.0202e+008
6114,2.1141e+008
6115,2.0706e+008
6116,2.1022e+008
6117,1.9805e+008
6118,1.9097e+008
6119,2.0815e+008
6120,2.037e+008
6121,2.1188e+008
6122,1.9833e+008
6123,2.1086e+008
6124,2.0746e+008
6125,2.1096e+008
6126,1.8858e+008
6127,1.7589e+008
6128,2.0234e+008
6129,2.086e+008
6130,2.0859e+008
6131,2.023e+008
6132,2.1154e+008
6133,2.0916e+008
6134,2.0341e+008
6135,2.1147e+008
6136,2.0209e+008
6137,1.9882e+008
6138,2.0972e+008
6139,2.0913e+008
6140,2.0999e+008
6141,2.0348e+008
6142,2.0832e+008
6143,2.1081e+008
6144,1.9877e+008
6145,1.9544e+008
6146,2.0941e+008
6147,2.0944e+008
6148,2.089e+008
6149,2.0959e+008
6150,2.0295e+008
6151,2.0815e+008
6152,2.1041e+008
6153,1.9704e+008
6154,1.944e+008
6155,2.0861e+008
6156,2.089e+008
6157,2.0942e+008
6158,2.0385e+008
6159,2.0424e+008
6160,2.1124e+008
6161,2.1029e+008
6162,1.9449e+008
6163,1.8954e+008
6164,2.0844e+008
6165,2.0866e+008
6166,2.0468e+008
6167,2.1165e+008
6168,2.0421e+008
6169,2.1113e+008
6170,2.1069e+008
6171,1.8938e+008
6172,1.8135e+008
6173,2.0347e+008
6174,2.0857e+008
6175,2.0872e+008
6176,2.0464e+008
6177,2.1171e+008
6178,2.0481e+008
6179,2.1124e+008
6180,2.1127e+008
6181,2.0218e+008
6182,1.9875e+008
6183,2.0944e+008
6184,2.0978e+008
6185,2.0447e+008
6186,2.1113e+008
6187,2.0416e+008
6188,2.1132e+008
6189,2.114e+008
6190,1.9739e+008
6191,1.9493e+008
6192,2.0988e+008
6193,2.0821e+008
6194,2.0374e+008
6195,2.1123e+008
6196,2.1005e+008
6197,1.9595e+008
6198,1.8385e+008
6199,2.0978e+008
6200,2.0969e+008
6201,2.0828e+008
6202,2.0429e+008
6203,2.0468e+008
6204,2.0868e+008
6205,1.8702e+008
6206,1.7907e+008
6207,1.7442e+008
6208,2.0776e+008
6209,1.9689e+008
6210,2.0717e+008
6211,2.0917e+008
6212,2.0559e+008
6213,2.0548e+008
6214,2.0877e+008
6215,1.7002e+008
6216,2.0116e+008
6217,2.0823e+008
6218,2.0841e+008
6219,2.0814e+008
6220,1.9426e+008
6221,2.0925e+008
6222,2.0911e+008
6223,2.0426e+008
6224,2.0833e+008
6225,2.0382e+008
6226,1.7767e+008
6227,2.0754e+008
6228,2.0938e+008
6229,2.0107e+008
6230,1.982e+008
6231,2.058e+008
6232,2.0901e+008
6233,1.7341e+008
6234,1.9062e+008
6235,2.075e+008
6236,2.0753e+008
6237,2.0872e+008
6238,1.9832e+008
6239,2.088e+008
6240,2.1004e+008
6241,1.9133e+008
6242,1.9239e+008
6243,2.1039e+008
6244,2.091e+008
6245,2.0412e+008
6246,2.1009e+008
6247,2.0905e+008
6248,1.9469e+008
6249,1.8979e+008
6250,2.0951e+008
6251,2.0533e+008
6252,2.021e+008
6253,1.9393e+008
6254,2.0847e+008
6255,1.907e+008
6256,1.8839e+008
6257,2.0845e+008
6258,2.0702e+008
6259,2.0054e+008
6260,2.0051e+008
6261,2.0262e+008
6262,1.9366e+008
6263,2.0828e+008
6264,1.8975e+008
6265,1.8912e+008
6266,2.0666e+008
6267,2.0137e+008
6268,2.0078e+008
6269,2.003e+008
6270,2.0879e+008
6271,1.8408e+008
6272,1.9272e+008
6273,2.0857e+008
6274,2.0828e+008
6275,2.0947e+008
6276,1.998e+008
6277,1.9741e+008
6278,2.0923e+008
6279,1.9254e+008
6280,1.9024e+008
6281,2.09e+008
6282,2.0809e+008
6283,2.0974e+008
6284,2.0272e+008
6285,1.9747e+008
6286,1.9496e+008
6287,2.0986e+008
6288,1.8998e+008
6289,1.906e+008
6290,2.0816e+008
6291,2.0843e+008
6292,2.0293e+008
6293,2.061e+008
6294,1.9487e+008
6295,2.0869e+008
6296,1.9101e+008
6297,1.8858e+008
6298,2.0841e+008
6299,2.0629e+008
6300,2.0833e+008
6301,1.8934e+008
6302,1.8928e+008
6303,2.0388e+008
6304,2.0632e+008
6305,2.0693e+008
6306,1.891e+008
6307,1.8663e+008
6308,2.0592e+008
6309,1.6785e+008
6310,2.0908e+008
6311,1.8892e+008
6312,1.8654e+008
6313,2.0513e+008
6314,1.9594e+008
6315,1.9e+008
6316,1.9072e+008
6317,1.8702e+008
6318,2.0852e+008
6319,1.8652e+008
6320,1.7544e+008
6321,1.9669e+008
6322,2.0504e+008
6323,2.0662e+008
6324,1.9587e+008
6325,1.9369e+008
6326,1.9062e+008
6327,2.0822e+008
6328,1.9882e+008
6329,1.9717e+008
6330,2.056e+008
6331,1.9747e+008
6332,1.9361e+008
6333,1.8034e+008
6334,1.9166e+008
6335,2.0856e+008
6336,1.9532e+008
6337,1.9248e+008
6338,2.0568e+008
6339,2.0644e+008
6340,1.9377e+008
6341,1.8739e+008
6342,1.7991e+008
6343,1.8869e+008
6344,2.1126e+008
6345,1.9385e+008
6346,1.917e+008
6347,2.0568e+008
6348,1.8775e+008
6349,1.8975e+008
6350,1.5675e+008
6351,2.1381e+008
6352,1.9174e+008
6353,2.0843e+008
6354,2.0438e+008
6355,2.0639e+008
6356,2.0896e+008
6357,1.9026e+008
6358,1.8333e+008
6359,1.5916e+008
6360,2.1177e+008
6361,2.0808e+008
6362,1.9486e+008
6363,2.0435e+008
6364,1.7139e+008
6365,1.8317e+008
6366,1.8192e+008
6367,1.4727e+008
6368,1.7805e+008
6369,1.926e+008
6370,2.0278e+008
6371,1.4664e+008
6372,1.5858e+008
6373,1.6978e+008
6374,1.5175e+008
6375,1.7954e+008
6376,1.8056e+008
6377,1.4067e+008
6378,1.121e+008
6379,1.4604e+008
6380,1.2814e+008
6381,1.1502e+008
6382,9.6212e+007
6383,1.0255e+008
6384,1.0408e+008
6385,1.028e+008
6386,8.1538e+007
6387,8.5653e+007
6388,1.1857e+008
6389,1.1644e+008
6390,1.6483e+008
6391,1.6919e+008
6392,1.1051e+008
6393,1.0907e+008
6394,9.703e+007
6395,1.1716e+008
6396,1.2749e+008
6397,1.0327e+008
6398,8.6001e+007
6399,9.5363e+007
6400,1.4597e+008
6401,1.1901e+008
6402,1.5571e+008
6403,1.6678e+008
6404,1.0645e+008
6405,8.5723e+007
6406,1.1311e+008
6407,8.8817e+007
6408,7.7151e+007
6409,7.9454e+007
6410,2.1067e+008
6411,1.9752e+008
6412,1.8408e+008
6413,1.8397e+008
6414,2.0522e+008
6415,1.8879e+008
6416,2.0016e+008
6417,1.4867e+008
6418,1.9038e+008
6419,1.7326e+008
6420,1.4748e+008
6421,1.4121e+008
6422,1.4486e+008
6423,1.4679e+008
6424,2.1013e+008
6425,1.8942e+008
6426,1.9979e+008
6427,1.8267e+008
6428,1.8094e+008
6429,1.683e+008
6430,1.5605e+008
6431,1.7848e+008
6432,1.5541e+008
6433,1.5918e+008
6434,2.114e+008
6435,1.9769e+008
6436,1.8967e+008
6437,1.938e+008
6438,1.8438e+008
6439,1.6911e+008
6440,1.7977e+008
6441,1.8383e+008
6442,1.5927e+008
6443,2.1041e+008
6444,1.9482e+008
6445,1.9982e+008
6446,1.9274e+008
6447,1.8318e+008
6448,1.8442e+008
6449,1.9581e+008
6450,1.6033e+008
6451,2.0959e+008
6452,1.8819e+008
6453,1.92e+008
6454,1.9245e+008
6455,1.9561e+008
6456,1.9395e+008
6457,1.9093e+008
6458,1.8291e+008
6459,1.937e+008
6460,2.1129e+008
6461,2.0184e+008
6462,1.7881e+008
6463,1.89e+008
6464,1.9536e+008
6465,1.988e+008
6466,1.9438e+008
6467,1.9665e+008
6468,1.9107e+008
6469,1.786e+008
6470,2.1277e+008
6471,1.9806e+008
6472,2.0084e+008
6473,1.9314e+008
6474,2.0184e+008
6475,1.9285e+008
6476,1.8163e+008
6477,1.9648e+008
6478,1.7881e+008
6479,2.1169e+008
6480,1.9378e+008
6481,1.979e+008
6482,1.9233e+008
6483,1.9227e+008
6484,1.9596e+008
6485,2.0239e+008
6486,1.9983e+008
6487,2.0985e+008
6488,1.9282e+008
6489,1.9332e+008
6490,1.9188e+008
6491,1.9968e+008
6492,2.0335e+008
6493,2.0182e+008
6494,2.0699e+008
6495,1.9936e+008
6496,2.089e+008
6497,1.9394e+008
6498,1.9555e+008
6499,1.9754e+008
6500,1.9574e+008
6501,2.0157e+008
6502,2.0302e+008
6503,2.0791e+008
6504,1.825e+008
6505,1.9721e+008
6506,2.0898e+008
6507,1.9256e+008
6508,1.9235e+008
6509,1.9694e+008
6510,1.9797e+008
6511,1.9546e+008
6512,2.005e+008
6513,2.019e+008
6514,2.0412e+008
6515,2.0902e+008
6516,1.9071e+008
6517,1.9204e+008
6518,1.9706e+008
6519,2.0051e+008
6520,1.9571e+008
6521,2.0689e+008
6522,2.0153e+008
6523,2.0389e+008
6524,2.0957e+008
6525,1.9824e+008
6526,1.9189e+008
6527,2.0023e+008
6528,1.9586e+008
6529,2.0568e+008
6530,2.0425e+008
6531,2.0735e+008
6532,1.882e+008
6533,2.1009e+008
6534,1.9621e+008
6535,1.9685e+008
6536,1.9739e+008
6537,2.0128e+008
6538,2.0504e+008
6539,2.0517e+008
6540,2.0429e+008
6541,2.0986e+008
6542,1.9595e+008
6543,1.9649e+008
6544,1.9725e+008
6545,2.0281e+008
6546,2.0525e+008
6547,2.0042e+008
6548,2.0301e+008
6549,2.0436e+008
6550,2.0622e+008
6551,2.0977e+008
6552,1.9511e+008
6553,1.9807e+008
6554,2.0204e+008
6555,2.0413e+008
6556,2.0667e+008
6557,2.0227e+008
6558,2.0992e+008
6559,1.8939e+008
6560,2.0102e+008
6561,1.9369e+008
6562,1.9572e+008
6563,2.0232e+008
6564,2.04e+008
6565,2.0497e+008
6566,2.0623e+008
6567,2.0139e+008
6568,2.0949e+008
6569,1.9904e+008
6570,1.968e+008
6571,2.0887e+008
6572,2.0377e+008
6573,2.0361e+008
6574,2.0825e+008
6575,2.095e+008
6576,1.9801e+008
6577,2.0126e+008
6578,2.0729e+008
6579,2.0723e+008
6580,2.0859e+008
6581,1.8795e+008
6582,2.0722e+008
6583,2.1039e+008
6584,2.0155e+008
6585,1.9698e+008
6586,1.9395e+008
6587,2.0377e+008
6588,2.0823e+008
6589,2.0691e+008
6590,1.9434e+008
6591,2.0771e+008
6592,2.0736e+008
6593,2.1062e+008
6594,1.9966e+008
6595,2.0298e+008
6596,2.0382e+008
6597,2.0444e+008
6598,2.082e+008
6599,2.0635e+008
6600,2.0998e+008
6601,1.8715e+008
6602,2.1019e+008
6603,1.9185e+008
6604,1.9804e+008
6605,1.9624e+008
6606,2.0472e+008
6607,2.087e+008
6608,2.0307e+008
6609,2.0543e+008
6610,2.0955e+008
6611,2.0986e+008
6612,1.8404e+008
6613,1.9173e+008
6614,2.0502e+008
6615,1.9585e+008
6616,2.0841e+008
6617,2.0285e+008
6618,2.0949e+008
6619,2.1021e+008
6620,2.0288e+008
6621,1.7957e+008
6622,1.8777e+008
6623,2.043e+008
6624,2.0485e+008
6625,2.0458e+008
6626,2.1013e+008
6627,2.1034e+008
6628,1.9949e+008
6629,2.005e+008
6630,1.9452e+008
6631,2.0541e+008
6632,2.0332e+008
6633,2.0478e+008
6634,2.0356e+008
6635,2.0982e+008
6636,2.103e+008
6637,2.0885e+008
6638,2.0979e+008
6639,1.924e+008
6640,1.9934e+008
6641,1.9433e+008
6642,2.0462e+008
6643,2.0004e+008
6644,2.0356e+008
6645,2.1011e+008
6646,2.0526e+008
6647,2.0871e+008
6648,2.0958e+008
6649,1.9442e+008
6650,1.9497e+008
6651,2.036e+008
6652,2.0163e+008
6653,2.0326e+008
6654,1.9936e+008
6655,2.1094e+008
6656,1.996e+008
6657,2.0621e+008
6658,2.0982e+008
6659,1.8834e+008
6660,1.9175e+008
6661,1.9973e+008
6662,2.0431e+008
6663,2.099e+008
6664,1.9743e+008
6665,2.1072e+008
6666,2.0443e+008
6667,2.1058e+008
6668,2.0489e+008
6669,1.7662e+008
6670,1.8935e+008
6671,1.9959e+008
6672,2.0516e+008
6673,2.0249e+008
6674,2.1006e+008
6675,2.0798e+008
6676,2.0488e+008
6677,2.1069e+008
6678,1.9841e+008
6679,2.0532e+008
6680,2.0575e+008
6681,2.0387e+008
6682,2.084e+008
6683,2.1058e+008
6684,1.9545e+008
6685,1.988e+008
6686,2.0519e+008
6687,1.967e+008
6688,2.069e+008
6689,2.041e+008
6690,2.1031e+008
6691,2.0831e+008
6692,1.9452e+008
6693,2.109e+008
6694,1.9318e+008
6695,1.9333e+008
6696,1.9781e+008
6697,2.0836e+008
6698,2.0766e+008
6699,2.062e+008
6700,2.02e+008
6701,2.1027e+008
6702,2.1043e+008
6703,1.9337e+008
6704,1.9477e+008
6705,2.0775e+008
6706,2.0331e+008
6707,2.077e+008
6708,2.0287e+008
6709,2.1023e+008
6710,2.105e+008
6711,2.049e+008
6712,1.8742e+008
6713,1.9344e+008
6714,2.0697e+008
6715,2.073e+008
6716,2.032e+008
6717,2.0995e+008
6718,2.0496e+008
6719,2.1116e+008
6720,1.9537e+008
6721,2.0309e+008
6722,1.9717e+008
6723,2.0831e+008
6724,2.0402e+008
6725,2.0456e+008
6726,2.0414e+008
6727,2.1105e+008
6728,1.947e+008
6729,1.957e+008
6730,2.0421e+008
6731,1.9704e+008
6732,2.024e+008
6733,2.0408e+008
6734,2.0476e+008
6735,2.1009e+008
6736,2.1091e+008
6737,1.9285e+008
6738,1.9621e+008
6739,2.0389e+008
6740,2.0326e+008
6741,2.0461e+008
6742,2.1032e+008
6743,2.0999e+008
6744,2.1098e+008
6745,1.8202e+008
6746,1.9208e+008
6747,1.9402e+008
6748,2.0385e+008
6749,1.9874e+008
6750,2.0499e+008
6751,2.0469e+008
6752,2.0418e+008
6753,2.0979e+008
6754,2.1111e+008
6755,1.9354e+008
6756,1.9673e+008
6757,1.9926e+008
6758,2.0833e+008
6759,2.0498e+008
6760,2.0492e+008
6761,2.0569e+008
6762,2.1044e+008
6763,1.9647e+008
6764,1.9507e+008
6765,1.9876e+008
6766,1.9918e+008
6767,2.082e+008
6768,2.0871e+008
6769,2.0553e+008
6770,2.0503e+008
6771,2.1117e+008
6772,1.9754e+008
6773,2.0203e+008
6774,1.9763e+008
6775,2.068e+008
6776,2.0485e+008
6777,2.0883e+008
6778,2.0601e+008
6779,1.9714e+008
6780,2.1177e+008
6781,2.0117e+008
6782,1.9887e+008
6783,2.0805e+008
6784,2.0833e+008
6785,2.047e+008
6786,2.0901e+008
6787,2.1087e+008
6788,1.9864e+008
6789,2.0769e+008
6790,2.0969e+008
6791,2.0873e+008
6792,2.0299e+008
6793,2.0924e+008
6794,1.9927e+008
6795,1.9829e+008
6796,2.0745e+008
6797,1.9561e+008
6798,2.0471e+008
6799,2.0952e+008
6800,2.0863e+008
6801,2.0286e+008
6802,2.0908e+008
6803,1.9117e+008
6804,2.0099e+008
6805,2.03e+008
6806,1.9377e+008
6807,2.054e+008
6808,1.8518e+008
6809,2.0774e+008
6810,2.0156e+008
6811,2.0772e+008
6812,2.0994e+008
6813,1.9828e+008
6814,1.8902e+008
6815,2.0473e+008
6816,2.0059e+008
6817,2.0261e+008
6818,2.0831e+008
6819,2.0092e+008
6820,2.094e+008
6821,1.9503e+008
6822,1.9772e+008
6823,2.0509e+008
6824,1.9601e+008
6825,2.0089e+008
6826,2.0087e+008
6827,2.0271e+008
6828,2.0792e+008
6829,2.0884e+008
6830,1.9496e+008
6831,1.9646e+008
6832,1.965e+008
6833,1.9514e+008
6834,2.0167e+008
6835,2.0175e+008
6836,2.0806e+008
6837,2.083e+008
6838,1.9385e+008
6839,1.9625e+008
6840,1.9642e+008
6841,2.0278e+008
6842,2.0687e+008
6843,2.0081e+008
6844,2.0862e+008
6845,2.0832e+008
6846,1.9419e+008
6847,1.8778e+008
6848,1.9262e+008
6849,1.9678e+008
6850,1.9874e+008
6851,2.0499e+008
6852,2.069e+008
6853,2.0045e+008
6854,2.0189e+008
6855,2.0839e+008
6856,1.9368e+008
6857,1.9236e+008
6858,2.0028e+008
6859,2.0584e+008
6860,1.9953e+008
6861,2.0312e+008
6862,2.1036e+008
6863,1.9909e+008
6864,1.9292e+008
6865,1.8383e+008
6866,1.9272e+008
6867,1.9852e+008
6868,1.8741e+008
6869,1.9991e+008
6870,2.0331e+008
6871,1.9463e+008
6872,1.8488e+008
6873,2.0115e+008
6874,1.8647e+008
6875,2.0179e+008
6876,2.0389e+008
6877,1.8989e+008
6878,1.9207e+008
6879,1.9197e+008
6880,2.0225e+008
6881,2.0544e+008
6882,1.5787e+008
6883,2.0027e+008
6884,2.0728e+008
6885,2.0431e+008
6886,2.0712e+008
6887,1.7436e+008
6888,1.9099e+008
6889,2.0688e+008
6890,2.0574e+008
6891,2.5974e+006
6892,2.1323e+006
6893,2.0776e+008
6894,1.8702e+008
6895,2.0932e+008
6896,1.9948e+008
6897,2.0553e+008
6898,1.8904e+008
6899,1.9398e+008
6900,2.0719e+008
6901,2.0977e+008
6902,7.1557e+006
6903,3.2563e+006
6904,2.9432e+006
6905,4.5806e+006
6906,6.7374e+006
6907,2.3261e+006
6908,1.6831e+007
6909,2.7459e+006
6910,1.4747e+007
6911,9.8784e+006
6912,2.9498e+007
6913,5.36e+006
6914,2.1487e+007
6915,3.0062e+007
6916,4.3442e+007
6917,6.3278e+006
6918,3.5879e+007
6919,6.1325e+007
6920,5.4096e+007
6921,4.403e+007
6922,8.348e+007
6923,7.7252e+007
6924,6.4056e+007
6925,1.1354e+008
6926,8.959e+007
6927,1.0578e+008
6928,1.527e+008
6929,1.4248e+008
6930,1.2362e+008
6931,1.9594e+008
6932,1.6389e+008
6933,1.8506e+008
6934,2.3514e+008
6935,1.4326e+007
6936,2.0692e+008
6937,2.3161e+008
6938,2.5147e+008
6939,2.5586e+008
6940,2.4897e+008
6941,2.4925e+008
6942,2.4122e+008
6943,2.5478e+008
6944,1.0533e+008
6945,2.3419e+008
6946,2.4011e+008
6947,2.4001e+008
6948,1.3023e+008
6949,1.365e+008
6950,1.042e+008
6951,2.1761e+008
6952,2.1638e+008
6953,2.2603e+008
6954,1.7967e+008
6955,1.1641e+008
6956,2.124e+008
6957,2.1379e+008
6958,2.1328e+008
6959,1.7698e+008
6960,2.0355e+008
6961,1.938e+008
6962,2.094e+008
6963,2.1078e+008
6964,2.0098e+008
6965,1.9427e+008
6966,2.0965e+008
6967,1.0775e+008
6968,1.7472e+008
6969,1.1671e+008
6970,1.7179e+008
6971,1.7163e+008
6972,1.6127e+008
6973,1.884e+008
6974,1.8752e+008
6975,6.6171e+007
6976,7.8763e+007
6977,7.6654e+007
6978,6.2561e+007
6979,1.1006e+008
6980,1.0039e+008
6981,6.7202e+007
6982,6.3218e+007
6983,1.1136e+008
6984,1.4401e+008
6985,8.8636e+007
6986,5.5137e+007
6987,1.3188e+008
6988,7.5668e+007
6989,5.1532e+007
6990,8.2631e+007
6991,1.0963e+008
6992,2.3571e+006
6993,3.8247e+006
6994,1.3048e+006
6995,3.7389e+006
6996,3.8515e+006
6997,9.9571e+005
6998,4.3875e+006
6999,6.369e+006
7000,9.8065e+005
7001,5.3573e+006
7002,5.4924e+006
7003,8.6979e+006
7004,8.2845e+005
7005,8.8729e+006
7006,8.1134e+006
7007,7.0261e+006
7008,3.6993e+006
7009,3.9248e+006
7010,8.8107e+006
7011,3.1715e+005
7012,9.6366e+006
7013,9.2233e+006
7014,4.6841e+006
7015,6.8416e+006
7016,8.188e+005
7017,7.5082e+006
7018,8.57e+006
7019,3.2915e+006
7020,4.3321e+006
7021,8.3458e+005
7022,5.4926e+006
7023,6.2291e+006
7024,2.0254e+006
7025,2.8074e+006
7026,1.1521e+006
7027,4.332e+006
7028,1.641e+006
7029,2.1429e+008
7030,1.9654e+008
7031,2.0993e+008
7032,1.6684e+008
7033,2.0912e+008
7034,2.1717e+008
7035,2.1457e+008
7036,2.1459e+008
7037,1.7164e+008
7038,1.7133e+008
7039,2.1131e+008
7040,2.1348e+008
7041,2.0244e+008
7042,2.2116e+008
7043,2.144e+008
7044,2.1275e+008
7045,2.1273e+008
7046,1.6976e+008
7047,2.0057e+008
7048,1.777e+008
7049,2.3785e+008
7050,2.1859e+008
7051,2.2881e+008
7052,9.5351e+007
7053,1.757e+008
7054,1.8358e+008
7055,2.4929e+008
7056,2.4766e+008
7057,2.3964e+008
7058,1.0576e+008
7059,1.3934e+008
7060,1.3921e+008
7061,2.4567e+008
7062,2.5601e+008
7063,2.4826e+008
7064,2.5687e+008
7065,1.3981e+008
7066,2.2157e+008
7067,1.4012e+007
7068,1.3897e+007
7069,2.3776e+008
7070,2.5183e+008
7071,1.7872e+008
7072,1.734e+007
7073,1.2928e+007
7074,2.1788e+008
7075,1.8703e+008
7076,1.3544e+008
7077,1.3997e+007
7078,1.6405e+008
7079,1.3609e+008
7080,7.66e+007
7081,9.7689e+007
7082,1.1567e+008
7083,1.0544e+008
7084,5.6385e+007
7085,7.0499e+007
7086,7.0743e+006
7087,1.1313e+007
7088,7.3713e+007
7089,8.8002e+007
7090,5.1115e+007
7091,5.6943e+006
7092,6.3689e+007
7093,5.4522e+007
7094,3.4609e+007
7095,4.9255e+006
7096,4.5115e+007
7097,3.771e+007
7098,2.165e+007
7099,4.2266e+006
7100,2.4916e+007
7101,3.0561e+007
7102,1.0733e+007
7103,3.1636e+006
7104,1.9061e+007
7105,1.4053e+007
7106,2.0724e+006
7107,2.4379e+006
7108,5.7233e+006
7109,8.9424e+006
7110,1.2263e+008
7111,1.8367e+008
7112,1.2527e+008
7113,1.5558e+008
7114,1.9912e+008
7115,1.9708e+008
7116,1.9878e+008
7117,1.722e+008
7118,6.1044e+007
7119,7.7635e+007
7120,7.9927e+007
7121,9.0344e+007
7122,6.2968e+007
7123,1.0775e+008
7124,8.23e+007
7125,1.0783e+008
7126,1.4061e+008
7127,7.2512e+007
7128,6.1005e+007
7129,5.3834e+007
7130,7.8645e+007
7131,5.0394e+007
7132,5.008e+007
7133,1.0705e+008
7134,2.5712e+007
7135,2.8819e+007
7136,2.9972e+007
7137,1.5794e+007
7138,1.6755e+007
7139,1.1873e+007
7140,1.9835e+007
7141,2.3894e+007
7142,1.4651e+007
7143,1.349e+007
7144,1.1768e+007
7145,1.2014e+007
7146,1.4731e+007
7147,2.7905e+006
7148,2.7325e+006
7149,2.6261e+007
7150,2.1733e+007
7151,2.3924e+007
7152,1.295e+007
7153,1.4193e+007
7154,2.8585e+007
7155,3.0364e+007
7156,1.6585e+007
7157,1.8285e+007
7158,2.0941e+008
7159,1.4431e+008
7160,1.354e+008
7161,2.02e+008
7162,2.0775e+008
7163,1.8838e+008
7164,1.1872e+008
7165,1.5028e+008
7166,2.0819e+008
7167,2.1166e+008
7168,2.0233e+008
7169,2.1862e+008
7170,1.3423e+008
7171,1.4687e+008
7172,1.8991e+008
7173,8.992e+007
7174,8.8455e+007
7175,1.8888e+008
7176,2.0332e+008
7177,1.8252e+008
7178,5.3236e+007
7179,1.2302e+008
7180,1.2382e+008
7181,1.978e+008
7182,1.1808e+008
7183,2.0609e+008
7184,2.0824e+008
7185,1.3244e+008
7186,1.4546e+008
7187,1.361e+008
7188,2.126e+008
7189,2.0862e+008
7190,2.2862e+008
7191,1.1258e+008
7192,9.8577e+007
7193,1.2274e+008
7194,1.632e+008
7195,1.7342e+008
7196,1.512e+008
7197,1.2114e+008
7198,1.3884e+008
7199,1.3463e+008
7200,1.2887e+008
7201,1.2917e+008
7202,1.5e+008
7203,1.1414e+008
7204,1.164e+008
7205,1.105e+008
7206,2.1211e+008
7207,1.777e+008
7208,1.428e+008
7209,1.8579e+008
7210,1.9646e+008
7211,2.0185e+008
7212,1.6502e+008
7213,1.5413e+008
7214,1.7086e+008
7215,1.4988e+008
7216,1.5258e+008
7217,1.8528e+008
7218,2.1275e+008
7219,1.9675e+008
7220,1.9538e+008
7221,2.0314e+008
7222,1.9961e+008
7223,1.6308e+008
7224,1.6946e+008
7225,1.6952e+008
7226,2.1473e+008
7227,1.942e+008
7228,1.9919e+008
7229,2.0513e+008
7230,1.8174e+008
7231,1.7147e+008
7232,1.7172e+008
7233,1.9112e+008
7234,2.13e+008
7235,1.9371e+008
7236,1.925e+008
7237,2.0822e+008
7238,2.0488e+008
7239,1.8793e+008
7240,1.8056e+008
7241,1.9089e+008
7242,2.1043e+008
7243,1.8914e+008
7244,1.9279e+008
7245,2.0652e+008
7246,1.866e+008
7247,1.8931e+008
7248,1.7112e+008
7249,2.0829e+008
7250,1.9129e+008
7251,1.8594e+008
7252,2.0452e+008
7253,2.0698e+008
7254,1.8671e+008
7255,1.9691e+008
7256,1.7144e+008
7257,1.7036e+008
7258,1.8706e+008
7259,1.8794e+008
7260,2.0736e+008
7261,1.8774e+008
7262,1.8641e+008
7263,2.0495e+008
7264,1.9768e+008
7265,1.9548e+008
7266,1.8633e+008
7267,2.0795e+008
7268,1.8819e+008
7269,1.8427e+008
7270,2.0774e+008
7271,2.0649e+008
7272,1.963e+008
7273,1.9547e+008
7274,1.8171e+008
7275,2.0853e+008
7276,1.9038e+008
7277,1.8881e+008
7278,2.0743e+008
7279,2.0896e+008
7280,1.9643e+008
7281,1.9618e+008
7282,2.0005e+008
7283,1.8167e+008
7284,2.0928e+008
7285,1.9208e+008
7286,1.8982e+008
7287,2.097e+008
7288,1.9579e+008
7289,1.947e+008
7290,1.9977e+008
7291,2.0053e+008
7292,2.0926e+008
7293,1.9189e+008
7294,1.8934e+008
7295,2.1007e+008
7296,2.098e+008
7297,1.947e+008
7298,1.9812e+008
7299,1.9958e+008
7300,2.09e+008
7301,1.8961e+008
7302,1.8962e+008
7303,2.0977e+008
7304,2.1077e+008
7305,1.9883e+008
7306,1.9456e+008
7307,2.0524e+008
7308,1.9816e+008
7309,2.0857e+008
7310,1.9037e+008
7311,1.8822e+008
7312,2.1029e+008
7313,1.9892e+008
7314,2.0506e+008
7315,2.0777e+008
7316,1.8665e+008
7317,1.8155e+008
7318,2.096e+008
7319,2.1028e+008
7320,1.9799e+008
7321,2.0302e+008
7322,2.0462e+008
7323,2.0101e+008
7324,2.0072e+008
7325,2.0835e+008
7326,1.8359e+008
7327,1.9123e+008
7328,2.0847e+008
7329,2.0268e+008
7330,2.0167e+008
7331,1.9777e+008
7332,2.091e+008
7333,2.0944e+008
7334,1.9005e+008
7335,2.0814e+008
7336,2.0992e+008
7337,2.0326e+008
7338,1.971e+008
7339,2.1017e+008
7340,2.0889e+008
7341,1.8341e+008
7342,1.9131e+008
7343,2.0793e+008
7344,2.0186e+008
7345,2.0075e+008
7346,2.0392e+008
7347,2.102e+008
7348,2.0753e+008
7349,1.8449e+008
7350,1.7944e+008
7351,2.0818e+008
7352,2.0787e+008
7353,2.0841e+008
7354,2.0079e+008
7355,2.0707e+008
7356,1.9835e+008
7357,2.0183e+008
7358,2.0168e+008
7359,2.0866e+008
7360,1.9662e+008
7361,1.8416e+008
7362,1.9209e+008
7363,2.0588e+008
7364,2.0156e+008
7365,2.0772e+008
7366,2.023e+008
7367,2.1053e+008
7368,1.9183e+008
7369,1.924e+008
7370,2.088e+008
7371,2.0853e+008
7372,2.0142e+008
7373,1.9867e+008
7374,2.0786e+008
7375,2.0534e+008
7376,2.1066e+008
7377,1.9588e+008
7378,1.9234e+008
7379,2.0938e+008
7380,2.0573e+008
7381,2.1181e+008
7382,2.0546e+008
7383,2.1048e+008
7384,1.9475e+008
7385,1.9369e+008
7386,2.0921e+008
7387,2.0924e+008
7388,2.1123e+008
7389,2.0385e+008
7390,2.1062e+008
7391,1.9575e+008
7392,1.9681e+008
7393,2.0909e+008
7394,2.0265e+008
7395,2.1162e+008
7396,2.1036e+008
7397,2.0533e+008
7398,2.107e+008
7399,1.9813e+008
7400,1.954e+008
7401,2.0887e+008
7402,2.0884e+008
7403,2.0233e+008
7404,2.101e+008
7405,2.0143e+008
7406,2.088e+008
7407,2.1109e+008
7408,1.9893e+008
7409,1.9853e+008
7410,2.0907e+008
7411,2.0898e+008
7412,2.1117e+008
7413,2.0205e+008
7414,2.0366e+008
7415,2.0912e+008
7416,2.0685e+008
7417,2.1128e+008
7418,1.9778e+008
7419,1.955e+008
7420,2.0932e+008
7421,2.1112e+008
7422,2.031e+008
7423,2.0853e+008
7424,2.0991e+008
7425,2.1085e+008
7426,1.9427e+008
7427,1.9026e+008
7428,2.0976e+008
7429,2.1e+008
7430,2.0815e+008
7431,2.1019e+008
7432,2.0997e+008
7433,2.0525e+008
7434,2.1016e+008
7435,1.9169e+008
7436,1.8235e+008
7437,2.0559e+008
7438,2.0877e+008
7439,2.0905e+008
7440,2.0349e+008
7441,2.1131e+008
7442,2.0971e+008
7443,2.0558e+008
7444,2.1006e+008
7445,2.0625e+008
7446,2.0654e+008
7447,2.0808e+008
7448,2.0826e+008
7449,2.0232e+008
7450,2.0431e+008
7451,2.1124e+008
7452,1.9487e+008
7453,2.1032e+008
7454,1.8017e+008
7455,1.9148e+008
7456,2.0574e+008
7457,2.0836e+008
7458,2.0858e+008
7459,2.0189e+008
7460,2.1128e+008
7461,2.0983e+008
7462,2.0253e+008
7463,2.105e+008
7464,1.8977e+008
7465,1.8767e+008
7466,2.0912e+008
7467,2.093e+008
7468,2.0891e+008
7469,2.0992e+008
7470,2.0166e+008
7471,2.105e+008
7472,1.93e+008
7473,1.8912e+008
7474,2.0877e+008
7475,2.0883e+008
7476,2.0893e+008
7477,2.0944e+008
7478,2.0088e+008
7479,2.0245e+008
7480,2.1085e+008
7481,1.9417e+008
7482,1.9304e+008
7483,2.0846e+008
7484,2.0951e+008
7485,2.0158e+008
7486,2.0975e+008
7487,1.9099e+008
7488,1.8697e+008
7489,2.0946e+008
7490,2.0952e+008
7491,2.0959e+008
7492,2.0608e+008
7493,2.0943e+008
7494,1.9255e+008
7495,1.8627e+008
7496,2.0665e+008
7497,2.1092e+008
7498,2.0733e+008
7499,1.9995e+008
7500,1.8993e+008
7501,2.1022e+008
7502,1.8241e+008
7503,1.9481e+008
7504,2.0806e+008
7505,2.0824e+008
7506,2.1126e+008
7507,2.0063e+008
7508,1.9802e+008
7509,2.0999e+008
7510,1.883e+008
7511,1.9265e+008
7512,2.0927e+008
7513,2.0928e+008
7514,2.1154e+008
7515,2.1005e+008
7516,1.9949e+008
7517,2.0991e+008
7518,1.9345e+008
7519,1.9488e+008
7520,2.072e+008
7521,2.0968e+008
7522,2.0225e+008
7523,2.039e+008
7524,1.9328e+008
7525,2.1015e+008
7526,1.904e+008
7527,1.8309e+008
7528,2.0909e+008
7529,2.092e+008
7530,2.0795e+008
7531,2.1008e+008
7532,1.9964e+008
7533,2.0182e+008
7534,2.1006e+008
7535,2.0956e+008
7536,1.8424e+008
7537,1.8837e+008
7538,2.084e+008
7539,2.0855e+008
7540,2.0782e+008
7541,2.0012e+008
7542,2.0991e+008
7543,2.0984e+008
7544,1.9225e+008
7545,1.9975e+008
7546,2.0701e+008
7547,1.9751e+008
7548,2.0221e+008
7549,2.1027e+008
7550,2.1093e+008
7551,1.8985e+008
7552,1.9605e+008
7553,2.0924e+008
7554,2.0882e+008
7555,2.1068e+008
7556,1.9454e+008
7557,2.0364e+008
7558,2.1034e+008
7559,2.1113e+008
7560,1.9389e+008
7561,1.8912e+008
7562,2.0938e+008
7563,2.0977e+008
7564,2.111e+008
7565,2.0868e+008
7566,2.0352e+008
7567,2.0204e+008
7568,2.1049e+008
7569,1.9656e+008
7570,1.9515e+008
7571,2.0902e+008
7572,2.0878e+008
7573,2.0367e+008
7574,2.0181e+008
7575,2.0969e+008
7576,1.9144e+008
7577,1.8974e+008
7578,2.0843e+008
7579,2.089e+008
7580,2.0938e+008
7581,2.0875e+008
7582,2.0823e+008
7583,1.9972e+008
7584,2.0967e+008
7585,1.943e+008
7586,1.9034e+008
7587,2.0757e+008
7588,2.0892e+008
7589,2.004e+008
7590,2.0216e+008
7591,2.1046e+008
7592,1.8756e+008
7593,1.9575e+008
7594,2.0807e+008
7595,2.0847e+008
7596,2.1045e+008
7597,2.0907e+008
7598,2.0346e+008
7599,1.9907e+008
7600,2.1127e+008
7601,1.918e+008
7602,1.9518e+008
7603,2.0929e+008
7604,2.0951e+008
7605,2.1127e+008
7606,2.0362e+008
7607,2.0646e+008
7608,2.1075e+008
7609,1.9303e+008
7610,1.9342e+008
7611,2.0925e+008
7612,2.0236e+008
7613,2.1045e+008
7614,2.0695e+008
7615,2.1055e+008
7616,2.0264e+008
7617,1.9113e+008
7618,2.0836e+008
7619,2.0944e+008
7620,2.0124e+008
7621,2.103e+008
7622,2.1004e+008
7623,2.0531e+008
7624,2.0271e+008
7625,2.0888e+008
7626,2.0914e+008
7627,2.0187e+008
7628,2.1101e+008
7629,2.065e+008
7630,2.0952e+008
7631,1.9688e+008
7632,2.0575e+008
7633,2.0824e+008
7634,2.0847e+008
7635,2.0637e+008
7636,1.9393e+008
7637,2.0686e+008
7638,2.0881e+008
7639,2.0333e+008
7640,1.9454e+008
7641,2.101e+008
7642,2.0537e+008
7643,2.1019e+008
7644,2.0645e+008
7645,2.0981e+008
7646,1.8798e+008
7647,1.3535e+008
7648,1.5541e+008
7649,1.6979e+008
7650,1.6367e+008
7651,1.3949e+008
7652,1.5316e+008
7653,1.5228e+008
7654,1.2508e+008
7655,1.4565e+008
7656,1.565e+008
7657,2.0096e+008
7658,1.6882e+008
7659,1.7308e+008
7660,1.726e+008
7661,1.792e+008
7662,1.6849e+008
7663,1.6038e+008
7664,1.1952e+008
7665,1.3045e+008
7666,1.0174e+008
7667,1.4935e+008
7668,1.4967e+008
7669,2.0225e+008
7670,1.7661e+008
7671,1.8745e+008
7672,1.8444e+008
7673,1.9062e+008
7674,1.7583e+008
7675,1.6129e+008
7676,1.8831e+008
7677,1.2478e+008
7678,1.6274e+008
7679,1.5765e+008
7680,1.9962e+008
7681,1.7988e+008
7682,1.8274e+008
7683,2.0259e+008
7684,1.8815e+008
7685,1.9619e+008
7686,1.6747e+008
7687,1.8421e+008
7688,1.5506e+008
7689,1.2966e+008
7690,1.8223e+008
7691,1.089e+008
7692,2.0474e+008
7693,2.0149e+008
7694,1.8395e+008
7695,1.8883e+008
7696,1.9973e+008
7697,2.0053e+008
7698,1.6387e+008
7699,2.064e+008
7700,1.6673e+008
7701,1.588e+008
7702,2.0397e+008
7703,1.4482e+008
7704,1.4274e+008
7705,1.8215e+008
7706,2.0626e+008
7707,1.9981e+008
7708,1.9232e+008
7709,1.9051e+008
7710,1.9602e+008
7711,2.0089e+008
7712,2.0926e+008
7713,1.6602e+008
7714,1.9116e+008
7715,2.024e+008
7716,1.4316e+008
7717,2.0171e+008
7718,1.9677e+008
7719,1.8654e+008
7720,1.8283e+008
7721,1.9694e+008
7722,1.9429e+008
7723,1.4817e+008
7724,1.9978e+008
7725,1.8756e+008
7726,1.9975e+008
7727,1.5925e+008
7728,1.7723e+008
7729,1.9889e+008
7730,1.3925e+008
7731,1.7856e+008
7732,1.4919e+008
7733,2.0296e+008
7734,1.7048e+008
7735,1.7972e+008
7736,1.9365e+008
7737,1.9568e+008
7738,1.9391e+008
7739,1.8738e+008
7740,1.4421e+008
7741,1.9627e+008
7742,1.2949e+008
7743,1.7827e+008
7744,1.6099e+008
7745,1.1925e+008
7746,1.7984e+008
7747,1.2797e+008
7748,1.9872e+008
7749,1.8374e+008
7750,1.8237e+008
7751,1.8983e+008
7752,1.9384e+008
7753,1.9522e+008
7754,1.7286e+008
7755,1.6325e+008
7756,1.1434e+008
7757,1.8808e+008
7758,1.4303e+008
7759,1.7748e+008
7760,1.3077e+008
7761,1.392e+008
7762,1.6901e+008
7763,1.7063e+008
7764,1.6654e+008
7765,1.7512e+008
7766,1.4756e+008
7767,1.4967e+008
7768,1.5592e+008
7769,1.5686e+008
7770,1.2525e+008
7771,1.4165e+008
7772,1.2436e+008
7773,1.7585e+008
7774,1.4765e+008
7775,1.888e+008
7776,1.9941e+008
7777,2.1215e+008
7778,1.8926e+008
7779,2.0946e+008
7780,1.9346e+008
7781,1.4708e+008
7782,1.9626e+008
7783,1.5786e+008
7784,1.6998e+008
7785,1.4444e+008
7786,1.7196e+008
7787,1.9445e+008
7788,1.6944e+008
7789,1.6477e+008
7790,9.426e+007
7791,1.2249e+008
7792,9.2167e+007
7793,1.1477e+008
7794,1.2674e+008
7795,1.0949e+008
7796,1.2281e+008
7797,1.0636e+008
7798,1.0274e+008
7799,8.0338e+007
7800,8.353e+007
7801,7.9269e+007
7802,9.9187e+007
7803,9.2818e+007
7804,7.769e+007
7805,7.8263e+007
7806,6.9832e+007
7807,1.9122e+008
7808,2.0824e+008
7809,2.0606e+008
7810,1.8946e+008
7811,1.9207e+008
7812,2.0571e+008
7813,2.1196e+008
7814,1.9233e+008
7815,2.0237e+008
7816,2.0558e+008
7817,1.7897e+008
7818,2.0349e+008
7819,2.0564e+008
7820,2.0724e+008
7821,1.4585e+008
7822,1.5237e+008
7823,1.4461e+008
7824,1.0887e+008
7825,1.6289e+008
7826,1.8547e+008
7827,1.9261e+008
7828,1.6376e+008
7829,1.5588e+008
7830,1.5314e+008
7831,9.8211e+007
7832,9.8712e+007
7833,1.2467e+008
7834,1.1837e+008
7835,1.2127e+008
7836,1.2645e+008
7837,1.0452e+008
7838,1.098e+008
7839,9.3833e+007
7840,7.4609e+007
7841,9.0014e+007
7842,8.4339e+007
7843,9.7435e+007
7844,7.6573e+007
7845,9.1782e+007
7846,6.976e+007
7847,8.1286e+007
7848,8.0455e+007
7849,6.664e+007
7850,1.7294e+008
7851,1.8609e+008
7852,1.6858e+008
7853,1.7954e+008
7854,1.5754e+008
7855,1.6417e+008
7856,1.8587e+008
7857,1.8706e+008
7858,1.7041e+008
7859,1.8999e+008
7860,1.7034e+008
7861,1.7463e+008
7862,1.7054e+008
7863,1.2328e+008
7864,1.2398e+008
7865,1.2574e+008
7866,1.4542e+008
7867,1.3692e+008
7868,1.3158e+008
7869,1.4673e+008
7870,1.2502e+008
7871,1.4484e+008
7872,1.4379e+008
7873,1.3095e+008
7874,1.4472e+008
7875,1.4397e+008
7876,1.1242e+008
7877,1.2429e+008
7878,1.1046e+008
7879,1.1504e+008
7880,1.2058e+008
7881,9.9266e+007
7882,1.0327e+008
7883,1.0342e+008
7884,1.0782e+008
7885,8.3437e+007
7886,2.0971e+008
7887,1.8629e+008
7888,1.9428e+008
7889,1.9169e+008
7890,2.0496e+008
7891,1.9018e+008
7892,1.9719e+008
7893,2.0862e+008
7894,2.0878e+008
7895,1.9421e+008
7896,2.0023e+008
7897,1.8972e+008
7898,1.9644e+008
7899,1.9576e+008
7900,2.0402e+008
7901,2.071e+008
7902,2.0463e+008
7903,2.0892e+008
7904,2.0171e+008
7905,1.9656e+008
7906,1.9577e+008
7907,2.0347e+008
7908,2.0404e+008
7909,2.0219e+008
7910,2.0446e+008
7911,2.0275e+008
7912,2.0913e+008
7913,2.017e+008
7914,1.9539e+008
7915,1.9594e+008
7916,2.0808e+008
7917,2.0077e+008
7918,2.028e+008
7919,2.0153e+008
7920,2.0623e+008
7921,1.9691e+008
7922,2.0932e+008
7923,1.9544e+008
7924,1.9744e+008
7925,2.0772e+008
7926,2.0173e+008
7927,2.0912e+008
7928,2.0364e+008
7929,2.066e+008
7930,1.9883e+008
7931,2.0948e+008
7932,1.9325e+008
7933,1.8932e+008
7934,1.9231e+008
7935,2.0866e+008
7936,2.0764e+008
7937,2.0991e+008
7938,2.0839e+008
7939,2.0221e+008
7940,2.017e+008
7941,2.094e+008
7942,1.9859e+008
7943,1.9171e+008
7944,2.0813e+008
7945,2.1004e+008
7946,2.033e+008
7947,2.0325e+008
7948,2.0683e+008
7949,2.0936e+008
7950,1.9508e+008
7951,1.9516e+008
7952,2.0099e+008
7953,1.9483e+008
7954,2.0854e+008
7955,2.0098e+008
7956,1.9685e+008
7957,2.0517e+008
7958,2.0818e+008
7959,2.0968e+008
7960,1.9687e+008
7961,1.9812e+008
7962,2.003e+008
7963,2.0819e+008
7964,2.0173e+008
7965,2.0283e+008
7966,2.0876e+008
7967,2.0965e+008
7968,1.9378e+008
7969,1.9453e+008
7970,2.0045e+008
7971,2.0685e+008
7972,2.0739e+008
7973,1.9995e+008
7974,2.0885e+008
7975,2.1032e+008
7976,1.8998e+008
7977,1.9687e+008
7978,1.9819e+008
7979,2.0625e+008
7980,2.0949e+008
7981,2.0576e+008
7982,2.0523e+008
7983,2.1035e+008
7984,1.9281e+008
7985,2.0112e+008
7986,2.0823e+008
7987,2.0892e+008
7988,2.0304e+008
7989,2.1022e+008
7990,2.0051e+008
7991,1.9637e+008
7992,1.9925e+008
7993,1.9872e+008
7994,2.0545e+008
7995,2.09e+008
7996,2.0954e+008
7997,1.9102e+008
7998,2.0437e+008
7999,2.1037e+008
8000,1.9724e+008
8001,1.982e+008
8002,2.0601e+008
8003,1.9999e+008
8004,2.0438e+008
8005,2.0503e+008
8006,2.0985e+008
8007,2.0113e+008
8008,2.1044e+008
8009,1.954e+008
8010,1.998e+008
8011,2.0484e+008
8012,2.1131e+008
8013,2.0609e+008
8014,2.0515e+008
8015,1.9331e+008
8016,2.0149e+008
8017,2.1107e+008
8018,1.8949e+008
8019,1.9302e+008
8020,2.0586e+008
8021,1.9867e+008
8022,2.0673e+008
8023,2.1114e+008
8024,2.0465e+008
8025,2.0409e+008
8026,2.107e+008
8027,1.9209e+008
8028,1.8997e+008
8029,1.9863e+008
8030,2.1286e+008
8031,2.0367e+008
8032,2.0681e+008
8033,2.0485e+008
8034,2.1089e+008
8035,2.043e+008
8036,1.8905e+008
8037,1.932e+008
8038,2.0797e+008
8039,2.1214e+008
8040,2.0699e+008
8041,2.0416e+008
8042,2.0667e+008
8043,2.02e+008
8044,1.9057e+008
8045,2.1103e+008
8046,1.9404e+008
8047,2.0437e+008
8048,2.0871e+008
8049,2.0712e+008
8050,2.0982e+008
8051,2.0464e+008
8052,2.1049e+008
8053,1.9465e+008
8054,1.9281e+008
8055,2.0835e+008
8056,2.0479e+008
8057,2.081e+008
8058,2.0923e+008
8059,2.0357e+008
8060,2.0373e+008
8061,2.1031e+008
8062,1.9213e+008
8063,1.96e+008
8064,2.0454e+008
8065,2.0903e+008
8066,2.0835e+008
8067,1.9988e+008
8068,2.0432e+008
8069,2.1055e+008
8070,1.9022e+008
8071,1.9534e+008
8072,1.9797e+008
8073,2.0803e+008
8074,2.0867e+008
8075,2.0193e+008
8076,2.0493e+008
8077,2.0792e+008
8078,2.1083e+008
8079,1.9676e+008
8080,1.9529e+008
8081,1.9901e+008
8082,2.093e+008
8083,2.0528e+008
8084,2.0629e+008
8085,2.0384e+008
8086,2.067e+008
8087,2.1092e+008
8088,1.9935e+008
8089,1.967e+008
8090,2.0626e+008
8091,1.9882e+008
8092,2.0522e+008
8093,2.0962e+008
8094,2.0383e+008
8095,2.062e+008
8096,2.0587e+008
8097,2.1103e+008
8098,1.9759e+008
8099,1.9846e+008
8100,2.0679e+008
8101,2.0952e+008
8102,2.0324e+008
8103,2.0593e+008
8104,2.0755e+008
8105,2.1079e+008
8106,1.9028e+008
8107,1.9654e+008
8108,2.0084e+008
8109,2.0676e+008
8110,2.1058e+008
8111,2.0315e+008
8112,2.1014e+008
8113,2.0533e+008
8114,2.037e+008
8115,2.0735e+008
8116,2.1014e+008
8117,1.9227e+008
8118,1.9175e+008
8119,2.1025e+008
8120,2.0385e+008
8121,2.102e+008
8122,2.0085e+008
8123,2.0982e+008
8124,2.0865e+008
8125,1.889e+008
8126,1.9089e+008
8127,2.097e+008
8128,2.0521e+008
8129,1.9971e+008
8130,2.0906e+008
8131,2.0898e+008
8132,2.0966e+008
8133,1.797e+008
8134,1.9283e+008
8135,1.924e+008
8136,1.956e+008
8137,2.0372e+008
8138,2.0428e+008
8139,2.0159e+008
8140,1.9877e+008
8141,2.0908e+008
8142,2.0877e+008
8143,2.1098e+008
8144,1.9062e+008
8145,1.8927e+008
8146,1.981e+008
8147,1.9648e+008
8148,2.0404e+008
8149,2.0607e+008
8150,2.1045e+008
8151,2.1028e+008
8152,1.8896e+008
8153,1.888e+008
8154,1.961e+008
8155,2.0786e+008
8156,2.0695e+008
8157,2.0243e+008
8158,2.0577e+008
8159,2.1008e+008
8160,2.0987e+008
8161,1.9107e+008
8162,1.935e+008
8163,2.0714e+008
8164,2.0714e+008
8165,2.0353e+008
8166,2.104e+008
8167,2.0319e+008
8168,2.0963e+008
8169,1.939e+008
8170,1.9394e+008
8171,2.0241e+008
8172,2.0669e+008
8173,2.0952e+008
8174,2.0171e+008
8175,2.1032e+008
8176,2.0333e+008
8177,2.0568e+008
8178,2.1016e+008
8179,1.9153e+008
8180,1.9432e+008
8181,1.9371e+008
8182,2.0323e+008
8183,2.0469e+008
8184,2.0921e+008
8185,2.0158e+008
8186,2.0855e+008
8187,2.0448e+008
8188,2.103e+008
8189,1.9505e+008
8190,1.9769e+008
8191,2.0486e+008
8192,2.0269e+008
8193,2.0722e+008
8194,2.0212e+008
8195,2.0892e+008
8196,2.0981e+008
8197,1.973e+008
8198,1.9328e+008
8199,2.0586e+008
8200,2.0474e+008
8201,2.0233e+008
8202,2.0698e+008
8203,2.0016e+008
8204,2.0947e+008
8205,1.9195e+008
8206,1.9251e+008
8207,2.0579e+008
8208,2.0151e+008
8209,2.0655e+008
8210,2.0461e+008
8211,1.9924e+008
8212,2.0065e+008
8213,2.0995e+008
8214,1.921e+008
8215,1.958e+008
8216,2.0092e+008
8217,2.064e+008
8218,2.0691e+008
8219,2.0128e+008
8220,2.0013e+008
8221,1.9341e+008
8222,2.0998e+008
8223,2.0019e+008
8224,1.9021e+008
8225,1.9761e+008
8226,2.017e+008
8227,1.9633e+008
8228,2.0473e+008
8229,2.0591e+008
8230,2.0626e+008
8231,1.9265e+008
8232,2.0978e+008
8233,1.9548e+008
8234,2.0015e+008
8235,1.9724e+008
8236,2.0097e+008
8237,2.0635e+008
8238,2.0452e+008
8239,2.0562e+008
8240,2.0948e+008
8241,1.9547e+008
8242,1.9618e+008
8243,2.0088e+008
8244,2.0682e+008
8245,2.0291e+008
8246,2.0585e+008
8247,2.0478e+008
8248,2.0888e+008
8249,1.9239e+008
8250,1.9484e+008
8251,1.9636e+008
8252,2.0063e+008
8253,2.0187e+008
8254,2.0255e+008
8255,1.9998e+008
8256,2.0435e+008
8257,2.087e+008
8258,1.8711e+008
8259,1.9207e+008
8260,1.9471e+008
8261,1.9545e+008
8262,2.0277e+008
8263,2.0032e+008
8264,2.0241e+008
8265,2.1069e+008
8266,1.912e+008
8267,1.9573e+008
8268,1.9571e+008
8269,1.9706e+008
8270,1.9706e+008
8271,2.0031e+008
8272,2.0236e+008
8273,2.0214e+008
8274,1.8078e+008
8275,2.1249e+008
8276,1.9494e+008
8277,1.9377e+008
8278,1.9293e+008
8279,1.9995e+008
8280,1.9848e+008
8281,2.0123e+008
8282,2.0265e+008
8283,1.9269e+008
8284,2.1213e+008
8285,1.9509e+008
8286,1.9828e+008
8287,1.9205e+008
8288,1.9815e+008
8289,2.0178e+008
8290,1.9836e+008
8291,1.9275e+008
8292,1.9029e+008
8293,2.1184e+008
8294,1.9684e+008
8295,1.9773e+008
8296,1.926e+008
8297,1.9509e+008
8298,1.8904e+008
8299,1.9746e+008
8300,2.0183e+008
8301,1.9813e+008
8302,2.1079e+008
8303,1.9478e+008
8304,1.9872e+008
8305,1.9436e+008
8306,1.892e+008
8307,1.961e+008
8308,2.0251e+008
8309,1.792e+008
8310,2.1073e+008
8311,1.9563e+008
8312,1.9745e+008
8313,1.8429e+008
8314,1.9331e+008
8315,1.8848e+008
8316,1.956e+008
8317,1.7261e+008
8318,1.7947e+008
8319,2.1225e+008
8320,1.9747e+008
8321,1.9519e+008
8322,1.8503e+008
8323,1.8354e+008
8324,1.7509e+008
8325,1.9613e+008
8326,1.7345e+008
8327,1.7296e+008
8328,1.886e+008
8329,2.1237e+008
8330,1.9605e+008
8331,1.9738e+008
8332,1.8948e+008
8333,1.8463e+008
8334,1.7611e+008
8335,1.7452e+008
8336,1.6513e+008
8337,1.6359e+008
8338,1.9991e+008
8339,1.9748e+008
8340,1.9063e+008
8341,2.0648e+008
8342,1.8839e+008
8343,1.6693e+008
8344,1.648e+008
8345,1.608e+008
8346,1.631e+008
8347,1.4652e+008
8348,1.9304e+008
8349,1.6516e+008
8350,1.7793e+008
8351,1.367e+008
8352,1.4373e+008
8353,1.5497e+008
8354,1.4852e+008
8355,1.2267e+008
8356,1.1454e+008
8357,1.5092e+008
8358,1.7185e+008
8359,1.1176e+008
8360,1.1001e+008
8361,1.1101e+008
8362,9.1166e+007
8363,8.4471e+007
8364,8.026e+007
8365,8.7136e+007
8366,8.9073e+007
8367,1.1241e+008
8368,1.6601e+008
8369,1.2227e+008
8370,1.1082e+008
8371,1.0991e+008
8372,9.591e+007
8373,1.0021e+008
8374,9.9132e+007
8375,8.635
8376,1.8126
8377,4.3016
8378,2.5272
8379,43.632
8380,9.2728
8381,22.495
8382,11.879
8383,21.545
8384,9.3923
8385,191.85
8386,38.771
8387,91.155
8388,48.791
8389,949.21
8390,209.83
8391,469.51
8392,3870.9
8393,1260.7
8394,1107.6
8395,2065.4
8396,16176
8397,4323.6
8398,8071.5
8399,72679
8400,18063
8401,34097
8402,18124
8403,3.0113e+005
8404,74064
8405,1.4223e+005
8406,1.2378e+005
8407,80674
8408,9.2465e+005
8409,4.7823e+005
8410,2.7233e+005
8411,5.0758e+005
8412,3.0526e+005
8413,3.2967e+006
8414,8.6828e+005
8415,9.5207e+005
8416,1.6763e+006
8417,1.1239e+007
8418,3.2931e+006
8419,6.656e+006
8420,3.5863e+006
8421,2.7543e+007
8422,1.4354e+007
8423,3.1978e+007
8424,1.2621e+007
8425,2.035e+007
8426,2.415e+007
8427,2.3321e+007
8428,5.8446e+007
8429,4.2099e+007
8430,6.3333e+007
8431,4.523e+007
8432,3.2492e+007
8433,3.3171e+007
8434,4.3072e+007
8435,9.6196e+007
8436,8.3387e+007
8437,8.7937e+007
8438,6.1491e+007
8439,8.1384e+007
8440,6.283e+007
8441,1.2905e+008
8442,1.2956e+008
8443,1.2599e+008
8444,1.0055e+008
8445,1.0071e+008
8446,1.2259e+008
8447,9.6919e+007
8448,1.5563e+008
8449,1.445e+008
8450,1.5665e+008
8451,1.1475e+008
8452,1.4318e+008
8453,1.3795e+008
8454,1.6752e+008
8455,1.5278e+008
8456,1.6668e+008
8457,1.4854e+008
8458,12.375
8459,1.9855
8460,6.1031
8461,6.9136
8462,1.4643e+008
8463,1.6035e+008
8464,1.4895e+008
8465,1.6219e+008
8466,1.1136e+008
8467,1.4485e+008
8468,1.2765e+008
8469,1.3446e+008
8470,1.0953e+008
8471,1.2724e+008
8472,1.1381e+008
8473,7.3988e+007
8474,1.0851e+008
8475,9.1589e+007
8476,7.9789e+007
8477,9.3178e+007
8478,9.4786e+007
8479,4.0881e+007
8480,6.022e+007
8481,7.3937e+007
8482,4.8716e+007
8483,6.6531e+007
8484,5.4429e+007
8485,4.2355e+007
8486,6.6222e+007
8487,1.7774e+007
8488,2.7119e+007
8489,4.4974e+007
8490,3.6628e+007
8491,1.9396e+007
8492,2.8333e+007
8493,6.9005e+006
8494,7.0273e+006
8495,1.971e+007
8496,7.4604e+006
8497,1.2758e+007
8498,1.201e+007
8499,2.1651e+006
8500,2.3804e+006
8501,5.0371e+006
8502,2.3727e+006
8503,4.135e+006
8504,4.8647e+005
8505,6.004e+005
8506,9.9713e+005
8507,5.6276e+005
8508,1.1376e+005
8509,1.5078e+005
8510,1.0395e+005
8511,1.4619e+005
8512,2.6486e+005
8513,26235
8514,26525
8515,48679
8516,21267
8517,33508
8518,74513
8519,23765
8520,6714.1
8521,7806.7
8522,8705.2
8523,1370.9
8524,1876.1
8525,2103.1
8526,4273.6
8527,1562.1
8528,322.78
8529,380.8
8530,714.38
8531,71.846
8532,111.18
8533,68.272
8534,182.55
8535,84.529
8536,25.928
8537,34.518
8538,16.873
8539,1.9755e+007
8540,2.1307e+007
8541,1.6882e+007
8542,3.0203e+007
8543,2.3284e+007
8544,2.1918e+007
8545,2.4032e+007
8546,1.171e+007
8547,1.8623e+007
8548,1.543e+007
8549,1.2918e+007
8550,1.39e+007
8551,1.1911e+007
8552,4.2904e+006
8553,5.2436e+006
8554,4.4102e+006
8555,7.3918e+006
8556,4.8701e+006
8557,6.3844e+006
8558,1.2426e+006
8559,1.8461e+006
8560,1.46e+006
8561,2.3267e+006
8562,1.5555e+006
8563,5.8413e+005
8564,4.1985e+005
8565,3.2918e+005
8566,4.0721e+005
8567,7.0678e+005
8568,149.
8569,143.03
8570,208.86
8571,128.06
8572,128.74
8573,111.1
8574,146.41
8575,104.5
8576,143.52
8577,100.3
8578,120.59
8579,58.027
8580,56.93
8581,85.906
8582,58.978
8583,75.804
8584,17.242
8585,24.085
8586,21.439
8587,26.644
8588,19.437
8589,4.0603
8590,5.4755
8591,8.5028
8592,7.5749
8593,4.3609
8594,1.4757e+008
8595,1.2488e+008
8596,1.457e+008
8597,1.2187e+008
8598,1.0532e+008
8599,1.183e+008
8600,8.9959e+007
8601,9.9878e+007
8602,8.9377e+007
8603,1.6574e+008
8604,1.5163e+008
8605,1.3188e+008
8606,1.2746e+008
8607,1.1493e+008
8608,1.2723e+008
8609,1.1875e+008
8610,1.0912e+008
8611,1.2051e+008
8612,1.732e+008
8613,1.615e+008
8614,1.6845e+008
8615,1.326e+008
8616,1.2386e+008
8617,1.2103e+008
8618,1.4817e+008
8619,1.2686e+008
8620,1.1311e+008
8621,1.2723e+008
8622,1.497e+008
8623,1.8379e+008
8624,1.7154e+008
8625,1.834e+008
8626,9.6479e+007
8627,1.2096e+008
8628,1.2648e+008
8629,1.5093e+008
8630,1.3907e+008
8631,1.2439e+008
8632,1.1537e+008
8633,1.6419e+008
8634,1.3223e+008
8635,1.8556e+008
8636,1.9219e+008
8637,1.9233e+008
8638,1.0744e+008
8639,1.2178e+008
8640,1.4677e+008
8641,1.4983e+008
8642,1.7409e+008
8643,1.4135e+008
8644,1.6703e+008
8645,1.8157e+008
8646,1.8956e+008
8647,1.8896e+008
8648,1.0548e+008
8649,1.1524e+008
8650,9.9061e+007
8651,1.6005e+008
8652,1.4478e+008
8653,1.2984e+008
8654,1.4303e+008
8655,1.4382e+008
8656,1.8771e+008
8657,1.3788e+008
8658,1.4341e+008
8659,1.6317e+008
8660,1.9104e+008
8661,1.9281e+008
8662,1.1068e+008
8663,1.143e+008
8664,1.6433e+008
8665,1.4757e+008
8666,1.589e+008
8667,1.4616e+008
8668,1.3342e+008
8669,1.4514e+008
8670,1.8845e+008
8671,1.8757e+008
8672,1.9558e+008
8673,1.9508e+008
8674,1.0422e+008
8675,1.2064e+008
8676,1.646e+008
8677,1.4766e+008
8678,1.9224e+008
8679,1.6842e+008
8680,1.7438e+008
8681,1.8265e+008
8682,1.8574e+008
8683,9.1985e+007
8684,1.1436e+008
8685,9.9991e+007
8686,1.5825e+008
8687,1.3106e+008
8688,1.338e+008
8689,1.3337e+008
8690,1.8339e+008
8691,1.3831e+008
8692,1.586e+008
8693,1.5099e+008
8694,1.3745e+008
8695,1.5606e+008
8696,1.5865e+008
8697,1.6383e+008
8698,1.7845e+008
8699,1.1169e+008
8700,1.2623e+008
8701,1.2183e+008
8702,1.5312e+008
8703,1.2671e+008
8704,1.3035e+008
8705,1.5004e+008
8706,1.2013e+008
8707,1.161e+008
8708,1.2916e+008
8709,1.2345e+008
8710,1.2509e+008
8711,1.4075e+008
8712,1.2105e+008
8713,1.3072e+008
8714,1.1057e+008
8715,1.1475e+008
8716,1.1393e+008
8717,1.1322e+008
8718,1.0156e+008
8719,1.2029e+008
8720,1.0739e+008
8721,9.4014e+007
8722,1.5525
8723,6.0955
8724,3.3505
8725,6.3647
8726,1.4597
8727,2.7799
8728,3.0215
8729,1.4006
8730,2.9049
8731,2.4862
8732,1.2191
8733,1.3388
8734,1.6831
8735,2.2289
8736,1.7654
8737,1.3877
8738,1.0913
8739,3.2529
8740,3.2378
8741,1.5341
8742,3.2957
8743,1.6127
8744,1.5342
8745,3.0845
8746,3.9291
8747,3.946
8748,3.9098
8749,2.085
8750,1.9595e+008
8751,2.0419e+008
8752,1.9546e+008
8753,2.1019e+008
8754,2.1199e+008
8755,2.1343e+008
8756,1.5775e+008
8757,1.8879e+008
8758,1.5264e+008
8759,1.8193e+008
8760,2.006e+008
8761,1.6047e+008
8762,1.8542e+008
8763,1.5726e+008
8764,1.243e+008
8765,1.4416e+008
8766,1.2467e+008
8767,1.6071e+008
8768,1.4276e+008
8769,9.3218e+007
8770,1.3107e+008
8771,1.493e+008
8772,1.3452e+008
8773,1.1886e+008
8774,8.6854e+007
8775,1.1727e+008
8776,7.9478e+007
8777,1.2e+008
8778,9.3853e+007
8779,8.4256e+007
8780,1.0503e+008
8781,5.3752e+007
8782,5.7041e+007
8783,8.0561e+007
8784,9.0043e+007
8785,7.5538e+007
8786,6.8213e+007
8787,6.6048e+007
8788,4.7153e+007
8789,6.3561e+007
8790,4.7606e+007
8791,5.7766e+007
8792,6.102e+007
8793,4.4982e+007
8794,5.1394e+007
8795,4.8873e+007
8796,3.6691e+007
8797,2.9553e+007
8798,3.3601e+007
8799,6.4391e+007
8800,7.5101e+007
8801,6.9009e+007
8802,4.7178e+007
8803,3.5296e+007
8804,4.4922e+007
8805,3.7668e+007
8806,6.1359e+007
8807,8.4995e+007
8808,8.4788e+007
8809,8.4657e+007
8810,5.227e+007
8811,5.3539e+007
8812,7.4442e+007
8813,7.0543e+007
8814,7.0709e+007
8815,8.142e+007
8816,1.0166e+008
8817,9.9667e+007
8818,6.3161e+007
8819,8.1677e+007
8820,9.1452e+007
8821,9.7748e+007
8822,1.0719e+008
8823,9.8116e+007
8824,9.9121e+007
8825,8.4994e+007
8826,9.5487e+007
8827,9.3069e+007
8828,8.538e+007
8829,1.0276e+008
8830,9.9214e+007
8831,1.0173e+008
8832,7.3348e+007
8833,9.1331e+007
8834,8.98e+007
8835,7.8605e+007
8836,9.8434e+007
8837,1.0051e+008
8838,1.0282e+008
8839,7.3168e+007
8840,9.3702e+007
8841,8.4412e+007
8842,1.0064e+008
8843,1.0866e+008
8844,1.0438e+008
8845,8.4596e+007
8846,9.8227e+007
8847,1.0326e+008
8848,9.0472e+007
8849,9.165e+007
8850,8.5025e+007
8851,1.0071e+008
8852,9.5638e+007
8853,5.9411e+007
8854,8.0111e+007
8855,9.5074e+007
8856,7.0539e+007
8857,8.7821e+007
8858,6.3858e+007
8859,8.4888e+007
8860,8.4231e+007
8861,8.2885e+007
8862,5.191e+007
8863,6.1993e+007
8864,8.074e+007
8865,3.7293e+007
8866,6.1068e+007
8867,8.0615e+007
8868,4.5745e+007
8869,6.9785e+007
8870,4.1497e+007
8871,3.4622e+007
8872,4.891e+007
8873,3.1288e+007
8874,3.1061e+007
8875,5.883e+007
8876,5.0855e+007
8877,6.1068e+007
8878,6.1378e+007
8879,5.7399e+007
8880,4.4671e+007
8881,5.0276e+007
8882,2.8691e+007
8883,3.3221e+007
8884,4.8596e+007
8885,4.099e+007
8886,8.4882e+007
8887,5.8585e+007
8888,7.0047e+007
8889,8.9881e+007
8890,7.4089e+007
8891,6.5912e+007
8892,5.2823e+007
8893,5.0639e+007
8894,6.1124e+007
8895,1.2483e+008
8896,7.3715e+007
8897,1.1031e+008
8898,1.1902e+008
8899,9.551e+007
8900,9.2393e+007
8901,7.8566e+007
8902,1.1131e+008
8903,1.5899e+008
8904,1.1283e+008
8905,1.461e+008
8906,1.5929e+008
8907,1.4338e+008
8908,1.1833e+008
8909,1.4179e+008
8910,1.3663e+008
8911,1.2886e+008
8912,1.9487e+008
8913,1.4971e+008
8914,1.8479e+008
8915,1.8078e+008
8916,1.9118e+008
8917,1.9577e+008
8918,1.5498e+008
8919,1.5931e+008
8920,1.4691e+008
8921,1.9098e+008
8922,2.0063e+008
8923,2.1024e+008
8924,2.0736e+008
8925,2.0956e+008
8926,1.2475e+008
8927,1.3431e+008
8928,1.0492e+008
8929,1.0864e+008
8930,1.1919e+008
8931,1.4137e+008
8932,1.4651e+008
8933,1.094e+008
8934,1.2896e+008
8935,1.2105e+008
8936,1.081e+008
8937,9.6712e+007
8938,1.4174e+008
8939,1.4351e+008
8940,1.5273e+008
8941,1.2904e+008
8942,1.1628e+008
8943,1.1743e+008
8944,1.2768e+008
8945,1.3405e+008
8946,1.6837e+008
8947,1.5271e+008
8948,1.2351e+008
8949,1.382e+008
8950,1.3818e+008
8951,1.371e+008
8952,1.4997e+008
8953,1.9056e+008
8954,1.7014e+008
8955,1.5824e+008
8956,1.4559e+008
8957,1.6907e+008
8958,1.5908e+008
8959,1.7776e+008
8960,1.6614e+008
8961,1.3841e+008
8962,1.4185e+008
8963,1.3396e+008
8964,1.7317e+008
8965,1.2848e+008
8966,1.4817e+008
8967,1.2527e+008
8968,1.3717e+008
8969,1.7483e+008
8970,1.9071e+008
8971,2.0049e+008
8972,2.0238e+008
8973,1.6278e+008
8974,1.7139e+008
8975,1.5072e+008
8976,1.7136e+008
8977,1.8457e+008
8978,1.7408e+008
8979,1.6433e+008
8980,1.7141e+008
8981,1.4092e+008
8982,1.5142e+008
8983,1.531e+008
8984,1.4596e+008
8985,1.8183e+008
8986,1.384e+008
8987,1.2798e+008
8988,1.6135e+008
8989,1.5568e+008
8990,2.0111e+008
8991,2.006e+008
8992,1.9086e+008
8993,1.6911e+008
8994,1.6137e+008
8995,1.6952e+008
8996,1.8315e+008
8997,1.6123e+008
8998,1.9164e+008
8999,2.0223e+008
9000,1.7604e+008
9001,1.4258e+008
9002,1.6807e+008
9003,1.6814e+008
9004,1.6481e+008
9005,1.6263e+008
9006,1.5496e+008
9007,1.9004e+008
9008,1.9373e+008
9009,1.3576e+008
9010,1.6549e+008
9011,1.5617e+008
9012,1.4463e+008
9013,2.0229e+008
9014,2.0352e+008
9015,2.0336e+008
9016,1.7925e+008
9017,1.7564e+008
9018,1.7873e+008
9019,1.641e+008
9020,1.9965e+008
9021,1.84e+008
9022,1.9724e+008
9023,1.6219e+008
9024,2.0883e+008
9025,2.0934e+008
9026,2.0759e+008
9027,1.7293e+008
9028,2.0557e+008
9029,1.7809e+008
9030,1.938e+008
9031,1.8493e+008
9032,2.0506e+008
9033,2.0014e+008
9034,2.0884e+008
9035,2.0844e+008
9036,1.7549e+008
9037,1.7976e+008
9038,2.0398e+008
9039,2.0298e+008
9040,1.8575e+008
9041,2.0926e+008
9042,2.0992e+008
9043,2.0876e+008
9044,2.0898e+008
9045,2.0397e+008
9046,2.0365e+008
9047,2.1222e+008
9048,2.1153e+008
9049,2.1138e+008
9050,2.0358e+008
9051,1.9614e+008
9052,2.0832e+008
9053,2.1098e+008
9054,2.1098e+008
9055,2.0376e+008
9056,1.7401e+008
9057,1.8734e+008
9058,1.8427e+008
9059,2.0772e+008
9060,2.0999e+008
9061,2.0851e+008
9062,2.0933e+008
9063,2.1008e+008
9064,2.0822e+008
9065,2.0704e+008
9066,2.0445e+008
9067,2.0969e+008
9068,2.0996e+008
9069,2.0989e+008
9070,2.0785e+008
9071,2.0587e+008
9072,2.0732e+008
9073,2.108e+008
9074,2.102e+008
9075,2.0163e+008
9076,2.0805e+008
9077,2.0357e+008
9078,2.1205e+008
9079,2.0975e+008
9080,2.0952e+008
9081,2.0979e+008
9082,2.0869e+008
9083,2.0634e+008
9084,2.041e+008
9085,2.0636e+008
9086,2.0651e+008
9087,2.1088e+008
9088,2.1021e+008
9089,2.1023e+008
9090,2.0971e+008
9091,2.0272e+008
9092,2.0774e+008
9093,2.0591e+008
9094,2.1201e+008
9095,1.9326e+008
9096,2.0669e+008
9097,2.0675e+008
9098,2.0954e+008
9099,2.0877e+008
9100,2.0761e+008
9101,2.0402e+008
9102,2.1067e+008
9103,2.1015e+008
9104,2.0803e+008
9105,2.1027e+008
9106,2.1025e+008
9107,2.0615e+008
9108,2.0871e+008
9109,2.0794e+008
9110,2.0402e+008
9111,2.0727e+008
9112,2.1034e+008
9113,2.0794e+008
9114,2.04e+008
9115,2.0612e+008
9116,1.8762e+008
9117,2.0519e+008
9118,2.0133e+008
9119,2.0622e+008
9120,1.9395e+008
9121,1.998e+008
9122,2.0976e+008
9123,2.101e+008
9124,2.1037e+008
9125,2.0868e+008
9126,2.0795e+008
9127,2.1223e+008
9128,2.0946e+008
9129,1.7741e+008
9130,1.8687e+008
9131,2.0577e+008
9132,2.1169e+008
9133,1.8021e+008
9134,2.0697e+008
9135,2.0941e+008
9136,2.096e+008
9137,2.0763e+008
9138,1.8265e+008
9139,2.0589e+008
9140,2.0413e+008
9141,2.018e+008
9142,1.7893e+008
9143,2.1009e+008
9144,1.7802e+008
9145,2.0817e+008
9146,2.0602e+008
9147,2.1203e+008
9148,2.0233e+008
9149,2.0818e+008
9150,2.0864e+008
9151,2.1217e+008
9152,2.0571e+008
9153,2.0445e+008
9154,1.1016e+008
9155,1.0865e+008
9156,1.1185e+008
9157,1.0075e+008
9158,1.047e+008
9159,1.0819e+008
9160,2.0017e+008
9161,1.9914e+008
9162,2.0017e+008
9163,2.1115e+008
9164,2.0775e+008
9165,1.9406e+008
9166,2.1102e+008
9167,1.9094e+008
9168,2.006e+008
9169,2.0585e+008
9170,2.0414e+008
9171,1.6887e+008
9172,1.9221e+008
9173,1.8256e+008
9174,1.1111e+008
9175,1.09e+008
9176,1.1092e+008
9177,1.0834e+008
9178,1.0582e+008
9179,1.0934e+008
9180,1.0261e+008
9181,1.0976e+008
9182,1.0755e+008
9183,1.028e+008
9184,1.0524e+008
9185,1.0676e+008
9186,1.0948e+008
9187,1.0787e+008
9188,1.0467e+008
9189,1.0572e+008
9190,1.1177e+008
9191,1.0259e+008
9192,9.9737e+007
9193,1.0977e+008
9194,1.0789e+008
9195,1.0858e+008
9196,1.935e+008
9197,2.0063e+008
9198,1.7242e+008
9199,1.7227e+008
9200,1.7103e+008
9201,1.933e+008
9202,1.4871e+008
9203,1.5585e+008
9204,1.5052e+008
9205,1.5239e+008
9206,2.0224e+008
9207,1.9741e+008
9208,1.2177e+008
9209,1.6273e+008
9210,1.0736e+008
9211,1.8579e+008
9212,1.3285e+008
9213,2.0635e+008
9214,2.0446e+008
9215,1.9364e+008
9216,1.8867e+008
9217,1.8055e+008
9218,1.6953e+008
9219,1.3702e+008
9220,1.878e+008
9221,1.906e+008
9222,2.034e+008
9223,2.0114e+008
9224,2.019e+008
9225,1.8872e+008
9226,1.1039e+008
9227,1.0897e+008
9228,1.0499e+008
9229,1.0526e+008
9230,1.0652e+008
9231,1.0699e+008
9232,1.0131e+008
9233,1.04e+008
9234,2.0625e+008
9235,1.9279e+008
9236,1.9177e+008
9237,1.8442e+008
9238,2.0759e+008
9239,2.0214e+008
9240,1.7833e+008
9241,1.8389e+008
9242,2.1052e+008
9243,1.9672e+008
9244,1.8761e+008
9245,1.8635e+008
9246,1.8227e+008
9247,1.4208e+008
9248,1.4686e+008
9249,1.4539e+008
9250,1.4571e+008
9251,8.7849e+007
9252,1.4218e+008
9253,1.1186e+008
9254,1.219e+008
9255,7.7379e+007
9256,8.5502e+007
9257,1.1292e+008
9258,1.094e+008
9259,1.0784e+008
9260,1.0241e+008
9261,1.0246e+008
9262,1.3064e+008
9263,1.2308e+008
9264,1.3183e+008
9265,6.9857e+007
9266,9.8569e+007
9267,4.8546e+007
9268,1.0406e+008
9269,1.1444e+008
9270,1.1288e+008
9271,1.0019e+008
9272,1.0439e+008
9273,1.021e+008
9274,1.0657e+008
9275,1.0483e+008
9276,1.0427e+008
9277,1.1248e+008
9278,1.1313e+008
9279,1.0145e+008
9280,1.019e+008
9281,1.0614e+008
9282,1.0265e+008
9283,1.097e+008
9284,1.0825e+008
9285,1.0391e+008
9286,1.0195e+008
9287,1.0551e+008
9288,1.1162e+008
9289,1.0995e+008
9290,1.0004e+008
9291,1.0405e+008
9292,1.0612e+008
9293,1.0423e+008
9294,1.01e+008
9295,1.0625e+008
9296,1.0811e+008
9297,1.1122e+008
9298,1.1053e+008
9299,1.0305e+008
9300,1.1003e+008
9301,1.0569e+008
9302,1.0733e+008
9303,1.0429e+008
9304,1.0651e+008
9305,1.0235e+008
9306,1.0251e+008
9307,1.0578e+008
9308,1.076e+008
9309,1.0352e+008
9310,1.0399e+008
9311,2.0868e+008
9312,2.0063e+008
9313,2.0732e+008
9314,2.0687e+008
9315,2.0633e+008
9316,2.0016e+008
9317,2.0379e+008
9318,1.7764e+008
9319,1.8177e+008
9320,2.0623e+008
9321,2.0547e+008
9322,2.1277e+008
9323,1.9963e+008
9324,1.9316e+008
9325,1.8153e+008
9326,2.0403e+008
9327,1.944e+008
9328,1.9922e+008
9329,2.0098e+008
9330,1.8411e+008
9331,1.8586e+008
9332,1.9974e+008
9333,1.4534e+008
9334,1.0941e+008
9335,1.0825e+008
9336,1.0218e+008
9337,1.0857e+008
9338,1.0854e+008
9339,1.1603e+008
9340,1.0602e+008
9341,9.8999e+007
9342,9.6784e+007
9343,9.5537e+007
9344,1.0252e+008
9345,1.0633e+008
9346,1.0339e+008
9347,1.0289e+008
9348,1.1156e+008
9349,1.107e+008
9350,9.8234e+007
9351,9.3479e+007
9352,9.2456e+007
9353,1.0539e+008
9354,1.0529e+008
9355,1.0324e+008
9356,8.98e+007
9357,8.9968e+007
9358,9.7028e+007
9359,1.0461e+008
9360,1.0175e+008
9361,1.0526e+008
9362,9.9799e+007
9363,1.4683e+008
9364,1.4312e+008
9365,1.6716e+008
9366,1.7686e+008
9367,1.634e+008
9368,1.1488e+008
9369,1.6289e+008
9370,1.3067e+008
9371,7.8035e+007
9372,1.198e+008
9373,1.1193e+008
9374,1.3446e+008
9375,1.2507e+008
9376,7.1147e+007
9377,5.0604e+007
9378,3.9706e+007
9379,1.0945e+008
9380,1.1204e+008
9381,1.0297e+008
9382,1.0336e+008
9383,1.0948e+008
9384,1.0618e+008
9385,1.0941e+008
9386,1.0575e+008
9387,9.9361e+007
9388,9.5953e+007
9389,1.0772e+008
9390,1.0768e+008
9391,1.045e+008
9392,1.1401e+008
9393,1.0947e+008
9394,1.0426e+008
9395,1.0991e+008
9396,1.0827e+008
9397,9.4075e+007
9398,9.3407e+007
9399,9.4458e+007
9400,9.9783e+007
9401,1.0657e+008
9402,1.0029e+008
9403,1.0402e+008
9404,9.2331e+007
9405,9.2566e+007
9406,9.1063e+007
9407,1.0269e+008
9408,1.1056e+008
9409,1.0908e+008
9410,8.6784e+007
9411,8.5969e+007
9412,8.9294e+007
9413,9.753e+007
9414,1.0198e+008
9415,1.0568e+008
9416,1.0407e+008
9417,1.0147e+008
9418,8.6829e+007
9419,9.3507e+007
9420,8.8833e+007
9421,8.7311e+007
9422,9.8156e+007
9423,9.9467e+007
9424,1.0402e+008
9425,9.924e+007
9426,1.0421e+008
9427,8.8006e+007
9428,9.01e+007
9429,9.0757e+007
9430,9.7546e+007
9431,1.1545e+008
9432,1.0406e+008
9433,9.1097e+007
9434,1.0232e+008
9435,9.2366e+007
9436,9.6067e+007
9437,8.9542e+007
9438,9.9995e+007
9439,1.0343e+008
9440,1.0439e+008
9441,9.3057e+007
9442,1.0604e+008
9443,9.6208e+007
9444,1.1952e+008
9445,1.0477e+008
9446,1.1359e+008
9447,1.0617e+008
9448,9.2245e+007
9449,1.0302e+008
9450,1.0508e+008
9451,9.5042e+007
9452,1.1982e+008
9453,1.0817e+008
9454,9.74e+007
9455,1.0772e+008
9456,9.4959e+007
9457,9.2994e+007
9458,1.1605e+008
9459,1.0929e+008
9460,1.1272e+008
9461,1.2572e+008
9462,1.3636e+008
9463,1.3072e+008
9464,1.3296e+008
9465,1.2481e+008
9466,1.2294e+008
9467,1.2805e+008
9468,1.1376e+008
9469,1.0511e+008
9470,1.3756e+008
9471,1.3099e+008
9472,1.1944e+008
9473,1.2466e+008
9474,1.38e+008
9475,1.3637e+008
9476,9.1427e+007
9477,1.0668e+008
9478,1.0954e+008
9479,1.0496e+008
9480,1.1681e+008
9481,1.0942e+008
9482,9.9822e+007
9483,1.0062e+008
9484,1.042e+008
9485,9.7588e+007
9486,9.104e+007
9487,9.0382e+007
9488,9.6697e+007
9489,1.0369e+008
9490,1.2174e+008
9491,1.1127e+008
9492,1.226e+008
9493,1.1171e+008
9494,1.0148e+008
9495,1.3471e+008
9496,1.3034e+008
9497,1.1495e+008
9498,1.3368e+008
9499,1.2214e+008
9500,1.3594e+008
9501,1.3578e+008
9502,1.2163e+008
9503,1.4499e+008
9504,1.4571e+008
9505,1.4125e+008
9506,1.4284e+008
9507,1.2365e+008
9508,1.3275e+008
9509,1.4572e+008
9510,1.3561e+008
9511,1.4806e+008
9512,1.4454e+008
9513,1.462e+008
9514,1.4757e+008
9515,1.1893e+008
9516,1.0433e+008
9517,9.8202e+007
9518,1.0273e+008
9519,1.2597e+008
9520,1.2168e+008
9521,1.3391e+008
9522,1.0928e+008
9523,1.1315e+008
9524,1.3195e+008
9525,1.3674e+008
9526,1.3396e+008
9527,1.3826e+008
9528,1.5177e+008
9529,1.4098e+008
9530,9.4118e+007
9531,1.0984e+008
9532,1.1374e+008
9533,9.5197e+007
9534,1.278e+008
9535,9.2046e+007
9536,7.1558e+007
9537,1.0926e+008
9538,8.1195e+007
9539,9.0136e+007
9540,9.8057e+007
9541,8.1358e+007
9542,1.037e+008
9543,1.1741e+008
9544,1.1279e+008
9545,8.5232e+007
9546,7.2918e+007
9547,1.1424e+008
9548,8.4684e+007
9549,8.4312e+007
9550,1.1789e+008
9551,1.0354e+008
9552,1.0734e+008
9553,1.2036e+008
9554,1.2969e+008
9555,1.1544e+008
9556,1.3846e+008
9557,1.3183e+008
9558,7.9191e+007
9559,3.948e+007
9560,8.8742e+007
9561,6.2465e+007
9562,5.9555e+007
9563,8.9381e+007
9564,9.8541e+007
9565,8.5126e+007
9566,6.6617e+007
9567,1.0201e+008
9568,6.5347e+007
9569,1.0689e+008
9570,1.1846e+008
9571,1.4436e+008
9572,1.4015e+008
9573,1.4049e+008
9574,1.4684e+008
9575,1.485e+008
9576,1.4324e+008
9577,1.4833e+008
9578,1.5667e+008
9579,8.7448e+007
9580,1.0095e+008
9581,1.1951e+008
9582,1.2817e+008
9583,1.1607e+008
9584,1.2975e+008
9585,1.0185e+008
9586,1.2046e+008
9587,1.1412e+008
9588,9.0584e+007
9589,1.057e+008
9590,9.3035e+007
9591,8.8114e+007
9592,1.1377e+008
9593,9.2035e+007
9594,1.0044e+008
9595,7.8329e+007
9596,1.1273e+008
9597,1.1283e+008
9598,1.2248e+008
9599,1.3825e+008
9600,1.458e+008
9601,1.4558e+008
9602,1.5007e+008
9603,1.4373e+008
9604,1.3878e+008
9605,1.5361e+008
9606,1.5016e+008
9607,1.5166e+008
9608,1.4466e+008
9609,1.3838e+008
9610,1.3054e+008
9611,1.3373e+008
9612,1.5171e+008
9613,1.5086e+008
9614,1.5494e+008
9615,1.2815e+008
9616,1.1938e+008
9617,1.4757e+008
9618,1.5235e+008
9619,1.5161e+008
9620,1.2541e+008
9621,1.2292e+008
9622,1.3422e+008
9623,1.479e+008
9624,1.4481e+008
9625,1.4536e+008
9626,1.038e+008
9627,1.0302e+008
9628,1.1188e+008
9629,1.2537e+008
9630,1.3668e+008
9631,1.3276e+008
9632,1.3508e+008
9633,1.409e+008
9634,9.5512e+007
9635,9.6428e+007
9636,1.0065e+008
9637,1.1622e+008
9638,1.2687e+008
9639,9.6457e+007
9640,1.1605e+008
9641,9.8035e+007
9642,1.0242e+008
9643,9.118e+007
9644,9.9168e+007
9645,9.6325e+007
9646,1.0375e+008
9647,9.2165e+007
9648,1.0596e+008
9649,1.165e+008
9650,8.664e+007
9651,9.6893e+007
9652,1.1956e+008
9653,9.6638e+007
9654,9.9163e+007
9655,1.1448e+008
9656,1.2406e+008
9657,1.3194e+008
9658,1.2578e+008
9659,1.3955e+008
9660,1.0738e+008
9661,1.2306e+008
9662,1.3839e+008
9663,1.4414e+008
9664,1.4208e+008
9665,1.6657e+008
9666,1.4093e+008
9667,1.4183e+008
9668,1.3591e+008
9669,8.7037e+007
9670,7.7924e+007
9671,9.9521e+007
9672,5.2891e+007
9673,7.9305e+007
9674,1.1088e+008
9675,1.0267e+008
9676,9.0614e+007
9677,8.1019e+007
9678,1.1686e+008
9679,5.3543e+007
9680,8.9217e+007
9681,1.1325e+008
9682,1.052e+008
9683,1.1836e+008
9684,9.7807e+007
9685,1.3114e+008
9686,1.3524e+008
9687,1.0074e+008
9688,1.4834e+008
9689,1.1293e+008
9690,1.1639e+008
9691,1.2248e+008
9692,7.7019e+007
9693,9.3971e+007
9694,9.0508e+007
9695,1.0823e+008
9696,9.4961e+007
9697,7.7389e+007
9698,6.6838e+007
9699,1.0734e+008
9700,9.3889e+007
9701,1.0022e+008
9702,1.3553e+008
9703,1.5554e+008
9704,1.4053e+008
9705,1.4963e+008
9706,1.1005e+008
9707,7.1209e+007
9708,7.64e+007
9709,9.1546e+007
9710,1.4834e+008
9711,1.2623e+008
9712,1.2802e+008
9713,1.3953e+008
9714,1.5159e+008
9715,1.185e+008
9716,1.1163e+008
9717,1.0018e+008
9718,6.9698e+007
9719,9.3609e+007
9720,6.4778e+007
9721,1.3774e+008
9722,1.4688e+008
9723,9.832e+007
9724,5.8722e+007
9725,5.9827e+007
9726,1.0118e+008
9727,2.9419e+007
9728,1.456e+008
9729,9.9335e+007
9730,1.1285e+008
9731,1.2774e+008
9732,7.2855e+007
9733,1.9402e+008
9734,1.944e+008
9735,1.1611e+008
9736,1.9011e+008
9737,1.7025e+008
9738,1.575e+008
9739,1.2961e+008
9740,1.104e+008
9741,1.1106e+008
9742,1.0444e+008
9743,1.1971e+008
9744,1.2567e+008
9745,5.6111e+007
9746,6.0954e+007
9747,3.7512e+007
9748,5.723e+007
9749,1.1316e+008
9750,9.7593e+007
9751,7.9237e+007
9752,9.655e+007
9753,7.3806e+007
9754,1.036e+008
9755,1.0663e+008
9756,1.2037e+008
9757,1.2415e+008
9758,1.2685e+008
9759,8.3314e+007
9760,7.5239e+007
9761,8.1273e+007
9762,9.8605e+007
9763,1.1045e+008
9764,1.026e+008
9765,9.8575e+007
9766,1.2549e+008
9767,8.286e+007
9768,9.6815e+007
9769,1.353e+008
9770,5.7341e+007
9771,8.7265e+007
9772,8.9616e+007
9773,3.7537e+007
9774,1.2036e+008
9775,1.2494e+008
9776,9.3438e+007
9777,1.2817e+008
9778,1.126e+008
9779,9.9241e+007
9780,8.4497e+007
9781,9.3478e+007
9782,9.7722e+007
9783,8.923e+007
9784,7.3835e+007
9785,9.028e+007
9786,1.2292e+008
9787,1.0591e+008
9788,2.048e+008
9789,2.0606e+008
9790,1.8502e+008
9791,1.9221e+008
9792,2.1157e+008
9793,1.9486e+008
9794,1.6184e+008
9795,1.4785e+008
9796,1.4658e+008
9797,1.5064e+008
9798,1.2057e+008
9799,1.3396e+008
9800,2.0088e+008
9801,2.0839e+008
9802,2.0827e+008
9803,2.0679e+008
9804,2.0866e+008
9805,2.0142e+008
9806,2.0478e+008
9807,2.0001e+008
9808,2.1174e+008
9809,2.0791e+008
9810,2.0485e+008
9811,1.7998e+008
9812,2.0608e+008
9813,2.0888e+008
9814,2.0314e+008
9815,2.027e+008
9816,2.0542e+008
9817,1.9412e+008
9818,1.9785e+008
9819,2.0716e+008
9820,2.0551e+008
9821,1.942e+008
9822,2.0754e+008
9823,2.0638e+008
9824,2.0576e+008
9825,2.0462e+008
9826,1.9632e+008
9827,2.0024e+008
9828,2.0292e+008
9829,1.8996e+008
9830,2.1019e+008
9831,2.051e+008
9832,2.0319e+008
9833,2.0474e+008
9834,2.0575e+008
9835,2.1238e+008
9836,2.036e+008
9837,2.0706e+008
9838,2.0268e+008
9839,1.9642e+008
9840,2.0945e+008
9841,2.0852e+008
9842,2.0531e+008
9843,2.0339e+008
9844,1.9419e+008
9845,2.0886e+008
9846,2.0764e+008
9847,2.0181e+008
9848,2.0766e+008
9849,1.9966e+008
9850,2.0719e+008
9851,2.0416e+008
9852,1.9995e+008
9853,1.9185e+008
9854,2.0515e+008
9855,1.9204e+008
9856,2.0725e+008
9857,2.0147e+008
9858,2.1259e+008
9859,2.1294e+008
9860,1.9435e+008
9861,1.7702e+008
9862,2.0858e+008
9863,2.0603e+008
9864,2.0436e+008
9865,2.0881e+008
9866,1.8046e+008
9867,1.8192e+008
9868,2.1187e+008
9869,2.0723e+008
9870,2.014e+008
9871,2.0763e+008
9872,2.0568e+008
9873,1.9483e+008
9874,1.8026e+008
9875,2.1188e+008
9876,2.0328e+008
9877,2.0915e+008
9878,2.0626e+008
9879,2.0865e+008
9880,2.089e+008
9881,2.1037e+008
9882,2.083e+008
9883,2.0484e+008
9884,2.0516e+008
9885,2.0781e+008
9886,2.1221e+008
9887,2.0952e+008
9888,2.038e+008
9889,2.0851e+008
9890,1.9807e+008
9891,2.0274e+008
9892,2.1131e+008
9893,2.0995e+008
9894,1.8126e+008
9895,2.1203e+008
9896,2.0109e+008
9897,2.0601e+008
9898,2.0914e+008
9899,1.7973e+008
9900,2.109e+008
9901,2.0319e+008
9902,2.0772e+008
9903,1.9909e+008
9904,2.0401e+008
9905,2.0594e+008
9906,2.0414e+008
9907,1.7933e+008
9908,2.1044e+008
9909,2.0458e+008
9910,2.0066e+008
9911,1.9892e+008
9912,2.0194e+008
9913,2.0988e+008
9914,1.8145e+008
9915,2.1149e+008
9916,2.0725e+008
9917,1.9977e+008
9918,2.0971e+008
9919,1.8507e+008
9920,2.1176e+008
9921,2.0596e+008
9922,2.0046e+008
9923,2.0368e+008
9924,2.0703e+008
9925,1.8424e+008
9926,2.1061e+008
9927,2.0637e+008
9928,2.0205e+008
9929,2.0831e+008
9930,2.0399e+008
9931,1.9377e+008
9932,2.1252e+008
9933,2.0531e+008
9934,2.0288e+008
9935,2.0896e+008
9936,2.0412e+008
9937,1.9217e+008
9938,1.9048e+008
9939,2.121e+008
9940,2.0569e+008
9941,2.019e+008
9942,2.0155e+008
9943,2.0761e+008
9944,2.0962e+008
9945,2.0481e+008
9946,2.0046e+008
9947,2.1446e+008
9948,2.0884e+008
9949,2.0907e+008
9950,2.0811e+008
9951,1.9931e+008
9952,2.1323e+008
9953,2.0041e+008
9954,2.0009e+008
9955,2.0551e+008
9956,2.0798e+008
9957,2.0495e+008
9958,1.9284e+008
9959,2.1379e+008
9960,2.0843e+008
9961,2.0974e+008
9962,2.0849e+008
9963,2.077e+008
9964,1.9511e+008
9965,2.1054e+008
9966,2.0434e+008
9967,2.0151e+008
9968,2.0126e+008
9969,2.0686e+008
9970,2.0704e+008
9971,2.107e+008
9972,2.0951e+008
9973,1.8259e+008
9974,2.1328e+008
9975,2.0805e+008
9976,2.0853e+008
9977,2.0555e+008
9978,2.0876e+008
9979,2.1093e+008
9980,1.8413e+008
9981,2.0633e+008
9982,1.9983e+008
9983,2.0635e+008
9984,2.0885e+008
9985,2.1502e+008
9986,2.1086e+008
9987,2.0919e+008
9988,2.1166e+008
9989,2.0914e+008
9990,1.8317e+008
9991,2.1126e+008
9992,2.0205e+008
9993,2.0511e+008
9994,2.0223e+008
9995,2.0641e+008
9996,1.9953e+008
9997,1.7986e+008
9998,2.1127e+008
9999,2.0185e+008
10000,2.0694e+008
10001,2.008e+008
10002,2.0949e+008
10003,1.8404e+008
10004,2.112e+008
10005,2.0029e+008
10006,2.0862e+008
10007,2.0733e+008
10008,1.8391e+008
10009,2.1102e+008
10010,2.0366e+008
10011,2.0518e+008
10012,2.006e+008
10013,1.829e+008
10014,2.1147e+008
10015,2.002e+008
10016,2.0281e+008
10017,2.086e+008
10018,2.0821e+008
10019,1.8021e+008
10020,2.0948e+008
10021,2.0943e+008
10022,2.0545e+008
10023,2.0003e+008
10024,1.9619e+008
10025,2.1155e+008
10026,2.0183e+008
10027,2.0735e+008
10028,2.0459e+008
10029,2.0958e+008
10030,1.9275e+008
10031,2.1158e+008
10032,2.0558e+008
10033,2.0771e+008
10034,2.0883e+008
10035,1.831e+008
10036,2.1077e+008
10037,2.0772e+008
10038,2.0796e+008
10039,2.0233e+008
10040,1.8744e+008
10041,2.0913e+008
10042,2.084e+008
10043,2.0702e+008
10044,2.0438e+008
10045,2.028e+008
10046,1.8805e+008
10047,2.0947e+008
10048,2.061e+008
10049,2.0437e+008
10050,2.0324e+008
10051,2.0659e+008
10052,1.8563e+008
10053,2.0687e+008
10054,2.0368e+008
10055,2.0081e+008
10056,2.0193e+008
10057,1.7436e+008
10058,2.0585e+008
10059,2.1183e+008
10060,2.093e+008
10061,1.934e+008
10062,1.871e+008
10063,2.0622e+008
10064,2.0188e+008
10065,2.0791e+008
10066,1.9483e+008
10067,1.8581e+008
10068,2.0614e+008
10069,2.007e+008
10070,2.0567e+008
10071,2.0534e+008
10072,1.9069e+008
10073,1.8071e+008
10074,1.7623e+008
10075,2.069e+008
10076,1.9055e+008
10077,1.9504e+008
10078,1.9644e+008
10079,2.0136e+008
10080,2.0497e+008
10081,2.0564e+008
10082,2.1284e+008
10083,2.1241e+008
10084,2.0474e+008
10085,2.0604e+008
10086,2.1142e+008
10087,2.0492e+008
10088,2.1296e+008
10089,2.01e+008
10090,2.0785e+008
10091,2.063e+008
10092,2.0653e+008
10093,2.0972e+008
10094,2.0725e+008
10095,2.0605e+008
10096,2.109e+008
10097,2.0921e+008
10098,1.8456e+008
10099,2.1219e+008
10100,2.0733e+008
10101,2.0818e+008
10102,2.0479e+008
10103,2.0865e+008
10104,1.8438e+008
10105,2.089e+008
10106,1.9681e+008
10107,1.9981e+008
10108,2.0841e+008
10109,2.1065e+008
10110,1.9168e+008
10111,2.1116e+008
10112,2.0644e+008
10113,2.0288e+008
10114,2.1013e+008
10115,2.0717e+008
10116,1.9211e+008
10117,1.8125e+008
10118,1.9961e+008
10119,2.0951e+008
10120,2.0616e+008
10121,1.9601e+008
10122,2.0297e+008
10123,2.1129e+008
10124,2.1024e+008
10125,2.0916e+008
10126,2.1159e+008
10127,2.0884e+008
10128,1.9036e+008
10129,2.1324e+008
10130,2.0794e+008
10131,2.0611e+008
10132,2.1224e+008
10133,2.1141e+008
10134,2.1117e+008
10135,1.875e+008
10136,1.8695e+008
10137,2.0334e+008
10138,1.9828e+008
10139,2.0497e+008
10140,2.1278e+008
10141,1.8379e+008
10142,2.0162e+008
10143,2.0676e+008
10144,2.077e+008
10145,1.8573e+008
10146,1.8388e+008
10147,2.0992e+008
10148,2.0178e+008
10149,2.0545e+008
10150,2.1272e+008
10151,2.1097e+008
10152,2.0452e+008
10153,2.0751e+008
10154,2.0744e+008
10155,2.0542e+008
10156,2.1052e+008
10157,2.03e+008
10158,2.0625e+008
10159,2.0365e+008
10160,2.044e+008
10161,1.9308e+008
10162,2.0396e+008
10163,1.8964e+008
10164,2.1173e+008
10165,2.0273e+008
10166,2.066e+008
10167,2.0926e+008
10168,1.845e+008
10169,2.0996e+008
10170,2.0413e+008
10171,1.989e+008
10172,2.0243e+008
10173,2.0182e+008
10174,1.8903e+008
10175,2.0767e+008
10176,1.8131e+008
10177,2.1303e+008
10178,2.08e+008
10179,2.0746e+008
10180,2.058e+008
10181,2.092e+008
10182,1.8142e+008
10183,2.0729e+008
10184,2.1097e+008
10185,1.972e+008
10186,2.0666e+008
10187,2.0458e+008
10188,2.0355e+008
10189,2.1209e+008
10190,2.0872e+008
10191,2.0626e+008
10192,2.0963e+008
10193,2.0453e+008
10194,2.0317e+008
10195,2.1e+008
10196,2.0979e+008
10197,1.9876e+008
10198,2.0629e+008
10199,2.1133e+008
10200,2.125e+008
10201,1.9072e+008
10202,1.7811e+008
10203,2.0151e+008
10204,2.1e+008
10205,1.9394e+008
10206,1.8177e+008
10207,2.1119e+008
10208,2.0359e+008
10209,2.0306e+008
10210,1.9455e+008
10211,2.0354e+008
10212,2.0808e+008
10213,1.9986e+008
10214,1.8039e+008
10215,1.8144e+008
10216,2.1255e+008
10217,2.0296e+008
10218,2.0281e+008
10219,2.0987e+008
10220,2.0602e+008
10221,2.1002e+008
10222,2.1054e+008
10223,2.0691e+008
10224,2.1153e+008
10225,2.0703e+008
10226,2.0839e+008
10227,2.1018e+008
10228,1.9864e+008
10229,2.0672e+008
10230,2.0232e+008
10231,2.0025e+008
10232,2.0896e+008
10233,2.0743e+008
10234,1.7541e+008
10235,1.9803e+008
10236,2.0834e+008
10237,2.0988e+008
10238,2.0882e+008
10239,2.0464e+008
10240,2.0125e+008
10241,2.0858e+008
10242,2.0669e+008
10243,1.8355e+008
10244,2.0951e+008
10245,1.9964e+008
10246,2.0762e+008
10247,2.0766e+008
10248,1.7843e+008
10249,2.1217e+008
10250,2.0396e+008
10251,2.0276e+008
10252,2.0732e+008
10253,2.0551e+008
10254,1.8291e+008
10255,2.1004e+008
10256,1.9626e+008
10257,2.0662e+008
10258,1.9832e+008
10259,2.071e+008
10260,2.0037e+008
10261,1.87e+008
10262,2.0963e+008
10263,2.1115e+008
10264,2.0458e+008
10265,2.0398e+008
10266,2.0584e+008
10267,2.052e+008
10268,2.1041e+008
10269,2.0814e+008
10270,2.0751e+008
10271,2.0155e+008
10272,2.0345e+008
10273,2.0458e+008
10274,2.0848e+008
10275,2.1152e+008
10276,2.1028e+008
10277,2.0969e+008
10278,1.8178e+008
10279,1.8652e+008
10280,2.0407e+008
10281,2.039e+008
10282,1.9565e+008
10283,2.034e+008
10284,2.0248e+008
10285,1.8326e+008
10286,1.8503e+008
10287,2.0399e+008
10288,2.0574e+008
10289,1.9879e+008
10290,2.0825e+008
10291,1.8306e+008
10292,1.8058e+008
10293,2.0446e+008
10294,2.0441e+008
10295,2.0306e+008
10296,2.0013e+008
10297,2.097e+008
10298,2.0966e+008
10299,2.0518e+008
10300,2.05e+008
10301,1.951e+008
10302,2.0521e+008
10303,1.9825e+008
10304,2.0459e+008
10305,2.0631e+008
10306,2.062e+008
10307,2.037e+008
10308,2.0595e+008
10309,2.0595e+008
10310,2.0562e+008
10311,1.9374e+008
10312,2.0124e+008
10313,2.0845e+008
10314,2.0852e+008
10315,1.899e+008
10316,1.8529e+008
10317,1.9938e+008
10318,2.0277e+008
10319,2.0214e+008
10320,1.903e+008
10321,1.8198e+008
10322,2.0798e+008
10323,2.0126e+008
10324,2.0225e+008
10325,2.0047e+008
10326,2.0044e+008
10327,1.899e+008
10328,1.859e+008
10329,1.8053e+008
10330,2.0737e+008
10331,1.9937e+008
10332,1.958e+008
10333,2.0171e+008
10334,2.007e+008
10335,2.089e+008
10336,2.0803e+008
10337,1.9875e+008
10338,1.9959e+008
10339,2.0473e+008
10340,2.0917e+008
10341,2.0932e+008
10342,2.0355e+008
10343,1.9717e+008
10344,2.045e+008
10345,2.0698e+008
10346,1.8314e+008
10347,2.0975e+008
10348,2.0277e+008
10349,2.0257e+008
10350,2.0807e+008
10351,2.0876e+008
10352,1.978e+008
10353,1.8159e+008
10354,2.0867e+008
10355,2.0505e+008
10356,2.0199e+008
10357,2.0072e+008
10358,1.9436e+008
10359,1.839e+008
10360,2.1043e+008
10361,2.0869e+008
10362,2.0211e+008
10363,2.0555e+008
10364,2.0941e+008
10365,1.8241e+008
10366,2.0884e+008
10367,2.0418e+008
10368,2.0443e+008
10369,2.0749e+008
10370,1.9578e+008
10371,1.8815e+008
10372,2.0994e+008
10373,2.0881e+008
10374,2.0179e+008
10375,2.0969e+008
10376,2.0485e+008
10377,1.8186e+008
10378,1.9076e+008
10379,2.0809e+008
10380,2.0689e+008
10381,2.0574e+008
10382,2.0577e+008
10383,2.0064e+008
10384,2.0752e+008
10385,1.9781e+008
10386,2.1093e+008
10387,2.085e+008
10388,2.0247e+008
10389,2.0763e+008
10390,1.8173e+008
10391,1.7404e+008
10392,2.0284e+008
10393,2.0546e+008
10394,2.05e+008
10395,2.0404e+008
10396,1.8262e+008
10397,2.0865e+008
10398,2.0134e+008
10399,2.058e+008
10400,2.0172e+008
10401,2.0638e+008
10402,1.8206e+008
10403,2.073e+008
10404,1.9887e+008
10405,1.9724e+008
10406,2.0135e+008
10407,2.0587e+008
10408,1.8664e+008
10409,2.0733e+008
10410,2.0501e+008
10411,2.0071e+008
10412,2.0085e+008
10413,2.0017e+008
10414,1.8278e+008
10415,2.0431e+008
10416,2.0727e+008
10417,1.975e+008
10418,2.0777e+008
10419,2.0102e+008
10420,1.9561e+008
10421,2.0125e+008
10422,2.0858e+008
10423,1.9795e+008
10424,2.052e+008
10425,1.9857e+008
10426,2.0461e+008
10427,2.004e+008
10428,1.5717e+008
10429,2.0455e+008
10430,2.0223e+008
10431,2.1083e+008
10432,2.101e+008
10433,1.8934e+008
10434,1.7846e+008
10435,2.0449e+008
10436,2.0612e+008
10437,2.0706e+008
10438,2.0016e+008
10439,2.032e+008
10440,1.8718e+008
10441,2.0503e+008
10442,2.0747e+008
10443,2.0366e+008
10444,2.0156e+008
10445,2.0625e+008
10446,1.7971e+008
10447,1.8612e+008
10448,2.0737e+008
10449,2.0597e+008
10450,1.9309e+008
10451,2.039e+008
10452,1.8424e+008
10453,1.739e+008
10454,1.787e+008
10455,1.6864e+008
10456,1.788e+008
10457,1.7988e+008
10458,2.0694e+008
10459,1.7614e+008
10460,1.9404e+008
10461,1.8446e+008
10462,1.7313e+008
10463,1.9374e+008
10464,2.057e+008
10465,2.0733e+008
10466,1.8286e+008
10467,1.811e+008
10468,1.8751e+008
10469,1.846e+008
10470,2.0237e+008
10471,1.8819e+008
10472,1.9525e+008
10473,1.84e+008
10474,2.1006e+008
10475,1.7421e+008
10476,1.8627e+008
10477,1.7829e+008
10478,1.8363e+008
10479,1.7156e+008
10480,1.2784e+008
10481,1.8637e+008
10482,2.0725e+008
10483,1.7793e+008
10484,1.7024e+008
10485,1.7577e+008
10486,1.9384e+008
10487,1.3589e+008
10488,1.8476e+008
10489,2.1281e+008
10490,1.7573e+008
10491,1.7818e+008
10492,1.6951e+008
10493,1.7234e+008
10494,1.3683e+008
10495,1.8408e+008
10496,2.0979e+008
10497,1.6976e+008
10498,1.761e+008
10499,1.6926e+008
10500,2.0038e+008
10501,2.1566e+008
10502,1.8187e+008
10503,1.7215e+008
10504,1.7111e+008
10505,1.3996e+008
10506,1.4743e+008
10507,2.0257e+008
10508,2.1577e+008
10509,1.6954e+008
10510,1.7739e+008
10511,1.7205e+008
10512,1.4658e+008
10513,1.9018e+008
10514,1.6223e+008
10515,1.7204e+008
10516,1.5602e+008
10517,1.4841e+008
10518,1.6993e+008
10519,1.6086e+008
10520,1.5953e+008
10521,1.7676e+008
10522,1.6789e+008
10523,2.0594e+008
10524,2.06e+008
10525,2.0534e+008
10526,2.0422e+008
10527,2.0032e+008
10528,1.2917e+008
10529,1.4801e+008
10530,1.4711e+008
10531,1.4768e+008
10532,1.9615e+008
10533,1.9744e+008
10534,1.9773e+008
10535,2.0973e+008
10536,2.0698e+008
10537,1.9858e+008
10538,2.0782e+008
10539,2.0364e+008
10540,2.0513e+008
10541,2.1098e+008
10542,1.9983e+008
10543,2.0838e+008
10544,2.0801e+008
10545,2.064e+008
10546,1.9812e+008
10547,2.1028e+008
10548,2.069e+008
10549,2.0724e+008
10550,2.0586e+008
10551,1.9693e+008
10552,2.0774e+008
10553,2.0203e+008
10554,2.0811e+008
10555,2.0776e+008
10556,2.003e+008
10557,2.0471e+008
10558,2.0311e+008
10559,1.9996e+008
10560,2.0733e+008
10561,2.0194e+008
10562,1.9524e+008
10563,2.0668e+008
10564,2.0257e+008
10565,2.0833e+008
10566,2.1039e+008
10567,1.9093e+008
10568,1.8385e+008
10569,2.0705e+008
10570,2.0498e+008
10571,1.9965e+008
10572,2.0722e+008
10573,1.928e+008
10574,1.8747e+008
10575,1.7572e+008
10576,2.0863e+008
10577,2.0313e+008
10578,2.045e+008
10579,1.9582e+008
10580,1.9184e+008
10581,2.0583e+008
10582,1.8697e+008
10583,1.9156e+008
10584,1.8745e+008
10585,1.8375e+008
10586,2.0951e+008
10587,2.0352e+008
10588,2.0168e+008
10589,1.9703e+008
10590,2.0899e+008
10591,2.1045e+008
10592,2.0868e+008
10593,2.0101e+008
10594,1.9889e+008
10595,1.9969e+008
10596,2.0871e+008
10597,2.0889e+008
10598,2.1303e+008
10599,2.0704e+008
10600,2.0565e+008
10601,2.0577e+008
10602,2.0924e+008
10603,1.8105e+008
10604,2.1107e+008
10605,2.031e+008
10606,2.0569e+008
10607,2.0516e+008
10608,2.0794e+008
10609,2.0959e+008
10610,1.7729e+008
10611,2.1017e+008
10612,2.0421e+008
10613,1.9985e+008
10614,1.8308e+008
10615,2.1189e+008
10616,2.0157e+008
10617,2.0687e+008
10618,2.0737e+008
10619,2.0703e+008
10620,2.0925e+008
10621,2.0976e+008
10622,1.8575e+008
10623,2.1054e+008
10624,2.0112e+008
10625,2.0252e+008
10626,2.0113e+008
10627,2.0225e+008
10628,1.968e+008
10629,2.0881e+008
10630,1.8201e+008
10631,2.1214e+008
10632,2.0306e+008
10633,2.0846e+008
10634,2.0663e+008
10635,2.0926e+008
10636,1.7499e+008
10637,2.0566e+008
10638,2.1081e+008
10639,2.0401e+008
10640,2.0673e+008
10641,2.0084e+008
10642,2.0643e+008
10643,2.022e+008
10644,2.1162e+008
10645,2.0748e+008
10646,2.0918e+008
10647,2.0484e+008
10648,1.9966e+008
10649,2.0934e+008
10650,2.0175e+008
10651,2.0245e+008
10652,2.1341e+008
10653,2.0687e+008
10654,2.0188e+008
10655,2.1082e+008
10656,1.85e+008
10657,2.1354e+008
10658,2.0846e+008
10659,2.0403e+008
10660,2.0703e+008
10661,2.0788e+008
10662,1.8408e+008
10663,2.0894e+008
10664,2.0097e+008
10665,1.9357e+008
10666,1.9751e+008
10667,2.079e+008
10668,2.0632e+008
10669,1.8981e+008
10670,2.1269e+008
10671,2.0754e+008
10672,2.0895e+008
10673,2.0764e+008
10674,1.7913e+008
10675,2.0009e+008
10676,2.103e+008
10677,2.0181e+008
10678,1.979e+008
10679,2.0608e+008
10680,2.0678e+008
10681,2.0848e+008
10682,2.1153e+008
10683,2.1034e+008
10684,2.0516e+008
10685,2.09e+008
10686,1.9821e+008
10687,2.1257e+008
10688,2.0587e+008
10689,2.109e+008
10690,2.0822e+008
10691,2.1026e+008
10692,1.9119e+008
10693,2.1146e+008
10694,2.0373e+008
10695,2.0728e+008
10696,2.0532e+008
10697,1.9281e+008
10698,1.8666e+008
10699,2.1166e+008
10700,2.0805e+008
10701,1.985e+008
10702,2.0708e+008
10703,2.0934e+008
10704,1.8379e+008
10705,2.1093e+008
10706,2.0446e+008
10707,2.069e+008
10708,2.0649e+008
10709,1.75e+008
10710,2.1074e+008
10711,2.0092e+008
10712,2.052e+008
10713,1.9641e+008
10714,2.0724e+008
10715,2.0827e+008
10716,1.7397e+008
10717,2.1043e+008
10718,1.9963e+008
10719,2.0779e+008
10720,2.0846e+008
10721,2.06e+008
10722,1.8606e+008
10723,2.1153e+008
10724,2.0021e+008
10725,2.0235e+008
10726,2.0509e+008
10727,2.0855e+008
10728,2.0791e+008
10729,1.8412e+008
10730,2.1114e+008
10731,2.0608e+008
10732,2.0591e+008
10733,2.0453e+008
10734,2.0806e+008
10735,1.9526e+008
10736,2.1121e+008
10737,2.0187e+008
10738,2.087e+008
10739,2.0963e+008
10740,2.0814e+008
10741,1.8417e+008
10742,2.0878e+008
10743,2.0456e+008
10744,1.995e+008
10745,2.0869e+008
10746,2.1102e+008
10747,2.0397e+008
10748,2.0031e+008
10749,2.1135e+008
10750,2.1002e+008
10751,2.0727e+008
10752,2.0291e+008
10753,1.9005e+008
10754,1.9392e+008
10755,2.0902e+008
10756,2.0191e+008
10757,2.0423e+008
10758,2.0532e+008
10759,2.0928e+008
10760,2.0988e+008
10761,2.1348e+008
10762,2.1085e+008
10763,2.0646e+008
10764,2.1003e+008
10765,1.7925e+008
10766,2.1273e+008
10767,2.0667e+008
10768,2.0818e+008
10769,2.0902e+008
10770,2.0777e+008
10771,1.8254e+008
10772,2.1073e+008
10773,2.0722e+008
10774,2.0268e+008
10775,1.948e+008
10776,2.0592e+008
10777,2.0827e+008
10778,2.0225e+008
10779,1.8064e+008
10780,2.121e+008
10781,2.0273e+008
10782,2.0731e+008
10783,2.0825e+008
10784,2.0558e+008
10785,1.8435e+008
10786,2.1197e+008
10787,2.0231e+008
10788,2.0764e+008
10789,2.0982e+008
10790,1.8361e+008
10791,2.1128e+008
10792,2.0459e+008
10793,2.0245e+008
10794,2.073e+008
10795,2.0763e+008
10796,2.0948e+008
10797,1.8801e+008
10798,2.1002e+008
10799,2.0191e+008
10800,2.0817e+008
10801,2.0356e+008
10802,2.0993e+008
10803,1.7666e+008
10804,2.1038e+008
10805,2.0454e+008
10806,2.0428e+008
10807,1.9815e+008
10808,2.0495e+008
10809,2.0842e+008
10810,1.8577e+008
10811,2.1175e+008
10812,2.0889e+008
10813,1.9667e+008
10814,2.0427e+008
10815,2.0842e+008
10816,2.0816e+008
10817,1.8768e+008
10818,2.06e+008
10819,2.0581e+008
10820,2.0021e+008
10821,2.094e+008
10822,2.0349e+008
10823,2.0878e+008
10824,2.0506e+008
10825,2.1059e+008
10826,2.0599e+008
10827,2.0973e+008
10828,2.0855e+008
10829,1.888e+008
10830,1.9312e+008
10831,2.0963e+008
10832,1.9889e+008
10833,2.0322e+008
10834,2.0356e+008
10835,2.1033e+008
10836,1.9463e+008
10837,2.069e+008
10838,2.1327e+008
10839,2.1092e+008
10840,2.0489e+008
10841,2.0965e+008
10842,1.8389e+008
10843,2.1275e+008
10844,2.0774e+008
10845,2.0808e+008
10846,2.0685e+008
10847,2.0853e+008
10848,1.8592e+008
10849,2.0998e+008
10850,2.0322e+008
10851,2.0228e+008
10852,1.9702e+008
10853,2.0174e+008
10854,1.9322e+008
10855,1.7894e+008
10856,2.0897e+008
10857,2.009e+008
10858,2.0646e+008
10859,2.0837e+008
10860,2.0879e+008
10861,1.8912e+008
10862,2.1153e+008
10863,1.9943e+008
10864,2.0595e+008
10865,2.0435e+008
10866,2.0793e+008
10867,1.8277e+008
10868,2.0826e+008
10869,2.0412e+008
10870,2.0244e+008
10871,1.9814e+008
10872,1.9488e+008
10873,1.9141e+008
10874,2.1221e+008
10875,2.077e+008
10876,2.0685e+008
10877,2.0667e+008
10878,1.9807e+008
10879,1.8643e+008
10880,2.0951e+008
10881,2.0485e+008
10882,1.9796e+008
10883,2.0117e+008
10884,1.9924e+008
10885,2.0063e+008
10886,1.9058e+008
10887,2.1056e+008
10888,2.0962e+008
10889,2.0671e+008
10890,2.047e+008
10891,1.9778e+008
10892,1.9769e+008
10893,1.9299e+008
10894,2.1031e+008
10895,2.0306e+008
10896,1.9562e+008
10897,2.0897e+008
10898,2.0336e+008
10899,2.1036e+008
10900,2.1056e+008
10901,1.8148e+008
10902,1.9096e+008
10903,2.0099e+008
10904,2.0096e+008
10905,1.9896e+008
10906,2.0462e+008
10907,2.0554e+008
10908,1.7652e+008
10909,1.9931e+008
10910,2.0666e+008
10911,2.0733e+008
10912,1.8777e+008
10913,1.8129e+008
10914,2.1058e+008
10915,1.9887e+008
10916,2.0725e+008
10917,2.0527e+008
10918,2.088e+008
10919,1.9779e+008
10920,2.0596e+008
10921,1.9934e+008
10922,2.0501e+008
10923,2.0482e+008
10924,2.1094e+008
10925,2.0297e+008
10926,2.0438e+008
10927,2.0489e+008
10928,2.0331e+008
10929,1.8782e+008
10930,2.1121e+008
10931,2.0556e+008
10932,2.0143e+008
10933,2.0631e+008
10934,2.0272e+008
10935,1.8411e+008
10936,2.0792e+008
10937,2.0166e+008
10938,2.0481e+008
10939,2.0255e+008
10940,1.7783e+008
10941,2.1126e+008
10942,2.0622e+008
10943,2.0657e+008
10944,2.0062e+008
10945,2.047e+008
10946,1.7535e+008
10947,2.0209e+008
10948,2.0403e+008
10949,2.034e+008
10950,1.9524e+008
10951,1.9816e+008
10952,1.9525e+008
10953,1.5234e+008
10954,1.9236e+008
10955,2.1112e+008
10956,2.0686e+008
10957,2.0624e+008
10958,2.0355e+008
10959,1.8992e+008
10960,1.8898e+008
10961,2.0837e+008
10962,2.0448e+008
10963,1.9669e+008
10964,2.0755e+008
10965,1.7889e+008
10966,1.8776e+008
10967,2.0403e+008
10968,1.5388e+008
10969,1.8386e+008
10970,1.8212e+008
10971,2.0203e+008
10972,2.0372e+008
10973,2.0967e+008
10974,2.0694e+008
10975,2.0812e+008
10976,2.0583e+008
10977,2.0152e+008
10978,2.0888e+008
10979,2.1012e+008
10980,2.1086e+008
10981,1.813e+008
10982,2.1036e+008
10983,2.0811e+008
10984,2.0646e+008
10985,2.0557e+008
10986,1.8848e+008
10987,2.1004e+008
10988,1.9822e+008
10989,2.0822e+008
10990,2.0489e+008
10991,2.0838e+008
10992,1.7716e+008
10993,2.0503e+008
10994,2.095e+008
10995,2.0759e+008
10996,1.9306e+008
10997,2.0003e+008
10998,2.053e+008
10999,2.0776e+008
11000,2.0538e+008
11001,2.0333e+008
11002,2.1164e+008
11003,2.0861e+008
11004,2.0633e+008
11005,2.0935e+008
11006,2.0854e+008
11007,2.0209e+008
11008,2.0217e+008
11009,2.135e+008
11010,2.0923e+008
11011,2.0856e+008
11012,2.0877e+008
11013,1.6931e+008
11014,2.0049e+008
11015,2.0756e+008
11016,2.0575e+008
11017,2.0374e+008
11018,2.0096e+008
11019,2.0812e+008
11020,2.0854e+008
11021,2.0294e+008
11022,2.0733e+008
11023,1.9931e+008
11024,2.0818e+008
11025,2.1024e+008
11026,1.9744e+008
11027,2.0512e+008
11028,2.0695e+008
11029,1.9209e+008
11030,2.0951e+008
11031,2.08e+008
11032,2.0575e+008
11033,2.0855e+008
11034,1.9296e+008
11035,2.043e+008
11036,1.8879e+008
11037,2.0569e+008
11038,1.9873e+008
11039,2.0409e+008
11040,2.0952e+008
11041,2.0742e+008
11042,1.8456e+008
11043,1.6516e+008
11044,1.9306e+008
11045,2.0371e+008
11046,1.9468e+008
11047,2.0826e+008
11048,1.9668e+008
11049,1.9092e+008
11050,1.8621e+008
11051,1.8067e+008
11052,2.0824e+008
11053,2.0475e+008
11054,1.9609e+008
11055,2.0848e+008
11056,2.1195e+008
11057,2.0786e+008
11058,2.0661e+008
11059,2.0554e+008
11060,2.058e+008
11061,1.9994e+008
11062,2.1019e+008
11063,2.0783e+008
11064,2.052e+008
11065,2.0433e+008
11066,1.8622e+008
11067,2.116e+008
11068,2.0829e+008
11069,2.0327e+008
11070,2.0547e+008
11071,2.0726e+008
11072,1.8186e+008
11073,2.0835e+008
11074,2.0238e+008
11075,1.9505e+008
11076,2.071e+008
11077,1.9929e+008
11078,2.0014e+008
11079,1.8549e+008
11080,1.8523e+008
11081,2.114e+008
11082,2.0822e+008
11083,2.0925e+008
11084,2.0604e+008
11085,2.0345e+008
11086,1.8441e+008
11087,2.0829e+008
11088,2.0672e+008
11089,1.974e+008
11090,2.0647e+008
11091,1.9945e+008
11092,1.8656e+008
11093,1.8424e+008
11094,2.1114e+008
11095,2.0843e+008
11096,2.0697e+008
11097,2.0574e+008
11098,2.0442e+008
11099,1.831e+008
11100,2.0691e+008
11101,2.0771e+008
11102,2.0612e+008
11103,2.0415e+008
11104,1.9904e+008
11105,1.9097e+008
11106,1.996e+008
11107,2.0985e+008
11108,2.0718e+008
11109,2.0388e+008
11110,2.0717e+008
11111,2.035e+008
11112,2.0386e+008
11113,2.0831e+008
11114,1.9794e+008
11115,2.0348e+008
11116,2.0858e+008
11117,1.8174e+008
11118,1.9779e+008
11119,2.0689e+008
11120,1.8371e+008
11121,2.0686e+008
11122,1.828e+008
11123,1.9883e+008
11124,2.062e+008
11125,2.0163e+008
11126,1.9729e+008
11127,2.1023e+008
11128,2.0291e+008
11129,2.0567e+008
11130,2.0609e+008
11131,2.0769e+008
11132,1.8006e+008
11133,1.7908e+008
11134,2.0531e+008
11135,2.0143e+008
11136,1.9636e+008
11137,2.0113e+008
11138,1.9531e+008
11139,2.0977e+008
11140,2.0273e+008
11141,2.0379e+008
11142,2.0682e+008
11143,2.0596e+008
11144,1.8124e+008
11145,2.0898e+008
11146,2.0344e+008
11147,2.e+008
11148,2.0533e+008
11149,2.0563e+008
11150,1.7946e+008
11151,2.0526e+008
11152,1.9e+008
11153,2.0217e+008
11154,1.9458e+008
11155,1.7963e+008
11156,1.8109e+008
11157,2.0926e+008
11158,1.9995e+008
11159,1.9925e+008
11160,2.0232e+008
11161,2.0805e+008
11162,1.6877e+008
11163,2.0619e+008
11164,1.8073e+008
11165,2.058e+008
11166,1.9174e+008
11167,1.8676e+008
11168,1.7156e+008
11169,1.8091e+008
11170,1.8378e+008
11171,2.0897e+008
11172,1.9983e+008
11173,1.9919e+008
11174,2.0254e+008
11175,1.7827e+008
11176,2.0561e+008
11177,1.9874e+008
11178,1.9359e+008
11179,1.9373e+008
11180,1.8593e+008
11181,1.7207e+008
11182,1.9027e+008
11183,2.0877e+008
11184,1.9704e+008
11185,1.9913e+008
11186,2.0414e+008
11187,2.0334e+008
11188,1.8637e+008
11189,2.0416e+008
11190,2.0247e+008
11191,1.9437e+008
11192,1.9942e+008
11193,2.0693e+008
11194,2.001e+008
11195,2.0169e+008
11196,1.9962e+008
11197,2.0089e+008
11198,1.8988e+008
11199,1.9206e+008
11200,2.0582e+008
11201,1.9564e+008
11202,1.9742e+008
11203,2.0927e+008
11204,2.0811e+008
11205,2.0223e+008
11206,2.0588e+008
11207,1.9451e+008
11208,2.0747e+008
11209,1.8237e+008
11210,1.8512e+008
11211,2.0656e+008
11212,1.8737e+008
11213,1.8565e+008
11214,1.8226e+008
11215,2.0589e+008
11216,1.9037e+008
11217,1.8473e+008
11218,1.9115e+008
11219,1.8937e+008
11220,2.0657e+008
11221,1.9936e+008
11222,1.9012e+008
11223,1.938e+008
11224,1.923e+008
11225,1.836e+008
11226,2.0661e+008
11227,1.8635e+008
11228,1.9015e+008
11229,1.957e+008
11230,1.9153e+008
11231,1.6005e+008
11232,1.7763e+008
11233,2.0309e+008
11234,2.1185e+008
11235,1.7652e+008
11236,1.6687e+008
11237,1.9087e+008
11238,1.9015e+008
11239,1.5313e+008
11240,1.9651e+008
11241,2.0522e+008
11242,1.7135e+008
11243,1.8771e+008
11244,1.7637e+008
11245,1.8751e+008
11246,1.6253e+008
11247,2.0516e+008
11248,2.007e+008
11249,1.7795e+008
11250,1.7707e+008
11251,1.777e+008
11252,2.1609e+008
11253,1.8175e+008
11254,1.8304e+008
11255,1.7621e+008
11256,1.7969e+008
11257,1.82e+008
11258,1.6441e+008
11259,1.4854e+008
11260,1.914e+008
11261,1.8849e+008
11262,1.691e+008
11263,1.5889e+008
11264,1.8013e+008
11265,1.4953e+008
11266,1.5983e+008
11267,1.2488e+008
11268,2.0874e+008
11269,1.6858e+008
11270,1.7701e+008
11271,1.6905e+008
11272,1.68e+008
11273,1.6103e+008
11274,1.4904e+008
11275,1.6029e+008
11276,1.7256e+008
11277,6.0083e+007
11278,1.372e+008
11279,8.5511e+007
11280,9.7399e+007
11281,6.2021e+007
11282,6.0934e+007
11283,9.9237e+007
11284,6.2783e+007
11285,9.9835e+007
11286,1.0706e+008
11287,6.0235e+007
11288,1.1268e+008
11289,1.0129e+008
11290,1.3654e+008
11291,1.3903e+008
11292,6.4436e+007
11293,6.713e+007
11294,1.2456e+008
11295,1.344e+008
11296,1.2772e+008
11297,8.6362e+007
11298,7.3812e+007
11299,2.2615e+007
11300,1.4824e+007
11301,1.6376e+007
11302,2.4445e+007
11303,1.963e+008
11304,1.9553e+008
11305,1.7694e+008
11306,1.788e+008
11307,1.7505e+008
11308,8.9777e+007
11309,1.6558e+008
11310,1.513e+008
11311,1.4287e+008
11312,1.6907e+008
11313,1.6422e+008
11314,1.591e+008
11315,1.8019e+008
11316,1.5992e+008
11317,1.0541e+008
11318,1.3988e+008
11319,1.5702e+008
11320,1.1988e+008
11321,1.5435e+008
11322,1.6669e+008
11323,1.6513e+008
11324,1.8309e+008
11325,1.372e+008
11326,1.1845e+008
11327,1.5345e+008
11328,1.3089e+008
11329,1.6347e+008
11330,1.5877e+008
11331,1.4587e+008
11332,1.7096e+008
11333,1.6441e+008
11334,1.6452e+008
11335,1.5852e+008
11336,1.5055e+008
11337,1.6334e+008
11338,1.5401e+008
11339,1.4998e+008
11340,1.6433e+008
11341,1.7258e+008
11342,1.6117e+008
11343,1.6655e+008
11344,1.5274e+008
11345,1.4982e+008
11346,1.6544e+008
11347,1.5497e+008
11348,1.6851e+008
11349,1.5395e+008
11350,1.5467e+008
11351,1.5539e+008
11352,1.496e+008
11353,1.4874e+008
11354,1.508e+008
11355,1.5218e+008
11356,1.4478e+008
11357,1.5556e+008
11358,1.6003e+008
11359,1.6404e+008
11360,1.6212e+008
11361,1.5971e+008
11362,1.7258e+008
11363,1.6236e+008
11364,1.5263e+008
11365,1.6449e+008
11366,1.5876e+008
11367,1.6809e+008
11368,1.8463e+008
11369,1.6392e+008
11370,1.3623e+008
11371,1.5811e+008
11372,1.1437e+008
11373,1.6407e+008
11374,1.6219e+008
11375,1.7849e+008
11376,1.7675e+008
11377,1.6427e+008
11378,1.7133e+008
11379,1.58e+008
11380,1.6024e+008
11381,1.5672e+008
11382,1.7672e+008
11383,1.5495e+008
11384,1.5983e+008
11385,1.6331e+008
11386,1.5564e+008
11387,1.5122e+008
11388,1.5502e+008
11389,1.613e+008
11390,1.7657e+008
11391,1.6699e+008
11392,1.6515e+008
11393,1.6936e+008
11394,1.6546e+008
11395,1.4756e+008
11396,1.5837e+008
11397,1.2122e+008
11398,1.5274e+008
11399,1.6657e+008
11400,1.6432e+008
11401,1.4309e+008
11402,1.6475e+008
11403,1.7222e+008
11404,1.6197e+008
11405,1.6107e+008
11406,1.5446e+008
11407,1.4379e+008
11408,1.5953e+008
11409,1.6825e+008
11410,1.7928e+008
11411,1.5599e+008
11412,1.56e+008
11413,1.5495e+008
11414,1.679e+008
11415,1.5658e+008
11416,1.6559e+008
11417,1.4759e+008
11418,1.5856e+008
11419,1.5963e+008
11420,1.4717e+008
11421,1.6078e+008
11422,1.4796e+008
11423,1.7345e+008
11424,1.545e+008
11425,1.5083e+008
11426,1.2619e+008
11427,1.1452e+008
11428,1.5702e+008
11429,1.4699e+008
11430,1.4306e+008
11431,1.4481e+008
11432,1.4601e+008
11433,1.3994e+008
11434,1.4729e+008
11435,1.3414e+008
11436,1.5275e+008
11437,1.4967e+008
11438,1.6216e+008
11439,1.4093e+008
11440,1.1513e+008
11441,1.4685e+008
11442,1.495e+008
11443,1.2184e+008
11444,1.5761e+008
11445,1.5575e+008
11446,1.3682e+008
11447,1.3413e+008
11448,1.2535e+008
11449,1.4636e+008
11450,1.3846e+008
11451,1.2409e+008
11452,1.3994e+008
11453,1.2959e+008
11454,1.2897e+008
11455,1.3248e+008
11456,1.3959e+008
11457,1.3228e+008
11458,1.3542e+008
11459,1.3698e+008
11460,1.4086e+008
11461,1.4599e+008
11462,1.2762e+008
11463,1.1817e+008
11464,1.2913e+008
11465,1.3632e+008
11466,1.2873e+008
11467,1.327e+008
11468,1.2236e+008
11469,1.7032e+008
11470,1.4566e+008
11471,1.6053e+008
11472,1.5729e+008
11473,1.5318e+008
11474,1.5112e+008
11475,1.6106e+008
11476,1.5921e+008
11477,1.5382e+008
11478,1.3745e+008
11479,1.3155e+008
11480,1.4159e+008
11481,1.3816e+008
11482,1.3207e+008
11483,1.3827e+008
11484,1.6269e+008
11485,1.4192e+008
11486,1.4294e+008
11487,1.4985e+008
11488,1.4183e+008
11489,1.5071e+008
11490,1.4003e+008
11491,1.3512e+008
11492,1.231e+008
11493,1.2802e+008
11494,1.44e+008
11495,1.5391e+008
11496,1.5261e+008
11497,1.5463e+008
11498,1.6193e+008
11499,1.5686e+008
11500,1.5202e+008
11501,1.7775e+008
11502,1.8094e+008
11503,1.5748e+008
11504,1.5572e+008
11505,1.521e+008
11506,1.5414e+008
11507,1.3225e+008
11508,1.5883e+008
11509,1.5972e+008
11510,1.5241e+008
11511,1.6957e+008
11512,1.4966e+008
11513,1.2023e+008
11514,1.5894e+008
11515,1.2885e+008
11516,1.6156e+008
11517,1.6342e+008
11518,1.6426e+008
11519,1.8178e+008
11520,1.483e+008
11521,1.571e+008
11522,1.4744e+008
11523,1.5957e+008
11524,1.244e+008
11525,1.3226e+008
11526,1.4848e+008
11527,1.6546e+008
11528,1.6889e+008
11529,1.5693e+008
11530,1.5745e+008
11531,1.4702e+008
11532,1.58e+008
11533,1.5826e+008
11534,1.479e+008
11535,1.5681e+008
11536,1.5646e+008
11537,1.5046e+008
11538,1.5542e+008
11539,1.5778e+008
11540,1.5635e+008
11541,1.4494e+008
11542,1.5509e+008
11543,1.4305e+008
11544,1.5183e+008
11545,1.5914e+008
11546,1.7011e+008
11547,1.613e+008
11548,1.5985e+008
11549,1.5116e+008
11550,1.4899e+008
11551,1.5979e+008
11552,1.5651e+008
11553,1.6456e+008
11554,1.4232e+008
11555,1.4489e+008
11556,1.4227e+008
11557,1.4355e+008
11558,1.5045e+008
11559,1.4897e+008
11560,1.4401e+008
11561,1.4467e+008
11562,1.6618e+008
11563,1.3635e+008
11564,1.4788e+008
11565,1.4311e+008
11566,1.4867e+008
11567,1.2747e+008
11568,1.6451e+008
11569,1.6254e+008
11570,1.409e+008
11571,1.4819e+008
11572,1.4726e+008
11573,1.5737e+008
11574,1.5045e+008
11575,1.6965e+008
11576,1.5668e+008
11577,1.5898e+008
11578,1.577e+008
11579,1.3817e+008
11580,1.5068e+008
11581,1.4301e+008
11582,1.4917e+008
11583,1.3903e+008
11584,1.4672e+008
11585,1.7457e+008
11586,1.5851e+008
11587,1.5222e+008
11588,1.5894e+008
11589,1.477e+008
11590,1.4522e+008
11591,1.5353e+008
11592,1.4363e+008
11593,1.4531e+008
11594,1.3483e+008
11595,1.2754e+008
11596,1.6036e+008
11597,1.5584e+008
11598,1.4633e+008
11599,1.0572e+008
11600,1.2666e+008
11601,1.3095e+008
11602,1.2891e+008
11603,1.402e+008
11604,1.4024e+008
11605,1.3814e+008
11606,1.4276e+008
11607,1.2553e+008
11608,1.3801e+008
11609,1.3553e+008
11610,1.3156e+008
11611,1.4058e+008
11612,1.4292e+008
11613,1.199e+008
11614,1.2658e+008
11615,1.3823e+008
11616,1.2753e+008
11617,1.3112e+008
11618,1.2966e+008
11619,1.3392e+008
11620,1.2214e+008
11621,1.4528e+008
11622,1.8138e+008
11623,1.9717e+008
11624,1.7005e+008
11625,1.7007e+008
11626,1.5037e+008
11627,1.6448e+008
11628,1.2642e+008
11629,1.6348e+008
11630,1.3688e+008
11631,1.5828e+008
11632,1.5617e+008
11633,1.5615e+008
11634,1.5438e+008
11635,1.4485e+008
11636,1.5209e+008
11637,1.6349e+008
11638,1.7484e+008
11639,1.8656e+008
11640,1.5313e+008
11641,1.314e+008
11642,1.6694e+008
11643,1.7924e+008
11644,1.7333e+008
11645,1.6196e+008
11646,1.6301e+008
11647,1.5226e+008
11648,1.5386e+008
11649,1.6774e+008
11650,1.5596e+008
11651,1.5284e+008
11652,1.6552e+008
11653,1.7195e+008
11654,1.6255e+008
11655,1.6403e+008
11656,1.5483e+008
11657,1.5664e+008
11658,1.5263e+008
11659,1.5154e+008
11660,1.5473e+008
11661,1.6818e+008
11662,1.6113e+008
11663,1.6122e+008
11664,1.5497e+008
11665,1.5897e+008
11666,1.6628e+008
11667,1.639e+008
11668,1.7773e+008
11669,1.7545e+008
11670,1.5861e+008
11671,1.6029e+008
11672,1.637e+008
11673,1.6573e+008
11674,1.6036e+008
11675,1.6008e+008
11676,1.6012e+008
11677,1.7776e+008
11678,1.6152e+008
11679,1.6314e+008
11680,1.646e+008
11681,1.5766e+008
11682,1.7724e+008
11683,1.6259e+008
11684,1.5404e+008
11685,1.6187e+008
11686,1.6003e+008
11687,1.5459e+008
11688,1.5517e+008
11689,1.6308e+008
11690,1.6062e+008
11691,1.5903e+008
11692,1.4224e+008
11693,1.6545e+008
11694,2.3265e+007
11695,1.6043e+007
11696,1.6832e+007
11697,2.3365e+007
11698,6379.4
11699,9854.9
11700,22294
11701,9965.
11702,19432
11703,7006.6
11704,7605.9
11705,10866
11706,5231.7
11707,3.5003e+007
11708,3.7636e+007
11709,3.2055e+007
11710,2.5411e+007
11711,2.9577e+007
11712,2.9758e+007
11713,2.2961e+007
11714,1.7715e+007
11715,2.7225e+007
11716,2.9395e+007
11717,4.9776e+007
11718,3.5993e+007
11719,3.945e+007
11720,3.2596e+007
11721,2.0727e+007
11722,3.5143e+007
11723,2.2578e+007
11724,3.2766e+007
11725,3.234e+007
11726,2.6743e+007
11727,1.7924e+007
11728,1.5783e+007
11729,3.9257e+007
11730,3.5585e+007
11731,2.0793e+007
11732,2.8744e+007
11733,306.64
11734,234.24
11735,275.36
11736,558.18
11737,593.04
11738,979.49
11739,238.65
11740,309.82
11741,272.99
11742,208.1
11743,198.98
11744,236.29
11745,2.5574e+005
11746,5.8304e+005
11747,2.4747e+005
11748,1.0748e+006
11749,6.3414e+005
11750,3.334e+005
11751,3.5101e+005
11752,2.2455e+005
11753,3.5407e+005
11754,7.1371e+005
11755,3.3196e+005
11756,336.87
11757,331.67
11758,1084.2
11759,813.37
11760,416.43
11761,604.4
11762,281.89
11763,631.69
11764,381.88
11765,319.26
11766,4.2857e+005
11767,6.3543e+005
11768,2.5032e+005
11769,3.1469e+005
11770,9.3505e+005
11771,2.8199e+005
11772,2.7176e+005
11773,1.9681e+005
11774,2.5439e+005
11775,4.7152e+007
11776,3.3806e+007
11777,3.4546e+007
11778,3.3321e+007
11779,2.7955e+007
11780,4.4584e+007
11781,4.3378e+007
11782,2.9357e+007
11783,4.5555e+007
11784,3.7953e+007
11785,3.4944e+007
11786,4.6909e+007
11787,3.1897e+007
11788,3.111e+007
11789,3.4475e+007
11790,4.7585e+007
11791,3.796e+007
11792,3.2303e+007
11793,3.2096e+007
11794,4.6282e+007
11795,4.4635e+007
11796,5.0518e+007
11797,3.3321e+007
11798,2115.9
11799,2097.8
11800,1109.
11801,971.17
11802,1081.8
11803,2727.2
11804,854.14
11805,712.15
11806,1708.3
11807,787.2
11808,26.058
11809,48.527
11810,18.409
11811,18.967
11812,35.071
11813,15.445
11814,36.375
11815,12.947
11816,13.31
11817,19.252
11818,27.184
11819,5.3818e+006
11820,8.5506e+006
11821,9.1088e+006
11822,3.6924e+006
11823,4.4453e+006
11824,1.0439e+007
11825,3.5691e+006
11826,3.5695e+006
11827,5.2794e+006
11828,2.868e+006
11829,90204
11830,1.5079e+005
11831,90938
11832,51211
11833,95077
11834,48718
11835,49945
11836,49449
11837,39375
11838,37080
11839,70.298
11840,36.147
11841,26.661
11842,27.142
11843,46.333
11844,74.737
11845,31.252
11846,29.347
11847,22.802
11848,7.8868e+006
11849,4.4305e+006
11850,9.3949e+006
11851,7.0455e+006
11852,4.4299e+006
11853,3.459e+006
11854,3.1191e+006
11855,5.7324e+006
11856,4.3717e+006
11857,8624.3
11858,20609
11859,4610.2
11860,17075
11861,4831.3
11862,5394.
11863,4794.8
11864,9111.3
11865,12296
11866,3772.5
11867,6054.1
11868,38605
11869,71446
11870,21901
11871,61928
11872,23799
11873,20393
11874,53929
11875,1.9641e+007
11876,2.7702e+007
11877,3.3542e+007
11878,3.5715e+007
11879,3.5708e+007
11880,1.9284e+007
11881,2.542e+007
11882,2.0144e+007
11883,1.5865e+007
11884,4.0882e+007
11885,2.1285e+007
11886,3.3596e+007
11887,2.4151e+007
11888,4.03e+007
11889,7.6052e+007
11890,7.4498e+007
11891,6.5079e+007
11892,8.6526e+007
11893,8.4678e+007
11894,6.5691e+007
11895,7.8644e+007
11896,6.9158e+007
11897,7.4211e+007
11898,7.6594e+007
11899,3.5504e+007
11900,2.3816e+007
11901,3.7792e+007
11902,3.8664e+007
11903,2.5137e+007
11904,3.157e+007
11905,2.0929e+007
11906,1.7663e+007
11907,4.7866e+007
11908,2.6787e+007
11909,3.7932e+007
11910,4.1726e+007
11911,1782.5
11912,5572.2
11913,6408.
11914,3427.4
11915,2203.7
11916,1545.8
11917,2949.3
11918,2108.
11919,1444.5
11920,1791.8
11921,6261.5
11922,1950.2
11923,3407.9
11924,3010.8
11925,1416.
11926,2312.
11927,2585.7
11928,1484.4
11929,1.0853e+005
11930,75573
11931,76057
11932,1.2052e+005
11933,2.1388e+005
11934,1.3275e+005
11935,70801
11936,63653
11937,1.2639e+005
11938,7.9451e+007
11939,8.6973e+007
11940,8.7253e+007
11941,6.766e+007
11942,7.0827e+007
11943,8.0554e+007
11944,6.6267e+007
11945,7.6132e+007
11946,7.4754e+007
11947,6.5307e+007
11948,4.4652e+007
11949,4.1052e+007
11950,6.3579e+007
11951,5.6141e+007
11952,5.3989e+007
11953,7.3898e+007
11954,6.0933e+007
11955,7.5563e+007
11956,7.0637e+007
11957,5.413e+007
11958,6.4421e+007
11959,7.119e+007
11960,7.0574e+007
11961,3.8905e+007
11962,3.922e+007
11963,5.3024e+007
11964,5.3895e+007
11965,6.2986e+007
11966,5.6241e+007
11967,6.6273e+007
11968,6.1944e+007
11969,6.6644e+007
11970,161.41
11971,246.62
11972,119.52
11973,127.98
11974,150.02
11975,109.59
11976,88.935
11977,94.851
11978,215.38
11979,144.63
11980,2.4212e+007
11981,3.9135e+007
11982,3.6772e+007
11983,3.5128e+007
11984,2.9358e+007
11985,2.0673e+007
11986,4.2488e+007
11987,2.7009e+007
11988,4.1913e+007
11989,5.5623e+007
11990,5804.3
11991,2052.7
11992,7698.8
11993,2434.5
11994,1824.
11995,3557.6
11996,1633.
11997,172.39
11998,496.41
11999,172.23
12000,215.72
12001,285.24
12002,237.45
12003,145.71
12004,198.74
12005,175.64
12006,270.61
12007,1.843e+007
12008,6.8843e+006
12009,1.1848e+007
12010,9.9857e+006
12011,5.4292e+006
12012,7.2563e+006
12013,5.4704e+006
12014,9.3646e+006
12015,1.6231e+007
12016,8.3026e+006
12017,3.4438e+006
12018,3.67e+006
12019,8.7612e+006
12020,3.2354e+006
12021,4.95e+006
12022,4.8206e+006
12023,3.6905e+006
12024,5.7192e+006
12025,77715
12026,74576
12027,25143
12028,25991
12029,35468
12030,1.0679e+005
12031,23559
12032,22458
12033,44083
12034,29290
12035,665.36
12036,961.73
12037,564.74
12038,605.32
12039,698.38
12040,439.41
12041,748.07
12042,439.71
12043,503.54
12044,539.03
12045,1.2585e+006
12046,5.1541e+005
12047,1.4975e+006
12048,5.4186e+005
12049,7.1147e+005
12050,4.9841e+005
12051,7.8058e+005
12052,4.2415e+005
12053,1.0347e+006
12054,5.8192e+005
12055,5.6102e+005
12056,9.1845e+005
12057,18.162
12058,8.0199
12059,10.533
12060,11.667
12061,6.0364
12062,10.158
12063,20.817
12064,11.323
12065,7.5213
12066,12.566
12067,6.4228
12068,5.8483
12069,10.204
12070,9.4195
12071,8.5197
12072,21710
12073,22199
12074,6492.
12075,5784.6
12076,5239.
12077,9716.2
12078,11077
12079,5255.9
12080,3.2439e+007
12081,3.4464e+007
12082,3.6548e+007
12083,4.2963e+007
12084,4.8943e+007
12085,3.1983e+007
12086,7.0885e+007
12087,5.5747e+007
12088,4.1728e+007
12089,6.9981e+007
12090,6.4554e+007
12091,4.7887e+007
12092,3.482e+005
12093,2.909e+005
12094,9.6856e+005
12095,8.0031e+005
12096,3.199e+005
12097,2.8387e+005
12098,4.2966e+005
12099,2.4705e+005
12100,8.4678e+005
12101,5.3191e+005
12102,6.4028e+007
12103,8.3819e+007
12104,7.1611e+007
12105,7.9767e+007
12106,6.2578e+007
12107,6.9582e+007
12108,7.6574e+007
12109,8.3998e+007
12110,6.7837e+007
12111,7.5548e+007
12112,7.8458e+007
12113,3.4304e+007
12114,3.3153e+007
12115,3.6056e+007
12116,4.6808e+007
12117,5.3613e+007
12118,4.7394e+007
12119,3.9402e+007
12120,5.4038e+007
12121,4.7084e+007
12122,5.2103e+007
12123,2.7684e+007
12124,2.8461e+007
12125,3.5414e+007
12126,3.7909e+007
12127,4.1246e+007
12128,4.381e+007
12129,4.9107e+007
12130,4.1715e+007
12131,3.1512e+007
12132,3.8826e+007
12133,5.5617e+007
12134,4.9139e+007
12135,5.0357e+007
12136,3.292e+007
12137,66976
12138,63551
12139,1.8711e+005
12140,1.3213e+005
12141,58103
12142,51003
12143,82642
12144,52129
12145,3.7593e+007
12146,5.0609e+007
12147,5.7962e+007
12148,5.3124e+007
12149,4.9121e+007
12150,3.4807e+007
12151,4.839e+007
12152,3.1782e+007
12153,2.8772e+007
12154,3.4808e+007
12155,3.7596e+007
12156,5.3482e+007
12157,4.4092e+007
12158,4.3212e+007
12159,65.663
12160,99.961
12161,104.14
12162,54.437
12163,84.904
12164,60.102
12165,78.109
12166,106.55
12167,1.1911e+007
12168,1.3342e+007
12169,1.7504e+007
12170,7.054e+006
12171,6.9575e+006
12172,1.0795e+007
12173,1.218e+007
12174,21.985
12175,65.906
12176,23.076
12177,28.239
12178,22.481
12179,18.406
12180,17.366
12181,18.597
12182,46.84
12183,29.325
12184,49.724
12185,19.609
12186,20.59
12187,40.472
12188,16.538
12189,17.764
12190,14.141
12191,27.256
12192,28.314
12193,18.884
12194,4.0817e+007
12195,2.0118e+007
12196,2.5637e+007
12197,2.6386e+007
12198,3.9683e+007
12199,1.8536e+007
12200,2.5768e+007
12201,1.6981e+005
12202,1.1819e+005
12203,1.8809e+005
12204,1.5851e+005
12205,57219
12206,83295
12207,1.1831e+005
12208,1.3909e+005
12209,1.1103e+005
12210,430.18
12211,114.49
12212,101.07
12213,140.91
12214,91.517
12215,314.95
12216,81.37
12217,4.1771e+007
12218,5.2962e+007
12219,4.1193e+007
12220,5.5105e+007
12221,3.7001e+007
12222,5.4645e+007
12223,5.8721e+007
12224,4.3252e+007
12225,637.38
12226,467.27
12227,426.24
12228,322.7
12229,480.21
12230,310.97
12231,376.25
12232,365.37
12233,403.71
12234,2.3688e+007
12235,4.0202e+007
12236,1.971e+007
12237,2.5783e+007
12238,2.5141e+007
12239,3.1501e+007
12240,1.7337e+005
12241,6.7987e+005
12242,1.1726e+005
12243,3.6558e+005
12244,1.6667e+005
12245,1.4431e+005
12246,4.3968e+005
12247,1.7304e+005
12248,7.9205e+006
12249,1.3893e+007
12250,1.7763e+007
12251,6.387e+006
12252,7.1867e+006
12253,9.1386e+006
12254,1.3607e+007
12255,1.7126e+007
12256,4.1509e+007
12257,4.2273e+007
12258,5.2427e+007
12259,4.916e+007
12260,5.5101e+007
12261,4.1278e+007
12262,4.2254e+007
12263,3.6447e+007
12264,5.8672e+007
12265,4.7806e+007
12266,5.0419e+007
12267,5.6895e+007
12268,4.8304e+007
12269,71282
12270,1.4212e+005
12271,66706
12272,69255
12273,1.1566e+005
12274,60457
12275,9.4096e+007
12276,8.6175e+007
12277,9.008e+007
12278,7.5443e+007
12279,7.0686e+007
12280,7.3572e+007
12281,8.5392e+007
12282,8.5449e+007
12283,7.8849e+007
12284,8.1526e+007
12285,2.1542e+006
12286,5.5755e+005
12287,1.1759e+006
12288,4.7768e+005
12289,7.2818e+005
12290,4.706e+005
12291,1.5859e+007
12292,1.3499e+007
12293,1.3261e+007
12294,9.8993e+006
12295,1.4613e+007
12296,2.0878e+007
12297,9.5555e+007
12298,9.7469e+007
12299,9.0837e+007
12300,9.5192e+007
12301,8.9526e+007
12302,8.5036e+007
12303,500.08
12304,117.16
12305,145.47
12306,144.62
12307,92.097
12308,3.4126e+007
12309,3.0096e+007
12310,3.568e+007
12311,5.9132e+007
12312,5.0221e+007
12313,5.558e+007
12314,4.5649e+007
12315,3.3298e+007
12316,4.0307e+007
12317,3.7497e+007
12318,4.6215e+007
12319,6.895e+007
12320,4.1428e+007
12321,6.7831e+007
12322,3.8438e+007
12323,6.1534e+007
12324,6.7295e+007
12325,3.994e+007
12326,3.8002e+007
12327,4.7959e+007
12328,7.7298e+007
12329,6.1161e+007
12330,7.1368e+007
12331,4.2354e+007
12332,1.9956e+007
12333,3.4546e+007
12334,1.3614e+007
12335,1.8817e+007
12336,3.4701e+007
12337,2.6887e+007
12338,2.3217e+007
12339,4.049e+007
12340,1.3131e+006
12341,2.5002e+006
12342,1.9864e+006
12343,2.0851e+006
12344,1.0312e+006
12345,1.2552e+006
12346,34105
12347,30008
12348,41224
12349,18462
12350,31831
12351,19252
12352,9.7923e+007
12353,1.0177e+008
12354,9.7077e+007
12355,9.7028e+007
12356,1168.9
12357,536.73
12358,705.74
12359,407.67
12360,525.71
12361,504.73
12362,4.2216e+007
12363,5.3324e+007
12364,6.6521e+007
12365,3.6775e+007
12366,6.8073e+007
12367,4.1935e+007
12368,5.5923e+007
12369,6.1726e+007
12370,4.2981e+007
12371,4.3604e+007
12372,7.1917e+007
12373,5.8095e+007
12374,4.2503e+007
12375,6.3562e+007
12376,7.4274e+007
12377,6.0188e+007
12378,8.9927e+007
12379,8.6718e+007
12380,9.4164e+007
12381,8.7597e+007
12382,8.5683e+007
12383,79548
12384,31522
12385,18027
12386,41730
12387,19030
12388,20364
12389,39791
12390,22761
12391,1.9512e+005
12392,2.1685e+005
12393,67871
12394,73230
12395,89977
12396,73645
12397,1.8132e+005
12398,1.2778e+005
12399,1389.8
12400,1181.7
12401,1879.5
12402,2449.5
12403,2937.9
12404,989.22
12405,846.08
12406,1380.6
12407,5.5658e+007
12408,4.6886e+007
12409,3.3685e+007
12410,6.21e+007
12411,1.7162e+005
12412,97755
12413,1.3938e+005
12414,2.078e+005
12415,53916
12416,65747
12417,70719
12418,9151.5
12419,10205
12420,4960.4
12421,13351
12422,9257.9
12423,4126.9
12424,4908.8
12425,5099.5
12426,722.97
12427,2181.2
12428,809.43
12429,829.51
12430,598.39
12431,691.91
12432,367.03
12433,253.61
12434,252.46
12435,221.21
12436,306.
12437,4.8117
12438,2.4526
12439,1.9522
12440,2.8255
12441,2.6418
12442,1202.9
12443,469.69
12444,1045.6
12445,412.41
12446,562.31
12447,8.1421e+007
12448,7.9254e+007
12449,8.9249e+007
12450,8.549e+007
12451,9.3605e+007
12452,8.5265e+007
12453,1402.3
12454,429.53
12455,17215
12456,23261
12457,14079
12458,2.4499e+006
12459,6.5488e+006
12460,2.5286e+006
12461,1.7646e+006
12462,2.8516e+006
12463,1.0985e+007
12464,1.1808e+007
12465,8.1261e+006
12466,7.7199e+006
12467,2.0922e+007
12468,8.2116e+006
12469,6.0288e+006
12470,5.8344e+006
12471,9.989e+006
12472,6.7563e+006
12473,5.8865e+006
12474,3.7715e+007
12475,3.0271e+007
12476,4.1333e+007
12477,4.1041e+007
12478,5.7117e+007
12479,6.6622e+007
12480,5.6463e+007
12481,5.6454e+007
12482,58.677
12483,80.807
12484,62.99
12485,47.754
12486,54.331
12487,48.664
12488,2.8574e+005
12489,4.6499e+005
12490,2.381e+005
12491,1.4629e+005
12492,2.1524e+005
12493,2.079e+005
12494,3.3116e+005
12495,1.6246e+005
12496,1.2246e+005
12497,2.0262e+005
12498,2.0672e+006
12499,5.7519e+005
12500,8.1407e+005
12501,5.3149e+005
12502,1.1208e+006
12503,12.971
12504,7.4602
12505,7.5251
12506,10.949
12507,12.34
12508,32.726
12509,8.1689
12510,8.5493
12511,13.017
12512,2.4494e+006
12513,2.2612e+006
12514,2.4212e+006
12515,1.9118e+006
12516,4.5456e+006
12517,2.6068e+006
12518,3.4977e+006
12519,3.63
12520,9.9377
12521,3.4855
12522,6.1566
12523,3.5905
12524,19482
12525,7014.4
12526,7820.3
12527,9713.6
12528,5665.
12529,5218.9
12530,9.1032e+007
12531,9.3219e+007
12532,8.6582e+007
12533,15336
12534,16496
12535,25228
12536,20365
12537,6.2845e+007
12538,7.8042e+007
12539,8.0326e+007
12540,8.5069e+007
12541,7.7031e+007
12542,7.4279e+007
12543,7.1626e+007
12544,7.5257e+007
12545,6.4407e+007
12546,2.8516e+006
12547,1.7357e+006
12548,4.3676e+006
12549,1.9609e+006
12550,10.577
12551,5.2674
12552,4.7732
12553,8.0815
12554,5.0026
12555,9.3211
12556,4.7275
12557,6.31e+007
12558,6.1216e+007
12559,3.8452e+007
12560,5.2262e+007
12561,5.1029e+007
12562,6.7287e+007
12563,5.6755e+007
12564,6.5686e+007
12565,6.7581e+007
12566,6.3624e+007
12567,7.5203e+007
12568,7.5855e+007
12569,6.455e+007
12570,6.731e+007
12571,6.8619e+007
12572,1.4256e+006
12573,2.2238e+006
12574,1.4522e+006
12575,2.4076e+006
12576,1.5714e+006
12577,12.517
12578,7.3575
12579,6.8726
12580,7.2053
12581,11.462
12582,29.205
12583,7.7748
12584,15.478
12585,9.139
12586,4.6567e+007
12587,3.9987e+007
12588,2.9754e+007
12589,6.2207e+007
12590,4.8312e+007
12591,80.197
12592,34.57
12593,26.13
12594,28.695
12595,1.293e+006
12596,7.3936e+005
12597,1.9451e+006
12598,8.713e+005
12599,1.1028e+006
12600,2.6608e+006
12601,65519
12602,1083.4
12603,1566.7
12604,60.103
12605,40.375
12606,27.274
12607,1.793e+007
12608,7.2454e+006
12609,1.115e+007
12610,9.0509e+006
12611,5.6833e+007
12612,6.705e+007
12613,3.8194e+007
12614,5.4773e+007
12615,71.625
12616,58.388
12617,79.225
12618,105.78
12619,253.06
12620,292.26
12621,304.24
12622,342.32
12623,6419.
12624,1988.1
12625,2489.
12626,2883.1
12627,7.7729e+006
12628,8.9924e+006
12629,1.1124e+007
12630,1.0409e+007
12631,1.8488e+007
12632,1.4168e+007
12633,3354.8
12634,2508.
12635,1728.6
12636,1722.4
12637,3.597e+007
12638,4.7824e+007
12639,6.1597e+007
12640,3.9133e+007
12641,5.9242e+007
12642,4.0964e+007
12643,144.16
12644,126.27
12645,76.738
12646,104.17
12647,9.2786e+007
12648,9.0336e+007
12649,8.4949e+007
12650,5.8551e+007
12651,5.2865e+007
12652,5.2366e+007
12653,5.6971e+007
12654,4.1426e+007
12655,13718
12656,6605.6
12657,1.8168
12658,1.8918
12659,2.419
12660,2.4353
12661,5.2836e+006
12662,9.3616e+006
12663,1.26e+007
12664,3.906e+007
12665,6.9562e+007
12666,5.5556e+007
12667,6.0631e+007
12668,3.1122e+007
12669,1.8783e+005
12670,3.1956e+005
12671,1.5122e+005
12672,255.97
12673,168.12
12674,1.9848e+005
12675,3.4739e+005
12676,2.3327e+005
12677,1.9693e+005
12678,814.77
12679,1016.4
12680,810.97
12681,1199.1
12682,2701.6
12683,1.1723e+007
12684,1.6513e+007
12685,2.9399e+007
12686,3.679e+007
12687,3.4558e+007
12688,2.4423e+007
12689,7.0404e+007
12690,8.3819e+007
12691,7.6791e+007
12692,8.5156e+007
12693,7.5999e+007
12694,4.3662e+005
12695,5.0993e+005
12696,8.5951e+005
12697,59.055
12698,127.63
12699,56.778
12700,88.773
12701,2.9037e+007
12702,4.3098e+007
12703,6.1007e+007
12704,4.0536e+007
12705,4.334e+007
12706,3.0024e+007
12707,2.4434e+007
12708,1.6472e+007
12709,1.7744e+007
12710,2.5666e+007
12711,20.917
12712,10.831
12713,12.264
12714,10.551
12715,10.583
12716,22.074
12717,219.46
12718,238.31
12719,275.15
12720,306.41
12721,9.6409e+005
12722,8.321e+005
12723,1.598e+006
12724,6.3732e+007
12725,6.6571e+007
12726,5.946e+007
12727,7.4587e+007
12728,7.4538e+007
12729,5.8896e+007
12730,1.835e+005
12731,3.0515e+005
12732,2.1723e+005
12733,93820
12734,1.3063e+005
12735,6.1895e+007
12736,5.413e+007
12737,47.717
12738,38.915
12739,39.522
12740,62.932
12741,7.6214e+007
12742,7.5793e+007
12743,8.2493e+007
12744,6.6216e+007
12745,6.4916e+007
12746,8.124e+007
12747,5.2911e+006
12748,5.9767e+006
12749,6.2105e+006
12750,6.776e+006
12751,2.4074e+008
12752,2.5377e+008
12753,2.4794e+008
12754,2.4885e+008
12755,2.4913e+008
12756,2.492e+008
12757,2.4936e+008
12758,1.0231e+007
12759,7.3944e+006
12760,1.2247e+008
12761,1.4059e+008
12762,1.0939e+008
12763,1.1639e+008
12764,2.3697e+008
12765,2.4324e+008
12766,2.4067e+008
12767,2.4978e+008
12768,2.4085e+008
12769,2.3798e+008
12770,2.4057e+008
12771,2.584e+006
12772,1.2849e+008
12773,1.3272e+008
12774,1.075e+008
12775,1.1386e+008
12776,3.3513e+007
12777,3.6851e+007
12778,4.6923e+007
12779,3.922e+007
12780,3.5232e+007
12781,4.1709e+007
12782,4.6001e+007
12783,2.6878e+006
12784,6.6805e+006
12785,2.844e+006
12786,4.6921e+007
12787,3.5359e+007
12788,3.9865e+007
12789,4.4424e+007
12790,3.4781e+007
12791,3.2819e+007
12792,2.8992e+006
12793,2.9501e+006
12794,4.2004e+006
12795,4.6396e+006
12796,1.7067e+008
12797,1.2962e+008
12798,1.9144e+008
12799,1.4794e+008
12800,1.7837e+008
12801,1.4166e+008
12802,1.108e+007
12803,1.4873e+007
12804,2.5654e+007
12805,3.3559e+007
12806,1.9315e+007
12807,1.8264e+008
12808,1.3414e+008
12809,1.9003e+008
12810,1.4522e+008
12811,1.6621e+008
12812,1.47e+008
12813,1.5253e+007
12814,1.6636e+007
12815,2.2511e+007
12816,1.6954e+007
12817,2.3381e+008
12818,2.0778e+008
12819,2.2795e+008
12820,2.3477e+008
12821,2.1846e+008
12822,1.2085e+008
12823,1.266e+008
12824,1.8273e+008
12825,1.2958e+008
12826,2.2081e+008
12827,2.2419e+008
12828,2.3711e+008
12829,2.1197e+008
12830,2.2072e+008
12831,2.3422e+008
12832,1.2899e+008
12833,1.0353e+008
12834,1.2713e+008
12835,1.0286e+008
12836,1.9381e+008
12837,2.0845e+008
12838,1.5575e+008
12839,3.1657e+007
12840,3.9332e+007
12841,3.3828e+007
12842,4.1156e+007
12843,4.9401e+007
12844,4.8119e+007
12845,3.0886e+006
12846,7.6037e+006
12847,6.6206e+006
12848,3.2134e+006
12849,5.5532e+006
12850,2.1115e+007
12851,6.9275e+006
12852,1.2765e+007
12853,9.4129e+006
12854,8.5658e+006
12855,1.1489e+007
12856,1.5582e+006
12857,2.1154e+006
12858,2.4404e+006
12859,1.7288e+007
12860,9.1319e+006
12861,1.6123e+007
12862,1.1867e+007
12863,1.1163e+007
12864,1.4998e+007
12865,1.4261e+006
12866,4.4448e+006
12867,2.4934e+006
12868,2.6712e+006
12869,6.8537e+006
12870,2.4551e+008
12871,2.4263e+008
12872,2.523e+008
12873,2.3626e+008
12874,2.5182e+008
12875,2.6222e+008
12876,1.0807e+007
12877,1.7979e+007
12878,2.4565e+007
12879,1.9349e+007
12880,1.3591e+008
12881,1.2023e+008
12882,2.4551e+008
12883,2.3391e+008
12884,2.1568e+008
12885,2.2435e+008
12886,2.3228e+008
12887,2.354e+008
12888,2.3587e+008
12889,1.4102e+007
12890,2.4786e+007
12891,2.3715e+007
12892,1.752e+007
12893,1.3229e+008
12894,7.2669e+007
12895,6.5493e+007
12896,8.6595e+007
12897,9.3044e+007
12898,8.407e+007
12899,6.6519e+007
12900,6.8332e+006
12901,5.1863e+006
12902,5.0446e+006
12903,1.0047e+007
12904,2.3995e+008
12905,2.5249e+008
12906,2.516e+008
12907,2.3873e+008
12908,2.4247e+008
12909,2.3991e+008
12910,5.7042e+006
12911,1.1375e+008
12912,1.2825e+008
12913,1.3439e+008
12914,6.6228e+007
12915,7.698e+007
12916,9.0092e+007
12917,8.7212e+007
12918,6.7382e+007
12919,8.2404e+007
12920,6.0929e+006
12921,4.4228e+006
12922,1.0946e+007
12923,1.1816e+007
12924,5.8317e+006
12925,2.4485e+008
12926,2.5447e+008
12927,2.4755e+008
12928,2.4431e+008
12929,2.6205e+008
12930,2.4883e+008
12931,1.1265e+007
12932,4.7613e+006
12933,7.5392e+006
12934,1.273e+008
12935,1.2139e+008
12936,1.2274e+008
12937,1.614e+008
12938,2.0584e+008
12939,1.8286e+008
12940,2.0374e+008
12941,2.0259e+008
12942,1.9402e+008
12943,1.0819e+008
12944,1.6957e+008
12945,1.431e+008
12946,1.5173e+008
12947,1.7596e+008
12948,2.0456e+008
12949,1.8353e+008
12950,1.9368e+008
12951,2.0757e+008
12952,2.0779e+008
12953,1.8087e+008
12954,1.6684e+008
12955,1.6115e+008
12956,1.7382e+008
12957,9.9655e+006
12958,8.6856e+006
12959,9.9627e+006
12960,9.5813e+006
12961,1.2586e+006
12962,5.3852e+006
12963,4.9791e+006
12964,5.1266e+006
12965,4.649e+006
12966,2.7541e+007
12967,3.0886e+007
12968,2.2886e+007
12969,3.0552e+007
12970,2.5086e+007
12971,8.5551e+005
12972,2.5987e+006
12973,1.5654e+007
12974,1.4996e+007
12975,2.9856e+007
12976,2.8277e+007
12977,2.2447e+007
12978,2.1203e+007
12979,2.3919e+007
12980,5.9639e+006
12981,1.4373e+006
12982,2.5704e+006
12983,4.2811e+006
12984,6.0552e+007
12985,8.1474e+007
12986,5.9525e+007
12987,7.3227e+007
12988,6.449e+007
12989,4.7696e+006
12990,3.5594e+006
12991,9.5714e+006
12992,8.4616e+006
12993,2.1209e+008
12994,2.1001e+008
12995,2.0939e+008
12996,2.0982e+008
12997,2.2093e+008
12998,2.0963e+008
12999,1.9935e+008
13000,2.1277e+008
13001,1.8706e+008
13002,1.756e+008
13003,2.1625e+008
13004,2.0864e+008
13005,2.0897e+008
13006,2.1021e+008
13007,2.0996e+008
13008,2.1008e+008
13009,1.8534e+008
13010,1.9832e+008
13011,1.0443e+008
13012,9.5223e+007
13013,9.8394e+007
13014,9.4657e+007
13015,1.1743e+008
13016,7.6669e+006
13017,1.4193e+007
13018,1.1747e+007
13019,5.4167e+007
13020,3.5496e+007
13021,3.2155e+007
13022,3.2882e+007
13023,3.0798e+006
13024,2.8589e+006
13025,3.3762e+006
13026,1.2352e+006
13027,2.3628e+006
13028,4.9264e+006
13029,6.6422e+007
13030,4.8552e+007
13031,5.3008e+007
13032,5.6771e+007
13033,7.7646e+006
13034,1.1513e+007
13035,3.4619e+006
13036,3.1624e+006
13037,6.9364e+006
13038,2.4206e+008
13039,2.3196e+008
13040,2.248e+008
13041,1.2642e+008
13042,9.203e+007
13043,1.4942e+008
13044,1.3328e+008
13045,1.7514e+008
13046,1.0213e+008
13047,1.4918e+008
13048,1.3585e+008
13049,2.0646e+008
13050,2.0645e+008
13051,2.1612e+008
13052,2.1193e+008
13053,1.2738e+008
13054,1.1591e+008
13055,1.9274e+008
13056,1.9365e+008
13057,1.6849e+008
13058,4.5612e+007
13059,5.4335e+007
13060,5.2397e+007
13061,8.2024e+006
13062,4.3761e+006
13063,2.9474e+006
13064,6.9193e+006
13065,2.3812e+008
13066,2.3512e+008
13067,2.3234e+008
13068,2.2252e+008
13069,1.6408e+007
13070,1.1433e+008
13071,1.3414e+008
13072,1.1853e+008
13073,3.005e+007
13074,3.6828e+007
13075,2.9959e+007
13076,3.215e+007
13077,2.989e+007
13078,1.8508e+006
13079,2.6025e+006
13080,2.5207e+006
13081,2.0636e+006
13082,2.8261e+006
13083,1.9899e+008
13084,2.1258e+008
13085,2.2205e+008
13086,2.0938e+008
13087,2.0502e+008
13088,2.1164e+008
13089,1.9062e+008
13090,1.68e+008
13091,1.9227e+008
13092,2.4093e+008
13093,2.2661e+008
13094,1.0785e+008
13095,1.3269e+008
13096,1.347e+008
13097,1.1417e+008
13098,2.0225e+008
13099,1.7228e+008
13100,8.2412e+007
13101,1.6031e+008
13102,1.3356e+007
13103,8.8903e+006
13104,9.9207e+006
13105,8.7679e+006
13106,1.1634e+007
13107,1.9242e+006
13108,2.1156e+006
13109,1.7185e+006
13110,6.2079e+006
13111,5.2733e+006
13112,8.9958e+007
13113,6.3665e+007
13114,9.1878e+007
13115,4.8943e+006
13116,1.0002e+007
13117,4.5771e+006
13118,1.8873e+007
13119,1.1032e+007
13120,2.4819e+008
13121,2.2392e+008
13122,2.3737e+008
13123,2.3273e+008
13124,1.5188e+007
13125,1.3312e+007
13126,1.0193e+007
13127,1.3052e+008
13128,1.1274e+008
13129,1.0175e+008
13130,1.1334e+008
13131,8.693e+007
13132,6.9654e+006
13133,5.9339e+006
13134,1.1874e+007
13135,5.0354e+006
13136,4.974e+007
13137,2.0516e+008
13138,2.056e+008
13139,1.8554e+008
13140,1.5628e+008
13141,1.5824e+008
13142,1.4669e+007
13143,2.1652e+007
13144,1.7509e+007
13145,9.1025e+007
13146,1.0194e+007
13147,9.0487e+006
13148,9.9315e+006
13149,9.7957e+006
13150,4.8358e+005
13151,5.5236e+006
13152,5.4221e+006
13153,4.9866e+006
13154,5.1353e+006
13155,1.0052e+008
13156,1.2181e+008
13157,1.0486e+008
13158,1.1446e+008
13159,1.4907e+007
13160,6.7394e+006
13161,7.7498e+006
13162,1.3176e+007
13163,2.1612e+008
13164,2.4145e+008
13165,2.2458e+008
13166,1.1604e+008
13167,1.2626e+008
13168,1.1476e+008
13169,1.4677e+008
13170,1.219e+008
13171,2.4444e+008
13172,2.3145e+008
13173,2.3237e+008
13174,1.0452e+008
13175,1.3647e+008
13176,1.2725e+008
13177,1.4824e+008
13178,2.411e+008
13179,2.6745e+008
13180,2.5367e+008
13181,2.4194e+008
13182,1.7278e+007
13183,1.6117e+007
13184,1.0478e+007
13185,1.0245e+007
13186,2.3748e+008
13187,2.4682e+008
13188,2.3637e+008
13189,2.313e+008
13190,1.094e+008
13191,1.0028e+008
13192,1.577e+008
13193,1.3427e+008
13194,1.664e+008
13195,6.4866e+007
13196,1.0641e+008
13197,1.5356e+008
13198,1.6761e+008
13199,2.4769e+008
13200,1.3928e+008
13201,1.1018e+008
13202,1.0476e+008
13203,1.5656e+008
13204,7.147e+007
13205,1.6851e+008
13206,1.9994e+007
13207,2.4438e+007
13208,1.8923e+007
13209,2.424e+007
13210,1.5039e+006
13211,3.2944e+006
13212,1.1792e+007
13213,3.0295e+007
13214,2.4189e+007
13215,2.6962e+007
13216,1.1458e+007
13217,1.2063e+007
13218,1.1803e+007
13219,4.6506e+007
13220,3.438e+007
13221,3.3959e+006
13222,6.6137e+006
13223,6.7941e+006
13224,3.3049e+006
13225,3.1445e+006
13226,1.96e+007
13227,2.6465e+008
13228,9.0702e+006
13229,6.8416e+006
13230,6.8405e+006
13231,1.1923e+008
13232,1.1372e+008
13233,1.1368e+008
13234,1.2477e+008
13235,1.633e+008
13236,8.0313e+007
13237,8.5019e+007
13238,8.0211e+007
13239,1.0098e+008
13240,1.1021e+007
13241,3.3159e+007
13242,3.5461e+007
13243,4.2544e+007
13244,2.4137e+008
13245,2.4233e+008
13246,2.2599e+008
13247,2.4415e+008
13248,1.3304e+007
13249,2.7868e+007
13250,2.2258e+007
13251,1.156e+008
13252,1.474e+008
13253,1.1091e+008
13254,2.1639e+008
13255,2.0959e+008
13256,2.1029e+008
13257,1.9227e+008
13258,1.933e+008
13259,2.1139e+008
13260,2.1138e+008
13261,2.1216e+008
13262,1.7939e+008
13263,2.0396e+008
13264,1.7031e+008
13265,1.803e+008
13266,2.5659e+008
13267,2.4491e+008
13268,2.665e+008
13269,2.0987e+007
13270,7.0749e+006
13271,7.2183e+006
13272,1.1063e+007
13273,1.357e+008
13274,1.3331e+008
13275,2.1195e+008
13276,2.0229e+008
13277,2.1205e+008
13278,2.0898e+008
13279,2.0841e+008
13280,2.0971e+008
13281,1.8832e+008
13282,1.9997e+008
13283,1.7823e+008
13284,2.1222e+008
13285,2.0975e+008
13286,2.1392e+008
13287,2.113e+008
13288,1.6949e+008
13289,2.0724e+008
13290,1.8331e+008
13291,2.0121e+008
13292,2.123e+008
13293,2.2291e+008
13294,1.9575e+008
13295,1.7012e+008
13296,2.4982e+007
13297,1.6874e+007
13298,1.5478e+007
13299,1.2187e+008
13300,2.3941e+008
13301,2.3489e+008
13302,1.2245e+008
13303,1.6858e+008
13304,1.1641e+008
13305,1.643e+008
13306,1.0317e+008
13307,1.8667e+008
13308,1.167e+008
13309,1.3935e+008
13310,1.5021e+008
13311,9.2804e+007
13312,9.8028e+007
13313,1.12e+008
13314,6.5799e+006
13315,8.8037e+006
13316,5.41e+006
13317,1.3884e+007
13318,2.6606e+008
13319,8.0729e+006
13320,3.3626e+006
13321,1.4792e+008
13322,1.3865e+008
13323,9.8554e+006
13324,5.1743e+006
13325,5.0529e+006
13326,4.7635e+006
13327,1.2001e+008
13328,9.9575e+007
13329,1.2103e+008
13330,1.5556e+007
13331,7.3989e+006
13332,9.658e+006
13333,1.0207e+007
13334,1.923e+007
13335,1.5169e+007
13336,2.3419e+006
13337,3.532e+006
13338,1.025e+007
13339,9.5961e+006
13340,2.3757e+008
13341,2.3559e+008
13342,1.2611e+008
13343,1.6213e+008
13344,1.3026e+008
13345,1.117e+008
13346,1.0138e+008
13347,1.6972e+008
13348,1.2753e+008
13349,2.1046e+008
13350,2.1526e+008
13351,1.8756e+008
13352,1.0945e+008
13353,9.6449e+007
13354,1.0437e+008
13355,1.5193e+008
13356,1.8761e+008
13357,2.1556e+008
13358,2.1336e+008
13359,1.0215e+008
13360,1.0937e+008
13361,8.1916e+007
13362,9.495e+007
13363,9.3297e+007
13364,1.4446e+008
13365,1.5578e+008
13366,6.3759e+006
13367,7.7029e+006
13368,7.0162e+006
13369,7.8851e+005
13370,2.9295e+006
13371,2.9233e+006
13372,3.4316e+007
13373,2.9809e+007
13374,4.1061e+006
13375,4.6823e+006
13376,2.8083e+006
13377,1.4954e+007
13378,1.4677e+007
13379,1.4211e+007
13380,4.9595e+007
13381,3.6494e+006
13382,4.5884e+006
13383,7.7119e+006
13384,5.1921e+006
13385,2.7975e+006
13386,8.9536e+006
13387,7.654e+006
13388,2.4848e+006
13389,1.0353e+006
13390,1.3365e+006
13391,4.4932e+006
13392,4.3716e+006
13393,2.5162e+007
13394,1.405e+007
13395,2.3142e+007
13396,3.7741e+006
13397,2.9731e+006
13398,1.2822e+006
13399,1.9676e+008
13400,2.2022e+008
13401,1.6811e+007
13402,1.7267e+007
13403,1.3901e+007
13404,2.6566e+007
13405,1.2844e+008
13406,2.1322e+008
13407,2.3993e+008
13408,2.2401e+008
13409,3.0011e+007
13410,2.8737e+007
13411,1.2197e+007
13412,1.0986e+008
13413,4.0851e+007
13414,5.1222e+006
13415,6.5355e+006
13416,4.0848e+006
13417,7.1401e+006
13418,1.5257e+008
13419,9.7605e+006
13420,2.1405e+007
13421,9.6624e+006
13422,6.77e+007
13423,8.9164e+007
13424,8.9818e+007
13425,1.1952e+007
13426,5.7987e+006
13427,6.1542e+006
13428,4.4424e+006
13429,5.6576e+007
13430,6.4369e+006
13431,3.9632e+006
13432,5.1618e+006
13433,2.1008e+008
13434,1.6693e+008
13435,1.8574e+008
13436,1.6926e+008
13437,1.7796e+008
13438,1.9643e+008
13439,1.4419e+008
13440,2.1642e+008
13441,2.1567e+008
13442,1.172e+008
13443,1.4075e+008
13444,1.655e+008
13445,1.9892e+008
13446,2.0162e+008
13447,1.9548e+008
13448,2.0258e+008
13449,1.8232e+008
13450,1.5227e+008
13451,1.822e+008
13452,1.6523e+008
13453,2.3083e+008
13454,2.3136e+008
13455,1.1882e+008
13456,6.8573e+007
13457,1.7046e+008
13458,1.3376e+008
13459,1.6065e+008
13460,1.5294e+008
13461,2.4275e+007
13462,3.6472e+007
13463,4.8684e+006
13464,2.9014e+006
13465,3.9666e+006
13466,2.285e+006
13467,1.7128e+007
13468,1.3893e+007
13469,2.3084e+006
13470,3.2147e+006
13471,2.3402e+006
13472,1.4327e+008
13473,9.1368e+007
13474,1.1576e+008
13475,1.0687e+007
13476,4.7168e+007
13477,5.3899e+007
13478,4.7112e+007
13479,5.2158e+007
13480,3.5523e+006
13481,3.593e+006
13482,4.7203e+006
13483,2.1075e+008
13484,2.0548e+008
13485,2.0787e+008
13486,1.8237e+008
13487,2.0241e+008
13488,2.1056e+008
13489,2.0953e+008
13490,1.6832e+008
13491,1.7598e+008
13492,1.7972e+008
13493,8.6743e+006
13494,8.4987e+006
13495,6.2495e+005
13496,9.0518e+005
13497,4.648e+006
13498,3.9684e+006
13499,3.4769e+006
13500,4.0203e+006
13501,7.099e+006
13502,6.9691e+006
13503,4.8855e+006
13504,3.7372e+006
13505,8.394e+006
13506,2.0843e+008
13507,2.0555e+008
13508,2.094e+008
13509,2.0936e+008
13510,1.8567e+008
13511,1.8573e+008
13512,2.103e+008
13513,2.0897e+008
13514,2.1008e+008
13515,1.9888e+008
13516,2.1291e+008
13517,2.1398e+008
13518,2.1048e+008
13519,2.1019e+008
13520,2.0815e+008
13521,2.0624e+008
13522,2.1014e+008
13523,2.102e+008
13524,1.7062e+008
13525,1.2342e+008
13526,1.5639e+007
13527,1.5149e+007
13528,9.4432e+006
13529,1.4628e+007
13530,1.3453e+007
13531,1.3784e+006
13532,3.7049e+006
13533,5.9528e+006
13534,5.6139e+006
13535,5.3588e+006
13536,5.391e+006
13537,9.2875e+007
13538,8.85e+007
13539,5.9289e+006
13540,4.8709e+006
13541,8.525e+006
13542,4.9184e+006
13543,2.335e+008
13544,2.3075e+008
13545,5.8999e+007
13546,1.0501e+008
13547,1.542e+008
13548,1.7767e+008
13549,1.2575e+008
13550,1.4677e+008
13551,6.604e+006
13552,5.8147e+006
13553,1.3273e+006
13554,1.4643e+006
13555,2.3855e+008
13556,2.1296e+008
13557,1.3976e+007
13558,1.1227e+008
13559,1.214e+008
13560,1.3895e+008
13561,3.1915e+007
13562,3.231e+006
13563,3.4598e+006
13564,1.9196e+006
13565,1.5735e+007
13566,1.6357e+007
13567,1.6132e+007
13568,2.2808e+008
13569,2.2271e+007
13570,1.3676e+007
13571,2.5326e+007
13572,9.727e+006
13573,2.5236e+007
13574,2.1457e+008
13575,1.7063e+008
13576,2.0165e+008
13577,1.8022e+008
13578,2.3706e+008
13579,2.3482e+008
13580,1.1509e+008
13581,1.5874e+008
13582,1.609e+008
13583,1.0037e+008
13584,1.2669e+008
13585,2.3519e+008
13586,1.1542e+008
13587,1.089e+008
13588,1.2329e+008
13589,1.5799e+008
13590,1.5908e+008
13591,1.8125e+008
13592,1.1023e+008
13593,2.6556e+008
13594,1.0735e+007
13595,2.347e+007
13596,1.0895e+007
13597,2.9319e+007
13598,6.1056e+006
13599,5.8893e+006
13600,2.9985e+006
13601,2.2797e+006
13602,2.0526e+008
13603,1.6413e+007
13604,2.5482e+007
13605,1.0617e+008
13606,1.1079e+008
13607,1.1128e+008
13608,1.9732e+008
13609,7.4162e+006
13610,8.8865e+007
13611,2.2224e+008
13612,1.6866e+007
13613,1.2209e+008
13614,1.4687e+008
13615,1.39e+008
13616,2.1038e+008
13617,2.1032e+008
13618,1.9808e+008
13619,2.1303e+008
13620,1.929e+008
13621,1.9315e+008
13622,1.4126e+006
13623,1.4442e+006
13624,5.4468e+006
13625,5.161e+006
13626,2.1064e+008
13627,2.0267e+008
13628,2.0928e+008
13629,1.8706e+008
13630,1.6955e+008
13631,2.0901e+008
13632,1.9751e+008
13633,2.0466e+008
13634,2.1407e+008
13635,2.0906e+008
13636,1.8734e+008
13637,1.2535e+007
13638,1.8633e+007
13639,1.4546e+007
13640,3.0594e+006
13641,2.2725e+006
13642,2.0714e+006
13643,1.6039e+008
13644,2.3072e+007
13645,3.0397e+007
13646,8.6462e+007
13647,9.736e+007
13648,9.3395e+007
13649,1.127e+008
13650,1.1371e+008
13651,1.4141e+007
13652,6.1698e+006
13653,1.3897e+007
13654,2.2117e+007
13655,1.2693e+007
13656,1.1316e+008
13657,1.2333e+008
13658,1.2098e+008
13659,9.8465e+007
13660,1.716e+008
13661,1.7471e+008
13662,1.7961e+008
13663,2.5879e+008
13664,1.1011e+007
13665,1.694e+007
13666,7.6213e+006
13667,9.9197e+006
13668,6.0478e+006
13669,1.3248e+008
13670,2.2642e+006
13671,1.8018e+006
13672,1.0258e+007
13673,2.2945e+006
13674,1.9799e+006
13675,1.1903e+006
13676,1.3468e+006
13677,2.5382e+006
13678,2.3007e+006
13679,5.458e+006
13680,9.4255e+005
13681,4.6981e+006
13682,4.7179e+006
13683,2.2017e+008
13684,1.3159e+008
13685,1.2439e+008
13686,1.9686e+008
13687,1.7143e+008
13688,1.856e+008
13689,1.7179e+007
13690,1.9756e+007
13691,5.9008e+006
13692,2.189e+008
13693,1.1576e+008
13694,9.8058e+007
13695,2.2701e+008
13696,7.3653e+006
13697,1.2799e+008
13698,1.1481e+008
13699,1.3442e+008
13700,1.1054e+008
13701,9.8445e+007
13702,1.3156e+008
13703,2.1342e+008
13704,1.9362e+008
13705,5.3244e+005
13706,5.6037e+006
13707,4.66e+006
13708,4.3982e+006
13709,4.7799e+006
13710,1.3058e+007
13711,7.6967e+006
13712,7.2916e+006
13713,2.0727e+008
13714,2.1087e+008
13715,2.0584e+008
13716,1.986e+008
13717,3.3373e+006
13718,1.3907e+006
13719,1.6921e+007
13720,2.0105e+008
13721,2.076e+008
13722,2.0888e+008
13723,1.8969e+008
13724,1.9482e+008
13725,2.0288e+008
13726,2.0945e+008
13727,2.262e+008
13728,1.6537e+008
13729,1.2858e+008
13730,1.61e+008
13731,1.8445e+008
13732,2.3581e+008
13733,1.296e+008
13734,1.0451e+008
13735,1.1142e+008
13736,1.1099e+008
13737,1.7336e+007
13738,3.7001e+006
13739,3.6397e+006
13740,2.8072e+006
13741,2.3814e+006
13742,1.2146e+007
13743,9.5175e+007
13744,1.1016e+008
13745,1.0823e+008
13746,1.5877e+008
13747,1.7379e+007
13748,9.2181e+007
13749,2.9614e+007
13750,2.2211e+007
13751,2.7432e+007
13752,3.3835e+006
13753,1.3128e+006
13754,1.495e+007
13755,1.0416e+008
13756,1.6535e+008
13757,1.7848e+008
13758,1.1472e+008
13759,1.8438e+008
13760,1.4774e+008
13761,3.1666e+006
13762,1.6189e+006
13763,1.6936e+007
13764,1.6971e+007
13765,1.2819e+008
13766,2.6705e+007
13767,9.3873e+006
13768,1.5953e+007
13769,1.8269e+006
13770,8.8441e+006
13771,9.7157e+006
13772,3.0972e+007
13773,2.9266e+007
13774,3.1328e+007
13775,1.2875e+007
13776,6.9359e+007
13777,6.449e+007
13778,1.4523e+008
13779,1.6311e+008
13780,1.7163e+008
13781,1.882e+008
13782,1.9859e+008
13783,2.0619e+008
13784,1.939e+008
13785,1.996e+008
13786,1.8684e+008
13787,5.6459e+007
13788,7.4374e+006
13789,8.4892e+006
13790,3.0585e+006
13791,3.2416e+006
13792,1.3553e+007
13793,2.1166e+007
13794,1.0664e+007
13795,1.6948e+007
13796,7.0066e+007
13797,6.7221e+006
13798,6.3444e+006
13799,9.554e+006
13800,4.401e+006
13801,6.674e+006
13802,9.8149e+006
13803,1.1245e+007
13804,1.3902e+007
13805,1.8285e+007
13806,1.122e+008
13807,1.659e+008
13808,1.7713e+008
13809,1.5604e+008
13810,1.787e+008
13811,1.3115e+008
13812,1.1394e+008
13813,1.9854e+008
13814,1.9254e+008
13815,1.7529e+008
13816,1.2231e+008
13817,1.981e+006
13818,2.7607e+006
13819,3.0003e+006
13820,3.5129e+006
13821,7.7116e+006
13822,1.3891e+007
13823,1.7497e+007
13824,1.7083e+007
13825,7.0899e+007
13826,9.8932e+006
13827,2.5178e+007
13828,3.4279e+006
13829,4.0783e+006
13830,2.0859e+006
13831,2.2647e+006
13832,3.9975e+007
13833,1.617e+007
13834,1.8257e+007
13835,2.0537e+007
13836,2.7527e+007
13837,2.4881e+007
13838,3.5643e+007
13839,4.4388e+007
13840,3.0856e+007
13841,2.6787e+007
13842,1.7641e+007
13843,2.2397e+007
13844,3.8034e+007
13845,1.5732e+007
13846,1.4615e+007
13847,1.751e+007
13848,2.4501e+007
13849,3.4176e+007
13850,2.4752e+007
13851,1.4608e+007
13852,1.9605e+007
13853,2.2497e+007
13854,2.6437e+007
13855,3.0547e+007
13856,14625
13857,7871.2
13858,15636
13859,8567.8
13860,27796
13861,20906
13862,1.066e+008
13863,5.2935e+007
13864,9.9195e+007
13865,6.2611e+007
13866,7.3677e+007
13867,8.7775e+007
13868,1.0723e+008
13869,6.2579e+007
13870,9.3148e+007
13871,5.9277e+007
13872,6.9911e+007
13873,8.6902e+007
13874,1.0843e+008
13875,8.6388e+007
13876,1.0874e+008
13877,6.7714e+007
13878,1.1588e+008
13879,6.8817e+007
13880,8.7408e+007
13881,7.0467e+007
13882,1.049e+008
13883,8.4926e+007
13884,8.9834e+007
13885,7.2615e+007
13886,9.6786e+007
13887,9.3809e+007
13888,1.2049e+008
13889,1.1734e+008
13890,1.0426e+008
13891,8.5094e+007
13892,8.2448e+007
13893,1.532e+008
13894,1.378e+008
13895,1.5895e+008
13896,1.4714e+008
13897,1.2617e+008
13898,1.0069e+008
13899,1.1232e+008
13900,1.0159e+008
13901,1.4274e+008
13902,1.4643e+008
13903,1.1986e+008
13904,1.5642e+008
13905,1.6604e+008
13906,1.1375e+008
13907,1.5499e+008
13908,1.361e+008
13909,1.3844e+008
13910,1.4753e+008
13911,1.1018e+008
13912,1.5734e+008
13913,1.2624e+008
13914,1.2734e+008
13915,1.4045e+008
13916,1.606e+008
13917,1.5836e+008
13918,1.3024e+008
13919,9.8441e+007
13920,1.1232e+008
13921,1.4706e+008
13922,8.3624e+007
13923,1.2384e+008
13924,1.4029e+008
13925,1.4615e+008
13926,1.1044e+008
13927,9.8688e+007
13928,9.5988e+007
13929,1.1981e+008
13930,1.034e+008
13931,1.4654e+008
13932,1.4511e+008
13933,1.3402e+008
13934,1.3235e+008
13935,1.1708e+008
13936,1.0746e+008
13937,1.2014e+008
13938,1.1746e+008
13939,1.0499e+008
13940,1.4281e+008
13941,1.5173e+008
13942,1.3711e+008
13943,1.6297e+008
13944,1.5375e+008
13945,1.3306e+008
13946,1.2713e+008
13947,1.1859e+008
13948,1.3301e+008
13949,1.1878e+008
13950,873.19
13951,476.33
13952,1278.5
13953,388.27
13954,333.89
13955,722.44
13956,1.5284e+005
13957,4.1892e+005
13958,1.4488e+005
13959,8.3578e+005
13960,3.8958e+005
13961,1.8124e+005
13962,2.1951e+005
13963,187.86
13964,176.63
13965,710.33
13966,439.15
13967,155.14
13968,316.54
13969,1.0715e+008
13970,1.5244e+008
13971,1.606e+008
13972,1.3057e+008
13973,1.3608e+008
13974,1.6072e+008
13975,1.0546e+008
13976,1.4276e+008
13977,1.4617e+008
13978,1.2333e+008
13979,1.2358e+008
13980,5.3648e+005
13981,8.2259e+005
13982,2.4442e+005
13983,2.9673e+005
13984,2.6004e+005
13985,3.794e+005
13986,1.0303e+006
13987,1.536e+008
13988,1.2626e+008
13989,1.7492e+008
13990,1.5003e+008
13991,1.6583e+008
13992,1.7405e+008
13993,1.434e+008
13994,1.2834e+008
13995,1.3629e+008
13996,1.6409e+008
13997,1.214e+008
13998,7.0171e+007
13999,1.2186e+008
14000,8.9309e+007
14001,9.4485e+007
14002,1.1395e+008
14003,7.368e+007
14004,7.3483e+007
14005,9.2234e+007
14006,6.3441e+007
14007,8.6642e+007
14008,1.0557e+008
14009,7.3536e+007
14010,6.5871e+007
14011,5.1662e+007
14012,4.2048e+007
14013,8.2495e+007
14014,8.2783e+007
14015,5.8598e+007
14016,4.1233e+007
14017,4.5291e+007
14018,6.1645e+007
14019,4.3723e+007
14020,8.005e+007
14021,7.9765e+007
14022,6.9232e+007
14023,6.0684e+007
14024,5.9677e+007
14025,4.4848e+007
14026,5.1296e+007
14027,3.7847e+007
14028,832.39
14029,2201.9
14030,1036.7
14031,2938.9
14032,1263.4
14033,770.92
14034,1.5262e+008
14035,1.6003e+008
14036,1.5165e+008
14037,1.1698e+008
14038,1.3644e+008
14039,1.3813e+008
14040,1.4091e+008
14041,1.2066e+008
14042,9.8116e+007
14043,1.402e+008
14044,1.1613e+008
14045,1.4871e+008
14046,1.5634e+008
14047,1.3651e+008
14048,1.2847e+008
14049,1.0802e+008
14050,1.3152e+008
14051,1.0899e+008
14052,1.2027e+008
14053,19.562
14054,43.395
14055,12.635
14056,12.68
14057,22.427
14058,24.978
14059,91513
14060,1.5302e+005
14061,1.3431e+005
14062,66953
14063,61142
14064,53837
14065,4.4165e+006
14066,6.884e+006
14067,1.1251e+007
14068,3.2863e+006
14069,6.7115e+006
14070,3.5646e+006
14071,8.9996e+006
14072,48.125
14073,41.154
14074,93.39
14075,60.396
14076,32.539
14077,35.1
14078,53.412
14079,7.2993e+006
14080,6.2623e+006
14081,2.4863e+006
14082,4.2573e+006
14083,3.6279e+006
14084,2.686e+006
14085,4.4013e+006
14086,3.7106e+006
14087,21326
14088,52258
14089,15656
14090,67534
14091,16322
14092,4674.5
14093,11268
14094,3394.1
14095,15050
14096,4065.6
14097,7853.2
14098,3.4768e+007
14099,3.504e+007
14100,2.8295e+007
14101,5.5428e+007
14102,5.9861e+007
14103,6.7341e+007
14104,4.227e+007
14105,4.287e+007
14106,3.0899e+007
14107,4.3288e+007
14108,1.5864e+008
14109,1.6421e+008
14110,1.4641e+008
14111,1.3827e+008
14112,1.6548e+008
14113,1.2317e+008
14114,1.124e+008
14115,1.0792e+008
14116,1.1477e+008
14117,1.386e+008
14118,1.3416e+008
14119,1.3586e+008
14120,1.4007e+008
14121,1.7009e+008
14122,1.5219e+008
14123,1.6361e+008
14124,1.711e+008
14125,1.3117e+008
14126,1.4172e+008
14127,1.2094e+008
14128,1.5212e+008
14129,1.445e+008
14130,1.7128e+008
14131,1.7702e+008
14132,1.6235e+008
14133,1.4136e+008
14134,1.8139e+008
14135,1.4944e+008
14136,1.686e+008
14137,1.3676e+008
14138,1.4954e+008
14139,1.6304e+008
14140,1.534e+008
14141,1.7163e+008
14142,1.6349e+008
14143,1.2985e+008
14144,1.4219e+008
14145,1.7569e+008
14146,1.6684e+008
14147,1.343e+008
14148,1.7266e+008
14149,1.412e+008
14150,1.3828e+008
14151,1.1824e+008
14152,1.3249e+008
14153,1.6689e+008
14154,1.504e+008
14155,1.2028e+008
14156,1.6783e+008
14157,1.2961e+008
14158,1.4486e+008
14159,1.7339e+008
14160,1.2049e+008
14161,1.4846e+008
14162,1.3421e+008
14163,1.4422e+008
14164,1.792e+008
14165,1.7649e+008
14166,1.6675e+008
14167,1.4785e+008
14168,1.5499e+008
14169,1.8442e+008
14170,1.4154e+008
14171,1.7386e+008
14172,1.6297e+008
14173,1.6103e+008
14174,3.8156e+007
14175,2.3421e+007
14176,2.7753e+007
14177,2.1203e+007
14178,4.1583e+007
14179,3.9613e+007
14180,2.6493e+007
14181,4.0172e+007
14182,2.4714e+007
14183,2.8617e+007
14184,3.431e+007
14185,6.481e+007
14186,4.3291e+007
14187,7.996e+007
14188,6.1389e+007
14189,3.98e+007
14190,4.8187e+007
14191,4.1159e+007
14192,5.2622e+007
14193,1.9382e+008
14194,1.9318e+008
14195,1.8254e+008
14196,1.9583e+008
14197,2.0309e+008
14198,1.7459e+008
14199,1.8133e+008
14200,1.7632e+008
14201,1.9546e+008
14202,1.9677e+008
14203,1.8149e+008
14204,2.055e+008
14205,1.956e+008
14206,821.58
14207,1617.1
14208,3162.5
14209,2195.2
14210,1023.
14211,1.5084e+008
14212,1.0164e+008
14213,1.4151e+008
14214,1.1841e+008
14215,1.2283e+008
14216,1.1058e+008
14217,1.3747e+008
14218,1.0879e+008
14219,1.3198e+008
14220,1.6933e+008
14221,1.9184e+008
14222,1.94e+008
14223,1.7815e+008
14224,1.9743e+008
14225,2.0286e+008
14226,1.7922e+008
14227,2.0306e+008
14228,2.7224e+007
14229,3.2419e+007
14230,3.4331e+007
14231,4.3177e+007
14232,5.2591e+007
14233,4.5744e+007
14234,2.8899e+007
14235,5.2543e+007
14236,3.0361e+007
14237,45849
14238,65391
14239,46819
14240,70077
14241,1.4424e+005
14242,5.5845e+007
14243,1.0575e+008
14244,7.3638e+007
14245,8.0294e+007
14246,8.1659e+007
14247,6.088e+007
14248,7.3295e+007
14249,9.9813e+007
14250,1.8314e+008
14251,1.8138e+008
14252,1.9451e+008
14253,1.9426e+008
14254,1.5811e+008
14255,1.6326e+008
14256,1.9293e+008
14257,1.9236e+008
14258,1.4986e+008
14259,1.6602e+008
14260,1.8154e+008
14261,1.4962e+008
14262,1.6876e+008
14263,1.6421e+008
14264,1.4178e+008
14265,1.5965e+008
14266,1.4893e+008
14267,1.1784e+008
14268,1.3171e+008
14269,1.4422e+008
14270,1.6053e+008
14271,1.6693e+008
14272,1.4169e+008
14273,1.3855e+008
14274,1.644e+008
14275,1.9134e+008
14276,1.7417e+008
14277,1.9089e+008
14278,1.5894e+008
14279,1.883e+008
14280,1.8794e+008
14281,1.9551e+008
14282,1.6505e+008
14283,1.7255e+008
14284,1.5435e+008
14285,1.8154e+008
14286,1.7717e+008
14287,1.7715e+008
14288,1.7102e+008
14289,1.506e+008
14290,1.4958e+008
14291,5.3918e+007
14292,1.0505e+008
14293,9.0419e+007
14294,7.9278e+007
14295,6.1706e+007
14296,4.7277e+007
14297,5.2481e+007
14298,6.1001e+007
14299,5.6473e+007
14300,6.1632e+007
14301,8.0381e+007
14302,1.708e+008
14303,1.4452e+008
14304,1.4549e+008
14305,1.4235e+008
14306,1.6254e+008
14307,1.9758e+008
14308,1.7759e+008
14309,1.9663e+008
14310,1.838e+008
14311,1.9964e+008
14312,2.0038e+008
14313,1.854e+008
14314,9.7904e+006
14315,1.9655e+007
14316,7.8259e+006
14317,1.3102e+007
14318,1.8566e+007
14319,1.6098e+007
14320,7.0635e+006
14321,101.81
14322,145.97
14323,107.23
14324,263.11
14325,121.31
14326,1.8245e+008
14327,1.625e+008
14328,1.9629e+008
14329,1.9104e+008
14330,1.8907e+008
14331,1.8242e+008
14332,1.658e+008
14333,1.6167e+008
14334,1.8674e+008
14335,2.0215e+008
14336,1.9902e+008
14337,2.0219e+008
14338,1.9649e+008
14339,1.6944e+008
14340,1.9066e+008
14341,1.8837e+008
14342,1.8242e+008
14343,1.8281e+008
14344,1.5879e+008
14345,1.8981e+008
14346,1.6933e+008
14347,1.6806e+008
14348,1.8712e+008
14349,1.9005e+008
14350,1.6934e+008
14351,1.881e+008
14352,1.8553e+008
14353,1.5968e+008
14354,1.5722e+008
14355,10364
14356,2466.
14357,4188.7
14358,2517.6
14359,624.94
14360,335.63
14361,280.34
14362,287.31
14363,258.55
14364,345.3
14365,4.6666e+007
14366,7.1216e+007
14367,5.0196e+007
14368,3.5264e+007
14369,4.2852e+007
14370,3.341e+007
14371,4.205e+007
14372,6.4886e+007
14373,1.7996e+008
14374,1.5237e+008
14375,1.8548e+008
14376,1.8992e+008
14377,1.7027e+008
14378,1.8624e+008
14379,1.6049e+008
14380,1.5052e+008
14381,1.7812e+008
14382,1.7144e+008
14383,1.5959e+008
14384,1.8075e+008
14385,1.7987e+008
14386,1.9065e+008
14387,1.9107e+008
14388,1.639e+008
14389,1.6075e+008
14390,1.7825e+008
14391,1.9821e+008
14392,1.7992e+008
14393,2.0206e+008
14394,1.976e+008
14395,2.e+008
14396,1.8713e+008
14397,1.7625e+008
14398,1.9773e+008
14399,47649
14400,10937
14401,9985.7
14402,29980
14403,6.2087e+006
14404,2.6081e+006
14405,2.8228e+006
14406,6.0614e+006
14407,3.3148e+006
14408,5.1619e+006
14409,1.805e+008
14410,1.8921e+008
14411,1.5045e+008
14412,1.7816e+008
14413,1.8944e+008
14414,1.7412e+008
14415,1.6229e+008
14416,1.5559e+008
14417,1.7639e+008
14418,1.4248e+008
14419,8.613e+007
14420,1.1176e+008
14421,7.4044e+007
14422,1.0713e+008
14423,6.4033e+007
14424,9.3654e+007
14425,6.8998e+007
14426,7.0375e+007
14427,6.272e+007
14428,1.3263e+008
14429,1.4874e+008
14430,1.476e+008
14431,1.2156e+008
14432,1.1284e+008
14433,1.1807e+008
14434,1.0219e+008
14435,1.0137e+006
14436,4.493e+005
14437,1.2561e+006
14438,4.0644e+005
14439,6.9125e+005
14440,8.7496e+005
14441,1.6085e+008
14442,1.4812e+008
14443,1.7092e+008
14444,1.4737e+008
14445,1.6965e+008
14446,1.4151e+008
14447,1.3539e+008
14448,1.3238e+008
14449,1.1043e+007
14450,1.2999e+007
14451,8.4268e+006
14452,9.4276e+006
14453,1.0963e+007
14454,1.8529e+008
14455,1.6545e+008
14456,1.9488e+008
14457,1.8192e+008
14458,1.8418e+008
14459,1.9595e+008
14460,1.9746e+008
14461,1.7137e+008
14462,13.814
14463,5.8161
14464,6.8897
14465,9.6044
14466,9.4829
14467,5.8955
14468,4.7554
14469,11.023
14470,10.694
14471,1.6351e+008
14472,1.1512e+008
14473,1.4367e+008
14474,1.6332e+008
14475,1.3831e+008
14476,1.3511e+008
14477,1.0859e+008
14478,3.2284e+007
14479,2.9042e+007
14480,4.6176e+007
14481,2.6484e+007
14482,2.3851e+007
14483,3.6791e+007
14484,4.5565e+007
14485,1.4198e+008
14486,1.6448e+008
14487,1.1878e+008
14488,1.5144e+008
14489,1.4925e+008
14490,1.0901e+008
14491,1.2632e+008
14492,1.4619e+008
14493,1.2957e+008
14494,1.6898e+008
14495,1.7273e+008
14496,1.3052e+008
14497,1.3075e+008
14498,1.4912e+008
14499,1.6487e+008
14500,1.2276e+008
14501,1.4088e+008
14502,1.352e+008
14503,1.6851e+008
14504,1.7224e+008
14505,1.2698e+008
14506,1.2674e+008
14507,1.5154e+008
14508,1.3825e+008
14509,1.2946e+008
14510,1.3938e+008
14511,11.326
14512,8.8542
14513,13.763
14514,4.3352e+005
14515,4.4396e+005
14516,1.1378e+006
14517,6.7383e+005
14518,1.2132e+007
14519,6.9039e+006
14520,9.6446e+006
14521,7.1673e+006
14522,6.1056e+006
14523,620.37
14524,331.58
14525,356.2
14526,259.94
14527,258.86
14528,1.931e+008
14529,1.8472e+008
14530,1.9918e+008
14531,2.0272e+008
14532,2.0354e+008
14533,1.7814e+008
14534,1.76e+008
14535,1.7402e+008
14536,1.4812e+008
14537,1.834e+008
14538,1.8746e+008
14539,1.5815e+008
14540,1.5047e+008
14541,1.75e+008
14542,1.3918e+008
14543,1.7692e+008
14544,1.7495e+008
14545,1.55e+008
14546,1.8448e+008
14547,1.8507e+008
14548,1.5656e+008
14549,1.7537e+008
14550,1.5573e+008
14551,2.1721e+007
14552,2.324e+007
14553,1.2491e+007
14554,1.7426e+007
14555,1.8641e+007
14556,2.3437e+007
14557,3553.3
14558,4191.9
14559,1470.2
14560,36843
14561,17942
14562,20691
14563,10794
14564,1.6446e+008
14565,1.5325e+008
14566,1.8698e+008
14567,1.5134e+008
14568,1.7156e+008
14569,1.6633e+008
14570,1.8711e+008
14571,6.9684e+007
14572,9.483e+007
14573,1.008e+008
14574,1.1592e+008
14575,6.9735e+007
14576,7.5218e+007
14577,9.4581e+007
14578,6.2134e+007
14579,2.1841e+007
14580,3.8115e+007
14581,4.924e+007
14582,4.2088e+007
14583,3.6295e+007
14584,2.6103e+007
14585,2.4218e+007
14586,40655
14587,92965
14588,49419
14589,1.9679e+008
14590,1.8575e+008
14591,2.0421e+008
14592,1.8776e+008
14593,2.036e+008
14594,1.7852e+008
14595,1.9955e+008
14596,1.7031e+008
14597,1.9683e+008
14598,1.932e+008
14599,1.8039e+008
14600,1.8786e+008
14601,1.6503e+008
14602,1.8186e+008
14603,1.8316e+008
14604,1.7068e+008
14605,1.6034e+008
14606,1.6252e+008
14607,1.5483e+008
14608,1.7963e+008
14609,3.0194e+006
14610,7.9133e+005
14611,1.4378e+006
14612,1.6379e+008
14613,1.9509e+008
14614,1.9163e+008
14615,1.8035e+008
14616,1.58e+008
14617,1.8259e+008
14618,1.9585e+008
14619,1.6978e+008
14620,1.6929e+008
14621,1.3819e+008
14622,1.2128e+008
14623,1.7193e+008
14624,1.3639e+008
14625,1.2242e+008
14626,1.3159e+008
14627,1.5146e+008
14628,1.0594e+008
14629,1.947e+008
14630,1.8291e+008
14631,2.0521e+008
14632,2.0462e+008
14633,1.9098e+008
14634,2.0231e+008
14635,1.8194e+008
14636,1.7471e+008
14637,1.9685e+008
14638,1.939e+008
14639,1.9624e+008
14640,1.6973e+008
14641,1.7356e+008
14642,1.3671e+005
14643,93024
14644,60250
14645,1.5635e+008
14646,1.4166e+008
14647,1.1268e+008
14648,1.2963e+008
14649,1.2089e+008
14650,1.1202e+008
14651,1.8745e+008
14652,1.9202e+008
14653,1.5125e+008
14654,1.9517e+008
14655,1.9631e+008
14656,1.7121e+008
14657,1.7382e+008
14658,1.4005e+005
14659,93484
14660,2.1515e+005
14661,2.1954e+005
14662,1.4901e+005
14663,1.1194e+005
14664,1.8889e+008
14665,1.977e+008
14666,1.9561e+008
14667,1.9633e+008
14668,1.8231e+008
14669,1.7053e+008
14670,2.2155e+007
14671,1.0989e+007
14672,1.9362e+007
14673,1.7725e+007
14674,1.1311e+007
14675,1.8153e+007
14676,1.2479e+007
14677,1.7975e+007
14678,2.0003e+005
14679,4.569e+005
14680,1.7483e+005
14681,45.432
14682,14.667
14683,50.77
14684,16.915
14685,24.974
14686,26.815
14687,16.205
14688,375.51
14689,90.836
14690,69.876
14691,5.2393e+007
14692,9.2798e+007
14693,6.3063e+007
14694,9.7265e+007
14695,5.0396e+007
14696,8.7467e+007
14697,8.617e+007
14698,5.6436e+007
14699,5.1307e+007
14700,5.7258e+007
14701,7.1545e+007
14702,1.6916e+008
14703,1.2257e+008
14704,1.7054e+008
14705,1.5541e+008
14706,1.1222e+008
14707,1.3213e+008
14708,1.2505e+008
14709,1.3313e+008
14710,3.9839e+007
14711,5.5053e+007
14712,6.6308e+007
14713,3.8171e+007
14714,5.2531e+007
14715,4.9992e+007
14716,5.5581e+007
14717,1.7421e+008
14718,1.8724e+008
14719,1.9436e+008
14720,1.6608e+008
14721,1.7175e+008
14722,1.6694e+008
14723,1.6981e+008
14724,1.7378e+008
14725,1.3703e+008
14726,1.2415e+008
14727,1.5137e+008
14728,1.3708e+008
14729,1.641e+008
14730,1.5312e+008
14731,1.5091e+008
14732,1.4275e+008
14733,1.3361e+008
14734,1.3715e+008
14735,1.3883e+008
14736,1.8378e+008
14737,2.0223e+008
14738,1.7427e+008
14739,1.6816e+008
14740,1.9415e+008
14741,1.9828e+008
14742,1.9023e+008
14743,1.5076e+008
14744,4.7414e+007
14745,2.2408e+007
14746,5.3523e+007
14747,2.1123e+007
14748,2.9346e+007
14749,3.7775e+007
14750,1.9353e+008
14751,1.9768e+008
14752,1.7469e+008
14753,1.6346e+008
14754,1.8557e+008
14755,1.0731e+008
14756,1.0967e+008
14757,6.9292e+007
14758,6.7405e+007
14759,6.361e+007
14760,8.3584e+007
14761,1.0017e+008
14762,8.7467e+007
14763,2.1723e+007
14764,1.5062e+007
14765,1.8891e+007
14766,2.432e+007
14767,1.442e+007
14768,1.9495e+008
14769,2.0643e+008
14770,2.0593e+008
14771,2.045e+008
14772,2.0609e+008
14773,1.9136e+008
14774,1.936e+008
14775,147.
14776,191.28
14777,580.63
14778,4130.2
14779,5714.7
14780,9.9149e+005
14781,1.7295e+006
14782,1.6652e+006
14783,1.1989e+005
14784,5.6684e+007
14785,2.6516e+007
14786,2.5071e+007
14787,2.9284e+007
14788,3.3061e+007
14789,3.9842e+007
14790,2.5867e+007
14791,9.6724e+007
14792,1.5643e+008
14793,1.4597e+008
14794,1.0307e+008
14795,1.3461e+008
14796,1.4508e+008
14797,9.3852e+007
14798,1.2202e+008
14799,1.1812e+008
14800,1.4857e+008
14801,1.6371e+008
14802,1.6937e+008
14803,1.8519e+008
14804,1.3882e+008
14805,92.656
14806,29.747
14807,34.526
14808,7.0769e+007
14809,6.8399e+007
14810,3.5411e+007
14811,4.2646e+007
14812,3.6146e+007
14813,3.7203e+007
14814,4.6418e+007
14815,6.0926e+007
14816,5.9713e+007
14817,1.7594e+008
14818,1.9248e+008
14819,1.9343e+008
14820,1.8283e+008
14821,1.6877e+008
14822,1.6317e+008
14823,2.073e+008
14824,2.0949e+008
14825,1.9653e+008
14826,2.091e+008
14827,1997.4
14828,3876.9
14829,1.8887e+008
14830,1.6888e+008
14831,2.0036e+008
14832,1.8461e+008
14833,1.9873e+008
14834,1.8829e+008
14835,1.8671e+008
14836,1.9928e+008
14837,1.6043e+008
14838,1.8992e+008
14839,1.9421e+008
14840,1.6208e+008
14841,1.8089e+008
14842,1.8028e+008
14843,1.9188e+008
14844,1.7506e+008
14845,1.5376e+008
14846,1.8905e+008
14847,1.9039e+008
14848,1.9177e+008
14849,1.9119e+008
14850,1.6361e+008
14851,1.666e+008
14852,1.4465e+008
14853,43532
14854,11843
14855,24033
14856,2.0054e+005
14857,1.3913e+005
14858,48028
14859,1.1928e+008
14860,6.4988e+007
14861,8.7372e+007
14862,8.1346e+007
14863,1.0005e+008
14864,1.4193e+008
14865,1.6924e+008
14866,1.7092e+008
14867,1.3749e+008
14868,1.6188e+008
14869,1.3482e+008
14870,9.5462e+007
14871,1.2902e+008
14872,9.7304e+007
14873,1.1836e+008
14874,1.2961e+008
14875,1.1539e+008
14876,8.9136e+007
14877,1.0735e+008
14878,908.16
14879,1229.6
14880,1866.3
14881,785.71
14882,1.0115e+007
14883,5.1725e+006
14884,1.0612e+007
14885,1.6039e+007
14886,7.9192e+007
14887,5.5596e+007
14888,4.5073e+007
14889,5.3411e+007
14890,6.8259e+007
14891,6.6441e+007
14892,1.9019e+008
14893,1.9199e+008
14894,1.6655e+008
14895,1.8616e+008
14896,1.9019e+008
14897,1.6688e+008
14898,1.5259e+008
14899,1.9051e+008
14900,1.9084e+008
14901,1.8218e+008
14902,1.699e+008
14903,1.9208e+008
14904,1.5651e+008
14905,1.6223e+008
14906,1.6443e+008
14907,1.0899e+008
14908,1.1654e+008
14909,1.4904e+008
14910,1.4988e+008
14911,1.0663e+008
14912,1.272e+008
14913,1.4829e+008
14914,1.46e+008
14915,1.3394e+008
14916,1.5233e+008
14917,1.8157e+008
14918,1.349e+008
14919,1.6048e+008
14920,1.5833e+008
14921,1.5483e+008
14922,536.1
14923,538.23
14924,2.2836e+005
14925,1.9734e+008
14926,1.6667e+008
14927,1.8625e+008
14928,1.6127e+008
14929,1.9018e+008
14930,1.6047e+008
14931,1.8512e+008
14932,1.3681e+008
14933,1.2446e+008
14934,1.4524e+008
14935,1.039e+008
14936,1.2099e+008
14937,3.6361
14938,1.6765
14939,1.7985
14940,2.4464
14941,2.7327
14942,3.6761e+007
14943,3.7904e+007
14944,2.7152e+007
14945,5.6357e+007
14946,4.8715e+007
14947,6.7296e+007
14948,5.3207e+007
14949,4.1025e+007
14950,3.7149e+007
14951,1.9649e+008
14952,1.631e+008
14953,1.5952e+008
14954,1.8271e+008
14955,1.5183e+008
14956,1.6815e+008
14957,1.4396e+008
14958,1.4457e+008
14959,1.9938e+008
14960,1.8351e+008
14961,1.9181e+008
14962,1.9852e+008
14963,1.9974e+008
14964,1.8466e+008
14965,1.8168e+008
14966,1.9553e+008
14967,1.7093e+008
14968,1.8966e+008
14969,1.9564e+008
14970,1.6576e+008
14971,1.8323e+008
14972,1.2101e+008
14973,1.0993e+008
14974,1.1753e+008
14975,1.2266e+008
14976,1.0843e+008
14977,1.1269e+008
14978,1.1815e+008
14979,8.4561e+007
14980,1.0609e+008
14981,6.6596e+007
14982,8.0474e+007
14983,1.5681e+008
14984,1.0811e+008
14985,1.0372e+008
14986,1.3085e+008
14987,1.299e+008
14988,1.1923e+008
14989,1.0677e+008
14990,52.963
14991,24.991
14992,24.536
14993,47.026
14994,31.198
14995,1602.2
14996,2.7066e+005
14997,5.7722e+005
14998,3.1305e+005
14999,2.257e+005
15000,3.6596e+005
15001,33461
15002,17333
15003,205.08
15004,185.88
15005,208.59
15006,279.95
15007,1.4536e+007
15008,1.8291e+007
15009,48.241
15010,74.476
15011,49.045
15012,1.2235e+008
15013,1.0797e+008
15014,9.7035e+007
15015,8.3212e+007
15016,1.9599e+008
15017,1.9256e+008
15018,1.7084e+008
15019,1.7435e+008
15020,1.2874e+006
15021,3.3803e+005
15022,2.5943e+006
15023,4.3058e+006
15024,4.8031e+006
15025,2.8188e+006
15026,3.6296e+006
15027,9.7224
15028,3.0151
15029,6.3424
15030,3.0925
15031,7.2971e+007
15032,5.0126e+007
15033,3.5261e+007
15034,4.1986e+007
15035,8.1667e+007
15036,7.3615e+007
15037,5.5274e+007
15038,6.5871e+007
15039,1.8387e+008
15040,1.8694e+008
15041,1.7806e+008
15042,1.6107e+008
15043,1.5663e+008
15044,3.9884e+007
15045,3.0638e+007
15046,2.3329e+007
15047,2.9957e+007
15048,2.9417e+007
15049,2.773e+007
15050,7.3514e+007
15051,9.5482e+007
15052,6.6137e+007
15053,7.2575e+007
15054,9.2755e+007
15055,119.49
15056,272.69
15057,229.33
15058,148.82
15059,130.59
15060,228.53
15061,1.7006e+008
15062,1.7862e+008
15063,1.7969e+008
15064,1.5313e+008
15065,1.5053e+008
15066,1.4143e+008
15067,1.5226e+008
15068,1.4323e+008
15069,1.4145e+008
15070,1.2192e+008
15071,1.3398e+008
15072,1.104e+008
15073,1.7359e+008
15074,1.9234e+008
15075,1.9575e+008
15076,1.7054e+008
15077,1.8629e+008
15078,1.942e+008
15079,1.8348e+008
15080,1.9041e+008
15081,1.7038e+008
15082,1.8746e+008
15083,2.0432e+008
15084,2.1207e+008
15085,1.8901e+008
15086,2.0223e+008
15087,2.0673e+008
15088,1.9996e+008
15089,8.5951e+007
15090,5.7664e+007
15091,8.0148e+007
15092,7.9871e+007
15093,5.9119e+007
15094,9.8485e+007
15095,5.9015e+007
15096,9.8596e+007
15097,1.0978e+008
15098,1.0323e+008
15099,1.2089e+008
15100,1.0059e+008
15101,8.5178e+007
15102,1.0355e+008
15103,9.3021e+007
15104,8.0243e+007
15105,9.7351e+007
15106,7.2235e+007
15107,1.0725e+008
15108,1.1707e+008
15109,9.3898
15110,8.114
15111,3.8371
15112,8.694
15113,4.0231
15114,1.4915e+008
15115,1.8577e+008
15116,1.8266e+008
15117,1.4109e+008
15118,1.8521e+008
15119,1.7956e+008
15120,1.6198e+008
15121,1.8103e+008
15122,1.6888e+008
15123,1.6076e+008
15124,1.7174e+008
15125,1.6374e+008
15126,1.4812e+008
15127,1.3372e+008
15128,2.0513e+008
15129,1.8537e+008
15130,2.0203e+008
15131,2.0343e+008
15132,1.8728e+008
15133,1.1006e+008
15134,1.252e+008
15135,1.1121e+008
15136,105.04
15137,146.42
15138,124.1
15139,7.7884e+007
15140,9.4718e+007
15141,7.9822e+007
15142,1.3116e+006
15143,2.4386e+006
15144,1.4642e+006
15145,1.193e+008
15146,7.1755e+007
15147,1.0278e+008
15148,9.69e+007
15149,8.2009e+007
15150,9.8693e+007
15151,2957.6
15152,1.3122e+008
15153,1.3879e+008
15154,1.5032e+008
15155,1.1619e+008
15156,835.89
15157,787.52
15158,762.26
15159,8.3032e+007
15160,1.0273e+008
15161,1.0395e+008
15162,1.1592e+008
15163,8.6005e+007
15164,1.1557e+008
15165,8.4186e+007
15166,7.9687e+007
15167,9.4224e+007
15168,1.0685e+008
15169,1.7333e+008
15170,1.9358e+008
15171,1.9474e+008
15172,1.6148e+008
15173,1.7186e+008
15174,1.8222e+008
15175,114.33
15176,63.8
15177,93.514
15178,15.879
15179,18.921
15180,4.8607e+007
15181,2.8449e+007
15182,2.5432e+007
15183,3.8378e+007
15184,5.5628e+007
15185,2.9358e+007
15186,1.8833e+008
15187,1.9818e+008
15188,2.0494e+008
15189,2.0571e+008
15190,1.8275e+008
15191,1.5491e+008
15192,1.6142e+008
15193,1.3391e+008
15194,35540
15195,1.0535e+006
15196,1.9592e+006
15197,2.8095e+006
15198,6345.6
15199,1.2066e+008
15200,1.3738e+008
15201,1.438e+008
15202,1.1453e+008
15203,1.5077e+008
15204,7.7799
15205,9.6451
15206,17.6
15207,5.9745
15208,2.0889e+008
15209,1.9636e+008
15210,2.0389e+008
15211,1.8166e+008
15212,9.6468e+007
15213,1.0743e+008
15214,1.2117e+008
15215,1.4175e+008
15216,1.0536e+008
15217,9.9356e+007
15218,1.1986e+008
15219,1.4271e+008
15220,1.6069e+008
15221,1.1638e+008
15222,1.3996e+008
15223,1.1756e+008
15224,9.4255e+006
15225,7.1429e+006
15226,1.394e+008
15227,1.5866e+008
15228,1.3678e+008
15229,1.6286e+008
15230,1.6095e+008
15231,1.2459e+008
15232,1.0215e+008
15233,1.2182e+008
15234,53.157
15235,55.034
15236,70.373
15237,98.207
15238,2.0011e+008
15239,1.9075e+008
15240,2.0171e+008
15241,1.9966e+008
15242,2.0239e+008
15243,2.0252e+008
15244,2.0132e+008
15245,1.7317e+008
15246,1.901e+008
15247,1.8787e+008
15248,1.6561e+008
15249,1.7503e+008
15250,1.5131e+008
15251,11.348
15252,23.148
15253,1.5818e+008
15254,1.3292e+008
15255,1.5147e+008
15256,1.2447e+008
15257,1.836e+007
15258,1.7553e+007
15259,345.61
15260,242.68
15261,337.95
15262,16.578
15263,85933
15264,2.2261
15265,6.5015e+007
15266,8.606e+007
15267,6.7771e+007
15268,8.7309e+007
15269,1.0351e+008
15270,6.7573e+007
15271,5.4433e+007
15272,4.805e+007
15273,5.4147e+007
15274,7.3748e+007
15275,6.7823e+007
15276,5.9809e+007
15277,5.8849e+007
15278,3.2489e+007
15279,3.0577e+007
15280,2.9681e+007
15281,4.8392e+007
15282,3.2197e+007
15283,6.0039e+007
15284,4.2257e+007
15285,2.0775e+008
15286,2.0363e+008
15287,1.9592e+008
15288,1.9655e+008
15289,1.923e+008
15290,2.0479e+008
15291,2.0409e+008
15292,5.502e+006
15293,4.3314e+006
15294,3.8462e+007
15295,5.3966e+007
15296,3.6954e+007
15297,4.6163e+007
15298,214.54
15299,218.22
15300,297.58
15301,1.4147e+008
15302,1.2899e+008
15303,1.2145e+008
15304,1.0275e+008
15305,26269
15306,2.0814e+008
15307,2.0426e+008
15308,8.0147e+007
15309,5.391e+007
15310,6.3332e+007
15311,6.8576e+007
15312,5.393e+005
15313,5.9371e+005
15314,9.8712e+005
15315,1.3127e+008
15316,1.4974e+008
15317,1.2199e+008
15318,1.267e+008
15319,1.2787e+008
15320,2.0681e+008
15321,2.0072e+008
15322,2.0615e+008
15323,1.9975e+008
15324,1.9426e+008
15325,8.0021e+007
15326,8.6887e+007
15327,6.1748e+007
15328,8.1965e+007
15329,1.6894e+008
15330,1.7787e+008
15331,1.6408e+008
15332,2.009e+008
15333,2.0226e+008
15334,1.7768e+008
15335,2.0117e+008
15336,2.0505e+008
15337,1.9451e+008
15338,2.0605e+008
15339,1.902e+008
15340,2.0454e+008
15341,2.059e+008
15342,2.0546e+008
15343,1.9254e+008
15344,1.9927e+008
15345,1.8879e+008
15346,1.9933e+008
15347,2.0541e+008
15348,2.0454e+008
15349,1.9137e+008
15350,1.0698e+008
15351,1.0494e+008
15352,1.194e+008
15353,7.3246e+007
15354,1.8622e+008
15355,1.9208e+008
15356,1.8106e+008
15357,1.9564e+008
15358,1.9163e+008
15359,1.9696e+008
15360,1.7238e+008
15361,5.173e+007
15362,5.0004e+007
15363,7.2837e+007
15364,4.4545e+007
15365,7.6033e+007
15366,6.0391e+007
15367,6.2705e+007
15368,4.7868e+007
15369,7.6759e+007
15370,7.0652e+007
15371,1.4129e+008
15372,1.1152e+008
15373,1.3375e+008
15374,1.4071e+008
15375,1.217e+008
15376,1.6507e+008
15377,20.745
15378,11.312
15379,11.954
15380,1.9772e+008
15381,1.7383e+008
15382,1.9452e+008
15383,2.289e+007
15384,2.3907e+007
15385,3.2418e+007
15386,3.7423e+007
15387,5.3548e+007
15388,4.8739e+007
15389,3.746e+007
15390,6.8147e+007
15391,2.0435e+008
15392,2.0631e+008
15393,1.8017e+008
15394,1.9452e+008
15395,2.062e+008
15396,2.0334e+008
15397,1.991e+008
15398,1.9795e+008
15399,135.26
15400,105.15
15401,132.04
15402,228.95
15403,2.3824e+005
15404,3.5148e+005
15405,1.5161e+008
15406,1.763e+008
15407,1.7256e+008
15408,1.7968e+008
15409,1.6937e+008
15410,1.5094e+008
15411,1.7708e+008
15412,1.6098e+008
15413,1.8376e+008
15414,1.8975e+008
15415,1.916e+008
15416,2.0553e+008
15417,2.0335e+008
15418,2.056e+008
15419,1.9429e+008
15420,2.02e+008
15421,1.9135e+008
15422,2.0299e+008
15423,3.4004e+007
15424,2.243e+007
15425,2.6402e+007
15426,1.5874e+008
15427,1.8763e+008
15428,1.8089e+008
15429,1.5049e+008
15430,1.7139e+008
15431,7.001e+007
15432,8.9381e+007
15433,8.0387e+007
15434,1.0032e+008
15435,1.7568e+008
15436,1.9914e+008
15437,1.8414e+008
15438,1.8984e+008
15439,1.5268e+008
15440,1.8098e+008
15441,2.3155e+008
15442,2.3737e+008
15443,2.3607e+008
15444,2.4023e+008
15445,2.5013e+008
15446,2.4175e+008
15447,1.2596e+008
15448,1.0869e+008
15449,1.3949e+008
15450,1.3229e+008
15451,2.3443e+008
15452,2.4636e+008
15453,2.3557e+008
15454,2.4235e+008
15455,2.3972e+008
15456,2.3893e+008
15457,2.3894e+008
15458,1.1306e+008
15459,1.0909e+008
15460,1.3506e+008
15461,1.2895e+008
15462,7.214e+007
15463,6.7373e+007
15464,7.5462e+007
15465,6.1248e+007
15466,7.6108e+007
15467,5.9972e+007
15468,2.3272e+008
15469,2.3266e+008
15470,2.2856e+008
15471,2.4231e+008
15472,2.3505e+008
15473,2.3201e+008
15474,1.1755e+008
15475,1.679e+008
15476,1.3671e+008
15477,7.587e+007
15478,8.3508e+007
15479,2.2151e+008
15480,2.2923e+008
15481,2.3406e+008
15482,2.3301e+008
15483,2.24e+008
15484,2.2075e+008
15485,1.174e+008
15486,1.5964e+008
15487,1.3206e+008
15488,1.9894e+008
15489,1.8289e+008
15490,2.1881e+008
15491,2.2095e+008
15492,2.2976e+008
15493,2.2966e+008
15494,2.2885e+008
15495,2.1879e+008
15496,1.7021e+008
15497,1.2604e+008
15498,1.4558e+008
15499,1.885e+008
15500,1.9617e+008
15501,2.2411e+008
15502,2.1641e+008
15503,2.1785e+008
15504,2.1462e+008
15505,2.1748e+008
15506,2.1463e+008
15507,2.2329e+008
15508,2.0389e+008
15509,1.5416e+008
15510,2.0467e+008
15511,1.9692e+008
15512,1.7916e+008
15513,1.4813e+008
15514,1.2123e+008
15515,1.6781e+008
15516,1.1526e+008
15517,1.54e+008
15518,1.2575e+008
15519,2.222e+008
15520,2.1354e+008
15521,2.1383e+008
15522,2.2267e+008
15523,2.1314e+008
15524,2.1558e+008
15525,2.1412e+008
15526,1.9304e+008
15527,1.7952e+008
15528,1.7777e+008
15529,1.9397e+008
15530,3.2499e+007
15531,3.5493e+007
15532,4.3267e+007
15533,3.5831e+007
15534,4.498e+007
15535,3.9395e+007
15536,2.2292e+008
15537,2.1323e+008
15538,2.1806e+008
15539,2.1323e+008
15540,2.1315e+008
15541,2.16e+008
15542,2.1609e+008
15543,2.2342e+008
15544,1.8069e+008
15545,1.6173e+008
15546,1.5642e+008
15547,2.0564e+008
15548,1.6315e+008
15549,5.0003e+007
15550,3.778e+007
15551,4.935e+007
15552,3.9308e+007
15553,4.2292e+007
15554,3.6056e+007
15555,1.6849e+008
15556,1.3674e+008
15557,1.9055e+008
15558,1.5754e+008
15559,1.7888e+008
15560,1.4119e+008
15561,2.0709e+008
15562,2.1534e+008
15563,2.062e+008
15564,2.1254e+008
15565,2.0397e+008
15566,2.1506e+008
15567,1.6659e+008
15568,1.8824e+008
15569,1.7719e+008
15570,1.7182e+008
15571,1.7803e+008
15572,1.895e+008
15573,2.1944e+008
15574,2.2628e+008
15575,2.2205e+008
15576,2.1915e+008
15577,2.248e+008
15578,2.3237e+008
15579,1.42e+008
15580,1.3003e+008
15581,1.6125e+008
15582,1.773e+008
15583,2.1116e+008
15584,2.1084e+008
15585,2.1017e+008
15586,2.1006e+008
15587,2.1331e+008
15588,2.1013e+008
15589,2.0666e+008
15590,2.0983e+008
15591,1.97e+008
15592,2.2661e+008
15593,2.2491e+008
15594,2.337e+008
15595,2.2682e+008
15596,2.3431e+008
15597,1.7459e+008
15598,1.0439e+008
15599,1.2245e+008
15600,1.5534e+008
15601,2.4174e+008
15602,2.2e+008
15603,2.302e+008
15604,2.2294e+008
15605,2.3004e+008
15606,2.2319e+008
15607,1.7144e+008
15608,1.2518e+008
15609,1.0453e+008
15610,1.8714e+008
15611,2.0286e+008
15612,2.9888e+007
15613,3.218e+007
15614,4.6757e+007
15615,4.5497e+007
15616,3.9198e+007
15617,3.551e+007
15618,4.0776e+007
15619,1.9521e+007
15620,2.1569e+008
15621,2.0781e+008
15622,2.0302e+008
15623,2.0522e+008
15624,2.1245e+008
15625,1.6168e+008
15626,1.7964e+008
15627,1.4222e+008
15628,1.6358e+008
15629,1.5521e+008
15630,1.7424e+008
15631,1.8173e+008
15632,2.248e+008
15633,2.3644e+008
15634,2.2583e+008
15635,2.3815e+008
15636,2.3013e+008
15637,1.2425e+008
15638,1.2983e+008
15639,1.6316e+008
15640,1.6895e+008
15641,1.0154e+007
15642,1.4063e+007
15643,8.4056e+006
15644,1.1449e+007
15645,8.315e+006
15646,1.46e+007
15647,2.168e+008
15648,2.2374e+008
15649,2.1566e+008
15650,2.1653e+008
15651,2.1475e+008
15652,1.8301e+008
15653,1.926e+008
15654,1.5446e+008
15655,1.7472e+008
15656,2.5453e+008
15657,2.5487e+008
15658,2.3783e+008
15659,2.5142e+008
15660,2.5825e+008
15661,2.5147e+008
15662,1.3446e+008
15663,1.7225e+007
15664,9.1165e+006
15665,1.6203e+007
15666,1.1333e+007
15667,1.1137e+007
15668,1.4527e+007
15669,6.5425e+006
15670,2.156e+008
15671,2.1531e+008
15672,2.1551e+008
15673,2.1727e+008
15674,2.1398e+008
15675,2.1811e+008
15676,1.8177e+008
15677,1.6509e+008
15678,1.9299e+008
15679,2.3844e+008
15680,2.3641e+008
15681,2.2109e+008
15682,2.3318e+008
15683,2.5066e+008
15684,2.4108e+008
15685,1.0596e+008
15686,2.452e+008
15687,2.5302e+008
15688,2.5076e+008
15689,2.6006e+008
15690,2.5865e+008
15691,2.6099e+008
15692,2.5842e+008
15693,1.3297e+008
15694,6.7511e+007
15695,7.9969e+007
15696,9.4181e+007
15697,8.5598e+007
15698,6.5768e+007
15699,8.0635e+007
15700,5.7918e+007
15701,6.7006e+007
15702,7.5726e+007
15703,7.5185e+007
15704,8.1023e+007
15705,5.9748e+007
15706,5.9617e+007
15707,2.1188e+008
15708,2.1023e+008
15709,2.1018e+008
15710,2.1007e+008
15711,2.0519e+008
15712,2.0704e+008
15713,2.076e+008
15714,2.0871e+008
15715,2.1922e+008
15716,2.111e+008
15717,2.149e+008
15718,2.099e+008
15719,2.1223e+008
15720,2.19e+008
15721,1.9212e+008
15722,1.6335e+008
15723,1.9309e+008
15724,1.7627e+008
15725,1.5295e+008
15726,1.8868e+008
15727,1.6173e+008
15728,2.2245e+008
15729,2.1319e+008
15730,2.1824e+008
15731,2.1298e+008
15732,2.1378e+008
15733,2.153e+008
15734,2.0982e+008
15735,1.7338e+008
15736,1.9811e+008
15737,1.9063e+008
15738,2.3189e+008
15739,2.4206e+008
15740,2.5001e+008
15741,2.5633e+008
15742,2.4671e+008
15743,1.3706e+008
15744,1.2251e+008
15745,1.165e+008
15746,2.1876e+008
15747,2.1338e+008
15748,2.144e+008
15749,2.1189e+008
15750,2.1435e+008
15751,2.1298e+008
15752,2.1867e+008
15753,1.8107e+008
15754,1.8189e+008
15755,1.7896e+008
15756,2.1015e+008
15757,2.1009e+008
15758,2.1306e+008
15759,2.1117e+008
15760,2.1012e+008
15761,2.1012e+008
15762,2.0369e+008
15763,1.941e+008
15764,1.8664e+008
15765,2.1079e+008
15766,2.1953e+008
15767,2.1708e+008
15768,2.1419e+008
15769,2.1618e+008
15770,2.1408e+008
15771,2.1863e+008
15772,2.2146e+008
15773,1.6928e+008
15774,1.7722e+008
15775,1.4362e+008
15776,2.1418e+008
15777,2.0725e+008
15778,2.1149e+008
15779,2.1034e+008
15780,2.1092e+008
15781,2.0989e+008
15782,2.1058e+008
15783,2.0779e+008
15784,2.0453e+008
15785,2.0928e+008
15786,2.1191e+008
15787,2.1018e+008
15788,2.1013e+008
15789,2.1023e+008
15790,2.1038e+008
15791,2.0696e+008
15792,2.0766e+008
15793,2.09e+008
15794,1.9283e+008
15795,2.1169e+008
15796,9.5346e+006
15797,8.1323e+006
15798,9.5163e+006
15799,9.1286e+006
15800,5.1043e+006
15801,4.8319e+006
15802,4.9651e+006
15803,5.3315e+006
15804,2.1017e+008
15805,2.1032e+008
15806,2.101e+008
15807,2.1299e+008
15808,2.1027e+008
15809,2.1053e+008
15810,2.0703e+008
15811,1.9948e+008
15812,2.112e+008
15813,2.1644e+008
15814,2.1198e+008
15815,2.1122e+008
15816,2.1113e+008
15817,2.1118e+008
15818,2.1005e+008
15819,2.0059e+008
15820,2.0188e+008
15821,2.0129e+008
15822,2.7828e+007
15823,3.082e+007
15824,2.2998e+007
15825,2.9831e+007
15826,1.3507e+007
15827,1.489e+007
15828,3.0201e+007
15829,2.2245e+007
15830,2.4829e+007
15831,3.0525e+007
15832,2.2898e+007
15833,2.2241e+008
15834,2.3856e+008
15835,2.3611e+008
15836,2.2555e+008
15837,2.282e+008
15838,1.3308e+008
15839,1.6863e+008
15840,1.8409e+008
15841,7.9791e+007
15842,1.873e+008
15843,2.2518e+008
15844,2.2396e+008
15845,2.3909e+008
15846,2.3169e+008
15847,2.355e+008
15848,1.7465e+008
15849,1.1744e+008
15850,1.3996e+008
15851,1.4189e+008
15852,1.6782e+008
15853,1.8848e+008
15854,9.6051e+007
15855,2.2604e+008
15856,2.0753e+008
15857,2.1826e+008
15858,2.2814e+008
15859,1.1691e+008
15860,1.6788e+008
15861,1.7452e+008
15862,1.728e+008
15863,2.1462e+008
15864,2.1841e+008
15865,2.2237e+008
15866,2.2525e+008
15867,2.203e+008
15868,1.6693e+008
15869,1.8308e+008
15870,1.4875e+008
15871,1.7038e+008
15872,1.6968e+008
15873,1.6527e+008
15874,2.1231e+008
15875,2.1022e+008
15876,2.1029e+008
15877,2.1012e+008
15878,2.1018e+008
15879,2.1024e+008
15880,2.0004e+008
15881,2.1073e+008
15882,2.0723e+008
15883,1.9416e+008
15884,1.7976e+008
15885,2.1123e+008
15886,2.1269e+008
15887,2.1186e+008
15888,2.1337e+008
15889,2.1128e+008
15890,2.1303e+008
15891,2.1128e+008
15892,2.0714e+008
15893,1.9906e+008
15894,1.919e+008
15895,1.9282e+008
15896,2.2238e+008
15897,2.1705e+008
15898,2.1969e+008
15899,2.2414e+008
15900,2.3177e+008
15901,1.306e+008
15902,1.4232e+008
15903,1.7908e+008
15904,1.844e+008
15905,1.529e+008
15906,2.134e+008
15907,2.1375e+008
15908,2.1475e+008
15909,2.157e+008
15910,2.1337e+008
15911,2.1468e+008
15912,2.1235e+008
15913,1.916e+008
15914,2.1106e+008
15915,1.9429e+008
15916,1.926e+008
15917,1.4694e+008
15918,2.1136e+008
15919,2.1032e+008
15920,2.1012e+008
15921,2.2105e+008
15922,2.1011e+008
15923,2.1015e+008
15924,2.0767e+008
15925,1.9441e+008
15926,1.8755e+008
15927,2.102e+008
15928,2.3046e+008
15929,2.2818e+008
15930,2.2369e+008
15931,2.3513e+008
15932,1.217e+008
15933,1.7607e+008
15934,1.0599e+008
15935,2.1409e+008
15936,2.1534e+008
15937,2.1646e+008
15938,2.1345e+008
15939,2.1465e+008
15940,2.121e+008
15941,1.829e+008
15942,1.7107e+008
15943,1.8679e+008
15944,1.8923e+008
15945,2.9972e+007
15946,3.6378e+007
15947,3.2261e+007
15948,3.7045e+007
15949,5.0573e+007
15950,4.431e+007
15951,5.0501e+007
15952,4.4885e+007
15953,2.1488e+008
15954,2.1233e+008
15955,2.1246e+008
15956,2.1688e+008
15957,2.1252e+008
15958,2.0411e+008
15959,1.8135e+008
15960,1.6468e+008
15961,2.0519e+008
15962,1.3388e+008
15963,1.2837e+008
15964,1.8024e+008
15965,1.9455e+008
15966,1.6499e+008
15967,9.0113e+007
15968,7.9108e+007
15969,7.0941e+007
15970,5.7624e+007
15971,5.6681e+007
15972,5.0694e+007
15973,7.5593e+007
15974,5.7817e+007
15975,8.1387e+007
15976,5.9661e+007
15977,2.1029e+008
15978,2.1019e+008
15979,2.1021e+008
15980,2.1035e+008
15981,2.1311e+008
15982,2.0981e+008
15983,2.0266e+008
15984,2.1188e+008
15985,2.119e+008
15986,2.1184e+008
15987,2.1478e+008
15988,2.0851e+008
15989,1.9963e+008
15990,1.9443e+008
15991,1.7677e+008
15992,2.5087e+008
15993,2.3565e+008
15994,2.3559e+008
15995,2.2913e+008
15996,1.3671e+008
15997,1.1789e+008
15998,1.3184e+008
15999,3.319e+007
16000,3.8318e+007
16001,3.1468e+007
16002,3.2157e+007
16003,3.223e+007
16004,2.0974e+008
16005,2.0104e+008
16006,2.0593e+008
16007,1.8541e+008
16008,1.6568e+008
16009,1.8667e+008
16010,1.3458e+007
16011,8.8604e+006
16012,9.5568e+006
16013,7.8343e+006
16014,1.0982e+007
16015,4.8491e+006
16016,5.1166e+006
16017,2.1453e+008
16018,2.1423e+008
16019,2.1312e+008
16020,1.9494e+008
16021,2.0484e+008
16022,1.7332e+008
16023,1.8211e+008
16024,2.1025e+008
16025,2.1294e+008
16026,2.1031e+008
16027,2.1206e+008
16028,2.1024e+008
16029,2.1012e+008
16030,2.1057e+008
16031,2.0471e+008
16032,1.8347e+008
16033,2.0449e+008
16034,2.0904e+008
16035,1.0034e+008
16036,9.4675e+007
16037,1.0062e+008
16038,9.7609e+007
16039,5.1436e+007
16040,8.9608e+007
16041,1.0036e+008
16042,9.0018e+007
16043,1.8696e+008
16044,2.0299e+008
16045,2.0151e+008
16046,2.0097e+008
16047,1.0312e+008
16048,1.2438e+008
16049,1.3899e+008
16050,1.1869e+008
16051,9.7357e+007
16052,7.0103e+007
16053,9.9622e+007
16054,2.2109e+008
16055,2.3461e+008
16056,2.2023e+008
16057,9.4637e+007
16058,1.969e+008
16059,1.9916e+008
16060,1.8053e+008
16061,1.4817e+008
16062,1.5046e+008
16063,9.316e+007
16064,2.1522e+008
16065,2.2238e+008
16066,2.1231e+008
16067,2.123e+008
16068,1.6377e+008
16069,1.9633e+008
16070,1.82e+008
16071,9.8174e+006
16072,9.0551e+006
16073,9.5198e+006
16074,9.3901e+006
16075,4.6651e+006
16076,4.631e+006
16077,4.9998e+006
16078,4.8633e+006
16079,2.1786e+008
16080,2.2101e+008
16081,2.1789e+008
16082,2.1696e+008
16083,1.7996e+008
16084,1.6359e+008
16085,1.8832e+008
16086,1.5825e+008
16087,1.6414e+008
16088,2.4069e+008
16089,2.5013e+008
16090,2.3203e+008
16091,2.2781e+008
16092,1.1927e+008
16093,1.3579e+008
16094,2.1084e+008
16095,2.1023e+008
16096,2.1023e+008
16097,2.0899e+008
16098,2.0999e+008
16099,1.9952e+008
16100,2.0887e+008
16101,2.1148e+008
16102,2.2228e+008
16103,2.1202e+008
16104,1.7569e+008
16105,1.9255e+008
16106,2.1168e+008
16107,2.089e+008
16108,1.9568e+008
16109,2.2465e+008
16110,2.3121e+008
16111,2.2978e+008
16112,2.2169e+008
16113,2.2177e+008
16114,1.6387e+008
16115,1.1972e+008
16116,1.7982e+008
16117,7.1867e+007
16118,1.195e+008
16119,1.6056e+008
16120,2.0232e+008
16121,1.0324e+008
16122,1.3277e+008
16123,1.1372e+008
16124,1.1584e+008
16125,2.1503e+008
16126,2.1705e+008
16127,2.1183e+008
16128,2.2054e+008
16129,2.1185e+008
16130,2.0689e+008
16131,2.0932e+008
16132,2.0255e+008
16133,2.0186e+008
16134,1.9176e+008
16135,2.1638e+008
16136,2.0348e+008
16137,2.4802e+008
16138,2.4668e+008
16139,2.0553e+007
16140,2.5356e+007
16141,2.6003e+007
16142,1.8911e+007
16143,1.0428e+007
16144,2.1016e+008
16145,2.1011e+008
16146,2.1023e+008
16147,2.095e+008
16148,2.1001e+008
16149,2.0762e+008
16150,2.1069e+008
16151,2.1033e+008
16152,2.1029e+008
16153,2.0599e+008
16154,2.0993e+008
16155,2.0918e+008
16156,2.0867e+008
16157,1.979e+008
16158,2.1155e+008
16159,2.1157e+008
16160,2.1228e+008
16161,2.116e+008
16162,2.0742e+008
16163,2.0394e+008
16164,1.7692e+008
16165,1.9312e+008
16166,2.1325e+008
16167,2.1326e+008
16168,2.1332e+008
16169,1.9028e+008
16170,2.1371e+008
16171,2.0251e+008
16172,1.5274e+008
16173,2.0328e+008
16174,2.0379e+008
16175,2.2808e+008
16176,2.412e+008
16177,2.2964e+008
16178,2.3255e+008
16179,1.2846e+008
16180,1.1267e+008
16181,1.2207e+008
16182,1.2637e+008
16183,2.0383e+008
16184,2.0526e+008
16185,2.0582e+008
16186,2.0643e+008
16187,1.5877e+008
16188,1.8839e+008
16189,1.6234e+008
16190,8.2378e+007
16191,8.7903e+007
16192,1.0296e+008
16193,8.3559e+007
16194,4.3642e+007
16195,3.7833e+007
16196,2.1231e+008
16197,2.1219e+008
16198,2.1328e+008
16199,2.0687e+008
16200,2.0369e+008
16201,2.1245e+008
16202,1.6422e+008
16203,1.9227e+008
16204,2.4556e+008
16205,2.3525e+008
16206,2.4731e+008
16207,2.3406e+008
16208,2.4543e+008
16209,1.2723e+008
16210,2.1556e+008
16211,2.1812e+008
16212,2.1385e+008
16213,2.2074e+008
16214,1.6913e+008
16215,1.8287e+008
16216,1.4142e+008
16217,1.7849e+008
16218,2.2925e+008
16219,2.1948e+008
16220,2.2217e+008
16221,2.2022e+008
16222,1.7005e+008
16223,1.8388e+008
16224,1.179e+008
16225,2.1449e+008
16226,2.1518e+008
16227,2.1989e+008
16228,1.7553e+008
16229,1.7418e+008
16230,1.8301e+008
16231,2.043e+008
16232,1.8009e+008
16233,2.3617e+008
16234,2.213e+008
16235,2.3126e+008
16236,1.4478e+008
16237,1.3343e+008
16238,1.2674e+008
16239,1.293e+008
16240,2.1282e+008
16241,2.1073e+008
16242,2.1078e+008
16243,2.1157e+008
16244,1.9762e+008
16245,2.0975e+008
16246,1.9849e+008
16247,8.9678e+007
16248,9.5467e+007
16249,1.0748e+008
16250,2.147e+008
16251,2.1354e+008
16252,2.1347e+008
16253,2.1759e+008
16254,2.1434e+008
16255,1.5324e+008
16256,1.9254e+008
16257,1.7646e+008
16258,2.0323e+008
16259,1.8803e+008
16260,2.1294e+008
16261,2.1155e+008
16262,2.0919e+008
16263,2.0012e+008
16264,1.803e+008
16265,1.7963e+008
16266,1.7486e+008
16267,2.1037e+008
16268,2.101e+008
16269,2.095e+008
16270,1.5059e+007
16271,1.7977e+007
16272,8.4056e+006
16273,8.5019e+006
16274,2.1039e+008
16275,2.1007e+008
16276,2.1048e+008
16277,2.108e+008
16278,2.0612e+008
16279,2.0796e+008
16280,2.037e+008
16281,2.1095e+008
16282,9.4105e+006
16283,4.9959e+006
16284,5.0277e+006
16285,5.4599e+006
16286,2.1025e+008
16287,2.105e+008
16288,2.1249e+008
16289,2.0732e+008
16290,2.0947e+008
16291,1.9545e+008
16292,2.1272e+008
16293,2.11e+008
16294,2.1063e+008
16295,2.0999e+008
16296,2.0277e+008
16297,1.689e+008
16298,1.3296e+008
16299,9.0527e+007
16300,5.2061e+007
16301,4.6277e+007
16302,6.166e+006
16303,7.6787e+006
16304,7.47e+006
16305,2.9294e+006
16306,2.9316e+006
16307,2.1169e+008
16308,2.0962e+008
16309,1.9934e+008
16310,2.1005e+008
16311,2.0291e+008
16312,2.1021e+008
16313,2.1007e+008
16314,2.078e+008
16315,2.2948e+007
16316,2.7055e+007
16317,2.6278e+007
16318,1.158e+007
16319,1.1245e+007
16320,1.1688e+007
16321,3.3004e+007
16322,2.9163e+007
16323,1.4232e+007
16324,1.365e+007
16325,2.8373e+007
16326,1.4656e+007
16327,2.5053e+007
16328,8.9743e+006
16329,7.339e+006
16330,4.0451e+006
16331,4.0034e+006
16332,2.1137e+008
16333,2.1818e+008
16334,2.1511e+008
16335,2.1159e+008
16336,2.1178e+008
16337,2.0348e+008
16338,1.7543e+008
16339,1.697e+008
16340,1.8791e+008
16341,2.1014e+008
16342,2.1007e+008
16343,2.0815e+008
16344,2.0926e+008
16345,1.9942e+008
16346,1.9236e+008
16347,2.0754e+008
16348,2.0043e+008
16349,2.1265e+008
16350,1.9773e+008
16351,1.5761e+008
16352,1.6958e+008
16353,1.5883e+008
16354,1.7492e+008
16355,2.1893e+008
16356,2.1297e+008
16357,2.1489e+008
16358,1.7788e+008
16359,1.6205e+008
16360,2.0731e+008
16361,1.9529e+008
16362,1.7748e+008
16363,2.1026e+008
16364,2.1058e+008
16365,2.1317e+008
16366,2.0982e+008
16367,2.0925e+008
16368,1.9274e+008
16369,1.9931e+008
16370,2.0944e+008
16371,2.0747e+008
16372,2.3168e+008
16373,2.1942e+008
16374,1.1513e+008
16375,8.9226e+007
16376,8.3966e+007
16377,8.6291e+007
16378,2.161e+008
16379,2.2394e+008
16380,2.1528e+008
16381,1.5983e+008
16382,1.7567e+008
16383,2.0598e+008
16384,1.9297e+008
16385,1.4974e+008
16386,2.0539e+008
16387,4.6932e+007
16388,1.9883e+008
16389,1.5497e+008
16390,1.7336e+008
16391,1.7288e+008
16392,1.3967e+008
16393,1.7266e+008
16394,1.6774e+008
16395,2.1298e+008
16396,1.8587e+008
16397,8.3869e+007
16398,2.1121e+008
16399,2.1041e+008
16400,2.1051e+008
16401,2.1025e+008
16402,2.0877e+008
16403,2.1088e+008
16404,2.0818e+008
16405,2.2455e+008
16406,1.2426e+008
16407,1.7285e+008
16408,2.4561e+008
16409,2.4057e+008
16410,2.5361e+008
16411,1.2325e+008
16412,1.2784e+008
16413,8.9228e+007
16414,1.9681e+008
16415,2.1011e+008
16416,2.1057e+008
16417,2.1127e+008
16418,2.075e+008
16419,1.9967e+008
16420,2.1084e+008
16421,2.1013e+008
16422,2.0711e+008
16423,2.1026e+008
16424,1.8775e+008
16425,2.3541e+008
16426,2.2215e+008
16427,1.1889e+008
16428,1.255e+008
16429,1.1099e+008
16430,2.0104e+008
16431,1.875e+008
16432,1.8434e+008
16433,5.3631e+007
16434,4.8897e+007
16435,2.3268e+008
16436,2.4488e+008
16437,2.5347e+008
16438,1.311e+008
16439,1.2548e+008
16440,1.9444e+008
16441,2.1261e+008
16442,2.1266e+008
16443,2.0964e+008
16444,2.0936e+008
16445,1.8864e+008
16446,1.9545e+008
16447,1.9321e+008
16448,2.1007e+008
16449,2.069e+008
16450,2.0923e+008
16451,2.1169e+008
16452,1.8806e+008
16453,1.991e+008
16454,2.0203e+008
16455,1.2056e+008
16456,1.2005e+008
16457,1.3355e+008
16458,2.1084e+008
16459,2.1093e+008
16460,2.0019e+008
16461,1.8852e+008
16462,2.0093e+008
16463,2.4565e+008
16464,2.3201e+008
16465,2.3121e+008
16466,1.2847e+008
16467,9.623e+007
16468,1.0558e+008
16469,2.5261e+008
16470,2.4311e+008
16471,1.164e+008
16472,1.1879e+008
16473,2.1163e+008
16474,2.1143e+008
16475,2.1255e+008
16476,2.0168e+008
16477,2.0993e+008
16478,1.9323e+008
16479,1.9059e+008
16480,1.8534e+008
16481,4.1292e+007
16482,5.0415e+007
16483,2.8245e+007
16484,1.7483e+007
16485,2.0484e+007
16486,2.1315e+008
16487,2.2048e+008
16488,1.7774e+008
16489,1.751e+008
16490,2.1045e+008
16491,2.104e+008
16492,2.1026e+008
16493,2.1068e+008
16494,2.0827e+008
16495,2.1023e+008
16496,2.1025e+008
16497,2.1298e+008
16498,2.1005e+008
16499,2.1086e+008
16500,2.0971e+008
16501,1.9953e+008
16502,1.7924e+008
16503,2.0254e+008
16504,1.6007e+008
16505,1.2046e+008
16506,1.6519e+008
16507,1.8381e+008
16508,2.0301e+008
16509,1.8189e+008
16510,1.7513e+008
16511,1.5948e+008
16512,1.7011e+008
16513,2.0633e+008
16514,2.0515e+008
16515,1.8639e+008
16516,1.8737e+008
16517,2.1431e+008
16518,2.0361e+008
16519,1.7488e+008
16520,2.1198e+008
16521,2.0366e+008
16522,1.9687e+008
16523,2.3068e+008
16524,1.2244e+008
16525,1.168e+008
16526,9.7079e+007
16527,2.1414e+008
16528,2.2312e+008
16529,2.1307e+008
16530,2.1624e+008
16531,1.6453e+008
16532,1.9707e+008
16533,1.9592e+008
16534,1.8958e+008
16535,8.1536e+006
16536,7.9391e+006
16537,2.6919e+006
16538,3.6799e+006
16539,4.0485e+006
16540,3.4815e+006
16541,2.1025e+008
16542,2.1057e+008
16543,2.1081e+008
16544,2.1404e+008
16545,2.0963e+008
16546,2.0277e+008
16547,2.0231e+008
16548,2.5225e+008
16549,1.0981e+008
16550,1.1917e+008
16551,2.0891e+008
16552,1.8875e+008
16553,2.0107e+008
16554,2.0312e+008
16555,1.7282e+008
16556,2.1166e+008
16557,1.6934e+008
16558,1.7964e+008
16559,1.8205e+008
16560,1.3826e+008
16561,1.7719e+008
16562,1.7992e+008
16563,1.9237e+008
16564,1.0576e+008
16565,9.1571e+006
16566,6.1849e+006
16567,2.1119e+008
16568,2.1438e+008
16569,2.1123e+008
16570,1.9402e+008
16571,1.8768e+008
16572,2.1185e+008
16573,1.9809e+008
16574,2.1024e+008
16575,2.101e+008
16576,2.0901e+008
16577,2.0702e+008
16578,2.0789e+008
16579,2.076e+008
16580,2.1082e+008
16581,2.1037e+008
16582,2.1033e+008
16583,2.0665e+008
16584,2.0749e+008
16585,2.0777e+008
16586,2.0252e+008
16587,1.4453e+008
16588,8.4999e+007
16589,1.0599e+008
16590,5.7039e+007
16591,2.1027e+008
16592,2.0519e+008
16593,2.1014e+008
16594,2.0872e+008
16595,1.8725e+008
16596,2.1075e+008
16597,2.0006e+008
16598,9.039e+007
16599,8.6874e+007
16600,2.1773e+008
16601,1.8141e+008
16602,1.4621e+008
16603,1.5962e+008
16604,1.8631e+008
16605,2.031e+008
16606,2.0852e+008
16607,1.1182e+008
16608,1.2784e+008
16609,1.5493e+008
16610,1.4047e+008
16611,2.131e+008
16612,2.14e+008
16613,1.9913e+008
16614,1.9998e+008
16615,1.9283e+008
16616,2.0286e+008
16617,1.8769e+008
16618,1.3025e+007
16619,5.784e+006
16620,5.3712e+006
16621,5.258e+006
16622,5.0946e+006
16623,1.75e+008
16624,1.3478e+008
16625,4.6089e+007
16626,2.1011e+008
16627,2.1017e+008
16628,2.1103e+008
16629,2.0484e+008
16630,2.1058e+008
16631,2.0859e+008
16632,2.1018e+008
16633,2.1036e+008
16634,2.1096e+008
16635,2.0975e+008
16636,2.092e+008
16637,2.086e+008
16638,2.0681e+008
16639,1.8529e+008
16640,1.2195e+008
16641,1.2832e+008
16642,2.0533e+008
16643,1.4788e+008
16644,1.9841e+008
16645,2.2078e+008
16646,2.1097e+008
16647,2.1034e+008
16648,2.0753e+008
16649,2.0394e+008
16650,2.1027e+008
16651,2.1036e+008
16652,2.1033e+008
16653,2.0603e+008
16654,2.0743e+008
16655,2.0839e+008
16656,2.0248e+008
16657,2.3909e+008
16658,1.2356e+008
16659,1.1334e+008
16660,1.157e+008
16661,1.3817e+008
16662,2.2921e+008
16663,1.1236e+008
16664,1.9285e+008
16665,1.0839e+008
16666,1.2676e+008
16667,1.3714e+008
16668,2.3203e+008
16669,2.4641e+008
16670,1.1597e+008
16671,1.2199e+008
16672,7.4146e+007
16673,2.1074e+008
16674,2.1044e+008
16675,2.0473e+008
16676,2.0957e+008
16677,2.094e+008
16678,2.0186e+008
16679,1.9508e+008
16680,1.9214e+008
16681,2.1042e+008
16682,2.1124e+008
16683,2.0987e+008
16684,1.9431e+008
16685,1.6177e+008
16686,1.8217e+008
16687,1.72e+008
16688,4.0414e+007
16689,2.0104e+007
16690,2.2265e+008
16691,1.2064e+008
16692,1.342e+008
16693,1.2036e+008
16694,1.6145e+008
16695,1.8161e+008
16696,2.6072e+008
16697,2.6302e+008
16698,2.0997e+008
16699,2.0162e+008
16700,2.01e+008
16701,2.106e+008
16702,2.0576e+008
16703,1.741e+008
16704,2.0432e+008
16705,1.9483e+008
16706,2.0152e+008
16707,1.8078e+008
16708,1.8175e+008
16709,3.3703e+007
16710,2.1924e+008
16711,2.2509e+008
16712,1.4241e+008
16713,1.6141e+008
16714,1.9201e+008
16715,1.6491e+008
16716,1.5449e+007
16717,1.9308e+008
16718,1.7918e+008
16719,1.7361e+008
16720,1.8864e+008
16721,2.037e+008
16722,1.212e+008
16723,1.1584e+008
16724,2.1894e+008
16725,1.7973e+008
16726,1.6209e+008
16727,1.5171e+008
16728,1.2409e+008
16729,2.1012e+008
16730,2.0015e+008
16731,2.0831e+008
16732,2.0755e+008
16733,2.1005e+008
16734,2.1054e+008
16735,2.1033e+008
16736,2.1118e+008
16737,2.0977e+008
16738,2.0665e+008
16739,2.0729e+008
16740,1.7934e+008
16741,1.0845e+008
16742,1.0972e+008
16743,9.2475e+007
16744,1.0695e+007
16745,4.632e+006
16746,5.022e+006
16747,2.1458e+008
16748,1.9053e+008
16749,1.9147e+008
16750,1.534e+008
16751,1.9512e+008
16752,2.1472e+008
16753,1.6413e+008
16754,1.5304e+008
16755,1.7287e+008
16756,2.0573e+008
16757,1.9072e+008
16758,1.8466e+008
16759,1.6166e+008
16760,2.1083e+008
16761,2.1407e+008
16762,2.074e+008
16763,2.0321e+008
16764,1.7623e+008
16765,2.1936e+008
16766,1.6918e+008
16767,2.0559e+008
16768,1.8303e+008
16769,1.4361e+008
16770,2.0723e+008
16771,2.0674e+008
16772,1.717e+008
16773,1.2753e+008
16774,1.0468e+008
16775,2.11e+008
16776,2.1095e+008
16777,2.0485e+008
16778,2.0976e+008
16779,2.0863e+008
16780,2.075e+008
16781,2.068e+008
16782,4.6658e+007
16783,2.1487e+008
16784,2.1325e+008
16785,1.6151e+008
16786,2.023e+008
16787,1.8626e+008
16788,1.6287e+008
16789,2.1446e+008
16790,1.8271e+008
16791,1.5838e+008
16792,1.8899e+008
16793,1.7439e+008
16794,2.0688e+008
16795,1.9797e+008
16796,1.7195e+008
16797,1.7993e+008
16798,1.7855e+008
16799,1.4233e+008
16800,1.8437e+008
16801,1.5286e+008
16802,2.1037e+008
16803,2.1022e+008
16804,2.0998e+008
16805,2.0873e+008
16806,2.3867e+008
16807,2.5527e+008
16808,1.3276e+008
16809,1.3836e+008
16810,1.3822e+008
16811,2.115e+008
16812,2.0954e+008
16813,1.975e+008
16814,1.9184e+008
16815,1.8409e+008
16816,2.0011e+008
16817,1.7985e+008
16818,1.8749e+008
16819,2.102e+008
16820,2.0847e+008
16821,2.1085e+008
16822,1.995e+008
16823,2.366e+008
16824,1.2201e+008
16825,1.2872e+008
16826,1.1375e+008
16827,1.7143e+008
16828,1.7845e+008
16829,1.0901e+008
16830,2.2244e+008
16831,1.4929e+008
16832,1.4129e+008
16833,1.5718e+008
16834,1.8355e+008
16835,1.5323e+008
16836,8.9227e+007
16837,9.4709e+007
16838,8.3778e+007
16839,2.1204e+008
16840,2.1013e+008
16841,2.0449e+008
16842,1.9245e+008
16843,2.076e+008
16844,2.0945e+008
16845,2.0163e+008
16846,2.0366e+008
16847,6.3529e+006
16848,6.6133e+006
16849,1.7102e+008
16850,1.835e+008
16851,1.7845e+008
16852,1.6715e+008
16853,2.1067e+008
16854,2.107e+008
16855,2.0729e+008
16856,1.6332e+008
16857,1.3217e+008
16858,2.0943e+008
16859,1.7038e+008
16860,2.0873e+008
16861,1.9862e+008
16862,1.8318e+008
16863,2.0896e+008
16864,2.0997e+008
16865,2.0794e+008
16866,2.0765e+008
16867,2.0747e+008
16868,2.0249e+008
16869,1.6392e+007
16870,1.6228e+007
16871,2.0664e+008
16872,9.8021e+007
16873,1.1435e+008
16874,2.0669e+008
16875,2.0986e+008
16876,2.0775e+008
16877,2.0181e+008
16878,2.1201e+008
16879,1.7698e+008
16880,1.8535e+008
16881,2.0642e+008
16882,1.914e+008
16883,1.8889e+008
16884,1.6232e+008
16885,1.5283e+008
16886,1.5827e+008
16887,1.5082e+008
16888,1.6849e+008
16889,1.748e+008
16890,2.0928e+008
16891,2.0884e+008
16892,2.0873e+008
16893,2.1191e+008
16894,2.0573e+008
16895,2.0767e+008
16896,1.91e+008
16897,2.0168e+008
16898,2.3391e+008
16899,1.1522e+008
16900,1.3788e+008
16901,1.0968e+008
16902,1.356e+008
16903,1.3078e+008
16904,1.6043e+008
16905,2.1072e+008
16906,2.0367e+008
16907,1.9416e+008
16908,3.7699e+007
16909,3.1495e+007
16910,1.6431e+007
16911,3.7008e+006
16912,4.5986e+006
16913,5.0549e+006
16914,4.4435e+006
16915,2.9736e+007
16916,2.9763e+007
16917,2.266e+007
16918,1.3986e+007
16919,1.4662e+007
16920,2.4889e+008
16921,1.2335e+008
16922,1.0484e+008
16923,1.0484e+008
16924,2.1066e+008
16925,2.0954e+008
16926,2.0992e+008
16927,2.068e+008
16928,2.0985e+008
16929,2.0979e+008
16930,2.0456e+008
16931,2.0991e+008
16932,2.045e+008
16933,2.0762e+008
16934,2.0892e+008
16935,2.2691e+008
16936,1.6686e+008
16937,1.596e+008
16938,1.3473e+008
16939,1.3e+008
16940,2.0984e+008
16941,1.8045e+008
16942,1.7869e+008
16943,1.9616e+008
16944,2.002e+008
16945,2.2272e+008
16946,2.3524e+008
16947,1.2049e+008
16948,1.4544e+008
16949,1.7206e+008
16950,1.6783e+008
16951,2.0154e+008
16952,2.0549e+008
16953,2.0255e+008
16954,2.0592e+008
16955,2.1091e+008
16956,1.3356e+008
16957,1.1502e+008
16958,2.5177e+008
16959,1.4029e+008
16960,1.1543e+008
16961,1.4394e+008
16962,2.0795e+008
16963,2.0955e+008
16964,1.5633e+008
16965,9.5394e+007
16966,1.8061e+008
16967,2.1258e+008
16968,1.9563e+008
16969,2.0207e+008
16970,1.7797e+008
16971,1.5963e+008
16972,2.0554e+008
16973,9.6765e+007
16974,1.3034e+008
16975,1.8795e+008
16976,1.8531e+008
16977,1.6365e+008
16978,1.2206e+008
16979,1.7267e+008
16980,1.9746e+008
16981,1.952e+008
16982,2.0187e+008
16983,2.1096e+008
16984,2.0745e+008
16985,1.5406e+007
16986,1.597e+007
16987,1.9788e+008
16988,2.0997e+008
16989,2.0763e+008
16990,2.0162e+008
16991,1.2742e+008
16992,1.1526e+008
16993,1.4384e+008
16994,1.3982e+008
16995,1.2832e+008
16996,8.8418e+006
16997,8.0336e+006
16998,2.0944e+008
16999,2.0836e+008
17000,6.0492e+007
17001,6.4971e+007
17002,1.8386e+008
17003,1.2815e+008
17004,1.9507e+008
17005,1.2178e+008
17006,1.8452e+008
17007,1.6921e+008
17008,1.3594e+008
17009,1.7409e+008
17010,1.4683e+008
17011,4.6637e+007
17012,1.9251e+008
17013,1.758e+008
17014,1.8735e+008
17015,2.1137e+008
17016,2.0143e+008
17017,2.0722e+008
17018,2.4882e+008
17019,2.407e+008
17020,1.1611e+008
17021,1.2768e+008
17022,1.0786e+008
17023,1.312e+008
17024,2.1038e+008
17025,1.9958e+008
17026,2.09e+008
17027,1.2887e+008
17028,1.3487e+008
17029,1.4114e+008
17030,2.0894e+008
17031,2.0753e+008
17032,2.0076e+008
17033,1.2615e+008
17034,1.1814e+008
17035,1.5235e+008
17036,1.1013e+008
17037,1.404e+008
17038,1.1159e+008
17039,1.8092e+008
17040,1.9046e+008
17041,1.8498e+008
17042,2.0605e+008
17043,2.0998e+008
17044,2.0844e+008
17045,1.0688e+008
17046,1.1787e+008
17047,1.1245e+008
17048,1.232e+008
17049,1.0076e+008
17050,1.1319e+008
17051,1.1104e+008
17052,1.0539e+008
17053,1.2218e+008
17054,1.5065e+008
17055,1.6374e+008
17056,1.5485e+008
17057,1.4903e+008
17058,1.6428e+008
17059,1.508e+008
17060,1.2267e+008
17061,9.7217e+007
17062,1.6377e+008
17063,1.1796e+008
17064,1.717e+008
17065,1.568e+008
17066,1.1535e+008
17067,1.3718e+008
17068,1.4765e+008
17069,1.6682e+008
17070,1.713e+008
17071,1.1315e+008
17072,1.3772e+008
17073,9.0991e+007
17074,9.5186e+007
17075,9.6251e+007
17076,1.0126e+008
17077,1.2625e+008
17078,1.0182e+008
17079,1.1702e+008
17080,1.4809e+008
17081,9.4163e+007
17082,9.0905e+007
17083,8.9886e+007
17084,8.696e+007
17085,1.012e+008
17086,1.2067e+008
17087,1.111e+008
17088,1.2548e+008
17089,1.8781e+008
17090,1.9336e+008
17091,1.6519e+008
17092,1.6807e+008
17093,1.8856e+008
17094,1.5963e+008
17095,1.6648e+008
17096,1.1387e+008
17097,1.4696e+008
17098,1.5039e+008
17099,1.3584e+008
17100,1.4056e+008
17101,1.1356e+008
17102,1.1235e+008
17103,9.0923e+007
17104,1.0416e+008
17105,8.5811e+007
17106,7.8286e+007
17107,1.1194e+008
17108,1.2124e+008
17109,1.0988e+008
17110,1.2572e+008
17111,9.9346e+007
17112,1.074e+008
17113,1.2437e+008
17114,1.2426e+008
17115,9.9155e+007
17116,1.0484e+008
17117,1.0834e+008
17118,1.1171e+008
17119,1.5275e+008
17120,1.6499e+008
17121,1.502e+008
17122,1.4227e+008
17123,1.6438e+008
17124,1.1716e+008
17125,1.7121e+008
17126,1.7636e+008
17127,1.502e+008
17128,1.2458e+008
17129,1.9544e+008
17130,1.7468e+008
17131,1.6511e+008
17132,1.8301e+008
17133,1.1629e+008
17134,1.4245e+008
17135,1.0999e+008
17136,8.5545e+007
17137,1.2956e+008
17138,9.6878e+007
17139,1.1092e+008
17140,9.9495e+007
17141,1.0617e+008
17142,1.4843e+008
17143,9.3264e+007
17144,8.7463e+007
17145,1.0774e+008
17146,1.1605e+008
17147,1.2543e+008
17148,1.7986e+008
17149,1.9324e+008
17150,1.9637e+008
17151,1.5426e+008
17152,1.6761e+008
17153,1.7276e+008
17154,1.2978e+008
17155,1.4578e+008
17156,1.0933e+008
17157,1.0481e+008
17158,1.1623e+008
17159,1.4463e+008
17160,1.0274e+008
17161,1.2066e+008
17162,1.3941e+008
17163,1.2383e+008
17164,1.0988e+008
17165,8.1866e+007
17166,9.2064e+007
17167,9.525e+007
17168,9.9515e+007
17169,1.1325e+008
17170,8.7683e+007
17171,8.3869e+007
17172,7.4741e+007
17173,7.1249e+007
17174,1.5804e+008
17175,1.6556e+008
17176,1.2052e+008
17177,1.5028e+008
17178,1.2649e+008
17179,1.5066e+008
17180,1.5105e+008
17181,1.4437e+008
17182,1.2481e+008
17183,8.1708e+007
17184,1.1614e+008
17185,1.5799e+008
17186,1.4429e+008
17187,9.2449e+007
17188,1.1954e+008
17189,1.2277e+008
17190,1.4885e+008
17191,1.5818e+008
17192,1.7862e+008
17193,1.4647e+008
17194,1.5286e+008
17195,1.6458e+008
17196,4.7818e+007
17197,4.8614e+007
17198,5.0716e+007
17199,3.8291e+007
17200,3.7436e+007
17201,5.6525e+007
17202,8.4946e+007
17203,4.4181e+007
17204,5.9193e+007
17205,6.2486e+007
17206,8.1803e+007
17207,8.5612e+007
17208,1.1265e+008
17209,1.0599e+008
17210,1.2895e+008
17211,1.3205e+008
17212,6.306e+007
17213,5.8063e+007
17214,5.095e+007
17215,6.9459e+007
17216,6.9022e+007
17217,8.407e+007
17218,1.0499e+008
17219,6.619e+007
17220,8.8182e+007
17221,1.5506e+008
17222,1.6797e+008
17223,1.2089e+008
17224,1.5079e+008
17225,1.2671e+008
17226,1.5233e+008
17227,1.5191e+008
17228,1.3698e+008
17229,1.3496e+008
17230,8.0723e+007
17231,1.1365e+008
17232,1.4136e+008
17233,1.5263e+008
17234,1.2918e+008
17235,1.1666e+008
17236,1.5221e+008
17237,1.6283e+008
17238,1.4276e+008
17239,1.4356e+008
17240,1.7527e+008
17241,5.0805e+007
17242,5.2025e+007
17243,4.9834e+007
17244,3.7258e+007
17245,4.9327e+007
17246,6.4625e+007
17247,8.5518e+007
17248,5.9974e+007
17249,6.7236e+007
17250,3.7271e+007
17251,9.4522e+007
17252,3.4515e+007
17253,8.5935e+007
17254,1.1317e+008
17255,1.3693e+008
17256,1.0701e+008
17257,1.24e+008
17258,1.209e+008
17259,1.2345e+008
17260,6.2994e+007
17261,7.0406e+007
17262,6.6899e+007
17263,8.4913e+007
17264,7.3559e+007
17265,1.0092e+008
17266,9.7237e+007
17267,4.9877e+007
17268,7.3115e+007
17269,7.9331e+007
17270,6.5833e+007
17271,4.9252e+007
17272,1.0488e+008
17273,8.5212e+007
17274,7.895e+007
17275,8.9002e+007
17276,8.5915e+007
17277,1.338e+008
17278,1.3803e+008
17279,1.5564e+008
17280,1.4137e+008
17281,1.0112e+008
17282,1.1714e+008
17283,1.0351e+008
17284,1.2566e+008
17285,1.1006e+008
17286,1.0204e+008
17287,8.4018e+007
17288,9.9212e+007
17289,9.4602e+007
17290,8.0498e+007
17291,9.4784e+007
17292,9.5677e+007
17293,1.3721e+008
17294,1.2031e+008
17295,1.16e+008
17296,1.0275e+008
17297,1.2924e+008
17298,1.0632e+008
17299,8.1616e+007
17300,5.4511e+007
17301,5.8407e+007
17302,7.1681e+007
17303,7.6816e+007
17304,5.9629e+007
17305,8.8772e+007
17306,9.912e+007
17307,7.2127e+007
17308,8.5237e+007
17309,9.1754e+007
17310,1.6088e+008
17311,1.4227e+008
17312,1.5011e+008
17313,4.1706e+007
17314,3.3369e+007
17315,4.4633e+007
17316,4.8465e+007
17317,1.4794e+007
17318,5.8923e+007
17319,2.2407e+007
17320,5.3582e+007
17321,2.4829e+007
17322,8.2236e+007
17323,1.2385e+008
17324,1.5523e+008
17325,1.3257e+008
17326,9.8036e+007
17327,1.6378e+008
17328,1.6641e+008
17329,1.5472e+008
17330,1.3711e+008
17331,9.7458e+007
17332,1.1329e+008
17333,7.7617e+007
17334,5.3104e+007
17335,1.0587e+008
17336,1.6562e+008
17337,1.0055e+008
17338,1.5587e+008
17339,1.5891e+008
17340,1.02e+008
17341,3.9799e+007
17342,2.2154e+007
17343,1.8141e+007
17344,4.7386e+007
17345,4.0215e+007
17346,3.2397e+007
17347,2.9286e+007
17348,8.2342e+007
17349,2.8255e+007
17350,6.2451e+007
17351,2.6623e+007
17352,1.3159e+008
17353,1.2466e+008
17354,6.7356e+007
17355,1.2189e+008
17356,1.1075e+008
17357,7.1317e+007
17358,1.8521e+008
17359,1.8237e+008
17360,1.7555e+008
17361,1.6543e+008
17362,1.9522e+008
17363,1.9552e+008
17364,7.5652e+007
17365,1.0544e+008
17366,1.1327e+008
17367,1.018e+008
17368,9.5339e+007
17369,7.2868e+007
17370,3.4222e+007
17371,5.0353e+007
17372,6.3381e+007
17373,3.5419e+007
17374,9.2377e+007
17375,3.613e+007
17376,1.0876e+008
17377,1.3149e+008
17378,1.2861e+008
17379,1.2505e+008
17380,5.0338e+007
17381,1.0397e+008
17382,1.0809e+008
17383,4.3599e+007
17384,7.6575e+007
17385,1.2283e+008
17386,1.1689e+008
17387,1.1364e+008
17388,9.3439e+007
17389,1.2968e+008
17390,1.4136e+008
17391,1.4137e+008
17392,1.4575e+008
17393,1.359e+008
17394,1.3024e+008
17395,1.0471e+008
17396,1.1332e+008
17397,9.4818e+007
17398,9.8234e+007
17399,1.0863e+008
17400,1.2134e+008
17401,1.3561e+008
17402,9.5958e+007
17403,1.2676e+008
17404,1.2884e+008
17405,1.3561e+008
17406,1.1673e+008
17407,7.0803e+007
17408,5.542e+007
17409,8.9616e+007
17410,8.1629e+007
17411,8.4331e+007
17412,1.1887e+008
17413,8.8919e+007
17414,1.3647e+008
17415,1.0343e+008
17416,1.0719e+008
17417,1.0431e+008
17418,1.9674e+007
17419,8.7052e+007
17420,3.8853e+007
17421,7.7784e+007
17422,2.8935e+007
17423,6.5115e+007
17424,6.7915e+007
17425,3.8481e+007
17426,3.0984e+007
17427,1.1575e+008
17428,9.6155e+007
17429,3.4617e+007
17430,2.1905e+007
17431,8.317e+007
17432,1.0018e+008
17433,7.3784e+007
17434,1.215e+008
17435,7.1316e+007
17436,4.6493e+007
17437,7.8994e+007
17438,2.4153e+007
17439,4.6892e+007
17440,1.2444e+008
17441,1.7277e+007
17442,8.0102e+007
17443,1.0514e+008
17444,1.2888e+008
17445,1.2408e+008
17446,1.0084e+008
17447,1.3522e+008
17448,5.6205e+007
17449,9.2894e+007
17450,9.7969e+007
17451,7.3569e+007
17452,1.1594e+008
17453,1.2986e+008
17454,1.1483e+008
17455,1.1769e+008
17456,9.3258e+007
17457,1.0692e+008
17458,6.595e+007
17459,6.9943e+007
17460,6.7011e+007
17461,1.0823e+008
17462,1.0352e+008
17463,1.0018e+008
17464,7.1292e+007
17465,6.5606e+007
17466,5.4543e+007
17467,6.0624e+007
17468,3.5424e+007
17469,5.4449e+007
17470,7.8311e+007
17471,3.4708e+007
17472,4.0904e+007
17473,1.0184e+008
17474,8.2077e+007
17475,1.3136e+008
17476,1.2404e+008
17477,3.5302e+007
17478,1.235e+008
17479,1.0639e+008
17480,9.3233e+007
17481,6.5862e+007
17482,8.4787e+007
17483,5.6333e+007
17484,4.6161e+007
17485,7.6815e+007
17486,1.159e+008
17487,1.0608e+008
17488,7.8017e+007
17489,1.0601e+008
17490,1.3306e+008
17491,1.4234e+008
17492,1.3815e+008
17493,1.1323e+008
17494,8.8708e+007
17495,1.1271e+008
17496,8.7418e+007
17497,7.9088e+007
17498,8.8656e+007
17499,9.815e+007
17500,7.3588e+007
17501,6.0572e+007
17502,9.8263e+007
17503,1.1704e+008
17504,6.9334e+007
17505,1.0816e+008
17506,1.4672e+008
17507,8.9687e+007
17508,3.1168e+007
17509,3.1297e+007
17510,6.0649e+007
17511,4.6914e+007
17512,2.4767e+007
17513,3.38e+007
17514,2.9739e+007
17515,5.8412e+007
17516,1.9804e+007
17517,8.7157e+007
17518,3.9364e+007
17519,4.8848e+007
17520,1.4153e+008
17521,1.3949e+008
17522,1.2702e+008
17523,1.4115e+008
17524,1.096e+008
17525,9.9503e+007
17526,8.9725e+007
17527,1.036e+008
17528,1.1422e+008
17529,1.2425e+008
17530,1.0813e+008
17531,1.1847e+008
17532,1.0187e+008
17533,1.4134e+008
17534,1.4033e+008
17535,1.428e+008
17536,1.2265e+008
17537,9.7197e+007
17538,1.1501e+008
17539,1.0732e+008
17540,1.2318e+008
17541,1.2211e+008
17542,1.3041e+008
17543,1.2226e+008
17544,1.125e+008
17545,1.1142e+008
17546,1.3362e+008
17547,1.3636e+008
17548,8.3322e+007
17549,8.3677e+007
17550,6.8212e+007
17551,6.0621e+007
17552,8.9068e+007
17553,1.2949e+008
17554,1.0057e+008
17555,1.2719e+008
17556,1.2435e+008
17557,1.4273e+008
17558,1.3577e+008
17559,9.1453e+007
17560,6.5197e+007
17561,9.106e+007
17562,2.273e+007
17563,6.4369e+007
17564,5.1366e+007
17565,6.3536e+007
17566,5.5178e+007
17567,9.7302e+007
17568,4.6162e+007
17569,2.7268e+007
17570,4.9867e+007
17571,4.8359e+007
17572,1.3413e+008
17573,1.399e+008
17574,1.3826e+008
17575,1.401e+008
17576,9.9678e+007
17577,1.1609e+008
17578,1.2686e+008
17579,1.1787e+008
17580,1.2727e+008
17581,1.1379e+008
17582,1.0089e+008
17583,9.739e+007
17584,1.1871e+008
17585,1.1161e+008
17586,1.3147e+008
17587,8.9083e+007
17588,2.9712e+007
17589,7.0822e+007
17590,3.1011e+007
17591,3.5456e+007
17592,4.3895e+007
17593,5.2781e+007
17594,3.6395e+007
17595,4.5014e+007
17596,4.3562e+007
17597,4.539e+007
17598,4.1748e+007
17599,5.9682e+007
17600,6.2901e+007
17601,8.4865e+007
17602,8.821e+007
17603,2.9089e+007
17604,5.8434e+007
17605,5.427e+007
17606,3.8796e+007
17607,2.5536e+007
17608,5.7612e+007
17609,4.029e+007
17610,3.6777e+007
17611,2.9813e+007
17612,9.7051e+007
17613,8.2043e+007
17614,3.1932e+007
17615,8.7222e+007
17616,5.925e+007
17617,9.8058e+007
17618,9.6597e+007
17619,1.0284e+008
17620,1.0319e+008
17621,5.6834e+007
17622,2.6627e+007
17623,1.2468e+008
17624,1.3138e+008
17625,1.1105e+008
17626,9.0661e+007
17627,9.593e+007
17628,4.8454e+007
17629,7.4623e+007
17630,7.6664e+007
17631,9.5897e+007
17632,8.7294e+007
17633,6.9399e+007
17634,9.4575e+007
17635,4.6209e+007
17636,5.0561e+007
17637,9.5742e+007
17638,5.8871e+007
17639,5.2939e+007
17640,5.5139e+007
17641,4.5385e+007
17642,6.1106e+007
17643,3.2344e+007
17644,3.9478e+007
17645,7.8586e+007
17646,7.8609e+007
17647,3.5936e+007
17648,4.7387e+007
17649,2.4262e+007
17650,6.0109e+007
17651,5.7366e+007
17652,6.7045e+007
17653,7.4152e+007
17654,6.1199e+007
17655,7.0996e+007
17656,5.3399e+007
17657,3.1782e+007
17658,2.6443e+007
17659,3.968e+007
17660,3.1882e+007
17661,1.8903e+007
17662,1.4113e+008
17663,1.4164e+008
17664,1.3708e+008
17665,1.423e+008
17666,9.861e+007
17667,1.1888e+008
17668,9.9114e+007
17669,8.1431e+007
17670,1.0091e+008
17671,1.3809e+008
17672,9.8659e+007
17673,1.3909e+008
17674,1.1543e+008
17675,1.1411e+008
17676,1.2656e+008
17677,4.8457e+007
17678,7.8034e+007
17679,2.5677e+007
17680,6.3619e+007
17681,8.0423e+007
17682,4.4708e+007
17683,9.7922e+007
17684,8.792e+007
17685,9.5081e+007
17686,8.8939e+007
17687,5.9427e+007
17688,9.9691e+007
17689,8.4684e+007
17690,6.7906e+007
17691,5.03e+007
17692,7.0691e+007
17693,2.4124e+007
17694,8.6822e+007
17695,5.6275e+007
17696,3.0133e+007
17697,1.6264e+007
17698,7.5049e+007
17699,6.602e+007
17700,5.6731e+007
17701,7.3262e+007
17702,1.4034e+008
17703,1.365e+008
17704,1.4039e+008
17705,1.3099e+008
17706,1.2137e+008
17707,1.2281e+008
17708,1.3078e+008
17709,1.1232e+008
17710,1.094e+008
17711,1.083e+008
17712,1.1343e+008
17713,1.3216e+008
17714,1.4376e+008
17715,1.4021e+008
17716,1.1604e+008
17717,1.3025e+008
17718,1.0264e+008
17719,9.4985e+007
17720,3.9035e+007
17721,6.2852e+007
17722,7.2471e+007
17723,7.5021e+007
17724,4.6311e+007
17725,5.1988e+007
17726,3.3301e+007
17727,1.0795e+008
17728,1.0334e+008
17729,8.1035e+007
17730,7.9341e+007
17731,4.1187e+007
17732,3.4883e+007
17733,3.948e+007
17734,5.0246e+007
17735,4.157e+007
17736,3.8242e+007
17737,5.7049e+007
17738,3.8447e+007
17739,5.057e+007
17740,7.2375e+007
17741,4.4018e+007
17742,6.9593e+007
17743,1.3693e+008
17744,1.3305e+008
17745,1.2164e+008
17746,1.4332e+008
17747,1.059e+008
17748,1.1059e+008
17749,9.0614e+007
17750,1.0039e+008
17751,1.2049e+008
17752,1.4867e+008
17753,9.5126e+007
17754,1.3009e+008
17755,1.2811e+008
17756,1.291e+008
17757,1.3946e+008
17758,1.4317e+008
17759,1.2993e+008
17760,8.8676e+007
17761,1.1328e+008
17762,7.2344e+007
17763,1.4444e+008
17764,1.1645e+008
17765,8.2626e+007
17766,8.7425e+007
17767,1.2435e+008
17768,1.1625e+008
17769,1.1017e+008
17770,1.1814e+008
17771,5.0221e+007
17772,1.1162e+008
17773,7.6678e+007
17774,9.1429e+007
17775,4.5285e+007
17776,4.4343e+007
17777,5.0379e+007
17778,6.0129e+007
17779,8.3939e+007
17780,6.485e+007
17781,1.2168e+008
17782,1.1831e+008
17783,1.0539e+008
17784,8.495e+007
17785,9.9944e+007
17786,1.0032e+008
17787,2.7308e+007
17788,7.7764e+007
17789,7.4854e+007
17790,2.0092e+007
17791,4.0807e+007
17792,7.0667e+007
17793,8.564e+007
17794,1.0447e+008
17795,1.1161e+008
17796,1.197e+008
17797,1.3311e+008
17798,8.7222e+007
17799,1.0374e+008
17800,1.0695e+008
17801,5.869e+007
17802,4.0777e+007
17803,4.0838e+007
17804,8.1821e+007
17805,6.6214e+007
17806,8.0753e+007
17807,1.0209e+008
17808,1.2965e+008
17809,4.7833e+007
17810,5.434e+007
17811,8.9265e+007
17812,7.8511e+007
17813,7.9229e+007
17814,1.0823e+008
17815,1.8099e+007
17816,2.9197e+007
17817,6.9592e+007
17818,4.4046e+007
17819,4.7879e+007
17820,9.0335e+007
17821,9.3161e+007
17822,1.127e+008
17823,4.6041e+007
17824,4.3792e+007
17825,5.6939e+007
17826,6.898e+007
17827,1.5399e+007
17828,2.4116e+007
17829,9.1905e+007
17830,3.6316e+007
17831,7.6062e+007
17832,8.493e+007
17833,5.1681e+007
17834,3.1048e+007
17835,6.7318e+007
17836,1.8892e+007
17837,6.0102e+007
17838,2.3939e+007
17839,7.9631e+007
17840,8.8917e+007
17841,2.7125e+007
17842,8.6735e+007
17843,5.5726e+007
17844,8.4094e+007
17845,8.3466e+007
17846,3.2587e+007
17847,8.6908e+007
17848,8.6498e+007
17849,1.068e+008
17850,6.7621e+007
17851,9.5616e+007
17852,1.0066e+008
17853,8.0217e+007
17854,7.3879e+007
17855,9.0285e+007
17856,1.0562e+008
17857,7.9801e+007
17858,5.9623e+007
17859,8.6088e+007
17860,9.2786e+007
17861,1.2753e+008
17862,1.2715e+008
17863,8.9235e+007
17864,1.1468e+008
17865,1.1331e+008
17866,9.5662e+007
17867,1.2448e+008
17868,1.0191e+008
17869,1.1375e+008
17870,1.2343e+008
17871,9.9387e+007
17872,5.8737e+007
17873,4.325e+007
17874,8.0006e+007
17875,3.6365e+007
17876,3.6632e+007
17877,5.2981e+007
17878,4.1995e+007
17879,3.9448e+007
17880,5.3593e+007
17881,7.1087e+007
17882,7.3967e+007
17883,9.5742e+007
17884,2.5365e+007
17885,3.1916e+007
17886,8.8411e+007
17887,3.6e+007
17888,8.6241e+007
17889,1.0692e+008
17890,4.766e+007
17891,9.3254e+007
17892,1.0654e+008
17893,7.7348e+007
17894,9.2983e+007
17895,9.7717e+007
17896,7.043e+007
17897,6.1936e+007
17898,4.9166e+007
17899,5.9641e+007
17900,3.8353e+007
17901,2.6247e+007
17902,7.0659e+007
17903,3.96e+007
17904,2.144e+007
17905,3.5963e+007
17906,7.1764e+007
17907,2.6176e+007
17908,4.4785e+007
17909,7.0466e+007
17910,2.5994e+007
17911,6.7639e+007
17912,9.7035e+007
17913,1.1439e+008
17914,4.7961e+007
17915,4.6529e+007
17916,7.6754e+007
17917,7.9264e+007
17918,5.3644e+007
17919,1.0898e+008
17920,8.2661e+007
17921,1.0413e+008
17922,1.9741e+008
17923,1.995e+008
17924,2.0741e+008
17925,2.0687e+008
17926,2.0583e+008
17927,2.0163e+008
17928,1.8805e+008
17929,2.069e+008
17930,1.5345e+008
17931,2.0681e+008
17932,2.0278e+008
17933,1.713e+008
17934,2.052e+008
17935,1.6736e+008
17936,1.9749e+008
17937,9.2951e+007
17938,1.4953e+008
17939,1.1905e+008
17940,1.4899e+008
17941,1.3362e+008
17942,1.2983e+008
17943,1.3764e+008
17944,1.5154e+008
17945,9.9704e+007
17946,7.1182e+007
17947,8.9786e+007
17948,9.8526e+007
17949,6.4971e+007
17950,5.4446e+007
17951,1.0804e+008
17952,9.1722e+007
17953,8.5732e+007
17954,8.9083e+007
17955,1.0234e+008
17956,1.1095e+008
17957,9.4696e+007
17958,4.5666e+007
17959,6.6218e+007
17960,6.6533e+007
17961,6.2359e+007
17962,6.7802e+007
17963,5.6773e+007
17964,3.7241e+007
17965,5.7839e+007
17966,6.1667e+007
17967,5.1632e+007
17968,4.5983e+007
17969,6.1803e+007
17970,6.3472e+007
17971,1.0806e+008
17972,5.3014e+007
17973,5.6039e+007
17974,9.9552e+007
17975,1.0089e+008
17976,7.697e+007
17977,7.2346e+007
17978,6.4821e+007
17979,8.6518e+007
17980,7.3331e+007
17981,8.7517e+007
17982,5.2501e+007
17983,1.4822e+008
17984,1.1464e+008
17985,1.2582e+008
17986,1.2917e+008
17987,1.4444e+008
17988,1.6433e+008
17989,1.0649e+008
17990,1.3209e+008
17991,1.037e+008
17992,4.8876e+007
17993,5.5839e+006
17994,4.3607e+007
17995,3.5997e+007
17996,1.0283e+008
17997,1.0917e+008
17998,1.1209e+008
17999,1.1656e+008
18000,1.0613e+008
18001,1.1653e+008
18002,2.8177e+007
18003,2.7922e+007
18004,5.9197e+007
18005,5.0853e+007
18006,6.1171e+007
18007,7.2766e+007
18008,4.6635e+007
18009,7.2959e+007
18010,7.1291e+007
18011,7.3726e+007
18012,5.813e+007
18013,4.3078e+007
18014,8.7098e+007
18015,7.3523e+007
18016,6.3084e+007
18017,7.7256e+007
18018,8.4662e+007
18019,6.0553e+007
18020,1.4944e+008
18021,9.5515e+007
18022,1.5271e+008
18023,8.3799e+007
18024,1.2081e+008
18025,1.1342e+008
18026,1.307e+008
18027,1.4385e+008
18028,1.273e+008
18029,1.9469e+008
18030,1.7744e+008
18031,1.835e+008
18032,1.9886e+008
18033,1.9358e+008
18034,1.7529e+008
18035,1.8434e+008
18036,1.2244e+008
18037,1.3017e+008
18038,1.3261e+008
18039,1.3007e+008
18040,2.0885e+008
18041,2.0434e+008
18042,1.8831e+008
18043,2.063e+008
18044,1.9876e+008
18045,1.5373e+008
18046,1.6356e+008
18047,1.4781e+008
18048,2.0513e+008
18049,5.9315e+007
18050,5.1297e+007
18051,5.8487e+007
18052,1.0464e+008
18053,4.6327e+007
18054,5.9154e+007
18055,1.8341e+008
18056,1.5401e+008
18057,1.611e+008
18058,1.5688e+008
18059,1.8288e+008
18060,1.563e+008
18061,1.5844e+008
18062,1.5988e+008
18063,1.8172e+008
18064,1.871e+008
18065,1.5887e+008
18066,1.824e+008
18067,1.2686e+008
18068,1.432e+008
18069,1.2895e+008
18070,1.3298e+008
18071,1.7462e+008
18072,1.3264e+008
18073,1.4838e+008
18074,1.7115e+008
18075,1.4093e+008
18076,1.3311e+008
18077,2.0594e+008
18078,2.0207e+008
18079,1.9049e+008
18080,1.6966e+008
18081,1.8979e+008
18082,1.9891e+008
18083,1.3727e+008
18084,1.1461e+008
18085,1.6174e+008
18086,1.7051e+008
18087,1.3838e+008
18088,1.7199e+008
18089,1.4397e+008
18090,1.4542e+008
18091,1.0726e+008
18092,1.2548e+008
18093,2.0191e+008
18094,2.0119e+008
18095,1.8156e+008
18096,1.5846e+008
18097,1.7601e+008
18098,1.0318e+008
18099,1.5067e+008
18100,1.5689e+008
18101,1.1748e+008
18102,1.6527e+008
18103,1.3401e+008
18104,5.1404e+007
18105,3.9348e+007
18106,7.5233e+007
18107,5.5254e+007
18108,6.9333e+007
18109,6.8254e+007
18110,1.4565e+008
18111,1.3103e+008
18112,9.9729e+007
18113,1.598e+008
18114,1.3821e+008
18115,1.4033e+008
18116,7.9791e+007
18117,1.0418e+008
18118,8.972e+007
18119,6.991e+007
18120,8.5821e+007
18121,1.6087e+008
18122,1.4749e+008
18123,1.5769e+008
18124,1.5766e+008
18125,1.0993e+008
18126,6.3713e+007
18127,1.1084e+008
18128,1.0908e+008
18129,1.59e+008
18130,1.4756e+008
18131,1.3835e+008
18132,1.5777e+008
18133,1.1674e+008
18134,2.6346e+007
18135,1.3265e+008
18136,6.6096e+007
18137,3.6906e+007
18138,3.6102e+007
18139,1.1975e+008
18140,6.3305e+007
18141,8.4548e+007
18142,1.1262e+008
18143,2.0535e+008
18144,1.8144e+008
18145,1.6689e+008
18146,2.035e+008
18147,1.9765e+008
18148,1.621e+008
18149,1.7842e+008
18150,1.8921e+008
18151,2.0241e+008
18152,8.9431e+007
18153,8.7293e+007
18154,9.1755e+007
18155,8.2505e+007
18156,9.0083e+007
18157,8.0742e+007
18158,8.3532e+007
18159,8.8251e+007
18160,7.951e+007
18161,7.8188e+007
18162,7.4342e+007
18163,9.7663e+007
18164,1.104e+008
18165,1.1021e+008
18166,8.4809e+007
18167,1.0063e+008
18168,9.0539e+007
18169,7.4807e+007
18170,7.629e+007
18171,8.8791e+007
18172,2.0201e+008
18173,2.0594e+008
18174,1.9736e+008
18175,2.0754e+008
18176,1.9546e+008
18177,1.6964e+008
18178,2.0485e+008
18179,1.8961e+008
18180,1.7855e+008
18181,1.9266e+008
18182,2.5344e+007
18183,2.8466e+007
18184,5.8014e+007
18185,6.3727e+007
18186,1.4239e+007
18187,2.6391e+007
18188,8.225e+007
18189,4.0428e+007
18190,6.9197e+007
18191,6.7022e+007
18192,2.043e+007
18193,4.6558e+007
18194,7.7702e+007
18195,1.4568e+008
18196,1.0019e+008
18197,2.6777e+007
18198,1.3138e+008
18199,1.4444e+008
18200,1.3817e+008
18201,4.9193e+007
18202,3.8132e+007
18203,4.1498e+007
18204,5.2147e+007
18205,7.1279e+007
18206,7.0234e+007
18207,6.0939e+007
18208,5.6054e+006
18209,1.4659e+007
18210,4.599e+006
18211,3.7041e+007
18212,1.5201e+007
18213,4.9402e+007
18214,4.4697e+007
18215,2.1775e+007
18216,7.2531e+007
18217,2.461e+007
18218,2.9271e+007
18219,7.1621e+007
18220,8.2556e+007
18221,4.6713e+007
18222,3.9041e+007
18223,8.5508e+007
18224,1.0806e+008
18225,1.3149e+008
18226,9.0534e+007
18227,1.2179e+008
18228,9.3312e+007
18229,9.0347e+007
18230,1.4928e+008
18231,9.0163e+007
18232,7.9149e+007
18233,1.335e+008
18234,9.354e+007
18235,1.6941e+008
18236,9.09e+007
18237,1.3898e+008
18238,1.9505e+008
18239,1.6515e+008
18240,1.8265e+008
18241,1.0947e+008
18242,1.4388e+008
18243,1.5427e+008
18244,1.9588e+008
18245,2.1231e+008
18246,1.4419e+008
18247,2.062e+008
18248,1.4998e+008
18249,2.0734e+008
18250,2.1053e+008
18251,1.8386e+008
18252,6.6242e+007
18253,5.8988e+007
18254,7.8367e+007
18255,5.4914e+007
18256,8.277e+007
18257,7.3182e+007
18258,8.428e+007
18259,7.76e+007
18260,8.5305e+007
18261,8.4623e+007
18262,7.5546e+007
18263,7.8418e+007
18264,5.3176e+007
18265,7.958e+007
18266,7.9917e+007
18267,5.7874e+007
18268,2.071e+008
18269,1.8952e+008
18270,2.024e+008
18271,2.0779e+008
18272,2.0161e+008
18273,2.0871e+008
18274,1.8998e+008
18275,1.9925e+008
18276,3.4289e+007
18277,2.6213e+007
18278,3.4092e+007
18279,9.2772e+007
18280,5.2115e+007
18281,8.2447e+007
18282,1.8113e+007
18283,8.6691e+007
18284,3.5436e+007
18285,6.621e+007
18286,6.6773e+007
18287,1.0038e+008
18288,8.4245e+007
18289,7.234e+007
18290,7.0374e+007
18291,7.5233e+007
18292,8.8498e+007
18293,8.6964e+007
18294,7.7898e+007
18295,7.203e+007
18296,7.5758e+007
18297,2.08e+008
18298,2.0703e+008
18299,1.8711e+008
18300,1.8415e+008
18301,1.645e+008
18302,1.6973e+008
18303,2.0853e+008
18304,1.2153e+008
18305,1.2531e+008
18306,6.4837e+007
18307,9.6515e+007
18308,6.2845e+007
18309,8.9574e+007
18310,1.0969e+008
18311,1.4286e+008
18312,1.2913e+008
18313,1.2147e+008
18314,1.0174e+008
18315,3.9805e+007
18316,2.2824e+007
18317,4.3839e+007
18318,1.8758e+008
18319,1.9477e+008
18320,1.7186e+008
18321,2.0761e+008
18322,1.8425e+008
18323,1.8517e+008
18324,2.0602e+008
18325,1.9469e+008
18326,2.0454e+008
18327,2.0571e+008
18328,1.8956e+008
18329,2.0861e+008
18330,1.7441e+008
18331,1.3691e+008
18332,1.5198e+008
18333,1.1145e+008
18334,1.0962e+008
18335,1.0978e+008
18336,1.1332e+008
18337,1.0701e+008
18338,1.167e+008
18339,1.0777e+008
18340,1.2694e+008
18341,1.1424e+008
18342,2.1515e+008
18343,2.1182e+008
18344,1.7307e+008
18345,1.8945e+008
18346,1.9738e+008
18347,1.7033e+008
18348,1.4556e+008
18349,9.8051e+007
18350,5.0983e+007
18351,7.6451e+007
18352,6.5267e+007
18353,7.8065e+007
18354,7.255e+007
18355,7.0551e+007
18356,1.0426e+007
18357,3.9221e+007
18358,8.602e+006
18359,4.5372e+007
18360,2.2153e+007
18361,8.728e+007
18362,6.5352e+006
18363,1.5956e+008
18364,1.847e+008
18365,1.8461e+008
18366,1.697e+008
18367,1.8379e+008
18368,2.0445e+008
18369,2.0926e+008
18370,1.8979e+008
18371,2.1049e+008
18372,2.0614e+008
18373,2.0896e+008
18374,1.1158e+008
18375,1.1205e+008
18376,9.7603e+007
18377,9.8791e+007
18378,1.0772e+008
18379,1.195e+008
18380,9.4959e+007
18381,1.1157e+008
18382,1.1954e+008
18383,1.0357e+008
18384,7.0484e+007
18385,8.9879e+007
18386,5.7285e+007
18387,4.8482e+007
18388,8.4645e+007
18389,7.7087e+007
18390,8.2479e+007
18391,7.4373e+007
18392,5.8171e+007
18393,7.5903e+007
18394,5.8528e+007
18395,1.5183e+008
18396,1.7526e+008
18397,1.4989e+008
18398,1.5455e+008
18399,1.1677e+008
18400,1.4474e+008
18401,1.7504e+008
18402,1.6664e+008
18403,1.7209e+008
18404,1.3739e+008
18405,1.2163e+007
18406,1.9357e+007
18407,4.9511e+006
18408,1.1813e+007
18409,1.583e+008
18410,1.837e+008
18411,1.8289e+008
18412,1.5967e+008
18413,1.562e+008
18414,1.7939e+008
18415,1.6206e+008
18416,1.583e+008
18417,1.5924e+008
18418,1.8132e+008
18419,1.6962e+008
18420,3.8839e+007
18421,5.7319e+007
18422,4.4925e+007
18423,5.4052e+007
18424,4.3247e+007
18425,5.4438e+007
18426,6.4989e+007
18427,2.0594e+008
18428,2.084e+008
18429,2.08e+008
18430,1.734e+008
18431,2.0389e+008
18432,2.0711e+008
18433,1.8062e+008
18434,2.0947e+008
18435,2.0349e+008
18436,1.9205e+008
18437,3.1128e+007
18438,3.9743e+007
18439,1.9962e+007
18440,3.8162e+007
18441,2.7689e+007
18442,3.9687e+007
18443,2.1073e+007
18444,4.2158e+007
18445,2.8518e+007
18446,1.6947e+007
18447,3.3421e+007
18448,1.1438e+008
18449,3.1441e+007
18450,4.2923e+007
18451,6.5313e+007
18452,7.4054e+007
18453,7.6727e+007
18454,1.0422e+007
18455,1.1811e+008
18456,8.8449e+007
18457,1.445e+008
18458,9.6258e+007
18459,1.4171e+008
18460,1.0914e+008
18461,9.9388e+007
18462,7.413e+007
18463,7.3817e+007
18464,1.2512e+008
18465,1.1641e+008
18466,1.3343e+008
18467,1.3723e+008
18468,1.213e+008
18469,7.9053e+007
18470,7.4944e+007
18471,1.4171e+008
18472,8.6001e+007
18473,1.5847e+008
18474,1.311e+008
18475,1.3837e+008
18476,1.7796e+008
18477,2.1138e+008
18478,1.5499e+008
18479,3.3516e+007
18480,4.3255e+007
18481,2.9617e+007
18482,4.658e+007
18483,5.5642e+007
18484,4.7416e+007
18485,1.6013e+008
18486,1.9172e+008
18487,1.8879e+008
18488,1.2003e+008
18489,1.7566e+008
18490,1.9635e+008
18491,1.7002e+008
18492,1.9825e+008
18493,1.6374e+008
18494,8.78e+007
18495,3.0346e+007
18496,2.5385e+007
18497,8.5196e+007
18498,6.3649e+007
18499,1.7576e+008
18500,1.9546e+008
18501,1.6032e+008
18502,1.9546e+008
18503,1.8776e+008
18504,1.7303e+008
18505,1.437e+008
18506,1.7275e+008
18507,1.4773e+008
18508,1.3661e+008
18509,1.3225e+008
18510,1.3027e+008
18511,1.4702e+008
18512,7.4568e+007
18513,6.2532e+007
18514,8.9308e+007
18515,7.6942e+007
18516,9.226e+007
18517,8.6534e+007
18518,6.7473e+007
18519,8.9957e+007
18520,1.0901e+008
18521,1.0263e+008
18522,1.0555e+008
18523,1.0607e+008
18524,9.2749e+007
18525,9.986e+007
18526,1.1399e+008
18527,1.0027e+008
18528,9.7678e+007
18529,1.0599e+008
18530,9.4639e+007
18531,1.2646e+008
18532,1.0898e+008
18533,1.1158e+008
18534,1.1779e+008
18535,1.1737e+008
18536,1.1687e+008
18537,1.0925e+008
18538,1.6616e+008
18539,1.6825e+008
18540,2.0048e+008
18541,1.6385e+008
18542,1.8751e+008
18543,1.773e+008
18544,2.0463e+008
18545,1.8698e+008
18546,1.7608e+008
18547,2.0004e+008
18548,1.9983e+008
18549,1.6636e+008
18550,8.9197e+007
18551,9.5026e+007
18552,9.2985e+007
18553,8.2402e+007
18554,8.5348e+007
18555,9.02e+007
18556,8.9669e+007
18557,9.6211e+007
18558,9.9414e+007
18559,9.3414e+007
18560,8.7526e+007
18561,9.839e+007
18562,8.7528e+007
18563,1.6326e+008
18564,1.9015e+008
18565,1.9391e+008
18566,1.8639e+008
18567,1.8899e+008
18568,1.8517e+008
18569,1.148e+008
18570,1.8836e+008
18571,1.1277e+008
18572,1.4765e+008
18573,1.8468e+008
18574,1.6238e+008
18575,3.5021e+007
18576,9.3918e+007
18577,9.134e+007
18578,7.0322e+007
18579,2.7487e+007
18580,6.5576e+007
18581,7.2682e+007
18582,5.1819e+007
18583,5.1149e+007
18584,5.2879e+007
18585,7.2657e+007
18586,4.2218e+007
18587,8.9391e+007
18588,8.9913e+007
18589,6.5177e+007
18590,5.7925e+007
18591,6.1964e+007
18592,7.7497e+007
18593,7.7431e+007
18594,8.08e+007
18595,6.5951e+007
18596,6.0602e+007
18597,8.4054e+007
18598,6.9692e+007
18599,4.8527e+007
18600,7.9735e+007
18601,8.3859e+007
18602,8.2932e+007
18603,9.2803e+007
18604,1.8131e+008
18605,1.81e+008
18606,1.8019e+008
18607,1.0033e+008
18608,1.1209e+008
18609,1.7288e+008
18610,1.3748e+008
18611,1.801e+008
18612,1.848e+008
18613,1.6869e+008
18614,2.0926e+008
18615,1.3412e+008
18616,1.1614e+008
18617,1.3569e+008
18618,1.4734e+008
18619,1.396e+008
18620,1.0098e+008
18621,9.9587e+007
18622,1.133e+008
18623,9.3839e+007
18624,1.0374e+008
18625,1.0509e+008
18626,1.1953e+008
18627,1.237e+008
18628,1.4545e+008
18629,1.381e+005
18630,3.0945e+005
18631,20.642
18632,33.26
18633,54.78
18634,22.52
18635,203.15
18636,164.13
18637,261.55
18638,4.6805e+006
18639,3.6393e+006
18640,4.0161e+007
18641,3.4798e+007
18642,6.1924e+007
18643,4.0269e+007
18644,1.0064e+008
18645,6.6091e+007
18646,1.3903e+006
18647,7.0851e+005
18648,1.5936e+006
18649,1.3356e+008
18650,1.2777e+008
18651,9.4359e+007
18652,6.7731e+007
18653,9.012e+007
18654,6.6474e+007
18655,1.786e+007
18656,5.1688e+007
18657,1.0071e+008
18658,2.054e+008
18659,2.0701e+008
18660,2.0896e+008
18661,1.9809e+008
18662,1.3593e+008
18663,8.0339e+007
18664,9.9503e+007
18665,8.8965e+007
18666,7.3852e+007
18667,1.3041e+008
18668,7.9982e+007
18669,1.3515e+008
18670,1.3258e+008
18671,1.1491e+008
18672,6.8124e+007
18673,3.4228e+007
18674,1.453e+008
18675,9.1049e+006
18676,1.0629e+008
18677,8.9151e+007
18678,1.5407e+007
18679,1.603e+008
18680,3.8104e+007
18681,8.1912e+007
18682,1.4273e+008
18683,1.2433e+008
18684,1.2101e+008
18685,1.7012e+008
18686,1.2769e+008
18687,1.8396e+008
18688,1.7963e+008
18689,2.0675e+008
18690,1.8199e+008
18691,2.0442e+008
18692,2.1022e+008
18693,2.0427e+008
18694,2.0114e+008
18695,1.9414e+008
18696,1.8992e+008
18697,1.9144e+008
18698,1.9391e+008
18699,2.0817e+008
18700,2.0348e+008
18701,1.656e+008
18702,1.4859e+008
18703,1.6917e+008
18704,1.5317e+008
18705,1.5399e+008
18706,1.0528e+008
18707,1.157e+008
18708,1.3149e+008
18709,1.4548e+008
18710,1.4227e+008
18711,1.3208e+008
18712,1.2413e+008
18713,1.1402e+008
18714,1.2942e+008
18715,1.1966e+008
18716,1.338e+008
18717,1.1639e+008
18718,7.7828e+007
18719,5.6241e+007
18720,9.0201e+007
18721,8.0844e+007
18722,9.1188e+007
18723,8.688e+007
18724,7.6743e+007
18725,7.7824e+007
18726,1.2002e+008
18727,1.3246e+008
18728,1.4231e+008
18729,1.4767e+008
18730,1.1162e+008
18731,1.1031e+008
18732,1.2128e+008
18733,1.2479e+008
18734,1.7461e+008
18735,1.5755e+008
18736,1.4141e+008
18737,1.2369e+008
18738,3.2386e+007
18739,1.486e+008
18740,1.242e+008
18741,7.8742e+007
18742,1.6944e+008
18743,8.3198e+007
18744,1.5744e+008
18745,1.3956e+008
18746,2.0907e+008
18747,2.0958e+008
18748,2.0893e+008
18749,1.8987e+008
18750,1.8721e+008
18751,2.0675e+008
18752,1.9926e+008
18753,9.9904e+007
18754,1.2417e+008
18755,8.1569e+007
18756,1.1356e+008
18757,9.0518e+007
18758,8.833e+007
18759,7.6292e+007
18760,8.4896e+007
18761,7.7276e+007
18762,1.1547e+008
18763,1.1738e+008
18764,1.2555e+008
18765,1.0519e+008
18766,1.1915e+008
18767,1.5378e+008
18768,1.2697e+008
18769,1.172e+008
18770,1.1414e+008
18771,1.2343e+008
18772,1.5159e+008
18773,1.1724e+008
18774,9.0111e+007
18775,8.2021e+007
18776,9.1219e+007
18777,9.9089e+007
18778,8.4712e+007
18779,7.2149e+007
18780,7.8256e+007
18781,8.0186e+007
18782,8.3592e+007
18783,7.4947e+007
18784,2.1245e+008
18785,1.8772e+008
18786,2.0752e+008
18787,1.8086e+008
18788,1.9847e+008
18789,2.0552e+008
18790,1.8982e+008
18791,2.013e+008
18792,1.8437e+008
18793,1.8193e+008
18794,2.0381e+008
18795,1.6745e+008
18796,1.8901e+008
18797,6.0474e+007
18798,3.6874e+007
18799,4.7764e+007
18800,6.1969e+007
18801,6.5775e+007
18802,1.4283e+008
18803,1.483e+008
18804,1.3142e+008
18805,1.3432e+008
18806,1.2169e+008
18807,1.8855e+008
18808,1.9295e+008
18809,1.761e+008
18810,2.1243e+008
18811,1.7505e+008
18812,2.0651e+008
18813,9.5715e+007
18814,1.0151e+008
18815,9.9782e+007
18816,8.4834e+007
18817,8.6779e+007
18818,8.88e+007
18819,9.6872e+007
18820,9.0224e+007
18821,7.6207e+007
18822,9.5339e+007
18823,9.544e+007
18824,7.9748e+007
18825,8.6283e+007
18826,6.5147e+006
18827,1.6941e+008
18828,1.8543e+008
18829,1.9774e+008
18830,1.8105e+008
18831,1.7104e+008
18832,1.885e+008
18833,197.61
18834,114.58
18835,144.41
18836,246.38
18837,1.4027e+008
18838,1.4418e+008
18839,1.2415e+008
18840,1.3079e+008
18841,1.602e+008
18842,1.3902e+008
18843,1.9064e+007
18844,1.9185e+007
18845,9.6336e+006
18846,1.7529e+008
18847,1.812e+008
18848,2.0557e+008
18849,1.9896e+008
18850,1.0021e+008
18851,6.8815e+007
18852,5.2379e+007
18853,1.2115e+008
18854,8.7341e+007
18855,8.453e+007
18856,8.4927e+007
18857,8.3919e+007
18858,1.3505e+008
18859,1.4983e+008
18860,1.319e+008
18861,1.5628e+008
18862,1.5361e+008
18863,1.7457e+008
18864,1.491e+008
18865,1.7543e+008
18866,1.4136e+008
18867,1.3416e+008
18868,1.4671e+008
18869,1.8366e+008
18870,8.9162e+007
18871,2.8082e+007
18872,6.0802e+007
18873,6.9866e+007
18874,7.0434e+007
18875,7.9197e+007
18876,1.1036e+008
18877,1.0594e+008
18878,1.0239e+008
18879,7.0978e+007
18880,1.805e+008
18881,1.6303e+008
18882,1.2807e+008
18883,1.0253e+008
18884,8.7249e+007
18885,9.9436e+007
18886,9.6288e+007
18887,8.7766e+007
18888,3.7598e+007
18889,2.5031e+007
18890,1.0946e+007
18891,1.8478e+008
18892,1.821e+008
18893,1.7884e+008
18894,1.8809e+008
18895,2.0148e+008
18896,1.884e+008
18897,1.6869e+008
18898,1.3303e+008
18899,1.0823e+008
18900,1.2685e+008
18901,1.4704e+008
18902,1.3924e+008
18903,1.2519e+008
18904,1.2373e+008
18905,1.3461e+008
18906,1.3489e+008
18907,1.8064e+008
18908,1.9627e+008
18909,2.0083e+008
18910,1.8464e+008
18911,2.0323e+008
18912,2.0441e+008
18913,1.9463e+008
18914,2.0371e+008
18915,2.0881e+008
18916,7.9789e+006
18917,2.9882e+007
18918,6.7581e+006
18919,2.137e+007
18920,8.2451e+007
18921,5.4368e+007
18922,7.9147e+007
18923,9.82e+007
18924,2.1114e+008
18925,2.0757e+008
18926,2.1021e+008
18927,4.972e+007
18928,7.3305e+007
18929,2.2947e+007
18930,1.2044e+008
18931,8.1579e+007
18932,2.0132e+008
18933,2.1303e+008
18934,1.8915e+008
18935,1.7374e+008
18936,1.8971e+008
18937,1.25e+008
18938,1.6257e+008
18939,1.383e+008
18940,1.3197e+008
18941,1.1458e+008
18942,1.1745e+008
18943,1.0241e+008
18944,1.4941e+008
18945,1.6548e+008
18946,1.5168e+008
18947,1.4292e+008
18948,2.0966e+008
18949,2.0609e+008
18950,2.0477e+008
18951,2.0462e+008
18952,1.9681e+008
18953,2.0915e+008
18954,2.0826e+008
18955,2.0059e+008
18956,2.0902e+008
18957,2.096e+008
18958,2.0973e+008
18959,2.0166e+008
18960,1.865e+008
18961,1.9283e+008
18962,2.0339e+008
18963,2.0914e+008
18964,2.083e+008
18965,2.0792e+008
18966,1.948e+008
18967,1.9601e+008
18968,1.9785e+008
18969,2.0514e+008
18970,7.1745e+007
18971,9.8527e+007
18972,9.5823e+007
18973,5.0465e+007
18974,7.5006e+007
18975,3.7644e+007
18976,9.8117e+007
18977,6.5944e+007
18978,2.0285e+008
18979,1.8122e+008
18980,1.5114e+008
18981,1.6463e+008
18982,1.5816e+008
18983,1.457e+008
18984,1.7597e+008
18985,1.1362e+008
18986,1.2893e+008
18987,1.1809e+008
18988,1.0556e+008
18989,8.8789e+007
18990,8.7755e+007
18991,1.0693e+008
18992,8.535e+007
18993,8.2934e+007
18994,7.263e+007
18995,8.5317e+007
18996,5.7468e+007
18997,8.1029e+007
18998,8.7172e+007
18999,7.0506e+007
19000,6.9787e+007
19001,7.5658e+007
19002,8.0832e+007
19003,6.2615e+007
19004,9.3505e+007
19005,8.1842e+007
19006,4.7153e+007
19007,8.7214e+007
19008,7.6484e+007
19009,8.7801e+007
19010,1.2663e+008
19011,8.6277e+007
19012,3.4614e+007
19013,8.4833e+007
19014,5.8253e+007
19015,4.1862e+007
19016,8.9255e+007
19017,1.3637e+008
19018,1.5263e+008
19019,1.7692e+008
19020,1.5243e+008
19021,1.0401e+008
19022,9.7153e+007
19023,9.2241e+007
19024,3.9691e+007
19025,5.2092e+007
19026,6.6338e+007
19027,4.1176e+007
19028,6.5923e+007
19029,6.6635e+007
19030,5.3982e+007
19031,6.6774e+007
19032,5.1299e+007
19033,4.6028e+007
19034,5.8214e+007
19035,3.3276e+007
19036,5.7847e+007
19037,5.7877e+007
19038,2.5105e+007
19039,3.8376e+007
19040,3.3356e+007
19041,3.1232e+007
19042,4.0967e+005
19043,1.5589e+006
19044,4.1532e+007
19045,4.406e+007
19046,5.7494e+007
19047,4.8452e+007
19048,4.8555e+007
19049,6.8515e+007
19050,2.4833e+007
19051,2.7461e+007
19052,4.0521e+007
19053,5.7403e+007
19054,7.0299e+007
19055,9.2618e+007
19056,6.221e+007
19057,4.9994e+007
19058,11.625
19059,6.8533
19060,5.7509e+006
19061,5.7391e+006
19062,6.3435e+006
19063,6.588e+005
19064,1.8418e+006
19065,2.5552e+006
19066,107.11
19067,6.4266e+006
19068,1.3757e+007
19069,8.8339e+006
19070,6.5071e+006
19071,5.8233e+006
19072,6.5334e+006
19073,1.8716e+008
19074,1.6188e+008
19075,2.0864e+008
19076,1.9784e+007
19077,9.5827e+006
19078,1.3362e+007
19079,6.9251e+007
19080,5.0197e+007
19081,5.5023e+007
19082,5.3126e+007
19083,6.1782e+007
19084,5.9235e+007
19085,3.96e+007
19086,2.9816e+007
19087,4.2539e+007
19088,3.7441e+007
19089,1.9682e+008
19090,2.0506e+008
19091,2.0624e+008
19092,2.0112e+008
19093,1.8787e+008
19094,1.9198e+008
19095,1.5134e+008
19096,2.0459e+008
19097,1.9089e+008
19098,2.0573e+008
19099,2.0463e+008
19100,2.0684e+008
19101,2.0884e+008
19102,1.9183e+008
19103,2.0422e+008
19104,1.6811e+008
19105,1.8195e+008
19106,1.5038e+008
19107,1.1029e+008
19108,1.5803e+008
19109,1.3337e+008
19110,2.0726e+008
19111,2.0648e+008
19112,2.0374e+008
19113,2.0151e+008
19114,2.0896e+008
19115,1.9176e+008
19116,1.7826e+008
19117,2.0131e+008
19118,1.3488e+008
19119,1.3668e+008
19120,6.8802e+007
19121,1.5252e+008
19122,1.1165e+008
19123,9.3897e+007
19124,1.4345e+008
19125,1.1936e+008
19126,1.2225e+008
19127,1.1295e+008
19128,9.4631e+007
19129,1.0424e+008
19130,1.0171e+008
19131,1.0863e+008
19132,1.2652e+008
19133,1.2041e+008
19134,1.1203e+008
19135,7.247e+007
19136,9.5384e+007
19137,8.7664e+007
19138,8.9697e+007
19139,8.8634e+007
19140,2.0776e+008
19141,2.0607e+008
19142,2.0171e+008
19143,1.9681e+008
19144,2.0813e+008
19145,4.7481e+007
19146,6.2251e+007
19147,1.988e+008
19148,2.0527e+008
19149,2.0649e+008
19150,1.9246e+008
19151,1.9814e+008
19152,2.0212e+008
19153,1.8935e+008
19154,1.533e+008
19155,1.5326e+008
19156,7.1006e+007
19157,1.108e+008
19158,1.0633e+008
19159,8.7277e+007
19160,9.8175e+007
19161,8.1324e+007
19162,8.893e+007
19163,8.3857e+007
19164,6.9466e+007
19165,1.0258e+008
19166,1.1554e+008
19167,1.1728e+008
19168,7.4426e+007
19169,8.9009e+007
19170,1.0846e+008
19171,8.3765e+007
19172,9.6124e+007
19173,1.0568e+008
19174,1.0385e+008
19175,1.2958e+008
19176,1.0658e+008
19177,1.2039e+008
19178,1.0659e+008
19179,1.4389e+008
19180,1.0778e+008
19181,1.4147e+008
19182,7.3049e+007
19183,7.4332e+007
19184,6.1156e+007
19185,5.9883e+007
19186,8.1389e+007
19187,6.4713e+007
19188,4.947e+007
19189,7.5665e+007
19190,8.6128e+007
19191,7.4213e+007
19192,9.5868e+007
19193,9.4357e+007
19194,9.3831e+007
19195,8.7875e+007
19196,6.8277e+007
19197,6.6449e+007
19198,6.6258e+007
19199,6.0114e+007
19200,6.5366e+007
19201,5.1331e+006
19202,2.1916e+006
19203,1.5658e+008
19204,1.4535e+008
19205,9.8823e+007
19206,1.1269e+008
19207,1.3525e+008
19208,1.4383e+008
19209,1.1835e+008
19210,1.3512e+008
19211,1.1567e+008
19212,1.2684e+008
19213,1.3244e+008
19214,1.034e+008
19215,1.1024e+008
19216,1.0891e+008
19217,7.2415e+007
19218,9.0519e+007
19219,9.0113e+007
19220,8.7334e+007
19221,1.0224e+008
19222,3.7477e+007
19223,4.2555e+007
19224,222.65
19225,50.477
19226,99.454
19227,1.8413e+008
19228,1.7186e+008
19229,1.6929e+008
19230,1.8784e+008
19231,1.0686e+008
19232,1.5399e+008
19233,8.991e+007
19234,9.0891e+007
19235,1.2934e+008
19236,4.5028e+007
19237,1.3996e+008
19238,9.5778e+007
19239,1.1434e+008
19240,7.6648e+007
19241,5.8087e+007
19242,1.1544e+008
19243,1.0095e+008
19244,1.1031e+008
19245,9.4949e+007
19246,1.2169e+008
19247,8.8868e+007
19248,4.8058e+007
19249,5.6744e+007
19250,2.7572e+007
19251,5.3037e+007
19252,7.2747e+007
19253,3.4054e+007
19254,4.4009e+007
19255,1.3352e+008
19256,1.1736e+008
19257,1.2644e+008
19258,6.9736e+007
19259,5.4029e+007
19260,8.1206e+007
19261,1.1267e+008
19262,1.0447e+008
19263,1.7334e+008
19264,1.6834e+008
19265,1.759e+008
19266,1.8035e+008
19267,1.4784e+008
19268,1.2066e+008
19269,1.2112e+008
19270,2.0326e+008
19271,2.0841e+008
19272,2.0912e+008
19273,2.0416e+008
19274,1.6196e+008
19275,1.3328e+008
19276,1.2174e+008
19277,1.9331e+008
19278,1.8556e+008
19279,1.6033e+008
19280,1.3549e+008
19281,1.4952e+008
19282,1.2584e+008
19283,1.3138e+008
19284,1.3665e+008
19285,1.3091e+008
19286,1.0408e+008
19287,1.3665e+008
19288,1.4517e+008
19289,1.5249e+008
19290,1.8859e+008
19291,2.0633e+008
19292,1.8533e+008
19293,1.9268e+008
19294,1.9924e+008
19295,2.0338e+008
19296,1.8195e+008
19297,1.9316e+008
19298,1.7701e+008
19299,1.5901e+008
19300,1.4427e+008
19301,1.3166e+008
19302,1.23e+008
19303,1.3667e+008
19304,1.127e+008
19305,1.2171e+008
19306,1.3469e+008
19307,1.2761e+008
19308,1.2577e+008
19309,1.352e+008
19310,1.5057e+008
19311,2.0901e+008
19312,2.0749e+008
19313,1.9308e+008
19314,1.9397e+008
19315,1.9658e+008
19316,1.9506e+008
19317,1.7236e+008
19318,2.0205e+008
19319,1.8511e+008
19320,2.0337e+008
19321,1.5616e+008
19322,1.3056e+008
19323,1.3807e+008
19324,1.4267e+008
19325,1.1133e+008
19326,1.1913e+008
19327,1.0838e+008
19328,1.1654e+008
19329,1.4934e+008
19330,1.3856e+008
19331,1.4959e+008
19332,1.2741e+008
19333,1.1681e+008
19334,1.1858e+008
19335,1.5079e+008
19336,8.5292e+007
19337,1.4637e+008
19338,1.1163e+008
19339,1.9286e+008
19340,2.0855e+008
19341,2.0749e+008
19342,1.9045e+008
19343,1.9793e+008
19344,2.0015e+008
19345,1.6601e+008
19346,1.8998e+008
19347,2.0028e+008
19348,1.937e+008
19349,1.9845e+008
19350,2.0092e+008
19351,2.0971e+008
19352,2.117e+008
19353,1.9245e+008
19354,1.2549e+008
19355,1.3873e+008
19356,1.858e+008
19357,2.0185e+008
19358,2.0406e+008
19359,1.9958e+008
19360,1.9734e+008
19361,1.3867e+008
19362,1.7013e+008
19363,1.85e+008
19364,2.1036e+008
19365,1.8429e+008
19366,2.0845e+008
19367,1.9443e+008
19368,1.8316e+008
19369,1.9036e+008
19370,1.3587e+008
19371,1.008e+008
19372,9.564e+007
19373,1.6338e+008
19374,1.8337e+008
19375,1.8916e+008
19376,1.6461e+008
19377,1.3521e+008
19378,1.2446e+008
19379,1.4787e+008
19380,1.5812e+008
19381,1.8108e+008
19382,1.3543e+008
19383,1.2783e+008
19384,1.4402e+008
19385,1.2714e+008
19386,1.2162e+008
19387,1.4928e+008
19388,1.1482e+008
19389,1.286e+008
19390,1.1531e+008
19391,1.3286e+008
19392,2.0025e+008
19393,2.0386e+008
19394,1.9074e+008
19395,1.9631e+008
19396,1.3373e+008
19397,1.6909e+008
19398,1.7454e+008
19399,1.4769e+008
19400,1.06e+008
19401,1.6918e+008
19402,1.1575e+008
19403,1.2632e+008
19404,9.9576e+007
19405,1.1352e+008
19406,1.0026e+008
19407,1.0349e+008
19408,7.9209e+007
19409,8.6537e+007
19410,9.1395e+007
19411,7.9546e+007
19412,1.0273e+008
19413,8.7592e+007
19414,1.212e+008
19415,1.9379e+008
19416,2.0876e+008
19417,2.0879e+008
19418,2.07e+008
19419,1.9946e+008
19420,1.8889e+008
19421,1.8905e+008
19422,1.8999e+008
19423,2.0115e+008
19424,1.8338e+008
19425,1.823e+008
19426,1.8814e+008
19427,1.6032e+008
19428,1.0993e+008
19429,1.5545e+008
19430,1.6448e+008
19431,1.5996e+008
19432,1.4472e+008
19433,1.44e+008
19434,1.454e+008
19435,9.5191e+007
19436,4.3593e+007
19437,2.0095e+007
19438,3.2898e+007
19439,3.212e+007
19440,6.1536e+007
19441,6.7419e+007
19442,3.1447e+007
19443,3.4498e+007
19444,8.5541e+007
19445,1.4061e+008
19446,1.0145e+008
19447,1.4901e+008
19448,1.2716e+008
19449,1.0522e+008
19450,1.5699e+008
19451,1.079e+008
19452,1.3787e+008
19453,1.4739e+008
19454,1.9687e+008
19455,1.9599e+008
19456,2.0103e+008
19457,2.1058e+008
19458,2.0465e+008
19459,1.8513e+008
19460,1.3769e+008
19461,1.4173e+008
19462,1.2382e+008
19463,1.1388e+008
19464,1.4429e+008
19465,1.4547e+008
19466,1.3399e+008
19467,1.1875e+008
19468,1.3623e+008
19469,1.4898e+008
19470,1.4051e+008
19471,1.4479e+008
19472,2.0172e+008
19473,2.0174e+008
19474,1.9779e+008
19475,1.6732e+008
19476,1.3821e+008
19477,1.1461e+008
19478,1.6215e+008
19479,2.0491e+008
19480,1.0428e+008
19481,1.9552e+008
19482,1.3456e+008
19483,8.2297e+007
19484,9.433e+007
19485,5.8426e+007
19486,1.3203e+008
19487,1.4316e+008
19488,1.17e+008
19489,5.2804e+007
19490,1.1469e+008
19491,7.4363e+007
19492,7.0869e+007
19493,1.0654e+008
19494,1.1679e+008
19495,7.8009e+007
19496,1.4349e+008
19497,6.8705e+007
19498,1.3542e+008
19499,1.1606e+008
19500,2.1159e+008
19501,2.0842e+008
19502,2.0791e+008
19503,2.025e+008
19504,2.1288e+008
19505,1.5748e+008
19506,1.8371e+008
19507,1.7107e+008
19508,1.1016e+008
19509,2.0701e+008
19510,2.0816e+008
19511,1.9933e+008
19512,1.8021e+008
19513,1.7697e+008
19514,2.0961e+008
19515,1.5673e+008
19516,2.0221e+008
19517,1.9927e+008
19518,2.0718e+008
19519,2.0495e+008
19520,1.8685e+008
19521,2.0844e+008
19522,1.5646e+008
19523,1.8047e+008
19524,1.3238e+008
19525,1.6045e+008
19526,1.4277e+008
19527,1.4122e+008
19528,1.3076e+008
19529,1.0707e+008
19530,1.36e+008
19531,1.2704e+008
19532,1.0477e+008
19533,1.4532e+008
19534,1.4868e+008
19535,4.5977e+007
19536,8.5307e+007
19537,6.1542e+007
19538,1.2874e+008
19539,1.298e+008
19540,1.2601e+008
19541,6.2789e+007
19542,6.0396e+007
19543,2.8409e+007
19544,3.24e+007
19545,4.0543e+007
19546,6.1521e+007
19547,6.0082e+007
19548,5.2377e+007
19549,6.0753e+007
19550,5.4325e+007
19551,4.1716e+007
19552,1.4331e+008
19553,1.4815e+008
19554,1.2731e+008
19555,1.3765e+008
19556,1.2729e+008
19557,1.3396e+008
19558,1.3623e+008
19559,1.2989e+008
19560,1.8146e+008
19561,1.7491e+008
19562,1.8714e+008
19563,1.7795e+008
19564,1.6284e+008
19565,1.5201e+008
19566,1.2495e+008
19567,1.5078e+008
19568,1.1145e+008
19569,1.2878e+008
19570,1.3083e+008
19571,1.8902e+008
19572,1.9977e+008
19573,2.0555e+008
19574,2.0779e+008
19575,2.0482e+008
19576,2.088e+008
19577,1.943e+008
19578,1.9698e+008
19579,1.6396e+008
19580,2.0768e+008
19581,1.3035e+008
19582,5.9531e+007
19583,1.1217e+008
19584,1.3124e+008
19585,6.5681e+007
19586,6.4694e+007
19587,1.1022e+008
19588,1.4428e+008
19589,1.2775e+008
19590,2.0189e+008
19591,2.0922e+008
19592,1.8723e+008
19593,1.9905e+008
19594,2.1214e+008
19595,2.0265e+008
19596,1.9162e+008
19597,1.7075e+008
19598,1.2349e+008
19599,1.3619e+008
19600,1.5272e+008
19601,1.5077e+008
19602,1.3724e+008
19603,1.1878e+008
19604,1.0141e+008
19605,1.106e+008
19606,1.2537e+008
19607,1.0282e+008
19608,1.18e+008
19609,1.949e+008
19610,2.0796e+008
19611,2.0792e+008
19612,1.8753e+008
19613,1.9397e+008
19614,1.8045e+008
19615,1.9125e+008
19616,2.0063e+008
19617,1.7772e+008
19618,1.8964e+008
19619,2.0704e+008
19620,2.0786e+008
19621,1.9628e+008
19622,1.9584e+008
19623,2.0267e+008
19624,1.7858e+008
19625,1.7218e+008
19626,1.9984e+008
19627,2.0175e+008
19628,8.771e+007
19629,1.162e+008
19630,1.1293e+008
19631,1.4445e+008
19632,1.0665e+008
19633,1.304e+008
19634,1.3778e+008
19635,1.5037e+008
19636,1.5052e+008
19637,2.126e+008
19638,2.03e+008
19639,2.0779e+008
19640,2.065e+008
19641,2.1043e+008
19642,1.8918e+008
19643,1.8799e+008
19644,1.7209e+008
19645,1.7908e+008
19646,2.0398e+008
19647,2.0604e+008
19648,1.921e+008
19649,2.0335e+008
19650,1.7711e+008
19651,1.6259e+008
19652,1.6067e+008
19653,1.6153e+008
19654,1.551e+008
19655,1.7187e+008
19656,6.3531e+007
19657,3.8553e+007
19658,2.9618e+007
19659,4.0504e+007
19660,1.4326e+007
19661,8.5569e+007
19662,3.9427e+007
19663,5.0606e+007
19664,3.7625e+007
19665,1.6832e+008
19666,1.676e+008
19667,1.7806e+008
19668,1.0802e+008
19669,1.5559e+008
19670,1.3776e+008
19671,1.5137e+008
19672,1.2087e+008
19673,1.4751e+008
19674,1.3072e+008
19675,1.9079e+008
19676,2.0694e+008
19677,1.9311e+008
19678,2.0712e+008
19679,1.9434e+008
19680,1.8894e+008
19681,1.6589e+008
19682,1.652e+008
19683,1.6856e+008
19684,1.9666e+008
19685,1.4165e+008
19686,1.3581e+008
19687,1.4692e+008
19688,1.1205e+008
19689,1.253e+008
19690,9.1587e+007
19691,1.3751e+008
19692,1.2836e+008
19693,1.4753e+008
19694,1.2808e+008
19695,2.0478e+008
19696,2.0547e+008
19697,1.9108e+008
19698,2.1046e+008
19699,2.0773e+008
19700,1.9589e+008
19701,1.6379e+008
19702,1.5824e+008
19703,1.8674e+008
19704,1.896e+008
19705,1.8964e+008
19706,2.0043e+008
19707,1.9489e+008
19708,1.7673e+008
19709,1.2504e+008
19710,1.9279e+008
19711,1.0922e+008
19712,1.1973e+008
19713,1.4376e+008
19714,1.0265e+008
19715,1.1925e+008
19716,1.4633e+008
19717,1.2841e+008
19718,1.3362e+008
19719,1.4449e+008
19720,1.3352e+008
19721,1.4624e+008
19722,1.3241e+008
19723,1.4555e+008
19724,1.2565e+008
19725,1.0784e+008
19726,1.2982e+008
19727,1.2876e+008
19728,1.3075e+008
19729,2.0607e+008
19730,2.0872e+008
19731,1.9196e+008
19732,1.8764e+008
19733,1.9535e+008
19734,1.9806e+008
19735,1.5253e+008
19736,1.2802e+008
19737,1.5314e+008
19738,1.2188e+008
19739,1.655e+008
19740,1.5007e+008
19741,1.6573e+008
19742,1.4461e+008
19743,1.6516e+008
19744,1.0677e+008
19745,9.845e+007
19746,1.1266e+008
19747,9.4608e+007
19748,1.1537e+008
19749,2.0753e+008
19750,1.892e+008
19751,1.9064e+008
19752,2.0245e+008
19753,2.1034e+008
19754,2.0811e+008
19755,1.8717e+008
19756,2.0007e+008
19757,1.6455e+008
19758,1.921e+008
19759,2.0548e+008
19760,2.0793e+008
19761,1.908e+008
19762,1.942e+008
19763,1.9332e+008
19764,1.8535e+008
19765,2.0824e+008
19766,1.9319e+008
19767,2.0455e+008
19768,1.4009e+008
19769,1.3659e+008
19770,1.5212e+008
19771,1.0493e+008
19772,1.0558e+008
19773,1.1161e+008
19774,1.513e+008
19775,1.2905e+008
19776,1.5309e+008
19777,1.3049e+008
19778,1.1801e+008
19779,1.5033e+008
19780,1.3949e+008
19781,8.5143e+007
19782,1.4053e+008
19783,1.5639e+008
19784,1.5593e+008
19785,1.5479e+008
19786,1.9824e+008
19787,2.0838e+008
19788,2.0832e+008
19789,1.9851e+008
19790,2.0244e+008
19791,2.039e+008
19792,1.9319e+008
19793,1.8933e+008
19794,2.0875e+008
19795,1.2621e+008
19796,1.0254e+008
19797,3.1229e+007
19798,7.3002e+007
19799,3.1864e+007
19800,1.1051e+008
19801,1.1332e+007
19802,7.1077e+007
19803,8.2925e+007
19804,4.3593e+007
19805,3.4541e+007
19806,2.1166e+008
19807,2.1012e+008
19808,1.5772e+008
19809,1.6317e+008
19810,1.8703e+008
19811,2.1128e+008
19812,1.9736e+008
19813,1.6245e+008
19814,2.0764e+008
19815,2.0543e+008
19816,1.5327e+008
19817,1.5641e+008
19818,1.9986e+008
19819,1.7253e+008
19820,1.9376e+008
19821,1.4747e+008
19822,1.681e+008
19823,1.5088e+008
19824,1.6298e+008
19825,1.2801e+008
19826,1.1633e+008
19827,9.6227e+007
19828,1.0307e+008
19829,1.4121e+008
19830,1.0443e+008
19831,1.2983e+008
19832,1.2405e+008
19833,1.4374e+008
19834,1.2646e+008
19835,1.3923e+008
19836,1.4187e+008
19837,1.1874e+008
19838,1.2907e+008
19839,1.3355e+008
19840,1.1643e+008
19841,1.3628e+008
19842,1.2399e+008
19843,1.3714e+008
19844,1.2972e+008
19845,1.0283e+008
19846,8.5841e+007
19847,1.0685e+008
19848,1.0597e+008
19849,9.2722e+007
19850,1.0475e+008
19851,8.1312e+007
19852,8.3193e+007
19853,7.2344e+007
19854,3.7199e+007
19855,5.3215e+007
19856,3.6587e+007
19857,5.2906e+007
19858,6.686e+007
19859,6.3881e+007
19860,6.6049e+007
19861,6.5655e+007
19862,4.2408e+007
19863,1.2517e+008
19864,1.418e+008
19865,1.4222e+008
19866,1.0278e+008
19867,1.3529e+008
19868,1.299e+008
19869,9.8153e+007
19870,9.2668e+007
19871,1.9625e+008
19872,1.9386e+008
19873,1.8493e+008
19874,1.611e+008
19875,1.4532e+008
19876,1.328e+008
19877,1.8767e+008
19878,1.725e+008
19879,8.3381e+007
19880,1.0512e+008
19881,3.2421e+007
19882,6.9775e+006
19883,7.8776e+006
19884,2.2326e+007
19885,2.1368e+007
19886,4.8753e+007
19887,2.0642e+008
19888,2.0486e+008
19889,2.0362e+008
19890,2.019e+008
19891,1.5808e+008
19892,1.4976e+008
19893,1.5634e+008
19894,1.5367e+008
19895,1.8479e+008
19896,1.9552e+008
19897,1.1318e+008
19898,8.8829e+006
19899,1.8519e+007
19900,1.4767e+007
19901,5.4433e+007
19902,9.6137e+007
19903,1.2033e+008
19904,5.1937e+007
19905,5.6906e+007
19906,1.3521e+008
19907,1.3845e+008
19908,1.0074e+008
19909,1.0288e+008
19910,7.0458e+007
19911,3.1332e+007
19912,1.1539e+008
19913,2.0729e+008
19914,2.0581e+008
19915,1.941e+008
19916,1.5853e+008
19917,1.5947e+008
19918,1.9946e+008
19919,1.3809e+008
19920,1.8776e+008
19921,1.8312e+008
19922,2.0897e+008
19923,2.0342e+008
19924,2.0653e+008
19925,2.0664e+008
19926,2.0657e+008
19927,1.9797e+008
19928,1.763e+008
19929,1.5036e+008
19930,1.9605e+008
19931,1.5899e+008
19932,1.9694e+008
19933,1.9458e+008
19934,1.8131e+008
19935,1.6613e+008
19936,1.4133e+008
19937,1.5174e+008
19938,1.3609e+008
19939,1.3991e+008
19940,1.5979e+008
19941,1.4293e+008
19942,1.7128e+008
19943,9.8192e+007
19944,9.7865e+007
19945,1.05e+008
19946,3.6654e+007
19947,9.3739e+007
19948,1.0611e+008
19949,1.0095e+008
19950,1.0785e+008
19951,1.0938e+008
19952,1.1032e+008
19953,9.1115e+007
19954,1.0608e+008
19955,2.0923e+008
19956,1.9385e+008
19957,2.0593e+008
19958,1.899e+008
19959,2.0486e+008
19960,2.093e+008
19961,2.1136e+008
19962,1.7289e+008
19963,2.1077e+008
19964,2.0128e+008
19965,2.0211e+008
19966,2.0984e+008
19967,1.8358e+008
19968,2.1088e+008
19969,1.9946e+008
19970,2.0831e+008
19971,2.0872e+008
19972,2.0423e+008
19973,2.0112e+008
19974,1.9064e+008
19975,1.5395e+008
19976,1.1448e+008
19977,1.3132e+008
19978,1.4145e+008
19979,1.4017e+008
19980,1.2539e+008
19981,1.6046e+008
19982,7.0792e+007
19983,1.5168e+008
19984,1.1441e+008
19985,9.625e+007
19986,9.9638e+007
19987,3.9597e+007
19988,5.6868e+007
19989,2.0823e+007
19990,1.9342e+007
19991,1.9211e+007
19992,3.5619e+007
19993,2.0733e+008
19994,2.0309e+008
19995,2.0694e+008
19996,1.8966e+008
19997,1.9354e+008
19998,2.0837e+008
19999,2.0578e+008
20000,1.9017e+008
20001,2.0037e+008
20002,1.8953e+008
20003,1.9111e+008
20004,1.716e+008
20005,2.006e+008
20006,2.0876e+008
20007,2.0997e+008
20008,2.0442e+008
20009,2.0896e+008
20010,2.0594e+008
20011,2.0944e+008
20012,1.8598e+008
20013,1.864e+008
20014,1.9389e+008
20015,1.8217e+008
20016,2.0925e+008
20017,2.0769e+008
20018,2.0519e+008
20019,2.0816e+008
20020,1.7277e+008
20021,2.079e+008
20022,1.8667e+008
20023,1.8304e+008
20024,1.7501e+008
20025,1.9078e+008
20026,1.8636e+008
20027,1.7807e+007
20028,1.0971e+008
20029,1.734e+007
20030,8.8452e+007
20031,8.1557e+007
20032,1.0979e+008
20033,3.4743e+007
20034,6.6734e+007
20035,1.9455e+008
20036,1.9759e+008
20037,1.8914e+008
20038,1.609e+008
20039,1.4407e+008
20040,1.8493e+008
20041,1.2823e+008
20042,1.463e+008
20043,1.6081e+008
20044,1.7458e+008
20045,1.5753e+008
20046,1.3056e+008
20047,9.2117e+007
20048,1.0162e+008
20049,1.4272e+008
20050,1.3161e+008
20051,1.1102e+008
20052,1.2278e+008
20053,1.2211e+008
20054,1.7843e+008
20055,1.8089e+008
20056,1.7597e+008
20057,1.4687e+008
20058,1.2934e+008
20059,1.4957e+008
20060,1.296e+008
20061,1.3477e+008
20062,1.4514e+008
20063,2.1376e+008
20064,2.0549e+008
20065,2.071e+008
20066,2.0044e+008
20067,2.1345e+008
20068,1.6944e+008
20069,1.623e+008
20070,1.7537e+008
20071,1.6198e+008
20072,7.9147e+007
20073,8.259e+007
20074,8.5804e+007
20075,9.0937e+007
20076,8.703e+007
20077,7.4168e+007
20078,8.0075e+007
20079,6.8062e+007
20080,7.8648e+007
20081,5.3037e+007
20082,1.9363e+008
20083,2.0801e+008
20084,2.078e+008
20085,1.9806e+008
20086,1.9311e+008
20087,1.9302e+008
20088,1.8308e+008
20089,1.4994e+008
20090,1.7497e+008
20091,1.8113e+008
20092,1.54e+008
20093,1.365e+008
20094,1.1391e+008
20095,1.5311e+008
20096,1.3947e+008
20097,1.2333e+008
20098,1.2375e+008
20099,1.0596e+008
20100,1.0977e+008
20101,1.1781e+008
20102,1.105e+008
20103,1.3848e+008
20104,1.5262e+008
20105,1.546e+008
20106,1.5248e+008
20107,1.178e+008
20108,8.999e+007
20109,1.045e+008
20110,1.1572e+008
20111,8.7966e+007
20112,1.3395e+008
20113,1.1791e+008
20114,1.4834e+008
20115,1.1131e+008
20116,1.5175e+008
20117,1.994e+008
20118,2.023e+008
20119,2.0281e+008
20120,1.6064e+008
20121,1.742e+008
20122,1.8005e+008
20123,1.4697e+008
20124,1.7975e+008
20125,1.7479e+008
20126,1.8014e+008
20127,1.0392e+008
20128,4.0952e+007
20129,5.5592e+007
20130,3.7265e+007
20131,2.1828e+007
20132,2.6101e+007
20133,8.6228e+007
20134,2.8578e+007
20135,1.4105e+008
20136,1.4396e+008
20137,1.154e+008
20138,1.1444e+008
20139,1.056e+008
20140,1.0173e+008
20141,2.0663e+008
20142,1.9289e+008
20143,2.0782e+008
20144,2.0771e+008
20145,2.0713e+008
20146,1.9325e+008
20147,1.8512e+008
20148,1.889e+008
20149,1.8933e+008
20150,2.107e+008
20151,2.0694e+008
20152,2.1292e+008
20153,2.1012e+008
20154,1.8398e+008
20155,1.9797e+008
20156,1.6495e+008
20157,1.8003e+008
20158,1.4627e+008
20159,1.7974e+008
20160,9.5464e+007
20161,8.9229e+007
20162,9.3546e+007
20163,3.4097e+007
20164,9.3588e+007
20165,8.1404e+007
20166,9.4138e+007
20167,1.1339e+008
20168,1.0734e+008
20169,4.2092e+007
20170,1.1797e+008
20171,4.1453e+007
20172,1.0187e+008
20173,1.0447e+008
20174,1.2863e+008
20175,2.0447e+008
20176,1.9471e+008
20177,2.0989e+008
20178,2.0645e+008
20179,1.7306e+008
20180,1.9527e+008
20181,2.0713e+008
20182,1.7174e+008
20183,1.6123e+008
20184,1.7236e+008
20185,1.9893e+008
20186,2.0388e+008
20187,2.0797e+008
20188,1.9494e+008
20189,2.0671e+008
20190,1.9415e+008
20191,2.0735e+008
20192,1.8043e+008
20193,1.6721e+008
20194,1.8065e+008
20195,1.0754e+008
20196,1.236e+008
20197,1.0559e+008
20198,1.2215e+008
20199,1.0579e+008
20200,8.4434e+007
20201,7.2266e+007
20202,1.1594e+008
20203,8.0969e+007
20204,7.9417e+007
20205,9.1335e+007
20206,1.3021e+008
20207,1.3753e+008
20208,2.0083e+008
20209,2.0194e+008
20210,1.9964e+008
20211,9.8633e+007
20212,1.4489e+008
20213,1.5665e+008
20214,1.5572e+008
20215,1.2187e+008
20216,1.8446e+008
20217,1.5194e+008
20218,1.7006e+008
20219,1.7754e+008
20220,2.0041e+008
20221,6.3924e+007
20222,4.822e+007
20223,4.6131e+007
20224,1.3522e+008
20225,1.3442e+008
20226,9.4953e+007
20227,1.0673e+008
20228,2.1216e+008
20229,2.0744e+008
20230,2.1344e+008
20231,2.0868e+008
20232,2.1021e+008
20233,1.5663e+008
20234,1.5947e+008
20235,1.6137e+008
20236,1.6998e+008
20237,2.1093e+008
20238,9.4352e+007
20239,1.0459e+008
20240,9.446e+007
20241,7.4236e+007
20242,7.8219e+007
20243,7.4393e+007
20244,7.0867e+007
20245,8.8147e+007
20246,6.4934e+007
20247,6.5656e+007
20248,3.7141e+007
20249,3.9651e+007
20250,4.0317e+007
20251,3.4391e+007
20252,3.5185e+007
20253,5.6116e+007
20254,4.7464e+007
20255,3.4532e+007
20256,3.6723e+007
20257,1.373e+008
20258,9.9935e+007
20259,1.1642e+008
20260,9.5981e+007
20261,1.0064e+008
20262,8.6359e+007
20263,7.5989e+007
20264,1.2732e+008
20265,1.4389e+008
20266,1.4704e+008
20267,8.8623e+007
20268,5.8394e+007
20269,8.0769e+007
20270,9.4989e+007
20271,8.9275e+007
20272,1.2642e+008
20273,1.0756e+008
20274,9.9083e+007
20275,8.6336e+007
20276,7.0194e+007
20277,8.0451e+007
20278,8.5346e+007
20279,7.6316e+007
20280,9.0435e+007
20281,1.1694e+008
20282,1.793e+008
20283,1.4731e+008
20284,1.4206e+008
20285,1.4166e+008
20286,1.3058e+008
20287,1.2299e+008
20288,1.1555e+008
20289,1.3677e+008
20290,1.5297e+008
20291,1.2997e+008
20292,1.3852e+008
20293,2.0186e+008
20294,1.941e+008
20295,1.9081e+008
20296,2.1016e+008
20297,1.7573e+008
20298,2.0411e+008
20299,1.4465e+008
20300,1.3464e+008
20301,1.2467e+008
20302,1.3595e+008
20303,9.0268e+007
20304,8.1574e+007
20305,8.0101e+007
20306,9.4224e+007
20307,6.7001e+007
20308,7.7715e+007
20309,1.2921e+008
20310,1.3081e+008
20311,1.3478e+008
20312,1.4625e+008
20313,1.1171e+008
20314,6.076e+007
20315,1.0092e+008
20316,8.0569e+007
20317,1.4656e+008
20318,1.34e+008
20319,1.4628e+008
20320,1.3892e+008
20321,1.2269e+008
20322,1.6368e+008
20323,1.7716e+008
20324,1.5581e+008
20325,1.6412e+008
20326,1.6657e+008
20327,1.501e+008
20328,1.7785e+008
20329,1.1221e+008
20330,1.0276e+008
20331,1.0161e+008
20332,2.1e+008
20333,2.0777e+008
20334,2.0662e+008
20335,1.8398e+008
20336,2.0847e+008
20337,1.9902e+008
20338,1.7469e+008
20339,1.8865e+008
20340,1.9967e+008
20341,1.9914e+008
20342,1.1817e+008
20343,1.1713e+008
20344,4.2506e+007
20345,6.8197e+007
20346,3.2496e+007
20347,9.5122e+007
20348,1.3722e+007
20349,7.0332e+007
20350,1.2445e+008
20351,2.0673e+008
20352,2.0287e+008
20353,2.0467e+008
20354,1.8391e+008
20355,1.5363e+008
20356,1.8536e+008
20357,1.9526e+008
20358,1.4573e+008
20359,1.8534e+008
20360,1.8413e+008
20361,2.0716e+008
20362,2.0212e+008
20363,1.8882e+008
20364,2.0958e+008
20365,1.916e+008
20366,2.0047e+008
20367,1.534e+008
20368,2.0256e+008
20369,2.0341e+008
20370,2.0512e+008
20371,2.0773e+008
20372,2.1301e+008
20373,2.062e+008
20374,1.5869e+008
20375,1.7339e+008
20376,2.0437e+008
20377,2.0758e+008
20378,2.1096e+008
20379,2.0931e+008
20380,2.0171e+008
20381,2.0681e+008
20382,2.009e+008
20383,1.8717e+008
20384,1.8451e+008
20385,1.3997e+008
20386,2.1043e+008
20387,1.981e+008
20388,2.0658e+008
20389,1.9847e+008
20390,2.0228e+008
20391,2.0138e+008
20392,2.0321e+008
20393,1.904e+008
20394,1.9766e+008
20395,1.7031e+008
20396,2.0002e+008
20397,1.969e+008
20398,2.0357e+008
20399,1.3261e+008
20400,1.5528e+008
20401,1.0628e+008
20402,1.5494e+008
20403,1.9484e+008
20404,2.0463e+008
20405,2.107e+008
20406,2.0934e+008
20407,1.9591e+008
20408,1.9642e+008
20409,1.5279e+008
20410,1.645e+008
20411,1.4345e+008
20412,2.032e+008
20413,1.9985e+008
20414,2.0216e+008
20415,1.3483e+008
20416,1.4016e+008
20417,1.6101e+008
20418,1.3905e+008
20419,2.0302e+008
20420,9.8075e+007
20421,1.9396e+008
20422,1.9411e+008
20423,1.1623e+008
20424,1.3918e+007
20425,3.7406e+007
20426,3.9346e+007
20427,9.5828e+007
20428,5.1763e+007
20429,5.2792e+007
20430,5.3553e+007
20431,1.0842e+008
20432,8.1481e+007
20433,1.3101e+008
20434,9.1812e+007
20435,1.5873e+008
20436,6.5537e+007
20437,1.5172e+008
20438,1.0678e+008
20439,1.3275e+008
20440,1.3669e+008
20441,1.5268e+008
20442,7.958e+007
20443,2.0499e+008
20444,1.9841e+008
20445,2.1065e+008
20446,1.9506e+008
20447,2.0599e+008
20448,1.8529e+008
20449,1.8903e+008
20450,2.0913e+008
20451,1.6356e+008
20452,3.8425e+007
20453,9.1579e+007
20454,9.7595e+007
20455,1.0076e+008
20456,7.9283e+007
20457,8.2376e+007
20458,8.4981e+007
20459,8.8404e+007
20460,1.5929e+008
20461,1.3048e+008
20462,1.3952e+008
20463,1.1364e+008
20464,1.3212e+008
20465,1.1002e+008
20466,1.2658e+008
20467,1.3588e+008
20468,1.5434e+008
20469,2.1135e+008
20470,2.0801e+008
20471,2.0053e+008
20472,2.0857e+008
20473,2.1157e+008
20474,1.8731e+008
20475,1.6132e+008
20476,1.8326e+008
20477,2.0846e+008
20478,2.0923e+008
20479,1.9737e+008
20480,2.0673e+008
20481,2.0357e+008
20482,2.082e+008
20483,1.9668e+008
20484,1.8968e+008
20485,1.7439e+008
20486,1.8794e+008
20487,1.9485e+008
20488,1.9562e+008
20489,1.8087e+008
20490,1.503e+008
20491,1.7615e+008
20492,1.7461e+008
20493,1.5912e+008
20494,1.6726e+008
20495,1.7134e+008
20496,1.6308e+008
20497,3.1371e+007
20498,7.8239e+007
20499,2.5096e+007
20500,8.0223e+007
20501,3.1958e+007
20502,8.2108e+007
20503,7.2019e+007
20504,7.9027e+007
20505,6.5559e+007
20506,8.3372e+007
20507,1.9884e+008
20508,2.0175e+008
20509,2.0624e+008
20510,1.8192e+008
20511,2.0445e+008
20512,1.8651e+008
20513,1.3914e+008
20514,1.7868e+008
20515,1.8877e+008
20516,2.0602e+008
20517,8.9254e+007
20518,1.2342e+008
20519,1.41e+008
20520,1.2612e+008
20521,1.1656e+008
20522,1.3674e+008
20523,1.0373e+008
20524,1.3363e+008
20525,9.7683e+007
20526,1.0581e+008
20527,1.0816e+008
20528,1.11e+008
20529,1.0283e+008
20530,6.5173e+007
20531,3.9628e+007
20532,9.0298e+007
20533,6.4833e+007
20534,7.6635e+007
20535,5.7534e+007
20536,1.0536e+008
20537,8.2736e+007
20538,1.1367e+008
20539,1.1795e+008
20540,1.0718e+008
20541,1.2426e+008
20542,1.3038e+008
20543,1.3241e+008
20544,3.6172e+007
20545,2.9817e+007
20546,5.4927e+007
20547,6.9043e+007
20548,3.7835e+007
20549,4.6973e+007
20550,8.709e+007
20551,3.6036e+007
20552,8.4817e+007
20553,4.2775e+007
20554,5.4217e+007
20555,3.7456e+007
20556,7.0237e+007
20557,7.5986e+007
20558,6.0701e+007
20559,5.5383e+007
20560,4.1299e+007
20561,3.5623e+007
20562,5.2401e+007
20563,4.4576e+007
20564,5.4322e+007
20565,4.173e+007
20566,4.7011e+007
20567,5.4777e+007
20568,1.5875e+008
20569,1.8446e+008
20570,1.8941e+008
20571,1.4769e+008
20572,1.7996e+008
20573,1.4718e+008
20574,1.4278e+008
20575,1.4604e+008
20576,8.1589e+007
20577,3.8865e+007
20578,4.2932e+007
20579,3.0797e+007
20580,3.7741e+007
20581,1.8136e+007
20582,5.7585e+007
20583,9.8246e+007
20584,1.8865e+007
20585,1.7889e+008
20586,1.7351e+008
20587,1.4336e+008
20588,1.5618e+008
20589,1.4912e+008
20590,1.2494e+008
20591,1.249e+008
20592,1.3753e+008
20593,1.6704e+008
20594,2.0832e+008
20595,2.0802e+008
20596,2.0017e+008
20597,2.0851e+008
20598,1.9979e+008
20599,1.9145e+008
20600,2.0046e+008
20601,1.9715e+008
20602,2.0295e+008
20603,1.6846e+008
20604,1.735e+008
20605,1.7724e+008
20606,1.2935e+008
20607,1.4542e+008
20608,1.5363e+008
20609,1.4135e+008
20610,1.3465e+008
20611,1.2258e+008
20612,1.4014e+008
20613,4.1208e+007
20614,8.304e+007
20615,8.3566e+007
20616,2.6548e+007
20617,6.4747e+007
20618,8.7018e+007
20619,7.5966e+007
20620,2.1016e+007
20621,9.0838e+007
20622,8.3947e+007
20623,8.3327e+007
20624,2.1085e+008
20625,2.0155e+008
20626,2.1131e+008
20627,1.9964e+008
20628,2.0502e+008
20629,1.983e+008
20630,1.6665e+008
20631,1.742e+008
20632,1.5702e+008
20633,1.1548e+008
20634,1.1108e+008
20635,1.2738e+008
20636,9.4195e+007
20637,7.6846e+007
20638,1.4742e+008
20639,1.087e+008
20640,1.0183e+008
20641,1.4528e+008
20642,2.3572e+007
20643,4.5139e+007
20644,5.4361e+007
20645,7.7899e+007
20646,7.3645e+007
20647,7.6053e+007
20648,7.3569e+007
20649,8.1649e+007
20650,7.3046e+007
20651,7.3732e+007
20652,3.2172e+007
20653,1.8359e+008
20654,1.9139e+008
20655,1.9074e+008
20656,1.6041e+008
20657,1.7227e+008
20658,1.9318e+008
20659,1.3561e+008
20660,1.505e+008
20661,1.688e+008
20662,1.9564e+008
20663,1.9259e+008
20664,1.9725e+008
20665,1.6069e+008
20666,1.9341e+008
20667,1.357e+008
20668,1.4868e+008
20669,1.3683e+008
20670,2.0651e+008
20671,1.974e+008
20672,1.8613e+008
20673,1.6502e+008
20674,2.0351e+008
20675,1.5144e+008
20676,1.3709e+008
20677,2.0485e+008
20678,1.9958e+008
20679,2.0499e+008
20680,1.7999e+008
20681,1.3767e+008
20682,1.5819e+008
20683,1.7615e+008
20684,1.9248e+008
20685,2.0478e+008
20686,1.9642e+008
20687,2.1189e+008
20688,2.0194e+008
20689,1.6534e+008
20690,1.6559e+008
20691,1.6644e+008
20692,2.0039e+008
20693,1.9764e+008
20694,2.0045e+008
20695,1.7402e+008
20696,1.6178e+008
20697,1.6162e+008
20698,1.5321e+008
20699,2.021e+008
20700,2.0767e+008
20701,1.9577e+008
20702,1.9824e+008
20703,2.0961e+008
20704,1.7432e+008
20705,1.7518e+008
20706,1.5854e+008
20707,1.3722e+008
20708,1.8658e+008
20709,2.0776e+008
20710,2.0805e+008
20711,1.6835e+008
20712,1.6048e+008
20713,1.8794e+008
20714,1.6518e+008
20715,1.5641e+008
20716,1.5809e+008
20717,1.648e+008
20718,2.0392e+008
20719,2.0553e+008
20720,1.9801e+008
20721,2.0934e+008
20722,1.9525e+008
20723,2.0528e+008
20724,1.9955e+008
20725,2.0629e+008
20726,2.0633e+008
20727,2.0198e+008
20728,1.9709e+008
20729,1.9386e+008
20730,1.8248e+008
20731,1.9489e+008
20732,2.0955e+008
20733,2.0489e+008
20734,1.9937e+008
20735,1.6705e+008
20736,1.9227e+008
20737,1.8119e+008
20738,1.6651e+008
20739,2.1093e+008
20740,2.1051e+008
20741,2.1027e+008
20742,1.8744e+008
20743,2.0522e+008
20744,1.7264e+008
20745,1.8625e+008
20746,1.1244e+008
20747,1.0845e+008
20748,8.5392e+007
20749,7.5908e+007
20750,7.5315e+007
20751,6.5583e+007
20752,8.0832e+007
20753,6.9858e+007
20754,1.9748e+008
20755,2.0647e+008
20756,2.082e+008
20757,2.1092e+008
20758,2.1018e+008
20759,1.8686e+008
20760,1.6343e+008
20761,1.8381e+008
20762,1.8206e+008
20763,1.7745e+008
20764,1.8011e+008
20765,1.9514e+008
20766,2.0289e+008
20767,2.0869e+008
20768,2.0906e+008
20769,2.0335e+008
20770,2.0899e+008
20771,1.8123e+008
20772,1.8209e+008
20773,1.9866e+008
20774,2.0904e+008
20775,2.0513e+008
20776,2.0374e+008
20777,2.0057e+008
20778,1.834e+008
20779,1.7657e+008
20780,2.0354e+008
20781,1.8107e+008
20782,2.1219e+008
20783,1.975e+008
20784,2.0978e+008
20785,1.9314e+008
20786,1.8819e+008
20787,2.0781e+008
20788,1.8008e+008
20789,2.1015e+008
20790,2.1142e+008
20791,1.9782e+008
20792,2.0769e+008
20793,1.743e+008
20794,1.9417e+008
20795,1.7081e+008
20796,1.9136e+008
20797,1.422e+006
20798,1.964e+008
20799,2.0728e+008
20800,2.0927e+008
20801,2.0423e+008
20802,1.9651e+008
20803,2.0197e+008
20804,1.8929e+008
20805,1.8809e+008
20806,1.8823e+008
20807,1.8077e+008
20808,2.0726e+008
20809,2.065e+008
20810,2.0817e+008
20811,1.8021e+008
20812,1.9313e+008
20813,1.7914e+008
20814,1.969e+008
20815,1.9122e+008
20816,2.0249e+008
20817,2.0377e+008
20818,2.0088e+008
20819,2.0729e+008
20820,1.8924e+008
20821,1.9785e+008
20822,2.0819e+008
20823,2.0903e+008
20824,2.0038e+008
20825,1.7418e+008
20826,1.9598e+008
20827,1.624e+008
20828,2.0823e+008
20829,1.9465e+008
20830,1.9674e+008
20831,2.0869e+008
20832,2.0945e+008
20833,1.9782e+008
20834,1.8011e+008
20835,1.9336e+008
20836,2.0543e+008
20837,2.0585e+008
20838,1.8522e+008
20839,2.0072e+008
20840,1.8037e+008
20841,1.9754e+008
20842,1.9647e+008
20843,2.0834e+008
20844,2.0966e+008
20845,1.9833e+008
20846,1.6452e+008
20847,2.0356e+008
20848,2.0741e+008
20849,1.9495e+008
20850,2.0855e+008
20851,1.902e+008
20852,2.0829e+008
20853,1.8036e+008
20854,1.7144e+008
20855,1.8441e+008
20856,1.9889e+008
20857,1.7458e+008
20858,1.5313e+008
20859,1.3679e+008
20860,1.7912e+008
20861,1.9841e+008
20862,1.7068e+008
20863,1.5335e+008
20864,1.5513e+008
20865,1.9644e+008
20866,2.0938e+008
20867,1.8748e+008
20868,2.0918e+008
20869,2.046e+008
20870,1.7718e+008
20871,1.7332e+008
20872,1.9164e+008
20873,1.692e+008
20874,1.4831e+008
20875,1.5493e+008
20876,1.4768e+008
20877,1.7718e+008
20878,2.0575e+008
20879,2.0896e+008
20880,1.4092e+008
20881,1.456e+008
20882,1.1888e+008
20883,2.0027e+008
20884,2.1066e+008
20885,1.9485e+008
20886,1.9343e+008
20887,1.5313e+008
20888,2.0032e+008
20889,1.5141e+008
20890,1.4015e+008
20891,1.4398e+008
20892,2.0935e+008
20893,1.4962e+008
20894,1.9651e+008
20895,1.3501e+008
20896,1.6843e+008
20897,1.5095e+008
20898,1.3933e+008
20899,2.045e+008
20900,1.8592e+008
20901,2.0794e+008
20902,2.1183e+008
20903,1.5018e+008
20904,1.6083e+008
20905,1.2283e+008
20906,1.7244e+008
20907,1.0416e+008
20908,1.9211e+008
20909,2.0889e+008
20910,1.9684e+008
20911,1.9416e+008
20912,1.6435e+008
20913,1.6921e+008
20914,1.48e+008
20915,1.7986e+008
20916,2.1223e+008
20917,2.0745e+008
20918,1.6517e+008
20919,1.5882e+008
20920,1.6591e+008
20921,2.0782e+008
20922,1.957e+008
20923,2.0713e+008
20924,2.0724e+008
20925,1.7237e+008
20926,2.0073e+008
20927,2.0325e+008
20928,2.0565e+008
20929,1.8556e+008
20930,2.0668e+008
20931,2.0959e+008
20932,2.0461e+008
20933,1.806e+008
20934,1.618e+008
20935,1.5412e+008
20936,1.9131e+008
20937,2.0823e+008
20938,2.008e+008
20939,1.9102e+008
20940,2.0808e+008
20941,1.8801e+008
20942,1.9988e+008
20943,2.041e+008
20944,2.0561e+008
20945,1.909e+008
20946,1.9895e+008
20947,1.8904e+008
20948,1.6827e+008
20949,2.0044e+008
20950,1.8479e+008
20951,1.9191e+008
20952,2.0145e+008
20953,1.5457e+008
20954,1.7807e+008
20955,2.0674e+008
20956,2.0158e+008
20957,2.087e+008
20958,2.0519e+008
20959,2.0839e+008
20960,2.049e+008
20961,2.0816e+008
20962,1.9436e+008
20963,1.859e+008
20964,1.9083e+008
20965,1.5628e+008
20966,2.0356e+008
20967,2.0262e+008
20968,2.1155e+008
20969,1.9202e+008
20970,1.6423e+008
20971,1.9778e+008
20972,2.133e+008
20973,2.1149e+008
20974,1.3238e+008
20975,2.078e+008
20976,1.9057e+008
20977,2.1467e+008
20978,2.0191e+008
20979,2.1446e+008
20980,1.8223e+008
20981,1.4556e+008
20982,2.044e+008
20983,2.0596e+008
20984,2.0832e+008
20985,1.8746e+008
20986,2.1171e+008
20987,1.8554e+008
20988,1.9105e+008
20989,2.0315e+008
20990,1.4619e+008
20991,1.4047e+008
20992,1.5688e+008
20993,1.43e+008
20994,1.0026e+008
20995,1.0582e+008
20996,1.1348e+008
20997,9.598e+007
20998,1.5869e+008
20999,1.7198e+008
21000,1.8014e+008
21001,1.0162e+008
21002,1.0585e+008
21003,1.6129e+008
21004,1.7415e+008
21005,2.0894e+008
21006,2.0277e+008
21007,2.0084e+008
21008,2.0228e+008
21009,1.7713e+008
21010,1.9713e+008
21011,2.0887e+008
21012,1.1843e+008
21013,1.373e+008
21014,9.983e+007
21015,1.654e+008
21016,1.3668e+008
21017,1.172e+008
21018,9.1465e+007
21019,1.0759e+008
21020,8.2852e+007
21021,8.129e+007
21022,8.3536e+007
21023,6.4746e+007
21024,5.9815e+007
21025,5.9754e+007
21026,6.0987e+007
21027,5.7967e+007
21028,6.4788e+007
21029,5.6272e+007
21030,5.6275e+007
21031,1.3585e+008
21032,9.9524e+007
21033,1.0014e+008
21034,1.3073e+008
21035,8.1209e+007
21036,1.048e+008
21037,8.97e+007
21038,9.5873e+007
21039,1.2005e+008
21040,1.3453e+008
21041,1.4287e+008
21042,1.0618e+008
21043,1.4067e+008
21044,9.0023e+007
21045,1.0804e+008
21046,9.1966e+007
21047,1.04e+008
21048,9.7448e+007
21049,7.8589e+007
21050,8.9369e+007
21051,7.7328e+007
21052,6.9441e+007
21053,1.6216e+008
21054,1.7041e+008
21055,1.6007e+008
21056,1.4163e+008
21057,1.3731e+008
21058,1.1522e+008
21059,1.0941e+008
21060,1.5136e+008
21061,1.1378e+008
21062,1.0061e+008
21063,1.109e+008
21064,8.4641e+007
21065,7.8313e+007
21066,8.4849e+007
21067,7.8741e+007
21068,1.1293e+008
21069,1.1981e+008
21070,1.2229e+008
21071,9.4051e+007
21072,9.3436e+007
21073,1.1849e+008
21074,9.6357e+007
21075,2.053e+008
21076,1.9718e+008
21077,2.0823e+008
21078,1.9071e+008
21079,2.0567e+008
21080,2.0362e+008
21081,1.8238e+008
21082,1.5995e+008
21083,1.7282e+008
21084,2.0644e+008
21085,2.0925e+008
21086,2.0249e+008
21087,1.5462e+008
21088,2.041e+008
21089,1.6689e+008
21090,1.6795e+008
21091,2.0838e+008
21092,2.0899e+008
21093,2.0719e+008
21094,1.8438e+008
21095,1.8415e+008
21096,1.7121e+008
21097,2.1125e+008
21098,2.0824e+008
21099,2.0934e+008
21100,2.094e+008
21101,1.5902e+008
21102,1.6118e+008
21103,1.6995e+008
21104,2.0999e+008
21105,2.0414e+008
21106,2.0337e+008
21107,2.1148e+008
21108,1.2771e+008
21109,2.059e+008
21110,1.3079e+008
21111,1.9504e+008
21112,1.5981e+008
21113,2.0473e+008
21114,2.0246e+008
21115,1.6426e+008
21116,1.6372e+008
21117,1.6016e+008
21118,1.0084e+008
21119,1.0131e+008
21120,8.5414e+007
21121,7.441e+007
21122,8.2139e+007
21123,6.8831e+007
21124,7.236e+007
21125,1.3038e+008
21126,1.1916e+008
21127,9.1211e+007
21128,8.1999e+007
21129,1.0471e+008
21130,1.0914e+008
21131,1.0117e+008
21132,8.6989e+007
21133,9.0951e+007
21134,1.1266e+008
21135,8.0543e+007
21136,7.8515e+007
21137,7.6949e+007
21138,1.2685e+008
21139,1.4754e+008
21140,8.7115e+007
21141,8.8543e+007
21142,8.4057e+007
21143,7.6944e+007
21144,9.7288e+007
21145,1.3584e+008
21146,2.0776e+008
21147,2.0209e+008
21148,1.9952e+008
21149,1.8349e+008
21150,1.7295e+008
21151,1.4519e+008
21152,1.7243e+008
21153,1.7581e+008
21154,2.0732e+008
21155,1.9963e+008
21156,2.0719e+008
21157,1.7971e+008
21158,1.9789e+008
21159,1.8563e+008
21160,1.9557e+008
21161,2.0628e+008
21162,2.106e+008
21163,1.6725e+008
21164,1.8069e+008
21165,1.7796e+008
21166,2.0966e+008
21167,1.7238e+008
21168,1.4639e+008
21169,1.506e+008
21170,1.8268e+008
21171,2.0719e+008
21172,2.079e+008
21173,2.0866e+008
21174,2.0578e+008
21175,2.0432e+008
21176,2.0591e+008
21177,1.339e+008
21178,1.9465e+008
21179,2.0334e+008
21180,2.104e+008
21181,1.883e+008
21182,2.0891e+008
21183,2.0854e+008
21184,1.7994e+008
21185,1.8454e+008
21186,1.7894e+008
21187,2.0732e+008
21188,1.9497e+008
21189,1.9746e+008
21190,1.6216e+008
21191,1.9594e+008
21192,1.624e+008
21193,1.719e+008
21194,1.6191e+008
21195,1.5621e+008
21196,1.8855e+008
21197,2.0922e+008
21198,1.8319e+008
21199,1.8576e+008
21200,1.7569e+008
21201,1.4526e+008
21202,1.7881e+008
21203,2.0985e+008
21204,2.0975e+008
21205,2.1177e+008
21206,1.8699e+008
21207,1.6759e+008
21208,1.5515e+008
21209,1.9842e+008
21210,2.1012e+008
21211,1.9902e+008
21212,1.7888e+008
21213,1.682e+008
21214,1.8346e+008
21215,2.0993e+008
21216,2.0958e+008
21217,1.9549e+008
21218,2.0976e+008
21219,2.0443e+008
21220,1.948e+008
21221,2.0839e+008
21222,1.8163e+008
21223,1.8896e+008
21224,1.7622e+008
21225,2.0582e+008
21226,2.0988e+008
21227,1.8439e+008
21228,2.0417e+008
21229,1.8733e+008
21230,1.8292e+008
21231,1.7085e+008
21232,1.8656e+008
21233,1.6832e+008
21234,1.9575e+008
21235,1.9265e+008
21236,2.0572e+008
21237,2.0689e+008
21238,1.9138e+008
21239,1.9218e+008
21240,1.752e+008
21241,1.9292e+008
21242,1.6704e+008
21243,2.0765e+008
21244,2.0702e+008
21245,1.9323e+008
21246,1.9801e+008
21247,1.9092e+008
21248,1.8863e+008
21249,1.8889e+008
21250,1.9191e+008
21251,1.9629e+008
21252,1.9216e+008
21253,1.8659e+008
21254,1.9133e+008
21255,2.0677e+008
21256,2.0774e+008
21257,2.0779e+008
21258,1.8914e+008
21259,1.8592e+008
21260,1.8697e+008
21261,1.9981e+008
21262,1.9081e+008
21263,2.0571e+008
21264,2.085e+008
21265,1.6777e+008
21266,1.8716e+008
21267,1.8147e+008
21268,1.7738e+008
21269,1.8812e+008
21270,1.5615e+008
21271,1.8578e+008
21272,1.6792e+008
21273,1.8918e+008
21274,2.0709e+008
21275,1.9696e+008
21276,2.027e+008
21277,2.0471e+008
21278,1.4924e+008
21279,1.7474e+008
21280,2.0849e+008
21281,1.9463e+008
21282,1.9539e+008
21283,1.9101e+008
21284,2.0041e+008
21285,1.8908e+008
21286,1.8369e+008
21287,1.8085e+008
21288,2.0108e+008
21289,1.9884e+008
21290,2.091e+008
21291,2.0747e+008
21292,2.0301e+008
21293,1.6777e+008
21294,1.586e+008
21295,1.6187e+008
21296,1.3655e+008
21297,1.9594e+008
21298,1.9744e+008
21299,1.9961e+008
21300,2.0857e+008
21301,2.09e+008
21302,1.7181e+008
21303,1.6441e+008
21304,1.525e+008
21305,1.2427e+008
21306,1.9278e+008
21307,2.0586e+008
21308,2.1184e+008
21309,2.0229e+008
21310,2.0192e+008
21311,1.7017e+008
21312,1.6537e+008
21313,1.7588e+008
21314,1.9451e+008
21315,2.0768e+008
21316,1.9074e+008
21317,2.0791e+008
21318,1.9721e+008
21319,2.0868e+008
21320,1.4436e+008
21321,1.5281e+008
21322,1.4406e+008
21323,1.6467e+008
21324,1.1857e+008
21325,1.9622e+008
21326,1.9319e+008
21327,1.9077e+008
21328,1.9568e+008
21329,1.8165e+008
21330,1.6431e+008
21331,1.7423e+008
21332,1.4496e+008
21333,1.5997e+008
21334,1.3864e+008
21335,2.0126e+008
21336,1.966e+008
21337,2.0414e+008
21338,1.5079e+008
21339,1.5084e+008
21340,1.5611e+008
21341,1.6431e+008
21342,2.0613e+008
21343,1.6968e+008
21344,1.5186e+008
21345,1.5376e+008
21346,1.6521e+008
21347,1.7297e+008
21348,1.9569e+008
21349,2.0819e+008
21350,1.8691e+008
21351,1.8353e+008
21352,1.8835e+008
21353,2.0405e+008
21354,2.0896e+008
21355,2.0933e+008
21356,1.9984e+008
21357,1.9472e+008
21358,1.95e+008
21359,2.0701e+008
21360,2.0343e+008
21361,2.0649e+008
21362,1.7597e+008
21363,1.937e+008
21364,1.8626e+008
21365,1.7129e+008
21366,1.8702e+008
21367,1.8277e+008
21368,2.0503e+008
21369,2.1021e+008
21370,2.0963e+008
21371,1.9686e+008
21372,2.0835e+008
21373,1.8155e+008
21374,1.9828e+008
21375,1.9046e+008
21376,1.783e+008
21377,2.0982e+008
21378,2.0459e+008
21379,1.9713e+008
21380,2.0026e+008
21381,1.978e+008
21382,1.8629e+008
21383,1.978e+008
21384,2.0468e+008
21385,2.0539e+008
21386,1.9596e+008
21387,2.0348e+008
21388,1.9812e+008
21389,2.08e+008
21390,2.0128e+008
21391,1.9675e+008
21392,1.9118e+008
21393,1.933e+008
21394,2.0339e+008
21395,1.9035e+008
21396,1.541e+008
21397,1.9134e+008
21398,1.9659e+008
21399,2.0773e+008
21400,1.9132e+008
21401,1.6336e+008
21402,2.0227e+008
21403,2.0918e+008
21404,1.9101e+008
21405,2.1199e+008
21406,1.8402e+008
21407,1.8427e+008
21408,2.0035e+008
21409,1.7192e+008
21410,2.0708e+008
21411,2.0752e+008
21412,2.0774e+008
21413,2.0902e+008
21414,1.9269e+008
21415,2.1004e+008
21416,1.9484e+008
21417,1.8419e+008
21418,2.08e+008
21419,2.0663e+008
21420,1.8484e+008
21421,2.0819e+008
21422,2.0721e+008
21423,2.081e+008
21424,1.6326e+008
21425,2.0118e+008
21426,2.0673e+008
21427,1.9168e+008
21428,2.0925e+008
21429,1.9528e+008
21430,2.0886e+008
21431,1.903e+008
21432,1.9964e+008
21433,2.1098e+008
21434,1.8931e+008
21435,1.8593e+008
21436,1.9117e+008
21437,2.0782e+008
21438,2.1308e+008
21439,2.0228e+008
21440,1.7814e+008
21441,1.8949e+008
21442,2.055e+008
21443,2.0754e+008
21444,1.6574e+008
21445,1.5872e+008
21446,1.8271e+008
21447,1.9448e+008
21448,1.9289e+008
21449,2.0964e+008
21450,2.0275e+008
21451,1.841e+008
21452,2.01e+008
21453,2.0522e+008
21454,2.1245e+008
21455,2.1018e+008
21456,1.9869e+008
21457,2.1154e+008
21458,1.9862e+008
21459,1.6742e+008
21460,1.6801e+008
21461,2.0077e+008
21462,1.7734e+008
21463,1.9918e+008
21464,2.0983e+008
21465,2.0936e+008
21466,2.0193e+008
21467,2.0378e+008
21468,1.6462e+008
21469,1.6555e+008
21470,2.0268e+008
21471,2.054e+008
21472,1.6628e+008
21473,1.7636e+008
21474,2.0389e+008
21475,1.4249e+008
21476,2.0982e+008
21477,2.0536e+008
21478,2.0995e+008
21479,2.1087e+008
21480,2.1042e+008
21481,2.0733e+008
21482,1.9458e+008
21483,2.0891e+008
21484,1.7736e+008
21485,1.653e+008
21486,2.0466e+008
21487,2.0996e+008
21488,1.5964e+008
21489,1.6592e+008
21490,1.8534e+008
21491,2.0856e+008
21492,2.0853e+008
21493,2.0615e+008
21494,1.972e+008
21495,1.7378e+008
21496,1.6204e+008
21497,1.9529e+008
21498,1.289e+008
21499,1.0014e+008
21500,1.1035e+008
21501,8.9658e+007
21502,1.069e+008
21503,1.2165e+008
21504,8.0362e+007
21505,8.1362e+007
21506,1.5443e+008
21507,1.0609e+008
21508,1.2658e+008
21509,1.3226e+008
21510,1.247e+008
21511,1.5879e+008
21512,1.6984e+008
21513,1.6282e+008
21514,1.7981e+008
21515,1.0973e+008
21516,1.4541e+008
21517,1.198e+008
21518,1.4385e+008
21519,1.6829e+008
21520,1.4831e+008
21521,1.0247e+008
21522,1.4306e+008
21523,1.3464e+008
21524,1.0494e+008
21525,9.6582e+007
21526,1.0248e+008
21527,9.7986e+007
21528,8.9991e+007
21529,9.7804e+007
21530,9.72e+007
21531,8.09e+007
21532,7.5605e+007
21533,6.8883e+007
21534,6.9165e+007
21535,7.7154e+007
21536,1.692e+008
21537,1.7323e+008
21538,1.1659e+008
21539,1.8734e+008
21540,1.1781e+008
21541,1.5126e+008
21542,1.2204e+008
21543,1.3665e+008
21544,1.1446e+008
21545,9.5292e+007
21546,9.6445e+007
21547,2.1233e+008
21548,2.1259e+008
21549,2.0535e+008
21550,2.0996e+008
21551,2.0311e+008
21552,1.6295e+008
21553,1.5476e+008
21554,1.7004e+008
21555,1.6639e+008
21556,1.3774e+008
21557,1.9772e+008
21558,2.0795e+008
21559,2.0351e+008
21560,1.9166e+008
21561,1.5215e+008
21562,1.6409e+008
21563,1.6759e+008
21564,2.034e+008
21565,2.0913e+008
21566,2.0281e+008
21567,2.0481e+008
21568,2.1057e+008
21569,1.8093e+008
21570,2.0309e+008
21571,1.5584e+008
21572,2.0796e+008
21573,1.6456e+008
21574,2.0253e+008
21575,2.0436e+008
21576,1.6693e+008
21577,1.8075e+008
21578,2.1037e+008
21579,1.6418e+008
21580,2.051e+008
21581,1.9833e+008
21582,1.9757e+008
21583,1.9049e+008
21584,2.1053e+008
21585,1.8926e+008
21586,2.0562e+008
21587,1.8739e+008
21588,2.0482e+008
21589,2.0246e+008
21590,1.9555e+008
21591,1.8391e+008
21592,1.843e+008
21593,2.0462e+008
21594,1.8775e+008
21595,2.0736e+008
21596,2.0312e+008
21597,1.7339e+008
21598,1.6307e+008
21599,1.6965e+008
21600,1.595e+008
21601,1.2539e+008
21602,1.8316e+008
21603,1.2435e+008
21604,1.4042e+008
21605,1.3589e+008
21606,1.384e+008
21607,9.5329e+007
21608,1.0667e+008
21609,1.1574e+008
21610,9.3024e+007
21611,1.091e+008
21612,7.9061e+007
21613,1.9439e+008
21614,1.9368e+008
21615,1.8946e+008
21616,2.0221e+008
21617,1.4185e+008
21618,1.502e+008
21619,1.4075e+008
21620,1.1632e+008
21621,1.1898e+008
21622,1.8701e+008
21623,1.9551e+008
21624,2.1087e+008
21625,2.0097e+008
21626,2.0045e+008
21627,1.5398e+008
21628,1.3893e+008
21629,1.2905e+008
21630,2.0216e+008
21631,1.8935e+008
21632,1.9834e+008
21633,1.7728e+008
21634,1.2147e+008
21635,1.3681e+008
21636,1.1273e+008
21637,1.9316e+008
21638,2.076e+008
21639,1.6571e+008
21640,1.787e+008
21641,2.0327e+008
21642,1.9236e+008
21643,1.1715e+008
21644,1.9686e+008
21645,1.6628e+008
21646,1.6052e+008
21647,1.6236e+008
21648,1.7365e+008
21649,1.9982e+008
21650,1.9687e+008
21651,2.0292e+008
21652,2.095e+008
21653,1.7754e+008
21654,1.8726e+008
21655,1.8957e+008
21656,1.5211e+008
21657,1.9584e+008
21658,1.9675e+008
21659,1.9824e+008
21660,1.7012e+008
21661,1.6418e+008
21662,1.6788e+008
21663,1.3395e+008
21664,2.1161e+008
21665,2.0887e+008
21666,2.1027e+008
21667,1.751e+008
21668,2.0668e+008
21669,1.5173e+008
21670,1.7457e+008
21671,1.2928e+008
21672,1.976e+008
21673,1.9946e+008
21674,2.0783e+008
21675,1.7125e+008
21676,2.0243e+008
21677,1.6913e+008
21678,1.7651e+008
21679,1.9517e+008
21680,1.5293e+008
21681,1.693e+008
21682,1.5153e+008
21683,1.5799e+008
21684,1.6395e+008
21685,2.0565e+008
21686,1.8053e+008
21687,1.6767e+008
21688,1.6922e+008
21689,1.6075e+008
21690,1.2981e+008
21691,2.0714e+008
21692,1.7946e+008
21693,2.0038e+008
21694,2.0451e+008
21695,1.7472e+008
21696,1.5097e+008
21697,2.0236e+008
21698,1.9697e+008
21699,2.0665e+008
21700,1.9022e+008
21701,1.689e+008
21702,1.7501e+008
21703,2.0635e+008
21704,1.786e+008
21705,1.6659e+008
21706,1.9275e+008
21707,2.0962e+008
21708,1.8362e+008
21709,1.8394e+008
21710,1.9333e+008
21711,1.9964e+008
21712,2.0841e+008
21713,1.9775e+008
21714,2.1031e+008
21715,1.7723e+008
21716,2.0299e+008
21717,2.0727e+008
21718,1.9233e+008
21719,1.996e+008
21720,2.0589e+008
21721,1.8411e+008
21722,1.9228e+008
21723,1.9711e+008
21724,1.7696e+008
21725,1.8746e+008
21726,2.0834e+008
21727,2.0119e+008
21728,1.9818e+008
21729,1.8149e+008
21730,1.8856e+008
21731,1.5986e+008
21732,1.9036e+008
21733,1.9769e+008
21734,2.0247e+008
21735,2.0092e+008
21736,2.0388e+008
21737,1.7077e+008
21738,1.9817e+008
21739,1.8703e+008
21740,2.0994e+008
21741,1.9099e+008
21742,1.9246e+008
21743,2.0612e+008
21744,2.073e+008
21745,2.0217e+008
21746,2.0791e+008
21747,2.0559e+008
21748,1.9615e+008
21749,1.971e+008
21750,1.876e+008
21751,1.9514e+008
21752,1.3163e+008
21753,1.9968e+008
21754,1.9747e+008
21755,1.8814e+008
21756,1.9254e+008
21757,1.2496e+008
21758,1.4453e+008
21759,1.5135e+008
21760,1.5901e+008
21761,1.6583e+008
21762,1.5515e+008
21763,2.0066e+008
21764,1.8138e+008
21765,1.687e+008
21766,1.3143e+008
21767,1.5802e+008
21768,8.7076e+007
21769,8.104e+007
21770,6.8065e+007
21771,1.0159e+008
21772,7.7017e+007
21773,1.0108e+008
21774,8.8579e+007
21775,7.4394e+007
21776,8.8956e+007
21777,1.4136e+008
21778,1.4589e+008
21779,1.3564e+008
21780,1.1222e+008
21781,1.6552e+008
21782,1.0799e+008
21783,9.3239e+007
21784,1.1043e+008
21785,2.0665e+008
21786,2.0414e+008
21787,1.9218e+008
21788,2.0882e+008
21789,1.8157e+008
21790,1.5928e+008
21791,1.8265e+008
21792,1.6657e+008
21793,2.0415e+008
21794,2.0855e+008
21795,1.8299e+008
21796,2.0025e+008
21797,2.0895e+008
21798,1.5871e+008
21799,2.0998e+008
21800,1.5194e+008
21801,1.7899e+008
21802,2.0813e+008
21803,2.0422e+008
21804,2.0654e+008
21805,1.6337e+008
21806,1.9969e+008
21807,1.7682e+008
21808,1.3929e+008
21809,1.9249e+008
21810,1.8823e+008
21811,1.8932e+008
21812,1.8684e+008
21813,1.0575e+008
21814,1.2309e+008
21815,1.5706e+008
21816,9.4005e+007
21817,1.6504e+008
21818,9.1075e+007
21819,2.0397e+008
21820,1.998e+008
21821,1.1687e+008
21822,1.676e+008
21823,1.0657e+008
21824,1.9709e+008
21825,2.1134e+008
21826,1.884e+008
21827,1.5187e+008
21828,1.5641e+008
21829,1.16e+008
21830,2.0254e+008
21831,1.3483e+008
21832,1.2098e+008
21833,1.0821e+008
21834,2.0678e+008
21835,2.0379e+008
21836,2.0936e+008
21837,2.0928e+008
21838,1.828e+008
21839,1.9201e+008
21840,1.8063e+008
21841,1.8595e+008
21842,1.7111e+008
21843,1.9542e+008
21844,2.0267e+008
21845,2.0557e+008
21846,2.0604e+008
21847,2.0231e+008
21848,1.7434e+008
21849,1.7905e+008
21850,1.7754e+008
21851,1.6748e+008
21852,1.7682e+008
21853,1.9205e+008
21854,2.084e+008
21855,1.9955e+008
21856,1.9639e+008
21857,2.082e+008
21858,1.8643e+008
21859,1.8851e+008
21860,2.0786e+008
21861,2.0047e+008
21862,1.8763e+008
21863,2.006e+008
21864,1.9931e+008
21865,1.948e+008
21866,2.0519e+008
21867,1.7976e+008
21868,1.8437e+008
21869,1.976e+008
21870,2.1021e+008
21871,1.6279e+008
21872,1.5107e+008
21873,1.3758e+008
21874,1.1335e+008
21875,1.2155e+008
21876,1.1297e+008
21877,1.4579e+008
21878,1.8669e+008
21879,1.8992e+008
21880,2.0636e+008
21881,1.3351e+008
21882,1.691e+008
21883,1.32e+008
21884,1.0473e+008
21885,1.311e+008
21886,1.8263e+008
21887,1.9645e+008
21888,2.0935e+008
21889,1.8305e+008
21890,1.4121e+008
21891,1.7143e+008
21892,1.2287e+008
21893,1.9671e+008
21894,1.9845e+008
21895,1.919e+008
21896,1.74e+008
21897,1.2704e+008
21898,1.3659e+008
21899,1.2687e+008
21900,1.2917e+008
21901,2.0937e+008
21902,1.3109e+008
21903,1.4092e+008
21904,1.4517e+008
21905,1.63e+008
21906,1.922e+008
21907,2.1065e+008
21908,2.0036e+008
21909,1.8834e+008
21910,2.1098e+008
21911,1.635e+008
21912,1.9876e+008
21913,1.2655e+008
21914,1.4638e+008
21915,1.9561e+008
21916,2.065e+008
21917,1.9974e+008
21918,2.022e+008
21919,1.3821e+008
21920,1.8889e+008
21921,1.1472e+008
21922,1.7585e+008
21923,1.1359e+008
21924,1.2746e+008
21925,2.0129e+008
21926,1.9222e+008
21927,1.3351e+008
21928,1.668e+008
21929,1.0225e+008
21930,1.6348e+008
21931,9.0278e+007
21932,2.0465e+008
21933,1.9034e+008
21934,1.4682e+008
21935,1.7884e+008
21936,1.4369e+008
21937,1.5935e+008
21938,1.3728e+008
21939,1.9338e+008
21940,1.9288e+008
21941,1.876e+008
21942,1.248e+008
21943,1.8474e+008
21944,1.9214e+008
21945,2.0662e+008
21946,1.9576e+008
21947,2.0216e+008
21948,2.0747e+008
21949,1.9473e+008
21950,1.8021e+008
21951,1.9392e+008
21952,2.0872e+008
21953,2.0907e+008
21954,2.1009e+008
21955,2.0494e+008
21956,1.9803e+008
21957,1.9401e+008
21958,2.0477e+008
21959,1.8437e+008
21960,2.0819e+008
21961,1.8735e+008
21962,1.9816e+008
21963,2.0006e+008
21964,2.0804e+008
21965,1.8971e+008
21966,1.9867e+008
21967,2.0502e+008
21968,2.0557e+008
21969,1.7178e+008
21970,2.0252e+008
21971,2.0116e+008
21972,2.0043e+008
21973,1.8363e+008
21974,2.0941e+008
21975,1.9931e+008
21976,1.9437e+008
21977,1.9919e+008
21978,1.9608e+008
21979,1.9852e+008
21980,1.8247e+008
21981,2.0346e+008
21982,2.0935e+008
21983,2.0888e+008
21984,2.1133e+008
21985,1.9117e+008
21986,1.9111e+008
21987,2.0955e+008
21988,2.0772e+008
21989,1.992e+008
21990,2.053e+008
21991,2.0973e+008
21992,2.0824e+008
21993,1.6953e+008
21994,1.7225e+008
21995,1.6979e+008
21996,2.0923e+008
21997,2.0044e+008
21998,1.8085e+008
21999,1.8997e+008
22000,1.7855e+008
22001,2.0601e+008
22002,1.6342e+008
22003,1.3522e+008
22004,1.9543e+008
22005,2.0642e+008
22006,2.05e+008
22007,2.0113e+008
22008,1.6359e+008
22009,2.124e+008
22010,1.8857e+008
22011,1.6269e+008
22012,1.86e+008
22013,1.7428e+008
22014,1.68e+008
22015,1.1896e+008
22016,1.1725e+008
22017,1.0741e+008
22018,8.0541e+007
22019,1.0914e+008
22020,1.6987e+008
22021,1.4501e+008
22022,1.0779e+008
22023,1.1537e+008
22024,9.1995e+007
22025,1.3026e+008
22026,1.8964e+008
22027,1.5692e+008
22028,1.666e+008
22029,9.7907e+007
22030,9.8267e+007
22031,9.9817e+007
22032,2.0001e+008
22033,1.739e+008
22034,1.0804e+008
22035,8.9979e+007
22036,6.0434e+007
22037,9.4252e+007
22038,7.6319e+007
22039,3.1656e+007
22040,8.4984e+007
22041,3.6176e+007
22042,1.7488e+008
22043,1.976e+008
22044,1.9861e+008
22045,1.8085e+008
22046,1.6183e+008
22047,1.8167e+008
22048,1.7316e+008
22049,1.5749e+008
22050,1.561e+008
22051,1.3445e+008
22052,1.1153e+008
22053,1.0696e+008
22054,1.1318e+008
22055,1.0141e+008
22056,8.9527e+007
22057,1.4137e+008
22058,1.5117e+008
22059,1.1451e+008
22060,1.4832e+008
22061,1.365e+008
22062,2.0717e+008
22063,1.9456e+008
22064,1.8374e+008
22065,1.8993e+008
22066,1.5218e+008
22067,1.7074e+008
22068,1.5914e+008
22069,2.0465e+008
22070,2.0375e+008
22071,1.9498e+008
22072,2.0782e+008
22073,1.3916e+008
22074,1.4857e+008
22075,1.988e+008
22076,1.8687e+008
22077,1.8303e+008
22078,2.0465e+008
22079,1.7374e+008
22080,1.3832e+008
22081,1.8829e+008
22082,1.2931e+008
22083,2.0519e+008
22084,2.0068e+008
22085,1.7153e+008
22086,2.0015e+008
22087,1.8215e+008
22088,1.8185e+008
22089,1.9987e+008
22090,2.046e+008
22091,2.0105e+008
22092,1.8349e+008
22093,1.7772e+008
22094,1.9954e+008
22095,2.0904e+008
22096,1.9087e+008
22097,1.5583e+008
22098,1.9615e+008
22099,1.9263e+008
22100,1.05e+008
22101,1.4532e+008
22102,1.2478e+008
22103,1.3809e+008
22104,1.2473e+008
22105,1.0488e+008
22106,1.1986e+008
22107,1.2775e+008
22108,1.5608e+008
22109,1.082e+008
22110,7.8022e+007
22111,7.9671e+007
22112,7.3799e+007
22113,8.2762e+007
22114,2.0869e+008
22115,1.9821e+008
22116,2.0733e+008
22117,1.9431e+008
22118,1.9384e+008
22119,1.9817e+008
22120,1.5902e+008
22121,2.0795e+008
22122,1.9876e+008
22123,1.8575e+008
22124,1.9746e+008
22125,2.0648e+008
22126,2.0445e+008
22127,2.0928e+008
22128,1.9653e+008
22129,1.8496e+008
22130,1.9446e+008
22131,1.7514e+008
22132,1.9822e+008
22133,2.018e+008
22134,1.9896e+008
22135,2.0873e+008
22136,1.7586e+008
22137,1.8059e+008
22138,1.9338e+008
22139,1.9043e+008
22140,1.9545e+008
22141,2.0273e+008
22142,2.0835e+008
22143,2.0463e+008
22144,1.9763e+008
22145,2.0772e+008
22146,1.8208e+008
22147,1.9911e+008
22148,1.7709e+008
22149,1.6574e+008
22150,2.0674e+008
22151,2.0801e+008
22152,2.0662e+008
22153,2.0633e+008
22154,2.0137e+008
22155,1.9504e+008
22156,1.7316e+008
22157,1.9493e+008
22158,1.3107e+008
22159,1.1434e+008
22160,1.2577e+008
22161,9.7292e+007
22162,1.0651e+008
22163,9.8966e+007
22164,9.0579e+007
22165,1.3776e+008
22166,1.4086e+008
22167,1.317e+008
22168,1.2847e+008
22169,8.1971e+007
22170,9.724e+007
22171,8.6206e+007
22172,1.4805e+008
22173,1.4628e+008
22174,1.4353e+008
22175,1.2647e+008
22176,2.0841e+008
22177,1.3986e+008
22178,2.0695e+008
22179,1.9755e+008
22180,1.6042e+008
22181,2.1054e+008
22182,1.9698e+008
22183,2.0354e+008
22184,2.0821e+008
22185,2.0029e+008
22186,2.0692e+008
22187,1.7372e+008
22188,1.8067e+008
22189,1.7681e+008
22190,1.6111e+008
22191,1.7955e+008
22192,1.6976e+008
22193,1.3936e+008
22194,1.7988e+008
22195,2.0193e+008
22196,1.8732e+008
22197,1.9014e+008
22198,2.0335e+008
22199,2.0428e+008
22200,1.5611e+008
22201,2.0323e+008
22202,1.9346e+008
22203,1.3689e+008
22204,1.252e+008
22205,1.3325e+008
22206,1.6282e+008
22207,1.3162e+008
22208,1.4677e+008
22209,1.0648e+008
22210,1.1612e+008
22211,1.3956e+008
22212,2.0571e+008
22213,2.0523e+008
22214,2.0264e+008
22215,1.7895e+008
22216,1.7536e+008
22217,1.6767e+008
22218,1.6479e+008
22219,1.6905e+008
22220,2.0488e+008
22221,1.9925e+008
22222,2.0841e+008
22223,2.0134e+008
22224,1.9238e+008
22225,1.8069e+008
22226,2.0608e+008
22227,2.0248e+008
22228,2.0392e+008
22229,1.9823e+008
22230,1.7227e+008
22231,1.6058e+008
22232,1.9047e+008
22233,1.4803e+008
22234,1.3583e+008
22235,1.3117e+008
22236,1.885e+008
22237,1.5266e+008
22238,1.4994e+008
22239,1.6567e+008
22240,1.3122e+008
22241,1.867e+008
22242,1.2816e+008
22243,1.8447e+008
22244,1.5172e+008
22245,1.7278e+008
22246,1.3425e+008
22247,1.3768e+008
22248,1.0323e+008
22249,7.9105e+007
22250,1.1232e+008
22251,8.5684e+007
22252,6.8261e+007
22253,7.7205e+007
22254,1.2908e+008
22255,1.0635e+008
22256,1.3239e+008
22257,9.7262e+007
22258,9.1509e+007
22259,1.456e+008
22260,2.0851e+008
22261,2.0841e+008
22262,2.0045e+008
22263,1.8863e+008
22264,1.8707e+008
22265,1.8562e+008
22266,1.2124e+008
22267,8.5751e+007
22268,8.3397e+007
22269,1.0344e+008
22270,7.0708e+007
22271,8.4899e+007
22272,8.8652e+007
22273,8.5444e+007
22274,6.9118e+007
22275,8.7184e+007
22276,1.2821e+008
22277,1.3445e+008
22278,9.7636e+007
22279,1.3039e+008
22280,1.0738e+008
22281,1.4374e+008
22282,1.4947e+008
22283,1.4831e+008
22284,1.1699e+008
22285,1.6983e+008
22286,1.5342e+008
22287,1.3736e+008
22288,1.5746e+008
22289,1.8404e+008
22290,1.5739e+008
22291,1.6031e+008
22292,1.5892e+008
22293,1.8732e+008
22294,1.8171e+008
22295,1.6482e+008
22296,1.5576e+008
22297,1.7774e+008
22298,1.7442e+008
22299,1.4451e+008
22300,1.1712e+008
22301,8.8035e+007
22302,1.2156e+008
22303,1.2966e+008
22304,7.9951e+007
22305,9.355e+007
22306,9.2841e+007
22307,1.1759e+008
22308,6.6187e+007
22309,5.874e+007
22310,8.4818e+007
22311,9.3319e+007
22312,1.1841e+008
22313,9.089e+007
22314,8.3442e+007
22315,1.3716e+008
22316,1.5985e+008
22317,1.6005e+008
22318,1.4921e+008
22319,1.3918e+008
22320,2.0627e+008
22321,1.6937e+008
22322,2.086e+008
22323,7.7968e+007
22324,8.2633e+007
22325,1.5569e+008
22326,2.3314e+007
22327,1.4818e+008
22328,1.0491e+008
22329,7.046e+007
22330,4.7772e+007
22331,1.1146e+008
22332,1.5325e+008
22333,1.5877e+008
22334,1.379e+008
22335,1.5348e+008
22336,9.2772e+007
22337,1.2486e+008
22338,9.1965e+007
22339,1.5543e+008
22340,1.4088e+008
22341,9.0474e+007
22342,1.3922e+008
22343,1.6751e+008
22344,1.2324e+008
22345,1.0076e+008
22346,1.7377e+008
22347,1.2941e+008
22348,1.7122e+008
22349,2.0866e+008
22350,2.0486e+008
22351,2.0514e+008
22352,1.7858e+008
22353,2.1073e+008
22354,1.8058e+008
22355,1.8762e+008
22356,1.7127e+008
22357,9.4128e+007
22358,1.5145e+008
22359,1.733e+008
22360,1.5038e+008
22361,1.6679e+008
22362,1.1054e+008
22363,1.7275e+008
22364,2.0648e+008
22365,1.7947e+008
22366,2.0265e+008
22367,1.8142e+008
22368,2.1064e+008
22369,2.0569e+008
22370,2.0424e+008
22371,2.0294e+008
22372,1.8679e+008
22373,1.7827e+008
22374,2.0187e+008
22375,1.8059e+008
22376,2.0387e+008
22377,2.0987e+008
22378,1.9158e+008
22379,1.8053e+008
22380,1.4078e+008
22381,1.1444e+008
22382,1.5709e+008
22383,1.301e+008
22384,1.1737e+008
22385,1.4598e+008
22386,1.1945e+008
22387,1.7527e+008
22388,1.5854e+008
22389,1.4046e+008
22390,1.3085e+008
22391,1.0725e+008
22392,1.0096e+008
22393,1.0239e+008
22394,1.1504e+008
22395,9.8679e+007
22396,1.0418e+008
22397,1.0815e+008
22398,1.0525e+008
22399,1.1103e+008
22400,1.1725e+008
22401,1.0333e+008
22402,1.0613e+008
22403,1.1505e+008
22404,1.0815e+008
22405,1.1587e+008
22406,1.0513e+008
22407,1.4979e+008
22408,1.3678e+008
22409,8.7102e+007
22410,1.4109e+008
22411,1.6999e+008
22412,1.1247e+008
22413,9.6415e+007
22414,1.7231e+008
22415,1.4656e+008
22416,1.6223e+008
22417,1.8016e+008
22418,1.6942e+008
22419,1.6416e+008
22420,1.8029e+008
22421,1.0558e+008
22422,1.0966e+008
22423,9.9841e+007
22424,9.5055e+007
22425,6.8878e+007
22426,1.2619e+008
22427,9.2626e+007
22428,8.7298e+007
22429,9.7432e+007
22430,2.0052e+008
22431,1.9983e+008
22432,2.0064e+008
22433,1.9698e+008
22434,1.9906e+008
22435,7.2205e+007
22436,6.234e+007
22437,1.4288e+008
22438,1.2801e+008
22439,7.5532e+007
22440,5.459e+007
22441,1.056e+008
22442,7.9167e+007
22443,6.7879e+007
22444,6.0419e+007
22445,7.6107e+007
22446,6.5566e+007
22447,6.2308e+007
22448,7.3965e+007
22449,7.4549e+007
22450,1.0419e+008
22451,1.187e+008
22452,1.1901e+008
22453,8.8914e+007
22454,1.119e+008
22455,1.2585e+008
22456,8.3614e+007
22457,9.4804e+007
22458,9.2463e+007
22459,8.1895e+007
22460,8.9792e+007
22461,2.0084e+008
22462,2.0684e+008
22463,2.0815e+008
22464,1.7238e+008
22465,1.9419e+008
22466,1.9049e+008
22467,1.9183e+008
22468,1.9313e+008
22469,2.0468e+008
22470,1.865e+008
22471,1.7643e+008
22472,1.6818e+008
22473,9.3784e+007
22474,8.2937e+007
22475,9.0516e+007
22476,9.6551e+007
22477,9.4784e+007
22478,9.9949e+007
22479,2.0133e+008
22480,1.9966e+008
22481,2.0834e+008
22482,1.819e+008
22483,1.9234e+008
22484,2.0673e+008
22485,1.3626e+008
22486,1.5366e+008
22487,1.5624e+008
22488,1.9195e+008
22489,1.5706e+008
22490,2.0775e+008
22491,9.6456e+007
22492,5.2605e+007
22493,5.621e+007
22494,4.8597e+007
22495,1.0747e+008
22496,2.0127e+008
22497,2.0128e+008
22498,2.0531e+008
22499,1.7305e+008
22500,2.0285e+008
22501,1.7362e+008
22502,1.6999e+008
22503,1.9693e+008
22504,1.923e+008
22505,1.7248e+008
22506,1.9331e+008
22507,1.4531e+008
22508,1.7366e+008
22509,2.096e+008
22510,1.6773e+008
22511,1.8154e+008
22512,1.6462e+008
22513,1.4974e+008
22514,1.2723e+008
22515,1.1821e+008
22516,1.1617e+008
22517,1.19e+008
22518,1.7956e+008
22519,1.6252e+008
22520,1.3031e+008
22521,1.2069e+008
22522,1.4662e+008
22523,1.4385e+008
22524,2.1321e+008
22525,2.0561e+008
22526,2.0394e+008
22527,2.1216e+008
22528,1.8535e+008
22529,1.8029e+008
22530,2.0086e+008
22531,1.7719e+008
22532,1.6863e+008
22533,1.4461e+008
22534,1.52e+008
22535,1.1781e+008
22536,2.0486e+008
22537,2.0713e+008
22538,2.0459e+008
22539,1.6957e+008
22540,1.9077e+008
22541,2.0294e+008
22542,1.7196e+008
22543,1.9567e+008
22544,2.0895e+008
22545,1.9872e+008
22546,2.0224e+008
22547,1.9704e+008
22548,2.0774e+008
22549,2.08e+008
22550,2.0506e+008
22551,2.0042e+008
22552,1.8077e+008
22553,1.8941e+008
22554,2.0776e+008
22555,1.7497e+008
22556,2.0679e+008
22557,1.8524e+008
22558,2.0049e+008
22559,1.7039e+008
22560,1.6537e+008
22561,1.7422e+008
22562,1.4194e+008
22563,1.3882e+008
22564,1.3063e+008
22565,1.2001e+008
22566,1.1209e+008
22567,1.9769e+008
22568,2.0965e+008
22569,2.0897e+008
22570,1.7878e+008
22571,1.9651e+008
22572,1.8373e+008
22573,2.0466e+008
22574,1.7584e+008
22575,9.4028e+007
22576,7.69e+007
22577,9.1813e+007
22578,1.4152e+008
22579,1.279e+008
22580,7.7417e+007
22581,1.1352e+008
22582,1.5238e+008
22583,9.6053e+007
22584,1.0303e+008
22585,1.3881e+008
22586,1.1576e+008
22587,1.6654e+008
22588,1.9316e+008
22589,1.5402e+008
22590,1.6533e+008
22591,1.5461e+008
22592,1.5458e+008
22593,1.4715e+008
22594,1.7556e+008
22595,1.6092e+008
22596,9.1541e+007
22597,8.9586e+007
22598,1.0448e+008
22599,8.0964e+007
22600,4.5252e+007
22601,8.1392e+007
22602,5.9922e+007
22603,9.0029e+007
22604,5.6419e+007
22605,6.8635e+007
22606,8.4856e+007
22607,7.712e+007
22608,2.0323e+008
22609,1.9189e+008
22610,1.9941e+008
22611,1.7893e+008
22612,1.7846e+008
22613,2.0959e+008
22614,1.8024e+008
22615,1.7815e+008
22616,1.5385e+008
22617,2.0872e+008
22618,1.9858e+008
22619,1.9608e+008
22620,1.8663e+008
22621,1.8139e+008
22622,9.6753e+007
22623,7.9942e+007
22624,1.1228e+008
22625,8.7558e+007
22626,9.4505e+007
22627,8.6415e+007
22628,7.9072e+007
22629,1.2105e+008
22630,2.0126e+008
22631,1.9879e+008
22632,2.0783e+008
22633,1.5573e+008
22634,1.8257e+008
22635,1.9706e+008
22636,1.7317e+008
22637,1.5854e+008
22638,2.0879e+008
22639,2.0791e+008
22640,2.0731e+008
22641,2.0627e+008
22642,1.9729e+008
22643,1.7113e+008
22644,1.6249e+008
22645,1.6832e+008
22646,2.1035e+008
22647,2.0908e+008
22648,1.9142e+008
22649,1.6576e+008
22650,1.6388e+008
22651,1.9981e+008
22652,2.0756e+008
22653,2.0074e+008
22654,1.7585e+008
22655,2.0846e+008
22656,1.938e+008
22657,2.0622e+008
22658,1.8718e+008
22659,1.8556e+008
22660,1.96e+008
22661,1.7212e+008
22662,1.9031e+008
22663,1.849e+008
22664,1.6086e+008
22665,1.9009e+008
22666,1.0474e+008
22667,1.1238e+008
22668,1.4627e+008
22669,1.4475e+008
22670,1.3466e+008
22671,8.0988e+007
22672,6.7329e+007
22673,7.9383e+007
22674,8.5526e+007
22675,7.2237e+007
22676,7.6216e+007
22677,8.5477e+007
22678,6.8399e+007
22679,1.1597e+008
22680,1.1085e+008
22681,1.693e+008
22682,1.7048e+008
22683,1.4641e+008
22684,1.8372e+008
22685,1.4186e+008
22686,1.4362e+008
22687,2.0997e+008
22688,1.9005e+008
22689,1.7019e+008
22690,2.1007e+008
22691,1.7328e+008
22692,1.9251e+008
22693,2.1137e+008
22694,2.0203e+008
22695,1.8654e+008
22696,2.0745e+008
22697,1.8919e+008
22698,1.4427e+008
22699,1.7973e+008
22700,1.4166e+008
22701,1.091e+008
22702,9.5761e+007
22703,1.1536e+008
22704,1.9627e+008
22705,1.8134e+008
22706,1.3015e+008
22707,1.4768e+008
22708,1.2851e+008
22709,1.3713e+008
22710,1.3623e+008
22711,1.9793e+008
22712,2.1039e+008
22713,1.9567e+008
22714,1.9012e+008
22715,1.9108e+008
22716,1.889e+008
22717,1.748e+008
22718,1.8958e+008
22719,1.496e+008
22720,2.0173e+008
22721,1.9874e+008
22722,1.3491e+008
22723,1.5465e+008
22724,1.9765e+008
22725,1.9284e+008
22726,1.3677e+008
22727,1.0805e+008
22728,1.1144e+008
22729,1.7449e+008
22730,1.6955e+008
22731,1.2721e+008
22732,1.713e+008
22733,1.2569e+008
22734,1.2838e+008
22735,9.3758e+007
22736,9.1781e+007
22737,1.0105e+008
22738,1.0746e+008
22739,8.7766e+007
22740,1.0501e+008
22741,1.9191e+008
22742,2.0464e+008
22743,1.8766e+008
22744,1.9656e+008
22745,1.4671e+008
22746,1.3306e+008
22747,1.4951e+008
22748,1.4839e+008
22749,1.8089e+008
22750,1.598e+008
22751,1.3496e+008
22752,1.3632e+008
22753,2.0326e+008
22754,2.1069e+008
22755,1.9064e+008
22756,1.9643e+008
22757,2.083e+008
22758,2.0946e+008
22759,1.9681e+008
22760,1.9869e+008
22761,2.0417e+008
22762,1.9784e+008
22763,1.5611e+008
22764,1.7172e+008
22765,1.7342e+008
22766,1.5423e+008
22767,1.8834e+008
22768,1.9371e+008
22769,1.707e+008
22770,2.0794e+008
22771,1.9514e+008
22772,1.4915e+008
22773,1.7227e+008
22774,2.0457e+008
22775,2.0093e+008
22776,1.9343e+008
22777,1.6003e+008
22778,2.1182e+008
22779,1.9728e+008
22780,1.3764e+008
22781,1.9678e+008
22782,1.4046e+008
22783,1.3091e+008
22784,1.7192e+008
22785,1.5465e+008
22786,1.2111e+008
22787,1.143e+008
22788,1.2032e+008
22789,1.0129e+008
22790,2.0934e+008
22791,2.0437e+008
22792,1.9913e+008
22793,1.8925e+008
22794,2.0252e+008
22795,2.0748e+008
22796,2.0653e+008
22797,1.779e+008
22798,2.0801e+008
22799,1.7338e+008
22800,1.4259e+008
22801,1.9666e+008
22802,2.0789e+008
22803,1.7396e+008
22804,1.8308e+008
22805,1.6336e+008
22806,2.0512e+008
22807,1.9908e+008
22808,1.9947e+008
22809,1.5606e+008
22810,2.0836e+008
22811,2.0435e+008
22812,1.7332e+008
22813,1.8602e+008
22814,9.9002e+007
22815,1.1391e+008
22816,7.496e+007
22817,7.1362e+007
22818,7.4569e+007
22819,7.3539e+007
22820,6.6699e+007
22821,1.4591e+008
22822,1.2371e+008
22823,1.1458e+008
22824,1.7759e+008
22825,1.2621e+008
22826,1.2875e+008
22827,1.5224e+008
22828,1.2093e+008
22829,7.9029e+007
22830,8.6648e+007
22831,7.5423e+007
22832,7.9906e+007
22833,2.0953e+008
22834,2.0588e+008
22835,1.9757e+008
22836,1.9498e+008
22837,2.059e+008
22838,1.9246e+008
22839,1.7564e+008
22840,1.9772e+008
22841,2.0519e+008
22842,2.0763e+008
22843,1.6421e+008
22844,1.8357e+008
22845,1.7127e+008
22846,1.5739e+008
22847,1.5535e+008
22848,1.9746e+008
22849,1.6878e+008
22850,2.0446e+008
22851,1.6845e+008
22852,1.7466e+008
22853,1.5101e+008
22854,2.0276e+008
22855,1.8397e+008
22856,2.0681e+008
22857,1.8751e+008
22858,1.6246e+008
22859,2.0812e+008
22860,2.0293e+008
22861,1.9376e+008
22862,1.6539e+008
22863,1.9907e+008
22864,2.0716e+008
22865,1.836e+008
22866,1.9508e+008
22867,2.0629e+008
22868,1.9586e+008
22869,1.8788e+008
22870,2.0757e+008
22871,2.0674e+008
22872,1.8148e+008
22873,2.0117e+008
22874,1.9752e+008
22875,1.935e+008
22876,2.094e+008
22877,1.9056e+008
22878,1.9483e+008
22879,2.0746e+008
22880,2.0671e+008
22881,1.9954e+008
22882,1.6774e+008
22883,1.7784e+008
22884,1.5841e+008
22885,1.4854e+008
22886,1.5393e+008
22887,1.2727e+008
22888,2.0917e+008
22889,1.5062e+008
22890,1.8715e+008
22891,1.511e+008
22892,1.5359e+008
22893,2.0806e+008
22894,1.9648e+008
22895,1.9869e+008
22896,1.6187e+008
22897,1.9078e+008
22898,1.8995e+008
22899,2.0198e+008
22900,1.702e+008
22901,1.496e+008
22902,1.6258e+008
22903,1.6255e+008
22904,1.622e+008
22905,2.0004e+008
22906,2.0807e+008
22907,1.8814e+008
22908,1.7118e+008
22909,1.5208e+008
22910,1.9313e+008
22911,2.0112e+008
22912,1.8876e+008
22913,2.0735e+008
22914,1.7338e+008
22915,1.8687e+008
22916,1.9503e+008
22917,1.8814e+008
22918,2.0222e+008
22919,1.8614e+008
22920,1.964e+008
22921,1.727e+008
22922,2.0779e+008
22923,1.5971e+008
22924,1.9231e+008
22925,1.6576e+008
22926,1.9399e+008
22927,2.0989e+008
22928,1.7501e+008
22929,1.8571e+008
22930,1.9064e+008
22931,2.0158e+008
22932,1.8459e+008
22933,1.9527e+008
22934,2.0616e+008
22935,1.7793e+008
22936,1.7622e+008
22937,2.0463e+008
22938,2.0323e+008
22939,1.9566e+008
22940,2.1037e+008
22941,1.7142e+008
22942,1.4547e+008
22943,1.8621e+008
22944,1.8348e+008
22945,1.67e+008
22946,1.5459e+008
22947,1.8079e+008
22948,1.9553e+008
22949,1.9368e+008
22950,1.8022e+008
22951,1.6722e+008
22952,1.8663e+008
22953,1.7723e+008
22954,1.6641e+008
22955,1.8717e+008
22956,1.3861e+008
22957,1.6309e+008
22958,2.0211e+008
22959,1.9736e+008
22960,1.9695e+008
22961,2.0056e+008
22962,1.5569e+008
22963,1.9301e+008
22964,1.8847e+008
22965,1.9109e+008
22966,1.489e+008
22967,1.0332e+008
22968,1.5628e+008
22969,1.6816e+008
22970,2.1031e+008
22971,1.995e+008
22972,1.7346e+008
22973,1.7196e+008
22974,1.4981e+008
22975,1.6831e+008
22976,1.1277e+008
22977,2.0554e+008
22978,1.6356e+008
22979,1.6419e+008
22980,1.6852e+008
22981,1.8427e+008
22982,1.5899e+008
22983,1.7265e+008
22984,1.7193e+008
22985,2.0716e+008
22986,1.8624e+008
22987,1.7172e+008
22988,1.7832e+008
22989,1.7082e+008
22990,8.2375e+007
22991,1.0806e+008
22992,8.4622e+007
22993,8.2453e+007
22994,9.4487e+007
22995,7.3387e+007
22996,1.3086e+008
22997,1.1701e+008
22998,1.5155e+008
22999,1.0283e+008
23000,9.8456e+007
23001,1.1375e+008
23002,1.4456e+008
23003,1.1318e+008
23004,1.1937e+008
23005,1.507e+008
23006,1.6305e+008
23007,2.0656e+008
23008,1.7296e+008
23009,1.8673e+008
23010,1.9825e+008
23011,1.8758e+008
23012,2.0302e+008
23013,1.5915e+008
23014,1.9204e+008
23015,1.9037e+008
23016,2.0884e+008
23017,1.8902e+008
23018,1.9011e+008
23019,1.993e+008
23020,1.6327e+008
23021,2.0921e+008
23022,1.9602e+008
23023,1.9775e+008
23024,1.9362e+008
23025,1.9258e+008
23026,1.9865e+008
23027,1.9936e+008
23028,2.0325e+008
23029,1.7271e+008
23030,2.068e+008
23031,1.993e+008
23032,2.0822e+008
23033,1.9055e+008
23034,1.8059e+008
23035,1.9375e+008
23036,2.0555e+008
23037,1.9384e+008
23038,2.0937e+008
23039,1.9235e+008
23040,2.0856e+008
23041,1.9602e+008
23042,1.5404e+008
23043,1.7552e+008
23044,1.7459e+008
23045,1.5717e+008
23046,1.6723e+008
23047,1.8849e+008
23048,1.8887e+008
23049,1.8992e+008
23050,2.0762e+008
23051,2.0907e+008
23052,2.0114e+008
23053,1.8007e+008
23054,2.0628e+008
23055,1.9897e+008
23056,2.1063e+008
23057,2.0829e+008
23058,1.8302e+008
23059,2.0038e+008
23060,1.8854e+008
23061,1.6582e+008
23062,1.8615e+008
23063,1.9672e+008
23064,1.8355e+008
23065,1.9247e+008
23066,1.7776e+008
23067,1.3193e+008
23068,1.3207e+008
23069,1.0912e+008
23070,1.0234e+008
23071,1.1439e+008
23072,1.1419e+008
23073,9.0105e+007
23074,9.5723e+007
23075,1.2858e+008
23076,1.2602e+008
23077,1.0853e+008
23078,1.0356e+008
23079,1.2004e+008
23080,1.0691e+008
23081,1.0912e+008
23082,9.8934e+007
23083,1.1993e+008
23084,9.3568e+007
23085,1.0135e+008
23086,9.3375e+007
23087,1.0469e+008
23088,8.6799e+007
23089,2.0551e+008
23090,1.8979e+008
23091,2.0315e+008
23092,1.8887e+008
23093,1.5985e+008
23094,1.8519e+008
23095,1.7388e+008
23096,1.8692e+008
23097,2.0655e+008
23098,1.6943e+008
23099,1.7136e+008
23100,1.4292e+008
23101,1.901e+008
23102,1.0024e+008
23103,2.1057e+008
23104,2.0373e+008
23105,1.6674e+008
23106,2.0851e+008
23107,1.6804e+008
23108,1.9083e+008
23109,1.5071e+008
23110,1.6964e+008
23111,2.0896e+008
23112,1.9916e+008
23113,1.6552e+008
23114,2.0479e+008
23115,8.1843e+007
23116,1.0082e+008
23117,6.8334e+007
23118,7.4176e+007
23119,6.7045e+007
23120,7.8539e+007
23121,2.079e+008
23122,2.0988e+008
23123,1.6036e+008
23124,1.9251e+008
23125,1.7999e+008
23126,2.0704e+008
23127,1.615e+008
23128,1.8238e+008
23129,1.4392e+008
23130,2.0154e+008
23131,1.3703e+008
23132,1.8874e+008
23133,1.2404e+008
23134,1.6171e+008
23135,1.5484e+008
23136,1.3952e+008
23137,1.543e+008
23138,1.3092e+008
23139,1.3337e+008
23140,1.3259e+008
23141,1.2032e+008
23142,8.5415e+007
23143,9.1596e+007
23144,9.2401e+007
23145,1.6965e+008
23146,1.421e+008
23147,1.5217e+008
23148,1.2438e+008
23149,2.0279e+008
23150,2.031e+008
23151,1.8567e+008
23152,1.9973e+008
23153,1.8804e+008
23154,2.0813e+008
23155,1.8104e+008
23156,1.9101e+008
23157,1.6641e+008
23158,1.8168e+008
23159,1.9181e+008
23160,1.1588e+008
23161,7.5276e+007
23162,1.4744e+008
23163,6.845e+007
23164,236.94
23165,2.6381e+007
23166,1.5743e+007
23167,3.1153
23168,8.8646e+005
23169,1.4137e+006
23170,5.0682e+007
23171,3.4058e+007
23172,1.3541e+008
23173,5.4456e+007
23174,1.1079e+008
23175,5.0441e+007
23176,8.4711e+007
23177,1.3379e+008
23178,8.3948e+007
23179,4.2429e+007
23180,7.4472e+007
23181,1.153e+008
23182,4.8039e+007
23183,1.3009e+008
23184,1.3031e+008
23185,2.856e+007
23186,6.7585e+007
23187,1.0771e+008
23188,1.2479e+008
23189,1.1907e+008
23190,7.964e+007
23191,7.6066e+007
23192,1.2858e+008
23193,1.0629e+008
23194,1.4155e+008
23195,1.1475e+008
23196,1.5672e+008
23197,1.2449e+008
23198,1.6189e+008
23199,1.1861e+008
23200,1.4036e+008
23201,1.0231e+008
23202,1.1472e+008
23203,3.9663e+007
23204,3.6718e+007
23205,6.5134e+007
23206,6.2164e+007
23207,4.7671e+007
23208,7.4225e+006
23209,7.2856e+007
23210,7.5352e+007
23211,3.2402e+007
23212,8.8198e+007
23213,1.7743e+007
23214,9.1362e+007
23215,1.4308e+007
23216,1.2244e+007
23217,3.8515e+007
23218,4.6299e+007
23219,6.6849e+007
23220,7.245e+007
23221,5.4481e+007
23222,6.6878e+007
23223,3.9825e+007
23224,8.9785e+007
23225,8.8823e+007
23226,6.9295e+007
23227,9.9332e+007
23228,8.6646e+007
23229,9.6768e+007
23230,7.9189e+007
23231,6.902e+007
23232,8.9342e+007
23233,1.0384e+008
23234,8.7629e+007
23235,8.3609e+007
23236,9.3741e+007
23237,9.9122e+007
23238,5.349e+007
23239,7.1913e+007
23240,5.3902e+007
23241,6.5429e+007
23242,6.4049e+007
23243,3.9974e+007
23244,4.0596e+007
23245,1.8057e+008
23246,1.7743e+008
23247,2.0027e+008
23248,2.0113e+008
23249,2.0474e+008
23250,4.104e+007
23251,7.1807e+007
23252,2.223e+007
23253,8.5153e+007
23254,2.6745e+007
23255,9.6872e+007
23256,4.163e+007
23257,1.8129e+008
23258,1.57e+008
23259,1.6837e+008
23260,1.2902e+008
23261,4.2409e+007
23262,3.1668e+007
23263,8.8221e+007
23264,1.5655e+008
23265,8.5605e+007
23266,1.3308e+008
23267,1.0587e+008
23268,1.0841e+008
23269,7.838e+007
23270,9.184e+007
23271,1.5092e+008
23272,1.2809e+008
23273,1.3577e+008
23274,1.1819e+008
23275,1.3202e+008
23276,1.2456e+008
23277,1.1113e+008
23278,1.1797e+008
23279,8.4011e+007
23280,1.4725e+008
23281,1.2901e+008
23282,1.3124e+008
23283,1.267e+008
23284,1.3201e+008
23285,1.3102e+008
23286,1.0782e+008
23287,1.1808e+008
23288,1.6812e+008
23289,1.4556e+008
23290,1.2318e+008
23291,1.0087e+008
23292,9.5799e+007
23293,1.1429e+008
23294,1.0554e+008
23295,1.0617e+008
23296,1.1191e+008
23297,9.57e+007
23298,3.44e+007
23299,7.1526e+007
23300,5.8765e+007
23301,7.7244e+007
23302,7.4893e+007
23303,9.7336e+007
23304,6.7899e+007
23305,1.2576e+008
23306,7.152e+007
23307,8.7687e+007
23308,7.2926e+007
23309,7.9369e+007
23310,4.7767e+007
23311,5.25e+007
23312,9.4167e+007
23313,1.4106e+008
23314,9.5976e+007
23315,1.0855e+008
23316,8.5289e+007
23317,9.3529e+007
23318,4.0931e+007
23319,9.0673e+007
23320,9.6439e+007
23321,8.9788e+007
23322,8.3485e+005
23323,1.0664e+006
23324,2.6859e+005
23325,8.9818e+006
23326,1.5603e+007
23327,3.3062e+007
23328,1.8897e+007
23329,1.4861e+008
23330,1.323e+008
23331,1.0208e+008
23332,1.0901e+008
23333,1.0787e+008
23334,5.7441e+007
23335,9.8299e+006
23336,1.8212e+008
23337,1.6112e+008
23338,9.689e+007
23339,1.5763e+008
23340,1.0641e+008
23341,1.3975e+008
23342,1.2266e+008
23343,1.3789e+008
23344,1.4012e+008
23345,1.1696e+008
23346,1.2042e+008
23347,1.5812e+008
23348,1.3499e+008
23349,1.2811e+008
23350,1.2923e+008
23351,1.5301e+008
23352,1.6062e+008
23353,6.8333e+007
23354,9.3752e+007
23355,8.1696e+007
23356,1.1442e+008
23357,1.1285e+008
23358,1.3753e+008
23359,1.1732e+008
23360,1.1606e+008
23361,1.0597e+008
23362,1.0858e+008
23363,1.1574e+008
23364,1.0604e+008
23365,9.4229e+007
23366,9.3284e+007
23367,1.0511e+008
23368,9.8866e+007
23369,8.7604e+007
23370,8.9102e+007
23371,1.0128e+008
23372,9.9488e+007
23373,8.3634e+007
23374,8.8835e+007
23375,9.883e+007
23376,1.0507e+008
23377,8.9723e+007
23378,7.7766e+007
23379,7.3719e+007
23380,9.3234e+007
23381,8.7506e+007
23382,9.5221e+007
23383,7.1737e+007
23384,8.4371e+007
23385,7.6274e+007
23386,4.4296e+006
23387,5.4251e+006
23388,1.1976e+008
23389,1.2139e+008
23390,1.4101e+008
23391,1.2018e+008
23392,1.338e+008
23393,1.1852e+008
23394,1.1043e+008
23395,1.2205e+008
23396,9.9151e+007
23397,1.0166e+008
23398,4.3206e+007
23399,5.1187e+007
23400,9.5051e+007
23401,3.2106e+007
23402,8.1692e+007
23403,5.432e+007
23404,5.0558e+007
23405,7.8349e+007
23406,8.0974e+007
23407,9.6211e+007
23408,3.6154e+007
23409,5.8781e+007
23410,3.5996e+007
23411,3.7371e+007
23412,7.2545e+007
23413,3.3461e+007
23414,7.7942e+007
23415,5.9985e+007
23416,8.5693e+007
23417,7.336e+007
23418,5.2518e+007
23419,6.2875e+007
23420,8.4502e+007
23421,9.7902e+007
23422,4.6884e+007
23423,9.4342e+007
23424,7.448e+007
23425,7.3348e+007
23426,8.4189e+007
23427,8.0221e+007
23428,8.9507e+007
23429,7.8874e+007
23430,1.0473e+008
23431,9.3924e+007
23432,1.0136e+008
23433,8.0496e+007
23434,1.112e+008
23435,1.5093e+008
23436,1.4658e+008
23437,8.3522e+007
23438,1.4995e+008
23439,1.3478e+008
23440,1.8836e+008
23441,1.7662e+008
23442,1.0494e+008
23443,1.0625e+008
23444,9.5551e+007
23445,1.0996e+008
23446,7.8584e+007
23447,8.7076e+007
23448,1.0139e+008
23449,1.1135e+008
23450,9.2253e+007
23451,1.0714e+008
23452,3.4562e+007
23453,3.3424e+007
23454,5.0742e+007
23455,2.7047e+007
23456,7.9596e+007
23457,2.6514e+007
23458,6.9517e+007
23459,8.7288e+007
23460,8.7395e+007
23461,6.7447e+007
23462,8.1006e+007
23463,7.1621e+007
23464,8.531e+007
23465,9.3165e+007
23466,7.8884e+007
23467,8.1475e+007
23468,5.4889e+007
23469,7.91e+007
23470,9.6153e+007
23471,7.8476e+007
23472,8.7566e+007
23473,9.2089e+007
23474,7.9831e+007
23475,6.7448e+007
23476,6.4569e+007
23477,2.2902e+007
23478,3.8134e+007
23479,9.6909e+007
23480,2.5068e+007
23481,1.7748e+007
23482,6.7445e+007
23483,6.3379e+007
23484,3.5653e+007
23485,2.7129e+007
23486,1.8226e+006
23487,1.7919e+006
23488,2.2166e+007
23489,4.4314e+007
23490,3.8722e+007
23491,4.7519e+007
23492,1.3264e+008
23493,5.9039e+007
23494,1.0998e+008
23495,9.2417e+007
23496,1.2389e+008
23497,6.5804e+007
23498,7.5507e+007
23499,1.036e+008
23500,1.2217e+008
23501,3.9308e+007
23502,3.2407e+007
23503,5.2561e+007
23504,4.7309e+007
23505,4.8677e+007
23506,5.199e+007
23507,5.2783e+007
23508,1.257e+008
23509,1.3252e+008
23510,1.3974e+008
23511,5.3541e+007
23512,5.9982e+007
23513,8.9348e+007
23514,8.1874e+007
23515,7.6244e+007
23516,7.6904e+007
23517,9.727e+007
23518,7.723e+007
23519,7.5618e+007
23520,9.2965e+007
23521,5.6511e+007
23522,9.1717e+007
23523,8.2918e+007
23524,8.1234e+007
23525,9.0259e+007
23526,9.3356e+007
23527,8.6997e+007
23528,8.8935e+007
23529,7.8167e+007
23530,7.7216e+007
23531,8.0307e+007
23532,8.5405e+007
23533,8.5009e+007
23534,7.6776e+007
23535,1.4374e+008
23536,1.2775e+008
23537,1.2976e+008
23538,7.3979e+007
23539,1.0683e+008
23540,9.1855e+007
23541,9.2351e+007
23542,1.0201e+008
23543,1.0088e+008
23544,1.1993e+008
23545,1.4271e+008
23546,1.2529e+008
23547,1.3496e+008
23548,1.3089e+008
23549,1.3934e+008
23550,1.4309e+008
23551,1.4555e+008
23552,1.3321e+008
23553,1.0532e+008
23554,9.3934e+007
23555,9.3398e+007
23556,1.0152e+008
23557,1.0873e+008
23558,1.5095e+008
23559,1.2884e+008
23560,1.0239e+008
23561,1.0919e+008
23562,1.0405e+008
23563,8.0668e+007
23564,1.2837e+008
23565,1.3531e+008
23566,1.7423e+008
23567,9.81e+007
23568,7.4843e+007
23569,1.6546e+008
23570,4.9607e+007
23571,6.6511e+007
23572,6.2532e+007
23573,1.6643e+008
23574,4.1749e+007
23575,8.7615e+007
23576,1.7742e+007
23577,3.9462e+007
23578,4.3051e+007
23579,2.8436e+007
23580,8.8358e+007
23581,6.1808e+007
23582,3.48e+007
23583,3.6135e+007
23584,2.1606e+007
23585,1.6781e+007
23586,2.2e+007
23587,9.6273e+007
23588,8.6732e+007
23589,1.2778e+008
23590,1.1743e+008
23591,7.6248e+007
23592,1.3617e+008
23593,1.0634e+008
23594,6.2553e+007
23595,1.2789e+008
23596,7.9297e+007
23597,7.2208e+007
23598,6.837e+007
23599,7.4723e+007
23600,3.0908e+007
23601,5.1608e+007
23602,7.156e+007
23603,4.8103e+007
23604,2.6614e+007
23605,4.7877e+007
23606,3.4289e+007
23607,3.7604e+007
23608,3.7754e+007
23609,3.956e+007
23610,4.8596e+007
23611,4.1364e+007
23612,3.8559e+007
23613,3.8056e+007
23614,4.2316e+007
23615,6.0451e+007
23616,3.7049e+007
23617,3.7186e+007
23618,3.9499e+007
23619,2.8999e+007
23620,5.8786e+007
23621,9.5786e+007
23622,7.8708e+007
23623,8.4966e+007
23624,8.1506e+007
23625,1.2014e+008
23626,1.1037e+008
23627,8.2912e+007
23628,1.1571e+008
23629,1.0014e+008
23630,1.6857e+007
23631,7.1384e+007
23632,1.2598e+008
23633,1.4264e+008
23634,5.7711e+007
23635,1.2355e+008
23636,1.3137e+008
23637,1.3931e+008
23638,1.5046e+008
23639,1.4331e+008
23640,1.0608e+008
23641,1.3006e+008
23642,1.5128e+008
23643,5.049e+007
23644,5.9911e+007
23645,7.8433e+007
23646,8.5492e+007
23647,8.7729e+007
23648,7.3757e+007
23649,1.1486e+008
23650,1.0989e+008
23651,8.5069e+007
23652,7.7517e+007
23653,8.3518e+007
23654,1.1513e+008
23655,1.2139e+008
23656,7.7526e+007
23657,1.016e+008
23658,7.148e+007
23659,8.3358e+007
23660,9.3987e+007
23661,5.794e+007
23662,7.5649e+007
23663,8.6755e+007
23664,1.2231e+008
23665,1.1655e+008
23666,1.0706e+008
23667,1.2074e+008
23668,1.3325e+008
23669,1.0681e+008
23670,1.2898e+008
23671,1.1737e+008
23672,9.8788e+007
23673,9.9783e+007
23674,1.1624e+008
23675,8.4206e+007
23676,1.2316e+008
23677,1.099e+008
23678,9.356e+007
23679,6.6302e+007
23680,5.4862e+007
23681,5.6884e+007
23682,8.0766e+007
23683,4.2289e+007
23684,3.9547e+007
23685,5.315e+007
23686,8.8495e+007
23687,3.5256e+007
23688,7.7293e+007
23689,7.3983e+007
23690,4.6026e+007
23691,1.0983e+008
23692,8.6258e+007
23693,9.769e+007
23694,7.9812e+007
23695,7.6842e+007
23696,8.0713e+007
23697,7.3583e+007
23698,1.0737e+008
23699,6.8473e+007
23700,7.7709e+007
23701,1.1035e+008
23702,1.2762e+008
23703,1.5013e+008
23704,9.9491e+007
23705,8.6704e+007
23706,6.3896e+007
23707,1.3071e+008
23708,1.1471e+008
23709,3.7692e+007
23710,1.4144e+008
23711,1.2627e+008
23712,1.6223e+008
23713,1.5055e+008
23714,1.3378e+008
23715,1.7854e+008
23716,1.2939e+008
23717,1.7956e+008
23718,1.7338e+008
23719,1.1369e+008
23720,1.0518e+008
23721,9.8622e+007
23722,9.795e+007
23723,1.0937e+008
23724,1.0025e+008
23725,9.7188e+007
23726,8.1733e+007
23727,8.8278e+007
23728,8.7378e+007
23729,9.7756e+007
23730,1.2167e+008
23731,7.7307e+007
23732,8.815e+007
23733,5.2586e+007
23734,6.8812e+007
23735,8.5611e+007
23736,5.9897e+007
23737,7.5077e+007
23738,1.2783e+008
23739,8.1725e+007
23740,1.1481e+008
23741,8.5673e+007
23742,9.8873e+007
23743,1.1048e+008
23744,8.8663e+007
23745,8.0054e+007
23746,1.4235e+008
23747,9.345e+007
23748,1.4789e+008
23749,9.2787e+007
23750,1.2099e+008
23751,1.0357e+008
23752,8.6064e+007
23753,8.3341e+007
23754,9.8781e+007
23755,9.8588e+007
23756,1.0265e+008
23757,8.8539e+007
23758,3.5859e+007
23759,5.7061e+007
23760,5.4076e+007
23761,4.715e+007
23762,6.4579e+007
23763,5.7714e+007
23764,4.5321e+007
23765,7.022e+007
23766,8.9136e+007
23767,3.5984e+007
23768,1.5969e+008
23769,1.633e+008
23770,1.4758e+008
23771,1.6349e+008
23772,1.5109e+008
23773,1.1494e+008
23774,1.5035e+008
23775,1.13e+008
23776,1.3503e+008
23777,1.0614e+008
23778,1.405e+008
23779,1.3097e+008
23780,1.2111e+008
23781,1.1695e+008
23782,1.0652e+008
23783,8.5844e+007
23784,9.6779e+007
23785,8.0849e+007
23786,1.064e+008
23787,1.151e+008
23788,1.0594e+008
23789,1.2169e+008
23790,1.0615e+008
23791,1.2126e+008
23792,1.3737e+008
23793,1.1672e+008
23794,1.2454e+008
23795,1.3368e+008
23796,9.1486e+007
23797,9.458e+007
23798,8.4074e+007
23799,7.9227e+007
23800,9.6964e+007
23801,9.3591e+007
23802,8.8422e+007
23803,1.0606e+008
23804,1.1986e+008
23805,1.2838e+008
23806,1.0825e+008
23807,1.5571e+008
23808,3.9745e+007
23809,5.0364e+007
23810,7.0127e+007
23811,7.6369e+007
23812,6.7966e+007
23813,7.8527e+007
23814,7.047e+007
23815,8.7966e+007
23816,7.1578e+007
23817,7.5346e+007
23818,1.0914e+008
23819,6.5732e+007
23820,8.2424e+007
23821,4.7937e+007
23822,6.7475e+007
23823,8.2215e+007
23824,6.0566e+007
23825,7.9998e+007
23826,7.9549e+007
23827,7.3497e+007
23828,8.2585e+007
23829,4.6749e+007
23830,7.8867e+007
23831,9.187e+007
23832,7.0226e+007
23833,1.1144e+008
23834,6.5483e+007
23835,9.1801e+007
23836,7.7841e+007
23837,8.3754e+007
23838,8.2744e+007
23839,6.6661e+007
23840,5.4491e+007
23841,1.1598e+008
23842,6.9702e+007
23843,8.4862e+007
23844,7.9415e+007
23845,7.5822e+007
23846,8.792e+007
23847,7.9148e+007
23848,6.5912e+007
23849,6.551e+007
23850,6.7835e+007
23851,5.569e+007
23852,7.4304e+007
23853,8.3034e+007
23854,1.4148e+008
23855,1.248e+008
23856,1.2844e+008
23857,1.4524e+008
23858,1.3822e+008
23859,1.5306e+008
23860,8.4115e+007
23861,1.4798e+008
23862,1.1733e+008
23863,1.2643e+008
23864,1.5962e+008
23865,1.2863e+008
23866,1.2904e+008
23867,1.5895e+008
23868,1.3517e+008
23869,1.5922e+008
23870,1.4881e+008
23871,1.702e+008
23872,1.3998e+008
23873,1.2521e+008
23874,1.4961e+008
23875,1.5402e+008
23876,1.3742e+008
23877,1.382e+008
23878,1.0152e+008
23879,9.0952e+007
23880,9.9518e+007
23881,9.9574e+006
23882,3.724e+007
23883,1.0242e+008
23884,1.1119e+008
23885,9.3431e+007
23886,9.2947e+007
23887,2.4868e+007
23888,1.0587e+008
23889,2.7983e+007
23890,7.3113e+007
23891,4.5604e+007
23892,4.8109e+007
23893,7.7142e+007
23894,4.8893e+007
23895,4.4545e+007
23896,6.4581e+007
23897,7.9568e+007
23898,8.7474e+007
23899,8.6083e+007
23900,3.7087e+007
23901,2.6931e+007
23902,8.7047e+007
23903,5.9364e+007
23904,4.4702e+007
23905,3.7815e+007
23906,7.3946e+007
23907,2.2525e+007
23908,6.0586e+007
23909,9.0341e+007
23910,7.7855e+007
23911,5.8639e+007
23912,6.1138e+007
23913,8.1565e+007
23914,6.7105e+007
23915,4.5068e+007
23916,1.1339e+008
23917,1.0786e+008
23918,8.128e+007
23919,5.6069e+007
23920,3.7538e+007
23921,4.3665e+007
23922,4.307e+007
23923,4.3867e+007
23924,5.0162e+007
23925,5.546e+007
23926,6.9481e+007
23927,6.454e+007
23928,8.4919e+007
23929,6.509e+007
23930,9.7802e+007
23931,5.5451e+007
23932,5.6353e+007
23933,7.2113e+007
23934,5.8352e+007
23935,1.0765e+008
23936,9.4932e+007
23937,7.921e+007
23938,7.9492e+007
23939,8.2636e+007
23940,9.566e+007
23941,8.1283e+007
23942,1.1338e+008
23943,1.1452e+008
23944,8.7608e+007
23945,9.5349e+007
23946,1.1778e+008
23947,1.3485e+008
23948,1.2131e+008
23949,7.2845e+007
23950,1.055e+008
23951,1.0665e+008
23952,9.0819e+007
23953,1.4134e+008
23954,1.4267e+008
23955,1.3209e+008
23956,7.6137e+007
23957,8.4092e+007
23958,1.131e+008
23959,8.4242e+007
23960,1.1901e+008
23961,9.2444e+007
23962,7.6263e+007
23963,1.0985e+008
23964,1.1184e+008
23965,1.2386e+008
23966,8.3087e+007
23967,7.9554e+007
23968,9.9981e+007
23969,1.4891e+008
23970,1.8069e+008
23971,1.0795e+008
23972,1.1515e+008
23973,1.0503e+008
23974,1.0034e+008
23975,1.128e+008
23976,1.08e+008
23977,1.0364e+008
23978,1.228e+008
23979,1.3726e+008
23980,2.032e+008
23981,1.8678e+008
23982,1.4584e+008
23983,1.7973e+008
23984,1.5585e+008
23985,1.3918e+008
23986,1.9929e+008
23987,2.0584e+008
23988,2.0599e+008
23989,9.4838e+007
23990,8.2125e+007
23991,9.9105e+007
23992,5.507e+007
23993,4.2964e+007
23994,3.913e+007
23995,2.9134e+007
23996,1.3328e+008
23997,1.3321e+008
23998,1.4536e+007
23999,2.5922e+007
24000,4.475e+007
24001,2.7972e+006
24002,4.9296e+007
24003,1.1473e+008
24004,1.127e+008
24005,7.2776e+007
24006,1.2199e+008
24007,5.6934e+007
24008,1.4238e+008
24009,5.0738e+007
24010,7.6086e+007
24011,7.0259e+007
24012,3.4855e+007
24013,8.952e+007
24014,1.1965e+008
24015,5.9226e+007
24016,1.1296e+008
24017,8.988e+007
24018,9.9779e+007
24019,9.3732e+007
24020,8.3518e+007
24021,9.8568e+007
24022,9.6432e+007
24023,9.796e+007
24024,9.2714e+007
24025,1.5435e+008
24026,1.4523e+008
24027,1.3143e+008
24028,1.4247e+008
24029,1.354e+008
24030,1.2546e+008
24031,1.1276e+008
24032,1.1861e+008
24033,1.1722e+008
24034,9.3636e+007
24035,1.1847e+008
24036,1.4466e+008
24037,8.3442e+007
24038,1.0115e+008
24039,1.1631e+008
24040,9.5763e+007
24041,1.0289e+008
24042,1.0688e+008
24043,1.2059e+008
24044,1.0037e+008
24045,9.1805e+007
24046,3.1606e+007
24047,3.5929e+007
24048,4.8566e+007
24049,3.873e+007
24050,5.1315e+007
24051,3.491e+007
24052,5.8006e+007
24053,9.1361e+007
24054,9.1291e+007
24055,1.1264e+008
24056,7.3248e+007
24057,1.1992e+008
24058,3.6834e+007
24059,4.9737e+007
24060,6.0079e+007
24061,4.9155e+007
24062,5.4257e+007
24063,4.5022e+007
24064,8.45e+007
24065,4.8189e+007
24066,7.2443e+007
24067,6.9932e+007
24068,1.8298e+008
24069,1.6e+008
24070,1.9051e+008
24071,1.5783e+008
24072,1.7807e+008
24073,1.4513e+008
24074,5.0215e+007
24075,5.3051e+007
24076,5.6518e+007
24077,8.8195e+007
24078,5.2645e+007
24079,6.0181e+007
24080,4.7478e+007
24081,4.4005e+007
24082,5.5232e+007
24083,6.8222e+007
24084,1.0435e+008
24085,3.75e+007
24086,1.187e+008
24087,5.1019e+007
24088,1.0985e+008
24089,1.257e+008
24090,1.1568e+008
24091,1.0883e+008
24092,9.6008e+007
24093,1.1271e+008
24094,1.0349e+008
24095,6.0855e+007
24096,1.2208e+008
24097,1.0344e+008
24098,1.0538e+008
24099,1.0015e+008
24100,1.1714e+008
24101,9.7833e+007
24102,9.2929e+007
24103,9.3851e+007
24104,1.2106e+008
24105,1.0462e+008
24106,7.5933e+007
24107,6.6876e+007
24108,9.2469e+007
24109,9.2292e+007
24110,9.61e+007
24111,1.4806e+007
24112,8.874e+007
24113,9.6701e+007
24114,4.2756e+007
24115,4.9849e+007
24116,7.7915e+007
24117,8.3719e+007
24118,2.6412e+007
24119,8.4606e+007
24120,7.5866e+007
24121,1.0758e+008
24122,1.1973e+008
24123,6.1491e+007
24124,3.4584e+007
24125,3.6224e+007
24126,4.8495e+007
24127,3.3149e+007
24128,5.3097e+007
24129,3.3522e+007
24130,4.9694e+007
24131,4.7471e+007
24132,6.3783e+007
24133,1.1473e+008
24134,1.2885e+008
24135,1.1594e+008
24136,1.1972e+008
24137,1.4571e+008
24138,1.0961e+008
24139,1.1824e+008
24140,1.3287e+008
24141,1.1946e+008
24142,1.2886e+008
24143,1.4491e+008
24144,1.8616e+008
24145,1.42e+008
24146,1.3874e+008
24147,1.3358e+008
24148,1.1865e+008
24149,1.4072e+008
24150,1.4883e+008
24151,1.3112e+008
24152,1.3764e+008
24153,1.2898e+008
24154,7.6682e+007
24155,1.1809e+008
24156,1.1504e+008
24157,1.2971e+008
24158,1.6828e+008
24159,6.9351e+007
24160,1.6045e+008
24161,1.5427e+008
24162,1.4494e+008
24163,1.1778e+008
24164,1.0587e+008
24165,1.2871e+008
24166,1.3114e+008
24167,4.2451e+007
24168,4.0064e+007
24169,4.6936e+007
24170,4.8807e+007
24171,6.1406e+007
24172,4.3208e+007
24173,4.7986e+007
24174,5.009e+007
24175,5.4961e+007
24176,5.5754e+007
24177,6.6534e+007
24178,7.3205e+007
24179,8.9617e+007
24180,7.2897e+007
24181,6.8429e+007
24182,6.5215e+007
24183,7.1369e+007
24184,1.4584e+008
24185,1.3847e+008
24186,1.2844e+008
24187,1.6135e+008
24188,1.7556e+008
24189,1.5816e+008
24190,2.0779e+008
24191,2.0241e+008
24192,1.782e+008
24193,1.7953e+008
24194,1.9107e+008
24195,2.0327e+008
24196,1.8639e+008
24197,1.9455e+008
24198,2.0609e+008
24199,1.9136e+008
24200,1.6803e+008
24201,2.0204e+008
24202,1.7579e+008
24203,1.8608e+008
24204,1.6371e+008
24205,2.0607e+008
24206,1.9897e+008
24207,1.6571e+008
24208,1.5361e+008
24209,1.9485e+008
24210,2.0891e+008
24211,1.8595e+008
24212,1.9362e+008
24213,1.703e+008
24214,1.678e+008
24215,1.7909e+008
24216,1.6072e+008
24217,1.189e+008
24218,1.1628e+008
24219,1.6179e+008
24220,1.5334e+008
24221,5.6949e+007
24222,1.1813e+008
24223,7.9708e+007
24224,1.0283e+008
24225,9.8384e+007
24226,1.0209e+008
24227,5.2628e+007
24228,7.3255e+007
24229,6.275e+007
24230,1.9471e+008
24231,1.9159e+008
24232,2.0231e+008
24233,1.5432e+008
24234,1.6729e+008
24235,1.8476e+008
24236,1.0166e+008
24237,1.9217e+008
24238,1.2177e+008
24239,1.8798e+008
24240,1.5991e+008
24241,1.4877e+008
24242,1.7434e+008
24243,2.0776e+008
24244,1.5884e+008
24245,1.8638e+008
24246,1.6561e+008
24247,1.0221e+008
24248,2.0334e+008
24249,2.0785e+008
24250,1.8882e+008
24251,1.5936e+008
24252,1.9711e+008
24253,1.7874e+008
24254,1.7136e+008
24255,1.7382e+008
24256,1.5827e+008
24257,1.3143e+008
24258,9.831e+007
24259,1.5028e+008
24260,9.8952e+007
24261,1.4416e+008
24262,1.6783e+008
24263,1.6234e+008
24264,1.3277e+008
24265,1.0198e+008
24266,9.6292e+007
24267,1.9302e+008
24268,1.8606e+008
24269,1.4285e+008
24270,4.9379e+007
24271,1.9044e+008
24272,1.7925e+008
24273,1.1019e+008
24274,1.8956e+008
24275,1.3105e+008
24276,1.1277e+008
24277,1.777e+008
24278,1.3144e+008
24279,1.5753e+008
24280,1.4612e+008
24281,4.1121e+007
24282,1.2391e+008
24283,8.7778e+007
24284,4.7673e+007
24285,9.9503e+007
24286,1.0638e+008
24287,1.9302e+008
24288,1.7698e+008
24289,1.6769e+008
24290,1.5474e+008
24291,1.7198e+008
24292,1.7179e+008
24293,1.0827e+008
24294,1.0164e+008
24295,1.293e+008
24296,9.9745e+007
24297,1.066e+008
24298,9.045e+007
24299,7.6896e+007
24300,8.5329e+007
24301,8.1165e+007
24302,8.238e+007
24303,6.9155e+007
24304,1.3519e+008
24305,1.4869e+008
24306,1.9731e+008
24307,1.8397e+008
24308,1.5476e+008
24309,1.7903e+008
24310,1.559e+008
24311,1.6935e+008
24312,1.7702e+008
24313,1.1588e+008
24314,1.6629e+008
24315,8.5649e+007
24316,1.8638e+008
24317,1.2023e+008
24318,9.6388e+007
24319,9.878e+007
24320,6.8634e+007
24321,5.2663e+007
24322,6.644e+007
24323,1.0785e+008
24324,1.011e+008
24325,6.5809e+007
24326,5.7713e+007
24327,8.0885e+007
24328,8.7923e+007
24329,8.9039e+007
24330,8.657e+007
24331,5.6527e+007
24332,1.2854e+008
24333,5.7332e+007
24334,6.2455e+007
24335,6.625e+007
24336,6.3123e+007
24337,6.6408e+007
24338,6.3396e+007
24339,5.1312e+007
24340,5.9077e+007
24341,5.8282e+007
24342,5.4815e+007
24343,5.9806e+007
24344,6.6619e+007
24345,8.4114e+007
24346,7.7724e+007
24347,8.5995e+007
24348,8.8169e+007
24349,9.9312e+007
24350,1.0512e+008
24351,9.5937e+007
24352,9.3178e+007
24353,7.6185e+007
24354,1.1083e+008
24355,1.2506e+008
24356,1.2228e+008
24357,8.3075e+007
24358,5.7651e+007
24359,1.066e+008
24360,1.2907e+008
24361,1.2469e+008
24362,1.5151e+008
24363,1.0593e+008
24364,4.227e+007
24365,1.2194e+008
24366,5.6288e+007
24367,1.0975e+008
24368,8.9714e+007
24369,2.6253e+007
24370,3.6112e+007
24371,1.026e+008
24372,8.602e+007
24373,9.5334e+007
24374,1.7083e+008
24375,1.6945e+008
24376,1.4535e+008
24377,1.7658e+008
24378,6.8143e+007
24379,9.4856e+007
24380,7.6247e+007
24381,7.2035e+007
24382,8.4581e+007
24383,7.8883e+007
24384,6.619e+007
24385,7.1185e+007
24386,6.6892e+007
24387,6.4923e+007
24388,6.512e+007
24389,7.022e+007
24390,6.8301e+007
24391,6.4734e+007
24392,5.4612e+007
24393,5.4752e+007
24394,6.1278e+007
24395,6.5782e+007
24396,5.0487e+007
24397,5.0188e+007
24398,4.895e+007
24399,5.7045e+007
24400,6.1826e+007
24401,1.2634e+008
24402,1.4901e+008
24403,1.5602e+008
24404,1.3945e+008
24405,1.4059e+008
24406,1.623e+008
24407,1.5017e+008
24408,1.1756e+008
24409,1.4174e+008
24410,1.2041e+008
24411,1.3633e+008
24412,1.1224e+008
24413,1.3026e+008
24414,1.492e+008
24415,1.6083e+008
24416,1.3466e+008
24417,1.3538e+008
24418,1.3314e+008
24419,1.4659e+008
24420,1.3125e+008
24421,1.303e+008
24422,1.2038e+008
24423,1.3967e+008
24424,1.3181e+008
24425,8.1191e+007
24426,1.6033e+008
24427,8.8373e+007
24428,9.9536e+007
24429,1.1854e+008
24430,1.1628e+008
24431,1.1083e+008
24432,1.1646e+008
24433,1.2774e+008
24434,6.3292e+007
24435,9.1738e+007
24436,5.9938e+007
24437,7.4989e+007
24438,8.9066e+007
24439,2.093e+008
24440,2.0092e+008
24441,1.9702e+008
24442,2.0967e+008
24443,1.6951e+008
24444,1.6259e+008
24445,1.5757e+008
24446,1.8318e+008
24447,1.7517e+008
24448,1.523e+008
24449,1.3751e+008
24450,1.9052e+008
24451,1.8522e+008
24452,2.0233e+008
24453,1.9261e+008
24454,1.9324e+008
24455,1.9459e+008
24456,1.8017e+008
24457,1.9436e+008
24458,1.3985e+008
24459,1.9267e+008
24460,1.3256e+008
24461,1.9155e+008
24462,1.3144e+008
24463,1.1523e+008
24464,1.532e+008
24465,1.7643e+008
24466,1.8398e+008
24467,1.738e+008
24468,1.241e+008
24469,9.2494e+007
24470,1.9237e+008
24471,1.4552e+008
24472,9.3235e+007
24473,1.8128e+008
24474,1.758e+008
24475,1.8936e+008
24476,1.4729e+008
24477,1.6545e+008
24478,1.4878e+008
24479,1.9621e+008
24480,1.9763e+008
24481,1.917e+008
24482,1.9367e+008
24483,1.6647e+008
24484,1.6543e+008
24485,1.8057e+008
24486,9.9229e+007
24487,1.2048e+008
24488,1.0616e+008
24489,2.0578e+008
24490,1.7842e+008
24491,1.6968e+008
24492,1.3091e+008
24493,2.0194e+008
24494,2.0566e+008
24495,2.0799e+008
24496,1.8552e+008
24497,1.798e+008
24498,2.1144e+008
24499,1.9487e+008
24500,1.1374e+008
24501,1.2982e+008
24502,1.7436e+008
24503,1.6339e+008
24504,1.2474e+008
24505,2.0194e+008
24506,1.6659e+008
24507,2.0994e+008
24508,1.7634e+008
24509,1.9258e+008
24510,1.9125e+008
24511,1.2887e+008
24512,5.0367e+007
24513,1.4462e+008
24514,1.3752e+008
24515,1.5832e+008
24516,1.1579e+008
24517,8.0742e+007
24518,1.0393e+008
24519,1.2535e+008
24520,1.2787e+008
24521,1.1015e+008
24522,1.5207e+008
24523,8.6447e+007
24524,1.3155e+008
24525,1.4926e+008
24526,7.9308e+007
24527,5.8982e+007
24528,7.0501e+007
24529,3.7558e+007
24530,8.4115e+007
24531,9.4331e+007
24532,6.7277e+007
24533,8.4093e+007
24534,6.3031e+007
24535,6.23e+007
24536,5.0513e+007
24537,6.1838e+007
24538,5.2076e+007
24539,5.4413e+007
24540,4.7203e+007
24541,1.0204e+008
24542,7.8971e+007
24543,7.6148e+007
24544,8.2892e+007
24545,8.9485e+007
24546,7.5828e+007
24547,8.0471e+007
24548,8.8082e+007
24549,6.7599e+007
24550,6.9233e+007
24551,6.7106e+007
24552,6.6089e+007
24553,5.7218e+007
24554,7.0216e+007
24555,6.9243e+007
24556,6.8805e+007
24557,6.253e+007
24558,6.1277e+007
24559,9.003e+007
24560,9.6985e+007
24561,9.1261e+007
24562,8.8987e+007
24563,1.1981e+008
24564,1.3141e+008
24565,4.9903e+007
24566,1.2275e+008
24567,9.9524e+007
24568,1.0325e+008
24569,1.2464e+008
24570,1.4354e+008
24571,1.1958e+008
24572,1.8412e+008
24573,2.0169e+008
24574,1.94e+008
24575,1.9046e+008
24576,1.4272e+008
24577,1.2075e+008
24578,2.023e+008
24579,1.229e+008
24580,1.7324e+008
24581,1.5547e+008
24582,1.4456e+008
24583,2.0137e+008
24584,1.321e+008
24585,1.5727e+008
24586,1.3202e+008
24587,9.1281e+007
24588,7.38e+007
24589,9.0803e+007
24590,1.3514e+008
24591,6.2648e+007
24592,1.6022e+008
24593,8.0456e+007
24594,1.7343e+008
24595,1.4424e+008
24596,1.347e+008
24597,1.4258e+008
24598,1.3318e+008
24599,7.8589e+007
24600,1.0204e+008
24601,1.4759e+008
24602,1.0098e+008
24603,1.1496e+008
24604,1.5298e+008
24605,1.7524e+008
24606,1.5208e+008
24607,1.3129e+008
24608,1.5536e+008
24609,1.6777e+008
24610,1.6034e+008
24611,1.8127e+008
24612,1.0227e+008
24613,1.6342e+008
24614,1.2793e+008
24615,1.9534e+008
24616,1.8984e+008
24617,1.9148e+008
24618,1.997e+008
24619,1.6812e+008
24620,1.7408e+008
24621,1.367e+008
24622,1.2051e+008
24623,1.9871e+008
24624,2.0519e+008
24625,2.0662e+008
24626,1.8495e+008
24627,1.7888e+008
24628,1.9743e+008
24629,1.17e+008
24630,1.5025e+008
24631,1.0953e+008
24632,1.3673e+008
24633,1.0532e+008
24634,1.6283e+008
24635,1.0463e+008
24636,9.5157e+007
24637,1.4474e+008
24638,1.1969e+008
24639,1.4354e+008
24640,1.1143e+008
24641,1.0811e+008
24642,9.4657e+007
24643,1.0487e+008
24644,1.0281e+008
24645,1.2782e+008
24646,8.7827e+007
24647,8.4309e+007
24648,8.0757e+007
24649,8.07e+007
24650,1.0828e+008
24651,9.8619e+007
24652,6.6462e+007
24653,7.7888e+007
24654,7.5678e+007
24655,9.8848e+007
24656,5.9891e+007
24657,6.3796e+007
24658,9.4702e+007
24659,9.9572e+007
24660,9.6553e+007
24661,8.1199e+007
24662,1.6921e+008
24663,2.1018e+008
24664,1.8193e+008
24665,1.4812e+008
24666,1.9472e+008
24667,1.6122e+008
24668,1.8311e+008
24669,1.1514e+008
24670,1.8287e+008
24671,9.1406e+007
24672,1.0993e+008
24673,7.585e+007
24674,5.5865e+007
24675,1.0766e+008
24676,1.0007e+008
24677,1.3875e+008
24678,7.3979e+007
24679,5.8216e+007
24680,5.4052e+007
24681,6.0415e+007
24682,9.5771e+007
24683,7.1212e+007
24684,8.8672e+007
24685,5.9041e+007
24686,6.9536e+007
24687,7.4469e+007
24688,7.3694e+007
24689,7.1512e+007
24690,1.59e+008
24691,1.6243e+008
24692,1.499e+008
24693,1.3923e+008
24694,1.5689e+008
24695,1.2268e+008
24696,1.3995e+008
24697,1.7169e+008
24698,1.8603e+008
24699,1.9334e+008
24700,1.8795e+008
24701,1.9575e+008
24702,1.7685e+008
24703,1.699e+008
24704,1.7919e+008
24705,1.1862e+008
24706,9.4291e+007
24707,1.589e+008
24708,1.5964e+008
24709,1.1648e+008
24710,1.2967e+008
24711,1.5464e+008
24712,1.4853e+008
24713,1.1827e+008
24714,1.2599e+008
24715,1.1733e+008
24716,1.1009e+008
24717,9.4103e+007
24718,1.0867e+008
24719,5.6833e+007
24720,8.1081e+007
24721,8.6066e+007
24722,7.7536e+007
24723,6.4037e+007
24724,6.3174e+007
24725,6.7776e+007
24726,6.3697e+007
24727,7.8236e+007
24728,9.5515e+007
24729,1.0229e+008
24730,1.1336e+008
24731,6.5012e+007
24732,5.9238e+007
24733,8.9268e+007
24734,5.0362e+007
24735,4.721e+007
24736,1.6383e+008
24737,1.7143e+008
24738,1.051e+008
24739,1.1841e+008
24740,1.3271e+008
24741,1.6908e+008
24742,1.0498e+008
24743,8.0671e+007
24744,1.7962e+008
24745,1.9703e+008
24746,1.5424e+008
24747,2.087e+008
24748,1.8972e+008
24749,2.093e+008
24750,1.9891e+008
24751,1.9305e+008
24752,1.846e+008
24753,1.6955e+008
24754,2.e+008
24755,1.8764e+008
24756,1.9322e+008
24757,1.1936e+008
24758,2.0715e+008
24759,1.6567e+008
24760,1.8953e+008
24761,1.9134e+008
24762,1.7914e+008
24763,1.1525e+008
24764,1.2424e+008
24765,1.7626e+008
24766,1.9611e+008
24767,1.9894e+008
24768,1.2905e+008
24769,1.6602e+008
24770,1.1437e+008
24771,1.0788e+008
24772,9.9585e+007
24773,1.0542e+008
24774,8.5771e+007
24775,1.4688e+008
24776,5.1179e+007
24777,1.6703e+008
24778,2.0157e+008
24779,1.0872e+008
24780,1.6627e+008
24781,1.314e+008
24782,1.7776e+008
24783,1.5193e+008
24784,1.8983e+008
24785,1.6998e+008
24786,1.1454e+008
24787,1.4647e+008
24788,1.6117e+008
24789,1.4425e+008
24790,1.1641e+008
24791,9.0494e+007
24792,7.3701e+007
24793,7.6234e+007
24794,7.4371e+007
24795,1.2544e+008
24796,1.85e+008
24797,1.9087e+008
24798,1.4774e+008
24799,1.66e+008
24800,5.8626e+007
24801,9.0034e+007
24802,3.9581e+007
24803,4.2061e+007
24804,2.8704e+007
24805,4.1727e+007
24806,5.1135e+007
24807,6.6639e+007
24808,1.5407e+008
24809,8.8708e+007
24810,8.3584e+007
24811,9.1708e+007
24812,1.0768e+008
24813,9.4126e+007
24814,9.0929e+007
24815,1.445e+008
24816,9.6635e+007
24817,1.0245e+008
24818,9.8415e+007
24819,3.7126e+007
24820,7.2378e+007
24821,8.2484e+007
24822,8.504e+007
24823,4.3535e+007
24824,7.9288e+007
24825,9.6112e+007
24826,3.2664e+007
24827,4.5715e+007
24828,7.942e+007
24829,6.273e+007
24830,4.089e+007
24831,3.833e+007
24832,4.8921e+007
24833,1.7846e+008
24834,1.1472e+008
24835,1.3678e+008
24836,1.4266e+008
24837,9.5091e+007
24838,1.7328e+008
24839,9.0592e+007
24840,1.3162e+008
24841,1.4226e+008
24842,1.4395e+008
24843,9.9347e+007
24844,1.549e+008
24845,1.7854e+008
24846,1.6043e+008
24847,1.4133e+008
24848,1.445e+008
24849,1.7275e+008
24850,1.1343e+008
24851,1.1099e+008
24852,1.2687e+008
24853,1.0342e+008
24854,1.0472e+008
24855,1.273e+008
24856,1.0338e+008
24857,2.0503e+008
24858,1.9736e+008
24859,1.9389e+008
24860,1.6515e+008
24861,1.3844e+008
24862,2.0137e+008
24863,2.0654e+008
24864,1.8387e+008
24865,1.8807e+008
24866,1.5958e+008
24867,1.608e+008
24868,1.982e+008
24869,1.8283e+008
24870,1.7831e+008
24871,1.8906e+008
24872,1.9124e+008
24873,1.709e+008
24874,1.4669e+008
24875,1.9993e+008
24876,1.2527e+008
24877,1.9029e+008
24878,1.9866e+008
24879,1.932e+008
24880,1.8111e+008
24881,1.9895e+008
24882,1.5194e+008
24883,1.9852e+008
24884,1.6119e+008
24885,2.0681e+008
24886,1.6408e+008
24887,1.9066e+008
24888,9.9644e+007
24889,1.0664e+008
24890,8.5361e+007
24891,9.3597e+007
24892,9.1092e+007
24893,8.9225e+007
24894,1.0953e+008
24895,1.049e+008
24896,1.1741e+008
24897,1.1855e+008
24898,1.2593e+008
24899,1.1772e+008
24900,1.5187e+008
24901,7.3374e+007
24902,5.8709e+007
24903,6.9617e+007
24904,5.5994e+007
24905,7.461e+007
24906,1.4189e+008
24907,1.4977e+008
24908,1.6215e+008
24909,1.7361e+008
24910,1.1384e+008
24911,2.0302e+008
24912,1.2243e+008
24913,1.0359e+008
24914,7.9824e+007
24915,1.0777e+008
24916,1.0838e+008
24917,9.0829e+007
24918,1.7963e+008
24919,1.2167e+008
24920,1.5265e+008
24921,1.1551e+008
24922,1.3092e+008
24923,1.6745e+008
24924,1.1697e+008
24925,9.5421e+007
24926,9.7389e+007
24927,1.0054e+008
24928,7.6475e+007
24929,7.0608e+007
24930,6.6116e+007
24931,4.5698e+007
24932,4.9742e+007
24933,5.4397e+007
24934,6.2409e+007
24935,6.4814e+007
24936,1.1136e+008
24937,5.4745e+007
24938,9.3271e+007
24939,9.5149e+007
24940,6.6341e+007
24941,7.8741e+007
24942,8.9637e+007
24943,1.3566e+008
24944,1.8003e+008
24945,1.7711e+008
24946,1.5328e+008
24947,1.472e+008
24948,1.4786e+008
24949,6.1325e+007
24950,7.7989e+007
24951,7.9887e+007
24952,6.7669e+007
24953,8.2397e+007
24954,7.9485e+007
24955,8.5447e+007
24956,8.4911e+007
24957,8.9585e+007
24958,9.3348e+007
24959,8.3183e+007
24960,7.8775e+007
24961,9.6635e+007
24962,9.866e+007
24963,1.0381e+008
24964,1.0298e+008
24965,1.712e+008
24966,2.0936e+008
24967,7.2837e+007
24968,1.3285e+008
24969,8.6864e+007
24970,1.1337e+008
24971,1.4931e+008
24972,1.236e+008
24973,1.6319e+008
24974,1.0156e+008
24975,1.303e+008
24976,1.5045e+008
24977,1.8187e+008
24978,1.5785e+008
24979,1.7468e+008
24980,2.0189e+008
24981,1.8469e+008
24982,6.0361e+007
24983,8.0157e+007
24984,7.7379e+007
24985,8.6973e+007
24986,1.2431e+008
24987,1.5208e+008
24988,1.5151e+008
24989,1.8322e+008
24990,1.7387e+008
24991,1.8015e+008
24992,1.4715e+008
24993,9.1114e+007
24994,9.9312e+007
24995,1.0191e+008
24996,9.9272e+007
24997,1.0405e+008
24998,9.1153e+007
24999,9.6035e+007
25000,1.011e+008
25001,7.8177e+007
25002,1.4824e+008
25003,1.514e+008
25004,1.1245e+008
25005,1.0833e+008
25006,1.175e+008
25007,1.2409e+008
25008,1.411e+008
25009,1.0486e+008
25010,1.3413e+008
25011,1.1135e+008
25012,1.1271e+008
25013,8.8834e+007
25014,9.0948e+007
25015,1.0106e+008
25016,9.3062e+007
25017,1.0143e+008
25018,8.0265e+007
25019,6.7431e+007
25020,6.8286e+007
25021,1.2726e+008
25022,9.2635e+007
25023,8.4009e+007
25024,9.5276e+007
25025,8.3666e+007
25026,1.9174e+008
25027,1.6172e+008
25028,1.8587e+008
25029,1.7099e+008
25030,1.2068e+008
25031,1.8524e+008
25032,9.2953e+007
25033,1.0905e+008
25034,5.4135e+007
25035,7.5221e+007
25036,8.7252e+007
25037,6.784e+007
25038,8.0339e+007
25039,7.1416e+007
25040,1.2071e+008
25041,6.9254e+007
25042,8.5939e+007
25043,9.2034e+007
25044,9.4303e+007
25045,8.6223e+007
25046,1.107e+008
25047,1.0561e+008
25048,8.8341e+007
25049,1.0494e+008
25050,9.5867e+007
25051,1.6831e+008
25052,1.5603e+008
25053,1.1084e+008
25054,1.6553e+008
25055,1.7438e+008
25056,1.17e+008
25057,1.7474e+008
25058,1.9968e+008
25059,1.724e+008
25060,1.7571e+008
25061,1.8022e+008
25062,1.6543e+008
25063,1.8795e+008
25064,1.2809e+008
25065,9.6375e+007
25066,9.4664e+007
25067,8.8487e+007
25068,9.3017e+007
25069,9.3015e+007
25070,8.424e+007
25071,9.8188e+007
25072,1.8134e+008
25073,1.8654e+008
25074,1.9795e+008
25075,6.5723e+007
25076,6.3142e+007
25077,5.4171e+007
25078,7.6074e+007
25079,1.8018e+008
25080,2.0395e+008
25081,1.9763e+008
25082,1.6428e+008
25083,1.8545e+008
25084,1.9632e+008
25085,1.5201e+008
25086,1.4926e+008
25087,1.7177e+008
25088,1.1589e+008
25089,9.3503e+007
25090,1.3655e+008
25091,1.3075e+008
25092,1.6418e+008
25093,1.1227e+008
25094,1.012e+008
25095,9.0835e+007
25096,9.3619e+007
25097,1.0056e+008
25098,2.0441e+008
25099,1.8235e+008
25100,2.0072e+008
25101,1.6732e+008
25102,1.9916e+008
25103,1.773e+008
25104,1.6743e+008
25105,1.9453e+008
25106,1.951e+008
25107,1.6532e+008
25108,1.9046e+008
25109,1.8345e+008
25110,1.988e+008
25111,9.0349e+007
25112,1.1088e+008
25113,7.0502e+007
25114,9.6479e+007
25115,1.8522e+008
25116,1.8059e+008
25117,1.8287e+008
25118,1.8954e+008
25119,1.6003e+008
25120,1.5945e+008
25121,1.2632e+008
25122,1.0776e+008
25123,1.1395e+008
25124,1.6773e+008
25125,9.8315e+007
25126,8.4563e+007
25127,7.9527e+007
25128,1.4556e+008
25129,7.95e+007
25130,1.7026e+008
25131,1.6949e+008
25132,1.1407e+008
25133,1.9938e+008
25134,1.471e+008
25135,1.9031e+008
25136,1.5468e+008
25137,1.832e+008
25138,1.6262e+008
25139,1.8764e+008
25140,1.5785e+008
25141,2.0533e+008
25142,1.7773e+008
25143,1.9593e+008
25144,1.7412e+008
25145,1.8461e+008
25146,1.9988e+008
25147,1.8533e+008
25148,1.3247e+008
25149,1.7835e+008
25150,1.3008e+008
25151,1.9491e+008
25152,1.919e+008
25153,1.8746e+008
25154,1.945e+008
25155,1.7121e+008
25156,1.3989e+008
25157,1.9863e+008
25158,1.8389e+008
25159,1.8602e+008
25160,1.7843e+008
25161,1.7322e+008
25162,2.0571e+008
25163,1.211e+008
25164,2.0975e+008
25165,1.767e+008
25166,1.7287e+008
25167,1.8819e+008
25168,1.9467e+008
25169,2.089e+008
25170,6.5972e+007
25171,5.4846e+007
25172,3.902e+007
25173,5.099e+007
25174,4.262e+007
25175,4.468e+007
25176,6.5671e+007
25177,6.6217e+007
25178,7.8761e+007
25179,6.1036e+007
25180,5.9035e+007
25181,5.8996e+007
25182,7.8347e+007
25183,6.9454e+007
25184,7.0025e+007
25185,5.022e+007
25186,1.1693e+008
25187,1.1097e+008
25188,5.6748e+007
25189,1.7093e+008
25190,1.8515e+008
25191,1.6535e+008
25192,1.5906e+008
25193,1.8693e+008
25194,1.2605e+008
25195,1.0161e+008
25196,1.9618e+008
25197,1.1424e+008
25198,8.8862e+007
25199,9.8105e+007
25200,1.4995e+008
25201,1.1365e+008
25202,9.4265e+007
25203,1.4748e+008
25204,1.3318e+008
25205,1.0622e+008
25206,1.3232e+008
25207,1.2294e+008
25208,1.0906e+008
25209,1.1002e+008
25210,1.9736e+008
25211,1.9913e+008
25212,2.0096e+008
25213,2.0103e+008
25214,1.9962e+008
25215,1.648e+008
25216,1.5987e+008
25217,1.8823e+008
25218,1.6989e+008
25219,1.9399e+008
25220,1.129e+008
25221,1.922e+008
25222,1.2535e+008
25223,1.5098e+008
25224,1.3612e+008
25225,1.46e+008
25226,2.0458e+008
25227,1.5104e+008
25228,1.655e+008
25229,1.9413e+008
25230,1.4393e+008
25231,1.7421e+008
25232,9.1666e+007
25233,1.5519e+008
25234,1.9877e+008
25235,2.1455e+008
25236,1.6355e+008
25237,1.4607e+008
25238,2.0008e+008
25239,1.3026e+008
25240,1.3333e+008
25241,1.4833e+008
25242,1.5542e+008
25243,1.9106e+008
25244,1.7713e+008
25245,1.7152e+008
25246,1.5607e+008
25247,1.8547e+008
25248,1.1754e+008
25249,9.2693e+007
25250,7.7632e+007
25251,1.3499e+008
25252,1.8791e+008
25253,1.7973e+008
25254,1.0218e+008
25255,1.7269e+008
25256,2.132e+008
25257,1.6842e+008
25258,1.7907e+008
25259,1.1271e+008
25260,1.84e+008
25261,1.3232e+008
25262,2.0299e+008
25263,1.6739e+008
25264,1.9416e+008
25265,1.3005e+008
25266,9.1406e+007
25267,8.0724e+007
25268,7.9915e+007
25269,9.7914e+007
25270,6.0827e+007
25271,8.4945e+007
25272,6.6435e+007
25273,1.7078e+008
25274,1.7801e+008
25275,1.9134e+008
25276,1.3543e+008
25277,1.3576e+008
25278,1.6727e+008
25279,1.2579e+008
25280,1.1212e+008
25281,8.6572e+007
25282,7.2087e+007
25283,1.7873e+008
25284,1.7602e+008
25285,1.5706e+008
25286,2.066e+008
25287,1.9078e+008
25288,2.0771e+008
25289,1.7184e+008
25290,1.2246e+008
25291,1.37e+008
25292,1.2263e+008
25293,1.279e+008
25294,1.0049e+008
25295,1.3645e+008
25296,9.1978e+007
25297,8.4999e+007
25298,1.0537e+008
25299,8.1516e+007
25300,6.359e+007
25301,1.0401e+008
25302,1.5019e+008
25303,1.3196e+008
25304,1.3735e+008
25305,1.193e+008
25306,1.3373e+008
25307,1.8779e+008
25308,1.8501e+008
25309,1.699e+008
25310,1.9041e+008
25311,1.5244e+008
25312,1.7988e+008
25313,2.0674e+008
25314,1.3558e+008
25315,1.5888e+008
25316,1.9349e+008
25317,1.9325e+008
25318,1.9718e+008
25319,1.4539e+008
25320,1.5542e+008
25321,1.6192e+008
25322,1.5841e+008
25323,1.1079e+008
25324,1.1706e+008
25325,9.9975e+007
25326,1.4951e+008
25327,1.7623e+008
25328,2.1314e+008
25329,1.6012e+008
25330,1.4332e+008
25331,1.4892e+008
25332,1.8707e+008
25333,1.2209e+008
25334,1.7028e+008
25335,1.3169e+008
25336,1.4757e+008
25337,1.5808e+008
25338,1.0254e+008
25339,1.6478e+008
25340,9.9473e+007
25341,9.5834e+007
25342,1.4349e+008
25343,1.3314e+008
25344,1.5198e+008
25345,1.7682e+008
25346,1.0921e+008
25347,1.6299e+008
25348,1.797e+008
25349,1.6048e+008
25350,1.4312e+008
25351,1.648e+008
25352,1.9401e+008
25353,1.786e+008
25354,1.1424e+008
25355,1.4378e+008
25356,1.639e+008
25357,1.2816e+008
25358,1.591e+008
25359,1.7801e+008
25360,8.1091e+007
25361,7.3159e+007
25362,8.7099e+007
25363,7.359e+007
25364,7.9777e+007
25365,7.8499e+007
25366,7.0196e+007
25367,7.5983e+007
25368,1.2606e+008
25369,7.1787e+007
25370,1.1661e+008
25371,7.0275e+007
25372,6.5127e+007
25373,6.5954e+007
25374,7.8616e+007
25375,5.9335e+007
25376,1.1108e+008
25377,1.1131e+008
25378,1.8357e+008
25379,1.8789e+008
25380,8.1005e+007
25381,1.7892e+008
25382,1.1271e+008
25383,1.5275e+008
25384,1.2699e+008
25385,1.3205e+008
25386,1.8827e+008
25387,1.6326e+008
25388,1.7555e+008
25389,1.8932e+008
25390,1.9804e+008
25391,1.9868e+008
25392,1.8335e+008
25393,1.7401e+008
25394,1.8356e+008
25395,1.4682e+008
25396,1.5798e+008
25397,1.975e+008
25398,1.272e+008
25399,1.7419e+008
25400,1.9487e+008
25401,1.8051e+008
25402,1.812e+008
25403,1.5334e+008
25404,2.1188e+008
25405,7.9463e+007
25406,7.2116e+007
25407,5.7919e+007
25408,8.3803e+007
25409,6.0717e+007
25410,7.2496e+007
25411,5.4663e+007
25412,1.676e+008
25413,1.6828e+008
25414,1.6868e+008
25415,1.6047e+008
25416,1.1639e+008
25417,1.3403e+008
25418,1.075e+008
25419,1.1668e+008
25420,1.3573e+008
25421,1.3081e+008
25422,7.2712e+007
25423,7.1636e+007
25424,6.6107e+007
25425,1.4825e+008
25426,1.6173e+008
25427,8.9434e+007
25428,6.0862e+007
25429,7.4071e+007
25430,6.1044e+007
25431,5.9136e+007
25432,6.7301e+007
25433,7.6394e+007
25434,9.6349e+007
25435,8.7966e+007
25436,1.2391e+008
25437,6.5662e+007
25438,7.2633e+007
25439,7.9588e+007
25440,7.5211e+007
25441,6.1415e+007
25442,9.6151e+007
25443,6.5983e+007
25444,6.3058e+007
25445,1.0681e+008
25446,1.1255e+008
25447,1.101e+008
25448,6.2452e+007
25449,6.1983e+007
25450,6.5266e+007
25451,6.1922e+007
25452,5.9774e+007
25453,5.56e+007
25454,5.7303e+007
25455,1.7182e+008
25456,1.588e+008
25457,1.4912e+008
25458,1.1266e+008
25459,1.0565e+008
25460,1.2951e+008
25461,8.4978e+007
25462,1.7177e+008
25463,1.1959e+008
25464,1.6572e+008
25465,1.2658e+008
25466,1.6015e+008
25467,1.7344e+008
25468,1.7191e+008
25469,1.2294e+008
25470,1.5401e+008
25471,1.1669e+008
25472,9.8441e+007
25473,1.0205e+008
25474,1.002e+008
25475,7.7158e+007
25476,1.5283e+008
25477,9.5594e+007
25478,1.561e+008
25479,1.3983e+008
25480,1.3889e+008
25481,9.3902e+007
25482,8.0377e+007
25483,9.9617e+007
25484,1.0615e+008
25485,8.1467e+007
25486,3.7865e+007
25487,6.9071e+007
25488,6.223e+007
25489,7.7067e+007
25490,5.4347e+007
25491,4.9203e+007
25492,7.8474e+007
25493,6.5453e+007
25494,7.4633e+007
25495,6.2525e+007
25496,6.105e+007
25497,5.8873e+007
25498,6.0494e+007
25499,6.4999e+007
25500,7.1238e+007
25501,6.4132e+007
25502,6.7736e+007
25503,6.8517e+007
25504,5.2469e+007
25505,5.7942e+007
25506,5.6902e+007
25507,5.4137e+007
25508,4.9337e+007
25509,6.7844e+007
25510,7.6504e+007
25511,6.8553e+007
25512,5.2034e+007
25513,8.2787e+007
25514,6.7262e+007
25515,9.4162e+007
25516,1.07e+008
25517,7.1601e+007
25518,8.8009e+007
25519,6.9904e+007
25520,6.1511e+007
25521,5.6401e+007
25522,6.0769e+007
25523,5.9025e+007
25524,6.5294e+007
25525,5.7165e+007
25526,5.6951e+007
25527,6.1225e+007
25528,6.2573e+007
25529,6.4727e+007
25530,5.7693e+007
25531,6.009e+007
25532,3.9668e+007
25533,4.6643e+007
25534,7.7701e+007
25535,6.2897e+007
25536,5.7909e+007
25537,6.7644e+007
25538,6.3642e+007
25539,6.5325e+007
25540,6.6658e+007
25541,8.635e+007
25542,6.5639e+007
25543,6.1887e+007
25544,6.8433e+007
25545,7.4741e+007
25546,5.736e+007
25547,9.0235e+007
25548,8.8999e+007
25549,9.7917e+007
25550,6.4906e+007
25551,5.7907e+007
25552,6.0302e+007
25553,6.813e+007
25554,6.8983e+007
25555,5.8021e+007
25556,6.3623e+007
25557,6.396e+007
25558,6.2251e+007
25559,6.3888e+007
25560,4.4555e+007
25561,5.2212e+007
25562,4.9278e+007
25563,5.8811e+007
25564,4.242e+007
25565,6.3825e+007
25566,5.8894e+007
25567,6.9358e+007
25568,7.6237e+007
25569,6.7211e+007
25570,8.9079e+007
25571,9.8047e+007
25572,1.1507e+008
25573,6.8043e+007
25574,3.9653e+007
25575,1.1077e+008
25576,1.0137e+008
25577,5.2488e+007
25578,9.6313e+007
25579,1.0122e+008
25580,7.2776e+007
25581,9.4873e+007
25582,5.306e+007
25583,6.5434e+007
25584,8.0724e+007
25585,5.265e+007
25586,1.1848e+008
25587,5.7278e+007
25588,5.1548e+007
25589,5.9468e+007
25590,6.5582e+007
25591,8.8423e+007
25592,8.2986e+007
25593,8.6025e+007
25594,9.7184e+007
25595,8.5483e+007
25596,7.1562e+007
25597,9.6249e+007
25598,1.3966e+008
25599,1.0226e+008
25600,1.163e+008
25601,1.2865e+008
25602,1.3737e+008
25603,1.3605e+008
25604,1.3125e+008
25605,1.3738e+008
25606,1.2757e+008
25607,8.2441e+007
25608,7.2055e+007
25609,1.5237e+008
25610,7.4292e+007
25611,9.3176e+007
25612,8.9874e+007
25613,4.5826e+007
25614,6.3317e+007
25615,1.1076e+008
25616,7.3692e+007
25617,5.2909e+007
25618,1.3947e+008
25619,5.5391e+007
25620,1.2011e+008
25621,7.0824e+007
25622,9.6346e+007
25623,6.4762e+007
25624,8.1754e+007
25625,6.0393e+007
25626,1.1309e+008
25627,7.5607e+007
25628,7.7392e+007
25629,5.7131e+007
25630,8.5213e+007
25631,7.4992e+007
25632,8.4296e+007
25633,5.8234e+007
25634,6.4546e+007
25635,5.9877e+007
25636,6.4266e+007
25637,6.7785e+007
25638,5.462e+007
25639,5.5815e+007
25640,6.5252e+007
25641,4.44e+007
25642,6.174e+007
25643,4.6414e+007
25644,5.153e+007
25645,4.3019e+007
25646,1.6591e+008
25647,1.3934e+008
25648,1.3901e+008
25649,1.671e+008
25650,1.9542e+008
25651,1.4266e+008
25652,1.6928e+008
25653,1.6172e+008
25654,9.723e+007
25655,1.3536e+008
25656,1.3491e+008
25657,1.8563e+008
25658,1.7425e+008
25659,1.1411e+008
25660,9.3887e+007
25661,1.7915e+008
25662,1.8282e+008
25663,1.0463e+008
25664,1.0034e+008
25665,1.3761e+008
25666,1.492e+008
25667,9.7076e+007
25668,1.1529e+008
25669,1.0289e+008
25670,9.7628e+007
25671,6.7893e+007
25672,7.1306e+007
25673,2.9784e+007
25674,2.2328e+007
25675,8.6834e+007
25676,8.1208e+007
25677,7.08e+007
25678,8.7514e+007
25679,2.8757e+007
25680,1.8352e+008
25681,1.842e+008
25682,1.7465e+008
25683,1.8897e+008
25684,1.2681e+008
25685,1.7722e+008
25686,1.6288e+008
25687,1.9447e+008
25688,9.6357e+007
25689,1.8208e+008
25690,1.6694e+008
25691,1.6447e+008
25692,1.6011e+008
25693,1.1454e+008
25694,1.5275e+008
25695,1.9249e+008
25696,1.222e+008
25697,1.6919e+008
25698,7.7463e+007
25699,7.1303e+007
25700,8.8022e+007
25701,6.4886e+007
25702,8.2611e+007
25703,1.028e+008
25704,1.1536e+008
25705,1.3491e+008
25706,1.066e+008
25707,1.2353e+008
25708,1.3166e+008
25709,1.4345e+008
25710,1.1742e+008
25711,1.0279e+008
25712,7.5138e+007
25713,8.1157e+007
25714,1.5652e+008
25715,1.7107e+008
25716,9.1052e+007
25717,1.7234e+008
25718,1.7024e+008
25719,1.7494e+008
25720,1.764e+008
25721,1.2235e+008
25722,8.7015e+007
25723,1.0171e+008
25724,1.4974e+008
25725,9.8448e+007
25726,1.7772e+008
25727,9.7061e+007
25728,1.2123e+008
25729,1.0224e+008
25730,1.8426e+008
25731,1.7853e+008
25732,1.8601e+008
25733,1.941e+008
25734,1.7542e+008
25735,1.1218e+008
25736,1.9023e+008
25737,1.8595e+008
25738,1.3096e+008
25739,1.8698e+008
25740,1.4306e+008
25741,1.133e+008
25742,1.8386e+008
25743,1.9116e+008
25744,1.7353e+008
25745,1.5467e+008
25746,1.2905e+008
25747,1.3398e+008
25748,1.9948e+008
25749,6.5666e+007
25750,6.0872e+007
25751,4.3985e+007
25752,6.543e+007
25753,5.4518e+007
25754,5.5992e+007
25755,4.9611e+007
25756,7.2385e+007
25757,9.349e+007
25758,7.8356e+007
25759,1.8501e+008
25760,1.6559e+008
25761,1.2403e+008
25762,1.3684e+008
25763,6.11e+007
25764,5.5117e+007
25765,5.0342e+007
25766,6.8571e+007
25767,5.4889e+007
25768,4.9396e+007
25769,5.2537e+007
25770,9.7289e+007
25771,4.403e+007
25772,5.6189e+007
25773,6.8903e+007
25774,6.4762e+007
25775,6.0977e+007
25776,6.3555e+007
25777,6.1756e+007
25778,6.1924e+007
25779,7.3973e+007
25780,6.6219e+007
25781,6.8091e+007
25782,5.834e+007
25783,5.1895e+007
25784,6.3503e+007
25785,5.7739e+007
25786,6.1574e+007
25787,5.7786e+007
25788,8.1327e+007
25789,8.4706e+007
25790,7.5558e+007
25791,8.3089e+007
25792,7.759e+007
25793,6.7552e+007
25794,5.1347e+007
25795,5.8955e+007
25796,6.7666e+007
25797,9.4572e+007
25798,6.5048e+007
25799,9.3222e+007
25800,7.4704e+007
25801,1.0054e+008
25802,1.0808e+008
25803,9.2514e+007
25804,7.9311e+007
25805,8.6498e+007
25806,8.6717e+007
25807,9.0727e+007
25808,1.0158e+008
25809,7.8924e+007
25810,8.0623e+007
25811,8.8665e+007
25812,1.454e+008
25813,1.837e+008
25814,1.4939e+008
25815,1.6452e+008
25816,1.7624e+008
25817,1.3098e+008
25818,1.137e+008
25819,1.4896e+008
25820,1.7903e+008
25821,1.6244e+008
25822,1.1582e+008
25823,1.4612e+008
25824,1.7383e+008
25825,1.9259e+008
25826,1.3077e+008
25827,1.6056e+008
25828,1.2034e+008
25829,1.3243e+008
25830,1.1037e+008
25831,1.2845e+008
25832,1.0063e+008
25833,1.1924e+008
25834,6.1792e+007
25835,1.4796e+008
25836,1.428e+008
25837,8.4195e+007
25838,7.8921e+007
25839,8.1839e+007
25840,1.4355e+008
25841,1.0475e+008
25842,6.2858e+007
25843,9.1787e+007
25844,9.1694e+007
25845,5.8202e+007
25846,7.1165e+007
25847,6.31e+007
25848,6.092e+007
25849,9.6983e+007
25850,1.3303e+008
25851,4.1973e+007
25852,8.0112e+007
25853,7.6964e+007
25854,1.2039e+008
25855,9.9248e+007
25856,1.3051e+008
25857,3.8701e+007
25858,3.0631e+007
25859,1.1374e+008
25860,1.0497e+008
25861,9.6357e+007
25862,6.6396e+007
25863,1.0994e+008
25864,2.249e+007
25865,6.2629e+007
25866,2.1792e+007
25867,1.3309e+008
25868,7.1088e+007
25869,1.5355e+008
25870,8.5789e+007
25871,7.8476e+007
25872,8.1985e+007
25873,1.4982e+008
25874,1.4919e+008
25875,1.1717e+008
25876,1.2089e+008
25877,1.5143e+008
25878,9.9151e+007
25879,1.5634e+008
25880,7.0013e+007
25881,7.7827e+007
25882,9.2455e+007
25883,1.3363e+008
25884,1.5968e+008
25885,1.045e+008
25886,1.5694e+008
25887,8.1315e+007
25888,1.5038e+008
25889,9.9816e+007
25890,8.8055e+007
25891,1.2076e+008
25892,1.2106e+008
25893,1.1225e+008
25894,1.3867e+008
25895,1.4491e+008
25896,1.2811e+008
25897,1.0897e+008
25898,1.496e+008
25899,1.4891e+008
25900,1.1418e+008
25901,1.7026e+008
25902,1.4926e+008
25903,8.6926e+007
25904,9.9497e+007
25905,1.4507e+008
25906,1.7582e+008
25907,1.2082e+008
25908,1.6413e+008
25909,1.5181e+008
25910,1.0632e+008
25911,1.3784e+008
25912,1.8077e+008
25913,9.0381e+007
25914,1.8586e+008
25915,1.6599e+008
25916,1.0332e+008
25917,1.4011e+008
25918,1.2216e+008
25919,1.0563e+008
25920,1.7823e+008
25921,1.7611e+008
25922,8.9337e+007
25923,7.7147e+007
25924,6.2273e+007
25925,8.7701e+007
25926,1.0141e+008
25927,6.4598e+007
25928,9.8004e+007
25929,6.9136e+007
25930,2.3272e+007
25931,8.0726e+007
25932,2.73e+007
25933,8.6148e+007
25934,1.5473e+008
25935,1.8021e+008
25936,1.8318e+008
25937,1.8606e+008
25938,1.1453e+008
25939,1.201e+008
25940,1.8146e+008
25941,1.7323e+008
25942,1.2098e+008
25943,1.3843e+008
25944,1.6084e+008
25945,1.6485e+008
25946,9.3456e+007
25947,1.2151e+008
25948,1.0458e+008
25949,1.487e+008
25950,1.2445e+008
25951,1.5748e+008
25952,8.1794e+007
25953,1.0798e+008
25954,1.4804e+008
25955,1.2538e+008
25956,1.3671e+008
25957,9.7515e+007
25958,1.7475e+008
25959,1.0942e+008
25960,1.2048e+008
25961,1.1062e+008
25962,1.2864e+008
25963,1.0733e+008
25964,7.1962e+007
25965,1.6435e+008
25966,9.7192e+007
25967,9.2171e+007
25968,8.1904e+007
25969,6.3922e+007
25970,1.0457e+008
25971,6.3568e+007
25972,1.1839e+008
25973,1.1425e+008
25974,9.149e+007
25975,8.8699e+007
25976,9.9157e+007
25977,1.0027e+008
25978,1.0555e+008
25979,7.3053e+007
25980,5.747e+007
25981,6.982e+007
25982,9.6517e+007
25983,1.0889e+008
25984,1.0978e+008
25985,1.9743e+008
25986,2.1066e+008
25987,1.7768e+008
25988,1.7846e+008
25989,1.6578e+008
25990,1.83e+008
25991,1.9558e+008
25992,1.3066e+008
25993,1.3034e+008
25994,1.2831e+008
25995,1.6384e+008
25996,1.5278e+008
25997,1.4952e+008
25998,9.2385e+007
25999,8.6069e+007
26000,9.4458e+007
26001,1.4484e+008
26002,1.1316e+008
26003,1.3436e+008
26004,1.7828e+008
26005,1.7648e+008
26006,1.5188e+008
26007,8.9552e+007
26008,8.0998e+007
26009,1.5572e+008
26010,1.0664e+008
26011,1.3038e+008
26012,1.0152e+008
26013,1.5875e+008
26014,1.0211e+008
26015,4.6721e+007
26016,1.4299e+008
26017,8.2772e+007
26018,1.62e+008
26019,8.5494e+007
26020,1.033e+008
26021,1.1578e+008
26022,1.4399e+008
26023,1.5319e+008
26024,8.7255e+007
26025,7.9833e+007
26026,7.217e+007
26027,5.0246e+007
26028,1.0049e+008
26029,1.0982e+008
26030,1.9178e+008
26031,9.4937e+007
26032,5.2508e+007
26033,1.3802e+008
26034,4.6247e+007
26035,1.4874e+008
26036,1.3362e+008
26037,1.264e+008
26038,7.9108e+007
26039,1.0968e+008
26040,1.2121e+008
26041,1.6675e+008
26042,1.8098e+008
26043,1.6545e+008
26044,1.0072e+008
26045,1.4071e+008
26046,1.5672e+008
26047,7.1768e+007
26048,1.2004e+008
26049,9.404e+007
26050,7.114e+007
26051,7.187e+007
26052,7.5826e+007
26053,6.0098e+007
26054,1.5437e+008
26055,6.967e+007
26056,1.2387e+008
26057,1.3734e+008
26058,8.1181e+007
26059,6.2722e+007
26060,9.7205e+007
26061,1.1365e+008
26062,5.776e+007
26063,1.9479e+008
26064,1.2213e+008
26065,8.2192e+007
26066,1.9455e+008
26067,1.2204e+008
26068,1.4082e+008
26069,1.9148e+008
26070,1.7876e+008
26071,1.1744e+008
26072,9.7486e+007
26073,1.8734e+008
26074,1.2808e+008
26075,1.5236e+008
26076,1.7291e+008
26077,1.2488e+008
26078,1.5149e+008
26079,7.8693e+007
26080,1.3975e+008
26081,1.2039e+008
26082,1.3072e+008
26083,2.007e+008
26084,1.94e+008
26085,1.3071e+008
26086,2.0876e+008
26087,1.5201e+008
26088,1.6772e+008
26089,1.3391e+008
26090,1.8295e+008
26091,1.3035e+008
26092,1.1992e+008
26093,1.0573e+008
26094,1.8619e+008
26095,1.6109e+008
26096,1.4379e+008
26097,2.0353e+008
26098,1.2532e+008
26099,1.0283e+008
26100,9.6447e+007
26101,1.1009e+008
26102,6.4381e+007
26103,6.225e+007
26104,6.4264e+007
26105,1.4753e+008
26106,1.7159e+008
26107,1.4509e+008
26108,1.6117e+008
26109,9.3007e+007
26110,1.2594e+008
26111,7.7674e+007
26112,1.325e+008
26113,7.7133e+007
26114,1.9583e+008
26115,1.8944e+008
26116,1.6072e+008
26117,1.2455e+008
26118,6.7791e+007
26119,5.5962e+007
26120,6.2262e+007
26121,1.186e+008
26122,6.2636e+007
26123,4.6565e+007
26124,5.4251e+007
26125,1.422e+008
26126,7.5004e+007
26127,9.6202e+007
26128,6.2747e+007
26129,5.7274e+007
26130,5.4484e+007
26131,1.826e+008
26132,1.7464e+008
26133,1.9848e+008
26134,1.1561e+008
26135,1.3718e+008
26136,1.059e+008
26137,7.6896e+007
26138,7.4226e+007
26139,6.6398e+007
26140,9.6318e+007
26141,8.6183e+007
26142,8.7621e+007
26143,4.663e+007
26144,4.8406e+007
26145,6.2796e+007
26146,4.5682e+007
26147,7.2114e+007
26148,9.2431e+007
26149,8.4391e+007
26150,5.2837e+007
26151,5.9525e+007
26152,7.3417e+007
26153,7.5168e+007
26154,6.6266e+007
26155,8.1013e+007
26156,1.0225e+008
26157,9.2147e+007
26158,1.0507e+008
26159,9.3628e+007
26160,1.4975e+008
26161,1.4405e+008
26162,1.4671e+008
26163,1.624e+008
26164,1.5357e+008
26165,1.9518e+008
26166,1.8787e+008
26167,1.7646e+008
26168,1.5943e+008
26169,6.4736e+007
26170,5.7268e+007
26171,5.8463e+007
26172,6.6906e+007
26173,5.2862e+007
26174,3.6385e+007
26175,4.0028e+007
26176,4.6501e+007
26177,1.0463e+008
26178,4.636e+007
26179,5.6161e+007
26180,5.6001e+007
26181,5.4921e+007
26182,4.8601e+007
26183,4.9977e+007
26184,5.3021e+007
26185,6.1639e+007
26186,7.0568e+007
26187,5.6727e+007
26188,5.2926e+007
26189,6.8225e+007
26190,5.8631e+007
26191,6.9092e+007
26192,1.4899e+008
26193,1.5796e+008
26194,1.55e+008
26195,9.9664e+007
26196,1.6394e+008
26197,1.6858e+008
26198,1.7735e+008
26199,1.1526e+008
26200,9.3977e+007
26201,7.3514e+007
26202,1.5484e+008
26203,1.7135e+008
26204,9.7306e+007
26205,9.631e+007
26206,1.0669e+008
26207,1.7292e+008
26208,8.9512e+007
26209,6.8194e+007
26210,1.126e+008
26211,1.7838e+008
26212,1.3363e+008
26213,1.915e+008
26214,9.2503e+007
26215,1.2229e+008
26216,1.1932e+008
26217,1.8464e+008
26218,1.6866e+008
26219,1.8451e+008
26220,8.9937e+007
26221,1.722e+008
26222,1.6085e+008
26223,1.5151e+008
26224,1.1508e+008
26225,9.2722e+007
26226,1.4972e+008
26227,1.7218e+008
26228,1.2159e+008
26229,1.0622e+008
26230,1.7088e+008
26231,1.5356e+008
26232,1.7646e+008
26233,1.3121e+008
26234,1.9054e+008
26235,1.2004e+008
26236,1.721e+008
26237,1.524e+008
26238,1.1035e+008
26239,1.5917e+008
26240,1.7053e+008
26241,1.1325e+008
26242,1.3973e+008
26243,1.523e+008
26244,1.2297e+008
26245,1.0099e+008
26246,1.0196e+008
26247,1.3597e+008
26248,8.3426e+007
26249,1.2476e+008
26250,7.9591e+007
26251,4.2658e+007
26252,6.1891e+007
26253,4.7466e+007
26254,5.6589e+007
26255,7.0373e+007
26256,1.08e+008
26257,7.3231e+007
26258,7.7165e+007
26259,8.7833e+007
26260,7.4285e+007
26261,6.628e+007
26262,1.8269e+008
26263,1.2771e+008
26264,1.7287e+008
26265,1.1385e+008
26266,1.5842e+008
26267,1.4612e+008
26268,1.7109e+008
26269,1.4549e+008
26270,1.0824e+008
26271,1.1461e+008
26272,1.4165e+008
26273,1.6731e+008
26274,1.1431e+008
26275,6.4092e+007
26276,6.5046e+007
26277,5.5403e+007
26278,5.8788e+007
26279,9.2138e+007
26280,7.8406e+007
26281,6.06e+007
26282,8.5157e+007
26283,8.0956e+007
26284,6.3221e+007
26285,9.0675e+007
26286,5.8374e+007
26287,1.6984e+008
26288,9.0382e+007
26289,7.7913e+007
26290,7.6719e+007
26291,7.8101e+007
26292,5.2346e+007
26293,6.1176e+007
26294,5.4989e+007
26295,8.1546e+007
26296,9.0339e+007
26297,1.1021e+008
26298,6.6509e+007
26299,7.0683e+007
26300,8.89e+007
26301,1.0021e+008
26302,7.0395e+007
26303,8.5847e+007
26304,1.1648e+008
26305,1.7798e+008
26306,1.5511e+008
26307,1.5886e+008
26308,1.882e+008
26309,5.2234e+007
26310,7.9508e+007
26311,1.1037e+008
26312,8.1473e+007
26313,1.0084e+008
26314,7.488e+007
26315,8.2139e+007
26316,9.6037e+007
26317,8.0046e+007
26318,7.734e+007
26319,9.73e+007
26320,1.7507e+008
26321,1.2472e+008
26322,1.5257e+008
26323,1.1732e+008
26324,1.9918e+008
26325,1.5813e+008
26326,1.2835e+008
26327,1.7382e+008
26328,1.7956e+008
26329,1.1735e+008
26330,1.1523e+008
26331,1.5436e+008
26332,1.987e+008
26333,1.4141e+008
26334,1.3559e+008
26335,1.2019e+008
26336,1.8723e+008
26337,1.7357e+008
26338,1.2307e+008
26339,1.5983e+008
26340,1.7967e+008
26341,1.9642e+008
26342,9.4799e+007
26343,1.322e+008
26344,1.5897e+008
26345,6.0637e+007
26346,9.6413e+007
26347,1.0639e+008
26348,7.9523e+007
26349,1.6327e+008
26350,1.5792e+008
26351,1.6428e+008
26352,8.6942e+007
26353,1.1062e+008
26354,1.8038e+008
26355,1.1443e+008
26356,2.0091e+008
26357,1.5845e+008
26358,1.3337e+008
26359,1.7041e+008
26360,7.7381e+007
26361,1.145e+008
26362,1.3602e+008
26363,1.7179e+008
26364,8.3271e+007
26365,9.9168e+007
26366,4.8418e+007
26367,6.6985e+007
26368,6.0671e+007
26369,5.7284e+007
26370,4.8692e+007
26371,4.5249e+007
26372,1.1877e+008
26373,9.7305e+007
26374,1.072e+008
26375,1.1039e+008
26376,1.0324e+008
26377,1.3194e+008
26378,8.2329e+007
26379,9.8045e+007
26380,1.0643e+008
26381,1.1602e+008
26382,1.2386e+008
26383,1.3652e+008
26384,1.7928e+008
26385,1.8765e+008
26386,1.8944e+008
26387,9.2054e+007
26388,8.9286e+007
26389,9.406e+007
26390,8.1219e+007
26391,6.4219e+007
26392,7.9659e+007
26393,8.1334e+007
26394,1.0248e+008
26395,8.9806e+007
26396,9.4943e+007
26397,9.4025e+007
26398,1.0005e+008
26399,1.0053e+008
26400,1.0444e+008
26401,9.1404e+007
26402,9.1547e+007
26403,8.8944e+007
26404,1.1949e+008
26405,1.3823e+008
26406,5.7785e+007
26407,1.1042e+008
26408,1.0597e+008
26409,1.7009e+008
26410,1.5517e+008
26411,1.3477e+008
26412,5.98e+007
26413,8.6825e+007
26414,9.1872e+007
26415,7.5728e+007
26416,6.9046e+007
26417,1.2065e+008
26418,5.8219e+007
26419,6.3323e+007
26420,5.8715e+007
26421,3.9932e+007
26422,3.2249e+007
26423,2.5586e+007
26424,8.5683e+007
26425,7.0509e+007
26426,4.876e+007
26427,5.4349e+007
26428,5.443e+007
26429,5.6968e+007
26430,5.3983e+007
26431,3.2767e+007
26432,4.2337e+007
26433,6.24e+007
26434,1.4414e+008
26435,7.8993e+007
26436,6.0448e+007
26437,8.209e+007
26438,5.5539e+007
26439,1.4376e+008
26440,8.0424e+007
26441,1.7324e+008
26442,1.5418e+008
26443,1.2656e+008
26444,1.2549e+008
26445,1.3106e+008
26446,1.6436e+008
26447,1.8689e+008
26448,1.9663e+008
26449,8.9843e+007
26450,6.0358e+007
26451,1.1073e+008
26452,1.0238e+008
26453,7.2588e+007
26454,7.1426e+007
26455,9.4729e+007
26456,6.6966e+007
26457,5.06e+007
26458,9.4466e+007
26459,7.8714e+007
26460,5.1588e+007
26461,6.3287e+007
26462,7.6574e+007
26463,8.2199e+007
26464,1.3566e+008
26465,1.773e+008
26466,1.4577e+008
26467,1.0831e+008
26468,1.1984e+008
26469,1.8269e+008
26470,1.1851e+008
26471,1.7023e+008
26472,7.0409e+007
26473,6.8993e+007
26474,9.7739e+007
26475,6.6734e+007
26476,7.3606e+007
26477,7.0582e+007
26478,7.1822e+007
26479,7.5065e+007
26480,8.4577e+007
26481,5.9635e+007
26482,9.4533e+007
26483,7.2061e+007
26484,8.7257e+007
26485,7.452e+007
26486,6.7276e+007
26487,4.702e+007
26488,5.3972e+007
26489,5.1571e+007
26490,7.1457e+007
26491,6.1232e+007
26492,5.624e+007
26493,6.3442e+007
26494,4.716e+007
26495,6.8576e+007
26496,1.2755e+008
26497,1.4328e+008
26498,1.7748e+008
26499,1.4685e+008
26500,5.7273e+007
26501,5.7196e+007
26502,5.8739e+007
26503,6.2556e+007
26504,6.5577e+007
26505,7.2696e+007
26506,7.1551e+007
26507,6.3777e+007
26508,7.0057e+007
26509,6.2935e+007
26510,7.3571e+007
26511,5.9722e+007
26512,9.1448e+007
26513,1.1129e+008
26514,8.83e+007
26515,9.9246e+007
26516,7.2825e+007
26517,8.3158e+007
26518,9.8682e+007
26519,1.1799e+008
26520,6.2835e+007
26521,9.9597e+007
26522,7.1245e+007
26523,9.8216e+007
26524,4.8754e+007
26525,5.7506e+007
26526,6.9797e+007
26527,7.1611e+007
26528,6.8082e+007
26529,6.4335e+007
26530,7.7065e+007
26531,7.4463e+007
26532,7.8561e+007
26533,8.9116e+007
26534,9.8763e+007
26535,4.578e+007
26536,1.8361e+008
26537,1.0127e+008
26538,1.4588e+008
26539,1.9226e+008
26540,1.8184e+008
26541,1.2567e+008
26542,1.2693e+008
26543,1.8412e+008
26544,1.927e+008
26545,1.7752e+008
26546,1.5794e+008
26547,9.2298e+007
26548,1.5951e+008
26549,1.1043e+008
26550,1.5716e+008
26551,1.3477e+008
26552,1.4878e+008
26553,1.6862e+008
26554,1.6827e+008
26555,1.2185e+008
26556,1.4565e+008
26557,1.9757e+008
26558,1.247e+008
26559,1.7292e+008
26560,1.2622e+008
26561,1.2652e+008
26562,1.9859e+008
26563,1.7402e+008
26564,1.2247e+008
26565,1.4338e+008
26566,1.437e+008
26567,9.132e+007
26568,1.5422e+008
26569,1.4441e+008
26570,6.1759e+007
26571,6.2278e+007
26572,9.2217e+007
26573,1.3505e+008
26574,1.1961e+008
26575,4.1742e+007
26576,1.1895e+008
26577,1.0053e+008
26578,1.2462e+008
26579,1.1529e+008
26580,7.0134e+007
26581,1.0971e+008
26582,7.6723e+007
26583,5.6845e+007
26584,6.3439e+007
26585,8.9894e+007
26586,9.4899e+007
26587,1.632e+008
26588,1.4003e+008
26589,1.0335e+008
26590,1.3939e+008
26591,1.5855e+008
26592,8.9529e+007
26593,8.5606e+007
26594,6.8773e+007
26595,5.5682e+007
26596,5.4544e+007
26597,5.8451e+007
26598,5.3885e+007
26599,4.5084e+007
26600,5.4848e+007
26601,4.6687e+007
26602,5.4514e+007
26603,6.8283e+007
26604,6.4099e+007
26605,7.0462e+007
26606,6.4827e+007
26607,5.0968e+007
26608,6.5349e+007
26609,1.0918e+008
26610,4.7626e+007
26611,9.48e+007
26612,4.4403e+007
26613,8.9077e+007
26614,8.7912e+007
26615,1.2333e+008
26616,4.6801e+007
26617,5.6918e+007
26618,3.5756e+007
26619,8.5681e+007
26620,4.1817e+007
26621,4.548e+007
26622,6.4182e+007
26623,3.861e+007
26624,3.1462e+007
26625,9.5679e+007
26626,7.4949e+007
26627,5.3414e+007
26628,1.4476e+007
26629,9.3627e+007
26630,4.3966e+007
26631,6.3489e+007
26632,3.9819e+007
26633,7.2127e+007
26634,8.3579e+007
26635,6.6015e+007
26636,9.9834e+007
26637,1.7007e+008
26638,1.6856e+008
26639,1.5655e+008
26640,8.786e+007
26641,9.2089e+007
26642,7.4914e+007
26643,1.5796e+008
26644,9.6039e+007
26645,8.9555e+007
26646,1.6579e+008
26647,1.1057e+008
26648,1.5343e+008
26649,1.1063e+008
26650,1.5552e+008
26651,1.6538e+008
26652,1.7193e+008
26653,1.505e+008
26654,1.1428e+008
26655,1.1018e+008
26656,1.9359e+008
26657,1.929e+008
26658,1.1606e+008
26659,9.218e+007
26660,9.6782e+007
26661,9.5231e+007
26662,9.2102e+007
26663,8.0083e+007
26664,1.0217e+008
26665,8.04e+007
26666,5.0941e+007
26667,6.2893e+007
26668,6.7626e+007
26669,4.4113e+007
26670,1.0674e+008
26671,6.4603e+007
26672,1.1855e+008
26673,1.4936e+008
26674,7.2574e+007
26675,7.508e+007
26676,6.4222e+007
26677,7.5559e+007
26678,7.6831e+007
26679,5.6796e+007
26680,1.9157e+008
26681,1.74e+008
26682,1.4312e+008
26683,1.9401e+008
26684,6.2346e+007
26685,1.1322e+008
26686,8.6566e+007
26687,8.1565e+007
26688,9.2893e+007
26689,9.5382e+007
26690,3.3742e+007
26691,7.6921e+007
26692,1.04e+008
26693,9.4252e+007
26694,1.0259e+008
26695,1.5168e+008
26696,1.4856e+008
26697,1.4173e+008
26698,1.1329e+008
26699,6.4123e+007
26700,8.8448e+007
26701,1.5016e+008
26702,8.3451e+007
26703,7.1107e+007
26704,1.1367e+008
26705,6.8547e+007
26706,8.0744e+007
26707,7.4815e+007
26708,6.6766e+007
26709,7.7631e+007
26710,9.7295e+007
26711,6.9365e+007
26712,8.075e+007
26713,1.0165e+008
26714,8.1577e+007
26715,1.1739e+008
26716,6.2143e+007
26717,1.2842e+008
26718,1.108e+008
26719,9.1707e+007
26720,1.1254e+008
26721,9.593e+007
26722,8.2879e+007
26723,7.9939e+007
26724,5.3162e+007
26725,5.6913e+007
26726,1.0771e+008
26727,4.7145e+007
26728,3.32e+007
26729,4.1221e+007
26730,1.0261e+008
26731,1.059e+008
26732,6.1096e+007
26733,7.545e+007
26734,6.0219e+007
26735,7.2236e+007
26736,1.363e+008
26737,4.7995e+007
26738,5.5291e+007
26739,6.4222e+007
26740,6.7204e+007
26741,7.3392e+007
26742,9.1252e+007
26743,9.4622e+007
26744,6.5519e+007
26745,7.1759e+007
26746,4.8633e+007
26747,1.0884e+008
26748,1.6566e+008
26749,4.7772e+007
26750,6.6254e+007
26751,1.5638e+008
26752,1.3424e+008
26753,1.4245e+008
26754,1.3869e+008
26755,1.1276e+008
26756,9.1966e+007
26757,7.1838e+007
26758,8.7095e+007
26759,7.0513e+007
26760,9.0531e+007
26761,1.5476e+008
26762,1.2891e+008
26763,1.7202e+008
26764,8.6505e+007
26765,1.3132e+008
26766,1.4202e+008
26767,1.9295e+008
26768,1.2804e+008
26769,1.6275e+008
26770,1.7494e+008
26771,1.6983e+008
26772,8.2444e+007
26773,1.7846e+008
26774,1.0683e+008
26775,1.0666e+008
26776,1.0248e+008
26777,9.2458e+007
26778,7.4448e+007
26779,6.4118e+007
26780,7.3836e+007
26781,6.1954e+007
26782,5.6421e+007
26783,5.0329e+007
26784,1.2199e+008
26785,9.6924e+007
26786,8.7877e+007
26787,1.2173e+008
26788,9.04e+007
26789,8.7829e+007
26790,1.1262e+008
26791,9.8985e+007
26792,7.462e+007
26793,7.2093e+007
26794,6.3013e+007
26795,5.1044e+007
26796,6.3418e+007
26797,5.5279e+007
26798,1.2413e+008
26799,1.2654e+008
26800,1.6977e+008
26801,1.8307e+008
26802,1.2052e+008
26803,1.256e+008
26804,1.7619e+008
26805,1.4676e+008
26806,1.0948e+008
26807,1.5762e+008
26808,1.6134e+008
26809,1.1959e+008
26810,1.33e+008
26811,9.3933e+007
26812,1.2816e+008
26813,1.497e+008
26814,7.5751e+007
26815,8.0054e+007
26816,1.0784e+008
26817,1.0782e+008
26818,1.8149e+008
26819,1.0575e+008
26820,1.5119e+008
26821,1.7399e+008
26822,1.3416e+008
26823,1.2631e+008
26824,9.2666e+007
26825,1.403e+008
26826,8.5054e+007
26827,1.1269e+008
26828,1.3259e+008
26829,1.0692e+008
26830,1.2163e+008
26831,1.3358e+008
26832,1.3141e+008
26833,8.1638e+007
26834,1.0367e+008
26835,1.1046e+008
26836,1.327e+008
26837,7.165e+007
26838,1.3375e+008
26839,1.1584e+008
26840,6.1651e+007
26841,8.6435e+007
26842,1.7557e+008
26843,1.1164e+008
26844,1.1164e+008
26845,1.5198e+008
26846,1.9564e+008
26847,1.815e+008
26848,1.5755e+008
26849,1.43e+008
26850,1.8435e+008
26851,2.054e+008
26852,1.2341e+008
26853,1.9775e+008
26854,1.8596e+008
26855,9.1735e+007
26856,1.8383e+008
26857,1.7807e+008
26858,1.3945e+008
26859,1.1648e+008
26860,1.2742e+008
26861,5.9515e+007
26862,5.5111e+007
26863,5.1246e+007
26864,5.4544e+007
26865,5.0028e+007
26866,5.2425e+007
26867,7.3422e+007
26868,9.0841e+007
26869,4.1575e+007
26870,5.3187e+007
26871,7.0415e+007
26872,6.3546e+007
26873,7.2545e+007
26874,5.2852e+007
26875,6.4923e+007
26876,8.8458e+007
26877,7.6611e+007
26878,1.7518e+008
26879,1.4278e+008
26880,1.7793e+008
26881,1.4026e+008
26882,1.4742e+008
26883,1.3621e+008
26884,1.5621e+008
26885,7.9757e+007
26886,1.2803e+008
26887,5.6859e+007
26888,5.9058e+007
26889,5.7475e+007
26890,6.2804e+007
26891,5.9608e+007
26892,5.8993e+007
26893,5.9124e+007
26894,4.5055e+007
26895,5.0748e+007
26896,5.475e+007
26897,4.5538e+007
26898,5.9031e+007
26899,5.7393e+007
26900,4.078e+007
26901,9.3243e+007
26902,4.8821e+007
26903,4.5236e+007
26904,5.4525e+007
26905,5.509e+007
26906,5.6835e+007
26907,4.2435e+007
26908,6.4413e+007
26909,8.056e+007
26910,1.0076e+008
26911,1.4247e+008
26912,6.8865e+007
26913,6.8606e+007
26914,5.1992e+007
26915,8.0614e+007
26916,6.3897e+007
26917,6.0219e+007
26918,6.3639e+007
26919,5.2659e+007
26920,3.0023e+007
26921,8.9736e+007
26922,6.1288e+007
26923,1.6117e+008
26924,1.7766e+008
26925,1.0658e+008
26926,1.3355e+008
26927,1.5926e+008
26928,8.6978e+007
26929,1.2865e+008
26930,1.6891e+008
26931,9.4432e+007
26932,5.0275e+007
26933,1.5726e+008
26934,9.6577e+007
26935,1.8796e+008
26936,1.7404e+008
26937,1.0311e+008
26938,1.146e+008
26939,1.2151e+008
26940,1.3871e+008
26941,1.2946e+008
26942,1.1494e+008
26943,1.264e+008
26944,1.3381e+008
26945,1.86e+008
26946,1.7083e+008
26947,1.7352e+008
26948,1.2042e+008
26949,1.8144e+008
26950,1.6484e+008
26951,1.0352e+008
26952,1.962e+008
26953,1.8979e+008
26954,1.3294e+008
26955,1.7629e+008
26956,1.6063e+008
26957,1.4006e+008
26958,1.4014e+008
26959,1.3979e+008
26960,1.5414e+008
26961,1.3876e+008
26962,1.6413e+008
26963,1.332e+008
26964,1.2941e+008
26965,1.8682e+008
26966,2.0186e+008
26967,1.9713e+008
26968,1.187e+008
26969,1.3104e+008
26970,1.2235e+008
26971,7.0863e+007
26972,9.945e+007
26973,6.3932e+007
26974,9.4006e+007
26975,1.5597e+008
26976,1.1423e+008
26977,8.8995e+007
26978,1.0371e+008
26979,1.078e+008
26980,1.1625e+008
26981,9.6854e+007
26982,9.4293e+007
26983,6.2527e+007
26984,9.1386e+007
26985,1.322e+008
26986,7.8883e+007
26987,7.5468e+007
26988,6.916e+007
26989,8.5212e+007
26990,1.57e+008
26991,1.1761e+008
26992,1.1315e+008
26993,1.0634e+008
26994,9.8994e+007
26995,1.2521e+008
26996,1.0658e+008
26997,1.1398e+008
26998,1.0535e+008
26999,1.4676e+008
27000,1.4944e+008
27001,8.5694e+007
27002,8.5947e+007
27003,9.1527e+007
27004,1.3062e+008
27005,1.5074e+008
27006,1.0693e+008
27007,1.2846e+008
27008,1.2543e+008
27009,1.436e+008
27010,6.5109e+007
27011,8.772e+007
27012,6.7065e+007
27013,8.9112e+007
27014,1.0911e+008
27015,9.3224e+007
27016,9.2886e+007
27017,1.0763e+008
27018,5.2312e+007
27019,5.4647e+007
27020,9.068e+007
27021,6.335e+007
27022,5.7102e+007
27023,5.8684e+007
27024,9.8096e+007
27025,6.3986e+007
27026,9.3927e+007
27027,1.0108e+008
27028,6.7462e+007
27029,6.3026e+007
27030,7.0885e+007
27031,6.4772e+007
27032,5.8086e+007
27033,5.4821e+007
27034,6.9038e+007
27035,6.1876e+007
27036,6.761e+007
27037,6.5495e+007
27038,5.7939e+007
27039,7.3956e+007
27040,5.8581e+007
27041,7.5332e+007
27042,6.742e+007
27043,5.5355e+007
27044,6.4784e+007
27045,6.5113e+007
27046,6.0278e+007
27047,6.3966e+007
27048,8.547e+007
27049,7.0193e+007
27050,5.8757e+007
27051,6.4909e+007
27052,1.4183e+008
27053,9.9624e+007
27054,1.5458e+008
27055,7.1927e+007
27056,1.4417e+008
27057,9.8305e+007
27058,1.2198e+008
27059,1.5059e+008
27060,1.3229e+008
27061,9.0176e+007
27062,7.5154e+007
27063,7.6019e+007
27064,9.6789e+007
27065,6.7242e+007
27066,7.4486e+007
27067,6.3477e+007
27068,7.7154e+007
27069,8.361e+007
27070,6.7789e+007
27071,1.8817e+008
27072,1.5482e+008
27073,1.8102e+008
27074,2.0511e+008
27075,1.5846e+008
27076,1.5859e+008
27077,1.1242e+008
27078,1.4348e+008
27079,1.0757e+008
27080,1.3382e+008
27081,1.6955e+008
27082,8.2537e+007
27083,5.0023e+007
27084,2.3982e+007
27085,4.4391e+007
27086,7.7886e+007
27087,1.9365e+007
27088,5.3779e+007
27089,8.8814e+007
27090,2.0614e+007
27091,1.1175e+008
27092,6.2538e+007
27093,2.0141e+008
27094,1.2595e+008
27095,2.083e+008
27096,1.1596e+008
27097,1.6156e+008
27098,1.4102e+008
27099,1.8223e+008
27100,1.9721e+008
27101,1.7056e+007
27102,3.3732e+007
27103,5.8549e+007
27104,6.3837e+007
27105,4.1691e+007
27106,2.4918e+007
27107,1.0589e+007
27108,3.47e+007
27109,8.7243e+007
27110,5.4401e+007
27111,5.085e+007
27112,1.303e+008
27113,1.14e+008
27114,8.8355e+007
27115,1.7787e+008
27116,8.1875e+007
27117,1.1903e+008
27118,1.1064e+008
27119,9.317e+007
27120,8.9945e+007
27121,6.9322e+007
27122,1.7743e+008
27123,1.4599e+008
27124,1.4809e+008
27125,1.1145e+008
27126,9.7055e+007
27127,1.8574e+008
27128,1.8692e+008
27129,1.1538e+008
27130,1.1783e+008
27131,1.0443e+008
27132,6.7054e+007
27133,1.2606e+008
27134,7.7273e+007
27135,1.4717e+008
27136,5.3254e+007
27137,9.6186e+007
27138,6.0757e+007
27139,1.8808e+008
27140,1.2173e+008
27141,1.5631e+008
27142,1.2172e+008
27143,1.29e+008
27144,5.8619e+007
27145,1.2499e+008
27146,9.2061e+007
27147,1.5727e+008
27148,1.5634e+008
27149,1.6377e+008
27150,1.0288e+008
27151,8.2583e+007
27152,1.4854e+008
27153,1.3775e+008
27154,1.2236e+008
27155,6.0072e+007
27156,5.834e+007
27157,5.8821e+007
27158,6.0333e+007
27159,6.51e+007
27160,5.3523e+007
27161,1.6017e+008
27162,1.1158e+008
27163,1.9084e+008
27164,1.2331e+008
27165,1.7619e+008
27166,1.2221e+008
27167,1.5596e+008
27168,1.391e+008
27169,1.2382e+008
27170,1.3676e+008
27171,1.705e+008
27172,1.3583e+008
27173,7.7564e+007
27174,1.1568e+008
27175,6.611e+007
27176,6.5945e+007
27177,1.3325e+008
27178,1.2939e+008
27179,8.3398e+007
27180,1.0833e+008
27181,1.6625e+008
27182,1.8774e+008
27183,1.6549e+008
27184,1.8421e+008
27185,1.6979e+008
27186,1.2124e+008
27187,1.8118e+008
27188,1.5257e+008
27189,6.9689e+007
27190,1.2482e+008
27191,1.0277e+008
27192,1.0002e+008
27193,1.3886e+008
27194,9.759e+007
27195,1.3904e+008
27196,1.4919e+008
27197,1.3321e+008
27198,1.6448e+008
27199,1.7852e+008
27200,1.6287e+008
27201,1.4967e+008
27202,7.6868e+007
27203,5.538e+007
27204,9.7359e+007
27205,9.0625e+007
27206,9.3416e+007
27207,8.2372e+007
27208,1.481e+008
27209,1.1986e+008
27210,1.5214e+008
27211,1.1435e+008
27212,8.1007e+007
27213,1.3334e+008
27214,1.3053e+008
27215,1.1163e+008
27216,1.1266e+008
27217,1.1627e+008
27218,4.5016e+007
27219,5.323e+007
27220,2.9021e+007
27221,3.1608e+007
27222,5.4526e+007
27223,6.8452e+007
27224,4.5982e+007
27225,9.6589e+007
27226,3.6285e+007
27227,5.5297e+007
27228,5.3698e+007
27229,6.1715e+007
27230,6.9002e+007
27231,4.869e+007
27232,7.6078e+007
27233,7.2816e+007
27234,4.9071e+007
27235,1.048e+008
27236,7.3738e+007
27237,1.0016e+008
27238,1.075e+008
27239,1.3135e+008
27240,1.0891e+008
27241,1.0708e+008
27242,9.4431e+007
27243,1.2503e+008
27244,1.0715e+008
27245,1.0705e+008
27246,1.1518e+008
27247,6.6617e+007
27248,2.1098e+007
27249,1.2359e+008
27250,7.9153e+007
27251,1.4903e+008
27252,1.7462e+008
27253,1.5491e+008
27254,1.3985e+008
27255,5.8908e+007
27256,5.6246e+007
27257,6.2074e+007
27258,6.3449e+007
27259,4.3848e+007
27260,6.7915e+007
27261,6.1146e+007
27262,5.0309e+007
27263,6.3089e+007
27264,6.8301e+007
27265,4.5846e+007
27266,7.4981e+007
27267,7.5059e+007
27268,8.2754e+007
27269,6.8202e+007
27270,4.9502e+007
27271,7.9548e+007
27272,1.2365e+008
27273,1.1782e+008
27274,8.1976e+007
27275,9.6799e+007
27276,1.0555e+008
27277,8.9883e+007
27278,1.1539e+008
27279,1.1359e+008
27280,8.4769e+007
27281,1.2878e+008
27282,1.1525e+008
27283,1.2578e+008
27284,1.0367e+008
27285,5.7874e+007
27286,6.2326e+007
27287,5.1154e+007
27288,4.6984e+007
27289,5.4261e+007
27290,1.0461e+008
27291,4.8714e+007
27292,4.7777e+007
27293,9.6737e+007
27294,8.6031e+007
27295,1.4238e+008
27296,1.6401e+008
27297,1.3857e+008
27298,6.1535e+007
27299,6.6844e+007
27300,9.2643e+007
27301,1.1312e+008
27302,8.7286e+007
27303,6.1345e+007
27304,8.3259e+007
27305,7.4548e+007
27306,6.6757e+007
27307,1.0521e+008
27308,1.0387e+008
27309,1.0866e+008
27310,9.4431e+007
27311,1.0539e+008
27312,3.1727e+007
27313,3.6141e+007
27314,3.3119e+007
27315,1.9037e+008
27316,2.0661e+008
27317,2.031e+008
27318,9.2964e+007
27319,6.5945e+007
27320,1.4763e+008
27321,1.2977e+008
27322,1.5023e+008
27323,9.6466e+007
27324,1.3015e+008
27325,8.039e+007
27326,9.5857e+007
27327,8.8546e+007
27328,2.496e+007
27329,4.0549e+007
27330,6.4075e+007
27331,6.8799e+007
27332,4.1858e+007
27333,5.6106e+007
27334,5.4956e+007
27335,4.4933e+007
27336,6.5086e+007
27337,1.0456e+008
27338,8.5805e+007
27339,3.462e+007
27340,1.3522e+008
27341,1.1266e+008
27342,8.212e+007
27343,1.2911e+008
27344,1.5074e+008
27345,1.2133e+008
27346,9.1838e+007
27347,6.2309e+007
27348,5.7676e+007
27349,6.6788e+007
27350,6.3401e+007
27351,6.7702e+007
27352,1.008e+008
27353,9.7434e+007
27354,7.6687e+007
27355,7.46e+007
27356,6.5371e+007
27357,8.3725e+007
27358,6.2785e+007
27359,6.1394e+007
27360,7.1139e+007
27361,5.9501e+007
27362,6.2594e+007
27363,4.5254e+007
27364,1.3722e+008
27365,8.0213e+007
27366,1.3187e+008
27367,1.3969e+008
27368,1.4036e+008
27369,1.1492e+008
27370,1.0178e+008
27371,1.5988e+008
27372,1.0582e+008
27373,1.2824e+008
27374,1.3063e+008
27375,1.385e+008
27376,1.3222e+008
27377,9.8814e+007
27378,8.9693e+007
27379,5.6727e+007
27380,7.4919e+007
27381,6.2021e+007
27382,6.3617e+007
27383,7.4732e+007
27384,5.9281e+007
27385,4.6847e+007
27386,6.0815e+007
27387,6.1808e+007
27388,4.6653e+007
27389,5.5795e+007
27390,6.3107e+007
27391,6.3888e+007
27392,7.0059e+007
27393,5.5049e+007
27394,1.3518e+008
27395,6.1157e+007
27396,9.8105e+007
27397,7.4749e+007
27398,8.2605e+007
27399,5.0791e+007
27400,7.3708e+007
27401,1.0077e+008
27402,7.9588e+007
27403,6.3004e+007
27404,6.345e+007
27405,5.3834e+007
27406,1.0342e+008
27407,6.3384e+007
27408,6.61e+007
27409,6.5753e+007
27410,8.0756e+007
27411,8.5301e+007
27412,7.9094e+007
27413,7.9573e+007
27414,7.7783e+007
27415,8.0396e+007
27416,8.4691e+007
27417,9.3471e+007
27418,7.6775e+007
27419,7.8222e+007
27420,1.1402e+008
27421,6.4756e+007
27422,9.6207e+007
27423,8.3825e+007
27424,5.501e+007
27425,1.121e+008
27426,1.1127e+008
27427,7.505e+007
27428,6.2693e+007
27429,6.e+007
27430,1.2316e+008
27431,7.5402e+007
27432,6.5766e+007
27433,4.8964e+007
27434,8.9261e+007
27435,1.5826e+008
27436,1.5936e+008
27437,1.492e+008
27438,9.4562e+007
27439,1.3176e+008
27440,1.1758e+008
27441,1.2882e+008
27442,1.2578e+008
27443,4.6919e+007
27444,3.55e+007
27445,3.3262e+007
27446,4.3923e+007
27447,5.1732e+007
27448,9.2439e+007
27449,4.9354e+007
27450,7.0171e+007
27451,5.0888e+007
27452,6.9947e+007
27453,6.01e+007
27454,6.4912e+007
27455,1.0103e+008
27456,8.1079e+007
27457,8.4496e+007
27458,5.7906e+007
27459,7.0407e+007
27460,7.0479e+007
27461,7.0681e+007
27462,8.4175e+007
27463,7.9854e+007
27464,6.7495e+007
27465,8.437e+007
27466,8.2136e+007
27467,8.0549e+007
27468,9.3699e+007
27469,9.589e+007
27470,8.2482e+007
27471,6.853e+007
27472,7.1519e+007
27473,7.2366e+007
27474,7.2008e+007
27475,9.0718e+007
27476,8.8128e+007
27477,9.1988e+007
27478,9.8674e+007
27479,7.9342e+007
27480,7.6386e+007
27481,8.286e+007
27482,5.7926e+007
27483,7.7574e+007
27484,5.8746e+007
27485,6.8338e+007
27486,6.8744e+007
27487,7.1103e+007
27488,8.2091e+007
27489,6.7939e+007
27490,8.5518e+007
27491,7.3802e+007
27492,8.4113e+007
27493,8.6541e+007
27494,6.6995e+007
27495,9.2944e+007
27496,1.0937e+008
27497,9.3211e+007
27498,6.1018e+007
27499,6.6967e+007
27500,1.0752e+008
27501,9.2113e+007
27502,5.9507e+007
27503,5.5445e+007
27504,7.0564e+007
27505,6.168e+007
27506,7.6866e+007
27507,7.4817e+007
27508,9.1904e+007
27509,8.1566e+007
27510,6.6263e+007
27511,1.0689e+008
27512,1.0548e+008
27513,1.1245e+008
27514,4.8494e+007
27515,7.4368e+007
27516,1.2049e+008
27517,6.643e+007
27518,5.5615e+007
27519,5.4944e+007
27520,5.4716e+007
27521,5.4262e+007
27522,4.1677e+007
27523,1.126e+008
27524,1.2348e+008
27525,7.3428e+007
27526,5.614e+007
27527,1.1242e+008
27528,9.4673e+007
27529,1.3198e+008
27530,5.6827e+007
27531,9.1094e+007
27532,5.1072e+007
27533,5.1665e+007
27534,5.5619e+007
27535,8.4508e+007
27536,6.4974e+007
27537,5.0736e+007
27538,5.1384e+007
27539,6.2537e+007
27540,4.9583e+007
27541,3.3047e+007
27542,4.8123e+007
27543,4.7328e+007
27544,5.5809e+007
27545,8.9943e+007
27546,4.0444e+007
27547,8.4133e+007
27548,8.0603e+007
27549,1.2277e+008
27550,1.4801e+008
27551,9.1978e+007
27552,7.2654e+007
27553,1.5113e+008
27554,5.5646e+007
27555,1.1231e+008
27556,5.9619e+007
27557,4.8699e+007
27558,1.e+008
27559,6.8571e+007
27560,7.5852e+007
27561,1.205e+008
27562,1.2753e+008
27563,1.5932e+008
27564,4.8782e+007
27565,5.2688e+007
27566,4.8303e+007
27567,6.2376e+007
27568,6.2939e+007
27569,5.9571e+007
27570,8.274e+007
27571,7.7863e+007
27572,5.1002e+007
27573,4.929e+007
27574,7.067e+007
27575,4.0046e+007
27576,4.0779e+007
27577,5.1694e+007
27578,1.7165e+008
27579,1.3074e+008
27580,1.257e+008
27581,1.8015e+008
27582,1.2796e+008
27583,8.803e+007
27584,1.7036e+008
27585,1.1446e+008
27586,1.1727e+008
27587,7.4068e+007
27588,6.9292e+007
27589,8.4375e+007
27590,1.1098e+008
27591,9.9217e+007
27592,1.0607e+008
27593,7.7762e+007
27594,8.1822e+007
27595,5.958e+007
27596,1.4707e+008
27597,7.0968e+007
27598,1.0114e+008
27599,6.2839e+007
27600,4.0587e+007
27601,4.2399e+007
27602,4.2792e+007
27603,4.2757e+007
27604,3.5401e+007
27605,4.076e+007
27606,6.0916e+007
27607,4.2681e+007
27608,5.8805e+007
27609,5.1065e+007
27610,1.0023e+008
27611,1.1142e+008
27612,9.761e+007
27613,1.2884e+008
27614,1.3589e+008
27615,1.237e+008
27616,1.2718e+008
27617,1.6335e+008
27618,1.1003e+008
27619,1.4809e+008
27620,1.2697e+008
27621,1.5651e+008
27622,1.2641e+008
27623,6.3861e+007
27624,7.4406e+007
27625,1.3941e+008
27626,8.0886e+007
27627,1.3601e+008
27628,8.0951e+007
27629,5.9969e+007
27630,6.6386e+007
27631,6.0661e+007
27632,5.6164e+007
27633,1.2656e+008
27634,7.7924e+007
27635,7.2559e+007
27636,7.2059e+007
27637,5.3173e+007
27638,5.0061e+007
27639,5.4673e+007
27640,5.8204e+007
27641,4.751e+007
27642,5.0676e+007
27643,5.7086e+007
27644,5.4853e+007
27645,5.5901e+007
27646,4.9979e+007
27647,5.2405e+007
27648,5.7883e+007
27649,5.3516e+007
27650,5.4566e+007
27651,5.4947e+007
27652,5.8738e+007
27653,5.6463e+007
27654,5.9061e+007
27655,5.9224e+007
27656,1.7545e+008
27657,1.7904e+008
27658,1.9393e+008
27659,1.8317e+008
27660,1.2109e+008
27661,1.0123e+008
27662,1.785e+008
27663,1.0108e+008
27664,1.4591e+008
27665,1.6635e+008
27666,9.9203e+007
27667,5.8322e+007
27668,1.3041e+008
27669,5.9466e+007
27670,7.4292e+007
27671,8.581e+007
27672,7.3913e+007
27673,1.2261e+008
27674,7.8421e+007
27675,1.568e+008
27676,1.1879e+008
27677,6.5615e+007
27678,6.4055e+007
27679,6.2181e+007
27680,6.2085e+007
27681,5.5428e+007
27682,6.495e+007
27683,9.0181e+007
27684,7.0311e+007
27685,1.1904e+008
27686,7.7531e+007
27687,6.7089e+007
27688,5.7269e+007
27689,6.5653e+007
27690,6.3029e+007
27691,7.2241e+007
27692,6.0993e+007
27693,8.637e+007
27694,6.985e+007
27695,1.9219e+008
27696,2.0365e+008
27697,1.2224e+008
27698,9.165e+007
27699,1.409e+008
27700,7.4708e+007
27701,9.3488e+007
27702,8.4144e+007
27703,7.1622e+007
27704,7.4069e+007
27705,5.1263e+007
27706,1.1861e+008
27707,8.0459e+007
27708,6.3819e+007
27709,7.2145e+007
27710,4.9773e+007
27711,1.084e+008
27712,1.3794e+008
27713,9.2951e+007
27714,1.6769e+008
27715,9.8423e+007
27716,5.9199e+007
27717,1.0573e+008
27718,6.51e+007
27719,7.6673e+007
27720,6.8967e+007
27721,4.474e+007
27722,4.6555e+007
27723,6.9034e+007
27724,1.3808e+008
27725,1.3198e+008
27726,9.2904e+007
27727,1.3808e+008
27728,9.3103e+007
27729,7.607e+007
27730,6.2623e+007
27731,6.8408e+007
27732,8.0261e+007
27733,6.8114e+007
27734,6.8015e+007
27735,9.056e+007
27736,1.3285e+008
27737,1.4854e+008
27738,1.042e+008
27739,1.4106e+008
27740,1.1313e+008
27741,9.2162e+007
27742,2.5315e+007
27743,3.6868e+007
27744,9.9309e+007
27745,1.3145e+008
27746,1.3794e+008
27747,9.5016e+007
27748,8.0261e+007
27749,1.0041e+008
27750,8.9375e+007
27751,9.6595e+007
27752,1.0771e+008
27753,8.1187e+007
27754,9.3369e+007
27755,9.2346e+007
27756,8.8811e+007
27757,8.9839e+007
27758,9.9532e+007
27759,7.3301e+007
27760,6.2038e+007
27761,6.542e+007
27762,6.8201e+007
27763,6.5252e+007
27764,7.0837e+007
27765,6.6304e+007
27766,6.663e+007
27767,6.3329e+007
27768,7.0461e+007
27769,4.9363e+007
27770,4.0189e+007
27771,4.7759e+007
27772,5.465e+007
27773,4.3714e+007
27774,9.2884e+007
27775,6.3309e+007
27776,4.8525e+007
27777,6.1271e+007
27778,6.1751e+007
27779,6.5449e+007
27780,6.3507e+007
27781,5.8724e+007
27782,6.3499e+007
27783,5.9329e+007
27784,5.97e+007
27785,5.7674e+007
27786,6.6245e+007
27787,5.8345e+007
27788,5.9297e+007
27789,6.4021e+007
27790,5.4144e+007
27791,5.4693e+007
27792,6.9603e+007
27793,8.9387e+007
27794,1.2681e+008
27795,8.6208e+007
27796,1.2585e+008
27797,1.2908e+008
27798,1.3906e+008
27799,5.3083e+007
27800,6.7462e+007
27801,6.8092e+007
27802,6.1841e+007
27803,6.0034e+007
27804,9.4486e+007
27805,6.0011e+007
27806,9.494e+007
27807,8.7563e+007
27808,8.5464e+007
27809,7.5806e+007
27810,1.134e+008
27811,1.0162e+008
27812,1.4108e+008
27813,1.2806e+008
27814,9.0756e+007
27815,8.7971e+007
27816,1.0876e+008
27817,1.8127e+008
27818,1.752e+008
27819,1.0259e+008
27820,1.0402e+008
27821,1.6494e+008
27822,1.0281e+008
27823,1.7516e+008
27824,1.8041e+008
27825,1.1336e+008
27826,1.5661e+008
27827,1.7745e+008
27828,5.8542e+007
27829,5.1118e+007
27830,5.2469e+007
27831,6.9255e+007
27832,3.787e+007
27833,4.2112e+007
27834,5.5001e+007
27835,4.9971e+007
27836,5.4487e+007
27837,4.8911e+007
27838,9.1467e+007
27839,6.0374e+007
27840,4.8582e+007
27841,4.7262e+007
27842,7.3686e+007
27843,7.9762e+007
27844,5.4227e+007
27845,3.9379e+007
27846,2.2585e+007
27847,4.8825e+007
27848,5.0567e+007
27849,1.7124e+008
27850,1.8873e+008
27851,2.0195e+008
27852,1.3756e+008
27853,1.446e+008
27854,1.1427e+008
27855,1.7566e+008
27856,1.6344e+008
27857,1.3363e+008
27858,1.0287e+008
27859,1.3248e+008
27860,1.7358e+008
27861,1.1863e+008
27862,1.6879e+008
27863,1.2752e+008
27864,1.6332e+008
27865,1.1442e+008
27866,1.4526e+008
27867,7.2162e+007
27868,6.6816e+007
27869,1.1211e+008
27870,8.3997e+007
27871,7.7259e+007
27872,8.4687e+007
27873,1.1339e+008
27874,6.2606e+007
27875,7.407e+007
27876,1.1569e+008
27877,8.0599e+007
27878,1.0794e+008
27879,9.3135e+007
27880,8.5434e+007
27881,1.6338e+008
27882,1.5132e+008
27883,8.7387e+007
27884,9.6465e+007
27885,5.62e+007
27886,6.0273e+007
27887,4.8961e+007
27888,5.9e+007
27889,5.945e+007
27890,1.0236e+008
27891,1.3661e+008
27892,1.6929e+008
27893,1.8456e+008
27894,6.3166e+007
27895,5.7273e+007
27896,5.6294e+007
27897,6.6831e+007
27898,8.3881e+007
27899,6.199e+007
27900,1.0306e+008
27901,6.5479e+007
27902,8.4739e+007
27903,6.1507e+007
27904,7.4558e+007
27905,5.3703e+007
27906,1.1146e+008
27907,7.5657e+007
27908,6.9422e+007
27909,1.7633e+008
27910,1.0145e+008
27911,1.1174e+008
27912,1.2123e+008
27913,1.0672e+008
27914,4.5762e+007
27915,1.1744e+008
27916,5.0794e+007
27917,6.3503e+007
27918,7.107e+007
27919,6.2313e+007
27920,6.2225e+007
27921,8.8427e+007
27922,5.037e+007
27923,6.5555e+007
27924,5.9311e+007
27925,7.2219e+007
27926,6.0629e+007
27927,5.9591e+007
27928,7.1961e+007
27929,8.8216e+007
27930,9.24e+007
27931,6.5344e+007
27932,7.5523e+007
27933,4.0168e+007
27934,5.4194e+007
27935,5.7637e+007
27936,5.2692e+007
27937,4.9871e+007
27938,4.868e+007
27939,5.1662e+007
27940,5.7467e+007
27941,5.3295e+007
27942,6.2974e+007
27943,6.7292e+007
27944,6.3967e+007
27945,6.3049e+007
27946,6.2979e+007
27947,7.0414e+007
27948,6.1639e+007
27949,6.0072e+007
27950,5.7746e+007
27951,9.8698e+007
27952,8.6795e+007
27953,1.9363e+008
27954,1.166e+008
27955,1.5406e+008
27956,1.8344e+008
27957,1.9054e+008
27958,9.1581e+007
27959,1.8589e+008
27960,1.3206e+008
27961,8.7703e+007
27962,7.0799e+007
27963,5.8511e+007
27964,6.081e+007
27965,1.1782e+008
27966,6.2101e+007
27967,5.5844e+007
27968,5.6642e+007
27969,1.057e+008
27970,8.1023e+007
27971,5.9459e+007
27972,1.2046e+008
27973,1.2505e+008
27974,1.5034e+008
27975,6.7754e+007
27976,1.6655e+008
27977,7.8007e+007
27978,8.2075e+007
27979,1.3024e+008
27980,5.9471e+007
27981,6.007e+007
27982,6.5515e+007
27983,7.8537e+007
27984,4.9418e+007
27985,4.8581e+007
27986,5.0284e+007
27987,3.8666e+007
27988,4.6205e+007
27989,6.6681e+007
27990,5.5047e+007
27991,5.7009e+007
27992,5.5427e+007
27993,1.0755e+008
27994,3.1187e+007
27995,5.7863e+007
27996,7.729e+007
27997,8.4745e+007
27998,6.924e+007
27999,7.7394e+007
28000,7.6799e+007
28001,6.7767e+007
28002,6.4846e+007
28003,6.738e+007
28004,9.1103e+007
28005,1.1763e+008
28006,1.0626e+008
28007,6.4022e+007
28008,6.4582e+007
28009,6.5951e+007
28010,7.8373e+007
28011,5.8806e+007
28012,7.7744e+007
28013,8.4409e+007
28014,4.973e+007
28015,9.3197e+007
28016,6.1753e+007
28017,5.992e+007
28018,4.5439e+007
28019,5.3753e+007
28020,3.8175e+007
28021,4.522e+007
28022,4.4826e+007
28023,4.6945e+007
28024,5.0128e+007
28025,4.2781e+007
28026,4.6446e+007
28027,6.6997e+007
28028,5.8855e+007
28029,5.3304e+007
28030,5.9322e+007
28031,5.3821e+007
28032,5.025e+007
28033,4.8531e+007
28034,7.5073e+007
28035,5.6159e+007
28036,4.838e+007
28037,6.6643e+007
28038,5.7646e+007
28039,9.947e+007
28040,7.5909e+007
28041,9.9981e+007
28042,5.5885e+007
28043,6.7282e+007
28044,6.1466e+007
28045,5.8181e+007
28046,5.4433e+007
28047,1.9118e+008
28048,1.1238e+008
28049,1.7928e+008
28050,9.9064e+007
28051,7.2164e+007
28052,6.2749e+007
28053,7.2516e+007
28054,2.0378e+008
28055,4.4112e+007
28056,7.8253e+007
28057,5.4856e+007
28058,7.7519e+007
28059,9.3996e+007
28060,5.6171e+007
28061,6.7245e+007
28062,9.7778e+007
28063,7.1094e+007
28064,6.4926e+007
28065,6.308e+007
28066,5.7666e+007
28067,5.7668e+007
28068,6.7063e+007
28069,6.0954e+007
28070,6.14e+007
28071,6.2551e+007
28072,5.8416e+007
28073,4.1034e+007
28074,5.835e+007
28075,4.0975e+007
28076,5.1249e+007
28077,6.0483e+007
28078,7.7872e+007
28079,6.6895e+007
28080,6.2939e+007
28081,1.0664e+008
28082,1.7922e+008
28083,1.4631e+008
28084,1.0222e+008
28085,1.0539e+008
28086,1.3487e+008
28087,1.2898e+008
28088,1.1628e+008
28089,1.3132e+008
28090,1.3091e+008
28091,1.2645e+008
28092,1.0452e+008
28093,1.2651e+008
28094,1.5087e+008
28095,9.2278e+007
28096,6.4493e+007
28097,6.5346e+007
28098,6.8212e+007
28099,4.4287e+007
28100,7.3349e+007
28101,4.5673e+007
28102,7.9632e+007
28103,5.4208e+007
28104,4.3752e+007
28105,1.7036e+008
28106,1.1742e+008
28107,1.5259e+008
28108,1.2437e+008
28109,1.086e+008
28110,1.4297e+008
28111,7.4235e+007
28112,5.1663e+007
28113,5.1107e+007
28114,5.7622e+007
28115,6.4312e+007
28116,7.0028e+007
28117,6.5433e+007
28118,6.5214e+007
28119,7.8497e+007
28120,8.305e+007
28121,6.1281e+007
28122,6.3209e+007
28123,6.5216e+007
28124,6.5146e+007
28125,4.843e+007
28126,9.6972e+007
28127,1.6969e+008
28128,3.0657e+007
28129,3.2816e+007
28130,3.7742e+007
28131,2.948e+007
28132,3.5591e+007
28133,3.2369e+007
28134,7.7629e+007
28135,1.2956e+008
28136,7.8108e+007
28137,6.6219e+007
28138,6.3097e+007
28139,5.815e+007
28140,6.614e+007
28141,1.5239e+008
28142,1.3527e+008
28143,1.8069e+008
28144,1.9087e+008
28145,1.3984e+008
28146,9.7779e+007
28147,1.6674e+008
28148,1.9715e+008
28149,1.2945e+008
28150,1.0993e+008
28151,1.5318e+008
28152,1.0365e+008
28153,8.4421e+007
28154,7.8375e+007
28155,1.365e+008
28156,8.6486e+007
28157,5.9872e+007
28158,5.736e+007
28159,1.0317e+008
28160,1.0813e+008
28161,3.3931e+007
28162,1.0033e+008
28163,5.0833e+007
28164,7.9979e+007
28165,3.1516e+007
28166,1.5897e+007
28167,2.2195e+007
28168,6.3284e+007
28169,1.0472e+008
28170,6.2102e+007
28171,6.0882e+007
28172,8.179e+007
28173,5.9315e+007
28174,1.4414e+008
28175,1.4533e+008
28176,1.4736e+008
28177,1.0872e+008
28178,1.1043e+008
28179,1.1426e+008
28180,1.4831e+008
28181,1.4411e+008
28182,9.2158e+007
28183,1.0166e+008
28184,4.8916e+007
28185,6.1406e+007
28186,7.6796e+007
28187,4.3171e+007
28188,7.3825e+007
28189,4.2633e+007
28190,1.5558e+008
28191,1.4791e+008
28192,9.4802e+007
28193,7.9311e+007
28194,1.9086e+008
28195,5.4132e+007
28196,6.114e+007
28197,5.0251e+007
28198,5.9847e+007
28199,6.8218e+007
28200,4.4576e+007
28201,4.7243e+007
28202,7.4232e+007
28203,5.8757e+007
28204,5.4365e+007
28205,5.5317e+007
28206,9.6924e+007
28207,6.6292e+007
28208,6.454e+007
28209,7.1263e+007
28210,6.9801e+007
28211,6.3534e+007
28212,7.2042e+007
28213,6.2497e+007
28214,6.8974e+007
28215,8.715e+007
28216,5.7953e+007
28217,5.9617e+007
28218,5.4715e+007
28219,6.1106e+007
28220,5.7783e+007
28221,4.9971e+007
28222,9.5319e+007
28223,1.0633e+008
28224,1.5632e+008
28225,1.035e+008
28226,1.4755e+008
28227,1.6524e+008
28228,1.8727e+008
28229,1.3482e+008
28230,1.3384e+008
28231,1.8948e+008
28232,9.9242e+007
28233,9.6234e+007
28234,1.2749e+008
28235,1.5597e+008
28236,1.0637e+008
28237,8.307e+007
28238,8.8945e+007
28239,6.4302e+007
28240,8.2373e+007
28241,5.9428e+007
28242,6.7007e+007
28243,5.9631e+007
28244,6.5284e+007
28245,6.9165e+007
28246,6.4929e+007
28247,5.5367e+007
28248,8.4965e+007
28249,1.0227e+008
28250,1.1677e+008
28251,1.8868e+008
28252,1.0883e+008
28253,1.5109e+008
28254,8.5732e+007
28255,1.2246e+008
28256,1.3164e+008
28257,1.2736e+008
28258,1.632e+008
28259,1.2499e+008
28260,1.1675e+008
28261,9.2545e+007
28262,9.3962e+007
28263,7.998e+007
28264,8.6742e+007
28265,1.2504e+008
28266,1.4066e+008
28267,5.6296e+007
28268,5.2587e+007
28269,9.7612e+007
28270,5.2531e+007
28271,1.5897e+008
28272,1.9704e+008
28273,1.3887e+008
28274,9.5962e+007
28275,7.2032e+007
28276,2.0044e+008
28277,1.3843e+008
28278,6.5194e+007
28279,5.0079e+007
28280,4.9081e+007
28281,4.4178e+007
28282,6.1215e+007
28283,5.4181e+007
28284,5.8785e+007
28285,5.4159e+007
28286,4.9904e+007
28287,5.2557e+007
28288,3.5638e+007
28289,6.752e+007
28290,3.9264e+007
28291,8.7254e+007
28292,9.0787e+007
28293,4.6609e+007
28294,6.5589e+007
28295,6.0611e+007
28296,4.8733e+007
28297,9.7552e+007
28298,9.6097e+007
28299,6.5349e+007
28300,5.4386e+007
28301,4.7534e+007
28302,6.1679e+007
28303,4.3866e+007
28304,3.1259e+007
28305,4.512e+007
28306,6.8771e+007
28307,3.6629e+007
28308,6.7909e+007
28309,2.5877e+007
28310,1.1747e+008
28311,1.0019e+008
28312,1.19e+008
28313,9.2977e+007
28314,7.0108e+007
28315,5.0586e+007
28316,7.1491e+007
28317,6.5154e+007
28318,9.163e+007
28319,8.6136e+007
28320,6.6126e+007
28321,6.8365e+007
28322,1.3095e+008
28323,7.353e+007
28324,7.4934e+007
28325,6.4894e+007
28326,1.3299e+008
28327,4.9166e+007
28328,4.5796e+007
28329,1.2767e+008
28330,1.1597e+008
28331,1.9187e+008
28332,1.3838e+008
28333,1.9079e+008
28334,6.5827e+007
28335,6.0343e+007
28336,6.2611e+007
28337,6.0601e+007
28338,6.0033e+007
28339,5.2925e+007
28340,6.3486e+007
28341,1.198e+008
28342,1.2993e+008
28343,2.0021e+008
28344,2.0075e+008
28345,1.3548e+008
28346,1.3513e+008
28347,1.1158e+008
28348,2.1331e+008
28349,1.4728e+008
28350,1.8081e+008
28351,1.0298e+008
28352,7.2696e+007
28353,6.2522e+007
28354,1.1027e+008
28355,8.832e+007
28356,8.2109e+007
28357,4.4954e+007
28358,5.1823e+007
28359,1.3588e+008
28360,8.4015e+007
28361,1.0005e+008
28362,1.2956e+008
28363,6.1485e+007
28364,6.5532e+007
28365,9.9429e+007
28366,1.2456e+008
28367,1.0193e+008
28368,9.6201e+007
28369,1.1449e+008
28370,1.061e+008
28371,1.0871e+008
28372,8.5818e+007
28373,5.9684e+007
28374,4.5244e+007
28375,7.142e+007
28376,9.91e+007
28377,4.9034e+007
28378,5.7626e+007
28379,4.0777e+007
28380,1.0877e+008
28381,1.0485e+008
28382,1.7437e+008
28383,4.23e+007
28384,5.3464e+007
28385,5.5347e+007
28386,4.0415e+007
28387,5.0898e+007
28388,3.259e+007
28389,1.0902e+008
28390,1.3082e+008
28391,1.2334e+008
28392,5.11e+007
28393,5.5857e+007
28394,6.7049e+007
28395,6.7172e+007
28396,8.2898e+007
28397,9.2804e+007
28398,1.0028e+008
28399,6.9952e+007
28400,6.8225e+007
28401,6.6937e+007
28402,5.7399e+007
28403,6.9163e+007
28404,6.6824e+007
28405,5.8816e+007
28406,7.4723e+007
28407,8.9381e+007
28408,6.5498e+007
28409,6.2552e+007
28410,6.3346e+007
28411,8.987e+007
28412,8.5471e+007
28413,1.027e+008
28414,1.6056e+008
28415,1.5925e+008
28416,1.6298e+008
28417,7.2422e+007
28418,8.5619e+007
28419,1.0497e+008
28420,1.2511e+008
28421,1.991e+008
28422,6.4207e+007
28423,1.0967e+008
28424,1.0325e+008
28425,6.2219e+007
28426,4.9644e+007
28427,5.4046e+007
28428,5.2463e+007
28429,7.9656e+007
28430,6.1511e+007
28431,1.2992e+008
28432,6.2757e+007
28433,6.1433e+007
28434,6.1339e+007
28435,4.8208e+007
28436,6.6915e+007
28437,6.762e+007
28438,8.0261e+007
28439,6.4496e+007
28440,6.2009e+007
28441,6.6428e+007
28442,7.7585e+007
28443,8.9636e+007
28444,6.7388e+007
28445,1.0095e+008
28446,4.2573e+007
28447,9.0361e+007
28448,4.8229e+007
28449,6.7733e+007
28450,5.7735e+007
28451,5.711e+007
28452,5.9091e+007
28453,4.5152e+007
28454,6.8333e+007
28455,6.4658e+007
28456,5.5153e+007
28457,8.6487e+007
28458,5.8423e+007
28459,4.7996e+007
28460,5.8914e+007
28461,8.5644e+007
28462,2.836e+007
28463,2.5716e+007
28464,9.4544e+007
28465,4.8432e+007
28466,5.0335e+007
28467,4.5137e+007
28468,4.5634e+007
28469,1.4787e+008
28470,1.035e+008
28471,1.7782e+008
28472,1.2847e+008
28473,1.1114e+008
28474,1.0228e+008
28475,1.1465e+008
28476,8.9163e+007
28477,9.9236e+007
28478,9.8731e+007
28479,9.5979e+007
28480,7.4627e+007
28481,5.9606e+007
28482,7.75e+007
28483,6.8981e+007
28484,4.1831e+007
28485,3.9086e+007
28486,4.7524e+007
28487,6.9281e+007
28488,6.079e+007
28489,7.4085e+007
28490,5.6403e+007
28491,7.2147e+007
28492,4.012e+007
28493,4.0546e+007
28494,4.2943e+007
28495,4.3597e+007
28496,3.8575e+007
28497,8.1598e+007
28498,7.639e+007
28499,8.8341e+007
28500,1.0334e+008
28501,8.5914e+007
28502,6.9238e+007
28503,7.1707e+007
28504,6.9962e+007
28505,7.0904e+007
28506,6.5731e+007
28507,8.907e+007
28508,8.8457e+007
28509,7.8687e+007
28510,5.305e+007
28511,5.3516e+007
28512,6.2741e+007
28513,6.3828e+007
28514,7.4466e+007
28515,7.2733e+007
28516,5.0203e+007
28517,6.6571e+007
28518,6.5395e+007
28519,6.0666e+007
28520,7.7025e+007
28521,7.5158e+007
28522,6.6739e+007
28523,8.0749e+007
28524,1.1068e+008
28525,1.0069e+008
28526,6.9623e+007
28527,7.0786e+007
28528,1.0607e+008
28529,4.3685e+007
28530,5.2868e+007
28531,5.4687e+007
28532,7.2781e+007
28533,8.6964e+007
28534,6.2901e+007
28535,6.1415e+007
28536,8.568e+007
28537,5.4871e+007
28538,5.5018e+007
28539,5.3355e+007
28540,6.4492e+007
28541,4.9176e+007
28542,4.876e+007
28543,5.8116e+007
28544,6.339e+007
28545,7.2163e+007
28546,6.1131e+007
28547,6.2524e+007
28548,3.9955e+007
28549,5.8099e+007
28550,4.8463e+007
28551,6.6465e+007
28552,6.8939e+007
28553,5.5754e+007
28554,7.8272e+007
28555,8.2507e+007
28556,1.3384e+008
28557,1.3343e+008
28558,5.2594e+007
28559,6.6754e+007
28560,8.323e+007
28561,8.4287e+007
28562,7.2492e+007
28563,5.8802e+007
28564,6.8765e+007
28565,7.9793e+007
28566,6.3308e+007
28567,6.2464e+007
28568,6.1289e+007
28569,6.1465e+007
28570,6.3385e+007
28571,5.8641e+007
28572,6.2169e+007
28573,6.5133e+007
28574,5.4859e+007
28575,1.0097e+008
28576,5.0741e+007
28577,1.06e+008
28578,3.9025e+007
28579,7.2654e+007
28580,1.1795e+008
28581,7.4926e+007
28582,4.7237e+007
28583,5.5485e+007
28584,1.0188e+008
28585,8.1902e+007
28586,6.162e+007
28587,9.9427e+007
28588,6.175e+007
28589,8.5131e+007
28590,9.1934e+007
28591,7.7752e+007
28592,6.1386e+007
28593,6.1848e+007
28594,5.8581e+007
28595,7.0181e+007
28596,1.0295e+008
28597,9.9982e+007
28598,6.2607e+007
28599,9.2166e+007
28600,1.2201e+008
28601,1.0532e+008
28602,1.4083e+008
28603,1.7224e+008
28604,1.2027e+008
28605,7.2197e+007
28606,6.9217e+007
28607,1.2065e+008
28608,7.5452e+007
28609,1.0942e+008
28610,6.9566e+007
28611,6.1753e+007
28612,5.3869e+007
28613,3.2606e+007
28614,4.0228e+007
28615,3.5165e+007
28616,3.34e+007
28617,3.6372e+007
28618,1.4893e+008
28619,1.2405e+008
28620,9.5468e+007
28621,6.6963e+007
28622,7.9501e+007
28623,9.3129e+007
28624,1.2326e+008
28625,1.0014e+008
28626,7.4524e+007
28627,9.1515e+007
28628,4.5772e+007
28629,8.3085e+007
28630,6.4949e+007
28631,6.2202e+007
28632,7.5465e+007
28633,6.5168e+007
28634,6.581e+007
28635,6.4942e+007
28636,8.0595e+007
28637,1.2421e+008
28638,8.133e+007
28639,8.4073e+007
28640,6.9722e+007
28641,6.211e+007
28642,7.2076e+007
28643,6.4029e+007
28644,8.327e+007
28645,5.0821e+007
28646,9.0123e+007
28647,5.1039e+007
28648,6.3822e+007
28649,7.914e+007
28650,6.4331e+007
28651,6.3134e+007
28652,5.5541e+007
28653,8.1062e+007
28654,6.6805e+007
28655,5.9211e+007
28656,5.9975e+007
28657,6.5627e+007
28658,9.7534e+007
28659,8.4736e+007
28660,6.5503e+007
28661,7.1567e+007
28662,6.2421e+007
28663,6.6854e+007
28664,5.7334e+007
28665,6.0291e+007
28666,5.4286e+007
28667,7.7233e+007
28668,4.6783e+007
28669,7.1182e+007
28670,3.4214e+007
28671,5.4585e+007
28672,6.0881e+007
28673,6.4464e+007
28674,6.1392e+007
28675,1.0343e+008
28676,1.0372e+008
28677,7.4476e+007
28678,4.6379e+007
28679,6.1597e+007
28680,7.6359e+007
28681,1.2042e+008
28682,1.0444e+008
28683,1.4761e+008
28684,1.6538e+008
28685,5.6287e+007
28686,4.06e+007
28687,6.5874e+007
28688,4.2111e+007
28689,6.3447e+007
28690,6.289e+007
28691,5.8583e+007
28692,1.2913e+008
28693,9.04e+007
28694,9.5525e+007
28695,1.0984e+008
28696,9.0494e+007
28697,8.2396e+007
28698,8.8709e+007
28699,7.133e+007
28700,9.2384e+007
28701,1.1984e+008
28702,1.2926e+008
28703,1.3015e+008
28704,1.2899e+008
28705,1.4821e+008
28706,9.5031e+007
28707,8.8786e+007
28708,9.7465e+007
28709,1.1337e+008
28710,1.3059e+008
28711,1.9501e+008
28712,6.2087e+007
28713,8.0649e+007
28714,5.5435e+007
28715,6.839e+007
28716,4.2909e+007
28717,9.0736e+007
28718,4.0836e+007
28719,9.6013e+007
28720,4.9e+007
28721,1.7322e+008
28722,1.781e+008
28723,6.8652e+007
28724,5.9854e+007
28725,5.8188e+007
28726,5.8855e+007
28727,4.4398e+007
28728,7.8156e+007
28729,8.8258e+007
28730,4.3559e+007
28731,7.6161e+007
28732,1.4332e+008
28733,1.4267e+008
28734,4.1652e+007
28735,4.6124e+007
28736,5.7704e+007
28737,6.7179e+007
28738,1.3272e+008
28739,1.1569e+008
28740,1.2419e+008
28741,9.0744e+007
28742,8.8569e+007
28743,7.4775e+007
28744,7.4206e+007
28745,8.7974e+007
28746,9.592e+007
28747,1.0477e+008
28748,6.8076e+007
28749,7.7643e+007
28750,8.5494e+007
28751,7.8812e+007
28752,1.0645e+008
28753,7.9115e+007
28754,6.3299e+007
28755,7.1615e+007
28756,6.4657e+007
28757,6.1071e+007
28758,7.2171e+007
28759,1.3852e+007
28760,6.4354e+007
28761,6.7917e+007
28762,1.0347e+008
28763,5.9724e+007
28764,6.1388e+007
28765,1.0013e+008
28766,1.6126e+008
28767,1.3015e+008
28768,1.6838e+008
28769,7.5307e+007
28770,1.66e+008
28771,8.1341e+007
28772,5.5028e+007
28773,4.6506e+007
28774,6.7037e+007
28775,8.9033e+007
28776,7.7791e+007
28777,6.76e+007
28778,5.8302e+007
28779,6.1665e+007
28780,5.57e+007
28781,8.0053e+007
28782,5.1386e+007
28783,5.4534e+007
28784,4.0083e+007
28785,6.1463e+007
28786,4.5871e+007
28787,2.0181e+008
28788,1.8714e+008
28789,9.6429e+007
28790,6.6977e+007
28791,5.6208e+007
28792,6.1409e+007
28793,6.1855e+007
28794,7.1156e+007
28795,7.0535e+007
28796,6.4909e+007
28797,5.8121e+007
28798,8.4863e+007
28799,7.1555e+007
28800,6.321e+007
28801,8.4593e+007
28802,4.2778e+007
28803,3.3599e+007
28804,1.9658e+007
28805,4.2764e+007
28806,9.4155e+007
28807,1.0732e+008
28808,1.289e+008
28809,6.5639e+007
28810,6.2091e+007
28811,6.7995e+007
28812,7.2866e+007
28813,8.015e+007
28814,6.451e+007
28815,7.044e+007
28816,8.742e+007
28817,9.9971e+007
28818,7.5626e+007
28819,1.0452e+008
28820,1.0182e+008
28821,8.7285e+007
28822,9.9161e+007
28823,7.7139e+007
28824,8.1101e+007
28825,7.1319e+007
28826,8.2473e+007
28827,9.7521e+007
28828,5.5043e+007
28829,6.6924e+007
28830,6.8646e+007
28831,6.8134e+007
28832,1.0765e+008
28833,1.3557e+008
28834,7.68e+007
28835,5.4898e+007
28836,9.1516e+007
28837,1.5092e+008
28838,1.1931e+008
28839,1.3168e+008
28840,6.0502e+007
28841,7.1882e+007
28842,6.3954e+007
28843,6.3521e+007
28844,5.652e+007
28845,1.6238e+008
28846,2.0171e+008
28847,1.5045e+008
28848,7.926e+007
28849,1.3362e+008
28850,7.5888e+007
28851,7.4938e+007
28852,9.5145e+007
28853,1.0343e+008
28854,1.0954e+008
28855,1.9996e+008
28856,7.2052e+007
28857,6.4251e+007
28858,1.1918e+008
28859,7.7404e+007
28860,6.7502e+007
28861,7.767e+007
28862,4.1841e+007
28863,9.3094e+007
28864,6.9552e+007
28865,6.9298e+007
28866,9.5229e+007
28867,6.5992e+007
28868,8.0446e+007
28869,8.1415e+007
28870,8.6991e+007
28871,6.391e+007
28872,8.8341e+007
28873,8.5737e+007
28874,6.2405e+007
28875,6.1151e+007
28876,6.7957e+007
28877,6.8407e+007
28878,7.6238e+007
28879,7.2104e+007
28880,1.3306e+008
28881,7.1157e+007
28882,7.7692e+007
28883,5.2908e+007
28884,3.6801e+007
28885,7.2687e+007
28886,7.91e+007
28887,4.3345e+007
28888,6.1813e+007
28889,6.068e+007
28890,9.331e+007
28891,6.3383e+007
28892,7.787e+007
28893,5.0948e+007
28894,4.5658e+007
28895,5.9285e+007
28896,8.0266e+007
28897,1.2812e+008
28898,9.7894e+007
28899,9.6178e+007
28900,9.6657e+007
28901,9.8707e+007
28902,8.8819e+007
28903,1.0351e+008
28904,4.2352e+007
28905,3.8642e+007
28906,5.798e+007
28907,4.5354e+007
28908,4.6506e+007
28909,1.4794e+008
28910,1.3302e+008
28911,1.2131e+008
28912,8.0234e+007
28913,5.7904e+007
28914,6.5359e+007
28915,6.6531e+007
28916,7.0548e+007
28917,5.615e+007
28918,1.2285e+008
28919,8.0466e+007
28920,4.9752e+007
28921,5.8683e+007
28922,1.196e+008
28923,7.7381e+007
28924,8.0953e+007
28925,1.003e+008
28926,5.178e+007
28927,4.2066e+007
28928,6.8065e+007
28929,5.5892e+007
28930,1.3977e+008
28931,5.5798e+007
28932,7.1069e+007
28933,5.3427e+007
28934,5.0146e+007
28935,1.144e+008
28936,8.188e+007
28937,1.6383e+008
28938,8.2298e+007
28939,1.5253e+008
28940,4.7927e+007
28941,5.9169e+007
28942,1.6702e+008
28943,1.1186e+008
28944,9.3023e+007
28945,9.5271e+007
28946,8.4959e+007
28947,7.505e+007
28948,7.044e+007
28949,4.5908e+007
28950,1.4922e+008
28951,1.0753e+008
28952,1.344e+007
28953,1.0217e+008
28954,6.017e+007
28955,1.3994e+008
28956,1.3271e+008
28957,9.3003e+007
28958,2.9087e+007
28959,3.6436e+007
28960,1.1466e+008
28961,7.0939e+007
28962,1.1225e+008
28963,9.2794e+007
28964,9.196e+007
28965,1.0433e+008
28966,1.071e+008
28967,1.0054e+008
28968,9.6258e+007
28969,6.3953e+007
28970,7.8488e+007
28971,4.5969e+007
28972,9.6032e+007
28973,9.3575e+007
28974,1.3541e+008
28975,1.7655e+008
28976,1.4564e+008
28977,1.556e+008
28978,1.3953e+008
28979,8.756e+007
28980,1.4757e+008
28981,8.7899e+007
28982,1.4717e+008
28983,7.2905e+007
28984,4.6155e+007
28985,5.9541e+007
28986,1.503e+008
28987,1.4153e+008
28988,1.432e+008
28989,3.7146e+007
28990,4.9749e+007
28991,2.5497e+007
28992,1.0265e+008
28993,7.1339e+007
28994,2.7213e+007
28995,7.6838e+007
28996,7.8348e+007
28997,7.5755e+007
28998,1.2028e+008
28999,1.4503e+008
29000,5.6477e+007
29001,1.5937e+008
29002,1.0996e+008
29003,1.7825e+008
29004,1.7379e+008
29005,1.9271e+008
29006,1.5879e+008
29007,1.5784e+008
29008,1.217e+008
29009,1.5467e+008
29010,1.7232e+008
29011,1.662e+008
29012,1.2148e+008
29013,1.4309e+008
29014,1.7184e+008
29015,1.9434e+008
29016,1.158e+008
29017,1.167e+008
29018,1.5383e+008
29019,1.239e+008
29020,1.1617e+008
29021,8.1892e+006
29022,3.7915e+007
29023,6.0474e+007
29024,9.3691e+007
29025,9.7666e+007
29026,1.1021e+008
29027,9.6195e+007
29028,1.2267e+008
29029,1.0697e+008
29030,1.1415e+008
29031,9.6164e+007
29032,7.2775e+007
29033,9.5411e+007
29034,7.6026e+007
29035,8.0666e+007
29036,8.7682e+007
29037,1.0087e+008
29038,1.0777e+008
29039,1.2186e+008
29040,1.0215e+008
29041,1.089e+008
29042,8.5446e+007
29043,1.086e+008
29044,1.1464e+008
29045,9.6242e+007
29046,8.5648e+007
29047,1.1722e+007
29048,1.0674e+008
29049,1.1447e+008
29050,7.4356e+007
29051,9.2567e+007
29052,7.0799e+007
29053,7.4916e+007
29054,7.0133e+007
29055,6.8445e+007
29056,7.5162e+007
29057,7.8592e+007
29058,6.9163e+007
29059,7.0561e+007
29060,6.4639e+007
29061,6.8714e+007
29062,8.0468e+007
29063,1.1596e+008
29064,9.6486e+007
29065,9.9214e+007
29066,1.9681e+008
29067,1.7904e+008
29068,2.0649e+008
29069,1.563e+008
29070,1.8956e+008
29071,1.3037e+008
29072,1.2991e+008
29073,1.4137e+008
29074,1.2891e+008
29075,1.3783e+008
29076,1.4639e+008
29077,1.2088e+008
29078,7.8835e+007
29079,8.3759e+007
29080,7.493e+007
29081,2.4678e+007
29082,6.8832e+007
29083,6.3808e+007
29084,9.9206e+007
29085,7.2689e+007
29086,3.5327e+007
29087,1.1668e+008
29088,1.0232e+008
29089,9.2523e+007
29090,1.0405e+008
29091,8.8141e+007
29092,8.924e+007
29093,8.4576e+007
29094,9.4863e+007
29095,8.4166e+007
29096,7.2028e+007
29097,1.1392e+008
29098,9.1597e+007
29099,1.2635e+008
29100,1.0915e+008
29101,1.0965e+008
29102,1.2202e+008
29103,5.9728e+007
29104,9.8012e+007
29105,9.3045e+007
29106,8.2718e+007
29107,9.864e+007
29108,9.1476e+007
29109,8.2104e+007
29110,7.3776e+007
29111,1.0422e+008
29112,1.1076e+008
29113,6.8761e+007
29114,7.9104e+007
29115,6.0828e+007
29116,7.3322e+007
29117,4.842e+007
29118,7.9789e+007
29119,5.3661e+007
29120,5.3804e+007
29121,7.4747e+007
29122,1.9118e+008
29123,1.2856e+008
29124,1.8674e+008
29125,1.8795e+008
29126,1.1777e+008
29127,9.649e+007
29128,1.3333e+008
29129,1.4229e+008
29130,7.6105e+007
29131,1.5133e+008
29132,1.6509e+008
29133,9.856e+007
29134,1.1313e+008
29135,1.5362e+008
29136,1.036e+008
29137,1.025e+008
29138,8.8916e+006
29139,1.2893e+008
29140,5.8174e+007
29141,1.6387e+008
29142,1.708e+008
29143,2.6313e+006
29144,6.9203e+007
29145,1.3301e+008
29146,1.4834e+008
29147,1.059e+008
29148,1.5265e+008
29149,1.382e+008
29150,1.5705e+008
29151,1.3276e+008
29152,1.2617e+008
29153,6.7521e+007
29154,9.1489e+007
29155,4.5915e+007
29156,1.9466e+007
29157,6.8117e+006
29158,1.4822e+007
29159,1.2133e+008
29160,1.3084e+008
29161,8.0464e+007
29162,1.2647e+008
29163,9.6112e+007
29164,1.0281e+008
29165,9.1009e+007
29166,8.8055e+007
29167,1.2013e+008
29168,1.1563e+008
29169,1.4112e+008
29170,1.427e+008
29171,1.5879e+008
29172,1.6008e+008
29173,1.102e+008
29174,1.1687e+008
29175,5.058e+007
29176,2.9367e+007
29177,2.0013e+007
29178,7.456e+007
29179,1.3909e+008
29180,1.3704e+008
29181,1.1068e+008
29182,9.6118e+007
29183,1.2548e+008
29184,9.3134e+007
29185,1.1363e+008
29186,1.0627e+008
29187,1.3429e+008
29188,1.1421e+008
29189,1.1928e+008
29190,7.6569e+007
29191,7.9762e+007
29192,1.1635e+008
29193,1.0299e+008
29194,8.3519e+007
29195,9.0751e+007
29196,7.5719e+007
29197,8.3584e+007
29198,1.3909e+008
29199,1.3834e+008
29200,1.6892e+008
29201,1.4651e+008
29202,1.2507e+008
29203,1.2142e+008
29204,9.5838e+007
29205,1.1904e+008
29206,1.0379e+008
29207,6.7623e+007
29208,7.3511e+007
29209,6.9772e+007
29210,2.4675e+007
29211,1.4276e+007
29212,8.5413e+007
29213,9.2504e+007
29214,1.0829e+008
29215,1.0367e+008
29216,5.0021e+007
29217,7.4957e+007
29218,6.0122e+007
29219,2.2876e+007
29220,6.7663e+007
29221,1.3128e+008
29222,2.5643e+007
29223,1.1672e+008
29224,1.0478e+008
29225,6.6234e+007
29226,9.3272e+007
29227,7.7915e+007
29228,3.8585e+007
29229,1.0735e+008
29230,9.1414e+007
29231,9.6097e+007
29232,1.0484e+008
29233,9.3525e+007
29234,6.7554e+007
29235,8.0064e+007
29236,8.7546e+007
29237,7.2748e+007
29238,9.1445e+007
29239,9.3245e+007
29240,9.1875e+007
29241,7.6639e+007
29242,1.0228e+008
29243,1.2597e+008
29244,9.4358e+007
29245,9.2193e+007
29246,7.8359e+007
29247,8.9458e+007
29248,5.2326e+007
29249,2.8287e+007
29250,8.8548e+007
29251,8.9046e+007
29252,2.9544e+007
29253,6.2422e+007
29254,6.2619e+007
29255,6.1701e+007
29256,4.1514e+007
29257,7.5061e+007
29258,8.4943e+007
29259,9.064e+007
29260,1.2718e+008
29261,8.392e+007
29262,1.2031e+008
29263,1.1296e+008
29264,9.601e+007
29265,1.3847e+008
29266,1.2243e+008
29267,1.7794e+008
29268,3.4663e+007
29269,8.6476e+007
29270,6.1136e+007
29271,6.3606e+007
29272,7.1337e+007
29273,4.4437e+007
29274,1.6238e+008
29275,1.584e+008
29276,1.8457e+008
29277,1.4274e+008
29278,2.1316e+008
29279,1.855e+008
29280,2.1392e+008
29281,7.0752e+007
29282,6.0361e+007
29283,8.0278e+007
29284,1.3754e+008
29285,1.3232e+008
29286,1.2601e+008
29287,6.9415e+007
29288,5.2326e+007
29289,5.5476e+007
29290,8.1919e+007
29291,7.5856e+007
29292,6.7436e+007
29293,7.4946e+007
29294,3.9968e+007
29295,7.6749e+007
29296,8.373e+007
29297,1.2447e+008
29298,5.9598e+007
29299,1.4586e+008
29300,1.3706e+008
29301,1.5664e+008
29302,1.5853e+008
29303,1.8171e+008
29304,9.3383e+007
29305,9.1696e+007
29306,7.8957e+007
29307,6.58e+007
29308,6.5342e+007
29309,7.3684e+007
29310,6.5041e+007
29311,7.4242e+007
29312,6.4611e+007
29313,1.4539e+008
29314,8.5501e+007
29315,1.7167e+008
29316,1.6842e+008
29317,2.0821e+008
29318,1.7675e+008
29319,1.9892e+008
29320,2.0334e+008
29321,1.6904e+008
29322,1.6143e+008
29323,8.727e+007
29324,6.9674e+007
29325,8.2242e+007
29326,7.4408e+007
29327,8.7211e+007
29328,6.7513e+007
29329,4.2293e+007
29330,7.0582e+007
29331,3.7371e+007
29332,4.9662e+007
29333,1.539e+008
29334,1.255e+008
29335,8.4036e+007
29336,1.4831e+008
29337,1.2002e+008
29338,1.6244e+008
29339,8.7425e+007
29340,7.4771e+007
29341,7.5003e+007
29342,8.0094e+007
29343,6.6608e+007
29344,1.8457e+008
29345,2.0891e+008
29346,1.9278e+008
29347,2.0205e+008
29348,3.7457e+007
29349,8.2397e+007
29350,7.6338e+007
29351,1.2177e+008
29352,9.9426e+007
29353,1.1801e+008
29354,1.0952e+008
29355,1.1035e+008
29356,1.6086e+008
29357,1.385e+008
29358,1.0309e+008
29359,1.0193e+007
29360,1.1461e+008
29361,1.3138e+008
29362,1.2545e+008
29363,1.3565e+008
29364,1.0282e+008
29365,8.2304e+007
29366,4.7826e+007
29367,1.3176e+008
29368,2.0051e+008
29369,1.7551e+008
29370,1.8526e+008
29371,1.6918e+008
29372,1.3687e+008
29373,7.3781e+007
29374,1.2522e+008
29375,1.0616e+008
29376,1.717e+008
29377,1.5129e+008
29378,1.6087e+008
29379,9.9726e+007
29380,1.5233e+008
29381,1.0443e+008
29382,7.6785e+007
29383,1.8068e+008
29384,7.8653e+007
29385,1.0901e+008
29386,7.8886e+007
29387,9.1982e+007
29388,1.0334e+008
29389,6.147e+007
29390,8.3833e+007
29391,1.2348e+008
29392,1.3065e+008
29393,8.9922e+007
29394,9.0629e+007
29395,1.1691e+008
29396,1.5183e+008
29397,9.2898e+007
29398,1.1177e+008
29399,1.3317e+008
29400,6.779e+007
29401,8.7458e+007
29402,7.2585e+007
29403,7.2732e+007
29404,7.3348e+007
29405,7.2894e+007
29406,4.6121e+007
29407,3.652e+007
29408,1.2046e+008
29409,6.886e+007
29410,1.1476e+008
29411,9.4386e+007
29412,1.2591e+008
29413,9.9344e+007
29414,1.0456e+008
29415,5.8192e+007
29416,9.1846e+007
29417,7.2836e+007
29418,8.6543e+007
29419,7.7917e+007
29420,7.9896e+007
29421,9.5464e+007
29422,1.5422e+008
29423,9.8299e+007
29424,8.4193e+007
29425,9.3459e+007
29426,1.3793e+008
29427,5.9805e+007
29428,1.2939e+007
29429,7.0357e+007
29430,1.0938e+008
29431,1.1047e+008
29432,7.218e+007
29433,7.0336e+007
29434,6.7406e+007
29435,1.2911e+008
29436,1.3709e+008
29437,1.4918e+008
29438,1.7178e+008
29439,1.6786e+008
29440,1.9072e+008
29441,1.0369e+008
29442,1.2119e+008
29443,1.0882e+008
29444,9.6765e+007
29445,7.544e+007
29446,1.085e+008
29447,1.2162e+008
29448,8.3754e+007
29449,9.7564e+007
29450,9.5526e+007
29451,9.9148e+007
29452,9.2544e+007
29453,6.7343e+007
29454,1.2372e+008
29455,1.269e+008
29456,8.7146e+006
29457,9.452e+007
29458,9.1321e+007
29459,8.7117e+007
29460,9.4558e+007
29461,1.7839e+007
29462,1.3326e+007
29463,6.3476e+007
29464,8.3636e+007
29465,2.7945e+007
29466,3.3957e+007
29467,7.5822e+007
29468,5.9435e+007
29469,6.2864e+007
29470,4.4493e+007
29471,6.8922e+007
29472,7.9093e+007
29473,1.3651e+008
29474,1.0995e+008
29475,4.5808e+007
29476,6.0709e+007
29477,1.4277e+008
29478,4.4209e+007
29479,3.168e+007
29480,7.6637e+007
29481,1.0921e+008
29482,5.8959e+007
29483,1.038e+008
29484,1.4206e+008
29485,1.1271e+008
29486,1.1337e+008
29487,1.3625e+008
29488,8.8032e+007
29489,1.1874e+008
29490,1.1595e+008
29491,9.3811e+007
29492,1.013e+008
29493,1.1312e+008
29494,1.2154e+008
29495,8.2611e+007
29496,9.3191e+007
29497,9.9206e+007
29498,1.0889e+008
29499,1.1247e+008
29500,1.2065e+008
29501,9.4606e+007
29502,9.1473e+007
29503,2.1459e+007
29504,2.7849e+007
29505,1.1391e+008
29506,1.1255e+008
29507,1.4059e+008
29508,2.0186e+008
29509,1.4032e+008
29510,1.1515e+008
29511,7.3815e+007
29512,1.3232e+008
29513,1.0646e+008
29514,1.1758e+008
29515,1.4744e+008
29516,7.4856e+007
29517,4.5925e+007
29518,8.1619e+007
29519,8.7611e+007
29520,8.9039e+007
29521,1.0603e+008
29522,1.031e+008
29523,7.3776e+007
29524,1.1281e+008
29525,4.5181e+007
29526,7.6014e+007
29527,3.7718e+007
29528,7.2325e+007
29529,6.116e+007
29530,7.6046e+007
29531,1.0933e+008
29532,1.0014e+008
29533,9.3564e+007
29534,1.1002e+008
29535,1.1243e+008
29536,8.0311e+007
29537,1.3947e+008
29538,1.0871e+008
29539,1.083e+008
29540,1.3579e+008
29541,1.2025e+008
29542,1.0644e+008
29543,1.2107e+008
29544,1.8338e+007
29545,8.0576e+007
29546,8.6433e+007
29547,3.0325e+007
29548,7.7575e+007
29549,6.3524e+007
29550,5.4058e+007
29551,9.3319e+007
29552,1.2184e+008
29553,6.761e+007
29554,8.9578e+007
29555,9.9826e+007
29556,1.0239e+008
29557,1.0231e+008
29558,7.2139e+007
29559,2.2624e+007
29560,1.7406e+008
29561,1.0706e+008
29562,1.6282e+008
29563,1.1356e+008
29564,9.0881e+007
29565,1.8338e+008
29566,1.8494e+008
29567,1.98e+008
29568,1.2927e+008
29569,1.4077e+008
29570,1.1824e+008
29571,9.0935e+007
29572,9.1919e+007
29573,1.2871e+008
29574,1.4302e+008
29575,1.0443e+008
29576,6.9022e+007
29577,1.3267e+008
29578,1.5287e+008
29579,1.7251e+008
29580,1.2717e+008
29581,1.0845e+008
29582,1.2303e+008
29583,1.0293e+008
29584,8.4987e+007
29585,2.231e+007
29586,7.6203e+007
29587,9.2318e+007
29588,1.3569e+008
29589,8.6782e+007
29590,3.8546e+007
29591,9.6381e+007
29592,1.5179e+008
29593,1.0213e+008
29594,1.4175e+008
29595,1.2627e+008
29596,9.1749e+007
29597,1.2447e+008
29598,1.0134e+008
29599,1.2701e+008
29600,1.1507e+008
29601,8.8491e+007
29602,1.2628e+008
29603,8.8313e+007
29604,6.5118e+007
29605,1.3446e+008
29606,1.1774e+008
29607,5.2766e+007
29608,7.1611e+007
29609,4.1542e+007
29610,4.8417e+007
29611,1.5584e+008
29612,8.6433e+007
29613,6.6827e+007
29614,6.2953e+007
29615,5.1947e+007
29616,4.0055e+007
29617,5.5772e+007
29618,9.5002e+007
29619,1.0267e+008
29620,8.1503e+007
29621,1.127e+008
29622,1.7191e+008
29623,1.6573e+008
29624,1.5729e+008
29625,4.6384e+007
29626,4.6449e+007
29627,9.3399e+007
29628,9.8072e+007
29629,9.8812e+007
29630,8.8703e+007
29631,1.0379e+008
29632,1.2393e+008
29633,1.7374e+008
29634,1.631e+008
29635,1.2345e+008
29636,6.6017e+007
29637,1.1648e+008
29638,1.2007e+008
29639,9.7312e+007
29640,8.4808e+007
29641,8.6221e+007
29642,8.9854e+007
29643,1.0023e+008
29644,9.9895e+007
29645,1.2868e+008
29646,1.2002e+008
29647,1.2625e+008
29648,1.4835e+008
29649,9.0065e+007
29650,7.9616e+007
29651,9.3756e+007
29652,1.1383e+008
29653,1.3472e+008
29654,7.7097e+007
29655,1.4243e+008
29656,1.3024e+008
29657,9.6658e+007
29658,9.9646e+007
29659,7.5896e+007
29660,9.2088e+007
29661,7.7536e+007
29662,9.89e+007
29663,7.6363e+007
29664,4.8173e+007
29665,4.7803e+007
29666,1.1309e+008
29667,1.071e+008
29668,3.1452e+007
29669,2.9809e+007
29670,9.5637e+007
29671,4.0245e+007
29672,3.3099e+007
29673,1.0868e+008
29674,6.352e+007
29675,7.4296e+007
29676,6.6215e+007
29677,7.0745e+007
29678,5.7577e+007
29679,6.1522e+007
29680,4.8012e+007
29681,7.0326e+007
29682,6.8951e+007
29683,2.5576e+007
29684,1.4949e+008
29685,6.5818e+007
29686,6.321e+007
29687,1.0562e+008
29688,1.2425e+008
29689,1.4745e+008
29690,1.7116e+008
29691,8.1039e+007
29692,1.0298e+008
29693,8.3046e+007
29694,7.978e+007
29695,4.7898e+007
29696,3.1011e+007
29697,2.2521e+007
29698,1.3471e+008
29699,6.3008e+007
29700,1.5729e+008
29701,1.5838e+008
29702,1.6273e+008
29703,1.1919e+008
29704,3.2753e+007
29705,1.8686e+008
29706,2.0199e+008
29707,1.473e+008
29708,1.0465e+008
29709,1.0911e+008
29710,6.7158e+007
29711,7.7404e+007
29712,7.9074e+007
29713,7.0867e+007
29714,9.7049e+007
29715,9.2623e+007
29716,8.5383e+007
29717,1.5435e+008
29718,6.4222e+007
29719,9.0789e+007
29720,4.9907e+007
29721,9.0662e+007
29722,9.7955e+007
29723,9.3271e+007
29724,6.3704e+007
29725,9.1571e+007
29726,8.093e+007
29727,1.3001e+008
29728,1.157e+008
29729,1.178e+008
29730,1.2557e+008
29731,2.1686e+007
29732,5.98e+007
29733,1.1336e+008
29734,1.8518e+008
29735,1.3635e+008
29736,1.5892e+008
29737,1.3001e+007
29738,2.4962e+007
29739,5.1262e+007
29740,7.1409e+007
29741,2.8538e+007
29742,9.2525e+007
29743,1.022e+008
29744,1.2583e+008
29745,1.0052e+008
29746,1.267e+008
29747,7.8989e+007
29748,8.016e+007
29749,9.0441e+007
29750,8.2921e+007
29751,2.1006e+008
29752,9.6001e+007
29753,1.103e+008
29754,1.2094e+008
29755,1.0508e+008
29756,9.0711e+007
29757,8.8136e+007
29758,7.7224e+007
29759,6.8693e+007
29760,7.0541e+007
29761,1.4279e+008
29762,9.6569e+007
29763,6.5619e+007
29764,7.2056e+007
29765,1.56e+008
29766,1.0932e+008
29767,1.0803e+008
29768,1.1429e+008
29769,1.1597e+008
29770,1.2062e+008
29771,1.8195e+008
29772,2.719e+007
29773,9.7203e+007
29774,8.6549e+007
29775,8.4958e+007
29776,9.0696e+007
29777,7.2934e+007
29778,1.3482e+008
29779,1.3613e+008
29780,5.0848e+007
29781,9.6791e+007
29782,1.0074e+008
29783,1.901e+008
29784,1.804e+008
29785,8.1408e+007
29786,9.3115e+007
29787,8.4133e+007
29788,7.0314e+007
29789,9.6297e+007
29790,1.2814e+008
29791,8.2391e+007
29792,9.8058e+007
29793,9.2528e+007
29794,1.6948e+008
29795,1.7985e+008
29796,1.8755e+008
29797,1.7367e+008
29798,1.3888e+008
29799,6.5849e+007
29800,1.0054e+008
29801,2.0376e+007
29802,8.2552e+007
29803,9.1042e+007
29804,8.7045e+007
29805,1.0379e+008
29806,1.151e+008
29807,1.3269e+008
29808,1.2581e+008
29809,1.1283e+008
29810,9.5817e+007
29811,1.0071e+008
29812,1.2755e+008
29813,8.1817e+007
29814,8.1775e+007
29815,1.2432e+008
29816,9.7937e+007
29817,9.9207e+007
29818,6.8645e+007
29819,1.1107e+008
29820,9.4768e+007
29821,1.16e+008
29822,1.3792e+008
29823,9.301e+007
29824,1.3969e+008
29825,1.8004e+008
29826,1.646e+008
29827,1.8758e+008
29828,1.1279e+008
29829,1.0974e+008
29830,1.3667e+008
29831,1.4284e+008
29832,9.0752e+007
29833,7.2115e+007
29834,7.6555e+007
29835,6.2953e+007
29836,1.4212e+008
29837,6.1637e+007
29838,4.6079e+007
29839,7.6963e+007
29840,1.9613e+007
29841,3.9205e+007
29842,6.9971e+007
29843,1.527e+007
29844,1.1241e+008
29845,1.3399e+008
29846,1.0032e+008
29847,8.8065e+007
29848,7.2155e+007
29849,8.9034e+007
29850,1.1824e+008
29851,6.8702e+007
29852,1.4864e+008
29853,1.2526e+008
29854,1.1425e+008
29855,1.229e+008
29856,9.02e+007
29857,1.257e+008
29858,2.0981e+008
29859,1.6252e+008
29860,9.8086e+007
29861,4.3697e+007
29862,6.6569e+007
29863,1.39e+008
29864,6.8041e+007
29865,1.3127e+008
29866,8.9277e+007
29867,1.2373e+008
29868,1.5698e+008
29869,1.8999e+008
29870,5.9805e+007
29871,1.6824e+008
29872,3.0123e+007
29873,1.3004e+008
29874,6.0382e+007
29875,1.1057e+008
29876,1.1988e+008
29877,8.6203e+007
29878,7.8181e+007
29879,7.5595e+007
29880,9.4212e+007
29881,2.9762e+007
29882,1.1242e+008
29883,8.3481e+007
29884,9.9165e+007
29885,1.484e+008
29886,3.0078e+007
29887,5.368e+007
29888,1.0831e+008
29889,1.2038e+008
29890,1.6393e+008
29891,2.7806e+007
29892,9.2443e+007
29893,1.227e+008
29894,1.241e+008
29895,1.3953e+008
29896,1.9596e+008
29897,5.1238e+007
29898,3.8238e+007
29899,1.0185e+008
29900,1.762e+008
29901,1.3517e+008
