NodeNumber,Equivalent Stress (Pa)
1,4.47E+07
2,4.25E+07
3,2.10E+07
4,2.65E+07
5,3.59E+07
6,2.95E+07
7,2.20E+07
8,3.99E+07
9,4.06E+07
10,1.60E+07
11,2.58E+07
12,3.28E+07
13,2.55E+07
14,1.94E+07
15,2.92E+08
16,2.93E+08
17,2.26E+08
18,2.06E+08
19,2.23E+08
20,1.95E+08
21,2.34E+08
22,2.74E+08
23,2.81E+08
24,2.35E+08
25,1.97E+08
26,1.69E+08
27,1.99E+08
28,2.08E+08
29,1.55E+05
30,1.02E+08
31,5.57E+05
32,3.17E+06
33,1.24E+07
34,3.26E+07
35,7.49E+07
36,2.58E+05
37,1.91E+07
38,8.61E+05
39,3.67E+06
40,1.28E+07
41,2.78E+07
42,3.52E+07
43,1.37E+07
44,4.1507
45,639.53
46,9.2576
47,42.685
48,133.3
49,338.5
50,541.83
51,3.3848
52,196.16
53,11.249
54,52.899
55,162.94
56,251.6
57,303.61
58,5.69E+07
59,3.82E+07
60,3.34E+07
61,4.47E+07
62,5.58E+07
63,3.36E+08
64,2.79E+08
65,3.10E+08
66,2.85E+08
67,3.10E+08
68,3.42E+08
69,3.43E+08
70,3.20E+08
71,3.02E+08
72,3.31E+08
73,3.04E+08
74,3.14E+08
75,3.40E+08
76,2.55E+08
77,3.16E+08
78,2.95E+08
79,2.70E+08
80,2.62E+08
81,2.66E+08
82,2.67E+08
83,2.68E+08
84,2.71E+08
85,2.68E+08
86,2.67E+08
87,2.68E+08
88,1.65E+06
89,8.07E+06
90,2.36E+07
91,3.75E+07
92,5.64E+07
93,8.10E+07
94,1.23E+08
95,1.77E+08
96,1.53E+08
97,1.78E+08
98,2.26E+08
99,2.57E+08
100,2.90E+08
101,2.92E+08
102,2.27E+06
103,7.69E+06
104,1.54E+07
105,2.32E+07
106,2.58E+07
107,2.11E+07
108,1.46E+07
109,6.47E+06
110,2.67E+08
111,2.92E+08
112,2.86E+08
113,2.49E+08
114,2.40E+08
115,2.08E+08
116,2.09E+08
117,1.75E+08
118,1.21E+08
119,8.76E+07
120,6.14E+07
121,4.00E+07
122,2.16E+07
123,8.14E+06
124,2.57E+08
125,2.69E+08
126,2.68E+08
127,2.69E+08
128,2.72E+08
129,2.71E+08
130,2.67E+08
131,2.63E+08
132,2.62E+08
133,3.14E+08
134,2.93E+08
135,2.18E+08
136,2.33E+08
137,2.30E+08
138,2.11E+08
139,2.02E+08
140,2.04E+08
141,2.17E+08
142,1.81E+08
143,1.97E+08
144,1.96E+08
145,1.86E+08
146,1.84E+08
147,2.03E+08
148,2.45E+08
149,2.39E+08
150,7.45E+07
151,3.34E+07
152,1.20E+07
153,3.17E+06
154,6.01E+05
155,559.23
156,325.6
157,134.33
158,43.094
159,9.2048
160,1.12E+08
161,5.96E+07
162,1.95E+08
163,1.07E+08
164,1.70E+08
165,1.97E+08
166,2.07E+08
167,1.96E+08
168,1.82E+08
169,1.54E+08
170,2.17E+08
171,6.00E+07
172,1.91E+08
173,2.07E+08
174,2.16E+08
175,1.83E+08
176,1.90E+08
177,1.93E+08
178,1.73E+08
179,2.21E+08
180,2.04E+08
181,2.11E+08
182,2.09E+08
183,14.753
184,1.14E+08
185,5.50E+07
186,2.28E+07
187,4.85E+06
188,1.23E+06
189,3.17E+05
190,70194
191,16534
192,3462.5
193,901.13
194,175.61
195,36.538
196,12.825
197,12.59
198,11.768
199,8.817
200,4.5456
201,9.7194
202,11.798
203,11.874
204,32.176
205,147.36
206,614.93
207,2454.8
208,11556
209,48293
210,1.92E+05
211,9.34E+05
212,3.92E+06
213,1.72E+07
214,6.25E+07
215,9.26E+07
216,2.81E+08
217,2.28E+08
218,2.99E+08
219,3.13E+08
220,3.24E+08
221,3.32E+08
222,3.31E+08
223,3.46E+08
224,3.47E+08
225,3.56E+08
226,3.56E+08
227,3.55E+08
228,3.48E+08
229,3.70E+08
230,3.62E+08
231,3.82E+08
232,3.90E+08
233,3.76E+08
234,3.78E+08
235,3.93E+08
236,3.69E+08
237,3.84E+08
238,3.86E+08
239,3.87E+08
240,3.88E+08
241,3.94E+08
242,3.90E+08
243,3.89E+08
244,3.92E+08
245,3.91E+08
246,3.89E+08
247,3.81E+08
248,3.83E+08
249,3.80E+08
250,3.69E+08
251,3.57E+08
252,3.65E+08
253,3.59E+08
254,3.55E+08
255,3.56E+08
256,3.48E+08
257,3.50E+08
258,3.33E+08
259,3.28E+08
260,3.29E+08
261,3.27E+08
262,3.03E+08
263,3.02E+08
264,3.03E+08
265,2.94E+08
266,2.85E+08
267,2.82E+08
268,2.72E+08
269,2.68E+08
270,2.55E+08
271,2.29E+08
272,2.25E+08
273,2.37E+08
274,2.25E+08
275,2.55E+08
276,2.62E+08
277,2.69E+08
278,2.84E+08
279,2.85E+08
280,2.89E+08
281,2.82E+08
282,2.95E+08
283,2.99E+08
284,3.04E+08
285,3.09E+08
286,3.07E+08
287,3.17E+08
288,3.20E+08
289,3.16E+08
290,3.33E+08
291,3.28E+08
292,3.21E+08
293,3.31E+08
294,3.31E+08
295,3.35E+08
296,3.37E+08
297,3.34E+08
298,3.57E+08
299,3.30E+08
300,3.26E+08
301,3.40E+08
302,3.39E+08
303,3.47E+08
304,3.55E+08
305,3.42E+08
306,3.40E+08
307,3.56E+08
308,3.46E+08
309,3.33E+08
310,3.33E+08
311,3.42E+08
312,3.39E+08
313,3.30E+08
314,3.27E+08
315,3.27E+08
316,3.27E+08
317,3.20E+08
318,3.12E+08
319,3.09E+08
320,3.09E+08
321,3.04E+08
322,2.93E+08
323,2.85E+08
324,2.70E+08
325,2.60E+08
326,2.51E+08
327,2.43E+08
328,2.47E+08
329,2.77E+08
330,3.35E+06
331,2.75E+08
332,8.07E+06
333,1.98E+07
334,4.28E+07
335,6.28E+07
336,9.17E+07
337,1.27E+08
338,1.72E+08
339,2.23E+08
340,2.04E+08
341,2.08E+08
342,2.59E+08
343,2.66E+08
344,2.79E+08
345,2.83E+08
346,2.72E+08
347,2.71E+08
348,2.32E+08
349,2.25E+08
350,2.45E+08
351,4.97E+06
352,7.16E+06
353,1.26E+07
354,2.14E+07
355,2.54E+07
356,2.19E+07
357,1.45E+07
358,7.98E+06
359,2.72E+08
360,2.72E+08
361,2.80E+08
362,2.85E+08
363,2.78E+08
364,2.75E+08
365,2.04E+08
366,1.97E+08
367,1.86E+08
368,2.02E+08
369,1.44E+08
370,1.08E+08
371,7.40E+07
372,4.92E+07
373,2.89E+07
374,1.13E+07
375,2.40E+08
376,2.26E+08
377,2.41E+08
378,5.15E+07
379,4.46E+07
380,2.47E+07
381,4.18E+07
382,5.45E+07
383,3.54E+08
384,2.94E+08
385,2.74E+08
386,2.84E+08
387,3.09E+08
388,2.34E+08
389,2.59E+08
390,2.67E+08
391,2.74E+08
392,2.82E+08
393,2.86E+08
394,2.87E+08
395,3.09E+08
396,3.05E+08
397,3.16E+08
398,3.24E+08
399,3.29E+08
400,3.30E+08
401,3.45E+08
402,3.34E+08
403,3.53E+08
404,3.54E+08
405,3.61E+08
406,3.43E+08
407,3.79E+08
408,3.62E+08
409,3.76E+08
410,3.80E+08
411,3.81E+08
412,3.84E+08
413,3.89E+08
414,3.97E+08
415,3.93E+08
416,3.95E+08
417,3.91E+08
418,3.95E+08
419,3.93E+08
420,3.96E+08
421,4.11E+08
422,3.89E+08
423,3.93E+08
424,3.91E+08
425,3.84E+08
426,3.88E+08
427,3.79E+08
428,3.80E+08
429,3.89E+08
430,3.69E+08
431,3.60E+08
432,3.72E+08
433,3.53E+08
434,3.63E+08
435,3.43E+08
436,3.43E+08
437,3.40E+08
438,3.34E+08
439,3.21E+08
440,3.11E+08
441,3.05E+08
442,2.38E+08
443,2.57E+08
444,2.83E+08
445,3.31E+08
446,3.61E+08
447,3.85E+08
448,3.52E+08
449,3.16E+08
450,2.81E+08
451,2.35E+08
452,2.22E+08
453,2.27E+08
454,2.18E+08
455,2.06E+08
456,2.74E+08
457,2.46E+08
458,2.21E+08
459,2.19E+08
460,1.97E+08
461,2.39E+08
462,2.44E+08
463,2.32E+08
464,2.30E+08
465,2.17E+08
466,2.45E+08
467,2.55E+08
468,2.60E+08
469,2.70E+08
470,2.81E+08
471,2.90E+08
472,3.04E+08
473,2.98E+08
474,3.17E+08
475,3.19E+08
476,3.40E+08
477,3.19E+08
478,3.27E+08
479,3.28E+08
480,3.42E+08
481,3.39E+08
482,3.51E+08
483,3.35E+08
484,3.50E+08
485,3.44E+08
486,3.53E+08
487,3.55E+08
488,3.48E+08
489,3.38E+08
490,3.46E+08
491,3.34E+08
492,3.50E+08
493,3.40E+08
494,3.46E+08
495,3.40E+08
496,3.34E+08
497,3.41E+08
498,3.43E+08
499,3.29E+08
500,3.36E+08
501,3.41E+08
502,3.25E+08
503,3.20E+08
504,3.13E+08
505,3.21E+08
506,3.22E+08
507,3.12E+08
508,3.21E+08
509,3.05E+08
510,3.01E+08
511,2.96E+08
512,2.92E+08
513,2.89E+08
514,2.83E+08
515,2.74E+08
516,2.69E+08
517,2.65E+08
518,2.54E+08
519,2.33E+08
520,2.27E+08
521,3.7764
522,28.589
523,125.04
524,550.87
525,2787.8
526,10817
527,45925
528,2.08E+05
529,8.35E+05
530,2.34E+06
531,8.63E+06
532,2.58E+07
533,6.29E+07
534,1.65E+08
535,1.95E+08
536,2.05E+08
537,2.00E+08
538,4.4778
539,1.94E+08
540,2.02E+08
541,1.87E+08
542,1.08E+08
543,3.98E+07
544,1.59E+07
545,5.93E+06
546,1.36E+06
547,3.24E+05
548,72048
549,19663
550,3904.7
551,923.67
552,215.53
553,39.603
554,3.75E+07
555,2.99E+07
556,1.24E+07
557,3.87E+06
558,9.67E+05
559,311.84
560,255.17
561,164.5
562,53.255
563,10.76
564,2.24E+08
565,2.20E+08
566,2.12E+08
567,2.07E+08
568,2.11E+08
569,2.22E+08
570,2.12E+08
571,2.14E+08
572,2.07E+08
573,2.10E+08
574,2.15E+08
575,2.7459
576,2.9149
577,2.5884
578,3.2397
579,2.3978
580,2.2071
581,3.3318
582,3.10E+08
583,2.69E+08
584,2.39E+08
585,2.27E+08
586,1.91E+08
587,1.17E+08
588,1.70E+08
589,2.02E+08
590,2.14E+08
591,2.07E+08
592,1.71E+08
593,1.79E+08
594,2.07E+08
595,2.11E+08
596,2.00E+08
597,1.44E+08
598,1.26E+08
599,2.02E+08
600,2.26E+08
601,2.45E+08
602,2.66E+08
603,3.08E+08
604,2.41E+08
605,2.43E+08
606,2.44E+08
607,2.58E+08
608,2.75E+08
609,2.58E+08
610,2.50E+08
611,2.73E+08
612,2.53E+08
613,2.51E+08
614,2.55E+08
615,2.74E+08
616,2.54E+08
617,2.80E+08
618,3.08E+08
619,2.59E+08
620,3.48E+08
621,2.71E+08
622,2.56E+08
623,2.73E+08
624,2.96E+08
625,3.74E+08
626,3.14E+08
627,2.69E+08
628,3.48E+08
629,2.90E+08
630,2.86E+08
631,3.18E+08
632,2.68E+08
633,2.56E+08
634,2.58E+08
635,2.53E+08
636,2.64E+08
637,1.79E+08
638,3.15E+08
639,3.01E+08
640,1.70E+08
641,1.75E+08
642,2.14E+08
643,2.90E+08
644,2.70E+08
645,3.02E+08
646,3.11E+08
647,1.68E+08
648,3.29E+08
649,3.09E+08
650,2.70E+08
651,1.67E+08
652,2.59E+08
653,1.71E+08
654,1.71E+08
655,1.68E+08
656,1.69E+08
657,1.76E+08
658,1.69E+08
659,3.30E+08
660,3.19E+08
661,3.02E+08
662,2.91E+08
663,1.84E+08
664,1.68E+08
665,1.81E+08
666,2.07E+08
667,2.69E+08
668,2.58E+08
669,1.92E+08
670,2.04E+08
671,2.11E+08
672,2.09E+08
673,1.72E+08
674,1.97E+08
675,1.97E+08
676,2.09E+08
677,2.01E+08
678,2.13E+08
679,2.20E+08
680,2.09E+08
681,2.34E+08
682,2.42E+08
683,2.11E+08
684,1.72E+08
685,2.11E+08
686,2.32E+08
687,2.52E+08
688,2.59E+08
689,2.41E+08
690,2.52E+08
691,2.23E+08
692,2.22E+08
693,2.32E+08
694,2.35E+08
695,2.12E+08
696,2.05E+08
697,2.51E+08
698,2.28E+08
699,2.07E+08
700,2.27E+08
701,2.61E+08
702,2.53E+08
703,2.47E+08
704,2.58E+08
705,2.42E+08
706,2.21E+08
707,2.09E+08
708,2.22E+08
709,2.43E+08
710,2.51E+08
711,2.24E+08
712,2.23E+08
713,2.39E+08
714,2.01E+08
715,2.39E+08
716,2.31E+08
717,2.08E+08
718,2.45E+08
719,2.41E+08
720,2.67E+08
721,2.26E+08
722,2.07E+08
723,2.20E+08
724,2.16E+08
725,2.43E+08
726,2.42E+08
727,2.17E+08
728,2.15E+08
729,3.04E+08
730,2.60E+08
731,3.11E+08
732,2.98E+08
733,3.24E+08
734,2.83E+08
735,3.28E+08
736,3.37E+08
737,3.46E+08
738,2.98E+08
739,3.32E+08
740,4.37E+08
741,4.39E+08
742,4.34E+08
743,4.32E+08
744,4.11E+08
745,4.34E+08
746,4.28E+08
747,4.17E+08
748,4.35E+08
749,4.32E+08
750,4.46E+08
751,4.24E+08
752,4.36E+08
753,4.41E+08
754,4.67E+08
755,4.27E+08
756,4.43E+08
757,4.22E+08
758,4.47E+08
759,4.68E+08
760,4.65E+08
761,4.12E+08
762,4.25E+08
763,4.16E+08
764,4.31E+08
765,4.10E+08
766,4.24E+08
767,4.06E+08
768,4.34E+08
769,4.01E+08
770,4.14E+08
771,3.93E+08
772,3.96E+08
773,4.62E+08
774,4.41E+08
775,4.25E+08
776,4.45E+08
777,4.31E+08
778,4.38E+08
779,4.31E+08
780,4.41E+08
781,4.19E+08
782,4.47E+08
783,4.27E+08
784,4.42E+08
785,4.39E+08
786,4.53E+08
787,4.37E+08
788,4.20E+08
789,4.06E+08
790,4.21E+08
791,4.18E+08
792,4.08E+08
793,4.40E+08
794,4.11E+08
795,4.40E+08
796,4.22E+08
797,3.99E+08
798,3.98E+08
799,4.11E+08
800,3.82E+08
801,4.08E+08
802,4.23E+08
803,3.87E+08
804,3.91E+08
805,3.67E+08
806,3.95E+08
807,3.70E+08
808,4.08E+08
809,3.52E+08
810,3.78E+08
811,3.53E+08
812,3.45E+08
813,3.53E+08
814,3.25E+08
815,3.68E+08
816,3.59E+08
817,3.52E+08
818,3.68E+08
819,3.59E+08
820,3.66E+08
821,3.75E+08
822,3.72E+08
823,3.87E+08
824,3.79E+08
825,3.96E+08
826,3.80E+08
827,3.95E+08
828,3.49E+08
829,3.47E+08
830,3.44E+08
831,3.45E+08
832,3.27E+08
833,3.44E+08
834,3.79E+08
835,3.87E+08
836,3.11E+08
837,3.10E+08
838,3.14E+08
839,3.36E+08
840,2.94E+08
841,2.98E+08
842,2.88E+08
843,2.95E+08
844,2.78E+08
845,2.89E+08
846,2.70E+08
847,2.75E+08
848,3.35E+08
849,2.64E+08
850,2.99E+08
851,3.10E+08
852,3.28E+08
853,2.79E+08
854,3.11E+08
855,4.26E+08
856,3.94E+08
857,4.44E+08
858,4.17E+08
859,4.20E+08
860,4.13E+08
861,4.37E+08
862,3.96E+08
863,4.13E+08
864,4.05E+08
865,4.20E+08
866,3.90E+08
867,4.26E+08
868,4.20E+08
869,4.36E+08
870,4.31E+08
871,4.38E+08
872,4.16E+08
873,4.33E+08
874,4.35E+08
875,4.29E+08
876,4.47E+08
877,4.18E+08
878,4.36E+08
879,4.18E+08
880,4.48E+08
881,4.21E+08
882,4.52E+08
883,4.04E+08
884,4.45E+08
885,4.52E+08
886,4.52E+08
887,4.22E+08
888,4.46E+08
889,4.37E+08
890,4.34E+08
891,4.36E+08
892,4.47E+08
893,4.09E+08
894,4.47E+08
895,4.10E+08
896,4.24E+08
897,4.40E+08
898,4.39E+08
899,4.16E+08
900,4.26E+08
901,4.15E+08
902,4.14E+08
903,4.04E+08
904,4.19E+08
905,3.98E+08
906,4.25E+08
907,3.39E+08
908,3.38E+08
909,3.58E+08
910,3.00E+08
911,3.23E+08
912,3.35E+08
913,3.64E+08
914,3.46E+08
915,3.48E+08
916,3.48E+08
917,3.44E+08
918,3.66E+08
919,4.01E+08
920,4.05E+08
921,3.78E+08
922,3.90E+08
923,3.78E+08
924,4.12E+08
925,4.12E+08
926,3.91E+08
927,3.95E+08
928,3.87E+08
929,4.16E+08
930,3.87E+08
931,4.14E+08
932,4.06E+08
933,3.84E+08
934,4.00E+08
935,3.85E+08
936,3.89E+08
937,3.86E+08
938,3.80E+08
939,3.92E+08
940,3.75E+08
941,3.99E+08
942,3.92E+08
943,3.70E+08
944,3.78E+08
945,3.57E+08
946,3.72E+08
947,3.59E+08
948,3.51E+08
949,3.44E+08
950,3.33E+08
951,3.50E+08
952,3.31E+08
953,3.39E+08
954,3.37E+08
955,3.33E+08
956,3.37E+08
957,3.30E+08
958,3.23E+08
959,3.09E+08
960,3.23E+08
961,3.08E+08
962,2.89E+08
963,3.00E+08
964,2.98E+08
965,2.72E+08
966,2.64E+08
967,2.89E+08
968,2.75E+08
969,1.28E+08
970,1.42E+08
971,1.76E+08
972,1.89E+08
973,3.61E+07
974,2.61E+08
975,2.55E+08
976,2.51E+08
977,2.49E+08
978,2.50E+08
979,2.45E+08
980,2.48E+08
981,2.49E+08
982,2.57E+08
983,2.54E+08
984,2.54E+08
985,2.44E+08
986,2.45E+08
987,2.51E+08
988,2.40E+08
989,2.53E+08
990,2.43E+08
991,2.48E+08
992,2.39E+08
993,2.37E+08
994,2.27E+08
995,2.54E+08
996,2.40E+08
997,2.46E+08
998,2.32E+08
999,2.51E+08
1000,2.49E+08
1001,2.52E+08
1002,2.51E+08
1003,2.51E+08
1004,2.50E+08
1005,2.47E+08
1006,2.50E+08
1007,2.43E+08
1008,2.45E+08
1009,2.50E+08
1010,2.52E+08
1011,2.46E+08
1012,2.48E+08
1013,2.46E+08
1014,2.38E+08
1015,2.39E+08
1016,2.28E+08
1017,2.35E+08
1018,2.47E+08
1019,2.47E+08
1020,2.48E+08
1021,2.39E+08
1022,2.45E+08
1023,2.50E+08
1024,2.52E+08
1025,2.50E+08
1026,2.53E+08
1027,2.54E+08
1028,2.55E+08
1029,3.59E+07
1030,17976
1031,6.25E+07
1032,5.73E+07
1033,654.1
1034,7.01E+05
1035,898.01
1036,6.97E+05
1037,6.82E+07
1038,7.33E+07
1039,2539.1
1040,43.991
1041,1.04E+07
1042,1.24E+05
1043,72.383
1044,1.01E+07
1045,13320
1046,62536
1047,5.05E+07
1048,1.16E+08
1049,6.42E+07
1050,5042.6
1051,4980.8
1052,2.10E+05
1053,1.17E+08
1054,8.67E+07
1055,7.76E+07
1056,296.49
1057,6.03E+07
1058,5792.3
1059,436.7
1060,1.91E+07
1061,9.30E+06
1062,74992
1063,1438.2
1064,1.39E+06
1065,16.213
1066,18.152
1067,17385
1068,6.74E+07
1069,8.43E+05
1070,1.13E+08
1071,6.77E+07
1072,4.70E+07
1073,5.48E+07
1074,1.76E+05
1075,7.56E+07
1076,5.08E+07
1077,177.37
1078,2.18E+07
1079,55.999
1080,48.419
1081,4.79E+07
1082,2.08E+05
1083,277.06
1084,8.54E+07
1085,944.1
1086,4.96E+07
1087,4.32E+05
1088,2.22E+07
1089,5.86E+07
1090,7.00E+07
1091,2.05E+05
1092,1.26E+08
1093,1.53E+06
1094,3.45E+07
1095,1.49E+08
1096,322.03
1097,4.38E+07
1098,6.27E+07
1099,6.53E+07
1100,4.97E+07
1101,3.14E+06
1102,59725
1103,1.62E+08
1104,1336.5
1105,5.51E+07
1106,7.08E+07
1107,1.44E+08
1108,62411
1109,2.25E+05
1110,2934.8
1111,3.93E+07
1112,1.90E+05
1113,14796
1114,1993.4
1115,581.66
1116,4.725
1117,1442.2
1118,1.39E+08
1119,1238.7
1120,46629
1121,6.06E+06
1122,2.57E+07
1123,1.58E+07
1124,5.48E+07
1125,128.06
1126,4.82E+05
1127,4.13E+05
1128,1.52E+06
1129,22.167
1130,23.864
1131,6.17E+06
1132,8.736
1133,17952
1134,1.50E+08
1135,52345
1136,1.03E+08
1137,7.22E+07
1138,5.67E+06
1139,12.392
1140,8.58E+07
1141,7.14E+07
1142,4.00E+06
1143,21.209
1144,23.091
1145,7.05E+07
1146,91.83
1147,2.64E+06
1148,1.55E+05
1149,3701.3
1150,79.979
1151,2.22E+07
1152,5.43E+07
1153,159.18
1154,729.57
1155,7260.4
1156,2.89E+07
1157,5764.5
1158,6.37E+07
1159,179.07
1160,1.31E+08
1161,8.28E+07
1162,21298
1163,4.2199
1164,1.65E+07
1165,5.15E+07
1166,4.77E+05
1167,335.34
1168,5.57E+05
1169,2821.9
1170,3.75E+07
1171,1.10E+08
1172,1.21E+06
1173,192.37
1174,6.32E+07
1175,4.46E+07
1176,25.271
1177,26.649
1178,581.59
1179,2.06E+06
1180,1.06E+08
1181,3.92E+05
1182,3.07E+05
1183,9.10E+07
1184,95.642
1185,1.31E+08
1186,2.75E+08
1187,2.83E+08
1188,7.87E+07
1189,7.51E+07
1190,1.84E+08
1191,1.84E+08
1192,2.82E+08
1193,2.89E+08
1194,8.20E+07
1195,2.08E+07
1196,2.74E+07
1197,2.49E+08
1198,2.56E+08
1199,1.52E+08
1200,2.78E+08
1201,1.46E+08
1202,2.64E+08
1203,2.74E+08
1204,2.82E+08
1205,2.70E+07
1206,5.34E+07
1207,5.08E+07
1208,1.34E+08
1209,3.12E+08
1210,3.19E+08
1211,1.70E+08
1212,6.52E+07
1213,1.09E+08
1214,2.84E+08
1215,2.79E+08
1216,1.04E+08
1217,2.78E+08
1218,6.47E+07
1219,2.87E+08
1220,2.84E+08
1221,2.52E+07
1222,1.54E+08
1223,2.77E+08
1224,2.03E+08
1225,2.15E+08
1226,2.78E+07
1227,1.98E+08
1228,2.98E+08
1229,2.94E+08
1230,2.41E+08
1231,2.77E+08
1232,2.84E+08
1233,4.07E+07
1234,5.15E+07
1235,7.63E+07
1236,2.69E+08
1237,1.61E+08
1238,2.74E+08
1239,2.97E+08
1240,2.93E+08
1241,2.68E+08
1242,3.01E+08
1243,3.00E+08
1244,2.09E+08
1245,2.78E+08
1246,1.91E+08
1247,2.80E+08
1248,2.86E+07
1249,2.06E+08
1250,3.19E+07
1251,2.77E+08
1252,2.66E+08
1253,2.67E+08
1254,1.29E+07
1255,5.99E+07
1256,8.24E+07
1257,2.18E+07
1258,3.69E+07
1259,2.06E+08
1260,2.33E+08
1261,9.60E+07
1262,2.10E+08
1263,1.53E+08
1264,1.10E+08
1265,2.99E+08
1266,2.93E+08
1267,2.77E+08
1268,2.80E+08
1269,5.63E+07
1270,3.50E+07
1271,1.92E+08
1272,7.96E+07
1273,2.94E+08
1274,3.02E+08
1275,2.04E+07
1276,1.06E+08
1277,3.15E+08
1278,3.28E+08
1279,3.31E+08
1280,1.83E+08
1281,2.44E+07
1282,1.37E+08
1283,2.80E+08
1284,1.06E+07
1285,2.52E+08
1286,6.49E+07
1287,1.54E+08
1288,3.00E+08
1289,2.75E+08
1290,2.74E+08
1291,2.47E+08
1292,5.85E+07
1293,2.29E+08
1294,1.90E+08
1295,2.96E+08
1296,3.16E+08
1297,2.73E+07
1298,3.15E+08
1299,3.20E+08
1300,3.13E+07
1301,2.14E+08
1302,1.48E+08
1303,2.82E+08
1304,2.99E+08
1305,2.54E+08
1306,1.88E+07
1307,1.81E+07
1308,1.84E+07
1309,2.84E+08
1310,1.26E+08
1311,3.11E+08
1312,2.85E+08
1313,3.20E+08
1314,3.17E+08
1315,2.57E+07
1316,2.13E+08
1317,3.09E+08
1318,6.38E+07
1319,2.96E+08
1320,3.17E+08
1321,2.84E+08
1322,2.83E+08
1323,4.05E+07
1324,2.98E+08
1325,2.22E+08
1326,5.17E+07
1327,2.86E+08
1328,6.26E+07
1329,2.05E+08
1330,3.23E+07
1331,2.16E+08
1332,2.74E+08
1333,2.94E+08
1334,9.85E+07
1335,2.51E+08
1336,1.49E+08
1337,1.12E+08
1338,2.52E+08
1339,2.81E+08
1340,3.02E+08
1341,2.75E+07
1342,2.04E+08
1343,2.06E+08
1344,5.28E+07
1345,4.86E+07
1346,4.24E+07
1347,22751
1348,1.87E+08
1349,2.06E+08
1350,2.15E+08
1351,2.22E+08
1352,2.27E+08
1353,2.09E+08
1354,2.19E+08
1355,2.24E+08
1356,940.14
1357,4.15E+05
1358,426.69
1359,2.23E+08
1360,7.34E+05
1361,2.30E+08
1362,2.11E+08
1363,1.27E+08
1364,1.28E+08
1365,2245.1
1366,2.21E+08
1367,2.23E+08
1368,31.045
1369,1.48E+05
1370,9.60E+06
1371,86.515
1372,7.06E+06
1373,46498
1374,9913.2
1375,9.07E+07
1376,2.24E+08
1377,2.29E+08
1378,2.41E+08
1379,2.32E+08
1380,2.29E+08
1381,2.42E+08
1382,6.24E+07
1383,1.32E+08
1384,2.50E+08
1385,2.66E+08
1386,2176.5
1387,2.18E+08
1388,2.62E+08
1389,7.93E+07
1390,1.34E+05
1391,1.96E+08
1392,2.34E+08
1393,2.30E+08
1394,2.20E+08
1395,2.55E+08
1396,2.43E+08
1397,1.76E+08
1398,2.20E+08
1399,2.63E+08
1400,2.14E+07
1401,239.12
1402,2.51E+08
1403,2.68E+08
1404,2.51E+08
1405,2.49E+08
1406,6683.8
1407,754.45
1408,1.09E+08
1409,2.47E+08
1410,2.48E+08
1411,2.63E+08
1412,30118
1413,6.92E+06
1414,2.38E+08
1415,2.03E+08
1416,2.18E+08
1417,1.09E+06
1418,2.33E+08
1419,1.69E+07
1420,2.60E+08
1421,11.244
1422,10.2
1423,2.15E+08
1424,4.12E+07
1425,2.26E+08
1426,2.30E+08
1427,2.30E+08
1428,10.994
1429,1.26E+06
1430,1.71E+07
1431,746.71
1432,2.68E+08
1433,2.41E+08
1434,2.45E+08
1435,2.91E+07
1436,3580.6
1437,30215
1438,2.27E+08
1439,2.02E+08
1440,6.08E+07
1441,1.00E+05
1442,2.72E+08
1443,2.60E+08
1444,2.44E+08
1445,2.17E+06
1446,2.54E+08
1447,2.13E+08
1448,2.70E+08
1449,2.58E+08
1450,1.41E+05
1451,2.31E+08
1452,2.34E+08
1453,2.31E+05
1454,2.53E+08
1455,2.59E+07
1456,4.23E+05
1457,38.442
1458,198.07
1459,1.71E+08
1460,2.26E+08
1461,7.96E+07
1462,2.38E+08
1463,2.29E+08
1464,2.39E+08
1465,2.55E+08
1466,5.81E+07
1467,2.51E+08
1468,2.00E+08
1469,3.42E+07
1470,2.68E+08
1471,434.85
1472,9083.5
1473,2.60E+06
1474,3.56E+05
1475,7.04E+07
1476,2.14E+08
1477,2.45E+08
1478,84.333
1479,1.02E+08
1480,2.54E+08
1481,2.85E+08
1482,5698.2
1483,2.55E+08
1484,2.52E+08
1485,2.50E+08
1486,34395
1487,1.24E+05
1488,2.11E+08
1489,2.40E+08
1490,2.14E+08
1491,2088.2
1492,8.51E+06
1493,1.42E+07
1494,1.43E+08
1495,2.50E+08
1496,2.52E+08
1497,2.26E+08
1498,2.34E+08
1499,2.40E+08
1500,1481
1501,1.91E+05
1502,2.31E+08
1503,2.22E+08
1504,3.9889
1505,5.41E+07
1506,1.06E+08
1507,2.34E+08
1508,2.59E+08
1509,11201
1510,2.56E+08
1511,2.19E+08
1512,1.91E+08
1513,2.20E+08
1514,60.008
1515,1123.8
1516,6.06E+05
1517,43155
1518,459
1519,2.88E+07
1520,122.71
1521,2.13E+08
1522,2.54E+08
1523,6.06E+05
1524,9.55E+05
1525,6.29E+06
1526,7.7981
1527,1.06E+08
1528,1.72E+08
1529,2.50E+08
1530,6.52E+07
1531,2.14E+08
1532,288.42
1533,2.42E+08
1534,2.24E+08
1535,2.59E+08
1536,2.57E+08
1537,2.55E+08
1538,2.79E+08
1539,1.83E+08
1540,2.16E+08
1541,2.17E+08
1542,10.323
1543,2.46E+08
1544,2.43E+08
1545,3.48E+06
1546,2.70E+08
1547,2.12E+08
1548,245.07
1549,1.84E+08
1550,3.41E+06
1551,2.15E+08
1552,8332.8
1553,2.29E+08
1554,2289.4
1555,2.17E+08
1556,2.17E+08
1557,2.44E+08
1558,128.75
1559,29.315
1560,4.58E+07
1561,2.68E+08
1562,2.28E+08
1563,78241
1564,2.98E+06
1565,4507.7
1566,2.26E+08
1567,13.737
1568,13.837
1569,2.56E+08
1570,2.19E+08
1571,2.27E+08
1572,48.267
1573,1.51E+07
1574,2.20E+08
1575,142.25
1576,2.68E+08
1577,2.64E+08
1578,2.47E+08
1579,28.114
1580,2.36E+08
1581,2.48E+07
1582,697.47
1583,20.87
1584,2.25E+05
1585,4.0652
1586,2.08E+08
1587,1.24E+08
1588,6.10E+07
1589,3.85E+05
1590,2.51E+08
1591,2.72E+08
1592,9.18E+06
1593,1.19E+08
1594,542.26
1595,2.13E+08
1596,1612.5
1597,74178
1598,2.76E+08
1599,1.04E+08
1600,1.49E+06
1601,2.34E+08
1602,2.78E+08
1603,1.86E+08
1604,2.51E+08
1605,17742
1606,2.68E+08
1607,2.81E+08
1608,2.71E+08
1609,2.67E+08
1610,2.12E+08
1611,2.64E+08
1612,2.62E+08
1613,53320
1614,1.23E+08
1615,1.49E+08
1616,2.16E+08
1617,23.513
1618,2.35E+08
1619,4.40E+07
1620,1.11E+08
1621,2.77E+08
1622,2.80E+08
1623,281.5
1624,5.92E+05
1625,2.42E+08
1626,2.26E+08
1627,2.32E+08
1628,2.78E+08
1629,2.69E+08
1630,4.58E+07
1631,2.48E+08
1632,2.05E+08
1633,38.028
1634,2.54E+08
1635,2.79E+08
1636,2.66E+08
1637,1.20E+08
1638,2.81E+08
1639,2.87E+08
1640,2.85E+08
1641,2.91E+08
1642,1.94E+08
1643,2.93E+08
1644,7.14E+07
1645,2.89E+08
1646,7.98E+07
1647,2.04E+08
1648,2.69E+08
1649,2.86E+08
1650,3.02E+08
1651,2.87E+08
1652,2.88E+08
1653,7.62E+07
1654,2.64E+08
1655,2.87E+08
1656,2.24E+07
1657,2.85E+08
1658,2.49E+08
1659,2.58E+07
1660,2.90E+08
1661,2.46E+08
1662,2.67E+08
1663,1.50E+08
1664,1.26E+08
1665,3.18E+08
1666,2.72E+08
1667,2.90E+08
1668,2.61E+08
1669,2.79E+08
1670,2.98E+08
1671,2.87E+08
1672,2.88E+08
1673,2.87E+08
1674,2.55E+07
1675,3.01E+08
1676,3.01E+08
1677,5.25E+07
1678,5.16E+07
1679,2.87E+08
1680,2.94E+08
1681,3.05E+08
1682,2.77E+08
1683,2.97E+08
1684,2.99E+08
1685,2.85E+08
1686,2.90E+08
1687,2.89E+08
1688,2.94E+08
1689,2.80E+08
1690,6.42E+07
1691,9.27E+07
1692,2.93E+08
1693,1.85E+08
1694,1.12E+08
1695,1.28E+08
1696,2.94E+08
1697,2.85E+08
1698,2.67E+08
1699,6.58E+07
1700,2.71E+08
1701,2.22E+07
1702,2.86E+08
1703,3.00E+08
1704,1.83E+08
1705,1.69E+08
1706,2.67E+08
1707,1.63E+08
1708,2.88E+08
1709,1.94E+08
1710,2.90E+08
1711,2.68E+07
1712,2.88E+08
1713,2.90E+08
1714,3.18E+08
1715,2.80E+08
1716,2.81E+08
1717,1.91E+08
1718,2.96E+08
1719,2.41E+08
1720,4.12E+07
1721,3.19E+08
1722,3.23E+08
1723,3.01E+08
1724,2.98E+08
1725,2.98E+08
1726,2.67E+08
1727,1.42E+08
1728,2.97E+08
1729,2.71E+08
1730,2.84E+08
1731,2.88E+08
1732,2.81E+08
1733,2.98E+08
1734,3.05E+08
1735,1.93E+08
1736,2.91E+08
1737,2.76E+08
1738,3.10E+08
1739,3.31E+07
1740,3.14E+08
1741,2.73E+07
1742,3.07E+08
1743,2.90E+08
1744,1.65E+08
1745,1.31E+07
1746,3.03E+08
1747,2.92E+08
1748,4.80E+07
1749,5.61E+07
1750,3.76E+07
1751,2.27E+07
1752,2.78E+08
1753,3.05E+08
1754,2.67E+08
1755,2.90E+08
1756,2.91E+08
1757,2.03E+08
1758,1.40E+08
1759,2.86E+08
1760,1.07E+08
1761,2.55E+08
1762,2.00E+08
1763,3.20E+08
1764,2.95E+08
1765,2.77E+08
1766,3.12E+08
1767,3.10E+08
1768,2.87E+08
1769,1.04E+08
1770,2.76E+08
1771,2.92E+08
1772,2.82E+08
1773,2.77E+08
1774,2.98E+08
1775,2.86E+08
1776,2.57E+08
1777,2.98E+08
1778,8.98E+07
1779,4.22E+07
1780,2.92E+08
1781,3.01E+08
1782,2.93E+08
1783,2.90E+08
1784,2.60E+08
1785,6.27E+07
1786,2.76E+08
1787,2.97E+08
1788,2.25E+08
1789,2.91E+08
1790,1.85E+07
1791,3.12E+08
1792,2.96E+08
1793,2.58E+08
1794,2.79E+08
1795,2.72E+08
1796,1.92E+08
1797,1.42E+07
1798,2.97E+08
1799,3.18E+08
1800,3.23E+08
1801,1.68E+08
1802,2.36E+08
1803,3.15E+08
1804,1.43E+08
1805,2.80E+08
1806,2.69E+08
1807,2.94E+08
1808,2.26E+07
1809,1.87E+08
1810,9.79E+07
1811,3.20E+08
1812,3.22E+08
1813,2.83E+08
1814,2.24E+08
1815,3.00E+08
1816,3.21E+08
1817,2.83E+08
1818,2.86E+08
1819,2.84E+08
1820,3.26E+08
1821,2.76E+08
1822,2.63E+08
1823,7.73E+07
1824,2.83E+08
1825,2.54E+08
1826,3.19E+08
1827,2.93E+08
1828,2.84E+08
1829,6.94E+07
1830,2.10E+08
1831,2.81E+08
1832,2.41E+07
1833,2.75E+08
1834,2.32E+08
1835,3.13E+08
1836,3.05E+08
1837,2.99E+08
1838,1.60E+08
1839,2.56E+07
1840,2.85E+08
1841,3.06E+08
1842,2.66E+08
1843,1.61E+07
1844,3.00E+08
1845,2.88E+08
1846,2.86E+08
1847,3.18E+08
1848,1.85E+08
1849,2.90E+08
1850,2.83E+08
1851,2.82E+08
1852,2.83E+08
1853,3.19E+08
1854,2.82E+08
1855,2.41E+08
1856,2.95E+08
1857,2.91E+08
1858,3.25E+08
1859,2.74E+08
1860,3.14E+08
1861,2.10E+08
1862,2.97E+08
1863,1.95E+07
1864,2.89E+08
1865,2.53E+07
1866,2.82E+08
1867,3.17E+08
1868,2.85E+08
1869,3.28E+08
1870,3.26E+08
1871,6.07E+07
1872,3.16E+08
1873,3.26E+08
1874,2.93E+08
1875,2.72E+08
1876,2.57E+08
1877,3.30E+08
1878,2.97E+08
1879,2.83E+08
1880,2.97E+08
1881,6.52E+07
1882,8.27E+07
1883,2.44E+07
1884,5.42E+07
1885,2.05E+08
1886,2.72E+08
1887,5.83E+07
1888,3.22E+08
1889,3.07E+08
1890,3.10E+08
1891,3.57E+07
1892,3.14E+08
1893,2.93E+08
1894,2.87E+08
1895,3.11E+08
1896,3.24E+08
1897,3.18E+08
1898,3.05E+08
1899,3.01E+08
1900,1.77E+08
1901,2.88E+08
1902,2.87E+08
1903,1.99E+08
1904,2.87E+08
1905,2.91E+08
1906,3.17E+08
1907,6.09E+07
1908,3.00E+08
1909,2.81E+08
1910,3.13E+07
1911,3.07E+08
1912,2.29E+08
1913,2.91E+08
1914,2.99E+08
1915,1.21E+08
1916,2.61E+08
1917,9.93E+07
1918,2.93E+08
1919,3.13E+08
1920,2.85E+08
1921,3.20E+08
1922,2.65E+08
1923,3.00E+08
1924,2.81E+08
1925,2.83E+08
1926,3.29E+08
1927,7.83E+07
1928,2.38E+08
1929,2.43E+08
1930,2.33E+08
1931,2.29E+08
1932,2.44E+08
1933,2.41E+08
1934,2.51E+08
1935,2.34E+08
1936,2.17E+08
1937,2.33E+08
1938,2.46E+08
1939,2.37E+08
1940,2.34E+08
1941,2.48E+08
1942,2.40E+08
1943,2.55E+08
1944,2.26E+08
1945,2.29E+08
1946,2.32E+08
1947,2.13E+08
1948,2.40E+08
1949,2.37E+08
1950,2.49E+08
1951,2.02E+08
1952,2.24E+08
1953,2.40E+08
1954,2.06E+08
1955,2.27E+08
1956,2.40E+08
1957,2.41E+08
1958,2.48E+08
1959,1.99E+08
1960,2.24E+08
1961,2.38E+08
1962,2.07E+08
1963,2.27E+08
1964,1.34E+08
1965,2.09E+08
1966,2.13E+08
1967,2.07E+08
1968,2.08E+08
1969,2.05E+08
1970,1.71E+08
1971,2.16E+08
1972,2.21E+08
1973,7.22E+07
1974,1.44E+08
1975,2.34E+08
1976,2.30E+08
1977,2.42E+08
1978,9.68E+07
1979,2.29E+08
1980,2.06E+08
1981,2.54E+08
1982,2.44E+08
1983,2.24E+08
1984,2.38E+08
1985,2.48E+08
1986,2.38E+08
1987,2.15E+08
1988,2.23E+08
1989,2.34E+08
1990,2.01E+08
1991,2.27E+08
1992,2.41E+08
1993,1.60E+08
1994,2.43E+08
1995,2.44E+08
1996,2.40E+08
1997,8.05E+07
1998,2.41E+08
1999,2.17E+08
2000,5.71E+07
2001,1.61E+08
2002,2.28E+08
2003,1.74E+08
2004,6.77E+07
2005,2.42E+08
2006,1.67E+08
2007,1.18E+08
2008,2.36E+08
2009,2.04E+08
2010,2.11E+08
2011,2.31E+08
2012,2.39E+08
2013,2.20E+08
2014,2.19E+08
2015,2.21E+08
2016,2.02E+08
2017,8.78E+07
2018,1.46E+08
2019,2.21E+08
2020,2.38E+08
2021,2.14E+08
2022,1.66E+08
2023,4.29E+07
2024,2.28E+08
2025,2.62E+08
2026,2.93E+08
2027,2.12E+08
2028,1.47E+08
2029,1.81E+08
2030,1.07E+08
2031,1.17E+08
2032,2.11E+08
2033,4.47E+07
2034,2.08E+08
2035,6.61E+07
2036,1.01E+08
2037,1.09E+08
2038,2.40E+08
2039,2.76E+08
2040,3.20E+08
2041,1.25E+08
2042,2.54E+08
2043,2.13E+08
2044,2.83E+08
2045,2.17E+08
2046,2.74E+08
2047,1.02E+08
2048,2.46E+08
2049,2.42E+08
2050,1.86E+08
2051,2.35E+08
2052,1.31E+08
2053,2.02E+08
2054,2.70E+08
2055,5.05E+07
2056,2.32E+08
2057,9.75E+07
2058,6.19E+07
2059,7.11E+07
2060,2.14E+08
2061,2.59E+08
2062,3.17E+08
2063,1.31E+08
2064,1.18E+08
2065,3.46E+08
2066,1.43E+08
2067,1.80E+08
2068,2.83E+08
2069,2.30E+08
2070,2.58E+07
2071,2.98E+08
2072,2.64E+08
2073,1.98E+08
2074,2.96E+08
2075,1.89E+08
2076,6.48E+07
2077,9.11E+06
2078,2.86E+08
2079,1.69E+08
2080,1.26E+08
2081,2.51E+08
2082,2.17E+07
2083,2.55E+08
2084,1.98E+08
2085,2.52E+06
2086,2.71E+08
2087,6.87E+07
2088,5.13E+07
2089,2.31E+08
2090,2.40E+08
2091,2.54E+08
2092,2.61E+08
2093,5.10E+07
2094,2.51E+08
2095,2.92E+08
2096,8.79E+07
2097,2.71E+08
2098,2.36E+08
2099,1.50E+08
2100,1.65E+08
2101,1.76E+08
2102,2.59E+08
2103,1.36E+08
2104,1.48E+08
2105,2.26E+08
2106,2.08E+08
2107,1.51E+08
2108,1.30E+08
2109,2.29E+08
2110,2.32E+08
2111,2.42E+08
2112,3.54E+05
2113,56.721
2114,346.2
2115,8.19E+06
2116,9.40E+07
2117,4.25E+06
2118,2.50E+08
2119,2.67E+08
2120,2.37E+08
2121,2.19E+08
2122,2.54E+08
2123,2.55E+08
2124,3.17E+08
2125,2.45E+08
2126,2.36E+08
2127,1.24E+08
2128,2.35E+08
2129,2.54E+08
2130,3.28E+08
2131,2.36E+08
2132,2.08E+08
2133,2.00E+08
2134,2.44E+08
2135,3.29E+08
2136,7.76E+07
2137,2.41E+08
2138,2.21E+08
2139,1.72E+08
2140,1.74E+08
2141,15.531
2142,4.5876
2143,8.83E+06
2144,2.94E+08
2145,290.73
2146,2.37E+08
2147,2.32E+07
2148,2.63E+08
2149,1.99E+08
2150,2.33E+08
2151,2.19E+08
2152,1.97E+08
2153,2.72E+07
2154,1.69E+08
2155,2.62E+08
2156,1.52E+08
2157,6.59E+07
2158,2.67E+08
2159,2.33E+08
2160,2.90E+08
2161,9.17E+07
2162,2.63E+08
2163,2.41E+08
2164,2.87E+08
2165,2.52E+08
2166,3.44E+08
2167,3.46E+08
2168,3.34E+08
2169,2.14E+08
2170,2.74E+08
2171,2.45E+08
2172,1.25E+08
2173,1.73E+08
2174,2.25E+08
2175,2.12E+08
2176,1.54E+08
2177,8.26E+07
2178,5.65E+07
2179,4.97E+07
2180,1.34E+06
2181,1.92E+08
2182,5.74E+07
2183,9.74E+07
2184,19.498
2185,1.08E+07
2186,2.54E+06
2187,5.47E+06
2188,62.072
2189,141.91
2190,4.01E+07
2191,1.37E+07
2192,1.03E+07
2193,4.61E+07
2194,2.98E+08
2195,2.11E+07
2196,2.19E+07
2197,1.08E+08
2198,4.50E+07
2199,2.89E+08
2200,3.32E+08
2201,2.07E+08
2202,3.47E+08
2203,2.38E+08
2204,2.09E+08
2205,1.67E+08
2206,3.58E+08
2207,6.59E+07
2208,3.27E+08
2209,1.88E+08
2210,1.99E+08
2211,2.21E+08
2212,1.04E+08
2213,1.42E+08
2214,8.68E+07
2215,5.74E+06
2216,2.16E+08
2217,1.80E+08
2218,4.74E+07
2219,5.10E+07
2220,2.85E+05
2221,417.6
2222,122.61
2223,383.22
2224,2.54E+08
2225,2.41E+08
2226,1.79E+08
2227,2.36E+08
2228,2.54E+08
2229,2.91E+08
2230,2.48E+08
2231,3.27E+08
2232,2.48E+08
2233,3.48E+08
2234,2.47E+08
2235,2.53E+08
2236,3.43E+08
2237,3.01E+08
2238,2.82E+08
2239,2.93E+08
2240,2.52E+08
2241,2.44E+08
2242,2.77E+08
2243,2.11E+08
2244,3.18E+08
2245,2.36E+08
2246,1.89E+08
2247,2.45E+08
2248,2.86E+08
2249,2.47E+08
2250,2.74E+08
2251,2.36E+08
2252,2.43E+08
2253,2.88E+08
2254,2.77E+08
2255,3.05E+08
2256,2.39E+08
2257,2.36E+08
2258,1.02E+08
2259,2.42E+08
2260,2.47E+08
2261,3.25E+08
2262,2.46E+08
2263,3.39E+08
2264,2.48E+08
2265,3.50E+08
2266,3.43E+08
2267,2.47E+08
2268,2.97E+08
2269,2.62E+08
2270,1.27E+08
2271,2.32E+08
2272,3.36E+08
2273,2.46E+08
2274,3.24E+08
2275,2.66E+08
2276,2.42E+08
2277,2.44E+08
2278,2.90E+08
2279,2.55E+08
2280,3.34E+08
2281,3.51E+08
2282,2.46E+08
2283,2.50E+08
2284,3.34E+08
2285,1.78E+08
2286,2.92E+08
2287,2.90E+08
2288,2.45E+08
2289,2.41E+08
2290,2.37E+08
2291,2.22E+08
2292,1.05E+08
2293,2.51E+08
2294,2.79E+08
2295,2.28E+08
2296,2.86E+08
2297,2.27E+08
2298,2.40E+08
2299,2.93E+08
2300,2.71E+08
2301,2.38E+08
2302,1.99E+08
2303,3.23E+08
2304,3.21E+08
2305,3.21E+08
2306,2.47E+08
2307,1.79E+08
2308,2.91E+08
2309,2.83E+08
2310,2.66E+08
2311,2.01E+08
2312,2.52E+08
2313,2.17E+08
2314,2.40E+08
2315,2.97E+08
2316,1.92E+08
2317,3.15E+08
2318,2.39E+08
2319,2.46E+08
2320,2.41E+08
2321,2.42E+08
2322,1.94E+08
2323,2.11E+08
2324,2.74E+08
2325,2.75E+08
2326,1.93E+08
2327,2.40E+08
2328,2.73E+08
2329,3.11E+08
2330,2.32E+08
2331,2.65E+08
2332,2.43E+08
2333,2.78E+08
2334,2.22E+08
2335,1.54E+08
2336,2.36E+08
2337,2.32E+08
2338,2.22E+08
2339,2.64E+08
2340,2.44E+08
2341,3.30E+08
2342,2.41E+08
2343,2.38E+08
2344,2.50E+08
2345,2.97E+08
2346,2.37E+08
2347,2.87E+08
2348,3.19E+08
2349,2.98E+08
2350,2.90E+08
2351,3.27E+08
2352,2.82E+08
2353,3.23E+08
2354,2.77E+08
2355,2.30E+08
2356,2.63E+08
2357,2.46E+08
2358,2.65E+08
2359,1.70E+08
2360,2.18E+08
2361,2.54E+08
2362,3.10E+08
2363,2.51E+08
2364,1.21E+08
2365,2.65E+08
2366,2.09E+08
2367,2.18E+08
2368,2.35E+08
2369,1.74E+08
2370,2.18E+08
2371,1.23E+08
2372,2.42E+08
2373,1.88E+08
2374,2.34E+08
2375,3.14E+08
2376,2.36E+08
2377,1.59E+08
2378,2.94E+08
2379,2.33E+08
2380,1.43E+08
2381,2.56E+08
2382,2.52E+08
2383,2.85E+08
2384,2.63E+08
2385,2.90E+08
2386,2.60E+08
2387,2.97E+08
2388,3.26E+08
2389,2.63E+08
2390,3.36E+08
2391,2.84E+08
2392,2.69E+08
2393,2.77E+08
2394,2.35E+08
2395,2.70E+08
2396,3.21E+08
2397,2.69E+08
2398,2.76E+08
2399,2.72E+08
2400,4.87E+06
2401,3.00E+08
2402,3.45E+08
2403,2.81E+08
2404,2.71E+08
2405,2.98E+08
2406,2.49E+08
2407,2.88E+08
2408,3.03E+08
2409,2.40E+08
2410,2.77E+08
2411,2.41E+08
2412,2.94E+08
2413,3.04E+08
2414,2.89E+08
2415,3.05E+08
2416,3.32E+08
2417,3.10E+08
2418,3.32E+08
2419,3.27E+08
2420,3.43E+08
2421,3.01E+08
2422,3.08E+08
2423,3.13E+08
2424,3.07E+08
2425,3.10E+08
2426,3.16E+08
2427,2.45E+08
2428,2.57E+08
2429,10.146
2430,3.19E+08
2431,2.51E+08
2432,2.16E+08
2433,2.26E+08
2434,2.34E+08
2435,2.27E+08
2436,2.47E+08
2437,2.39E+08
2438,2.35E+08
2439,2.86E+08
2440,2.90E+08
2441,2.94E+08
2442,2.79E+08
2443,2.91E+08
2444,2.97E+08
2445,2.26E+08
2446,2.37E+08
2447,2.27E+08
2448,2.37E+08
2449,2.70E+08
2450,3.04E+08
2451,3.16E+08
2452,3.23E+08
2453,3.10E+08
2454,3.14E+08
2455,2.56E+08
2456,2.75E+08
2457,3.12E+08
2458,2.87E+08
2459,2.52E+08
2460,2.40E+08
2461,2.86E+08
2462,2.78E+08
2463,2.68E+08
2464,2.87E+08
2465,2.58E+08
2466,2.49E+08
2467,3.24E+08
2468,3.11E+08
2469,2.83E+08
2470,3.03E+08
2471,3.03E+08
2472,2.92E+08
2473,2.57E+08
2474,2.63E+08
2475,2.66E+08
2476,2.66E+08
2477,3.08E+08
2478,2.62E+08
2479,2.69E+08
2480,3.19E+08
2481,3.23E+08
2482,3.23E+08
2483,3.31E+08
2484,3.08E+08
2485,2.82E+08
2486,3.28E+08
2487,3.23E+08
2488,3.56E+08
2489,2.70E+08
2490,3.28E+08
2491,3.12E+08
2492,3.16E+08
2493,3.10E+08
2494,3.12E+08
2495,3.10E+08
2496,3.02E+08
2497,2.43E+08
2498,2.42E+08
2499,2.62E+08
2500,2.53E+08
2501,2.25E+08
2502,2.63E+08
2503,2.47E+08
2504,3.00E+08
2505,3.09E+08
2506,3.08E+08
2507,3.10E+08
2508,3.48E+08
2509,3.56E+08
2510,3.32E+08
2511,2.67E+08
2512,2.47E+08
2513,2.85E+08
2514,2.93E+08
2515,2.75E+08
2516,3.32E+08
2517,3.25E+08
2518,3.26E+08
2519,2.54E+08
2520,2.92E+08
2521,2.82E+08
2522,2.49E+08
2523,2.73E+08
2524,3.21E+08
2525,3.30E+08
2526,2.72E+08
2527,2.96E+08
2528,3.37E+08
2529,3.46E+08
2530,3.35E+08
2531,3.57E+08
2532,2.83E+08
2533,3.22E+08
2534,2.69E+08
2535,2.53E+08
2536,2.78E+08
2537,2.11E+08
2538,2.51E+08
2539,2.91E+08
2540,3.05E+08
2541,2.99E+08
2542,3.01E+08
2543,2.61E+08
2544,2.76E+08
2545,2.96E+08
2546,2.77E+08
2547,2.72E+08
2548,2.64E+08
2549,3.16E+08
2550,3.13E+08
2551,2.79E+08
2552,2.34E+08
2553,2.74E+08
2554,2.94E+08
2555,2.74E+08
2556,2.78E+08
2557,2.93E+08
2558,2.72E+08
2559,2.68E+08
2560,2.97E+08
2561,3.02E+08
2562,3.43E+08
2563,3.12E+08
2564,3.46E+08
2565,3.47E+08
2566,3.49E+08
2567,3.37E+08
2568,3.25E+08
2569,3.44E+08
2570,2.97E+08
2571,3.02E+08
2572,2.45E+08
2573,2.53E+08
2574,2.56E+08
2575,2.74E+08
2576,1.83E+08
2577,2.56E+08
2578,2.32E+08
2579,3.23E+08
2580,3.23E+08
2581,3.09E+08
2582,3.47E+08
2583,2.90E+08
2584,2.29E+08
2585,2.13E+08
2586,2.41E+08
2587,3.41E+08
2588,3.24E+08
2589,2.86E+08
2590,3.36E+08
2591,3.19E+08
2592,3.20E+08
2593,2.47E+08
2594,2.41E+08
2595,2.63E+08
2596,2.75E+08
2597,2.52E+08
2598,2.68E+08
2599,2.72E+08
2600,2.13E+08
2601,3.24E+08
2602,3.39E+08
2603,2.66E+08
2604,2.72E+08
2605,2.65E+08
2606,2.36E+08
2607,2.48E+08
2608,3.21E+08
2609,2.22E+08
2610,2.39E+08
2611,2.39E+08
2612,2.54E+08
2613,2.45E+08
2614,2.06E+08
2615,2.10E+08
2616,2.51E+08
2617,2.91E+08
2618,2.52E+08
2619,2.58E+08
2620,2.65E+08
2621,2.78E+08
2622,2.12E+08
2623,2.63E+08
2624,2.64E+08
2625,2.51E+08
2626,1.63E+08
2627,1.74E+08
2628,2.44E+08
2629,2.56E+08
2630,2.08E+08
2631,3.64E+08
2632,2.27E+08
2633,1.48E+08
2634,2.05E+08
2635,2.76E+08
2636,2.71E+08
2637,1.37E+08
2638,1.47E+08
2639,2.56E+08
2640,2.65E+08
2641,2.07E+08
2642,2.36E+08
2643,3.13E+08
2644,2.48E+08
2645,2.21E+08
2646,2.49E+08
2647,2.12E+08
2648,3.03E+08
2649,2.63E+08
2650,2.74E+08
2651,2.40E+08
2652,2.33E+08
2653,2.49E+08
2654,2.66E+08
2655,2.37E+08
2656,2.36E+08
2657,2.58E+08
2658,2.58E+08
2659,2.56E+08
2660,2.14E+08
2661,2.83E+08
2662,2.21E+08
2663,3.12E+08
2664,2.35E+08
2665,2.65E+08
2666,3.52E+08
2667,3.28E+08
2668,3.14E+08
2669,3.49E+08
2670,2.89E+08
2671,3.23E+08
2672,2.42E+08
2673,2.22E+08
2674,2.43E+08
2675,2.96E+08
2676,3.28E+08
2677,3.49E+08
2678,2.75E+08
2679,2.94E+08
2680,2.87E+08
2681,2.78E+08
2682,3.15E+08
2683,2.77E+08
2684,2.69E+08
2685,2.48E+08
2686,2.75E+08
2687,2.52E+08
2688,3.38E+08
2689,3.42E+08
2690,3.18E+08
2691,3.35E+08
2692,3.14E+08
2693,3.54E+08
2694,2.85E+08
2695,2.60E+08
2696,3.12E+08
2697,3.23E+08
2698,3.18E+08
2699,3.36E+08
2700,3.50E+08
2701,2.33E+08
2702,2.52E+08
2703,2.69E+08
2704,2.41E+08
2705,3.30E+08
2706,3.23E+08
2707,3.10E+08
2708,2.92E+08
2709,3.26E+08
2710,3.35E+08
2711,3.24E+08
2712,3.29E+08
2713,2.97E+08
2714,3.31E+08
2715,3.06E+08
2716,2.60E+08
2717,2.89E+08
2718,3.02E+08
2719,3.15E+08
2720,3.04E+08
2721,2.99E+08
2722,3.16E+08
2723,2.90E+08
2724,2.63E+08
2725,2.99E+08
2726,2.83E+08
2727,3.31E+08
2728,3.13E+08
2729,3.17E+08
2730,3.07E+08
2731,3.19E+08
2732,2.59E+08
2733,3.11E+08
2734,2.53E+08
2735,2.98E+08
2736,3.04E+08
2737,2.89E+08
2738,3.05E+08
2739,2.23E+08
2740,2.42E+08
2741,2.45E+08
2742,2.95E+08
2743,3.15E+08
2744,3.32E+08
2745,3.45E+08
2746,3.31E+08
2747,3.00E+08
2748,2.84E+08
2749,2.54E+08
2750,2.93E+08
2751,3.15E+08
2752,3.36E+08
2753,2.85E+08
2754,2.79E+08
2755,2.43E+08
2756,2.48E+08
2757,2.40E+08
2758,3.20E+08
2759,2.61E+08
2760,3.04E+08
2761,2.97E+08
2762,2.83E+08
2763,3.13E+08
2764,2.27E+08
2765,3.58E+08
2766,3.27E+08
2767,3.22E+08
2768,2.88E+08
2769,2.48E+08
2770,2.44E+08
2771,2.99E+08
2772,2.85E+08
2773,2.86E+08
2774,2.86E+08
2775,59.513
2776,2.55E+08
2777,8.29E+07
2778,243.2
2779,7.75E+07
2780,5.626
2781,233.06
2782,1.13E+07
2783,1.27E+07
2784,1.36E+07
2785,2.92E+06
2786,604.81
2787,1.17E+08
2788,602.83
2789,2.42E+08
2790,1.93E+08
2791,2.38E+08
2792,6.94E+07
2793,3.99E+07
2794,2.31E+08
2795,2.54E+08
2796,9.71E+07
2797,1.47E+08
2798,6.81E+07
2799,9.70E+07
2800,1.70E+08
2801,1.95E+08
2802,8.15E+07
2803,9.22E+07
2804,1.34E+08
2805,6.06E+07
2806,2.74E+08
2807,2.32E+08
2808,2.24E+08
2809,4.16E+07
2810,2.53E+08
2811,2.42E+08
2812,1.98E+08
2813,1.79E+08
2814,2.13E+08
2815,1.64E+08
2816,1.24E+08
2817,2.16E+08
2818,1.80E+08
2819,8.23E+05
2820,23.443
2821,2.02E+06
2822,3.36E+07
2823,2.42E+08
2824,2.56E+08
2825,2.12E+08
2826,2.42E+08
2827,2.38E+08
2828,1.90E+08
2829,1.73E+08
2830,2.05E+08
2831,1.17E+07
2832,2.08E+08
2833,2.37E+08
2834,2.53E+07
2835,8.79E+07
2836,8.75E+07
2837,2.11E+08
2838,2.20E+08
2839,2.65E+08
2840,2.00E+08
2841,2.08E+08
2842,1.23E+08
2843,1.15E+08
2844,9.52E+07
2845,5.8628
2846,4.11E+06
2847,3.81E+07
2848,2.94E+07
2849,4.84E+07
2850,2.21E+08
2851,1.56E+08
2852,2.41E+08
2853,1.81E+08
2854,1.69E+08
2855,1.19E+08
2856,2.42E+08
2857,2.48E+08
2858,2.45E+08
2859,2.51E+08
2860,1.85E+08
2861,2.09E+08
2862,2.41E+08
2863,1.03E+08
2864,1.78E+08
2865,2.38E+08
2866,2.22E+08
2867,2.51E+08
2868,2.51E+08
2869,2.29E+08
2870,2.34E+08
2871,2.10E+08
2872,1.74E+08
2873,2.09E+08
2874,2.46E+08
2875,2.41E+08
2876,2.81E+08
2877,1.95E+08
2878,1.97E+08
2879,2.24E+08
2880,2.43E+08
2881,1.89E+08
2882,1.44E+08
2883,2.31E+08
2884,2.09E+08
2885,2.25E+08
2886,1.73E+08
2887,2.43E+08
2888,8.92E+07
2889,1.53E+08
2890,2.18E+08
2891,2.01E+08
2892,2.19E+08
2893,2.22E+08
2894,2.38E+08
2895,1.89E+08
2896,2.01E+08
2897,1.78E+08
2898,2.28E+08
2899,2.00E+08
2900,2.24E+08
2901,2.28E+08
2902,2.56E+08
2903,2.17E+08
2904,2.60E+08
2905,2.46E+08
2906,2.81E+08
2907,2.34E+08
2908,6.60E+07
2909,2.47E+08
2910,2.28E+08
2911,1.94E+08
2912,2.17E+08
2913,2.35E+08
2914,1.64E+08
2915,2.31E+08
2916,1.42E+08
2917,2.49E+08
2918,1.03E+08
2919,2.05E+08
2920,2.09E+08
2921,1.93E+08
2922,2.25E+08
2923,1.22E+08
2924,2.25E+08
2925,2.60E+08
2926,2.35E+08
2927,2.36E+08
2928,2.27E+08
2929,1.93E+08
2930,2.25E+08
2931,2.40E+08
2932,2.81E+08
2933,3.33E+08
2934,3.24E+08
2935,2.63E+08
2936,2.60E+08
2937,2.49E+08
2938,2.40E+08
2939,2.71E+08
2940,3.02E+08
2941,2.92E+08
2942,3.31E+08
2943,2.66E+08
2944,2.63E+08
2945,2.63E+08
2946,2.47E+08
2947,2.67E+08
2948,2.45E+08
2949,2.38E+08
2950,2.53E+08
2951,2.16E+08
2952,2.35E+08
2953,2.20E+08
2954,2.03E+08
2955,2.27E+08
2956,1.89E+08
2957,3.03E+08
2958,2.28E+08
2959,2.19E+08
2960,1.98E+08
2961,2.40E+08
2962,2.28E+08
2963,2.58E+08
2964,2.23E+08
2965,2.57E+08
2966,2.32E+08
2967,3.30E+08
2968,2.44E+08
2969,2.94E+08
2970,2.67E+08
2971,2.66E+08
2972,2.50E+08
2973,2.73E+08
2974,3.19E+08
2975,3.09E+08
2976,2.87E+08
2977,2.86E+08
2978,2.52E+08
2979,2.47E+08
2980,2.15E+08
2981,2.30E+08
2982,2.22E+08
2983,2.09E+08
2984,2.50E+08
2985,2.44E+08
2986,2.75E+08
2987,2.98E+08
2988,2.51E+08
2989,2.50E+08
2990,2.80E+08
2991,2.68E+08
2992,2.80E+08
2993,3.15E+08
2994,2.48E+08
2995,2.55E+08
2996,2.54E+08
2997,2.15E+08
2998,2.41E+08
2999,2.79E+08
3000,2.81E+08
3001,2.37E+08
3002,2.35E+08
3003,2.36E+08
3004,3.00E+08
3005,2.42E+08
3006,2.48E+08
3007,2.37E+08
3008,2.31E+08
3009,2.61E+08
3010,3.16E+08
3011,3.25E+08
3012,3.06E+08
3013,2.72E+08
3014,2.48E+08
3015,2.79E+08
3016,2.52E+08
3017,2.99E+08
3018,1.86E+08
3019,2.47E+08
3020,2.54E+08
3021,1.08E+08
3022,2.65E+08
3023,2.72E+08
3024,2.28E+08
3025,2.08E+08
3026,3.10E+08
3027,3.12E+08
3028,2.68E+08
3029,3.38E+08
3030,2.77E+08
3031,2.54E+08
3032,2.40E+08
3033,2.65E+08
3034,2.18E+08
3035,2.20E+08
3036,2.54E+08
3037,2.23E+08
3038,2.61E+08
3039,2.45E+08
3040,2.26E+08
3041,2.39E+08
3042,2.38E+08
3043,2.12E+08
3044,2.32E+08
3045,3.01E+08
3046,2.49E+08
3047,2.65E+08
3048,2.68E+08
3049,2.70E+08
3050,2.59E+08
3051,2.22E+08
3052,2.59E+08
3053,1.55E+08
3054,2.43E+08
3055,1.97E+08
3056,2.11E+08
3057,2.09E+08
3058,2.72E+08
3059,1.23E+08
3060,2.21E+08
3061,2.18E+08
3062,2.40E+08
3063,1.43E+08
3064,2.50E+08
3065,1.54E+08
3066,2.47E+08
3067,2.18E+08
3068,2.23E+08
3069,2.69E+08
3070,2.89E+08
3071,2.82E+08
3072,2.42E+08
3073,2.49E+08
3074,2.25E+08
3075,2.34E+08
3076,2.59E+08
3077,2.65E+08
3078,2.95E+08
3079,2.82E+08
3080,2.96E+08
3081,2.84E+08
3082,3.17E+08
3083,2.17E+08
3084,2.18E+08
3085,2.32E+08
3086,2.65E+08
3087,2.45E+08
3088,2.29E+08
3089,3.38E+08
3090,2.76E+08
3091,2.88E+08
3092,2.80E+08
3093,3.11E+08
3094,2.77E+08
3095,2.60E+08
3096,3.13E+08
3097,2.96E+08
3098,3.35E+08
3099,2.25E+08
3100,3.13E+08
3101,2.59E+08
3102,3.18E+08
3103,3.03E+08
3104,2.31E+08
3105,2.46E+08
3106,2.60E+08
3107,2.58E+08
3108,1.27E+07
3109,3.03E+08
3110,2.89E+08
3111,2.59E+08
3112,2.96E+08
3113,2.58E+08
3114,2.67E+08
3115,3.05E+08
3116,2.47E+08
3117,2.17E+08
3118,2.16E+08
3119,2.44E+08
3120,2.71E+08
3121,2.92E+08
3122,2.63E+08
3123,2.87E+08
3124,2.31E+08
3125,3.18E+08
3126,2.52E+08
3127,2.70E+08
3128,2.22E+08
3129,2.36E+08
3130,2.32E+08
3131,2.66E+08
3132,2.21E+08
3133,2.34E+08
3134,2.35E+08
3135,2.32E+08
3136,2.21E+08
3137,2.04E+08
3138,1.67E+08
3139,2.08E+08
3140,2.18E+08
3141,2.27E+08
3142,2.24E+08
3143,2.19E+08
3144,1.66E+08
3145,2.05E+08
3146,2.37E+08
3147,2.15E+08
3148,2.11E+08
3149,2.09E+08
3150,2.29E+08
3151,2.24E+08
3152,2.41E+08
3153,2.55E+08
3154,2.40E+08
3155,2.42E+08
3156,2.55E+08
3157,2.32E+08
3158,2.25E+08
3159,2.05E+08
3160,2.52E+08
3161,2.63E+08
3162,2.66E+08
3163,1.83E+08
3164,2.76E+08
3165,2.54E+08
3166,2.31E+08
3167,2.44E+08
3168,2.53E+08
3169,2.56E+08
3170,2.69E+08
3171,2.75E+08
3172,7.68E+07
3173,2.62E+08
3174,2.15E+08
3175,1.94E+08
3176,1.85E+08
3177,1.79E+08
3178,2.31E+08
3179,1.94E+08
3180,1.86E+08
3181,2.40E+08
3182,2.51E+08
3183,2.27E+08
3184,2.49E+08
3185,2.38E+08
3186,2.28E+08
3187,2.16E+08
3188,2.51E+08
3189,2.57E+08
3190,2.60E+08
3191,2.36E+08
3192,2.46E+08
3193,2.65E+08
3194,2.65E+08
3195,1.70E+08
3196,2.51E+08
3197,2.53E+08
3198,2.37E+08
3199,2.57E+08
3200,2.47E+08
3201,2.31E+08
3202,2.25E+08
3203,3.04E+08
3204,2.57E+08
3205,2.60E+08
3206,2.58E+08
3207,2.51E+08
3208,2.51E+08
3209,2.83E+08
3210,2.46E+08
3211,2.41E+08
3212,2.61E+08
3213,2.21E+08
3214,2.47E+08
3215,2.69E+08
3216,2.65E+08
3217,2.53E+08
3218,2.81E+08
3219,2.73E+08
3220,3.06E+08
3221,2.46E+08
3222,2.57E+08
3223,3.19E+08
3224,2.31E+08
3225,2.34E+08
3226,2.85E+08
3227,2.21E+08
3228,2.03E+08
3229,2.54E+08
3230,2.53E+08
3231,2.28E+08
3232,2.22E+08
3233,2.20E+08
3234,2.00E+08
3235,2.61E+08
3236,2.58E+08
3237,2.68E+08
3238,2.80E+08
3239,2.57E+08
3240,2.74E+08
3241,2.52E+08
3242,2.02E+08
3243,1.28E+08
3244,1.73E+08
3245,2.33E+08
3246,2.28E+08
3247,2.23E+08
3248,2.20E+08
3249,2.40E+08
3250,2.24E+08
3251,2.20E+08
3252,2.39E+08
3253,1.85E+08
3254,1.79E+08
3255,2.28E+08
3256,2.35E+08
3257,2.34E+08
3258,2.42E+08
3259,2.42E+08
3260,2.74E+08
3261,2.53E+08
3262,2.78E+08
3263,2.65E+08
3264,1.29E+08
3265,1.72E+08
3266,1.90E+08
3267,2.53E+08
3268,1.25E+08
3269,1.47E+08
3270,1.67E+08
3271,1.49E+08
3272,2.24E+08
3273,2.50E+08
3274,2.11E+08
3275,2.31E+08
3276,1.12E+08
3277,2.42E+08
3278,2.61E+08
3279,2.91E+08
3280,1.87E+08
3281,2.08E+08
3282,2.40E+08
3283,2.25E+08
3284,1.57E+08
3285,1.79E+08
3286,2.71E+08
3287,1.63E+08
3288,2.22E+08
3289,2.38E+08
3290,1.95E+08
3291,2.73E+08
3292,2.42E+08
3293,2.68E+08
3294,2.71E+08
3295,2.66E+08
3296,2.11E+08
3297,2.47E+08
3298,2.56E+08
3299,1.00E+08
3300,2.24E+08
3301,1.61E+08
3302,1.50E+08
3303,2.15E+08
3304,2.62E+08
3305,2.58E+08
3306,2.72E+08
3307,2.59E+08
3308,2.35E+08
3309,2.44E+08
3310,2.35E+08
3311,2.67E+08
3312,1.95E+08
3313,2.43E+08
3314,2.47E+08
3315,2.41E+08
3316,2.38E+08
3317,2.03E+08
3318,2.42E+08
3319,8.76E+07
3320,2.47E+08
3321,2.39E+08
3322,2.46E+08
3323,3.08E+08
3324,2.49E+08
3325,2.24E+08
3326,2.32E+08
3327,2.22E+08
3328,2.29E+08
3329,2.66E+08
3330,2.87E+08
3331,2.51E+08
3332,2.58E+08
3333,2.75E+08
3334,2.26E+08
3335,2.57E+08
3336,2.51E+08
3337,2.69E+08
3338,2.71E+08
3339,2.63E+08
3340,4.93E+07
3341,7.92E+07
3342,2.58E+08
3343,2.49E+08
3344,2.05E+08
3345,2.00E+08
3346,1.66E+08
3347,2.53E+08
3348,2.69E+08
3349,6.48E+07
3350,2.61E+08
3351,2.54E+08
3352,2.71E+08
3353,2.10E+08
3354,2.52E+08
3355,2.67E+08
3356,2.36E+08
3357,2.23E+08
3358,3.27E+08
3359,2.51E+08
3360,2.10E+08
3361,2.36E+08
3362,2.58E+08
3363,2.53E+08
3364,2.06E+08
3365,2.19E+08
3366,2.11E+08
3367,2.42E+08
3368,2.26E+08
3369,2.04E+08
3370,1.79E+08
3371,2.12E+08
3372,2.18E+08
3373,2.38E+08
3374,2.43E+08
3375,1.33E+08
3376,2.76E+08
3377,2.70E+08
3378,1.49E+08
3379,3.09E+08
3380,2.78E+08
3381,9.94E+07
3382,2.57E+08
3383,2.45E+08
3384,2.64E+08
3385,2.41E+08
3386,2.42E+08
3387,2.49E+08
3388,2.80E+08
3389,2.40E+08
3390,2.22E+08
3391,2.59E+08
3392,2.42E+08
3393,2.43E+08
3394,2.52E+08
3395,2.58E+08
3396,2.27E+08
3397,2.58E+08
3398,2.28E+08
3399,2.26E+08
3400,2.15E+08
3401,1.64E+08
3402,1.98E+08
3403,2.35E+08
3404,2.42E+08
3405,2.14E+08
3406,2.31E+08
3407,1.51E+08
3408,1.53E+08
3409,2.05E+08
3410,2.07E+08
3411,2.17E+08
3412,2.51E+08
3413,2.03E+08
3414,4.48E+06
3415,1.85E+08
3416,2.09E+08
3417,2.51E+08
3418,5.30E+07
3419,4.32E+07
3420,2.76E+08
3421,4.72E+07
3422,2.02E+08
3423,1.62E+08
3424,9.10E+07
3425,6.87E+07
3426,1.69E+08
3427,2.36E+08
3428,2.00E+08
3429,1.56E+08
3430,1.51E+08
3431,2.32E+08
3432,2.30E+08
3433,2.34E+08
3434,8.11E+07
3435,2.24E+08
3436,1.72E+08
3437,1.82E+08
3438,2.17E+08
3439,2.20E+08
3440,2.19E+08
3441,1.15E+08
3442,2.22E+08
3443,2.29E+08
3444,2.24E+08
3445,1.89E+08
3446,2.25E+08
3447,2.36E+08
3448,2.33E+08
3449,2.34E+08
3450,2.39E+08
3451,2.28E+08
3452,4.83E+07
3453,2.31E+08
3454,1.60E+08
3455,2.33E+08
3456,2.13E+08
3457,1.73E+08
3458,2.70E+08
3459,2.59E+08
3460,2.35E+08
3461,2.51E+08
3462,1.78E+08
3463,2.17E+08
3464,2.26E+08
3465,2.38E+08
3466,2.38E+08
3467,2.36E+08
3468,2.14E+08
3469,2.10E+08
3470,2.03E+08
3471,2.70E+08
3472,2.68E+08
3473,2.42E+08
3474,2.44E+08
3475,2.31E+08
3476,2.31E+08
3477,1.49E+08
3478,2.74E+08
3479,2.31E+08
3480,1.75E+08
3481,3.00E+08
3482,2.54E+08
3483,2.07E+08
3484,2.50E+08
3485,1.54E+08
3486,2.43E+08
3487,1.89E+08
3488,2.38E+08
3489,1.96E+08
3490,2.24E+08
3491,1.95E+08
3492,1.61E+08
3493,1.79E+08
3494,1.97E+08
3495,1.71E+08
3496,2.30E+08
3497,2.08E+08
3498,2.19E+08
3499,2.09E+08
3500,2.41E+08
3501,2.40E+08
3502,1.49E+08
3503,2.36E+08
3504,1.94E+08
3505,2.69E+08
3506,2.43E+08
3507,2.67E+08
3508,2.46E+08
3509,2.30E+08
3510,2.61E+08
3511,2.56E+08
3512,1.88E+08
3513,2.83E+08
3514,1.13E+08
3515,2.01E+08
3516,2.65E+08
3517,1.87E+08
3518,2.04E+08
3519,6.21E+07
3520,1.95E+08
3521,2.05E+08
3522,1.82E+08
3523,8.66E+07
3524,2.70E+08
3525,2.91E+08
3526,2.29E+08
3527,2.52E+08
3528,2.55E+08
3529,2.42E+08
3530,1.40E+08
3531,2.21E+08
3532,2.45E+08
3533,2.52E+08
3534,2.31E+08
3535,2.29E+08
3536,2.01E+08
3537,2.18E+08
3538,2.08E+08
3539,2.17E+08
3540,2.06E+08
3541,2.55E+08
3542,1.78E+08
3543,2.92E+08
3544,7.43E+07
3545,2.25E+08
3546,2.25E+08
3547,1.25E+08
3548,2.71E+08
3549,2.35E+08
3550,2.28E+08
3551,1.31E+08
3552,2.40E+08
3553,2.34E+08
3554,1.43E+08
3555,1.94E+08
3556,2.58E+08
3557,1.57E+08
3558,2.31E+08
3559,2.76E+08
3560,2.71E+08
3561,2.75E+08
3562,2.60E+08
3563,2.37E+08
3564,1.50E+08
3565,1.86E+08
3566,2.32E+08
3567,2.45E+08
3568,2.31E+08
3569,2.52E+08
3570,3.04E+08
3571,1.72E+08
3572,2.33E+08
3573,1.91E+08
3574,1.82E+08
3575,1.99E+08
3576,2.15E+08
3577,2.32E+08
3578,2.49E+08
3579,2.25E+08
3580,1.97E+08
3581,9.24E+07
3582,2.17E+08
3583,2.70E+08
3584,2.66E+08
3585,2.92E+08
3586,2.44E+08
3587,2.02E+08
3588,2.34E+08
3589,2.30E+08
3590,2.44E+08
3591,2.10E+08
3592,2.96E+08
3593,2.90E+08
3594,2.12E+08
3595,2.08E+08
3596,2.13E+08
3597,1.44E+08
3598,2.13E+08
3599,2.24E+08
3600,1.82E+08
3601,2.60E+08
3602,9.63E+07
3603,2.42E+08
3604,2.71E+08
3605,2.82E+08
3606,2.06E+08
3607,7.22E+07
3608,2.76E+08
3609,2.64E+08
3610,2.80E+08
3611,2.40E+08
3612,2.51E+08
3613,2.29E+08
3614,2.43E+08
3615,2.04E+08
3616,2.63E+08
3617,2.30E+08
3618,2.71E+08
3619,2.18E+08
3620,2.30E+08
3621,2.50E+08
3622,2.15E+08
3623,2.16E+08
3624,1.96E+08
3625,2.15E+08
3626,1.78E+08
3627,2.44E+08
3628,1.97E+08
3629,2.51E+08
3630,2.56E+08
3631,2.70E+08
3632,2.34E+08
3633,2.12E+08
3634,2.37E+08
3635,1.28E+08
3636,2.25E+08
3637,7.49E+07
3638,2.68E+08
3639,2.23E+08
3640,2.20E+08
3641,1.91E+08
3642,1.98E+08
3643,2.05E+08
3644,2.43E+08
3645,2.25E+08
3646,2.00E+08
3647,1.81E+08
3648,2.92E+08
3649,2.09E+08
3650,1.97E+08
3651,1.55E+08
3652,2.19E+08
3653,2.17E+08
3654,2.22E+08
3655,1.97E+08
3656,1.92E+08
3657,1.43E+08
3658,2.15E+08
3659,7.10E+07
3660,1.94E+08
3661,2.21E+08
3662,2.04E+08
3663,2.43E+08
3664,3.05E+08
3665,1.31E+08
3666,2.25E+08
3667,1.31E+08
3668,2.44E+08
3669,2.02E+08
3670,1.89E+08
3671,2.01E+08
3672,1.95E+08
3673,2.28E+08
3674,2.25E+08
3675,6.86E+07
3676,5.93E+07
3677,2.20E+08
3678,2.38E+08
3679,2.32E+08
3680,2.38E+08
3681,1.99E+08
3682,2.85E+08
3683,2.41E+08
3684,2.29E+08
3685,1.88E+08
3686,2.41E+08
3687,2.41E+08
3688,2.26E+08
3689,2.54E+08
3690,1.59E+08
3691,8.42E+07
3692,2.12E+08
3693,1.70E+08
3694,1.02E+08
3695,1.80E+08
3696,1.41E+08
3697,2.35E+08
3698,1.60E+08
3699,2.39E+08
3700,2.15E+08
3701,1.94E+08
3702,2.15E+08
3703,2.39E+08
3704,2.12E+08
3705,2.68E+08
3706,2.18E+08
3707,2.11E+08
3708,2.30E+08
3709,2.39E+08
3710,2.70E+08
3711,1.85E+08
3712,2.86E+08
3713,2.25E+08
3714,1.57E+08
3715,2.38E+08
3716,1.49E+08
3717,2.39E+08
3718,1.93E+08
3719,3.14E+08
3720,1.79E+08
3721,2.50E+08
3722,2.00E+08
3723,2.29E+08
3724,1.38E+08
3725,2.79E+08
3726,2.40E+08
3727,2.58E+08
3728,2.00E+08
3729,2.34E+08
3730,2.38E+08
3731,2.44E+08
3732,1.29E+08
3733,2.81E+08
3734,1.65E+08
3735,1.61E+08
3736,6.82E+07
3737,2.33E+08
3738,2.00E+08
3739,2.16E+08
3740,2.18E+08
3741,1.58E+08
3742,1.54E+08
3743,2.49E+08
3744,1.16E+08
3745,2.74E+08
3746,2.48E+08
3747,2.08E+08
3748,2.18E+08
3749,2.78E+08
3750,2.33E+08
3751,2.65E+08
3752,9.51E+07
3753,2.19E+08
3754,2.71E+08
3755,3.10E+08
3756,2.03E+08
3757,2.26E+08
3758,2.30E+08
3759,1.83E+08
3760,1.63E+08
3761,2.07E+08
3762,1.90E+08
3763,2.21E+08
3764,1.99E+08
3765,2.75E+08
3766,2.30E+08
3767,1.40E+08
3768,1.78E+08
3769,2.16E+08
3770,1.90E+08
3771,2.45E+08
3772,6.20E+07
3773,2.03E+08
3774,1.57E+08
3775,2.52E+08
3776,2.18E+08
3777,2.41E+08
3778,2.20E+08
3779,5.14E+07
3780,2.61E+08
3781,2.40E+08
3782,2.36E+08
3783,2.24E+08
3784,1.36E+08
3785,2.46E+08
3786,1.36E+08
3787,2.31E+08
3788,2.48E+08
3789,2.32E+08
3790,2.49E+08
3791,1.10E+08
3792,2.28E+08
3793,2.08E+08
3794,2.33E+08
3795,2.27E+08
3796,2.57E+08
3797,2.25E+08
3798,2.09E+08
3799,2.33E+08
3800,1.71E+08
3801,2.77E+08
3802,2.70E+08
3803,2.34E+08
3804,1.68E+08
3805,2.49E+08
3806,2.28E+08
3807,1.85E+08
3808,2.40E+08
3809,2.63E+08
3810,2.70E+08
3811,2.60E+08
3812,2.06E+08
3813,1.20E+08
3814,2.07E+08
3815,1.77E+08
3816,2.26E+06
3817,1.67E+08
3818,2.88E+08
3819,1.92E+08
3820,1.98E+08
3821,2.10E+08
3822,1.03E+08
3823,1.04E+08
3824,2.30E+08
3825,3.05E+08
3826,2.67E+08
3827,2.53E+08
3828,2.48E+08
3829,1.17E+08
3830,1.51E+08
3831,1.95E+08
3832,1.44E+08
3833,1.36E+08
3834,2.48E+08
3835,2.91E+08
3836,2.41E+08
3837,1.48E+08
3838,2.01E+08
3839,8.88E+07
3840,1.43E+08
3841,2.15E+08
3842,2.69E+08
3843,2.34E+08
3844,2.59E+08
3845,7.65E+07
3846,1.91E+08
3847,2.19E+08
3848,2.67E+08
3849,7.19E+06
3850,2.42E+08
3851,2.73E+08
3852,2.69E+08
3853,2.48E+08
3854,1.14E+08
3855,2.29E+08
3856,2.08E+08
3857,2.63E+08
3858,2.27E+08
3859,2.21E+08
3860,2.23E+08
3861,2.11E+08
3862,1.96E+08
3863,1.41E+08
3864,2.31E+08
3865,2.43E+08
3866,1.62E+08
3867,9.31E+07
3868,2.02E+08
3869,1.03E+08
3870,2.39E+08
3871,2.41E+08
3872,1.55E+08
3873,2.28E+08
3874,2.06E+08
3875,1.10E+08
3876,1.94E+08
3877,2.22E+08
3878,2.74E+08
3879,1.31E+08
3880,1.79E+08
3881,2.07E+08
3882,2.67E+08
3883,1.78E+08
3884,1.21E+08
3885,2.25E+08
3886,3.06E+08
3887,9.79E+07
3888,2.45E+08
3889,2.18E+08
3890,4.24E+06
3891,1.39E+08
3892,2.33E+08
3893,2.46E+08
3894,2.46E+08
3895,1.61E+08
3896,2.03E+08
3897,2.47E+08
3898,2.66E+08
3899,2.46E+08
3900,1.16E+08
3901,1.95E+08
3902,2.58E+08
3903,2.09E+08
3904,2.35E+08
3905,2.60E+08
3906,2.73E+08
3907,2.36E+08
3908,2.42E+08
3909,1.95E+08
3910,2.49E+08
3911,9.94E+07
3912,3.69E+08
3913,2.39E+08
3914,2.40E+08
3915,2.53E+08
3916,2.38E+08
3917,2.28E+08
3918,2.51E+08
3919,2.71E+08
3920,2.39E+08
3921,1.69E+08
3922,1.65E+08
3923,2.41E+08
3924,2.60E+08
3925,1.88E+08
3926,2.31E+08
3927,1.60E+08
3928,2.87E+08
3929,2.34E+08
3930,1.61E+08
3931,2.31E+08
3932,2.36E+08
3933,1.26E+08
3934,2.52E+08
3935,2.43E+08
3936,2.37E+08
3937,1.63E+08
3938,2.36E+08
3939,1.61E+08
3940,2.47E+08
3941,2.07E+08
3942,2.60E+08
3943,2.01E+08
3944,2.43E+08
3945,2.32E+08
3946,1.01E+08
3947,2.46E+08
3948,2.21E+08
3949,2.33E+08
3950,1.64E+08
3951,1.73E+08
3952,6.25E+07
3953,1.01E+08
3954,2.46E+08
3955,2.39E+08
3956,8.68E+07
3957,2.63E+08
3958,1.71E+08
3959,4.95E+07
3960,2.44E+08
3961,1.70E+08
3962,2.09E+08
3963,1.66E+08
3964,2.43E+08
3965,1.75E+08
3966,2.42E+08
3967,2.88E+08
3968,1.80E+08
3969,2.25E+08
3970,2.57E+08
3971,1.67E+08
3972,1.86E+08
3973,2.11E+08
3974,2.05E+08
3975,2.28E+08
3976,2.07E+08
3977,1.92E+08
3978,2.43E+08
3979,1.18E+08
3980,6.95E+07
3981,2.76E+08
3982,3.22E+08
3983,1.52E+08
3984,2.14E+08
3985,1.69E+08
3986,2.58E+08
3987,2.62E+08
3988,3.01E+08
3989,2.49E+08
3990,2.12E+08
3991,2.44E+08
3992,2.42E+08
3993,9.76E+07
3994,2.67E+08
3995,2.27E+08
3996,2.27E+08
3997,2.13E+08
3998,2.10E+08
3999,1.92E+08
4000,2.48E+08
4001,2.18E+08
4002,2.12E+08
4003,1.53E+08
4004,2.20E+08
4005,2.13E+08
4006,2.37E+08
4007,2.21E+08
4008,6.17E+07
4009,2.45E+08
4010,2.06E+08
4011,2.24E+08
4012,1.24E+08
4013,1.05E+08
4014,1.47E+08
4015,2.28E+08
4016,2.37E+08
4017,2.53E+08
4018,1.74E+08
4019,1.72E+08
4020,1.70E+08
4021,2.33E+08
4022,2.45E+08
4023,2.62E+08
4024,8.61E+07
4025,2.17E+08
4026,2.03E+08
4027,2.25E+08
4028,2.29E+08
4029,2.32E+08
4030,2.50E+08
4031,2.48E+08
4032,1.88E+08
4033,2.16E+08
4034,2.12E+08
4035,2.13E+08
4036,1.38E+08
4037,1.75E+08
4038,2.29E+08
4039,1.38E+08
4040,2.33E+08
4041,1.08E+08
4042,2.12E+08
4043,1.84E+08
4044,1.33E+08
4045,1.38E+08
4046,2.59E+08
4047,1.18E+08
4048,2.36E+08
4049,2.31E+08
4050,1.16E+08
4051,2.36E+08
4052,2.01E+08
4053,2.58E+08
4054,2.33E+08
4055,2.19E+08
4056,2.78E+08
4057,2.47E+08
4058,2.00E+08
4059,1.43E+08
4060,2.35E+08
4061,1.98E+08
4062,2.49E+08
4063,9.71E+07
4064,1.03E+08
4065,2.29E+08
4066,1.96E+08
4067,2.50E+08
4068,2.33E+08
4069,1.51E+08
4070,2.38E+08
4071,2.34E+08
4072,2.56E+08
4073,2.58E+08
4074,2.73E+08
4075,2.33E+08
4076,8.20E+07
4077,1.43E+08
4078,1.84E+08
4079,2.16E+08
4080,1.29E+08
4081,2.30E+08
4082,3.33E+08
4083,2.14E+08
4084,1.98E+08
4085,1.95E+08
4086,9.79E+07
4087,2.54E+08
4088,2.35E+08
4089,2.42E+08
4090,2.61E+08
4091,8.69E+07
4092,2.05E+08
4093,1.81E+08
4094,2.61E+08
4095,2.73E+08
4096,7.22E+07
4097,2.96E+08
4098,2.59E+08
4099,2.55E+08
4100,2.56E+08
4101,2.07E+08
4102,1.77E+08
4103,2.29E+08
4104,1.36E+08
4105,2.16E+08
4106,2.34E+08
4107,4.19E+07
4108,2.70E+08
4109,2.63E+08
4110,2.54E+08
4111,2.23E+08
4112,2.07E+08
4113,2.34E+08
4114,2.42E+08
4115,1.59E+08
4116,1.04E+08
4117,1.13E+08
4118,2.27E+08
4119,1.93E+08
4120,1.86E+08
4121,2.16E+08
4122,1.52E+08
4123,6.39E+07
4124,1.47E+08
4125,2.15E+08
4126,2.10E+08
4127,1.40E+08
4128,2.06E+08
4129,2.23E+08
4130,2.06E+08
4131,2.01E+08
4132,1.64E+08
4133,2.45E+08
4134,2.37E+08
4135,2.48E+08
4136,2.13E+08
4137,2.78E+08
4138,2.58E+08
4139,1.98E+08
4140,2.60E+08
4141,1.26E+08
4142,1.59E+08
4143,2.46E+08
4144,1.92E+08
4145,1.38E+08
4146,2.14E+08
4147,2.24E+08
4148,1.96E+08
4149,2.35E+08
4150,1.94E+08
4151,2.77E+08
4152,1.55E+08
4153,2.41E+08
4154,1.70E+08
4155,1.80E+08
4156,2.15E+08
4157,1.85E+08
4158,1.58E+08
4159,2.17E+08
4160,2.47E+08
4161,2.19E+08
4162,1.58E+08
4163,1.72E+08
4164,2.31E+08
4165,2.49E+08
4166,3.21E+08
4167,7.86E+07
4168,2.44E+08
4169,2.97E+08
4170,2.43E+08
4171,6.01E+07
4172,1.97E+08
4173,2.36E+08
4174,2.37E+08
4175,1.97E+08
4176,2.51E+08
4177,1.41E+08
4178,1.70E+08
4179,2.50E+08
4180,2.18E+08
4181,2.43E+08
4182,2.21E+08
4183,7.88E+06
4184,2.24E+08
4185,2.24E+08
4186,3.00E+08
4187,2.24E+08
4188,3.01E+08
4189,2.45E+08
4190,2.37E+08
4191,2.76E+08
4192,2.61E+08
4193,2.67E+08
4194,2.33E+08
4195,2.46E+08
4196,1.37E+08
4197,2.85E+08
4198,1.74E+08
4199,2.06E+08
4200,2.22E+08
4201,2.38E+08
4202,2.69E+08
4203,1.45E+08
4204,2.15E+08
4205,2.46E+08
4206,2.19E+08
4207,2.37E+08
4208,2.24E+08
4209,1.93E+08
4210,2.37E+08
4211,2.10E+08
4212,7.62E+07
4213,2.28E+08
4214,2.26E+08
4215,1.92E+08
4216,2.46E+08
4217,2.05E+08
4218,2.55E+08
4219,2.20E+08
4220,2.41E+08
4221,1.68E+08
4222,9.79E+07
4223,2.40E+08
4224,2.76E+08
4225,2.48E+08
4226,8.40E+07
4227,2.45E+08
4228,2.28E+08
4229,8.43E+07
4230,2.23E+08
4231,1.87E+08
4232,2.53E+08
4233,2.71E+08
4234,2.30E+08
4235,2.36E+08
4236,2.08E+08
4237,1.77E+08
4238,1.94E+08
4239,2.28E+08
4240,2.07E+08
4241,7.60E+07
4242,2.15E+08
4243,1.19E+08
4244,2.52E+08
4245,2.15E+08
4246,2.07E+08
4247,2.78E+08
4248,2.23E+08
4249,2.08E+08
4250,2.13E+08
4251,2.34E+08
4252,2.56E+08
4253,2.91E+08
4254,2.15E+08
4255,1.40E+08
4256,1.76E+08
4257,1.82E+08
4258,2.15E+08
4259,2.36E+08
4260,7.19E+07
4261,2.93E+06
4262,2.44E+08
4263,1.87E+06
4264,2.13E+08
4265,1.30E+08
4266,2.52E+08
4267,2.74E+08
4268,2.83E+08
4269,6.44E+07
4270,8.29E+05
4271,1.95E+08
4272,2.38E+08
4273,2.00E+08
4274,1.55E+08
4275,2.51E+08
4276,3.39E+08
4277,2.45E+08
4278,2.13E+08
4279,8.99E+07
4280,2.46E+08
4281,2.29E+08
4282,2.62E+08
4283,2.44E+08
4284,2.76E+08
4285,2.53E+08
4286,2.30E+08
4287,2.48E+08
4288,1.30E+08
4289,2.57E+08
4290,2.81E+08
4291,2.81E+08
4292,1.52E+08
4293,2.55E+08
4294,2.51E+08
4295,2.70E+08
4296,2.47E+08
4297,2.01E+08
4298,1.82E+08
4299,2.33E+08
4300,2.69E+08
4301,2.54E+08
4302,8.75E+07
4303,2.24E+08
4304,2.62E+08
4305,2.85E+08
4306,2.21E+08
4307,2.21E+08
4308,3.22E+07
4309,8.06E+06
4310,4.87E+07
4311,4.85E+07
4312,3.81E+07
4313,2.51E+07
4314,3.11E+07
4315,6.23E+06
4316,4.75E+07
4317,4.66E+07
4318,3.70E+07
4319,2.21E+07
4320,2.35E+07
4321,2.15E+07
4322,1.03E+07
4323,8.03E+06
4324,2.22E+07
4325,2.61E+07
4326,2.28E+07
4327,3.47E+06
4328,1.20E+07
4329,1.03E+07
4330,3.04E+07
4331,1.26E+07
4332,7.55E+06
4333,2.63E+07
4334,2.60E+07
4335,1.39E+07
4336,1.32E+07
4337,3.15E+07
4338,8.41E+06
4339,2.13E+06
4340,3.18E+07
4341,3.22E+07
4342,1.90E+07
4343,1.81E+07
4344,1.78E+07
4345,2.39E+07
4346,8.20E+06
4347,8.78E+06
4348,2.73E+07
4349,2.81E+07
4350,1.44E+07
4351,1.48E+07
4352,1.12E+07
4353,1.17E+07
4354,5.64E+06
4355,2.31E+07
4356,2.24E+07
4357,2.66E+07
4358,1.12E+07
4359,1.06E+07
4360,2.58E+07
4361,1.95E+07
4362,4.56E+07
4363,8.07E+06
4364,4.56E+07
4365,3.61E+07
4366,3.23E+07
4367,1.91E+07
4368,2.94E+07
4369,2.10E+07
4370,4.50E+07
4371,4.68E+07
4372,3.56E+07
4373,2.14E+07
4374,1.97E+07
4375,1.93E+07
4376,1.90E+07
4377,1.90E+07
4378,7.57E+06
4379,2.85E+07
4380,2.57E+07
4381,2.49E+07
4382,1.16E+07
4383,1.25E+07
4384,2.81E+07
4385,2.98E+07
4386,3.00E+07
4387,1.55E+07
4388,1.64E+07
4389,1.66E+07
4390,2.08E+07
4391,2.44E+07
4392,2.53E+07
4393,1.20E+07
4394,1.26E+07
4395,2.14E+07
4396,2.05E+07
4397,2.51E+07
4398,9.88E+06
4399,9.33E+06
4400,2.40E+08
4401,1.05E+08
4402,2.87E+08
4403,1.35E+08
4404,2.55E+08
4405,2.88E+08
4406,1.77E+08
4407,2.04E+08
4408,2.52E+08
4409,8.28E+07
4410,2.94E+08
4411,1.74E+08
4412,2.81E+08
4413,2.46E+08
4414,2.95E+08
4415,1.45E+08
4416,1.73E+08
4417,1.94E+08
4418,1.16E+08
4419,7.40E+07
4420,9.78E+07
4421,2.36E+08
4422,2.13E+08
4423,1.23E+08
4424,1.45E+08
4425,1.98E+08
4426,2.84E+07
4427,1.98E+08
4428,2.04E+08
4429,1.01E+08
4430,1.06E+08
4431,1.09E+08
4432,1.89E+08
4433,8.97E+07
4434,3.17E+07
4435,1.84E+08
4436,1.88E+08
4437,1.13E+08
4438,1.28E+08
4439,1.87E+08
4440,7.23E+07
4441,2.12E+07
4442,1.00E+08
4443,1.72E+08
4444,2.02E+08
4445,1.99E+08
4446,1.16E+08
4447,1.21E+08
4448,1.07E+08
4449,8.65E+07
4450,2.27E+08
4451,2.18E+08
4452,1.25E+08
4453,1.38E+08
4454,2.41E+08
4455,2.78E+08
4456,2.36E+08
4457,2.69E+08
4458,1.65E+08
4459,1.36E+08
4460,2.34E+08
4461,2.93E+08
4462,1.96E+08
4463,2.72E+08
4464,2.45E+08
4465,2.93E+08
4466,1.63E+08
4467,1.34E+08
4468,1.96E+08
4469,2.25E+08
4470,2.08E+08
4471,1.40E+08
4472,1.44E+08
4473,1.63E+08
4474,1.79E+08
4475,2.01E+08
4476,1.07E+08
4477,1.18E+08
4478,1.72E+08
4479,1.43E+08
4480,1.46E+08
4481,8.99E+07
4482,7.29E+07
4483,1.80E+08
4484,1.69E+08
4485,1.82E+08
4486,2.07E+08
4487,8.52E+07
4488,8.81E+07
4489,5.83E+07
4490,2.11E+08
4491,1.85E+08
4492,1.24E+08
4493,1.09E+08
4494,3.31E+05
4495,1.34E+05
4496,3.55E+05
4497,1.56E+05
4498,2.62E+05
4499,2.45E+05
4500,2.32E+05
4501,1.94E+05
4502,8.71E+07
4503,5.51E+07
4504,8.69E+07
4505,1.07E+08
4506,1.07E+08
4507,9.13E+07
4508,9.46E+07
4509,9.69E+07
4510,9.06E+07
4511,8.68E+07
4512,1.83E+06
4513,3.16E+05
4514,5.36E+05
4515,1.85E+06
4516,4.78E+05
4517,1.25E+06
4518,8.45E+05
4519,4.00E+05
4520,7.65E+06
4521,2.54E+06
4522,6.76E+06
4523,4.56E+06
4524,2.59E+06
4525,2.12E+06
4526,3.43E+06
4527,2.23E+07
4528,9.46E+06
4529,1.59E+07
4530,1.40E+07
4531,9.26E+06
4532,1.09E+07
4533,7.77E+06
4534,5.31E+07
4535,2.18E+07
4536,3.12E+07
4537,4.08E+07
4538,3.32E+07
4539,2.40E+07
4540,2.53E+07
4541,1.99E+07
4542,3.78E+07
4543,4.07E+07
4544,4.95E+07
4545,7.77E+07
4546,6.01E+07
4547,5.61E+07
4548,7.60E+07
4549,4.98E+07
4550,4.89E+05
4551,3.30E+05
4552,5.48E+05
4553,2.04E+05
4554,2.58E+05
4555,3.39E+05
4556,2.32E+05
4557,2.31E+05
4558,2.10E+07
4559,1.02E+07
4560,2.21E+07
4561,2.32E+07
4562,3.67E+07
4563,3.05E+07
4564,1.89E+07
4565,1.98E+07
4566,1.81E+07
4567,2.16E+06
4568,9.03E+05
4569,6.34E+05
4570,9.62E+05
4571,5.32E+05
4572,7.91E+06
4573,2.43E+06
4574,4.55E+06
4575,3.03E+06
4576,2.38E+06
4577,3.70E+06
4578,1.91E+07
4579,9.46E+06
4580,1.08E+07
4581,1.14E+07
4582,8.39E+06
4583,2.94E+07
4584,2.89E+07
4585,2.16E+07
4586,2.78E+07
4587,1.81E+07
4588,2.32E+07
4589,1.90E+07
4590,1.52E+07
4591,3.24E+07
4592,3.66E+07
4593,2.81E+07
4594,3.83E+07
4595,3.57E+07
4596,3.19E+07
4597,4.09E+07
4598,1.76E+07
4599,5.41E+07
4600,2.83E+07
4601,3.19E+07
4602,4.69E+07
4603,2.72E+07
4604,4.25E+07
4605,6.3501
4606,2.4675
4607,6.3836
4608,4.068
4609,3.9112
4610,4.56
4611,588.77
4612,274.82
4613,272.46
4614,597.44
4615,266.72
4616,757.17
4617,660.27
4618,477.82
4619,456.97
4620,25.71
4621,4.6403
4622,8.0068
4623,27.359
4624,8.7612
4625,6.6228
4626,17.423
4627,6.9007
4628,5.8671
4629,11.506
4630,6.7765
4631,87.03
4632,33.092
4633,48.452
4634,34.481
4635,45.588
4636,232.3
4637,70.166
4638,106.77
4639,94.162
4640,155
4641,117.92
4642,89.345
4643,437.25
4644,177.79
4645,219.95
4646,198.67
4647,256.61
4648,333.87
4649,295.68
4650,210.33
4651,251.82
4652,719.66
4653,431.64
4654,543.85
4655,378.67
4656,441.51
4657,6.3757
4658,4.6715
4659,6.3756
4660,2.0142
4661,3.1059
4662,3.1714
4663,3.5578
4664,208.45
4665,203.71
4666,373.57
4667,216.15
4668,257.49
4669,160.92
4670,145.48
4671,30.804
4672,9.077
4673,17.153
4674,7.4824
4675,11.836
4676,101.88
4677,27.852
4678,53.043
4679,39.636
4680,32.556
4681,49.701
4682,196.98
4683,111.36
4684,145.55
4685,131.29
4686,105.65
4687,260.61
4688,178.45
4689,255.7
4690,234.15
4691,173.8
4692,332.02
4693,249.06
4694,212.33
4695,254.96
4696,4.61E+07
4697,2.65E+07
4698,3.43E+07
4699,5.12E+07
4700,5.65E+07
4701,3.19E+07
4702,3.34E+07
4703,3.24E+07
4704,2.95E+07
4705,4.56E+07
4706,4.70E+07
4707,2.43E+07
4708,2.15E+07
4709,3.49E+07
4710,2.11E+07
4711,4.50E+06
4712,2.06E+07
4713,4.04E+07
4714,4.45E+07
4715,1.84E+07
4716,1.85E+07
4717,4.87E+07
4718,2.98E+07
4719,3.02E+07
4720,4.41E+07
4721,5.06E+07
4722,5.04E+07
4723,2.39E+07
4724,2.72E+07
4725,2.84E+07
4726,5.23E+07
4727,5.74E+07
4728,3.16E+07
4729,3.16E+07
4730,2.76E+08
4731,1.93E+08
4732,2.25E+08
4733,3.15E+08
4734,3.13E+08
4735,2.54E+08
4736,9.07E+07
4737,1.84E+08
4738,1.87E+08
4739,2.66E+08
4740,2.60E+08
4741,2.67E+08
4742,2.57E+08
4743,1.57E+08
4744,1.26E+08
4745,2.53E+08
4746,2.63E+08
4747,2.08E+08
4748,2.18E+08
4749,3.04E+08
4750,3.01E+08
4751,2.80E+08
4752,2.78E+08
4753,2.67E+08
4754,9.94E+07
4755,1.93E+08
4756,2.66E+08
4757,2.66E+08
4758,2.57E+08
4759,2.72E+08
4760,1.60E+08
4761,2.56E+08
4762,1.67E+08
4763,1.66E+08
4764,1.21E+08
4765,2.97E+08
4766,2.79E+08
4767,3.05E+08
4768,2.11E+08
4769,1.91E+08
4770,3.20E+08
4771,3.26E+08
4772,3.24E+08
4773,3.15E+08
4774,3.24E+08
4775,3.35E+08
4776,3.07E+08
4777,3.14E+08
4778,3.38E+08
4779,3.26E+08
4780,3.26E+08
4781,3.24E+08
4782,3.33E+08
4783,3.27E+08
4784,3.15E+08
4785,3.07E+08
4786,2.87E+08
4787,2.94E+08
4788,2.90E+08
4789,3.11E+08
4790,3.09E+08
4791,3.01E+08
4792,3.04E+08
4793,2.86E+08
4794,2.94E+08
4795,3.09E+08
4796,3.00E+08
4797,2.83E+08
4798,2.74E+08
4799,2.84E+08
4800,2.80E+08
4801,2.94E+08
4802,2.88E+08
4803,2.94E+08
4804,3.25E+08
4805,3.22E+08
4806,3.12E+08
4807,3.16E+08
4808,3.08E+08
4809,3.11E+08
4810,3.14E+08
4811,3.06E+08
4812,2.85E+08
4813,3.05E+08
4814,3.01E+08
4815,2.90E+08
4816,2.96E+08
4817,2.82E+08
4818,2.74E+08
4819,2.85E+08
4820,2.97E+08
4821,2.87E+08
4822,2.91E+08
4823,2.83E+08
4824,3.19E+08
4825,3.05E+08
4826,2.93E+08
4827,3.01E+08
4828,2.92E+08
4829,2.99E+08
4830,3.26E+08
4831,3.03E+08
4832,3.26E+08
4833,3.08E+08
4834,3.12E+08
4835,2.74E+08
4836,2.55E+08
4837,2.31E+08
4838,2.42E+08
4839,2.71E+08
4840,2.19E+08
4841,2.47E+08
4842,2.35E+08
4843,2.48E+08
4844,3.05E+08
4845,2.84E+08
4846,3.11E+08
4847,3.22E+08
4848,3.16E+08
4849,3.05E+08
4850,2.75E+08
4851,2.92E+08
4852,3.06E+08
4853,2.62E+08
4854,2.82E+08
4855,2.95E+08
4856,2.67E+08
4857,2.79E+08
4858,2.41E+08
4859,2.29E+08
4860,2.57E+08
4861,2.74E+08
4862,2.26E+08
4863,2.41E+08
4864,2.45E+08
4865,2.55E+08
4866,2.25E+08
4867,2.57E+08
4868,2.63E+08
4869,2.42E+08
4870,2.42E+08
4871,2.76E+08
4872,2.78E+08
4873,2.27E+08
4874,2.48E+08
4875,2.51E+08
4876,2.46E+08
4877,2.66E+08
4878,2.45E+08
4879,2.42E+08
4880,2.74E+08
4881,2.81E+08
4882,2.33E+08
4883,2.47E+08
4884,2.32E+08
4885,2.50E+08
4886,2.59E+08
4887,2.50E+08
4888,2.47E+08
4889,2.67E+08
4890,2.49E+08
4891,2.46E+08
4892,2.74E+08
4893,2.71E+08
4894,2.37E+08
4895,2.47E+08
4896,2.48E+08
4897,2.45E+08
4898,2.50E+08
4899,2.69E+08
4900,2.49E+08
4901,2.45E+08
4902,2.50E+08
4903,2.71E+08
4904,2.71E+08
4905,2.30E+08
4906,2.47E+08
4907,2.48E+08
4908,2.46E+08
4909,2.57E+08
4910,1.39E+08
4911,2.69E+08
4912,2.51E+08
4913,2.51E+08
4914,2.72E+08
4915,2.71E+08
4916,1.57E+08
4917,2.48E+08
4918,2.48E+08
4919,2.52E+08
4920,2.51E+08
4921,2.58E+08
4922,2.67E+08
4923,2.48E+08
4924,2.50E+08
4925,2.73E+08
4926,2.70E+08
4927,1.72E+08
4928,2.33E+08
4929,2.22E+08
4930,2.51E+08
4931,9.34E+07
4932,2.49E+08
4933,2.66E+08
4934,2.50E+08
4935,2.48E+08
4936,2.72E+08
4937,2.74E+08
4938,2.21E+08
4939,2.39E+08
4940,2.54E+08
4941,2.49E+08
4942,2.46E+08
4943,2.39E+08
4944,2.52E+08
4945,2.52E+08
4946,2.76E+08
4947,2.31E+08
4948,2.55E+08
4949,2.46E+08
4950,2.55E+08
4951,4.76E+06
4952,3.90E+06
4953,1.37E+06
4954,1.56E+07
4955,6.34E+06
4956,3.61E+06
4957,3.48E+06
4958,8.85E+06
4959,9.65E+06
4960,1.27E+07
4961,4.90E+06
4962,3.05E+07
4963,8.66E+06
4964,1.34E+07
4965,3.00E+07
4966,2.08E+07
4967,8.27E+06
4968,4.67E+07
4969,1.33E+07
4970,3.67E+07
4971,4.72E+07
4972,6.66E+06
4973,6.84E+07
4974,1.87E+07
4975,2.35E+07
4976,5.60E+07
4977,1.02E+08
4978,2.42E+07
4979,2.30E+07
4980,8.80E+07
4981,6.91E+07
4982,1.73E+07
4983,1.07E+07
4984,1.50E+08
4985,3.00E+07
4986,2.45E+07
4987,4.11E+07
4988,1.38E+08
4989,1.09E+08
4990,2.51E+07
4991,1.42E+07
4992,1.64E+08
4993,4.07E+07
4994,6.78E+07
4995,1.64E+08
4996,1.94E+08
4997,2.11E+07
4998,2.31E+07
4999,1.65E+08
5000,7.96E+07
5001,6.60E+07
5002,1.65E+08
5003,1.81E+08
5004,3.10E+07
5005,3.90E+07
5006,2.01E+08
5007,6.61E+07
5008,6.09E+07
5009,1.77E+08
5010,1.58E+08
5011,2.77E+07
5012,5.07E+07
5013,2.40E+08
5014,5.83E+07
5015,4.46E+07
5016,1.85E+08
5017,2.34E+08
5018,2.24E+07
5019,2.73E+08
5020,2.39E+07
5021,1.82E+07
5022,2.68E+08
5023,2.52E+08
5024,2.54E+08
5025,1.61E+07
5026,2.84E+07
5027,1.61E+08
5028,2.91E+08
5029,1.59E+07
5030,1.23E+07
5031,2.91E+08
5032,2.84E+08
5033,1.55E+08
5034,1.78E+08
5035,2.92E+08
5036,2.88E+08
5037,1.59E+08
5038,2.43E+08
5039,1.22E+08
5040,1.80E+08
5041,2.65E+08
5042,4.72E+06
5043,5.08E+06
5044,1.73E+06
5045,6.32E+06
5046,1.15E+07
5047,2.23E+06
5048,7.81E+05
5049,2.51E+06
5050,9.00E+06
5051,1.93E+07
5052,1.50E+06
5053,3.13E+06
5054,1.86E+07
5055,1.27E+07
5056,1.64E+07
5057,2.11E+06
5058,2.45E+07
5059,1.13E+06
5060,1.24E+06
5061,2.55E+07
5062,2.24E+07
5063,1.26E+07
5064,1.18E+07
5065,2.34E+07
5066,3.21E+05
5067,2.00E+06
5068,2.68E+07
5069,2.57E+07
5070,1.30E+07
5071,1.79E+07
5072,6.12E+05
5073,3.55E+06
5074,2.07E+07
5075,2.34E+07
5076,1.29E+07
5077,1.04E+07
5078,4.43E+05
5079,3.54E+06
5080,1.36E+07
5081,1.75E+07
5082,9.61E+06
5083,7.82E+06
5084,2.08E+06
5085,2.77E+06
5086,1.01E+06
5087,9.62E+06
5088,3.68E+06
5089,2.77E+08
5090,2.66E+08
5091,2.27E+08
5092,2.40E+08
5093,2.55E+08
5094,2.27E+08
5095,1.95E+08
5096,2.49E+08
5097,2.50E+08
5098,2.89E+08
5099,2.79E+08
5100,2.87E+08
5101,1.97E+08
5102,2.47E+08
5103,2.56E+08
5104,2.67E+08
5105,1.35E+07
5106,2.23E+07
5107,2.84E+08
5108,2.77E+08
5109,1.92E+08
5110,1.04E+08
5111,1.21E+08
5112,2.43E+08
5113,1.52E+07
5114,3.65E+07
5115,2.44E+08
5116,2.58E+08
5117,2.51E+08
5118,1.63E+07
5119,1.67E+07
5120,1.03E+08
5121,2.21E+08
5122,5.08E+07
5123,6.84E+07
5124,2.38E+08
5125,2.20E+08
5126,2.08E+08
5127,7.02E+07
5128,5.91E+07
5129,1.95E+08
5130,2.00E+08
5131,1.91E+08
5132,5.92E+07
5133,6.58E+07
5134,2.02E+08
5135,1.95E+08
5136,1.08E+08
5137,1.47E+08
5138,4.87E+07
5139,4.24E+07
5140,1.86E+08
5141,1.88E+08
5142,1.60E+08
5143,2.42E+07
5144,9.14E+07
5145,1.04E+08
5146,3.97E+07
5147,3.27E+07
5148,1.33E+08
5149,1.15E+08
5150,7.45E+07
5151,2.73E+07
5152,2.25E+07
5153,8.28E+07
5154,9.87E+07
5155,1.33E+07
5156,5.07E+07
5157,1.98E+07
5158,1.74E+07
5159,5.82E+07
5160,6.97E+07
5161,9.98E+06
5162,3.07E+07
5163,1.52E+07
5164,1.32E+07
5165,4.74E+07
5166,3.69E+07
5167,8.28E+06
5168,1.47E+07
5169,1.08E+07
5170,8.66E+06
5171,2.76E+07
5172,1.96E+07
5173,6.44E+06
5174,3.26E+06
5175,5.09E+06
5176,8.65E+06
5177,1.28E+07
5178,2.57E+08
5179,2.74E+08
5180,2.31E+08
5181,2.40E+08
5182,2.74E+08
5183,2.18E+08
5184,2.46E+08
5185,2.38E+08
5186,2.57E+08
5187,2.68E+08
5188,2.52E+08
5189,2.52E+08
5190,2.76E+08
5191,2.26E+08
5192,2.44E+08
5193,2.53E+08
5194,2.32E+08
5195,2.38E+08
5196,2.43E+08
5197,2.46E+08
5198,2.50E+08
5199,2.68E+08
5200,2.51E+08
5201,2.51E+08
5202,2.71E+08
5203,2.75E+08
5204,2.32E+08
5205,2.54E+08
5206,2.48E+08
5207,2.26E+08
5208,2.41E+08
5209,2.49E+08
5210,2.70E+08
5211,2.53E+08
5212,2.51E+08
5213,2.72E+08
5214,2.75E+08
5215,2.43E+08
5216,2.48E+08
5217,2.26E+08
5218,2.51E+08
5219,2.57E+08
5220,2.71E+08
5221,2.54E+08
5222,2.44E+08
5223,2.52E+08
5224,2.77E+08
5225,2.76E+08
5226,2.54E+08
5227,2.55E+08
5228,2.53E+08
5229,2.59E+08
5230,2.68E+08
5231,2.52E+08
5232,2.50E+08
5233,2.74E+08
5234,2.75E+08
5235,2.50E+08
5236,2.54E+08
5237,2.57E+08
5238,2.53E+08
5239,2.65E+08
5240,2.44E+08
5241,2.48E+08
5242,2.75E+08
5243,2.72E+08
5244,2.40E+08
5245,2.49E+08
5246,2.46E+08
5247,2.49E+08
5248,2.10E+08
5249,2.50E+08
5250,2.45E+08
5251,2.62E+08
5252,2.40E+08
5253,2.43E+08
5254,2.72E+08
5255,2.77E+08
5256,2.37E+08
5257,2.14E+08
5258,2.44E+08
5259,2.30E+08
5260,2.44E+08
5261,2.47E+08
5262,2.41E+08
5263,2.42E+08
5264,2.40E+08
5265,2.78E+08
5266,2.76E+08
5267,2.37E+08
5268,2.36E+08
5269,2.24E+08
5270,2.44E+08
5271,2.62E+08
5272,2.58E+08
5273,2.42E+08
5274,3.03E+08
5275,3.11E+08
5276,2.85E+08
5277,3.20E+08
5278,3.15E+08
5279,3.01E+08
5280,2.76E+08
5281,2.93E+08
5282,3.04E+08
5283,2.58E+08
5284,2.91E+08
5285,2.73E+08
5286,2.18E+08
5287,2.09E+08
5288,2.05E+08
5289,2.18E+08
5290,1.91E+08
5291,1.80E+08
5292,2.22E+08
5293,1.92E+08
5294,2.07E+08
5295,2.26E+08
5296,2.27E+08
5297,2.33E+08
5298,2.31E+08
5299,2.26E+08
5300,2.09E+08
5301,2.34E+08
5302,2.16E+08
5303,2.21E+08
5304,2.31E+08
5305,2.30E+08
5306,2.19E+08
5307,2.02E+08
5308,2.19E+08
5309,1.17E+08
5310,1.82E+08
5311,2.27E+08
5312,2.23E+08
5313,1.56E+08
5314,1.61E+08
5315,2.12E+08
5316,2.01E+08
5317,1.97E+08
5318,2.13E+08
5319,1.12E+08
5320,1.22E+08
5321,1.57E+08
5322,2.16E+08
5323,1.82E+08
5324,1.20E+08
5325,1.93E+08
5326,1.38E+08
5327,1.94E+08
5328,2.10E+08
5329,2.12E+08
5330,2.15E+08
5331,1.12E+08
5332,1.07E+08
5333,2.17E+08
5334,1.19E+08
5335,7.75E+07
5336,2.12E+08
5337,1.98E+08
5338,1.98E+08
5339,2.24E+08
5340,2.20E+08
5341,1.15E+08
5342,9.41E+07
5343,2.09E+08
5344,4.83E+07
5345,2.27E+08
5346,8.61E+07
5347,1.65E+08
5348,2.20E+08
5349,1.89E+08
5350,2.12E+08
5351,2.12E+08
5352,8.26E+07
5353,8.39E+07
5354,1.90E+08
5355,6.19E+07
5356,9.53E+07
5357,2.81E+07
5358,3.52E+07
5359,1.98E+08
5360,2.12E+08
5361,1.96E+08
5362,2.19E+08
5363,2.19E+08
5364,8.92E+07
5365,9.85E+07
5366,9.63E+07
5367,2.18E+08
5368,1.10E+08
5369,3.80E+07
5370,2.06E+08
5371,1.10E+08
5372,2.09E+08
5373,1.91E+08
5374,2.20E+08
5375,2.18E+08
5376,1.00E+08
5377,7.91E+07
5378,5.85E+07
5379,1.16E+08
5380,2.08E+08
5381,2.08E+08
5382,1.85E+08
5383,2.13E+08
5384,2.13E+08
5385,8.54E+07
5386,9.27E+07
5387,9.49E+07
5388,5.41E+07
5389,5.46E+07
5390,1.86E+08
5391,2.03E+08
5392,6.86E+07
5393,2.15E+08
5394,1.92E+08
5395,2.13E+08
5396,2.11E+08
5397,9.09E+07
5398,9.26E+07
5399,1.10E+08
5400,2.12E+08
5401,8.54E+07
5402,1.85E+08
5403,1.94E+08
5404,7.12E+07
5405,3.03E+07
5406,5.64E+07
5407,2.14E+08
5408,1.02E+08
5409,2.19E+08
5410,2.17E+08
5411,9.34E+07
5412,7.27E+07
5413,1.41E+08
5414,2.09E+08
5415,7.49E+07
5416,2.01E+08
5417,2.23E+08
5418,2.37E+08
5419,2.40E+08
5420,2.19E+08
5421,2.46E+08
5422,2.43E+08
5423,2.39E+08
5424,2.38E+08
5425,2.31E+08
5426,2.41E+08
5427,2.32E+08
5428,2.40E+08
5429,5.36E+07
5430,3.81E+07
5431,4.98E+07
5432,7.34E+07
5433,5.97E+07
5434,8.12E+07
5435,5.29E+07
5436,5.36E+07
5437,7.37E+07
5438,2.25E+07
5439,2.29E+07
5440,3.16E+07
5441,4.04E+07
5442,2.76E+07
5443,2.46E+07
5444,2.14E+07
5445,7.47E+06
5446,1.66E+07
5447,8.99E+06
5448,1.06E+07
5449,7.98E+06
5450,1.70E+07
5451,8.08E+06
5452,1.15E+07
5453,1.86E+06
5454,6.51E+06
5455,2.60E+06
5456,3.53E+06
5457,2.18E+06
5458,4.00E+06
5459,2.49E+06
5460,1.96E+06
5461,5.89E+05
5462,8.78E+05
5463,4.85E+05
5464,4.59E+05
5465,6.52E+05
5466,1.30E+06
5467,439.7
5468,253.68
5469,549.29
5470,624.12
5471,406.39
5472,423.51
5473,225.87
5474,187.95
5475,208.72
5476,170.39
5477,304.33
5478,445.02
5479,239.49
5480,314.03
5481,218.83
5482,255.9
5483,88.153
5484,107.23
5485,68.861
5486,145.64
5487,114.4
5488,88.868
5489,130.25
5490,25.704
5491,32.274
5492,45.105
5493,34.064
5494,68.51
5495,45.51
5496,28.312
5497,27.116
5498,7.56
5499,6.7184
5500,10.439
5501,16.605
5502,13.112
5503,7.1386
5504,6.32E+07
5505,1.38E+08
5506,1.40E+08
5507,1.47E+08
5508,9.16E+07
5509,1.06E+08
5510,1.39E+08
5511,1.29E+08
5512,1.20E+08
5513,9.99E+07
5514,5.78E+07
5515,4.37E+07
5516,1.04E+08
5517,1.38E+08
5518,1.38E+08
5519,1.22E+08
5520,1.74E+08
5521,1.66E+08
5522,1.79E+08
5523,1.45E+08
5524,1.29E+08
5525,6.37E+07
5526,1.33E+08
5527,1.38E+08
5528,1.01E+08
5529,8.91E+07
5530,1.25E+08
5531,1.82E+08
5532,1.67E+08
5533,1.70E+08
5534,1.77E+08
5535,1.53E+08
5536,1.39E+08
5537,1.60E+08
5538,1.59E+08
5539,2.01E+08
5540,1.83E+08
5541,1.82E+08
5542,1.79E+08
5543,1.67E+08
5544,1.66E+08
5545,1.66E+08
5546,1.72E+08
5547,2.01E+08
5548,1.88E+08
5549,1.88E+08
5550,1.78E+08
5551,1.84E+08
5552,1.78E+08
5553,1.68E+08
5554,1.74E+08
5555,1.71E+08
5556,1.88E+08
5557,1.80E+08
5558,1.83E+08
5559,1.72E+08
5560,1.69E+08
5561,1.69E+08
5562,1.70E+08
5563,1.61E+08
5564,1.67E+08
5565,1.73E+08
5566,1.72E+08
5567,1.62E+08
5568,1.56E+08
5569,1.67E+08
5570,1.63E+08
5571,1.62E+08
5572,1.58E+08
5573,1.27E+08
5574,1.40E+08
5575,1.48E+08
5576,1.52E+08
5577,2.03E+08
5578,2.12E+08
5579,2.17E+08
5580,2.19E+08
5581,1.84E+08
5582,1.78E+08
5583,1.89E+08
5584,2.20E+08
5585,2.09E+08
5586,1.18E+08
5587,1.01E+08
5588,6.38E+07
5589,4.86E+07
5590,9.80E+07
5591,1.08E+08
5592,1.98E+08
5593,1.33E+08
5594,1.31E+08
5595,1.25E+08
5596,1.71E+08
5597,1.77E+08
5598,1.46E+08
5599,2.06E+08
5600,1.42E+08
5601,1.72E+08
5602,2.20E+08
5603,2.21E+08
5604,1.38E+08
5605,2.14E+08
5606,1.39E+08
5607,1.97E+08
5608,1.31E+08
5609,2.21E+08
5610,2.24E+08
5611,9.80E+07
5612,9.38E+07
5613,2.18E+08
5614,1.15E+08
5615,2.00E+08
5616,7.84E+07
5617,1.86E+08
5618,2.11E+08
5619,2.11E+08
5620,8.88E+07
5621,8.50E+07
5622,1.80E+08
5623,1.87E+08
5624,2.09E+08
5625,8.69E+07
5626,8.65E+07
5627,3.83E+07
5628,4.14E+07
5629,1.91E+08
5630,2.16E+08
5631,2.15E+08
5632,1.03E+08
5633,8.74E+07
5634,2.06E+08
5635,1.89E+08
5636,1.84E+08
5637,9.77E+07
5638,3.82E+07
5639,1.82E+08
5640,2.25E+08
5641,2.19E+08
5642,1.05E+08
5643,1.90E+08
5644,9.81E+07
5645,1.04E+08
5646,2.06E+08
5647,7.03E+07
5648,1.95E+08
5649,2.16E+08
5650,2.12E+08
5651,7.63E+07
5652,9.63E+07
5653,6.93E+07
5654,1.50E+08
5655,9.33E+07
5656,2.00E+08
5657,6.58E+07
5658,6.57E+07
5659,4.85E+07
5660,2.12E+08
5661,2.29E+08
5662,2.28E+08
5663,9.11E+07
5664,1.06E+08
5665,1.71E+08
5666,8.40E+07
5667,1.94E+08
5668,5.36E+07
5669,2.06E+08
5670,2.19E+08
5671,2.17E+08
5672,9.13E+07
5673,9.71E+07
5674,1.10E+08
5675,7.49E+07
5676,2.17E+08
5677,7.34E+07
5678,1.98E+08
5679,4.80E+07
5680,1.86E+08
5681,2.08E+08
5682,2.12E+08
5683,2.10E+08
5684,1.08E+08
5685,8.94E+07
5686,1.13E+08
5687,6.64E+07
5688,2.01E+08
5689,2.14E+08
5690,2.10E+08
5691,2.12E+08
5692,2.12E+08
5693,1.11E+08
5694,1.29E+08
5695,1.79E+08
5696,2.18E+08
5697,1.16E+08
5698,2.10E+08
5699,1.57E+08
5700,9.86E+07
5701,2.07E+08
5702,25.39
5703,13.642
5704,6.0502
5705,18.931
5706,7.14E+07
5707,7.70E+07
5708,9.39E+07
5709,1.44E+08
5710,8.93E+07
5711,1.27E+08
5712,6.77E+07
5713,3.87E+07
5714,3.46E+07
5715,2.67E+07
5716,5.23E+07
5717,5.27E+07
5718,3.52E+07
5719,9.33E+07
5720,3.78E+07
5721,5.89E+07
5722,1.38E+07
5723,1.27E+07
5724,1.12E+07
5725,1.95E+07
5726,3.04E+06
5727,3.61E+06
5728,2.51E+06
5729,3.18E+06
5730,5.44E+06
5731,1.06E+07
5732,2.51E+06
5733,7.71E+05
5734,9.17E+05
5735,6.39E+05
5736,1.37E+06
5737,8.17E+05
5738,6.68E+05
5739,1.93E+05
5740,2.19E+05
5741,1.59E+05
5742,3.63E+05
5743,2.35E+05
5744,43294
5745,48475
5746,35191
5747,65967
5748,1.12E+05
5749,45586
5750,9990.1
5751,12915
5752,8378.4
5753,11128
5754,18814
5755,10092
5756,2179.8
5757,2408.8
5758,1731.3
5759,4599
5760,2438.3
5761,1749.1
5762,537.54
5763,623.86
5764,467.52
5765,609.8
5766,1167.8
5767,476.93
5768,861.83
5769,105.91
5770,132.92
5771,82.601
5772,247.07
5773,132.75
5774,17.02
5775,23.225
5776,30.107
5777,64.079
5778,19.722
5779,12.304
5780,22.081
5781,4.9984
5782,5.1339
5783,17.514
5784,10.386
5785,12.154
5786,4.9767
5787,5.0584
5788,5.1616
5789,17.093
5790,17.806
5791,7.8418
5792,10.22
5793,4.8172
5794,5.0253
5795,14.655
5796,16.603
5797,7.3198
5798,7.3547
5799,6.5096
5800,3.774
5801,3.6354
5802,13.162
5803,8.6247
5804,6.3495
5805,5.6017
5806,6.1433
5807,7.0642
5808,1.9738
5809,1.8869
5810,4.4302
5811,6.2405
5812,4.0628
5813,2.9085
5814,4.0144
5815,4.4681
5816,10.672
5817,4.4122
5818,4.2194
5819,12.666
5820,7.0963
5821,10.767
5822,6.988
5823,7.1412
5824,11.822
5825,5.1643
5826,4.5547
5827,13.79
5828,16.233
5829,7.8245
5830,7.0915
5831,4.5618
5832,16.3
5833,17.181
5834,7.12
5835,7.7009
5836,10.003
5837,89.71
5838,14.681
5839,19.378
5840,27.507
5841,55.986
5842,20.653
5843,380.76
5844,71.244
5845,84.439
5846,211.56
5847,113.39
5848,117.45
5849,1533.9
5850,305.43
5851,362.75
5852,444.22
5853,923.77
5854,323.05
5855,620.01
5856,7002
5857,1184.7
5858,1735.7
5859,1838.2
5860,3065.1
5861,1299.2
5862,29874
5863,5759.8
5864,6858
5865,12370
5866,29040
5867,7608.9
5868,5858.5
5869,10227
5870,1.20E+05
5871,23447
5872,32119
5873,47199
5874,25387
5875,5.63E+05
5876,96438
5877,1.30E+05
5878,1.83E+05
5879,1.19E+05
5880,3.33E+05
5881,96756
5882,2.43E+06
5883,4.54E+05
5884,5.76E+05
5885,1.23E+06
5886,7.02E+05
5887,1.06E+07
5888,1.96E+06
5889,2.42E+06
5890,4.98E+06
5891,2.72E+06
5892,4.78E+06
5893,2.63E+06
5894,3.96E+07
5895,1.00E+07
5896,1.56E+07
5897,1.97E+07
5898,1.14E+07
5899,2.72E+07
5900,1.02E+07
5901,7.22E+07
5902,3.21E+07
5903,4.94E+07
5904,6.46E+07
5905,7.02E+07
5906,5.79E+07
5907,1.15E+08
5908,1.47E+08
5909,6.98E+07
5910,7.66E+07
5911,1.01E+08
5912,1.18E+08
5913,2.89E+08
5914,2.71E+08
5915,2.75E+08
5916,2.58E+08
5917,2.86E+08
5918,2.57E+08
5919,2.70E+08
5920,2.00E+08
5921,2.23E+08
5922,2.28E+08
5923,2.06E+08
5924,2.14E+08
5925,2.21E+08
5926,2.15E+08
5927,2.31E+08
5928,2.24E+08
5929,2.23E+08
5930,2.28E+08
5931,2.14E+08
5932,3.05E+08
5933,2.83E+08
5934,2.64E+08
5935,2.97E+08
5936,3.03E+08
5937,2.89E+08
5938,2.83E+08
5939,2.79E+08
5940,2.79E+08
5941,2.83E+08
5942,3.18E+08
5943,3.14E+08
5944,3.11E+08
5945,2.98E+08
5946,2.94E+08
5947,3.06E+08
5948,2.90E+08
5949,2.95E+08
5950,2.84E+08
5951,2.94E+08
5952,2.89E+08
5953,3.28E+08
5954,3.14E+08
5955,3.18E+08
5956,3.10E+08
5957,3.00E+08
5958,3.03E+08
5959,2.99E+08
5960,3.00E+08
5961,3.31E+08
5962,3.13E+08
5963,3.24E+08
5964,3.09E+08
5965,3.15E+08
5966,3.07E+08
5967,3.00E+08
5968,3.38E+08
5969,3.25E+08
5970,3.19E+08
5971,3.08E+08
5972,3.17E+08
5973,3.02E+08
5974,3.06E+08
5975,3.00E+08
5976,3.11E+08
5977,3.47E+08
5978,3.33E+08
5979,3.29E+08
5980,3.23E+08
5981,3.12E+08
5982,3.22E+08
5983,3.18E+08
5984,3.51E+08
5985,3.29E+08
5986,3.07E+08
5987,3.20E+08
5988,3.23E+08
5989,3.17E+08
5990,3.23E+08
5991,3.12E+08
5992,3.55E+08
5993,3.10E+08
5994,3.64E+08
5995,3.24E+08
5996,3.32E+08
5997,3.21E+08
5998,3.25E+08
5999,3.16E+08
6000,3.55E+08
6001,3.59E+08
6002,3.38E+08
6003,3.34E+08
6004,3.21E+08
6005,3.23E+08
6006,3.52E+08
6007,3.43E+08
6008,3.62E+08
6009,3.31E+08
6010,3.32E+08
6011,3.21E+08
6012,3.24E+08
6013,3.17E+08
6014,3.59E+08
6015,3.59E+08
6016,3.21E+08
6017,3.28E+08
6018,3.29E+08
6019,3.18E+08
6020,3.24E+08
6021,3.13E+08
6022,3.01E+08
6023,3.66E+08
6024,3.71E+08
6025,3.74E+08
6026,3.38E+08
6027,3.35E+08
6028,3.15E+08
6029,3.12E+08
6030,3.72E+08
6031,3.50E+08
6032,3.61E+08
6033,3.36E+08
6034,3.39E+08
6035,3.25E+08
6036,3.30E+08
6037,3.23E+08
6038,3.04E+08
6039,3.41E+08
6040,3.86E+08
6041,3.80E+08
6042,3.60E+08
6043,3.51E+08
6044,3.48E+08
6045,3.40E+08
6046,3.33E+08
6047,3.51E+08
6048,3.82E+08
6049,3.67E+08
6050,3.84E+08
6051,3.55E+08
6052,3.44E+08
6053,3.55E+08
6054,3.64E+08
6055,3.77E+08
6056,3.77E+08
6057,3.63E+08
6058,3.47E+08
6059,3.38E+08
6060,3.37E+08
6061,3.42E+08
6062,3.22E+08
6063,3.57E+08
6064,3.85E+08
6065,3.73E+08
6066,3.74E+08
6067,3.46E+08
6068,3.41E+08
6069,3.38E+08
6070,3.40E+08
6071,3.39E+08
6072,3.81E+08
6073,3.91E+08
6074,3.85E+08
6075,3.50E+08
6076,3.52E+08
6077,3.52E+08
6078,3.48E+08
6079,3.37E+08
6080,3.75E+08
6081,3.77E+08
6082,3.72E+08
6083,3.36E+08
6084,3.29E+08
6085,3.41E+08
6086,3.38E+08
6087,3.38E+08
6088,3.36E+08
6089,3.16E+08
6090,3.09E+08
6091,3.84E+08
6092,3.63E+08
6093,3.65E+08
6094,3.42E+08
6095,3.53E+08
6096,3.52E+08
6097,3.37E+08
6098,3.46E+08
6099,3.86E+08
6100,3.79E+08
6101,3.94E+08
6102,3.49E+08
6103,3.53E+08
6104,3.45E+08
6105,3.48E+08
6106,3.27E+08
6107,3.47E+08
6108,3.87E+08
6109,3.88E+08
6110,3.92E+08
6111,3.47E+08
6112,3.52E+08
6113,3.45E+08
6114,3.48E+08
6115,3.38E+08
6116,3.91E+08
6117,3.95E+08
6118,3.87E+08
6119,3.47E+08
6120,3.56E+08
6121,3.47E+08
6122,3.40E+08
6123,3.48E+08
6124,3.39E+08
6125,3.92E+08
6126,3.84E+08
6127,3.63E+08
6128,4.07E+08
6129,3.53E+08
6130,3.52E+08
6131,3.55E+08
6132,3.50E+08
6133,3.54E+08
6134,3.51E+08
6135,3.90E+08
6136,4.04E+08
6137,4.01E+08
6138,3.51E+08
6139,3.51E+08
6140,3.53E+08
6141,3.48E+08
6142,3.68E+08
6143,3.90E+08
6144,4.00E+08
6145,3.92E+08
6146,3.51E+08
6147,3.51E+08
6148,3.50E+08
6149,3.52E+08
6150,3.48E+08
6151,3.67E+08
6152,3.91E+08
6153,3.97E+08
6154,3.87E+08
6155,3.51E+08
6156,3.56E+08
6157,3.54E+08
6158,3.52E+08
6159,3.60E+08
6160,3.45E+08
6161,3.90E+08
6162,3.87E+08
6163,3.85E+08
6164,3.51E+08
6165,3.56E+08
6166,3.59E+08
6167,3.50E+08
6168,3.59E+08
6169,3.45E+08
6170,3.85E+08
6171,3.85E+08
6172,3.73E+08
6173,4.03E+08
6174,3.50E+08
6175,3.52E+08
6176,3.59E+08
6177,3.49E+08
6178,3.52E+08
6179,3.43E+08
6180,3.82E+08
6181,3.96E+08
6182,3.89E+08
6183,3.42E+08
6184,3.49E+08
6185,3.44E+08
6186,3.41E+08
6187,3.45E+08
6188,3.38E+08
6189,3.81E+08
6190,3.87E+08
6191,3.79E+08
6192,3.44E+08
6193,3.36E+08
6194,3.44E+08
6195,3.42E+08
6196,3.74E+08
6197,3.79E+08
6198,3.55E+08
6199,3.41E+08
6200,3.43E+08
6201,3.35E+08
6202,3.43E+08
6203,3.34E+08
6204,3.63E+08
6205,3.57E+08
6206,3.46E+08
6207,3.44E+08
6208,3.34E+08
6209,3.24E+08
6210,3.30E+08
6211,3.33E+08
6212,3.33E+08
6213,3.30E+08
6214,3.61E+08
6215,3.30E+08
6216,3.64E+08
6217,3.31E+08
6218,3.30E+08
6219,3.22E+08
6220,3.14E+08
6221,3.25E+08
6222,3.27E+08
6223,3.22E+08
6224,3.62E+08
6225,3.73E+08
6226,3.42E+08
6227,3.32E+08
6228,3.29E+08
6229,3.30E+08
6230,3.14E+08
6231,3.29E+08
6232,3.57E+08
6233,3.32E+08
6234,3.47E+08
6235,3.31E+08
6236,3.30E+08
6237,3.26E+08
6238,3.22E+08
6239,3.26E+08
6240,3.55E+08
6241,3.43E+08
6242,3.57E+08
6243,3.25E+08
6244,3.29E+08
6245,3.14E+08
6246,3.23E+08
6247,3.52E+08
6248,3.65E+08
6249,3.42E+08
6250,3.23E+08
6251,3.18E+08
6252,3.17E+08
6253,3.08E+08
6254,3.49E+08
6255,3.42E+08
6256,3.37E+08
6257,3.18E+08
6258,3.17E+08
6259,3.12E+08
6260,3.09E+08
6261,3.15E+08
6262,3.05E+08
6263,3.41E+08
6264,3.38E+08
6265,3.42E+08
6266,3.18E+08
6267,3.13E+08
6268,3.10E+08
6269,3.12E+08
6270,3.30E+08
6271,3.26E+08
6272,3.39E+08
6273,3.09E+08
6274,3.12E+08
6275,3.08E+08
6276,2.99E+08
6277,2.98E+08
6278,3.28E+08
6279,3.35E+08
6280,3.21E+08
6281,3.07E+08
6282,3.06E+08
6283,3.05E+08
6284,2.98E+08
6285,2.94E+08
6286,2.85E+08
6287,3.28E+08
6288,3.20E+08
6289,3.15E+08
6290,3.06E+08
6291,3.07E+08
6292,2.98E+08
6293,2.99E+08
6294,2.85E+08
6295,3.14E+08
6296,3.14E+08
6297,3.09E+08
6298,3.05E+08
6299,2.98E+08
6300,3.02E+08
6301,3.04E+08
6302,2.94E+08
6303,2.85E+08
6304,2.87E+08
6305,2.92E+08
6306,2.78E+08
6307,2.73E+08
6308,2.88E+08
6309,2.54E+08
6310,3.02E+08
6311,2.90E+08
6312,2.87E+08
6313,2.86E+08
6314,2.72E+08
6315,2.78E+08
6316,2.77E+08
6317,2.70E+08
6318,2.98E+08
6319,2.87E+08
6320,2.69E+08
6321,2.98E+08
6322,2.86E+08
6323,2.85E+08
6324,2.73E+08
6325,2.78E+08
6326,2.77E+08
6327,2.89E+08
6328,2.97E+08
6329,2.93E+08
6330,2.79E+08
6331,2.71E+08
6332,2.73E+08
6333,2.57E+08
6334,2.59E+08
6335,2.83E+08
6336,2.86E+08
6337,2.76E+08
6338,2.74E+08
6339,2.76E+08
6340,2.69E+08
6341,2.66E+08
6342,2.51E+08
6343,2.59E+08
6344,2.76E+08
6345,2.77E+08
6346,2.66E+08
6347,2.71E+08
6348,2.64E+08
6349,2.60E+08
6350,2.46E+08
6351,2.70E+08
6352,2.55E+08
6353,2.59E+08
6354,2.62E+08
6355,2.64E+08
6356,2.68E+08
6357,2.59E+08
6358,2.56E+08
6359,2.39E+08
6360,2.60E+08
6361,2.57E+08
6362,2.38E+08
6363,2.60E+08
6364,2.45E+08
6365,2.55E+08
6366,2.55E+08
6367,1.93E+08
6368,2.18E+08
6369,2.32E+08
6370,2.54E+08
6371,2.15E+08
6372,2.28E+08
6373,2.39E+08
6374,2.19E+08
6375,2.44E+08
6376,2.49E+08
6377,2.23E+08
6378,2.25E+08
6379,2.23E+08
6380,2.20E+08
6381,2.18E+08
6382,2.20E+08
6383,2.21E+08
6384,2.22E+08
6385,2.24E+08
6386,2.12E+08
6387,2.14E+08
6388,2.16E+08
6389,2.10E+08
6390,2.33E+08
6391,2.31E+08
6392,2.16E+08
6393,2.18E+08
6394,2.12E+08
6395,2.18E+08
6396,2.26E+08
6397,2.22E+08
6398,1.92E+08
6399,2.15E+08
6400,2.23E+08
6401,2.23E+08
6402,2.38E+08
6403,2.50E+08
6404,2.33E+08
6405,2.17E+08
6406,2.34E+08
6407,2.24E+08
6408,2.07E+08
6409,2.12E+08
6410,2.29E+08
6411,2.28E+08
6412,2.07E+08
6413,2.05E+08
6414,2.24E+08
6415,2.19E+08
6416,2.59E+08
6417,2.13E+08
6418,2.49E+08
6419,2.44E+08
6420,2.45E+08
6421,2.36E+08
6422,2.39E+08
6423,2.42E+08
6424,2.65E+08
6425,2.52E+08
6426,2.55E+08
6427,2.47E+08
6428,2.46E+08
6429,2.51E+08
6430,2.49E+08
6431,2.52E+08
6432,2.46E+08
6433,2.38E+08
6434,2.75E+08
6435,2.68E+08
6436,2.53E+08
6437,2.54E+08
6438,2.51E+08
6439,2.53E+08
6440,2.55E+08
6441,2.57E+08
6442,2.47E+08
6443,2.84E+08
6444,2.79E+08
6445,2.81E+08
6446,2.60E+08
6447,2.64E+08
6448,2.66E+08
6449,2.71E+08
6450,2.58E+08
6451,2.87E+08
6452,2.79E+08
6453,2.77E+08
6454,2.61E+08
6455,2.63E+08
6456,2.68E+08
6457,2.66E+08
6458,2.66E+08
6459,2.70E+08
6460,2.85E+08
6461,3.02E+08
6462,2.75E+08
6463,2.82E+08
6464,2.65E+08
6465,2.67E+08
6466,2.71E+08
6467,2.75E+08
6468,2.68E+08
6469,2.67E+08
6470,2.88E+08
6471,2.93E+08
6472,2.94E+08
6473,2.61E+08
6474,2.65E+08
6475,2.66E+08
6476,2.58E+08
6477,2.69E+08
6478,2.61E+08
6479,2.97E+08
6480,2.99E+08
6481,3.00E+08
6482,2.67E+08
6483,2.72E+08
6484,2.75E+08
6485,2.79E+08
6486,2.74E+08
6487,3.01E+08
6488,2.97E+08
6489,3.01E+08
6490,2.69E+08
6491,2.75E+08
6492,2.80E+08
6493,2.81E+08
6494,2.81E+08
6495,2.77E+08
6496,3.06E+08
6497,3.13E+08
6498,3.07E+08
6499,2.75E+08
6500,2.80E+08
6501,2.87E+08
6502,2.83E+08
6503,2.88E+08
6504,2.76E+08
6505,2.80E+08
6506,3.08E+08
6507,3.19E+08
6508,3.14E+08
6509,2.76E+08
6510,2.78E+08
6511,2.82E+08
6512,2.88E+08
6513,3.01E+08
6514,2.87E+08
6515,3.12E+08
6516,3.19E+08
6517,3.18E+08
6518,2.75E+08
6519,2.78E+08
6520,2.80E+08
6521,2.95E+08
6522,3.00E+08
6523,2.86E+08
6524,3.18E+08
6525,3.30E+08
6526,3.24E+08
6527,2.84E+08
6528,2.85E+08
6529,2.97E+08
6530,2.90E+08
6531,3.00E+08
6532,2.89E+08
6533,3.18E+08
6534,3.29E+08
6535,3.28E+08
6536,2.82E+08
6537,2.86E+08
6538,2.96E+08
6539,2.96E+08
6540,2.90E+08
6541,3.24E+08
6542,3.34E+08
6543,3.30E+08
6544,2.79E+08
6545,2.86E+08
6546,2.96E+08
6547,2.88E+08
6548,2.94E+08
6549,2.89E+08
6550,2.92E+08
6551,3.30E+08
6552,3.46E+08
6553,3.44E+08
6554,2.93E+08
6555,3.04E+08
6556,3.01E+08
6557,3.12E+08
6558,3.24E+08
6559,3.37E+08
6560,3.42E+08
6561,3.41E+08
6562,2.86E+08
6563,2.92E+08
6564,2.95E+08
6565,2.99E+08
6566,2.98E+08
6567,3.07E+08
6568,3.25E+08
6569,3.35E+08
6570,2.84E+08
6571,2.99E+08
6572,2.91E+08
6573,2.93E+08
6574,2.96E+08
6575,3.31E+08
6576,3.45E+08
6577,3.46E+08
6578,3.02E+08
6579,3.07E+08
6580,3.04E+08
6581,2.97E+08
6582,3.01E+08
6583,3.33E+08
6584,3.49E+08
6585,3.41E+08
6586,2.88E+08
6587,2.97E+08
6588,3.04E+08
6589,3.05E+08
6590,3.03E+08
6591,3.02E+08
6592,3.10E+08
6593,3.36E+08
6594,3.53E+08
6595,3.54E+08
6596,2.98E+08
6597,2.98E+08
6598,3.13E+08
6599,3.16E+08
6600,3.06E+08
6601,2.86E+08
6602,3.36E+08
6603,3.47E+08
6604,3.50E+08
6605,2.92E+08
6606,3.00E+08
6607,3.03E+08
6608,3.16E+08
6609,3.15E+08
6610,3.07E+08
6611,3.45E+08
6612,3.37E+08
6613,3.46E+08
6614,2.99E+08
6615,2.91E+08
6616,3.01E+08
6617,3.15E+08
6618,3.08E+08
6619,3.43E+08
6620,3.69E+08
6621,3.43E+08
6622,3.52E+08
6623,3.08E+08
6624,3.30E+08
6625,3.29E+08
6626,3.20E+08
6627,3.28E+08
6628,3.53E+08
6629,3.53E+08
6630,2.88E+08
6631,2.97E+08
6632,3.14E+08
6633,2.97E+08
6634,3.10E+08
6635,3.06E+08
6636,3.05E+08
6637,3.05E+08
6638,3.33E+08
6639,3.53E+08
6640,3.50E+08
6641,2.87E+08
6642,2.94E+08
6643,3.04E+08
6644,2.97E+08
6645,3.03E+08
6646,2.97E+08
6647,3.02E+08
6648,3.39E+08
6649,3.66E+08
6650,3.66E+08
6651,2.99E+08
6652,3.16E+08
6653,3.04E+08
6654,3.12E+08
6655,3.12E+08
6656,3.20E+08
6657,3.07E+08
6658,3.43E+08
6659,3.48E+08
6660,3.59E+08
6661,2.98E+08
6662,3.00E+08
6663,3.07E+08
6664,3.06E+08
6665,3.11E+08
6666,3.11E+08
6667,3.51E+08
6668,3.67E+08
6669,3.44E+08
6670,3.54E+08
6671,3.01E+08
6672,3.05E+08
6673,3.30E+08
6674,3.11E+08
6675,3.18E+08
6676,3.16E+08
6677,3.49E+08
6678,3.67E+08
6679,3.71E+08
6680,3.09E+08
6681,3.25E+08
6682,3.22E+08
6683,3.41E+08
6684,3.58E+08
6685,3.63E+08
6686,3.02E+08
6687,2.95E+08
6688,3.20E+08
6689,3.20E+08
6690,3.10E+08
6691,3.16E+08
6692,3.03E+08
6693,3.48E+08
6694,3.52E+08
6695,3.52E+08
6696,2.95E+08
6697,3.06E+08
6698,3.06E+08
6699,3.16E+08
6700,3.15E+08
6701,3.08E+08
6702,3.51E+08
6703,3.69E+08
6704,3.64E+08
6705,3.13E+08
6706,3.32E+08
6707,3.14E+08
6708,3.26E+08
6709,3.20E+08
6710,3.39E+08
6711,3.70E+08
6712,3.54E+08
6713,3.63E+08
6714,3.09E+08
6715,3.08E+08
6716,3.27E+08
6717,3.15E+08
6718,3.17E+08
6719,3.33E+08
6720,3.56E+08
6721,3.59E+08
6722,2.92E+08
6723,3.04E+08
6724,2.98E+08
6725,3.13E+08
6726,3.07E+08
6727,3.37E+08
6728,3.51E+08
6729,3.57E+08
6730,2.95E+08
6731,2.92E+08
6732,3.09E+08
6733,2.98E+08
6734,3.13E+08
6735,3.05E+08
6736,3.40E+08
6737,3.50E+08
6738,3.57E+08
6739,3.00E+08
6740,3.16E+08
6741,3.16E+08
6742,3.10E+08
6743,3.16E+08
6744,3.34E+08
6745,3.32E+08
6746,3.48E+08
6747,3.50E+08
6748,2.98E+08
6749,2.93E+08
6750,3.13E+08
6751,3.00E+08
6752,3.14E+08
6753,3.14E+08
6754,3.28E+08
6755,3.45E+08
6756,3.41E+08
6757,2.89E+08
6758,2.97E+08
6759,3.08E+08
6760,2.95E+08
6761,3.08E+08
6762,3.27E+08
6763,3.38E+08
6764,3.42E+08
6765,2.88E+08
6766,2.88E+08
6767,2.96E+08
6768,2.96E+08
6769,3.06E+08
6770,3.04E+08
6771,3.27E+08
6772,3.47E+08
6773,3.46E+08
6774,2.87E+08
6775,2.94E+08
6776,3.03E+08
6777,2.97E+08
6778,3.07E+08
6779,2.93E+08
6780,3.23E+08
6781,3.41E+08
6782,3.39E+08
6783,2.96E+08
6784,2.96E+08
6785,2.99E+08
6786,3.09E+08
6787,3.16E+08
6788,3.41E+08
6789,2.91E+08
6790,2.94E+08
6791,3.07E+08
6792,2.97E+08
6793,3.10E+08
6794,3.28E+08
6795,3.34E+08
6796,2.88E+08
6797,2.75E+08
6798,2.88E+08
6799,2.89E+08
6800,2.87E+08
6801,2.91E+08
6802,3.09E+08
6803,3.20E+08
6804,3.30E+08
6805,2.75E+08
6806,2.72E+08
6807,2.90E+08
6808,2.80E+08
6809,2.83E+08
6810,2.88E+08
6811,2.85E+08
6812,3.06E+08
6813,3.23E+08
6814,3.16E+08
6815,2.76E+08
6816,2.75E+08
6817,2.88E+08
6818,2.83E+08
6819,2.85E+08
6820,2.98E+08
6821,3.03E+08
6822,3.19E+08
6823,2.75E+08
6824,2.68E+08
6825,2.73E+08
6826,2.78E+08
6827,2.85E+08
6828,2.75E+08
6829,2.89E+08
6830,2.99E+08
6831,3.01E+08
6832,2.58E+08
6833,2.62E+08
6834,2.73E+08
6835,2.75E+08
6836,2.70E+08
6837,2.77E+08
6838,2.89E+08
6839,2.98E+08
6840,2.55E+08
6841,2.71E+08
6842,2.62E+08
6843,2.65E+08
6844,2.67E+08
6845,2.64E+08
6846,2.69E+08
6847,2.69E+08
6848,2.81E+08
6849,2.49E+08
6850,2.49E+08
6851,2.53E+08
6852,2.55E+08
6853,2.58E+08
6854,2.47E+08
6855,2.54E+08
6856,2.64E+08
6857,2.39E+08
6858,2.46E+08
6859,2.49E+08
6860,2.45E+08
6861,2.45E+08
6862,2.45E+08
6863,2.56E+08
6864,2.59E+08
6865,2.30E+08
6866,2.37E+08
6867,2.35E+08
6868,2.33E+08
6869,2.43E+08
6870,2.42E+08
6871,2.24E+08
6872,2.12E+08
6873,2.52E+08
6874,2.29E+08
6875,2.33E+08
6876,2.24E+08
6877,2.30E+08
6878,2.43E+08
6879,2.29E+08
6880,2.72E+08
6881,2.57E+08
6882,2.03E+08
6883,2.45E+08
6884,2.39E+08
6885,2.72E+08
6886,2.93E+08
6887,2.49E+08
6888,2.38E+08
6889,2.67E+08
6890,2.65E+08
6891,5.57E+06
6892,5.37E+06
6893,2.71E+08
6894,2.48E+08
6895,2.89E+08
6896,2.67E+08
6897,2.82E+08
6898,2.52E+08
6899,2.56E+08
6900,2.69E+08
6901,2.69E+08
6902,1.39E+07
6903,7.38E+06
6904,5.87E+06
6905,1.01E+07
6906,1.37E+07
6907,4.43E+06
6908,3.10E+07
6909,5.63E+06
6910,2.77E+07
6911,1.92E+07
6912,5.27E+07
6913,1.11E+07
6914,3.96E+07
6915,5.54E+07
6916,7.70E+07
6917,1.29E+07
6918,6.46E+07
6919,1.09E+08
6920,9.83E+07
6921,7.95E+07
6922,1.50E+08
6923,1.44E+08
6924,1.16E+08
6925,1.96E+08
6926,1.66E+08
6927,1.86E+08
6928,2.13E+08
6929,1.99E+08
6930,2.08E+08
6931,2.05E+08
6932,1.91E+08
6933,2.11E+08
6934,2.32E+08
6935,3.82E+07
6936,2.14E+08
6937,2.05E+08
6938,2.62E+08
6939,2.58E+08
6940,2.34E+08
6941,2.72E+08
6942,2.75E+08
6943,2.62E+08
6944,1.02E+08
6945,2.81E+08
6946,2.82E+08
6947,2.81E+08
6948,1.49E+08
6949,1.67E+08
6950,1.08E+08
6951,2.77E+08
6952,2.81E+08
6953,2.83E+08
6954,2.61E+08
6955,1.54E+08
6956,2.71E+08
6957,2.75E+08
6958,2.73E+08
6959,2.55E+08
6960,2.62E+08
6961,2.60E+08
6962,2.84E+08
6963,2.73E+08
6964,2.62E+08
6965,2.56E+08
6966,2.65E+08
6967,1.99E+08
6968,2.35E+08
6969,2.12E+08
6970,2.38E+08
6971,2.23E+08
6972,2.29E+08
6973,2.38E+08
6974,2.43E+08
6975,2.24E+08
6976,2.33E+08
6977,2.25E+08
6978,2.12E+08
6979,1.98E+08
6980,1.85E+08
6981,2.17E+08
6982,1.86E+08
6983,2.41E+08
6984,2.48E+08
6985,2.32E+08
6986,1.99E+08
6987,2.41E+08
6988,2.14E+08
6989,1.63E+08
6990,2.24E+08
6991,2.41E+08
6992,5.89E+06
6993,7.96E+06
6994,3.19E+06
6995,9.78E+06
6996,8.32E+06
6997,2.32E+06
6998,1.06E+07
6999,1.70E+07
7000,2.53E+06
7001,1.31E+07
7002,1.43E+07
7003,2.34E+07
7004,1.89E+06
7005,2.41E+07
7006,2.20E+07
7007,1.86E+07
7008,9.87E+06
7009,1.06E+07
7010,2.37E+07
7011,1.08E+06
7012,2.61E+07
7013,2.49E+07
7014,1.26E+07
7015,1.82E+07
7016,2.17E+06
7017,2.01E+07
7018,2.31E+07
7019,8.80E+06
7020,1.12E+07
7021,2.31E+06
7022,1.36E+07
7023,1.65E+07
7024,5.16E+06
7025,7.09E+06
7026,2.64E+06
7027,1.05E+07
7028,3.85E+06
7029,2.72E+08
7030,2.55E+08
7031,2.76E+08
7032,2.46E+08
7033,2.66E+08
7034,2.76E+08
7035,2.76E+08
7036,2.77E+08
7037,2.50E+08
7038,2.47E+08
7039,2.67E+08
7040,2.66E+08
7041,2.67E+08
7042,2.82E+08
7043,2.82E+08
7044,2.85E+08
7045,2.81E+08
7046,2.53E+08
7047,2.71E+08
7048,2.65E+08
7049,2.81E+08
7050,2.87E+08
7051,2.85E+08
7052,1.29E+08
7053,2.56E+08
7054,2.67E+08
7055,2.76E+08
7056,2.79E+08
7057,2.82E+08
7058,1.22E+08
7059,1.81E+08
7060,1.64E+08
7061,2.38E+08
7062,2.64E+08
7063,2.78E+08
7064,2.68E+08
7065,1.61E+08
7066,1.99E+08
7067,3.49E+07
7068,1.50E+07
7069,2.22E+08
7070,2.28E+08
7071,1.91E+08
7072,3.75E+07
7073,3.36E+07
7074,2.14E+08
7075,1.78E+08
7076,1.94E+08
7077,2.94E+07
7078,1.74E+08
7079,2.09E+08
7080,8.95E+07
7081,1.73E+08
7082,2.17E+08
7083,1.92E+08
7084,9.80E+07
7085,1.26E+08
7086,1.98E+07
7087,2.34E+07
7088,1.35E+08
7089,1.63E+08
7090,9.07E+07
7091,1.40E+07
7092,1.17E+08
7093,9.80E+07
7094,6.15E+07
7095,1.11E+07
7096,8.13E+07
7097,6.78E+07
7098,3.90E+07
7099,9.06E+06
7100,4.53E+07
7101,5.54E+07
7102,2.00E+07
7103,6.68E+06
7104,3.51E+07
7105,2.62E+07
7106,4.17E+06
7107,4.97E+06
7108,1.21E+07
7109,1.73E+07
7110,2.01E+08
7111,2.40E+08
7112,2.17E+08
7113,2.33E+08
7114,2.45E+08
7115,2.50E+08
7116,2.46E+08
7117,2.31E+08
7118,2.21E+08
7119,2.31E+08
7120,2.28E+08
7121,2.09E+08
7122,2.17E+08
7123,1.91E+08
7124,1.92E+08
7125,2.36E+08
7126,2.45E+08
7127,1.90E+08
7128,1.79E+08
7129,1.75E+08
7130,2.23E+08
7131,1.75E+08
7132,1.54E+08
7133,2.26E+08
7134,4.56E+07
7135,5.08E+07
7136,5.40E+07
7137,2.64E+07
7138,2.82E+07
7139,2.97E+07
7140,4.12E+07
7141,4.69E+07
7142,2.73E+07
7143,2.52E+07
7144,2.91E+07
7145,3.47E+07
7146,3.85E+07
7147,1.29E+07
7148,1.29E+07
7149,4.67E+07
7150,4.41E+07
7151,4.63E+07
7152,2.38E+07
7153,2.62E+07
7154,5.03E+07
7155,5.43E+07
7156,2.80E+07
7157,3.13E+07
7158,3.05E+08
7159,2.41E+08
7160,2.20E+08
7161,3.23E+08
7162,3.33E+08
7163,2.37E+08
7164,1.57E+08
7165,1.97E+08
7166,2.72E+08
7167,2.74E+08
7168,2.82E+08
7169,2.77E+08
7170,1.80E+08
7171,2.03E+08
7172,2.39E+08
7173,1.00E+08
7174,9.01E+07
7175,2.52E+08
7176,2.68E+08
7177,2.50E+08
7178,3.17E+07
7179,1.85E+08
7180,1.87E+08
7181,2.71E+08
7182,1.52E+08
7183,2.68E+08
7184,2.69E+08
7185,1.69E+08
7186,2.19E+08
7187,1.83E+08
7188,2.99E+08
7189,2.73E+08
7190,3.01E+08
7191,1.64E+08
7192,1.57E+08
7193,1.85E+08
7194,2.05E+08
7195,2.33E+08
7196,2.26E+08
7197,2.01E+08
7198,2.16E+08
7199,2.27E+08
7200,2.21E+08
7201,2.23E+08
7202,2.34E+08
7203,2.21E+08
7204,2.24E+08
7205,2.21E+08
7206,2.62E+08
7207,2.21E+08
7208,1.90E+08
7209,2.22E+08
7210,2.41E+08
7211,2.57E+08
7212,2.44E+08
7213,2.28E+08
7214,2.41E+08
7215,2.27E+08
7216,2.29E+08
7217,2.52E+08
7218,2.70E+08
7219,2.49E+08
7220,2.42E+08
7221,2.64E+08
7222,2.60E+08
7223,2.46E+08
7224,2.45E+08
7225,2.51E+08
7226,2.78E+08
7227,2.54E+08
7228,2.53E+08
7229,2.67E+08
7230,2.54E+08
7231,2.49E+08
7232,2.55E+08
7233,2.63E+08
7234,2.84E+08
7235,2.61E+08
7236,2.57E+08
7237,2.74E+08
7238,2.71E+08
7239,2.59E+08
7240,2.57E+08
7241,2.67E+08
7242,2.86E+08
7243,2.70E+08
7244,2.62E+08
7245,2.76E+08
7246,2.61E+08
7247,2.69E+08
7248,2.60E+08
7249,2.98E+08
7250,2.77E+08
7251,2.80E+08
7252,2.75E+08
7253,2.77E+08
7254,2.64E+08
7255,2.72E+08
7256,2.42E+08
7257,2.61E+08
7258,2.57E+08
7259,2.70E+08
7260,3.07E+08
7261,3.01E+08
7262,2.95E+08
7263,2.86E+08
7264,2.81E+08
7265,2.83E+08
7266,2.70E+08
7267,3.11E+08
7268,2.98E+08
7269,2.93E+08
7270,2.88E+08
7271,2.87E+08
7272,2.76E+08
7273,2.81E+08
7274,2.74E+08
7275,3.20E+08
7276,3.11E+08
7277,3.05E+08
7278,2.93E+08
7279,2.97E+08
7280,2.82E+08
7281,2.84E+08
7282,2.92E+08
7283,2.79E+08
7284,3.27E+08
7285,3.19E+08
7286,3.12E+08
7287,3.01E+08
7288,2.86E+08
7289,2.92E+08
7290,2.91E+08
7291,2.96E+08
7292,3.30E+08
7293,3.22E+08
7294,3.16E+08
7295,3.05E+08
7296,3.04E+08
7297,2.95E+08
7298,2.93E+08
7299,2.94E+08
7300,3.38E+08
7301,3.17E+08
7302,3.24E+08
7303,3.05E+08
7304,3.09E+08
7305,2.93E+08
7306,2.95E+08
7307,3.03E+08
7308,2.94E+08
7309,3.40E+08
7310,3.33E+08
7311,3.36E+08
7312,3.16E+08
7313,3.02E+08
7314,3.10E+08
7315,3.43E+08
7316,3.27E+08
7317,3.23E+08
7318,3.13E+08
7319,3.11E+08
7320,2.94E+08
7321,3.03E+08
7322,3.04E+08
7323,3.00E+08
7324,3.04E+08
7325,3.53E+08
7326,3.39E+08
7327,3.48E+08
7328,3.19E+08
7329,3.13E+08
7330,3.13E+08
7331,3.19E+08
7332,3.21E+08
7333,3.57E+08
7334,3.49E+08
7335,3.23E+08
7336,3.20E+08
7337,3.14E+08
7338,3.20E+08
7339,3.22E+08
7340,3.51E+08
7341,3.41E+08
7342,3.50E+08
7343,3.27E+08
7344,3.18E+08
7345,3.19E+08
7346,3.16E+08
7347,3.26E+08
7348,3.60E+08
7349,3.40E+08
7350,3.27E+08
7351,3.21E+08
7352,3.16E+08
7353,3.25E+08
7354,3.08E+08
7355,3.16E+08
7356,3.06E+08
7357,3.12E+08
7358,3.13E+08
7359,3.69E+08
7360,3.83E+08
7361,3.63E+08
7362,3.69E+08
7363,3.39E+08
7364,3.39E+08
7365,3.36E+08
7366,3.31E+08
7367,3.69E+08
7368,3.65E+08
7369,3.67E+08
7370,3.38E+08
7371,3.34E+08
7372,3.21E+08
7373,3.24E+08
7374,3.26E+08
7375,3.25E+08
7376,3.78E+08
7377,3.77E+08
7378,3.73E+08
7379,3.45E+08
7380,3.33E+08
7381,3.43E+08
7382,3.39E+08
7383,3.80E+08
7384,3.82E+08
7385,3.73E+08
7386,3.48E+08
7387,3.48E+08
7388,3.44E+08
7389,3.37E+08
7390,3.82E+08
7391,3.87E+08
7392,3.88E+08
7393,3.47E+08
7394,3.41E+08
7395,3.45E+08
7396,3.45E+08
7397,3.42E+08
7398,3.86E+08
7399,3.92E+08
7400,3.88E+08
7401,3.48E+08
7402,3.48E+08
7403,3.43E+08
7404,3.47E+08
7405,3.42E+08
7406,3.47E+08
7407,3.93E+08
7408,3.96E+08
7409,3.92E+08
7410,3.51E+08
7411,3.50E+08
7412,3.50E+08
7413,3.46E+08
7414,3.52E+08
7415,3.49E+08
7416,3.43E+08
7417,3.95E+08
7418,3.93E+08
7419,3.87E+08
7420,3.57E+08
7421,3.55E+08
7422,3.53E+08
7423,3.64E+08
7424,3.60E+08
7425,3.94E+08
7426,3.82E+08
7427,3.83E+08
7428,3.55E+08
7429,3.59E+08
7430,3.61E+08
7431,3.61E+08
7432,3.58E+08
7433,3.55E+08
7434,3.93E+08
7435,3.88E+08
7436,3.68E+08
7437,4.19E+08
7438,3.57E+08
7439,3.60E+08
7440,3.59E+08
7441,3.53E+08
7442,3.63E+08
7443,3.58E+08
7444,3.93E+08
7445,4.20E+08
7446,4.18E+08
7447,3.54E+08
7448,3.57E+08
7449,3.48E+08
7450,3.58E+08
7451,3.51E+08
7452,3.46E+08
7453,3.94E+08
7454,3.66E+08
7455,3.88E+08
7456,4.21E+08
7457,3.55E+08
7458,3.59E+08
7459,3.50E+08
7460,3.53E+08
7461,3.52E+08
7462,3.47E+08
7463,3.94E+08
7464,3.84E+08
7465,3.79E+08
7466,3.54E+08
7467,3.57E+08
7468,3.54E+08
7469,3.50E+08
7470,3.44E+08
7471,4.03E+08
7472,3.97E+08
7473,3.83E+08
7474,3.57E+08
7475,3.58E+08
7476,3.56E+08
7477,3.52E+08
7478,3.58E+08
7479,3.47E+08
7480,4.00E+08
7481,4.06E+08
7482,3.92E+08
7483,3.64E+08
7484,3.60E+08
7485,3.67E+08
7486,3.90E+08
7487,3.78E+08
7488,3.78E+08
7489,3.54E+08
7490,3.55E+08
7491,3.48E+08
7492,3.56E+08
7493,3.92E+08
7494,3.90E+08
7495,3.83E+08
7496,3.53E+08
7497,3.46E+08
7498,3.62E+08
7499,3.43E+08
7500,3.31E+08
7501,3.87E+08
7502,3.75E+08
7503,3.96E+08
7504,3.50E+08
7505,3.54E+08
7506,3.45E+08
7507,3.43E+08
7508,3.39E+08
7509,3.85E+08
7510,3.74E+08
7511,3.87E+08
7512,3.49E+08
7513,3.48E+08
7514,3.41E+08
7515,3.46E+08
7516,3.35E+08
7517,3.83E+08
7518,3.87E+08
7519,3.88E+08
7520,3.48E+08
7521,3.49E+08
7522,3.44E+08
7523,3.44E+08
7524,3.22E+08
7525,3.79E+08
7526,3.77E+08
7527,3.55E+08
7528,3.47E+08
7529,3.48E+08
7530,3.42E+08
7531,3.44E+08
7532,3.39E+08
7533,3.35E+08
7534,3.37E+08
7535,3.84E+08
7536,3.58E+08
7537,3.77E+08
7538,3.44E+08
7539,3.48E+08
7540,3.43E+08
7541,3.41E+08
7542,3.40E+08
7543,3.79E+08
7544,3.87E+08
7545,3.90E+08
7546,3.47E+08
7547,3.40E+08
7548,3.49E+08
7549,3.46E+08
7550,3.64E+08
7551,3.54E+08
7552,3.74E+08
7553,3.39E+08
7554,3.35E+08
7555,3.30E+08
7556,3.25E+08
7557,3.32E+08
7558,3.35E+08
7559,3.66E+08
7560,3.65E+08
7561,3.47E+08
7562,3.31E+08
7563,3.35E+08
7564,3.25E+08
7565,3.27E+08
7566,3.26E+08
7567,3.12E+08
7568,3.62E+08
7569,3.75E+08
7570,3.60E+08
7571,3.40E+08
7572,3.34E+08
7573,3.21E+08
7574,3.27E+08
7575,3.58E+08
7576,3.47E+08
7577,3.41E+08
7578,3.22E+08
7579,3.27E+08
7580,3.33E+08
7581,3.20E+08
7582,3.24E+08
7583,3.15E+08
7584,3.53E+08
7585,3.54E+08
7586,3.50E+08
7587,3.30E+08
7588,3.26E+08
7589,3.23E+08
7590,3.25E+08
7591,3.43E+08
7592,3.35E+08
7593,3.40E+08
7594,3.18E+08
7595,3.21E+08
7596,3.09E+08
7597,3.16E+08
7598,3.11E+08
7599,3.10E+08
7600,3.41E+08
7601,3.22E+08
7602,3.38E+08
7603,3.19E+08
7604,3.20E+08
7605,3.10E+08
7606,3.09E+08
7607,3.11E+08
7608,3.37E+08
7609,3.21E+08
7610,3.22E+08
7611,3.18E+08
7612,3.05E+08
7613,3.09E+08
7614,3.10E+08
7615,3.28E+08
7616,3.28E+08
7617,3.17E+08
7618,3.10E+08
7619,3.16E+08
7620,3.01E+08
7621,3.06E+08
7622,3.16E+08
7623,3.22E+08
7624,3.23E+08
7625,3.02E+08
7626,3.04E+08
7627,2.95E+08
7628,3.00E+08
7629,2.97E+08
7630,3.07E+08
7631,3.04E+08
7632,3.18E+08
7633,2.97E+08
7634,2.89E+08
7635,2.91E+08
7636,2.76E+08
7637,2.93E+08
7638,2.93E+08
7639,2.99E+08
7640,2.96E+08
7641,2.89E+08
7642,2.84E+08
7643,2.83E+08
7644,2.87E+08
7645,2.90E+08
7646,2.47E+08
7647,1.99E+08
7648,2.12E+08
7649,2.19E+08
7650,2.15E+08
7651,2.31E+08
7652,2.26E+08
7653,2.32E+08
7654,2.28E+08
7655,2.28E+08
7656,2.24E+08
7657,2.69E+08
7658,2.24E+08
7659,2.30E+08
7660,2.29E+08
7661,2.36E+08
7662,2.45E+08
7663,2.43E+08
7664,2.11E+08
7665,2.39E+08
7666,1.87E+08
7667,2.37E+08
7668,2.38E+08
7669,3.05E+08
7670,2.40E+08
7671,2.68E+08
7672,2.65E+08
7673,2.52E+08
7674,2.59E+08
7675,2.48E+08
7676,2.69E+08
7677,2.23E+08
7678,2.33E+08
7679,2.52E+08
7680,3.43E+08
7681,2.89E+08
7682,3.14E+08
7683,2.89E+08
7684,2.92E+08
7685,3.03E+08
7686,2.68E+08
7687,2.94E+08
7688,2.52E+08
7689,2.50E+08
7690,2.95E+08
7691,1.53E+08
7692,3.14E+08
7693,3.67E+08
7694,3.29E+08
7695,3.48E+08
7696,3.20E+08
7697,3.18E+08
7698,2.76E+08
7699,3.36E+08
7700,2.77E+08
7701,2.84E+08
7702,3.31E+08
7703,2.28E+08
7704,2.54E+08
7705,3.09E+08
7706,3.29E+08
7707,3.63E+08
7708,3.63E+08
7709,3.44E+08
7710,3.31E+08
7711,3.32E+08
7712,3.50E+08
7713,2.85E+08
7714,3.26E+08
7715,3.35E+08
7716,2.62E+08
7717,3.57E+08
7718,3.30E+08
7719,3.25E+08
7720,3.07E+08
7721,3.07E+08
7722,3.17E+08
7723,2.73E+08
7724,3.27E+08
7725,3.05E+08
7726,3.17E+08
7727,2.81E+08
7728,3.02E+08
7729,3.40E+08
7730,2.42E+08
7731,2.95E+08
7732,2.34E+08
7733,2.96E+08
7734,2.60E+08
7735,2.86E+08
7736,2.92E+08
7737,2.82E+08
7738,2.89E+08
7739,2.85E+08
7740,2.66E+08
7741,3.05E+08
7742,2.07E+08
7743,2.86E+08
7744,2.66E+08
7745,2.40E+08
7746,2.80E+08
7747,1.95E+08
7748,2.56E+08
7749,2.41E+08
7750,2.45E+08
7751,2.55E+08
7752,2.69E+08
7753,2.66E+08
7754,2.56E+08
7755,2.57E+08
7756,2.12E+08
7757,2.60E+08
7758,1.98E+08
7759,2.56E+08
7760,2.27E+08
7761,1.99E+08
7762,2.22E+08
7763,2.15E+08
7764,2.13E+08
7765,2.28E+08
7766,2.27E+08
7767,2.34E+08
7768,2.24E+08
7769,2.25E+08
7770,2.22E+08
7771,2.30E+08
7772,2.24E+08
7773,2.36E+08
7774,2.26E+08
7775,2.09E+08
7776,2.26E+08
7777,2.25E+08
7778,2.08E+08
7779,2.19E+08
7780,2.16E+08
7781,2.16E+08
7782,2.29E+08
7783,1.89E+08
7784,1.98E+08
7785,2.06E+08
7786,2.20E+08
7787,2.11E+08
7788,1.98E+08
7789,2.11E+08
7790,1.82E+08
7791,2.17E+08
7792,1.99E+08
7793,2.01E+08
7794,2.00E+08
7795,1.98E+08
7796,2.00E+08
7797,1.94E+08
7798,1.93E+08
7799,1.86E+08
7800,2.00E+08
7801,1.38E+08
7802,2.02E+08
7803,1.89E+08
7804,1.85E+08
7805,1.52E+08
7806,1.82E+08
7807,2.41E+08
7808,2.92E+08
7809,2.72E+08
7810,2.52E+08
7811,2.35E+08
7812,2.68E+08
7813,2.58E+08
7814,2.21E+08
7815,2.71E+08
7816,2.60E+08
7817,2.09E+08
7818,2.29E+08
7819,2.32E+08
7820,2.49E+08
7821,2.16E+08
7822,1.80E+08
7823,1.92E+08
7824,1.84E+08
7825,2.08E+08
7826,2.10E+08
7827,2.18E+08
7828,1.92E+08
7829,2.07E+08
7830,2.09E+08
7831,1.84E+08
7832,2.01E+08
7833,1.93E+08
7834,2.03E+08
7835,1.99E+08
7836,2.12E+08
7837,1.98E+08
7838,2.01E+08
7839,1.84E+08
7840,1.82E+08
7841,2.00E+08
7842,1.43E+08
7843,1.92E+08
7844,1.72E+08
7845,1.79E+08
7846,1.45E+08
7847,1.71E+08
7848,1.52E+08
7849,1.80E+08
7850,2.17E+08
7851,2.39E+08
7852,2.23E+08
7853,2.40E+08
7854,2.31E+08
7855,2.34E+08
7856,2.40E+08
7857,2.39E+08
7858,2.16E+08
7859,2.44E+08
7860,2.36E+08
7861,2.40E+08
7862,2.31E+08
7863,2.06E+08
7864,2.25E+08
7865,2.27E+08
7866,2.32E+08
7867,2.30E+08
7868,2.26E+08
7869,2.31E+08
7870,2.17E+08
7871,2.21E+08
7872,2.34E+08
7873,2.17E+08
7874,2.29E+08
7875,2.17E+08
7876,2.18E+08
7877,2.19E+08
7878,2.10E+08
7879,2.09E+08
7880,2.04E+08
7881,2.15E+08
7882,2.18E+08
7883,2.19E+08
7884,2.19E+08
7885,2.08E+08
7886,2.48E+08
7887,2.13E+08
7888,2.48E+08
7889,2.34E+08
7890,2.21E+08
7891,2.25E+08
7892,2.37E+08
7893,2.37E+08
7894,2.56E+08
7895,2.54E+08
7896,2.66E+08
7897,2.35E+08
7898,2.42E+08
7899,2.40E+08
7900,2.42E+08
7901,2.41E+08
7902,2.45E+08
7903,2.64E+08
7904,2.71E+08
7905,2.44E+08
7906,2.41E+08
7907,2.48E+08
7908,2.43E+08
7909,2.54E+08
7910,2.46E+08
7911,2.44E+08
7912,2.75E+08
7913,2.76E+08
7914,2.80E+08
7915,2.47E+08
7916,2.59E+08
7917,2.60E+08
7918,2.52E+08
7919,2.59E+08
7920,2.54E+08
7921,2.51E+08
7922,2.85E+08
7923,2.95E+08
7924,2.89E+08
7925,2.63E+08
7926,2.67E+08
7927,2.65E+08
7928,2.65E+08
7929,2.60E+08
7930,2.58E+08
7931,2.97E+08
7932,2.96E+08
7933,2.95E+08
7934,2.57E+08
7935,2.72E+08
7936,2.68E+08
7937,2.72E+08
7938,2.69E+08
7939,2.79E+08
7940,2.67E+08
7941,3.01E+08
7942,3.22E+08
7943,3.06E+08
7944,2.77E+08
7945,2.79E+08
7946,2.92E+08
7947,2.88E+08
7948,2.79E+08
7949,3.07E+08
7950,3.13E+08
7951,3.12E+08
7952,2.74E+08
7953,2.63E+08
7954,2.76E+08
7955,2.84E+08
7956,2.69E+08
7957,2.73E+08
7958,2.87E+08
7959,3.18E+08
7960,3.33E+08
7961,3.26E+08
7962,2.82E+08
7963,2.91E+08
7964,2.96E+08
7965,2.96E+08
7966,2.98E+08
7967,3.29E+08
7968,3.27E+08
7969,3.31E+08
7970,2.84E+08
7971,2.93E+08
7972,2.91E+08
7973,2.94E+08
7974,2.95E+08
7975,3.28E+08
7976,3.43E+08
7977,3.41E+08
7978,3.55E+08
7979,3.02E+08
7980,3.07E+08
7981,3.35E+08
7982,3.10E+08
7983,3.22E+08
7984,3.34E+08
7985,2.88E+08
7986,2.94E+08
7987,2.93E+08
7988,2.93E+08
7989,3.28E+08
7990,3.53E+08
7991,3.46E+08
7992,2.90E+08
7993,2.87E+08
7994,3.09E+08
7995,2.99E+08
7996,3.04E+08
7997,2.99E+08
7998,3.02E+08
7999,3.35E+08
8000,3.46E+08
8001,3.50E+08
8002,2.95E+08
8003,2.89E+08
8004,3.07E+08
8005,3.05E+08
8006,3.04E+08
8007,2.93E+08
8008,3.40E+08
8009,3.60E+08
8010,3.59E+08
8011,3.00E+08
8012,3.09E+08
8013,3.15E+08
8014,3.21E+08
8015,3.05E+08
8016,3.00E+08
8017,3.45E+08
8018,3.40E+08
8019,3.53E+08
8020,3.00E+08
8021,2.94E+08
8022,3.04E+08
8023,3.07E+08
8024,3.14E+08
8025,3.17E+08
8026,3.42E+08
8027,3.54E+08
8028,3.46E+08
8029,3.00E+08
8030,3.10E+08
8031,3.30E+08
8032,3.10E+08
8033,3.20E+08
8034,3.42E+08
8035,3.72E+08
8036,3.57E+08
8037,3.54E+08
8038,3.02E+08
8039,3.00E+08
8040,3.21E+08
8041,3.26E+08
8042,3.02E+08
8043,2.97E+08
8044,2.89E+08
8045,3.47E+08
8046,3.58E+08
8047,3.76E+08
8048,3.11E+08
8049,3.26E+08
8050,3.16E+08
8051,3.29E+08
8052,3.49E+08
8053,3.62E+08
8054,3.55E+08
8055,3.09E+08
8056,3.05E+08
8057,3.07E+08
8058,3.14E+08
8059,3.21E+08
8060,3.25E+08
8061,3.54E+08
8062,3.62E+08
8063,3.69E+08
8064,3.09E+08
8065,3.14E+08
8066,3.12E+08
8067,3.21E+08
8068,3.27E+08
8069,3.51E+08
8070,3.68E+08
8071,3.70E+08
8072,3.77E+08
8073,3.13E+08
8074,3.13E+08
8075,3.27E+08
8076,3.14E+08
8077,3.55E+08
8078,3.43E+08
8079,3.62E+08
8080,3.68E+08
8081,3.00E+08
8082,3.11E+08
8083,3.25E+08
8084,3.08E+08
8085,3.07E+08
8086,3.48E+08
8087,3.42E+08
8088,3.65E+08
8089,3.59E+08
8090,3.01E+08
8091,2.95E+08
8092,3.21E+08
8093,3.10E+08
8094,3.18E+08
8095,3.04E+08
8096,3.02E+08
8097,3.40E+08
8098,3.73E+08
8099,3.67E+08
8100,3.06E+08
8101,3.13E+08
8102,3.21E+08
8103,3.27E+08
8104,3.10E+08
8105,3.42E+08
8106,3.50E+08
8107,3.65E+08
8108,2.96E+08
8109,3.01E+08
8110,3.07E+08
8111,3.16E+08
8112,3.08E+08
8113,3.19E+08
8114,3.01E+08
8115,3.04E+08
8116,3.45E+08
8117,3.64E+08
8118,3.59E+08
8119,3.15E+08
8120,3.25E+08
8121,3.16E+08
8122,3.19E+08
8123,3.23E+08
8124,3.43E+08
8125,3.54E+08
8126,3.56E+08
8127,3.11E+08
8128,3.04E+08
8129,3.12E+08
8130,3.18E+08
8131,3.10E+08
8132,3.43E+08
8133,3.41E+08
8134,3.52E+08
8135,3.64E+08
8136,2.99E+08
8137,3.04E+08
8138,3.19E+08
8139,3.20E+08
8140,3.22E+08
8141,3.14E+08
8142,3.18E+08
8143,3.37E+08
8144,3.44E+08
8145,3.46E+08
8146,2.97E+08
8147,2.94E+08
8148,3.12E+08
8149,3.18E+08
8150,3.15E+08
8151,3.37E+08
8152,3.43E+08
8153,3.38E+08
8154,2.91E+08
8155,3.04E+08
8156,3.03E+08
8157,3.08E+08
8158,3.15E+08
8159,3.12E+08
8160,3.42E+08
8161,3.50E+08
8162,3.58E+08
8163,3.05E+08
8164,3.07E+08
8165,3.17E+08
8166,3.12E+08
8167,3.25E+08
8168,3.36E+08
8169,3.58E+08
8170,3.54E+08
8171,2.99E+08
8172,3.06E+08
8173,3.09E+08
8174,3.12E+08
8175,3.13E+08
8176,3.26E+08
8177,3.14E+08
8178,3.33E+08
8179,3.43E+08
8180,3.44E+08
8181,2.86E+08
8182,2.94E+08
8183,2.96E+08
8184,3.01E+08
8185,3.08E+08
8186,3.01E+08
8187,3.04E+08
8188,3.39E+08
8189,3.49E+08
8190,3.52E+08
8191,2.99E+08
8192,3.11E+08
8193,3.03E+08
8194,3.12E+08
8195,3.05E+08
8196,3.33E+08
8197,3.53E+08
8198,3.43E+08
8199,3.01E+08
8200,3.02E+08
8201,3.12E+08
8202,3.05E+08
8203,3.14E+08
8204,3.22E+08
8205,3.32E+08
8206,3.25E+08
8207,2.94E+08
8208,2.91E+08
8209,2.97E+08
8210,3.05E+08
8211,3.04E+08
8212,2.92E+08
8213,3.16E+08
8214,3.36E+08
8215,3.31E+08
8216,2.86E+08
8217,3.07E+08
8218,3.06E+08
8219,2.89E+08
8220,3.02E+08
8221,2.90E+08
8222,3.17E+08
8223,3.33E+08
8224,3.28E+08
8225,2.79E+08
8226,2.84E+08
8227,2.82E+08
8228,2.96E+08
8229,2.89E+08
8230,3.00E+08
8231,2.84E+08
8232,3.21E+08
8233,3.30E+08
8234,3.36E+08
8235,2.84E+08
8236,2.87E+08
8237,2.99E+08
8238,2.99E+08
8239,2.93E+08
8240,3.17E+08
8241,3.27E+08
8242,3.32E+08
8243,2.88E+08
8244,3.00E+08
8245,2.92E+08
8246,2.94E+08
8247,3.02E+08
8248,3.16E+08
8249,3.16E+08
8250,3.22E+08
8251,2.77E+08
8252,2.83E+08
8253,2.90E+08
8254,2.87E+08
8255,2.85E+08
8256,2.96E+08
8257,3.13E+08
8258,3.15E+08
8259,3.18E+08
8260,3.24E+08
8261,2.80E+08
8262,2.96E+08
8263,2.90E+08
8264,3.00E+08
8265,3.03E+08
8266,3.09E+08
8267,3.10E+08
8268,2.73E+08
8269,2.74E+08
8270,2.81E+08
8271,2.82E+08
8272,2.88E+08
8273,2.91E+08
8274,2.75E+08
8275,2.99E+08
8276,3.04E+08
8277,3.02E+08
8278,2.69E+08
8279,2.74E+08
8280,2.78E+08
8281,2.80E+08
8282,2.84E+08
8283,2.74E+08
8284,2.94E+08
8285,3.02E+08
8286,2.96E+08
8287,2.66E+08
8288,2.77E+08
8289,2.79E+08
8290,2.74E+08
8291,2.72E+08
8292,2.68E+08
8293,2.90E+08
8294,2.92E+08
8295,2.98E+08
8296,2.66E+08
8297,2.65E+08
8298,2.69E+08
8299,2.74E+08
8300,2.76E+08
8301,2.72E+08
8302,2.86E+08
8303,2.82E+08
8304,2.97E+08
8305,2.63E+08
8306,2.67E+08
8307,2.70E+08
8308,2.75E+08
8309,2.67E+08
8310,2.79E+08
8311,2.81E+08
8312,2.83E+08
8313,2.55E+08
8314,2.60E+08
8315,2.63E+08
8316,2.68E+08
8317,2.62E+08
8318,2.65E+08
8319,2.72E+08
8320,2.78E+08
8321,2.68E+08
8322,2.51E+08
8323,2.51E+08
8324,2.56E+08
8325,2.63E+08
8326,2.56E+08
8327,2.57E+08
8328,2.58E+08
8329,2.67E+08
8330,2.66E+08
8331,2.67E+08
8332,2.52E+08
8333,2.49E+08
8334,2.54E+08
8335,2.54E+08
8336,2.48E+08
8337,2.53E+08
8338,2.59E+08
8339,2.67E+08
8340,2.50E+08
8341,2.59E+08
8342,2.49E+08
8343,2.50E+08
8344,2.48E+08
8345,2.52E+08
8346,2.52E+08
8347,2.24E+08
8348,2.48E+08
8349,2.41E+08
8350,2.46E+08
8351,2.33E+08
8352,2.42E+08
8353,2.44E+08
8354,2.44E+08
8355,2.17E+08
8356,2.16E+08
8357,2.24E+08
8358,2.48E+08
8359,2.31E+08
8360,2.33E+08
8361,2.28E+08
8362,2.23E+08
8363,2.19E+08
8364,2.12E+08
8365,2.15E+08
8366,2.21E+08
8367,2.06E+08
8368,2.29E+08
8369,2.28E+08
8370,2.12E+08
8371,2.16E+08
8372,2.11E+08
8373,2.18E+08
8374,2.18E+08
8375,15.218
8376,3.2011
8377,7.5964
8378,4.4597
8379,76.79
8380,16.346
8381,39.665
8382,20.94
8383,37.977
8384,16.55
8385,337.33
8386,68.26
8387,160.44
8388,85.893
8389,1665.8
8390,368.98
8391,825.59
8392,6787.1
8393,2213.7
8394,1944.4
8395,3624.6
8396,28287
8397,7581.6
8398,14133
8399,1.27E+05
8400,31600
8401,59531
8402,31685
8403,5.21E+05
8404,1.29E+05
8405,2.47E+05
8406,2.15E+05
8407,1.41E+05
8408,1.58E+06
8409,8.32E+05
8410,4.71E+05
8411,8.80E+05
8412,5.28E+05
8413,5.48E+06
8414,1.49E+06
8415,1.63E+06
8416,2.85E+06
8417,1.72E+07
8418,5.55E+06
8419,1.11E+07
8420,5.98E+06
8421,4.43E+07
8422,2.21E+07
8423,6.19E+07
8424,1.94E+07
8425,3.49E+07
8426,4.21E+07
8427,3.52E+07
8428,1.13E+08
8429,7.81E+07
8430,1.18E+08
8431,9.63E+07
8432,5.60E+07
8433,5.21E+07
8434,6.37E+07
8435,1.75E+08
8436,1.59E+08
8437,1.65E+08
8438,1.37E+08
8439,1.56E+08
8440,1.14E+08
8441,1.99E+08
8442,1.92E+08
8443,1.94E+08
8444,1.87E+08
8445,1.78E+08
8446,1.98E+08
8447,1.81E+08
8448,2.02E+08
8449,1.87E+08
8450,1.94E+08
8451,1.86E+08
8452,2.00E+08
8453,2.00E+08
8454,1.98E+08
8455,1.98E+08
8456,2.03E+08
8457,2.01E+08
8458,21.851
8459,3.5106
8460,10.793
8461,12.215
8462,1.97E+08
8463,1.94E+08
8464,1.95E+08
8465,2.01E+08
8466,1.94E+08
8467,1.91E+08
8468,1.87E+08
8469,2.00E+08
8470,1.85E+08
8471,1.96E+08
8472,1.95E+08
8473,1.47E+08
8474,1.71E+08
8475,1.65E+08
8476,1.79E+08
8477,1.74E+08
8478,1.83E+08
8479,7.36E+07
8480,1.16E+08
8481,1.26E+08
8482,1.00E+08
8483,1.48E+08
8484,9.54E+07
8485,7.29E+07
8486,1.21E+08
8487,2.75E+07
8488,4.66E+07
8489,8.73E+07
8490,7.47E+07
8491,3.00E+07
8492,4.27E+07
8493,1.09E+07
8494,1.11E+07
8495,3.56E+07
8496,1.20E+07
8497,2.19E+07
8498,1.83E+07
8499,3.64E+06
8500,4.07E+06
8501,8.55E+06
8502,4.01E+06
8503,7.08E+06
8504,8.41E+05
8505,1.04E+06
8506,1.74E+06
8507,9.73E+05
8508,1.98E+05
8509,2.63E+05
8510,1.81E+05
8511,2.55E+05
8512,4.60E+05
8513,45814
8514,46458
8515,85028
8516,37118
8517,58763
8518,1.31E+05
8519,41495
8520,11772
8521,13705
8522,15266
8523,2410
8524,3301.7
8525,3704.8
8526,7508.1
8527,2746
8528,568.64
8529,671.05
8530,1257.6
8531,126.66
8532,196.14
8533,120.37
8534,321.99
8535,149.1
8536,45.8
8537,60.994
8538,29.795
8539,3.18E+07
8540,3.34E+07
8541,2.78E+07
8542,4.70E+07
8543,3.79E+07
8544,3.39E+07
8545,3.65E+07
8546,1.99E+07
8547,3.01E+07
8548,2.69E+07
8549,2.20E+07
8550,2.38E+07
8551,2.00E+07
8552,7.72E+06
8553,9.48E+06
8554,7.88E+06
8555,1.34E+07
8556,8.72E+06
8557,1.13E+07
8558,2.28E+06
8559,3.35E+06
8560,2.67E+06
8561,4.22E+06
8562,2.84E+06
8563,1.06E+06
8564,7.69E+05
8565,6.04E+05
8566,7.45E+05
8567,1.28E+06
8568,266.55
8569,255.94
8570,374.27
8571,229.38
8572,230.59
8573,198.31
8574,261.71
8575,186.58
8576,256.66
8577,179.19
8578,215.4
8579,103.27
8580,101.38
8581,152.9
8582,105.02
8583,135.05
8584,30.597
8585,42.748
8586,38.074
8587,47.331
8588,34.497
8589,7.1934
8590,9.7103
8591,15.097
8592,13.434
8593,7.7244
8594,2.21E+08
8595,2.17E+08
8596,2.21E+08
8597,1.99E+08
8598,2.14E+08
8599,2.25E+08
8600,2.08E+08
8601,2.14E+08
8602,2.07E+08
8603,2.14E+08
8604,2.09E+08
8605,2.03E+08
8606,1.93E+08
8607,2.13E+08
8608,2.16E+08
8609,2.11E+08
8610,2.08E+08
8611,2.09E+08
8612,2.09E+08
8613,2.11E+08
8614,2.12E+08
8615,1.86E+08
8616,1.93E+08
8617,1.93E+08
8618,2.13E+08
8619,2.12E+08
8620,1.97E+08
8621,2.04E+08
8622,2.11E+08
8623,2.09E+08
8624,2.11E+08
8625,2.17E+08
8626,1.52E+08
8627,1.86E+08
8628,1.90E+08
8629,2.12E+08
8630,1.89E+08
8631,1.92E+08
8632,1.95E+08
8633,2.10E+08
8634,1.83E+08
8635,2.14E+08
8636,2.18E+08
8637,2.22E+08
8638,1.55E+08
8639,1.59E+08
8640,1.91E+08
8641,1.87E+08
8642,2.13E+08
8643,1.86E+08
8644,2.06E+08
8645,2.13E+08
8646,2.30E+08
8647,2.28E+08
8648,1.41E+08
8649,1.63E+08
8650,1.28E+08
8651,2.15E+08
8652,1.90E+08
8653,1.66E+08
8654,1.92E+08
8655,1.97E+08
8656,2.28E+08
8657,1.84E+08
8658,2.01E+08
8659,2.14E+08
8660,2.09E+08
8661,2.24E+08
8662,1.38E+08
8663,1.48E+08
8664,2.12E+08
8665,1.86E+08
8666,2.02E+08
8667,1.86E+08
8668,1.63E+08
8669,1.95E+08
8670,2.20E+08
8671,2.09E+08
8672,2.26E+08
8673,2.21E+08
8674,1.34E+08
8675,1.50E+08
8676,2.02E+08
8677,1.81E+08
8678,2.20E+08
8679,2.10E+08
8680,2.07E+08
8681,2.16E+08
8682,2.22E+08
8683,1.29E+08
8684,1.81E+08
8685,1.45E+08
8686,2.15E+08
8687,1.97E+08
8688,1.85E+08
8689,1.93E+08
8690,2.20E+08
8691,1.78E+08
8692,2.06E+08
8693,2.06E+08
8694,1.84E+08
8695,2.11E+08
8696,2.14E+08
8697,2.13E+08
8698,2.18E+08
8699,1.84E+08
8700,1.79E+08
8701,1.82E+08
8702,2.14E+08
8703,1.98E+08
8704,2.11E+08
8705,2.12E+08
8706,2.01E+08
8707,1.96E+08
8708,1.94E+08
8709,2.04E+08
8710,2.08E+08
8711,2.10E+08
8712,1.90E+08
8713,1.98E+08
8714,2.12E+08
8715,2.11E+08
8716,2.16E+08
8717,2.07E+08
8718,2.11E+08
8719,2.13E+08
8720,2.06E+08
8721,2.04E+08
8722,2.7506
8723,10.78
8724,5.9435
8725,11.246
8726,2.59
8727,4.9448
8728,5.3629
8729,2.4859
8730,5.166
8731,4.4226
8732,2.1666
8733,2.3756
8734,2.9855
8735,3.9626
8736,3.1333
8737,2.4639
8738,1.9354
8739,5.7735
8740,5.7492
8741,2.7205
8742,5.854
8743,2.8618
8744,2.7159
8745,5.4798
8746,6.966
8747,6.9928
8748,6.9016
8749,3.675
8750,2.84E+08
8751,3.05E+08
8752,2.76E+08
8753,3.17E+08
8754,2.99E+08
8755,2.99E+08
8756,2.43E+08
8757,2.61E+08
8758,2.44E+08
8759,2.55E+08
8760,2.78E+08
8761,2.56E+08
8762,2.62E+08
8763,2.52E+08
8764,2.26E+08
8765,2.39E+08
8766,2.05E+08
8767,2.40E+08
8768,2.36E+08
8769,1.35E+08
8770,2.30E+08
8771,2.31E+08
8772,2.30E+08
8773,2.22E+08
8774,1.99E+08
8775,2.15E+08
8776,1.54E+08
8777,2.29E+08
8778,2.14E+08
8779,1.55E+08
8780,2.15E+08
8781,1.37E+08
8782,1.31E+08
8783,1.78E+08
8784,1.91E+08
8785,1.95E+08
8786,1.80E+08
8787,1.56E+08
8788,1.07E+08
8789,1.38E+08
8790,1.30E+08
8791,1.38E+08
8792,1.44E+08
8793,1.34E+08
8794,1.33E+08
8795,1.28E+08
8796,1.23E+08
8797,1.11E+08
8798,1.07E+08
8799,1.82E+08
8800,1.88E+08
8801,1.91E+08
8802,1.36E+08
8803,8.68E+07
8804,1.29E+08
8805,1.51E+08
8806,1.80E+08
8807,2.01E+08
8808,2.04E+08
8809,2.01E+08
8810,1.46E+08
8811,1.34E+08
8812,2.02E+08
8813,1.95E+08
8814,1.90E+08
8815,1.98E+08
8816,2.09E+08
8817,1.99E+08
8818,1.80E+08
8819,1.96E+08
8820,2.05E+08
8821,1.88E+08
8822,2.04E+08
8823,1.87E+08
8824,1.95E+08
8825,1.94E+08
8826,1.89E+08
8827,2.01E+08
8828,1.93E+08
8829,2.02E+08
8830,1.67E+08
8831,1.85E+08
8832,1.18E+08
8833,1.55E+08
8834,1.72E+08
8835,1.77E+08
8836,1.92E+08
8837,1.78E+08
8838,1.91E+08
8839,1.21E+08
8840,1.72E+08
8841,1.81E+08
8842,2.08E+08
8843,2.06E+08
8844,1.97E+08
8845,1.94E+08
8846,1.93E+08
8847,2.04E+08
8848,1.94E+08
8849,2.06E+08
8850,2.01E+08
8851,2.02E+08
8852,1.92E+08
8853,1.69E+08
8854,1.92E+08
8855,1.99E+08
8856,1.63E+08
8857,2.09E+08
8858,1.67E+08
8859,2.00E+08
8860,1.99E+08
8861,2.03E+08
8862,1.41E+08
8863,1.83E+08
8864,2.02E+08
8865,7.70E+07
8866,1.57E+08
8867,1.96E+08
8868,1.30E+08
8869,1.75E+08
8870,1.25E+08
8871,9.60E+07
8872,1.62E+08
8873,1.14E+08
8874,9.93E+07
8875,1.69E+08
8876,1.28E+08
8877,1.57E+08
8878,1.63E+08
8879,1.62E+08
8880,1.18E+08
8881,1.14E+08
8882,9.94E+07
8883,9.34E+07
8884,1.47E+08
8885,1.48E+08
8886,2.08E+08
8887,1.40E+08
8888,1.61E+08
8889,2.08E+08
8890,2.07E+08
8891,1.94E+08
8892,1.73E+08
8893,1.27E+08
8894,1.51E+08
8895,2.30E+08
8896,1.37E+08
8897,1.95E+08
8898,2.31E+08
8899,1.92E+08
8900,2.17E+08
8901,1.41E+08
8902,2.18E+08
8903,2.46E+08
8904,1.83E+08
8905,2.41E+08
8906,2.42E+08
8907,2.40E+08
8908,2.00E+08
8909,2.36E+08
8910,2.38E+08
8911,2.26E+08
8912,2.82E+08
8913,2.39E+08
8914,2.61E+08
8915,2.56E+08
8916,2.66E+08
8917,2.79E+08
8918,2.41E+08
8919,2.54E+08
8920,2.42E+08
8921,2.75E+08
8922,2.95E+08
8923,3.18E+08
8924,2.90E+08
8925,3.02E+08
8926,2.41E+08
8927,2.49E+08
8928,2.25E+08
8929,2.32E+08
8930,2.40E+08
8931,2.50E+08
8932,2.45E+08
8933,2.33E+08
8934,2.44E+08
8935,2.35E+08
8936,2.26E+08
8937,2.23E+08
8938,2.50E+08
8939,2.49E+08
8940,2.46E+08
8941,2.44E+08
8942,2.34E+08
8943,2.35E+08
8944,2.43E+08
8945,2.44E+08
8946,2.66E+08
8947,2.54E+08
8948,2.38E+08
8949,2.50E+08
8950,2.43E+08
8951,2.51E+08
8952,2.52E+08
8953,2.72E+08
8954,2.61E+08
8955,2.54E+08
8956,2.39E+08
8957,2.61E+08
8958,2.51E+08
8959,2.62E+08
8960,2.53E+08
8961,2.39E+08
8962,2.51E+08
8963,2.43E+08
8964,2.51E+08
8965,2.27E+08
8966,2.47E+08
8967,2.28E+08
8968,2.40E+08
8969,2.61E+08
8970,2.61E+08
8971,2.87E+08
8972,2.68E+08
8973,2.45E+08
8974,2.60E+08
8975,2.43E+08
8976,2.60E+08
8977,2.62E+08
8978,2.63E+08
8979,2.51E+08
8980,2.52E+08
8981,2.48E+08
8982,2.49E+08
8983,2.51E+08
8984,2.48E+08
8985,2.52E+08
8986,2.39E+08
8987,2.26E+08
8988,2.49E+08
8989,2.48E+08
8990,2.62E+08
8991,2.54E+08
8992,2.52E+08
8993,2.52E+08
8994,2.39E+08
8995,2.52E+08
8996,2.56E+08
8997,2.48E+08
8998,2.61E+08
8999,2.74E+08
9000,2.58E+08
9001,2.29E+08
9002,2.55E+08
9003,2.60E+08
9004,2.47E+08
9005,2.52E+08
9006,2.51E+08
9007,2.65E+08
9008,2.55E+08
9009,2.29E+08
9010,2.51E+08
9011,2.51E+08
9012,2.42E+08
9013,2.66E+08
9014,2.73E+08
9015,2.96E+08
9016,2.50E+08
9017,2.65E+08
9018,2.64E+08
9019,2.52E+08
9020,2.70E+08
9021,2.55E+08
9022,2.66E+08
9023,2.59E+08
9024,3.26E+08
9025,2.87E+08
9026,2.99E+08
9027,2.70E+08
9028,2.88E+08
9029,2.63E+08
9030,2.85E+08
9031,2.76E+08
9032,2.90E+08
9033,2.85E+08
9034,2.65E+08
9035,2.56E+08
9036,2.42E+08
9037,2.54E+08
9038,2.52E+08
9039,2.58E+08
9040,2.52E+08
9041,3.20E+08
9042,3.58E+08
9043,3.28E+08
9044,3.14E+08
9045,3.12E+08
9046,3.10E+08
9047,2.62E+08
9048,2.82E+08
9049,2.69E+08
9050,2.63E+08
9051,2.65E+08
9052,2.72E+08
9053,2.61E+08
9054,2.55E+08
9055,2.56E+08
9056,2.42E+08
9057,2.35E+08
9058,2.47E+08
9059,2.54E+08
9060,2.81E+08
9061,2.93E+08
9062,2.64E+08
9063,2.68E+08
9064,2.66E+08
9065,2.70E+08
9066,2.66E+08
9067,3.03E+08
9068,2.81E+08
9069,2.90E+08
9070,2.83E+08
9071,2.83E+08
9072,2.85E+08
9073,3.43E+08
9074,3.57E+08
9075,3.28E+08
9076,3.31E+08
9077,3.39E+08
9078,3.29E+08
9079,3.29E+08
9080,3.00E+08
9081,2.99E+08
9082,2.94E+08
9083,2.96E+08
9084,2.92E+08
9085,2.94E+08
9086,2.95E+08
9087,2.96E+08
9088,2.77E+08
9089,2.68E+08
9090,2.62E+08
9091,2.63E+08
9092,2.65E+08
9093,2.70E+08
9094,2.64E+08
9095,2.61E+08
9096,2.61E+08
9097,2.70E+08
9098,3.17E+08
9099,3.29E+08
9100,3.16E+08
9101,3.27E+08
9102,3.13E+08
9103,2.88E+08
9104,3.01E+08
9105,2.79E+08
9106,2.77E+08
9107,2.85E+08
9108,2.76E+08
9109,2.77E+08
9110,2.80E+08
9111,2.80E+08
9112,2.76E+08
9113,2.74E+08
9114,2.77E+08
9115,2.79E+08
9116,2.74E+08
9117,2.98E+08
9118,2.97E+08
9119,2.94E+08
9120,2.83E+08
9121,3.07E+08
9122,2.61E+08
9123,2.60E+08
9124,2.66E+08
9125,2.64E+08
9126,2.65E+08
9127,2.63E+08
9128,2.53E+08
9129,2.42E+08
9130,2.38E+08
9131,2.49E+08
9132,2.57E+08
9133,2.30E+08
9134,2.55E+08
9135,2.54E+08
9136,2.60E+08
9137,2.55E+08
9138,2.45E+08
9139,2.55E+08
9140,2.58E+08
9141,2.44E+08
9142,2.33E+08
9143,2.58E+08
9144,2.29E+08
9145,2.54E+08
9146,2.48E+08
9147,2.56E+08
9148,2.42E+08
9149,2.59E+08
9150,2.63E+08
9151,2.62E+08
9152,2.56E+08
9153,2.61E+08
9154,1.72E+08
9155,1.74E+08
9156,1.96E+08
9157,1.62E+08
9158,1.65E+08
9159,1.77E+08
9160,2.95E+08
9161,2.79E+08
9162,2.87E+08
9163,3.00E+08
9164,2.99E+08
9165,2.85E+08
9166,2.91E+08
9167,2.73E+08
9168,2.95E+08
9169,2.86E+08
9170,2.88E+08
9171,2.63E+08
9172,2.78E+08
9173,2.67E+08
9174,1.73E+08
9175,1.66E+08
9176,1.67E+08
9177,1.66E+08
9178,1.61E+08
9179,1.73E+08
9180,1.56E+08
9181,1.90E+08
9182,1.69E+08
9183,1.67E+08
9184,1.77E+08
9185,1.69E+08
9186,1.72E+08
9187,1.76E+08
9188,1.89E+08
9189,2.04E+08
9190,2.02E+08
9191,1.79E+08
9192,1.89E+08
9193,1.94E+08
9194,2.10E+08
9195,2.03E+08
9196,2.66E+08
9197,2.78E+08
9198,2.56E+08
9199,2.68E+08
9200,2.57E+08
9201,2.69E+08
9202,2.50E+08
9203,2.46E+08
9204,2.44E+08
9205,2.47E+08
9206,2.74E+08
9207,2.68E+08
9208,2.25E+08
9209,2.55E+08
9210,1.75E+08
9211,2.63E+08
9212,2.31E+08
9213,2.99E+08
9214,3.08E+08
9215,2.81E+08
9216,2.81E+08
9217,2.73E+08
9218,2.69E+08
9219,2.44E+08
9220,2.74E+08
9221,2.98E+08
9222,2.88E+08
9223,2.93E+08
9224,2.89E+08
9225,2.82E+08
9226,1.67E+08
9227,1.67E+08
9228,1.65E+08
9229,1.68E+08
9230,1.65E+08
9231,1.64E+08
9232,1.55E+08
9233,1.60E+08
9234,3.10E+08
9235,3.08E+08
9236,3.04E+08
9237,2.95E+08
9238,3.12E+08
9239,3.07E+08
9240,2.81E+08
9241,2.75E+08
9242,3.10E+08
9243,2.74E+08
9244,2.75E+08
9245,2.80E+08
9246,2.76E+08
9247,2.55E+08
9248,2.56E+08
9249,2.35E+08
9250,2.55E+08
9251,1.80E+08
9252,2.50E+08
9253,2.29E+08
9254,2.39E+08
9255,1.09E+08
9256,1.28E+08
9257,1.68E+08
9258,1.65E+08
9259,1.64E+08
9260,1.54E+08
9261,1.54E+08
9262,2.37E+08
9263,2.27E+08
9264,2.45E+08
9265,1.77E+08
9266,2.22E+08
9267,1.03E+08
9268,2.33E+08
9269,1.70E+08
9270,1.69E+08
9271,1.50E+08
9272,1.56E+08
9273,1.53E+08
9274,1.59E+08
9275,1.56E+08
9276,1.56E+08
9277,1.69E+08
9278,1.69E+08
9279,1.53E+08
9280,1.53E+08
9281,1.58E+08
9282,1.54E+08
9283,1.66E+08
9284,1.68E+08
9285,1.57E+08
9286,1.55E+08
9287,1.61E+08
9288,1.71E+08
9289,1.69E+08
9290,1.52E+08
9291,1.57E+08
9292,1.61E+08
9293,1.58E+08
9294,1.52E+08
9295,1.61E+08
9296,1.69E+08
9297,1.80E+08
9298,1.80E+08
9299,1.61E+08
9300,1.73E+08
9301,1.64E+08
9302,1.70E+08
9303,1.61E+08
9304,1.74E+08
9305,1.66E+08
9306,1.71E+08
9307,1.65E+08
9308,1.70E+08
9309,1.61E+08
9310,1.61E+08
9311,3.24E+08
9312,3.05E+08
9313,3.08E+08
9314,3.11E+08
9315,3.04E+08
9316,2.98E+08
9317,2.91E+08
9318,2.81E+08
9319,2.85E+08
9320,3.01E+08
9321,3.04E+08
9322,2.96E+08
9323,2.85E+08
9324,2.75E+08
9325,2.75E+08
9326,2.91E+08
9327,2.79E+08
9328,2.75E+08
9329,2.79E+08
9330,2.68E+08
9331,2.66E+08
9332,2.73E+08
9333,2.42E+08
9334,1.84E+08
9335,1.93E+08
9336,1.74E+08
9337,1.77E+08
9338,1.85E+08
9339,1.84E+08
9340,1.74E+08
9341,1.72E+08
9342,1.68E+08
9343,1.69E+08
9344,1.64E+08
9345,1.71E+08
9346,1.64E+08
9347,1.68E+08
9348,1.71E+08
9349,1.77E+08
9350,1.92E+08
9351,1.85E+08
9352,1.72E+08
9353,1.88E+08
9354,1.77E+08
9355,1.77E+08
9356,1.96E+08
9357,2.01E+08
9358,2.06E+08
9359,2.02E+08
9360,2.06E+08
9361,2.03E+08
9362,2.03E+08
9363,2.46E+08
9364,2.45E+08
9365,2.46E+08
9366,2.56E+08
9367,2.54E+08
9368,2.22E+08
9369,2.50E+08
9370,2.49E+08
9371,1.15E+08
9372,2.23E+08
9373,1.88E+08
9374,2.41E+08
9375,2.26E+08
9376,1.78E+08
9377,1.29E+08
9378,1.15E+08
9379,1.96E+08
9380,2.00E+08
9381,1.80E+08
9382,1.71E+08
9383,1.89E+08
9384,1.76E+08
9385,2.03E+08
9386,2.06E+08
9387,1.82E+08
9388,1.92E+08
9389,2.04E+08
9390,1.96E+08
9391,2.05E+08
9392,1.94E+08
9393,2.07E+08
9394,1.90E+08
9395,1.97E+08
9396,2.10E+08
9397,1.90E+08
9398,1.94E+08
9399,1.99E+08
9400,2.05E+08
9401,2.07E+08
9402,2.06E+08
9403,2.09E+08
9404,1.84E+08
9405,1.83E+08
9406,1.69E+08
9407,1.71E+08
9408,1.79E+08
9409,1.80E+08
9410,2.02E+08
9411,1.94E+08
9412,2.02E+08
9413,1.99E+08
9414,2.02E+08
9415,1.91E+08
9416,1.93E+08
9417,2.03E+08
9418,1.95E+08
9419,2.02E+08
9420,1.84E+08
9421,2.03E+08
9422,1.92E+08
9423,1.84E+08
9424,2.04E+08
9425,2.00E+08
9426,1.92E+08
9427,2.06E+08
9428,2.13E+08
9429,2.06E+08
9430,2.04E+08
9431,2.16E+08
9432,2.13E+08
9433,2.04E+08
9434,2.07E+08
9435,2.06E+08
9436,2.05E+08
9437,1.85E+08
9438,2.00E+08
9439,1.89E+08
9440,2.04E+08
9441,2.15E+08
9442,2.23E+08
9443,2.08E+08
9444,2.21E+08
9445,2.08E+08
9446,2.19E+08
9447,2.10E+08
9448,2.09E+08
9449,2.23E+08
9450,2.29E+08
9451,2.21E+08
9452,2.24E+08
9453,2.20E+08
9454,2.13E+08
9455,2.10E+08
9456,2.06E+08
9457,2.10E+08
9458,2.37E+08
9459,2.21E+08
9460,2.31E+08
9461,2.42E+08
9462,2.42E+08
9463,2.33E+08
9464,2.38E+08
9465,2.30E+08
9466,2.44E+08
9467,2.50E+08
9468,2.41E+08
9469,2.30E+08
9470,2.46E+08
9471,2.37E+08
9472,2.31E+08
9473,2.42E+08
9474,2.44E+08
9475,2.48E+08
9476,2.06E+08
9477,2.21E+08
9478,2.09E+08
9479,2.05E+08
9480,2.18E+08
9481,2.09E+08
9482,1.71E+08
9483,1.87E+08
9484,1.78E+08
9485,2.18E+08
9486,2.16E+08
9487,2.00E+08
9488,2.07E+08
9489,2.09E+08
9490,2.21E+08
9491,2.14E+08
9492,2.42E+08
9493,2.36E+08
9494,2.24E+08
9495,2.42E+08
9496,2.37E+08
9497,2.21E+08
9498,2.34E+08
9499,2.29E+08
9500,2.53E+08
9501,2.54E+08
9502,2.45E+08
9503,2.51E+08
9504,2.51E+08
9505,2.47E+08
9506,2.54E+08
9507,2.48E+08
9508,2.55E+08
9509,2.59E+08
9510,2.53E+08
9511,2.54E+08
9512,2.57E+08
9513,2.57E+08
9514,2.56E+08
9515,2.46E+08
9516,2.31E+08
9517,2.30E+08
9518,2.35E+08
9519,2.45E+08
9520,2.41E+08
9521,2.47E+08
9522,2.41E+08
9523,2.41E+08
9524,2.50E+08
9525,2.53E+08
9526,2.51E+08
9527,2.54E+08
9528,2.55E+08
9529,2.53E+08
9530,2.22E+08
9531,2.21E+08
9532,2.30E+08
9533,2.20E+08
9534,2.31E+08
9535,2.25E+08
9536,2.09E+08
9537,2.29E+08
9538,2.21E+08
9539,2.18E+08
9540,2.32E+08
9541,2.14E+08
9542,2.33E+08
9543,2.41E+08
9544,2.35E+08
9545,2.25E+08
9546,2.19E+08
9547,2.37E+08
9548,2.18E+08
9549,2.06E+08
9550,2.40E+08
9551,2.28E+08
9552,2.32E+08
9553,2.40E+08
9554,2.43E+08
9555,2.30E+08
9556,2.45E+08
9557,2.39E+08
9558,2.04E+08
9559,9.04E+07
9560,2.11E+08
9561,2.02E+08
9562,1.97E+08
9563,2.09E+08
9564,1.85E+08
9565,1.94E+08
9566,1.89E+08
9567,2.08E+08
9568,1.63E+08
9569,2.02E+08
9570,2.30E+08
9571,2.54E+08
9572,2.46E+08
9573,2.46E+08
9574,2.50E+08
9575,2.51E+08
9576,2.52E+08
9577,2.48E+08
9578,2.54E+08
9579,1.72E+08
9580,2.19E+08
9581,2.28E+08
9582,2.33E+08
9583,2.24E+08
9584,2.34E+08
9585,1.91E+08
9586,2.02E+08
9587,1.89E+08
9588,1.58E+08
9589,1.79E+08
9590,1.62E+08
9591,1.60E+08
9592,2.23E+08
9593,1.82E+08
9594,2.25E+08
9595,1.82E+08
9596,2.25E+08
9597,2.21E+08
9598,2.27E+08
9599,2.45E+08
9600,2.51E+08
9601,2.45E+08
9602,2.55E+08
9603,2.56E+08
9604,2.52E+08
9605,2.56E+08
9606,2.57E+08
9607,2.57E+08
9608,2.45E+08
9609,2.50E+08
9610,2.42E+08
9611,2.41E+08
9612,2.50E+08
9613,2.49E+08
9614,2.49E+08
9615,2.35E+08
9616,2.30E+08
9617,2.44E+08
9618,2.46E+08
9619,2.46E+08
9620,2.49E+08
9621,2.49E+08
9622,2.54E+08
9623,2.54E+08
9624,2.57E+08
9625,2.56E+08
9626,2.30E+08
9627,2.29E+08
9628,2.42E+08
9629,2.40E+08
9630,2.47E+08
9631,2.48E+08
9632,2.39E+08
9633,2.48E+08
9634,2.05E+08
9635,2.20E+08
9636,2.12E+08
9637,2.27E+08
9638,2.27E+08
9639,2.18E+08
9640,2.20E+08
9641,2.09E+08
9642,2.06E+08
9643,2.02E+08
9644,2.07E+08
9645,2.05E+08
9646,2.30E+08
9647,2.22E+08
9648,2.26E+08
9649,2.27E+08
9650,2.20E+08
9651,2.18E+08
9652,2.46E+08
9653,2.32E+08
9654,2.29E+08
9655,2.40E+08
9656,2.40E+08
9657,2.49E+08
9658,2.45E+08
9659,2.48E+08
9660,2.34E+08
9661,2.43E+08
9662,2.50E+08
9663,2.52E+08
9664,2.50E+08
9665,2.55E+08
9666,2.54E+08
9667,2.53E+08
9668,2.49E+08
9669,2.20E+08
9670,2.22E+08
9671,2.28E+08
9672,1.72E+08
9673,2.18E+08
9674,2.33E+08
9675,2.30E+08
9676,1.99E+08
9677,2.18E+08
9678,2.35E+08
9679,1.58E+08
9680,2.16E+08
9681,2.32E+08
9682,2.23E+08
9683,2.35E+08
9684,2.04E+08
9685,2.43E+08
9686,2.44E+08
9687,2.22E+08
9688,2.45E+08
9689,2.03E+08
9690,1.95E+08
9691,1.97E+08
9692,1.58E+08
9693,1.64E+08
9694,1.68E+08
9695,1.93E+08
9696,1.71E+08
9697,1.79E+08
9698,1.44E+08
9699,2.28E+08
9700,2.06E+08
9701,2.10E+08
9702,2.39E+08
9703,2.48E+08
9704,2.42E+08
9705,2.43E+08
9706,2.25E+08
9707,1.75E+08
9708,1.96E+08
9709,2.09E+08
9710,2.43E+08
9711,2.30E+08
9712,2.32E+08
9713,2.45E+08
9714,2.49E+08
9715,1.97E+08
9716,1.95E+08
9717,1.97E+08
9718,1.94E+08
9719,1.92E+08
9720,1.82E+08
9721,2.37E+08
9722,2.34E+08
9723,2.10E+08
9724,1.40E+08
9725,1.21E+08
9726,2.33E+08
9727,1.07E+08
9728,2.42E+08
9729,2.09E+08
9730,2.00E+08
9731,2.34E+08
9732,1.12E+08
9733,2.80E+08
9734,2.69E+08
9735,2.20E+08
9736,2.71E+08
9737,2.55E+08
9738,2.54E+08
9739,2.42E+08
9740,1.86E+08
9741,2.07E+08
9742,1.83E+08
9743,2.18E+08
9744,2.27E+08
9745,1.68E+08
9746,1.46E+08
9747,1.26E+08
9748,1.60E+08
9749,2.00E+08
9750,2.05E+08
9751,2.01E+08
9752,1.92E+08
9753,2.06E+08
9754,2.14E+08
9755,1.90E+08
9756,2.15E+08
9757,2.12E+08
9758,2.18E+08
9759,1.70E+08
9760,1.53E+08
9761,1.53E+08
9762,1.99E+08
9763,1.96E+08
9764,2.11E+08
9765,2.15E+08
9766,2.16E+08
9767,2.00E+08
9768,2.05E+08
9769,2.39E+08
9770,1.28E+08
9771,2.07E+08
9772,1.75E+08
9773,1.10E+08
9774,2.07E+08
9775,2.32E+08
9776,1.70E+08
9777,2.31E+08
9778,2.23E+08
9779,1.82E+08
9780,1.60E+08
9781,1.62E+08
9782,1.91E+08
9783,1.57E+08
9784,1.63E+08
9785,1.95E+08
9786,2.07E+08
9787,2.12E+08
9788,2.87E+08
9789,2.96E+08
9790,2.75E+08
9791,2.74E+08
9792,2.62E+08
9793,2.46E+08
9794,2.45E+08
9795,2.32E+08
9796,2.37E+08
9797,2.37E+08
9798,2.07E+08
9799,2.31E+08
9800,2.93E+08
9801,3.15E+08
9802,2.85E+08
9803,2.77E+08
9804,2.91E+08
9805,2.84E+08
9806,3.05E+08
9807,2.81E+08
9808,2.61E+08
9809,2.80E+08
9810,2.74E+08
9811,2.74E+08
9812,3.20E+08
9813,3.29E+08
9814,2.92E+08
9815,2.92E+08
9816,2.93E+08
9817,2.85E+08
9818,2.92E+08
9819,2.87E+08
9820,2.51E+08
9821,2.57E+08
9822,2.66E+08
9823,2.59E+08
9824,2.64E+08
9825,2.72E+08
9826,2.54E+08
9827,3.18E+08
9828,3.26E+08
9829,2.87E+08
9830,3.29E+08
9831,2.97E+08
9832,2.89E+08
9833,2.95E+08
9834,2.93E+08
9835,3.41E+08
9836,2.97E+08
9837,3.04E+08
9838,2.95E+08
9839,3.21E+08
9840,3.46E+08
9841,3.16E+08
9842,3.06E+08
9843,3.01E+08
9844,2.95E+08
9845,3.10E+08
9846,2.70E+08
9847,2.76E+08
9848,2.82E+08
9849,2.69E+08
9850,2.72E+08
9851,3.36E+08
9852,3.16E+08
9853,2.92E+08
9854,3.00E+08
9855,2.82E+08
9856,3.08E+08
9857,2.91E+08
9858,4.38E+08
9859,4.35E+08
9860,4.01E+08
9861,3.66E+08
9862,3.82E+08
9863,3.78E+08
9864,3.84E+08
9865,3.74E+08
9866,3.75E+08
9867,3.79E+08
9868,4.37E+08
9869,3.81E+08
9870,3.74E+08
9871,3.82E+08
9872,3.88E+08
9873,4.02E+08
9874,3.77E+08
9875,4.31E+08
9876,3.80E+08
9877,3.85E+08
9878,3.78E+08
9879,3.72E+08
9880,4.18E+08
9881,4.29E+08
9882,3.87E+08
9883,3.77E+08
9884,3.81E+08
9885,3.88E+08
9886,3.71E+08
9887,4.14E+08
9888,3.57E+08
9889,3.74E+08
9890,3.67E+08
9891,3.56E+08
9892,3.60E+08
9893,3.58E+08
9894,3.79E+08
9895,4.33E+08
9896,3.77E+08
9897,3.77E+08
9898,3.86E+08
9899,3.75E+08
9900,4.37E+08
9901,3.80E+08
9902,3.81E+08
9903,3.74E+08
9904,3.79E+08
9905,3.80E+08
9906,3.55E+08
9907,3.72E+08
9908,4.14E+08
9909,3.63E+08
9910,3.64E+08
9911,3.71E+08
9912,3.59E+08
9913,3.61E+08
9914,3.73E+08
9915,4.30E+08
9916,3.79E+08
9917,3.70E+08
9918,3.79E+08
9919,3.93E+08
9920,4.28E+08
9921,3.76E+08
9922,3.75E+08
9923,3.78E+08
9924,3.76E+08
9925,3.91E+08
9926,4.40E+08
9927,3.93E+08
9928,3.87E+08
9929,3.79E+08
9930,3.86E+08
9931,4.02E+08
9932,4.32E+08
9933,3.72E+08
9934,3.75E+08
9935,3.87E+08
9936,3.69E+08
9937,3.47E+08
9938,4.01E+08
9939,4.49E+08
9940,4.36E+08
9941,3.82E+08
9942,3.86E+08
9943,3.89E+08
9944,3.76E+08
9945,3.61E+08
9946,4.31E+08
9947,4.34E+08
9948,3.84E+08
9949,3.92E+08
9950,3.80E+08
9951,4.23E+08
9952,4.54E+08
9953,4.39E+08
9954,4.37E+08
9955,3.98E+08
9956,4.08E+08
9957,3.98E+08
9958,4.02E+08
9959,4.24E+08
9960,3.77E+08
9961,3.75E+08
9962,3.74E+08
9963,3.55E+08
9964,4.05E+08
9965,4.42E+08
9966,4.36E+08
9967,3.77E+08
9968,3.82E+08
9969,3.96E+08
9970,3.91E+08
9971,3.74E+08
9972,3.80E+08
9973,3.88E+08
9974,4.30E+08
9975,3.71E+08
9976,3.72E+08
9977,3.80E+08
9978,3.55E+08
9979,4.44E+08
9980,3.97E+08
9981,3.87E+08
9982,3.89E+08
9983,3.84E+08
9984,3.82E+08
9985,4.66E+08
9986,3.99E+08
9987,4.03E+08
9988,4.06E+08
9989,4.01E+08
9990,3.74E+08
9991,4.14E+08
9992,3.64E+08
9993,3.60E+08
9994,3.63E+08
9995,3.69E+08
9996,3.43E+08
9997,3.68E+08
9998,4.27E+08
9999,3.70E+08
10000,3.62E+08
10001,3.68E+08
10002,3.74E+08
10003,3.79E+08
10004,4.13E+08
10005,3.62E+08
10006,3.64E+08
10007,3.73E+08
10008,3.77E+08
10009,4.27E+08
10010,3.77E+08
10011,3.63E+08
10012,3.72E+08
10013,3.69E+08
10014,4.08E+08
10015,3.59E+08
10016,3.62E+08
10017,3.61E+08
10018,3.57E+08
10019,3.62E+08
10020,4.23E+08
10021,3.73E+08
10022,3.61E+08
10023,3.66E+08
10024,3.95E+08
10025,4.03E+08
10026,3.58E+08
10027,3.60E+08
10028,3.54E+08
10029,3.56E+08
10030,3.86E+08
10031,4.23E+08
10032,3.71E+08
10033,3.82E+08
10034,3.76E+08
10035,3.61E+08
10036,3.96E+08
10037,3.56E+08
10038,3.58E+08
10039,3.47E+08
10040,3.66E+08
10041,4.05E+08
10042,3.66E+08
10043,3.56E+08
10044,3.61E+08
10045,3.57E+08
10046,3.63E+08
10047,3.86E+08
10048,3.51E+08
10049,3.48E+08
10050,3.46E+08
10051,3.55E+08
10052,3.57E+08
10053,3.90E+08
10054,3.46E+08
10055,3.35E+08
10056,3.50E+08
10057,3.21E+08
10058,3.43E+08
10059,4.52E+08
10060,4.43E+08
10061,4.21E+08
10062,4.04E+08
10063,3.97E+08
10064,3.98E+08
10065,4.04E+08
10066,4.16E+08
10067,3.98E+08
10068,3.88E+08
10069,3.88E+08
10070,3.92E+08
10071,3.80E+08
10072,3.62E+08
10073,3.82E+08
10074,3.72E+08
10075,4.32E+08
10076,3.61E+08
10077,3.51E+08
10078,3.77E+08
10079,3.73E+08
10080,3.86E+08
10081,3.58E+08
10082,4.37E+08
10083,4.40E+08
10084,3.86E+08
10085,3.84E+08
10086,3.82E+08
10087,3.98E+08
10088,4.30E+08
10089,3.74E+08
10090,3.79E+08
10091,3.77E+08
10092,3.86E+08
10093,3.69E+08
10094,3.78E+08
10095,3.89E+08
10096,3.76E+08
10097,4.01E+08
10098,3.91E+08
10099,4.25E+08
10100,3.75E+08
10101,3.78E+08
10102,3.81E+08
10103,3.82E+08
10104,3.88E+08
10105,4.43E+08
10106,3.75E+08
10107,3.77E+08
10108,3.68E+08
10109,3.87E+08
10110,4.02E+08
10111,4.20E+08
10112,3.70E+08
10113,3.61E+08
10114,3.82E+08
10115,3.76E+08
10116,3.51E+08
10117,3.84E+08
10118,4.24E+08
10119,4.47E+08
10120,3.95E+08
10121,3.81E+08
10122,3.80E+08
10123,3.91E+08
10124,4.27E+08
10125,3.70E+08
10126,3.82E+08
10127,3.80E+08
10128,4.09E+08
10129,4.30E+08
10130,3.91E+08
10131,3.83E+08
10132,3.95E+08
10133,4.46E+08
10134,4.38E+08
10135,3.91E+08
10136,3.87E+08
10137,3.86E+08
10138,3.72E+08
10139,3.79E+08
10140,3.76E+08
10141,3.90E+08
10142,3.89E+08
10143,3.87E+08
10144,3.87E+08
10145,3.84E+08
10146,3.83E+08
10147,4.26E+08
10148,3.77E+08
10149,3.75E+08
10150,3.74E+08
10151,4.13E+08
10152,3.77E+08
10153,3.75E+08
10154,3.71E+08
10155,3.63E+08
10156,4.13E+08
10157,3.61E+08
10158,3.65E+08
10159,3.55E+08
10160,3.59E+08
10161,3.36E+08
10162,3.44E+08
10163,3.88E+08
10164,4.14E+08
10165,3.65E+08
10166,3.69E+08
10167,3.72E+08
10168,3.75E+08
10169,4.28E+08
10170,3.73E+08
10171,3.71E+08
10172,3.67E+08
10173,3.61E+08
10174,3.53E+08
10175,3.56E+08
10176,3.75E+08
10177,4.10E+08
10178,3.59E+08
10179,3.53E+08
10180,3.69E+08
10181,3.64E+08
10182,3.71E+08
10183,4.31E+08
10184,4.30E+08
10185,3.76E+08
10186,3.81E+08
10187,3.80E+08
10188,4.06E+08
10189,4.09E+08
10190,3.60E+08
10191,3.68E+08
10192,3.68E+08
10193,4.10E+08
10194,4.14E+08
10195,3.84E+08
10196,3.91E+08
10197,3.69E+08
10198,3.81E+08
10199,4.10E+08
10200,4.10E+08
10201,3.80E+08
10202,3.51E+08
10203,3.61E+08
10204,3.59E+08
10205,3.77E+08
10206,3.59E+08
10207,4.11E+08
10208,3.58E+08
10209,3.54E+08
10210,3.52E+08
10211,3.52E+08
10212,3.46E+08
10213,3.31E+08
10214,3.45E+08
10215,3.44E+08
10216,3.94E+08
10217,3.49E+08
10218,3.52E+08
10219,3.47E+08
10220,3.48E+08
10221,3.95E+08
10222,4.07E+08
10223,3.62E+08
10224,3.74E+08
10225,3.76E+08
10226,3.46E+08
10227,3.84E+08
10228,3.36E+08
10229,3.42E+08
10230,3.21E+08
10231,3.41E+08
10232,3.66E+08
10233,3.32E+08
10234,3.57E+08
10235,3.53E+08
10236,3.68E+08
10237,3.79E+08
10238,3.69E+08
10239,3.49E+08
10240,3.65E+08
10241,3.74E+08
10242,3.66E+08
10243,3.45E+08
10244,3.77E+08
10245,3.37E+08
10246,3.44E+08
10247,3.43E+08
10248,3.33E+08
10249,3.92E+08
10250,3.47E+08
10251,3.42E+08
10252,3.45E+08
10253,3.44E+08
10254,3.42E+08
10255,3.68E+08
10256,3.25E+08
10257,3.32E+08
10258,3.26E+08
10259,3.33E+08
10260,3.13E+08
10261,3.46E+08
10262,3.94E+08
10263,3.84E+08
10264,3.47E+08
10265,3.48E+08
10266,3.46E+08
10267,3.77E+08
10268,3.60E+08
10269,3.33E+08
10270,3.28E+08
10271,3.29E+08
10272,3.33E+08
10273,3.77E+08
10274,3.74E+08
10275,3.61E+08
10276,3.64E+08
10277,3.52E+08
10278,3.13E+08
10279,3.21E+08
10280,3.17E+08
10281,3.19E+08
10282,3.08E+08
10283,3.17E+08
10284,3.12E+08
10285,2.94E+08
10286,3.28E+08
10287,3.28E+08
10288,3.33E+08
10289,3.32E+08
10290,3.40E+08
10291,3.14E+08
10292,3.02E+08
10293,3.16E+08
10294,3.18E+08
10295,3.13E+08
10296,3.11E+08
10297,3.48E+08
10298,3.35E+08
10299,3.06E+08
10300,3.12E+08
10301,3.02E+08
10302,3.02E+08
10303,3.08E+08
10304,3.17E+08
10305,3.17E+08
10306,3.30E+08
10307,3.04E+08
10308,3.07E+08
10309,2.97E+08
10310,2.94E+08
10311,2.91E+08
10312,2.95E+08
10313,3.63E+08
10314,3.60E+08
10315,3.41E+08
10316,3.28E+08
10317,3.18E+08
10318,3.22E+08
10319,3.19E+08
10320,3.38E+08
10321,3.27E+08
10322,3.67E+08
10323,3.18E+08
10324,3.18E+08
10325,3.15E+08
10326,3.14E+08
10327,3.07E+08
10328,3.21E+08
10329,3.09E+08
10330,3.50E+08
10331,3.11E+08
10332,3.06E+08
10333,3.12E+08
10334,3.11E+08
10335,3.63E+08
10336,3.66E+08
10337,3.17E+08
10338,3.18E+08
10339,3.29E+08
10340,3.33E+08
10341,3.53E+08
10342,3.19E+08
10343,3.09E+08
10344,3.21E+08
10345,3.27E+08
10346,3.34E+08
10347,3.69E+08
10348,3.21E+08
10349,3.20E+08
10350,3.33E+08
10351,3.31E+08
10352,3.21E+08
10353,3.32E+08
10354,3.81E+08
10355,3.29E+08
10356,3.25E+08
10357,3.23E+08
10358,3.29E+08
10359,3.41E+08
10360,3.75E+08
10361,3.33E+08
10362,3.21E+08
10363,3.39E+08
10364,3.37E+08
10365,3.41E+08
10366,3.91E+08
10367,3.34E+08
10368,3.38E+08
10369,3.38E+08
10370,3.37E+08
10371,3.54E+08
10372,3.79E+08
10373,3.37E+08
10374,3.29E+08
10375,3.40E+08
10376,3.41E+08
10377,3.46E+08
10378,3.71E+08
10379,3.90E+08
10380,3.46E+08
10381,3.40E+08
10382,3.52E+08
10383,3.52E+08
10384,3.85E+08
10385,3.25E+08
10386,3.42E+08
10387,3.40E+08
10388,3.44E+08
10389,3.86E+08
10390,3.52E+08
10391,3.13E+08
10392,3.43E+08
10393,3.52E+08
10394,3.58E+08
10395,3.44E+08
10396,3.11E+08
10397,3.46E+08
10398,3.10E+08
10399,3.16E+08
10400,3.09E+08
10401,3.18E+08
10402,3.07E+08
10403,3.46E+08
10404,3.03E+08
10405,3.06E+08
10406,3.08E+08
10407,3.10E+08
10408,3.11E+08
10409,3.35E+08
10410,3.13E+08
10411,3.07E+08
10412,3.02E+08
10413,3.10E+08
10414,3.00E+08
10415,3.36E+08
10416,3.40E+08
10417,3.00E+08
10418,3.11E+08
10419,3.04E+08
10420,3.04E+08
10421,3.25E+08
10422,3.31E+08
10423,2.95E+08
10424,3.02E+08
10425,2.92E+08
10426,3.02E+08
10427,3.01E+08
10428,2.87E+08
10429,3.33E+08
10430,3.28E+08
10431,3.15E+08
10432,3.15E+08
10433,2.94E+08
10434,3.40E+08
10435,3.38E+08
10436,3.48E+08
10437,3.45E+08
10438,3.27E+08
10439,3.34E+08
10440,3.24E+08
10441,3.36E+08
10442,3.51E+08
10443,3.33E+08
10444,3.34E+08
10445,3.10E+08
10446,2.77E+08
10447,2.94E+08
10448,3.23E+08
10449,2.95E+08
10450,2.89E+08
10451,2.93E+08
10452,2.79E+08
10453,2.64E+08
10454,2.79E+08
10455,2.81E+08
10456,2.72E+08
10457,2.62E+08
10458,3.04E+08
10459,2.76E+08
10460,2.88E+08
10461,2.77E+08
10462,2.76E+08
10463,2.88E+08
10464,3.25E+08
10465,3.04E+08
10466,2.75E+08
10467,2.76E+08
10468,2.86E+08
10469,3.00E+08
10470,3.01E+08
10471,2.97E+08
10472,3.00E+08
10473,2.63E+08
10474,2.91E+08
10475,2.62E+08
10476,2.66E+08
10477,2.62E+08
10478,2.66E+08
10479,2.68E+08
10480,2.46E+08
10481,2.61E+08
10482,2.97E+08
10483,2.72E+08
10484,2.67E+08
10485,2.72E+08
10486,2.82E+08
10487,2.62E+08
10488,2.57E+08
10489,2.83E+08
10490,2.60E+08
10491,2.59E+08
10492,2.57E+08
10493,2.65E+08
10494,2.47E+08
10495,2.48E+08
10496,2.90E+08
10497,2.65E+08
10498,2.72E+08
10499,2.71E+08
10500,2.63E+08
10501,2.74E+08
10502,2.56E+08
10503,2.52E+08
10504,2.50E+08
10505,2.42E+08
10506,2.43E+08
10507,2.62E+08
10508,2.78E+08
10509,2.67E+08
10510,2.67E+08
10511,2.64E+08
10512,2.51E+08
10513,2.36E+08
10514,2.42E+08
10515,2.47E+08
10516,2.46E+08
10517,2.41E+08
10518,2.56E+08
10519,2.52E+08
10520,2.56E+08
10521,2.61E+08
10522,2.56E+08
10523,3.04E+08
10524,3.06E+08
10525,3.05E+08
10526,2.56E+08
10527,2.60E+08
10528,2.31E+08
10529,2.37E+08
10530,2.46E+08
10531,2.37E+08
10532,2.88E+08
10533,2.98E+08
10534,2.78E+08
10535,3.04E+08
10536,2.74E+08
10537,2.62E+08
10538,2.80E+08
10539,2.75E+08
10540,2.68E+08
10541,3.18E+08
10542,2.83E+08
10543,2.89E+08
10544,2.82E+08
10545,2.88E+08
10546,3.05E+08
10547,3.32E+08
10548,2.95E+08
10549,3.00E+08
10550,2.97E+08
10551,2.81E+08
10552,2.87E+08
10553,2.56E+08
10554,2.53E+08
10555,2.68E+08
10556,2.59E+08
10557,2.50E+08
10558,3.16E+08
10559,2.93E+08
10560,2.89E+08
10561,2.84E+08
10562,2.72E+08
10563,2.85E+08
10564,2.80E+08
10565,4.10E+08
10566,4.34E+08
10567,3.92E+08
10568,3.77E+08
10569,3.72E+08
10570,3.74E+08
10571,3.71E+08
10572,3.57E+08
10573,3.55E+08
10574,3.77E+08
10575,3.54E+08
10576,4.15E+08
10577,3.54E+08
10578,3.57E+08
10579,3.50E+08
10580,3.28E+08
10581,3.42E+08
10582,3.40E+08
10583,3.45E+08
10584,3.94E+08
10585,3.86E+08
10586,4.40E+08
10587,3.81E+08
10588,3.84E+08
10589,3.80E+08
10590,3.87E+08
10591,4.17E+08
10592,4.12E+08
10593,3.62E+08
10594,3.52E+08
10595,3.56E+08
10596,3.73E+08
10597,3.72E+08
10598,4.19E+08
10599,3.67E+08
10600,3.74E+08
10601,3.63E+08
10602,3.70E+08
10603,3.76E+08
10604,4.05E+08
10605,3.62E+08
10606,3.58E+08
10607,3.56E+08
10608,3.67E+08
10609,3.48E+08
10610,3.63E+08
10611,4.24E+08
10612,3.74E+08
10613,3.73E+08
10614,3.63E+08
10615,4.01E+08
10616,3.51E+08
10617,3.49E+08
10618,3.58E+08
10619,3.48E+08
10620,3.37E+08
10621,3.39E+08
10622,3.69E+08
10623,4.16E+08
10624,3.59E+08
10625,3.66E+08
10626,3.55E+08
10627,3.64E+08
10628,3.58E+08
10629,3.51E+08
10630,3.63E+08
10631,3.97E+08
10632,3.58E+08
10633,3.63E+08
10634,3.52E+08
10635,3.54E+08
10636,3.44E+08
10637,4.10E+08
10638,4.15E+08
10639,3.61E+08
10640,3.64E+08
10641,3.64E+08
10642,3.53E+08
10643,3.89E+08
10644,3.90E+08
10645,3.40E+08
10646,3.52E+08
10647,3.38E+08
10648,3.44E+08
10649,3.45E+08
10650,4.00E+08
10651,3.92E+08
10652,3.92E+08
10653,3.70E+08
10654,3.59E+08
10655,3.79E+08
10656,3.85E+08
10657,4.26E+08
10658,3.69E+08
10659,3.71E+08
10660,3.66E+08
10661,3.75E+08
10662,3.88E+08
10663,4.37E+08
10664,3.70E+08
10665,3.71E+08
10666,3.78E+08
10667,3.83E+08
10668,3.74E+08
10669,3.96E+08
10670,4.22E+08
10671,3.71E+08
10672,3.81E+08
10673,3.80E+08
10674,3.74E+08
10675,4.15E+08
10676,4.36E+08
10677,3.74E+08
10678,3.76E+08
10679,3.71E+08
10680,3.75E+08
10681,4.16E+08
10682,3.74E+08
10683,3.66E+08
10684,3.67E+08
10685,3.58E+08
10686,4.11E+08
10687,4.30E+08
10688,3.79E+08
10689,3.87E+08
10690,3.67E+08
10691,3.77E+08
10692,3.97E+08
10693,4.40E+08
10694,3.74E+08
10695,3.89E+08
10696,3.68E+08
10697,3.63E+08
10698,3.92E+08
10699,4.24E+08
10700,3.80E+08
10701,3.67E+08
10702,3.76E+08
10703,3.73E+08
10704,3.86E+08
10705,4.40E+08
10706,3.87E+08
10707,3.87E+08
10708,3.93E+08
10709,3.67E+08
10710,4.18E+08
10711,3.68E+08
10712,3.62E+08
10713,3.61E+08
10714,3.70E+08
10715,3.60E+08
10716,3.67E+08
10717,4.39E+08
10718,3.75E+08
10719,3.83E+08
10720,3.82E+08
10721,3.65E+08
10722,3.92E+08
10723,4.19E+08
10724,3.68E+08
10725,3.69E+08
10726,3.62E+08
10727,3.67E+08
10728,3.60E+08
10729,3.87E+08
10730,4.47E+08
10731,3.93E+08
10732,3.89E+08
10733,3.88E+08
10734,3.87E+08
10735,4.10E+08
10736,4.10E+08
10737,3.67E+08
10738,3.70E+08
10739,3.67E+08
10740,3.74E+08
10741,3.83E+08
10742,4.43E+08
10743,4.36E+08
10744,3.86E+08
10745,3.96E+08
10746,4.07E+08
10747,3.89E+08
10748,4.05E+08
10749,3.73E+08
10750,3.62E+08
10751,3.46E+08
10752,3.56E+08
10753,4.09E+08
10754,4.14E+08
10755,4.31E+08
10756,3.85E+08
10757,3.89E+08
10758,3.95E+08
10759,3.85E+08
10760,3.91E+08
10761,4.52E+08
10762,3.99E+08
10763,3.99E+08
10764,3.91E+08
10765,3.81E+08
10766,4.49E+08
10767,3.94E+08
10768,4.02E+08
10769,3.91E+08
10770,4.02E+08
10771,3.86E+08
10772,4.29E+08
10773,3.81E+08
10774,3.75E+08
10775,3.66E+08
10776,3.70E+08
10777,3.72E+08
10778,3.59E+08
10779,3.86E+08
10780,4.40E+08
10781,3.85E+08
10782,3.93E+08
10783,3.90E+08
10784,3.97E+08
10785,3.88E+08
10786,4.36E+08
10787,3.79E+08
10788,3.78E+08
10789,3.86E+08
10790,3.87E+08
10791,4.40E+08
10792,3.82E+08
10793,3.80E+08
10794,3.84E+08
10795,3.89E+08
10796,3.65E+08
10797,4.02E+08
10798,4.21E+08
10799,3.78E+08
10800,3.78E+08
10801,3.80E+08
10802,3.86E+08
10803,3.73E+08
10804,4.46E+08
10805,3.90E+08
10806,3.90E+08
10807,3.83E+08
10808,3.92E+08
10809,3.81E+08
10810,3.87E+08
10811,4.09E+08
10812,3.65E+08
10813,3.58E+08
10814,3.68E+08
10815,3.62E+08
10816,3.46E+08
10817,3.89E+08
10818,4.26E+08
10819,4.32E+08
10820,3.84E+08
10821,3.91E+08
10822,3.90E+08
10823,3.82E+08
10824,4.06E+08
10825,3.69E+08
10826,3.70E+08
10827,3.62E+08
10828,3.44E+08
10829,3.92E+08
10830,4.01E+08
10831,4.19E+08
10832,3.66E+08
10833,3.74E+08
10834,3.71E+08
10835,3.86E+08
10836,3.49E+08
10837,3.57E+08
10838,4.39E+08
10839,3.93E+08
10840,3.79E+08
10841,3.84E+08
10842,3.84E+08
10843,4.32E+08
10844,3.80E+08
10845,3.86E+08
10846,3.82E+08
10847,3.82E+08
10848,3.81E+08
10849,4.14E+08
10850,3.67E+08
10851,3.64E+08
10852,3.63E+08
10853,3.62E+08
10854,3.43E+08
10855,3.68E+08
10856,4.17E+08
10857,3.66E+08
10858,3.73E+08
10859,3.81E+08
10860,3.68E+08
10861,3.83E+08
10862,4.08E+08
10863,3.58E+08
10864,3.65E+08
10865,3.59E+08
10866,3.64E+08
10867,3.67E+08
10868,4.15E+08
10869,3.68E+08
10870,3.56E+08
10871,3.46E+08
10872,3.54E+08
10873,3.82E+08
10874,4.00E+08
10875,3.56E+08
10876,3.64E+08
10877,3.54E+08
10878,3.39E+08
10879,3.73E+08
10880,4.22E+08
10881,3.65E+08
10882,3.53E+08
10883,3.70E+08
10884,3.49E+08
10885,3.62E+08
10886,3.81E+08
10887,3.92E+08
10888,3.61E+08
10889,3.44E+08
10890,3.58E+08
10891,3.35E+08
10892,3.90E+08
10893,3.80E+08
10894,4.21E+08
10895,3.67E+08
10896,3.63E+08
10897,3.72E+08
10898,3.75E+08
10899,3.38E+08
10900,3.48E+08
10901,2.84E+08
10902,3.05E+08
10903,2.98E+08
10904,3.04E+08
10905,2.98E+08
10906,3.10E+08
10907,3.08E+08
10908,2.79E+08
10909,2.97E+08
10910,3.05E+08
10911,3.09E+08
10912,3.10E+08
10913,3.06E+08
10914,3.60E+08
10915,3.12E+08
10916,3.23E+08
10917,3.20E+08
10918,3.10E+08
10919,2.70E+08
10920,2.74E+08
10921,2.76E+08
10922,2.76E+08
10923,2.70E+08
10924,3.28E+08
10925,2.80E+08
10926,3.00E+08
10927,2.92E+08
10928,2.91E+08
10929,3.17E+08
10930,3.40E+08
10931,3.02E+08
10932,3.01E+08
10933,2.99E+08
10934,3.08E+08
10935,3.17E+08
10936,3.56E+08
10937,3.18E+08
10938,3.22E+08
10939,3.25E+08
10940,3.06E+08
10941,3.47E+08
10942,3.08E+08
10943,3.11E+08
10944,3.10E+08
10945,3.16E+08
10946,3.05E+08
10947,3.42E+08
10948,3.25E+08
10949,3.16E+08
10950,3.11E+08
10951,3.16E+08
10952,3.14E+08
10953,2.61E+08
10954,3.24E+08
10955,3.56E+08
10956,3.12E+08
10957,3.15E+08
10958,3.16E+08
10959,2.96E+08
10960,3.23E+08
10961,3.68E+08
10962,3.67E+08
10963,3.15E+08
10964,3.37E+08
10965,2.82E+08
10966,2.97E+08
10967,3.20E+08
10968,2.60E+08
10969,2.87E+08
10970,2.90E+08
10971,3.23E+08
10972,3.68E+08
10973,3.70E+08
10974,3.26E+08
10975,3.28E+08
10976,3.31E+08
10977,3.81E+08
10978,3.83E+08
10979,3.62E+08
10980,3.57E+08
10981,3.41E+08
10982,3.96E+08
10983,3.54E+08
10984,3.59E+08
10985,3.52E+08
10986,3.51E+08
10987,3.76E+08
10988,3.37E+08
10989,3.47E+08
10990,3.32E+08
10991,3.43E+08
10992,3.34E+08
10993,3.90E+08
10994,4.00E+08
10995,3.58E+08
10996,3.36E+08
10997,3.39E+08
10998,3.42E+08
10999,3.33E+08
11000,3.46E+08
11001,3.79E+08
11002,3.84E+08
11003,3.29E+08
11004,3.41E+08
11005,3.44E+08
11006,3.35E+08
11007,3.94E+08
11008,3.84E+08
11009,3.85E+08
11010,3.63E+08
11011,3.62E+08
11012,3.58E+08
11013,3.34E+08
11014,3.70E+08
11015,3.56E+08
11016,3.59E+08
11017,3.53E+08
11018,3.57E+08
11019,3.51E+08
11020,3.53E+08
11021,3.37E+08
11022,3.42E+08
11023,3.87E+08
11024,3.55E+08
11025,3.57E+08
11026,3.38E+08
11027,3.40E+08
11028,3.47E+08
11029,3.74E+08
11030,3.85E+08
11031,3.41E+08
11032,3.50E+08
11033,3.57E+08
11034,3.31E+08
11035,3.95E+08
11036,3.69E+08
11037,3.69E+08
11038,3.59E+08
11039,3.61E+08
11040,3.67E+08
11041,4.00E+08
11042,3.58E+08
11043,3.24E+08
11044,3.42E+08
11045,3.36E+08
11046,3.43E+08
11047,3.54E+08
11048,3.25E+08
11049,3.28E+08
11050,3.69E+08
11051,3.57E+08
11052,3.99E+08
11053,3.50E+08
11054,3.55E+08
11055,3.92E+08
11056,4.03E+08
11057,3.62E+08
11058,3.46E+08
11059,3.59E+08
11060,3.58E+08
11061,3.41E+08
11062,3.38E+08
11063,3.30E+08
11064,3.47E+08
11065,3.29E+08
11066,3.56E+08
11067,3.95E+08
11068,3.48E+08
11069,3.53E+08
11070,3.54E+08
11071,3.56E+08
11072,3.47E+08
11073,3.85E+08
11074,3.32E+08
11075,3.42E+08
11076,3.41E+08
11077,3.47E+08
11078,3.46E+08
11079,3.25E+08
11080,3.52E+08
11081,3.85E+08
11082,3.40E+08
11083,3.43E+08
11084,3.52E+08
11085,3.46E+08
11086,3.46E+08
11087,3.89E+08
11088,3.40E+08
11089,3.46E+08
11090,3.40E+08
11091,3.36E+08
11092,3.25E+08
11093,3.47E+08
11094,3.78E+08
11095,3.36E+08
11096,3.33E+08
11097,3.46E+08
11098,3.34E+08
11099,3.43E+08
11100,3.90E+08
11101,3.90E+08
11102,3.44E+08
11103,3.42E+08
11104,3.38E+08
11105,3.35E+08
11106,3.69E+08
11107,3.76E+08
11108,3.31E+08
11109,3.31E+08
11110,3.44E+08
11111,3.83E+08
11112,3.77E+08
11113,3.58E+08
11114,3.34E+08
11115,3.53E+08
11116,3.81E+08
11117,3.40E+08
11118,3.41E+08
11119,3.44E+08
11120,3.35E+08
11121,3.63E+08
11122,3.30E+08
11123,3.32E+08
11124,3.33E+08
11125,3.21E+08
11126,3.21E+08
11127,3.75E+08
11128,3.40E+08
11129,3.34E+08
11130,3.43E+08
11131,3.48E+08
11132,3.23E+08
11133,3.16E+08
11134,3.54E+08
11135,3.18E+08
11136,3.03E+08
11137,3.15E+08
11138,3.14E+08
11139,3.65E+08
11140,3.36E+08
11141,3.27E+08
11142,3.40E+08
11143,3.29E+08
11144,3.16E+08
11145,3.51E+08
11146,3.20E+08
11147,3.14E+08
11148,3.22E+08
11149,3.22E+08
11150,3.08E+08
11151,3.42E+08
11152,3.00E+08
11153,3.16E+08
11154,2.98E+08
11155,3.02E+08
11156,3.01E+08
11157,3.47E+08
11158,3.06E+08
11159,3.06E+08
11160,3.07E+08
11161,3.11E+08
11162,2.98E+08
11163,3.15E+08
11164,3.03E+08
11165,3.32E+08
11166,2.92E+08
11167,2.90E+08
11168,2.88E+08
11169,2.93E+08
11170,3.05E+08
11171,3.44E+08
11172,3.08E+08
11173,3.07E+08
11174,3.11E+08
11175,2.93E+08
11176,3.31E+08
11177,2.96E+08
11178,2.93E+08
11179,2.92E+08
11180,2.88E+08
11181,2.88E+08
11182,3.15E+08
11183,3.36E+08
11184,2.99E+08
11185,3.06E+08
11186,3.07E+08
11187,3.04E+08
11188,3.06E+08
11189,3.32E+08
11190,3.24E+08
11191,2.91E+08
11192,3.03E+08
11193,3.09E+08
11194,3.24E+08
11195,3.04E+08
11196,3.03E+08
11197,2.98E+08
11198,3.07E+08
11199,3.05E+08
11200,3.28E+08
11201,3.00E+08
11202,2.92E+08
11203,3.12E+08
11204,3.26E+08
11205,2.98E+08
11206,2.99E+08
11207,2.87E+08
11208,3.15E+08
11209,2.86E+08
11210,2.83E+08
11211,2.96E+08
11212,2.78E+08
11213,2.85E+08
11214,2.72E+08
11215,2.99E+08
11216,2.76E+08
11217,2.76E+08
11218,2.78E+08
11219,2.75E+08
11220,3.15E+08
11221,2.98E+08
11222,2.76E+08
11223,2.91E+08
11224,2.90E+08
11225,2.67E+08
11226,3.03E+08
11227,2.84E+08
11228,2.79E+08
11229,2.86E+08
11230,2.81E+08
11231,2.77E+08
11232,2.53E+08
11233,2.89E+08
11234,2.79E+08
11235,2.65E+08
11236,2.52E+08
11237,2.68E+08
11238,2.68E+08
11239,2.50E+08
11240,2.80E+08
11241,2.93E+08
11242,2.73E+08
11243,2.81E+08
11244,2.73E+08
11245,2.70E+08
11246,2.70E+08
11247,2.73E+08
11248,2.83E+08
11249,2.71E+08
11250,2.70E+08
11251,2.72E+08
11252,2.65E+08
11253,2.38E+08
11254,2.52E+08
11255,2.51E+08
11256,2.49E+08
11257,2.47E+08
11258,2.46E+08
11259,2.41E+08
11260,2.54E+08
11261,2.37E+08
11262,2.41E+08
11263,2.43E+08
11264,2.53E+08
11265,2.37E+08
11266,2.32E+08
11267,2.21E+08
11268,2.81E+08
11269,2.64E+08
11270,2.70E+08
11271,2.58E+08
11272,2.69E+08
11273,2.55E+08
11274,2.47E+08
11275,2.57E+08
11276,2.62E+08
11277,1.20E+08
11278,2.01E+08
11279,1.19E+08
11280,1.82E+08
11281,1.21E+08
11282,1.10E+08
11283,1.78E+08
11284,1.19E+08
11285,1.93E+08
11286,1.91E+08
11287,1.09E+08
11288,1.79E+08
11289,1.61E+08
11290,2.07E+08
11291,2.12E+08
11292,1.15E+08
11293,1.09E+08
11294,1.95E+08
11295,1.87E+08
11296,1.89E+08
11297,1.43E+08
11298,1.15E+08
11299,3.78E+07
11300,2.43E+07
11301,2.69E+07
11302,3.90E+07
11303,2.58E+08
11304,2.55E+08
11305,2.42E+08
11306,2.41E+08
11307,2.48E+08
11308,1.41E+08
11309,2.43E+08
11310,2.44E+08
11311,2.40E+08
11312,2.48E+08
11313,2.36E+08
11314,2.33E+08
11315,2.54E+08
11316,2.44E+08
11317,1.90E+08
11318,2.40E+08
11319,2.43E+08
11320,2.08E+08
11321,2.30E+08
11322,2.34E+08
11323,2.29E+08
11324,2.49E+08
11325,2.34E+08
11326,2.18E+08
11327,2.36E+08
11328,2.34E+08
11329,2.40E+08
11330,2.30E+08
11331,2.36E+08
11332,2.49E+08
11333,2.47E+08
11334,2.37E+08
11335,2.29E+08
11336,2.41E+08
11337,2.50E+08
11338,2.46E+08
11339,2.47E+08
11340,2.50E+08
11341,2.48E+08
11342,2.31E+08
11343,2.39E+08
11344,2.46E+08
11345,2.33E+08
11346,2.50E+08
11347,2.47E+08
11348,2.50E+08
11349,2.32E+08
11350,2.44E+08
11351,2.29E+08
11352,2.29E+08
11353,2.39E+08
11354,2.43E+08
11355,2.42E+08
11356,2.45E+08
11357,2.46E+08
11358,2.48E+08
11359,2.28E+08
11360,2.33E+08
11361,2.34E+08
11362,2.46E+08
11363,2.46E+08
11364,2.29E+08
11365,2.47E+08
11366,2.38E+08
11367,2.48E+08
11368,2.45E+08
11369,2.28E+08
11370,2.32E+08
11371,2.33E+08
11372,2.09E+08
11373,2.41E+08
11374,2.38E+08
11375,2.53E+08
11376,2.55E+08
11377,2.51E+08
11378,2.52E+08
11379,2.51E+08
11380,2.35E+08
11381,2.43E+08
11382,2.52E+08
11383,2.47E+08
11384,2.50E+08
11385,2.50E+08
11386,2.34E+08
11387,2.40E+08
11388,2.46E+08
11389,2.32E+08
11390,2.52E+08
11391,2.50E+08
11392,2.50E+08
11393,2.30E+08
11394,2.23E+08
11395,2.27E+08
11396,2.36E+08
11397,2.13E+08
11398,2.22E+08
11399,2.39E+08
11400,2.38E+08
11401,2.26E+08
11402,2.29E+08
11403,2.41E+08
11404,2.43E+08
11405,2.42E+08
11406,2.32E+08
11407,2.38E+08
11408,2.36E+08
11409,2.33E+08
11410,2.49E+08
11411,2.43E+08
11412,2.33E+08
11413,2.40E+08
11414,2.47E+08
11415,2.45E+08
11416,2.32E+08
11417,2.34E+08
11418,2.40E+08
11419,2.39E+08
11420,2.32E+08
11421,2.35E+08
11422,2.29E+08
11423,2.50E+08
11424,2.43E+08
11425,2.39E+08
11426,2.31E+08
11427,2.07E+08
11428,2.44E+08
11429,2.27E+08
11430,2.40E+08
11431,2.29E+08
11432,2.30E+08
11433,2.38E+08
11434,2.42E+08
11435,2.40E+08
11436,2.43E+08
11437,2.44E+08
11438,2.43E+08
11439,2.23E+08
11440,2.17E+08
11441,2.36E+08
11442,2.37E+08
11443,2.07E+08
11444,2.37E+08
11445,2.42E+08
11446,2.24E+08
11447,2.21E+08
11448,2.15E+08
11449,2.32E+08
11450,2.33E+08
11451,2.19E+08
11452,2.27E+08
11453,2.21E+08
11454,2.31E+08
11455,2.24E+08
11456,2.27E+08
11457,2.35E+08
11458,2.36E+08
11459,2.32E+08
11460,2.37E+08
11461,2.39E+08
11462,2.20E+08
11463,2.15E+08
11464,2.29E+08
11465,2.27E+08
11466,2.26E+08
11467,2.31E+08
11468,2.32E+08
11469,2.52E+08
11470,2.45E+08
11471,2.48E+08
11472,2.47E+08
11473,2.45E+08
11474,2.42E+08
11475,2.49E+08
11476,2.38E+08
11477,2.43E+08
11478,2.35E+08
11479,2.31E+08
11480,2.37E+08
11481,2.33E+08
11482,2.18E+08
11483,2.37E+08
11484,2.49E+08
11485,2.41E+08
11486,2.40E+08
11487,2.42E+08
11488,2.38E+08
11489,2.42E+08
11490,2.19E+08
11491,2.33E+08
11492,2.15E+08
11493,2.28E+08
11494,2.44E+08
11495,2.46E+08
11496,2.44E+08
11497,2.48E+08
11498,2.43E+08
11499,2.31E+08
11500,2.37E+08
11501,2.51E+08
11502,2.51E+08
11503,2.31E+08
11504,2.28E+08
11505,2.35E+08
11506,2.42E+08
11507,2.28E+08
11508,2.45E+08
11509,2.31E+08
11510,2.29E+08
11511,2.48E+08
11512,2.27E+08
11513,2.17E+08
11514,2.42E+08
11515,2.25E+08
11516,2.46E+08
11517,2.33E+08
11518,2.33E+08
11519,2.49E+08
11520,2.27E+08
11521,2.44E+08
11522,2.20E+08
11523,2.43E+08
11524,2.25E+08
11525,2.31E+08
11526,2.33E+08
11527,2.48E+08
11528,2.50E+08
11529,2.35E+08
11530,2.32E+08
11531,2.45E+08
11532,2.47E+08
11533,2.47E+08
11534,2.38E+08
11535,2.42E+08
11536,2.45E+08
11537,2.29E+08
11538,2.36E+08
11539,2.46E+08
11540,2.46E+08
11541,2.29E+08
11542,2.42E+08
11543,2.43E+08
11544,2.38E+08
11545,2.31E+08
11546,2.50E+08
11547,2.31E+08
11548,2.32E+08
11549,2.45E+08
11550,2.44E+08
11551,2.47E+08
11552,2.43E+08
11553,2.50E+08
11554,2.25E+08
11555,2.27E+08
11556,2.27E+08
11557,2.40E+08
11558,2.44E+08
11559,2.43E+08
11560,2.35E+08
11561,2.39E+08
11562,2.45E+08
11563,2.23E+08
11564,2.36E+08
11565,2.28E+08
11566,2.39E+08
11567,2.26E+08
11568,2.50E+08
11569,2.48E+08
11570,2.41E+08
11571,2.32E+08
11572,2.42E+08
11573,2.48E+08
11574,2.41E+08
11575,2.53E+08
11576,2.49E+08
11577,2.50E+08
11578,2.49E+08
11579,2.25E+08
11580,2.42E+08
11581,2.39E+08
11582,2.42E+08
11583,2.24E+08
11584,2.40E+08
11585,2.47E+08
11586,2.29E+08
11587,2.42E+08
11588,2.43E+08
11589,2.33E+08
11590,2.33E+08
11591,2.31E+08
11592,2.32E+08
11593,2.26E+08
11594,2.18E+08
11595,2.26E+08
11596,2.38E+08
11597,2.38E+08
11598,2.26E+08
11599,2.05E+08
11600,2.02E+08
11601,2.22E+08
11602,2.32E+08
11603,2.30E+08
11604,2.39E+08
11605,2.31E+08
11606,2.40E+08
11607,2.20E+08
11608,2.36E+08
11609,2.33E+08
11610,2.24E+08
11611,2.38E+08
11612,2.40E+08
11613,2.16E+08
11614,2.24E+08
11615,2.27E+08
11616,2.29E+08
11617,2.33E+08
11618,2.29E+08
11619,2.32E+08
11620,2.12E+08
11621,2.39E+08
11622,2.46E+08
11623,2.46E+08
11624,2.27E+08
11625,2.28E+08
11626,2.24E+08
11627,2.41E+08
11628,2.20E+08
11629,2.40E+08
11630,2.26E+08
11631,2.25E+08
11632,2.29E+08
11633,2.42E+08
11634,2.40E+08
11635,2.32E+08
11636,2.26E+08
11637,2.44E+08
11638,2.23E+08
11639,2.44E+08
11640,2.34E+08
11641,2.16E+08
11642,2.36E+08
11643,2.42E+08
11644,2.41E+08
11645,2.28E+08
11646,2.26E+08
11647,2.36E+08
11648,2.31E+08
11649,2.40E+08
11650,2.34E+08
11651,2.23E+08
11652,2.33E+08
11653,2.46E+08
11654,2.32E+08
11655,2.34E+08
11656,2.41E+08
11657,2.35E+08
11658,2.34E+08
11659,2.42E+08
11660,2.28E+08
11661,2.44E+08
11662,2.34E+08
11663,2.33E+08
11664,2.40E+08
11665,2.46E+08
11666,2.47E+08
11667,2.50E+08
11668,2.50E+08
11669,2.51E+08
11670,2.41E+08
11671,2.45E+08
11672,2.47E+08
11673,2.43E+08
11674,2.38E+08
11675,2.25E+08
11676,2.45E+08
11677,2.53E+08
11678,2.47E+08
11679,2.48E+08
11680,2.49E+08
11681,2.34E+08
11682,2.54E+08
11683,2.47E+08
11684,2.45E+08
11685,2.49E+08
11686,2.49E+08
11687,2.32E+08
11688,2.40E+08
11689,2.50E+08
11690,2.50E+08
11691,2.50E+08
11692,2.44E+08
11693,2.53E+08
11694,3.86E+07
11695,2.59E+07
11696,2.75E+07
11697,3.70E+07
11698,11477
11699,17668
11700,40133
11701,17924
11702,35088
11703,12613
11704,13741
11705,19568
11706,9427.9
11707,6.52E+07
11708,6.37E+07
11709,5.56E+07
11710,4.83E+07
11711,5.60E+07
11712,4.65E+07
11713,4.40E+07
11714,3.46E+07
11715,5.27E+07
11716,5.80E+07
11717,1.01E+08
11718,7.24E+07
11719,7.72E+07
11720,6.07E+07
11721,3.95E+07
11722,5.74E+07
11723,4.30E+07
11724,5.75E+07
11725,5.98E+07
11726,5.09E+07
11727,3.54E+07
11728,3.04E+07
11729,7.60E+07
11730,6.85E+07
11731,3.98E+07
11732,5.67E+07
11733,544.92
11734,415.61
11735,487.65
11736,994.64
11737,1047.7
11738,1737.5
11739,423.16
11740,549.13
11741,485.74
11742,368.6
11743,352.99
11744,419.48
11745,4.54E+05
11746,1.04E+06
11747,4.38E+05
11748,1.92E+06
11749,1.11E+06
11750,5.87E+05
11751,6.25E+05
11752,3.98E+05
11753,6.33E+05
11754,1.29E+06
11755,5.82E+05
11756,597.03
11757,586.99
11758,1916.2
11759,1445.4
11760,739.28
11761,1066.8
11762,499.1
11763,1117.9
11764,673.22
11765,566.56
11766,7.65E+05
11767,1.11E+06
11768,4.43E+05
11769,5.55E+05
11770,1.67E+06
11771,5.01E+05
11772,4.84E+05
11773,3.48E+05
11774,4.47E+05
11775,7.69E+07
11776,5.52E+07
11777,5.87E+07
11778,5.87E+07
11779,5.11E+07
11780,7.55E+07
11781,8.64E+07
11782,5.50E+07
11783,8.39E+07
11784,7.46E+07
11785,6.19E+07
11786,7.49E+07
11787,4.50E+07
11788,5.01E+07
11789,6.03E+07
11790,7.95E+07
11791,6.80E+07
11792,5.87E+07
11793,5.81E+07
11794,9.01E+07
11795,8.00E+07
11796,8.84E+07
11797,6.30E+07
11798,3789.3
11799,3759.3
11800,1987.7
11801,1741.2
11802,1937.7
11803,4898.9
11804,1533.3
11805,1277.6
11806,3070.1
11807,1412.2
11808,46.193
11809,85.994
11810,32.583
11811,33.53
11812,61.918
11813,27.323
11814,64.391
11815,22.908
11816,23.541
11817,33.998
11818,48.192
11819,9.82E+06
11820,1.60E+07
11821,1.63E+07
11822,6.74E+06
11823,8.01E+06
11824,1.96E+07
11825,6.62E+06
11826,6.56E+06
11827,1.01E+07
11828,5.28E+06
11829,1.65E+05
11830,2.75E+05
11831,1.64E+05
11832,92805
11833,1.72E+05
11834,88384
11835,90889
11836,89637
11837,71429
11838,67416
11839,124.79
11840,64.153
11841,47.258
11842,48.073
11843,81.97
11844,132.37
11845,55.438
11846,51.93
11847,40.407
11848,1.46E+07
11849,8.07E+06
11850,1.79E+07
11851,1.29E+07
11852,8.13E+06
11853,6.37E+06
11854,5.83E+06
11855,1.12E+07
11856,8.07E+06
11857,15300
11858,36489
11859,8123.7
11860,29946
11861,8505.2
11862,9526.6
11863,8449.2
11864,16182
11865,21599
11866,6643.2
11867,10617
11868,68518
11869,1.26E+05
11870,38639
11871,1.09E+05
11872,41902
11873,35971
11874,94669
11875,3.46E+07
11876,4.97E+07
11877,5.00E+07
11878,5.85E+07
11879,6.01E+07
11880,3.33E+07
11881,5.26E+07
11882,3.79E+07
11883,2.78E+07
11884,7.37E+07
11885,3.62E+07
11886,5.71E+07
11887,4.44E+07
11888,7.29E+07
11889,1.16E+08
11890,1.14E+08
11891,1.01E+08
11892,1.33E+08
11893,1.30E+08
11894,1.01E+08
11895,1.20E+08
11896,1.06E+08
11897,1.13E+08
11898,1.17E+08
11899,6.19E+07
11900,4.30E+07
11901,6.12E+07
11902,6.28E+07
11903,4.63E+07
11904,5.29E+07
11905,4.14E+07
11906,3.23E+07
11907,8.74E+07
11908,5.01E+07
11909,7.15E+07
11910,7.82E+07
11911,3188.2
11912,9912.9
11913,11496
11914,6148.7
11915,3930.9
11916,2764.1
11917,5254.1
11918,3782.8
11919,2585.5
11920,3208.5
11921,11181
11922,3486.6
11923,6116.5
11924,5370.9
11925,2537.3
11926,4123.4
11927,4646.3
11928,2658
11929,1.92E+05
11930,1.35E+05
11931,1.36E+05
11932,2.16E+05
11933,3.83E+05
11934,2.36E+05
11935,1.26E+05
11936,1.13E+05
11937,2.27E+05
11938,1.22E+08
11939,1.33E+08
11940,1.34E+08
11941,1.04E+08
11942,1.08E+08
11943,1.23E+08
11944,1.01E+08
11945,1.16E+08
11946,1.14E+08
11947,9.94E+07
11948,6.74E+07
11949,5.10E+07
11950,9.48E+07
11951,7.74E+07
11952,8.40E+07
11953,1.16E+08
11954,9.37E+07
11955,1.29E+08
11956,1.11E+08
11957,9.14E+07
11958,1.13E+08
11959,1.16E+08
11960,1.08E+08
11961,5.09E+07
11962,4.40E+07
11963,8.07E+07
11964,7.31E+07
11965,9.36E+07
11966,9.04E+07
11967,1.03E+08
11968,1.17E+08
11969,1.16E+08
11970,285.84
11971,438.94
11972,212.15
11973,227.4
11974,265.65
11975,194.65
11976,157.84
11977,168.47
11978,383.19
11979,257.14
11980,4.11E+07
11981,6.13E+07
11982,5.50E+07
11983,5.42E+07
11984,4.86E+07
11985,3.68E+07
11986,7.53E+07
11987,4.81E+07
11988,7.59E+07
11989,9.85E+07
11990,10283
11991,3616.6
11992,13539
11993,4298.2
11994,3213.6
11995,6252.7
11996,2876
11997,306.94
11998,886.12
11999,306.92
12000,384.74
12001,509.07
12002,423.31
12003,259.87
12004,354.43
12005,312.9
12006,482.89
12007,3.43E+07
12008,1.26E+07
12009,2.24E+07
12010,1.77E+07
12011,1.00E+07
12012,1.39E+07
12013,1.00E+07
12014,1.76E+07
12015,3.15E+07
12016,1.55E+07
12017,6.22E+06
12018,6.63E+06
12019,1.57E+07
12020,5.88E+06
12021,9.47E+06
12022,8.72E+06
12023,6.67E+06
12024,1.02E+07
12025,1.40E+05
12026,1.32E+05
12027,44865
12028,46468
12029,63646
12030,1.91E+05
12031,41962
12032,40127
12033,78800
12034,52599
12035,1191
12036,1715.6
12037,1009.4
12038,1083
12039,1253.2
12040,786.74
12041,1337
12042,787.05
12043,901.06
12044,964
12045,2.25E+06
12046,9.27E+05
12047,2.69E+06
12048,9.72E+05
12049,1.29E+06
12050,8.94E+05
12051,1.41E+06
12052,7.61E+05
12053,1.85E+06
12054,1.05E+06
12055,1.01E+06
12056,1.66E+06
12057,32.246
12058,14.233
12059,18.675
12060,20.71
12061,10.718
12062,18.041
12063,37.018
12064,20.109
12065,13.37
12066,22.344
12067,11.421
12068,10.399
12069,18.15
12070,16.767
12071,15.149
12072,38539
12073,39875
12074,11572
12075,10288
12076,9342.6
12077,17292
12078,19900
12079,9393.5
12080,5.03E+07
12081,5.71E+07
12082,5.16E+07
12083,6.82E+07
12084,8.54E+07
12085,5.53E+07
12086,1.29E+08
12087,9.77E+07
12088,7.40E+07
12089,1.29E+08
12090,1.19E+08
12091,8.06E+07
12092,6.29E+05
12093,5.23E+05
12094,1.73E+06
12095,1.45E+06
12096,5.74E+05
12097,5.09E+05
12098,7.76E+05
12099,4.44E+05
12100,1.53E+06
12101,9.65E+05
12102,9.92E+07
12103,1.28E+08
12104,1.08E+08
12105,1.22E+08
12106,9.80E+07
12107,1.08E+08
12108,1.17E+08
12109,1.28E+08
12110,1.04E+08
12111,1.16E+08
12112,1.21E+08
12113,5.81E+07
12114,6.41E+07
12115,6.33E+07
12116,7.31E+07
12117,9.18E+07
12118,8.42E+07
12119,6.45E+07
12120,1.00E+08
12121,8.17E+07
12122,1.15E+08
12123,4.83E+07
12124,5.08E+07
12125,5.73E+07
12126,6.27E+07
12127,6.04E+07
12128,7.86E+07
12129,9.37E+07
12130,8.92E+07
12131,4.62E+07
12132,7.32E+07
12133,9.58E+07
12134,9.27E+07
12135,9.74E+07
12136,6.03E+07
12137,1.18E+05
12138,1.11E+05
12139,3.26E+05
12140,2.34E+05
12141,1.02E+05
12142,89398
12143,1.44E+05
12144,91339
12145,6.17E+07
12146,8.06E+07
12147,9.07E+07
12148,8.33E+07
12149,7.77E+07
12150,5.64E+07
12151,7.66E+07
12152,5.29E+07
12153,4.77E+07
12154,6.29E+07
12155,6.41E+07
12156,1.05E+08
12157,6.48E+07
12158,8.41E+07
12159,116.68
12160,177.85
12161,184.69
12162,96.685
12163,150.72
12164,106.85
12165,138.93
12166,189.51
12167,2.20E+07
12168,2.53E+07
12169,3.32E+07
12170,1.35E+07
12171,1.30E+07
12172,2.01E+07
12173,2.36E+07
12174,39.074
12175,117.39
12176,41.035
12177,50.149
12178,40.029
12179,32.735
12180,30.891
12181,33.036
12182,83.448
12183,52.185
12184,88.2
12185,34.796
12186,36.558
12187,71.929
12188,29.334
12189,31.574
12190,25.106
12191,48.445
12192,50.27
12193,33.54
12194,6.67E+07
12195,3.51E+07
12196,4.62E+07
12197,4.75E+07
12198,6.43E+07
12199,3.24E+07
12200,4.35E+07
12201,3.10E+05
12202,2.15E+05
12203,3.42E+05
12204,2.90E+05
12205,1.05E+05
12206,1.52E+05
12207,2.16E+05
12208,2.54E+05
12209,2.04E+05
12210,757.78
12211,202.39
12212,178.38
12213,249.14
12214,161.47
12215,554.01
12216,143.71
12217,6.75E+07
12218,8.41E+07
12219,6.40E+07
12220,8.53E+07
12221,5.91E+07
12222,8.35E+07
12223,9.09E+07
12224,7.11E+07
12225,1139.6
12226,836.24
12227,762.58
12228,578.19
12229,860.49
12230,556.97
12231,673.59
12232,654.08
12233,722.26
12234,4.21E+07
12235,6.61E+07
12236,3.43E+07
12237,4.75E+07
12238,4.24E+07
12239,5.44E+07
12240,3.15E+05
12241,1.24E+06
12242,2.14E+05
12243,6.64E+05
12244,3.04E+05
12245,2.62E+05
12246,8.04E+05
12247,3.17E+05
12248,1.39E+07
12249,2.55E+07
12250,2.97E+07
12251,1.13E+07
12252,1.25E+07
12253,1.69E+07
12254,2.61E+07
12255,3.25E+07
12256,4.71E+07
12257,1.12E+08
12258,1.10E+08
12259,8.50E+07
12260,8.92E+07
12261,8.68E+07
12262,5.40E+07
12263,1.23E+08
12264,1.05E+08
12265,1.17E+08
12266,8.45E+07
12267,1.07E+08
12268,9.86E+07
12269,1.29E+05
12270,2.55E+05
12271,1.21E+05
12272,1.25E+05
12273,2.09E+05
12274,1.09E+05
12275,1.44E+08
12276,1.32E+08
12277,1.38E+08
12278,1.16E+08
12279,1.09E+08
12280,1.13E+08
12281,1.31E+08
12282,1.31E+08
12283,1.21E+08
12284,1.24E+08
12285,3.79E+06
12286,9.73E+05
12287,2.08E+06
12288,8.37E+05
12289,1.28E+06
12290,8.20E+05
12291,3.01E+07
12292,2.51E+07
12293,2.67E+07
12294,1.87E+07
12295,2.71E+07
12296,4.05E+07
12297,1.46E+08
12298,1.49E+08
12299,1.39E+08
12300,1.45E+08
12301,1.37E+08
12302,1.30E+08
12303,881.99
12304,206.84
12305,257.1
12306,255.24
12307,162.57
12308,5.38E+07
12309,4.86E+07
12310,7.91E+07
12311,1.12E+08
12312,9.50E+07
12313,1.04E+08
12314,8.06E+07
12315,5.79E+07
12316,6.30E+07
12317,5.61E+07
12318,8.07E+07
12319,1.27E+08
12320,7.16E+07
12321,1.22E+08
12322,6.51E+07
12323,1.09E+08
12324,1.18E+08
12325,5.82E+07
12326,5.74E+07
12327,8.02E+07
12328,1.27E+08
12329,1.04E+08
12330,1.29E+08
12331,7.24E+07
12332,3.77E+07
12333,5.99E+07
12334,2.53E+07
12335,3.81E+07
12336,6.81E+07
12337,5.25E+07
12338,4.46E+07
12339,7.37E+07
12340,2.33E+06
12341,4.39E+06
12342,3.56E+06
12343,3.79E+06
12344,1.86E+06
12345,2.24E+06
12346,60919
12347,52924
12348,73630
12349,32740
12350,56232
12351,34029
12352,1.50E+08
12353,1.56E+08
12354,1.49E+08
12355,1.49E+08
12356,2078.1
12357,958.69
12358,1258.2
12359,728.21
12360,941.01
12361,901.52
12362,6.15E+07
12363,8.41E+07
12364,1.08E+08
12365,5.64E+07
12366,1.11E+08
12367,6.90E+07
12368,9.56E+07
12369,1.05E+08
12370,6.88E+07
12371,7.51E+07
12372,1.29E+08
12373,9.99E+07
12374,7.40E+07
12375,1.12E+08
12376,1.27E+08
12377,1.04E+08
12378,1.37E+08
12379,1.33E+08
12380,1.44E+08
12381,1.34E+08
12382,1.31E+08
12383,1.44E+05
12384,56868
12385,32474
12386,74723
12387,34162
12388,36657
12389,71797
12390,41133
12391,3.53E+05
12392,3.90E+05
12393,1.23E+05
12394,1.32E+05
12395,1.63E+05
12396,1.33E+05
12397,3.28E+05
12398,2.30E+05
12399,2462.4
12400,2085.2
12401,3310.7
12402,4345.1
12403,5187.1
12404,1747.8
12405,1493.6
12406,2427.1
12407,9.70E+07
12408,8.40E+07
12409,5.67E+07
12410,1.12E+08
12411,3.01E+05
12412,1.72E+05
12413,2.48E+05
12414,3.70E+05
12415,95160
12416,1.16E+05
12417,1.24E+05
12418,16347
12419,18012
12420,8806.2
12421,23625
12422,16559
12423,7326.9
12424,8720.5
12425,9021.8
12426,1287
12427,3878.8
12428,1436
12429,1479.4
12430,1065.1
12431,1232.1
12432,655.35
12433,451.63
12434,450.16
12435,394.08
12436,545.74
12437,8.5385
12438,4.3519
12439,3.4629
12440,5.0128
12441,4.6839
12442,2129.5
12443,829.07
12444,1845.5
12445,727.12
12446,989.89
12447,1.24E+08
12448,1.22E+08
12449,1.37E+08
12450,1.32E+08
12451,1.44E+08
12452,1.30E+08
12453,2465.6
12454,755.69
12455,30189
12456,40647
12457,24656
12458,4.34E+06
12459,1.13E+07
12460,4.64E+06
12461,3.12E+06
12462,5.04E+06
12463,2.07E+07
12464,2.43E+07
12465,1.58E+07
12466,1.49E+07
12467,4.18E+07
12468,1.56E+07
12469,1.10E+07
12470,1.11E+07
12471,1.82E+07
12472,1.22E+07
12473,1.08E+07
12474,5.45E+07
12475,4.42E+07
12476,6.77E+07
12477,6.38E+07
12478,8.85E+07
12479,1.10E+08
12480,9.74E+07
12481,9.10E+07
12482,103.82
12483,143.53
12484,111.82
12485,84.595
12486,96.48
12487,86.309
12488,5.15E+05
12489,8.47E+05
12490,4.34E+05
12491,2.65E+05
12492,3.90E+05
12493,3.78E+05
12494,6.02E+05
12495,2.84E+05
12496,2.14E+05
12497,3.53E+05
12498,3.60E+06
12499,1.00E+06
12500,1.46E+06
12501,9.27E+05
12502,1.93E+06
12503,22.979
12504,13.245
12505,13.355
12506,19.46
12507,21.875
12508,57.837
12509,14.461
12510,15.115
12511,23.055
12512,4.41E+06
12513,4.09E+06
12514,4.33E+06
12515,3.45E+06
12516,8.09E+06
12517,4.71E+06
12518,6.37E+06
12519,6.4484
12520,17.669
12521,6.1973
12522,10.946
12523,6.3802
12524,35142
12525,12597
12526,14109
12527,17414
12528,10151
12529,9373.8
12530,1.39E+08
12531,1.43E+08
12532,1.32E+08
12533,27728
12534,29747
12535,45555
12536,36928
12537,8.57E+07
12538,1.17E+08
12539,1.24E+08
12540,1.28E+08
12541,1.17E+08
12542,1.09E+08
12543,1.22E+08
12544,1.21E+08
12545,1.07E+08
12546,5.25E+06
12547,3.05E+06
12548,7.48E+06
12549,3.41E+06
12550,18.776
12551,9.3523
12552,8.4754
12553,14.342
12554,8.8787
12555,16.555
12556,8.3879
12557,9.74E+07
12558,9.58E+07
12559,6.49E+07
12560,8.26E+07
12561,8.69E+07
12562,1.05E+08
12563,9.44E+07
12564,1.05E+08
12565,1.05E+08
12566,8.82E+07
12567,1.20E+08
12568,1.11E+08
12569,1.21E+08
12570,9.84E+07
12571,1.14E+08
12572,2.57E+06
12573,4.04E+06
12574,2.60E+06
12575,4.33E+06
12576,2.83E+06
12577,22.132
12578,13.044
12579,12.174
12580,12.747
12581,20.336
12582,51.511
12583,13.72
12584,27.296
12585,16.13
12586,8.20E+07
12587,7.42E+07
12588,5.24E+07
12589,1.11E+08
12590,8.37E+07
12591,141.92
12592,61.093
12593,46.17
12594,50.728
12595,2.33E+06
12596,1.32E+06
12597,3.64E+06
12598,1.55E+06
12599,1.98E+06
12600,4.86E+06
12601,1.15E+05
12602,1903.9
12603,2751
12604,105.87
12605,71.402
12606,48.095
12607,3.34E+07
12608,1.30E+07
12609,2.01E+07
12610,1.62E+07
12611,9.60E+07
12612,1.19E+08
12613,6.46E+07
12614,9.00E+07
12615,127.38
12616,103.83
12617,141.02
12618,188.28
12619,452.91
12620,522.41
12621,544.18
12622,611.73
12623,11597
12624,3572.3
12625,4472.8
12626,5183.7
12627,1.47E+07
12628,1.72E+07
12629,2.19E+07
12630,1.99E+07
12631,3.59E+07
12632,2.73E+07
12633,5933.4
12634,4461.4
12635,3071.3
12636,3064.5
12637,6.22E+07
12638,8.42E+07
12639,1.25E+08
12640,7.13E+07
12641,1.09E+08
12642,7.73E+07
12643,257.2
12644,225.28
12645,136.75
12646,185.53
12647,1.41E+08
12648,1.37E+08
12649,1.30E+08
12650,9.29E+07
12651,8.17E+07
12652,9.13E+07
12653,8.93E+07
12654,6.92E+07
12655,24246
12656,11613
12657,3.224
12658,3.3587
12659,4.296
12660,4.3193
12661,9.11E+06
12662,1.72E+07
12663,2.09E+07
12664,6.79E+07
12665,1.16E+08
12666,1.16E+08
12667,1.12E+08
12668,5.51E+07
12669,3.30E+05
12670,5.57E+05
12671,2.63E+05
12672,457.18
12673,300.13
12674,3.55E+05
12675,6.23E+05
12676,4.21E+05
12677,3.54E+05
12678,1444.9
12679,1804.9
12680,1438.9
12681,2119.6
12682,4803.7
12683,1.90E+07
12684,2.97E+07
12685,5.28E+07
12686,6.51E+07
12687,5.67E+07
12688,3.98E+07
12689,1.07E+08
12690,1.30E+08
12691,1.17E+08
12692,1.29E+08
12693,1.19E+08
12694,7.98E+05
12695,9.29E+05
12696,1.56E+06
12697,104.64
12698,225.36
12699,100.53
12700,157.45
12701,5.33E+07
12702,8.47E+07
12703,1.27E+08
12704,7.67E+07
12705,8.48E+07
12706,5.71E+07
12707,4.60E+07
12708,3.08E+07
12709,3.41E+07
12710,5.08E+07
12711,37.186
12712,19.225
12713,21.781
12714,18.778
12715,18.819
12716,39.297
12717,392.55
12718,425.67
12719,491.94
12720,547.36
12721,1.74E+06
12722,1.51E+06
12723,2.90E+06
12724,9.85E+07
12725,1.02E+08
12726,9.26E+07
12727,1.15E+08
12728,1.14E+08
12729,9.17E+07
12730,3.36E+05
12731,5.57E+05
12732,3.88E+05
12733,1.68E+05
12734,2.35E+05
12735,9.51E+07
12736,8.42E+07
12737,84.85
12738,69.198
12739,70.228
12740,112.04
12741,1.41E+08
12742,1.38E+08
12743,1.41E+08
12744,1.20E+08
12745,1.18E+08
12746,1.33E+08
12747,9.63E+06
12748,1.05E+07
12749,1.20E+07
12750,1.59E+07
12751,2.78E+08
12752,2.69E+08
12753,2.79E+08
12754,2.74E+08
12755,2.77E+08
12756,2.79E+08
12757,2.62E+08
12758,1.19E+07
12759,1.05E+07
12760,1.05E+08
12761,1.69E+08
12762,9.86E+07
12763,1.13E+08
12764,2.85E+08
12765,2.83E+08
12766,2.79E+08
12767,2.74E+08
12768,2.79E+08
12769,2.82E+08
12770,2.82E+08
12771,1.22E+07
12772,1.44E+08
12773,1.42E+08
12774,1.32E+08
12775,1.39E+08
12776,6.47E+07
12777,7.19E+07
12778,9.12E+07
12779,7.72E+07
12780,6.71E+07
12781,7.88E+07
12782,8.85E+07
12783,5.03E+06
12784,1.16E+07
12785,5.98E+06
12786,9.17E+07
12787,6.98E+07
12788,7.85E+07
12789,8.54E+07
12790,6.63E+07
12791,6.39E+07
12792,4.18E+06
12793,5.98E+06
12794,8.94E+06
12795,9.16E+06
12796,1.94E+08
12797,1.86E+08
12798,2.08E+08
12799,1.74E+08
12800,1.65E+08
12801,1.92E+08
12802,1.72E+07
12803,3.03E+07
12804,5.07E+07
12805,2.04E+07
12806,2.70E+07
12807,1.96E+08
12808,1.92E+08
12809,1.94E+08
12810,1.85E+08
12811,1.78E+08
12812,1.89E+08
12813,2.64E+07
12814,4.16E+07
12815,1.68E+07
12816,5.29E+07
12817,2.83E+08
12818,2.70E+08
12819,2.82E+08
12820,2.83E+08
12821,2.92E+08
12822,1.60E+08
12823,1.72E+08
12824,2.64E+08
12825,1.58E+08
12826,3.03E+08
12827,2.81E+08
12828,2.86E+08
12829,2.71E+08
12830,2.94E+08
12831,2.85E+08
12832,1.73E+08
12833,1.28E+08
12834,1.45E+08
12835,1.34E+08
12836,2.73E+08
12837,2.80E+08
12838,2.27E+08
12839,6.63E+07
12840,7.88E+07
12841,7.00E+07
12842,8.20E+07
12843,9.57E+07
12844,9.38E+07
12845,5.46E+06
12846,1.23E+07
12847,9.82E+06
12848,6.04E+06
12849,1.04E+07
12850,4.26E+07
12851,1.55E+07
12852,2.59E+07
12853,1.95E+07
12854,1.93E+07
12855,2.40E+07
12856,2.93E+06
12857,3.96E+06
12858,4.34E+06
12859,3.40E+07
12860,1.98E+07
12861,3.19E+07
12862,2.58E+07
12863,2.27E+07
12864,2.97E+07
12865,2.47E+06
12866,7.63E+06
12867,4.38E+06
12868,4.63E+06
12869,1.41E+07
12870,2.62E+08
12871,2.62E+08
12872,2.57E+08
12873,2.40E+08
12874,2.47E+08
12875,2.49E+08
12876,1.73E+07
12877,2.78E+07
12878,3.30E+07
12879,2.89E+07
12880,1.46E+08
12881,1.15E+08
12882,2.47E+08
12883,2.63E+08
12884,2.30E+08
12885,2.31E+08
12886,2.47E+08
12887,2.76E+08
12888,2.54E+08
12889,1.42E+07
12890,2.76E+07
12891,2.11E+07
12892,1.31E+07
12893,1.56E+08
12894,1.42E+08
12895,1.27E+08
12896,1.76E+08
12897,1.77E+08
12898,1.51E+08
12899,1.29E+08
12900,1.52E+07
12901,1.80E+07
12902,1.46E+07
12903,2.27E+07
12904,2.85E+08
12905,2.73E+08
12906,2.79E+08
12907,2.78E+08
12908,2.75E+08
12909,2.79E+08
12910,1.37E+07
12911,9.62E+07
12912,1.48E+08
12913,1.43E+08
12914,1.27E+08
12915,1.48E+08
12916,1.71E+08
12917,1.66E+08
12918,1.28E+08
12919,1.40E+08
12920,1.44E+07
12921,8.49E+06
12922,3.25E+07
12923,2.25E+07
12924,1.32E+07
12925,2.70E+08
12926,2.66E+08
12927,2.71E+08
12928,2.72E+08
12929,2.59E+08
12930,2.58E+08
12931,1.15E+07
12932,9.22E+06
12933,1.19E+07
12934,1.25E+08
12935,1.01E+08
12936,1.14E+08
12937,1.76E+08
12938,2.84E+08
12939,2.54E+08
12940,2.79E+08
12941,2.84E+08
12942,2.67E+08
12943,1.65E+08
12944,2.60E+08
12945,2.46E+08
12946,2.45E+08
12947,2.67E+08
12948,2.87E+08
12949,2.59E+08
12950,2.70E+08
12951,2.89E+08
12952,2.86E+08
12953,2.72E+08
12954,2.66E+08
12955,2.59E+08
12956,2.70E+08
12957,2.76E+07
12958,2.37E+07
12959,2.54E+07
12960,2.62E+07
12961,2.85E+06
12962,1.42E+07
12963,1.37E+07
12964,1.39E+07
12965,1.26E+07
12966,5.16E+07
12967,5.91E+07
12968,4.25E+07
12969,5.85E+07
12970,4.69E+07
12971,1.62E+06
12972,6.19E+06
12973,2.91E+07
12974,2.79E+07
12975,5.79E+07
12976,5.34E+07
12977,4.27E+07
12978,4.10E+07
12979,4.56E+07
12980,1.07E+07
12981,2.28E+06
12982,5.84E+06
12983,7.94E+06
12984,1.19E+08
12985,1.68E+08
12986,1.16E+08
12987,1.40E+08
12988,1.22E+08
12989,1.49E+07
12990,7.15E+06
12991,1.88E+07
12992,1.77E+07
12993,2.97E+08
12994,3.18E+08
12995,3.12E+08
12996,3.14E+08
12997,2.97E+08
12998,3.06E+08
12999,2.92E+08
13000,3.00E+08
13001,2.84E+08
13002,2.82E+08
13003,2.96E+08
13004,3.07E+08
13005,3.14E+08
13006,3.22E+08
13007,3.16E+08
13008,3.09E+08
13009,2.89E+08
13010,2.96E+08
13011,1.77E+08
13012,1.55E+08
13013,1.69E+08
13014,1.38E+08
13015,1.86E+08
13016,3.01E+07
13017,5.16E+07
13018,5.51E+07
13019,8.91E+07
13020,7.06E+07
13021,6.49E+07
13022,6.44E+07
13023,5.32E+06
13024,7.47E+06
13025,7.37E+06
13026,1.68E+06
13027,3.05E+06
13028,7.88E+06
13029,1.31E+08
13030,9.56E+07
13031,1.02E+08
13032,1.09E+08
13033,1.62E+07
13034,2.30E+07
13035,3.67E+06
13036,8.09E+06
13037,1.36E+07
13038,2.81E+08
13039,2.88E+08
13040,2.93E+08
13041,1.53E+08
13042,8.49E+07
13043,2.21E+08
13044,1.72E+08
13045,2.56E+08
13046,1.00E+08
13047,2.18E+08
13048,1.58E+08
13049,2.66E+08
13050,2.71E+08
13051,2.92E+08
13052,2.80E+08
13053,1.71E+08
13054,1.62E+08
13055,2.70E+08
13056,2.68E+08
13057,2.55E+08
13058,9.01E+07
13059,1.05E+08
13060,1.01E+08
13061,1.44E+07
13062,8.77E+06
13063,4.95E+06
13064,1.36E+07
13065,2.73E+08
13066,2.56E+08
13067,2.45E+08
13068,2.87E+08
13069,2.48E+07
13070,1.29E+08
13071,1.61E+08
13072,1.34E+08
13073,6.22E+07
13074,7.34E+07
13075,5.80E+07
13076,6.36E+07
13077,5.86E+07
13078,2.40E+06
13079,4.81E+06
13080,6.36E+06
13081,5.34E+06
13082,3.77E+06
13083,2.68E+08
13084,3.00E+08
13085,2.83E+08
13086,2.86E+08
13087,2.73E+08
13088,2.85E+08
13089,2.73E+08
13090,2.62E+08
13091,2.71E+08
13092,2.80E+08
13093,2.91E+08
13094,1.25E+08
13095,1.41E+08
13096,1.78E+08
13097,1.14E+08
13098,2.67E+08
13099,2.58E+08
13100,5.34E+07
13101,2.23E+08
13102,2.77E+07
13103,2.32E+07
13104,2.61E+07
13105,2.16E+07
13106,2.62E+07
13107,4.01E+06
13108,4.25E+06
13109,3.50E+06
13110,1.49E+07
13111,1.28E+07
13112,1.73E+08
13113,1.25E+08
13114,1.83E+08
13115,2.04E+07
13116,2.21E+07
13117,6.55E+06
13118,2.78E+07
13119,2.52E+07
13120,2.72E+08
13121,2.93E+08
13122,2.77E+08
13123,2.82E+08
13124,2.57E+07
13125,1.05E+07
13126,1.33E+07
13127,1.56E+08
13128,1.35E+08
13129,1.97E+08
13130,2.06E+08
13131,1.75E+08
13132,1.92E+07
13133,3.79E+07
13134,1.95E+07
13135,1.72E+07
13136,1.05E+08
13137,2.17E+08
13138,2.21E+08
13139,2.14E+08
13140,2.07E+08
13141,2.08E+08
13142,2.39E+07
13143,2.60E+07
13144,4.33E+07
13145,1.09E+08
13146,2.82E+07
13147,2.47E+07
13148,2.74E+07
13149,2.67E+07
13150,1.26E+06
13151,1.51E+07
13152,1.49E+07
13153,1.37E+07
13154,1.41E+07
13155,1.92E+08
13156,1.87E+08
13157,2.00E+08
13158,1.90E+08
13159,2.78E+07
13160,1.12E+07
13161,2.61E+07
13162,5.11E+07
13163,2.77E+08
13164,2.89E+08
13165,3.04E+08
13166,1.51E+08
13167,1.60E+08
13168,1.44E+08
13169,1.92E+08
13170,1.66E+08
13171,2.86E+08
13172,2.86E+08
13173,2.89E+08
13174,1.23E+08
13175,1.80E+08
13176,1.51E+08
13177,2.30E+08
13178,2.22E+08
13179,2.47E+08
13180,2.46E+08
13181,2.22E+08
13182,2.67E+07
13183,1.84E+07
13184,2.29E+07
13185,2.04E+07
13186,2.79E+08
13187,2.72E+08
13188,2.78E+08
13189,2.80E+08
13190,1.19E+08
13191,6.99E+07
13192,2.30E+08
13193,1.82E+08
13194,2.54E+08
13195,3.24E+07
13196,9.62E+07
13197,1.83E+08
13198,2.53E+08
13199,2.76E+08
13200,1.89E+08
13201,1.23E+08
13202,1.05E+08
13203,2.44E+08
13204,5.43E+07
13205,2.58E+08
13206,3.85E+07
13207,4.60E+07
13208,3.65E+07
13209,4.67E+07
13210,2.29E+06
13211,5.95E+06
13212,2.24E+07
13213,6.37E+07
13214,5.40E+07
13215,5.81E+07
13216,2.60E+07
13217,2.74E+07
13218,2.67E+07
13219,9.08E+07
13220,7.04E+07
13221,7.04E+06
13222,1.04E+07
13223,1.18E+07
13224,5.53E+06
13225,4.87E+06
13226,3.97E+07
13227,2.61E+08
13228,1.33E+07
13229,1.16E+07
13230,1.76E+07
13231,1.14E+08
13232,9.63E+07
13233,1.11E+08
13234,1.15E+08
13235,1.78E+08
13236,1.49E+08
13237,1.36E+08
13238,1.29E+08
13239,1.77E+08
13240,2.60E+07
13241,8.76E+07
13242,7.93E+07
13243,9.93E+07
13244,2.82E+08
13245,2.77E+08
13246,2.96E+08
13247,2.63E+08
13248,1.22E+07
13249,3.63E+07
13250,2.55E+07
13251,1.33E+08
13252,1.83E+08
13253,1.15E+08
13254,2.94E+08
13255,3.05E+08
13256,3.06E+08
13257,2.78E+08
13258,2.74E+08
13259,2.94E+08
13260,3.03E+08
13261,3.04E+08
13262,2.56E+08
13263,2.81E+08
13264,2.64E+08
13265,2.64E+08
13266,2.73E+08
13267,2.74E+08
13268,2.59E+08
13269,2.59E+07
13270,1.07E+07
13271,1.57E+07
13272,2.03E+07
13273,1.35E+08
13274,1.42E+08
13275,3.00E+08
13276,2.82E+08
13277,2.99E+08
13278,3.04E+08
13279,2.97E+08
13280,2.94E+08
13281,2.85E+08
13282,2.93E+08
13283,2.80E+08
13284,2.95E+08
13285,2.99E+08
13286,2.99E+08
13287,3.04E+08
13288,2.75E+08
13289,2.93E+08
13290,2.82E+08
13291,2.92E+08
13292,2.06E+08
13293,2.30E+08
13294,2.01E+08
13295,2.03E+08
13296,3.65E+07
13297,2.01E+07
13298,2.33E+07
13299,1.36E+08
13300,2.79E+08
13301,2.80E+08
13302,1.35E+08
13303,2.53E+08
13304,1.07E+08
13305,1.98E+08
13306,9.87E+07
13307,2.58E+08
13308,1.06E+08
13309,2.10E+08
13310,2.15E+08
13311,1.62E+08
13312,1.64E+08
13313,1.95E+08
13314,2.09E+07
13315,2.98E+07
13316,3.09E+07
13317,1.96E+07
13318,2.65E+08
13319,1.17E+07
13320,1.91E+07
13321,1.72E+08
13322,1.44E+08
13323,2.71E+07
13324,1.45E+07
13325,1.42E+07
13326,1.33E+07
13327,2.01E+08
13328,1.79E+08
13329,1.94E+08
13330,1.34E+07
13331,4.04E+07
13332,1.80E+07
13333,6.38E+07
13334,3.61E+07
13335,2.94E+07
13336,4.36E+06
13337,6.07E+06
13338,1.89E+07
13339,1.81E+07
13340,2.76E+08
13341,2.79E+08
13342,1.41E+08
13343,2.51E+08
13344,1.38E+08
13345,1.10E+08
13346,9.67E+07
13347,2.54E+08
13348,1.45E+08
13349,2.71E+08
13350,2.69E+08
13351,2.58E+08
13352,1.64E+08
13353,1.46E+08
13354,1.47E+08
13355,2.45E+08
13356,2.59E+08
13357,2.69E+08
13358,2.73E+08
13359,1.51E+08
13360,1.51E+08
13361,1.15E+08
13362,1.39E+08
13363,1.28E+08
13364,2.39E+08
13365,2.49E+08
13366,1.65E+07
13367,1.84E+07
13368,1.53E+07
13369,1.60E+06
13370,6.97E+06
13371,7.08E+06
13372,7.07E+07
13373,6.11E+07
13374,7.90E+06
13375,7.83E+06
13376,4.60E+06
13377,3.14E+07
13378,3.17E+07
13379,3.07E+07
13380,9.58E+07
13381,7.23E+06
13382,9.29E+06
13383,1.30E+07
13384,9.55E+06
13385,3.97E+06
13386,2.46E+07
13387,1.98E+07
13388,4.58E+06
13389,2.23E+06
13390,3.60E+06
13391,1.22E+07
13392,1.19E+07
13393,4.76E+07
13394,2.76E+07
13395,4.47E+07
13396,6.97E+06
13397,6.16E+06
13398,1.86E+06
13399,1.92E+08
13400,2.02E+08
13401,2.38E+07
13402,3.99E+07
13403,1.58E+07
13404,4.80E+07
13405,1.32E+08
13406,1.90E+08
13407,2.37E+08
13408,2.22E+08
13409,3.82E+07
13410,4.05E+07
13411,1.90E+07
13412,1.11E+08
13413,7.71E+07
13414,1.02E+07
13415,1.59E+07
13416,6.51E+06
13417,1.39E+07
13418,1.99E+08
13419,5.84E+07
13420,2.80E+07
13421,2.22E+07
13422,1.08E+08
13423,1.42E+08
13424,1.32E+08
13425,3.59E+07
13426,1.51E+07
13427,3.01E+07
13428,2.98E+07
13429,1.08E+08
13430,9.03E+06
13431,6.78E+06
13432,9.30E+06
13433,3.06E+08
13434,2.63E+08
13435,2.75E+08
13436,2.66E+08
13437,2.65E+08
13438,2.84E+08
13439,2.31E+08
13440,3.04E+08
13441,2.97E+08
13442,1.57E+08
13443,2.27E+08
13444,2.56E+08
13445,2.77E+08
13446,2.76E+08
13447,2.72E+08
13448,2.78E+08
13449,2.70E+08
13450,2.55E+08
13451,2.64E+08
13452,2.60E+08
13453,2.82E+08
13454,2.81E+08
13455,1.34E+08
13456,3.68E+07
13457,2.58E+08
13458,1.85E+08
13459,1.98E+08
13460,1.84E+08
13461,4.56E+07
13462,6.79E+07
13463,1.00E+07
13464,6.63E+06
13465,7.18E+06
13466,3.82E+06
13467,3.30E+07
13468,2.68E+07
13469,4.04E+06
13470,5.69E+06
13471,5.10E+06
13472,2.00E+08
13473,1.44E+08
13474,1.83E+08
13475,2.09E+07
13476,9.30E+07
13477,1.03E+08
13478,8.88E+07
13479,9.58E+07
13480,7.72E+06
13481,5.97E+06
13482,8.56E+06
13483,3.01E+08
13484,2.80E+08
13485,2.91E+08
13486,2.78E+08
13487,2.82E+08
13488,2.98E+08
13489,2.94E+08
13490,2.76E+08
13491,2.77E+08
13492,2.81E+08
13493,2.19E+07
13494,2.30E+07
13495,1.58E+06
13496,2.45E+06
13497,1.25E+07
13498,1.06E+07
13499,9.26E+06
13500,1.08E+07
13501,9.38E+06
13502,1.14E+07
13503,9.06E+06
13504,6.51E+06
13505,1.52E+07
13506,3.19E+08
13507,2.99E+08
13508,3.06E+08
13509,3.06E+08
13510,2.87E+08
13511,2.83E+08
13512,3.20E+08
13513,3.21E+08
13514,3.21E+08
13515,2.98E+08
13516,3.09E+08
13517,3.09E+08
13518,3.22E+08
13519,3.23E+08
13520,3.02E+08
13521,3.09E+08
13522,3.13E+08
13523,3.14E+08
13524,1.65E+08
13525,1.97E+08
13526,5.53E+07
13527,2.47E+07
13528,1.64E+07
13529,2.12E+07
13530,2.80E+07
13531,2.98E+06
13532,6.00E+06
13533,1.35E+07
13534,1.29E+07
13535,1.26E+07
13536,1.27E+07
13537,1.36E+08
13538,1.24E+08
13539,2.23E+07
13540,1.32E+07
13541,3.56E+07
13542,2.42E+07
13543,2.76E+08
13544,2.82E+08
13545,3.01E+07
13546,9.71E+07
13547,2.28E+08
13548,2.60E+08
13549,1.44E+08
13550,2.22E+08
13551,1.42E+07
13552,1.42E+07
13553,2.56E+06
13554,3.66E+06
13555,2.66E+08
13556,2.26E+08
13557,2.03E+07
13558,1.29E+08
13559,1.44E+08
13560,1.59E+08
13561,6.42E+07
13562,5.08E+06
13563,6.76E+06
13564,4.28E+06
13565,3.27E+07
13566,3.41E+07
13567,3.32E+07
13568,2.00E+08
13569,4.18E+07
13570,3.89E+07
13571,4.00E+07
13572,3.86E+07
13573,4.03E+07
13574,2.97E+08
13575,2.75E+08
13576,2.92E+08
13577,2.81E+08
13578,2.74E+08
13579,2.78E+08
13580,1.12E+08
13581,2.52E+08
13582,2.49E+08
13583,9.43E+07
13584,1.44E+08
13585,2.77E+08
13586,1.10E+08
13587,9.39E+07
13588,1.46E+08
13589,2.24E+08
13590,2.50E+08
13591,2.50E+08
13592,9.97E+07
13593,2.49E+08
13594,1.74E+07
13595,4.06E+07
13596,2.82E+07
13597,5.54E+07
13598,1.33E+07
13599,1.06E+07
13600,5.87E+06
13601,6.06E+06
13602,2.22E+08
13603,2.59E+07
13604,4.25E+07
13605,1.15E+08
13606,1.18E+08
13607,1.32E+08
13608,1.97E+08
13609,1.45E+07
13610,9.78E+07
13611,3.01E+08
13612,2.21E+07
13613,1.62E+08
13614,1.95E+08
13615,1.76E+08
13616,3.15E+08
13617,3.08E+08
13618,2.93E+08
13619,3.01E+08
13620,2.88E+08
13621,2.83E+08
13622,3.48E+06
13623,3.11E+06
13624,1.49E+07
13625,1.39E+07
13626,3.15E+08
13627,2.92E+08
13628,3.04E+08
13629,2.86E+08
13630,2.75E+08
13631,3.06E+08
13632,2.93E+08
13633,3.01E+08
13634,3.07E+08
13635,3.04E+08
13636,2.87E+08
13637,2.48E+07
13638,3.58E+07
13639,2.93E+07
13640,5.56E+06
13641,4.46E+06
13642,3.55E+06
13643,2.04E+08
13644,4.25E+07
13645,5.47E+07
13646,1.08E+08
13647,1.14E+08
13648,1.26E+08
13649,1.76E+08
13650,1.76E+08
13651,5.07E+07
13652,2.10E+07
13653,4.11E+07
13654,5.90E+07
13655,4.95E+07
13656,1.15E+08
13657,1.43E+08
13658,1.49E+08
13659,9.84E+07
13660,2.74E+08
13661,2.74E+08
13662,2.77E+08
13663,2.53E+08
13664,1.43E+07
13665,1.67E+07
13666,2.03E+07
13667,2.12E+07
13668,1.48E+07
13669,1.08E+08
13670,4.39E+06
13671,3.25E+06
13672,2.25E+07
13673,3.78E+06
13674,3.70E+06
13675,2.78E+06
13676,2.59E+06
13677,5.17E+06
13678,4.24E+06
13679,9.92E+06
13680,1.65E+06
13681,9.55E+06
13682,9.66E+06
13683,2.92E+08
13684,1.85E+08
13685,1.63E+08
13686,2.69E+08
13687,2.57E+08
13688,2.66E+08
13689,6.11E+07
13690,6.11E+07
13691,2.54E+07
13692,3.00E+08
13693,1.75E+08
13694,1.54E+08
13695,3.01E+08
13696,1.36E+07
13697,1.59E+08
13698,1.38E+08
13699,1.72E+08
13700,1.16E+08
13701,1.55E+08
13702,2.06E+08
13703,3.03E+08
13704,2.84E+08
13705,1.31E+06
13706,1.52E+07
13707,1.27E+07
13708,1.18E+07
13709,1.30E+07
13710,2.87E+07
13711,3.62E+07
13712,1.02E+07
13713,3.01E+08
13714,3.05E+08
13715,2.99E+08
13716,2.96E+08
13717,6.81E+06
13718,2.05E+06
13719,3.29E+07
13720,2.72E+08
13721,2.87E+08
13722,2.93E+08
13723,2.74E+08
13724,2.73E+08
13725,2.93E+08
13726,3.06E+08
13727,2.82E+08
13728,2.60E+08
13729,1.86E+08
13730,2.57E+08
13731,2.63E+08
13732,2.89E+08
13733,1.66E+08
13734,1.28E+08
13735,1.38E+08
13736,1.31E+08
13737,3.39E+07
13738,6.66E+06
13739,6.43E+06
13740,4.97E+06
13741,4.10E+06
13742,2.28E+07
13743,1.25E+08
13744,1.46E+08
13745,1.34E+08
13746,2.18E+08
13747,2.67E+07
13748,1.32E+08
13749,5.70E+07
13750,4.19E+07
13751,5.18E+07
13752,6.52E+06
13753,2.36E+06
13754,2.79E+07
13755,1.21E+08
13756,2.61E+08
13757,2.63E+08
13758,1.52E+08
13759,2.62E+08
13760,2.27E+08
13761,5.49E+06
13762,2.53E+06
13763,3.31E+07
13764,3.29E+07
13765,2.00E+08
13766,2.64E+07
13767,1.83E+07
13768,6.66E+07
13769,3.50E+06
13770,1.72E+07
13771,1.85E+07
13772,7.14E+07
13773,5.11E+07
13774,2.51E+07
13775,1.62E+07
13776,1.23E+08
13777,1.27E+08
13778,2.48E+08
13779,2.56E+08
13780,2.63E+08
13781,2.65E+08
13782,2.72E+08
13783,2.92E+08
13784,2.75E+08
13785,2.81E+08
13786,2.75E+08
13787,1.05E+08
13788,1.41E+07
13789,1.53E+07
13790,6.62E+06
13791,7.45E+06
13792,1.66E+07
13793,1.97E+07
13794,1.55E+07
13795,3.05E+07
13796,1.30E+08
13797,1.28E+07
13798,2.27E+07
13799,1.86E+07
13800,1.18E+07
13801,1.14E+07
13802,1.39E+07
13803,1.59E+07
13804,1.61E+07
13805,2.72E+07
13806,1.07E+08
13807,2.58E+08
13808,2.56E+08
13809,1.99E+08
13810,2.59E+08
13811,2.10E+08
13812,1.64E+08
13813,2.86E+08
13814,2.81E+08
13815,2.76E+08
13816,1.70E+08
13817,3.71E+06
13818,4.86E+06
13819,5.03E+06
13820,5.83E+06
13821,1.61E+07
13822,5.59E+07
13823,1.85E+07
13824,2.96E+07
13825,1.08E+08
13826,2.39E+07
13827,2.70E+07
13828,6.55E+06
13829,8.54E+06
13830,5.95E+06
13831,3.67E+06
13832,8.79E+07
13833,3.27E+07
13834,3.66E+07
13835,4.13E+07
13836,5.94E+07
13837,5.13E+07
13838,7.72E+07
13839,9.87E+07
13840,5.92E+07
13841,5.16E+07
13842,3.59E+07
13843,4.53E+07
13844,8.46E+07
13845,3.18E+07
13846,2.97E+07
13847,3.48E+07
13848,5.15E+07
13849,7.42E+07
13850,5.37E+07
13851,2.93E+07
13852,3.95E+07
13853,4.46E+07
13854,5.37E+07
13855,5.98E+07
13856,26307
13857,14209
13858,28203
13859,15466
13860,50186
13861,37901
13862,2.03E+08
13863,1.24E+08
13864,2.00E+08
13865,1.47E+08
13866,1.80E+08
13867,2.01E+08
13868,2.05E+08
13869,1.39E+08
13870,1.96E+08
13871,1.33E+08
13872,1.60E+08
13873,1.96E+08
13874,2.13E+08
13875,2.03E+08
13876,2.13E+08
13877,1.56E+08
13878,2.17E+08
13879,1.58E+08
13880,2.05E+08
13881,1.51E+08
13882,2.09E+08
13883,1.94E+08
13884,2.03E+08
13885,1.57E+08
13886,2.11E+08
13887,1.97E+08
13888,2.12E+08
13889,2.13E+08
13890,2.08E+08
13891,1.91E+08
13892,1.85E+08
13893,2.35E+08
13894,2.24E+08
13895,2.40E+08
13896,2.31E+08
13897,2.18E+08
13898,1.95E+08
13899,2.13E+08
13900,1.91E+08
13901,2.27E+08
13902,2.30E+08
13903,2.13E+08
13904,2.37E+08
13905,2.44E+08
13906,2.12E+08
13907,2.36E+08
13908,2.25E+08
13909,2.26E+08
13910,2.31E+08
13911,2.02E+08
13912,2.37E+08
13913,2.12E+08
13914,2.21E+08
13915,2.09E+08
13916,2.21E+08
13917,2.20E+08
13918,2.08E+08
13919,1.74E+08
13920,1.91E+08
13921,2.14E+08
13922,1.36E+08
13923,2.07E+08
13924,2.12E+08
13925,2.14E+08
13926,1.97E+08
13927,1.68E+08
13928,1.76E+08
13929,2.06E+08
13930,1.96E+08
13931,2.26E+08
13932,2.26E+08
13933,2.18E+08
13934,2.19E+08
13935,2.14E+08
13936,2.13E+08
13937,2.20E+08
13938,2.17E+08
13939,2.03E+08
13940,2.20E+08
13941,2.27E+08
13942,2.18E+08
13943,2.33E+08
13944,2.30E+08
13945,2.18E+08
13946,2.21E+08
13947,2.16E+08
13948,2.23E+08
13949,2.14E+08
13950,1553
13951,846.14
13952,2259.7
13953,687.03
13954,591.71
13955,1274.6
13956,2.72E+05
13957,7.49E+05
13958,2.57E+05
13959,1.51E+06
13960,6.83E+05
13961,3.20E+05
13962,3.92E+05
13963,332.79
13964,311.97
13965,1257.1
13966,773.64
13967,274.46
13968,562.05
13969,2.03E+08
13970,2.31E+08
13971,2.38E+08
13972,2.17E+08
13973,2.24E+08
13974,2.38E+08
13975,2.00E+08
13976,2.29E+08
13977,2.29E+08
13978,2.16E+08
13979,2.18E+08
13980,9.66E+05
13981,1.45E+06
13982,4.36E+05
13983,5.31E+05
13984,4.62E+05
13985,6.69E+05
13986,1.85E+06
13987,2.28E+08
13988,2.18E+08
13989,2.45E+08
13990,2.24E+08
13991,2.36E+08
13992,2.42E+08
13993,2.23E+08
13994,2.13E+08
13995,2.19E+08
13996,2.36E+08
13997,2.19E+08
13998,1.58E+08
13999,2.16E+08
14000,2.05E+08
14001,2.09E+08
14002,2.16E+08
14003,1.67E+08
14004,1.66E+08
14005,2.03E+08
14006,1.34E+08
14007,1.92E+08
14008,2.12E+08
14009,1.64E+08
14010,1.49E+08
14011,1.17E+08
14012,9.57E+07
14013,1.71E+08
14014,1.71E+08
14015,1.29E+08
14016,9.01E+07
14017,9.62E+07
14018,1.38E+08
14019,9.87E+07
14020,1.72E+08
14021,1.72E+08
14022,1.57E+08
14023,1.38E+08
14024,1.30E+08
14025,9.35E+07
14026,1.10E+08
14027,8.33E+07
14028,1494.3
14029,3956.8
14030,1860.2
14031,5281.8
14032,2262.6
14033,1383.9
14034,2.33E+08
14035,2.38E+08
14036,2.31E+08
14037,2.17E+08
14038,2.23E+08
14039,2.24E+08
14040,2.25E+08
14041,2.11E+08
14042,1.86E+08
14043,2.23E+08
14044,2.09E+08
14045,2.32E+08
14046,2.38E+08
14047,2.26E+08
14048,2.21E+08
14049,2.13E+08
14050,2.24E+08
14051,2.10E+08
14052,2.18E+08
14053,34.722
14054,76.828
14055,22.377
14056,22.428
14057,39.608
14058,44.297
14059,1.66E+05
14060,2.79E+05
14061,2.43E+05
14062,1.22E+05
14063,1.11E+05
14064,97869
14065,8.20E+06
14066,1.32E+07
14067,2.18E+07
14068,6.10E+06
14069,1.18E+07
14070,6.51E+06
14071,1.71E+07
14072,85.253
14073,73.164
14074,165.74
14075,107.41
14076,57.785
14077,62.266
14078,95.098
14079,1.42E+07
14080,1.21E+07
14081,4.61E+06
14082,7.75E+06
14083,6.66E+06
14084,5.01E+06
14085,8.11E+06
14086,6.94E+06
14087,37910
14088,93202
14089,27724
14090,1.19E+05
14091,28839
14092,8282.6
14093,20013
14094,5997.4
14095,26462
14096,7168.8
14097,13791
14098,7.53E+07
14099,7.20E+07
14100,5.94E+07
14101,1.31E+08
14102,1.37E+08
14103,1.48E+08
14104,8.42E+07
14105,8.82E+07
14106,6.53E+07
14107,8.68E+07
14108,2.34E+08
14109,2.36E+08
14110,2.27E+08
14111,2.22E+08
14112,2.37E+08
14113,2.20E+08
14114,2.04E+08
14115,2.06E+08
14116,2.10E+08
14117,2.25E+08
14118,2.23E+08
14119,2.24E+08
14120,2.24E+08
14121,2.40E+08
14122,2.30E+08
14123,2.36E+08
14124,2.42E+08
14125,2.22E+08
14126,2.26E+08
14127,2.15E+08
14128,2.32E+08
14129,2.28E+08
14130,2.48E+08
14131,2.52E+08
14132,2.40E+08
14133,2.27E+08
14134,2.54E+08
14135,2.33E+08
14136,2.45E+08
14137,2.25E+08
14138,2.33E+08
14139,2.42E+08
14140,2.31E+08
14141,2.42E+08
14142,2.39E+08
14143,2.24E+08
14144,2.25E+08
14145,2.48E+08
14146,2.35E+08
14147,2.22E+08
14148,2.41E+08
14149,2.26E+08
14150,2.24E+08
14151,2.09E+08
14152,2.22E+08
14153,2.40E+08
14154,2.30E+08
14155,2.14E+08
14156,2.39E+08
14157,2.22E+08
14158,2.28E+08
14159,2.45E+08
14160,2.15E+08
14161,2.30E+08
14162,2.24E+08
14163,2.29E+08
14164,2.52E+08
14165,2.51E+08
14166,2.44E+08
14167,2.32E+08
14168,2.36E+08
14169,2.57E+08
14170,2.27E+08
14171,2.47E+08
14172,2.42E+08
14173,2.41E+08
14174,8.55E+07
14175,4.81E+07
14176,5.81E+07
14177,4.35E+07
14178,9.26E+07
14179,8.64E+07
14180,5.31E+07
14181,7.72E+07
14182,5.06E+07
14183,5.66E+07
14184,6.74E+07
14185,1.50E+08
14186,9.87E+07
14187,1.72E+08
14188,1.25E+08
14189,8.59E+07
14190,1.30E+08
14191,9.46E+07
14192,1.23E+08
14193,2.43E+08
14194,2.47E+08
14195,2.39E+08
14196,2.43E+08
14197,2.50E+08
14198,2.35E+08
14199,2.40E+08
14200,2.45E+08
14201,2.60E+08
14202,2.60E+08
14203,2.54E+08
14204,2.66E+08
14205,2.58E+08
14206,1463.8
14207,2865.8
14208,5628.7
14209,3935.2
14210,1826.8
14211,2.31E+08
14212,1.93E+08
14213,2.24E+08
14214,2.17E+08
14215,2.15E+08
14216,2.13E+08
14217,2.25E+08
14218,2.09E+08
14219,2.22E+08
14220,2.44E+08
14221,2.59E+08
14222,2.58E+08
14223,2.47E+08
14224,2.57E+08
14225,2.66E+08
14226,2.49E+08
14227,2.73E+08
14228,5.29E+07
14229,6.93E+07
14230,6.07E+07
14231,9.66E+07
14232,9.08E+07
14233,1.02E+08
14234,6.76E+07
14235,1.00E+08
14236,6.37E+07
14237,81939
14238,1.16E+05
14239,83859
14240,1.26E+05
14241,2.59E+05
14242,1.26E+08
14243,2.03E+08
14244,1.65E+08
14245,1.88E+08
14246,1.93E+08
14247,1.35E+08
14248,1.70E+08
14249,2.00E+08
14250,2.31E+08
14251,2.33E+08
14252,2.44E+08
14253,2.42E+08
14254,2.23E+08
14255,2.22E+08
14256,2.38E+08
14257,2.38E+08
14258,2.20E+08
14259,2.28E+08
14260,2.33E+08
14261,2.27E+08
14262,2.42E+08
14263,2.40E+08
14264,2.27E+08
14265,2.39E+08
14266,2.31E+08
14267,2.10E+08
14268,2.21E+08
14269,2.17E+08
14270,2.22E+08
14271,2.23E+08
14272,2.15E+08
14273,2.05E+08
14274,2.22E+08
14275,2.61E+08
14276,2.48E+08
14277,2.62E+08
14278,2.40E+08
14279,2.55E+08
14280,2.60E+08
14281,2.67E+08
14282,2.42E+08
14283,2.49E+08
14284,2.32E+08
14285,2.46E+08
14286,2.43E+08
14287,2.44E+08
14288,2.41E+08
14289,2.35E+08
14290,2.33E+08
14291,1.23E+08
14292,1.97E+08
14293,1.93E+08
14294,1.80E+08
14295,1.47E+08
14296,1.02E+08
14297,1.11E+08
14298,1.31E+08
14299,1.27E+08
14300,1.57E+08
14301,1.83E+08
14302,2.22E+08
14303,2.16E+08
14304,1.83E+08
14305,2.12E+08
14306,2.16E+08
14307,2.66E+08
14308,2.52E+08
14309,2.66E+08
14310,2.56E+08
14311,2.66E+08
14312,2.69E+08
14313,2.57E+08
14314,1.92E+07
14315,4.10E+07
14316,1.49E+07
14317,2.48E+07
14318,3.61E+07
14319,3.11E+07
14320,1.37E+07
14321,180.66
14322,260.19
14323,190.59
14324,468.08
14325,215.88
14326,2.51E+08
14327,2.39E+08
14328,2.66E+08
14329,2.56E+08
14330,2.52E+08
14331,2.48E+08
14332,2.42E+08
14333,2.41E+08
14334,2.57E+08
14335,2.68E+08
14336,2.66E+08
14337,2.64E+08
14338,2.60E+08
14339,2.40E+08
14340,2.54E+08
14341,2.53E+08
14342,2.50E+08
14343,2.48E+08
14344,2.37E+08
14345,2.49E+08
14346,2.43E+08
14347,2.39E+08
14348,2.49E+08
14349,2.54E+08
14350,2.43E+08
14351,2.49E+08
14352,2.49E+08
14353,2.38E+08
14354,2.36E+08
14355,18440
14356,4383.8
14357,7496.7
14358,4485.2
14359,1117.6
14360,599.63
14361,499.14
14362,512.54
14363,460.8
14364,616.19
14365,1.02E+08
14366,1.60E+08
14367,1.15E+08
14368,7.69E+07
14369,9.01E+07
14370,7.44E+07
14371,8.95E+07
14372,1.43E+08
14373,2.54E+08
14374,2.36E+08
14375,2.58E+08
14376,2.63E+08
14377,2.47E+08
14378,2.52E+08
14379,2.41E+08
14380,2.32E+08
14381,2.54E+08
14382,2.46E+08
14383,2.37E+08
14384,2.53E+08
14385,2.52E+08
14386,2.63E+08
14387,2.62E+08
14388,2.41E+08
14389,2.38E+08
14390,2.51E+08
14391,2.67E+08
14392,2.54E+08
14393,2.74E+08
14394,2.67E+08
14395,2.69E+08
14396,2.57E+08
14397,2.52E+08
14398,2.67E+08
14399,85229
14400,19563
14401,17898
14402,53987
14403,1.18E+07
14404,4.75E+06
14405,5.13E+06
14406,1.10E+07
14407,6.03E+06
14408,9.12E+06
14409,2.45E+08
14410,2.53E+08
14411,2.25E+08
14412,2.41E+08
14413,2.52E+08
14414,2.39E+08
14415,2.36E+08
14416,2.30E+08
14417,2.39E+08
14418,2.23E+08
14419,1.84E+08
14420,2.07E+08
14421,1.60E+08
14422,2.05E+08
14423,1.59E+08
14424,2.05E+08
14425,1.52E+08
14426,1.83E+08
14427,1.52E+08
14428,2.16E+08
14429,2.26E+08
14430,2.26E+08
14431,2.18E+08
14432,2.12E+08
14433,2.17E+08
14434,2.03E+08
14435,1.83E+06
14436,8.08E+05
14437,2.25E+06
14438,7.29E+05
14439,1.25E+06
14440,1.58E+06
14441,2.34E+08
14442,2.27E+08
14443,2.38E+08
14444,2.33E+08
14445,2.41E+08
14446,2.28E+08
14447,2.27E+08
14448,2.24E+08
14449,2.11E+07
14450,2.55E+07
14451,1.59E+07
14452,1.76E+07
14453,2.14E+07
14454,2.57E+08
14455,2.45E+08
14456,2.66E+08
14457,2.55E+08
14458,2.56E+08
14459,2.65E+08
14460,2.72E+08
14461,2.51E+08
14462,24.56
14463,10.327
14464,12.219
14465,17.07
14466,16.85
14467,10.472
14468,8.454
14469,19.607
14470,19.036
14471,2.18E+08
14472,2.02E+08
14473,2.12E+08
14474,2.23E+08
14475,2.14E+08
14476,2.05E+08
14477,1.85E+08
14478,5.17E+07
14479,4.34E+07
14480,7.01E+07
14481,4.00E+07
14482,3.60E+07
14483,5.50E+07
14484,6.77E+07
14485,2.26E+08
14486,2.41E+08
14487,2.15E+08
14488,2.29E+08
14489,2.30E+08
14490,1.96E+08
14491,2.15E+08
14492,2.27E+08
14493,2.19E+08
14494,2.40E+08
14495,2.44E+08
14496,2.23E+08
14497,2.23E+08
14498,2.31E+08
14499,2.37E+08
14500,2.17E+08
14501,2.26E+08
14502,2.25E+08
14503,2.41E+08
14504,2.45E+08
14505,2.23E+08
14506,2.23E+08
14507,2.33E+08
14508,2.25E+08
14509,2.21E+08
14510,2.27E+08
14511,20.134
14512,15.668
14513,24.395
14514,7.88E+05
14515,8.04E+05
14516,2.06E+06
14517,1.23E+06
14518,2.28E+07
14519,1.31E+07
14520,1.79E+07
14521,1.34E+07
14522,1.17E+07
14523,1111.7
14524,594.35
14525,638.42
14526,465.92
14527,463.94
14528,2.61E+08
14529,2.54E+08
14530,2.64E+08
14531,2.64E+08
14532,2.69E+08
14533,2.51E+08
14534,2.47E+08
14535,2.45E+08
14536,2.30E+08
14537,2.53E+08
14538,2.59E+08
14539,2.38E+08
14540,2.34E+08
14541,2.48E+08
14542,2.27E+08
14543,2.50E+08
14544,2.49E+08
14545,2.36E+08
14546,2.57E+08
14547,2.57E+08
14548,2.37E+08
14549,2.47E+08
14550,2.35E+08
14551,4.61E+07
14552,3.63E+07
14553,2.26E+07
14554,3.30E+07
14555,3.07E+07
14556,3.94E+07
14557,6310.2
14558,7375.2
14559,2594.2
14560,65160
14561,32114
14562,36532
14563,19249
14564,2.20E+08
14565,2.18E+08
14566,2.29E+08
14567,2.16E+08
14568,2.20E+08
14569,2.22E+08
14570,2.27E+08
14571,1.54E+08
14572,2.08E+08
14573,2.09E+08
14574,2.14E+08
14575,1.44E+08
14576,1.64E+08
14577,2.04E+08
14578,1.30E+08
14579,4.41E+07
14580,8.33E+07
14581,1.16E+08
14582,8.21E+07
14583,7.27E+07
14584,5.30E+07
14585,4.94E+07
14586,71669
14587,1.62E+05
14588,86861
14589,2.66E+08
14590,2.59E+08
14591,2.70E+08
14592,2.60E+08
14593,2.72E+08
14594,2.53E+08
14595,2.70E+08
14596,2.48E+08
14597,2.64E+08
14598,2.59E+08
14599,2.54E+08
14600,2.61E+08
14601,2.36E+08
14602,2.49E+08
14603,2.47E+08
14604,2.42E+08
14605,2.37E+08
14606,2.39E+08
14607,2.35E+08
14608,2.47E+08
14609,5.33E+06
14610,1.39E+06
14611,2.56E+06
14612,2.41E+08
14613,2.66E+08
14614,2.58E+08
14615,2.51E+08
14616,2.40E+08
14617,2.54E+08
14618,2.69E+08
14619,2.47E+08
14620,2.18E+08
14621,2.10E+08
14622,1.98E+08
14623,2.22E+08
14624,2.08E+08
14625,1.97E+08
14626,2.09E+08
14627,2.15E+08
14628,1.70E+08
14629,2.64E+08
14630,2.55E+08
14631,2.70E+08
14632,2.68E+08
14633,2.61E+08
14634,2.72E+08
14635,2.56E+08
14636,2.49E+08
14637,2.67E+08
14638,2.60E+08
14639,2.60E+08
14640,2.46E+08
14641,2.49E+08
14642,2.46E+05
14643,1.65E+05
14644,1.08E+05
14645,2.33E+08
14646,2.25E+08
14647,2.20E+08
14648,2.29E+08
14649,2.25E+08
14650,2.16E+08
14651,2.35E+08
14652,2.33E+08
14653,2.16E+08
14654,2.32E+08
14655,2.35E+08
14656,2.24E+08
14657,2.27E+08
14658,2.55E+05
14659,1.69E+05
14660,3.90E+05
14661,4.00E+05
14662,2.71E+05
14663,2.04E+05
14664,2.53E+08
14665,2.60E+08
14666,2.54E+08
14667,2.55E+08
14668,2.47E+08
14669,2.44E+08
14670,4.74E+07
14671,2.04E+07
14672,3.45E+07
14673,3.21E+07
14674,2.09E+07
14675,3.00E+07
14676,2.41E+07
14677,3.53E+07
14678,3.63E+05
14679,8.36E+05
14680,3.20E+05
14681,80.522
14682,26.063
14683,90.293
14684,30.07
14685,44.434
14686,47.638
14687,28.816
14688,660.65
14689,160.29
14690,123.08
14691,1.18E+08
14692,1.93E+08
14693,1.44E+08
14694,1.91E+08
14695,1.10E+08
14696,1.91E+08
14697,1.88E+08
14698,1.33E+08
14699,1.11E+08
14700,1.37E+08
14701,1.60E+08
14702,2.40E+08
14703,2.15E+08
14704,2.39E+08
14705,2.32E+08
14706,1.93E+08
14707,2.19E+08
14708,2.10E+08
14709,2.16E+08
14710,6.32E+07
14711,8.66E+07
14712,1.09E+08
14713,6.31E+07
14714,8.38E+07
14715,8.42E+07
14716,8.97E+07
14717,2.33E+08
14718,2.36E+08
14719,2.38E+08
14720,2.29E+08
14721,2.28E+08
14722,2.36E+08
14723,2.38E+08
14724,2.40E+08
14725,2.21E+08
14726,2.18E+08
14727,2.30E+08
14728,2.25E+08
14729,2.36E+08
14730,2.28E+08
14731,2.37E+08
14732,2.35E+08
14733,2.30E+08
14734,2.33E+08
14735,2.31E+08
14736,2.53E+08
14737,2.65E+08
14738,2.48E+08
14739,2.44E+08
14740,2.58E+08
14741,2.59E+08
14742,2.56E+08
14743,2.34E+08
14744,1.00E+08
14745,4.29E+07
14746,1.17E+08
14747,3.89E+07
14748,5.06E+07
14749,7.23E+07
14750,2.65E+08
14751,2.63E+08
14752,2.50E+08
14753,2.41E+08
14754,2.54E+08
14755,2.10E+08
14756,2.11E+08
14757,1.61E+08
14758,1.55E+08
14759,1.37E+08
14760,1.92E+08
14761,2.01E+08
14762,1.98E+08
14763,4.41E+07
14764,2.92E+07
14765,3.67E+07
14766,4.60E+07
14767,2.85E+07
14768,2.56E+08
14769,2.67E+08
14770,2.62E+08
14771,2.75E+08
14772,2.64E+08
14773,2.54E+08
14774,2.54E+08
14775,259.5
14776,338.26
14777,1022.5
14778,7377.2
14779,10099
14780,1.77E+06
14781,3.03E+06
14782,2.99E+06
14783,2.16E+05
14784,1.28E+08
14785,5.48E+07
14786,5.21E+07
14787,6.09E+07
14788,6.42E+07
14789,8.28E+07
14790,5.50E+07
14791,1.69E+08
14792,2.28E+08
14793,2.20E+08
14794,1.98E+08
14795,2.18E+08
14796,2.21E+08
14797,1.73E+08
14798,2.10E+08
14799,2.10E+08
14800,2.34E+08
14801,2.43E+08
14802,2.46E+08
14803,2.58E+08
14804,2.30E+08
14805,164.28
14806,52.588
14807,61.085
14808,1.51E+08
14809,1.46E+08
14810,7.34E+07
14811,8.76E+07
14812,7.00E+07
14813,7.27E+07
14814,8.31E+07
14815,1.38E+08
14816,1.30E+08
14817,2.47E+08
14818,2.62E+08
14819,2.55E+08
14820,2.53E+08
14821,2.43E+08
14822,2.40E+08
14823,2.78E+08
14824,2.81E+08
14825,2.69E+08
14826,2.87E+08
14827,3587.1
14828,6972
14829,2.44E+08
14830,2.37E+08
14831,2.63E+08
14832,2.48E+08
14833,2.54E+08
14834,2.44E+08
14835,2.47E+08
14836,2.60E+08
14837,2.39E+08
14838,2.60E+08
14839,2.66E+08
14840,2.40E+08
14841,2.51E+08
14842,2.48E+08
14843,2.59E+08
14844,2.48E+08
14845,2.34E+08
14846,2.57E+08
14847,2.58E+08
14848,2.55E+08
14849,2.55E+08
14850,2.42E+08
14851,2.43E+08
14852,2.31E+08
14853,78563
14854,21307
14855,43493
14856,3.63E+05
14857,2.50E+05
14858,86914
14859,2.13E+08
14860,1.35E+08
14861,1.92E+08
14862,1.81E+08
14863,2.05E+08
14864,2.27E+08
14865,2.44E+08
14866,2.45E+08
14867,2.25E+08
14868,2.40E+08
14869,2.22E+08
14870,1.92E+08
14871,2.20E+08
14872,1.90E+08
14873,2.13E+08
14874,2.20E+08
14875,2.10E+08
14876,1.68E+08
14877,2.07E+08
14878,1604
14879,2186.5
14880,3285.3
14881,1392.6
14882,1.86E+07
14883,8.83E+06
14884,1.94E+07
14885,2.99E+07
14886,1.62E+08
14887,1.14E+08
14888,9.07E+07
14889,1.12E+08
14890,1.43E+08
14891,1.47E+08
14892,2.53E+08
14893,2.56E+08
14894,2.42E+08
14895,2.50E+08
14896,2.51E+08
14897,2.41E+08
14898,2.35E+08
14899,2.56E+08
14900,2.58E+08
14901,2.47E+08
14902,2.45E+08
14903,2.54E+08
14904,2.37E+08
14905,2.40E+08
14906,2.40E+08
14907,2.01E+08
14908,2.15E+08
14909,2.28E+08
14910,2.30E+08
14911,1.96E+08
14912,2.19E+08
14913,2.25E+08
14914,2.33E+08
14915,2.27E+08
14916,2.33E+08
14917,2.48E+08
14918,2.21E+08
14919,2.36E+08
14920,2.35E+08
14921,2.33E+08
14922,960.62
14923,963.65
14924,3.98E+05
14925,2.40E+08
14926,2.23E+08
14927,2.30E+08
14928,2.19E+08
14929,2.31E+08
14930,2.20E+08
14931,2.31E+08
14932,2.26E+08
14933,2.17E+08
14934,2.32E+08
14935,2.00E+08
14936,2.19E+08
14937,6.4546
14938,2.9722
14939,3.1918
14940,4.3402
14941,4.8443
14942,7.98E+07
14943,8.24E+07
14944,5.24E+07
14945,1.28E+08
14946,1.09E+08
14947,1.56E+08
14948,1.08E+08
14949,8.37E+07
14950,7.67E+07
14951,2.44E+08
14952,2.26E+08
14953,2.22E+08
14954,2.34E+08
14955,2.18E+08
14956,2.28E+08
14957,2.15E+08
14958,2.12E+08
14959,2.65E+08
14960,2.50E+08
14961,2.56E+08
14962,2.60E+08
14963,2.66E+08
14964,2.50E+08
14965,2.51E+08
14966,2.67E+08
14967,2.44E+08
14968,2.56E+08
14969,2.62E+08
14970,2.42E+08
14971,2.55E+08
14972,2.15E+08
14973,2.13E+08
14974,2.19E+08
14975,2.19E+08
14976,2.08E+08
14977,1.95E+08
14978,2.01E+08
14979,1.76E+08
14980,1.97E+08
14981,1.25E+08
14982,1.80E+08
14983,2.31E+08
14984,2.02E+08
14985,2.05E+08
14986,2.23E+08
14987,2.21E+08
14988,2.17E+08
14989,2.03E+08
14990,94.337
14991,44.512
14992,43.709
14993,83.866
14994,55.594
14995,2814.1
14996,4.88E+05
14997,1.05E+06
14998,5.68E+05
14999,4.10E+05
15000,6.65E+05
15001,58545
15002,30411
15003,367.27
15004,332.83
15005,373.77
15006,500.86
15007,2.51E+07
15008,3.47E+07
15009,85.31
15010,132.17
15011,86.9
15012,2.12E+08
15013,2.11E+08
15014,2.03E+08
15015,1.82E+08
15016,2.54E+08
15017,2.53E+08
15018,2.44E+08
15019,2.45E+08
15020,2.22E+06
15021,5.89E+05
15022,4.63E+06
15023,7.72E+06
15024,8.45E+06
15025,5.06E+06
15026,6.60E+06
15027,17.305
15028,5.3595
15029,11.28
15030,5.4985
15031,1.60E+08
15032,1.02E+08
15033,7.46E+07
15034,8.69E+07
15035,1.90E+08
15036,1.73E+08
15037,1.26E+08
15038,1.53E+08
15039,2.49E+08
15040,2.50E+08
15041,2.45E+08
15042,2.39E+08
15043,2.36E+08
15044,9.12E+07
15045,6.56E+07
15046,4.99E+07
15047,5.94E+07
15048,6.22E+07
15049,5.43E+07
15050,1.63E+08
15051,2.11E+08
15052,1.75E+08
15053,1.72E+08
15054,1.99E+08
15055,213.19
15056,485.96
15057,410.63
15058,265.99
15059,233.07
15060,408.17
15061,2.39E+08
15062,2.46E+08
15063,2.44E+08
15064,2.34E+08
15065,2.33E+08
15066,2.29E+08
15067,2.36E+08
15068,2.30E+08
15069,2.28E+08
15070,2.12E+08
15071,2.22E+08
15072,2.08E+08
15073,2.49E+08
15074,2.55E+08
15075,2.58E+08
15076,2.45E+08
15077,2.51E+08
15078,2.54E+08
15079,2.52E+08
15080,2.54E+08
15081,2.45E+08
15082,2.54E+08
15083,2.74E+08
15084,2.77E+08
15085,2.63E+08
15086,2.81E+08
15087,2.77E+08
15088,2.69E+08
15089,1.95E+08
15090,1.25E+08
15091,1.87E+08
15092,1.81E+08
15093,1.28E+08
15094,1.96E+08
15095,1.42E+08
15096,1.97E+08
15097,2.16E+08
15098,2.10E+08
15099,2.19E+08
15100,2.09E+08
15101,1.76E+08
15102,2.17E+08
15103,2.01E+08
15104,1.69E+08
15105,2.08E+08
15106,1.46E+08
15107,2.15E+08
15108,2.20E+08
15109,16.689
15110,14.405
15111,6.8133
15112,15.445
15113,7.1389
15114,2.33E+08
15115,2.57E+08
15116,2.55E+08
15117,2.30E+08
15118,2.52E+08
15119,2.49E+08
15120,2.41E+08
15121,2.45E+08
15122,2.39E+08
15123,2.40E+08
15124,2.40E+08
15125,2.41E+08
15126,2.32E+08
15127,2.25E+08
15128,2.75E+08
15129,2.59E+08
15130,2.66E+08
15131,2.73E+08
15132,2.59E+08
15133,1.97E+08
15134,2.08E+08
15135,1.94E+08
15136,186.63
15137,260.85
15138,220.62
15139,1.50E+08
15140,1.83E+08
15141,1.59E+08
15142,2.36E+06
15143,4.37E+06
15144,2.64E+06
15145,2.20E+08
15146,1.50E+08
15147,2.10E+08
15148,2.10E+08
15149,1.89E+08
15150,2.08E+08
15151,5308.8
15152,2.21E+08
15153,2.28E+08
15154,2.35E+08
15155,2.14E+08
15156,1491.6
15157,1407.4
15158,1361.3
15159,1.68E+08
15160,2.10E+08
15161,2.11E+08
15162,2.18E+08
15163,1.78E+08
15164,2.17E+08
15165,1.82E+08
15166,1.69E+08
15167,2.04E+08
15168,2.14E+08
15169,2.36E+08
15170,2.46E+08
15171,2.51E+08
15172,2.33E+08
15173,2.37E+08
15174,2.42E+08
15175,204.11
15176,113.72
15177,166.54
15178,28.256
15179,33.584
15180,7.27E+07
15181,4.18E+07
15182,3.81E+07
15183,5.65E+07
15184,8.49E+07
15185,4.54E+07
15186,2.59E+08
15187,2.67E+08
15188,2.71E+08
15189,2.74E+08
15190,2.56E+08
15191,2.24E+08
15192,2.28E+08
15193,2.15E+08
15194,64348
15195,1.91E+06
15196,3.54E+06
15197,5.17E+06
15198,11113
15199,2.14E+08
15200,2.26E+08
15201,2.28E+08
15202,2.13E+08
15203,2.35E+08
15204,13.76
15205,17.122
15206,31.043
15207,10.541
15208,2.52E+08
15209,2.47E+08
15210,2.48E+08
15211,2.40E+08
15212,1.83E+08
15213,2.11E+08
15214,2.16E+08
15215,2.27E+08
15216,2.03E+08
15217,1.89E+08
15218,2.16E+08
15219,2.28E+08
15220,2.36E+08
15221,2.15E+08
15222,2.29E+08
15223,2.12E+08
15224,1.70E+07
15225,1.27E+07
15226,2.14E+08
15227,2.31E+08
15228,2.17E+08
15229,2.26E+08
15230,2.28E+08
15231,2.06E+08
15232,1.79E+08
15233,2.07E+08
15234,94.547
15235,97.818
15236,125.35
15237,174.88
15238,2.69E+08
15239,2.60E+08
15240,2.68E+08
15241,2.71E+08
15242,2.67E+08
15243,2.71E+08
15244,2.64E+08
15245,2.50E+08
15246,2.60E+08
15247,2.49E+08
15248,2.39E+08
15249,2.42E+08
15250,2.34E+08
15251,20.198
15252,41.236
15253,2.35E+08
15254,2.27E+08
15255,2.37E+08
15256,2.20E+08
15257,3.51E+07
15258,3.37E+07
15259,617.05
15260,432.13
15261,602.44
15262,29.346
15263,1.50E+05
15264,3.9537
15265,1.35E+08
15266,1.91E+08
15267,1.43E+08
15268,1.93E+08
15269,2.08E+08
15270,1.49E+08
15271,9.04E+07
15272,8.19E+07
15273,9.72E+07
15274,1.29E+08
15275,1.28E+08
15276,1.00E+08
15277,1.03E+08
15278,5.19E+07
15279,4.83E+07
15280,4.76E+07
15281,7.46E+07
15282,5.06E+07
15283,9.76E+07
15284,6.58E+07
15285,2.48E+08
15286,2.38E+08
15287,2.38E+08
15288,2.42E+08
15289,2.62E+08
15290,2.79E+08
15291,2.70E+08
15292,9.74E+06
15293,7.91E+06
15294,8.90E+07
15295,1.18E+08
15296,8.27E+07
15297,1.17E+08
15298,384.18
15299,390.92
15300,532.26
15301,2.13E+08
15302,2.12E+08
15303,2.05E+08
15304,1.87E+08
15305,45876
15306,2.68E+08
15307,2.67E+08
15308,1.37E+08
15309,8.92E+07
15310,1.03E+08
15311,1.17E+08
15312,9.79E+05
15313,1.08E+06
15314,1.79E+06
15315,2.27E+08
15316,2.36E+08
15317,2.22E+08
15318,2.29E+08
15319,2.25E+08
15320,2.77E+08
15321,2.68E+08
15322,2.75E+08
15323,2.72E+08
15324,2.67E+08
15325,1.90E+08
15326,1.93E+08
15327,1.33E+08
15328,1.88E+08
15329,2.42E+08
15330,2.44E+08
15331,2.40E+08
15332,2.64E+08
15333,2.65E+08
15334,2.53E+08
15335,2.68E+08
15336,2.70E+08
15337,2.64E+08
15338,2.75E+08
15339,2.56E+08
15340,2.63E+08
15341,2.67E+08
15342,2.66E+08
15343,2.56E+08
15344,2.65E+08
15345,2.57E+08
15346,2.63E+08
15347,2.63E+08
15348,2.75E+08
15349,2.54E+08
15350,2.10E+08
15351,2.10E+08
15352,2.17E+08
15353,1.48E+08
15354,2.52E+08
15355,2.58E+08
15356,2.48E+08
15357,2.58E+08
15358,2.56E+08
15359,2.58E+08
15360,2.47E+08
15361,1.17E+08
15362,1.03E+08
15363,1.60E+08
15364,9.37E+07
15365,1.77E+08
15366,1.27E+08
15367,1.40E+08
15368,1.02E+08
15369,1.72E+08
15370,1.61E+08
15371,2.14E+08
15372,1.85E+08
15373,2.13E+08
15374,2.13E+08
15375,2.09E+08
15376,2.22E+08
15377,36.908
15378,20.097
15379,21.25
15380,2.32E+08
15381,2.27E+08
15382,2.31E+08
15383,4.00E+07
15384,3.89E+07
15385,5.50E+07
15386,5.74E+07
15387,1.09E+08
15388,9.88E+07
15389,7.83E+07
15390,1.49E+08
15391,2.71E+08
15392,2.74E+08
15393,2.56E+08
15394,2.66E+08
15395,2.71E+08
15396,2.70E+08
15397,2.62E+08
15398,2.71E+08
15399,241.72
15400,187.83
15401,235.62
15402,409.11
15403,4.35E+05
15404,6.41E+05
15405,2.29E+08
15406,2.40E+08
15407,2.42E+08
15408,2.27E+08
15409,2.11E+08
15410,2.10E+08
15411,2.26E+08
15412,2.23E+08
15413,2.30E+08
15414,2.29E+08
15415,2.31E+08
15416,2.71E+08
15417,2.72E+08
15418,2.72E+08
15419,2.67E+08
15420,2.63E+08
15421,2.60E+08
15422,2.67E+08
15423,6.40E+07
15424,4.32E+07
15425,4.57E+07
15426,2.40E+08
15427,2.60E+08
15428,2.53E+08
15429,2.33E+08
15430,2.47E+08
15431,1.51E+08
15432,2.03E+08
15433,1.86E+08
15434,2.10E+08
15435,2.47E+08
15436,2.63E+08
15437,2.47E+08
15438,2.51E+08
15439,2.31E+08
15440,2.48E+08
15441,2.82E+08
15442,2.82E+08
15443,2.81E+08
15444,2.82E+08
15445,2.72E+08
15446,2.80E+08
15447,1.73E+08
15448,1.12E+08
15449,1.83E+08
15450,1.68E+08
15451,2.76E+08
15452,2.77E+08
15453,2.81E+08
15454,2.61E+08
15455,2.74E+08
15456,2.76E+08
15457,2.74E+08
15458,1.31E+08
15459,1.35E+08
15460,1.47E+08
15461,1.40E+08
15462,1.35E+08
15463,1.23E+08
15464,1.29E+08
15465,1.12E+08
15466,1.31E+08
15467,1.09E+08
15468,2.84E+08
15469,2.81E+08
15470,2.84E+08
15471,2.79E+08
15472,2.82E+08
15473,2.83E+08
15474,1.51E+08
15475,2.49E+08
15476,2.13E+08
15477,8.71E+07
15478,9.69E+07
15479,2.89E+08
15480,2.87E+08
15481,2.84E+08
15482,2.86E+08
15483,2.89E+08
15484,2.90E+08
15485,1.72E+08
15486,2.63E+08
15487,1.90E+08
15488,2.78E+08
15489,2.73E+08
15490,2.87E+08
15491,2.87E+08
15492,2.85E+08
15493,2.84E+08
15494,2.85E+08
15495,2.88E+08
15496,2.58E+08
15497,1.70E+08
15498,2.40E+08
15499,2.69E+08
15500,2.71E+08
15501,2.89E+08
15502,2.93E+08
15503,2.94E+08
15504,2.98E+08
15505,2.90E+08
15506,2.94E+08
15507,2.88E+08
15508,2.82E+08
15509,2.55E+08
15510,2.84E+08
15511,2.78E+08
15512,2.73E+08
15513,1.81E+08
15514,1.86E+08
15515,1.94E+08
15516,1.91E+08
15517,1.74E+08
15518,2.04E+08
15519,2.90E+08
15520,2.96E+08
15521,2.97E+08
15522,2.90E+08
15523,2.97E+08
15524,2.93E+08
15525,2.93E+08
15526,2.81E+08
15527,2.78E+08
15528,2.74E+08
15529,2.83E+08
15530,6.15E+07
15531,6.77E+07
15532,8.05E+07
15533,6.68E+07
15534,8.52E+07
15535,7.46E+07
15536,2.88E+08
15537,2.91E+08
15538,2.88E+08
15539,2.90E+08
15540,2.90E+08
15541,2.89E+08
15542,2.88E+08
15543,2.88E+08
15544,2.71E+08
15545,2.64E+08
15546,2.39E+08
15547,2.81E+08
15548,2.62E+08
15549,9.59E+07
15550,7.27E+07
15551,9.32E+07
15552,7.42E+07
15553,8.09E+07
15554,6.90E+07
15555,1.95E+08
15556,1.92E+08
15557,2.03E+08
15558,1.83E+08
15559,2.08E+08
15560,1.99E+08
15561,2.70E+08
15562,2.76E+08
15563,2.67E+08
15564,2.70E+08
15565,2.66E+08
15566,2.74E+08
15567,2.55E+08
15568,2.60E+08
15569,2.62E+08
15570,2.58E+08
15571,2.58E+08
15572,2.65E+08
15573,2.85E+08
15574,2.84E+08
15575,2.83E+08
15576,2.84E+08
15577,2.86E+08
15578,2.83E+08
15579,2.10E+08
15580,1.87E+08
15581,2.63E+08
15582,2.70E+08
15583,2.99E+08
15584,3.01E+08
15585,3.10E+08
15586,3.13E+08
15587,2.97E+08
15588,2.95E+08
15589,2.95E+08
15590,2.94E+08
15591,2.88E+08
15592,2.86E+08
15593,2.88E+08
15594,2.86E+08
15595,2.85E+08
15596,2.85E+08
15597,2.69E+08
15598,1.46E+08
15599,1.73E+08
15600,2.39E+08
15601,2.74E+08
15602,2.88E+08
15603,2.87E+08
15604,2.89E+08
15605,2.86E+08
15606,2.90E+08
15607,2.60E+08
15608,1.89E+08
15609,1.41E+08
15610,2.75E+08
15611,2.79E+08
15612,6.16E+07
15613,6.53E+07
15614,8.98E+07
15615,8.70E+07
15616,7.67E+07
15617,7.06E+07
15618,7.93E+07
15619,3.78E+07
15620,2.70E+08
15621,2.65E+08
15622,2.60E+08
15623,2.62E+08
15624,2.71E+08
15625,2.46E+08
15626,2.48E+08
15627,2.36E+08
15628,2.49E+08
15629,2.39E+08
15630,2.54E+08
15631,2.42E+08
15632,2.87E+08
15633,2.81E+08
15634,2.88E+08
15635,2.85E+08
15636,2.87E+08
15637,1.66E+08
15638,1.85E+08
15639,2.38E+08
15640,2.53E+08
15641,2.22E+07
15642,2.75E+07
15643,1.81E+07
15644,2.29E+07
15645,1.89E+07
15646,2.89E+07
15647,2.87E+08
15648,2.84E+08
15649,2.85E+08
15650,2.83E+08
15651,2.84E+08
15652,2.71E+08
15653,2.75E+08
15654,2.62E+08
15655,2.69E+08
15656,2.55E+08
15657,2.69E+08
15658,2.24E+08
15659,2.52E+08
15660,2.53E+08
15661,2.29E+08
15662,1.38E+08
15663,3.34E+07
15664,1.91E+07
15665,3.14E+07
15666,2.40E+07
15667,2.23E+07
15668,2.84E+07
15669,1.29E+07
15670,2.92E+08
15671,2.93E+08
15672,2.91E+08
15673,2.89E+08
15674,2.93E+08
15675,2.90E+08
15676,2.76E+08
15677,2.65E+08
15678,2.80E+08
15679,2.41E+08
15680,2.57E+08
15681,2.23E+08
15682,2.29E+08
15683,2.43E+08
15684,2.59E+08
15685,9.94E+07
15686,2.69E+08
15687,2.72E+08
15688,2.71E+08
15689,2.60E+08
15690,2.54E+08
15691,2.63E+08
15692,2.65E+08
15693,1.54E+08
15694,1.31E+08
15695,1.54E+08
15696,1.70E+08
15697,1.70E+08
15698,1.27E+08
15699,1.45E+08
15700,1.09E+08
15701,1.26E+08
15702,1.47E+08
15703,1.32E+08
15704,1.58E+08
15705,1.12E+08
15706,1.12E+08
15707,3.07E+08
15708,3.18E+08
15709,3.16E+08
15710,3.09E+08
15711,3.01E+08
15712,3.09E+08
15713,3.06E+08
15714,3.13E+08
15715,2.74E+08
15716,2.69E+08
15717,2.75E+08
15718,2.74E+08
15719,2.75E+08
15720,2.77E+08
15721,2.61E+08
15722,2.56E+08
15723,2.61E+08
15724,2.60E+08
15725,2.50E+08
15726,2.66E+08
15727,2.58E+08
15728,2.86E+08
15729,2.99E+08
15730,2.88E+08
15731,3.00E+08
15732,2.94E+08
15733,2.89E+08
15734,2.87E+08
15735,2.71E+08
15736,2.79E+08
15737,2.78E+08
15738,2.74E+08
15739,2.73E+08
15740,2.58E+08
15741,2.59E+08
15742,2.71E+08
15743,1.75E+08
15744,1.22E+08
15745,1.28E+08
15746,2.82E+08
15747,2.82E+08
15748,2.80E+08
15749,2.77E+08
15750,2.75E+08
15751,2.81E+08
15752,2.81E+08
15753,2.66E+08
15754,2.67E+08
15755,2.67E+08
15756,3.06E+08
15757,3.09E+08
15758,2.94E+08
15759,2.97E+08
15760,2.98E+08
15761,3.11E+08
15762,2.84E+08
15763,2.82E+08
15764,2.80E+08
15765,2.97E+08
15766,2.88E+08
15767,2.84E+08
15768,2.95E+08
15769,2.92E+08
15770,2.92E+08
15771,2.87E+08
15772,2.85E+08
15773,2.69E+08
15774,2.68E+08
15775,2.56E+08
15776,2.87E+08
15777,2.84E+08
15778,2.84E+08
15779,2.90E+08
15780,2.81E+08
15781,2.81E+08
15782,2.75E+08
15783,2.76E+08
15784,2.77E+08
15785,2.81E+08
15786,2.86E+08
15787,2.89E+08
15788,2.84E+08
15789,2.84E+08
15790,2.94E+08
15791,2.75E+08
15792,2.80E+08
15793,2.83E+08
15794,2.71E+08
15795,2.77E+08
15796,2.62E+07
15797,2.19E+07
15798,2.38E+07
15799,2.48E+07
15800,1.31E+07
15801,1.28E+07
15802,1.31E+07
15803,1.42E+07
15804,3.01E+08
15805,3.07E+08
15806,2.97E+08
15807,2.95E+08
15808,3.09E+08
15809,2.94E+08
15810,2.95E+08
15811,2.81E+08
15812,3.09E+08
15813,2.94E+08
15814,2.99E+08
15815,3.09E+08
15816,3.14E+08
15817,3.00E+08
15818,2.98E+08
15819,2.88E+08
15820,2.89E+08
15821,2.91E+08
15822,5.17E+07
15823,5.82E+07
15824,4.27E+07
15825,5.64E+07
15826,2.46E+07
15827,2.69E+07
15828,5.78E+07
15829,4.22E+07
15830,4.66E+07
15831,5.68E+07
15832,4.36E+07
15833,2.88E+08
15834,2.82E+08
15835,2.81E+08
15836,2.88E+08
15837,2.86E+08
15838,2.16E+08
15839,2.54E+08
15840,2.71E+08
15841,1.00E+08
15842,2.71E+08
15843,2.94E+08
15844,3.00E+08
15845,2.87E+08
15846,3.03E+08
15847,2.86E+08
15848,2.39E+08
15849,1.42E+08
15850,1.85E+08
15851,1.83E+08
15852,2.26E+08
15853,2.72E+08
15854,1.12E+08
15855,2.99E+08
15856,2.80E+08
15857,3.06E+08
15858,2.89E+08
15859,1.64E+08
15860,2.63E+08
15861,2.67E+08
15862,2.58E+08
15863,2.72E+08
15864,2.76E+08
15865,2.79E+08
15866,2.82E+08
15867,2.86E+08
15868,2.59E+08
15869,2.57E+08
15870,2.42E+08
15871,2.55E+08
15872,2.61E+08
15873,2.61E+08
15874,2.93E+08
15875,3.04E+08
15876,3.01E+08
15877,2.94E+08
15878,2.97E+08
15879,3.07E+08
15880,2.79E+08
15881,2.92E+08
15882,2.92E+08
15883,2.82E+08
15884,2.75E+08
15885,3.11E+08
15886,3.00E+08
15887,3.02E+08
15888,2.96E+08
15889,3.10E+08
15890,2.96E+08
15891,3.14E+08
15892,2.95E+08
15893,2.89E+08
15894,2.84E+08
15895,2.86E+08
15896,2.84E+08
15897,2.90E+08
15898,2.78E+08
15899,2.84E+08
15900,2.84E+08
15901,1.76E+08
15902,2.26E+08
15903,2.65E+08
15904,2.70E+08
15905,2.39E+08
15906,3.00E+08
15907,2.91E+08
15908,2.94E+08
15909,2.88E+08
15910,2.98E+08
15911,2.86E+08
15912,2.88E+08
15913,2.77E+08
15914,2.85E+08
15915,2.67E+08
15916,2.78E+08
15917,2.54E+08
15918,2.84E+08
15919,2.90E+08
15920,2.94E+08
15921,2.85E+08
15922,2.94E+08
15923,2.90E+08
15924,2.76E+08
15925,2.74E+08
15926,2.73E+08
15927,2.83E+08
15928,2.84E+08
15929,2.90E+08
15930,2.96E+08
15931,2.86E+08
15932,1.71E+08
15933,2.59E+08
15934,1.52E+08
15935,2.85E+08
15936,2.79E+08
15937,2.81E+08
15938,2.87E+08
15939,2.81E+08
15940,2.78E+08
15941,2.69E+08
15942,2.57E+08
15943,2.68E+08
15944,2.70E+08
15945,6.00E+07
15946,7.05E+07
15947,6.24E+07
15948,7.12E+07
15949,9.52E+07
15950,8.50E+07
15951,9.58E+07
15952,8.54E+07
15953,2.95E+08
15954,2.95E+08
15955,3.06E+08
15956,2.90E+08
15957,3.02E+08
15958,2.86E+08
15959,2.78E+08
15960,2.67E+08
15961,2.89E+08
15962,1.82E+08
15963,1.66E+08
15964,1.86E+08
15965,2.04E+08
15966,1.89E+08
15967,1.05E+08
15968,9.25E+07
15969,1.37E+08
15970,1.09E+08
15971,1.08E+08
15972,9.75E+07
15973,1.48E+08
15974,1.09E+08
15975,1.56E+08
15976,1.13E+08
15977,2.93E+08
15978,2.93E+08
15979,2.96E+08
15980,3.00E+08
15981,2.91E+08
15982,2.85E+08
15983,2.84E+08
15984,2.88E+08
15985,2.88E+08
15986,2.84E+08
15987,2.86E+08
15988,2.75E+08
15989,2.73E+08
15990,2.70E+08
15991,2.68E+08
15992,2.75E+08
15993,2.35E+08
15994,2.41E+08
15995,2.88E+08
15996,1.52E+08
15997,1.21E+08
15998,1.43E+08
15999,6.54E+07
16000,7.41E+07
16001,5.99E+07
16002,6.19E+07
16003,6.33E+07
16004,2.71E+08
16005,2.67E+08
16006,2.73E+08
16007,2.61E+08
16008,2.50E+08
16009,2.66E+08
16010,2.73E+07
16011,2.22E+07
16012,2.38E+07
16013,1.90E+07
16014,2.34E+07
16015,1.05E+07
16016,1.12E+07
16017,2.83E+08
16018,2.89E+08
16019,2.85E+08
16020,2.69E+08
16021,2.75E+08
16022,2.67E+08
16023,2.71E+08
16024,3.13E+08
16025,2.95E+08
16026,3.09E+08
16027,2.97E+08
16028,3.11E+08
16029,3.05E+08
16030,2.93E+08
16031,2.85E+08
16032,2.78E+08
16033,2.89E+08
16034,3.07E+08
16035,1.56E+08
16036,1.56E+08
16037,1.81E+08
16038,1.44E+08
16039,9.21E+07
16040,1.78E+08
16041,2.02E+08
16042,1.76E+08
16043,2.61E+08
16044,2.82E+08
16045,2.81E+08
16046,2.63E+08
16047,1.44E+08
16048,2.02E+08
16049,2.25E+08
16050,1.69E+08
16051,1.75E+08
16052,1.35E+08
16053,1.84E+08
16054,2.87E+08
16055,2.72E+08
16056,2.86E+08
16057,1.41E+08
16058,1.95E+08
16059,2.12E+08
16060,1.78E+08
16061,1.94E+08
16062,2.00E+08
16063,1.02E+08
16064,2.90E+08
16065,2.88E+08
16066,2.90E+08
16067,2.93E+08
16068,2.60E+08
16069,2.78E+08
16070,2.71E+08
16071,2.70E+07
16072,2.46E+07
16073,2.59E+07
16074,2.55E+07
16075,1.26E+07
16076,1.26E+07
16077,1.36E+07
16078,1.33E+07
16079,2.88E+08
16080,2.88E+08
16081,2.89E+08
16082,2.90E+08
16083,2.70E+08
16084,2.64E+08
16085,2.71E+08
16086,2.38E+08
16087,2.54E+08
16088,2.90E+08
16089,2.73E+08
16090,3.02E+08
16091,2.99E+08
16092,1.34E+08
16093,1.51E+08
16094,3.07E+08
16095,3.23E+08
16096,3.19E+08
16097,3.07E+08
16098,3.08E+08
16099,2.97E+08
16100,3.01E+08
16101,2.85E+08
16102,2.82E+08
16103,2.78E+08
16104,2.58E+08
16105,2.65E+08
16106,2.71E+08
16107,2.72E+08
16108,2.70E+08
16109,2.84E+08
16110,2.83E+08
16111,2.82E+08
16112,2.83E+08
16113,2.84E+08
16114,2.49E+08
16115,1.73E+08
16116,2.66E+08
16117,8.55E+07
16118,1.78E+08
16119,2.61E+08
16120,2.75E+08
16121,1.89E+08
16122,1.85E+08
16123,1.95E+08
16124,1.86E+08
16125,2.97E+08
16126,2.91E+08
16127,3.05E+08
16128,2.90E+08
16129,2.98E+08
16130,2.90E+08
16131,2.94E+08
16132,2.86E+08
16133,2.86E+08
16134,2.83E+08
16135,2.17E+08
16136,2.03E+08
16137,2.48E+08
16138,2.40E+08
16139,3.90E+07
16140,4.76E+07
16141,4.97E+07
16142,3.62E+07
16143,1.96E+07
16144,3.12E+08
16145,3.07E+08
16146,3.14E+08
16147,3.10E+08
16148,3.05E+08
16149,3.05E+08
16150,3.14E+08
16151,3.27E+08
16152,3.26E+08
16153,3.07E+08
16154,3.13E+08
16155,3.12E+08
16156,3.23E+08
16157,3.02E+08
16158,3.12E+08
16159,3.11E+08
16160,3.00E+08
16161,3.13E+08
16162,2.96E+08
16163,2.90E+08
16164,2.78E+08
16165,2.87E+08
16166,3.02E+08
16167,3.07E+08
16168,3.12E+08
16169,2.75E+08
16170,3.00E+08
16171,2.86E+08
16172,2.59E+08
16173,2.88E+08
16174,2.66E+08
16175,2.85E+08
16176,2.95E+08
16177,2.88E+08
16178,2.87E+08
16179,1.70E+08
16180,1.48E+08
16181,1.56E+08
16182,1.66E+08
16183,2.63E+08
16184,2.71E+08
16185,2.66E+08
16186,2.69E+08
16187,2.54E+08
16188,2.59E+08
16189,2.50E+08
16190,1.19E+08
16191,1.34E+08
16192,1.82E+08
16193,1.12E+08
16194,7.79E+07
16195,5.73E+07
16196,3.08E+08
16197,3.08E+08
16198,2.97E+08
16199,2.90E+08
16200,2.88E+08
16201,2.99E+08
16202,2.69E+08
16203,2.84E+08
16204,2.55E+08
16205,2.70E+08
16206,2.87E+08
16207,2.76E+08
16208,2.67E+08
16209,1.60E+08
16210,2.89E+08
16211,2.78E+08
16212,2.94E+08
16213,2.82E+08
16214,2.51E+08
16215,2.69E+08
16216,2.28E+08
16217,2.66E+08
16218,2.87E+08
16219,2.88E+08
16220,2.85E+08
16221,2.89E+08
16222,2.69E+08
16223,2.75E+08
16224,1.74E+08
16225,2.89E+08
16226,2.87E+08
16227,2.82E+08
16228,2.64E+08
16229,2.64E+08
16230,2.68E+08
16231,2.77E+08
16232,2.68E+08
16233,2.89E+08
16234,3.07E+08
16235,2.86E+08
16236,1.94E+08
16237,1.66E+08
16238,1.58E+08
16239,1.72E+08
16240,2.99E+08
16241,3.13E+08
16242,3.17E+08
16243,3.02E+08
16244,2.92E+08
16245,3.02E+08
16246,2.92E+08
16247,1.67E+08
16248,1.73E+08
16249,1.93E+08
16250,2.92E+08
16251,2.94E+08
16252,2.95E+08
16253,2.91E+08
16254,2.92E+08
16255,2.66E+08
16256,2.81E+08
16257,2.75E+08
16258,2.86E+08
16259,2.80E+08
16260,2.74E+08
16261,2.80E+08
16262,2.75E+08
16263,2.71E+08
16264,2.54E+08
16265,2.65E+08
16266,2.62E+08
16267,3.01E+08
16268,3.08E+08
16269,2.99E+08
16270,2.91E+07
16271,3.42E+07
16272,1.55E+07
16273,1.56E+07
16274,3.12E+08
16275,3.05E+08
16276,3.19E+08
16277,3.02E+08
16278,3.05E+08
16279,3.02E+08
16280,2.93E+08
16281,3.05E+08
16282,2.58E+07
16283,1.37E+07
16284,1.39E+07
16285,1.50E+07
16286,3.09E+08
16287,3.00E+08
16288,2.97E+08
16289,2.96E+08
16290,2.99E+08
16291,2.88E+08
16292,2.83E+08
16293,2.92E+08
16294,2.90E+08
16295,2.84E+08
16296,2.77E+08
16297,2.63E+08
16298,1.87E+08
16299,1.25E+08
16300,9.21E+07
16301,8.03E+07
16302,1.56E+07
16303,1.77E+07
16304,1.59E+07
16305,6.50E+06
16306,6.52E+06
16307,3.00E+08
16308,3.00E+08
16309,2.81E+08
16310,2.95E+08
16311,2.93E+08
16312,2.95E+08
16313,2.83E+08
16314,2.78E+08
16315,5.02E+07
16316,5.64E+07
16317,5.44E+07
16318,2.50E+07
16319,2.38E+07
16320,2.50E+07
16321,6.61E+07
16322,5.84E+07
16323,2.92E+07
16324,2.77E+07
16325,5.34E+07
16326,2.84E+07
16327,4.77E+07
16328,2.41E+07
16329,1.94E+07
16330,1.07E+07
16331,1.06E+07
16332,2.78E+08
16333,2.80E+08
16334,2.80E+08
16335,2.83E+08
16336,2.84E+08
16337,2.69E+08
16338,2.63E+08
16339,2.56E+08
16340,2.69E+08
16341,3.15E+08
16342,3.01E+08
16343,3.08E+08
16344,3.03E+08
16345,2.90E+08
16346,2.86E+08
16347,2.98E+08
16348,2.63E+08
16349,2.74E+08
16350,2.62E+08
16351,2.38E+08
16352,2.57E+08
16353,2.42E+08
16354,2.57E+08
16355,2.89E+08
16356,2.93E+08
16357,2.91E+08
16358,2.71E+08
16359,2.55E+08
16360,2.83E+08
16361,2.78E+08
16362,2.73E+08
16363,2.99E+08
16364,2.96E+08
16365,2.89E+08
16366,2.83E+08
16367,2.85E+08
16368,2.73E+08
16369,2.74E+08
16370,2.90E+08
16371,2.09E+08
16372,2.02E+08
16373,2.10E+08
16374,1.12E+08
16375,1.65E+08
16376,1.40E+08
16377,1.28E+08
16378,2.92E+08
16379,2.86E+08
16380,2.93E+08
16381,2.52E+08
16382,2.69E+08
16383,2.81E+08
16384,2.76E+08
16385,2.60E+08
16386,2.83E+08
16387,8.80E+07
16388,2.57E+08
16389,2.42E+08
16390,2.47E+08
16391,2.44E+08
16392,2.28E+08
16393,2.49E+08
16394,2.49E+08
16395,2.09E+08
16396,1.78E+08
16397,7.50E+07
16398,3.08E+08
16399,3.19E+08
16400,3.22E+08
16401,3.05E+08
16402,3.11E+08
16403,3.08E+08
16404,2.99E+08
16405,2.89E+08
16406,1.83E+08
16407,2.71E+08
16408,2.76E+08
16409,2.80E+08
16410,2.71E+08
16411,1.49E+08
16412,1.59E+08
16413,9.55E+07
16414,2.65E+08
16415,3.02E+08
16416,3.13E+08
16417,2.97E+08
16418,3.02E+08
16419,2.88E+08
16420,3.04E+08
16421,3.15E+08
16422,2.97E+08
16423,3.04E+08
16424,2.89E+08
16425,2.85E+08
16426,2.90E+08
16427,1.72E+08
16428,1.88E+08
16429,1.35E+08
16430,2.78E+08
16431,2.75E+08
16432,2.73E+08
16433,1.01E+08
16434,9.30E+07
16435,2.82E+08
16436,2.78E+08
16437,2.68E+08
16438,1.60E+08
16439,1.59E+08
16440,2.65E+08
16441,2.89E+08
16442,2.90E+08
16443,2.90E+08
16444,2.91E+08
16445,2.78E+08
16446,2.80E+08
16447,2.80E+08
16448,2.82E+08
16449,2.73E+08
16450,2.71E+08
16451,2.74E+08
16452,2.64E+08
16453,2.85E+08
16454,2.85E+08
16455,2.00E+08
16456,2.01E+08
16457,2.19E+08
16458,3.09E+08
16459,2.97E+08
16460,2.86E+08
16461,2.82E+08
16462,2.89E+08
16463,2.72E+08
16464,2.84E+08
16465,2.86E+08
16466,1.71E+08
16467,1.11E+08
16468,1.41E+08
16469,2.57E+08
16470,2.69E+08
16471,1.27E+08
16472,1.21E+08
16473,2.97E+08
16474,3.03E+08
16475,2.90E+08
16476,2.77E+08
16477,2.91E+08
16478,2.74E+08
16479,2.82E+08
16480,2.78E+08
16481,7.62E+07
16482,9.40E+07
16483,5.24E+07
16484,3.31E+07
16485,3.87E+07
16486,2.90E+08
16487,2.89E+08
16488,2.72E+08
16489,2.71E+08
16490,3.00E+08
16491,3.03E+08
16492,2.96E+08
16493,2.86E+08
16494,2.91E+08
16495,2.89E+08
16496,2.96E+08
16497,2.91E+08
16498,3.02E+08
16499,2.86E+08
16500,2.84E+08
16501,2.77E+08
16502,2.62E+08
16503,2.83E+08
16504,2.63E+08
16505,1.67E+08
16506,2.55E+08
16507,2.72E+08
16508,2.63E+08
16509,2.52E+08
16510,2.48E+08
16511,2.47E+08
16512,2.52E+08
16513,2.77E+08
16514,2.74E+08
16515,2.63E+08
16516,2.63E+08
16517,2.95E+08
16518,2.79E+08
16519,2.73E+08
16520,2.92E+08
16521,2.86E+08
16522,2.04E+08
16523,2.40E+08
16524,1.21E+08
16525,1.22E+08
16526,8.22E+07
16527,2.93E+08
16528,2.88E+08
16529,2.94E+08
16530,2.92E+08
16531,2.61E+08
16532,2.78E+08
16533,2.80E+08
16534,2.76E+08
16535,2.01E+07
16536,2.14E+07
16537,7.15E+06
16538,9.57E+06
16539,1.07E+07
16540,9.06E+06
16541,3.04E+08
16542,3.14E+08
16543,2.99E+08
16544,2.92E+08
16545,3.03E+08
16546,2.89E+08
16547,2.90E+08
16548,2.34E+08
16549,9.89E+07
16550,1.27E+08
16551,2.84E+08
16552,2.65E+08
16553,2.71E+08
16554,2.69E+08
16555,2.63E+08
16556,2.73E+08
16557,2.56E+08
16558,2.63E+08
16559,2.63E+08
16560,2.20E+08
16561,2.59E+08
16562,2.64E+08
16563,2.66E+08
16564,2.10E+08
16565,1.88E+07
16566,1.51E+07
16567,3.08E+08
16568,2.95E+08
16569,2.92E+08
16570,2.83E+08
16571,2.79E+08
16572,2.96E+08
16573,2.86E+08
16574,3.23E+08
16575,3.09E+08
16576,3.07E+08
16577,3.09E+08
16578,3.12E+08
16579,3.06E+08
16580,3.11E+08
16581,3.25E+08
16582,3.24E+08
16583,3.06E+08
16584,3.16E+08
16585,3.11E+08
16586,3.02E+08
16587,2.01E+08
16588,8.21E+07
16589,2.10E+08
16590,1.15E+08
16591,3.20E+08
16592,3.01E+08
16593,3.06E+08
16594,3.13E+08
16595,2.84E+08
16596,3.10E+08
16597,2.96E+08
16598,1.48E+08
16599,1.28E+08
16600,2.89E+08
16601,2.61E+08
16602,2.46E+08
16603,2.50E+08
16604,2.54E+08
16605,2.81E+08
16606,2.61E+08
16607,1.44E+08
16608,2.07E+08
16609,2.40E+08
16610,2.17E+08
16611,2.97E+08
16612,2.93E+08
16613,2.86E+08
16614,2.86E+08
16615,2.81E+08
16616,2.87E+08
16617,2.82E+08
16618,2.66E+07
16619,1.21E+07
16620,1.18E+07
16621,1.17E+07
16622,1.13E+07
16623,2.03E+08
16624,1.95E+08
16625,8.75E+07
16626,3.19E+08
16627,3.19E+08
16628,3.08E+08
16629,3.02E+08
16630,3.12E+08
16631,3.10E+08
16632,3.20E+08
16633,3.26E+08
16634,3.11E+08
16635,3.13E+08
16636,3.11E+08
16637,3.18E+08
16638,3.07E+08
16639,2.60E+08
16640,1.50E+08
16641,1.69E+08
16642,2.71E+08
16643,2.40E+08
16644,2.70E+08
16645,2.16E+08
16646,2.87E+08
16647,2.88E+08
16648,2.82E+08
16649,2.85E+08
16650,2.89E+08
16651,3.23E+08
16652,3.25E+08
16653,3.06E+08
16654,3.14E+08
16655,3.10E+08
16656,3.00E+08
16657,2.84E+08
16658,1.69E+08
16659,1.40E+08
16660,1.33E+08
16661,1.88E+08
16662,2.88E+08
16663,1.41E+08
16664,2.74E+08
16665,1.45E+08
16666,1.73E+08
16667,1.89E+08
16668,2.83E+08
16669,2.74E+08
16670,1.52E+08
16671,1.75E+08
16672,8.69E+07
16673,3.24E+08
16674,3.18E+08
16675,2.99E+08
16676,3.21E+08
16677,3.29E+08
16678,2.63E+08
16679,2.58E+08
16680,2.63E+08
16681,2.69E+08
16682,2.68E+08
16683,2.74E+08
16684,2.59E+08
16685,2.47E+08
16686,2.58E+08
16687,2.55E+08
16688,7.77E+07
16689,3.83E+07
16690,2.84E+08
16691,1.74E+08
16692,1.85E+08
16693,1.78E+08
16694,2.61E+08
16695,2.69E+08
16696,2.46E+08
16697,2.57E+08
16698,3.15E+08
16699,3.00E+08
16700,2.94E+08
16701,3.12E+08
16702,2.79E+08
16703,2.71E+08
16704,2.84E+08
16705,2.68E+08
16706,2.75E+08
16707,2.69E+08
16708,2.70E+08
16709,6.35E+07
16710,2.82E+08
16711,2.84E+08
16712,2.09E+08
16713,2.61E+08
16714,2.71E+08
16715,2.63E+08
16716,2.97E+07
16717,2.61E+08
16718,2.53E+08
16719,2.61E+08
16720,2.68E+08
16721,1.99E+08
16722,1.26E+08
16723,1.19E+08
16724,3.09E+08
16725,2.78E+08
16726,2.64E+08
16727,2.49E+08
16728,1.78E+08
16729,2.98E+08
16730,2.83E+08
16731,2.94E+08
16732,2.97E+08
16733,2.91E+08
16734,3.03E+08
16735,3.06E+08
16736,2.91E+08
16737,2.88E+08
16738,2.95E+08
16739,2.83E+08
16740,2.68E+08
16741,1.79E+08
16742,1.84E+08
16743,1.32E+08
16744,2.46E+07
16745,1.21E+07
16746,1.28E+07
16747,2.86E+08
16748,2.74E+08
16749,2.75E+08
16750,2.63E+08
16751,2.77E+08
16752,2.94E+08
16753,2.65E+08
16754,2.32E+08
16755,2.78E+08
16756,2.69E+08
16757,2.57E+08
16758,2.55E+08
16759,2.50E+08
16760,3.12E+08
16761,2.96E+08
16762,2.94E+08
16763,2.89E+08
16764,2.78E+08
16765,2.89E+08
16766,2.69E+08
16767,2.83E+08
16768,2.75E+08
16769,2.57E+08
16770,2.85E+08
16771,2.86E+08
16772,2.58E+08
16773,1.70E+08
16774,1.40E+08
16775,3.07E+08
16776,3.09E+08
16777,3.01E+08
16778,3.12E+08
16779,3.10E+08
16780,3.10E+08
16781,3.05E+08
16782,8.92E+07
16783,2.91E+08
16784,2.87E+08
16785,2.65E+08
16786,2.75E+08
16787,2.72E+08
16788,2.62E+08
16789,2.83E+08
16790,2.70E+08
16791,2.62E+08
16792,2.72E+08
16793,2.68E+08
16794,2.73E+08
16795,2.72E+08
16796,2.66E+08
16797,2.65E+08
16798,2.65E+08
16799,2.54E+08
16800,2.69E+08
16801,2.37E+08
16802,3.22E+08
16803,3.04E+08
16804,3.03E+08
16805,3.10E+08
16806,2.84E+08
16807,2.71E+08
16808,1.63E+08
16809,1.82E+08
16810,1.66E+08
16811,2.89E+08
16812,2.87E+08
16813,2.74E+08
16814,2.72E+08
16815,2.76E+08
16816,2.76E+08
16817,2.72E+08
16818,2.74E+08
16819,2.84E+08
16820,3.19E+08
16821,3.15E+08
16822,3.00E+08
16823,2.76E+08
16824,1.49E+08
16825,1.52E+08
16826,1.33E+08
16827,2.45E+08
16828,2.51E+08
16829,1.45E+08
16830,3.11E+08
16831,2.25E+08
16832,2.30E+08
16833,2.53E+08
16834,2.79E+08
16835,2.45E+08
16836,1.13E+08
16837,1.19E+08
16838,1.03E+08
16839,2.95E+08
16840,3.03E+08
16841,2.87E+08
16842,2.82E+08
16843,2.93E+08
16844,2.90E+08
16845,2.75E+08
16846,2.73E+08
16847,1.22E+07
16848,1.28E+07
16849,2.52E+08
16850,2.68E+08
16851,2.65E+08
16852,2.50E+08
16853,3.19E+08
16854,3.02E+08
16855,3.03E+08
16856,2.52E+08
16857,2.15E+08
16858,2.81E+08
16859,2.66E+08
16860,2.81E+08
16861,2.78E+08
16862,2.71E+08
16863,3.12E+08
16864,3.13E+08
16865,3.17E+08
16866,3.04E+08
16867,3.17E+08
16868,3.03E+08
16869,3.13E+07
16870,3.08E+07
16871,3.12E+08
16872,1.49E+08
16873,1.66E+08
16874,3.07E+08
16875,3.07E+08
16876,3.12E+08
16877,3.16E+08
16878,3.01E+08
16879,2.73E+08
16880,2.74E+08
16881,2.85E+08
16882,2.60E+08
16883,2.61E+08
16884,2.53E+08
16885,2.41E+08
16886,2.45E+08
16887,2.33E+08
16888,2.52E+08
16889,2.52E+08
16890,3.15E+08
16891,3.26E+08
16892,3.23E+08
16893,2.98E+08
16894,2.90E+08
16895,2.93E+08
16896,2.84E+08
16897,2.89E+08
16898,2.79E+08
16899,1.31E+08
16900,1.75E+08
16901,1.46E+08
16902,1.58E+08
16903,1.61E+08
16904,2.38E+08
16905,2.92E+08
16906,2.83E+08
16907,2.82E+08
16908,7.38E+07
16909,6.28E+07
16910,3.21E+07
16911,1.00E+07
16912,1.24E+07
16913,1.36E+07
16914,1.20E+07
16915,5.59E+07
16916,5.73E+07
16917,4.26E+07
16918,2.58E+07
16919,2.69E+07
16920,2.84E+08
16921,1.49E+08
16922,1.19E+08
16923,1.12E+08
16924,3.04E+08
16925,3.18E+08
16926,2.91E+08
16927,2.98E+08
16928,2.98E+08
16929,3.00E+08
16930,2.90E+08
16931,3.00E+08
16932,2.94E+08
16933,3.00E+08
16934,3.20E+08
16935,2.96E+08
16936,2.51E+08
16937,2.57E+08
16938,1.95E+08
16939,1.81E+08
16940,2.90E+08
16941,2.78E+08
16942,2.74E+08
16943,2.81E+08
16944,2.84E+08
16945,2.90E+08
16946,2.84E+08
16947,1.62E+08
16948,2.12E+08
16949,2.66E+08
16950,2.66E+08
16951,2.96E+08
16952,2.95E+08
16953,2.98E+08
16954,3.09E+08
16955,3.10E+08
16956,2.06E+08
16957,1.68E+08
16958,2.94E+08
16959,1.59E+08
16960,1.35E+08
16961,1.79E+08
16962,2.87E+08
16963,2.91E+08
16964,2.03E+08
16965,7.93E+07
16966,2.71E+08
16967,2.81E+08
16968,2.71E+08
16969,2.72E+08
16970,2.69E+08
16971,2.58E+08
16972,2.80E+08
16973,1.25E+08
16974,1.85E+08
16975,2.70E+08
16976,2.69E+08
16977,2.38E+08
16978,1.98E+08
16979,2.69E+08
16980,2.78E+08
16981,2.78E+08
16982,2.76E+08
16983,3.02E+08
16984,3.02E+08
16985,3.01E+07
16986,3.10E+07
16987,2.89E+08
16988,3.00E+08
16989,2.95E+08
16990,2.90E+08
16991,1.66E+08
16992,1.42E+08
16993,1.89E+08
16994,1.84E+08
16995,1.63E+08
16996,1.64E+07
16997,1.51E+07
16998,2.97E+08
16999,2.94E+08
17000,1.04E+08
17001,1.06E+08
17002,2.77E+08
17003,1.92E+08
17004,2.81E+08
17005,1.81E+08
17006,2.72E+08
17007,2.73E+08
17008,1.95E+08
17009,2.65E+08
17010,1.55E+08
17011,8.88E+07
17012,2.81E+08
17013,2.76E+08
17014,2.81E+08
17015,2.98E+08
17016,2.97E+08
17017,2.90E+08
17018,2.74E+08
17019,2.83E+08
17020,1.33E+08
17021,1.48E+08
17022,1.15E+08
17023,1.70E+08
17024,3.10E+08
17025,2.99E+08
17026,3.03E+08
17027,1.41E+08
17028,1.65E+08
17029,1.59E+08
17030,2.97E+08
17031,2.97E+08
17032,2.88E+08
17033,1.58E+08
17034,1.33E+08
17035,2.08E+08
17036,1.15E+08
17037,1.85E+08
17038,1.41E+08
17039,2.70E+08
17040,2.74E+08
17041,2.69E+08
17042,3.10E+08
17043,3.16E+08
17044,3.14E+08
17045,2.04E+08
17046,2.31E+08
17047,2.30E+08
17048,2.28E+08
17049,2.33E+08
17050,2.09E+08
17051,1.93E+08
17052,2.26E+08
17053,2.01E+08
17054,2.35E+08
17055,2.30E+08
17056,2.35E+08
17057,2.21E+08
17058,2.37E+08
17059,2.40E+08
17060,2.27E+08
17061,1.96E+08
17062,2.29E+08
17063,2.25E+08
17064,2.35E+08
17065,1.90E+08
17066,2.07E+08
17067,2.10E+08
17068,2.17E+08
17069,2.10E+08
17070,2.30E+08
17071,2.27E+08
17072,2.17E+08
17073,1.90E+08
17074,1.94E+08
17075,1.81E+08
17076,2.19E+08
17077,2.30E+08
17078,2.21E+08
17079,2.25E+08
17080,2.43E+08
17081,2.32E+08
17082,1.83E+08
17083,2.26E+08
17084,1.82E+08
17085,2.28E+08
17086,2.41E+08
17087,2.38E+08
17088,2.20E+08
17089,2.21E+08
17090,2.44E+08
17091,2.24E+08
17092,2.30E+08
17093,2.29E+08
17094,2.31E+08
17095,2.45E+08
17096,2.28E+08
17097,2.40E+08
17098,2.45E+08
17099,2.36E+08
17100,2.27E+08
17101,2.02E+08
17102,2.05E+08
17103,1.96E+08
17104,2.00E+08
17105,1.93E+08
17106,1.86E+08
17107,2.03E+08
17108,2.29E+08
17109,2.21E+08
17110,2.30E+08
17111,2.25E+08
17112,2.22E+08
17113,2.08E+08
17114,1.93E+08
17115,2.08E+08
17116,1.81E+08
17117,2.23E+08
17118,1.92E+08
17119,2.39E+08
17120,2.36E+08
17121,2.37E+08
17122,2.34E+08
17123,2.33E+08
17124,2.22E+08
17125,2.45E+08
17126,2.24E+08
17127,2.30E+08
17128,2.28E+08
17129,2.35E+08
17130,1.84E+08
17131,2.20E+08
17132,2.13E+08
17133,2.32E+08
17134,2.27E+08
17135,2.10E+08
17136,1.84E+08
17137,2.30E+08
17138,1.98E+08
17139,2.29E+08
17140,2.18E+08
17141,2.09E+08
17142,2.48E+08
17143,2.33E+08
17144,2.24E+08
17145,2.38E+08
17146,2.41E+08
17147,2.16E+08
17148,2.27E+08
17149,2.42E+08
17150,2.21E+08
17151,2.45E+08
17152,2.43E+08
17153,2.48E+08
17154,2.35E+08
17155,2.46E+08
17156,2.15E+08
17157,2.15E+08
17158,2.03E+08
17159,1.91E+08
17160,1.94E+08
17161,1.90E+08
17162,2.17E+08
17163,1.92E+08
17164,2.00E+08
17165,2.18E+08
17166,2.29E+08
17167,2.19E+08
17168,2.12E+08
17169,2.07E+08
17170,1.90E+08
17171,1.97E+08
17172,1.73E+08
17173,1.83E+08
17174,2.30E+08
17175,2.34E+08
17176,2.29E+08
17177,2.39E+08
17178,2.31E+08
17179,2.31E+08
17180,2.36E+08
17181,2.35E+08
17182,2.31E+08
17183,2.08E+08
17184,2.29E+08
17185,2.37E+08
17186,2.30E+08
17187,2.03E+08
17188,2.25E+08
17189,2.28E+08
17190,2.33E+08
17191,2.41E+08
17192,2.54E+08
17193,2.33E+08
17194,2.38E+08
17195,2.43E+08
17196,1.99E+08
17197,1.97E+08
17198,1.93E+08
17199,1.84E+08
17200,1.36E+08
17201,1.98E+08
17202,2.25E+08
17203,1.48E+08
17204,1.93E+08
17205,2.15E+08
17206,2.21E+08
17207,2.23E+08
17208,2.33E+08
17209,2.25E+08
17210,2.33E+08
17211,2.30E+08
17212,1.92E+08
17213,1.82E+08
17214,1.49E+08
17215,1.88E+08
17216,1.87E+08
17217,2.18E+08
17218,2.24E+08
17219,1.93E+08
17220,2.23E+08
17221,2.30E+08
17222,2.35E+08
17223,2.29E+08
17224,2.39E+08
17225,2.31E+08
17226,2.28E+08
17227,2.36E+08
17228,2.36E+08
17229,2.33E+08
17230,2.05E+08
17231,2.28E+08
17232,2.27E+08
17233,2.37E+08
17234,2.34E+08
17235,2.25E+08
17236,2.35E+08
17237,2.41E+08
17238,2.33E+08
17239,2.31E+08
17240,2.47E+08
17241,1.90E+08
17242,1.99E+08
17243,1.96E+08
17244,1.28E+08
17245,1.54E+08
17246,1.93E+08
17247,2.25E+08
17248,2.11E+08
17249,2.16E+08
17250,1.30E+08
17251,2.29E+08
17252,9.50E+07
17253,2.21E+08
17254,2.31E+08
17255,2.27E+08
17256,2.22E+08
17257,2.29E+08
17258,2.32E+08
17259,2.27E+08
17260,1.98E+08
17261,1.77E+08
17262,1.91E+08
17263,2.16E+08
17264,2.17E+08
17265,2.30E+08
17266,2.24E+08
17267,9.77E+07
17268,1.68E+08
17269,1.64E+08
17270,1.24E+08
17271,9.63E+07
17272,2.07E+08
17273,1.81E+08
17274,1.59E+08
17275,1.84E+08
17276,1.76E+08
17277,2.07E+08
17278,1.94E+08
17279,2.00E+08
17280,2.04E+08
17281,1.86E+08
17282,1.81E+08
17283,1.86E+08
17284,1.99E+08
17285,1.95E+08
17286,1.78E+08
17287,1.53E+08
17288,1.81E+08
17289,1.82E+08
17290,1.56E+08
17291,1.86E+08
17292,1.79E+08
17293,2.12E+08
17294,1.78E+08
17295,1.85E+08
17296,1.81E+08
17297,2.01E+08
17298,1.82E+08
17299,1.78E+08
17300,1.21E+08
17301,1.19E+08
17302,1.40E+08
17303,1.56E+08
17304,1.21E+08
17305,1.61E+08
17306,1.85E+08
17307,1.47E+08
17308,1.59E+08
17309,1.79E+08
17310,2.01E+08
17311,1.96E+08
17312,2.06E+08
17313,7.13E+07
17314,5.71E+07
17315,7.48E+07
17316,1.30E+08
17317,6.84E+07
17318,1.59E+08
17319,1.19E+08
17320,1.15E+08
17321,1.24E+08
17322,1.87E+08
17323,2.32E+08
17324,2.45E+08
17325,2.39E+08
17326,2.12E+08
17327,2.41E+08
17328,2.40E+08
17329,2.42E+08
17330,2.23E+08
17331,2.09E+08
17332,2.19E+08
17333,1.43E+08
17334,1.29E+08
17335,2.14E+08
17336,2.47E+08
17337,2.12E+08
17338,2.45E+08
17339,2.48E+08
17340,2.18E+08
17341,1.55E+08
17342,6.04E+07
17343,6.52E+07
17344,1.41E+08
17345,1.14E+08
17346,1.67E+08
17347,1.22E+08
17348,2.24E+08
17349,1.28E+08
17350,2.17E+08
17351,9.99E+07
17352,2.16E+08
17353,2.10E+08
17354,1.89E+08
17355,2.10E+08
17356,1.98E+08
17357,1.88E+08
17358,2.49E+08
17359,2.51E+08
17360,2.47E+08
17361,2.35E+08
17362,2.51E+08
17363,2.50E+08
17364,1.98E+08
17365,2.29E+08
17366,2.27E+08
17367,2.27E+08
17368,2.24E+08
17369,2.04E+08
17370,6.70E+07
17371,8.75E+07
17372,1.77E+08
17373,8.36E+07
17374,2.18E+08
17375,7.11E+07
17376,2.30E+08
17377,2.41E+08
17378,2.41E+08
17379,2.35E+08
17380,3.92E+07
17381,2.26E+08
17382,2.33E+08
17383,5.48E+07
17384,1.12E+08
17385,2.32E+08
17386,2.35E+08
17387,2.34E+08
17388,1.76E+08
17389,2.34E+08
17390,2.47E+08
17391,2.42E+08
17392,2.44E+08
17393,2.42E+08
17394,2.33E+08
17395,2.22E+08
17396,1.97E+08
17397,6.77E+07
17398,1.67E+08
17399,1.66E+08
17400,2.38E+08
17401,2.46E+08
17402,2.09E+08
17403,2.36E+08
17404,2.35E+08
17405,2.38E+08
17406,2.27E+08
17407,9.50E+07
17408,5.84E+07
17409,1.30E+08
17410,1.63E+08
17411,1.32E+08
17412,2.31E+08
17413,2.17E+08
17414,2.41E+08
17415,2.28E+08
17416,2.29E+08
17417,2.20E+08
17418,6.71E+07
17419,2.04E+08
17420,1.58E+08
17421,1.99E+08
17422,8.70E+07
17423,1.91E+08
17424,1.66E+08
17425,9.00E+07
17426,6.17E+07
17427,2.30E+08
17428,2.29E+08
17429,6.26E+07
17430,5.45E+07
17431,2.22E+08
17432,2.14E+08
17433,2.06E+08
17434,2.30E+08
17435,2.00E+08
17436,1.14E+08
17437,1.72E+08
17438,3.93E+07
17439,6.12E+07
17440,2.34E+08
17441,2.41E+07
17442,1.48E+08
17443,2.29E+08
17444,2.27E+08
17445,2.33E+08
17446,2.24E+08
17447,2.40E+08
17448,4.46E+07
17449,1.53E+08
17450,1.89E+08
17451,8.17E+07
17452,2.31E+08
17453,2.36E+08
17454,2.31E+08
17455,2.29E+08
17456,1.82E+08
17457,2.21E+08
17458,9.02E+07
17459,1.47E+08
17460,1.14E+08
17461,2.16E+08
17462,2.20E+08
17463,2.13E+08
17464,2.00E+08
17465,1.74E+08
17466,7.15E+07
17467,1.21E+08
17468,8.07E+07
17469,1.03E+08
17470,1.80E+08
17471,7.57E+07
17472,9.86E+07
17473,2.18E+08
17474,2.09E+08
17475,2.32E+08
17476,2.29E+08
17477,1.28E+08
17478,2.32E+08
17479,2.30E+08
17480,2.25E+08
17481,2.00E+08
17482,2.09E+08
17483,1.58E+08
17484,1.28E+08
17485,2.19E+08
17486,2.31E+08
17487,2.31E+08
17488,2.08E+08
17489,2.08E+08
17490,2.38E+08
17491,2.43E+08
17492,2.40E+08
17493,2.21E+08
17494,7.98E+07
17495,2.32E+08
17496,1.34E+08
17497,3.04E+07
17498,6.76E+07
17499,1.50E+08
17500,1.58E+07
17501,5.81E+07
17502,2.24E+08
17503,2.29E+08
17504,7.63E+06
17505,2.34E+08
17506,2.46E+08
17507,2.03E+08
17508,1.38E+08
17509,2.31E+07
17510,1.92E+08
17511,1.62E+08
17512,2.28E+07
17513,2.93E+07
17514,3.63E+07
17515,1.86E+08
17516,2.75E+07
17517,2.03E+08
17518,4.72E+07
17519,1.62E+08
17520,2.45E+08
17521,2.42E+08
17522,2.29E+08
17523,2.44E+08
17524,2.22E+08
17525,2.09E+08
17526,1.10E+08
17527,1.49E+08
17528,2.31E+08
17529,2.38E+08
17530,1.96E+08
17531,2.38E+08
17532,1.93E+08
17533,2.42E+08
17534,2.40E+08
17535,2.41E+08
17536,2.40E+08
17537,2.04E+08
17538,2.34E+08
17539,2.23E+08
17540,2.37E+08
17541,2.38E+08
17542,2.43E+08
17543,2.39E+08
17544,2.32E+08
17545,2.33E+08
17546,2.39E+08
17547,2.38E+08
17548,1.42E+08
17549,1.58E+08
17550,1.19E+08
17551,3.38E+07
17552,7.25E+07
17553,2.41E+08
17554,1.41E+08
17555,2.27E+08
17556,2.40E+08
17557,2.42E+08
17558,2.30E+08
17559,1.48E+08
17560,1.27E+08
17561,1.56E+08
17562,2.70E+07
17563,8.09E+07
17564,9.90E+07
17565,7.55E+07
17566,1.01E+08
17567,1.57E+08
17568,6.59E+07
17569,8.79E+07
17570,9.57E+07
17571,9.82E+07
17572,2.33E+08
17573,2.40E+08
17574,2.39E+08
17575,2.36E+08
17576,2.19E+08
17577,2.32E+08
17578,2.40E+08
17579,2.37E+08
17580,2.41E+08
17581,2.34E+08
17582,1.99E+08
17583,2.13E+08
17584,2.34E+08
17585,2.37E+08
17586,2.30E+08
17587,2.16E+08
17588,1.16E+08
17589,2.11E+08
17590,1.67E+08
17591,1.67E+08
17592,1.43E+08
17593,2.17E+08
17594,1.25E+08
17595,2.03E+08
17596,1.27E+08
17597,9.62E+07
17598,2.05E+08
17599,1.38E+08
17600,1.36E+08
17601,1.39E+08
17602,1.40E+08
17603,1.03E+08
17604,1.16E+08
17605,1.14E+08
17606,1.07E+08
17607,1.04E+08
17608,5.52E+07
17609,9.18E+07
17610,4.67E+07
17611,1.01E+08
17612,1.78E+08
17613,1.68E+08
17614,9.30E+07
17615,1.71E+08
17616,1.32E+08
17617,1.36E+08
17618,1.64E+08
17619,1.71E+08
17620,1.56E+08
17621,1.20E+08
17622,8.67E+07
17623,2.37E+08
17624,2.37E+08
17625,2.30E+08
17626,1.85E+08
17627,1.89E+08
17628,3.48E+07
17629,7.90E+07
17630,8.99E+07
17631,2.20E+08
17632,1.79E+08
17633,1.45E+08
17634,2.03E+08
17635,1.71E+08
17636,1.79E+08
17637,1.97E+08
17638,1.58E+08
17639,8.34E+07
17640,9.03E+07
17641,7.13E+07
17642,1.66E+08
17643,9.19E+07
17644,9.75E+07
17645,1.98E+08
17646,1.99E+08
17647,6.75E+07
17648,7.99E+07
17649,8.08E+07
17650,1.23E+08
17651,1.02E+08
17652,1.22E+08
17653,1.39E+08
17654,1.33E+08
17655,1.24E+08
17656,1.24E+08
17657,9.50E+07
17658,6.23E+07
17659,1.32E+08
17660,4.61E+07
17661,8.47E+07
17662,2.35E+08
17663,2.35E+08
17664,2.33E+08
17665,2.37E+08
17666,1.67E+08
17667,2.27E+08
17668,1.42E+08
17669,1.78E+08
17670,1.88E+08
17671,2.42E+08
17672,1.43E+08
17673,2.26E+08
17674,2.21E+08
17675,2.32E+08
17676,2.37E+08
17677,1.26E+08
17678,1.43E+08
17679,1.19E+08
17680,1.68E+08
17681,1.56E+08
17682,1.47E+08
17683,1.64E+08
17684,1.70E+08
17685,1.77E+08
17686,1.76E+08
17687,1.62E+08
17688,1.77E+08
17689,1.67E+08
17690,1.54E+08
17691,1.10E+08
17692,1.44E+08
17693,6.17E+07
17694,1.44E+08
17695,1.30E+08
17696,9.35E+07
17697,4.06E+07
17698,1.32E+08
17699,1.47E+08
17700,1.14E+08
17701,1.41E+08
17702,2.35E+08
17703,2.28E+08
17704,2.33E+08
17705,2.26E+08
17706,2.26E+08
17707,2.31E+08
17708,2.35E+08
17709,2.28E+08
17710,2.26E+08
17711,2.24E+08
17712,2.28E+08
17713,2.34E+08
17714,2.32E+08
17715,2.35E+08
17716,2.27E+08
17717,2.35E+08
17718,2.15E+08
17719,2.15E+08
17720,1.32E+08
17721,2.02E+08
17722,1.57E+08
17723,1.92E+08
17724,8.85E+07
17725,9.47E+07
17726,8.44E+07
17727,2.21E+08
17728,2.19E+08
17729,1.99E+08
17730,2.13E+08
17731,9.16E+07
17732,1.14E+08
17733,1.73E+08
17734,2.09E+08
17735,1.94E+08
17736,1.14E+08
17737,2.10E+08
17738,1.30E+08
17739,2.06E+08
17740,2.13E+08
17741,1.81E+08
17742,2.08E+08
17743,2.33E+08
17744,2.31E+08
17745,2.28E+08
17746,2.39E+08
17747,2.18E+08
17748,2.23E+08
17749,1.71E+08
17750,1.84E+08
17751,2.25E+08
17752,2.41E+08
17753,2.08E+08
17754,2.34E+08
17755,2.28E+08
17756,2.25E+08
17757,2.38E+08
17758,2.40E+08
17759,2.29E+08
17760,2.10E+08
17761,2.27E+08
17762,1.03E+08
17763,2.37E+08
17764,2.03E+08
17765,1.11E+08
17766,1.35E+08
17767,2.35E+08
17768,2.30E+08
17769,2.27E+08
17770,2.29E+08
17771,8.19E+07
17772,2.27E+08
17773,1.91E+08
17774,2.18E+08
17775,8.80E+07
17776,8.82E+07
17777,1.04E+08
17778,1.53E+08
17779,2.14E+08
17780,1.34E+08
17781,2.26E+08
17782,2.31E+08
17783,2.24E+08
17784,2.23E+08
17785,2.30E+08
17786,2.32E+08
17787,3.83E+07
17788,2.14E+08
17789,1.84E+08
17790,3.66E+07
17791,5.13E+07
17792,1.66E+08
17793,2.20E+08
17794,2.29E+08
17795,2.12E+08
17796,2.26E+08
17797,2.33E+08
17798,1.90E+08
17799,2.17E+08
17800,2.23E+08
17801,6.67E+07
17802,3.90E+07
17803,4.63E+07
17804,1.01E+08
17805,1.03E+08
17806,1.07E+08
17807,2.19E+08
17808,2.33E+08
17809,7.64E+07
17810,1.02E+08
17811,1.76E+08
17812,2.12E+08
17813,2.14E+08
17814,2.23E+08
17815,3.46E+07
17816,3.99E+07
17817,1.37E+08
17818,5.61E+07
17819,8.48E+07
17820,2.14E+08
17821,2.13E+08
17822,2.28E+08
17823,7.57E+07
17824,1.05E+08
17825,1.37E+08
17826,1.09E+08
17827,1.16E+08
17828,1.26E+08
17829,1.19E+08
17830,1.14E+08
17831,1.14E+08
17832,1.18E+08
17833,1.15E+08
17834,1.29E+08
17835,1.30E+08
17836,6.75E+07
17837,1.29E+08
17838,9.33E+07
17839,1.69E+08
17840,1.52E+08
17841,6.57E+07
17842,1.72E+08
17843,1.47E+08
17844,1.59E+08
17845,1.58E+08
17846,7.03E+07
17847,1.61E+08
17848,2.18E+08
17849,2.27E+08
17850,1.91E+08
17851,2.16E+08
17852,2.28E+08
17853,1.38E+08
17854,1.78E+08
17855,2.22E+08
17856,2.28E+08
17857,1.75E+08
17858,1.05E+08
17859,2.16E+08
17860,2.21E+08
17861,2.35E+08
17862,2.33E+08
17863,2.27E+08
17864,2.36E+08
17865,2.34E+08
17866,2.24E+08
17867,2.41E+08
17868,2.33E+08
17869,2.37E+08
17870,2.34E+08
17871,2.15E+08
17872,2.14E+08
17873,1.41E+08
17874,2.20E+08
17875,1.68E+08
17876,1.28E+08
17877,1.91E+08
17878,1.16E+08
17879,1.27E+08
17880,2.02E+08
17881,2.19E+08
17882,2.09E+08
17883,1.81E+08
17884,5.45E+07
17885,7.30E+07
17886,1.81E+08
17887,7.39E+07
17888,1.80E+08
17889,1.75E+08
17890,9.51E+07
17891,1.80E+08
17892,1.76E+08
17893,1.91E+08
17894,1.67E+08
17895,1.51E+08
17896,1.66E+08
17897,8.60E+07
17898,1.27E+08
17899,7.83E+07
17900,1.03E+08
17901,1.21E+08
17902,1.07E+08
17903,5.58E+07
17904,9.24E+07
17905,8.88E+07
17906,1.00E+08
17907,4.13E+07
17908,6.96E+07
17909,9.68E+07
17910,1.19E+08
17911,9.65E+07
17912,2.32E+08
17913,2.39E+08
17914,1.75E+08
17915,1.66E+08
17916,2.22E+08
17917,2.28E+08
17918,2.06E+08
17919,2.37E+08
17920,2.30E+08
17921,2.35E+08
17922,2.34E+08
17923,2.53E+08
17924,2.58E+08
17925,2.65E+08
17926,2.47E+08
17927,2.42E+08
17928,2.82E+08
17929,2.95E+08
17930,2.63E+08
17931,2.94E+08
17932,2.90E+08
17933,2.75E+08
17934,2.90E+08
17935,2.73E+08
17936,2.88E+08
17937,1.91E+08
17938,2.13E+08
17939,1.99E+08
17940,2.08E+08
17941,2.13E+08
17942,2.06E+08
17943,2.21E+08
17944,2.24E+08
17945,1.94E+08
17946,1.61E+08
17947,1.95E+08
17948,2.07E+08
17949,1.22E+08
17950,1.08E+08
17951,1.82E+08
17952,1.75E+08
17953,1.48E+08
17954,1.50E+08
17955,1.80E+08
17956,1.63E+08
17957,1.74E+08
17958,1.65E+08
17959,1.78E+08
17960,1.78E+08
17961,1.51E+08
17962,1.54E+08
17963,1.59E+08
17964,7.66E+07
17965,1.22E+08
17966,1.33E+08
17967,1.03E+08
17968,9.61E+07
17969,1.32E+08
17970,1.30E+08
17971,1.55E+08
17972,1.10E+08
17973,1.21E+08
17974,1.46E+08
17975,1.63E+08
17976,1.53E+08
17977,1.20E+08
17978,1.24E+08
17979,1.56E+08
17980,1.32E+08
17981,1.48E+08
17982,9.84E+07
17983,2.15E+08
17984,2.01E+08
17985,2.09E+08
17986,2.05E+08
17987,2.13E+08
17988,2.20E+08
17989,1.91E+08
17990,2.11E+08
17991,1.80E+08
17992,1.22E+08
17993,4.42E+07
17994,6.26E+07
17995,4.14E+07
17996,2.07E+08
17997,1.97E+08
17998,2.04E+08
17999,2.01E+08
18000,2.05E+08
18001,1.97E+08
18002,5.72E+07
18003,4.39E+07
18004,9.16E+07
18005,7.72E+07
18006,9.36E+07
18007,1.07E+08
18008,7.16E+07
18009,1.10E+08
18010,1.09E+08
18011,1.13E+08
18012,8.99E+07
18013,8.35E+07
18014,1.60E+08
18015,1.57E+08
18016,1.18E+08
18017,1.51E+08
18018,1.44E+08
18019,1.11E+08
18020,2.34E+08
18021,2.01E+08
18022,2.36E+08
18023,1.88E+08
18024,2.27E+08
18025,2.15E+08
18026,2.31E+08
18027,2.32E+08
18028,2.29E+08
18029,2.74E+08
18030,2.42E+08
18031,2.55E+08
18032,2.74E+08
18033,2.72E+08
18034,2.58E+08
18035,2.61E+08
18036,2.40E+08
18037,2.53E+08
18038,2.55E+08
18039,2.54E+08
18040,3.14E+08
18041,3.13E+08
18042,3.08E+08
18043,3.03E+08
18044,2.97E+08
18045,2.82E+08
18046,2.79E+08
18047,2.75E+08
18048,3.05E+08
18049,1.23E+08
18050,1.40E+08
18051,1.43E+08
18052,1.41E+08
18053,9.65E+07
18054,8.73E+07
18055,2.54E+08
18056,2.43E+08
18057,2.53E+08
18058,2.49E+08
18059,2.57E+08
18060,2.55E+08
18061,2.56E+08
18062,2.48E+08
18063,2.49E+08
18064,2.56E+08
18065,2.54E+08
18066,2.54E+08
18067,1.90E+08
18068,2.03E+08
18069,2.09E+08
18070,1.90E+08
18071,2.28E+08
18072,2.00E+08
18073,2.10E+08
18074,2.23E+08
18075,2.19E+08
18076,2.12E+08
18077,2.83E+08
18078,2.77E+08
18079,2.71E+08
18080,2.57E+08
18081,2.68E+08
18082,2.71E+08
18083,2.10E+08
18084,1.93E+08
18085,2.23E+08
18086,2.23E+08
18087,2.02E+08
18088,2.26E+08
18089,2.15E+08
18090,2.14E+08
18091,1.78E+08
18092,2.13E+08
18093,2.83E+08
18094,2.80E+08
18095,2.67E+08
18096,2.57E+08
18097,2.64E+08
18098,1.45E+08
18099,2.49E+08
18100,2.50E+08
18101,1.88E+08
18102,2.61E+08
18103,2.42E+08
18104,9.79E+07
18105,7.37E+07
18106,1.41E+08
18107,1.01E+08
18108,1.35E+08
18109,1.29E+08
18110,2.43E+08
18111,2.39E+08
18112,2.21E+08
18113,2.49E+08
18114,2.42E+08
18115,2.36E+08
18116,1.67E+08
18117,2.32E+08
18118,1.94E+08
18119,1.65E+08
18120,2.07E+08
18121,2.49E+08
18122,2.41E+08
18123,2.49E+08
18124,2.48E+08
18125,2.31E+08
18126,1.23E+08
18127,2.20E+08
18128,2.36E+08
18129,2.60E+08
18130,2.52E+08
18131,2.40E+08
18132,2.75E+08
18133,2.15E+08
18134,8.10E+07
18135,2.17E+08
18136,1.82E+08
18137,1.18E+08
18138,1.36E+08
18139,2.18E+08
18140,1.89E+08
18141,2.00E+08
18142,2.15E+08
18143,2.32E+08
18144,2.24E+08
18145,2.23E+08
18146,2.44E+08
18147,2.28E+08
18148,2.14E+08
18149,2.30E+08
18150,2.29E+08
18151,2.31E+08
18152,1.36E+08
18153,1.34E+08
18154,1.39E+08
18155,1.24E+08
18156,1.37E+08
18157,1.24E+08
18158,1.28E+08
18159,1.34E+08
18160,1.22E+08
18161,1.54E+08
18162,1.12E+08
18163,2.05E+08
18164,2.13E+08
18165,2.12E+08
18166,1.99E+08
18167,2.07E+08
18168,2.06E+08
18169,1.53E+08
18170,1.55E+08
18171,1.96E+08
18172,2.67E+08
18173,2.70E+08
18174,2.51E+08
18175,2.66E+08
18176,2.66E+08
18177,2.24E+08
18178,2.56E+08
18179,2.44E+08
18180,2.48E+08
18181,2.49E+08
18182,6.86E+07
18183,9.63E+07
18184,1.19E+08
18185,1.33E+08
18186,4.95E+07
18187,3.15E+07
18188,1.50E+08
18189,1.00E+08
18190,1.44E+08
18191,1.61E+08
18192,4.17E+07
18193,1.14E+08
18194,2.02E+08
18195,2.49E+08
18196,2.34E+08
18197,5.40E+07
18198,2.42E+08
18199,2.50E+08
18200,2.47E+08
18201,8.50E+07
18202,7.10E+07
18203,7.32E+07
18204,9.67E+07
18205,1.35E+08
18206,1.34E+08
18207,1.14E+08
18208,3.47E+07
18209,7.54E+07
18210,2.28E+07
18211,8.87E+07
18212,7.45E+07
18213,1.50E+08
18214,1.50E+08
18215,8.05E+07
18216,1.59E+08
18217,4.43E+07
18218,6.54E+07
18219,1.25E+08
18220,1.51E+08
18221,9.11E+07
18222,7.64E+07
18223,1.28E+08
18224,1.70E+08
18225,2.02E+08
18226,1.17E+08
18227,1.71E+08
18228,1.24E+08
18229,1.18E+08
18230,2.28E+08
18231,1.20E+08
18232,1.25E+08
18233,2.34E+08
18234,1.67E+08
18235,2.53E+08
18236,1.88E+08
18237,2.41E+08
18238,2.80E+08
18239,2.50E+08
18240,2.57E+08
18241,2.07E+08
18242,2.35E+08
18243,2.66E+08
18244,2.90E+08
18245,3.09E+08
18246,2.69E+08
18247,3.00E+08
18248,2.30E+08
18249,3.19E+08
18250,3.03E+08
18251,2.82E+08
18252,1.24E+08
18253,1.13E+08
18254,1.57E+08
18255,1.05E+08
18256,1.59E+08
18257,1.48E+08
18258,1.62E+08
18259,1.55E+08
18260,1.68E+08
18261,1.53E+08
18262,1.44E+08
18263,1.53E+08
18264,9.91E+07
18265,1.49E+08
18266,1.49E+08
18267,1.07E+08
18268,3.19E+08
18269,3.25E+08
18270,3.48E+08
18271,3.36E+08
18272,3.18E+08
18273,3.39E+08
18274,3.01E+08
18275,3.12E+08
18276,7.88E+07
18277,5.66E+07
18278,6.86E+07
18279,1.94E+08
18280,1.17E+08
18281,1.89E+08
18282,4.82E+07
18283,1.92E+08
18284,8.71E+07
18285,1.39E+08
18286,1.34E+08
18287,1.84E+08
18288,1.89E+08
18289,1.85E+08
18290,1.35E+08
18291,1.65E+08
18292,1.71E+08
18293,1.78E+08
18294,1.80E+08
18295,1.49E+08
18296,1.88E+08
18297,2.89E+08
18298,2.87E+08
18299,2.72E+08
18300,2.66E+08
18301,2.60E+08
18302,2.63E+08
18303,2.89E+08
18304,1.96E+08
18305,2.17E+08
18306,1.43E+08
18307,2.10E+08
18308,1.61E+08
18309,2.01E+08
18310,2.18E+08
18311,2.34E+08
18312,2.35E+08
18313,2.24E+08
18314,2.18E+08
18315,7.23E+07
18316,4.01E+07
18317,7.42E+07
18318,2.76E+08
18319,2.77E+08
18320,2.73E+08
18321,2.97E+08
18322,2.77E+08
18323,2.74E+08
18324,2.63E+08
18325,2.63E+08
18326,2.68E+08
18327,2.71E+08
18328,2.60E+08
18329,2.66E+08
18330,2.40E+08
18331,2.17E+08
18332,2.35E+08
18333,1.85E+08
18334,2.02E+08
18335,1.88E+08
18336,1.99E+08
18337,2.00E+08
18338,1.96E+08
18339,1.93E+08
18340,1.99E+08
18341,1.95E+08
18342,2.91E+08
18343,2.92E+08
18344,2.70E+08
18345,2.73E+08
18346,2.77E+08
18347,2.60E+08
18348,2.53E+08
18349,2.08E+08
18350,1.11E+08
18351,2.09E+08
18352,1.12E+08
18353,9.86E+07
18354,1.50E+08
18355,1.70E+08
18356,2.88E+07
18357,1.02E+08
18358,3.70E+07
18359,1.28E+08
18360,7.15E+07
18361,1.54E+08
18362,1.11E+07
18363,2.53E+08
18364,2.69E+08
18365,2.65E+08
18366,2.60E+08
18367,2.65E+08
18368,2.78E+08
18369,2.92E+08
18370,2.72E+08
18371,2.86E+08
18372,2.79E+08
18373,2.90E+08
18374,1.64E+08
18375,1.69E+08
18376,1.40E+08
18377,1.44E+08
18378,1.57E+08
18379,1.72E+08
18380,1.39E+08
18381,1.63E+08
18382,1.80E+08
18383,1.51E+08
18384,1.37E+08
18385,1.55E+08
18386,1.10E+08
18387,9.32E+07
18388,1.57E+08
18389,1.51E+08
18390,1.59E+08
18391,1.43E+08
18392,1.12E+08
18393,1.51E+08
18394,1.07E+08
18395,2.50E+08
18396,2.53E+08
18397,2.52E+08
18398,2.52E+08
18399,2.31E+08
18400,2.49E+08
18401,2.60E+08
18402,2.56E+08
18403,2.54E+08
18404,2.42E+08
18405,1.40E+07
18406,1.31E+07
18407,3.53E+07
18408,5.23E+07
18409,2.53E+08
18410,2.58E+08
18411,2.58E+08
18412,2.53E+08
18413,2.56E+08
18414,2.64E+08
18415,2.52E+08
18416,2.56E+08
18417,2.50E+08
18418,2.65E+08
18419,2.57E+08
18420,1.14E+08
18421,1.51E+08
18422,1.62E+08
18423,1.76E+08
18424,1.15E+08
18425,1.54E+08
18426,1.90E+08
18427,2.60E+08
18428,2.66E+08
18429,2.74E+08
18430,2.33E+08
18431,2.68E+08
18432,2.76E+08
18433,2.40E+08
18434,2.67E+08
18435,2.66E+08
18436,2.48E+08
18437,4.15E+07
18438,6.59E+07
18439,3.63E+07
18440,7.60E+07
18441,4.77E+07
18442,7.11E+07
18443,3.97E+07
18444,6.81E+07
18445,5.54E+07
18446,3.90E+07
18447,6.04E+07
18448,2.36E+08
18449,4.31E+07
18450,8.44E+07
18451,1.86E+08
18452,2.13E+08
18453,1.92E+08
18454,2.28E+07
18455,2.34E+08
18456,2.28E+08
18457,2.31E+08
18458,2.04E+08
18459,2.37E+08
18460,2.16E+08
18461,1.85E+08
18462,1.57E+08
18463,1.21E+08
18464,2.21E+08
18465,2.15E+08
18466,2.38E+08
18467,2.52E+08
18468,2.45E+08
18469,1.32E+08
18470,1.29E+08
18471,2.58E+08
18472,1.43E+08
18473,2.67E+08
18474,2.49E+08
18475,2.56E+08
18476,2.41E+08
18477,2.64E+08
18478,2.34E+08
18479,5.03E+07
18480,6.61E+07
18481,4.59E+07
18482,6.95E+07
18483,8.21E+07
18484,7.24E+07
18485,2.39E+08
18486,2.55E+08
18487,2.56E+08
18488,2.10E+08
18489,2.55E+08
18490,2.76E+08
18491,2.67E+08
18492,2.74E+08
18493,2.61E+08
18494,1.68E+08
18495,7.02E+07
18496,7.93E+07
18497,1.68E+08
18498,1.37E+08
18499,2.65E+08
18500,2.76E+08
18501,2.62E+08
18502,2.77E+08
18503,2.68E+08
18504,2.65E+08
18505,2.50E+08
18506,2.60E+08
18507,2.50E+08
18508,2.25E+08
18509,2.32E+08
18510,2.32E+08
18511,2.35E+08
18512,1.52E+08
18513,1.20E+08
18514,1.76E+08
18515,1.55E+08
18516,1.78E+08
18517,1.73E+08
18518,1.34E+08
18519,1.69E+08
18520,1.69E+08
18521,1.58E+08
18522,1.62E+08
18523,1.71E+08
18524,1.43E+08
18525,1.53E+08
18526,1.69E+08
18527,1.54E+08
18528,1.49E+08
18529,1.64E+08
18530,1.46E+08
18531,1.85E+08
18532,1.73E+08
18533,1.89E+08
18534,1.76E+08
18535,1.85E+08
18536,1.82E+08
18537,1.69E+08
18538,2.43E+08
18539,2.54E+08
18540,2.60E+08
18541,2.50E+08
18542,2.59E+08
18543,2.51E+08
18544,2.58E+08
18545,2.58E+08
18546,2.56E+08
18547,2.57E+08
18548,2.67E+08
18549,2.53E+08
18550,1.37E+08
18551,1.46E+08
18552,1.42E+08
18553,1.26E+08
18554,1.30E+08
18555,1.37E+08
18556,1.59E+08
18557,1.50E+08
18558,1.61E+08
18559,1.60E+08
18560,1.40E+08
18561,1.71E+08
18562,1.37E+08
18563,2.26E+08
18564,2.43E+08
18565,2.28E+08
18566,2.42E+08
18567,2.45E+08
18568,2.26E+08
18569,1.79E+08
18570,2.30E+08
18571,1.82E+08
18572,2.08E+08
18573,2.33E+08
18574,2.18E+08
18575,1.43E+08
18576,2.10E+08
18577,2.13E+08
18578,2.06E+08
18579,8.13E+07
18580,2.13E+08
18581,2.03E+08
18582,2.10E+08
18583,1.41E+08
18584,2.06E+08
18585,2.09E+08
18586,1.74E+08
18587,1.75E+08
18588,1.72E+08
18589,1.31E+08
18590,1.17E+08
18591,1.22E+08
18592,1.54E+08
18593,1.59E+08
18594,1.75E+08
18595,1.25E+08
18596,1.18E+08
18597,1.52E+08
18598,1.35E+08
18599,1.01E+08
18600,1.68E+08
18601,1.64E+08
18602,1.64E+08
18603,1.76E+08
18604,2.45E+08
18605,2.44E+08
18606,2.43E+08
18607,1.85E+08
18608,2.00E+08
18609,2.30E+08
18610,2.11E+08
18611,2.50E+08
18612,2.17E+08
18613,2.19E+08
18614,2.34E+08
18615,2.27E+08
18616,2.27E+08
18617,2.26E+08
18618,2.40E+08
18619,2.42E+08
18620,2.11E+08
18621,2.19E+08
18622,2.35E+08
18623,2.11E+08
18624,2.00E+08
18625,2.13E+08
18626,2.38E+08
18627,2.36E+08
18628,2.40E+08
18629,2.52E+05
18630,5.64E+05
18631,36.696
18632,59.099
18633,97.584
18634,40.054
18635,363.2
18636,292.87
18637,467.11
18638,7.93E+06
18639,5.96E+06
18640,7.86E+07
18641,6.24E+07
18642,1.10E+08
18643,7.24E+07
18644,1.66E+08
18645,1.32E+08
18646,3.26E+06
18647,2.04E+06
18648,2.65E+06
18649,2.56E+08
18650,2.50E+08
18651,2.39E+08
18652,1.56E+08
18653,2.38E+08
18654,1.77E+08
18655,2.42E+07
18656,1.23E+08
18657,2.21E+08
18658,2.53E+08
18659,2.63E+08
18660,2.70E+08
18661,2.53E+08
18662,2.40E+08
18663,1.15E+08
18664,2.02E+08
18665,1.89E+08
18666,9.70E+07
18667,2.12E+08
18668,9.83E+07
18669,2.40E+08
18670,2.37E+08
18671,2.35E+08
18672,1.82E+08
18673,7.71E+07
18674,2.48E+08
18675,6.21E+07
18676,2.33E+08
18677,2.27E+08
18678,6.65E+07
18679,2.54E+08
18680,5.07E+07
18681,1.58E+08
18682,2.52E+08
18683,2.41E+08
18684,2.21E+08
18685,2.63E+08
18686,2.44E+08
18687,2.54E+08
18688,2.49E+08
18689,2.59E+08
18690,2.46E+08
18691,2.50E+08
18692,2.57E+08
18693,2.53E+08
18694,2.45E+08
18695,2.92E+08
18696,2.80E+08
18697,2.87E+08
18698,2.98E+08
18699,3.08E+08
18700,3.14E+08
18701,2.81E+08
18702,2.79E+08
18703,2.86E+08
18704,2.42E+08
18705,2.35E+08
18706,2.27E+08
18707,2.14E+08
18708,2.35E+08
18709,2.34E+08
18710,2.38E+08
18711,2.33E+08
18712,2.34E+08
18713,2.31E+08
18714,2.31E+08
18715,2.32E+08
18716,2.37E+08
18717,2.26E+08
18718,1.28E+08
18719,9.49E+07
18720,1.49E+08
18721,1.42E+08
18722,1.56E+08
18723,1.62E+08
18724,1.41E+08
18725,1.39E+08
18726,2.24E+08
18727,2.35E+08
18728,2.36E+08
18729,2.38E+08
18730,2.25E+08
18731,2.18E+08
18732,2.23E+08
18733,2.18E+08
18734,2.43E+08
18735,2.43E+08
18736,2.27E+08
18737,2.48E+08
18738,4.41E+07
18739,2.55E+08
18740,2.37E+08
18741,1.73E+08
18742,2.66E+08
18743,1.77E+08
18744,2.60E+08
18745,2.55E+08
18746,3.24E+08
18747,3.21E+08
18748,3.01E+08
18749,2.98E+08
18750,2.90E+08
18751,3.04E+08
18752,2.99E+08
18753,2.28E+08
18754,2.42E+08
18755,2.14E+08
18756,2.36E+08
18757,2.30E+08
18758,2.28E+08
18759,2.14E+08
18760,2.24E+08
18761,2.13E+08
18762,1.49E+08
18763,1.79E+08
18764,2.03E+08
18765,1.36E+08
18766,1.67E+08
18767,2.25E+08
18768,1.75E+08
18769,1.69E+08
18770,1.46E+08
18771,1.75E+08
18772,2.27E+08
18773,1.64E+08
18774,1.74E+08
18775,1.82E+08
18776,1.82E+08
18777,2.02E+08
18778,1.97E+08
18779,1.92E+08
18780,1.54E+08
18781,1.77E+08
18782,1.78E+08
18783,1.60E+08
18784,2.51E+08
18785,2.31E+08
18786,2.35E+08
18787,2.28E+08
18788,3.18E+08
18789,3.32E+08
18790,3.02E+08
18791,3.24E+08
18792,2.88E+08
18793,2.93E+08
18794,3.01E+08
18795,2.86E+08
18796,2.95E+08
18797,1.01E+08
18798,5.97E+07
18799,7.68E+07
18800,1.16E+08
18801,1.16E+08
18802,2.35E+08
18803,2.36E+08
18804,2.32E+08
18805,2.40E+08
18806,2.28E+08
18807,2.13E+08
18808,2.14E+08
18809,2.16E+08
18810,2.29E+08
18811,2.02E+08
18812,2.35E+08
18813,1.61E+08
18814,1.78E+08
18815,1.90E+08
18816,1.72E+08
18817,1.48E+08
18818,1.65E+08
18819,1.69E+08
18820,1.69E+08
18821,1.75E+08
18822,1.88E+08
18823,1.81E+08
18824,1.57E+08
18825,1.83E+08
18826,1.11E+07
18827,2.60E+08
18828,2.71E+08
18829,2.79E+08
18830,2.64E+08
18831,2.63E+08
18832,2.69E+08
18833,353.39
18834,204.54
18835,257.59
18836,440.12
18837,2.24E+08
18838,2.35E+08
18839,2.24E+08
18840,2.30E+08
18841,2.43E+08
18842,2.32E+08
18843,3.63E+07
18844,3.22E+07
18845,1.73E+07
18846,2.31E+08
18847,2.39E+08
18848,2.59E+08
18849,2.48E+08
18850,2.19E+08
18851,1.49E+08
18852,7.19E+07
18853,2.30E+08
18854,2.12E+08
18855,9.74E+07
18856,1.07E+08
18857,2.06E+08
18858,2.26E+08
18859,2.39E+08
18860,2.20E+08
18861,2.28E+08
18862,2.39E+08
18863,2.39E+08
18864,2.20E+08
18865,2.43E+08
18866,2.31E+08
18867,2.23E+08
18868,2.10E+08
18869,2.24E+08
18870,1.76E+08
18871,4.54E+07
18872,9.75E+07
18873,9.34E+07
18874,1.18E+08
18875,1.14E+08
18876,1.94E+08
18877,1.93E+08
18878,1.83E+08
18879,1.07E+08
18880,2.58E+08
18881,2.57E+08
18882,2.20E+08
18883,1.71E+08
18884,1.36E+08
18885,1.58E+08
18886,1.49E+08
18887,1.40E+08
18888,2.86E+07
18889,7.80E+07
18890,7.08E+07
18891,2.51E+08
18892,2.48E+08
18893,2.47E+08
18894,2.61E+08
18895,2.66E+08
18896,2.54E+08
18897,2.50E+08
18898,2.40E+08
18899,2.02E+08
18900,2.34E+08
18901,2.32E+08
18902,2.31E+08
18903,2.34E+08
18904,2.32E+08
18905,2.38E+08
18906,2.31E+08
18907,2.71E+08
18908,2.72E+08
18909,2.81E+08
18910,2.70E+08
18911,2.92E+08
18912,2.80E+08
18913,2.74E+08
18914,3.08E+08
18915,2.90E+08
18916,3.86E+07
18917,5.08E+07
18918,4.63E+07
18919,8.88E+07
18920,1.77E+08
18921,1.65E+08
18922,1.75E+08
18923,1.80E+08
18924,2.63E+08
18925,2.64E+08
18926,2.69E+08
18927,1.33E+08
18928,2.08E+08
18929,5.51E+07
18930,2.42E+08
18931,2.03E+08
18932,2.73E+08
18933,2.87E+08
18934,2.66E+08
18935,2.69E+08
18936,2.61E+08
18937,2.42E+08
18938,2.67E+08
18939,2.47E+08
18940,2.42E+08
18941,2.38E+08
18942,2.40E+08
18943,2.34E+08
18944,2.49E+08
18945,2.57E+08
18946,2.51E+08
18947,2.48E+08
18948,3.32E+08
18949,3.13E+08
18950,3.27E+08
18951,3.34E+08
18952,3.05E+08
18953,3.24E+08
18954,3.23E+08
18955,3.31E+08
18956,3.37E+08
18957,3.47E+08
18958,3.19E+08
18959,3.22E+08
18960,3.04E+08
18961,3.05E+08
18962,3.30E+08
18963,3.29E+08
18964,3.04E+08
18965,3.16E+08
18966,3.05E+08
18967,2.99E+08
18968,3.01E+08
18969,3.22E+08
18970,1.45E+08
18971,2.17E+08
18972,2.22E+08
18973,9.37E+07
18974,1.31E+08
18975,6.68E+07
18976,2.15E+08
18977,1.13E+08
18978,2.85E+08
18979,2.67E+08
18980,2.38E+08
18981,2.56E+08
18982,2.54E+08
18983,2.45E+08
18984,2.59E+08
18985,2.41E+08
18986,2.42E+08
18987,2.32E+08
18988,2.16E+08
18989,2.25E+08
18990,2.18E+08
18991,2.30E+08
18992,2.08E+08
18993,1.30E+08
18994,1.38E+08
18995,1.47E+08
18996,9.70E+07
18997,1.52E+08
18998,1.31E+08
18999,1.33E+08
19000,1.29E+08
19001,1.31E+08
19002,1.60E+08
19003,1.68E+08
19004,1.53E+08
19005,1.21E+08
19006,1.43E+08
19007,1.43E+08
19008,1.35E+08
19009,2.13E+08
19010,2.31E+08
19011,2.04E+08
19012,1.03E+08
19013,2.11E+08
19014,1.59E+08
19015,1.35E+08
19016,2.15E+08
19017,2.34E+08
19018,2.10E+08
19019,2.17E+08
19020,2.07E+08
19021,1.66E+08
19022,1.48E+08
19023,1.42E+08
19024,6.27E+07
19025,8.70E+07
19026,9.81E+07
19027,6.35E+07
19028,1.02E+08
19029,1.03E+08
19030,8.29E+07
19031,1.03E+08
19032,8.02E+07
19033,6.97E+07
19034,8.42E+07
19035,5.00E+07
19036,8.64E+07
19037,8.53E+07
19038,4.50E+07
19039,7.24E+07
19040,6.77E+07
19041,5.65E+07
19042,7.50E+05
19043,2.84E+06
19044,1.58E+08
19045,1.14E+08
19046,1.79E+08
19047,1.36E+08
19048,1.53E+08
19049,1.96E+08
19050,6.34E+07
19051,7.24E+07
19052,7.31E+07
19053,1.34E+08
19054,1.12E+08
19055,1.66E+08
19056,1.35E+08
19057,1.05E+08
19058,20.642
19059,12.158
19060,1.04E+07
19061,1.09E+07
19062,1.10E+07
19063,1.57E+06
19064,3.14E+06
19065,4.77E+06
19066,190.86
19067,3.59E+07
19068,5.62E+07
19069,2.98E+07
19070,1.15E+07
19071,1.07E+07
19072,5.36E+07
19073,2.78E+08
19074,2.64E+08
19075,2.97E+08
19076,3.31E+07
19077,1.72E+07
19078,2.54E+07
19079,1.49E+08
19080,9.75E+07
19081,1.05E+08
19082,1.09E+08
19083,1.34E+08
19084,1.28E+08
19085,8.10E+07
19086,4.64E+07
19087,6.56E+07
19088,5.96E+07
19089,2.80E+08
19090,2.87E+08
19091,3.01E+08
19092,2.90E+08
19093,2.65E+08
19094,2.69E+08
19095,2.55E+08
19096,2.74E+08
19097,2.65E+08
19098,3.13E+08
19099,3.12E+08
19100,3.38E+08
19101,3.29E+08
19102,3.01E+08
19103,3.19E+08
19104,2.87E+08
19105,2.96E+08
19106,2.83E+08
19107,1.91E+08
19108,2.16E+08
19109,2.02E+08
19110,3.22E+08
19111,3.45E+08
19112,3.29E+08
19113,3.22E+08
19114,3.42E+08
19115,3.03E+08
19116,2.99E+08
19117,3.11E+08
19118,2.36E+08
19119,2.28E+08
19120,1.76E+08
19121,2.37E+08
19122,2.20E+08
19123,1.92E+08
19124,2.38E+08
19125,2.25E+08
19126,2.25E+08
19127,2.07E+08
19128,1.99E+08
19129,2.02E+08
19130,2.11E+08
19131,2.07E+08
19132,2.06E+08
19133,2.12E+08
19134,1.99E+08
19135,1.42E+08
19136,1.63E+08
19137,1.28E+08
19138,1.37E+08
19139,1.58E+08
19140,3.34E+08
19141,3.36E+08
19142,3.27E+08
19143,3.12E+08
19144,3.31E+08
19145,8.30E+07
19146,1.12E+08
19147,2.97E+08
19148,3.22E+08
19149,3.25E+08
19150,3.07E+08
19151,3.09E+08
19152,3.00E+08
19153,2.94E+08
19154,2.87E+08
19155,2.85E+08
19156,1.41E+08
19157,1.99E+08
19158,1.96E+08
19159,1.73E+08
19160,1.95E+08
19161,1.61E+08
19162,1.53E+08
19163,1.62E+08
19164,1.26E+08
19165,1.93E+08
19166,2.03E+08
19167,2.07E+08
19168,1.46E+08
19169,1.80E+08
19170,2.01E+08
19171,1.67E+08
19172,1.91E+08
19173,2.03E+08
19174,1.98E+08
19175,2.25E+08
19176,2.07E+08
19177,2.14E+08
19178,2.12E+08
19179,2.21E+08
19180,2.18E+08
19181,2.32E+08
19182,1.13E+08
19183,1.18E+08
19184,9.33E+07
19185,1.02E+08
19186,1.25E+08
19187,1.00E+08
19188,8.04E+07
19189,1.24E+08
19190,1.34E+08
19191,1.16E+08
19192,1.45E+08
19193,1.43E+08
19194,1.42E+08
19195,1.34E+08
19196,1.02E+08
19197,1.02E+08
19198,9.85E+07
19199,9.21E+07
19200,9.99E+07
19201,9.07E+06
19202,3.95E+06
19203,2.36E+08
19204,2.29E+08
19205,1.64E+08
19206,2.03E+08
19207,2.22E+08
19208,2.29E+08
19209,1.96E+08
19210,2.17E+08
19211,2.11E+08
19212,2.18E+08
19213,2.20E+08
19214,1.82E+08
19215,1.91E+08
19216,1.87E+08
19217,1.30E+08
19218,1.89E+08
19219,1.74E+08
19220,1.78E+08
19221,1.94E+08
19222,7.15E+07
19223,6.62E+07
19224,398.45
19225,89.97
19226,177.19
19227,2.61E+08
19228,2.54E+08
19229,2.46E+08
19230,2.62E+08
19231,2.16E+08
19232,2.51E+08
19233,1.70E+08
19234,1.82E+08
19235,2.41E+08
19236,8.15E+07
19237,2.46E+08
19238,2.25E+08
19239,2.38E+08
19240,2.09E+08
19241,1.34E+08
19242,2.44E+08
19243,2.36E+08
19244,2.43E+08
19245,2.02E+08
19246,2.16E+08
19247,2.01E+08
19248,9.93E+07
19249,1.59E+08
19250,7.81E+07
19251,9.36E+07
19252,1.62E+08
19253,7.74E+07
19254,8.47E+07
19255,2.33E+08
19256,2.31E+08
19257,2.27E+08
19258,9.31E+07
19259,8.05E+07
19260,1.62E+08
19261,2.24E+08
19262,2.31E+08
19263,2.50E+08
19264,2.38E+08
19265,2.53E+08
19266,2.40E+08
19267,2.43E+08
19268,2.26E+08
19269,2.25E+08
19270,3.01E+08
19271,2.94E+08
19272,2.96E+08
19273,2.93E+08
19274,2.58E+08
19275,2.42E+08
19276,2.18E+08
19277,2.80E+08
19278,2.78E+08
19279,2.69E+08
19280,2.28E+08
19281,2.47E+08
19282,2.38E+08
19283,2.28E+08
19284,2.44E+08
19285,2.40E+08
19286,1.79E+08
19287,2.42E+08
19288,2.41E+08
19289,2.46E+08
19290,3.07E+08
19291,3.34E+08
19292,3.00E+08
19293,3.04E+08
19294,3.03E+08
19295,3.20E+08
19296,2.88E+08
19297,3.00E+08
19298,2.93E+08
19299,2.90E+08
19300,2.39E+08
19301,2.31E+08
19302,2.40E+08
19303,2.39E+08
19304,2.29E+08
19305,2.41E+08
19306,2.45E+08
19307,2.41E+08
19308,2.40E+08
19309,2.43E+08
19310,2.47E+08
19311,3.47E+08
19312,3.47E+08
19313,3.26E+08
19314,3.20E+08
19315,3.29E+08
19316,3.08E+08
19317,3.03E+08
19318,3.13E+08
19319,3.07E+08
19320,3.17E+08
19321,2.46E+08
19322,2.26E+08
19323,2.40E+08
19324,2.44E+08
19325,1.94E+08
19326,1.99E+08
19327,1.75E+08
19328,2.29E+08
19329,2.36E+08
19330,2.34E+08
19331,2.49E+08
19332,2.36E+08
19333,2.22E+08
19334,2.33E+08
19335,2.49E+08
19336,1.50E+08
19337,2.48E+08
19338,2.13E+08
19339,3.22E+08
19340,3.43E+08
19341,3.43E+08
19342,3.16E+08
19343,3.26E+08
19344,3.22E+08
19345,2.95E+08
19346,3.07E+08
19347,3.18E+08
19348,3.07E+08
19349,3.06E+08
19350,2.81E+08
19351,2.99E+08
19352,3.01E+08
19353,2.84E+08
19354,2.58E+08
19355,2.63E+08
19356,2.77E+08
19357,2.74E+08
19358,2.75E+08
19359,2.74E+08
19360,2.65E+08
19361,2.42E+08
19362,2.62E+08
19363,2.70E+08
19364,2.96E+08
19365,2.83E+08
19366,2.90E+08
19367,2.74E+08
19368,2.71E+08
19369,2.74E+08
19370,2.59E+08
19371,2.18E+08
19372,1.46E+08
19373,2.42E+08
19374,2.58E+08
19375,2.61E+08
19376,2.49E+08
19377,2.34E+08
19378,2.32E+08
19379,2.42E+08
19380,2.38E+08
19381,2.52E+08
19382,2.26E+08
19383,2.32E+08
19384,2.41E+08
19385,2.35E+08
19386,2.38E+08
19387,2.44E+08
19388,2.35E+08
19389,2.41E+08
19390,2.35E+08
19391,2.29E+08
19392,2.76E+08
19393,2.84E+08
19394,2.62E+08
19395,2.68E+08
19396,2.57E+08
19397,2.58E+08
19398,2.57E+08
19399,2.58E+08
19400,2.32E+08
19401,2.67E+08
19402,2.30E+08
19403,2.22E+08
19404,2.10E+08
19405,2.17E+08
19406,2.11E+08
19407,2.09E+08
19408,1.56E+08
19409,1.91E+08
19410,2.08E+08
19411,1.60E+08
19412,2.11E+08
19413,1.83E+08
19414,2.19E+08
19415,3.16E+08
19416,3.17E+08
19417,3.16E+08
19418,2.90E+08
19419,3.21E+08
19420,2.86E+08
19421,2.87E+08
19422,2.90E+08
19423,2.93E+08
19424,2.48E+08
19425,2.50E+08
19426,2.57E+08
19427,2.30E+08
19428,1.84E+08
19429,2.30E+08
19430,2.37E+08
19431,2.33E+08
19432,2.26E+08
19433,2.21E+08
19434,2.24E+08
19435,2.14E+08
19436,1.05E+08
19437,4.35E+07
19438,4.66E+07
19439,3.39E+07
19440,1.98E+08
19441,2.05E+08
19442,1.91E+07
19443,7.21E+07
19444,2.12E+08
19445,2.22E+08
19446,2.09E+08
19447,2.37E+08
19448,2.28E+08
19449,1.86E+08
19450,2.47E+08
19451,1.64E+08
19452,2.39E+08
19453,2.31E+08
19454,2.80E+08
19455,2.75E+08
19456,2.72E+08
19457,2.91E+08
19458,2.81E+08
19459,2.77E+08
19460,2.54E+08
19461,2.51E+08
19462,2.43E+08
19463,2.50E+08
19464,2.32E+08
19465,2.36E+08
19466,2.42E+08
19467,2.36E+08
19468,2.41E+08
19469,2.43E+08
19470,2.43E+08
19471,2.35E+08
19472,2.75E+08
19473,2.77E+08
19474,2.83E+08
19475,2.60E+08
19476,2.43E+08
19477,2.32E+08
19478,2.60E+08
19479,2.82E+08
19480,2.26E+08
19481,2.72E+08
19482,2.33E+08
19483,1.59E+08
19484,1.96E+08
19485,8.12E+07
19486,2.29E+08
19487,2.39E+08
19488,2.25E+08
19489,6.31E+07
19490,2.31E+08
19491,1.46E+08
19492,1.13E+08
19493,2.11E+08
19494,2.20E+08
19495,1.08E+08
19496,2.37E+08
19497,1.11E+08
19498,2.39E+08
19499,2.34E+08
19500,2.94E+08
19501,2.93E+08
19502,2.87E+08
19503,2.77E+08
19504,2.83E+08
19505,2.46E+08
19506,2.66E+08
19507,2.53E+08
19508,1.90E+08
19509,2.85E+08
19510,2.74E+08
19511,2.68E+08
19512,2.58E+08
19513,2.50E+08
19514,2.84E+08
19515,2.54E+08
19516,2.75E+08
19517,3.07E+08
19518,3.04E+08
19519,2.97E+08
19520,2.71E+08
19521,2.90E+08
19522,2.38E+08
19523,2.71E+08
19524,2.37E+08
19525,2.45E+08
19526,2.39E+08
19527,2.40E+08
19528,2.38E+08
19529,2.27E+08
19530,2.35E+08
19531,2.30E+08
19532,2.25E+08
19533,2.32E+08
19534,2.36E+08
19535,1.01E+08
19536,1.98E+08
19537,1.20E+08
19538,2.31E+08
19539,2.29E+08
19540,2.08E+08
19541,9.27E+07
19542,9.93E+07
19543,1.20E+08
19544,8.19E+07
19545,6.12E+07
19546,9.96E+07
19547,9.34E+07
19548,9.26E+07
19549,1.05E+08
19550,1.17E+08
19551,1.10E+08
19552,2.35E+08
19553,2.43E+08
19554,2.39E+08
19555,2.41E+08
19556,2.39E+08
19557,2.40E+08
19558,2.21E+08
19559,2.31E+08
19560,2.55E+08
19561,2.48E+08
19562,2.59E+08
19563,2.49E+08
19564,2.49E+08
19565,2.36E+08
19566,2.31E+08
19567,2.39E+08
19568,2.27E+08
19569,2.32E+08
19570,2.36E+08
19571,3.15E+08
19572,3.30E+08
19573,2.93E+08
19574,3.23E+08
19575,3.01E+08
19576,3.24E+08
19577,2.91E+08
19578,2.95E+08
19579,2.84E+08
19580,3.02E+08
19581,2.33E+08
19582,8.31E+07
19583,2.28E+08
19584,2.43E+08
19585,5.03E+07
19586,8.81E+07
19587,2.37E+08
19588,2.44E+08
19589,2.34E+08
19590,3.23E+08
19591,3.48E+08
19592,3.21E+08
19593,3.19E+08
19594,3.22E+08
19595,3.09E+08
19596,3.04E+08
19597,2.97E+08
19598,2.82E+08
19599,2.29E+08
19600,2.47E+08
19601,2.47E+08
19602,2.30E+08
19603,2.24E+08
19604,1.41E+08
19605,1.57E+08
19606,2.34E+08
19607,2.24E+08
19608,1.98E+08
19609,3.28E+08
19610,3.48E+08
19611,3.42E+08
19612,3.15E+08
19613,3.29E+08
19614,3.04E+08
19615,3.10E+08
19616,3.14E+08
19617,3.05E+08
19618,3.18E+08
19619,3.48E+08
19620,3.49E+08
19621,3.33E+08
19622,3.21E+08
19623,3.26E+08
19624,3.01E+08
19625,2.94E+08
19626,3.20E+08
19627,3.10E+08
19628,1.84E+08
19629,2.36E+08
19630,2.26E+08
19631,2.47E+08
19632,2.07E+08
19633,2.36E+08
19634,2.42E+08
19635,2.49E+08
19636,2.45E+08
19637,2.89E+08
19638,3.02E+08
19639,3.09E+08
19640,2.76E+08
19641,2.95E+08
19642,2.79E+08
19643,2.74E+08
19644,2.69E+08
19645,2.74E+08
19646,2.69E+08
19647,2.70E+08
19648,2.55E+08
19649,2.66E+08
19650,2.48E+08
19651,2.46E+08
19652,2.43E+08
19653,2.44E+08
19654,2.41E+08
19655,2.44E+08
19656,1.77E+08
19657,7.45E+07
19658,4.84E+07
19659,1.40E+08
19660,3.78E+07
19661,1.83E+08
19662,4.17E+07
19663,1.47E+08
19664,7.43E+07
19665,2.43E+08
19666,2.40E+08
19667,2.52E+08
19668,1.76E+08
19669,2.33E+08
19670,2.24E+08
19671,2.30E+08
19672,2.01E+08
19673,2.31E+08
19674,2.19E+08
19675,3.00E+08
19676,3.34E+08
19677,3.09E+08
19678,3.34E+08
19679,3.14E+08
19680,3.13E+08
19681,2.93E+08
19682,2.92E+08
19683,2.94E+08
19684,3.05E+08
19685,2.39E+08
19686,2.20E+08
19687,2.37E+08
19688,2.12E+08
19689,2.28E+08
19690,1.78E+08
19691,2.40E+08
19692,2.31E+08
19693,2.42E+08
19694,2.39E+08
19695,3.07E+08
19696,3.09E+08
19697,3.11E+08
19698,3.25E+08
19699,3.25E+08
19700,3.25E+08
19701,2.85E+08
19702,2.78E+08
19703,2.88E+08
19704,2.96E+08
19705,2.56E+08
19706,2.71E+08
19707,2.60E+08
19708,2.51E+08
19709,2.33E+08
19710,2.64E+08
19711,2.03E+08
19712,2.30E+08
19713,2.33E+08
19714,2.04E+08
19715,2.33E+08
19716,2.43E+08
19717,2.37E+08
19718,2.40E+08
19719,2.39E+08
19720,2.38E+08
19721,2.38E+08
19722,2.39E+08
19723,2.39E+08
19724,2.31E+08
19725,2.32E+08
19726,2.40E+08
19727,2.38E+08
19728,2.32E+08
19729,2.86E+08
19730,2.91E+08
19731,2.66E+08
19732,2.61E+08
19733,2.75E+08
19734,2.82E+08
19735,2.66E+08
19736,2.49E+08
19737,2.66E+08
19738,2.57E+08
19739,2.55E+08
19740,2.51E+08
19741,2.57E+08
19742,2.43E+08
19743,2.53E+08
19744,2.25E+08
19745,2.15E+08
19746,2.40E+08
19747,2.22E+08
19748,2.40E+08
19749,3.32E+08
19750,3.09E+08
19751,3.06E+08
19752,3.23E+08
19753,3.15E+08
19754,3.20E+08
19755,2.99E+08
19756,3.04E+08
19757,2.89E+08
19758,3.25E+08
19759,3.45E+08
19760,3.41E+08
19761,3.20E+08
19762,3.22E+08
19763,3.10E+08
19764,3.05E+08
19765,3.39E+08
19766,3.10E+08
19767,3.14E+08
19768,2.27E+08
19769,2.33E+08
19770,2.48E+08
19771,1.51E+08
19772,1.40E+08
19773,1.47E+08
19774,2.43E+08
19775,2.33E+08
19776,2.39E+08
19777,2.35E+08
19778,2.18E+08
19779,2.40E+08
19780,2.35E+08
19781,1.22E+08
19782,2.46E+08
19783,2.43E+08
19784,2.47E+08
19785,2.47E+08
19786,3.20E+08
19787,3.39E+08
19788,3.45E+08
19789,3.22E+08
19790,3.08E+08
19791,3.28E+08
19792,3.00E+08
19793,3.02E+08
19794,3.11E+08
19795,2.86E+08
19796,2.10E+08
19797,5.40E+07
19798,1.21E+08
19799,6.09E+07
19800,2.03E+08
19801,4.60E+07
19802,1.73E+08
19803,1.95E+08
19804,5.28E+07
19805,6.86E+07
19806,2.94E+08
19807,3.00E+08
19808,2.61E+08
19809,2.50E+08
19810,2.77E+08
19811,2.94E+08
19812,2.83E+08
19813,2.66E+08
19814,2.93E+08
19815,2.97E+08
19816,2.59E+08
19817,2.60E+08
19818,2.86E+08
19819,2.74E+08
19820,2.83E+08
19821,2.40E+08
19822,2.52E+08
19823,2.46E+08
19824,2.42E+08
19825,2.26E+08
19826,2.29E+08
19827,1.94E+08
19828,2.14E+08
19829,2.41E+08
19830,2.19E+08
19831,2.38E+08
19832,2.34E+08
19833,2.28E+08
19834,2.33E+08
19835,2.36E+08
19836,2.31E+08
19837,2.30E+08
19838,2.37E+08
19839,2.33E+08
19840,2.31E+08
19841,2.32E+08
19842,2.34E+08
19843,2.36E+08
19844,2.31E+08
19845,2.15E+08
19846,2.10E+08
19847,2.25E+08
19848,2.21E+08
19849,2.11E+08
19850,2.17E+08
19851,2.04E+08
19852,1.99E+08
19853,1.13E+08
19854,1.17E+08
19855,1.21E+08
19856,7.87E+07
19857,9.63E+07
19858,1.03E+08
19859,1.17E+08
19860,9.63E+07
19861,1.25E+08
19862,1.17E+08
19863,2.46E+08
19864,2.42E+08
19865,2.43E+08
19866,2.32E+08
19867,2.47E+08
19868,2.46E+08
19869,2.34E+08
19870,2.22E+08
19871,2.90E+08
19872,2.86E+08
19873,2.80E+08
19874,2.64E+08
19875,2.61E+08
19876,2.59E+08
19877,2.80E+08
19878,2.74E+08
19879,2.25E+08
19880,2.27E+08
19881,7.87E+07
19882,2.48E+07
19883,3.43E+07
19884,7.26E+07
19885,5.58E+07
19886,1.21E+08
19887,2.97E+08
19888,2.97E+08
19889,2.97E+08
19890,2.89E+08
19891,2.66E+08
19892,2.50E+08
19893,2.56E+08
19894,2.66E+08
19895,2.78E+08
19896,2.83E+08
19897,2.32E+08
19898,2.28E+07
19899,2.03E+07
19900,2.14E+07
19901,1.03E+08
19902,2.19E+08
19903,2.38E+08
19904,1.18E+08
19905,7.84E+07
19906,2.34E+08
19907,2.42E+08
19908,1.47E+08
19909,1.49E+08
19910,7.71E+07
19911,1.34E+07
19912,2.19E+08
19913,3.01E+08
19914,2.99E+08
19915,2.87E+08
19916,2.62E+08
19917,2.65E+08
19918,2.88E+08
19919,2.58E+08
19920,2.83E+08
19921,2.53E+08
19922,2.78E+08
19923,2.87E+08
19924,2.71E+08
19925,2.92E+08
19926,2.73E+08
19927,2.61E+08
19928,2.49E+08
19929,2.42E+08
19930,2.63E+08
19931,2.44E+08
19932,2.63E+08
19933,2.62E+08
19934,2.52E+08
19935,2.44E+08
19936,2.22E+08
19937,2.31E+08
19938,2.21E+08
19939,2.28E+08
19940,2.33E+08
19941,2.26E+08
19942,2.50E+08
19943,1.78E+08
19944,1.77E+08
19945,1.96E+08
19946,6.84E+07
19947,1.67E+08
19948,1.97E+08
19949,1.97E+08
19950,1.67E+08
19951,1.92E+08
19952,1.68E+08
19953,1.62E+08
19954,1.83E+08
19955,3.23E+08
19956,3.23E+08
19957,2.91E+08
19958,2.91E+08
19959,3.13E+08
19960,3.05E+08
19961,3.05E+08
19962,2.87E+08
19963,3.46E+08
19964,3.10E+08
19965,3.14E+08
19966,3.14E+08
19967,2.80E+08
19968,3.15E+08
19969,2.99E+08
19970,3.24E+08
19971,3.08E+08
19972,3.19E+08
19973,3.08E+08
19974,2.92E+08
19975,2.75E+08
19976,2.05E+08
19977,2.28E+08
19978,2.36E+08
19979,2.18E+08
19980,2.34E+08
19981,2.46E+08
19982,8.24E+07
19983,2.30E+08
19984,1.88E+08
19985,1.55E+08
19986,2.08E+08
19987,9.72E+07
19988,1.53E+08
19989,3.26E+07
19990,8.76E+07
19991,3.75E+07
19992,4.40E+07
19993,2.74E+08
19994,3.00E+08
19995,2.92E+08
19996,2.91E+08
19997,2.59E+08
19998,2.97E+08
19999,2.93E+08
20000,2.73E+08
20001,2.75E+08
20002,2.64E+08
20003,2.69E+08
20004,2.67E+08
20005,2.91E+08
20006,2.65E+08
20007,2.73E+08
20008,2.94E+08
20009,2.86E+08
20010,2.64E+08
20011,2.88E+08
20012,2.65E+08
20013,2.60E+08
20014,2.62E+08
20015,2.58E+08
20016,2.66E+08
20017,2.82E+08
20018,2.64E+08
20019,2.81E+08
20020,2.47E+08
20021,2.79E+08
20022,2.53E+08
20023,2.48E+08
20024,2.48E+08
20025,2.53E+08
20026,2.50E+08
20027,5.01E+07
20028,2.19E+08
20029,2.62E+07
20030,2.06E+08
20031,2.13E+08
20032,2.20E+08
20033,1.57E+08
20034,2.03E+08
20035,2.59E+08
20036,2.73E+08
20037,2.55E+08
20038,2.37E+08
20039,2.36E+08
20040,2.56E+08
20041,2.23E+08
20042,2.40E+08
20043,2.41E+08
20044,2.49E+08
20045,2.38E+08
20046,2.21E+08
20047,1.61E+08
20048,1.63E+08
20049,2.29E+08
20050,2.22E+08
20051,2.08E+08
20052,2.15E+08
20053,2.16E+08
20054,2.50E+08
20055,2.52E+08
20056,2.48E+08
20057,2.32E+08
20058,2.24E+08
20059,2.35E+08
20060,2.21E+08
20061,2.30E+08
20062,2.31E+08
20063,3.00E+08
20064,2.76E+08
20065,2.76E+08
20066,2.96E+08
20067,3.00E+08
20068,2.70E+08
20069,2.72E+08
20070,2.77E+08
20071,2.68E+08
20072,1.43E+08
20073,1.56E+08
20074,1.79E+08
20075,1.88E+08
20076,1.65E+08
20077,1.79E+08
20078,1.56E+08
20079,1.47E+08
20080,1.75E+08
20081,5.20E+07
20082,2.94E+08
20083,3.19E+08
20084,3.13E+08
20085,2.94E+08
20086,2.91E+08
20087,2.94E+08
20088,2.82E+08
20089,2.74E+08
20090,2.81E+08
20091,2.80E+08
20092,2.33E+08
20093,2.21E+08
20094,2.13E+08
20095,2.39E+08
20096,2.29E+08
20097,2.19E+08
20098,2.26E+08
20099,1.52E+08
20100,1.72E+08
20101,2.22E+08
20102,1.52E+08
20103,2.36E+08
20104,2.45E+08
20105,2.43E+08
20106,2.36E+08
20107,2.30E+08
20108,2.13E+08
20109,2.21E+08
20110,2.16E+08
20111,1.74E+08
20112,2.32E+08
20113,2.31E+08
20114,2.35E+08
20115,2.26E+08
20116,2.43E+08
20117,2.57E+08
20118,2.50E+08
20119,2.45E+08
20120,2.27E+08
20121,2.31E+08
20122,2.31E+08
20123,2.18E+08
20124,2.35E+08
20125,2.30E+08
20126,2.33E+08
20127,2.14E+08
20128,9.27E+07
20129,1.91E+08
20130,1.00E+08
20131,9.44E+07
20132,7.59E+07
20133,2.11E+08
20134,5.80E+07
20135,2.15E+08
20136,2.13E+08
20137,2.04E+08
20138,2.06E+08
20139,1.87E+08
20140,1.78E+08
20141,2.52E+08
20142,2.63E+08
20143,2.76E+08
20144,2.71E+08
20145,2.56E+08
20146,2.68E+08
20147,2.51E+08
20148,2.56E+08
20149,2.51E+08
20150,2.75E+08
20151,2.83E+08
20152,2.80E+08
20153,2.84E+08
20154,2.55E+08
20155,2.64E+08
20156,2.50E+08
20157,2.54E+08
20158,2.42E+08
20159,2.58E+08
20160,1.84E+08
20161,1.70E+08
20162,1.79E+08
20163,1.02E+08
20164,1.59E+08
20165,1.52E+08
20166,1.71E+08
20167,2.12E+08
20168,2.05E+08
20169,4.37E+07
20170,2.27E+08
20171,1.34E+08
20172,2.25E+08
20173,1.79E+08
20174,2.30E+08
20175,2.84E+08
20176,2.64E+08
20177,2.78E+08
20178,2.89E+08
20179,2.49E+08
20180,2.64E+08
20181,2.81E+08
20182,2.54E+08
20183,2.47E+08
20184,2.54E+08
20185,2.67E+08
20186,2.82E+08
20187,3.13E+08
20188,3.01E+08
20189,2.87E+08
20190,3.00E+08
20191,3.15E+08
20192,2.84E+08
20193,2.76E+08
20194,2.84E+08
20195,2.21E+08
20196,2.29E+08
20197,2.22E+08
20198,2.33E+08
20199,2.20E+08
20200,2.12E+08
20201,1.62E+08
20202,2.26E+08
20203,1.88E+08
20204,1.82E+08
20205,2.20E+08
20206,2.37E+08
20207,2.39E+08
20208,2.77E+08
20209,2.77E+08
20210,2.80E+08
20211,1.38E+08
20212,2.39E+08
20213,2.32E+08
20214,2.39E+08
20215,2.22E+08
20216,2.65E+08
20217,2.43E+08
20218,2.58E+08
20219,2.60E+08
20220,2.70E+08
20221,1.38E+08
20222,6.21E+07
20223,7.15E+07
20224,2.35E+08
20225,2.43E+08
20226,2.05E+08
20227,2.27E+08
20228,2.84E+08
20229,2.80E+08
20230,2.79E+08
20231,2.69E+08
20232,2.81E+08
20233,2.47E+08
20234,2.47E+08
20235,2.53E+08
20236,2.45E+08
20237,2.76E+08
20238,2.28E+08
20239,2.25E+08
20240,2.20E+08
20241,2.15E+08
20242,2.14E+08
20243,2.15E+08
20244,2.12E+08
20245,2.17E+08
20246,1.99E+08
20247,2.06E+08
20248,1.45E+08
20249,1.61E+08
20250,1.28E+08
20251,1.48E+08
20252,1.35E+08
20253,1.60E+08
20254,1.75E+08
20255,1.58E+08
20256,1.73E+08
20257,2.40E+08
20258,2.25E+08
20259,2.34E+08
20260,2.14E+08
20261,2.24E+08
20262,2.11E+08
20263,1.63E+08
20264,2.37E+08
20265,2.39E+08
20266,2.45E+08
20267,2.03E+08
20268,8.20E+07
20269,1.76E+08
20270,1.82E+08
20271,2.03E+08
20272,2.33E+08
20273,2.20E+08
20274,2.18E+08
20275,2.17E+08
20276,1.72E+08
20277,2.14E+08
20278,2.16E+08
20279,2.00E+08
20280,1.28E+08
20281,1.96E+08
20282,2.60E+08
20283,2.46E+08
20284,2.27E+08
20285,2.37E+08
20286,2.35E+08
20287,2.04E+08
20288,2.03E+08
20289,2.40E+08
20290,2.40E+08
20291,2.35E+08
20292,2.32E+08
20293,3.17E+08
20294,3.01E+08
20295,2.90E+08
20296,3.04E+08
20297,2.86E+08
20298,3.17E+08
20299,2.46E+08
20300,2.47E+08
20301,2.36E+08
20302,2.47E+08
20303,2.13E+08
20304,1.93E+08
20305,1.88E+08
20306,2.06E+08
20307,1.46E+08
20308,1.80E+08
20309,2.44E+08
20310,2.44E+08
20311,2.44E+08
20312,2.50E+08
20313,2.16E+08
20314,8.95E+07
20315,2.14E+08
20316,1.27E+08
20317,2.43E+08
20318,2.38E+08
20319,2.42E+08
20320,2.39E+08
20321,2.25E+08
20322,2.48E+08
20323,2.52E+08
20324,2.25E+08
20325,2.42E+08
20326,2.43E+08
20327,2.41E+08
20328,2.52E+08
20329,2.19E+08
20330,1.92E+08
20331,2.00E+08
20332,3.01E+08
20333,3.05E+08
20334,2.96E+08
20335,2.74E+08
20336,2.94E+08
20337,2.88E+08
20338,2.77E+08
20339,2.81E+08
20340,2.86E+08
20341,2.89E+08
20342,2.37E+08
20343,2.34E+08
20344,6.27E+07
20345,1.63E+08
20346,5.36E+07
20347,1.76E+08
20348,1.66E+07
20349,1.88E+08
20350,2.41E+08
20351,2.95E+08
20352,2.91E+08
20353,3.01E+08
20354,2.73E+08
20355,2.57E+08
20356,2.76E+08
20357,2.82E+08
20358,2.61E+08
20359,2.79E+08
20360,3.02E+08
20361,3.14E+08
20362,2.95E+08
20363,2.84E+08
20364,3.05E+08
20365,2.91E+08
20366,2.96E+08
20367,2.76E+08
20368,3.10E+08
20369,3.21E+08
20370,3.04E+08
20371,2.90E+08
20372,3.00E+08
20373,2.85E+08
20374,2.63E+08
20375,2.72E+08
20376,2.86E+08
20377,2.92E+08
20378,3.18E+08
20379,2.94E+08
20380,2.85E+08
20381,2.84E+08
20382,2.77E+08
20383,2.65E+08
20384,2.73E+08
20385,2.50E+08
20386,3.05E+08
20387,3.16E+08
20388,3.33E+08
20389,2.98E+08
20390,3.02E+08
20391,3.22E+08
20392,3.21E+08
20393,2.95E+08
20394,2.97E+08
20395,2.71E+08
20396,2.85E+08
20397,2.83E+08
20398,2.95E+08
20399,2.57E+08
20400,2.64E+08
20401,2.06E+08
20402,2.50E+08
20403,2.83E+08
20404,3.01E+08
20405,3.14E+08
20406,3.13E+08
20407,3.13E+08
20408,3.07E+08
20409,2.81E+08
20410,2.83E+08
20411,2.73E+08
20412,2.85E+08
20413,2.84E+08
20414,2.79E+08
20415,2.55E+08
20416,2.47E+08
20417,2.62E+08
20418,2.50E+08
20419,2.82E+08
20420,1.75E+08
20421,2.74E+08
20422,2.76E+08
20423,2.31E+08
20424,2.48E+07
20425,8.83E+07
20426,7.72E+07
20427,2.31E+08
20428,9.18E+07
20429,1.21E+08
20430,1.40E+08
20431,2.45E+08
20432,1.62E+08
20433,2.52E+08
20434,1.79E+08
20435,2.67E+08
20436,1.30E+08
20437,2.45E+08
20438,1.58E+08
20439,2.34E+08
20440,2.40E+08
20441,2.48E+08
20442,9.30E+07
20443,2.74E+08
20444,2.51E+08
20445,2.70E+08
20446,2.51E+08
20447,2.74E+08
20448,2.49E+08
20449,2.49E+08
20450,2.72E+08
20451,2.38E+08
20452,9.51E+07
20453,1.44E+08
20454,1.74E+08
20455,1.65E+08
20456,1.51E+08
20457,1.47E+08
20458,1.51E+08
20459,1.79E+08
20460,2.30E+08
20461,2.10E+08
20462,2.14E+08
20463,1.85E+08
20464,2.10E+08
20465,1.86E+08
20466,2.11E+08
20467,2.17E+08
20468,2.30E+08
20469,2.51E+08
20470,2.65E+08
20471,2.46E+08
20472,2.53E+08
20473,2.55E+08
20474,2.40E+08
20475,2.29E+08
20476,2.40E+08
20477,2.86E+08
20478,3.05E+08
20479,3.15E+08
20480,2.87E+08
20481,3.16E+08
20482,3.03E+08
20483,2.84E+08
20484,2.83E+08
20485,2.77E+08
20486,2.60E+08
20487,2.63E+08
20488,2.66E+08
20489,2.53E+08
20490,2.34E+08
20491,2.42E+08
20492,2.45E+08
20493,2.38E+08
20494,2.42E+08
20495,2.47E+08
20496,2.41E+08
20497,1.19E+08
20498,1.50E+08
20499,1.14E+08
20500,1.31E+08
20501,6.88E+07
20502,1.31E+08
20503,1.38E+08
20504,1.48E+08
20505,1.42E+08
20506,1.30E+08
20507,2.66E+08
20508,2.79E+08
20509,2.74E+08
20510,2.52E+08
20511,2.72E+08
20512,2.55E+08
20513,2.30E+08
20514,2.49E+08
20515,2.56E+08
20516,2.73E+08
20517,1.48E+08
20518,2.13E+08
20519,2.24E+08
20520,2.15E+08
20521,2.06E+08
20522,2.21E+08
20523,1.94E+08
20524,2.19E+08
20525,1.76E+08
20526,1.91E+08
20527,1.95E+08
20528,2.08E+08
20529,2.25E+08
20530,1.91E+08
20531,7.29E+07
20532,2.10E+08
20533,1.30E+08
20534,1.35E+08
20535,1.04E+08
20536,2.21E+08
20537,1.96E+08
20538,2.23E+08
20539,2.33E+08
20540,2.29E+08
20541,2.34E+08
20542,2.33E+08
20543,2.22E+08
20544,9.54E+07
20545,7.42E+07
20546,1.68E+08
20547,1.99E+08
20548,1.27E+08
20549,1.28E+08
20550,2.26E+08
20551,1.12E+08
20552,2.22E+08
20553,1.05E+08
20554,1.84E+08
20555,9.57E+07
20556,2.15E+08
20557,2.23E+08
20558,1.18E+08
20559,1.30E+08
20560,1.17E+08
20561,1.33E+08
20562,1.30E+08
20563,1.34E+08
20564,1.26E+08
20565,1.34E+08
20566,1.26E+08
20567,1.34E+08
20568,2.38E+08
20569,2.55E+08
20570,2.57E+08
20571,2.24E+08
20572,2.48E+08
20573,2.26E+08
20574,2.28E+08
20575,2.28E+08
20576,2.03E+08
20577,6.67E+07
20578,1.33E+08
20579,9.47E+07
20580,4.01E+07
20581,7.01E+07
20582,2.02E+08
20583,2.15E+08
20584,4.91E+07
20585,2.50E+08
20586,2.47E+08
20587,2.19E+08
20588,2.31E+08
20589,2.29E+08
20590,2.15E+08
20591,2.11E+08
20592,2.24E+08
20593,2.42E+08
20594,3.24E+08
20595,2.96E+08
20596,3.19E+08
20597,3.23E+08
20598,2.80E+08
20599,2.83E+08
20600,2.90E+08
20601,2.87E+08
20602,2.91E+08
20603,2.44E+08
20604,2.47E+08
20605,2.49E+08
20606,2.22E+08
20607,2.31E+08
20608,2.36E+08
20609,2.31E+08
20610,2.26E+08
20611,2.21E+08
20612,2.28E+08
20613,1.01E+08
20614,1.51E+08
20615,1.63E+08
20616,8.31E+07
20617,1.39E+08
20618,1.51E+08
20619,1.46E+08
20620,7.86E+07
20621,1.74E+08
20622,1.53E+08
20623,1.53E+08
20624,2.92E+08
20625,2.72E+08
20626,2.95E+08
20627,2.98E+08
20628,2.74E+08
20629,2.85E+08
20630,2.69E+08
20631,2.72E+08
20632,2.60E+08
20633,2.09E+08
20634,2.28E+08
20635,2.27E+08
20636,1.92E+08
20637,9.89E+07
20638,2.37E+08
20639,2.23E+08
20640,2.01E+08
20641,2.41E+08
20642,6.05E+07
20643,6.47E+07
20644,1.00E+08
20645,1.17E+08
20646,1.38E+08
20647,1.43E+08
20648,1.57E+08
20649,1.50E+08
20650,1.26E+08
20651,1.45E+08
20652,8.11E+07
20653,2.54E+08
20654,2.62E+08
20655,2.59E+08
20656,2.40E+08
20657,2.51E+08
20658,2.60E+08
20659,2.33E+08
20660,2.43E+08
20661,2.45E+08
20662,2.66E+08
20663,2.57E+08
20664,2.69E+08
20665,2.38E+08
20666,2.59E+08
20667,2.32E+08
20668,2.38E+08
20669,2.31E+08
20670,2.99E+08
20671,2.79E+08
20672,2.73E+08
20673,2.65E+08
20674,2.76E+08
20675,2.57E+08
20676,2.58E+08
20677,2.85E+08
20678,2.67E+08
20679,2.69E+08
20680,2.57E+08
20681,2.40E+08
20682,2.48E+08
20683,2.47E+08
20684,2.57E+08
20685,2.74E+08
20686,2.81E+08
20687,2.94E+08
20688,2.97E+08
20689,2.65E+08
20690,2.65E+08
20691,2.66E+08
20692,2.71E+08
20693,2.62E+08
20694,2.66E+08
20695,2.47E+08
20696,2.46E+08
20697,2.48E+08
20698,2.41E+08
20699,3.03E+08
20700,2.81E+08
20701,2.96E+08
20702,2.97E+08
20703,3.05E+08
20704,2.76E+08
20705,2.74E+08
20706,2.65E+08
20707,2.63E+08
20708,2.90E+08
20709,3.24E+08
20710,3.15E+08
20711,2.90E+08
20712,2.89E+08
20713,2.95E+08
20714,2.48E+08
20715,2.41E+08
20716,2.46E+08
20717,2.50E+08
20718,2.93E+08
20719,3.36E+08
20720,3.21E+08
20721,3.24E+08
20722,2.99E+08
20723,3.02E+08
20724,3.00E+08
20725,2.97E+08
20726,3.01E+08
20727,2.72E+08
20728,2.66E+08
20729,2.65E+08
20730,2.61E+08
20731,2.68E+08
20732,2.73E+08
20733,2.83E+08
20734,2.65E+08
20735,2.42E+08
20736,2.56E+08
20737,2.51E+08
20738,2.44E+08
20739,2.85E+08
20740,2.90E+08
20741,2.93E+08
20742,2.58E+08
20743,2.68E+08
20744,2.51E+08
20745,2.57E+08
20746,2.39E+08
20747,2.35E+08
20748,2.30E+08
20749,2.18E+08
20750,2.20E+08
20751,2.04E+08
20752,2.27E+08
20753,2.12E+08
20754,2.61E+08
20755,2.90E+08
20756,2.87E+08
20757,2.78E+08
20758,2.74E+08
20759,2.55E+08
20760,2.47E+08
20761,2.57E+08
20762,2.54E+08
20763,2.54E+08
20764,2.48E+08
20765,3.21E+08
20766,3.29E+08
20767,3.17E+08
20768,3.29E+08
20769,2.96E+08
20770,3.02E+08
20771,2.91E+08
20772,2.91E+08
20773,2.93E+08
20774,3.00E+08
20775,2.76E+08
20776,2.75E+08
20777,2.67E+08
20778,2.55E+08
20779,2.51E+08
20780,2.72E+08
20781,2.55E+08
20782,2.80E+08
20783,2.65E+08
20784,2.83E+08
20785,2.62E+08
20786,2.59E+08
20787,2.83E+08
20788,2.57E+08
20789,2.76E+08
20790,2.74E+08
20791,2.60E+08
20792,2.79E+08
20793,2.49E+08
20794,2.60E+08
20795,2.46E+08
20796,2.53E+08
20797,3.34E+06
20798,3.08E+08
20799,2.84E+08
20800,3.10E+08
20801,3.05E+08
20802,2.79E+08
20803,2.75E+08
20804,2.76E+08
20805,2.78E+08
20806,3.15E+08
20807,3.07E+08
20808,3.37E+08
20809,3.33E+08
20810,3.17E+08
20811,2.99E+08
20812,3.07E+08
20813,3.02E+08
20814,2.65E+08
20815,2.61E+08
20816,2.69E+08
20817,2.50E+08
20818,2.72E+08
20819,2.68E+08
20820,2.60E+08
20821,2.65E+08
20822,2.67E+08
20823,2.57E+08
20824,2.52E+08
20825,2.50E+08
20826,2.53E+08
20827,2.43E+08
20828,2.93E+08
20829,2.89E+08
20830,2.94E+08
20831,2.98E+08
20832,2.77E+08
20833,2.72E+08
20834,2.69E+08
20835,2.73E+08
20836,2.82E+08
20837,2.48E+08
20838,2.38E+08
20839,2.42E+08
20840,2.36E+08
20841,2.40E+08
20842,2.88E+08
20843,2.75E+08
20844,2.73E+08
20845,2.67E+08
20846,2.58E+08
20847,2.70E+08
20848,2.85E+08
20849,3.00E+08
20850,3.01E+08
20851,2.75E+08
20852,2.91E+08
20853,2.73E+08
20854,2.71E+08
20855,2.40E+08
20856,2.45E+08
20857,2.33E+08
20858,2.22E+08
20859,2.11E+08
20860,2.33E+08
20861,2.59E+08
20862,2.30E+08
20863,2.23E+08
20864,2.21E+08
20865,2.54E+08
20866,3.11E+08
20867,2.59E+08
20868,2.85E+08
20869,2.68E+08
20870,2.57E+08
20871,2.51E+08
20872,2.53E+08
20873,2.28E+08
20874,2.20E+08
20875,2.24E+08
20876,2.20E+08
20877,2.42E+08
20878,2.92E+08
20879,2.97E+08
20880,2.63E+08
20881,2.55E+08
20882,2.22E+08
20883,2.85E+08
20884,2.96E+08
20885,2.98E+08
20886,2.93E+08
20887,2.71E+08
20888,2.87E+08
20889,2.72E+08
20890,2.65E+08
20891,2.64E+08
20892,3.01E+08
20893,2.61E+08
20894,2.75E+08
20895,2.53E+08
20896,2.66E+08
20897,2.64E+08
20898,2.54E+08
20899,2.78E+08
20900,2.93E+08
20901,3.01E+08
20902,3.15E+08
20903,2.68E+08
20904,2.67E+08
20905,2.33E+08
20906,2.78E+08
20907,2.26E+08
20908,3.09E+08
20909,3.27E+08
20910,3.11E+08
20911,3.05E+08
20912,2.89E+08
20913,2.93E+08
20914,2.87E+08
20915,2.96E+08
20916,3.10E+08
20917,3.07E+08
20918,2.79E+08
20919,2.67E+08
20920,2.69E+08
20921,3.30E+08
20922,2.99E+08
20923,3.30E+08
20924,3.10E+08
20925,2.92E+08
20926,3.03E+08
20927,3.00E+08
20928,3.05E+08
20929,3.11E+08
20930,3.08E+08
20931,3.09E+08
20932,3.24E+08
20933,2.84E+08
20934,2.84E+08
20935,2.80E+08
20936,3.10E+08
20937,3.43E+08
20938,3.29E+08
20939,3.05E+08
20940,3.34E+08
20941,3.02E+08
20942,3.08E+08
20943,2.98E+08
20944,2.94E+08
20945,2.85E+08
20946,2.82E+08
20947,2.77E+08
20948,2.61E+08
20949,2.81E+08
20950,2.97E+08
20951,2.85E+08
20952,2.92E+08
20953,2.72E+08
20954,2.73E+08
20955,2.96E+08
20956,3.03E+08
20957,3.15E+08
20958,3.01E+08
20959,3.13E+08
20960,3.16E+08
20961,3.33E+08
20962,2.87E+08
20963,2.84E+08
20964,2.91E+08
20965,2.70E+08
20966,2.91E+08
20967,3.04E+08
20968,3.10E+08
20969,2.85E+08
20970,2.73E+08
20971,2.84E+08
20972,3.07E+08
20973,3.01E+08
20974,2.56E+08
20975,3.23E+08
20976,2.87E+08
20977,3.06E+08
20978,2.93E+08
20979,3.04E+08
20980,2.76E+08
20981,2.66E+08
20982,3.18E+08
20983,3.03E+08
20984,3.34E+08
20985,2.89E+08
20986,3.09E+08
20987,2.85E+08
20988,2.93E+08
20989,2.92E+08
20990,2.41E+08
20991,2.37E+08
20992,2.41E+08
20993,2.35E+08
20994,2.08E+08
20995,2.17E+08
20996,2.22E+08
20997,1.92E+08
20998,2.47E+08
20999,2.51E+08
21000,2.46E+08
21001,1.92E+08
21002,1.95E+08
21003,2.52E+08
21004,2.54E+08
21005,3.18E+08
21006,2.99E+08
21007,2.90E+08
21008,3.08E+08
21009,2.82E+08
21010,2.89E+08
21011,3.16E+08
21012,2.32E+08
21013,2.42E+08
21014,1.97E+08
21015,2.49E+08
21016,2.46E+08
21017,1.82E+08
21018,1.33E+08
21019,2.10E+08
21020,2.06E+08
21021,2.21E+08
21022,2.19E+08
21023,2.12E+08
21024,2.10E+08
21025,2.00E+08
21026,1.95E+08
21027,1.64E+08
21028,2.16E+08
21029,1.57E+08
21030,1.34E+08
21031,2.32E+08
21032,2.17E+08
21033,2.19E+08
21034,2.25E+08
21035,1.75E+08
21036,2.16E+08
21037,2.10E+08
21038,2.17E+08
21039,2.24E+08
21040,2.24E+08
21041,2.35E+08
21042,2.19E+08
21043,2.33E+08
21044,1.87E+08
21045,2.22E+08
21046,2.05E+08
21047,2.20E+08
21048,2.19E+08
21049,2.09E+08
21050,2.16E+08
21051,1.93E+08
21052,1.41E+08
21053,2.32E+08
21054,2.41E+08
21055,2.44E+08
21056,2.40E+08
21057,2.29E+08
21058,2.21E+08
21059,2.12E+08
21060,2.44E+08
21061,2.35E+08
21062,2.33E+08
21063,2.41E+08
21064,2.27E+08
21065,2.24E+08
21066,2.27E+08
21067,2.20E+08
21068,2.28E+08
21069,2.37E+08
21070,2.37E+08
21071,2.24E+08
21072,2.24E+08
21073,2.28E+08
21074,2.24E+08
21075,2.76E+08
21076,2.77E+08
21077,2.87E+08
21078,2.68E+08
21079,2.79E+08
21080,2.72E+08
21081,2.54E+08
21082,2.36E+08
21083,2.54E+08
21084,2.87E+08
21085,2.93E+08
21086,2.87E+08
21087,2.52E+08
21088,2.89E+08
21089,2.49E+08
21090,2.51E+08
21091,2.80E+08
21092,2.90E+08
21093,2.98E+08
21094,2.62E+08
21095,2.60E+08
21096,2.61E+08
21097,2.69E+08
21098,2.71E+08
21099,2.81E+08
21100,2.78E+08
21101,2.48E+08
21102,2.35E+08
21103,2.39E+08
21104,2.93E+08
21105,2.92E+08
21106,2.78E+08
21107,2.95E+08
21108,2.35E+08
21109,2.83E+08
21110,2.32E+08
21111,2.78E+08
21112,2.54E+08
21113,2.86E+08
21114,2.92E+08
21115,2.50E+08
21116,2.58E+08
21117,2.61E+08
21118,2.23E+08
21119,2.24E+08
21120,2.15E+08
21121,1.93E+08
21122,2.09E+08
21123,1.48E+08
21124,1.86E+08
21125,2.33E+08
21126,2.30E+08
21127,2.07E+08
21128,1.58E+08
21129,2.20E+08
21130,2.14E+08
21131,2.24E+08
21132,2.15E+08
21133,2.24E+08
21134,2.27E+08
21135,2.01E+08
21136,1.96E+08
21137,1.95E+08
21138,2.28E+08
21139,2.44E+08
21140,2.03E+08
21141,2.11E+08
21142,1.93E+08
21143,1.59E+08
21144,2.21E+08
21145,2.41E+08
21146,2.72E+08
21147,2.85E+08
21148,2.64E+08
21149,2.54E+08
21150,2.53E+08
21151,2.37E+08
21152,2.51E+08
21153,2.54E+08
21154,3.10E+08
21155,2.75E+08
21156,3.05E+08
21157,2.79E+08
21158,2.85E+08
21159,2.81E+08
21160,3.05E+08
21161,2.88E+08
21162,3.12E+08
21163,2.80E+08
21164,2.87E+08
21165,2.84E+08
21166,3.20E+08
21167,2.89E+08
21168,2.81E+08
21169,2.82E+08
21170,2.92E+08
21171,3.22E+08
21172,2.91E+08
21173,3.11E+08
21174,3.03E+08
21175,2.88E+08
21176,3.02E+08
21177,2.65E+08
21178,2.89E+08
21179,2.92E+08
21180,2.97E+08
21181,3.03E+08
21182,3.22E+08
21183,3.13E+08
21184,2.86E+08
21185,2.87E+08
21186,2.83E+08
21187,3.05E+08
21188,2.88E+08
21189,2.69E+08
21190,2.41E+08
21191,2.72E+08
21192,2.41E+08
21193,2.48E+08
21194,2.44E+08
21195,2.40E+08
21196,2.56E+08
21197,2.84E+08
21198,2.56E+08
21199,2.56E+08
21200,2.57E+08
21201,2.42E+08
21202,2.58E+08
21203,2.94E+08
21204,3.21E+08
21205,3.09E+08
21206,2.88E+08
21207,2.77E+08
21208,2.76E+08
21209,2.90E+08
21210,3.06E+08
21211,2.68E+08
21212,2.68E+08
21213,2.59E+08
21214,2.66E+08
21215,2.42E+08
21216,2.59E+08
21217,2.45E+08
21218,2.52E+08
21219,2.37E+08
21220,2.40E+08
21221,2.44E+08
21222,2.32E+08
21223,2.42E+08
21224,2.33E+08
21225,2.48E+08
21226,2.44E+08
21227,2.28E+08
21228,2.34E+08
21229,2.31E+08
21230,2.28E+08
21231,2.21E+08
21232,2.33E+08
21233,2.27E+08
21234,2.64E+08
21235,2.73E+08
21236,2.78E+08
21237,2.92E+08
21238,2.69E+08
21239,2.57E+08
21240,2.51E+08
21241,2.63E+08
21242,2.45E+08
21243,2.82E+08
21244,2.57E+08
21245,2.71E+08
21246,2.77E+08
21247,2.60E+08
21248,2.58E+08
21249,2.53E+08
21250,2.61E+08
21251,2.56E+08
21252,2.48E+08
21253,2.50E+08
21254,2.51E+08
21255,2.66E+08
21256,2.62E+08
21257,2.88E+08
21258,2.62E+08
21259,2.63E+08
21260,2.64E+08
21261,2.89E+08
21262,2.65E+08
21263,2.64E+08
21264,2.60E+08
21265,2.36E+08
21266,2.43E+08
21267,2.39E+08
21268,2.40E+08
21269,2.35E+08
21270,2.25E+08
21271,2.36E+08
21272,2.29E+08
21273,2.40E+08
21274,3.30E+08
21275,2.97E+08
21276,2.97E+08
21277,2.98E+08
21278,2.77E+08
21279,2.85E+08
21280,3.13E+08
21281,2.93E+08
21282,2.92E+08
21283,2.90E+08
21284,2.82E+08
21285,2.78E+08
21286,2.81E+08
21287,2.78E+08
21288,2.70E+08
21289,2.68E+08
21290,2.93E+08
21291,2.91E+08
21292,2.82E+08
21293,2.67E+08
21294,2.64E+08
21295,2.59E+08
21296,2.56E+08
21297,2.75E+08
21298,2.88E+08
21299,2.83E+08
21300,3.08E+08
21301,3.14E+08
21302,2.78E+08
21303,2.75E+08
21304,2.72E+08
21305,2.61E+08
21306,2.83E+08
21307,2.78E+08
21308,3.02E+08
21309,3.01E+08
21310,3.06E+08
21311,2.75E+08
21312,2.76E+08
21313,2.80E+08
21314,2.83E+08
21315,2.88E+08
21316,2.66E+08
21317,3.02E+08
21318,2.81E+08
21319,2.92E+08
21320,2.62E+08
21321,2.67E+08
21322,2.66E+08
21323,2.70E+08
21324,2.58E+08
21325,2.79E+08
21326,2.63E+08
21327,2.58E+08
21328,2.67E+08
21329,2.52E+08
21330,2.43E+08
21331,2.54E+08
21332,2.41E+08
21333,2.40E+08
21334,2.40E+08
21335,2.65E+08
21336,2.61E+08
21337,2.78E+08
21338,2.43E+08
21339,2.46E+08
21340,2.47E+08
21341,2.53E+08
21342,2.80E+08
21343,2.45E+08
21344,2.43E+08
21345,2.47E+08
21346,2.53E+08
21347,2.47E+08
21348,2.54E+08
21349,2.79E+08
21350,2.53E+08
21351,2.49E+08
21352,2.51E+08
21353,2.80E+08
21354,3.11E+08
21355,3.07E+08
21356,3.07E+08
21357,2.85E+08
21358,2.85E+08
21359,2.91E+08
21360,2.81E+08
21361,2.71E+08
21362,2.47E+08
21363,2.57E+08
21364,2.50E+08
21365,2.47E+08
21366,2.52E+08
21367,2.48E+08
21368,2.76E+08
21369,2.83E+08
21370,2.64E+08
21371,2.55E+08
21372,2.77E+08
21373,2.50E+08
21374,2.54E+08
21375,2.55E+08
21376,2.47E+08
21377,3.21E+08
21378,3.01E+08
21379,2.92E+08
21380,3.05E+08
21381,2.89E+08
21382,2.95E+08
21383,2.92E+08
21384,3.24E+08
21385,3.04E+08
21386,2.93E+08
21387,2.95E+08
21388,2.93E+08
21389,3.27E+08
21390,3.02E+08
21391,3.25E+08
21392,2.94E+08
21393,3.01E+08
21394,3.13E+08
21395,2.94E+08
21396,2.77E+08
21397,2.89E+08
21398,3.29E+08
21399,3.29E+08
21400,2.98E+08
21401,2.87E+08
21402,3.06E+08
21403,3.14E+08
21404,2.93E+08
21405,3.05E+08
21406,2.72E+08
21407,2.74E+08
21408,2.93E+08
21409,2.76E+08
21410,2.97E+08
21411,2.96E+08
21412,2.76E+08
21413,3.00E+08
21414,2.64E+08
21415,2.79E+08
21416,2.67E+08
21417,2.59E+08
21418,2.80E+08
21419,2.77E+08
21420,2.63E+08
21421,3.27E+08
21422,3.20E+08
21423,3.07E+08
21424,2.88E+08
21425,3.03E+08
21426,3.16E+08
21427,2.91E+08
21428,3.47E+08
21429,3.26E+08
21430,3.23E+08
21431,2.93E+08
21432,3.01E+08
21433,3.04E+08
21434,2.94E+08
21435,3.18E+08
21436,3.13E+08
21437,3.36E+08
21438,3.32E+08
21439,3.31E+08
21440,3.07E+08
21441,2.58E+08
21442,2.73E+08
21443,2.72E+08
21444,2.48E+08
21445,2.44E+08
21446,2.56E+08
21447,2.62E+08
21448,3.25E+08
21449,3.31E+08
21450,2.99E+08
21451,2.92E+08
21452,3.02E+08
21453,3.13E+08
21454,3.11E+08
21455,3.05E+08
21456,3.12E+08
21457,3.21E+08
21458,2.94E+08
21459,2.78E+08
21460,2.80E+08
21461,2.97E+08
21462,2.74E+08
21463,2.85E+08
21464,3.13E+08
21465,3.13E+08
21466,3.23E+08
21467,3.11E+08
21468,2.80E+08
21469,2.68E+08
21470,2.99E+08
21471,3.09E+08
21472,2.77E+08
21473,2.73E+08
21474,2.96E+08
21475,2.52E+08
21476,3.06E+08
21477,3.15E+08
21478,3.24E+08
21479,3.18E+08
21480,3.11E+08
21481,3.01E+08
21482,2.86E+08
21483,3.06E+08
21484,2.85E+08
21485,2.75E+08
21486,3.09E+08
21487,3.10E+08
21488,2.69E+08
21489,2.74E+08
21490,2.77E+08
21491,3.14E+08
21492,3.11E+08
21493,2.97E+08
21494,2.91E+08
21495,2.77E+08
21496,2.69E+08
21497,2.86E+08
21498,2.40E+08
21499,2.30E+08
21500,2.41E+08
21501,2.27E+08
21502,2.34E+08
21503,2.40E+08
21504,2.17E+08
21505,2.19E+08
21506,2.45E+08
21507,2.24E+08
21508,2.36E+08
21509,2.36E+08
21510,2.29E+08
21511,2.53E+08
21512,2.50E+08
21513,2.49E+08
21514,2.65E+08
21515,2.31E+08
21516,2.51E+08
21517,2.46E+08
21518,2.51E+08
21519,2.56E+08
21520,2.44E+08
21521,2.27E+08
21522,2.50E+08
21523,2.40E+08
21524,2.34E+08
21525,2.06E+08
21526,2.16E+08
21527,2.28E+08
21528,2.16E+08
21529,2.26E+08
21530,2.21E+08
21531,2.19E+08
21532,2.16E+08
21533,2.09E+08
21534,2.04E+08
21535,2.17E+08
21536,2.42E+08
21537,2.40E+08
21538,2.27E+08
21539,2.64E+08
21540,2.23E+08
21541,2.52E+08
21542,2.36E+08
21543,2.36E+08
21544,2.29E+08
21545,1.98E+08
21546,2.15E+08
21547,3.04E+08
21548,3.05E+08
21549,3.02E+08
21550,3.16E+08
21551,2.99E+08
21552,2.70E+08
21553,2.51E+08
21554,2.64E+08
21555,2.72E+08
21556,2.45E+08
21557,2.85E+08
21558,3.21E+08
21559,3.22E+08
21560,2.78E+08
21561,2.56E+08
21562,2.77E+08
21563,2.67E+08
21564,2.95E+08
21565,3.09E+08
21566,3.11E+08
21567,3.07E+08
21568,3.06E+08
21569,2.80E+08
21570,2.91E+08
21571,2.55E+08
21572,2.99E+08
21573,2.69E+08
21574,3.04E+08
21575,3.04E+08
21576,2.66E+08
21577,2.79E+08
21578,3.02E+08
21579,2.78E+08
21580,3.36E+08
21581,3.11E+08
21582,3.27E+08
21583,3.03E+08
21584,3.19E+08
21585,3.32E+08
21586,3.22E+08
21587,3.12E+08
21588,3.30E+08
21589,3.17E+08
21590,3.08E+08
21591,3.05E+08
21592,2.94E+08
21593,3.15E+08
21594,2.99E+08
21595,3.06E+08
21596,3.06E+08
21597,2.56E+08
21598,2.55E+08
21599,2.59E+08
21600,2.59E+08
21601,2.48E+08
21602,2.66E+08
21603,2.48E+08
21604,2.37E+08
21605,2.39E+08
21606,2.40E+08
21607,2.18E+08
21608,2.25E+08
21609,2.34E+08
21610,2.12E+08
21611,2.36E+08
21612,1.43E+08
21613,2.69E+08
21614,2.68E+08
21615,2.71E+08
21616,2.85E+08
21617,2.60E+08
21618,2.60E+08
21619,2.61E+08
21620,2.12E+08
21621,2.54E+08
21622,2.60E+08
21623,2.71E+08
21624,2.88E+08
21625,2.82E+08
21626,2.82E+08
21627,2.69E+08
21628,2.64E+08
21629,2.49E+08
21630,2.76E+08
21631,2.59E+08
21632,2.67E+08
21633,2.54E+08
21634,2.36E+08
21635,2.44E+08
21636,2.38E+08
21637,3.11E+08
21638,3.43E+08
21639,2.91E+08
21640,2.96E+08
21641,3.14E+08
21642,3.00E+08
21643,2.80E+08
21644,3.04E+08
21645,2.86E+08
21646,2.78E+08
21647,2.80E+08
21648,2.89E+08
21649,3.22E+08
21650,3.28E+08
21651,3.09E+08
21652,3.19E+08
21653,2.89E+08
21654,2.90E+08
21655,2.97E+08
21656,2.77E+08
21657,2.63E+08
21658,2.71E+08
21659,2.65E+08
21660,2.46E+08
21661,2.40E+08
21662,2.42E+08
21663,2.14E+08
21664,2.85E+08
21665,2.79E+08
21666,3.03E+08
21667,2.71E+08
21668,2.83E+08
21669,2.58E+08
21670,2.73E+08
21671,2.56E+08
21672,2.61E+08
21673,2.89E+08
21674,2.73E+08
21675,2.63E+08
21676,2.71E+08
21677,2.56E+08
21678,2.64E+08
21679,2.61E+08
21680,2.35E+08
21681,2.43E+08
21682,2.34E+08
21683,2.36E+08
21684,2.40E+08
21685,2.89E+08
21686,2.51E+08
21687,2.55E+08
21688,2.58E+08
21689,2.51E+08
21690,2.40E+08
21691,3.25E+08
21692,2.90E+08
21693,3.12E+08
21694,3.00E+08
21695,2.89E+08
21696,2.77E+08
21697,3.03E+08
21698,3.13E+08
21699,3.31E+08
21700,2.99E+08
21701,2.88E+08
21702,2.93E+08
21703,2.81E+08
21704,2.56E+08
21705,2.48E+08
21706,2.95E+08
21707,2.87E+08
21708,2.74E+08
21709,2.73E+08
21710,2.78E+08
21711,3.26E+08
21712,3.37E+08
21713,3.06E+08
21714,3.25E+08
21715,2.93E+08
21716,3.07E+08
21717,3.50E+08
21718,3.19E+08
21719,3.12E+08
21720,3.28E+08
21721,3.15E+08
21722,3.09E+08
21723,3.10E+08
21724,3.03E+08
21725,3.17E+08
21726,3.44E+08
21727,3.15E+08
21728,3.11E+08
21729,2.98E+08
21730,3.00E+08
21731,2.93E+08
21732,3.32E+08
21733,3.26E+08
21734,3.18E+08
21735,3.28E+08
21736,3.18E+08
21737,3.06E+08
21738,2.69E+08
21739,2.62E+08
21740,2.89E+08
21741,2.63E+08
21742,2.65E+08
21743,2.77E+08
21744,2.78E+08
21745,2.96E+08
21746,3.30E+08
21747,2.94E+08
21748,2.93E+08
21749,2.94E+08
21750,2.89E+08
21751,2.96E+08
21752,2.73E+08
21753,2.73E+08
21754,2.72E+08
21755,2.56E+08
21756,2.69E+08
21757,2.45E+08
21758,2.52E+08
21759,2.53E+08
21760,2.45E+08
21761,2.48E+08
21762,2.42E+08
21763,2.73E+08
21764,2.66E+08
21765,2.62E+08
21766,2.51E+08
21767,2.60E+08
21768,2.10E+08
21769,1.95E+08
21770,1.82E+08
21771,2.16E+08
21772,2.06E+08
21773,2.13E+08
21774,2.09E+08
21775,1.76E+08
21776,2.01E+08
21777,2.49E+08
21778,2.49E+08
21779,2.45E+08
21780,2.37E+08
21781,2.58E+08
21782,2.38E+08
21783,2.24E+08
21784,2.35E+08
21785,2.92E+08
21786,2.78E+08
21787,2.79E+08
21788,2.89E+08
21789,2.57E+08
21790,2.34E+08
21791,2.66E+08
21792,2.46E+08
21793,2.83E+08
21794,3.02E+08
21795,2.66E+08
21796,2.80E+08
21797,2.92E+08
21798,2.64E+08
21799,2.90E+08
21800,2.26E+08
21801,2.67E+08
21802,2.94E+08
21803,3.02E+08
21804,2.84E+08
21805,2.66E+08
21806,2.94E+08
21807,2.72E+08
21808,2.52E+08
21809,2.68E+08
21810,2.62E+08
21811,2.63E+08
21812,2.64E+08
21813,2.24E+08
21814,2.33E+08
21815,2.55E+08
21816,1.85E+08
21817,2.57E+08
21818,1.48E+08
21819,2.78E+08
21820,2.71E+08
21821,2.33E+08
21822,2.61E+08
21823,2.27E+08
21824,2.73E+08
21825,3.05E+08
21826,2.85E+08
21827,2.65E+08
21828,2.59E+08
21829,2.54E+08
21830,2.77E+08
21831,2.47E+08
21832,2.39E+08
21833,2.05E+08
21834,2.87E+08
21835,2.87E+08
21836,2.79E+08
21837,2.75E+08
21838,2.53E+08
21839,2.60E+08
21840,2.54E+08
21841,2.56E+08
21842,2.49E+08
21843,2.63E+08
21844,2.84E+08
21845,2.72E+08
21846,2.74E+08
21847,2.77E+08
21848,2.47E+08
21849,2.50E+08
21850,2.50E+08
21851,2.44E+08
21852,2.47E+08
21853,2.60E+08
21854,2.93E+08
21855,3.17E+08
21856,3.15E+08
21857,3.08E+08
21858,2.81E+08
21859,2.87E+08
21860,2.90E+08
21861,3.11E+08
21862,2.82E+08
21863,2.90E+08
21864,3.09E+08
21865,2.89E+08
21866,2.94E+08
21867,2.56E+08
21868,2.59E+08
21869,2.66E+08
21870,2.85E+08
21871,2.39E+08
21872,2.36E+08
21873,2.29E+08
21874,2.20E+08
21875,2.21E+08
21876,2.18E+08
21877,2.31E+08
21878,2.61E+08
21879,2.61E+08
21880,2.81E+08
21881,2.55E+08
21882,2.57E+08
21883,2.54E+08
21884,1.90E+08
21885,2.47E+08
21886,2.50E+08
21887,2.74E+08
21888,2.96E+08
21889,2.71E+08
21890,2.63E+08
21891,2.73E+08
21892,2.58E+08
21893,2.78E+08
21894,2.76E+08
21895,2.67E+08
21896,2.60E+08
21897,2.47E+08
21898,2.52E+08
21899,2.48E+08
21900,2.52E+08
21901,2.81E+08
21902,2.47E+08
21903,2.54E+08
21904,2.57E+08
21905,2.56E+08
21906,2.57E+08
21907,2.95E+08
21908,2.90E+08
21909,2.78E+08
21910,2.93E+08
21911,2.65E+08
21912,2.74E+08
21913,2.41E+08
21914,2.61E+08
21915,2.81E+08
21916,2.91E+08
21917,2.80E+08
21918,2.83E+08
21919,2.47E+08
21920,2.66E+08
21921,2.31E+08
21922,2.60E+08
21923,2.13E+08
21924,2.36E+08
21925,2.70E+08
21926,2.59E+08
21927,2.36E+08
21928,2.57E+08
21929,1.76E+08
21930,2.55E+08
21931,1.35E+08
21932,2.86E+08
21933,2.81E+08
21934,2.63E+08
21935,2.75E+08
21936,2.60E+08
21937,2.62E+08
21938,2.61E+08
21939,2.95E+08
21940,2.75E+08
21941,2.80E+08
21942,2.57E+08
21943,2.76E+08
21944,3.13E+08
21945,3.50E+08
21946,3.25E+08
21947,3.23E+08
21948,3.38E+08
21949,3.06E+08
21950,3.03E+08
21951,3.07E+08
21952,3.17E+08
21953,3.16E+08
21954,2.91E+08
21955,3.09E+08
21956,2.89E+08
21957,2.87E+08
21958,3.02E+08
21959,3.09E+08
21960,3.27E+08
21961,3.05E+08
21962,3.08E+08
21963,3.26E+08
21964,3.46E+08
21965,3.27E+08
21966,3.30E+08
21967,3.15E+08
21968,3.30E+08
21969,3.02E+08
21970,3.13E+08
21971,3.15E+08
21972,3.35E+08
21973,3.11E+08
21974,3.56E+08
21975,3.31E+08
21976,3.36E+08
21977,3.29E+08
21978,3.10E+08
21979,3.11E+08
21980,3.06E+08
21981,3.16E+08
21982,3.42E+08
21983,3.46E+08
21984,3.19E+08
21985,2.98E+08
21986,3.04E+08
21987,3.14E+08
21988,3.14E+08
21989,3.23E+08
21990,3.05E+08
21991,3.19E+08
21992,3.27E+08
21993,2.87E+08
21994,2.83E+08
21995,2.82E+08
21996,3.40E+08
21997,3.25E+08
21998,3.03E+08
21999,3.05E+08
22000,3.02E+08
22001,2.95E+08
22002,2.67E+08
22003,2.45E+08
22004,2.83E+08
22005,2.93E+08
22006,3.06E+08
22007,2.91E+08
22008,2.62E+08
22009,2.99E+08
22010,2.84E+08
22011,2.74E+08
22012,2.57E+08
22013,2.48E+08
22014,2.40E+08
22015,2.30E+08
22016,2.25E+08
22017,2.19E+08
22018,1.06E+08
22019,2.09E+08
22020,2.45E+08
22021,2.43E+08
22022,2.16E+08
22023,2.22E+08
22024,1.82E+08
22025,2.41E+08
22026,2.62E+08
22027,2.42E+08
22028,2.50E+08
22029,1.76E+08
22030,1.96E+08
22031,2.05E+08
22032,2.68E+08
22033,2.48E+08
22034,1.81E+08
22035,1.72E+08
22036,1.35E+08
22037,1.50E+08
22038,1.49E+08
22039,1.07E+08
22040,1.67E+08
22041,1.24E+08
22042,2.49E+08
22043,2.75E+08
22044,2.68E+08
22045,2.47E+08
22046,2.39E+08
22047,2.50E+08
22048,2.49E+08
22049,2.37E+08
22050,2.39E+08
22051,2.35E+08
22052,2.24E+08
22053,2.28E+08
22054,2.18E+08
22055,2.12E+08
22056,2.05E+08
22057,2.37E+08
22058,2.27E+08
22059,2.22E+08
22060,2.37E+08
22061,2.38E+08
22062,3.23E+08
22063,3.05E+08
22064,2.90E+08
22065,2.93E+08
22066,2.85E+08
22067,2.84E+08
22068,2.87E+08
22069,2.98E+08
22070,3.12E+08
22071,2.94E+08
22072,3.05E+08
22073,2.77E+08
22074,2.75E+08
22075,3.13E+08
22076,2.79E+08
22077,2.81E+08
22078,3.06E+08
22079,2.76E+08
22080,2.64E+08
22081,2.79E+08
22082,2.59E+08
22083,2.98E+08
22084,3.17E+08
22085,2.99E+08
22086,3.11E+08
22087,3.04E+08
22088,3.04E+08
22089,3.10E+08
22090,2.87E+08
22091,2.66E+08
22092,2.61E+08
22093,2.62E+08
22094,2.67E+08
22095,2.78E+08
22096,2.67E+08
22097,2.06E+08
22098,2.29E+08
22099,2.31E+08
22100,1.93E+08
22101,2.19E+08
22102,2.07E+08
22103,2.14E+08
22104,2.08E+08
22105,1.92E+08
22106,2.09E+08
22107,2.08E+08
22108,2.22E+08
22109,2.37E+08
22110,2.27E+08
22111,2.26E+08
22112,2.04E+08
22113,2.24E+08
22114,3.42E+08
22115,3.08E+08
22116,3.23E+08
22117,3.14E+08
22118,3.06E+08
22119,3.08E+08
22120,2.91E+08
22121,2.98E+08
22122,2.96E+08
22123,2.90E+08
22124,2.96E+08
22125,3.11E+08
22126,3.18E+08
22127,2.91E+08
22128,2.71E+08
22129,2.63E+08
22130,2.67E+08
22131,2.59E+08
22132,2.68E+08
22133,3.34E+08
22134,3.21E+08
22135,3.27E+08
22136,2.97E+08
22137,2.99E+08
22138,3.02E+08
22139,3.01E+08
22140,3.02E+08
22141,2.85E+08
22142,3.27E+08
22143,3.18E+08
22144,2.90E+08
22145,3.00E+08
22146,2.91E+08
22147,2.93E+08
22148,2.82E+08
22149,2.85E+08
22150,3.10E+08
22151,2.92E+08
22152,3.02E+08
22153,3.15E+08
22154,3.20E+08
22155,2.92E+08
22156,2.80E+08
22157,2.93E+08
22158,2.43E+08
22159,2.36E+08
22160,2.45E+08
22161,2.31E+08
22162,2.38E+08
22163,2.34E+08
22164,2.28E+08
22165,2.47E+08
22166,2.50E+08
22167,2.45E+08
22168,2.43E+08
22169,2.14E+08
22170,2.29E+08
22171,2.27E+08
22172,2.50E+08
22173,2.47E+08
22174,2.49E+08
22175,2.43E+08
22176,2.64E+08
22177,2.10E+08
22178,2.66E+08
22179,2.49E+08
22180,2.26E+08
22181,2.69E+08
22182,2.61E+08
22183,2.65E+08
22184,2.76E+08
22185,2.58E+08
22186,2.72E+08
22187,2.53E+08
22188,2.55E+08
22189,2.62E+08
22190,2.52E+08
22191,2.60E+08
22192,2.54E+08
22193,2.39E+08
22194,2.57E+08
22195,2.83E+08
22196,2.63E+08
22197,2.61E+08
22198,3.00E+08
22199,2.77E+08
22200,2.46E+08
22201,2.70E+08
22202,2.62E+08
22203,2.40E+08
22204,2.39E+08
22205,2.45E+08
22206,2.13E+08
22207,2.06E+08
22208,2.18E+08
22209,1.94E+08
22210,2.05E+08
22211,2.14E+08
22212,3.25E+08
22213,3.16E+08
22214,3.03E+08
22215,2.98E+08
22216,2.82E+08
22217,2.85E+08
22218,2.84E+08
22219,2.84E+08
22220,3.36E+08
22221,3.06E+08
22222,3.10E+08
22223,3.03E+08
22224,3.02E+08
22225,2.41E+08
22226,2.65E+08
22227,2.55E+08
22228,2.62E+08
22229,2.49E+08
22230,2.35E+08
22231,2.61E+08
22232,2.86E+08
22233,2.53E+08
22234,2.49E+08
22235,2.47E+08
22236,2.84E+08
22237,2.62E+08
22238,2.60E+08
22239,2.61E+08
22240,2.27E+08
22241,2.77E+08
22242,2.40E+08
22243,2.78E+08
22244,2.57E+08
22245,2.61E+08
22246,2.38E+08
22247,2.42E+08
22248,2.34E+08
22249,2.18E+08
22250,2.37E+08
22251,2.29E+08
22252,2.04E+08
22253,2.16E+08
22254,2.41E+08
22255,2.36E+08
22256,2.40E+08
22257,2.20E+08
22258,2.21E+08
22259,2.48E+08
22260,3.16E+08
22261,2.99E+08
22262,3.10E+08
22263,2.94E+08
22264,2.92E+08
22265,2.85E+08
22266,2.27E+08
22267,2.19E+08
22268,2.19E+08
22269,2.27E+08
22270,2.10E+08
22271,2.05E+08
22272,2.23E+08
22273,2.13E+08
22274,1.96E+08
22275,2.12E+08
22276,2.38E+08
22277,2.43E+08
22278,2.27E+08
22279,2.44E+08
22280,2.26E+08
22281,2.46E+08
22282,2.45E+08
22283,2.38E+08
22284,2.25E+08
22285,2.45E+08
22286,2.46E+08
22287,2.30E+08
22288,2.49E+08
22289,2.57E+08
22290,2.54E+08
22291,2.46E+08
22292,2.56E+08
22293,2.55E+08
22294,2.52E+08
22295,2.53E+08
22296,2.41E+08
22297,2.45E+08
22298,2.40E+08
22299,2.37E+08
22300,2.00E+08
22301,1.90E+08
22302,1.94E+08
22303,1.92E+08
22304,1.97E+08
22305,1.97E+08
22306,1.94E+08
22307,2.07E+08
22308,1.83E+08
22309,1.90E+08
22310,2.19E+08
22311,1.67E+08
22312,1.66E+08
22313,1.60E+08
22314,2.17E+08
22315,2.46E+08
22316,2.54E+08
22317,2.55E+08
22318,2.52E+08
22319,2.48E+08
22320,2.91E+08
22321,2.68E+08
22322,2.88E+08
22323,1.95E+08
22324,1.95E+08
22325,2.61E+08
22326,7.31E+07
22327,2.59E+08
22328,2.43E+08
22329,1.64E+08
22330,6.15E+07
22331,2.46E+08
22332,2.60E+08
22333,2.61E+08
22334,2.47E+08
22335,2.57E+08
22336,2.00E+08
22337,2.49E+08
22338,2.14E+08
22339,2.59E+08
22340,2.56E+08
22341,2.01E+08
22342,2.46E+08
22343,2.65E+08
22344,2.44E+08
22345,2.02E+08
22346,2.67E+08
22347,2.53E+08
22348,2.66E+08
22349,2.80E+08
22350,2.76E+08
22351,2.78E+08
22352,2.43E+08
22353,2.72E+08
22354,2.52E+08
22355,2.48E+08
22356,2.21E+08
22357,1.70E+08
22358,2.17E+08
22359,2.21E+08
22360,2.08E+08
22361,2.09E+08
22362,1.93E+08
22363,2.18E+08
22364,2.63E+08
22365,2.58E+08
22366,2.68E+08
22367,2.60E+08
22368,2.61E+08
22369,2.67E+08
22370,2.56E+08
22371,2.62E+08
22372,2.57E+08
22373,2.59E+08
22374,2.68E+08
22375,2.60E+08
22376,2.69E+08
22377,2.61E+08
22378,2.60E+08
22379,2.58E+08
22380,2.48E+08
22381,2.33E+08
22382,2.52E+08
22383,2.41E+08
22384,2.40E+08
22385,2.47E+08
22386,2.41E+08
22387,2.54E+08
22388,2.48E+08
22389,2.46E+08
22390,2.40E+08
22391,1.67E+08
22392,1.53E+08
22393,1.55E+08
22394,1.70E+08
22395,1.49E+08
22396,1.59E+08
22397,1.79E+08
22398,1.64E+08
22399,1.71E+08
22400,1.82E+08
22401,1.60E+08
22402,1.69E+08
22403,1.73E+08
22404,1.67E+08
22405,1.81E+08
22406,1.64E+08
22407,2.46E+08
22408,2.42E+08
22409,1.81E+08
22410,2.39E+08
22411,2.71E+08
22412,2.37E+08
22413,2.03E+08
22414,2.68E+08
22415,2.45E+08
22416,2.54E+08
22417,2.63E+08
22418,2.56E+08
22419,2.54E+08
22420,2.61E+08
22421,2.03E+08
22422,1.99E+08
22423,2.07E+08
22424,2.03E+08
22425,1.56E+08
22426,2.05E+08
22427,2.07E+08
22428,2.00E+08
22429,2.05E+08
22430,3.39E+08
22431,3.35E+08
22432,3.41E+08
22433,3.18E+08
22434,3.19E+08
22435,1.71E+08
22436,1.17E+08
22437,2.56E+08
22438,2.39E+08
22439,1.89E+08
22440,8.18E+07
22441,2.26E+08
22442,1.28E+08
22443,1.42E+08
22444,1.53E+08
22445,1.53E+08
22446,1.50E+08
22447,1.39E+08
22448,1.30E+08
22449,1.63E+08
22450,1.92E+08
22451,2.07E+08
22452,1.94E+08
22453,1.90E+08
22454,1.81E+08
22455,1.93E+08
22456,1.91E+08
22457,1.94E+08
22458,1.90E+08
22459,1.93E+08
22460,1.84E+08
22461,2.63E+08
22462,2.80E+08
22463,2.72E+08
22464,2.39E+08
22465,2.53E+08
22466,2.65E+08
22467,2.63E+08
22468,2.51E+08
22469,2.58E+08
22470,2.41E+08
22471,2.47E+08
22472,2.41E+08
22473,1.42E+08
22474,1.27E+08
22475,1.38E+08
22476,1.45E+08
22477,1.43E+08
22478,1.51E+08
22479,2.50E+08
22480,2.36E+08
22481,2.51E+08
22482,2.39E+08
22483,2.39E+08
22484,2.40E+08
22485,2.11E+08
22486,2.38E+08
22487,2.27E+08
22488,2.62E+08
22489,2.47E+08
22490,2.71E+08
22491,2.19E+08
22492,1.66E+08
22493,2.05E+08
22494,1.93E+08
22495,2.25E+08
22496,2.45E+08
22497,2.35E+08
22498,2.39E+08
22499,2.26E+08
22500,2.36E+08
22501,2.21E+08
22502,2.23E+08
22503,2.36E+08
22504,2.33E+08
22505,2.82E+08
22506,2.86E+08
22507,2.69E+08
22508,2.78E+08
22509,3.06E+08
22510,2.48E+08
22511,2.55E+08
22512,2.47E+08
22513,2.33E+08
22514,2.33E+08
22515,2.32E+08
22516,2.30E+08
22517,2.32E+08
22518,2.27E+08
22519,2.20E+08
22520,2.09E+08
22521,1.86E+08
22522,2.12E+08
22523,2.14E+08
22524,2.43E+08
22525,2.38E+08
22526,2.52E+08
22527,2.49E+08
22528,2.36E+08
22529,2.28E+08
22530,2.36E+08
22531,2.23E+08
22532,2.14E+08
22533,1.97E+08
22534,2.15E+08
22535,1.94E+08
22536,2.95E+08
22537,2.94E+08
22538,2.87E+08
22539,2.75E+08
22540,2.79E+08
22541,2.59E+08
22542,2.23E+08
22543,2.47E+08
22544,2.52E+08
22545,2.29E+08
22546,2.62E+08
22547,2.55E+08
22548,2.79E+08
22549,2.70E+08
22550,2.56E+08
22551,2.61E+08
22552,2.44E+08
22553,2.55E+08
22554,2.36E+08
22555,2.01E+08
22556,2.39E+08
22557,2.31E+08
22558,2.30E+08
22559,2.17E+08
22560,2.20E+08
22561,2.55E+08
22562,2.34E+08
22563,2.42E+08
22564,2.34E+08
22565,2.33E+08
22566,2.32E+08
22567,2.63E+08
22568,2.56E+08
22569,2.57E+08
22570,2.44E+08
22571,2.51E+08
22572,2.43E+08
22573,2.38E+08
22574,2.25E+08
22575,2.20E+08
22576,1.90E+08
22577,2.26E+08
22578,2.33E+08
22579,2.37E+08
22580,1.95E+08
22581,2.31E+08
22582,2.47E+08
22583,1.86E+08
22584,2.06E+08
22585,2.15E+08
22586,2.12E+08
22587,2.53E+08
22588,2.79E+08
22589,2.58E+08
22590,2.58E+08
22591,2.56E+08
22592,2.57E+08
22593,2.52E+08
22594,2.58E+08
22595,2.55E+08
22596,1.71E+08
22597,1.36E+08
22598,1.28E+08
22599,2.11E+08
22600,1.67E+08
22601,1.90E+08
22602,1.59E+08
22603,2.26E+08
22604,1.84E+08
22605,1.73E+08
22606,2.16E+08
22607,1.96E+08
22608,2.77E+08
22609,2.67E+08
22610,2.71E+08
22611,2.53E+08
22612,2.56E+08
22613,2.87E+08
22614,2.28E+08
22615,2.23E+08
22616,2.18E+08
22617,2.92E+08
22618,3.02E+08
22619,2.90E+08
22620,2.85E+08
22621,2.80E+08
22622,2.26E+08
22623,2.16E+08
22624,2.35E+08
22625,2.20E+08
22626,2.31E+08
22627,2.27E+08
22628,2.17E+08
22629,2.38E+08
22630,2.65E+08
22631,2.57E+08
22632,2.64E+08
22633,2.20E+08
22634,2.43E+08
22635,2.49E+08
22636,2.37E+08
22637,2.37E+08
22638,3.23E+08
22639,3.14E+08
22640,3.23E+08
22641,3.10E+08
22642,3.00E+08
22643,2.79E+08
22644,2.82E+08
22645,2.86E+08
22646,3.05E+08
22647,3.06E+08
22648,2.77E+08
22649,2.75E+08
22650,2.75E+08
22651,3.22E+08
22652,3.16E+08
22653,3.26E+08
22654,3.03E+08
22655,3.19E+08
22656,2.72E+08
22657,2.86E+08
22658,2.66E+08
22659,2.60E+08
22660,2.65E+08
22661,2.55E+08
22662,2.67E+08
22663,2.89E+08
22664,2.87E+08
22665,2.94E+08
22666,2.33E+08
22667,2.27E+08
22668,2.44E+08
22669,2.48E+08
22670,2.44E+08
22671,2.18E+08
22672,2.14E+08
22673,2.18E+08
22674,2.23E+08
22675,2.17E+08
22676,2.10E+08
22677,2.05E+08
22678,2.06E+08
22679,2.26E+08
22680,2.26E+08
22681,2.46E+08
22682,2.41E+08
22683,2.27E+08
22684,2.59E+08
22685,2.31E+08
22686,2.27E+08
22687,2.89E+08
22688,2.71E+08
22689,2.89E+08
22690,3.11E+08
22691,2.84E+08
22692,2.96E+08
22693,3.26E+08
22694,3.24E+08
22695,3.06E+08
22696,3.19E+08
22697,2.69E+08
22698,2.52E+08
22699,2.62E+08
22700,2.49E+08
22701,1.84E+08
22702,1.51E+08
22703,2.37E+08
22704,2.78E+08
22705,2.61E+08
22706,2.49E+08
22707,2.63E+08
22708,2.52E+08
22709,2.60E+08
22710,2.54E+08
22711,2.65E+08
22712,2.85E+08
22713,2.65E+08
22714,2.62E+08
22715,2.59E+08
22716,2.58E+08
22717,2.53E+08
22718,2.99E+08
22719,2.75E+08
22720,2.95E+08
22721,2.95E+08
22722,2.70E+08
22723,2.71E+08
22724,2.83E+08
22725,2.63E+08
22726,2.45E+08
22727,2.04E+08
22728,2.34E+08
22729,2.55E+08
22730,2.60E+08
22731,2.34E+08
22732,2.62E+08
22733,2.44E+08
22734,2.41E+08
22735,2.32E+08
22736,2.21E+08
22737,2.35E+08
22738,2.21E+08
22739,2.23E+08
22740,2.36E+08
22741,2.59E+08
22742,2.82E+08
22743,2.57E+08
22744,2.73E+08
22745,2.52E+08
22746,2.48E+08
22747,2.56E+08
22748,2.56E+08
22749,2.50E+08
22750,2.40E+08
22751,2.32E+08
22752,2.36E+08
22753,2.97E+08
22754,3.23E+08
22755,3.01E+08
22756,3.05E+08
22757,3.29E+08
22758,3.39E+08
22759,3.07E+08
22760,3.03E+08
22761,3.23E+08
22762,2.94E+08
22763,2.81E+08
22764,2.87E+08
22765,2.84E+08
22766,2.81E+08
22767,3.00E+08
22768,3.01E+08
22769,2.95E+08
22770,3.27E+08
22771,3.02E+08
22772,2.70E+08
22773,2.84E+08
22774,3.26E+08
22775,3.22E+08
22776,3.11E+08
22777,3.03E+08
22778,2.85E+08
22779,2.72E+08
22780,2.58E+08
22781,2.70E+08
22782,2.58E+08
22783,2.48E+08
22784,2.55E+08
22785,2.55E+08
22786,2.39E+08
22787,2.27E+08
22788,2.41E+08
22789,2.23E+08
22790,3.16E+08
22791,2.89E+08
22792,2.88E+08
22793,2.85E+08
22794,2.92E+08
22795,3.20E+08
22796,3.22E+08
22797,2.82E+08
22798,3.14E+08
22799,2.87E+08
22800,2.76E+08
22801,2.95E+08
22802,3.10E+08
22803,2.84E+08
22804,2.87E+08
22805,2.77E+08
22806,3.24E+08
22807,3.02E+08
22808,3.19E+08
22809,2.79E+08
22810,3.38E+08
22811,3.17E+08
22812,3.00E+08
22813,2.97E+08
22814,2.26E+08
22815,2.38E+08
22816,2.08E+08
22817,1.99E+08
22818,1.99E+08
22819,2.08E+08
22820,1.58E+08
22821,2.37E+08
22822,2.29E+08
22823,2.09E+08
22824,2.52E+08
22825,2.49E+08
22826,2.49E+08
22827,2.53E+08
22828,2.42E+08
22829,2.15E+08
22830,2.29E+08
22831,2.06E+08
22832,2.16E+08
22833,3.26E+08
22834,3.28E+08
22835,3.05E+08
22836,2.92E+08
22837,3.25E+08
22838,2.91E+08
22839,2.90E+08
22840,3.01E+08
22841,2.99E+08
22842,3.06E+08
22843,2.74E+08
22844,2.77E+08
22845,2.72E+08
22846,2.58E+08
22847,2.68E+08
22848,2.86E+08
22849,2.88E+08
22850,3.17E+08
22851,2.80E+08
22852,2.89E+08
22853,2.80E+08
22854,3.03E+08
22855,2.94E+08
22856,3.08E+08
22857,2.91E+08
22858,2.81E+08
22859,3.02E+08
22860,2.89E+08
22861,2.97E+08
22862,2.89E+08
22863,3.03E+08
22864,3.11E+08
22865,2.90E+08
22866,2.68E+08
22867,2.91E+08
22868,2.69E+08
22869,2.69E+08
22870,3.30E+08
22871,3.09E+08
22872,2.91E+08
22873,3.11E+08
22874,2.99E+08
22875,2.96E+08
22876,3.04E+08
22877,2.80E+08
22878,2.83E+08
22879,2.88E+08
22880,2.88E+08
22881,2.72E+08
22882,2.44E+08
22883,2.55E+08
22884,2.45E+08
22885,2.43E+08
22886,2.45E+08
22887,2.35E+08
22888,2.94E+08
22889,2.62E+08
22890,2.75E+08
22891,2.63E+08
22892,2.64E+08
22893,3.04E+08
22894,3.00E+08
22895,2.84E+08
22896,2.74E+08
22897,2.80E+08
22898,2.83E+08
22899,3.00E+08
22900,2.86E+08
22901,2.77E+08
22902,2.84E+08
22903,2.76E+08
22904,2.72E+08
22905,2.87E+08
22906,2.94E+08
22907,2.80E+08
22908,2.77E+08
22909,2.69E+08
22910,2.94E+08
22911,2.86E+08
22912,2.80E+08
22913,2.90E+08
22914,2.60E+08
22915,2.65E+08
22916,2.70E+08
22917,2.68E+08
22918,2.95E+08
22919,2.46E+08
22920,2.53E+08
22921,2.38E+08
22922,3.00E+08
22923,2.43E+08
22924,2.68E+08
22925,2.49E+08
22926,2.68E+08
22927,2.85E+08
22928,2.59E+08
22929,2.59E+08
22930,2.64E+08
22931,2.74E+08
22932,2.96E+08
22933,2.97E+08
22934,2.94E+08
22935,2.84E+08
22936,2.77E+08
22937,3.00E+08
22938,2.93E+08
22939,3.06E+08
22940,3.06E+08
22941,2.86E+08
22942,2.78E+08
22943,2.91E+08
22944,2.83E+08
22945,2.71E+08
22946,2.72E+08
22947,2.79E+08
22948,2.76E+08
22949,2.92E+08
22950,2.88E+08
22951,2.81E+08
22952,2.93E+08
22953,2.50E+08
22954,2.45E+08
22955,2.58E+08
22956,2.29E+08
22957,2.44E+08
22958,3.14E+08
22959,2.92E+08
22960,2.86E+08
22961,2.99E+08
22962,2.75E+08
22963,2.89E+08
22964,2.90E+08
22965,2.90E+08
22966,2.43E+08
22967,1.97E+08
22968,2.50E+08
22969,2.57E+08
22970,3.00E+08
22971,2.75E+08
22972,2.68E+08
22973,2.70E+08
22974,2.55E+08
22975,2.68E+08
22976,2.39E+08
22977,2.89E+08
22978,2.59E+08
22979,2.67E+08
22980,2.68E+08
22981,2.57E+08
22982,2.53E+08
22983,2.52E+08
22984,2.58E+08
22985,3.04E+08
22986,2.70E+08
22987,2.68E+08
22988,2.69E+08
22989,2.66E+08
22990,2.15E+08
22991,2.22E+08
22992,2.15E+08
22993,2.12E+08
22994,2.14E+08
22995,2.07E+08
22996,2.28E+08
22997,2.24E+08
22998,2.42E+08
22999,2.12E+08
23000,1.88E+08
23001,2.16E+08
23002,2.41E+08
23003,2.17E+08
23004,2.28E+08
23005,2.40E+08
23006,2.44E+08
23007,3.04E+08
23008,2.76E+08
23009,2.79E+08
23010,2.85E+08
23011,2.83E+08
23012,3.13E+08
23013,2.74E+08
23014,2.83E+08
23015,2.92E+08
23016,3.44E+08
23017,2.93E+08
23018,2.93E+08
23019,3.05E+08
23020,2.91E+08
23021,3.11E+08
23022,3.26E+08
23023,3.19E+08
23024,3.08E+08
23025,3.07E+08
23026,3.07E+08
23027,3.05E+08
23028,3.05E+08
23029,2.91E+08
23030,3.15E+08
23031,2.99E+08
23032,3.04E+08
23033,2.74E+08
23034,2.71E+08
23035,2.74E+08
23036,2.82E+08
23037,2.66E+08
23038,2.80E+08
23039,2.66E+08
23040,2.88E+08
23041,2.71E+08
23042,2.36E+08
23043,2.45E+08
23044,2.49E+08
23045,2.37E+08
23046,2.44E+08
23047,2.65E+08
23048,2.71E+08
23049,2.71E+08
23050,2.96E+08
23051,2.96E+08
23052,2.89E+08
23053,2.86E+08
23054,2.96E+08
23055,2.92E+08
23056,3.00E+08
23057,3.09E+08
23058,2.99E+08
23059,3.02E+08
23060,2.62E+08
23061,2.56E+08
23062,2.67E+08
23063,2.73E+08
23064,2.63E+08
23065,2.65E+08
23066,2.59E+08
23067,2.40E+08
23068,2.41E+08
23069,2.35E+08
23070,2.31E+08
23071,2.32E+08
23072,2.37E+08
23073,2.22E+08
23074,2.23E+08
23075,2.41E+08
23076,2.42E+08
23077,2.29E+08
23078,2.36E+08
23079,2.39E+08
23080,2.38E+08
23081,2.38E+08
23082,2.30E+08
23083,2.37E+08
23084,2.24E+08
23085,2.35E+08
23086,2.27E+08
23087,2.25E+08
23088,2.20E+08
23089,3.17E+08
23090,2.89E+08
23091,2.96E+08
23092,2.89E+08
23093,2.35E+08
23094,2.48E+08
23095,2.47E+08
23096,2.57E+08
23097,3.09E+08
23098,2.78E+08
23099,2.79E+08
23100,2.67E+08
23101,2.84E+08
23102,2.21E+08
23103,3.05E+08
23104,3.00E+08
23105,2.69E+08
23106,2.83E+08
23107,2.69E+08
23108,2.72E+08
23109,2.61E+08
23110,2.61E+08
23111,2.83E+08
23112,2.92E+08
23113,2.78E+08
23114,2.90E+08
23115,2.22E+08
23116,2.28E+08
23117,2.10E+08
23118,2.17E+08
23119,2.08E+08
23120,2.22E+08
23121,3.21E+08
23122,3.15E+08
23123,2.85E+08
23124,2.98E+08
23125,2.84E+08
23126,3.25E+08
23127,2.82E+08
23128,2.86E+08
23129,2.77E+08
23130,2.80E+08
23131,2.58E+08
23132,2.62E+08
23133,2.43E+08
23134,2.67E+08
23135,2.37E+08
23136,2.36E+08
23137,2.36E+08
23138,2.31E+08
23139,2.34E+08
23140,2.35E+08
23141,2.42E+08
23142,2.28E+08
23143,2.30E+08
23144,2.32E+08
23145,2.73E+08
23146,2.68E+08
23147,2.69E+08
23148,2.61E+08
23149,2.86E+08
23150,2.69E+08
23151,2.58E+08
23152,2.66E+08
23153,2.58E+08
23154,2.86E+08
23155,2.56E+08
23156,2.56E+08
23157,2.44E+08
23158,2.57E+08
23159,2.57E+08
23160,2.33E+08
23161,1.16E+08
23162,2.56E+08
23163,1.27E+08
23164,422.77
23165,9.25E+07
23166,3.91E+07
23167,5.5245
23168,2.39E+06
23169,3.02E+06
23170,1.15E+08
23171,6.82E+07
23172,2.43E+08
23173,5.07E+07
23174,2.24E+08
23175,5.28E+07
23176,1.23E+08
23177,2.42E+08
23178,1.87E+08
23179,7.48E+07
23180,1.79E+08
23181,2.03E+08
23182,1.14E+08
23183,2.24E+08
23184,2.30E+08
23185,5.30E+07
23186,1.20E+08
23187,2.29E+08
23188,2.46E+08
23189,2.44E+08
23190,1.25E+08
23191,1.22E+08
23192,2.38E+08
23193,1.87E+08
23194,2.49E+08
23195,2.28E+08
23196,2.51E+08
23197,2.42E+08
23198,2.59E+08
23199,2.07E+08
23200,2.39E+08
23201,1.40E+08
23202,1.74E+08
23203,7.84E+07
23204,7.21E+07
23205,1.29E+08
23206,1.23E+08
23207,9.00E+07
23208,4.82E+07
23209,1.84E+08
23210,1.97E+08
23211,1.24E+08
23212,2.01E+08
23213,3.59E+07
23214,2.00E+08
23215,3.65E+07
23216,3.24E+07
23217,7.06E+07
23218,8.92E+07
23219,1.35E+08
23220,1.38E+08
23221,1.08E+08
23222,1.33E+08
23223,7.82E+07
23224,1.73E+08
23225,1.74E+08
23226,1.33E+08
23227,1.86E+08
23228,1.72E+08
23229,1.71E+08
23230,1.48E+08
23231,1.37E+08
23232,1.71E+08
23233,1.94E+08
23234,1.68E+08
23235,1.35E+08
23236,1.99E+08
23237,1.95E+08
23238,9.38E+07
23239,1.27E+08
23240,8.79E+07
23241,1.07E+08
23242,1.26E+08
23243,7.89E+07
23244,7.59E+07
23245,2.61E+08
23246,2.59E+08
23247,2.74E+08
23248,2.71E+08
23249,2.81E+08
23250,6.87E+07
23251,1.56E+08
23252,3.63E+07
23253,1.93E+08
23254,4.30E+07
23255,2.29E+08
23256,6.65E+07
23257,2.43E+08
23258,2.20E+08
23259,2.14E+08
23260,2.18E+08
23261,6.48E+07
23262,5.25E+07
23263,1.61E+08
23264,2.56E+08
23265,1.36E+08
23266,2.47E+08
23267,2.22E+08
23268,2.30E+08
23269,1.29E+08
23270,1.46E+08
23271,2.61E+08
23272,2.49E+08
23273,2.54E+08
23274,1.54E+08
23275,2.53E+08
23276,2.47E+08
23277,2.38E+08
23278,2.26E+08
23279,1.34E+08
23280,2.61E+08
23281,2.51E+08
23282,2.02E+08
23283,2.01E+08
23284,1.85E+08
23285,1.93E+08
23286,1.56E+08
23287,1.73E+08
23288,2.15E+08
23289,2.04E+08
23290,1.76E+08
23291,1.75E+08
23292,1.57E+08
23293,1.85E+08
23294,1.86E+08
23295,1.70E+08
23296,1.85E+08
23297,1.54E+08
23298,1.10E+08
23299,2.18E+08
23300,2.06E+08
23301,2.20E+08
23302,2.17E+08
23303,1.88E+08
23304,1.41E+08
23305,2.11E+08
23306,1.17E+08
23307,1.71E+08
23308,1.15E+08
23309,1.22E+08
23310,8.16E+07
23311,9.87E+07
23312,1.34E+08
23313,2.32E+08
23314,1.67E+08
23315,1.66E+08
23316,1.33E+08
23317,1.34E+08
23318,1.40E+08
23319,1.83E+08
23320,1.80E+08
23321,1.94E+08
23322,1.51E+06
23323,2.52E+06
23324,1.07E+06
23325,3.80E+07
23326,4.12E+07
23327,1.03E+08
23328,4.31E+07
23329,2.53E+08
23330,2.49E+08
23331,2.16E+08
23332,2.39E+08
23333,2.31E+08
23334,1.43E+08
23335,3.80E+07
23336,2.56E+08
23337,2.37E+08
23338,1.58E+08
23339,2.53E+08
23340,2.03E+08
23341,2.43E+08
23342,2.12E+08
23343,2.30E+08
23344,2.25E+08
23345,2.09E+08
23346,2.01E+08
23347,2.24E+08
23348,2.12E+08
23349,2.20E+08
23350,2.17E+08
23351,2.38E+08
23352,2.36E+08
23353,9.45E+07
23354,1.91E+08
23355,1.19E+08
23356,1.99E+08
23357,2.02E+08
23358,2.38E+08
23359,2.23E+08
23360,1.90E+08
23361,2.00E+08
23362,1.74E+08
23363,1.85E+08
23364,1.78E+08
23365,1.59E+08
23366,1.55E+08
23367,1.83E+08
23368,1.90E+08
23369,1.56E+08
23370,1.54E+08
23371,1.82E+08
23372,1.84E+08
23373,1.57E+08
23374,1.57E+08
23375,1.64E+08
23376,1.80E+08
23377,1.84E+08
23378,1.85E+08
23379,1.83E+08
23380,2.06E+08
23381,1.94E+08
23382,1.93E+08
23383,1.97E+08
23384,2.01E+08
23385,1.87E+08
23386,7.89E+06
23387,9.73E+06
23388,2.00E+08
23389,1.97E+08
23390,2.15E+08
23391,1.98E+08
23392,2.06E+08
23393,2.09E+08
23394,2.32E+08
23395,2.39E+08
23396,2.30E+08
23397,2.25E+08
23398,9.22E+07
23399,1.63E+08
23400,1.76E+08
23401,1.09E+08
23402,1.73E+08
23403,1.62E+08
23404,1.57E+08
23405,1.71E+08
23406,1.72E+08
23407,1.79E+08
23408,1.30E+08
23409,1.26E+08
23410,1.11E+08
23411,1.17E+08
23412,1.39E+08
23413,1.03E+08
23414,1.35E+08
23415,1.31E+08
23416,1.39E+08
23417,2.01E+08
23418,8.91E+07
23419,1.05E+08
23420,2.19E+08
23421,2.16E+08
23422,1.00E+08
23423,2.21E+08
23424,1.20E+08
23425,1.65E+08
23426,2.01E+08
23427,1.30E+08
23428,2.20E+08
23429,1.82E+08
23430,2.22E+08
23431,2.23E+08
23432,2.27E+08
23433,2.08E+08
23434,2.27E+08
23435,2.51E+08
23436,2.51E+08
23437,1.12E+08
23438,2.55E+08
23439,2.43E+08
23440,2.81E+08
23441,2.67E+08
23442,1.86E+08
23443,1.92E+08
23444,1.87E+08
23445,2.05E+08
23446,1.62E+08
23447,1.86E+08
23448,2.02E+08
23449,1.99E+08
23450,2.00E+08
23451,2.24E+08
23452,1.31E+08
23453,7.86E+07
23454,1.63E+08
23455,1.30E+08
23456,2.16E+08
23457,8.99E+07
23458,2.13E+08
23459,1.32E+08
23460,1.33E+08
23461,1.02E+08
23462,1.24E+08
23463,1.10E+08
23464,1.29E+08
23465,1.43E+08
23466,1.21E+08
23467,1.25E+08
23468,8.01E+07
23469,1.15E+08
23470,1.42E+08
23471,1.16E+08
23472,1.29E+08
23473,1.36E+08
23474,1.18E+08
23475,9.91E+07
23476,1.05E+08
23477,7.26E+07
23478,9.29E+07
23479,1.65E+08
23480,9.47E+07
23481,7.66E+07
23482,1.56E+08
23483,1.06E+08
23484,8.40E+07
23485,8.30E+07
23486,3.78E+06
23487,3.49E+06
23488,4.42E+07
23489,6.68E+07
23490,6.01E+07
23491,1.62E+08
23492,2.30E+08
23493,1.61E+08
23494,2.28E+08
23495,2.16E+08
23496,2.31E+08
23497,1.49E+08
23498,1.97E+08
23499,2.24E+08
23500,2.17E+08
23501,9.77E+07
23502,1.47E+08
23503,7.34E+07
23504,1.03E+08
23505,8.08E+07
23506,1.11E+08
23507,1.81E+08
23508,2.38E+08
23509,2.38E+08
23510,2.42E+08
23511,1.75E+08
23512,1.71E+08
23513,1.61E+08
23514,1.68E+08
23515,1.80E+08
23516,1.61E+08
23517,1.75E+08
23518,1.84E+08
23519,1.90E+08
23520,1.65E+08
23521,1.69E+08
23522,1.57E+08
23523,1.38E+08
23524,1.43E+08
23525,1.62E+08
23526,1.70E+08
23527,1.30E+08
23528,1.33E+08
23529,1.18E+08
23530,1.14E+08
23531,1.21E+08
23532,1.28E+08
23533,1.26E+08
23534,1.15E+08
23535,2.45E+08
23536,2.40E+08
23537,2.40E+08
23538,1.02E+08
23539,2.15E+08
23540,2.03E+08
23541,1.27E+08
23542,2.12E+08
23543,1.62E+08
23544,2.34E+08
23545,2.35E+08
23546,2.38E+08
23547,2.43E+08
23548,2.39E+08
23549,2.45E+08
23550,2.37E+08
23551,2.37E+08
23552,2.39E+08
23553,1.87E+08
23554,9.10E+07
23555,5.90E+07
23556,2.27E+08
23557,2.28E+08
23558,2.46E+08
23559,2.42E+08
23560,2.10E+08
23561,2.10E+08
23562,2.42E+08
23563,2.13E+08
23564,2.44E+08
23565,2.51E+08
23566,2.71E+08
23567,2.38E+08
23568,1.78E+08
23569,2.63E+08
23570,9.13E+07
23571,1.59E+08
23572,1.15E+08
23573,2.66E+08
23574,5.03E+07
23575,2.08E+08
23576,3.23E+07
23577,6.81E+07
23578,8.90E+07
23579,5.35E+07
23580,2.08E+08
23581,1.60E+08
23582,1.23E+08
23583,5.41E+07
23584,4.70E+07
23585,4.98E+07
23586,4.76E+07
23587,2.15E+08
23588,2.20E+08
23589,2.30E+08
23590,2.31E+08
23591,1.11E+08
23592,2.24E+08
23593,2.26E+08
23594,1.73E+08
23595,2.32E+08
23596,1.15E+08
23597,1.28E+08
23598,1.29E+08
23599,1.27E+08
23600,7.01E+07
23601,6.52E+07
23602,1.25E+08
23603,5.14E+07
23604,9.16E+07
23605,6.32E+07
23606,6.68E+07
23607,8.36E+07
23608,1.08E+08
23609,1.24E+08
23610,1.76E+08
23611,1.44E+08
23612,1.34E+08
23613,1.57E+08
23614,1.87E+08
23615,1.93E+08
23616,9.54E+07
23617,7.17E+07
23618,1.68E+08
23619,1.08E+08
23620,1.91E+08
23621,2.19E+08
23622,1.89E+08
23623,1.86E+08
23624,2.27E+08
23625,2.39E+08
23626,2.37E+08
23627,2.17E+08
23628,2.39E+08
23629,2.28E+08
23630,2.62E+07
23631,1.08E+08
23632,2.28E+08
23633,2.34E+08
23634,7.95E+07
23635,2.21E+08
23636,2.41E+08
23637,2.45E+08
23638,2.42E+08
23639,2.42E+08
23640,1.48E+08
23641,2.38E+08
23642,2.44E+08
23643,2.71E+07
23644,4.82E+07
23645,6.75E+07
23646,1.49E+08
23647,2.19E+08
23648,1.20E+08
23649,2.36E+08
23650,2.31E+08
23651,1.69E+08
23652,8.71E+07
23653,9.42E+07
23654,2.35E+08
23655,2.29E+08
23656,1.95E+08
23657,2.32E+08
23658,1.33E+08
23659,8.18E+07
23660,2.24E+08
23661,3.69E+07
23662,5.15E+07
23663,9.68E+07
23664,2.34E+08
23665,2.39E+08
23666,2.32E+08
23667,2.40E+08
23668,2.43E+08
23669,2.09E+08
23670,2.22E+08
23671,2.16E+08
23672,1.95E+08
23673,2.00E+08
23674,2.14E+08
23675,1.52E+08
23676,2.19E+08
23677,2.09E+08
23678,1.94E+08
23679,8.75E+07
23680,9.63E+07
23681,8.66E+07
23682,1.99E+08
23683,7.92E+07
23684,9.60E+07
23685,1.48E+08
23686,2.01E+08
23687,9.12E+07
23688,1.97E+08
23689,1.80E+08
23690,9.90E+07
23691,2.16E+08
23692,2.05E+08
23693,2.10E+08
23694,1.87E+08
23695,1.93E+08
23696,1.85E+08
23697,1.55E+08
23698,1.51E+08
23699,5.68E+07
23700,1.01E+08
23701,1.63E+08
23702,2.38E+08
23703,2.50E+08
23704,2.43E+08
23705,2.41E+08
23706,1.69E+08
23707,2.56E+08
23708,2.50E+08
23709,1.21E+08
23710,2.61E+08
23711,2.55E+08
23712,2.66E+08
23713,2.58E+08
23714,2.60E+08
23715,2.75E+08
23716,2.51E+08
23717,2.77E+08
23718,2.75E+08
23719,2.02E+08
23720,1.95E+08
23721,2.01E+08
23722,1.98E+08
23723,2.04E+08
23724,1.92E+08
23725,1.75E+08
23726,1.57E+08
23727,1.52E+08
23728,1.66E+08
23729,1.54E+08
23730,2.33E+08
23731,1.77E+08
23732,1.21E+08
23733,3.68E+07
23734,5.29E+07
23735,8.79E+07
23736,4.54E+07
23737,7.52E+07
23738,2.27E+08
23739,1.58E+08
23740,2.29E+08
23741,1.73E+08
23742,1.26E+08
23743,1.95E+08
23744,5.21E+07
23745,7.55E+07
23746,2.40E+08
23747,1.66E+08
23748,2.45E+08
23749,1.78E+08
23750,2.35E+08
23751,2.11E+08
23752,1.72E+08
23753,1.31E+08
23754,1.70E+08
23755,1.84E+08
23756,1.81E+08
23757,1.57E+08
23758,7.09E+07
23759,8.34E+07
23760,8.49E+07
23761,7.98E+07
23762,8.94E+07
23763,8.05E+07
23764,8.30E+07
23765,1.22E+08
23766,1.84E+08
23767,7.41E+07
23768,2.33E+08
23769,2.42E+08
23770,2.25E+08
23771,2.38E+08
23772,2.35E+08
23773,2.19E+08
23774,2.27E+08
23775,2.17E+08
23776,2.17E+08
23777,1.98E+08
23778,2.25E+08
23779,2.16E+08
23780,2.18E+08
23781,2.15E+08
23782,2.09E+08
23783,1.92E+08
23784,2.09E+08
23785,1.56E+08
23786,2.08E+08
23787,2.12E+08
23788,1.68E+08
23789,2.18E+08
23790,2.04E+08
23791,2.14E+08
23792,2.26E+08
23793,2.12E+08
23794,2.18E+08
23795,2.23E+08
23796,1.81E+08
23797,1.82E+08
23798,1.67E+08
23799,1.65E+08
23800,1.79E+08
23801,1.87E+08
23802,1.57E+08
23803,2.18E+08
23804,2.33E+08
23805,2.34E+08
23806,2.29E+08
23807,2.42E+08
23808,9.24E+07
23809,1.04E+08
23810,1.16E+08
23811,8.13E+07
23812,1.13E+08
23813,1.08E+08
23814,9.60E+07
23815,1.43E+08
23816,8.39E+07
23817,1.22E+08
23818,1.55E+08
23819,1.16E+08
23820,1.47E+08
23821,1.07E+08
23822,1.14E+08
23823,1.67E+08
23824,1.43E+08
23825,1.60E+08
23826,1.44E+08
23827,1.39E+08
23828,1.42E+08
23829,1.26E+08
23830,1.48E+08
23831,1.47E+08
23832,1.47E+08
23833,1.67E+08
23834,1.32E+08
23835,1.72E+08
23836,1.46E+08
23837,1.66E+08
23838,1.49E+08
23839,1.76E+08
23840,8.18E+07
23841,2.28E+08
23842,7.70E+07
23843,1.51E+08
23844,9.87E+07
23845,9.95E+07
23846,2.15E+08
23847,2.08E+08
23848,1.23E+08
23849,1.58E+08
23850,1.38E+08
23851,1.36E+08
23852,1.59E+08
23853,2.09E+08
23854,2.14E+08
23855,2.09E+08
23856,2.15E+08
23857,2.18E+08
23858,2.17E+08
23859,2.27E+08
23860,1.78E+08
23861,2.25E+08
23862,2.01E+08
23863,2.11E+08
23864,2.22E+08
23865,2.04E+08
23866,2.05E+08
23867,2.25E+08
23868,2.15E+08
23869,2.39E+08
23870,2.33E+08
23871,2.48E+08
23872,2.26E+08
23873,2.09E+08
23874,2.35E+08
23875,2.35E+08
23876,2.26E+08
23877,2.26E+08
23878,2.02E+08
23879,1.96E+08
23880,1.78E+08
23881,3.88E+07
23882,4.52E+07
23883,1.88E+08
23884,1.81E+08
23885,2.00E+08
23886,1.70E+08
23887,2.06E+07
23888,1.82E+08
23889,3.41E+07
23890,6.44E+07
23891,3.16E+07
23892,2.92E+07
23893,1.32E+08
23894,4.22E+07
23895,3.25E+07
23896,1.84E+07
23897,2.04E+08
23898,1.74E+08
23899,1.72E+08
23900,6.64E+07
23901,1.70E+07
23902,1.94E+08
23903,1.46E+08
23904,2.72E+07
23905,4.35E+07
23906,1.14E+08
23907,4.05E+07
23908,3.56E+07
23909,2.05E+08
23910,1.58E+08
23911,2.15E+07
23912,2.16E+08
23913,2.29E+08
23914,2.22E+08
23915,1.67E+08
23916,2.36E+08
23917,2.37E+08
23918,2.11E+08
23919,1.14E+08
23920,1.04E+08
23921,7.88E+07
23922,9.05E+07
23923,1.15E+08
23924,9.64E+07
23925,1.75E+08
23926,1.82E+08
23927,1.94E+08
23928,2.13E+08
23929,1.97E+08
23930,2.12E+08
23931,1.04E+08
23932,1.16E+08
23933,1.61E+08
23934,1.21E+08
23935,2.32E+08
23936,2.25E+08
23937,2.04E+08
23938,1.80E+08
23939,2.06E+08
23940,2.25E+08
23941,2.08E+08
23942,2.23E+08
23943,2.30E+08
23944,1.18E+08
23945,1.83E+08
23946,2.28E+08
23947,2.27E+08
23948,2.29E+08
23949,9.40E+07
23950,2.21E+08
23951,2.16E+08
23952,1.93E+08
23953,2.52E+08
23954,2.53E+08
23955,2.39E+08
23956,9.71E+07
23957,1.29E+08
23958,2.25E+08
23959,1.72E+08
23960,2.24E+08
23961,2.16E+08
23962,1.43E+08
23963,2.14E+08
23964,2.21E+08
23965,2.22E+08
23966,1.66E+08
23967,1.09E+08
23968,2.18E+08
23969,2.45E+08
23970,2.61E+08
23971,2.27E+08
23972,2.31E+08
23973,2.10E+08
23974,2.17E+08
23975,2.29E+08
23976,1.96E+08
23977,1.78E+08
23978,2.35E+08
23979,2.41E+08
23980,2.79E+08
23981,2.67E+08
23982,2.44E+08
23983,2.67E+08
23984,2.56E+08
23985,2.51E+08
23986,2.76E+08
23987,3.00E+08
23988,3.09E+08
23989,2.41E+08
23990,2.20E+08
23991,2.39E+08
23992,1.89E+08
23993,1.68E+08
23994,1.53E+08
23995,1.18E+08
23996,2.57E+08
23997,2.58E+08
23998,8.84E+07
23999,8.24E+07
24000,9.10E+07
24001,4.30E+07
24002,1.28E+08
24003,2.37E+08
24004,2.47E+08
24005,1.94E+08
24006,2.39E+08
24007,1.46E+08
24008,2.57E+08
24009,1.25E+08
24010,1.92E+08
24011,1.34E+08
24012,5.44E+07
24013,2.24E+08
24014,2.35E+08
24015,1.42E+08
24016,2.26E+08
24017,1.89E+08
24018,1.80E+08
24019,1.74E+08
24020,1.61E+08
24021,1.87E+08
24022,1.85E+08
24023,1.94E+08
24024,1.85E+08
24025,2.31E+08
24026,2.30E+08
24027,2.20E+08
24028,2.25E+08
24029,2.20E+08
24030,2.14E+08
24031,1.95E+08
24032,2.05E+08
24033,2.12E+08
24034,1.56E+08
24035,1.98E+08
24036,2.27E+08
24037,1.88E+08
24038,2.30E+08
24039,2.33E+08
24040,2.24E+08
24041,2.31E+08
24042,2.31E+08
24043,2.38E+08
24044,2.32E+08
24045,2.26E+08
24046,1.48E+08
24047,1.56E+08
24048,1.76E+08
24049,1.79E+08
24050,1.78E+08
24051,1.82E+08
24052,9.45E+07
24053,2.03E+08
24054,2.19E+08
24055,2.27E+08
24056,1.11E+08
24057,2.31E+08
24058,1.67E+08
24059,1.15E+08
24060,1.68E+08
24061,1.10E+08
24062,1.73E+08
24063,1.74E+08
24064,1.82E+08
24065,1.55E+08
24066,1.75E+08
24067,1.79E+08
24068,2.46E+08
24069,2.32E+08
24070,2.53E+08
24071,2.33E+08
24072,2.43E+08
24073,2.27E+08
24074,6.88E+07
24075,1.01E+08
24076,8.33E+07
24077,1.59E+08
24078,1.02E+08
24079,9.34E+07
24080,1.00E+08
24081,9.65E+07
24082,1.04E+08
24083,1.51E+08
24084,1.56E+08
24085,8.92E+07
24086,2.10E+08
24087,1.12E+08
24088,1.92E+08
24089,2.13E+08
24090,1.95E+08
24091,2.20E+08
24092,2.21E+08
24093,2.16E+08
24094,2.01E+08
24095,1.42E+08
24096,2.16E+08
24097,2.08E+08
24098,2.08E+08
24099,1.97E+08
24100,2.14E+08
24101,1.94E+08
24102,1.82E+08
24103,1.90E+08
24104,2.10E+08
24105,1.94E+08
24106,2.07E+08
24107,1.65E+08
24108,1.87E+08
24109,1.94E+08
24110,1.96E+08
24111,2.52E+07
24112,1.90E+08
24113,1.78E+08
24114,3.70E+07
24115,4.86E+07
24116,1.39E+08
24117,2.16E+08
24118,5.19E+07
24119,2.23E+08
24120,1.96E+08
24121,2.32E+08
24122,2.38E+08
24123,1.13E+08
24124,1.00E+08
24125,9.01E+07
24126,9.49E+07
24127,1.27E+08
24128,1.12E+08
24129,1.58E+08
24130,8.95E+07
24131,1.66E+08
24132,1.55E+08
24133,2.14E+08
24134,2.26E+08
24135,2.14E+08
24136,2.16E+08
24137,2.30E+08
24138,1.99E+08
24139,2.17E+08
24140,2.44E+08
24141,2.44E+08
24142,2.49E+08
24143,2.47E+08
24144,2.71E+08
24145,2.31E+08
24146,2.27E+08
24147,2.23E+08
24148,2.08E+08
24149,2.28E+08
24150,2.33E+08
24151,2.37E+08
24152,2.41E+08
24153,2.34E+08
24154,1.95E+08
24155,2.26E+08
24156,2.19E+08
24157,2.21E+08
24158,2.45E+08
24159,1.22E+08
24160,2.42E+08
24161,2.34E+08
24162,2.28E+08
24163,2.26E+08
24164,2.19E+08
24165,2.18E+08
24166,2.11E+08
24167,1.62E+08
24168,1.60E+08
24169,1.72E+08
24170,1.74E+08
24171,1.89E+08
24172,1.42E+08
24173,1.77E+08
24174,1.93E+08
24175,1.99E+08
24176,1.97E+08
24177,1.91E+08
24178,2.24E+08
24179,2.27E+08
24180,2.16E+08
24181,2.04E+08
24182,1.86E+08
24183,2.19E+08
24184,2.29E+08
24185,2.22E+08
24186,2.20E+08
24187,2.36E+08
24188,2.45E+08
24189,2.34E+08
24190,2.76E+08
24191,3.08E+08
24192,2.89E+08
24193,2.96E+08
24194,2.97E+08
24195,3.03E+08
24196,2.92E+08
24197,2.97E+08
24198,3.03E+08
24199,2.92E+08
24200,2.46E+08
24201,2.48E+08
24202,2.44E+08
24203,2.47E+08
24204,2.37E+08
24205,2.58E+08
24206,2.47E+08
24207,2.40E+08
24208,2.30E+08
24209,2.53E+08
24210,2.68E+08
24211,2.45E+08
24212,2.64E+08
24213,2.46E+08
24214,2.50E+08
24215,2.49E+08
24216,2.37E+08
24217,2.27E+08
24218,2.29E+08
24219,2.44E+08
24220,2.33E+08
24221,1.04E+08
24222,2.45E+08
24223,2.03E+08
24224,2.41E+08
24225,2.38E+08
24226,2.38E+08
24227,1.07E+08
24228,2.04E+08
24229,1.59E+08
24230,2.74E+08
24231,2.94E+08
24232,2.81E+08
24233,2.56E+08
24234,2.59E+08
24235,2.67E+08
24236,2.02E+08
24237,2.70E+08
24238,2.51E+08
24239,2.75E+08
24240,2.66E+08
24241,2.52E+08
24242,2.75E+08
24243,2.93E+08
24244,2.65E+08
24245,2.70E+08
24246,2.66E+08
24247,2.03E+08
24248,3.04E+08
24249,3.21E+08
24250,2.95E+08
24251,2.87E+08
24252,2.98E+08
24253,2.56E+08
24254,2.54E+08
24255,2.61E+08
24256,2.38E+08
24257,2.41E+08
24258,1.78E+08
24259,2.50E+08
24260,1.57E+08
24261,2.49E+08
24262,2.50E+08
24263,2.52E+08
24264,2.47E+08
24265,1.82E+08
24266,1.95E+08
24267,2.73E+08
24268,2.83E+08
24269,2.51E+08
24270,6.13E+07
24271,2.85E+08
24272,2.69E+08
24273,2.32E+08
24274,2.79E+08
24275,2.44E+08
24276,2.35E+08
24277,2.66E+08
24278,2.50E+08
24279,2.62E+08
24280,2.55E+08
24281,6.08E+07
24282,2.48E+08
24283,2.26E+08
24284,7.86E+07
24285,2.37E+08
24286,2.38E+08
24287,2.86E+08
24288,2.68E+08
24289,2.62E+08
24290,2.58E+08
24291,2.67E+08
24292,2.67E+08
24293,2.34E+08
24294,2.35E+08
24295,2.50E+08
24296,2.25E+08
24297,2.29E+08
24298,2.06E+08
24299,1.85E+08
24300,1.91E+08
24301,1.88E+08
24302,1.86E+08
24303,1.36E+08
24304,2.42E+08
24305,2.45E+08
24306,2.65E+08
24307,2.49E+08
24308,2.23E+08
24309,2.44E+08
24310,2.45E+08
24311,2.48E+08
24312,2.46E+08
24313,1.99E+08
24314,2.39E+08
24315,1.19E+08
24316,2.76E+08
24317,2.03E+08
24318,2.21E+08
24319,2.23E+08
24320,2.01E+08
24321,1.40E+08
24322,1.61E+08
24323,2.27E+08
24324,2.30E+08
24325,1.26E+08
24326,1.31E+08
24327,2.08E+08
24328,2.12E+08
24329,2.14E+08
24330,2.09E+08
24331,1.27E+08
24332,2.39E+08
24333,1.12E+08
24334,2.18E+08
24335,2.18E+08
24336,2.16E+08
24337,2.19E+08
24338,2.19E+08
24339,1.42E+08
24340,2.12E+08
24341,2.08E+08
24342,1.65E+08
24343,1.22E+08
24344,1.32E+08
24345,1.60E+08
24346,1.44E+08
24347,1.22E+08
24348,1.92E+08
24349,2.14E+08
24350,1.93E+08
24351,2.08E+08
24352,2.14E+08
24353,1.12E+08
24354,2.27E+08
24355,2.28E+08
24356,2.31E+08
24357,2.07E+08
24358,1.21E+08
24359,2.26E+08
24360,2.32E+08
24361,2.29E+08
24362,2.42E+08
24363,2.20E+08
24364,1.19E+08
24365,2.29E+08
24366,1.88E+08
24367,2.21E+08
24368,2.13E+08
24369,6.11E+07
24370,6.03E+07
24371,2.19E+08
24372,2.16E+08
24373,2.13E+08
24374,2.67E+08
24375,2.71E+08
24376,2.56E+08
24377,2.66E+08
24378,1.59E+08
24379,2.19E+08
24380,1.92E+08
24381,1.81E+08
24382,2.19E+08
24383,2.19E+08
24384,2.15E+08
24385,2.15E+08
24386,2.11E+08
24387,1.72E+08
24388,1.70E+08
24389,2.18E+08
24390,2.01E+08
24391,1.95E+08
24392,1.91E+08
24393,1.73E+08
24394,1.98E+08
24395,2.02E+08
24396,1.76E+08
24397,1.67E+08
24398,1.03E+08
24399,1.25E+08
24400,2.06E+08
24401,2.17E+08
24402,2.34E+08
24403,2.36E+08
24404,2.26E+08
24405,2.27E+08
24406,2.43E+08
24407,2.35E+08
24408,2.01E+08
24409,2.28E+08
24410,2.16E+08
24411,2.24E+08
24412,1.92E+08
24413,2.22E+08
24414,2.34E+08
24415,2.43E+08
24416,2.08E+08
24417,2.09E+08
24418,2.07E+08
24419,2.15E+08
24420,2.52E+08
24421,2.49E+08
24422,2.47E+08
24423,2.54E+08
24424,2.55E+08
24425,2.02E+08
24426,2.64E+08
24427,2.41E+08
24428,2.23E+08
24429,2.41E+08
24430,2.40E+08
24431,2.19E+08
24432,2.34E+08
24433,2.45E+08
24434,1.87E+08
24435,2.11E+08
24436,1.38E+08
24437,2.12E+08
24438,2.29E+08
24439,3.28E+08
24440,3.01E+08
24441,2.97E+08
24442,3.07E+08
24443,2.39E+08
24444,2.32E+08
24445,2.30E+08
24446,2.43E+08
24447,2.36E+08
24448,2.27E+08
24449,2.11E+08
24450,2.69E+08
24451,2.71E+08
24452,2.78E+08
24453,2.70E+08
24454,2.69E+08
24455,2.85E+08
24456,2.56E+08
24457,2.64E+08
24458,2.46E+08
24459,2.67E+08
24460,2.48E+08
24461,2.64E+08
24462,2.42E+08
24463,2.27E+08
24464,2.57E+08
24465,2.66E+08
24466,2.72E+08
24467,2.55E+08
24468,2.45E+08
24469,2.11E+08
24470,2.81E+08
24471,2.52E+08
24472,1.88E+08
24473,2.63E+08
24474,2.46E+08
24475,2.62E+08
24476,2.34E+08
24477,2.38E+08
24478,2.32E+08
24479,2.96E+08
24480,2.89E+08
24481,2.74E+08
24482,2.73E+08
24483,2.63E+08
24484,2.64E+08
24485,2.72E+08
24486,2.29E+08
24487,2.54E+08
24488,2.21E+08
24489,2.96E+08
24490,2.86E+08
24491,2.88E+08
24492,2.77E+08
24493,2.96E+08
24494,3.34E+08
24495,3.10E+08
24496,2.84E+08
24497,2.82E+08
24498,2.97E+08
24499,2.86E+08
24500,2.48E+08
24501,2.69E+08
24502,2.69E+08
24503,2.64E+08
24504,2.48E+08
24505,2.82E+08
24506,2.60E+08
24507,3.28E+08
24508,2.69E+08
24509,2.75E+08
24510,2.69E+08
24511,2.51E+08
24512,1.02E+08
24513,2.54E+08
24514,2.49E+08
24515,2.61E+08
24516,2.40E+08
24517,1.95E+08
24518,2.36E+08
24519,2.42E+08
24520,2.48E+08
24521,2.35E+08
24522,2.52E+08
24523,2.05E+08
24524,2.50E+08
24525,2.58E+08
24526,2.20E+08
24527,1.34E+08
24528,1.55E+08
24529,1.55E+07
24530,2.18E+08
24531,2.27E+08
24532,2.17E+08
24533,2.16E+08
24534,2.08E+08
24535,2.06E+08
24536,1.33E+08
24537,2.09E+08
24538,1.67E+08
24539,1.53E+08
24540,1.43E+08
24541,2.24E+08
24542,2.10E+08
24543,2.10E+08
24544,2.19E+08
24545,2.12E+08
24546,1.99E+08
24547,2.11E+08
24548,2.20E+08
24549,2.15E+08
24550,2.11E+08
24551,1.11E+08
24552,1.93E+08
24553,1.54E+08
24554,2.19E+08
24555,2.17E+08
24556,1.97E+08
24557,1.43E+08
24558,1.36E+08
24559,2.25E+08
24560,2.35E+08
24561,2.20E+08
24562,2.05E+08
24563,2.36E+08
24564,2.45E+08
24565,1.12E+08
24566,2.46E+08
24567,2.35E+08
24568,2.30E+08
24569,2.44E+08
24570,2.50E+08
24571,2.45E+08
24572,2.68E+08
24573,2.78E+08
24574,2.70E+08
24575,2.65E+08
24576,2.56E+08
24577,2.54E+08
24578,2.83E+08
24579,2.54E+08
24580,2.77E+08
24581,2.72E+08
24582,2.69E+08
24583,2.87E+08
24584,2.51E+08
24585,2.60E+08
24586,2.46E+08
24587,2.28E+08
24588,1.45E+08
24589,2.40E+08
24590,2.51E+08
24591,1.03E+08
24592,2.61E+08
24593,2.31E+08
24594,2.63E+08
24595,2.50E+08
24596,2.35E+08
24597,2.53E+08
24598,2.42E+08
24599,1.91E+08
24600,2.32E+08
24601,2.51E+08
24602,2.38E+08
24603,2.38E+08
24604,2.61E+08
24605,2.69E+08
24606,2.56E+08
24607,2.57E+08
24608,2.57E+08
24609,2.55E+08
24610,2.62E+08
24611,2.71E+08
24612,2.44E+08
24613,2.60E+08
24614,2.50E+08
24615,2.92E+08
24616,2.64E+08
24617,2.77E+08
24618,2.81E+08
24619,2.67E+08
24620,2.68E+08
24621,2.61E+08
24622,2.45E+08
24623,3.14E+08
24624,2.99E+08
24625,3.00E+08
24626,2.90E+08
24627,2.87E+08
24628,2.90E+08
24629,2.62E+08
24630,2.51E+08
24631,2.36E+08
24632,2.38E+08
24633,2.35E+08
24634,2.55E+08
24635,2.34E+08
24636,2.20E+08
24637,2.46E+08
24638,2.38E+08
24639,2.41E+08
24640,2.38E+08
24641,2.37E+08
24642,2.25E+08
24643,2.40E+08
24644,2.41E+08
24645,2.52E+08
24646,2.20E+08
24647,2.16E+08
24648,2.06E+08
24649,2.18E+08
24650,2.23E+08
24651,2.16E+08
24652,2.03E+08
24653,2.16E+08
24654,2.11E+08
24655,2.14E+08
24656,1.57E+08
24657,1.44E+08
24658,2.31E+08
24659,2.32E+08
24660,2.29E+08
24661,2.17E+08
24662,2.57E+08
24663,2.93E+08
24664,2.60E+08
24665,2.52E+08
24666,2.62E+08
24667,2.49E+08
24668,2.63E+08
24669,2.01E+08
24670,2.59E+08
24671,2.34E+08
24672,2.36E+08
24673,2.18E+08
24674,1.02E+08
24675,2.35E+08
24676,2.39E+08
24677,2.43E+08
24678,2.29E+08
24679,1.55E+08
24680,8.11E+07
24681,1.57E+08
24682,2.37E+08
24683,2.13E+08
24684,2.36E+08
24685,7.82E+07
24686,1.89E+08
24687,2.29E+08
24688,2.30E+08
24689,2.28E+08
24690,2.31E+08
24691,2.39E+08
24692,2.25E+08
24693,2.23E+08
24694,2.33E+08
24695,1.88E+08
24696,2.19E+08
24697,2.46E+08
24698,2.72E+08
24699,2.78E+08
24700,2.79E+08
24701,2.82E+08
24702,2.71E+08
24703,2.51E+08
24704,2.55E+08
24705,2.10E+08
24706,1.77E+08
24707,2.41E+08
24708,2.43E+08
24709,2.30E+08
24710,2.35E+08
24711,2.26E+08
24712,2.29E+08
24713,2.35E+08
24714,2.34E+08
24715,2.36E+08
24716,2.36E+08
24717,1.99E+08
24718,2.35E+08
24719,8.85E+07
24720,2.34E+08
24721,2.39E+08
24722,2.36E+08
24723,1.75E+08
24724,2.13E+08
24725,2.09E+08
24726,2.11E+08
24727,2.24E+08
24728,2.29E+08
24729,2.24E+08
24730,2.28E+08
24731,1.91E+08
24732,1.33E+08
24733,2.29E+08
24734,9.68E+07
24735,3.75E+07
24736,2.45E+08
24737,2.57E+08
24738,2.21E+08
24739,2.35E+08
24740,2.46E+08
24741,2.58E+08
24742,2.08E+08
24743,1.25E+08
24744,2.87E+08
24745,2.92E+08
24746,2.81E+08
24747,3.10E+08
24748,2.88E+08
24749,3.31E+08
24750,3.00E+08
24751,2.94E+08
24752,2.94E+08
24753,2.91E+08
24754,3.05E+08
24755,2.81E+08
24756,2.86E+08
24757,2.53E+08
24758,2.92E+08
24759,2.64E+08
24760,2.71E+08
24761,2.73E+08
24762,2.67E+08
24763,2.52E+08
24764,2.51E+08
24765,2.67E+08
24766,2.79E+08
24767,2.83E+08
24768,2.55E+08
24769,2.66E+08
24770,2.38E+08
24771,2.35E+08
24772,2.36E+08
24773,2.38E+08
24774,1.98E+08
24775,2.50E+08
24776,7.45E+07
24777,2.74E+08
24778,2.87E+08
24779,2.12E+08
24780,2.69E+08
24781,2.45E+08
24782,2.73E+08
24783,2.63E+08
24784,2.79E+08
24785,2.69E+08
24786,2.41E+08
24787,2.53E+08
24788,2.61E+08
24789,2.52E+08
24790,2.44E+08
24791,1.96E+08
24792,1.96E+08
24793,2.12E+08
24794,1.41E+08
24795,2.45E+08
24796,2.74E+08
24797,2.74E+08
24798,2.63E+08
24799,2.75E+08
24800,1.95E+08
24801,2.13E+08
24802,1.44E+08
24803,1.62E+08
24804,1.11E+08
24805,1.66E+08
24806,9.84E+07
24807,2.05E+08
24808,2.50E+08
24809,1.95E+08
24810,1.72E+08
24811,2.15E+08
24812,2.35E+08
24813,1.73E+08
24814,2.12E+08
24815,2.45E+08
24816,2.16E+08
24817,2.35E+08
24818,1.60E+08
24819,1.03E+08
24820,1.49E+08
24821,1.53E+08
24822,1.78E+08
24823,1.17E+08
24824,1.59E+08
24825,1.66E+08
24826,6.51E+07
24827,1.39E+08
24828,1.49E+08
24829,1.54E+08
24830,9.57E+07
24831,6.97E+07
24832,7.40E+07
24833,2.68E+08
24834,2.44E+08
24835,2.52E+08
24836,2.52E+08
24837,2.21E+08
24838,2.65E+08
24839,1.44E+08
24840,2.53E+08
24841,2.55E+08
24842,2.57E+08
24843,2.24E+08
24844,2.19E+08
24845,2.31E+08
24846,2.25E+08
24847,2.13E+08
24848,2.17E+08
24849,2.30E+08
24850,2.02E+08
24851,1.90E+08
24852,2.09E+08
24853,1.88E+08
24854,1.88E+08
24855,2.09E+08
24856,1.89E+08
24857,3.07E+08
24858,2.89E+08
24859,2.91E+08
24860,2.80E+08
24861,2.77E+08
24862,2.90E+08
24863,3.13E+08
24864,2.83E+08
24865,2.85E+08
24866,2.78E+08
24867,2.80E+08
24868,2.91E+08
24869,2.64E+08
24870,2.53E+08
24871,2.68E+08
24872,2.69E+08
24873,2.51E+08
24874,2.53E+08
24875,2.84E+08
24876,2.44E+08
24877,2.98E+08
24878,3.07E+08
24879,2.99E+08
24880,3.01E+08
24881,2.61E+08
24882,2.25E+08
24883,2.59E+08
24884,2.36E+08
24885,2.74E+08
24886,2.53E+08
24887,2.75E+08
24888,2.15E+08
24889,2.34E+08
24890,1.23E+08
24891,2.00E+08
24892,2.02E+08
24893,1.85E+08
24894,2.32E+08
24895,2.38E+08
24896,2.39E+08
24897,2.42E+08
24898,2.44E+08
24899,2.22E+08
24900,2.53E+08
24901,2.15E+08
24902,1.85E+08
24903,2.05E+08
24904,1.14E+08
24905,2.12E+08
24906,2.09E+08
24907,2.16E+08
24908,2.24E+08
24909,2.30E+08
24910,2.10E+08
24911,2.46E+08
24912,2.40E+08
24913,9.92E+07
24914,8.85E+07
24915,2.14E+08
24916,2.03E+08
24917,1.29E+08
24918,2.64E+08
24919,2.38E+08
24920,2.52E+08
24921,1.72E+08
24922,2.30E+08
24923,2.54E+08
24924,2.18E+08
24925,2.28E+08
24926,2.32E+08
24927,2.31E+08
24928,2.24E+08
24929,2.22E+08
24930,2.23E+08
24931,1.30E+08
24932,1.78E+08
24933,1.96E+08
24934,2.15E+08
24935,2.15E+08
24936,2.36E+08
24937,2.00E+08
24938,2.29E+08
24939,2.25E+08
24940,1.69E+08
24941,2.08E+08
24942,2.24E+08
24943,2.38E+08
24944,2.44E+08
24945,2.37E+08
24946,2.25E+08
24947,2.33E+08
24948,2.30E+08
24949,1.60E+08
24950,1.99E+08
24951,1.32E+08
24952,1.83E+08
24953,1.85E+08
24954,1.76E+08
24955,1.66E+08
24956,2.02E+08
24957,2.09E+08
24958,2.17E+08
24959,1.76E+08
24960,2.13E+08
24961,1.69E+08
24962,2.14E+08
24963,1.69E+08
24964,2.29E+08
24965,2.75E+08
24966,2.95E+08
24967,1.66E+08
24968,2.44E+08
24969,1.97E+08
24970,2.39E+08
24971,2.54E+08
24972,2.43E+08
24973,2.61E+08
24974,2.17E+08
24975,2.53E+08
24976,2.60E+08
24977,2.45E+08
24978,2.35E+08
24979,2.37E+08
24980,2.48E+08
24981,2.58E+08
24982,2.10E+08
24983,2.26E+08
24984,2.16E+08
24985,2.18E+08
24986,2.35E+08
24987,2.53E+08
24988,2.49E+08
24989,2.64E+08
24990,2.58E+08
24991,2.58E+08
24992,2.52E+08
24993,1.40E+08
24994,1.50E+08
24995,1.60E+08
24996,1.52E+08
24997,1.57E+08
24998,1.39E+08
24999,1.46E+08
25000,1.54E+08
25001,1.70E+08
25002,2.43E+08
25003,2.47E+08
25004,1.95E+08
25005,2.00E+08
25006,1.82E+08
25007,1.92E+08
25008,2.07E+08
25009,1.76E+08
25010,1.98E+08
25011,1.97E+08
25012,1.85E+08
25013,1.87E+08
25014,2.08E+08
25015,2.05E+08
25016,1.84E+08
25017,1.91E+08
25018,2.00E+08
25019,1.40E+08
25020,1.97E+08
25021,2.12E+08
25022,2.12E+08
25023,1.82E+08
25024,1.99E+08
25025,2.08E+08
25026,2.73E+08
25027,2.62E+08
25028,2.69E+08
25029,2.66E+08
25030,2.53E+08
25031,2.70E+08
25032,2.00E+08
25033,2.52E+08
25034,1.08E+08
25035,1.14E+08
25036,1.30E+08
25037,1.21E+08
25038,1.58E+08
25039,1.44E+08
25040,2.27E+08
25041,1.43E+08
25042,1.69E+08
25043,1.37E+08
25044,2.01E+08
25045,1.48E+08
25046,2.27E+08
25047,2.28E+08
25048,2.06E+08
25049,2.25E+08
25050,2.18E+08
25051,2.23E+08
25052,2.12E+08
25053,1.78E+08
25054,2.11E+08
25055,2.15E+08
25056,1.87E+08
25057,2.25E+08
25058,2.45E+08
25059,2.31E+08
25060,2.33E+08
25061,2.35E+08
25062,2.26E+08
25063,2.41E+08
25064,2.01E+08
25065,1.44E+08
25066,1.43E+08
25067,1.34E+08
25068,1.40E+08
25069,1.39E+08
25070,1.28E+08
25071,1.49E+08
25072,2.37E+08
25073,2.37E+08
25074,2.40E+08
25075,1.60E+08
25076,1.40E+08
25077,1.60E+08
25078,1.07E+08
25079,2.33E+08
25080,2.42E+08
25081,2.37E+08
25082,2.30E+08
25083,2.29E+08
25084,2.32E+08
25085,2.16E+08
25086,2.17E+08
25087,2.26E+08
25088,1.78E+08
25089,1.73E+08
25090,2.14E+08
25091,2.14E+08
25092,2.22E+08
25093,2.18E+08
25094,2.14E+08
25095,2.01E+08
25096,1.94E+08
25097,2.12E+08
25098,2.51E+08
25099,2.46E+08
25100,2.51E+08
25101,2.23E+08
25102,2.80E+08
25103,2.76E+08
25104,2.72E+08
25105,2.86E+08
25106,2.78E+08
25107,2.65E+08
25108,2.74E+08
25109,2.66E+08
25110,2.77E+08
25111,2.30E+08
25112,2.29E+08
25113,1.69E+08
25114,2.35E+08
25115,2.35E+08
25116,2.26E+08
25117,2.38E+08
25118,2.38E+08
25119,2.20E+08
25120,2.26E+08
25121,1.97E+08
25122,1.90E+08
25123,2.01E+08
25124,2.28E+08
25125,2.19E+08
25126,1.92E+08
25127,1.68E+08
25128,2.41E+08
25129,1.32E+08
25130,2.42E+08
25131,2.45E+08
25132,2.03E+08
25133,2.75E+08
25134,2.46E+08
25135,2.51E+08
25136,2.16E+08
25137,2.44E+08
25138,2.25E+08
25139,2.45E+08
25140,2.36E+08
25141,2.84E+08
25142,2.71E+08
25143,2.77E+08
25144,2.69E+08
25145,2.69E+08
25146,2.71E+08
25147,2.67E+08
25148,2.49E+08
25149,2.65E+08
25150,2.53E+08
25151,2.72E+08
25152,2.80E+08
25153,2.76E+08
25154,2.78E+08
25155,2.71E+08
25156,2.66E+08
25157,2.95E+08
25158,2.71E+08
25159,2.74E+08
25160,2.71E+08
25161,2.68E+08
25162,2.82E+08
25163,2.58E+08
25164,2.87E+08
25165,2.88E+08
25166,2.87E+08
25167,2.91E+08
25168,2.93E+08
25169,3.06E+08
25170,2.19E+08
25171,2.17E+08
25172,1.80E+08
25173,2.11E+08
25174,1.82E+08
25175,2.02E+08
25176,2.17E+08
25177,2.06E+08
25178,2.09E+08
25179,2.07E+08
25180,2.01E+08
25181,2.09E+08
25182,2.29E+08
25183,2.21E+08
25184,2.19E+08
25185,1.71E+08
25186,2.39E+08
25187,2.37E+08
25188,1.98E+08
25189,2.56E+08
25190,2.57E+08
25191,2.48E+08
25192,2.56E+08
25193,2.67E+08
25194,2.44E+08
25195,1.90E+08
25196,2.72E+08
25197,2.41E+08
25198,1.88E+08
25199,2.06E+08
25200,2.45E+08
25201,2.28E+08
25202,1.87E+08
25203,2.45E+08
25204,2.27E+08
25205,2.17E+08
25206,2.30E+08
25207,2.23E+08
25208,2.14E+08
25209,2.17E+08
25210,3.06E+08
25211,3.10E+08
25212,3.04E+08
25213,3.06E+08
25214,2.94E+08
25215,2.63E+08
25216,2.63E+08
25217,2.77E+08
25218,2.63E+08
25219,2.76E+08
25220,2.30E+08
25221,2.76E+08
25222,2.52E+08
25223,2.64E+08
25224,2.60E+08
25225,2.58E+08
25226,2.91E+08
25227,2.63E+08
25228,2.66E+08
25229,2.93E+08
25230,2.53E+08
25231,2.70E+08
25232,1.83E+08
25233,2.65E+08
25234,2.91E+08
25235,3.08E+08
25236,2.77E+08
25237,2.76E+08
25238,2.90E+08
25239,2.47E+08
25240,2.56E+08
25241,2.57E+08
25242,2.63E+08
25243,2.85E+08
25244,2.65E+08
25245,2.62E+08
25246,2.52E+08
25247,2.66E+08
25248,2.47E+08
25249,2.02E+08
25250,1.27E+08
25251,2.49E+08
25252,2.83E+08
25253,2.81E+08
25254,2.24E+08
25255,2.80E+08
25256,3.15E+08
25257,2.71E+08
25258,2.74E+08
25259,2.47E+08
25260,2.75E+08
25261,2.65E+08
25262,2.84E+08
25263,2.91E+08
25264,3.00E+08
25265,2.85E+08
25266,2.19E+08
25267,2.01E+08
25268,1.87E+08
25269,2.20E+08
25270,1.08E+08
25271,1.99E+08
25272,1.10E+08
25273,2.82E+08
25274,2.79E+08
25275,2.90E+08
25276,2.54E+08
25277,2.52E+08
25278,2.71E+08
25279,2.52E+08
25280,2.47E+08
25281,2.14E+08
25282,1.56E+08
25283,2.87E+08
25284,2.88E+08
25285,2.81E+08
25286,2.99E+08
25287,2.79E+08
25288,2.87E+08
25289,2.73E+08
25290,2.24E+08
25291,2.28E+08
25292,2.17E+08
25293,2.26E+08
25294,1.94E+08
25295,2.26E+08
25296,2.41E+08
25297,2.24E+08
25298,2.46E+08
25299,2.33E+08
25300,1.75E+08
25301,2.41E+08
25302,2.56E+08
25303,2.48E+08
25304,2.46E+08
25305,2.46E+08
25306,2.50E+08
25307,2.50E+08
25308,2.55E+08
25309,2.46E+08
25310,2.49E+08
25311,2.41E+08
25312,2.49E+08
25313,2.63E+08
25314,2.42E+08
25315,2.42E+08
25316,2.74E+08
25317,2.70E+08
25318,2.71E+08
25319,2.47E+08
25320,2.52E+08
25321,2.61E+08
25322,2.59E+08
25323,2.12E+08
25324,2.46E+08
25325,2.39E+08
25326,2.43E+08
25327,2.65E+08
25328,3.00E+08
25329,2.71E+08
25330,2.66E+08
25331,2.69E+08
25332,2.79E+08
25333,2.63E+08
25334,2.60E+08
25335,2.43E+08
25336,2.53E+08
25337,2.59E+08
25338,2.40E+08
25339,2.63E+08
25340,2.35E+08
25341,2.38E+08
25342,2.44E+08
25343,2.38E+08
25344,2.56E+08
25345,2.62E+08
25346,2.33E+08
25347,2.46E+08
25348,2.65E+08
25349,2.76E+08
25350,2.70E+08
25351,2.75E+08
25352,2.85E+08
25353,2.48E+08
25354,1.98E+08
25355,2.36E+08
25356,2.40E+08
25357,2.17E+08
25358,2.40E+08
25359,2.45E+08
25360,2.10E+08
25361,1.85E+08
25362,2.16E+08
25363,1.45E+08
25364,1.92E+08
25365,2.12E+08
25366,1.64E+08
25367,2.11E+08
25368,2.28E+08
25369,1.91E+08
25370,2.25E+08
25371,2.04E+08
25372,1.70E+08
25373,1.88E+08
25374,2.13E+08
25375,1.52E+08
25376,2.23E+08
25377,2.18E+08
25378,2.70E+08
25379,2.72E+08
25380,1.48E+08
25381,2.62E+08
25382,2.49E+08
25383,2.58E+08
25384,2.57E+08
25385,2.55E+08
25386,2.70E+08
25387,2.68E+08
25388,2.70E+08
25389,2.74E+08
25390,2.75E+08
25391,2.75E+08
25392,2.56E+08
25393,2.59E+08
25394,2.59E+08
25395,2.49E+08
25396,2.53E+08
25397,2.84E+08
25398,2.31E+08
25399,2.52E+08
25400,2.68E+08
25401,2.70E+08
25402,2.68E+08
25403,2.59E+08
25404,2.87E+08
25405,2.29E+08
25406,2.25E+08
25407,2.13E+08
25408,2.32E+08
25409,2.15E+08
25410,2.23E+08
25411,2.01E+08
25412,2.85E+08
25413,2.86E+08
25414,2.83E+08
25415,2.50E+08
25416,2.37E+08
25417,2.54E+08
25418,2.46E+08
25419,2.42E+08
25420,2.50E+08
25421,2.45E+08
25422,1.85E+08
25423,1.51E+08
25424,1.20E+08
25425,2.47E+08
25426,2.53E+08
25427,2.20E+08
25428,2.13E+08
25429,2.11E+08
25430,2.12E+08
25431,2.00E+08
25432,2.17E+08
25433,2.11E+08
25434,2.32E+08
25435,2.26E+08
25436,2.42E+08
25437,1.89E+08
25438,2.17E+08
25439,2.32E+08
25440,2.22E+08
25441,7.85E+07
25442,2.36E+08
25443,2.22E+08
25444,1.41E+08
25445,2.05E+08
25446,2.24E+08
25447,2.11E+08
25448,2.12E+08
25449,2.17E+08
25450,2.22E+08
25451,2.19E+08
25452,2.00E+08
25453,1.65E+08
25454,1.72E+08
25455,2.33E+08
25456,2.37E+08
25457,2.22E+08
25458,1.81E+08
25459,1.96E+08
25460,2.10E+08
25461,1.32E+08
25462,2.27E+08
25463,1.61E+08
25464,2.27E+08
25465,1.80E+08
25466,2.27E+08
25467,2.33E+08
25468,2.32E+08
25469,2.08E+08
25470,2.27E+08
25471,1.70E+08
25472,2.02E+08
25473,2.23E+08
25474,2.25E+08
25475,1.26E+08
25476,2.17E+08
25477,1.87E+08
25478,2.18E+08
25479,2.14E+08
25480,2.14E+08
25481,1.71E+08
25482,1.39E+08
25483,1.88E+08
25484,1.91E+08
25485,1.13E+08
25486,1.39E+08
25487,1.19E+08
25488,1.38E+08
25489,1.21E+08
25490,1.47E+08
25491,1.28E+08
25492,1.84E+08
25493,2.11E+08
25494,2.07E+08
25495,2.01E+08
25496,2.06E+08
25497,1.64E+08
25498,1.72E+08
25499,1.37E+08
25500,2.14E+08
25501,1.63E+08
25502,2.20E+08
25503,2.18E+08
25504,1.65E+08
25505,2.08E+08
25506,2.12E+08
25507,1.71E+08
25508,1.48E+08
25509,1.89E+08
25510,2.11E+08
25511,1.87E+08
25512,1.69E+08
25513,2.20E+08
25514,2.11E+08
25515,2.28E+08
25516,2.34E+08
25517,2.13E+08
25518,2.28E+08
25519,2.20E+08
25520,2.13E+08
25521,1.63E+08
25522,2.01E+08
25523,2.15E+08
25524,2.15E+08
25525,1.69E+08
25526,1.72E+08
25527,1.79E+08
25528,1.85E+08
25529,9.73E+07
25530,1.72E+08
25531,1.05E+08
25532,1.39E+08
25533,1.18E+08
25534,1.83E+08
25535,9.69E+07
25536,1.30E+08
25537,8.65E+07
25538,1.87E+08
25539,9.28E+07
25540,2.12E+08
25541,2.23E+08
25542,2.01E+08
25543,2.10E+08
25544,9.03E+07
25545,2.20E+08
25546,1.71E+08
25547,2.36E+08
25548,2.34E+08
25549,2.43E+08
25550,2.25E+08
25551,1.76E+08
25552,1.46E+08
25553,2.07E+08
25554,2.19E+08
25555,1.58E+08
25556,6.88E+07
25557,8.80E+07
25558,1.36E+08
25559,2.13E+08
25560,2.02E+08
25561,2.12E+08
25562,2.02E+08
25563,2.13E+08
25564,1.44E+08
25565,1.95E+08
25566,1.85E+08
25567,2.09E+08
25568,2.00E+08
25569,1.93E+08
25570,2.31E+08
25571,2.35E+08
25572,2.36E+08
25573,1.51E+08
25574,8.78E+07
25575,2.30E+08
25576,2.22E+08
25577,1.43E+08
25578,2.17E+08
25579,2.19E+08
25580,2.09E+08
25581,2.34E+08
25582,1.79E+08
25583,2.03E+08
25584,2.30E+08
25585,8.92E+07
25586,2.45E+08
25587,1.81E+08
25588,1.03E+08
25589,1.29E+08
25590,4.74E+07
25591,2.05E+08
25592,1.22E+08
25593,9.08E+07
25594,1.53E+08
25595,6.77E+07
25596,1.16E+08
25597,1.61E+08
25598,2.40E+08
25599,2.33E+08
25600,2.34E+08
25601,2.44E+08
25602,2.41E+08
25603,2.52E+08
25604,2.46E+08
25605,2.51E+08
25606,2.52E+08
25607,2.15E+08
25608,1.86E+08
25609,2.55E+08
25610,1.96E+08
25611,2.37E+08
25612,2.41E+08
25613,6.52E+07
25614,2.14E+08
25615,2.49E+08
25616,2.30E+08
25617,1.45E+08
25618,2.62E+08
25619,1.14E+08
25620,2.48E+08
25621,1.46E+08
25622,2.39E+08
25623,1.77E+08
25624,2.33E+08
25625,1.07E+08
25626,2.44E+08
25627,1.84E+08
25628,1.97E+08
25629,2.08E+08
25630,2.31E+08
25631,2.26E+08
25632,2.25E+08
25633,2.09E+08
25634,2.14E+08
25635,2.18E+08
25636,2.13E+08
25637,2.20E+08
25638,2.05E+08
25639,1.83E+08
25640,2.21E+08
25641,1.10E+08
25642,2.12E+08
25643,2.06E+08
25644,2.04E+08
25645,2.01E+08
25646,2.49E+08
25647,2.37E+08
25648,2.35E+08
25649,2.38E+08
25650,2.70E+08
25651,2.31E+08
25652,2.48E+08
25653,2.64E+08
25654,2.43E+08
25655,2.51E+08
25656,2.47E+08
25657,2.76E+08
25658,2.65E+08
25659,2.51E+08
25660,2.39E+08
25661,2.68E+08
25662,2.72E+08
25663,2.47E+08
25664,2.47E+08
25665,2.52E+08
25666,2.61E+08
25667,2.43E+08
25668,2.03E+08
25669,1.93E+08
25670,1.84E+08
25671,2.06E+08
25672,2.05E+08
25673,3.42E+07
25674,5.64E+07
25675,1.90E+08
25676,1.82E+08
25677,1.95E+08
25678,1.89E+08
25679,2.72E+07
25680,2.57E+08
25681,2.67E+08
25682,2.69E+08
25683,2.71E+08
25684,2.53E+08
25685,2.68E+08
25686,2.66E+08
25687,2.83E+08
25688,2.02E+08
25689,2.59E+08
25690,2.37E+08
25691,2.45E+08
25692,2.40E+08
25693,2.31E+08
25694,2.47E+08
25695,2.80E+08
25696,2.25E+08
25697,2.48E+08
25698,9.44E+07
25699,8.08E+07
25700,1.85E+08
25701,1.07E+08
25702,9.90E+07
25703,2.04E+08
25704,2.31E+08
25705,2.37E+08
25706,2.24E+08
25707,2.32E+08
25708,2.43E+08
25709,2.49E+08
25710,2.39E+08
25711,2.33E+08
25712,1.89E+08
25713,1.97E+08
25714,2.52E+08
25715,2.73E+08
25716,1.96E+08
25717,2.63E+08
25718,2.60E+08
25719,2.62E+08
25720,2.66E+08
25721,2.46E+08
25722,2.00E+08
25723,2.44E+08
25724,2.52E+08
25725,2.03E+08
25726,2.58E+08
25727,2.02E+08
25728,2.36E+08
25729,2.04E+08
25730,2.68E+08
25731,2.62E+08
25732,2.62E+08
25733,2.98E+08
25734,2.62E+08
25735,2.48E+08
25736,2.71E+08
25737,2.68E+08
25738,2.54E+08
25739,2.69E+08
25740,2.55E+08
25741,2.51E+08
25742,2.66E+08
25743,2.71E+08
25744,2.57E+08
25745,2.58E+08
25746,2.58E+08
25747,2.56E+08
25748,2.98E+08
25749,1.05E+08
25750,1.32E+08
25751,8.92E+07
25752,1.38E+08
25753,9.13E+07
25754,1.34E+08
25755,1.33E+08
25756,7.72E+07
25757,1.20E+08
25758,1.03E+08
25759,2.64E+08
25760,2.53E+08
25761,2.46E+08
25762,2.49E+08
25763,1.97E+08
25764,1.25E+08
25765,1.16E+08
25766,1.96E+08
25767,1.80E+08
25768,1.36E+08
25769,1.50E+08
25770,2.13E+08
25771,1.13E+08
25772,1.71E+08
25773,1.73E+08
25774,1.79E+08
25775,1.67E+08
25776,1.75E+08
25777,1.82E+08
25778,1.85E+08
25779,1.66E+08
25780,1.82E+08
25781,1.87E+08
25782,1.87E+08
25783,1.42E+08
25784,1.88E+08
25785,1.48E+08
25786,1.28E+08
25787,1.52E+08
25788,2.19E+08
25789,2.24E+08
25790,1.46E+08
25791,2.06E+08
25792,2.03E+08
25793,1.35E+08
25794,1.14E+08
25795,1.17E+08
25796,1.67E+08
25797,1.99E+08
25798,1.32E+08
25799,2.10E+08
25800,2.00E+08
25801,2.05E+08
25802,1.95E+08
25803,1.88E+08
25804,1.69E+08
25805,1.90E+08
25806,1.91E+08
25807,1.97E+08
25808,1.92E+08
25809,1.72E+08
25810,1.92E+08
25811,1.59E+08
25812,2.07E+08
25813,2.40E+08
25814,2.14E+08
25815,2.37E+08
25816,2.37E+08
25817,2.20E+08
25818,1.67E+08
25819,2.28E+08
25820,2.41E+08
25821,2.42E+08
25822,1.95E+08
25823,2.39E+08
25824,2.50E+08
25825,2.56E+08
25826,2.38E+08
25827,2.39E+08
25828,2.17E+08
25829,2.26E+08
25830,2.27E+08
25831,2.28E+08
25832,2.40E+08
25833,2.47E+08
25834,1.18E+08
25835,2.59E+08
25836,2.59E+08
25837,2.33E+08
25838,2.37E+08
25839,2.40E+08
25840,2.55E+08
25841,2.42E+08
25842,1.12E+08
25843,2.36E+08
25844,2.40E+08
25845,1.09E+08
25846,2.33E+08
25847,1.61E+08
25848,9.53E+07
25849,2.22E+08
25850,2.44E+08
25851,7.76E+07
25852,2.25E+08
25853,2.21E+08
25854,2.20E+08
25855,2.23E+08
25856,2.34E+08
25857,8.66E+07
25858,4.74E+07
25859,2.18E+08
25860,2.33E+08
25861,2.08E+08
25862,2.16E+08
25863,2.14E+08
25864,5.24E+07
25865,2.08E+08
25866,4.32E+07
25867,2.54E+08
25868,1.98E+08
25869,2.60E+08
25870,2.33E+08
25871,2.34E+08
25872,2.25E+08
25873,2.60E+08
25874,2.56E+08
25875,2.46E+08
25876,2.47E+08
25877,2.60E+08
25878,2.43E+08
25879,2.63E+08
25880,1.22E+08
25881,1.95E+08
25882,2.44E+08
25883,2.51E+08
25884,2.59E+08
25885,2.42E+08
25886,2.50E+08
25887,1.93E+08
25888,2.48E+08
25889,1.98E+08
25890,2.25E+08
25891,2.36E+08
25892,2.20E+08
25893,2.26E+08
25894,2.35E+08
25895,2.40E+08
25896,2.25E+08
25897,2.03E+08
25898,2.28E+08
25899,2.38E+08
25900,2.35E+08
25901,2.57E+08
25902,2.40E+08
25903,1.80E+08
25904,2.31E+08
25905,2.33E+08
25906,2.60E+08
25907,2.20E+08
25908,2.64E+08
25909,2.57E+08
25910,2.45E+08
25911,2.53E+08
25912,2.70E+08
25913,2.37E+08
25914,2.85E+08
25915,2.61E+08
25916,2.45E+08
25917,2.55E+08
25918,2.53E+08
25919,2.47E+08
25920,2.72E+08
25921,2.61E+08
25922,2.39E+08
25923,2.05E+08
25924,1.99E+08
25925,1.83E+08
25926,1.91E+08
25927,2.00E+08
25928,1.84E+08
25929,1.14E+08
25930,2.44E+07
25931,1.88E+08
25932,4.56E+07
25933,1.87E+08
25934,2.32E+08
25935,2.43E+08
25936,2.53E+08
25937,2.46E+08
25938,2.05E+08
25939,1.99E+08
25940,2.44E+08
25941,2.46E+08
25942,2.33E+08
25943,2.43E+08
25944,2.52E+08
25945,2.47E+08
25946,1.73E+08
25947,2.39E+08
25948,1.95E+08
25949,2.37E+08
25950,2.23E+08
25951,2.39E+08
25952,1.45E+08
25953,2.26E+08
25954,2.29E+08
25955,2.31E+08
25956,2.29E+08
25957,1.85E+08
25958,2.51E+08
25959,2.32E+08
25960,2.51E+08
25961,2.46E+08
25962,2.54E+08
25963,2.46E+08
25964,1.99E+08
25965,2.67E+08
25966,2.43E+08
25967,2.40E+08
25968,2.33E+08
25969,1.75E+08
25970,2.41E+08
25971,1.94E+08
25972,2.21E+08
25973,2.34E+08
25974,2.30E+08
25975,2.09E+08
25976,2.22E+08
25977,2.27E+08
25978,2.34E+08
25979,2.09E+08
25980,1.39E+08
25981,1.36E+08
25982,1.91E+08
25983,2.13E+08
25984,2.16E+08
25985,2.82E+08
25986,2.92E+08
25987,2.80E+08
25988,2.51E+08
25989,2.47E+08
25990,2.60E+08
25991,2.67E+08
25992,2.43E+08
25993,2.39E+08
25994,2.36E+08
25995,2.54E+08
25996,2.58E+08
25997,2.52E+08
25998,2.23E+08
25999,1.85E+08
26000,2.30E+08
26001,2.56E+08
26002,2.49E+08
26003,2.51E+08
26004,2.68E+08
26005,2.72E+08
26006,2.56E+08
26007,2.22E+08
26008,1.83E+08
26009,2.61E+08
26010,2.46E+08
26011,2.51E+08
26012,2.43E+08
26013,2.67E+08
26014,2.40E+08
26015,9.96E+07
26016,2.51E+08
26017,2.14E+08
26018,2.61E+08
26019,2.29E+08
26020,2.37E+08
26021,2.40E+08
26022,2.50E+08
26023,2.59E+08
26024,2.17E+08
26025,2.19E+08
26026,1.57E+08
26027,8.77E+07
26028,2.39E+08
26029,2.29E+08
26030,2.76E+08
26031,2.43E+08
26032,1.45E+08
26033,2.56E+08
26034,1.25E+08
26035,2.61E+08
26036,2.55E+08
26037,2.54E+08
26038,2.32E+08
26039,2.49E+08
26040,2.54E+08
26041,2.61E+08
26042,2.73E+08
26043,2.63E+08
26044,2.32E+08
26045,2.55E+08
26046,2.59E+08
26047,1.01E+08
26048,2.51E+08
26049,2.38E+08
26050,1.86E+08
26051,2.09E+08
26052,2.05E+08
26053,1.09E+08
26054,2.56E+08
26055,1.26E+08
26056,2.39E+08
26057,2.50E+08
26058,2.22E+08
26059,1.17E+08
26060,2.41E+08
26061,2.43E+08
26062,4.15E+07
26063,2.72E+08
26064,2.52E+08
26065,1.31E+08
26066,2.75E+08
26067,2.54E+08
26068,2.53E+08
26069,2.72E+08
26070,2.66E+08
26071,2.51E+08
26072,2.06E+08
26073,2.72E+08
26074,2.53E+08
26075,2.54E+08
26076,2.58E+08
26077,2.51E+08
26078,2.53E+08
26079,1.91E+08
26080,2.48E+08
26081,2.44E+08
26082,2.43E+08
26083,2.67E+08
26084,2.68E+08
26085,2.57E+08
26086,2.82E+08
26087,2.61E+08
26088,2.65E+08
26089,2.57E+08
26090,2.68E+08
26091,2.57E+08
26092,2.52E+08
26093,2.45E+08
26094,2.78E+08
26095,2.74E+08
26096,2.73E+08
26097,2.84E+08
26098,2.48E+08
26099,2.38E+08
26100,2.40E+08
26101,2.44E+08
26102,1.66E+08
26103,8.75E+07
26104,1.64E+08
26105,2.62E+08
26106,2.87E+08
26107,2.57E+08
26108,2.60E+08
26109,2.43E+08
26110,2.51E+08
26111,1.74E+08
26112,2.56E+08
26113,1.76E+08
26114,2.94E+08
26115,2.91E+08
26116,2.86E+08
26117,2.44E+08
26118,1.83E+08
26119,1.56E+08
26120,1.89E+08
26121,2.25E+08
26122,1.33E+08
26123,2.02E+07
26124,7.46E+07
26125,2.60E+08
26126,2.19E+08
26127,2.36E+08
26128,2.04E+08
26129,1.28E+08
26130,7.87E+07
26131,2.75E+08
26132,2.69E+08
26133,2.78E+08
26134,2.45E+08
26135,2.62E+08
26136,2.23E+08
26137,2.23E+08
26138,2.22E+08
26139,2.08E+08
26140,2.10E+08
26141,2.17E+08
26142,2.22E+08
26143,1.04E+08
26144,1.39E+08
26145,1.43E+08
26146,1.30E+08
26147,2.03E+08
26148,1.98E+08
26149,2.07E+08
26150,1.38E+08
26151,1.32E+08
26152,1.71E+08
26153,1.90E+08
26154,1.58E+08
26155,1.90E+08
26156,2.21E+08
26157,1.94E+08
26158,2.10E+08
26159,2.13E+08
26160,2.55E+08
26161,2.51E+08
26162,2.55E+08
26163,2.42E+08
26164,2.42E+08
26165,2.67E+08
26166,2.59E+08
26167,2.51E+08
26168,2.40E+08
26169,2.20E+08
26170,2.07E+08
26171,2.11E+08
26172,2.22E+08
26173,2.00E+08
26174,1.21E+08
26175,1.70E+08
26176,1.94E+08
26177,2.33E+08
26178,1.36E+08
26179,2.11E+08
26180,2.13E+08
26181,2.07E+08
26182,1.83E+08
26183,2.02E+08
26184,1.20E+08
26185,1.93E+08
26186,1.90E+08
26187,1.97E+08
26188,1.94E+08
26189,1.87E+08
26190,1.51E+08
26191,1.93E+08
26192,2.59E+08
26193,2.59E+08
26194,2.61E+08
26195,2.47E+08
26196,2.61E+08
26197,2.67E+08
26198,2.72E+08
26199,2.50E+08
26200,2.23E+08
26201,1.57E+08
26202,2.59E+08
26203,2.67E+08
26204,2.47E+08
26205,2.46E+08
26206,2.44E+08
26207,2.74E+08
26208,2.21E+08
26209,9.78E+07
26210,2.47E+08
26211,2.69E+08
26212,2.52E+08
26213,2.82E+08
26214,2.22E+08
26215,2.57E+08
26216,2.56E+08
26217,2.72E+08
26218,2.67E+08
26219,2.65E+08
26220,1.51E+08
26221,2.60E+08
26222,2.56E+08
26223,2.51E+08
26224,2.44E+08
26225,1.99E+08
26226,2.52E+08
26227,2.59E+08
26228,2.47E+08
26229,2.30E+08
26230,2.60E+08
26231,2.53E+08
26232,2.60E+08
26233,2.52E+08
26234,2.67E+08
26235,2.38E+08
26236,2.53E+08
26237,2.37E+08
26238,2.33E+08
26239,2.54E+08
26240,2.56E+08
26241,2.37E+08
26242,2.37E+08
26243,2.15E+08
26244,2.04E+08
26245,1.86E+08
26246,1.85E+08
26247,2.10E+08
26248,1.49E+08
26249,2.10E+08
26250,1.60E+08
26251,1.39E+08
26252,1.44E+08
26253,1.50E+08
26254,1.48E+08
26255,1.53E+08
26256,2.00E+08
26257,1.22E+08
26258,1.83E+08
26259,1.16E+08
26260,1.73E+08
26261,1.69E+08
26262,2.36E+08
26263,2.17E+08
26264,2.33E+08
26265,1.69E+08
26266,2.20E+08
26267,2.28E+08
26268,2.26E+08
26269,2.26E+08
26270,1.88E+08
26271,1.99E+08
26272,2.20E+08
26273,2.30E+08
26274,2.08E+08
26275,2.11E+08
26276,1.97E+08
26277,1.60E+08
26278,1.40E+08
26279,2.20E+08
26280,2.08E+08
26281,1.68E+08
26282,2.20E+08
26283,2.05E+08
26284,1.60E+08
26285,2.16E+08
26286,1.45E+08
26287,2.20E+08
26288,2.22E+08
26289,2.28E+08
26290,2.26E+08
26291,2.26E+08
26292,1.61E+08
26293,1.87E+08
26294,1.54E+08
26295,2.18E+08
26296,2.23E+08
26297,2.28E+08
26298,1.85E+08
26299,1.85E+08
26300,2.16E+08
26301,2.17E+08
26302,2.02E+08
26303,1.99E+08
26304,2.17E+08
26305,2.35E+08
26306,2.22E+08
26307,2.24E+08
26308,2.32E+08
26309,1.29E+08
26310,1.70E+08
26311,1.85E+08
26312,1.60E+08
26313,1.81E+08
26314,1.62E+08
26315,9.45E+07
26316,1.82E+08
26317,9.07E+07
26318,1.76E+08
26319,2.04E+08
26320,2.30E+08
26321,2.07E+08
26322,2.22E+08
26323,2.03E+08
26324,2.38E+08
26325,2.24E+08
26326,2.14E+08
26327,2.36E+08
26328,2.37E+08
26329,1.91E+08
26330,1.98E+08
26331,2.26E+08
26332,2.20E+08
26333,2.41E+08
26334,2.40E+08
26335,2.24E+08
26336,2.70E+08
26337,2.67E+08
26338,2.54E+08
26339,2.62E+08
26340,2.69E+08
26341,2.78E+08
26342,2.01E+08
26343,2.56E+08
26344,2.61E+08
26345,6.43E+07
26346,2.43E+08
26347,2.37E+08
26348,2.10E+08
26349,2.67E+08
26350,2.59E+08
26351,2.61E+08
26352,2.41E+08
26353,2.43E+08
26354,2.67E+08
26355,2.49E+08
26356,2.88E+08
26357,2.65E+08
26358,2.55E+08
26359,2.62E+08
26360,1.68E+08
26361,2.48E+08
26362,2.58E+08
26363,2.67E+08
26364,1.97E+08
26365,2.48E+08
26366,1.31E+08
26367,1.46E+08
26368,1.63E+08
26369,1.53E+08
26370,1.17E+08
26371,1.21E+08
26372,1.80E+08
26373,1.47E+08
26374,1.65E+08
26375,1.66E+08
26376,1.67E+08
26377,1.89E+08
26378,1.26E+08
26379,1.48E+08
26380,1.70E+08
26381,1.75E+08
26382,1.90E+08
26383,1.96E+08
26384,2.59E+08
26385,2.77E+08
26386,2.74E+08
26387,1.45E+08
26388,1.37E+08
26389,1.42E+08
26390,1.24E+08
26391,9.94E+07
26392,1.25E+08
26393,1.25E+08
26394,1.53E+08
26395,1.35E+08
26396,1.42E+08
26397,1.40E+08
26398,1.51E+08
26399,1.58E+08
26400,1.61E+08
26401,1.47E+08
26402,1.45E+08
26403,1.36E+08
26404,2.31E+08
26405,2.41E+08
26406,1.76E+08
26407,2.28E+08
26408,2.22E+08
26409,2.55E+08
26410,2.51E+08
26411,2.44E+08
26412,1.93E+08
26413,2.12E+08
26414,2.06E+08
26415,2.01E+08
26416,1.99E+08
26417,2.43E+08
26418,1.93E+08
26419,1.90E+08
26420,2.00E+08
26421,1.11E+08
26422,6.97E+07
26423,4.21E+07
26424,2.32E+08
26425,1.65E+08
26426,1.36E+08
26427,1.42E+08
26428,9.23E+07
26429,1.55E+08
26430,1.01E+08
26431,1.20E+08
26432,7.38E+07
26433,9.87E+07
26434,2.50E+08
26435,1.97E+08
26436,1.25E+08
26437,1.91E+08
26438,9.80E+07
26439,2.48E+08
26440,1.94E+08
26441,2.74E+08
26442,2.65E+08
26443,2.48E+08
26444,2.29E+08
26445,2.45E+08
26446,2.71E+08
26447,2.79E+08
26448,2.85E+08
26449,1.86E+08
26450,1.68E+08
26451,1.89E+08
26452,1.98E+08
26453,1.87E+08
26454,1.88E+08
26455,1.91E+08
26456,1.66E+08
26457,1.39E+08
26458,1.83E+08
26459,1.88E+08
26460,1.42E+08
26461,1.73E+08
26462,1.77E+08
26463,2.01E+08
26464,2.35E+08
26465,2.45E+08
26466,2.32E+08
26467,1.94E+08
26468,2.14E+08
26469,2.52E+08
26470,2.10E+08
26471,2.43E+08
26472,1.79E+08
26473,1.70E+08
26474,2.20E+08
26475,2.11E+08
26476,2.20E+08
26477,2.02E+08
26478,2.03E+08
26479,1.66E+08
26480,1.78E+08
26481,1.71E+08
26482,1.27E+08
26483,1.66E+08
26484,1.81E+08
26485,1.85E+08
26486,1.83E+08
26487,1.60E+08
26488,1.56E+08
26489,1.48E+08
26490,1.88E+08
26491,1.86E+08
26492,1.50E+08
26493,1.81E+08
26494,1.57E+08
26495,1.92E+08
26496,1.87E+08
26497,2.41E+08
26498,2.62E+08
26499,2.46E+08
26500,1.44E+08
26501,1.72E+08
26502,1.24E+08
26503,1.86E+08
26504,9.54E+07
26505,2.26E+08
26506,2.24E+08
26507,1.22E+08
26508,2.06E+08
26509,1.23E+08
26510,2.22E+08
26511,1.18E+08
26512,2.32E+08
26513,2.38E+08
26514,2.28E+08
26515,2.31E+08
26516,1.78E+08
26517,2.15E+08
26518,2.37E+08
26519,2.40E+08
26520,1.64E+08
26521,2.33E+08
26522,2.10E+08
26523,2.34E+08
26524,1.05E+08
26525,9.30E+07
26526,1.80E+08
26527,1.21E+08
26528,9.32E+07
26529,8.79E+07
26530,1.93E+08
26531,1.71E+08
26532,1.48E+08
26533,2.07E+08
26534,2.13E+08
26535,1.03E+08
26536,2.68E+08
26537,2.21E+08
26538,2.62E+08
26539,2.87E+08
26540,2.71E+08
26541,2.58E+08
26542,2.51E+08
26543,2.69E+08
26544,2.97E+08
26545,2.52E+08
26546,2.38E+08
26547,1.73E+08
26548,2.42E+08
26549,2.24E+08
26550,2.29E+08
26551,2.13E+08
26552,2.29E+08
26553,2.41E+08
26554,2.48E+08
26555,2.46E+08
26556,2.56E+08
26557,2.86E+08
26558,2.47E+08
26559,2.57E+08
26560,2.52E+08
26561,2.48E+08
26562,2.95E+08
26563,2.57E+08
26564,2.44E+08
26565,2.52E+08
26566,2.50E+08
26567,1.87E+08
26568,2.52E+08
26569,2.27E+08
26570,1.28E+08
26571,1.45E+08
26572,2.13E+08
26573,2.19E+08
26574,2.12E+08
26575,8.60E+07
26576,2.09E+08
26577,2.06E+08
26578,2.48E+08
26579,2.49E+08
26580,1.93E+08
26581,2.45E+08
26582,2.16E+08
26583,1.02E+08
26584,1.70E+08
26585,2.42E+08
26586,2.41E+08
26587,2.63E+08
26588,2.55E+08
26589,2.42E+08
26590,2.43E+08
26591,2.52E+08
26592,2.11E+08
26593,1.66E+08
26594,1.70E+08
26595,1.41E+08
26596,1.65E+08
26597,4.28E+07
26598,1.53E+08
26599,1.11E+08
26600,1.56E+08
26601,1.32E+08
26602,1.61E+08
26603,8.09E+07
26604,2.79E+07
26605,6.22E+07
26606,2.41E+07
26607,1.92E+07
26608,5.42E+07
26609,2.32E+08
26610,3.36E+07
26611,2.22E+08
26612,7.39E+07
26613,2.07E+08
26614,2.24E+08
26615,2.37E+08
26616,1.29E+08
26617,1.75E+08
26618,4.14E+07
26619,2.02E+08
26620,1.61E+08
26621,1.74E+08
26622,1.90E+08
26623,1.49E+08
26624,8.38E+07
26625,2.04E+08
26626,2.00E+08
26627,1.89E+08
26628,4.84E+07
26629,2.22E+08
26630,2.32E+07
26631,6.01E+07
26632,2.09E+07
26633,6.91E+07
26634,1.54E+08
26635,1.01E+08
26636,2.23E+08
26637,2.65E+08
26638,2.65E+08
26639,2.61E+08
26640,2.08E+08
26641,2.23E+08
26642,1.56E+08
26643,2.63E+08
26644,2.15E+08
26645,2.20E+08
26646,2.65E+08
26647,2.36E+08
26648,2.62E+08
26649,2.46E+08
26650,2.63E+08
26651,2.68E+08
26652,2.64E+08
26653,2.62E+08
26654,2.39E+08
26655,2.46E+08
26656,2.82E+08
26657,2.83E+08
26658,2.49E+08
26659,2.03E+08
26660,2.15E+08
26661,2.01E+08
26662,2.39E+08
26663,2.34E+08
26664,2.30E+08
26665,2.35E+08
26666,1.31E+08
26667,1.90E+08
26668,2.13E+08
26669,7.66E+07
26670,2.33E+08
26671,2.15E+08
26672,2.49E+08
26673,2.65E+08
26674,2.16E+08
26675,2.33E+08
26676,1.75E+08
26677,2.33E+08
26678,2.26E+08
26679,1.23E+08
26680,2.67E+08
26681,2.53E+08
26682,2.49E+08
26683,2.70E+08
26684,1.63E+08
26685,2.07E+08
26686,2.12E+08
26687,2.16E+08
26688,2.17E+08
26689,1.97E+08
26690,7.92E+07
26691,1.95E+08
26692,1.94E+08
26693,1.96E+08
26694,1.93E+08
26695,2.29E+08
26696,2.30E+08
26697,2.26E+08
26698,2.44E+08
26699,1.15E+08
26700,2.35E+08
26701,2.54E+08
26702,2.35E+08
26703,1.67E+08
26704,2.46E+08
26705,1.93E+08
26706,2.31E+08
26707,2.33E+08
26708,1.64E+08
26709,2.33E+08
26710,1.90E+08
26711,7.14E+07
26712,1.07E+08
26713,2.31E+08
26714,8.15E+07
26715,2.37E+08
26716,1.22E+08
26717,2.39E+08
26718,2.32E+08
26719,2.29E+08
26720,2.36E+08
26721,2.10E+08
26722,2.22E+08
26723,2.13E+08
26724,1.72E+08
26725,2.09E+08
26726,2.23E+08
26727,7.14E+07
26728,8.85E+07
26729,1.25E+08
26730,2.42E+08
26731,2.47E+08
26732,9.37E+07
26733,2.32E+08
26734,1.91E+08
26735,2.33E+08
26736,2.56E+08
26737,7.08E+07
26738,1.04E+08
26739,1.14E+08
26740,7.82E+07
26741,7.23E+07
26742,1.48E+08
26743,1.52E+08
26744,8.47E+07
26745,1.11E+08
26746,5.19E+07
26747,2.39E+08
26748,2.66E+08
26749,7.87E+07
26750,1.62E+08
26751,2.57E+08
26752,2.31E+08
26753,2.36E+08
26754,2.41E+08
26755,2.31E+08
26756,1.95E+08
26757,1.18E+08
26758,1.78E+08
26759,1.10E+08
26760,1.89E+08
26761,2.43E+08
26762,2.37E+08
26763,2.54E+08
26764,1.77E+08
26765,2.38E+08
26766,2.66E+08
26767,2.79E+08
26768,2.39E+08
26769,2.38E+08
26770,2.54E+08
26771,2.50E+08
26772,1.20E+08
26773,2.80E+08
26774,2.02E+08
26775,2.21E+08
26776,2.25E+08
26777,2.15E+08
26778,2.24E+08
26779,2.10E+08
26780,2.20E+08
26781,2.11E+08
26782,1.56E+08
26783,1.32E+08
26784,2.26E+08
26785,2.20E+08
26786,2.09E+08
26787,2.23E+08
26788,2.14E+08
26789,2.11E+08
26790,2.20E+08
26791,2.12E+08
26792,2.30E+08
26793,2.29E+08
26794,2.11E+08
26795,1.33E+08
26796,2.09E+08
26797,1.44E+08
26798,2.47E+08
26799,2.44E+08
26800,2.67E+08
26801,2.75E+08
26802,2.49E+08
26803,2.58E+08
26804,2.59E+08
26805,2.38E+08
26806,2.26E+08
26807,2.50E+08
26808,2.49E+08
26809,2.35E+08
26810,2.26E+08
26811,2.42E+08
26812,2.48E+08
26813,2.52E+08
26814,1.75E+08
26815,1.78E+08
26816,2.47E+08
26817,2.46E+08
26818,2.71E+08
26819,2.45E+08
26820,2.59E+08
26821,2.60E+08
26822,2.53E+08
26823,2.29E+08
26824,2.10E+08
26825,2.36E+08
26826,1.67E+08
26827,2.13E+08
26828,2.22E+08
26829,2.20E+08
26830,2.16E+08
26831,2.45E+08
26832,2.51E+08
26833,1.97E+08
26834,2.45E+08
26835,2.46E+08
26836,2.47E+08
26837,1.44E+08
26838,2.49E+08
26839,2.46E+08
26840,1.02E+08
26841,2.12E+08
26842,2.65E+08
26843,2.37E+08
26844,2.48E+08
26845,2.60E+08
26846,2.67E+08
26847,2.53E+08
26848,2.54E+08
26849,2.52E+08
26850,2.66E+08
26851,2.78E+08
26852,2.45E+08
26853,2.74E+08
26854,2.49E+08
26855,1.40E+08
26856,2.61E+08
26857,2.51E+08
26858,2.47E+08
26859,2.39E+08
26860,2.40E+08
26861,1.28E+08
26862,1.29E+08
26863,6.43E+07
26864,1.29E+08
26865,8.45E+07
26866,1.23E+08
26867,1.19E+08
26868,1.20E+08
26869,5.71E+07
26870,1.13E+08
26871,1.24E+08
26872,1.12E+08
26873,8.10E+07
26874,7.76E+07
26875,1.25E+08
26876,1.31E+08
26877,1.17E+08
26878,2.61E+08
26879,2.44E+08
26880,2.66E+08
26881,2.51E+08
26882,2.50E+08
26883,2.47E+08
26884,2.60E+08
26885,1.93E+08
26886,2.45E+08
26887,1.36E+08
26888,2.02E+08
26889,2.04E+08
26890,1.90E+08
26891,1.76E+08
26892,1.55E+08
26893,1.52E+08
26894,1.42E+08
26895,1.93E+08
26896,2.02E+08
26897,1.61E+08
26898,2.04E+08
26899,1.97E+08
26900,1.48E+08
26901,2.09E+08
26902,9.97E+07
26903,1.17E+08
26904,4.45E+07
26905,4.61E+07
26906,1.66E+08
26907,1.23E+08
26908,1.38E+08
26909,2.06E+08
26910,2.32E+08
26911,2.53E+08
26912,1.12E+08
26913,6.33E+07
26914,7.75E+07
26915,7.30E+07
26916,1.02E+08
26917,1.06E+08
26918,1.11E+08
26919,6.00E+07
26920,8.68E+07
26921,1.35E+08
26922,1.10E+08
26923,2.61E+08
26924,2.68E+08
26925,2.45E+08
26926,2.51E+08
26927,2.47E+08
26928,2.23E+08
26929,2.48E+08
26930,2.59E+08
26931,1.98E+08
26932,2.27E+07
26933,2.63E+08
26934,2.26E+08
26935,2.68E+08
26936,2.58E+08
26937,2.19E+08
26938,2.45E+08
26939,2.00E+08
26940,2.18E+08
26941,2.15E+08
26942,2.05E+08
26943,2.13E+08
26944,2.17E+08
26945,2.60E+08
26946,2.46E+08
26947,2.47E+08
26948,2.39E+08
26949,2.54E+08
26950,2.41E+08
26951,2.18E+08
26952,2.64E+08
26953,2.54E+08
26954,2.47E+08
26955,2.62E+08
26956,2.37E+08
26957,2.23E+08
26958,2.26E+08
26959,2.20E+08
26960,2.27E+08
26961,2.16E+08
26962,2.32E+08
26963,2.16E+08
26964,2.14E+08
26965,2.91E+08
26966,3.00E+08
26967,2.96E+08
26968,2.40E+08
26969,2.54E+08
26970,2.50E+08
26971,1.99E+08
26972,2.43E+08
26973,1.95E+08
26974,2.40E+08
26975,2.63E+08
26976,2.22E+08
26977,1.96E+08
26978,2.06E+08
26979,2.05E+08
26980,2.09E+08
26981,2.33E+08
26982,2.12E+08
26983,1.41E+08
26984,2.28E+08
26985,2.52E+08
26986,2.01E+08
26987,2.00E+08
26988,1.97E+08
26989,2.37E+08
26990,2.64E+08
26991,2.11E+08
26992,2.08E+08
26993,1.93E+08
26994,1.86E+08
26995,2.13E+08
26996,1.97E+08
26997,2.02E+08
26998,2.04E+08
26999,2.28E+08
27000,2.29E+08
27001,1.92E+08
27002,1.86E+08
27003,1.89E+08
27004,2.18E+08
27005,2.30E+08
27006,1.98E+08
27007,2.15E+08
27008,2.15E+08
27009,2.30E+08
27010,9.55E+07
27011,2.14E+08
27012,1.70E+08
27013,2.21E+08
27014,2.34E+08
27015,2.24E+08
27016,2.25E+08
27017,2.30E+08
27018,1.78E+08
27019,1.71E+08
27020,2.15E+08
27021,1.92E+08
27022,1.22E+08
27023,1.75E+08
27024,2.22E+08
27025,1.79E+08
27026,2.19E+08
27027,2.18E+08
27028,1.34E+08
27029,1.66E+08
27030,1.67E+08
27031,1.63E+08
27032,1.74E+08
27033,1.73E+08
27034,1.75E+08
27035,1.84E+08
27036,1.68E+08
27037,1.77E+08
27038,1.81E+08
27039,1.70E+08
27040,1.70E+08
27041,2.15E+08
27042,1.98E+08
27043,1.71E+08
27044,1.95E+08
27045,2.00E+08
27046,9.69E+07
27047,9.31E+07
27048,2.19E+08
27049,2.00E+08
27050,9.45E+07
27051,1.43E+08
27052,2.40E+08
27053,1.90E+08
27054,2.41E+08
27055,1.06E+08
27056,2.37E+08
27057,2.10E+08
27058,2.32E+08
27059,2.41E+08
27060,2.41E+08
27061,2.19E+08
27062,1.45E+08
27063,1.22E+08
27064,1.47E+08
27065,1.28E+08
27066,1.44E+08
27067,1.40E+08
27068,1.51E+08
27069,1.49E+08
27070,1.37E+08
27071,2.70E+08
27072,2.49E+08
27073,2.69E+08
27074,2.86E+08
27075,2.60E+08
27076,2.48E+08
27077,2.22E+08
27078,2.50E+08
27079,2.31E+08
27080,2.53E+08
27081,2.66E+08
27082,1.46E+08
27083,6.97E+07
27084,2.98E+07
27085,5.53E+07
27086,1.31E+08
27087,4.95E+07
27088,7.68E+07
27089,1.89E+08
27090,5.05E+07
27091,1.95E+08
27092,1.12E+08
27093,2.93E+08
27094,2.49E+08
27095,2.98E+08
27096,2.32E+08
27097,2.60E+08
27098,2.52E+08
27099,2.72E+08
27100,2.84E+08
27101,7.21E+07
27102,9.05E+07
27103,1.09E+08
27104,1.59E+08
27105,9.11E+07
27106,8.59E+07
27107,4.71E+07
27108,9.49E+07
27109,1.65E+08
27110,9.42E+07
27111,9.05E+07
27112,2.37E+08
27113,2.34E+08
27114,1.77E+08
27115,2.67E+08
27116,1.51E+08
27117,2.32E+08
27118,2.27E+08
27119,1.78E+08
27120,1.96E+08
27121,9.80E+07
27122,2.65E+08
27123,2.43E+08
27124,2.53E+08
27125,2.46E+08
27126,1.98E+08
27127,2.67E+08
27128,2.68E+08
27129,2.48E+08
27130,2.38E+08
27131,2.36E+08
27132,1.78E+08
27133,2.42E+08
27134,1.72E+08
27135,2.43E+08
27136,7.60E+07
27137,2.37E+08
27138,1.60E+08
27139,2.57E+08
27140,2.28E+08
27141,2.33E+08
27142,2.30E+08
27143,2.27E+08
27144,1.03E+08
27145,2.35E+08
27146,1.94E+08
27147,2.54E+08
27148,2.53E+08
27149,2.55E+08
27150,2.36E+08
27151,2.25E+08
27152,2.44E+08
27153,2.19E+08
27154,2.23E+08
27155,2.17E+08
27156,2.10E+08
27157,2.02E+08
27158,2.10E+08
27159,2.19E+08
27160,1.56E+08
27161,2.43E+08
27162,2.41E+08
27163,2.69E+08
27164,2.45E+08
27165,2.60E+08
27166,2.40E+08
27167,2.32E+08
27168,2.35E+08
27169,2.29E+08
27170,2.25E+08
27171,2.45E+08
27172,2.47E+08
27173,2.05E+08
27174,2.28E+08
27175,1.79E+08
27176,1.49E+08
27177,2.43E+08
27178,2.44E+08
27179,2.10E+08
27180,2.41E+08
27181,2.42E+08
27182,2.52E+08
27183,2.44E+08
27184,2.58E+08
27185,2.52E+08
27186,2.34E+08
27187,2.58E+08
27188,2.41E+08
27189,1.17E+08
27190,2.10E+08
27191,2.14E+08
27192,2.15E+08
27193,2.23E+08
27194,1.89E+08
27195,2.17E+08
27196,2.21E+08
27197,2.25E+08
27198,2.40E+08
27199,2.47E+08
27200,2.37E+08
27201,2.33E+08
27202,2.12E+08
27203,1.33E+08
27204,2.29E+08
27205,2.27E+08
27206,2.23E+08
27207,2.21E+08
27208,2.29E+08
27209,2.14E+08
27210,2.35E+08
27211,2.21E+08
27212,1.79E+08
27213,2.16E+08
27214,2.13E+08
27215,2.08E+08
27216,2.10E+08
27217,2.15E+08
27218,4.07E+07
27219,1.03E+08
27220,2.91E+07
27221,3.74E+07
27222,4.94E+07
27223,1.88E+08
27224,4.03E+07
27225,2.04E+08
27226,4.32E+07
27227,2.64E+07
27228,2.93E+07
27229,1.17E+08
27230,4.46E+07
27231,2.77E+07
27232,1.40E+08
27233,7.84E+07
27234,1.19E+08
27235,2.22E+08
27236,1.86E+08
27237,2.22E+08
27238,2.30E+08
27239,2.25E+08
27240,2.28E+08
27241,2.34E+08
27242,2.15E+08
27243,2.40E+08
27244,2.34E+08
27245,2.36E+08
27246,2.39E+08
27247,1.59E+08
27248,1.19E+08
27249,2.29E+08
27250,2.08E+08
27251,2.22E+08
27252,2.37E+08
27253,2.19E+08
27254,2.18E+08
27255,1.23E+08
27256,1.13E+08
27257,1.43E+08
27258,1.19E+08
27259,1.14E+08
27260,1.76E+08
27261,1.72E+08
27262,1.30E+08
27263,6.30E+07
27264,6.88E+07
27265,4.82E+07
27266,5.84E+07
27267,5.29E+07
27268,1.30E+08
27269,6.66E+07
27270,5.20E+07
27271,1.64E+08
27272,2.10E+08
27273,2.06E+08
27274,1.87E+08
27275,1.84E+08
27276,1.88E+08
27277,1.67E+08
27278,1.91E+08
27279,2.11E+08
27280,1.89E+08
27281,2.17E+08
27282,1.96E+08
27283,2.13E+08
27284,2.04E+08
27285,1.79E+08
27286,2.07E+08
27287,1.70E+08
27288,6.24E+07
27289,1.87E+08
27290,2.24E+08
27291,8.86E+07
27292,1.33E+08
27293,2.39E+08
27294,2.11E+08
27295,2.54E+08
27296,2.63E+08
27297,2.52E+08
27298,1.16E+08
27299,1.43E+08
27300,1.92E+08
27301,1.93E+08
27302,1.94E+08
27303,1.57E+08
27304,1.83E+08
27305,1.79E+08
27306,1.73E+08
27307,1.97E+08
27308,2.02E+08
27309,1.97E+08
27310,2.02E+08
27311,2.13E+08
27312,3.85E+07
27313,5.57E+07
27314,5.73E+07
27315,2.68E+08
27316,2.81E+08
27317,2.75E+08
27318,2.12E+08
27319,7.39E+07
27320,2.39E+08
27321,2.26E+08
27322,2.57E+08
27323,1.59E+08
27324,2.17E+08
27325,1.24E+08
27326,1.92E+08
27327,1.75E+08
27328,7.63E+07
27329,1.28E+08
27330,1.40E+08
27331,1.41E+08
27332,1.37E+08
27333,1.34E+08
27334,6.75E+07
27335,8.58E+07
27336,1.30E+08
27337,2.03E+08
27338,2.05E+08
27339,7.63E+07
27340,2.30E+08
27341,2.25E+08
27342,2.09E+08
27343,2.26E+08
27344,2.40E+08
27345,2.03E+08
27346,1.80E+08
27347,7.73E+07
27348,8.13E+07
27349,8.64E+07
27350,7.61E+07
27351,8.99E+07
27352,1.93E+08
27353,1.91E+08
27354,8.84E+07
27355,1.45E+08
27356,8.61E+07
27357,1.74E+08
27358,1.85E+08
27359,1.85E+08
27360,7.77E+07
27361,7.99E+07
27362,8.92E+07
27363,1.04E+08
27364,2.35E+08
27365,1.69E+08
27366,2.18E+08
27367,2.28E+08
27368,2.29E+08
27369,2.09E+08
27370,2.19E+08
27371,2.43E+08
27372,2.20E+08
27373,2.19E+08
27374,2.13E+08
27375,2.19E+08
27376,2.26E+08
27377,1.91E+08
27378,2.41E+08
27379,1.81E+08
27380,2.36E+08
27381,9.98E+07
27382,2.33E+08
27383,2.32E+08
27384,1.24E+08
27385,1.52E+08
27386,1.62E+08
27387,1.04E+08
27388,1.52E+08
27389,1.51E+08
27390,7.42E+07
27391,6.51E+07
27392,7.22E+07
27393,1.92E+08
27394,2.58E+08
27395,1.70E+08
27396,2.28E+08
27397,2.10E+08
27398,2.29E+08
27399,1.02E+08
27400,2.11E+08
27401,2.20E+08
27402,2.11E+08
27403,1.50E+08
27404,2.07E+08
27405,1.99E+08
27406,2.20E+08
27407,2.01E+08
27408,4.10E+07
27409,1.39E+08
27410,1.77E+08
27411,1.55E+08
27412,1.79E+08
27413,1.61E+08
27414,1.47E+08
27415,1.84E+08
27416,1.86E+08
27417,1.90E+08
27418,1.84E+08
27419,2.18E+08
27420,2.32E+08
27421,1.67E+08
27422,2.11E+08
27423,2.23E+08
27424,7.52E+07
27425,2.38E+08
27426,2.35E+08
27427,2.25E+08
27428,1.61E+08
27429,1.84E+08
27430,2.41E+08
27431,2.22E+08
27432,1.97E+08
27433,5.38E+07
27434,2.16E+08
27435,2.29E+08
27436,2.29E+08
27437,2.22E+08
27438,1.77E+08
27439,2.14E+08
27440,1.95E+08
27441,2.12E+08
27442,2.06E+08
27443,7.63E+07
27444,6.66E+07
27445,6.87E+07
27446,3.94E+07
27447,1.39E+08
27448,1.73E+08
27449,1.60E+08
27450,1.73E+08
27451,1.42E+08
27452,2.14E+08
27453,2.05E+08
27454,2.06E+08
27455,2.29E+08
27456,2.25E+08
27457,2.26E+08
27458,2.08E+08
27459,2.19E+08
27460,1.23E+08
27461,1.84E+08
27462,1.97E+08
27463,2.10E+08
27464,9.72E+07
27465,2.12E+08
27466,2.00E+08
27467,2.15E+08
27468,2.31E+08
27469,2.30E+08
27470,2.19E+08
27471,1.40E+08
27472,1.65E+08
27473,1.83E+08
27474,1.98E+08
27475,2.25E+08
27476,2.26E+08
27477,2.27E+08
27478,2.29E+08
27479,2.13E+08
27480,2.14E+08
27481,1.65E+08
27482,1.67E+08
27483,1.88E+08
27484,1.63E+08
27485,1.84E+08
27486,1.90E+08
27487,1.83E+08
27488,1.81E+08
27489,1.69E+08
27490,2.20E+08
27491,1.84E+08
27492,2.18E+08
27493,2.21E+08
27494,1.47E+08
27495,2.26E+08
27496,2.32E+08
27497,2.23E+08
27498,2.35E+08
27499,2.32E+08
27500,2.51E+08
27501,2.43E+08
27502,1.83E+08
27503,2.30E+08
27504,2.37E+08
27505,9.06E+07
27506,6.49E+07
27507,4.98E+07
27508,1.61E+08
27509,1.02E+08
27510,1.04E+08
27511,2.33E+08
27512,2.33E+08
27513,2.35E+08
27514,1.03E+08
27515,2.26E+08
27516,2.60E+08
27517,2.38E+08
27518,2.30E+08
27519,2.10E+08
27520,9.20E+07
27521,1.45E+08
27522,1.01E+08
27523,2.35E+08
27524,2.47E+08
27525,2.27E+08
27526,9.44E+07
27527,2.27E+08
27528,2.24E+08
27529,2.34E+08
27530,2.24E+08
27531,2.32E+08
27532,1.60E+08
27533,2.85E+07
27534,2.27E+08
27535,2.41E+08
27536,2.28E+08
27537,1.60E+08
27538,1.62E+08
27539,2.32E+08
27540,9.87E+07
27541,6.82E+07
27542,1.05E+08
27543,9.87E+07
27544,2.83E+07
27545,1.42E+08
27546,5.36E+07
27547,1.40E+08
27548,1.93E+08
27549,2.11E+08
27550,2.50E+08
27551,2.34E+08
27552,2.23E+08
27553,2.54E+08
27554,9.02E+07
27555,2.23E+08
27556,1.90E+08
27557,1.92E+08
27558,1.96E+08
27559,1.95E+08
27560,1.79E+08
27561,1.99E+08
27562,2.09E+08
27563,2.37E+08
27564,1.63E+08
27565,1.50E+08
27566,1.63E+08
27567,1.99E+08
27568,1.97E+08
27569,2.10E+08
27570,2.13E+08
27571,2.17E+08
27572,1.86E+08
27573,1.55E+08
27574,2.15E+08
27575,1.83E+08
27576,1.84E+08
27577,1.51E+08
27578,2.65E+08
27579,2.55E+08
27580,2.48E+08
27581,2.64E+08
27582,2.52E+08
27583,1.99E+08
27584,2.62E+08
27585,2.43E+08
27586,2.47E+08
27587,2.01E+08
27588,1.83E+08
27589,1.79E+08
27590,2.20E+08
27591,2.32E+08
27592,2.30E+08
27593,2.13E+08
27594,2.18E+08
27595,1.05E+08
27596,2.58E+08
27597,1.95E+08
27598,2.43E+08
27599,1.88E+08
27600,1.59E+08
27601,1.50E+08
27602,7.82E+07
27603,1.60E+08
27604,1.16E+08
27605,1.57E+08
27606,1.88E+08
27607,4.82E+07
27608,2.06E+08
27609,1.38E+08
27610,2.10E+08
27611,2.10E+08
27612,2.09E+08
27613,2.19E+08
27614,2.21E+08
27615,2.13E+08
27616,2.13E+08
27617,2.40E+08
27618,2.37E+08
27619,2.52E+08
27620,2.45E+08
27621,2.58E+08
27622,2.35E+08
27623,1.84E+08
27624,1.56E+08
27625,2.30E+08
27626,2.36E+08
27627,2.54E+08
27628,2.36E+08
27629,1.87E+08
27630,1.59E+08
27631,1.92E+08
27632,1.21E+08
27633,2.57E+08
27634,2.38E+08
27635,2.38E+08
27636,2.30E+08
27637,2.09E+08
27638,2.03E+08
27639,2.08E+08
27640,2.11E+08
27641,1.56E+08
27642,1.66E+08
27643,2.11E+08
27644,2.04E+08
27645,2.05E+08
27646,2.04E+08
27647,1.67E+08
27648,2.10E+08
27649,1.73E+08
27650,1.55E+08
27651,2.02E+08
27652,1.85E+08
27653,1.81E+08
27654,1.67E+08
27655,1.73E+08
27656,2.69E+08
27657,2.68E+08
27658,2.79E+08
27659,2.69E+08
27660,2.53E+08
27661,2.43E+08
27662,2.68E+08
27663,2.43E+08
27664,2.57E+08
27665,2.56E+08
27666,2.42E+08
27667,1.09E+08
27668,2.50E+08
27669,1.11E+08
27670,2.35E+08
27671,2.35E+08
27672,1.88E+08
27673,2.46E+08
27674,1.83E+08
27675,2.57E+08
27676,2.31E+08
27677,9.15E+07
27678,1.68E+08
27679,1.81E+08
27680,1.68E+08
27681,1.44E+08
27682,1.85E+08
27683,2.40E+08
27684,2.33E+08
27685,2.52E+08
27686,2.33E+08
27687,2.33E+08
27688,8.92E+07
27689,1.55E+08
27690,1.87E+08
27691,1.59E+08
27692,7.81E+07
27693,8.33E+07
27694,9.33E+07
27695,2.67E+08
27696,2.77E+08
27697,2.54E+08
27698,2.28E+08
27699,2.42E+08
27700,1.19E+08
27701,2.26E+08
27702,2.12E+08
27703,1.29E+08
27704,1.15E+08
27705,1.84E+08
27706,2.21E+08
27707,2.08E+08
27708,2.03E+08
27709,2.06E+08
27710,4.89E+07
27711,2.20E+08
27712,2.63E+08
27713,2.30E+08
27714,2.73E+08
27715,2.44E+08
27716,9.27E+07
27717,2.44E+08
27718,2.15E+08
27719,2.22E+08
27720,2.18E+08
27721,6.84E+07
27722,1.73E+07
27723,2.13E+08
27724,2.49E+08
27725,2.40E+08
27726,2.24E+08
27727,2.46E+08
27728,7.31E+07
27729,9.63E+07
27730,1.94E+08
27731,1.53E+08
27732,1.96E+08
27733,1.93E+08
27734,1.90E+08
27735,8.57E+07
27736,2.28E+08
27737,2.43E+08
27738,2.29E+08
27739,2.32E+08
27740,2.19E+08
27741,2.10E+08
27742,6.42E+07
27743,7.97E+07
27744,2.13E+08
27745,2.42E+08
27746,2.43E+08
27747,2.34E+08
27748,1.73E+08
27749,2.32E+08
27750,2.25E+08
27751,1.97E+08
27752,2.00E+08
27753,1.91E+08
27754,2.01E+08
27755,1.85E+08
27756,1.67E+08
27757,1.60E+08
27758,1.92E+08
27759,2.01E+08
27760,9.86E+07
27761,1.41E+08
27762,2.04E+08
27763,1.97E+08
27764,2.06E+08
27765,1.23E+08
27766,1.58E+08
27767,1.51E+08
27768,1.21E+08
27769,1.59E+08
27770,1.29E+08
27771,1.08E+08
27772,1.26E+08
27773,1.47E+08
27774,1.96E+08
27775,1.08E+08
27776,1.21E+08
27777,1.84E+08
27778,1.07E+08
27779,1.05E+08
27780,2.03E+08
27781,1.69E+08
27782,1.37E+08
27783,1.76E+08
27784,1.72E+08
27785,1.86E+08
27786,1.24E+08
27787,1.80E+08
27788,1.57E+08
27789,1.69E+08
27790,1.75E+08
27791,1.65E+08
27792,1.65E+08
27793,2.01E+08
27794,2.33E+08
27795,1.82E+08
27796,2.34E+08
27797,2.29E+08
27798,2.36E+08
27799,1.06E+08
27800,1.84E+08
27801,1.14E+08
27802,9.78E+07
27803,1.19E+08
27804,2.16E+08
27805,1.69E+08
27806,2.18E+08
27807,2.15E+08
27808,2.14E+08
27809,1.55E+08
27810,2.10E+08
27811,1.92E+08
27812,2.17E+08
27813,2.11E+08
27814,2.00E+08
27815,1.98E+08
27816,2.05E+08
27817,2.47E+08
27818,2.46E+08
27819,1.95E+08
27820,1.89E+08
27821,2.37E+08
27822,2.14E+08
27823,2.43E+08
27824,2.38E+08
27825,1.95E+08
27826,2.28E+08
27827,2.41E+08
27828,5.61E+07
27829,1.86E+08
27830,1.48E+08
27831,8.20E+07
27832,9.79E+07
27833,1.77E+08
27834,1.23E+08
27835,1.88E+08
27836,1.85E+08
27837,1.70E+08
27838,2.38E+08
27839,2.16E+08
27840,1.88E+08
27841,1.38E+08
27842,2.32E+08
27843,2.00E+08
27844,1.96E+08
27845,1.19E+08
27846,6.12E+07
27847,5.78E+07
27848,1.16E+08
27849,2.51E+08
27850,2.67E+08
27851,2.77E+08
27852,2.48E+08
27853,2.54E+08
27854,2.47E+08
27855,2.35E+08
27856,2.28E+08
27857,2.48E+08
27858,2.08E+08
27859,2.40E+08
27860,2.60E+08
27861,2.29E+08
27862,2.40E+08
27863,2.29E+08
27864,2.46E+08
27865,1.95E+08
27866,2.25E+08
27867,1.84E+08
27868,1.93E+08
27869,2.24E+08
27870,2.23E+08
27871,2.12E+08
27872,2.26E+08
27873,2.42E+08
27874,1.24E+08
27875,1.95E+08
27876,2.25E+08
27877,2.20E+08
27878,2.48E+08
27879,2.31E+08
27880,1.91E+08
27881,2.58E+08
27882,2.48E+08
27883,2.13E+08
27884,2.40E+08
27885,1.50E+08
27886,2.13E+08
27887,1.80E+08
27888,2.08E+08
27889,3.32E+07
27890,1.99E+08
27891,2.54E+08
27892,2.70E+08
27893,2.77E+08
27894,1.56E+08
27895,1.70E+08
27896,1.74E+08
27897,1.75E+08
27898,7.40E+07
27899,1.70E+08
27900,2.34E+08
27901,2.20E+08
27902,2.27E+08
27903,2.19E+08
27904,2.21E+08
27905,1.70E+08
27906,2.39E+08
27907,4.89E+07
27908,4.82E+07
27909,2.66E+08
27910,2.37E+08
27911,2.50E+08
27912,2.53E+08
27913,2.45E+08
27914,1.27E+08
27915,2.31E+08
27916,6.19E+07
27917,2.09E+08
27918,2.12E+08
27919,1.22E+08
27920,2.16E+08
27921,2.28E+08
27922,1.36E+08
27923,7.89E+07
27924,2.12E+08
27925,5.66E+07
27926,3.74E+07
27927,1.36E+08
27928,4.86E+07
27929,1.15E+08
27930,1.15E+08
27931,1.09E+08
27932,7.23E+07
27933,1.51E+08
27934,1.98E+08
27935,1.84E+08
27936,1.92E+08
27937,1.72E+08
27938,1.64E+08
27939,1.73E+08
27940,2.05E+08
27941,1.58E+08
27942,1.89E+08
27943,1.85E+08
27944,1.39E+08
27945,1.68E+08
27946,1.44E+08
27947,1.25E+08
27948,1.19E+08
27949,8.31E+07
27950,1.17E+08
27951,1.38E+08
27952,1.27E+08
27953,2.80E+08
27954,2.54E+08
27955,2.64E+08
27956,2.70E+08
27957,2.90E+08
27958,2.03E+08
27959,2.72E+08
27960,2.62E+08
27961,2.40E+08
27962,2.34E+08
27963,2.28E+08
27964,9.56E+07
27965,2.52E+08
27966,5.29E+07
27967,5.42E+07
27968,2.22E+08
27969,2.45E+08
27970,2.36E+08
27971,5.98E+07
27972,2.48E+08
27973,2.47E+08
27974,2.59E+08
27975,1.11E+08
27976,2.67E+08
27977,1.94E+08
27978,2.35E+08
27979,2.50E+08
27980,1.01E+08
27981,1.12E+08
27982,1.87E+08
27983,2.08E+08
27984,1.80E+08
27985,6.13E+07
27986,5.55E+07
27987,1.38E+08
27988,1.18E+08
27989,6.65E+07
27990,1.88E+08
27991,1.88E+08
27992,1.82E+08
27993,2.33E+08
27994,4.27E+07
27995,1.78E+08
27996,2.27E+08
27997,2.12E+08
27998,2.29E+08
27999,2.23E+08
28000,2.14E+08
28001,9.63E+07
28002,1.68E+08
28003,1.68E+08
28004,2.39E+08
28005,2.41E+08
28006,2.39E+08
28007,2.11E+08
28008,2.14E+08
28009,2.11E+08
28010,2.29E+08
28011,1.45E+08
28012,2.24E+08
28013,2.33E+08
28014,1.29E+08
28015,2.39E+08
28016,2.09E+08
28017,2.21E+08
28018,1.22E+08
28019,2.04E+08
28020,1.16E+08
28021,1.55E+08
28022,1.47E+08
28023,1.42E+08
28024,1.57E+08
28025,1.20E+08
28026,1.37E+08
28027,2.12E+08
28028,2.08E+08
28029,1.66E+08
28030,2.12E+08
28031,1.58E+08
28032,1.49E+08
28033,1.38E+08
28034,2.06E+08
28035,2.07E+08
28036,1.51E+08
28037,1.85E+08
28038,1.48E+08
28039,2.08E+08
28040,1.47E+08
28041,2.04E+08
28042,1.66E+08
28043,2.14E+08
28044,1.63E+08
28045,1.58E+08
28046,1.37E+08
28047,2.83E+08
28048,2.06E+08
28049,2.46E+08
28050,1.96E+08
28051,1.48E+08
28052,1.52E+08
28053,1.43E+08
28054,2.87E+08
28055,1.05E+08
28056,1.37E+08
28057,1.08E+08
28058,6.54E+07
28059,1.45E+08
28060,1.08E+08
28061,1.11E+08
28062,1.45E+08
28063,7.28E+07
28064,1.02E+08
28065,1.25E+08
28066,1.63E+08
28067,1.83E+08
28068,8.59E+07
28069,1.56E+08
28070,8.91E+07
28071,2.22E+08
28072,1.73E+08
28073,1.56E+08
28074,1.34E+08
28075,9.46E+07
28076,1.30E+08
28077,9.88E+07
28078,1.07E+08
28079,1.15E+08
28080,1.23E+08
28081,2.47E+08
28082,2.69E+08
28083,2.31E+08
28084,2.20E+08
28085,2.23E+08
28086,2.17E+08
28087,2.11E+08
28088,1.79E+08
28089,2.19E+08
28090,2.17E+08
28091,2.19E+08
28092,2.07E+08
28093,2.13E+08
28094,2.36E+08
28095,1.81E+08
28096,1.86E+08
28097,1.79E+08
28098,1.83E+08
28099,5.08E+07
28100,1.64E+08
28101,5.69E+07
28102,1.61E+08
28103,6.19E+07
28104,5.24E+07
28105,2.50E+08
28106,2.27E+08
28107,2.27E+08
28108,2.32E+08
28109,2.06E+08
28110,2.29E+08
28111,2.33E+08
28112,1.56E+08
28113,1.33E+08
28114,1.90E+08
28115,1.58E+08
28116,1.36E+08
28117,1.68E+08
28118,1.26E+08
28119,1.23E+08
28120,2.22E+08
28121,1.91E+08
28122,2.07E+08
28123,1.08E+08
28124,1.08E+08
28125,1.91E+08
28126,2.39E+08
28127,2.69E+08
28128,6.85E+07
28129,1.61E+08
28130,8.45E+07
28131,5.08E+07
28132,5.58E+07
28133,1.50E+08
28134,2.29E+08
28135,2.62E+08
28136,2.34E+08
28137,2.07E+08
28138,9.47E+07
28139,8.29E+07
28140,4.11E+07
28141,2.62E+08
28142,2.56E+08
28143,2.74E+08
28144,2.79E+08
28145,2.53E+08
28146,2.24E+08
28147,2.64E+08
28148,2.81E+08
28149,2.59E+08
28150,2.50E+08
28151,2.65E+08
28152,2.16E+08
28153,1.66E+08
28154,1.73E+08
28155,2.54E+08
28156,2.07E+08
28157,2.03E+08
28158,1.33E+08
28159,2.39E+08
28160,2.06E+08
28161,8.44E+07
28162,2.04E+08
28163,5.86E+07
28164,2.00E+08
28165,3.49E+07
28166,4.90E+07
28167,4.79E+07
28168,1.90E+08
28169,2.02E+08
28170,7.76E+07
28171,1.16E+08
28172,7.11E+07
28173,1.41E+08
28174,2.22E+08
28175,2.21E+08
28176,2.22E+08
28177,2.35E+08
28178,2.33E+08
28179,2.36E+08
28180,2.22E+08
28181,2.29E+08
28182,2.41E+08
28183,2.43E+08
28184,1.81E+08
28185,2.28E+08
28186,2.30E+08
28187,2.01E+07
28188,2.20E+08
28189,3.55E+07
28190,2.76E+08
28191,2.61E+08
28192,2.40E+08
28193,2.41E+08
28194,2.83E+08
28195,1.59E+08
28196,1.78E+08
28197,1.65E+08
28198,1.86E+08
28199,1.81E+08
28200,1.59E+08
28201,1.78E+08
28202,2.31E+08
28203,1.38E+08
28204,1.57E+08
28205,1.33E+08
28206,2.39E+08
28207,2.06E+08
28208,1.03E+08
28209,8.45E+07
28210,1.87E+08
28211,1.29E+08
28212,1.84E+08
28213,1.14E+08
28214,1.68E+08
28215,1.93E+08
28216,2.06E+08
28217,2.14E+08
28218,1.69E+08
28219,2.14E+08
28220,1.96E+08
28221,2.01E+08
28222,1.93E+08
28223,2.14E+08
28224,2.46E+08
28225,2.30E+08
28226,2.40E+08
28227,2.36E+08
28228,2.43E+08
28229,2.18E+08
28230,2.14E+08
28231,2.48E+08
28232,1.87E+08
28233,1.92E+08
28234,2.17E+08
28235,2.31E+08
28236,2.07E+08
28237,2.05E+08
28238,1.77E+08
28239,1.73E+08
28240,2.04E+08
28241,1.70E+08
28242,1.43E+08
28243,1.05E+08
28244,1.43E+08
28245,1.21E+08
28246,9.04E+07
28247,8.47E+07
28248,1.24E+08
28249,2.10E+08
28250,2.17E+08
28251,2.70E+08
28252,2.51E+08
28253,2.59E+08
28254,1.98E+08
28255,2.52E+08
28256,2.60E+08
28257,1.97E+08
28258,2.25E+08
28259,2.04E+08
28260,2.03E+08
28261,1.85E+08
28262,1.94E+08
28263,1.67E+08
28264,1.62E+08
28265,2.27E+08
28266,2.30E+08
28267,1.45E+08
28268,1.61E+08
28269,2.36E+08
28270,1.54E+08
28271,2.25E+08
28272,2.56E+08
28273,2.16E+08
28274,1.77E+08
28275,1.34E+08
28276,2.76E+08
28277,2.66E+08
28278,1.98E+08
28279,2.01E+08
28280,2.05E+08
28281,1.83E+08
28282,2.11E+08
28283,1.72E+08
28284,2.13E+08
28285,1.77E+08
28286,2.05E+08
28287,1.58E+08
28288,1.18E+08
28289,7.84E+07
28290,1.58E+08
28291,1.92E+08
28292,2.18E+08
28293,1.03E+08
28294,1.39E+08
28295,1.28E+08
28296,9.99E+07
28297,2.31E+08
28298,2.31E+08
28299,2.07E+08
28300,1.73E+08
28301,1.27E+08
28302,1.33E+08
28303,1.70E+08
28304,1.23E+08
28305,1.99E+08
28306,2.05E+08
28307,1.55E+08
28308,1.96E+08
28309,1.11E+08
28310,2.49E+08
28311,2.36E+08
28312,2.50E+08
28313,2.40E+08
28314,7.21E+07
28315,1.59E+08
28316,1.73E+08
28317,1.26E+08
28318,8.73E+07
28319,8.90E+07
28320,6.10E+07
28321,9.85E+07
28322,2.53E+08
28323,2.35E+08
28324,2.36E+08
28325,2.29E+08
28326,2.47E+08
28327,6.70E+07
28328,6.46E+07
28329,2.52E+08
28330,2.48E+08
28331,2.70E+08
28332,2.60E+08
28333,2.71E+08
28334,2.04E+08
28335,1.32E+08
28336,1.99E+08
28337,1.67E+08
28338,1.36E+08
28339,3.42E+07
28340,9.02E+07
28341,2.50E+08
28342,2.54E+08
28343,2.72E+08
28344,2.74E+08
28345,2.49E+08
28346,2.45E+08
28347,2.42E+08
28348,2.82E+08
28349,2.59E+08
28350,2.68E+08
28351,2.39E+08
28352,2.17E+08
28353,1.79E+08
28354,2.41E+08
28355,1.71E+08
28356,2.35E+08
28357,5.87E+07
28358,2.22E+08
28359,2.53E+08
28360,2.36E+08
28361,2.31E+08
28362,2.38E+08
28363,1.86E+08
28364,2.27E+08
28365,2.11E+08
28366,2.18E+08
28367,1.98E+08
28368,1.92E+08
28369,2.08E+08
28370,2.03E+08
28371,1.95E+08
28372,1.98E+08
28373,2.24E+08
28374,1.09E+08
28375,2.23E+08
28376,2.27E+08
28377,1.81E+08
28378,2.30E+08
28379,6.13E+07
28380,2.44E+08
28381,2.49E+08
28382,2.69E+08
28383,3.22E+07
28384,2.21E+08
28385,2.24E+08
28386,6.46E+07
28387,2.12E+08
28388,2.51E+07
28389,2.41E+08
28390,2.24E+08
28391,2.37E+08
28392,1.02E+08
28393,1.37E+08
28394,1.66E+08
28395,1.96E+08
28396,2.22E+08
28397,2.24E+08
28398,2.21E+08
28399,2.16E+08
28400,2.05E+08
28401,1.94E+08
28402,1.13E+08
28403,1.98E+08
28404,1.94E+08
28405,1.24E+08
28406,1.64E+08
28407,1.78E+08
28408,1.73E+08
28409,1.21E+08
28410,1.30E+08
28411,2.12E+08
28412,1.88E+08
28413,2.47E+08
28414,2.62E+08
28415,2.61E+08
28416,2.72E+08
28417,1.92E+08
28418,2.39E+08
28419,2.33E+08
28420,2.49E+08
28421,2.77E+08
28422,2.16E+08
28423,2.38E+08
28424,2.36E+08
28425,2.16E+08
28426,2.01E+08
28427,1.84E+08
28428,1.82E+08
28429,2.21E+08
28430,1.73E+08
28431,2.52E+08
28432,1.87E+08
28433,4.82E+07
28434,1.34E+08
28435,9.53E+07
28436,8.91E+07
28437,8.03E+07
28438,1.00E+08
28439,9.58E+07
28440,1.08E+08
28441,6.27E+07
28442,1.44E+08
28443,1.50E+08
28444,4.79E+07
28445,1.55E+08
28446,1.03E+08
28447,2.03E+08
28448,1.91E+08
28449,2.20E+08
28450,1.62E+08
28451,1.57E+08
28452,1.93E+08
28453,1.73E+08
28454,1.97E+08
28455,1.85E+08
28456,1.96E+08
28457,1.93E+08
28458,1.92E+08
28459,1.51E+08
28460,1.92E+08
28461,2.13E+08
28462,6.07E+07
28463,1.25E+08
28464,1.95E+08
28465,2.06E+08
28466,1.80E+08
28467,1.59E+08
28468,1.93E+08
28469,2.26E+08
28470,1.92E+08
28471,2.60E+08
28472,2.32E+08
28473,1.73E+08
28474,1.85E+08
28475,2.02E+08
28476,1.25E+08
28477,1.99E+08
28478,2.01E+08
28479,1.96E+08
28480,1.94E+08
28481,1.73E+08
28482,1.89E+08
28483,1.61E+08
28484,1.56E+08
28485,1.49E+08
28486,1.54E+08
28487,1.97E+08
28488,1.95E+08
28489,1.93E+08
28490,1.96E+08
28491,1.94E+08
28492,1.26E+08
28493,1.68E+08
28494,1.76E+08
28495,1.72E+08
28496,9.30E+07
28497,2.17E+08
28498,1.91E+08
28499,2.22E+08
28500,2.26E+08
28501,2.23E+08
28502,1.88E+08
28503,1.88E+08
28504,1.61E+08
28505,1.66E+08
28506,1.55E+08
28507,2.22E+08
28508,2.18E+08
28509,2.19E+08
28510,1.59E+08
28511,2.04E+08
28512,1.94E+08
28513,1.94E+08
28514,1.88E+08
28515,1.89E+08
28516,1.79E+08
28517,1.92E+08
28518,1.92E+08
28519,1.81E+08
28520,1.87E+08
28521,1.81E+08
28522,5.75E+07
28523,7.86E+07
28524,2.27E+08
28525,2.28E+08
28526,7.28E+07
28527,7.55E+07
28528,2.30E+08
28529,3.89E+07
28530,7.81E+07
28531,1.06E+08
28532,1.49E+08
28533,2.05E+08
28534,1.86E+08
28535,1.89E+08
28536,2.24E+08
28537,1.93E+08
28538,2.06E+08
28539,1.79E+08
28540,2.34E+08
28541,1.50E+08
28542,1.78E+08
28543,1.83E+08
28544,7.28E+07
28545,5.41E+07
28546,1.81E+08
28547,3.43E+07
28548,9.59E+07
28549,2.16E+08
28550,3.11E+07
28551,1.65E+08
28552,7.90E+07
28553,8.14E+07
28554,2.36E+08
28555,2.41E+08
28556,2.56E+08
28557,2.81E+08
28558,4.82E+07
28559,1.84E+08
28560,2.09E+08
28561,2.13E+08
28562,2.05E+08
28563,1.70E+08
28564,1.72E+08
28565,2.00E+08
28566,1.94E+08
28567,1.80E+08
28568,2.01E+08
28569,1.80E+08
28570,1.57E+08
28571,1.85E+08
28572,1.90E+08
28573,1.75E+08
28574,2.95E+07
28575,2.28E+08
28576,1.13E+08
28577,2.32E+08
28578,3.08E+07
28579,9.01E+07
28580,2.31E+08
28581,2.17E+08
28582,2.16E+08
28583,1.58E+08
28584,2.43E+08
28585,6.25E+07
28586,6.19E+07
28587,1.50E+08
28588,6.93E+07
28589,1.06E+08
28590,1.44E+08
28591,1.02E+08
28592,9.20E+07
28593,7.01E+07
28594,1.09E+08
28595,1.05E+08
28596,1.40E+08
28597,1.41E+08
28598,8.04E+07
28599,1.35E+08
28600,2.29E+08
28601,2.11E+08
28602,2.32E+08
28603,2.54E+08
28604,2.13E+08
28605,1.64E+08
28606,1.90E+08
28607,2.47E+08
28608,2.20E+08
28609,2.43E+08
28610,2.22E+08
28611,1.80E+08
28612,1.28E+08
28613,1.23E+08
28614,1.62E+08
28615,6.17E+07
28616,1.08E+08
28617,1.21E+08
28618,2.63E+08
28619,2.57E+08
28620,2.35E+08
28621,1.95E+08
28622,2.38E+08
28623,2.32E+08
28624,2.48E+08
28625,2.35E+08
28626,2.31E+08
28627,2.26E+08
28628,9.27E+07
28629,2.11E+08
28630,1.90E+08
28631,1.94E+08
28632,1.83E+08
28633,1.92E+08
28634,1.88E+08
28635,1.93E+08
28636,2.33E+08
28637,2.47E+08
28638,2.32E+08
28639,2.39E+08
28640,2.26E+08
28641,1.85E+08
28642,2.36E+08
28643,2.30E+08
28644,2.40E+08
28645,1.92E+08
28646,2.26E+08
28647,1.42E+08
28648,2.27E+08
28649,2.06E+08
28650,1.72E+08
28651,1.09E+08
28652,1.03E+08
28653,6.77E+07
28654,8.73E+07
28655,8.98E+07
28656,9.32E+07
28657,9.03E+07
28658,1.57E+08
28659,1.13E+08
28660,2.22E+08
28661,2.25E+08
28662,2.16E+08
28663,2.20E+08
28664,1.34E+08
28665,1.73E+08
28666,1.85E+08
28667,1.84E+08
28668,1.54E+08
28669,1.89E+08
28670,1.36E+08
28671,1.15E+08
28672,1.65E+08
28673,7.85E+07
28674,9.23E+07
28675,2.13E+08
28676,2.11E+08
28677,1.84E+08
28678,9.69E+07
28679,1.71E+08
28680,1.68E+08
28681,2.16E+08
28682,1.67E+08
28683,2.35E+08
28684,2.35E+08
28685,1.55E+08
28686,1.44E+08
28687,1.69E+08
28688,1.53E+08
28689,1.59E+08
28690,1.01E+08
28691,8.79E+07
28692,2.10E+08
28693,1.90E+08
28694,2.13E+08
28695,2.17E+08
28696,2.00E+08
28697,1.62E+08
28698,2.03E+08
28699,1.61E+08
28700,1.63E+08
28701,2.11E+08
28702,2.12E+08
28703,2.19E+08
28704,2.17E+08
28705,2.25E+08
28706,1.81E+08
28707,1.46E+08
28708,2.12E+08
28709,2.18E+08
28710,2.18E+08
28711,2.56E+08
28712,1.99E+08
28713,2.16E+08
28714,2.04E+08
28715,2.14E+08
28716,1.70E+07
28717,2.15E+08
28718,5.47E+07
28719,2.39E+08
28720,9.13E+07
28721,2.69E+08
28722,2.69E+08
28723,6.84E+07
28724,1.20E+08
28725,1.15E+08
28726,1.08E+08
28727,1.28E+08
28728,1.83E+08
28729,1.80E+08
28730,1.23E+08
28731,1.75E+08
28732,2.27E+08
28733,2.22E+08
28734,1.01E+08
28735,1.85E+08
28736,1.83E+08
28737,9.90E+07
28738,2.41E+08
28739,2.35E+08
28740,2.39E+08
28741,1.02E+08
28742,1.80E+08
28743,1.43E+08
28744,1.29E+08
28745,1.81E+08
28746,1.90E+08
28747,2.01E+08
28748,1.71E+08
28749,1.86E+08
28750,1.83E+08
28751,1.13E+08
28752,1.98E+08
28753,2.31E+08
28754,1.46E+08
28755,1.12E+08
28756,1.51E+08
28757,1.45E+08
28758,1.66E+08
28759,2.97E+07
28760,1.86E+08
28761,1.80E+08
28762,2.47E+08
28763,1.89E+08
28764,5.66E+07
28765,2.47E+08
28766,2.64E+08
28767,2.40E+08
28768,2.83E+08
28769,1.97E+08
28770,2.66E+08
28771,1.69E+08
28772,2.03E+08
28773,1.48E+08
28774,2.07E+08
28775,2.39E+08
28776,2.38E+08
28777,2.30E+08
28778,1.87E+08
28779,2.05E+08
28780,1.60E+08
28781,1.92E+08
28782,2.71E+07
28783,1.79E+08
28784,4.82E+07
28785,1.67E+08
28786,5.33E+07
28787,2.70E+08
28788,2.66E+08
28789,1.82E+08
28790,1.78E+08
28791,1.43E+08
28792,1.63E+08
28793,1.15E+08
28794,1.74E+08
28795,1.90E+08
28796,1.92E+08
28797,1.87E+08
28798,2.01E+08
28799,1.19E+08
28800,1.64E+08
28801,8.33E+07
28802,1.13E+08
28803,1.21E+08
28804,6.42E+07
28805,1.34E+08
28806,2.06E+08
28807,1.91E+08
28808,2.11E+08
28809,1.99E+08
28810,1.93E+08
28811,1.89E+08
28812,1.51E+08
28813,2.15E+08
28814,1.49E+08
28815,1.67E+08
28816,2.17E+08
28817,2.24E+08
28818,1.85E+08
28819,2.27E+08
28820,2.28E+08
28821,2.20E+08
28822,2.22E+08
28823,1.75E+08
28824,1.43E+08
28825,1.67E+08
28826,1.92E+08
28827,2.03E+08
28828,1.84E+08
28829,1.90E+08
28830,1.83E+08
28831,8.15E+07
28832,2.41E+08
28833,2.44E+08
28834,1.03E+08
28835,8.78E+07
28836,1.67E+08
28837,2.27E+08
28838,2.37E+08
28839,2.27E+08
28840,2.04E+08
28841,2.07E+08
28842,2.10E+08
28843,2.09E+08
28844,1.60E+08
28845,2.55E+08
28846,2.91E+08
28847,2.42E+08
28848,1.95E+08
28849,2.28E+08
28850,1.51E+08
28851,5.00E+07
28852,1.62E+08
28853,1.61E+08
28854,2.01E+08
28855,2.90E+08
28856,1.99E+08
28857,2.04E+08
28858,2.41E+08
28859,2.25E+08
28860,1.97E+08
28861,2.31E+08
28862,3.86E+07
28863,2.20E+08
28864,1.99E+08
28865,1.80E+08
28866,1.87E+08
28867,1.87E+08
28868,1.88E+08
28869,1.33E+08
28870,1.92E+08
28871,1.65E+08
28872,1.92E+08
28873,1.86E+08
28874,1.97E+08
28875,1.88E+08
28876,1.43E+08
28877,1.26E+08
28878,1.93E+08
28879,1.12E+08
28880,2.45E+08
28881,1.35E+08
28882,8.45E+07
28883,2.23E+08
28884,1.72E+07
28885,2.18E+08
28886,5.86E+07
28887,1.12E+08
28888,6.12E+07
28889,1.84E+08
28890,1.89E+08
28891,1.87E+08
28892,1.89E+08
28893,1.70E+08
28894,1.16E+08
28895,1.46E+08
28896,1.41E+08
28897,2.39E+08
28898,9.93E+07
28899,2.01E+08
28900,1.99E+08
28901,2.04E+08
28902,1.87E+08
28903,1.86E+08
28904,1.58E+08
28905,1.36E+08
28906,1.82E+08
28907,1.72E+08
28908,1.02E+08
28909,2.44E+08
28910,2.43E+08
28911,2.07E+08
28912,2.25E+08
28913,2.10E+08
28914,2.29E+08
28915,4.77E+07
28916,1.05E+08
28917,1.32E+08
28918,2.41E+08
28919,2.36E+08
28920,9.57E+07
28921,9.17E+07
28922,2.40E+08
28923,1.89E+08
28924,2.09E+08
28925,2.13E+08
28926,9.99E+07
28927,1.11E+08
28928,1.09E+08
28929,1.28E+08
28930,2.32E+08
28931,4.95E+07
28932,6.07E+07
28933,1.74E+08
28934,5.69E+07
28935,2.36E+08
28936,1.75E+08
28937,2.57E+08
28938,1.75E+08
28939,2.52E+08
28940,7.24E+07
28941,1.03E+08
28942,2.63E+08
28943,2.33E+08
28944,2.29E+08
28945,2.25E+08
28946,2.24E+08
28947,2.11E+08
28948,2.15E+08
28949,1.81E+08
28950,2.51E+08
28951,2.34E+08
28952,2.63E+07
28953,2.35E+08
28954,1.65E+08
28955,2.50E+08
28956,2.45E+08
28957,2.32E+08
28958,2.95E+07
28959,9.11E+07
28960,2.39E+08
28961,1.97E+08
28962,1.87E+08
28963,2.06E+08
28964,1.80E+08
28965,1.80E+08
28966,2.31E+08
28967,2.28E+08
28968,2.09E+08
28969,1.17E+08
28970,1.75E+08
28971,1.28E+08
28972,1.87E+08
28973,1.84E+08
28974,2.53E+08
28975,2.77E+08
28976,2.56E+08
28977,2.65E+08
28978,2.49E+08
28979,2.31E+08
28980,2.51E+08
28981,1.87E+08
28982,2.64E+08
28983,1.80E+08
28984,1.79E+08
28985,1.76E+08
28986,2.49E+08
28987,2.46E+08
28988,2.47E+08
28989,1.68E+08
28990,2.00E+08
28991,2.98E+07
28992,2.41E+08
28993,2.10E+08
28994,1.09E+08
28995,1.92E+08
28996,1.66E+08
28997,1.09E+08
28998,2.29E+08
28999,2.41E+08
29000,7.64E+07
29001,2.55E+08
29002,2.05E+08
29003,2.58E+08
29004,2.57E+08
29005,2.70E+08
29006,2.56E+08
29007,2.66E+08
29008,2.43E+08
29009,2.64E+08
29010,2.71E+08
29011,2.70E+08
29012,2.29E+08
29013,2.44E+08
29014,2.59E+08
29015,2.68E+08
29016,1.97E+08
29017,1.97E+08
29018,2.21E+08
29019,2.17E+08
29020,2.09E+08
29021,7.03E+07
29022,3.85E+07
29023,1.31E+08
29024,1.94E+08
29025,1.92E+08
29026,2.10E+08
29027,1.42E+08
29028,1.83E+08
29029,1.57E+08
29030,1.69E+08
29031,1.82E+08
29032,1.31E+08
29033,1.58E+08
29034,1.35E+08
29035,1.61E+08
29036,1.52E+08
29037,1.73E+08
29038,1.98E+08
29039,2.05E+08
29040,1.87E+08
29041,1.98E+08
29042,1.65E+08
29043,1.99E+08
29044,2.03E+08
29045,1.76E+08
29046,1.63E+08
29047,4.66E+07
29048,2.24E+08
29049,2.27E+08
29050,2.14E+08
29051,2.25E+08
29052,1.92E+08
29053,1.91E+08
29054,1.33E+08
29055,1.34E+08
29056,1.28E+08
29057,1.52E+08
29058,1.16E+08
29059,1.14E+08
29060,1.29E+08
29061,1.26E+08
29062,1.40E+08
29063,2.34E+08
29064,2.28E+08
29065,2.25E+08
29066,2.83E+08
29067,2.76E+08
29068,3.17E+08
29069,2.61E+08
29070,2.77E+08
29071,2.04E+08
29072,1.63E+08
29073,2.31E+08
29074,1.91E+08
29075,1.83E+08
29076,2.27E+08
29077,2.34E+08
29078,1.20E+08
29079,1.27E+08
29080,1.15E+08
29081,7.53E+07
29082,1.93E+08
29083,1.89E+08
29084,2.02E+08
29085,1.95E+08
29086,1.51E+08
29087,2.01E+08
29088,2.00E+08
29089,1.74E+08
29090,1.96E+08
29091,1.35E+08
29092,1.37E+08
29093,1.40E+08
29094,1.48E+08
29095,1.33E+08
29096,1.23E+08
29097,2.45E+08
29098,2.18E+08
29099,2.41E+08
29100,2.34E+08
29101,2.30E+08
29102,2.33E+08
29103,1.11E+08
29104,1.56E+08
29105,1.55E+08
29106,1.62E+08
29107,1.63E+08
29108,1.66E+08
29109,1.55E+08
29110,1.38E+08
29111,2.02E+08
29112,2.06E+08
29113,1.01E+08
29114,1.20E+08
29115,9.20E+07
29116,1.10E+08
29117,7.61E+07
29118,1.23E+08
29119,1.76E+08
29120,5.30E+07
29121,1.85E+08
29122,2.78E+08
29123,2.48E+08
29124,2.91E+08
29125,2.71E+08
29126,2.36E+08
29127,1.89E+08
29128,2.40E+08
29129,2.46E+08
29130,1.02E+08
29131,2.48E+08
29132,2.54E+08
29133,1.23E+08
29134,1.90E+08
29135,2.54E+08
29136,2.13E+08
29137,2.05E+08
29138,4.36E+07
29139,2.18E+08
29140,6.47E+07
29141,2.60E+08
29142,2.65E+08
29143,4.27E+06
29144,1.00E+08
29145,2.39E+08
29146,2.50E+08
29147,1.79E+08
29148,2.54E+08
29149,2.44E+08
29150,2.47E+08
29151,2.42E+08
29152,2.38E+08
29153,8.03E+07
29154,1.76E+08
29155,7.91E+07
29156,8.98E+07
29157,6.37E+07
29158,6.84E+07
29159,2.01E+08
29160,2.18E+08
29161,1.58E+08
29162,2.21E+08
29163,1.95E+08
29164,2.10E+08
29165,1.82E+08
29166,1.84E+08
29167,2.17E+08
29168,2.49E+08
29169,2.61E+08
29170,2.59E+08
29171,2.68E+08
29172,2.66E+08
29173,2.00E+08
29174,2.07E+08
29175,1.39E+08
29176,8.52E+07
29177,3.04E+07
29178,1.93E+08
29179,2.20E+08
29180,2.20E+08
29181,1.84E+08
29182,1.41E+08
29183,2.10E+08
29184,1.59E+08
29185,1.95E+08
29186,1.70E+08
29187,2.01E+08
29188,1.80E+08
29189,1.93E+08
29190,1.20E+08
29191,1.21E+08
29192,1.76E+08
29193,1.74E+08
29194,1.55E+08
29195,1.48E+08
29196,1.19E+08
29197,1.42E+08
29198,2.23E+08
29199,2.17E+08
29200,2.44E+08
29201,2.40E+08
29202,2.16E+08
29203,2.32E+08
29204,1.81E+08
29205,1.95E+08
29206,1.92E+08
29207,1.07E+08
29208,1.74E+08
29209,1.66E+08
29210,8.57E+07
29211,4.51E+07
29212,1.72E+08
29213,1.92E+08
29214,2.06E+08
29215,2.03E+08
29216,7.92E+07
29217,1.57E+08
29218,1.57E+08
29219,7.30E+07
29220,2.05E+08
29221,2.51E+08
29222,5.41E+07
29223,2.47E+08
29224,2.43E+08
29225,1.93E+08
29226,1.52E+08
29227,1.69E+08
29228,1.37E+08
29229,1.97E+08
29230,1.82E+08
29231,2.06E+08
29232,2.01E+08
29233,2.03E+08
29234,1.28E+08
29235,1.31E+08
29236,1.41E+08
29237,1.40E+08
29238,1.43E+08
29239,1.34E+08
29240,1.24E+08
29241,9.62E+07
29242,1.82E+08
29243,2.10E+08
29244,1.26E+08
29245,1.21E+08
29246,1.26E+08
29247,2.29E+08
29248,1.67E+08
29249,1.67E+08
29250,2.28E+08
29251,2.20E+08
29252,1.21E+08
29253,1.44E+08
29254,1.13E+08
29255,1.65E+08
29256,1.00E+08
29257,1.05E+08
29258,1.73E+08
29259,1.95E+08
29260,2.06E+08
29261,2.01E+08
29262,2.10E+08
29263,1.97E+08
29264,1.88E+08
29265,2.54E+08
29266,2.51E+08
29267,2.74E+08
29268,7.79E+07
29269,1.89E+08
29270,1.75E+08
29271,1.37E+08
29272,1.44E+08
29273,9.02E+07
29274,2.34E+08
29275,2.17E+08
29276,2.39E+08
29277,2.59E+08
29278,2.98E+08
29279,2.79E+08
29280,3.01E+08
29281,1.36E+08
29282,1.15E+08
29283,1.89E+08
29284,2.43E+08
29285,2.41E+08
29286,2.28E+08
29287,1.47E+08
29288,1.10E+08
29289,1.14E+08
29290,1.67E+08
29291,1.60E+08
29292,1.37E+08
29293,1.59E+08
29294,9.29E+07
29295,1.98E+08
29296,1.91E+08
29297,2.39E+08
29298,8.39E+07
29299,2.55E+08
29300,2.42E+08
29301,2.48E+08
29302,2.50E+08
29303,2.50E+08
29304,1.82E+08
29305,1.76E+08
29306,1.58E+08
29307,1.21E+08
29308,1.88E+08
29309,1.98E+08
29310,1.80E+08
29311,1.76E+08
29312,1.37E+08
29313,2.60E+08
29314,1.30E+08
29315,2.75E+08
29316,2.64E+08
29317,2.52E+08
29318,2.26E+08
29319,2.40E+08
29320,2.50E+08
29321,2.37E+08
29322,2.29E+08
29323,1.31E+08
29324,1.04E+08
29325,1.22E+08
29326,1.11E+08
29327,1.32E+08
29328,1.98E+08
29329,1.49E+08
29330,2.03E+08
29331,1.33E+08
29332,1.17E+08
29333,2.57E+08
29334,2.30E+08
29335,1.21E+08
29336,2.53E+08
29337,1.95E+08
29338,2.64E+08
29339,1.99E+08
29340,1.83E+08
29341,2.00E+08
29342,1.83E+08
29343,1.58E+08
29344,2.55E+08
29345,2.57E+08
29346,2.64E+08
29347,2.67E+08
29348,9.16E+07
29349,2.03E+08
29350,2.00E+08
29351,2.38E+08
29352,2.22E+08
29353,2.38E+08
29354,1.90E+08
29355,1.65E+08
29356,2.48E+08
29357,2.44E+08
29358,1.83E+08
29359,5.71E+07
29360,2.48E+08
29361,2.53E+08
29362,2.51E+08
29363,2.57E+08
29364,2.40E+08
29365,2.13E+08
29366,6.71E+07
29367,2.42E+08
29368,2.56E+08
29369,2.31E+08
29370,2.53E+08
29371,2.36E+08
29372,2.27E+08
29373,9.46E+07
29374,2.32E+08
29375,1.68E+08
29376,2.74E+08
29377,2.56E+08
29378,2.61E+08
29379,1.87E+08
29380,2.53E+08
29381,2.08E+08
29382,1.34E+08
29383,2.76E+08
29384,1.17E+08
29385,2.12E+08
29386,8.79E+07
29387,2.02E+08
29388,1.89E+08
29389,1.82E+08
29390,1.98E+08
29391,2.38E+08
29392,2.28E+08
29393,1.78E+08
29394,2.21E+08
29395,2.37E+08
29396,2.47E+08
29397,1.97E+08
29398,2.03E+08
29399,2.34E+08
29400,6.51E+07
29401,1.70E+08
29402,1.83E+08
29403,1.59E+08
29404,1.57E+08
29405,1.70E+08
29406,8.31E+07
29407,6.97E+07
29408,2.40E+08
29409,1.52E+08
29410,1.75E+08
29411,1.42E+08
29412,2.45E+08
29413,2.37E+08
29414,2.38E+08
29415,1.67E+08
29416,2.32E+08
29417,1.12E+08
29418,1.31E+08
29419,1.19E+08
29420,1.22E+08
29421,2.01E+08
29422,2.39E+08
29423,1.76E+08
29424,1.91E+08
29425,2.20E+08
29426,2.42E+08
29427,1.44E+08
29428,4.06E+07
29429,1.71E+08
29430,2.35E+08
29431,2.28E+08
29432,1.68E+08
29433,1.43E+08
29434,1.49E+08
29435,2.37E+08
29436,2.44E+08
29437,2.46E+08
29438,2.54E+08
29439,2.57E+08
29440,2.67E+08
29441,1.84E+08
29442,2.01E+08
29443,1.97E+08
29444,1.79E+08
29445,8.43E+07
29446,2.20E+08
29447,2.29E+08
29448,1.26E+08
29449,1.22E+08
29450,1.59E+08
29451,2.23E+08
29452,1.60E+08
29453,1.60E+08
29454,2.38E+08
29455,2.37E+08
29456,3.73E+07
29457,2.19E+08
29458,1.71E+08
29459,1.42E+08
29460,1.63E+08
29461,5.03E+07
29462,3.94E+07
29463,2.05E+08
29464,2.12E+08
29465,4.67E+07
29466,1.61E+08
29467,1.24E+08
29468,1.13E+08
29469,1.28E+08
29470,7.97E+07
29471,1.22E+08
29472,5.68E+07
29473,2.38E+08
29474,2.31E+08
29475,9.20E+07
29476,1.24E+08
29477,2.37E+08
29478,5.74E+07
29479,3.46E+07
29480,1.48E+08
29481,2.26E+08
29482,8.29E+07
29483,2.11E+08
29484,2.47E+08
29485,1.76E+08
29486,1.74E+08
29487,1.84E+08
29488,1.33E+08
29489,1.83E+08
29490,1.86E+08
29491,1.54E+08
29492,1.95E+08
29493,2.03E+08
29494,2.08E+08
29495,1.59E+08
29496,1.79E+08
29497,1.80E+08
29498,2.34E+08
29499,2.34E+08
29500,2.38E+08
29501,2.13E+08
29502,2.13E+08
29503,8.84E+07
29504,1.12E+08
29505,2.35E+08
29506,2.30E+08
29507,2.12E+08
29508,3.09E+08
29509,2.03E+08
29510,2.12E+08
29511,9.65E+07
29512,2.28E+08
29513,2.36E+08
29514,2.35E+08
29515,2.56E+08
29516,1.45E+08
29517,8.98E+07
29518,1.82E+08
29519,1.81E+08
29520,1.78E+08
29521,1.95E+08
29522,1.94E+08
29523,1.41E+08
29524,1.98E+08
29525,1.35E+08
29526,2.05E+08
29527,1.05E+08
29528,1.82E+08
29529,1.51E+08
29530,1.99E+08
29531,2.10E+08
29532,1.92E+08
29533,1.84E+08
29534,2.06E+08
29535,2.09E+08
29536,1.13E+08
29537,2.31E+08
29538,1.68E+08
29539,1.98E+08
29540,1.99E+08
29541,2.00E+08
29542,2.31E+08
29543,2.37E+08
29544,1.11E+08
29545,1.31E+08
29546,1.21E+08
29547,1.25E+08
29548,1.23E+08
29549,8.07E+07
29550,1.19E+08
29551,1.38E+08
29552,1.80E+08
29553,1.07E+08
29554,1.43E+08
29555,1.54E+08
29556,1.65E+08
29557,2.17E+08
29558,1.14E+08
29559,5.93E+07
29560,2.85E+08
29561,2.11E+08
29562,2.50E+08
29563,1.64E+08
29564,1.02E+08
29565,2.57E+08
29566,2.79E+08
29567,2.86E+08
29568,2.38E+08
29569,2.48E+08
29570,2.37E+08
29571,1.73E+08
29572,9.34E+07
29573,2.44E+08
29574,2.47E+08
29575,2.36E+08
29576,1.40E+08
29577,2.22E+08
29578,2.45E+08
29579,2.60E+08
29580,1.89E+08
29581,2.41E+08
29582,2.47E+08
29583,2.29E+08
29584,2.23E+08
29585,1.66E+07
29586,2.21E+08
29587,2.16E+08
29588,2.11E+08
29589,1.98E+08
29590,1.25E+08
29591,2.41E+08
29592,2.63E+08
29593,2.40E+08
29594,2.59E+08
29595,2.52E+08
29596,1.58E+08
29597,2.14E+08
29598,1.64E+08
29599,2.11E+08
29600,1.97E+08
29601,9.26E+07
29602,2.03E+08
29603,1.24E+08
29604,8.13E+07
29605,2.35E+08
29606,2.33E+08
29607,8.22E+07
29608,1.44E+08
29609,8.40E+07
29610,1.12E+08
29611,2.35E+08
29612,1.31E+08
29613,8.67E+07
29614,1.58E+08
29615,1.54E+08
29616,1.64E+08
29617,1.58E+08
29618,2.29E+08
29619,2.31E+08
29620,2.11E+08
29621,2.31E+08
29622,2.24E+08
29623,2.32E+08
29624,2.55E+08
29625,1.28E+08
29626,3.45E+07
29627,1.83E+08
29628,1.83E+08
29629,1.83E+08
29630,1.72E+08
29631,2.22E+08
29632,2.29E+08
29633,2.66E+08
29634,2.58E+08
29635,2.16E+08
29636,1.01E+08
29637,1.30E+08
29638,2.24E+08
29639,1.97E+08
29640,1.79E+08
29641,2.08E+08
29642,1.77E+08
29643,1.89E+08
29644,2.09E+08
29645,2.33E+08
29646,2.35E+08
29647,2.31E+08
29648,2.44E+08
29649,1.86E+08
29650,1.75E+08
29651,2.10E+08
29652,2.12E+08
29653,2.27E+08
29654,1.95E+08
29655,2.17E+08
29656,1.96E+08
29657,1.46E+08
29658,1.84E+08
29659,1.43E+08
29660,2.30E+08
29661,2.21E+08
29662,2.32E+08
29663,2.15E+08
29664,6.24E+07
29665,9.96E+07
29666,2.33E+08
29667,1.85E+08
29668,8.70E+07
29669,1.03E+08
29670,1.80E+08
29671,5.46E+07
29672,5.77E+07
29673,1.98E+08
29674,1.49E+08
29675,1.71E+08
29676,1.45E+08
29677,1.86E+08
29678,1.32E+08
29679,1.65E+08
29680,9.86E+07
29681,1.74E+08
29682,1.59E+08
29683,9.98E+07
29684,2.64E+08
29685,7.05E+07
29686,1.57E+08
29687,1.80E+08
29688,2.21E+08
29689,2.32E+08
29690,2.45E+08
29691,2.21E+08
29692,2.33E+08
29693,2.16E+08
29694,2.16E+08
29695,1.67E+08
29696,7.26E+07
29697,5.87E+07
29698,2.58E+08
29699,1.74E+08
29700,2.65E+08
29701,2.63E+08
29702,2.67E+08
29703,2.27E+08
29704,5.81E+07
29705,2.73E+08
29706,2.84E+08
29707,2.49E+08
29708,1.86E+08
29709,2.01E+08
29710,1.31E+08
29711,1.39E+08
29712,1.69E+08
29713,1.57E+08
29714,2.27E+08
29715,2.09E+08
29716,1.52E+08
29717,2.54E+08
29718,9.94E+07
29719,8.54E+07
29720,1.64E+08
29721,1.96E+08
29722,1.91E+08
29723,1.97E+08
29724,1.06E+08
29725,2.25E+08
29726,1.47E+08
29727,2.38E+08
29728,2.35E+08
29729,2.40E+08
29730,2.46E+08
29731,3.98E+07
29732,1.40E+08
29733,2.24E+08
29734,2.64E+08
29735,2.43E+08
29736,2.53E+08
29737,4.80E+07
29738,5.53E+07
29739,1.58E+08
29740,1.65E+08
29741,5.52E+07
29742,1.89E+08
29743,1.93E+08
29744,2.10E+08
29745,1.64E+08
29746,2.13E+08
29747,1.24E+08
29748,1.41E+08
29749,1.52E+08
29750,2.25E+08
29751,3.12E+08
29752,1.39E+08
29753,1.60E+08
29754,1.88E+08
29755,1.58E+08
29756,1.56E+08
29757,1.83E+08
29758,1.17E+08
29759,1.05E+08
29760,1.08E+08
29761,2.32E+08
29762,1.61E+08
29763,9.78E+07
29764,1.38E+08
29765,2.50E+08
29766,1.32E+08
29767,1.88E+08
29768,1.77E+08
29769,2.31E+08
29770,1.85E+08
29771,2.64E+08
29772,5.14E+07
29773,2.05E+08
29774,1.86E+08
29775,1.96E+08
29776,2.03E+08
29777,1.04E+08
29778,2.52E+08
29779,2.22E+08
29780,1.08E+08
29781,1.12E+08
29782,1.17E+08
29783,2.79E+08
29784,2.55E+08
29785,1.54E+08
29786,1.80E+08
29787,1.66E+08
29788,1.37E+08
29789,1.84E+08
29790,2.21E+08
29791,1.24E+08
29792,1.49E+08
29793,2.17E+08
29794,2.66E+08
29795,2.72E+08
29796,2.80E+08
29797,2.70E+08
29798,2.51E+08
29799,1.40E+08
29800,1.84E+08
29801,4.22E+07
29802,1.78E+08
29803,1.67E+08
29804,1.90E+08
29805,1.80E+08
29806,1.89E+08
29807,2.17E+08
29808,1.93E+08
29809,1.62E+08
29810,1.55E+08
29811,1.69E+08
29812,2.15E+08
29813,1.62E+08
29814,1.41E+08
29815,2.11E+08
29816,2.05E+08
29817,2.23E+08
29818,2.14E+08
29819,1.78E+08
29820,1.46E+08
29821,1.69E+08
29822,1.91E+08
29823,1.15E+08
29824,2.55E+08
29825,2.74E+08
29826,2.67E+08
29827,2.68E+08
29828,1.87E+08
29829,1.94E+08
29830,2.42E+08
29831,2.46E+08
29832,1.49E+08
29833,1.82E+08
29834,1.58E+08
29835,1.31E+08
29836,2.44E+08
29837,1.34E+08
29838,1.15E+08
29839,1.82E+08
29840,5.23E+07
29841,5.82E+07
29842,1.89E+08
29843,5.15E+07
29844,2.47E+08
29845,2.54E+08
29846,1.84E+08
29847,1.78E+08
29848,1.98E+08
29849,1.94E+08
29850,2.17E+08
29851,1.27E+08
29852,2.27E+08
29853,2.12E+08
29854,2.36E+08
29855,2.09E+08
29856,1.61E+08
29857,2.17E+08
29858,3.29E+08
29859,2.68E+08
29860,2.10E+08
29861,1.90E+08
29862,1.85E+08
29863,2.43E+08
29864,2.15E+08
29865,2.34E+08
29866,1.92E+08
29867,2.41E+08
29868,2.62E+08
29869,2.79E+08
29870,1.07E+08
29871,2.73E+08
29872,2.83E+07
29873,2.52E+08
29874,5.28E+07
29875,2.18E+08
29876,2.12E+08
29877,2.06E+08
29878,1.55E+08
29879,1.52E+08
29880,2.07E+08
29881,3.41E+07
29882,2.15E+08
29883,1.83E+08
29884,2.06E+08
29885,2.56E+08
29886,6.58E+07
29887,7.73E+07
29888,2.20E+08
29889,2.35E+08
29890,2.41E+08
29891,6.02E+07
29892,1.52E+08
29893,2.18E+08
29894,2.41E+08
29895,2.55E+08
29896,2.84E+08
29897,1.40E+08
29898,8.48E+07
29899,2.24E+08
29900,2.75E+08
29901,2.50E+08
