NodeNumber,Equivalent Stress (Pa)
1,1.30E+07
2,1.23E+07
3,5.55E+06
4,3.91E+06
5,5.91E+06
6,4.45E+06
7,5.36E+06
8,1.20E+07
9,1.21E+07
10,4.03E+06
11,3.89E+06
12,5.49E+06
13,3.82E+06
14,5.02E+06
15,1.94E+08
16,1.86E+08
17,1.50E+08
18,8.07E+07
19,4.01E+07
20,8.30E+07
21,1.47E+08
22,2.00E+08
23,1.95E+08
24,1.51E+08
25,7.49E+07
26,2.91E+07
27,7.32E+07
28,1.39E+08
29,40385
30,3.35E+07
31,1.39E+05
32,8.10E+05
33,3.30E+06
34,9.36E+06
35,2.38E+07
36,61912
37,6.36E+06
38,2.14E+05
39,9.48E+05
40,3.45E+06
41,8.32E+06
42,1.12E+07
43,5.34E+06
44,1.0191
45,159.54
46,2.2474
47,10.444
48,32.932
49,84.138
50,134.98
51,0.79237
52,48.793
53,2.6832
54,12.874
55,40.035
56,62.059
57,75.071
58,1.62E+07
59,1.03E+07
60,2.69E+06
61,1.19E+07
62,1.60E+07
63,1.80E+08
64,1.38E+08
65,1.60E+08
66,1.43E+08
67,1.78E+08
68,1.92E+08
69,1.93E+08
70,1.83E+08
71,1.52E+08
72,1.58E+08
73,1.49E+08
74,1.72E+08
75,1.96E+08
76,9.22E+07
77,1.52E+08
78,1.29E+08
79,1.17E+08
80,9.07E+07
81,9.50E+07
82,9.64E+07
83,9.85E+07
84,1.00E+08
85,1.02E+08
86,1.00E+08
87,1.02E+08
88,3.36E+05
89,1.87E+06
90,6.35E+06
91,1.04E+07
92,1.61E+07
93,2.29E+07
94,3.44E+07
95,4.95E+07
96,6.73E+07
97,8.99E+07
98,1.15E+08
99,1.29E+08
100,1.33E+08
101,1.34E+08
102,4.26E+05
103,1.44E+06
104,2.73E+06
105,4.10E+06
106,4.58E+06
107,3.72E+06
108,2.63E+06
109,1.22E+06
110,1.15E+08
111,1.35E+08
112,1.33E+08
113,1.30E+08
114,1.16E+08
115,9.34E+07
116,7.03E+07
117,5.15E+07
118,3.61E+07
119,2.55E+07
120,1.75E+07
121,1.12E+07
122,5.78E+06
123,1.91E+06
124,9.29E+07
125,1.07E+08
126,1.02E+08
127,1.00E+08
128,9.87E+07
129,9.74E+07
130,9.93E+07
131,9.58E+07
132,9.32E+07
133,1.53E+08
134,1.28E+08
135,1.22E+08
136,6.28E+07
137,6.77E+07
138,1.09E+08
139,8.98E+07
140,9.83E+07
141,8.87E+07
142,7.82E+07
143,8.49E+07
144,8.94E+07
145,7.89E+07
146,7.45E+07
147,8.31E+07
148,9.09E+07
149,8.83E+07
150,2.35E+07
151,9.57E+06
152,3.21E+06
153,8.18E+05
154,1.51E+05
155,139.5
156,81.094
157,33.297
158,10.58
159,2.2356
160,4.32E+07
161,2.48E+07
162,1.73E+07
163,4.21E+07
164,5.86E+07
165,6.77E+07
166,7.14E+07
167,6.78E+07
168,6.30E+07
169,5.41E+07
170,1.18E+08
171,2.57E+07
172,1.59E+07
173,9.94E+07
174,7.73E+07
175,7.31E+07
176,8.11E+07
177,8.32E+07
178,6.91E+07
179,8.39E+07
180,8.39E+07
181,9.63E+07
182,8.44E+07
183,3.617
184,2.57E+07
185,1.52E+07
186,6.24E+06
187,1.35E+06
188,3.34E+05
189,84926
190,18591
191,4320.1
192,892.59
193,229.87
194,44.017
195,9.0381
196,3.1598
197,3.0879
198,2.8668
199,2.1427
200,1.1009
201,2.3721
202,2.8881
203,2.9215
204,7.9649
205,37.099
206,157.01
207,633.47
208,3029.5
209,12792
210,51459
211,2.54E+05
212,1.09E+06
213,4.82E+06
214,1.66E+07
215,2.62E+07
216,1.67E+08
217,6.63E+07
218,1.71E+08
219,1.86E+08
220,1.95E+08
221,1.95E+08
222,1.91E+08
223,2.04E+08
224,2.04E+08
225,2.05E+08
226,1.97E+08
227,2.04E+08
228,1.95E+08
229,2.19E+08
230,1.96E+08
231,2.08E+08
232,2.07E+08
233,2.01E+08
234,1.99E+08
235,2.20E+08
236,2.01E+08
237,2.01E+08
238,2.17E+08
239,2.02E+08
240,2.05E+08
241,2.05E+08
242,2.00E+08
243,1.97E+08
244,2.02E+08
245,2.02E+08
246,2.00E+08
247,1.88E+08
248,1.83E+08
249,1.86E+08
250,1.91E+08
251,1.77E+08
252,1.84E+08
253,1.80E+08
254,1.71E+08
255,1.74E+08
256,1.73E+08
257,1.78E+08
258,1.59E+08
259,1.56E+08
260,1.55E+08
261,1.54E+08
262,1.40E+08
263,1.37E+08
264,1.37E+08
265,1.38E+08
266,1.24E+08
267,1.19E+08
268,1.05E+08
269,1.00E+08
270,9.06E+07
271,5.10E+07
272,5.46E+07
273,4.93E+07
274,1.22E+08
275,8.76E+07
276,1.01E+08
277,1.09E+08
278,1.25E+08
279,1.31E+08
280,1.39E+08
281,1.29E+08
282,1.41E+08
283,1.45E+08
284,1.53E+08
285,1.57E+08
286,1.61E+08
287,1.68E+08
288,1.66E+08
289,1.63E+08
290,1.82E+08
291,1.78E+08
292,1.67E+08
293,1.84E+08
294,1.78E+08
295,1.78E+08
296,1.84E+08
297,1.85E+08
298,2.07E+08
299,1.80E+08
300,1.79E+08
301,1.96E+08
302,1.90E+08
303,1.98E+08
304,2.00E+08
305,1.95E+08
306,1.88E+08
307,2.02E+08
308,1.99E+08
309,1.85E+08
310,1.87E+08
311,1.97E+08
312,1.94E+08
313,1.87E+08
314,1.85E+08
315,1.91E+08
316,1.84E+08
317,1.85E+08
318,1.82E+08
319,1.92E+08
320,1.84E+08
321,1.81E+08
322,1.82E+08
323,1.80E+08
324,1.73E+08
325,1.62E+08
326,1.52E+08
327,1.44E+08
328,1.75E+08
329,1.90E+08
330,6.63E+05
331,1.57E+08
332,1.91E+06
333,5.16E+06
334,1.17E+07
335,1.78E+07
336,2.57E+07
337,3.55E+07
338,4.76E+07
339,6.49E+07
340,8.49E+07
341,1.04E+08
342,1.20E+08
343,1.25E+08
344,1.23E+08
345,1.17E+08
346,1.12E+08
347,1.13E+08
348,6.23E+07
349,2.72E+07
350,5.06E+07
351,9.98E+05
352,1.29E+06
353,2.26E+06
354,3.74E+06
355,4.47E+06
356,3.84E+06
357,2.61E+06
358,1.48E+06
359,1.19E+08
360,1.13E+08
361,1.13E+08
362,1.19E+08
363,1.24E+08
364,1.24E+08
365,1.15E+08
366,9.73E+07
367,7.64E+07
368,5.70E+07
369,4.00E+07
370,3.01E+07
371,2.08E+07
372,1.37E+07
373,7.86E+06
374,2.81E+06
375,7.26E+07
376,2.92E+07
377,4.85E+07
378,1.53E+07
379,1.17E+07
380,1.22E+06
381,1.12E+07
382,1.59E+07
383,2.07E+08
384,1.49E+08
385,1.08E+08
386,1.47E+08
387,2.00E+08
388,6.87E+07
389,9.41E+07
390,9.89E+07
391,1.07E+08
392,1.14E+08
393,1.20E+08
394,1.30E+08
395,1.46E+08
396,1.39E+08
397,1.46E+08
398,1.49E+08
399,1.53E+08
400,1.56E+08
401,1.71E+08
402,1.63E+08
403,1.76E+08
404,1.69E+08
405,1.76E+08
406,1.64E+08
407,2.02E+08
408,1.79E+08
409,1.84E+08
410,1.90E+08
411,1.92E+08
412,1.92E+08
413,1.93E+08
414,1.99E+08
415,1.97E+08
416,2.04E+08
417,2.09E+08
418,2.07E+08
419,2.00E+08
420,2.06E+08
421,2.18E+08
422,2.00E+08
423,2.18E+08
424,2.13E+08
425,2.00E+08
426,2.19E+08
427,2.03E+08
428,2.07E+08
429,2.22E+08
430,2.05E+08
431,1.96E+08
432,2.13E+08
433,1.97E+08
434,2.16E+08
435,1.99E+08
436,1.99E+08
437,2.00E+08
438,1.99E+08
439,1.86E+08
440,1.86E+08
441,1.78E+08
442,8.87E+07
443,1.04E+08
444,1.33E+08
445,1.75E+08
446,2.05E+08
447,2.27E+08
448,1.98E+08
449,1.61E+08
450,1.27E+08
451,8.64E+07
452,1.20E+08
453,7.91E+07
454,5.10E+07
455,3.87E+07
456,1.87E+08
457,1.73E+08
458,7.68E+07
459,5.28E+07
460,3.76E+07
461,8.95E+07
462,9.27E+07
463,6.31E+07
464,6.88E+07
465,5.05E+07
466,1.41E+08
467,1.53E+08
468,1.59E+08
469,1.66E+08
470,1.73E+08
471,1.74E+08
472,1.87E+08
473,1.75E+08
474,1.90E+08
475,1.89E+08
476,2.01E+08
477,1.77E+08
478,1.93E+08
479,1.85E+08
480,1.97E+08
481,1.89E+08
482,1.95E+08
483,1.85E+08
484,1.95E+08
485,1.92E+08
486,2.00E+08
487,2.02E+08
488,1.93E+08
489,1.88E+08
490,1.92E+08
491,1.81E+08
492,1.96E+08
493,1.90E+08
494,1.98E+08
495,1.84E+08
496,1.81E+08
497,1.89E+08
498,1.88E+08
499,1.75E+08
500,1.80E+08
501,1.80E+08
502,1.70E+08
503,1.71E+08
504,1.60E+08
505,1.67E+08
506,1.65E+08
507,1.58E+08
508,1.69E+08
509,1.52E+08
510,1.46E+08
511,1.44E+08
512,1.36E+08
513,1.31E+08
514,1.26E+08
515,1.19E+08
516,1.12E+08
517,1.06E+08
518,8.57E+07
519,5.08E+07
520,5.65E+07
521,0.91609
522,7.1248
523,31.542
524,140.78
525,723.07
526,2839.8
527,12223
528,56113
529,2.30E+05
530,6.60E+05
531,2.53E+06
532,8.53E+06
533,1.83E+07
534,3.73E+07
535,5.28E+07
536,6.79E+07
537,8.09E+07
538,1.1108
539,7.90E+07
540,6.17E+07
541,4.34E+07
542,2.70E+07
543,1.25E+07
544,5.02E+06
545,1.71E+06
546,3.74E+05
547,87696
548,19230
549,5170
550,1012.1
551,235.61
552,54.441
553,9.8472
554,1.19E+07
555,8.91E+06
556,3.36E+06
557,1.00E+06
558,2.44E+05
559,77.097
560,62.976
561,40.515
562,12.997
563,2.5798
564,6.22E+07
565,7.60E+07
566,8.61E+07
567,9.50E+07
568,1.12E+08
569,1.02E+08
570,1.05E+08
571,1.18E+08
572,9.89E+07
573,8.48E+07
574,6.66E+07
575,0.67671
576,0.69698
577,0.62269
578,0.78398
579,0.58192
580,0.5261
581,0.80367
582,1.24E+08
583,8.29E+07
584,6.13E+07
585,4.56E+07
586,3.07E+07
587,1.73E+07
588,2.15E+07
589,3.18E+07
590,4.73E+07
591,5.15E+07
592,4.76E+07
593,4.78E+07
594,5.15E+07
595,4.63E+07
596,3.30E+07
597,2.01E+07
598,1.76E+07
599,3.03E+07
600,4.57E+07
601,6.16E+07
602,8.19E+07
603,1.23E+08
604,5.09E+07
605,5.69E+07
606,5.94E+07
607,6.57E+07
608,8.72E+07
609,6.67E+07
610,7.81E+07
611,9.89E+07
612,7.16E+07
613,8.28E+07
614,9.57E+07
615,9.78E+07
616,8.72E+07
617,1.17E+08
618,1.43E+08
619,1.11E+08
620,1.74E+08
621,1.16E+08
622,1.22E+08
623,1.29E+08
624,1.43E+08
625,2.04E+08
626,1.66E+08
627,1.35E+08
628,1.78E+08
629,1.52E+08
630,1.48E+08
631,1.58E+08
632,1.41E+08
633,1.33E+08
634,1.31E+08
635,1.32E+08
636,1.38E+08
637,5.72E+07
638,1.42E+08
639,1.35E+08
640,5.85E+07
641,5.69E+07
642,5.86E+07
643,9.66E+07
644,8.15E+07
645,1.11E+08
646,1.42E+08
647,5.61E+07
648,1.43E+08
649,1.09E+08
650,7.33E+07
651,5.77E+07
652,6.32E+07
653,5.97E+07
654,5.94E+07
655,5.67E+07
656,5.82E+07
657,5.83E+07
658,5.52E+07
659,1.51E+08
660,1.31E+08
661,1.40E+08
662,1.17E+08
663,5.68E+07
664,5.21E+07
665,5.28E+07
666,5.19E+07
667,7.76E+07
668,6.25E+07
669,5.77E+07
670,5.60E+07
671,5.78E+07
672,5.42E+07
673,5.06E+07
674,4.73E+07
675,4.75E+07
676,4.69E+07
677,4.75E+07
678,5.00E+07
679,5.02E+07
680,4.80E+07
681,5.97E+07
682,5.95E+07
683,5.27E+07
684,4.70E+07
685,4.73E+07
686,5.72E+07
687,6.68E+07
688,6.84E+07
689,5.53E+07
690,5.93E+07
691,4.82E+07
692,3.94E+07
693,4.27E+07
694,4.32E+07
695,3.12E+07
696,3.39E+07
697,5.67E+07
698,3.84E+07
699,4.25E+07
700,3.23E+07
701,6.98E+07
702,6.00E+07
703,4.88E+07
704,6.75E+07
705,5.76E+07
706,4.97E+07
707,4.97E+07
708,4.58E+07
709,5.33E+07
710,5.84E+07
711,3.65E+07
712,3.84E+07
713,4.73E+07
714,4.23E+07
715,4.09E+07
716,3.30E+07
717,3.83E+07
718,5.71E+07
719,5.19E+07
720,7.75E+07
721,5.05E+07
722,3.40E+07
723,4.59E+07
724,3.42E+07
725,5.45E+07
726,5.39E+07
727,4.49E+07
728,3.77E+07
729,1.29E+08
730,8.85E+07
731,2.15E+08
732,2.27E+08
733,2.38E+08
734,2.14E+08
735,2.46E+08
736,2.33E+08
737,2.43E+08
738,2.25E+08
739,2.47E+08
740,2.60E+08
741,2.61E+08
742,2.61E+08
743,2.70E+08
744,2.59E+08
745,2.79E+08
746,2.60E+08
747,2.61E+08
748,2.62E+08
749,2.74E+08
750,2.77E+08
751,2.67E+08
752,2.71E+08
753,2.76E+08
754,2.92E+08
755,2.65E+08
756,2.74E+08
757,2.69E+08
758,2.81E+08
759,2.70E+08
760,2.69E+08
761,2.54E+08
762,2.51E+08
763,2.66E+08
764,2.59E+08
765,2.54E+08
766,2.56E+08
767,2.47E+08
768,2.57E+08
769,2.47E+08
770,2.47E+08
771,2.41E+08
772,2.40E+08
773,2.93E+08
774,2.75E+08
775,2.67E+08
776,2.89E+08
777,2.75E+08
778,2.84E+08
779,2.79E+08
780,2.81E+08
781,2.72E+08
782,2.93E+08
783,2.71E+08
784,2.91E+08
785,2.85E+08
786,2.88E+08
787,2.88E+08
788,2.80E+08
789,2.66E+08
790,2.83E+08
791,2.76E+08
792,2.71E+08
793,2.98E+08
794,2.76E+08
795,2.81E+08
796,2.90E+08
797,2.66E+08
798,2.69E+08
799,2.79E+08
800,2.58E+08
801,2.76E+08
802,2.83E+08
803,2.74E+08
804,2.72E+08
805,2.59E+08
806,2.83E+08
807,2.59E+08
808,2.91E+08
809,2.49E+08
810,2.65E+08
811,2.59E+08
812,2.54E+08
813,2.50E+08
814,2.46E+08
815,2.02E+08
816,2.01E+08
817,1.95E+08
818,2.10E+08
819,2.05E+08
820,2.08E+08
821,2.13E+08
822,2.19E+08
823,2.23E+08
824,2.23E+08
825,2.35E+08
826,2.23E+08
827,2.41E+08
828,1.97E+08
829,1.91E+08
830,1.93E+08
831,1.84E+08
832,1.75E+08
833,1.80E+08
834,2.24E+08
835,2.32E+08
836,1.58E+08
837,1.52E+08
838,1.61E+08
839,1.76E+08
840,1.39E+08
841,1.40E+08
842,1.32E+08
843,1.34E+08
844,1.18E+08
845,1.18E+08
846,1.08E+08
847,1.04E+08
848,1.82E+08
849,8.84E+07
850,2.28E+08
851,2.16E+08
852,2.32E+08
853,2.10E+08
854,2.36E+08
855,2.73E+08
856,2.60E+08
857,2.89E+08
858,2.79E+08
859,2.79E+08
860,2.71E+08
861,2.97E+08
862,2.59E+08
863,2.74E+08
864,2.76E+08
865,2.83E+08
866,2.63E+08
867,2.82E+08
868,2.76E+08
869,2.85E+08
870,2.81E+08
871,2.86E+08
872,2.61E+08
873,2.80E+08
874,2.76E+08
875,2.84E+08
876,2.85E+08
877,2.70E+08
878,2.72E+08
879,2.70E+08
880,2.82E+08
881,2.70E+08
882,2.86E+08
883,2.51E+08
884,2.84E+08
885,2.72E+08
886,2.74E+08
887,2.71E+08
888,2.74E+08
889,2.83E+08
890,2.67E+08
891,2.77E+08
892,2.76E+08
893,2.55E+08
894,2.78E+08
895,2.53E+08
896,2.59E+08
897,2.60E+08
898,2.58E+08
899,2.62E+08
900,2.54E+08
901,2.61E+08
902,2.54E+08
903,2.47E+08
904,2.53E+08
905,2.40E+08
906,2.64E+08
907,2.49E+08
908,2.49E+08
909,2.59E+08
910,2.34E+08
911,2.47E+08
912,2.52E+08
913,2.68E+08
914,2.57E+08
915,2.45E+08
916,2.50E+08
917,2.37E+08
918,2.62E+08
919,2.90E+08
920,2.76E+08
921,2.74E+08
922,2.67E+08
923,2.58E+08
924,2.79E+08
925,2.81E+08
926,2.71E+08
927,2.22E+08
928,2.41E+08
929,2.58E+08
930,2.28E+08
931,2.49E+08
932,2.43E+08
933,2.30E+08
934,2.40E+08
935,2.26E+08
936,2.34E+08
937,2.25E+08
938,2.24E+08
939,2.29E+08
940,2.23E+08
941,2.24E+08
942,2.26E+08
943,2.09E+08
944,2.24E+08
945,2.01E+08
946,2.15E+08
947,2.07E+08
948,1.93E+08
949,1.88E+08
950,1.82E+08
951,1.93E+08
952,1.77E+08
953,1.82E+08
954,1.82E+08
955,1.78E+08
956,1.81E+08
957,1.70E+08
958,1.62E+08
959,1.53E+08
960,1.69E+08
961,1.53E+08
962,1.36E+08
963,1.37E+08
964,1.34E+08
965,1.16E+08
966,1.04E+08
967,1.27E+08
968,1.05E+08
969,4.20E+07
970,4.25E+07
971,7.85E+07
972,9.49E+07
973,1.14E+07
974,9.80E+07
975,8.88E+07
976,8.82E+07
977,7.50E+07
978,7.69E+07
979,7.16E+07
980,7.70E+07
981,8.61E+07
982,8.13E+07
983,7.95E+07
984,7.78E+07
985,8.82E+07
986,7.78E+07
987,8.21E+07
988,7.91E+07
989,8.18E+07
990,6.74E+07
991,8.10E+07
992,7.32E+07
993,6.26E+07
994,5.95E+07
995,7.91E+07
996,6.69E+07
997,7.20E+07
998,6.19E+07
999,7.34E+07
1000,8.29E+07
1001,8.08E+07
1002,8.36E+07
1003,8.61E+07
1004,7.51E+07
1005,7.34E+07
1006,7.62E+07
1007,6.72E+07
1008,7.47E+07
1009,7.43E+07
1010,7.33E+07
1011,7.08E+07
1012,8.24E+07
1013,8.22E+07
1014,6.31E+07
1015,6.52E+07
1016,5.87E+07
1017,6.48E+07
1018,9.07E+07
1019,7.90E+07
1020,9.99E+07
1021,7.92E+07
1022,7.88E+07
1023,7.59E+07
1024,7.91E+07
1025,8.40E+07
1026,7.98E+07
1027,8.02E+07
1028,7.92E+07
1029,1.15E+07
1030,4592.4
1031,1.59E+07
1032,1.47E+07
1033,165.41
1034,1.89E+05
1035,228.52
1036,1.87E+05
1037,1.89E+07
1038,2.08E+07
1039,639.86
1040,10.951
1041,2.73E+06
1042,32065
1043,18.001
1044,2.64E+06
1045,3493.6
1046,16593
1047,1.43E+07
1048,3.87E+07
1049,1.73E+07
1050,1283.9
1051,1266.4
1052,55594
1053,3.93E+07
1054,3.00E+07
1055,2.82E+07
1056,74.384
1057,1.79E+07
1058,1507.5
1059,109.26
1060,5.02E+06
1061,2.51E+06
1062,19637
1063,361.16
1064,3.72E+05
1065,3.9754
1066,4.4398
1067,4499.8
1068,2.21E+07
1069,2.25E+05
1070,3.80E+07
1071,1.90E+07
1072,1.54E+07
1073,1.75E+07
1074,47449
1075,2.41E+07
1076,1.40E+07
1077,44.294
1078,5.59E+06
1079,13.837
1080,11.978
1081,1.39E+07
1082,53691
1083,70.302
1084,2.78E+07
1085,235.72
1086,1.46E+07
1087,1.12E+05
1088,6.15E+06
1089,1.72E+07
1090,1.77E+07
1091,53625
1092,4.23E+07
1093,4.21E+05
1094,9.01E+06
1095,5.00E+07
1096,81.67
1097,1.34E+07
1098,2.18E+07
1099,2.26E+07
1100,1.30E+07
1101,8.46E+05
1102,15753
1103,5.45E+07
1104,336.5
1105,2.06E+07
1106,2.30E+07
1107,4.85E+07
1108,16184
1109,58892
1110,757.78
1111,1.60E+07
1112,50650
1113,3844
1114,506.65
1115,145.84
1116,1.1497
1117,370.96
1118,4.66E+07
1119,318.58
1120,12418
1121,1.65E+06
1122,6.48E+06
1123,4.24E+06
1124,2.03E+07
1125,31.968
1126,1.27E+05
1127,1.12E+05
1128,4.20E+05
1129,5.4453
1130,5.8985
1131,1.67E+06
1132,2.127
1133,4607.9
1134,5.02E+07
1135,13469
1136,3.69E+07
1137,3.09E+07
1138,1.58E+06
1139,3.0306
1140,2.76E+07
1141,3.04E+07
1142,1.08E+06
1143,5.222
1144,5.735
1145,2.13E+07
1146,23.029
1147,7.12E+05
1148,41626
1149,963.52
1150,20.115
1151,6.11E+06
1152,1.94E+07
1153,39.627
1154,182
1155,1845.1
1156,7.41E+06
1157,1483.8
1158,1.93E+07
1159,44.475
1160,4.49E+07
1161,2.63E+07
1162,5614.5
1163,1.0251
1164,4.71E+06
1165,1.78E+07
1166,1.30E+05
1167,83.514
1168,1.48E+05
1169,723.16
1170,1.13E+07
1171,3.81E+07
1172,3.17E+05
1173,48.357
1174,1.75E+07
1175,1.16E+07
1176,6.2088
1177,6.5324
1178,145.1
1179,5.44E+05
1180,3.51E+07
1181,1.01E+05
1182,81431
1183,3.01E+07
1184,23.738
1185,3.73E+07
1186,1.34E+08
1187,1.34E+08
1188,2.01E+07
1189,1.90E+07
1190,7.79E+07
1191,7.94E+07
1192,1.31E+08
1193,1.32E+08
1194,2.03E+07
1195,4.78E+06
1196,6.60E+06
1197,1.35E+08
1198,1.35E+08
1199,3.88E+07
1200,1.23E+08
1201,3.84E+07
1202,1.27E+08
1203,1.02E+08
1204,1.04E+08
1205,4.68E+06
1206,1.43E+07
1207,1.32E+07
1208,3.37E+07
1209,1.41E+08
1210,1.43E+08
1211,5.08E+07
1212,1.64E+07
1213,2.77E+07
1214,1.29E+08
1215,1.23E+08
1216,2.65E+07
1217,1.43E+08
1218,1.61E+07
1219,1.24E+08
1220,1.27E+08
1221,4.87E+06
1222,3.85E+07
1223,1.46E+08
1224,4.75E+07
1225,9.39E+07
1226,4.80E+06
1227,5.16E+07
1228,1.45E+08
1229,1.28E+08
1230,1.25E+08
1231,1.19E+08
1232,1.27E+08
1233,1.05E+07
1234,1.12E+07
1235,1.88E+07
1236,1.28E+08
1237,3.87E+07
1238,1.50E+08
1239,1.29E+08
1240,1.27E+08
1241,1.30E+08
1242,1.15E+08
1243,1.13E+08
1244,1.04E+08
1245,1.23E+08
1246,4.90E+07
1247,1.29E+08
1248,4.84E+06
1249,5.42E+07
1250,8.57E+06
1251,1.22E+08
1252,1.09E+08
1253,1.11E+08
1254,2.53E+06
1255,1.37E+07
1256,2.05E+07
1257,3.79E+06
1258,9.41E+06
1259,1.07E+08
1260,1.12E+08
1261,2.52E+07
1262,6.52E+07
1263,4.54E+07
1264,2.88E+07
1265,1.31E+08
1266,1.27E+08
1267,1.09E+08
1268,1.20E+08
1269,1.49E+07
1270,9.15E+06
1271,5.10E+07
1272,2.13E+07
1273,1.10E+08
1274,1.25E+08
1275,3.56E+06
1276,2.75E+07
1277,1.47E+08
1278,1.57E+08
1279,1.59E+08
1280,6.97E+07
1281,5.04E+06
1282,4.43E+07
1283,1.20E+08
1284,2.05E+06
1285,1.34E+08
1286,1.54E+07
1287,9.79E+07
1288,1.15E+08
1289,1.18E+08
1290,1.18E+08
1291,1.21E+08
1292,1.56E+07
1293,1.20E+08
1294,8.52E+07
1295,1.59E+08
1296,1.42E+08
1297,4.71E+06
1298,1.43E+08
1299,1.52E+08
1300,7.86E+06
1301,9.62E+07
1302,5.00E+07
1303,1.23E+08
1304,1.25E+08
1305,1.29E+08
1306,4.59E+06
1307,3.59E+06
1308,4.48E+06
1309,1.28E+08
1310,4.56E+07
1311,1.68E+08
1312,1.38E+08
1313,1.63E+08
1314,1.49E+08
1315,4.47E+06
1316,5.32E+07
1317,1.19E+08
1318,1.62E+07
1319,1.38E+08
1320,1.49E+08
1321,1.18E+08
1322,1.35E+08
1323,1.06E+07
1324,1.51E+08
1325,9.65E+07
1326,1.38E+07
1327,1.24E+08
1328,1.58E+07
1329,6.38E+07
1330,8.31E+06
1331,6.74E+07
1332,1.07E+08
1333,1.33E+08
1334,2.56E+07
1335,1.29E+08
1336,3.93E+07
1337,3.06E+07
1338,1.35E+08
1339,1.16E+08
1340,1.36E+08
1341,6.55E+06
1342,6.76E+07
1343,1.07E+08
1344,1.36E+07
1345,1.15E+07
1346,9.93E+06
1347,5766
1348,3.69E+07
1349,4.19E+07
1350,4.72E+07
1351,6.40E+07
1352,6.97E+07
1353,6.42E+07
1354,6.01E+07
1355,6.79E+07
1356,238.25
1357,1.10E+05
1358,107.52
1359,6.42E+07
1360,1.96E+05
1361,7.82E+07
1362,4.49E+07
1363,2.63E+07
1364,2.67E+07
1365,561.77
1366,6.56E+07
1367,6.16E+07
1368,7.6514
1369,37781
1370,2.47E+06
1371,21.41
1372,1.79E+06
1373,12207
1374,2570.4
1375,1.99E+07
1376,6.69E+07
1377,7.22E+07
1378,8.10E+07
1379,7.68E+07
1380,7.17E+07
1381,8.40E+07
1382,1.43E+07
1383,2.78E+07
1384,1.11E+08
1385,1.12E+08
1386,550.28
1387,5.92E+07
1388,1.09E+08
1389,2.00E+07
1390,35054
1391,3.96E+07
1392,9.24E+07
1393,7.33E+07
1394,7.39E+07
1395,9.51E+07
1396,8.55E+07
1397,3.59E+07
1398,8.04E+07
1399,1.08E+08
1400,5.22E+06
1401,59.494
1402,9.50E+07
1403,1.06E+08
1404,9.51E+07
1405,9.38E+07
1406,1710.3
1407,188.9
1408,2.26E+07
1409,8.91E+07
1410,9.04E+07
1411,1.05E+08
1412,7759.1
1413,1.84E+06
1414,8.85E+07
1415,4.60E+07
1416,6.33E+07
1417,2.89E+05
1418,7.60E+07
1419,4.18E+06
1420,1.01E+08
1421,2.7466
1422,2.4845
1423,6.81E+07
1424,1.34E+07
1425,7.16E+07
1426,7.30E+07
1427,7.15E+07
1428,2.6871
1429,3.31E+05
1430,4.24E+06
1431,185.72
1432,1.14E+08
1433,8.43E+07
1434,8.54E+07
1435,7.94E+06
1436,921.6
1437,7849.4
1438,9.10E+07
1439,4.32E+07
1440,1.37E+07
1441,26547
1442,1.13E+08
1443,1.04E+08
1444,8.51E+07
1445,5.90E+05
1446,9.64E+07
1447,7.34E+07
1448,1.20E+08
1449,1.01E+08
1450,36837
1451,6.56E+07
1452,9.74E+07
1453,59154
1454,1.03E+08
1455,6.79E+06
1456,1.09E+05
1457,9.4159
1458,50.09
1459,3.58E+07
1460,7.40E+07
1461,2.51E+07
1462,9.62E+07
1463,7.23E+07
1464,7.69E+07
1465,1.02E+08
1466,1.44E+07
1467,9.42E+07
1468,4.08E+07
1469,8.39E+06
1470,1.21E+08
1471,110.34
1472,2330.6
1473,6.90E+05
1474,93092
1475,1.52E+07
1476,6.26E+07
1477,8.48E+07
1478,21.053
1479,2.28E+07
1480,9.84E+07
1481,1.28E+08
1482,1436.6
1483,1.05E+08
1484,9.57E+07
1485,9.32E+07
1486,8805.8
1487,31944
1488,4.56E+07
1489,8.26E+07
1490,5.86E+07
1491,533.03
1492,2.32E+06
1493,4.05E+06
1494,3.15E+07
1495,9.60E+07
1496,9.48E+07
1497,6.83E+07
1498,7.34E+07
1499,8.61E+07
1500,370.47
1501,51151
1502,9.27E+07
1503,6.28E+07
1504,0.95933
1505,1.26E+07
1506,2.28E+07
1507,9.23E+07
1508,1.07E+08
1509,2927.3
1510,9.96E+07
1511,6.30E+07
1512,4.28E+07
1513,6.21E+07
1514,14.691
1515,289.13
1516,1.59E+05
1517,11428
1518,113.88
1519,7.50E+06
1520,30.586
1521,5.84E+07
1522,1.01E+08
1523,1.65E+05
1524,2.60E+05
1525,1.72E+06
1526,1.8879
1527,2.28E+07
1528,3.35E+07
1529,9.59E+07
1530,1.40E+07
1531,4.93E+07
1532,71.439
1533,8.68E+07
1534,6.60E+07
1535,1.02E+08
1536,1.01E+08
1537,9.73E+07
1538,1.20E+08
1539,3.78E+07
1540,5.13E+07
1541,4.85E+07
1542,2.5061
1543,8.67E+07
1544,8.47E+07
1545,9.73E+05
1546,1.11E+08
1547,6.15E+07
1548,61.198
1549,4.46E+07
1550,9.21E+05
1551,4.68E+07
1552,2106.4
1553,7.01E+07
1554,577.69
1555,5.19E+07
1556,4.84E+07
1557,9.69E+07
1558,31.783
1559,7.1738
1560,1.58E+07
1561,1.11E+08
1562,8.12E+07
1563,20174
1564,7.96E+05
1565,1173.8
1566,6.65E+07
1567,3.3797
1568,3.4284
1569,1.21E+08
1570,6.10E+07
1571,6.78E+07
1572,12.037
1573,4.08E+06
1574,7.02E+07
1575,35.237
1576,1.17E+08
1577,1.08E+08
1578,8.91E+07
1579,6.8598
1580,7.32E+07
1581,6.29E+06
1582,175.05
1583,5.1797
1584,61014
1585,0.96758
1586,4.50E+07
1587,3.66E+07
1588,2.01E+07
1589,1.01E+05
1590,1.23E+08
1591,1.13E+08
1592,2.48E+06
1593,2.44E+07
1594,134.63
1595,6.55E+07
1596,415.41
1597,19855
1598,1.18E+08
1599,3.59E+07
1600,3.92E+05
1601,7.07E+07
1602,1.28E+08
1603,3.85E+07
1604,9.57E+07
1605,4691.1
1606,1.09E+08
1607,1.24E+08
1608,1.28E+08
1609,1.25E+08
1610,5.46E+07
1611,1.02E+08
1612,1.08E+08
1613,13518
1614,2.58E+07
1615,3.09E+07
1616,7.20E+07
1617,5.7323
1618,1.02E+08
1619,1.28E+07
1620,2.39E+07
1621,1.24E+08
1622,1.27E+08
1623,69.668
1624,1.52E+05
1625,8.88E+07
1626,8.72E+07
1627,9.48E+07
1628,1.22E+08
1629,1.16E+08
1630,1.16E+07
1631,8.90E+07
1632,4.13E+07
1633,9.3848
1634,1.03E+08
1635,1.27E+08
1636,1.31E+08
1637,3.38E+07
1638,1.18E+08
1639,1.16E+08
1640,1.21E+08
1641,1.16E+08
1642,6.77E+07
1643,1.15E+08
1644,1.88E+07
1645,1.21E+08
1646,2.07E+07
1647,8.02E+07
1648,9.21E+07
1649,1.16E+08
1650,1.20E+08
1651,1.18E+08
1652,1.19E+08
1653,1.92E+07
1654,9.12E+07
1655,1.23E+08
1656,5.26E+06
1657,1.08E+08
1658,1.26E+08
1659,6.34E+06
1660,1.09E+08
1661,1.24E+08
1662,1.28E+08
1663,3.83E+07
1664,3.35E+07
1665,1.25E+08
1666,9.85E+07
1667,1.10E+08
1668,1.24E+08
1669,9.91E+07
1670,1.21E+08
1671,1.06E+08
1672,1.31E+08
1673,1.25E+08
1674,4.45E+06
1675,1.23E+08
1676,1.15E+08
1677,1.42E+07
1678,1.35E+07
1679,1.19E+08
1680,1.32E+08
1681,1.43E+08
1682,1.02E+08
1683,1.25E+08
1684,1.14E+08
1685,1.11E+08
1686,1.11E+08
1687,1.20E+08
1688,1.26E+08
1689,1.04E+08
1690,1.64E+07
1691,2.43E+07
1692,1.10E+08
1693,8.20E+07
1694,2.91E+07
1695,3.34E+07
1696,1.20E+08
1697,1.18E+08
1698,1.41E+08
1699,1.68E+07
1700,9.15E+07
1701,4.67E+06
1702,1.07E+08
1703,1.24E+08
1704,5.39E+07
1705,4.20E+07
1706,1.09E+08
1707,4.16E+07
1708,1.23E+08
1709,8.88E+07
1710,1.18E+08
1711,4.63E+06
1712,1.20E+08
1713,1.45E+08
1714,1.31E+08
1715,1.17E+08
1716,1.13E+08
1717,5.58E+07
1718,1.12E+08
1719,1.12E+08
1720,1.07E+07
1721,1.31E+08
1722,1.30E+08
1723,1.18E+08
1724,1.19E+08
1725,1.51E+08
1726,9.14E+07
1727,4.20E+07
1728,1.14E+08
1729,1.39E+08
1730,1.06E+08
1731,1.12E+08
1732,1.02E+08
1733,1.47E+08
1734,1.15E+08
1735,4.76E+07
1736,1.12E+08
1737,9.99E+07
1738,1.11E+08
1739,8.71E+06
1740,1.37E+08
1741,4.63E+06
1742,1.16E+08
1743,1.05E+08
1744,4.93E+07
1745,2.70E+06
1746,1.14E+08
1747,1.26E+08
1748,1.07E+07
1749,1.33E+07
1750,9.79E+06
1751,3.98E+06
1752,1.00E+08
1753,1.20E+08
1754,8.94E+07
1755,1.17E+08
1756,1.25E+08
1757,1.07E+08
1758,4.19E+07
1759,1.12E+08
1760,2.84E+07
1761,8.26E+07
1762,9.90E+07
1763,1.31E+08
1764,1.18E+08
1765,1.24E+08
1766,1.36E+08
1767,1.18E+08
1768,1.18E+08
1769,2.74E+07
1770,1.24E+08
1771,1.09E+08
1772,1.21E+08
1773,9.74E+07
1774,1.14E+08
1775,1.24E+08
1776,1.29E+08
1777,1.18E+08
1778,2.42E+07
1779,1.12E+07
1780,1.20E+08
1781,1.33E+08
1782,1.25E+08
1783,1.21E+08
1784,8.77E+07
1785,1.69E+07
1786,9.37E+07
1787,1.10E+08
1788,1.21E+08
1789,1.17E+08
1790,3.25E+06
1791,1.23E+08
1792,1.05E+08
1793,1.26E+08
1794,1.01E+08
1795,9.68E+07
1796,4.75E+07
1797,3.00E+06
1798,1.18E+08
1799,1.27E+08
1800,1.33E+08
1801,8.45E+07
1802,5.78E+07
1803,1.28E+08
1804,4.26E+07
1805,1.03E+08
1806,1.18E+08
1807,1.12E+08
1808,4.81E+06
1809,7.58E+07
1810,2.61E+07
1811,1.24E+08
1812,1.28E+08
1813,1.20E+08
1814,9.53E+07
1815,1.45E+08
1816,1.31E+08
1817,1.23E+08
1818,1.19E+08
1819,1.22E+08
1820,1.37E+08
1821,1.19E+08
1822,8.52E+07
1823,1.98E+07
1824,1.16E+08
1825,1.24E+08
1826,1.29E+08
1827,1.10E+08
1828,1.04E+08
1829,1.84E+07
1830,1.16E+08
1831,1.06E+08
1832,6.13E+06
1833,9.83E+07
1834,1.19E+08
1835,1.44E+08
1836,1.36E+08
1837,1.35E+08
1838,4.90E+07
1839,4.56E+06
1840,1.07E+08
1841,1.25E+08
1842,9.29E+07
1843,2.97E+06
1844,1.17E+08
1845,1.10E+08
1846,1.21E+08
1847,1.27E+08
1848,4.76E+07
1849,1.20E+08
1850,1.04E+08
1851,1.15E+08
1852,1.08E+08
1853,1.32E+08
1854,1.25E+08
1855,1.28E+08
1856,1.16E+08
1857,1.21E+08
1858,1.33E+08
1859,1.30E+08
1860,1.49E+08
1861,9.08E+07
1862,1.15E+08
1863,4.74E+06
1864,1.05E+08
1865,6.23E+06
1866,1.04E+08
1867,1.34E+08
1868,1.14E+08
1869,1.40E+08
1870,1.32E+08
1871,1.56E+07
1872,1.67E+08
1873,1.40E+08
1874,1.17E+08
1875,9.54E+07
1876,8.11E+07
1877,1.34E+08
1878,1.11E+08
1879,1.26E+08
1880,1.21E+08
1881,1.61E+07
1882,2.13E+07
1883,4.24E+06
1884,1.45E+07
1885,5.75E+07
1886,1.54E+08
1887,1.51E+07
1888,1.38E+08
1889,1.38E+08
1890,1.28E+08
1891,9.20E+06
1892,1.52E+08
1893,1.16E+08
1894,1.17E+08
1895,1.20E+08
1896,1.37E+08
1897,1.71E+08
1898,1.60E+08
1899,1.39E+08
1900,9.78E+07
1901,1.22E+08
1902,1.23E+08
1903,6.07E+07
1904,1.08E+08
1905,1.03E+08
1906,1.33E+08
1907,1.53E+07
1908,1.12E+08
1909,1.34E+08
1910,8.10E+06
1911,1.16E+08
1912,6.49E+07
1913,1.13E+08
1914,1.23E+08
1915,4.54E+07
1916,1.25E+08
1917,2.60E+07
1918,1.13E+08
1919,1.45E+08
1920,1.39E+08
1921,1.32E+08
1922,1.30E+08
1923,1.13E+08
1924,1.29E+08
1925,1.03E+08
1926,1.36E+08
1927,2.04E+07
1928,4.63E+07
1929,7.89E+07
1930,5.36E+07
1931,5.47E+07
1932,5.19E+07
1933,6.15E+07
1934,8.32E+07
1935,3.69E+07
1936,4.17E+07
1937,4.70E+07
1938,7.96E+07
1939,6.41E+07
1940,5.71E+07
1941,5.22E+07
1942,6.13E+07
1943,8.36E+07
1944,5.28E+07
1945,3.68E+07
1946,4.43E+07
1947,3.62E+07
1948,8.01E+07
1949,6.83E+07
1950,8.42E+07
1951,1.41E+07
1952,3.66E+07
1953,6.22E+07
1954,2.98E+07
1955,4.37E+07
1956,7.99E+07
1957,6.58E+07
1958,8.45E+07
1959,1.65E+07
1960,3.67E+07
1961,6.21E+07
1962,3.07E+07
1963,4.36E+07
1964,2.87E+07
1965,4.13E+07
1966,6.97E+07
1967,5.56E+07
1968,4.79E+07
1969,5.46E+07
1970,3.35E+07
1971,4.76E+07
1972,7.17E+07
1973,1.83E+07
1974,1.86E+07
1975,5.14E+07
1976,5.07E+07
1977,5.70E+07
1978,1.16E+07
1979,3.27E+07
1980,3.10E+07
1981,8.41E+07
1982,7.44E+07
1983,4.09E+07
1984,5.60E+07
1985,6.44E+07
1986,5.98E+07
1987,3.41E+07
1988,3.92E+07
1989,5.69E+07
1990,3.63E+07
1991,4.63E+07
1992,6.09E+07
1993,1.75E+07
1994,6.02E+07
1995,6.40E+07
1996,5.65E+07
1997,2.89E+07
1998,6.40E+07
1999,1.83E+07
2000,2.29E+07
2001,3.24E+07
2002,4.88E+07
2003,2.28E+07
2004,1.38E+07
2005,6.54E+07
2006,2.82E+07
2007,1.57E+07
2008,6.73E+07
2009,3.45E+07
2010,2.04E+07
2011,5.99E+07
2012,6.25E+07
2013,4.38E+07
2014,3.45E+07
2015,5.05E+07
2016,3.64E+07
2017,1.69E+07
2018,2.46E+07
2019,4.32E+07
2020,5.61E+07
2021,2.38E+07
2022,3.19E+07
2023,1.60E+07
2024,3.31E+07
2025,1.19E+08
2026,9.11E+07
2027,4.72E+07
2028,3.68E+07
2029,2.73E+07
2030,2.41E+07
2031,2.96E+07
2032,6.41E+07
2033,3.11E+06
2034,5.57E+07
2035,2.18E+07
2036,3.40E+07
2037,3.16E+07
2038,7.31E+07
2039,7.50E+07
2040,1.01E+08
2041,1.40E+07
2042,8.02E+07
2043,6.92E+07
2044,1.04E+08
2045,6.99E+07
2046,7.29E+07
2047,2.70E+07
2048,5.84E+07
2049,4.25E+07
2050,2.64E+07
2051,8.85E+07
2052,4.39E+07
2053,4.20E+07
2054,1.07E+08
2055,7.72E+06
2056,4.62E+07
2057,2.58E+07
2058,4.02E+06
2059,1.77E+07
2060,5.21E+07
2061,7.21E+07
2062,9.06E+07
2063,3.31E+07
2064,3.11E+07
2065,1.19E+08
2066,2.55E+07
2067,4.05E+07
2068,8.51E+07
2069,5.64E+07
2070,8.08E+06
2071,1.10E+08
2072,9.29E+07
2073,5.68E+07
2074,1.03E+08
2075,3.13E+07
2076,1.12E+07
2077,2.68E+06
2078,1.07E+08
2079,6.04E+07
2080,3.19E+07
2081,6.80E+07
2082,4.20E+06
2083,8.07E+07
2084,2.13E+07
2085,7.95E+05
2086,1.07E+08
2087,1.19E+07
2088,1.39E+07
2089,4.22E+07
2090,7.06E+07
2091,5.76E+07
2092,9.46E+07
2093,1.74E+07
2094,7.55E+07
2095,1.01E+08
2096,1.39E+07
2097,8.57E+07
2098,7.03E+07
2099,3.55E+07
2100,5.43E+07
2101,5.72E+07
2102,9.78E+07
2103,4.59E+07
2104,4.80E+07
2105,5.89E+07
2106,2.40E+07
2107,3.51E+07
2108,3.38E+07
2109,5.88E+07
2110,1.07E+08
2111,6.21E+07
2112,90739
2113,13.978
2114,85.932
2115,2.39E+06
2116,2.58E+07
2117,8.74E+05
2118,4.93E+07
2119,1.16E+08
2120,4.84E+07
2121,4.18E+07
2122,5.94E+07
2123,1.03E+08
2124,1.01E+08
2125,7.34E+07
2126,6.85E+07
2127,3.49E+07
2128,6.73E+07
2129,5.95E+07
2130,1.15E+08
2131,4.33E+07
2132,5.52E+07
2133,4.40E+07
2134,8.77E+07
2135,1.15E+08
2136,2.28E+07
2137,7.10E+07
2138,9.96E+07
2139,4.91E+07
2140,4.49E+07
2141,3.7892
2142,1.1027
2143,2.56E+06
2144,1.09E+08
2145,72.033
2146,7.28E+07
2147,6.34E+06
2148,1.07E+08
2149,3.58E+07
2150,7.13E+07
2151,8.34E+07
2152,4.83E+07
2153,8.23E+06
2154,3.81E+07
2155,8.23E+07
2156,4.99E+07
2157,2.96E+06
2158,7.66E+07
2159,6.96E+07
2160,1.16E+08
2161,1.05E+07
2162,1.02E+08
2163,4.13E+07
2164,7.91E+07
2165,7.12E+07
2166,1.32E+08
2167,1.23E+08
2168,1.27E+08
2169,3.85E+07
2170,8.51E+07
2171,4.83E+07
2172,3.57E+07
2173,3.85E+07
2174,4.37E+07
2175,8.63E+07
2176,5.22E+07
2177,2.71E+07
2178,1.98E+07
2179,1.25E+07
2180,3.47E+05
2181,2.35E+07
2182,1.03E+07
2183,1.99E+07
2184,4.7672
2185,2.86E+06
2186,5.25E+05
2187,1.55E+06
2188,15.38
2189,35.119
2190,5.91E+06
2191,4.01E+06
2192,2.92E+06
2193,6.67E+06
2194,1.06E+08
2195,3.61E+06
2196,5.95E+06
2197,2.48E+07
2198,1.41E+07
2199,9.66E+07
2200,1.14E+08
2201,6.54E+07
2202,1.28E+08
2203,6.96E+07
2204,5.46E+07
2205,4.00E+07
2206,1.47E+08
2207,1.96E+07
2208,9.93E+07
2209,4.50E+07
2210,4.58E+07
2211,6.06E+07
2212,3.40E+07
2213,4.83E+07
2214,2.91E+07
2215,1.55E+06
2216,6.25E+07
2217,4.39E+07
2218,1.19E+07
2219,1.55E+07
2220,71860
2221,103.54
2222,30.262
2223,95.072
2224,7.17E+07
2225,4.85E+07
2226,3.03E+07
2227,5.99E+07
2228,7.12E+07
2229,9.50E+07
2230,6.89E+07
2231,9.78E+07
2232,6.67E+07
2233,1.15E+08
2234,6.97E+07
2235,7.36E+07
2236,1.13E+08
2237,9.14E+07
2238,9.78E+07
2239,8.95E+07
2240,7.63E+07
2241,6.65E+07
2242,6.56E+07
2243,4.73E+07
2244,1.16E+08
2245,8.05E+07
2246,1.96E+07
2247,7.20E+07
2248,8.32E+07
2249,7.16E+07
2250,8.52E+07
2251,6.10E+07
2252,6.54E+07
2253,1.12E+08
2254,9.86E+07
2255,1.13E+08
2256,6.13E+07
2257,6.73E+07
2258,2.14E+07
2259,6.97E+07
2260,7.23E+07
2261,1.19E+08
2262,6.09E+07
2263,1.02E+08
2264,7.02E+07
2265,1.12E+08
2266,1.19E+08
2267,6.92E+07
2268,1.00E+08
2269,9.47E+07
2270,1.24E+07
2271,7.22E+07
2272,1.05E+08
2273,6.99E+07
2274,1.07E+08
2275,7.38E+07
2276,6.89E+07
2277,7.14E+07
2278,7.70E+07
2279,5.23E+07
2280,1.18E+08
2281,1.23E+08
2282,7.03E+07
2283,7.10E+07
2284,1.03E+08
2285,3.65E+07
2286,1.02E+08
2287,9.48E+07
2288,5.33E+07
2289,6.84E+07
2290,6.84E+07
2291,4.86E+07
2292,2.47E+07
2293,5.10E+07
2294,8.55E+07
2295,3.83E+07
2296,9.35E+07
2297,4.19E+07
2298,6.29E+07
2299,9.42E+07
2300,1.05E+08
2301,7.80E+07
2302,5.07E+07
2303,1.14E+08
2304,1.24E+08
2305,1.07E+08
2306,7.53E+07
2307,1.98E+07
2308,1.17E+08
2309,1.09E+08
2310,1.04E+08
2311,3.33E+07
2312,8.50E+07
2313,5.83E+07
2314,7.41E+07
2315,9.15E+07
2316,3.88E+07
2317,1.05E+08
2318,7.10E+07
2319,7.13E+07
2320,6.29E+07
2321,9.33E+07
2322,2.41E+07
2323,5.96E+07
2324,1.15E+08
2325,1.04E+08
2326,4.06E+07
2327,5.87E+07
2328,9.95E+07
2329,9.96E+07
2330,4.73E+07
2331,8.23E+07
2332,5.56E+07
2333,1.02E+08
2334,3.74E+07
2335,1.35E+07
2336,4.90E+07
2337,5.42E+07
2338,3.73E+07
2339,7.24E+07
2340,7.11E+07
2341,1.34E+08
2342,5.31E+07
2343,5.93E+07
2344,6.19E+07
2345,1.03E+08
2346,4.59E+07
2347,9.28E+07
2348,1.12E+08
2349,1.05E+08
2350,1.02E+08
2351,1.03E+08
2352,8.74E+07
2353,1.05E+08
2354,8.26E+07
2355,4.04E+07
2356,6.36E+07
2357,7.01E+07
2358,1.05E+08
2359,4.13E+07
2360,6.75E+07
2361,1.10E+08
2362,1.19E+08
2363,9.15E+07
2364,2.63E+07
2365,9.91E+07
2366,5.63E+07
2367,3.94E+07
2368,6.09E+07
2369,2.44E+07
2370,3.05E+07
2371,1.64E+07
2372,8.27E+07
2373,1.82E+07
2374,7.60E+07
2375,1.25E+08
2376,7.13E+07
2377,3.44E+07
2378,9.40E+07
2379,6.04E+07
2380,3.33E+07
2381,8.14E+07
2382,8.27E+07
2383,8.04E+07
2384,8.75E+07
2385,8.59E+07
2386,8.77E+07
2387,9.12E+07
2388,1.04E+08
2389,9.16E+07
2390,1.28E+08
2391,1.18E+08
2392,1.02E+08
2393,1.11E+08
2394,3.83E+07
2395,1.04E+08
2396,1.11E+08
2397,1.03E+08
2398,1.10E+08
2399,1.09E+08
2400,8.85E+05
2401,1.13E+08
2402,1.30E+08
2403,1.20E+08
2404,1.13E+08
2405,1.19E+08
2406,1.10E+08
2407,1.16E+08
2408,1.18E+08
2409,9.02E+07
2410,1.08E+08
2411,9.17E+07
2412,9.49E+07
2413,9.34E+07
2414,8.19E+07
2415,9.55E+07
2416,1.07E+08
2417,1.11E+08
2418,1.06E+08
2419,1.13E+08
2420,1.26E+08
2421,1.17E+08
2422,1.01E+08
2423,1.16E+08
2424,1.10E+08
2425,1.12E+08
2426,1.18E+08
2427,5.53E+07
2428,7.66E+07
2429,2.5048
2430,1.17E+08
2431,5.93E+07
2432,2.58E+07
2433,4.79E+07
2434,5.03E+07
2435,4.01E+07
2436,6.75E+07
2437,4.31E+07
2438,5.38E+07
2439,1.09E+08
2440,1.11E+08
2441,1.07E+08
2442,1.12E+08
2443,1.08E+08
2444,1.19E+08
2445,3.82E+07
2446,4.94E+07
2447,4.14E+07
2448,5.19E+07
2449,9.96E+07
2450,9.83E+07
2451,1.06E+08
2452,9.14E+07
2453,1.11E+08
2454,1.06E+08
2455,8.81E+07
2456,1.03E+08
2457,9.90E+07
2458,1.05E+08
2459,1.00E+08
2460,1.03E+08
2461,1.06E+08
2462,1.13E+08
2463,1.18E+08
2464,1.15E+08
2465,1.07E+08
2466,1.07E+08
2467,1.03E+08
2468,1.16E+08
2469,7.93E+07
2470,8.26E+07
2471,9.59E+07
2472,7.53E+07
2473,8.06E+07
2474,8.89E+07
2475,9.51E+07
2476,1.07E+08
2477,1.13E+08
2478,9.88E+07
2479,1.12E+08
2480,1.18E+08
2481,1.22E+08
2482,1.09E+08
2483,1.13E+08
2484,1.14E+08
2485,1.12E+08
2486,1.13E+08
2487,1.15E+08
2488,1.21E+08
2489,9.83E+07
2490,1.19E+08
2491,1.12E+08
2492,1.18E+08
2493,1.13E+08
2494,1.13E+08
2495,1.09E+08
2496,1.03E+08
2497,4.65E+07
2498,6.60E+07
2499,6.21E+07
2500,5.37E+07
2501,3.95E+07
2502,6.70E+07
2503,5.27E+07
2504,1.10E+08
2505,1.09E+08
2506,1.18E+08
2507,1.18E+08
2508,1.27E+08
2509,1.29E+08
2510,1.14E+08
2511,6.56E+07
2512,4.86E+07
2513,7.15E+07
2514,8.50E+07
2515,7.89E+07
2516,1.02E+08
2517,1.08E+08
2518,1.11E+08
2519,9.13E+07
2520,9.01E+07
2521,1.02E+08
2522,8.93E+07
2523,9.44E+07
2524,1.00E+08
2525,1.10E+08
2526,1.06E+08
2527,1.16E+08
2528,1.14E+08
2529,1.23E+08
2530,1.08E+08
2531,1.23E+08
2532,1.15E+08
2533,1.18E+08
2534,7.53E+07
2535,8.28E+07
2536,8.16E+07
2537,4.08E+07
2538,5.43E+07
2539,1.13E+08
2540,1.16E+08
2541,1.26E+08
2542,1.03E+08
2543,7.43E+07
2544,8.82E+07
2545,8.97E+07
2546,7.60E+07
2547,1.05E+08
2548,9.87E+07
2549,1.08E+08
2550,1.20E+08
2551,1.15E+08
2552,6.90E+07
2553,6.86E+07
2554,8.36E+07
2555,7.27E+07
2556,7.87E+07
2557,1.03E+08
2558,8.27E+07
2559,8.67E+07
2560,8.51E+07
2561,9.45E+07
2562,1.08E+08
2563,1.10E+08
2564,1.12E+08
2565,1.18E+08
2566,1.16E+08
2567,1.14E+08
2568,1.12E+08
2569,1.04E+08
2570,1.03E+08
2571,1.04E+08
2572,5.89E+07
2573,7.29E+07
2574,6.14E+07
2575,8.67E+07
2576,3.26E+07
2577,9.22E+07
2578,6.20E+07
2579,1.01E+08
2580,1.10E+08
2581,1.12E+08
2582,1.21E+08
2583,1.11E+08
2584,9.26E+07
2585,6.26E+07
2586,4.22E+07
2587,1.13E+08
2588,1.21E+08
2589,1.12E+08
2590,1.03E+08
2591,1.12E+08
2592,1.21E+08
2593,5.65E+07
2594,5.12E+07
2595,9.77E+07
2596,1.08E+08
2597,7.59E+07
2598,6.85E+07
2599,8.44E+07
2600,6.32E+07
2601,1.15E+08
2602,1.27E+08
2603,1.09E+08
2604,6.87E+07
2605,6.44E+07
2606,4.30E+07
2607,5.62E+07
2608,1.23E+08
2609,4.19E+07
2610,5.55E+07
2611,6.69E+07
2612,8.05E+07
2613,7.63E+07
2614,4.12E+07
2615,3.28E+07
2616,6.69E+07
2617,9.83E+07
2618,5.68E+07
2619,6.57E+07
2620,7.43E+07
2621,1.16E+08
2622,4.97E+07
2623,1.08E+08
2624,1.06E+08
2625,7.25E+07
2626,5.48E+07
2627,5.60E+07
2628,4.64E+07
2629,7.43E+07
2630,4.87E+07
2631,1.30E+08
2632,3.31E+07
2633,2.73E+07
2634,4.14E+07
2635,1.09E+08
2636,1.11E+08
2637,4.61E+07
2638,5.07E+07
2639,1.12E+08
2640,9.12E+07
2641,2.32E+07
2642,9.56E+07
2643,9.38E+07
2644,7.53E+07
2645,7.82E+07
2646,1.03E+08
2647,6.62E+07
2648,1.04E+08
2649,1.08E+08
2650,1.09E+08
2651,1.04E+08
2652,9.83E+07
2653,6.73E+07
2654,1.12E+08
2655,9.97E+07
2656,4.05E+07
2657,5.99E+07
2658,7.41E+07
2659,7.49E+07
2660,3.25E+07
2661,1.15E+08
2662,6.05E+07
2663,1.08E+08
2664,4.65E+07
2665,9.41E+07
2666,1.64E+08
2667,1.23E+08
2668,1.14E+08
2669,1.20E+08
2670,1.15E+08
2671,9.79E+07
2672,6.31E+07
2673,3.76E+07
2674,8.14E+07
2675,1.26E+08
2676,1.09E+08
2677,1.27E+08
2678,7.87E+07
2679,9.73E+07
2680,8.33E+07
2681,1.09E+08
2682,1.10E+08
2683,7.42E+07
2684,8.20E+07
2685,5.05E+07
2686,7.90E+07
2687,8.23E+07
2688,1.24E+08
2689,1.24E+08
2690,9.06E+07
2691,1.07E+08
2692,1.08E+08
2693,1.19E+08
2694,7.85E+07
2695,6.03E+07
2696,1.14E+08
2697,1.05E+08
2698,1.09E+08
2699,1.26E+08
2700,1.29E+08
2701,3.74E+07
2702,6.61E+07
2703,7.14E+07
2704,4.44E+07
2705,1.30E+08
2706,1.20E+08
2707,1.11E+08
2708,9.83E+07
2709,1.11E+08
2710,1.28E+08
2711,1.19E+08
2712,1.09E+08
2713,1.29E+08
2714,1.18E+08
2715,1.12E+08
2716,8.60E+07
2717,8.49E+07
2718,9.71E+07
2719,9.84E+07
2720,9.78E+07
2721,9.62E+07
2722,1.14E+08
2723,1.11E+08
2724,1.11E+08
2725,1.17E+08
2726,1.12E+08
2727,1.17E+08
2728,1.10E+08
2729,9.70E+07
2730,9.92E+07
2731,1.15E+08
2732,9.41E+07
2733,1.01E+08
2734,7.08E+07
2735,9.69E+07
2736,1.11E+08
2737,1.11E+08
2738,1.12E+08
2739,4.49E+07
2740,6.03E+07
2741,6.37E+07
2742,9.96E+07
2743,1.20E+08
2744,1.16E+08
2745,1.22E+08
2746,1.16E+08
2747,1.17E+08
2748,1.17E+08
2749,9.08E+07
2750,1.12E+08
2751,1.09E+08
2752,1.22E+08
2753,1.08E+08
2754,1.09E+08
2755,5.65E+07
2756,5.80E+07
2757,5.09E+07
2758,1.18E+08
2759,1.02E+08
2760,8.34E+07
2761,9.79E+07
2762,8.58E+07
2763,1.06E+08
2764,3.89E+07
2765,1.37E+08
2766,1.14E+08
2767,1.05E+08
2768,7.73E+07
2769,7.66E+07
2770,4.91E+07
2771,8.15E+07
2772,1.15E+08
2773,1.07E+08
2774,1.18E+08
2775,14.633
2776,6.13E+07
2777,2.59E+07
2778,60.484
2779,1.25E+07
2780,1.3674
2781,58.036
2782,2.90E+06
2783,3.57E+06
2784,4.02E+06
2785,6.12E+05
2786,151.29
2787,2.24E+07
2788,150.68
2789,6.24E+07
2790,4.56E+07
2791,6.64E+07
2792,1.90E+07
2793,1.15E+07
2794,4.93E+07
2795,5.70E+07
2796,2.38E+07
2797,1.53E+07
2798,1.36E+07
2799,2.40E+07
2800,4.18E+07
2801,4.49E+07
2802,2.06E+07
2803,2.61E+07
2804,3.37E+07
2805,1.47E+07
2806,1.11E+08
2807,4.89E+07
2808,5.60E+07
2809,1.30E+07
2810,5.88E+07
2811,5.60E+07
2812,7.11E+07
2813,5.51E+07
2814,2.40E+07
2815,4.68E+07
2816,2.88E+07
2817,5.95E+07
2818,2.95E+07
2819,2.15E+05
2820,5.7564
2821,2.89E+05
2822,1.03E+07
2823,4.29E+07
2824,7.37E+07
2825,6.19E+07
2826,7.76E+07
2827,6.50E+07
2828,5.53E+07
2829,4.77E+07
2830,4.10E+07
2831,3.26E+06
2832,6.00E+07
2833,5.37E+07
2834,1.47E+07
2835,8.43E+06
2836,1.13E+07
2837,3.06E+07
2838,4.39E+07
2839,6.58E+07
2840,4.43E+07
2841,2.67E+07
2842,4.13E+07
2843,4.15E+07
2844,1.84E+07
2845,1.414
2846,1.01E+06
2847,8.62E+06
2848,7.27E+06
2849,1.64E+07
2850,4.98E+07
2851,1.49E+07
2852,7.25E+07
2853,2.72E+07
2854,4.27E+07
2855,4.14E+07
2856,6.40E+07
2857,6.95E+07
2858,6.47E+07
2859,5.92E+07
2860,3.70E+07
2861,3.16E+07
2862,6.51E+07
2863,2.82E+07
2864,1.35E+07
2865,5.07E+07
2866,5.39E+07
2867,7.19E+07
2868,7.02E+07
2869,4.90E+07
2870,4.96E+07
2871,5.02E+07
2872,3.33E+07
2873,4.32E+07
2874,6.76E+07
2875,3.87E+07
2876,8.53E+07
2877,4.66E+07
2878,4.52E+07
2879,5.12E+07
2880,6.16E+07
2881,4.19E+07
2882,3.10E+07
2883,6.43E+07
2884,4.80E+07
2885,6.34E+07
2886,3.91E+07
2887,6.96E+07
2888,3.71E+07
2889,3.95E+07
2890,4.57E+07
2891,2.85E+07
2892,6.09E+07
2893,7.57E+07
2894,7.39E+07
2895,4.09E+07
2896,4.21E+07
2897,3.56E+07
2898,3.46E+07
2899,3.31E+07
2900,4.65E+07
2901,5.15E+07
2902,6.10E+07
2903,4.88E+07
2904,5.80E+07
2905,6.45E+07
2906,8.73E+07
2907,2.85E+07
2908,5.69E+06
2909,4.85E+07
2910,4.20E+07
2911,4.37E+07
2912,6.20E+07
2913,5.30E+07
2914,1.14E+07
2915,5.23E+07
2916,1.64E+07
2917,8.81E+07
2918,2.65E+07
2919,3.97E+07
2920,5.02E+07
2921,3.71E+07
2922,3.87E+07
2923,1.36E+07
2924,6.38E+07
2925,6.49E+07
2926,7.30E+07
2927,5.68E+07
2928,6.27E+07
2929,2.21E+07
2930,3.04E+07
2931,7.62E+07
2932,1.21E+08
2933,1.32E+08
2934,9.84E+07
2935,9.02E+07
2936,1.00E+08
2937,6.93E+07
2938,3.64E+07
2939,4.88E+07
2940,1.13E+08
2941,8.28E+07
2942,1.07E+08
2943,8.10E+07
2944,6.39E+07
2945,6.79E+07
2946,4.43E+07
2947,6.53E+07
2948,5.04E+07
2949,5.20E+07
2950,5.58E+07
2951,3.57E+07
2952,4.96E+07
2953,2.65E+07
2954,4.22E+07
2955,3.95E+07
2956,2.03E+07
2957,1.09E+08
2958,3.95E+07
2959,2.97E+07
2960,2.33E+07
2961,7.64E+07
2962,6.80E+07
2963,9.20E+07
2964,8.00E+07
2965,4.32E+07
2966,4.58E+07
2967,1.11E+08
2968,8.85E+07
2969,1.11E+08
2970,5.72E+07
2971,6.14E+07
2972,8.82E+07
2973,5.63E+07
2974,8.57E+07
2975,7.58E+07
2976,9.82E+07
2977,9.35E+07
2978,4.51E+07
2979,4.37E+07
2980,2.90E+07
2981,4.47E+07
2982,4.48E+07
2983,2.89E+07
2984,5.09E+07
2985,4.63E+07
2986,6.04E+07
2987,7.83E+07
2988,3.75E+07
2989,5.51E+07
2990,6.96E+07
2991,5.83E+07
2992,5.77E+07
2993,8.25E+07
2994,5.48E+07
2995,5.84E+07
2996,4.86E+07
2997,3.74E+07
2998,5.22E+07
2999,7.51E+07
3000,1.03E+08
3001,3.57E+07
3002,3.29E+07
3003,7.95E+07
3004,1.15E+08
3005,6.77E+07
3006,6.29E+07
3007,3.14E+07
3008,3.61E+07
3009,7.31E+07
3010,9.84E+07
3011,9.84E+07
3012,1.06E+08
3013,5.16E+07
3014,4.85E+07
3015,8.27E+07
3016,4.81E+07
3017,1.02E+08
3018,1.97E+07
3019,4.68E+07
3020,5.19E+07
3021,1.56E+07
3022,5.02E+07
3023,5.39E+07
3024,7.75E+07
3025,5.91E+07
3026,6.75E+07
3027,8.77E+07
3028,7.45E+07
3029,9.96E+07
3030,1.14E+08
3031,7.56E+07
3032,5.51E+07
3033,6.30E+07
3034,3.08E+07
3035,5.87E+07
3036,1.11E+08
3037,3.65E+07
3038,6.69E+07
3039,5.38E+07
3040,2.91E+07
3041,4.91E+07
3042,7.62E+07
3043,3.68E+07
3044,4.59E+07
3045,9.61E+07
3046,5.98E+07
3047,7.54E+07
3048,9.87E+07
3049,1.02E+08
3050,7.72E+07
3051,3.50E+07
3052,7.91E+07
3053,5.21E+07
3054,5.23E+07
3055,6.07E+07
3056,5.23E+07
3057,4.62E+07
3058,4.88E+07
3059,2.76E+07
3060,4.47E+07
3061,5.28E+07
3062,6.72E+07
3063,4.91E+07
3064,8.71E+07
3065,2.51E+07
3066,1.05E+08
3067,7.02E+07
3068,5.61E+07
3069,1.12E+08
3070,9.00E+07
3071,9.40E+07
3072,4.57E+07
3073,9.73E+07
3074,6.78E+07
3075,4.73E+07
3076,7.75E+07
3077,8.60E+07
3078,1.13E+08
3079,7.57E+07
3080,8.32E+07
3081,6.10E+07
3082,8.59E+07
3083,1.94E+07
3084,3.10E+07
3085,3.64E+07
3086,7.41E+07
3087,6.28E+07
3088,6.05E+07
3089,1.20E+08
3090,6.75E+07
3091,7.77E+07
3092,5.60E+07
3093,8.01E+07
3094,6.83E+07
3095,4.39E+07
3096,8.59E+07
3097,7.21E+07
3098,9.90E+07
3099,3.80E+07
3100,8.82E+07
3101,5.59E+07
3102,8.53E+07
3103,1.14E+08
3104,6.48E+07
3105,3.62E+07
3106,6.38E+07
3107,6.59E+07
3108,4.88E+06
3109,1.07E+08
3110,1.23E+08
3111,5.82E+07
3112,7.50E+07
3113,5.71E+07
3114,7.61E+07
3115,8.03E+07
3116,5.13E+07
3117,3.70E+07
3118,3.42E+07
3119,6.12E+07
3120,5.28E+07
3121,7.65E+07
3122,7.52E+07
3123,9.54E+07
3124,3.15E+07
3125,1.07E+08
3126,4.11E+07
3127,8.95E+07
3128,3.05E+07
3129,4.92E+07
3130,3.24E+07
3131,6.57E+07
3132,2.52E+07
3133,5.47E+07
3134,6.11E+07
3135,5.44E+07
3136,4.32E+07
3137,4.30E+07
3138,3.09E+07
3139,2.74E+07
3140,2.72E+07
3141,3.87E+07
3142,2.95E+07
3143,2.48E+07
3144,2.56E+07
3145,2.95E+07
3146,3.07E+07
3147,2.97E+07
3148,1.98E+07
3149,3.54E+07
3150,4.04E+07
3151,2.99E+07
3152,5.71E+07
3153,4.29E+07
3154,2.99E+07
3155,3.40E+07
3156,3.93E+07
3157,3.58E+07
3158,2.62E+07
3159,1.54E+07
3160,7.65E+07
3161,5.56E+07
3162,5.25E+07
3163,2.52E+07
3164,5.97E+07
3165,7.27E+07
3166,5.35E+07
3167,3.96E+07
3168,4.15E+07
3169,4.67E+07
3170,5.39E+07
3171,6.20E+07
3172,3.47E+07
3173,6.65E+07
3174,2.94E+07
3175,2.46E+07
3176,2.83E+07
3177,2.30E+07
3178,3.87E+07
3179,3.64E+07
3180,3.78E+07
3181,5.66E+07
3182,5.43E+07
3183,4.11E+07
3184,3.53E+07
3185,3.15E+07
3186,4.21E+07
3187,3.42E+07
3188,4.60E+07
3189,3.95E+07
3190,5.79E+07
3191,5.39E+07
3192,6.21E+07
3193,5.86E+07
3194,4.88E+07
3195,2.70E+07
3196,5.80E+07
3197,5.16E+07
3198,5.40E+07
3199,4.88E+07
3200,3.59E+07
3201,4.49E+07
3202,6.07E+07
3203,9.72E+07
3204,6.96E+07
3205,3.82E+07
3206,3.98E+07
3207,4.90E+07
3208,4.74E+07
3209,7.18E+07
3210,4.52E+07
3211,3.50E+07
3212,4.64E+07
3213,3.45E+07
3214,4.08E+07
3215,4.79E+07
3216,4.72E+07
3217,4.90E+07
3218,6.74E+07
3219,4.83E+07
3220,8.36E+07
3221,3.59E+07
3222,3.53E+07
3223,8.50E+07
3224,3.38E+07
3225,3.13E+07
3226,6.11E+07
3227,3.50E+07
3228,3.49E+07
3229,6.59E+07
3230,7.75E+07
3231,2.85E+07
3232,2.39E+07
3233,2.39E+07
3234,3.17E+07
3235,3.86E+07
3236,3.73E+07
3237,5.38E+07
3238,5.51E+07
3239,4.31E+07
3240,5.94E+07
3241,6.12E+07
3242,4.45E+07
3243,1.22E+07
3244,3.41E+07
3245,5.76E+07
3246,6.45E+07
3247,2.87E+07
3248,4.40E+07
3249,7.22E+07
3250,3.49E+07
3251,4.17E+07
3252,8.75E+07
3253,4.36E+07
3254,3.49E+07
3255,6.44E+07
3256,6.64E+07
3257,6.73E+07
3258,9.16E+07
3259,7.42E+07
3260,5.26E+07
3261,3.92E+07
3262,6.81E+07
3263,4.17E+07
3264,2.16E+07
3265,5.88E+07
3266,6.26E+07
3267,6.82E+07
3268,4.18E+07
3269,5.07E+07
3270,5.31E+07
3271,5.05E+07
3272,3.61E+07
3273,6.68E+07
3274,3.71E+07
3275,3.28E+07
3276,2.20E+07
3277,5.45E+07
3278,6.37E+07
3279,9.94E+07
3280,3.05E+07
3281,3.42E+07
3282,5.56E+07
3283,3.37E+07
3284,3.45E+07
3285,2.89E+07
3286,7.92E+07
3287,2.40E+07
3288,3.00E+07
3289,4.78E+07
3290,3.79E+07
3291,4.80E+07
3292,6.96E+07
3293,6.87E+07
3294,7.14E+07
3295,6.21E+07
3296,4.58E+07
3297,3.10E+07
3298,5.58E+07
3299,2.69E+07
3300,4.18E+07
3301,2.40E+07
3302,1.21E+07
3303,4.40E+07
3304,4.39E+07
3305,6.05E+07
3306,6.12E+07
3307,6.85E+07
3308,3.49E+07
3309,3.91E+07
3310,3.14E+07
3311,7.78E+07
3312,3.27E+07
3313,8.26E+07
3314,3.58E+07
3315,3.29E+07
3316,5.31E+07
3317,2.23E+07
3318,3.19E+07
3319,3.48E+07
3320,5.03E+07
3321,4.37E+07
3322,5.86E+07
3323,8.89E+07
3324,4.63E+07
3325,3.25E+07
3326,5.76E+07
3327,5.07E+07
3328,3.10E+07
3329,6.66E+07
3330,5.70E+07
3331,6.70E+07
3332,4.42E+07
3333,6.43E+07
3334,5.64E+07
3335,4.88E+07
3336,3.62E+07
3337,5.23E+07
3338,7.83E+07
3339,7.75E+07
3340,2.05E+07
3341,3.67E+07
3342,5.76E+07
3343,4.71E+07
3344,2.56E+07
3345,2.27E+07
3346,2.23E+07
3347,5.07E+07
3348,5.88E+07
3349,3.79E+07
3350,5.45E+07
3351,4.72E+07
3352,6.19E+07
3353,6.22E+07
3354,6.47E+07
3355,7.35E+07
3356,7.88E+07
3357,7.09E+07
3358,9.92E+07
3359,4.53E+07
3360,4.89E+07
3361,4.91E+07
3362,5.40E+07
3363,3.99E+07
3364,5.34E+07
3365,5.17E+07
3366,5.09E+07
3367,7.98E+07
3368,4.55E+07
3369,2.77E+07
3370,2.58E+07
3371,2.93E+07
3372,3.13E+07
3373,4.96E+07
3374,4.81E+07
3375,3.93E+07
3376,8.74E+07
3377,6.91E+07
3378,4.14E+07
3379,1.17E+08
3380,8.15E+07
3381,1.53E+07
3382,6.49E+07
3383,4.97E+07
3384,4.63E+07
3385,4.20E+07
3386,3.76E+07
3387,7.23E+07
3388,1.15E+08
3389,5.46E+07
3390,2.62E+07
3391,6.78E+07
3392,7.08E+07
3393,5.03E+07
3394,5.46E+07
3395,7.51E+07
3396,6.15E+07
3397,9.25E+07
3398,4.35E+07
3399,6.88E+07
3400,5.22E+07
3401,2.59E+07
3402,3.64E+07
3403,5.89E+07
3404,5.63E+07
3405,4.26E+07
3406,8.18E+07
3407,2.30E+07
3408,4.42E+07
3409,4.79E+07
3410,5.18E+07
3411,3.03E+07
3412,5.82E+07
3413,3.98E+07
3414,1.20E+06
3415,3.32E+07
3416,5.20E+07
3417,5.51E+07
3418,1.63E+07
3419,8.29E+06
3420,1.13E+08
3421,1.17E+07
3422,2.04E+07
3423,4.22E+07
3424,1.48E+07
3425,1.92E+07
3426,2.66E+07
3427,5.10E+07
3428,4.70E+07
3429,3.95E+07
3430,2.64E+07
3431,6.18E+07
3432,6.18E+07
3433,2.87E+07
3434,2.82E+07
3435,2.93E+07
3436,3.11E+07
3437,3.64E+07
3438,3.27E+07
3439,3.01E+07
3440,6.50E+07
3441,1.92E+07
3442,3.33E+07
3443,4.40E+07
3444,4.07E+07
3445,3.39E+07
3446,4.23E+07
3447,2.65E+07
3448,4.77E+07
3449,2.42E+07
3450,4.37E+07
3451,2.22E+07
3452,2.30E+07
3453,4.27E+07
3454,1.90E+07
3455,7.63E+07
3456,2.99E+07
3457,1.55E+07
3458,5.97E+07
3459,4.95E+07
3460,4.95E+07
3461,3.51E+07
3462,1.55E+07
3463,4.30E+07
3464,7.03E+07
3465,4.85E+07
3466,3.87E+07
3467,2.89E+07
3468,2.14E+07
3469,2.11E+07
3470,2.35E+07
3471,6.20E+07
3472,5.64E+07
3473,3.06E+07
3474,3.72E+07
3475,3.33E+07
3476,2.79E+07
3477,3.44E+07
3478,5.14E+07
3479,3.59E+07
3480,1.88E+07
3481,9.00E+07
3482,4.36E+07
3483,2.28E+07
3484,4.13E+07
3485,3.44E+07
3486,6.16E+07
3487,2.24E+07
3488,3.77E+07
3489,3.92E+07
3490,3.39E+07
3491,2.90E+07
3492,2.07E+07
3493,2.68E+07
3494,2.43E+07
3495,2.35E+07
3496,4.84E+07
3497,3.80E+07
3498,6.24E+07
3499,3.81E+07
3500,6.81E+07
3501,6.88E+07
3502,2.12E+07
3503,3.08E+07
3504,2.91E+07
3505,6.72E+07
3506,9.31E+07
3507,5.68E+07
3508,7.23E+07
3509,3.42E+07
3510,6.04E+07
3511,4.45E+07
3512,2.46E+07
3513,8.71E+07
3514,3.17E+07
3515,2.91E+07
3516,4.73E+07
3517,2.26E+07
3518,2.80E+07
3519,3.36E+07
3520,1.88E+07
3521,2.22E+07
3522,2.78E+07
3523,3.82E+07
3524,5.22E+07
3525,7.33E+07
3526,2.65E+07
3527,3.12E+07
3528,3.75E+07
3529,3.06E+07
3530,1.77E+07
3531,2.58E+07
3532,3.19E+07
3533,5.92E+07
3534,3.17E+07
3535,2.88E+07
3536,2.26E+07
3537,2.99E+07
3538,2.82E+07
3539,5.08E+07
3540,2.48E+07
3541,5.32E+07
3542,3.11E+07
3543,1.05E+08
3544,3.37E+07
3545,2.94E+07
3546,2.93E+07
3547,2.59E+07
3548,5.54E+07
3549,6.36E+07
3550,6.28E+07
3551,2.10E+07
3552,6.52E+07
3553,3.04E+07
3554,3.08E+07
3555,2.71E+07
3556,4.16E+07
3557,1.54E+07
3558,3.02E+07
3559,8.80E+07
3560,5.70E+07
3561,4.68E+07
3562,4.24E+07
3563,3.52E+07
3564,1.59E+07
3565,3.06E+07
3566,6.96E+07
3567,6.13E+07
3568,2.81E+07
3569,3.54E+07
3570,8.36E+07
3571,2.36E+07
3572,3.10E+07
3573,2.88E+07
3574,3.53E+07
3575,2.25E+07
3576,2.20E+07
3577,4.28E+07
3578,6.81E+07
3579,5.27E+07
3580,3.16E+07
3581,3.22E+07
3582,4.80E+07
3583,4.62E+07
3584,3.98E+07
3585,7.95E+07
3586,6.14E+07
3587,4.02E+07
3588,6.09E+07
3589,3.11E+07
3590,6.87E+07
3591,4.33E+07
3592,6.94E+07
3593,6.50E+07
3594,4.07E+07
3595,2.18E+07
3596,2.19E+07
3597,1.77E+07
3598,3.89E+07
3599,3.80E+07
3600,1.69E+07
3601,3.93E+07
3602,3.20E+07
3603,3.07E+07
3604,6.67E+07
3605,6.46E+07
3606,2.49E+07
3607,1.90E+07
3608,7.06E+07
3609,7.28E+07
3610,7.62E+07
3611,4.16E+07
3612,4.70E+07
3613,2.32E+07
3614,4.02E+07
3615,4.91E+07
3616,4.53E+07
3617,2.38E+07
3618,5.37E+07
3619,2.18E+07
3620,6.23E+07
3621,4.89E+07
3622,3.62E+07
3623,2.96E+07
3624,3.11E+07
3625,3.00E+07
3626,3.24E+07
3627,5.84E+07
3628,2.97E+07
3629,3.48E+07
3630,4.38E+07
3631,7.39E+07
3632,3.72E+07
3633,2.08E+07
3634,3.26E+07
3635,2.77E+07
3636,2.96E+07
3637,3.40E+07
3638,4.80E+07
3639,2.70E+07
3640,2.67E+07
3641,2.54E+07
3642,3.38E+07
3643,1.98E+07
3644,5.41E+07
3645,4.85E+07
3646,4.34E+07
3647,2.65E+07
3648,1.24E+08
3649,1.92E+07
3650,2.61E+07
3651,1.69E+07
3652,3.69E+07
3653,3.85E+07
3654,2.49E+07
3655,2.67E+07
3656,2.79E+07
3657,2.75E+07
3658,3.78E+07
3659,1.73E+07
3660,3.52E+07
3661,2.85E+07
3662,1.96E+07
3663,3.02E+07
3664,1.06E+08
3665,3.08E+07
3666,2.08E+07
3667,3.14E+07
3668,2.81E+07
3669,3.38E+07
3670,3.23E+07
3671,2.61E+07
3672,2.72E+07
3673,4.04E+07
3674,2.27E+07
3675,3.72E+07
3676,3.81E+07
3677,3.65E+07
3678,6.34E+07
3679,3.28E+07
3680,4.08E+07
3681,1.76E+07
3682,7.39E+07
3683,3.82E+07
3684,3.63E+07
3685,2.70E+07
3686,3.36E+07
3687,2.85E+07
3688,2.24E+07
3689,3.39E+07
3690,3.04E+07
3691,4.03E+07
3692,2.92E+07
3693,2.48E+07
3694,1.78E+07
3695,2.90E+07
3696,2.22E+07
3697,5.07E+07
3698,2.19E+07
3699,3.13E+07
3700,4.01E+07
3701,3.47E+07
3702,5.71E+07
3703,6.22E+07
3704,4.15E+07
3705,7.58E+07
3706,2.57E+07
3707,3.06E+07
3708,3.04E+07
3709,3.33E+07
3710,8.07E+07
3711,3.04E+07
3712,7.56E+07
3713,3.16E+07
3714,3.03E+07
3715,8.28E+07
3716,2.64E+07
3717,5.58E+07
3718,4.66E+07
3719,1.21E+08
3720,3.37E+07
3721,4.03E+07
3722,2.84E+07
3723,3.13E+07
3724,1.82E+07
3725,5.36E+07
3726,2.81E+07
3727,4.40E+07
3728,2.14E+07
3729,2.80E+07
3730,2.76E+07
3731,3.67E+07
3732,1.86E+07
3733,9.38E+07
3734,2.55E+07
3735,3.04E+07
3736,1.27E+07
3737,6.51E+07
3738,2.93E+07
3739,3.89E+07
3740,3.88E+07
3741,3.47E+07
3742,3.12E+07
3743,3.96E+07
3744,3.73E+07
3745,5.27E+07
3746,6.17E+07
3747,2.62E+07
3748,2.44E+07
3749,7.31E+07
3750,5.31E+07
3751,5.40E+07
3752,3.95E+07
3753,5.73E+07
3754,5.19E+07
3755,8.46E+07
3756,2.69E+07
3757,3.02E+07
3758,3.68E+07
3759,3.23E+07
3760,2.70E+07
3761,2.88E+07
3762,2.44E+07
3763,3.40E+07
3764,3.24E+07
3765,1.13E+08
3766,2.45E+07
3767,2.43E+07
3768,3.01E+07
3769,2.45E+07
3770,3.86E+07
3771,6.79E+07
3772,3.24E+07
3773,4.26E+07
3774,1.80E+07
3775,6.98E+07
3776,2.56E+07
3777,3.27E+07
3778,2.71E+07
3779,2.56E+07
3780,6.59E+07
3781,4.13E+07
3782,2.86E+07
3783,3.55E+07
3784,2.09E+07
3785,6.47E+07
3786,2.34E+07
3787,2.43E+07
3788,5.29E+07
3789,2.80E+07
3790,6.92E+07
3791,3.35E+07
3792,4.43E+07
3793,2.30E+07
3794,4.00E+07
3795,3.70E+07
3796,5.27E+07
3797,3.04E+07
3798,4.32E+07
3799,5.28E+07
3800,3.58E+07
3801,5.02E+07
3802,7.67E+07
3803,3.93E+07
3804,1.87E+07
3805,7.01E+07
3806,2.57E+07
3807,3.88E+07
3808,5.43E+07
3809,9.09E+07
3810,7.55E+07
3811,7.83E+07
3812,5.82E+07
3813,3.98E+07
3814,4.85E+07
3815,6.21E+07
3816,6.01E+05
3817,4.64E+07
3818,9.92E+07
3819,4.66E+07
3820,2.80E+07
3821,3.18E+07
3822,2.70E+07
3823,3.02E+07
3824,4.66E+07
3825,1.03E+08
3826,7.81E+07
3827,7.08E+07
3828,7.17E+07
3829,3.92E+07
3830,1.59E+07
3831,4.62E+07
3832,4.90E+07
3833,4.32E+07
3834,4.76E+07
3835,1.29E+08
3836,6.08E+07
3837,4.25E+07
3838,4.83E+07
3839,3.08E+07
3840,2.22E+07
3841,2.57E+07
3842,5.68E+07
3843,5.35E+07
3844,6.57E+07
3845,2.00E+07
3846,3.59E+07
3847,5.98E+07
3848,7.63E+07
3849,1.82E+06
3850,6.16E+07
3851,8.82E+07
3852,7.26E+07
3853,5.60E+07
3854,6.71E+06
3855,7.26E+07
3856,4.75E+07
3857,6.16E+07
3858,6.08E+07
3859,3.50E+07
3860,5.24E+07
3861,5.88E+07
3862,6.13E+07
3863,3.92E+07
3864,7.68E+07
3865,7.35E+07
3866,3.85E+07
3867,1.57E+07
3868,4.65E+07
3869,2.37E+07
3870,5.31E+07
3871,4.28E+07
3872,2.80E+07
3873,4.94E+07
3874,4.31E+07
3875,2.84E+07
3876,4.65E+07
3877,3.16E+07
3878,8.23E+07
3879,2.51E+07
3880,4.04E+07
3881,5.36E+07
3882,7.23E+07
3883,2.37E+07
3884,2.78E+07
3885,7.52E+07
3886,9.98E+07
3887,2.51E+07
3888,5.41E+07
3889,4.49E+07
3890,9.13E+05
3891,3.10E+07
3892,2.92E+07
3893,7.54E+07
3894,7.61E+07
3895,3.94E+07
3896,3.78E+07
3897,4.40E+07
3898,7.00E+07
3899,9.84E+07
3900,4.13E+07
3901,2.55E+07
3902,6.32E+07
3903,3.83E+07
3904,3.15E+07
3905,1.10E+08
3906,1.11E+08
3907,3.93E+07
3908,5.91E+07
3909,5.30E+07
3910,7.41E+07
3911,1.53E+07
3912,1.54E+08
3913,3.75E+07
3914,4.25E+07
3915,9.76E+07
3916,3.13E+07
3917,5.48E+07
3918,5.68E+07
3919,7.51E+07
3920,3.47E+07
3921,3.40E+07
3922,2.95E+07
3923,5.91E+07
3924,8.33E+07
3925,4.42E+07
3926,5.16E+07
3927,3.31E+07
3928,8.02E+07
3929,4.53E+07
3930,5.50E+07
3931,3.85E+07
3932,4.23E+07
3933,4.23E+07
3934,6.91E+07
3935,6.03E+07
3936,4.15E+07
3937,4.06E+07
3938,5.05E+07
3939,3.29E+07
3940,6.69E+07
3941,2.74E+07
3942,8.92E+07
3943,4.80E+07
3944,5.83E+07
3945,4.40E+07
3946,3.26E+07
3947,7.49E+07
3948,4.25E+07
3949,3.28E+07
3950,4.76E+07
3951,1.36E+07
3952,7.16E+06
3953,2.70E+07
3954,6.54E+07
3955,5.80E+07
3956,2.00E+07
3957,7.77E+07
3958,2.71E+07
3959,4.69E+06
3960,5.72E+07
3961,4.95E+07
3962,5.28E+07
3963,4.11E+07
3964,6.23E+07
3965,1.66E+07
3966,5.73E+07
3967,5.66E+07
3968,2.73E+07
3969,3.78E+07
3970,6.68E+07
3971,2.67E+07
3972,4.45E+07
3973,3.24E+07
3974,4.82E+07
3975,6.30E+07
3976,4.57E+07
3977,6.18E+07
3978,5.81E+07
3979,2.47E+07
3980,2.75E+07
3981,8.79E+07
3982,8.96E+07
3983,5.15E+07
3984,4.85E+07
3985,3.13E+07
3986,4.08E+07
3987,1.02E+08
3988,1.02E+08
3989,5.68E+07
3990,5.46E+07
3991,5.85E+07
3992,5.46E+07
3993,2.38E+07
3994,7.38E+07
3995,3.02E+07
3996,4.19E+07
3997,2.98E+07
3998,7.07E+07
3999,3.02E+07
4000,5.13E+07
4001,2.80E+07
4002,6.08E+07
4003,1.52E+07
4004,5.97E+07
4005,3.53E+07
4006,5.67E+07
4007,6.02E+07
4008,1.40E+07
4009,7.53E+07
4010,1.74E+07
4011,4.51E+07
4012,4.21E+07
4013,3.27E+07
4014,1.74E+07
4015,4.50E+07
4016,9.19E+07
4017,6.12E+07
4018,2.93E+07
4019,2.00E+07
4020,4.13E+07
4021,5.22E+07
4022,6.54E+07
4023,6.46E+07
4024,2.94E+07
4025,4.48E+07
4026,4.88E+07
4027,5.14E+07
4028,2.74E+07
4029,5.30E+07
4030,4.64E+07
4031,7.41E+07
4032,3.30E+07
4033,4.81E+07
4034,3.43E+07
4035,6.96E+07
4036,4.73E+07
4037,4.23E+07
4038,4.08E+07
4039,3.54E+07
4040,5.24E+07
4041,1.53E+07
4042,6.07E+07
4043,3.37E+07
4044,2.29E+07
4045,1.88E+07
4046,5.83E+07
4047,3.56E+07
4048,7.29E+07
4049,4.42E+07
4050,1.14E+07
4051,3.40E+07
4052,2.83E+07
4053,5.90E+07
4054,5.22E+07
4055,3.66E+07
4056,9.19E+07
4057,6.16E+07
4058,4.58E+07
4059,3.62E+07
4060,5.00E+07
4061,2.00E+07
4062,6.02E+07
4063,2.82E+07
4064,3.19E+07
4065,2.63E+07
4066,3.01E+07
4067,5.30E+07
4068,5.24E+07
4069,4.12E+07
4070,5.34E+07
4071,4.41E+07
4072,6.26E+07
4073,7.49E+07
4074,7.90E+07
4075,4.48E+07
4076,4.59E+06
4077,1.87E+07
4078,4.13E+07
4079,6.07E+07
4080,4.09E+07
4081,4.17E+07
4082,1.27E+08
4083,5.08E+07
4084,5.97E+07
4085,4.34E+07
4086,3.28E+07
4087,7.30E+07
4088,5.43E+07
4089,5.89E+07
4090,8.03E+07
4091,1.71E+07
4092,4.12E+07
4093,3.19E+07
4094,7.13E+07
4095,7.08E+07
4096,1.39E+07
4097,1.06E+08
4098,4.23E+07
4099,7.69E+07
4100,1.01E+08
4101,5.04E+07
4102,4.05E+07
4103,6.83E+07
4104,4.71E+07
4105,3.70E+07
4106,5.03E+07
4107,9.86E+06
4108,7.80E+07
4109,6.97E+07
4110,8.23E+07
4111,6.69E+07
4112,2.76E+07
4113,4.91E+07
4114,6.49E+07
4115,3.36E+07
4116,1.05E+07
4117,3.80E+07
4118,6.06E+07
4119,4.04E+07
4120,4.17E+07
4121,6.05E+07
4122,3.25E+07
4123,1.91E+07
4124,4.34E+07
4125,6.02E+07
4126,5.70E+07
4127,3.87E+07
4128,5.55E+07
4129,4.23E+07
4130,3.82E+07
4131,2.88E+07
4132,5.45E+07
4133,6.36E+07
4134,4.89E+07
4135,6.15E+07
4136,4.29E+07
4137,8.74E+07
4138,6.88E+07
4139,4.88E+07
4140,7.23E+07
4141,4.19E+07
4142,3.42E+07
4143,6.14E+07
4144,5.81E+07
4145,3.59E+07
4146,3.48E+07
4147,4.64E+07
4148,4.21E+07
4149,5.26E+07
4150,3.22E+07
4151,1.11E+08
4152,2.45E+07
4153,3.70E+07
4154,4.07E+07
4155,5.40E+07
4156,4.49E+07
4157,3.67E+07
4158,3.98E+07
4159,6.39E+07
4160,6.85E+07
4161,5.96E+07
4162,4.15E+07
4163,3.13E+07
4164,6.90E+07
4165,6.45E+07
4166,1.35E+08
4167,2.55E+07
4168,7.04E+07
4169,1.09E+08
4170,8.86E+07
4171,1.44E+07
4172,3.26E+07
4173,6.88E+07
4174,4.76E+07
4175,1.72E+07
4176,7.30E+07
4177,2.35E+07
4178,2.53E+07
4179,7.57E+07
4180,3.06E+07
4181,6.90E+07
4182,3.95E+07
4183,2.07E+06
4184,4.30E+07
4185,5.06E+07
4186,8.80E+07
4187,2.69E+07
4188,9.49E+07
4189,5.69E+07
4190,6.38E+07
4191,1.18E+08
4192,7.42E+07
4193,7.69E+07
4194,9.45E+07
4195,6.58E+07
4196,3.72E+07
4197,8.28E+07
4198,2.51E+07
4199,4.00E+07
4200,4.55E+07
4201,3.72E+07
4202,6.60E+07
4203,3.59E+07
4204,3.96E+07
4205,6.62E+07
4206,5.51E+07
4207,2.72E+07
4208,4.21E+07
4209,3.88E+07
4210,3.05E+07
4211,3.00E+07
4212,1.32E+07
4213,3.45E+07
4214,4.73E+07
4215,2.01E+07
4216,6.31E+07
4217,4.75E+07
4218,5.67E+07
4219,3.41E+07
4220,4.90E+07
4221,3.74E+07
4222,2.64E+07
4223,5.47E+07
4224,8.29E+07
4225,4.60E+07
4226,2.51E+07
4227,4.51E+07
4228,4.07E+07
4229,1.65E+07
4230,4.89E+07
4231,3.29E+07
4232,7.42E+07
4233,7.81E+07
4234,4.15E+07
4235,5.24E+07
4236,3.25E+07
4237,5.14E+07
4238,4.24E+07
4239,6.49E+07
4240,5.11E+07
4241,1.53E+07
4242,5.72E+07
4243,4.00E+07
4244,5.72E+07
4245,3.92E+07
4246,5.12E+07
4247,1.01E+08
4248,4.46E+07
4249,5.35E+07
4250,2.99E+07
4251,5.74E+07
4252,5.94E+07
4253,9.93E+07
4254,2.38E+07
4255,3.22E+07
4256,3.24E+07
4257,3.79E+07
4258,5.92E+07
4259,6.38E+07
4260,1.74E+07
4261,7.89E+05
4262,8.55E+07
4263,9.61E+05
4264,5.35E+07
4265,3.18E+07
4266,6.19E+07
4267,9.29E+07
4268,9.17E+07
4269,5.87E+06
4270,1.43E+05
4271,5.22E+07
4272,5.29E+07
4273,1.75E+07
4274,5.25E+07
4275,6.47E+07
4276,1.40E+08
4277,8.05E+07
4278,6.15E+07
4279,2.80E+07
4280,4.50E+07
4281,3.97E+07
4282,1.02E+08
4283,6.90E+07
4284,6.21E+07
4285,8.73E+07
4286,3.79E+07
4287,5.64E+07
4288,4.35E+07
4289,9.59E+07
4290,8.94E+07
4291,8.96E+07
4292,1.32E+07
4293,5.92E+07
4294,7.34E+07
4295,7.28E+07
4296,6.62E+07
4297,4.04E+07
4298,3.37E+07
4299,4.21E+07
4300,7.87E+07
4301,8.85E+07
4302,2.10E+07
4303,6.24E+07
4304,6.71E+07
4305,9.01E+07
4306,3.50E+07
4307,5.05E+07
4308,9.17E+06
4309,2.98E+06
4310,1.40E+07
4311,1.35E+07
4312,1.08E+07
4313,7.28E+06
4314,8.67E+06
4315,2.55E+06
4316,1.35E+07
4317,1.29E+07
4318,1.02E+07
4319,6.41E+06
4320,6.82E+06
4321,4.07E+06
4322,3.59E+06
4323,1.05E+06
4324,5.02E+06
4325,7.02E+06
4326,4.75E+06
4327,1.03E+06
4328,3.20E+06
4329,2.78E+06
4330,4.84E+06
4331,2.33E+06
4332,1.17E+06
4333,4.26E+06
4334,4.15E+06
4335,2.03E+06
4336,1.91E+06
4337,5.04E+06
4338,1.37E+06
4339,3.32E+05
4340,5.35E+06
4341,5.37E+06
4342,3.13E+06
4343,2.98E+06
4344,2.93E+06
4345,4.24E+06
4346,1.22E+06
4347,1.35E+06
4348,4.38E+06
4349,4.52E+06
4350,2.18E+06
4351,2.19E+06
4352,3.61E+06
4353,2.46E+06
4354,5.06E+05
4355,4.67E+06
4356,5.06E+06
4357,6.76E+06
4358,2.80E+06
4359,2.71E+06
4360,7.69E+06
4361,6.12E+06
4362,1.34E+07
4363,2.72E+06
4364,1.29E+07
4365,1.03E+07
4366,9.10E+06
4367,5.93E+06
4368,8.46E+06
4369,6.47E+06
4370,1.33E+07
4371,1.31E+07
4372,1.01E+07
4373,6.48E+06
4374,6.02E+06
4375,3.35E+06
4376,3.92E+06
4377,4.91E+06
4378,2.00E+06
4379,4.61E+06
4380,4.18E+06
4381,4.06E+06
4382,1.72E+06
4383,1.88E+06
4384,4.54E+06
4385,5.06E+06
4386,5.05E+06
4387,2.62E+06
4388,2.76E+06
4389,2.79E+06
4390,3.83E+06
4391,3.95E+06
4392,4.09E+06
4393,1.80E+06
4394,1.86E+06
4395,4.41E+06
4396,4.78E+06
4397,6.49E+06
4398,2.82E+06
4399,2.57E+06
4400,1.60E+08
4401,3.46E+07
4402,1.75E+08
4403,6.85E+07
4404,1.61E+08
4405,1.76E+08
4406,9.78E+07
4407,1.09E+08
4408,1.59E+08
4409,2.34E+07
4410,1.71E+08
4411,9.95E+07
4412,1.64E+08
4413,1.51E+08
4414,1.76E+08
4415,8.86E+07
4416,9.87E+07
4417,1.11E+08
4418,5.85E+07
4419,1.02E+07
4420,5.60E+07
4421,1.40E+08
4422,1.23E+08
4423,7.11E+07
4424,7.48E+07
4425,5.24E+07
4426,1.97E+07
4427,6.32E+07
4428,8.27E+07
4429,3.91E+07
4430,3.82E+07
4431,4.10E+07
4432,5.08E+07
4433,3.49E+07
4434,7.16E+06
4435,3.19E+07
4436,3.50E+07
4437,2.04E+07
4438,2.22E+07
4439,1.07E+08
4440,3.75E+07
4441,1.84E+07
4442,4.96E+07
4443,5.58E+07
4444,8.20E+07
4445,6.88E+07
4446,4.33E+07
4447,4.13E+07
4448,5.25E+07
4449,7.76E+06
4450,1.32E+08
4451,1.21E+08
4452,6.94E+07
4453,7.25E+07
4454,1.67E+08
4455,1.89E+08
4456,1.60E+08
4457,1.77E+08
4458,1.04E+08
4459,9.28E+07
4460,1.61E+08
4461,1.87E+08
4462,1.14E+08
4463,1.68E+08
4464,1.56E+08
4465,1.80E+08
4466,1.05E+08
4467,9.32E+07
4468,1.06E+08
4469,1.34E+08
4470,1.21E+08
4471,7.92E+07
4472,7.66E+07
4473,4.39E+07
4474,5.62E+07
4475,7.64E+07
4476,3.85E+07
4477,3.86E+07
4478,4.53E+07
4479,2.78E+07
4480,2.92E+07
4481,1.49E+07
4482,1.28E+07
4483,1.00E+08
4484,5.25E+07
4485,7.79E+07
4486,6.28E+07
4487,3.46E+07
4488,3.68E+07
4489,1.74E+07
4490,1.27E+08
4491,1.18E+08
4492,7.48E+07
4493,7.05E+07
4494,83271
4495,32087
4496,89888
4497,40181
4498,67711
4499,62988
4500,59524
4501,49140
4502,2.80E+07
4503,1.82E+07
4504,2.79E+07
4505,3.54E+07
4506,3.57E+07
4507,2.99E+07
4508,3.12E+07
4509,3.23E+07
4510,3.01E+07
4511,2.83E+07
4512,4.66E+05
4513,77805
4514,1.33E+05
4515,4.76E+05
4516,1.21E+05
4517,3.28E+05
4518,2.18E+05
4519,1.00E+05
4520,2.02E+06
4521,6.52E+05
4522,1.81E+06
4523,1.21E+06
4524,6.71E+05
4525,5.45E+05
4526,9.00E+05
4527,6.25E+06
4528,2.53E+06
4529,4.63E+06
4530,3.74E+06
4531,2.48E+06
4532,2.95E+06
4533,2.08E+06
4534,1.64E+07
4535,6.39E+06
4536,9.42E+06
4537,1.19E+07
4538,9.09E+06
4539,6.76E+06
4540,7.13E+06
4541,5.68E+06
4542,1.22E+07
4543,1.30E+07
4544,1.56E+07
4545,2.51E+07
4546,1.86E+07
4547,1.82E+07
4548,2.48E+07
4549,1.56E+07
4550,1.21E+05
4551,81972
4552,1.37E+05
4553,49977
4554,64515
4555,85094
4556,57349
4557,56381
4558,6.56E+06
4559,3.84E+06
4560,7.00E+06
4561,7.64E+06
4562,1.22E+07
4563,1.06E+07
4564,6.70E+06
4565,7.33E+06
4566,6.53E+06
4567,5.55E+05
4568,2.33E+05
4569,1.59E+05
4570,2.46E+05
4571,1.32E+05
4572,2.11E+06
4573,6.30E+05
4574,1.20E+06
4575,7.90E+05
4576,6.15E+05
4577,9.70E+05
4578,5.52E+06
4579,2.55E+06
4580,2.88E+06
4581,3.09E+06
4582,2.25E+06
4583,9.22E+06
4584,9.04E+06
4585,6.06E+06
4586,8.00E+06
4587,5.32E+06
4588,6.71E+06
4589,5.58E+06
4590,4.98E+06
4591,1.05E+07
4592,1.18E+07
4593,8.66E+06
4594,1.28E+07
4595,1.20E+07
4596,1.05E+07
4597,1.30E+07
4598,5.77E+06
4599,1.84E+07
4600,9.97E+06
4601,1.15E+07
4602,1.60E+07
4603,9.61E+06
4604,1.41E+07
4605,1.5469
4606,0.58775
4607,1.5553
4608,0.99102
4609,0.95373
4610,1.1074
4611,146.8
4612,68.603
4613,67.975
4614,149.05
4615,66.469
4616,188.94
4617,164.7
4618,118.79
4619,113.59
4620,6.2809
4621,1.1118
4622,1.9229
4623,6.6583
4624,2.1289
4625,1.6084
4626,4.2598
4627,1.6706
4628,1.4156
4629,2.8015
4630,1.6401
4631,21.455
4632,8.0635
4633,11.93
4634,8.4439
4635,11.2
4636,57.653
4637,17.287
4638,26.274
4639,23.27
4640,38.421
4641,29.128
4642,22.049
4643,108.84
4644,44.049
4645,54.399
4646,49.22
4647,63.772
4648,83.076
4649,73.348
4650,52.187
4651,62.605
4652,179.46
4653,107.51
4654,135.54
4655,94.11
4656,109.6
4657,1.5153
4658,1.1198
4659,1.5192
4660,0.4715
4661,0.73115
4662,0.74403
4663,0.84114
4664,51.621
4665,50.463
4666,92.785
4667,53.471
4668,63.816
4669,39.756
4670,35.978
4671,7.475
4672,2.1782
4673,4.1646
4674,1.7852
4675,2.8599
4676,24.989
4677,6.7825
4678,12.96
4679,9.6547
4680,7.9277
4681,12.149
4682,48.518
4683,27.333
4684,35.832
4685,32.302
4686,25.955
4687,64.368
4688,43.979
4689,63.134
4690,57.854
4691,42.843
4692,82.162
4693,61.502
4694,52.499
4695,63.17
4696,1.28E+07
4697,7.07E+06
4698,9.07E+06
4699,1.41E+07
4700,1.53E+07
4701,9.02E+06
4702,9.44E+06
4703,5.89E+06
4704,7.36E+06
4705,1.08E+07
4706,1.18E+07
4707,6.61E+06
4708,5.66E+06
4709,6.61E+06
4710,5.85E+06
4711,8.94E+05
4712,5.75E+06
4713,6.60E+06
4714,7.93E+06
4715,2.39E+06
4716,2.36E+06
4717,1.35E+07
4718,7.42E+06
4719,8.05E+06
4720,1.03E+07
4721,1.24E+07
4722,1.27E+07
4723,6.29E+06
4724,7.30E+06
4725,7.65E+06
4726,1.45E+07
4727,1.56E+07
4728,9.02E+06
4729,9.04E+06
4730,1.45E+08
4731,9.83E+07
4732,1.07E+08
4733,1.66E+08
4734,1.63E+08
4735,1.25E+08
4736,4.55E+07
4737,8.27E+07
4738,9.18E+07
4739,1.13E+08
4740,1.12E+08
4741,1.20E+08
4742,1.23E+08
4743,7.07E+07
4744,6.42E+07
4745,9.46E+07
4746,1.29E+08
4747,9.13E+07
4748,9.19E+07
4749,1.41E+08
4750,1.41E+08
4751,1.05E+08
4752,1.08E+08
4753,1.47E+08
4754,4.98E+07
4755,8.44E+07
4756,1.15E+08
4757,1.26E+08
4758,1.12E+08
4759,1.22E+08
4760,7.28E+07
4761,9.54E+07
4762,7.62E+07
4763,8.18E+07
4764,6.37E+07
4765,1.58E+08
4766,1.53E+08
4767,1.62E+08
4768,1.01E+08
4769,9.52E+07
4770,1.81E+08
4771,1.71E+08
4772,1.57E+08
4773,1.56E+08
4774,1.68E+08
4775,1.75E+08
4776,1.35E+08
4777,1.48E+08
4778,1.92E+08
4779,1.72E+08
4780,1.58E+08
4781,1.64E+08
4782,1.74E+08
4783,1.70E+08
4784,1.46E+08
4785,1.46E+08
4786,1.54E+08
4787,1.50E+08
4788,1.41E+08
4789,1.56E+08
4790,1.61E+08
4791,1.55E+08
4792,1.44E+08
4793,1.26E+08
4794,1.38E+08
4795,1.46E+08
4796,1.46E+08
4797,1.22E+08
4798,1.20E+08
4799,1.33E+08
4800,1.15E+08
4801,1.23E+08
4802,1.20E+08
4803,1.35E+08
4804,1.48E+08
4805,1.49E+08
4806,1.32E+08
4807,1.35E+08
4808,1.21E+08
4809,1.27E+08
4810,1.25E+08
4811,1.24E+08
4812,1.48E+08
4813,1.45E+08
4814,1.35E+08
4815,1.22E+08
4816,1.27E+08
4817,1.32E+08
4818,1.17E+08
4819,1.22E+08
4820,1.22E+08
4821,1.13E+08
4822,1.20E+08
4823,1.17E+08
4824,1.80E+08
4825,1.52E+08
4826,1.46E+08
4827,1.53E+08
4828,1.34E+08
4829,1.38E+08
4830,1.69E+08
4831,1.57E+08
4832,1.72E+08
4833,1.64E+08
4834,1.51E+08
4835,1.10E+08
4836,9.09E+07
4837,7.26E+07
4838,7.73E+07
4839,1.09E+08
4840,7.56E+07
4841,8.36E+07
4842,7.62E+07
4843,8.12E+07
4844,1.40E+08
4845,1.12E+08
4846,1.37E+08
4847,1.55E+08
4848,1.50E+08
4849,1.28E+08
4850,1.02E+08
4851,1.28E+08
4852,1.39E+08
4853,9.93E+07
4854,1.05E+08
4855,1.17E+08
4856,1.09E+08
4857,1.25E+08
4858,9.70E+07
4859,7.80E+07
4860,9.88E+07
4861,1.20E+08
4862,8.94E+07
4863,7.29E+07
4864,9.00E+07
4865,7.88E+07
4866,6.96E+07
4867,8.99E+07
4868,9.28E+07
4869,7.55E+07
4870,7.61E+07
4871,1.09E+08
4872,1.11E+08
4873,7.02E+07
4874,7.24E+07
4875,7.98E+07
4876,7.60E+07
4877,9.57E+07
4878,8.02E+07
4879,7.74E+07
4880,1.11E+08
4881,1.13E+08
4882,6.54E+07
4883,7.53E+07
4884,7.36E+07
4885,7.45E+07
4886,8.22E+07
4887,6.92E+07
4888,7.80E+07
4889,9.74E+07
4890,8.27E+07
4891,8.08E+07
4892,1.11E+08
4893,1.09E+08
4894,7.19E+07
4895,7.62E+07
4896,6.79E+07
4897,7.85E+07
4898,7.00E+07
4899,9.94E+07
4900,8.37E+07
4901,8.07E+07
4902,8.55E+07
4903,1.10E+08
4904,1.08E+08
4905,6.60E+07
4906,6.98E+07
4907,6.90E+07
4908,7.97E+07
4909,8.39E+07
4910,5.39E+07
4911,1.01E+08
4912,8.68E+07
4913,8.65E+07
4914,1.09E+08
4915,1.09E+08
4916,6.09E+07
4917,6.93E+07
4918,7.08E+07
4919,8.03E+07
4920,8.14E+07
4921,8.49E+07
4922,1.01E+08
4923,8.76E+07
4924,8.79E+07
4925,1.11E+08
4926,1.10E+08
4927,6.44E+07
4928,7.79E+07
4929,6.93E+07
4930,8.12E+07
4931,4.87E+07
4932,8.30E+07
4933,1.01E+08
4934,8.65E+07
4935,8.66E+07
4936,1.10E+08
4937,1.12E+08
4938,6.82E+07
4939,7.83E+07
4940,7.77E+07
4941,8.17E+07
4942,8.19E+07
4943,7.04E+07
4944,8.73E+07
4945,9.07E+07
4946,1.13E+08
4947,7.78E+07
4948,7.83E+07
4949,8.22E+07
4950,8.23E+07
4951,1.08E+06
4952,7.45E+05
4953,3.10E+05
4954,4.06E+06
4955,1.37E+06
4956,8.45E+05
4957,7.51E+05
4958,2.18E+06
4959,2.05E+06
4960,3.10E+06
4961,1.17E+06
4962,8.38E+06
4963,2.02E+06
4964,3.34E+06
4965,7.85E+06
4966,5.38E+06
4967,2.03E+06
4968,1.32E+07
4969,2.88E+06
4970,9.86E+06
4971,1.29E+07
4972,1.62E+06
4973,1.95E+07
4974,4.13E+06
4975,4.89E+06
4976,1.57E+07
4977,2.86E+07
4978,5.38E+06
4979,4.36E+06
4980,2.40E+07
4981,1.92E+07
4982,3.82E+06
4983,2.94E+06
4984,4.19E+07
4985,6.15E+06
4986,3.99E+06
4987,7.87E+06
4988,3.64E+07
4989,2.98E+07
4990,4.98E+06
4991,3.87E+06
4992,5.84E+07
4993,4.31E+06
4994,8.80E+06
4995,4.40E+07
4996,5.13E+07
4997,5.09E+06
4998,5.52E+06
4999,7.86E+07
5000,4.24E+06
5001,9.39E+06
5002,6.84E+07
5003,6.02E+07
5004,6.04E+06
5005,6.02E+06
5006,1.02E+08
5007,3.43E+06
5008,7.65E+06
5009,7.98E+07
5010,9.38E+07
5011,7.88E+06
5012,5.15E+06
5013,1.22E+08
5014,5.68E+06
5015,2.79E+06
5016,1.06E+08
5017,1.18E+08
5018,2.42E+06
5019,1.31E+08
5020,4.85E+06
5021,2.38E+06
5022,1.29E+08
5023,1.25E+08
5024,1.29E+08
5025,2.93E+06
5026,6.96E+06
5027,7.05E+07
5028,1.34E+08
5029,4.66E+06
5030,5.88E+06
5031,1.30E+08
5032,1.31E+08
5033,6.50E+07
5034,7.25E+07
5035,1.31E+08
5036,1.29E+08
5037,6.53E+07
5038,7.99E+07
5039,6.20E+07
5040,7.28E+07
5041,8.71E+07
5042,8.96E+05
5043,1.14E+06
5044,3.77E+05
5045,1.22E+06
5046,2.08E+06
5047,4.25E+05
5048,1.95E+05
5049,4.23E+05
5050,1.72E+06
5051,3.41E+06
5052,3.08E+05
5053,5.43E+05
5054,3.25E+06
5055,2.33E+06
5056,3.07E+06
5057,5.02E+05
5058,4.34E+06
5059,2.58E+05
5060,2.08E+05
5061,4.45E+06
5062,3.92E+06
5063,2.22E+06
5064,2.08E+06
5065,4.15E+06
5066,97175
5067,3.90E+05
5068,4.69E+06
5069,4.52E+06
5070,2.32E+06
5071,3.17E+06
5072,1.81E+05
5073,6.26E+05
5074,3.63E+06
5075,4.10E+06
5076,2.27E+06
5077,1.90E+06
5078,1.48E+05
5079,6.15E+05
5080,2.55E+06
5081,3.09E+06
5082,1.73E+06
5083,1.43E+06
5084,4.21E+05
5085,6.83E+05
5086,2.02E+05
5087,1.85E+06
5088,7.47E+05
5089,1.25E+08
5090,1.11E+08
5091,7.67E+07
5092,9.69E+07
5093,9.75E+07
5094,8.84E+07
5095,6.56E+07
5096,9.02E+07
5097,8.30E+07
5098,1.34E+08
5099,1.21E+08
5100,1.31E+08
5101,7.46E+07
5102,8.28E+07
5103,9.16E+07
5104,1.32E+08
5105,5.48E+06
5106,4.87E+06
5107,1.30E+08
5108,1.31E+08
5109,7.37E+07
5110,6.00E+07
5111,6.16E+07
5112,1.23E+08
5113,2.96E+06
5114,7.77E+06
5115,1.27E+08
5116,1.29E+08
5117,1.30E+08
5118,3.67E+06
5119,3.04E+06
5120,6.00E+07
5121,1.05E+08
5122,1.42E+06
5123,9.43E+06
5124,1.20E+08
5125,1.11E+08
5126,8.19E+07
5127,2.93E+06
5128,8.79E+06
5129,8.92E+07
5130,1.00E+08
5131,6.09E+07
5132,4.11E+06
5133,7.28E+06
5134,6.77E+07
5135,7.77E+07
5136,3.62E+07
5137,4.38E+07
5138,4.45E+06
5139,7.32E+06
5140,4.94E+07
5141,5.81E+07
5142,4.54E+07
5143,3.41E+06
5144,2.69E+07
5145,3.08E+07
5146,5.34E+06
5147,5.64E+06
5148,3.77E+07
5149,3.33E+07
5150,2.15E+07
5151,5.03E+06
5152,4.72E+06
5153,2.34E+07
5154,2.80E+07
5155,2.68E+06
5156,1.43E+07
5157,4.15E+06
5158,3.93E+06
5159,1.62E+07
5160,1.94E+07
5161,2.10E+06
5162,8.46E+06
5163,3.36E+06
5164,3.10E+06
5165,1.30E+07
5166,1.01E+07
5167,1.85E+06
5168,3.82E+06
5169,2.50E+06
5170,2.17E+06
5171,7.35E+06
5172,5.10E+06
5173,1.48E+06
5174,7.51E+05
5175,1.16E+06
5176,1.87E+06
5177,3.15E+06
5178,9.25E+07
5179,1.10E+08
5180,7.32E+07
5181,7.60E+07
5182,1.10E+08
5183,7.57E+07
5184,8.40E+07
5185,7.81E+07
5186,8.67E+07
5187,1.04E+08
5188,9.14E+07
5189,9.28E+07
5190,1.17E+08
5191,6.93E+07
5192,8.55E+07
5193,8.47E+07
5194,7.84E+07
5195,6.90E+07
5196,8.08E+07
5197,7.86E+07
5198,7.42E+07
5199,1.01E+08
5200,8.67E+07
5201,8.88E+07
5202,1.10E+08
5203,1.14E+08
5204,7.24E+07
5205,8.27E+07
5206,8.46E+07
5207,6.93E+07
5208,8.12E+07
5209,7.20E+07
5210,9.95E+07
5211,8.76E+07
5212,8.57E+07
5213,1.09E+08
5214,1.09E+08
5215,7.94E+07
5216,8.39E+07
5217,6.85E+07
5218,7.26E+07
5219,8.32E+07
5220,9.80E+07
5221,8.66E+07
5222,8.28E+07
5223,8.51E+07
5224,1.08E+08
5225,1.07E+08
5226,7.23E+07
5227,7.92E+07
5228,7.88E+07
5229,8.24E+07
5230,9.83E+07
5231,8.45E+07
5232,8.20E+07
5233,1.10E+08
5234,1.06E+08
5235,6.96E+07
5236,7.85E+07
5237,7.83E+07
5238,7.98E+07
5239,9.75E+07
5240,8.24E+07
5241,8.31E+07
5242,1.14E+08
5243,1.11E+08
5244,7.47E+07
5245,7.05E+07
5246,7.65E+07
5247,7.37E+07
5248,6.17E+07
5249,8.08E+07
5250,6.87E+07
5251,9.45E+07
5252,7.88E+07
5253,8.10E+07
5254,1.12E+08
5255,1.11E+08
5256,6.51E+07
5257,6.01E+07
5258,7.48E+07
5259,7.36E+07
5260,7.21E+07
5261,7.19E+07
5262,7.48E+07
5263,7.77E+07
5264,7.58E+07
5265,1.11E+08
5266,1.10E+08
5267,7.04E+07
5268,7.72E+07
5269,7.17E+07
5270,7.08E+07
5271,8.15E+07
5272,8.62E+07
5273,7.36E+07
5274,1.40E+08
5275,1.38E+08
5276,1.13E+08
5277,1.54E+08
5278,1.51E+08
5279,1.26E+08
5280,1.02E+08
5281,1.28E+08
5282,1.38E+08
5283,9.91E+07
5284,1.14E+08
5285,1.03E+08
5286,8.90E+07
5287,1.05E+08
5288,6.70E+07
5289,9.28E+07
5290,6.24E+07
5291,5.92E+07
5292,9.47E+07
5293,6.49E+07
5294,5.81E+07
5295,5.99E+07
5296,6.20E+07
5297,7.06E+07
5298,6.58E+07
5299,6.40E+07
5300,7.41E+07
5301,7.40E+07
5302,5.88E+07
5303,6.73E+07
5304,6.49E+07
5305,6.60E+07
5306,6.17E+07
5307,9.50E+07
5308,9.70E+07
5309,4.97E+07
5310,6.13E+07
5311,1.02E+08
5312,9.21E+07
5313,5.29E+07
5314,5.01E+07
5315,7.40E+07
5316,9.35E+07
5317,5.10E+07
5318,7.84E+07
5319,4.02E+07
5320,3.93E+07
5321,3.92E+07
5322,8.06E+07
5323,4.95E+07
5324,3.82E+07
5325,5.98E+07
5326,3.86E+07
5327,6.93E+07
5328,9.35E+07
5329,7.94E+07
5330,8.49E+07
5331,4.53E+07
5332,4.56E+07
5333,8.21E+07
5334,4.29E+07
5335,3.79E+07
5336,7.15E+07
5337,7.22E+07
5338,8.32E+07
5339,8.11E+07
5340,7.56E+07
5341,4.11E+07
5342,3.80E+07
5343,5.98E+07
5344,2.91E+07
5345,7.60E+07
5346,3.33E+07
5347,4.35E+07
5348,6.67E+07
5349,8.15E+07
5350,7.54E+07
5351,7.79E+07
5352,3.33E+07
5353,3.41E+07
5354,5.38E+07
5355,2.61E+07
5356,2.88E+07
5357,2.29E+07
5358,2.13E+07
5359,5.99E+07
5360,7.10E+07
5361,8.71E+07
5362,7.81E+07
5363,8.24E+07
5364,3.61E+07
5365,3.90E+07
5366,3.10E+07
5367,7.11E+07
5368,3.17E+07
5369,2.39E+07
5370,6.33E+07
5371,3.20E+07
5372,6.74E+07
5373,8.41E+07
5374,8.53E+07
5375,8.30E+07
5376,4.18E+07
5377,3.23E+07
5378,2.82E+07
5379,3.48E+07
5380,7.13E+07
5381,6.94E+07
5382,7.66E+07
5383,7.80E+07
5384,7.62E+07
5385,3.36E+07
5386,3.51E+07
5387,3.68E+07
5388,2.71E+07
5389,2.41E+07
5390,4.83E+07
5391,6.61E+07
5392,2.78E+07
5393,7.18E+07
5394,7.88E+07
5395,8.02E+07
5396,7.37E+07
5397,3.16E+07
5398,3.25E+07
5399,3.14E+07
5400,6.80E+07
5401,2.66E+07
5402,4.62E+07
5403,4.99E+07
5404,2.51E+07
5405,1.60E+07
5406,2.43E+07
5407,6.95E+07
5408,3.54E+07
5409,8.45E+07
5410,8.86E+07
5411,3.57E+07
5412,2.90E+07
5413,3.59E+07
5414,6.26E+07
5415,3.03E+07
5416,5.39E+07
5417,8.11E+07
5418,8.31E+07
5419,8.58E+07
5420,7.87E+07
5421,8.60E+07
5422,8.09E+07
5423,8.27E+07
5424,9.29E+07
5425,8.13E+07
5426,8.29E+07
5427,7.85E+07
5428,8.35E+07
5429,1.65E+07
5430,1.22E+07
5431,1.57E+07
5432,2.33E+07
5433,1.83E+07
5434,2.63E+07
5435,1.65E+07
5436,1.72E+07
5437,2.36E+07
5438,6.32E+06
5439,6.69E+06
5440,9.49E+06
5441,1.17E+07
5442,7.80E+06
5443,6.94E+06
5444,6.08E+06
5445,1.98E+06
5446,4.86E+06
5447,2.42E+06
5448,2.85E+06
5449,2.14E+06
5450,4.63E+06
5451,2.17E+06
5452,3.14E+06
5453,4.77E+05
5454,1.75E+06
5455,6.71E+05
5456,9.35E+05
5457,5.64E+05
5458,1.06E+06
5459,6.51E+05
5460,5.07E+05
5461,1.48E+05
5462,2.27E+05
5463,1.23E+05
5464,1.16E+05
5465,1.68E+05
5466,3.43E+05
5467,109.62
5468,63.065
5469,137.31
5470,155.64
5471,101.07
5472,105.21
5473,56.192
5474,46.543
5475,51.673
5476,42.278
5477,76.027
5478,111.28
5479,59.639
5480,77.989
5481,54.401
5482,63.639
5483,21.801
5484,26.443
5485,17.026
5486,36.196
5487,28.38
5488,21.994
5489,32.273
5490,6.2973
5491,7.8913
5492,11.126
5493,8.3655
5494,16.954
5495,11.206
5496,6.9433
5497,6.6211
5498,1.8212
5499,1.6329
5500,2.5447
5501,4.0658
5502,3.2021
5503,1.7306
5504,3.36E+07
5505,5.03E+07
5506,4.48E+07
5507,4.88E+07
5508,3.65E+07
5509,3.92E+07
5510,4.53E+07
5511,4.57E+07
5512,1.47E+07
5513,3.54E+07
5514,2.04E+07
5515,2.66E+07
5516,3.11E+07
5517,2.59E+07
5518,2.73E+07
5519,1.23E+07
5520,1.86E+07
5521,1.68E+07
5522,1.29E+07
5523,2.18E+07
5524,4.78E+07
5525,3.36E+07
5526,4.40E+07
5527,4.78E+07
5528,3.84E+07
5529,3.62E+07
5530,4.41E+07
5531,6.27E+07
5532,5.72E+07
5533,5.74E+07
5534,5.70E+07
5535,5.21E+07
5536,4.80E+07
5537,5.39E+07
5538,5.44E+07
5539,6.94E+07
5540,6.33E+07
5541,6.24E+07
5542,6.10E+07
5543,5.70E+07
5544,5.67E+07
5545,5.68E+07
5546,5.88E+07
5547,6.94E+07
5548,6.53E+07
5549,6.51E+07
5550,6.06E+07
5551,6.28E+07
5552,6.08E+07
5553,5.75E+07
5554,5.97E+07
5555,5.85E+07
5556,6.51E+07
5557,6.22E+07
5558,6.35E+07
5559,5.88E+07
5560,5.80E+07
5561,5.79E+07
5562,5.82E+07
5563,5.49E+07
5564,5.83E+07
5565,5.97E+07
5566,5.94E+07
5567,5.54E+07
5568,5.37E+07
5569,5.73E+07
5570,5.58E+07
5571,5.45E+07
5572,5.47E+07
5573,4.50E+07
5574,4.89E+07
5575,5.05E+07
5576,5.27E+07
5577,6.43E+07
5578,1.01E+08
5579,8.68E+07
5580,8.95E+07
5581,5.94E+07
5582,5.67E+07
5583,6.01E+07
5584,9.08E+07
5585,7.44E+07
5586,1.47E+07
5587,3.60E+07
5588,2.12E+07
5589,2.75E+07
5590,3.45E+07
5591,2.88E+07
5592,4.77E+07
5593,2.65E+07
5594,2.51E+07
5595,1.20E+07
5596,1.84E+07
5597,1.30E+07
5598,1.82E+07
5599,8.76E+07
5600,4.86E+07
5601,5.21E+07
5602,9.24E+07
5603,8.73E+07
5604,4.37E+07
5605,7.58E+07
5606,4.39E+07
5607,7.50E+07
5608,3.62E+07
5609,8.18E+07
5610,8.09E+07
5611,3.27E+07
5612,2.80E+07
5613,6.61E+07
5614,3.16E+07
5615,4.98E+07
5616,2.86E+07
5617,7.71E+07
5618,7.68E+07
5619,7.90E+07
5620,3.11E+07
5621,3.15E+07
5622,4.59E+07
5623,4.79E+07
5624,6.90E+07
5625,2.76E+07
5626,2.53E+07
5627,2.05E+07
5628,1.95E+07
5629,8.21E+07
5630,8.15E+07
5631,8.01E+07
5632,3.95E+07
5633,3.47E+07
5634,5.95E+07
5635,4.98E+07
5636,5.00E+07
5637,2.98E+07
5638,2.17E+07
5639,7.61E+07
5640,8.70E+07
5641,8.20E+07
5642,4.03E+07
5643,5.09E+07
5644,3.08E+07
5645,3.00E+07
5646,5.86E+07
5647,2.55E+07
5648,7.65E+07
5649,8.03E+07
5650,7.47E+07
5651,2.73E+07
5652,3.33E+07
5653,2.36E+07
5654,3.99E+07
5655,2.40E+07
5656,5.49E+07
5657,2.05E+07
5658,2.04E+07
5659,1.95E+07
5660,8.38E+07
5661,8.20E+07
5662,7.86E+07
5663,3.47E+07
5664,3.75E+07
5665,4.73E+07
5666,3.00E+07
5667,5.62E+07
5668,2.72E+07
5669,9.01E+07
5670,7.72E+07
5671,7.68E+07
5672,3.61E+07
5673,3.69E+07
5674,3.55E+07
5675,2.92E+07
5676,7.15E+07
5677,2.98E+07
5678,6.27E+07
5679,2.89E+07
5680,5.67E+07
5681,8.97E+07
5682,8.21E+07
5683,7.92E+07
5684,4.39E+07
5685,4.19E+07
5686,4.00E+07
5687,3.54E+07
5688,6.91E+07
5689,7.18E+07
5690,7.70E+07
5691,7.14E+07
5692,7.02E+07
5693,3.64E+07
5694,3.65E+07
5695,4.36E+07
5696,7.60E+07
5697,3.34E+07
5698,6.61E+07
5699,3.83E+07
5700,3.06E+07
5701,5.96E+07
5702,6.2613
5703,3.3456
5704,1.4747
5705,4.6611
5706,1.93E+07
5707,2.24E+07
5708,2.33E+07
5709,3.55E+07
5710,2.61E+07
5711,3.13E+07
5712,1.89E+07
5713,1.07E+07
5714,9.86E+06
5715,7.61E+06
5716,1.46E+07
5717,1.77E+07
5718,9.84E+06
5719,2.14E+07
5720,1.08E+07
5721,1.68E+07
5722,3.79E+06
5723,3.81E+06
5724,3.09E+06
5725,5.44E+06
5726,8.39E+05
5727,1.03E+06
5728,6.96E+05
5729,8.81E+05
5730,1.50E+06
5731,3.02E+06
5732,6.94E+05
5733,2.09E+05
5734,2.51E+05
5735,1.74E+05
5736,3.76E+05
5737,2.22E+05
5738,1.82E+05
5739,51746
5740,59008
5741,42652
5742,97987
5743,62952
5744,11437
5745,12869
5746,9310.2
5747,17487
5748,30026
5749,12061
5750,2604.2
5751,3382.6
5752,2185.6
5753,2905
5754,4941.2
5755,2632.4
5756,560.71
5757,620.63
5758,445.59
5759,1193
5760,628.25
5761,449.71
5762,136.73
5763,158.84
5764,119.1
5765,155.34
5766,299.46
5767,121.48
5768,221.21
5769,26.488
5770,33.396
5771,20.684
5772,62.415
5773,33.283
5774,4.2063
5775,5.7402
5776,7.4461
5777,16.008
5778,4.8667
5779,3.0296
5780,5.4576
5781,1.2297
5782,1.2704
5783,4.3367
5784,2.5564
5785,2.9716
5786,1.2117
5787,1.2382
5788,1.2707
5789,4.1957
5790,4.3883
5791,1.9148
5792,2.4876
5793,1.1763
5794,1.2287
5795,3.5787
5796,4.0668
5797,1.7783
5798,1.7904
5799,1.5793
5800,0.9209
5801,0.88377
5802,3.212
5803,2.0982
5804,1.5418
5805,1.356
5806,1.4862
5807,1.7198
5808,0.4787
5809,0.45795
5810,1.0741
5811,1.5158
5812,0.98323
5813,0.69712
5814,0.96534
5815,1.0808
5816,2.6094
5817,1.0781
5818,1.0348
5819,3.0998
5820,1.7296
5821,2.6298
5822,1.7015
5823,1.738
5824,2.9015
5825,1.2702
5826,1.1195
5827,3.3784
5828,3.9874
5829,1.9076
5830,1.7317
5831,1.1283
5832,4.0118
5833,4.2535
5834,1.7431
5835,1.8974
5836,2.462
5837,22.518
5838,3.6346
5839,4.7935
5840,6.8192
5841,14.017
5842,5.1074
5843,96.958
5844,17.921
5845,21.21
5846,53.541
5847,28.538
5848,29.631
5849,395
5850,77.893
5851,92.384
5852,113.21
5853,237.02
5854,82.392
5855,159.17
5856,1830.7
5857,305.36
5858,447.71
5859,473.87
5860,795.3
5861,334.63
5862,7898.1
5863,1507.8
5864,1792.1
5865,3244.1
5866,7710.5
5867,1991.6
5868,1533.8
5869,2694.5
5870,32115
5871,6203.5
5872,8511.9
5873,12539
5874,6716.6
5875,1.52E+05
5876,25874
5877,34831
5878,49163
5879,31879
5880,90660
5881,25935
5882,6.71E+05
5883,1.23E+05
5884,1.57E+05
5885,3.36E+05
5886,1.91E+05
5887,2.95E+06
5888,5.41E+05
5889,6.72E+05
5890,1.44E+06
5891,7.53E+05
5892,1.33E+06
5893,7.32E+05
5894,1.07E+07
5895,2.83E+06
5896,4.90E+06
5897,5.47E+06
5898,3.19E+06
5899,8.06E+06
5900,2.90E+06
5901,2.10E+07
5902,8.89E+06
5903,1.39E+07
5904,1.65E+07
5905,2.30E+07
5906,1.80E+07
5907,2.75E+07
5908,3.62E+07
5909,2.02E+07
5910,2.30E+07
5911,3.02E+07
5912,3.11E+07
5913,1.69E+08
5914,1.68E+08
5915,1.42E+08
5916,1.18E+08
5917,1.89E+08
5918,1.10E+08
5919,1.34E+08
5920,6.52E+07
5921,6.01E+07
5922,7.58E+07
5923,5.17E+07
5924,5.52E+07
5925,5.01E+07
5926,5.33E+07
5927,6.00E+07
5928,5.61E+07
5929,4.66E+07
5930,5.13E+07
5931,4.23E+07
5932,1.78E+08
5933,1.44E+08
5934,1.20E+08
5935,1.90E+08
5936,1.96E+08
5937,1.45E+08
5938,1.35E+08
5939,1.33E+08
5940,1.35E+08
5941,1.35E+08
5942,1.91E+08
5943,2.03E+08
5944,2.07E+08
5945,1.55E+08
5946,1.53E+08
5947,1.62E+08
5948,1.42E+08
5949,1.50E+08
5950,1.38E+08
5951,1.45E+08
5952,1.42E+08
5953,1.95E+08
5954,2.08E+08
5955,2.12E+08
5956,1.66E+08
5957,1.54E+08
5958,1.55E+08
5959,1.43E+08
5960,1.49E+08
5961,1.93E+08
5962,2.05E+08
5963,2.12E+08
5964,1.59E+08
5965,1.67E+08
5966,1.54E+08
5967,1.42E+08
5968,1.98E+08
5969,2.12E+08
5970,2.12E+08
5971,1.57E+08
5972,1.64E+08
5973,1.44E+08
5974,1.52E+08
5975,1.40E+08
5976,1.57E+08
5977,2.04E+08
5978,2.18E+08
5979,2.08E+08
5980,1.70E+08
5981,1.50E+08
5982,1.62E+08
5983,1.63E+08
5984,2.05E+08
5985,2.08E+08
5986,1.93E+08
5987,1.68E+08
5988,1.70E+08
5989,1.49E+08
5990,1.63E+08
5991,1.49E+08
5992,2.01E+08
5993,1.94E+08
5994,2.28E+08
5995,1.69E+08
5996,1.74E+08
5997,1.49E+08
5998,1.53E+08
5999,1.50E+08
6000,2.01E+08
6001,2.23E+08
6002,2.11E+08
6003,1.71E+08
6004,1.53E+08
6005,1.49E+08
6006,1.99E+08
6007,2.16E+08
6008,2.28E+08
6009,1.69E+08
6010,1.73E+08
6011,1.57E+08
6012,1.53E+08
6013,1.42E+08
6014,2.07E+08
6015,2.25E+08
6016,1.57E+08
6017,1.64E+08
6018,1.63E+08
6019,1.52E+08
6020,1.54E+08
6021,1.38E+08
6022,1.37E+08
6023,2.08E+08
6024,2.31E+08
6025,2.36E+08
6026,1.75E+08
6027,1.66E+08
6028,1.49E+08
6029,1.34E+08
6030,2.02E+08
6031,2.14E+08
6032,2.21E+08
6033,1.64E+08
6034,1.66E+08
6035,1.49E+08
6036,1.55E+08
6037,1.39E+08
6038,1.23E+08
6039,1.65E+08
6040,2.07E+08
6041,2.34E+08
6042,2.17E+08
6043,1.72E+08
6044,1.72E+08
6045,1.51E+08
6046,1.44E+08
6047,1.71E+08
6048,2.04E+08
6049,2.14E+08
6050,2.31E+08
6051,1.71E+08
6052,1.49E+08
6053,1.70E+08
6054,1.72E+08
6055,2.00E+08
6056,2.21E+08
6057,2.15E+08
6058,1.68E+08
6059,1.63E+08
6060,1.52E+08
6061,1.47E+08
6062,1.31E+08
6063,1.70E+08
6064,2.09E+08
6065,2.18E+08
6066,2.23E+08
6067,1.64E+08
6068,1.62E+08
6069,1.50E+08
6070,1.44E+08
6071,1.53E+08
6072,2.10E+08
6073,2.35E+08
6074,2.30E+08
6075,1.73E+08
6076,1.54E+08
6077,1.56E+08
6078,1.65E+08
6079,1.46E+08
6080,2.01E+08
6081,2.26E+08
6082,2.22E+08
6083,1.63E+08
6084,1.58E+08
6085,1.47E+08
6086,1.45E+08
6087,1.58E+08
6088,1.56E+08
6089,1.29E+08
6090,1.21E+08
6091,2.09E+08
6092,2.13E+08
6093,2.14E+08
6094,1.60E+08
6095,1.67E+08
6096,1.61E+08
6097,1.40E+08
6098,1.57E+08
6099,2.09E+08
6100,2.26E+08
6101,2.34E+08
6102,1.73E+08
6103,1.69E+08
6104,1.51E+08
6105,1.54E+08
6106,1.43E+08
6107,1.67E+08
6108,2.03E+08
6109,2.23E+08
6110,2.20E+08
6111,1.64E+08
6112,1.67E+08
6113,1.44E+08
6114,1.59E+08
6115,1.37E+08
6116,2.05E+08
6117,2.24E+08
6118,2.22E+08
6119,1.65E+08
6120,1.51E+08
6121,1.56E+08
6122,1.43E+08
6123,1.61E+08
6124,1.40E+08
6125,2.02E+08
6126,2.18E+08
6127,2.08E+08
6128,2.28E+08
6129,1.64E+08
6130,1.66E+08
6131,1.49E+08
6132,1.54E+08
6133,1.61E+08
6134,1.48E+08
6135,1.99E+08
6136,2.26E+08
6137,2.24E+08
6138,1.61E+08
6139,1.56E+08
6140,1.59E+08
6141,1.46E+08
6142,1.62E+08
6143,2.00E+08
6144,2.22E+08
6145,2.19E+08
6146,1.60E+08
6147,1.61E+08
6148,1.54E+08
6149,1.55E+08
6150,1.43E+08
6151,1.61E+08
6152,2.02E+08
6153,2.23E+08
6154,2.16E+08
6155,1.63E+08
6156,1.70E+08
6157,1.58E+08
6158,1.46E+08
6159,1.54E+08
6160,1.47E+08
6161,2.01E+08
6162,2.16E+08
6163,2.16E+08
6164,1.65E+08
6165,1.70E+08
6166,1.52E+08
6167,1.54E+08
6168,1.54E+08
6169,1.47E+08
6170,1.94E+08
6171,2.16E+08
6172,2.08E+08
6173,2.21E+08
6174,1.64E+08
6175,1.65E+08
6176,1.52E+08
6177,1.53E+08
6178,1.44E+08
6179,1.47E+08
6180,1.86E+08
6181,2.15E+08
6182,2.11E+08
6183,1.52E+08
6184,1.59E+08
6185,1.41E+08
6186,1.45E+08
6187,1.38E+08
6188,1.41E+08
6189,1.85E+08
6190,2.08E+08
6191,2.05E+08
6192,1.50E+08
6193,1.38E+08
6194,1.38E+08
6195,1.43E+08
6196,1.88E+08
6197,2.07E+08
6198,1.98E+08
6199,1.50E+08
6200,1.51E+08
6201,1.40E+08
6202,1.39E+08
6203,1.31E+08
6204,1.84E+08
6205,2.02E+08
6206,1.92E+08
6207,1.92E+08
6208,1.52E+08
6209,1.32E+08
6210,1.42E+08
6211,1.46E+08
6212,1.34E+08
6213,1.32E+08
6214,1.80E+08
6215,1.84E+08
6216,1.92E+08
6217,1.42E+08
6218,1.45E+08
6219,1.42E+08
6220,1.24E+08
6221,1.39E+08
6222,1.39E+08
6223,1.24E+08
6224,1.82E+08
6225,1.96E+08
6226,1.87E+08
6227,1.46E+08
6228,1.43E+08
6229,1.35E+08
6230,1.19E+08
6231,1.28E+08
6232,1.75E+08
6233,1.83E+08
6234,1.88E+08
6235,1.44E+08
6236,1.47E+08
6237,1.41E+08
6238,1.32E+08
6239,1.36E+08
6240,1.72E+08
6241,1.84E+08
6242,1.95E+08
6243,1.43E+08
6244,1.42E+08
6245,1.23E+08
6246,1.32E+08
6247,1.74E+08
6248,1.99E+08
6249,1.84E+08
6250,1.44E+08
6251,1.26E+08
6252,1.25E+08
6253,1.21E+08
6254,1.76E+08
6255,1.84E+08
6256,1.81E+08
6257,1.44E+08
6258,1.43E+08
6259,1.21E+08
6260,1.24E+08
6261,1.24E+08
6262,1.21E+08
6263,1.69E+08
6264,1.83E+08
6265,1.84E+08
6266,1.45E+08
6267,1.23E+08
6268,1.26E+08
6269,1.22E+08
6270,1.58E+08
6271,1.74E+08
6272,1.80E+08
6273,1.32E+08
6274,1.37E+08
6275,1.28E+08
6276,1.16E+08
6277,1.12E+08
6278,1.56E+08
6279,1.79E+08
6280,1.70E+08
6281,1.30E+08
6282,1.29E+08
6283,1.27E+08
6284,1.21E+08
6285,1.11E+08
6286,1.08E+08
6287,1.54E+08
6288,1.68E+08
6289,1.64E+08
6290,1.29E+08
6291,1.28E+08
6292,1.20E+08
6293,1.19E+08
6294,1.07E+08
6295,1.46E+08
6296,1.62E+08
6297,1.57E+08
6298,1.29E+08
6299,1.17E+08
6300,1.38E+08
6301,1.54E+08
6302,1.48E+08
6303,1.15E+08
6304,1.19E+08
6305,1.21E+08
6306,1.05E+08
6307,9.53E+07
6308,1.12E+08
6309,8.41E+07
6310,1.37E+08
6311,1.46E+08
6312,1.42E+08
6313,1.14E+08
6314,1.00E+08
6315,1.04E+08
6316,1.05E+08
6317,9.35E+07
6318,1.38E+08
6319,1.40E+08
6320,1.35E+08
6321,1.46E+08
6322,1.14E+08
6323,1.16E+08
6324,9.97E+07
6325,1.03E+08
6326,1.05E+08
6327,1.31E+08
6328,1.47E+08
6329,1.42E+08
6330,1.16E+08
6331,1.01E+08
6332,1.04E+08
6333,9.18E+07
6334,1.01E+08
6335,1.22E+08
6336,1.35E+08
6337,1.29E+08
6338,1.08E+08
6339,1.09E+08
6340,9.70E+07
6341,9.53E+07
6342,8.51E+07
6343,9.04E+07
6344,1.12E+08
6345,1.27E+08
6346,1.18E+08
6347,1.06E+08
6348,9.32E+07
6349,8.84E+07
6350,7.58E+07
6351,1.02E+08
6352,1.10E+08
6353,1.06E+08
6354,9.32E+07
6355,9.57E+07
6356,9.85E+07
6357,8.58E+07
6358,8.23E+07
6359,6.88E+07
6360,9.51E+07
6361,1.03E+08
6362,9.30E+07
6363,9.11E+07
6364,7.38E+07
6365,8.01E+07
6366,8.06E+07
6367,5.98E+07
6368,7.75E+07
6369,8.80E+07
6370,8.63E+07
6371,5.99E+07
6372,6.57E+07
6373,6.89E+07
6374,6.19E+07
6375,7.50E+07
6376,7.57E+07
6377,5.89E+07
6378,4.68E+07
6379,6.42E+07
6380,5.79E+07
6381,4.95E+07
6382,4.03E+07
6383,4.41E+07
6384,4.32E+07
6385,4.40E+07
6386,3.40E+07
6387,3.59E+07
6388,4.74E+07
6389,4.87E+07
6390,6.86E+07
6391,7.56E+07
6392,4.34E+07
6393,4.37E+07
6394,3.78E+07
6395,4.51E+07
6396,5.15E+07
6397,4.00E+07
6398,3.36E+07
6399,3.68E+07
6400,6.31E+07
6401,4.98E+07
6402,6.54E+07
6403,7.60E+07
6404,4.29E+07
6405,3.39E+07
6406,4.53E+07
6407,3.49E+07
6408,2.98E+07
6409,3.05E+07
6410,1.32E+08
6411,1.40E+08
6412,9.09E+07
6413,9.97E+07
6414,1.07E+08
6415,1.02E+08
6416,9.42E+07
6417,6.63E+07
6418,8.98E+07
6419,7.88E+07
6420,6.51E+07
6421,6.27E+07
6422,6.39E+07
6423,6.55E+07
6424,1.05E+08
6425,1.05E+08
6426,9.71E+07
6427,8.65E+07
6428,8.51E+07
6429,7.35E+07
6430,7.19E+07
6431,8.31E+07
6432,7.25E+07
6433,7.12E+07
6434,1.17E+08
6435,1.16E+08
6436,1.08E+08
6437,9.64E+07
6438,9.05E+07
6439,7.73E+07
6440,8.70E+07
6441,8.68E+07
6442,7.35E+07
6443,1.28E+08
6444,1.29E+08
6445,1.25E+08
6446,1.04E+08
6447,8.91E+07
6448,9.52E+07
6449,9.43E+07
6450,8.19E+07
6451,1.35E+08
6452,1.36E+08
6453,1.31E+08
6454,1.07E+08
6455,1.10E+08
6456,9.65E+07
6457,1.02E+08
6458,9.78E+07
6459,9.65E+07
6460,1.34E+08
6461,1.53E+08
6462,1.39E+08
6463,1.41E+08
6464,1.14E+08
6465,1.17E+08
6466,1.01E+08
6467,1.01E+08
6468,1.06E+08
6469,9.78E+07
6470,1.35E+08
6471,1.48E+08
6472,1.47E+08
6473,1.06E+08
6474,1.12E+08
6475,1.01E+08
6476,9.86E+07
6477,9.50E+07
6478,9.22E+07
6479,1.43E+08
6480,1.56E+08
6481,1.54E+08
6482,1.12E+08
6483,1.07E+08
6484,1.01E+08
6485,1.05E+08
6486,1.14E+08
6487,1.49E+08
6488,1.54E+08
6489,1.57E+08
6490,1.15E+08
6491,1.21E+08
6492,1.14E+08
6493,1.06E+08
6494,1.08E+08
6495,1.16E+08
6496,1.55E+08
6497,1.69E+08
6498,1.60E+08
6499,1.24E+08
6500,1.16E+08
6501,1.10E+08
6502,1.19E+08
6503,1.14E+08
6504,1.04E+08
6505,1.06E+08
6506,1.59E+08
6507,1.72E+08
6508,1.69E+08
6509,1.25E+08
6510,1.26E+08
6511,1.18E+08
6512,1.11E+08
6513,1.23E+08
6514,1.19E+08
6515,1.64E+08
6516,1.76E+08
6517,1.73E+08
6518,1.27E+08
6519,1.30E+08
6520,1.20E+08
6521,1.22E+08
6522,1.25E+08
6523,1.20E+08
6524,1.67E+08
6525,1.86E+08
6526,1.81E+08
6527,1.33E+08
6528,1.24E+08
6529,1.21E+08
6530,1.27E+08
6531,1.27E+08
6532,1.24E+08
6533,1.65E+08
6534,1.83E+08
6535,1.83E+08
6536,1.30E+08
6537,1.33E+08
6538,1.22E+08
6539,1.19E+08
6540,1.26E+08
6541,1.73E+08
6542,1.88E+08
6543,1.83E+08
6544,1.29E+08
6545,1.34E+08
6546,1.21E+08
6547,1.23E+08
6548,1.18E+08
6549,1.25E+08
6550,1.25E+08
6551,1.80E+08
6552,1.96E+08
6553,1.96E+08
6554,1.44E+08
6555,1.27E+08
6556,1.34E+08
6557,1.35E+08
6558,1.73E+08
6559,1.89E+08
6560,1.95E+08
6561,1.93E+08
6562,1.35E+08
6563,1.42E+08
6564,1.34E+08
6565,1.24E+08
6566,1.31E+08
6567,1.32E+08
6568,1.76E+08
6569,1.90E+08
6570,1.30E+08
6571,1.45E+08
6572,1.29E+08
6573,1.19E+08
6574,1.29E+08
6575,1.81E+08
6576,2.03E+08
6577,1.99E+08
6578,1.53E+08
6579,1.34E+08
6580,1.38E+08
6581,1.25E+08
6582,1.44E+08
6583,1.78E+08
6584,1.99E+08
6585,1.98E+08
6586,1.36E+08
6587,1.47E+08
6588,1.51E+08
6589,1.30E+08
6590,1.29E+08
6591,1.41E+08
6592,1.42E+08
6593,1.81E+08
6594,2.02E+08
6595,2.02E+08
6596,1.46E+08
6597,1.46E+08
6598,1.44E+08
6599,1.36E+08
6600,1.41E+08
6601,1.08E+08
6602,1.84E+08
6603,2.05E+08
6604,2.02E+08
6605,1.40E+08
6606,1.49E+08
6607,1.41E+08
6608,1.42E+08
6609,1.37E+08
6610,1.42E+08
6611,1.96E+08
6612,1.99E+08
6613,2.05E+08
6614,1.49E+08
6615,1.41E+08
6616,1.41E+08
6617,1.42E+08
6618,1.41E+08
6619,1.93E+08
6620,2.18E+08
6621,1.97E+08
6622,2.09E+08
6623,1.60E+08
6624,1.48E+08
6625,1.53E+08
6626,1.52E+08
6627,1.80E+08
6628,2.07E+08
6629,2.06E+08
6630,1.36E+08
6631,1.46E+08
6632,1.37E+08
6633,1.38E+08
6634,1.34E+08
6635,1.39E+08
6636,1.51E+08
6637,1.33E+08
6638,1.87E+08
6639,2.12E+08
6640,2.06E+08
6641,1.36E+08
6642,1.44E+08
6643,1.32E+08
6644,1.40E+08
6645,1.50E+08
6646,1.28E+08
6647,1.32E+08
6648,1.93E+08
6649,2.24E+08
6650,2.21E+08
6651,1.52E+08
6652,1.42E+08
6653,1.49E+08
6654,1.41E+08
6655,1.55E+08
6656,1.46E+08
6657,1.37E+08
6658,1.94E+08
6659,2.10E+08
6660,2.19E+08
6661,1.48E+08
6662,1.50E+08
6663,1.48E+08
6664,1.36E+08
6665,1.51E+08
6666,1.38E+08
6667,1.99E+08
6668,2.17E+08
6669,2.05E+08
6670,2.12E+08
6671,1.52E+08
6672,1.58E+08
6673,1.52E+08
6674,1.51E+08
6675,1.49E+08
6676,1.41E+08
6677,1.97E+08
6678,2.20E+08
6679,2.17E+08
6680,1.59E+08
6681,1.47E+08
6682,1.50E+08
6683,1.92E+08
6684,2.18E+08
6685,2.21E+08
6686,1.56E+08
6687,1.47E+08
6688,1.44E+08
6689,1.47E+08
6690,1.49E+08
6691,1.49E+08
6692,1.29E+08
6693,1.95E+08
6694,2.13E+08
6695,2.14E+08
6696,1.44E+08
6697,1.55E+08
6698,1.44E+08
6699,1.40E+08
6700,1.43E+08
6701,1.46E+08
6702,2.00E+08
6703,2.24E+08
6704,2.19E+08
6705,1.62E+08
6706,1.52E+08
6707,1.51E+08
6708,1.49E+08
6709,1.53E+08
6710,1.92E+08
6711,2.21E+08
6712,2.12E+08
6713,2.21E+08
6714,1.62E+08
6715,1.61E+08
6716,1.50E+08
6717,1.51E+08
6718,1.46E+08
6719,1.86E+08
6720,2.18E+08
6721,2.15E+08
6722,1.41E+08
6723,1.55E+08
6724,1.39E+08
6725,1.36E+08
6726,1.40E+08
6727,1.92E+08
6728,2.17E+08
6729,2.20E+08
6730,1.47E+08
6731,1.42E+08
6732,1.39E+08
6733,1.40E+08
6734,1.37E+08
6735,1.48E+08
6736,1.95E+08
6737,2.19E+08
6738,2.21E+08
6739,1.52E+08
6740,1.44E+08
6741,1.48E+08
6742,1.53E+08
6743,1.61E+08
6744,1.91E+08
6745,2.09E+08
6746,2.18E+08
6747,2.15E+08
6748,1.51E+08
6749,1.47E+08
6750,1.43E+08
6751,1.43E+08
6752,1.46E+08
6753,1.60E+08
6754,1.86E+08
6755,2.14E+08
6756,2.10E+08
6757,1.43E+08
6758,1.42E+08
6759,1.41E+08
6760,1.40E+08
6761,1.41E+08
6762,1.88E+08
6763,2.08E+08
6764,2.16E+08
6765,1.43E+08
6766,1.42E+08
6767,1.41E+08
6768,1.42E+08
6769,1.39E+08
6770,1.40E+08
6771,1.88E+08
6772,2.21E+08
6773,2.18E+08
6774,1.46E+08
6775,1.57E+08
6776,1.45E+08
6777,1.46E+08
6778,1.44E+08
6779,1.27E+08
6780,1.84E+08
6781,2.12E+08
6782,2.16E+08
6783,1.52E+08
6784,1.54E+08
6785,1.40E+08
6786,1.52E+08
6787,1.83E+08
6788,2.18E+08
6789,1.52E+08
6790,1.44E+08
6791,1.53E+08
6792,1.35E+08
6793,1.87E+08
6794,2.09E+08
6795,2.16E+08
6796,1.51E+08
6797,1.39E+08
6798,1.35E+08
6799,1.43E+08
6800,1.45E+08
6801,1.34E+08
6802,1.88E+08
6803,2.16E+08
6804,2.15E+08
6805,1.50E+08
6806,1.43E+08
6807,1.41E+08
6808,1.34E+08
6809,1.46E+08
6810,1.38E+08
6811,1.50E+08
6812,1.83E+08
6813,2.13E+08
6814,2.12E+08
6815,1.46E+08
6816,1.36E+08
6817,1.40E+08
6818,1.42E+08
6819,1.34E+08
6820,1.82E+08
6821,2.02E+08
6822,2.11E+08
6823,1.45E+08
6824,1.38E+08
6825,1.35E+08
6826,1.34E+08
6827,1.39E+08
6828,1.40E+08
6829,1.81E+08
6830,2.05E+08
6831,2.02E+08
6832,1.39E+08
6833,1.38E+08
6834,1.36E+08
6835,1.35E+08
6836,1.40E+08
6837,1.77E+08
6838,2.00E+08
6839,2.06E+08
6840,1.37E+08
6841,1.36E+08
6842,1.38E+08
6843,1.36E+08
6844,1.40E+08
6845,1.68E+08
6846,1.90E+08
6847,1.88E+08
6848,1.96E+08
6849,1.34E+08
6850,1.37E+08
6851,1.28E+08
6852,1.34E+08
6853,1.33E+08
6854,1.33E+08
6855,1.57E+08
6856,1.86E+08
6857,1.26E+08
6858,1.31E+08
6859,1.23E+08
6860,1.25E+08
6861,1.28E+08
6862,1.48E+08
6863,1.73E+08
6864,1.81E+08
6865,1.16E+08
6866,1.21E+08
6867,1.11E+08
6868,1.17E+08
6869,1.21E+08
6870,1.23E+08
6871,1.46E+08
6872,1.11E+08
6873,1.68E+08
6874,1.12E+08
6875,1.07E+08
6876,1.15E+08
6877,1.12E+08
6878,1.68E+08
6879,1.25E+08
6880,1.96E+08
6881,1.92E+08
6882,9.82E+07
6883,1.41E+08
6884,1.40E+08
6885,2.05E+08
6886,2.00E+08
6887,1.16E+08
6888,1.21E+08
6889,1.53E+08
6890,1.46E+08
6891,1.26E+06
6892,1.01E+06
6893,1.33E+08
6894,1.08E+08
6895,1.67E+08
6896,1.63E+08
6897,1.82E+08
6898,1.04E+08
6899,1.15E+08
6900,1.33E+08
6901,1.29E+08
6902,3.52E+06
6903,1.56E+06
6904,1.45E+06
6905,2.22E+06
6906,3.30E+06
6907,1.14E+06
6908,8.35E+06
6909,1.34E+06
6910,7.31E+06
6911,4.87E+06
6912,1.47E+07
6913,2.64E+06
6914,1.07E+07
6915,1.50E+07
6916,2.17E+07
6917,3.11E+06
6918,1.79E+07
6919,3.06E+07
6920,2.70E+07
6921,2.19E+07
6922,4.16E+07
6923,3.85E+07
6924,3.19E+07
6925,5.63E+07
6926,4.46E+07
6927,5.26E+07
6928,7.49E+07
6929,7.03E+07
6930,6.12E+07
6931,9.45E+07
6932,8.03E+07
6933,9.00E+07
6934,1.12E+08
6935,6.11E+06
6936,9.97E+07
6937,1.10E+08
6938,1.22E+08
6939,1.23E+08
6940,1.18E+08
6941,1.24E+08
6942,1.24E+08
6943,1.25E+08
6944,5.65E+07
6945,1.20E+08
6946,1.24E+08
6947,1.22E+08
6948,6.38E+07
6949,6.65E+07
6950,5.56E+07
6951,1.14E+08
6952,1.17E+08
6953,1.18E+08
6954,8.65E+07
6955,6.06E+07
6956,1.12E+08
6957,1.14E+08
6958,1.16E+08
6959,8.41E+07
6960,9.79E+07
6961,9.35E+07
6962,1.44E+08
6963,1.16E+08
6964,9.83E+07
6965,9.26E+07
6966,1.05E+08
6967,4.09E+07
6968,6.12E+07
6969,4.47E+07
6970,6.74E+07
6971,5.91E+07
6972,6.05E+07
6973,8.87E+07
6974,8.13E+07
6975,3.12E+07
6976,3.53E+07
6977,3.20E+07
6978,2.75E+07
6979,4.60E+07
6980,3.96E+07
6981,2.95E+07
6982,2.72E+07
6983,5.01E+07
6984,6.63E+07
6985,4.13E+07
6986,2.68E+07
6987,6.17E+07
6988,3.59E+07
6989,2.52E+07
6990,3.99E+07
6991,5.13E+07
6992,1.11E+06
6993,1.86E+06
6994,6.27E+05
6995,1.76E+06
6996,1.87E+06
6997,4.82E+05
6998,2.10E+06
6999,3.00E+06
7000,4.65E+05
7001,2.55E+06
7002,2.59E+06
7003,4.10E+06
7004,4.05E+05
7005,4.18E+06
7006,3.82E+06
7007,3.31E+06
7008,1.74E+06
7009,1.85E+06
7010,4.15E+06
7011,1.50E+05
7012,4.55E+06
7013,4.35E+06
7014,2.21E+06
7015,3.22E+06
7016,3.97E+05
7017,3.53E+06
7018,4.04E+06
7019,1.55E+06
7020,2.04E+06
7021,3.93E+05
7022,2.61E+06
7023,2.93E+06
7024,9.53E+05
7025,1.33E+06
7026,5.61E+05
7027,2.06E+06
7028,7.86E+05
7029,1.16E+08
7030,9.26E+07
7031,1.20E+08
7032,8.45E+07
7033,1.06E+08
7034,1.13E+08
7035,1.17E+08
7036,1.14E+08
7037,8.20E+07
7038,8.16E+07
7039,1.03E+08
7040,1.03E+08
7041,9.77E+07
7042,1.16E+08
7043,1.16E+08
7044,1.17E+08
7045,1.14E+08
7046,8.21E+07
7047,9.78E+07
7048,8.42E+07
7049,1.22E+08
7050,1.20E+08
7051,1.21E+08
7052,5.36E+07
7053,8.51E+07
7054,8.71E+07
7055,1.24E+08
7056,1.24E+08
7057,1.23E+08
7058,5.58E+07
7059,6.86E+07
7060,6.70E+07
7061,1.20E+08
7062,1.24E+08
7063,1.25E+08
7064,1.25E+08
7065,6.72E+07
7066,1.06E+08
7067,6.20E+06
7068,5.77E+06
7069,1.13E+08
7070,1.19E+08
7071,8.69E+07
7072,7.74E+06
7073,6.12E+06
7074,1.04E+08
7075,9.09E+07
7076,6.67E+07
7077,6.69E+06
7078,8.04E+07
7079,6.71E+07
7080,3.75E+07
7081,4.85E+07
7082,5.73E+07
7083,5.23E+07
7084,2.78E+07
7085,3.51E+07
7086,3.44E+06
7087,5.56E+06
7088,3.67E+07
7089,4.37E+07
7090,2.54E+07
7091,2.77E+06
7092,3.17E+07
7093,2.71E+07
7094,1.72E+07
7095,2.41E+06
7096,2.25E+07
7097,1.88E+07
7098,1.08E+07
7099,2.07E+06
7100,1.24E+07
7101,1.52E+07
7102,5.31E+06
7103,1.55E+06
7104,9.46E+06
7105,6.96E+06
7106,1.02E+06
7107,1.20E+06
7108,2.79E+06
7109,4.41E+06
7110,4.74E+07
7111,6.61E+07
7112,4.90E+07
7113,6.04E+07
7114,8.95E+07
7115,8.25E+07
7116,8.97E+07
7117,6.37E+07
7118,2.90E+07
7119,3.46E+07
7120,3.29E+07
7121,3.76E+07
7122,2.81E+07
7123,4.07E+07
7124,3.46E+07
7125,4.87E+07
7126,6.50E+07
7127,3.31E+07
7128,2.72E+07
7129,2.41E+07
7130,3.78E+07
7131,2.40E+07
7132,2.33E+07
7133,4.93E+07
7134,1.28E+07
7135,1.44E+07
7136,1.49E+07
7137,7.89E+06
7138,8.37E+06
7139,5.86E+06
7140,9.82E+06
7141,1.18E+07
7142,7.31E+06
7143,6.72E+06
7144,5.83E+06
7145,5.79E+06
7146,7.15E+06
7147,1.34E+06
7148,1.28E+06
7149,1.31E+07
7150,1.08E+07
7151,1.19E+07
7152,6.48E+06
7153,7.09E+06
7154,1.42E+07
7155,1.51E+07
7156,8.29E+06
7157,9.13E+06
7158,1.68E+08
7159,1.25E+08
7160,1.26E+08
7161,1.77E+08
7162,1.85E+08
7163,1.03E+08
7164,7.80E+07
7165,1.02E+08
7166,1.25E+08
7167,1.30E+08
7168,1.40E+08
7169,1.32E+08
7170,8.40E+07
7171,8.70E+07
7172,1.06E+08
7173,4.69E+07
7174,4.69E+07
7175,9.32E+07
7176,9.61E+07
7177,9.37E+07
7178,3.15E+07
7179,5.86E+07
7180,5.94E+07
7181,1.60E+08
7182,7.89E+07
7183,1.33E+08
7184,1.28E+08
7185,8.28E+07
7186,9.08E+07
7187,8.19E+07
7188,1.74E+08
7189,1.67E+08
7190,1.75E+08
7191,1.03E+08
7192,9.73E+07
7193,1.06E+08
7194,6.78E+07
7195,7.83E+07
7196,6.19E+07
7197,5.02E+07
7198,5.74E+07
7199,5.47E+07
7200,5.12E+07
7201,5.24E+07
7202,6.13E+07
7203,4.58E+07
7204,4.71E+07
7205,4.43E+07
7206,9.63E+07
7207,7.80E+07
7208,5.87E+07
7209,7.86E+07
7210,9.14E+07
7211,8.73E+07
7212,7.04E+07
7213,6.38E+07
7214,6.91E+07
7215,6.29E+07
7216,6.37E+07
7217,7.82E+07
7218,1.03E+08
7219,9.95E+07
7220,9.44E+07
7221,9.17E+07
7222,8.94E+07
7223,7.29E+07
7224,7.18E+07
7225,7.53E+07
7226,1.11E+08
7227,1.09E+08
7228,1.04E+08
7229,9.57E+07
7230,7.92E+07
7231,7.60E+07
7232,7.95E+07
7233,8.91E+07
7234,1.17E+08
7235,1.16E+08
7236,1.12E+08
7237,1.02E+08
7238,9.91E+07
7239,8.45E+07
7240,8.22E+07
7241,9.25E+07
7242,1.24E+08
7243,1.28E+08
7244,1.18E+08
7245,1.05E+08
7246,8.71E+07
7247,9.51E+07
7248,8.51E+07
7249,1.38E+08
7250,1.35E+08
7251,1.38E+08
7252,1.09E+08
7253,1.13E+08
7254,9.26E+07
7255,1.02E+08
7256,8.31E+07
7257,9.03E+07
7258,8.95E+07
7259,1.01E+08
7260,1.42E+08
7261,1.48E+08
7262,1.44E+08
7263,1.21E+08
7264,1.03E+08
7265,1.10E+08
7266,9.65E+07
7267,1.42E+08
7268,1.51E+08
7269,1.44E+08
7270,1.19E+08
7271,1.18E+08
7272,9.89E+07
7273,1.06E+08
7274,9.90E+07
7275,1.47E+08
7276,1.58E+08
7277,1.55E+08
7278,1.22E+08
7279,1.24E+08
7280,1.02E+08
7281,1.04E+08
7282,1.13E+08
7283,1.02E+08
7284,1.51E+08
7285,1.63E+08
7286,1.59E+08
7287,1.26E+08
7288,1.06E+08
7289,1.11E+08
7290,1.06E+08
7291,1.15E+08
7292,1.54E+08
7293,1.65E+08
7294,1.63E+08
7295,1.29E+08
7296,1.28E+08
7297,1.13E+08
7298,1.07E+08
7299,1.07E+08
7300,1.63E+08
7301,1.65E+08
7302,1.70E+08
7303,1.30E+08
7304,1.32E+08
7305,1.10E+08
7306,1.14E+08
7307,1.20E+08
7308,1.08E+08
7309,1.67E+08
7310,1.75E+08
7311,1.78E+08
7312,1.39E+08
7313,1.16E+08
7314,1.26E+08
7315,1.69E+08
7316,1.76E+08
7317,1.76E+08
7318,1.35E+08
7319,1.35E+08
7320,1.13E+08
7321,1.22E+08
7322,1.23E+08
7323,1.16E+08
7324,1.25E+08
7325,1.73E+08
7326,1.82E+08
7327,1.88E+08
7328,1.42E+08
7329,1.29E+08
7330,1.22E+08
7331,1.32E+08
7332,1.40E+08
7333,1.73E+08
7334,1.84E+08
7335,1.40E+08
7336,1.39E+08
7337,1.16E+08
7338,1.28E+08
7339,1.37E+08
7340,1.70E+08
7341,1.88E+08
7342,1.90E+08
7343,1.43E+08
7344,1.27E+08
7345,1.23E+08
7346,1.21E+08
7347,1.41E+08
7348,1.83E+08
7349,1.85E+08
7350,1.81E+08
7351,1.38E+08
7352,1.33E+08
7353,1.41E+08
7354,1.20E+08
7355,1.26E+08
7356,1.16E+08
7357,1.28E+08
7358,1.27E+08
7359,1.91E+08
7360,2.11E+08
7361,1.97E+08
7362,2.03E+08
7363,1.60E+08
7364,1.40E+08
7365,1.45E+08
7366,1.35E+08
7367,1.82E+08
7368,2.03E+08
7369,2.01E+08
7370,1.53E+08
7371,1.49E+08
7372,1.33E+08
7373,1.30E+08
7374,1.34E+08
7375,1.30E+08
7376,1.87E+08
7377,2.04E+08
7378,2.05E+08
7379,1.55E+08
7380,1.33E+08
7381,1.46E+08
7382,1.35E+08
7383,1.90E+08
7384,2.09E+08
7385,2.03E+08
7386,1.56E+08
7387,1.59E+08
7388,1.48E+08
7389,1.35E+08
7390,1.92E+08
7391,2.12E+08
7392,2.13E+08
7393,1.57E+08
7394,1.39E+08
7395,1.50E+08
7396,1.48E+08
7397,1.38E+08
7398,1.92E+08
7399,2.13E+08
7400,2.11E+08
7401,1.57E+08
7402,1.58E+08
7403,1.38E+08
7404,1.48E+08
7405,1.40E+08
7406,1.49E+08
7407,1.96E+08
7408,2.15E+08
7409,2.15E+08
7410,1.59E+08
7411,1.58E+08
7412,1.52E+08
7413,1.41E+08
7414,1.43E+08
7415,1.50E+08
7416,1.33E+08
7417,1.98E+08
7418,2.15E+08
7419,2.13E+08
7420,1.63E+08
7421,1.54E+08
7422,1.44E+08
7423,1.55E+08
7424,1.58E+08
7425,2.00E+08
7426,2.10E+08
7427,2.15E+08
7428,1.62E+08
7429,1.65E+08
7430,1.53E+08
7431,1.61E+08
7432,1.56E+08
7433,1.49E+08
7434,2.06E+08
7435,2.19E+08
7436,2.07E+08
7437,2.28E+08
7438,1.66E+08
7439,1.68E+08
7440,1.54E+08
7441,1.55E+08
7442,1.65E+08
7443,1.53E+08
7444,2.08E+08
7445,2.32E+08
7446,2.32E+08
7447,1.68E+08
7448,1.71E+08
7449,1.49E+08
7450,1.58E+08
7451,1.58E+08
7452,1.48E+08
7453,2.04E+08
7454,2.08E+08
7455,2.24E+08
7456,2.31E+08
7457,1.68E+08
7458,1.71E+08
7459,1.48E+08
7460,1.57E+08
7461,1.58E+08
7462,1.46E+08
7463,2.03E+08
7464,2.20E+08
7465,2.16E+08
7466,1.65E+08
7467,1.66E+08
7468,1.57E+08
7469,1.54E+08
7470,1.43E+08
7471,2.12E+08
7472,2.31E+08
7473,2.20E+08
7474,1.69E+08
7475,1.68E+08
7476,1.60E+08
7477,1.55E+08
7478,1.56E+08
7479,1.46E+08
7480,2.09E+08
7481,2.35E+08
7482,2.23E+08
7483,1.75E+08
7484,1.60E+08
7485,1.61E+08
7486,2.09E+08
7487,2.14E+08
7488,2.17E+08
7489,1.66E+08
7490,1.69E+08
7491,1.51E+08
7492,1.54E+08
7493,2.15E+08
7494,2.30E+08
7495,2.30E+08
7496,1.76E+08
7497,1.62E+08
7498,1.66E+08
7499,1.48E+08
7500,1.42E+08
7501,2.07E+08
7502,2.24E+08
7503,2.33E+08
7504,1.71E+08
7505,1.74E+08
7506,1.59E+08
7507,1.45E+08
7508,1.44E+08
7509,2.10E+08
7510,2.22E+08
7511,2.27E+08
7512,1.65E+08
7513,1.65E+08
7514,1.53E+08
7515,1.57E+08
7516,1.39E+08
7517,2.11E+08
7518,2.35E+08
7519,2.37E+08
7520,1.73E+08
7521,1.67E+08
7522,1.50E+08
7523,1.55E+08
7524,1.37E+08
7525,2.05E+08
7526,2.26E+08
7527,2.16E+08
7528,1.66E+08
7529,1.69E+08
7530,1.57E+08
7531,1.58E+08
7532,1.50E+08
7533,1.45E+08
7534,1.56E+08
7535,2.15E+08
7536,2.17E+08
7537,2.28E+08
7538,1.71E+08
7539,1.71E+08
7540,1.59E+08
7541,1.52E+08
7542,1.54E+08
7543,2.14E+08
7544,2.36E+08
7545,2.38E+08
7546,1.78E+08
7547,1.55E+08
7548,1.60E+08
7549,1.62E+08
7550,2.01E+08
7551,2.17E+08
7552,2.29E+08
7553,1.70E+08
7554,1.62E+08
7555,1.56E+08
7556,1.46E+08
7557,1.50E+08
7558,1.53E+08
7559,2.05E+08
7560,2.28E+08
7561,2.13E+08
7562,1.58E+08
7563,1.63E+08
7564,1.52E+08
7565,1.56E+08
7566,1.46E+08
7567,1.34E+08
7568,2.05E+08
7569,2.37E+08
7570,2.24E+08
7571,1.72E+08
7572,1.65E+08
7573,1.43E+08
7574,1.50E+08
7575,2.06E+08
7576,2.14E+08
7577,2.15E+08
7578,1.60E+08
7579,1.65E+08
7580,1.64E+08
7581,1.51E+08
7582,1.56E+08
7583,1.41E+08
7584,2.07E+08
7585,2.25E+08
7586,2.27E+08
7587,1.74E+08
7588,1.61E+08
7589,1.52E+08
7590,1.51E+08
7591,1.99E+08
7592,2.19E+08
7593,2.18E+08
7594,1.65E+08
7595,1.66E+08
7596,1.49E+08
7597,1.53E+08
7598,1.45E+08
7599,1.44E+08
7600,1.99E+08
7601,2.08E+08
7602,2.17E+08
7603,1.65E+08
7604,1.71E+08
7605,1.48E+08
7606,1.44E+08
7607,1.49E+08
7608,1.99E+08
7609,2.09E+08
7610,2.14E+08
7611,1.71E+08
7612,1.46E+08
7613,1.55E+08
7614,1.50E+08
7615,1.92E+08
7616,2.12E+08
7617,2.10E+08
7618,1.61E+08
7619,1.71E+08
7620,1.44E+08
7621,1.53E+08
7622,1.86E+08
7623,2.04E+08
7624,2.07E+08
7625,1.57E+08
7626,1.55E+08
7627,1.39E+08
7628,1.48E+08
7629,1.46E+08
7630,1.82E+08
7631,2.02E+08
7632,2.05E+08
7633,1.57E+08
7634,1.51E+08
7635,1.42E+08
7636,1.30E+08
7637,1.47E+08
7638,1.52E+08
7639,1.90E+08
7640,1.96E+08
7641,1.48E+08
7642,1.42E+08
7643,1.39E+08
7644,1.38E+08
7645,1.47E+08
7646,9.60E+07
7647,6.20E+07
7648,7.17E+07
7649,7.35E+07
7650,7.14E+07
7651,6.25E+07
7652,6.97E+07
7653,6.79E+07
7654,5.68E+07
7655,6.41E+07
7656,6.84E+07
7657,1.18E+08
7658,8.10E+07
7659,8.73E+07
7660,8.16E+07
7661,8.76E+07
7662,7.95E+07
7663,7.62E+07
7664,5.85E+07
7665,6.47E+07
7666,5.28E+07
7667,7.16E+07
7668,7.04E+07
7669,1.53E+08
7670,9.94E+07
7671,1.21E+08
7672,1.12E+08
7673,1.03E+08
7674,9.42E+07
7675,8.49E+07
7676,9.46E+07
7677,7.21E+07
7678,8.42E+07
7679,8.48E+07
7680,1.89E+08
7681,1.42E+08
7682,1.56E+08
7683,1.39E+08
7684,1.35E+08
7685,1.49E+08
7686,1.11E+08
7687,1.17E+08
7688,1.03E+08
7689,9.30E+07
7690,1.08E+08
7691,8.56E+07
7692,1.34E+08
7693,2.12E+08
7694,1.73E+08
7695,1.91E+08
7696,1.63E+08
7697,1.64E+08
7698,1.22E+08
7699,1.45E+08
7700,1.22E+08
7701,1.32E+08
7702,1.51E+08
7703,1.15E+08
7704,1.09E+08
7705,1.22E+08
7706,1.50E+08
7707,2.07E+08
7708,2.04E+08
7709,1.90E+08
7710,1.68E+08
7711,1.73E+08
7712,1.57E+08
7713,1.31E+08
7714,1.50E+08
7715,1.41E+08
7716,1.19E+08
7717,1.76E+08
7718,1.78E+08
7719,1.74E+08
7720,1.63E+08
7721,1.55E+08
7722,1.55E+08
7723,1.07E+08
7724,1.50E+08
7725,1.34E+08
7726,1.26E+08
7727,1.29E+08
7728,1.16E+08
7729,1.61E+08
7730,1.08E+08
7731,1.27E+08
7732,1.17E+08
7733,1.43E+08
7734,1.23E+08
7735,1.43E+08
7736,1.37E+08
7737,1.30E+08
7738,1.29E+08
7739,1.16E+08
7740,9.28E+07
7741,1.30E+08
7742,8.53E+07
7743,9.84E+07
7744,1.05E+08
7745,8.35E+07
7746,1.10E+08
7747,8.80E+07
7748,1.06E+08
7749,9.82E+07
7750,1.07E+08
7751,9.86E+07
7752,1.10E+08
7753,9.76E+07
7754,8.65E+07
7755,8.21E+07
7756,6.59E+07
7757,9.48E+07
7758,7.18E+07
7759,8.95E+07
7760,6.80E+07
7761,6.03E+07
7762,7.83E+07
7763,7.53E+07
7764,7.29E+07
7765,7.93E+07
7766,6.44E+07
7767,6.16E+07
7768,6.81E+07
7769,6.85E+07
7770,5.58E+07
7771,6.14E+07
7772,5.48E+07
7773,7.53E+07
7774,6.56E+07
7775,9.10E+07
7776,1.38E+08
7777,1.30E+08
7778,1.00E+08
7779,1.04E+08
7780,1.03E+08
7781,6.25E+07
7782,1.26E+08
7783,6.88E+07
7784,6.47E+07
7785,5.98E+07
7786,7.45E+07
7787,8.83E+07
7788,7.80E+07
7789,7.22E+07
7790,3.87E+07
7791,5.05E+07
7792,3.90E+07
7793,5.00E+07
7794,5.57E+07
7795,4.70E+07
7796,5.53E+07
7797,4.62E+07
7798,4.53E+07
7799,3.53E+07
7800,3.47E+07
7801,3.27E+07
7802,4.13E+07
7803,3.66E+07
7804,3.13E+07
7805,3.26E+07
7806,3.04E+07
7807,1.66E+08
7808,1.99E+08
7809,2.05E+08
7810,1.24E+08
7811,1.21E+08
7812,1.50E+08
7813,1.35E+08
7814,1.43E+08
7815,1.93E+08
7816,1.93E+08
7817,1.08E+08
7818,1.23E+08
7819,1.36E+08
7820,1.40E+08
7821,6.29E+07
7822,6.62E+07
7823,5.41E+07
7824,4.65E+07
7825,7.16E+07
7826,8.19E+07
7827,9.11E+07
7828,7.55E+07
7829,6.95E+07
7830,6.48E+07
7831,4.10E+07
7832,4.15E+07
7833,5.51E+07
7834,5.18E+07
7835,5.49E+07
7836,5.41E+07
7837,4.50E+07
7838,4.85E+07
7839,4.13E+07
7840,3.22E+07
7841,3.72E+07
7842,3.59E+07
7843,4.13E+07
7844,3.17E+07
7845,3.76E+07
7846,2.93E+07
7847,3.45E+07
7848,3.46E+07
7849,2.91E+07
7850,8.08E+07
7851,8.82E+07
7852,7.91E+07
7853,8.24E+07
7854,7.10E+07
7855,7.77E+07
7856,8.50E+07
7857,8.61E+07
7858,7.87E+07
7859,8.66E+07
7860,7.93E+07
7861,8.08E+07
7862,7.98E+07
7863,5.83E+07
7864,6.03E+07
7865,6.11E+07
7866,7.05E+07
7867,6.69E+07
7868,6.51E+07
7869,6.99E+07
7870,5.98E+07
7871,6.78E+07
7872,6.44E+07
7873,6.23E+07
7874,6.44E+07
7875,6.33E+07
7876,4.73E+07
7877,5.56E+07
7878,4.71E+07
7879,5.02E+07
7880,5.27E+07
7881,4.30E+07
7882,4.34E+07
7883,4.43E+07
7884,4.70E+07
7885,3.50E+07
7886,1.47E+08
7887,1.10E+08
7888,1.64E+08
7889,1.14E+08
7890,1.12E+08
7891,1.12E+08
7892,1.16E+08
7893,1.15E+08
7894,1.56E+08
7895,1.71E+08
7896,1.82E+08
7897,1.19E+08
7898,1.23E+08
7899,1.22E+08
7900,1.16E+08
7901,1.21E+08
7902,1.23E+08
7903,1.62E+08
7904,1.86E+08
7905,1.25E+08
7906,1.26E+08
7907,1.25E+08
7908,1.20E+08
7909,1.27E+08
7910,1.27E+08
7911,1.17E+08
7912,1.69E+08
7913,1.89E+08
7914,1.95E+08
7915,1.28E+08
7916,1.44E+08
7917,1.29E+08
7918,1.28E+08
7919,1.29E+08
7920,1.27E+08
7921,1.30E+08
7922,1.73E+08
7923,2.01E+08
7924,2.00E+08
7925,1.47E+08
7926,1.33E+08
7927,1.40E+08
7928,1.21E+08
7929,1.31E+08
7930,1.25E+08
7931,1.81E+08
7932,2.00E+08
7933,1.95E+08
7934,1.32E+08
7935,1.47E+08
7936,1.48E+08
7937,1.39E+08
7938,1.40E+08
7939,1.34E+08
7940,1.20E+08
7941,1.81E+08
7942,2.12E+08
7943,2.02E+08
7944,1.53E+08
7945,1.46E+08
7946,1.43E+08
7947,1.40E+08
7948,1.36E+08
7949,1.82E+08
7950,2.04E+08
7951,2.04E+08
7952,1.39E+08
7953,1.33E+08
7954,1.48E+08
7955,1.35E+08
7956,1.30E+08
7957,1.28E+08
7958,1.42E+08
7959,1.89E+08
7960,2.18E+08
7961,2.12E+08
7962,1.46E+08
7963,1.44E+08
7964,1.41E+08
7965,1.42E+08
7966,1.50E+08
7967,1.95E+08
7968,2.07E+08
7969,2.16E+08
7970,1.45E+08
7971,1.58E+08
7972,1.43E+08
7973,1.39E+08
7974,1.43E+08
7975,1.89E+08
7976,2.13E+08
7977,2.12E+08
7978,2.23E+08
7979,1.64E+08
7980,1.48E+08
7981,1.73E+08
7982,1.46E+08
7983,1.85E+08
7984,2.11E+08
7985,1.41E+08
7986,1.52E+08
7987,1.38E+08
7988,1.34E+08
7989,1.89E+08
7990,2.24E+08
7991,2.20E+08
7992,1.49E+08
7993,1.47E+08
7994,1.46E+08
7995,1.47E+08
7996,1.55E+08
7997,1.43E+08
7998,1.43E+08
7999,1.91E+08
8000,2.15E+08
8001,2.19E+08
8002,1.47E+08
8003,1.43E+08
8004,1.42E+08
8005,1.39E+08
8006,1.51E+08
8007,1.35E+08
8008,1.93E+08
8009,2.26E+08
8010,2.23E+08
8011,1.53E+08
8012,1.51E+08
8013,1.47E+08
8014,1.48E+08
8015,1.32E+08
8016,1.42E+08
8017,1.92E+08
8018,2.10E+08
8019,2.20E+08
8020,1.49E+08
8021,1.45E+08
8022,1.43E+08
8023,1.46E+08
8024,1.42E+08
8025,1.42E+08
8026,1.90E+08
8027,2.19E+08
8028,2.11E+08
8029,1.48E+08
8030,1.56E+08
8031,1.50E+08
8032,1.46E+08
8033,1.44E+08
8034,1.90E+08
8035,2.22E+08
8036,2.18E+08
8037,2.17E+08
8038,1.51E+08
8039,1.51E+08
8040,1.48E+08
8041,1.47E+08
8042,1.42E+08
8043,1.43E+08
8044,1.20E+08
8045,1.94E+08
8046,2.17E+08
8047,2.25E+08
8048,1.56E+08
8049,1.52E+08
8050,1.54E+08
8051,1.49E+08
8052,1.96E+08
8053,2.20E+08
8054,2.16E+08
8055,1.55E+08
8056,1.51E+08
8057,1.46E+08
8058,1.53E+08
8059,1.44E+08
8060,1.48E+08
8061,2.01E+08
8062,2.18E+08
8063,2.24E+08
8064,1.54E+08
8065,1.63E+08
8066,1.50E+08
8067,1.41E+08
8068,1.48E+08
8069,1.97E+08
8070,2.20E+08
8071,2.20E+08
8072,2.27E+08
8073,1.63E+08
8074,1.51E+08
8075,1.43E+08
8076,1.38E+08
8077,1.70E+08
8078,1.91E+08
8079,2.17E+08
8080,2.22E+08
8081,1.48E+08
8082,1.59E+08
8083,1.43E+08
8084,1.42E+08
8085,1.34E+08
8086,1.66E+08
8087,1.90E+08
8088,2.16E+08
8089,2.16E+08
8090,1.49E+08
8091,1.45E+08
8092,1.42E+08
8093,1.47E+08
8094,1.41E+08
8095,1.40E+08
8096,1.31E+08
8097,1.87E+08
8098,2.21E+08
8099,2.16E+08
8100,1.52E+08
8101,1.48E+08
8102,1.41E+08
8103,1.47E+08
8104,1.52E+08
8105,1.89E+08
8106,2.08E+08
8107,2.16E+08
8108,1.42E+08
8109,1.46E+08
8110,1.54E+08
8111,1.40E+08
8112,1.46E+08
8113,1.42E+08
8114,1.30E+08
8115,1.47E+08
8116,1.93E+08
8117,2.17E+08
8118,2.14E+08
8119,1.61E+08
8120,1.46E+08
8121,1.53E+08
8122,1.43E+08
8123,1.59E+08
8124,1.94E+08
8125,2.13E+08
8126,2.12E+08
8127,1.58E+08
8128,1.50E+08
8129,1.39E+08
8130,1.56E+08
8131,1.47E+08
8132,1.91E+08
8133,2.01E+08
8134,2.10E+08
8135,2.19E+08
8136,1.49E+08
8137,1.54E+08
8138,1.44E+08
8139,1.45E+08
8140,1.47E+08
8141,1.52E+08
8142,1.60E+08
8143,1.83E+08
8144,2.01E+08
8145,2.02E+08
8146,1.42E+08
8147,1.40E+08
8148,1.36E+08
8149,1.38E+08
8150,1.53E+08
8151,1.85E+08
8152,2.01E+08
8153,1.97E+08
8154,1.38E+08
8155,1.51E+08
8156,1.37E+08
8157,1.32E+08
8158,1.37E+08
8159,1.51E+08
8160,1.89E+08
8161,2.02E+08
8162,2.11E+08
8163,1.55E+08
8164,1.42E+08
8165,1.37E+08
8166,1.42E+08
8167,1.42E+08
8168,1.82E+08
8169,2.11E+08
8170,2.06E+08
8171,1.47E+08
8172,1.54E+08
8173,1.43E+08
8174,1.32E+08
8175,1.42E+08
8176,1.42E+08
8177,1.33E+08
8178,1.78E+08
8179,1.99E+08
8180,1.97E+08
8181,1.33E+08
8182,1.41E+08
8183,1.41E+08
8184,1.37E+08
8185,1.30E+08
8186,1.36E+08
8187,1.26E+08
8188,1.80E+08
8189,2.00E+08
8190,2.03E+08
8191,1.43E+08
8192,1.29E+08
8193,1.38E+08
8194,1.32E+08
8195,1.39E+08
8196,1.75E+08
8197,2.02E+08
8198,1.96E+08
8199,1.43E+08
8200,1.44E+08
8201,1.29E+08
8202,1.38E+08
8203,1.37E+08
8204,1.71E+08
8205,1.91E+08
8206,1.82E+08
8207,1.38E+08
8208,1.35E+08
8209,1.32E+08
8210,1.26E+08
8211,1.32E+08
8212,1.31E+08
8213,1.66E+08
8214,1.94E+08
8215,1.86E+08
8216,1.35E+08
8217,1.29E+08
8218,1.28E+08
8219,1.32E+08
8220,1.27E+08
8221,1.18E+08
8222,1.63E+08
8223,1.85E+08
8224,1.88E+08
8225,1.26E+08
8226,1.29E+08
8227,1.20E+08
8228,1.19E+08
8229,1.25E+08
8230,1.22E+08
8231,1.12E+08
8232,1.66E+08
8233,1.83E+08
8234,1.87E+08
8235,1.30E+08
8236,1.34E+08
8237,1.21E+08
8238,1.21E+08
8239,1.28E+08
8240,1.61E+08
8241,1.80E+08
8242,1.83E+08
8243,1.33E+08
8244,1.20E+08
8245,1.24E+08
8246,1.28E+08
8247,1.23E+08
8248,1.63E+08
8249,1.69E+08
8250,1.77E+08
8251,1.25E+08
8252,1.29E+08
8253,1.12E+08
8254,1.21E+08
8255,1.19E+08
8256,1.19E+08
8257,1.61E+08
8258,1.68E+08
8259,1.71E+08
8260,1.74E+08
8261,1.31E+08
8262,1.18E+08
8263,1.25E+08
8264,1.24E+08
8265,1.49E+08
8266,1.65E+08
8267,1.64E+08
8268,1.22E+08
8269,1.23E+08
8270,1.15E+08
8271,1.17E+08
8272,1.12E+08
8273,1.17E+08
8274,1.02E+08
8275,1.45E+08
8276,1.60E+08
8277,1.59E+08
8278,1.15E+08
8279,1.20E+08
8280,1.11E+08
8281,1.07E+08
8282,1.08E+08
8283,1.10E+08
8284,1.40E+08
8285,1.59E+08
8286,1.52E+08
8287,1.14E+08
8288,1.05E+08
8289,1.07E+08
8290,1.12E+08
8291,1.09E+08
8292,9.70E+07
8293,1.34E+08
8294,1.47E+08
8295,1.51E+08
8296,1.10E+08
8297,1.11E+08
8298,1.02E+08
8299,1.00E+08
8300,1.03E+08
8301,1.08E+08
8302,1.28E+08
8303,1.35E+08
8304,1.49E+08
8305,1.08E+08
8306,1.00E+08
8307,1.07E+08
8308,1.01E+08
8309,9.07E+07
8310,1.22E+08
8311,1.33E+08
8312,1.31E+08
8313,9.99E+07
8314,1.05E+08
8315,9.06E+07
8316,1.04E+08
8317,8.71E+07
8318,8.83E+07
8319,1.16E+08
8320,1.27E+08
8321,1.20E+08
8322,9.65E+07
8323,9.51E+07
8324,8.92E+07
8325,1.00E+08
8326,8.27E+07
8327,8.36E+07
8328,8.76E+07
8329,1.09E+08
8330,1.18E+08
8331,1.16E+08
8332,9.39E+07
8333,9.21E+07
8334,8.61E+07
8335,7.98E+07
8336,7.73E+07
8337,8.02E+07
8338,9.55E+07
8339,1.13E+08
8340,9.92E+07
8341,9.97E+07
8342,9.07E+07
8343,7.93E+07
8344,7.38E+07
8345,7.55E+07
8346,7.68E+07
8347,6.33E+07
8348,8.91E+07
8349,7.49E+07
8350,8.11E+07
8351,6.05E+07
8352,6.33E+07
8353,6.90E+07
8354,6.53E+07
8355,4.98E+07
8356,4.74E+07
8357,6.29E+07
8358,7.68E+07
8359,4.55E+07
8360,4.50E+07
8361,4.57E+07
8362,3.63E+07
8363,3.36E+07
8364,3.14E+07
8365,3.46E+07
8366,3.49E+07
8367,4.67E+07
8368,6.84E+07
8369,4.94E+07
8370,4.34E+07
8371,4.52E+07
8372,3.78E+07
8373,3.97E+07
8374,3.90E+07
8375,3.7863
8376,0.77887
8377,1.8765
8378,1.0956
8379,19.327
8380,4.055
8381,9.9472
8382,5.2112
8383,9.4711
8384,4.1164
8385,86.005
8386,17.144
8387,40.553
8388,21.604
8389,431.02
8390,94.097
8391,212.09
8392,1777.5
8393,573.81
8394,503.43
8395,943.1
8396,7509.3
8397,1987.1
8398,3728.4
8399,34121
8400,8394.5
8401,15910
8402,8421.5
8403,1.43E+05
8404,34774
8405,67383
8406,58243
8407,37887
8408,4.42E+05
8409,2.28E+05
8410,1.29E+05
8411,2.41E+05
8412,1.45E+05
8413,1.59E+06
8414,4.15E+05
8415,4.55E+05
8416,8.04E+05
8417,5.52E+06
8418,1.59E+06
8419,3.23E+06
8420,1.73E+06
8421,1.34E+07
8422,7.06E+06
8423,1.56E+07
8424,6.20E+06
8425,9.99E+06
8426,1.18E+07
8427,1.15E+07
8428,2.78E+07
8429,2.04E+07
8430,3.04E+07
8431,2.15E+07
8432,1.58E+07
8433,1.62E+07
8434,2.09E+07
8435,4.50E+07
8436,3.96E+07
8437,4.03E+07
8438,2.91E+07
8439,3.87E+07
8440,3.00E+07
8441,6.03E+07
8442,6.30E+07
8443,6.01E+07
8444,4.74E+07
8445,4.60E+07
8446,5.84E+07
8447,4.57E+07
8448,7.44E+07
8449,7.02E+07
8450,7.67E+07
8451,5.30E+07
8452,6.49E+07
8453,6.59E+07
8454,8.33E+07
8455,7.04E+07
8456,8.17E+07
8457,7.22E+07
8458,5.4332
8459,0.8699
8460,2.6642
8461,3.0366
8462,7.03E+07
8463,7.91E+07
8464,6.94E+07
8465,7.89E+07
8466,5.25E+07
8467,7.05E+07
8468,6.11E+07
8469,6.18E+07
8470,5.05E+07
8471,6.13E+07
8472,5.42E+07
8473,3.51E+07
8474,5.20E+07
8475,4.36E+07
8476,3.75E+07
8477,4.27E+07
8478,4.51E+07
8479,1.97E+07
8480,2.90E+07
8481,3.55E+07
8482,2.33E+07
8483,3.14E+07
8484,2.62E+07
8485,2.05E+07
8486,3.17E+07
8487,8.71E+06
8488,1.33E+07
8489,2.18E+07
8490,1.76E+07
8491,9.52E+06
8492,1.39E+07
8493,3.36E+06
8494,3.43E+06
8495,9.64E+06
8496,3.63E+06
8497,6.22E+06
8498,5.90E+06
8499,1.04E+06
8500,1.15E+06
8501,2.44E+06
8502,1.14E+06
8503,2.00E+06
8504,2.31E+05
8505,2.86E+05
8506,4.75E+05
8507,2.67E+05
8508,53457
8509,71113
8510,48849
8511,68811
8512,1.25E+05
8513,12189
8514,12347
8515,22815
8516,9889.7
8517,15593
8518,34938
8519,11048
8520,3087.9
8521,3602.1
8522,4009
8523,622.85
8524,855.84
8525,957.78
8526,1959.1
8527,710.73
8528,144.79
8529,171.05
8530,323
8531,31.919
8532,49.56
8533,30.324
8534,81.642
8535,37.555
8536,11.453
8537,15.225
8538,7.4108
8539,9.85E+06
8540,1.07E+07
8541,8.43E+06
8542,1.53E+07
8543,1.16E+07
8544,1.11E+07
8545,1.22E+07
8546,5.78E+06
8547,9.32E+06
8548,7.64E+06
8549,6.39E+06
8550,6.88E+06
8551,5.90E+06
8552,2.07E+06
8553,2.54E+06
8554,2.14E+06
8555,3.59E+06
8556,2.36E+06
8557,3.12E+06
8558,5.86E+05
8559,8.80E+05
8560,6.93E+05
8561,1.12E+06
8562,7.40E+05
8563,2.74E+05
8564,1.95E+05
8565,1.52E+05
8566,1.90E+05
8567,3.36E+05
8568,65.832
8569,63.219
8570,92.656
8571,56.696
8572,57.123
8573,48.916
8574,64.674
8575,46.06
8576,63.509
8577,44.21
8578,53.289
8579,25.389
8580,24.945
8581,37.766
8582,25.859
8583,33.296
8584,7.4492
8585,10.46
8586,9.2883
8587,11.601
8588,8.4221
8589,1.7264
8590,2.3404
8591,3.6619
8592,3.2593
8593,1.8538
8594,6.88E+07
8595,5.58E+07
8596,6.73E+07
8597,5.36E+07
8598,4.67E+07
8599,5.30E+07
8600,3.90E+07
8601,4.46E+07
8602,3.89E+07
8603,8.08E+07
8604,7.08E+07
8605,5.93E+07
8606,5.76E+07
8607,5.25E+07
8608,5.84E+07
8609,5.41E+07
8610,5.02E+07
8611,5.61E+07
8612,9.04E+07
8613,7.77E+07
8614,8.43E+07
8615,6.18E+07
8616,5.91E+07
8617,5.75E+07
8618,7.10E+07
8619,6.02E+07
8620,5.59E+07
8621,6.13E+07
8622,7.26E+07
8623,1.03E+08
8624,8.94E+07
8625,1.03E+08
8626,5.05E+07
8627,6.14E+07
8628,6.66E+07
8629,7.61E+07
8630,7.34E+07
8631,6.60E+07
8632,6.08E+07
8633,8.26E+07
8634,7.06E+07
8635,1.06E+08
8636,1.11E+08
8637,1.18E+08
8638,6.00E+07
8639,6.82E+07
8640,8.11E+07
8641,8.36E+07
8642,9.15E+07
8643,7.89E+07
8644,8.88E+07
8645,1.01E+08
8646,1.14E+08
8647,1.13E+08
8648,5.82E+07
8649,6.30E+07
8650,5.48E+07
8651,8.32E+07
8652,7.85E+07
8653,7.12E+07
8654,7.77E+07
8655,7.76E+07
8656,9.76E+07
8657,7.51E+07
8658,7.76E+07
8659,8.44E+07
8660,1.10E+08
8661,1.15E+08
8662,6.06E+07
8663,6.27E+07
8664,8.52E+07
8665,7.98E+07
8666,8.48E+07
8667,7.87E+07
8668,7.28E+07
8669,7.83E+07
8670,9.64E+07
8671,1.08E+08
8672,1.20E+08
8673,1.20E+08
8674,6.06E+07
8675,6.97E+07
8676,9.18E+07
8677,8.42E+07
8678,1.02E+08
8679,9.13E+07
8680,9.17E+07
8681,9.93E+07
8682,1.10E+08
8683,4.99E+07
8684,5.92E+07
8685,5.35E+07
8686,8.09E+07
8687,6.98E+07
8688,7.19E+07
8689,7.15E+07
8690,9.49E+07
8691,7.50E+07
8692,8.19E+07
8693,7.98E+07
8694,7.40E+07
8695,7.52E+07
8696,7.56E+07
8697,7.96E+07
8698,9.22E+07
8699,5.29E+07
8700,5.85E+07
8701,5.68E+07
8702,7.32E+07
8703,6.26E+07
8704,6.18E+07
8705,7.27E+07
8706,5.76E+07
8707,5.70E+07
8708,6.43E+07
8709,6.04E+07
8710,5.56E+07
8711,6.48E+07
8712,5.40E+07
8713,5.81E+07
8714,4.95E+07
8715,5.17E+07
8716,5.10E+07
8717,5.08E+07
8718,4.55E+07
8719,5.47E+07
8720,4.92E+07
8721,4.21E+07
8722,0.66828
8723,2.664
8724,1.4542
8725,2.7913
8726,0.6216
8727,1.2052
8728,1.3114
8729,0.60109
8730,1.257
8731,1.0697
8732,0.52415
8733,0.57625
8734,0.71977
8735,0.95616
8736,0.74905
8737,0.59182
8738,0.4671
8739,1.4133
8740,1.4056
8741,0.65871
8742,1.4219
8743,0.69823
8744,0.65211
8745,1.3358
8746,1.7094
8747,1.721
8748,1.7098
8749,0.91386
8750,1.01E+08
8751,1.29E+08
8752,9.86E+07
8753,1.40E+08
8754,1.12E+08
8755,1.12E+08
8756,6.94E+07
8757,8.00E+07
8758,6.54E+07
8759,8.29E+07
8760,9.07E+07
8761,6.87E+07
8762,8.26E+07
8763,6.90E+07
8764,5.17E+07
8765,5.73E+07
8766,4.80E+07
8767,7.20E+07
8768,6.16E+07
8769,3.82E+07
8770,5.53E+07
8771,6.82E+07
8772,5.74E+07
8773,4.83E+07
8774,3.68E+07
8775,4.42E+07
8776,3.16E+07
8777,5.27E+07
8778,4.06E+07
8779,3.39E+07
8780,4.54E+07
8781,2.24E+07
8782,2.37E+07
8783,3.04E+07
8784,4.17E+07
8785,3.48E+07
8786,3.10E+07
8787,2.73E+07
8788,2.04E+07
8789,2.41E+07
8790,1.75E+07
8791,2.32E+07
8792,2.48E+07
8793,2.11E+07
8794,2.45E+07
8795,1.96E+07
8796,1.74E+07
8797,1.12E+07
8798,1.38E+07
8799,2.64E+07
8800,3.24E+07
8801,2.81E+07
8802,1.72E+07
8803,1.46E+07
8804,1.68E+07
8805,1.37E+07
8806,2.59E+07
8807,3.90E+07
8808,4.01E+07
8809,3.81E+07
8810,2.11E+07
8811,2.23E+07
8812,3.53E+07
8813,3.15E+07
8814,3.27E+07
8815,3.85E+07
8816,4.89E+07
8817,4.79E+07
8818,2.80E+07
8819,3.72E+07
8820,4.35E+07
8821,4.93E+07
8822,5.41E+07
8823,5.01E+07
8824,4.95E+07
8825,3.97E+07
8826,4.79E+07
8827,4.57E+07
8828,4.23E+07
8829,5.12E+07
8830,5.15E+07
8831,5.25E+07
8832,3.87E+07
8833,4.73E+07
8834,4.62E+07
8835,4.02E+07
8836,4.94E+07
8837,5.20E+07
8838,5.26E+07
8839,3.85E+07
8840,4.82E+07
8841,4.33E+07
8842,4.85E+07
8843,5.42E+07
8844,5.22E+07
8845,3.93E+07
8846,4.90E+07
8847,5.13E+07
8848,4.51E+07
8849,4.47E+07
8850,3.90E+07
8851,4.94E+07
8852,4.62E+07
8853,2.60E+07
8854,3.65E+07
8855,4.65E+07
8856,3.25E+07
8857,4.19E+07
8858,2.65E+07
8859,3.96E+07
8860,3.92E+07
8861,3.58E+07
8862,2.02E+07
8863,2.70E+07
8864,3.91E+07
8865,1.39E+07
8866,2.63E+07
8867,3.74E+07
8868,1.74E+07
8869,2.91E+07
8870,1.49E+07
8871,1.48E+07
8872,2.03E+07
8873,1.12E+07
8874,1.12E+07
8875,2.49E+07
8876,2.20E+07
8877,2.47E+07
8878,2.61E+07
8879,2.33E+07
8880,2.10E+07
8881,2.42E+07
8882,1.15E+07
8883,1.58E+07
8884,1.99E+07
8885,1.60E+07
8886,3.68E+07
8887,2.48E+07
8888,2.90E+07
8889,4.22E+07
8890,3.49E+07
8891,3.11E+07
8892,2.51E+07
8893,2.16E+07
8894,2.60E+07
8895,5.20E+07
8896,3.11E+07
8897,4.14E+07
8898,5.30E+07
8899,3.92E+07
8900,4.10E+07
8901,3.25E+07
8902,4.97E+07
8903,6.92E+07
8904,4.38E+07
8905,5.64E+07
8906,7.20E+07
8907,6.17E+07
8908,4.73E+07
8909,6.05E+07
8910,5.65E+07
8911,5.37E+07
8912,9.99E+07
8913,6.28E+07
8914,7.82E+07
8915,8.24E+07
8916,8.27E+07
8917,9.24E+07
8918,6.95E+07
8919,6.74E+07
8920,6.40E+07
8921,9.63E+07
8922,1.21E+08
8923,1.41E+08
8924,1.02E+08
8925,1.15E+08
8926,5.47E+07
8927,5.80E+07
8928,4.37E+07
8929,4.61E+07
8930,5.13E+07
8931,6.17E+07
8932,6.68E+07
8933,4.66E+07
8934,5.67E+07
8935,5.14E+07
8936,4.63E+07
8937,4.12E+07
8938,6.25E+07
8939,6.53E+07
8940,7.08E+07
8941,5.75E+07
8942,5.06E+07
8943,5.18E+07
8944,5.63E+07
8945,6.07E+07
8946,7.64E+07
8947,6.82E+07
8948,5.17E+07
8949,6.03E+07
8950,5.67E+07
8951,5.93E+07
8952,6.64E+07
8953,9.26E+07
8954,7.91E+07
8955,6.77E+07
8956,5.99E+07
8957,7.75E+07
8958,7.19E+07
8959,8.11E+07
8960,7.61E+07
8961,5.69E+07
8962,6.17E+07
8963,5.60E+07
8964,8.26E+07
8965,5.85E+07
8966,6.78E+07
8967,5.64E+07
8968,6.29E+07
8969,8.51E+07
8970,9.66E+07
8971,1.20E+08
8972,1.06E+08
8973,7.18E+07
8974,8.41E+07
8975,6.66E+07
8976,8.41E+07
8977,9.28E+07
8978,8.40E+07
8979,7.70E+07
8980,8.32E+07
8981,6.38E+07
8982,7.05E+07
8983,7.03E+07
8984,6.72E+07
8985,8.90E+07
8986,6.35E+07
8987,5.84E+07
8988,7.62E+07
8989,7.28E+07
8990,1.05E+08
8991,1.09E+08
8992,9.55E+07
8993,8.30E+07
8994,7.77E+07
8995,8.29E+07
8996,9.22E+07
8997,7.91E+07
8998,9.18E+07
8999,1.07E+08
9000,8.38E+07
9001,5.82E+07
9002,7.47E+07
9003,7.77E+07
9004,6.95E+07
9005,7.43E+07
9006,6.97E+07
9007,1.02E+08
9008,9.89E+07
9009,6.31E+07
9010,7.94E+07
9011,7.25E+07
9012,6.75E+07
9013,1.13E+08
9014,1.22E+08
9015,1.37E+08
9016,8.51E+07
9017,9.42E+07
9018,9.54E+07
9019,7.92E+07
9020,1.12E+08
9021,9.06E+07
9022,1.08E+08
9023,8.44E+07
9024,1.58E+08
9025,1.28E+08
9026,1.42E+08
9027,9.48E+07
9028,1.20E+08
9029,9.04E+07
9030,1.16E+08
9031,1.05E+08
9032,1.25E+08
9033,1.06E+08
9034,1.20E+08
9035,1.21E+08
9036,8.82E+07
9037,9.16E+07
9038,1.03E+08
9039,1.06E+08
9040,9.54E+07
9041,1.58E+08
9042,1.88E+08
9043,1.69E+08
9044,1.36E+08
9045,1.25E+08
9046,1.21E+08
9047,1.18E+08
9048,1.29E+08
9049,1.25E+08
9050,1.06E+08
9051,1.03E+08
9052,1.12E+08
9053,1.28E+08
9054,1.27E+08
9055,1.09E+08
9056,9.14E+07
9057,9.73E+07
9058,9.78E+07
9059,1.11E+08
9060,1.40E+08
9061,1.43E+08
9062,1.30E+08
9063,1.33E+08
9064,1.18E+08
9065,1.19E+08
9066,1.15E+08
9067,1.54E+08
9068,1.39E+08
9069,1.45E+08
9070,1.21E+08
9071,1.27E+08
9072,1.26E+08
9073,1.85E+08
9074,1.90E+08
9075,1.36E+08
9076,1.44E+08
9077,1.58E+08
9078,1.50E+08
9079,1.72E+08
9080,1.58E+08
9081,1.57E+08
9082,1.33E+08
9083,1.38E+08
9084,1.37E+08
9085,1.39E+08
9086,1.24E+08
9087,1.30E+08
9088,1.41E+08
9089,1.38E+08
9090,1.34E+08
9091,1.16E+08
9092,1.20E+08
9093,1.23E+08
9094,1.22E+08
9095,1.11E+08
9096,1.17E+08
9097,1.22E+08
9098,1.64E+08
9099,1.67E+08
9100,1.45E+08
9101,1.45E+08
9102,1.36E+08
9103,1.49E+08
9104,1.54E+08
9105,1.46E+08
9106,1.45E+08
9107,1.31E+08
9108,1.30E+08
9109,1.28E+08
9110,1.30E+08
9111,1.31E+08
9112,1.44E+08
9113,1.26E+08
9114,1.28E+08
9115,1.29E+08
9116,1.06E+08
9117,1.34E+08
9118,1.23E+08
9119,1.34E+08
9120,1.13E+08
9121,1.33E+08
9122,1.37E+08
9123,1.36E+08
9124,1.39E+08
9125,1.24E+08
9126,1.23E+08
9127,1.25E+08
9128,1.32E+08
9129,1.02E+08
9130,1.04E+08
9131,1.15E+08
9132,1.22E+08
9133,1.02E+08
9134,1.17E+08
9135,1.31E+08
9136,1.34E+08
9137,1.16E+08
9138,1.03E+08
9139,1.14E+08
9140,1.16E+08
9141,1.11E+08
9142,9.99E+07
9143,1.35E+08
9144,1.00E+08
9145,1.17E+08
9146,1.15E+08
9147,1.21E+08
9148,1.11E+08
9149,1.20E+08
9150,1.23E+08
9151,1.24E+08
9152,1.17E+08
9153,1.19E+08
9154,5.72E+07
9155,5.64E+07
9156,5.78E+07
9157,5.23E+07
9158,5.43E+07
9159,5.58E+07
9160,1.33E+08
9161,1.10E+08
9162,1.09E+08
9163,1.21E+08
9164,1.24E+08
9165,1.04E+08
9166,1.14E+08
9167,1.10E+08
9168,1.34E+08
9169,1.16E+08
9170,1.18E+08
9171,9.02E+07
9172,1.00E+08
9173,9.77E+07
9174,5.76E+07
9175,5.63E+07
9176,5.75E+07
9177,5.60E+07
9178,5.49E+07
9179,5.64E+07
9180,5.31E+07
9181,5.67E+07
9182,5.54E+07
9183,5.30E+07
9184,5.48E+07
9185,5.51E+07
9186,5.62E+07
9187,5.56E+07
9188,5.44E+07
9189,5.51E+07
9190,5.72E+07
9191,5.30E+07
9192,5.13E+07
9193,5.64E+07
9194,5.50E+07
9195,5.55E+07
9196,8.44E+07
9197,9.68E+07
9198,7.57E+07
9199,7.63E+07
9200,7.08E+07
9201,8.08E+07
9202,6.52E+07
9203,6.70E+07
9204,6.30E+07
9205,6.39E+07
9206,8.96E+07
9207,8.80E+07
9208,5.40E+07
9209,6.78E+07
9210,4.75E+07
9211,7.45E+07
9212,5.69E+07
9213,1.23E+08
9214,1.23E+08
9215,9.77E+07
9216,8.95E+07
9217,8.28E+07
9218,7.88E+07
9219,6.46E+07
9220,8.62E+07
9221,1.28E+08
9222,1.17E+08
9223,1.15E+08
9224,1.14E+08
9225,1.04E+08
9226,5.69E+07
9227,5.59E+07
9228,5.38E+07
9229,5.40E+07
9230,5.47E+07
9231,5.49E+07
9232,5.21E+07
9233,5.34E+07
9234,1.22E+08
9235,1.35E+08
9236,1.24E+08
9237,1.02E+08
9238,1.20E+08
9239,1.14E+08
9240,9.86E+07
9241,8.59E+07
9242,1.18E+08
9243,1.01E+08
9244,8.76E+07
9245,8.24E+07
9246,8.07E+07
9247,6.51E+07
9248,6.47E+07
9249,6.44E+07
9250,6.43E+07
9251,4.08E+07
9252,5.77E+07
9253,4.43E+07
9254,5.26E+07
9255,3.41E+07
9256,3.55E+07
9257,5.83E+07
9258,5.63E+07
9259,5.56E+07
9260,5.29E+07
9261,5.29E+07
9262,5.89E+07
9263,5.40E+07
9264,5.75E+07
9265,3.63E+07
9266,4.56E+07
9267,2.82E+07
9268,4.62E+07
9269,5.91E+07
9270,5.81E+07
9271,5.16E+07
9272,5.39E+07
9273,5.26E+07
9274,5.50E+07
9275,5.41E+07
9276,5.38E+07
9277,5.78E+07
9278,5.84E+07
9279,5.23E+07
9280,5.25E+07
9281,5.48E+07
9282,5.30E+07
9283,5.64E+07
9284,5.54E+07
9285,5.34E+07
9286,5.24E+07
9287,5.42E+07
9288,5.77E+07
9289,5.65E+07
9290,5.16E+07
9291,5.37E+07
9292,5.48E+07
9293,5.38E+07
9294,5.21E+07
9295,5.48E+07
9296,5.57E+07
9297,5.76E+07
9298,5.73E+07
9299,5.34E+07
9300,5.67E+07
9301,5.46E+07
9302,5.53E+07
9303,5.39E+07
9304,5.48E+07
9305,5.24E+07
9306,5.28E+07
9307,5.42E+07
9308,5.50E+07
9309,5.32E+07
9310,5.34E+07
9311,1.41E+08
9312,1.40E+08
9313,1.22E+08
9314,1.20E+08
9315,1.21E+08
9316,1.31E+08
9317,1.18E+08
9318,9.10E+07
9319,9.31E+07
9320,1.11E+08
9321,1.09E+08
9322,1.29E+08
9323,1.27E+08
9324,1.08E+08
9325,9.82E+07
9326,1.16E+08
9327,1.06E+08
9328,9.47E+07
9329,1.15E+08
9330,8.57E+07
9331,8.75E+07
9332,9.41E+07
9333,7.16E+07
9334,5.66E+07
9335,5.61E+07
9336,5.29E+07
9337,5.58E+07
9338,5.56E+07
9339,5.89E+07
9340,5.46E+07
9341,5.13E+07
9342,4.98E+07
9343,4.94E+07
9344,5.26E+07
9345,5.43E+07
9346,5.31E+07
9347,5.26E+07
9348,5.66E+07
9349,5.62E+07
9350,5.17E+07
9351,4.97E+07
9352,4.84E+07
9353,5.43E+07
9354,5.43E+07
9355,5.35E+07
9356,4.80E+07
9357,4.85E+07
9358,5.00E+07
9359,5.41E+07
9360,5.27E+07
9361,5.47E+07
9362,5.14E+07
9363,6.48E+07
9364,6.25E+07
9365,7.12E+07
9366,9.17E+07
9367,6.36E+07
9368,4.62E+07
9369,6.58E+07
9370,5.70E+07
9371,3.46E+07
9372,4.85E+07
9373,4.56E+07
9374,5.83E+07
9375,5.43E+07
9376,3.71E+07
9377,3.44E+07
9378,2.63E+07
9379,5.67E+07
9380,5.75E+07
9381,5.31E+07
9382,5.35E+07
9383,5.61E+07
9384,5.47E+07
9385,5.62E+07
9386,5.46E+07
9387,5.16E+07
9388,5.09E+07
9389,5.55E+07
9390,5.53E+07
9391,5.35E+07
9392,5.80E+07
9393,5.58E+07
9394,5.32E+07
9395,5.58E+07
9396,5.48E+07
9397,4.79E+07
9398,4.90E+07
9399,4.95E+07
9400,5.04E+07
9401,5.44E+07
9402,5.09E+07
9403,5.28E+07
9404,4.88E+07
9405,4.83E+07
9406,4.73E+07
9407,5.29E+07
9408,5.61E+07
9409,5.56E+07
9410,4.69E+07
9411,4.57E+07
9412,4.78E+07
9413,5.10E+07
9414,5.32E+07
9415,5.45E+07
9416,5.38E+07
9417,5.31E+07
9418,4.58E+07
9419,4.92E+07
9420,4.69E+07
9421,4.72E+07
9422,5.11E+07
9423,5.18E+07
9424,5.43E+07
9425,5.22E+07
9426,5.38E+07
9427,4.71E+07
9428,4.82E+07
9429,4.67E+07
9430,5.10E+07
9431,5.79E+07
9432,5.33E+07
9433,4.72E+07
9434,5.32E+07
9435,4.84E+07
9436,4.97E+07
9437,4.67E+07
9438,5.20E+07
9439,5.32E+07
9440,5.40E+07
9441,4.95E+07
9442,5.46E+07
9443,4.99E+07
9444,6.00E+07
9445,5.42E+07
9446,5.81E+07
9447,5.50E+07
9448,4.75E+07
9449,5.34E+07
9450,5.46E+07
9451,4.86E+07
9452,6.00E+07
9453,5.52E+07
9454,4.78E+07
9455,5.32E+07
9456,4.77E+07
9457,4.56E+07
9458,5.89E+07
9459,5.56E+07
9460,5.71E+07
9461,6.29E+07
9462,6.88E+07
9463,6.47E+07
9464,6.69E+07
9465,6.30E+07
9466,6.15E+07
9467,6.36E+07
9468,5.70E+07
9469,5.27E+07
9470,6.91E+07
9471,6.48E+07
9472,5.98E+07
9473,6.12E+07
9474,6.76E+07
9475,6.79E+07
9476,4.84E+07
9477,5.47E+07
9478,5.63E+07
9479,5.45E+07
9480,5.96E+07
9481,5.61E+07
9482,5.14E+07
9483,5.23E+07
9484,5.33E+07
9485,5.14E+07
9486,4.84E+07
9487,4.69E+07
9488,5.06E+07
9489,5.42E+07
9490,6.10E+07
9491,5.67E+07
9492,6.16E+07
9493,5.70E+07
9494,5.24E+07
9495,6.80E+07
9496,6.58E+07
9497,5.89E+07
9498,6.61E+07
9499,6.19E+07
9500,6.68E+07
9501,6.66E+07
9502,6.09E+07
9503,7.24E+07
9504,7.27E+07
9505,7.05E+07
9506,7.11E+07
9507,6.04E+07
9508,6.33E+07
9509,6.86E+07
9510,6.57E+07
9511,7.32E+07
9512,7.06E+07
9513,7.18E+07
9514,7.21E+07
9515,5.69E+07
9516,5.13E+07
9517,4.61E+07
9518,4.85E+07
9519,6.06E+07
9520,5.89E+07
9521,6.55E+07
9522,5.01E+07
9523,5.04E+07
9524,5.75E+07
9525,6.26E+07
9526,6.28E+07
9527,6.59E+07
9528,7.33E+07
9529,6.74E+07
9530,4.34E+07
9531,5.40E+07
9532,5.49E+07
9533,4.63E+07
9534,6.15E+07
9535,4.06E+07
9536,3.09E+07
9537,5.02E+07
9538,3.56E+07
9539,4.15E+07
9540,4.27E+07
9541,3.51E+07
9542,4.58E+07
9543,5.41E+07
9544,5.22E+07
9545,3.78E+07
9546,3.11E+07
9547,5.25E+07
9548,3.54E+07
9549,3.43E+07
9550,4.83E+07
9551,4.01E+07
9552,4.58E+07
9553,5.38E+07
9554,5.71E+07
9555,4.51E+07
9556,6.43E+07
9557,5.65E+07
9558,3.17E+07
9559,1.73E+07
9560,3.76E+07
9561,2.53E+07
9562,2.41E+07
9563,3.31E+07
9564,3.61E+07
9565,3.49E+07
9566,2.60E+07
9567,3.80E+07
9568,2.56E+07
9569,4.53E+07
9570,4.50E+07
9571,6.24E+07
9572,5.58E+07
9573,5.18E+07
9574,6.69E+07
9575,6.40E+07
9576,6.41E+07
9577,6.05E+07
9578,7.15E+07
9579,3.17E+07
9580,3.28E+07
9581,3.96E+07
9582,5.26E+07
9583,4.16E+07
9584,4.99E+07
9585,3.39E+07
9586,4.17E+07
9587,4.17E+07
9588,3.29E+07
9589,3.54E+07
9590,3.36E+07
9591,3.11E+07
9592,3.58E+07
9593,3.30E+07
9594,2.97E+07
9595,3.05E+07
9596,3.41E+07
9597,3.59E+07
9598,4.34E+07
9599,4.12E+07
9600,5.79E+07
9601,6.06E+07
9602,6.43E+07
9603,6.75E+07
9604,6.25E+07
9605,7.36E+07
9606,7.09E+07
9607,7.23E+07
9608,5.27E+07
9609,5.84E+07
9610,5.16E+07
9611,4.91E+07
9612,6.82E+07
9613,6.61E+07
9614,6.54E+07
9615,4.13E+07
9616,3.83E+07
9617,6.10E+07
9618,5.92E+07
9619,5.61E+07
9620,6.21E+07
9621,5.93E+07
9622,6.28E+07
9623,7.29E+07
9624,7.06E+07
9625,7.13E+07
9626,5.33E+07
9627,5.04E+07
9628,5.52E+07
9629,6.21E+07
9630,6.84E+07
9631,6.59E+07
9632,6.63E+07
9633,6.98E+07
9634,4.85E+07
9635,4.72E+07
9636,5.18E+07
9637,5.80E+07
9638,6.24E+07
9639,4.87E+07
9640,5.81E+07
9641,4.72E+07
9642,5.15E+07
9643,4.49E+07
9644,5.01E+07
9645,4.79E+07
9646,4.89E+07
9647,4.10E+07
9648,4.95E+07
9649,5.55E+07
9650,3.97E+07
9651,4.64E+07
9652,5.53E+07
9653,4.43E+07
9654,4.47E+07
9655,5.42E+07
9656,5.98E+07
9657,6.37E+07
9658,5.96E+07
9659,6.74E+07
9660,4.65E+07
9661,5.23E+07
9662,6.25E+07
9663,6.84E+07
9664,6.59E+07
9665,8.19E+07
9666,6.61E+07
9667,6.68E+07
9668,6.23E+07
9669,3.69E+07
9670,3.35E+07
9671,4.50E+07
9672,2.15E+07
9673,3.49E+07
9674,5.05E+07
9675,4.19E+07
9676,3.54E+07
9677,3.43E+07
9678,5.17E+07
9679,2.13E+07
9680,3.53E+07
9681,5.07E+07
9682,4.48E+07
9683,4.31E+07
9684,3.77E+07
9685,5.63E+07
9686,5.97E+07
9687,3.85E+07
9688,5.97E+07
9689,3.97E+07
9690,4.67E+07
9691,4.45E+07
9692,2.99E+07
9693,3.46E+07
9694,3.15E+07
9695,3.75E+07
9696,4.75E+07
9697,2.97E+07
9698,2.53E+07
9699,3.39E+07
9700,3.26E+07
9701,3.44E+07
9702,5.51E+07
9703,5.16E+07
9704,5.50E+07
9705,5.56E+07
9706,3.67E+07
9707,2.89E+07
9708,2.85E+07
9709,2.91E+07
9710,4.63E+07
9711,4.76E+07
9712,4.52E+07
9713,4.19E+07
9714,6.22E+07
9715,4.51E+07
9716,4.22E+07
9717,3.44E+07
9718,3.27E+07
9719,3.48E+07
9720,2.71E+07
9721,5.39E+07
9722,6.12E+07
9723,4.16E+07
9724,3.48E+07
9725,3.16E+07
9726,4.48E+07
9727,2.24E+07
9728,6.01E+07
9729,3.86E+07
9730,4.25E+07
9731,5.04E+07
9732,3.00E+07
9733,1.01E+08
9734,7.96E+07
9735,5.03E+07
9736,8.88E+07
9737,6.82E+07
9738,6.52E+07
9739,5.62E+07
9740,5.07E+07
9741,4.96E+07
9742,4.00E+07
9743,4.73E+07
9744,5.18E+07
9745,3.06E+07
9746,3.15E+07
9747,2.35E+07
9748,3.43E+07
9749,3.90E+07
9750,3.18E+07
9751,3.01E+07
9752,3.50E+07
9753,3.17E+07
9754,3.53E+07
9755,3.68E+07
9756,4.76E+07
9757,4.66E+07
9758,4.53E+07
9759,3.42E+07
9760,3.04E+07
9761,3.09E+07
9762,3.74E+07
9763,3.68E+07
9764,3.45E+07
9765,3.35E+07
9766,4.25E+07
9767,2.80E+07
9768,3.18E+07
9769,5.37E+07
9770,3.03E+07
9771,3.92E+07
9772,3.77E+07
9773,2.39E+07
9774,4.50E+07
9775,5.15E+07
9776,3.69E+07
9777,5.31E+07
9778,4.42E+07
9779,3.62E+07
9780,3.17E+07
9781,3.35E+07
9782,3.62E+07
9783,3.12E+07
9784,2.69E+07
9785,3.25E+07
9786,4.96E+07
9787,3.61E+07
9788,1.05E+08
9789,1.17E+08
9790,9.45E+07
9791,9.89E+07
9792,9.75E+07
9793,8.75E+07
9794,6.55E+07
9795,6.00E+07
9796,6.12E+07
9797,6.18E+07
9798,4.95E+07
9799,5.48E+07
9800,2.12E+08
9801,2.25E+08
9802,1.64E+08
9803,1.47E+08
9804,1.61E+08
9805,1.57E+08
9806,2.28E+08
9807,2.11E+08
9808,1.54E+08
9809,1.66E+08
9810,1.67E+08
9811,1.99E+08
9812,2.37E+08
9813,2.34E+08
9814,1.71E+08
9815,1.70E+08
9816,1.62E+08
9817,1.68E+08
9818,2.20E+08
9819,2.18E+08
9820,1.56E+08
9821,1.53E+08
9822,1.57E+08
9823,1.58E+08
9824,1.59E+08
9825,1.59E+08
9826,1.35E+08
9827,2.28E+08
9828,2.36E+08
9829,2.15E+08
9830,2.46E+08
9831,1.75E+08
9832,1.66E+08
9833,1.76E+08
9834,1.62E+08
9835,2.38E+08
9836,1.58E+08
9837,1.73E+08
9838,1.53E+08
9839,2.32E+08
9840,2.49E+08
9841,1.74E+08
9842,1.78E+08
9843,1.59E+08
9844,2.21E+08
9845,2.34E+08
9846,1.60E+08
9847,1.59E+08
9848,1.66E+08
9849,1.59E+08
9850,1.57E+08
9851,2.47E+08
9852,2.36E+08
9853,1.73E+08
9854,1.76E+08
9855,1.76E+08
9856,1.80E+08
9857,1.62E+08
9858,2.61E+08
9859,2.61E+08
9860,2.45E+08
9861,2.25E+08
9862,1.85E+08
9863,1.79E+08
9864,1.84E+08
9865,1.74E+08
9866,2.28E+08
9867,2.29E+08
9868,2.61E+08
9869,1.83E+08
9870,1.74E+08
9871,1.86E+08
9872,1.85E+08
9873,2.46E+08
9874,2.35E+08
9875,2.61E+08
9876,1.82E+08
9877,1.87E+08
9878,1.80E+08
9879,1.74E+08
9880,2.63E+08
9881,2.73E+08
9882,1.89E+08
9883,1.87E+08
9884,1.96E+08
9885,1.92E+08
9886,1.74E+08
9887,2.60E+08
9888,1.85E+08
9889,1.91E+08
9890,1.83E+08
9891,1.84E+08
9892,1.67E+08
9893,1.69E+08
9894,2.38E+08
9895,2.76E+08
9896,1.89E+08
9897,1.98E+08
9898,2.01E+08
9899,2.33E+08
9900,2.68E+08
9901,1.82E+08
9902,1.87E+08
9903,1.85E+08
9904,1.91E+08
9905,1.90E+08
9906,1.56E+08
9907,2.27E+08
9908,2.57E+08
9909,1.83E+08
9910,1.78E+08
9911,1.84E+08
9912,1.85E+08
9913,1.70E+08
9914,2.26E+08
9915,2.57E+08
9916,1.83E+08
9917,1.74E+08
9918,1.84E+08
9919,2.44E+08
9920,2.71E+08
9921,1.96E+08
9922,1.85E+08
9923,1.93E+08
9924,1.96E+08
9925,2.40E+08
9926,2.73E+08
9927,2.02E+08
9928,1.95E+08
9929,1.77E+08
9930,1.98E+08
9931,2.48E+08
9932,2.72E+08
9933,1.93E+08
9934,1.90E+08
9935,1.92E+08
9936,1.93E+08
9937,1.67E+08
9938,2.47E+08
9939,2.80E+08
9940,2.61E+08
9941,1.98E+08
9942,1.92E+08
9943,1.95E+08
9944,1.75E+08
9945,1.60E+08
9946,2.66E+08
9947,2.70E+08
9948,1.85E+08
9949,1.95E+08
9950,1.98E+08
9951,2.60E+08
9952,2.82E+08
9953,2.64E+08
9954,2.64E+08
9955,1.94E+08
9956,2.05E+08
9957,2.04E+08
9958,2.46E+08
9959,2.67E+08
9960,1.80E+08
9961,1.89E+08
9962,1.92E+08
9963,1.63E+08
9964,2.51E+08
9965,2.76E+08
9966,2.61E+08
9967,1.93E+08
9968,1.84E+08
9969,1.94E+08
9970,1.97E+08
9971,1.73E+08
9972,1.78E+08
9973,2.41E+08
9974,2.76E+08
9975,1.91E+08
9976,1.91E+08
9977,1.91E+08
9978,1.66E+08
9979,2.78E+08
9980,2.50E+08
9981,1.97E+08
9982,1.94E+08
9983,1.95E+08
9984,1.80E+08
9985,2.70E+08
9986,1.89E+08
9987,1.91E+08
9988,1.97E+08
9989,1.90E+08
9990,2.23E+08
9991,2.60E+08
9992,1.74E+08
9993,1.80E+08
9994,1.75E+08
9995,1.85E+08
9996,1.50E+08
9997,2.24E+08
9998,2.55E+08
9999,1.73E+08
10000,1.73E+08
10001,1.70E+08
10002,1.79E+08
10003,2.32E+08
10004,2.60E+08
10005,1.79E+08
10006,1.82E+08
10007,1.91E+08
10008,2.26E+08
10009,2.57E+08
10010,1.78E+08
10011,1.76E+08
10012,1.77E+08
10013,2.25E+08
10014,2.50E+08
10015,1.73E+08
10016,1.76E+08
10017,1.76E+08
10018,1.76E+08
10019,2.19E+08
10020,2.54E+08
10021,1.79E+08
10022,1.75E+08
10023,1.75E+08
10024,2.35E+08
10025,2.47E+08
10026,1.72E+08
10027,1.76E+08
10028,1.64E+08
10029,1.72E+08
10030,2.32E+08
10031,2.51E+08
10032,1.79E+08
10033,1.80E+08
10034,1.73E+08
10035,2.17E+08
10036,2.44E+08
10037,1.73E+08
10038,1.76E+08
10039,1.63E+08
10040,2.19E+08
10041,2.44E+08
10042,1.75E+08
10043,1.69E+08
10044,1.66E+08
10045,1.67E+08
10046,2.18E+08
10047,2.33E+08
10048,1.70E+08
10049,1.61E+08
10050,1.65E+08
10051,1.78E+08
10052,2.10E+08
10053,2.36E+08
10054,1.66E+08
10055,1.60E+08
10056,1.65E+08
10057,1.63E+08
10058,1.54E+08
10059,2.84E+08
10060,2.80E+08
10061,2.67E+08
10062,2.52E+08
10063,2.02E+08
10064,2.03E+08
10065,2.11E+08
10066,2.62E+08
10067,2.48E+08
10068,1.94E+08
10069,1.91E+08
10070,2.02E+08
10071,1.92E+08
10072,1.73E+08
10073,2.40E+08
10074,2.37E+08
10075,2.74E+08
10076,1.77E+08
10077,1.85E+08
10078,1.91E+08
10079,1.96E+08
10080,1.98E+08
10081,1.65E+08
10082,2.81E+08
10083,2.85E+08
10084,1.99E+08
10085,2.00E+08
10086,1.86E+08
10087,2.18E+08
10088,2.77E+08
10089,1.90E+08
10090,1.93E+08
10091,1.96E+08
10092,1.98E+08
10093,1.77E+08
10094,1.99E+08
10095,1.99E+08
10096,1.82E+08
10097,2.18E+08
10098,2.49E+08
10099,2.76E+08
10100,1.87E+08
10101,1.99E+08
10102,1.99E+08
10103,2.03E+08
10104,2.46E+08
10105,2.87E+08
10106,1.86E+08
10107,2.02E+08
10108,1.73E+08
10109,1.88E+08
10110,2.59E+08
10111,2.70E+08
10112,1.84E+08
10113,1.98E+08
10114,1.97E+08
10115,2.00E+08
10116,1.76E+08
10117,2.45E+08
10118,2.76E+08
10119,2.89E+08
10120,2.05E+08
10121,2.03E+08
10122,1.98E+08
10123,1.95E+08
10124,2.76E+08
10125,1.97E+08
10126,1.98E+08
10127,1.93E+08
10128,2.61E+08
10129,2.85E+08
10130,2.04E+08
10131,2.09E+08
10132,2.08E+08
10133,2.86E+08
10134,2.86E+08
10135,2.52E+08
10136,2.47E+08
10137,1.98E+08
10138,1.93E+08
10139,1.94E+08
10140,1.82E+08
10141,2.49E+08
10142,1.98E+08
10143,1.95E+08
10144,1.95E+08
10145,2.48E+08
10146,2.51E+08
10147,2.82E+08
10148,1.97E+08
10149,1.97E+08
10150,1.84E+08
10151,2.73E+08
10152,1.97E+08
10153,2.04E+08
10154,1.93E+08
10155,1.97E+08
10156,2.74E+08
10157,1.87E+08
10158,1.87E+08
10159,1.90E+08
10160,1.91E+08
10161,1.69E+08
10162,1.62E+08
10163,2.53E+08
10164,2.77E+08
10165,1.94E+08
10166,2.00E+08
10167,1.88E+08
10168,2.44E+08
10169,2.87E+08
10170,1.94E+08
10171,1.97E+08
10172,1.99E+08
10173,1.92E+08
10174,1.81E+08
10175,1.76E+08
10176,2.51E+08
10177,2.73E+08
10178,1.94E+08
10179,1.92E+08
10180,1.96E+08
10181,1.81E+08
10182,2.50E+08
10183,2.83E+08
10184,2.89E+08
10185,2.06E+08
10186,2.05E+08
10187,2.09E+08
10188,2.67E+08
10189,2.76E+08
10190,1.97E+08
10191,1.98E+08
10192,2.00E+08
10193,2.70E+08
10194,2.70E+08
10195,1.97E+08
10196,2.05E+08
10197,1.94E+08
10198,2.05E+08
10199,2.78E+08
10200,2.79E+08
10201,2.60E+08
10202,2.40E+08
10203,1.89E+08
10204,1.91E+08
10205,2.53E+08
10206,2.38E+08
10207,2.74E+08
10208,1.86E+08
10209,1.79E+08
10210,1.88E+08
10211,1.89E+08
10212,1.80E+08
10213,1.56E+08
10214,2.34E+08
10215,2.38E+08
10216,2.70E+08
10217,1.83E+08
10218,1.80E+08
10219,1.81E+08
10220,1.88E+08
10221,2.68E+08
10222,2.76E+08
10223,1.88E+08
10224,2.02E+08
10225,2.19E+08
10226,1.75E+08
10227,2.66E+08
10228,1.74E+08
10229,1.87E+08
10230,1.82E+08
10231,1.76E+08
10232,2.11E+08
10233,1.63E+08
10234,2.38E+08
10235,1.88E+08
10236,1.98E+08
10237,2.20E+08
10238,2.01E+08
10239,1.94E+08
10240,1.93E+08
10241,1.98E+08
10242,1.97E+08
10243,2.42E+08
10244,2.66E+08
10245,1.80E+08
10246,1.94E+08
10247,1.94E+08
10248,2.34E+08
10249,2.77E+08
10250,1.86E+08
10251,1.90E+08
10252,1.90E+08
10253,1.89E+08
10254,2.43E+08
10255,2.59E+08
10256,1.73E+08
10257,1.88E+08
10258,1.80E+08
10259,1.87E+08
10260,1.85E+08
10261,2.43E+08
10262,2.81E+08
10263,2.73E+08
10264,1.96E+08
10265,1.94E+08
10266,1.96E+08
10267,2.65E+08
10268,2.54E+08
10269,1.88E+08
10270,1.86E+08
10271,1.80E+08
10272,1.79E+08
10273,2.67E+08
10274,2.65E+08
10275,2.00E+08
10276,2.57E+08
10277,2.54E+08
10278,2.23E+08
10279,2.26E+08
10280,1.69E+08
10281,1.77E+08
10282,1.75E+08
10283,1.79E+08
10284,1.79E+08
10285,1.41E+08
10286,2.30E+08
10287,1.76E+08
10288,1.85E+08
10289,1.83E+08
10290,1.87E+08
10291,2.28E+08
10292,2.20E+08
10293,1.82E+08
10294,1.84E+08
10295,1.84E+08
10296,1.82E+08
10297,2.51E+08
10298,2.49E+08
10299,1.82E+08
10300,1.77E+08
10301,1.74E+08
10302,1.70E+08
10303,1.67E+08
10304,1.82E+08
10305,1.77E+08
10306,1.78E+08
10307,1.69E+08
10308,1.57E+08
10309,1.78E+08
10310,1.77E+08
10311,1.69E+08
10312,1.73E+08
10313,2.01E+08
10314,1.99E+08
10315,1.89E+08
10316,1.82E+08
10317,1.34E+08
10318,1.33E+08
10319,1.37E+08
10320,1.90E+08
10321,1.81E+08
10322,2.07E+08
10323,1.33E+08
10324,1.33E+08
10325,1.37E+08
10326,1.36E+08
10327,1.31E+08
10328,1.80E+08
10329,1.71E+08
10330,1.93E+08
10331,1.31E+08
10332,1.33E+08
10333,1.36E+08
10334,1.34E+08
10335,2.07E+08
10336,2.08E+08
10337,1.43E+08
10338,1.38E+08
10339,1.52E+08
10340,1.43E+08
10341,2.01E+08
10342,1.39E+08
10343,1.34E+08
10344,1.44E+08
10345,1.50E+08
10346,1.88E+08
10347,2.13E+08
10348,1.43E+08
10349,1.38E+08
10350,1.53E+08
10351,1.42E+08
10352,1.33E+08
10353,1.89E+08
10354,2.18E+08
10355,1.47E+08
10356,1.39E+08
10357,1.43E+08
10358,1.48E+08
10359,1.95E+08
10360,2.21E+08
10361,1.55E+08
10362,1.43E+08
10363,1.56E+08
10364,1.58E+08
10365,1.96E+08
10366,2.28E+08
10367,1.52E+08
10368,1.49E+08
10369,1.55E+08
10370,1.53E+08
10371,2.07E+08
10372,2.23E+08
10373,1.57E+08
10374,1.47E+08
10375,1.59E+08
10376,1.58E+08
10377,2.00E+08
10378,2.18E+08
10379,2.33E+08
10380,1.56E+08
10381,1.61E+08
10382,1.72E+08
10383,1.70E+08
10384,2.31E+08
10385,1.45E+08
10386,1.58E+08
10387,1.59E+08
10388,1.63E+08
10389,2.33E+08
10390,2.08E+08
10391,1.58E+08
10392,1.69E+08
10393,1.71E+08
10394,1.75E+08
10395,1.55E+08
10396,1.71E+08
10397,1.95E+08
10398,1.34E+08
10399,1.39E+08
10400,1.38E+08
10401,1.40E+08
10402,1.69E+08
10403,1.87E+08
10404,1.31E+08
10405,1.31E+08
10406,1.34E+08
10407,1.31E+08
10408,1.70E+08
10409,1.84E+08
10410,1.37E+08
10411,1.35E+08
10412,1.31E+08
10413,1.29E+08
10414,1.59E+08
10415,1.77E+08
10416,1.80E+08
10417,1.27E+08
10418,1.29E+08
10419,1.26E+08
10420,1.23E+08
10421,1.72E+08
10422,1.78E+08
10423,1.25E+08
10424,1.28E+08
10425,1.21E+08
10426,1.23E+08
10427,1.20E+08
10428,1.04E+08
10429,1.74E+08
10430,1.75E+08
10431,1.29E+08
10432,1.28E+08
10433,1.19E+08
10434,2.01E+08
10435,1.61E+08
10436,1.69E+08
10437,1.62E+08
10438,1.45E+08
10439,1.47E+08
10440,1.36E+08
10441,1.56E+08
10442,1.71E+08
10443,1.49E+08
10444,1.52E+08
10445,1.55E+08
10446,1.41E+08
10447,1.52E+08
10448,1.70E+08
10449,1.16E+08
10450,1.11E+08
10451,1.19E+08
10452,1.07E+08
10453,1.03E+08
10454,1.08E+08
10455,1.01E+08
10456,1.38E+08
10457,1.28E+08
10458,1.46E+08
10459,9.96E+07
10460,1.08E+08
10461,1.04E+08
10462,1.03E+08
10463,1.09E+08
10464,1.68E+08
10465,1.50E+08
10466,1.10E+08
10467,1.05E+08
10468,1.07E+08
10469,1.59E+08
10470,1.24E+08
10471,1.15E+08
10472,1.20E+08
10473,1.24E+08
10474,1.36E+08
10475,9.07E+07
10476,9.90E+07
10477,9.49E+07
10478,9.47E+07
10479,9.24E+07
10480,7.51E+07
10481,1.22E+08
10482,1.37E+08
10483,9.37E+07
10484,9.13E+07
10485,9.59E+07
10486,1.02E+08
10487,8.01E+07
10488,1.18E+08
10489,1.25E+08
10490,8.76E+07
10491,9.15E+07
10492,8.64E+07
10493,8.92E+07
10494,7.58E+07
10495,1.10E+08
10496,1.25E+08
10497,8.83E+07
10498,9.33E+07
10499,9.11E+07
10500,1.09E+08
10501,1.13E+08
10502,8.48E+07
10503,8.20E+07
10504,7.90E+07
10505,6.89E+07
10506,7.14E+07
10507,1.05E+08
10508,1.10E+08
10509,8.19E+07
10510,8.12E+07
10511,8.24E+07
10512,7.17E+07
10513,9.13E+07
10514,7.30E+07
10515,7.69E+07
10516,7.20E+07
10517,6.65E+07
10518,7.47E+07
10519,7.27E+07
10520,7.25E+07
10521,7.64E+07
10522,7.59E+07
10523,1.27E+08
10524,1.31E+08
10525,1.26E+08
10526,9.36E+07
10527,9.23E+07
10528,5.40E+07
10529,6.12E+07
10530,6.11E+07
10531,6.20E+07
10532,2.10E+08
10533,2.19E+08
10534,2.07E+08
10535,2.32E+08
10536,1.71E+08
10537,1.63E+08
10538,1.66E+08
10539,1.61E+08
10540,1.57E+08
10541,2.24E+08
10542,1.62E+08
10543,1.61E+08
10544,1.60E+08
10545,1.56E+08
10546,2.22E+08
10547,2.39E+08
10548,1.68E+08
10549,1.67E+08
10550,1.63E+08
10551,2.11E+08
10552,2.22E+08
10553,1.48E+08
10554,1.57E+08
10555,1.59E+08
10556,1.51E+08
10557,1.44E+08
10558,2.35E+08
10559,2.26E+08
10560,1.69E+08
10561,1.69E+08
10562,1.70E+08
10563,1.69E+08
10564,1.64E+08
10565,2.66E+08
10566,2.81E+08
10567,2.53E+08
10568,2.43E+08
10569,1.84E+08
10570,1.92E+08
10571,1.92E+08
10572,1.76E+08
10573,1.78E+08
10574,2.48E+08
10575,2.33E+08
10576,2.78E+08
10577,1.85E+08
10578,1.78E+08
10579,1.76E+08
10580,1.47E+08
10581,1.70E+08
10582,1.76E+08
10583,1.92E+08
10584,2.54E+08
10585,2.48E+08
10586,2.87E+08
10587,2.00E+08
10588,2.01E+08
10589,1.97E+08
10590,1.96E+08
10591,2.78E+08
10592,2.74E+08
10593,1.87E+08
10594,1.95E+08
10595,1.98E+08
10596,1.93E+08
10597,1.87E+08
10598,2.77E+08
10599,1.97E+08
10600,1.98E+08
10601,1.99E+08
10602,1.86E+08
10603,2.50E+08
10604,2.65E+08
10605,1.85E+08
10606,1.92E+08
10607,1.92E+08
10608,1.88E+08
10609,1.68E+08
10610,2.41E+08
10611,2.85E+08
10612,2.04E+08
10613,1.94E+08
10614,2.38E+08
10615,2.67E+08
10616,1.78E+08
10617,1.85E+08
10618,1.83E+08
10619,1.86E+08
10620,1.64E+08
10621,1.62E+08
10622,2.46E+08
10623,2.78E+08
10624,1.92E+08
10625,1.85E+08
10626,1.86E+08
10627,1.92E+08
10628,1.89E+08
10629,1.72E+08
10630,2.46E+08
10631,2.69E+08
10632,1.91E+08
10633,1.91E+08
10634,1.95E+08
10635,1.83E+08
10636,2.34E+08
10637,2.74E+08
10638,2.81E+08
10639,1.91E+08
10640,1.95E+08
10641,1.95E+08
10642,1.78E+08
10643,2.61E+08
10644,2.67E+08
10645,1.89E+08
10646,1.88E+08
10647,1.95E+08
10648,1.83E+08
10649,1.75E+08
10650,2.68E+08
10651,2.64E+08
10652,2.14E+08
10653,2.01E+08
10654,1.94E+08
10655,1.99E+08
10656,2.49E+08
10657,2.79E+08
10658,1.95E+08
10659,1.95E+08
10660,1.91E+08
10661,1.95E+08
10662,2.50E+08
10663,2.85E+08
10664,1.95E+08
10665,1.92E+08
10666,1.96E+08
10667,1.94E+08
10668,1.83E+08
10669,2.57E+08
10670,2.70E+08
10671,1.94E+08
10672,1.93E+08
10673,1.98E+08
10674,2.38E+08
10675,2.69E+08
10676,2.80E+08
10677,1.96E+08
10678,1.94E+08
10679,1.72E+08
10680,1.84E+08
10681,2.65E+08
10682,1.92E+08
10683,1.83E+08
10684,1.80E+08
10685,1.87E+08
10686,2.60E+08
10687,2.81E+08
10688,2.03E+08
10689,1.95E+08
10690,1.70E+08
10691,1.83E+08
10692,2.54E+08
10693,2.80E+08
10694,1.92E+08
10695,1.91E+08
10696,1.67E+08
10697,1.76E+08
10698,2.55E+08
10699,2.77E+08
10700,2.05E+08
10701,1.91E+08
10702,2.02E+08
10703,1.84E+08
10704,2.46E+08
10705,2.78E+08
10706,1.94E+08
10707,1.98E+08
10708,1.95E+08
10709,2.35E+08
10710,2.70E+08
10711,1.86E+08
10712,1.90E+08
10713,1.83E+08
10714,1.95E+08
10715,1.74E+08
10716,2.34E+08
10717,2.76E+08
10718,1.86E+08
10719,1.92E+08
10720,1.89E+08
10721,1.80E+08
10722,2.48E+08
10723,2.70E+08
10724,1.86E+08
10725,1.83E+08
10726,1.90E+08
10727,1.82E+08
10728,1.74E+08
10729,2.43E+08
10730,2.83E+08
10731,2.00E+08
10732,1.94E+08
10733,1.91E+08
10734,1.95E+08
10735,2.57E+08
10736,2.60E+08
10737,1.81E+08
10738,1.94E+08
10739,1.80E+08
10740,1.80E+08
10741,2.39E+08
10742,2.81E+08
10743,2.68E+08
10744,2.00E+08
10745,1.95E+08
10746,2.07E+08
10747,1.90E+08
10748,2.56E+08
10749,1.90E+08
10750,1.84E+08
10751,1.82E+08
10752,1.68E+08
10753,2.50E+08
10754,2.57E+08
10755,2.76E+08
10756,2.05E+08
10757,1.97E+08
10758,2.04E+08
10759,1.90E+08
10760,1.91E+08
10761,2.72E+08
10762,1.93E+08
10763,1.94E+08
10764,1.92E+08
10765,2.37E+08
10766,2.74E+08
10767,1.90E+08
10768,1.97E+08
10769,1.94E+08
10770,2.05E+08
10771,2.41E+08
10772,2.77E+08
10773,2.01E+08
10774,1.88E+08
10775,1.87E+08
10776,1.91E+08
10777,1.83E+08
10778,1.88E+08
10779,2.41E+08
10780,2.70E+08
10781,1.89E+08
10782,1.91E+08
10783,1.93E+08
10784,2.04E+08
10785,2.43E+08
10786,2.80E+08
10787,1.93E+08
10788,1.97E+08
10789,2.02E+08
10790,2.40E+08
10791,2.71E+08
10792,1.87E+08
10793,1.87E+08
10794,1.90E+08
10795,1.97E+08
10796,1.65E+08
10797,2.49E+08
10798,2.65E+08
10799,1.89E+08
10800,1.93E+08
10801,1.92E+08
10802,1.99E+08
10803,2.30E+08
10804,2.76E+08
10805,1.98E+08
10806,1.93E+08
10807,1.90E+08
10808,2.01E+08
10809,1.78E+08
10810,2.41E+08
10811,2.54E+08
10812,1.82E+08
10813,1.78E+08
10814,1.82E+08
10815,1.81E+08
10816,1.77E+08
10817,2.39E+08
10818,2.63E+08
10819,2.60E+08
10820,1.98E+08
10821,1.89E+08
10822,1.95E+08
10823,1.80E+08
10824,2.48E+08
10825,1.83E+08
10826,1.81E+08
10827,1.80E+08
10828,1.54E+08
10829,2.34E+08
10830,2.38E+08
10831,2.59E+08
10832,1.85E+08
10833,1.79E+08
10834,1.79E+08
10835,1.89E+08
10836,1.49E+08
10837,1.60E+08
10838,2.58E+08
10839,1.90E+08
10840,1.74E+08
10841,1.83E+08
10842,2.29E+08
10843,2.56E+08
10844,1.84E+08
10845,1.76E+08
10846,1.75E+08
10847,1.83E+08
10848,2.30E+08
10849,2.61E+08
10850,1.88E+08
10851,1.76E+08
10852,1.77E+08
10853,1.91E+08
10854,1.50E+08
10855,2.22E+08
10856,2.52E+08
10857,1.70E+08
10858,1.82E+08
10859,1.75E+08
10860,1.73E+08
10861,2.34E+08
10862,2.54E+08
10863,1.74E+08
10864,1.92E+08
10865,1.84E+08
10866,1.71E+08
10867,2.22E+08
10868,2.52E+08
10869,1.73E+08
10870,1.73E+08
10871,1.50E+08
10872,1.64E+08
10873,2.32E+08
10874,2.43E+08
10875,1.77E+08
10876,1.74E+08
10877,1.62E+08
10878,1.52E+08
10879,2.24E+08
10880,2.58E+08
10881,1.76E+08
10882,1.71E+08
10883,1.77E+08
10884,1.51E+08
10885,1.66E+08
10886,2.33E+08
10887,2.41E+08
10888,1.73E+08
10889,1.78E+08
10890,1.69E+08
10891,1.48E+08
10892,2.31E+08
10893,2.35E+08
10894,2.61E+08
10895,1.81E+08
10896,1.83E+08
10897,1.76E+08
10898,1.83E+08
10899,2.48E+08
10900,2.54E+08
10901,2.14E+08
10902,2.29E+08
10903,1.73E+08
10904,1.72E+08
10905,1.75E+08
10906,1.76E+08
10907,1.82E+08
10908,2.08E+08
10909,1.72E+08
10910,1.76E+08
10911,1.82E+08
10912,2.31E+08
10913,2.25E+08
10914,2.63E+08
10915,1.76E+08
10916,1.85E+08
10917,1.81E+08
10918,2.40E+08
10919,1.63E+08
10920,1.66E+08
10921,1.66E+08
10922,1.71E+08
10923,1.55E+08
10924,2.49E+08
10925,1.72E+08
10926,1.73E+08
10927,1.81E+08
10928,1.75E+08
10929,2.36E+08
10930,2.54E+08
10931,1.82E+08
10932,1.73E+08
10933,1.83E+08
10934,1.78E+08
10935,2.33E+08
10936,2.57E+08
10937,1.82E+08
10938,1.89E+08
10939,1.89E+08
10940,2.22E+08
10941,2.53E+08
10942,1.85E+08
10943,1.84E+08
10944,1.79E+08
10945,1.75E+08
10946,2.18E+08
10947,2.39E+08
10948,1.78E+08
10949,1.77E+08
10950,1.82E+08
10951,1.77E+08
10952,1.72E+08
10953,1.28E+08
10954,2.27E+08
10955,2.55E+08
10956,1.80E+08
10957,1.82E+08
10958,1.71E+08
10959,1.46E+08
10960,2.28E+08
10961,2.61E+08
10962,2.52E+08
10963,1.73E+08
10964,1.85E+08
10965,1.66E+08
10966,1.41E+08
10967,1.70E+08
10968,1.25E+08
10969,1.43E+08
10970,1.41E+08
10971,1.77E+08
10972,2.65E+08
10973,2.67E+08
10974,1.87E+08
10975,1.84E+08
10976,1.85E+08
10977,2.68E+08
10978,2.76E+08
10979,2.10E+08
10980,2.04E+08
10981,2.38E+08
10982,2.70E+08
10983,1.93E+08
10984,2.00E+08
10985,1.95E+08
10986,2.45E+08
10987,2.66E+08
10988,1.95E+08
10989,1.92E+08
10990,1.91E+08
10991,1.94E+08
10992,2.28E+08
10993,2.65E+08
10994,2.73E+08
10995,1.98E+08
10996,1.86E+08
10997,1.90E+08
10998,1.84E+08
10999,1.66E+08
11000,1.74E+08
11001,2.58E+08
11002,2.64E+08
11003,1.83E+08
11004,1.82E+08
11005,1.84E+08
11006,1.83E+08
11007,2.67E+08
11008,2.62E+08
11009,2.12E+08
11010,1.96E+08
11011,1.97E+08
11012,1.81E+08
11013,2.26E+08
11014,2.05E+08
11015,1.90E+08
11016,1.93E+08
11017,1.79E+08
11018,1.99E+08
11019,1.89E+08
11020,1.92E+08
11021,1.99E+08
11022,1.89E+08
11023,2.29E+08
11024,1.58E+08
11025,1.64E+08
11026,1.49E+08
11027,1.47E+08
11028,1.54E+08
11029,2.32E+08
11030,2.35E+08
11031,1.70E+08
11032,1.67E+08
11033,1.73E+08
11034,1.57E+08
11035,2.39E+08
11036,2.25E+08
11037,1.77E+08
11038,1.77E+08
11039,1.82E+08
11040,1.73E+08
11041,2.38E+08
11042,2.14E+08
11043,1.91E+08
11044,1.57E+08
11045,1.58E+08
11046,1.57E+08
11047,1.69E+08
11048,1.60E+08
11049,1.36E+08
11050,2.21E+08
11051,2.12E+08
11052,2.37E+08
11053,1.68E+08
11054,1.66E+08
11055,2.34E+08
11056,2.41E+08
11057,1.69E+08
11058,1.66E+08
11059,1.70E+08
11060,1.75E+08
11061,1.59E+08
11062,1.59E+08
11063,1.66E+08
11064,1.60E+08
11065,1.46E+08
11066,2.09E+08
11067,2.37E+08
11068,1.65E+08
11069,1.67E+08
11070,1.65E+08
11071,1.73E+08
11072,2.02E+08
11073,2.26E+08
11074,1.57E+08
11075,1.57E+08
11076,1.60E+08
11077,1.58E+08
11078,1.58E+08
11079,1.34E+08
11080,2.04E+08
11081,2.29E+08
11082,1.63E+08
11083,1.62E+08
11084,1.66E+08
11085,1.61E+08
11086,2.00E+08
11087,2.27E+08
11088,1.58E+08
11089,1.58E+08
11090,1.59E+08
11091,1.49E+08
11092,1.32E+08
11093,2.01E+08
11094,2.24E+08
11095,1.59E+08
11096,1.55E+08
11097,1.61E+08
11098,1.51E+08
11099,2.00E+08
11100,2.23E+08
11101,2.26E+08
11102,1.59E+08
11103,1.56E+08
11104,1.51E+08
11105,1.59E+08
11106,2.13E+08
11107,2.23E+08
11108,1.54E+08
11109,1.50E+08
11110,1.63E+08
11111,2.17E+08
11112,2.18E+08
11113,1.62E+08
11114,1.51E+08
11115,1.63E+08
11116,2.17E+08
11117,1.96E+08
11118,1.56E+08
11119,1.54E+08
11120,1.92E+08
11121,2.05E+08
11122,1.87E+08
11123,1.49E+08
11124,1.46E+08
11125,1.43E+08
11126,1.38E+08
11127,2.20E+08
11128,1.60E+08
11129,1.60E+08
11130,1.65E+08
11131,1.65E+08
11132,1.83E+08
11133,1.79E+08
11134,1.97E+08
11135,1.38E+08
11136,1.41E+08
11137,1.39E+08
11138,1.34E+08
11139,2.11E+08
11140,1.55E+08
11141,1.47E+08
11142,1.60E+08
11143,1.46E+08
11144,1.78E+08
11145,1.98E+08
11146,1.43E+08
11147,1.41E+08
11148,1.42E+08
11149,1.41E+08
11150,1.68E+08
11151,1.88E+08
11152,1.23E+08
11153,1.35E+08
11154,1.37E+08
11155,1.19E+08
11156,1.65E+08
11157,1.91E+08
11158,1.25E+08
11159,1.31E+08
11160,1.33E+08
11161,1.36E+08
11162,1.11E+08
11163,1.31E+08
11164,1.66E+08
11165,1.79E+08
11166,1.18E+08
11167,1.20E+08
11168,1.10E+08
11169,1.14E+08
11170,1.66E+08
11171,1.88E+08
11172,1.27E+08
11173,1.28E+08
11174,1.35E+08
11175,1.57E+08
11176,1.78E+08
11177,1.26E+08
11178,1.16E+08
11179,1.18E+08
11180,1.18E+08
11181,1.08E+08
11182,1.67E+08
11183,1.80E+08
11184,1.22E+08
11185,1.27E+08
11186,1.30E+08
11187,1.29E+08
11188,1.61E+08
11189,1.78E+08
11190,1.70E+08
11191,1.27E+08
11192,1.23E+08
11193,1.30E+08
11194,1.73E+08
11195,1.25E+08
11196,1.24E+08
11197,1.25E+08
11198,1.59E+08
11199,1.58E+08
11200,1.74E+08
11201,1.26E+08
11202,1.28E+08
11203,1.31E+08
11204,1.66E+08
11205,1.22E+08
11206,1.25E+08
11207,1.17E+08
11208,1.58E+08
11209,1.45E+08
11210,1.09E+08
11211,1.22E+08
11212,1.07E+08
11213,1.44E+08
11214,1.35E+08
11215,1.44E+08
11216,1.06E+08
11217,1.05E+08
11218,1.08E+08
11219,1.03E+08
11220,1.61E+08
11221,1.21E+08
11222,1.19E+08
11223,1.19E+08
11224,1.13E+08
11225,1.29E+08
11226,1.45E+08
11227,1.06E+08
11228,1.07E+08
11229,1.11E+08
11230,1.05E+08
11231,9.56E+07
11232,1.18E+08
11233,1.32E+08
11234,1.25E+08
11235,9.26E+07
11236,8.83E+07
11237,9.82E+07
11238,9.99E+07
11239,8.40E+07
11240,1.29E+08
11241,1.32E+08
11242,9.30E+07
11243,9.88E+07
11244,9.35E+07
11245,9.80E+07
11246,9.03E+07
11247,1.19E+08
11248,1.27E+08
11249,9.21E+07
11250,9.13E+07
11251,9.20E+07
11252,1.09E+08
11253,1.04E+08
11254,8.21E+07
11255,8.21E+07
11256,8.15E+07
11257,8.57E+07
11258,7.52E+07
11259,7.24E+07
11260,1.05E+08
11261,9.06E+07
11262,7.49E+07
11263,7.11E+07
11264,7.68E+07
11265,6.72E+07
11266,7.02E+07
11267,5.78E+07
11268,1.16E+08
11269,8.75E+07
11270,8.91E+07
11271,8.61E+07
11272,8.80E+07
11273,7.46E+07
11274,6.83E+07
11275,7.38E+07
11276,7.67E+07
11277,2.75E+07
11278,7.48E+07
11279,5.17E+07
11280,4.52E+07
11281,3.51E+07
11282,3.74E+07
11283,4.75E+07
11284,3.42E+07
11285,4.51E+07
11286,4.75E+07
11287,3.53E+07
11288,8.63E+07
11289,8.43E+07
11290,9.69E+07
11291,9.94E+07
11292,4.53E+07
11293,4.23E+07
11294,9.00E+07
11295,8.29E+07
11296,1.00E+08
11297,5.84E+07
11298,5.06E+07
11299,1.13E+07
11300,7.43E+06
11301,8.20E+06
11302,1.23E+07
11303,9.33E+07
11304,9.31E+07
11305,8.10E+07
11306,8.18E+07
11307,8.11E+07
11308,4.13E+07
11309,7.66E+07
11310,6.82E+07
11311,6.50E+07
11312,7.86E+07
11313,7.53E+07
11314,7.33E+07
11315,8.53E+07
11316,7.47E+07
11317,4.73E+07
11318,6.30E+07
11319,7.31E+07
11320,5.33E+07
11321,7.16E+07
11322,7.68E+07
11323,7.62E+07
11324,8.71E+07
11325,6.22E+07
11326,5.29E+07
11327,7.15E+07
11328,6.00E+07
11329,7.66E+07
11330,7.42E+07
11331,6.78E+07
11332,7.59E+07
11333,7.33E+07
11334,7.33E+07
11335,7.07E+07
11336,6.83E+07
11337,7.40E+07
11338,7.05E+07
11339,6.76E+07
11340,7.42E+07
11341,7.69E+07
11342,7.21E+07
11343,7.42E+07
11344,6.90E+07
11345,6.85E+07
11346,7.49E+07
11347,7.03E+07
11348,7.61E+07
11349,6.99E+07
11350,6.95E+07
11351,6.96E+07
11352,6.69E+07
11353,6.77E+07
11354,6.96E+07
11355,6.91E+07
11356,6.57E+07
11357,7.17E+07
11358,7.25E+07
11359,7.47E+07
11360,7.28E+07
11361,7.16E+07
11362,7.73E+07
11363,7.40E+07
11364,7.00E+07
11365,7.51E+07
11366,7.24E+07
11367,7.61E+07
11368,8.69E+07
11369,7.49E+07
11370,6.08E+07
11371,7.29E+07
11372,5.08E+07
11373,7.41E+07
11374,7.50E+07
11375,7.99E+07
11376,7.95E+07
11377,7.48E+07
11378,7.80E+07
11379,7.25E+07
11380,7.29E+07
11381,7.16E+07
11382,7.90E+07
11383,7.02E+07
11384,7.24E+07
11385,7.42E+07
11386,7.12E+07
11387,6.91E+07
11388,7.11E+07
11389,7.25E+07
11390,7.98E+07
11391,7.61E+07
11392,7.51E+07
11393,7.80E+07
11394,7.68E+07
11395,6.85E+07
11396,7.06E+07
11397,5.43E+07
11398,7.14E+07
11399,7.58E+07
11400,7.70E+07
11401,6.60E+07
11402,7.45E+07
11403,7.82E+07
11404,7.41E+07
11405,7.36E+07
11406,7.00E+07
11407,6.54E+07
11408,7.28E+07
11409,7.70E+07
11410,8.24E+07
11411,7.25E+07
11412,7.20E+07
11413,7.16E+07
11414,7.69E+07
11415,7.23E+07
11416,7.66E+07
11417,6.83E+07
11418,7.38E+07
11419,7.38E+07
11420,6.88E+07
11421,7.53E+07
11422,6.74E+07
11423,8.14E+07
11424,7.12E+07
11425,6.70E+07
11426,5.70E+07
11427,4.98E+07
11428,7.28E+07
11429,6.72E+07
11430,6.50E+07
11431,6.50E+07
11432,6.55E+07
11433,6.40E+07
11434,6.73E+07
11435,6.11E+07
11436,7.08E+07
11437,6.94E+07
11438,7.70E+07
11439,6.49E+07
11440,5.22E+07
11441,6.75E+07
11442,6.66E+07
11443,5.25E+07
11444,7.34E+07
11445,7.24E+07
11446,6.13E+07
11447,6.18E+07
11448,5.96E+07
11449,6.43E+07
11450,6.40E+07
11451,5.36E+07
11452,6.57E+07
11453,5.82E+07
11454,6.09E+07
11455,6.05E+07
11456,6.30E+07
11457,6.15E+07
11458,6.36E+07
11459,6.34E+07
11460,6.69E+07
11461,6.82E+07
11462,6.00E+07
11463,5.72E+07
11464,6.39E+07
11465,6.34E+07
11466,6.24E+07
11467,6.50E+07
11468,5.92E+07
11469,7.62E+07
11470,6.68E+07
11471,7.28E+07
11472,7.13E+07
11473,7.00E+07
11474,6.84E+07
11475,7.35E+07
11476,7.23E+07
11477,6.94E+07
11478,6.43E+07
11479,6.17E+07
11480,6.56E+07
11481,6.53E+07
11482,6.35E+07
11483,6.44E+07
11484,7.27E+07
11485,6.50E+07
11486,6.54E+07
11487,6.85E+07
11488,6.48E+07
11489,6.85E+07
11490,6.51E+07
11491,6.60E+07
11492,6.15E+07
11493,6.22E+07
11494,6.58E+07
11495,6.98E+07
11496,6.93E+07
11497,7.06E+07
11498,7.58E+07
11499,7.35E+07
11500,7.11E+07
11501,8.21E+07
11502,8.32E+07
11503,7.05E+07
11504,6.96E+07
11505,6.83E+07
11506,6.70E+07
11507,5.68E+07
11508,6.97E+07
11509,7.25E+07
11510,6.94E+07
11511,7.91E+07
11512,6.87E+07
11513,5.17E+07
11514,7.08E+07
11515,5.81E+07
11516,7.20E+07
11517,7.51E+07
11518,7.52E+07
11519,8.42E+07
11520,6.76E+07
11521,7.12E+07
11522,6.85E+07
11523,7.07E+07
11524,5.67E+07
11525,6.00E+07
11526,6.53E+07
11527,7.42E+07
11528,7.56E+07
11529,7.02E+07
11530,7.07E+07
11531,6.66E+07
11532,7.18E+07
11533,7.22E+07
11534,6.58E+07
11535,7.13E+07
11536,7.03E+07
11537,6.74E+07
11538,6.95E+07
11539,7.20E+07
11540,7.13E+07
11541,6.65E+07
11542,7.06E+07
11543,6.50E+07
11544,6.84E+07
11545,7.26E+07
11546,7.60E+07
11547,7.23E+07
11548,7.17E+07
11549,6.79E+07
11550,6.74E+07
11551,7.24E+07
11552,7.12E+07
11553,7.46E+07
11554,6.39E+07
11555,6.49E+07
11556,6.36E+07
11557,6.51E+07
11558,6.89E+07
11559,6.89E+07
11560,6.52E+07
11561,6.61E+07
11562,7.83E+07
11563,6.18E+07
11564,6.52E+07
11565,6.51E+07
11566,6.55E+07
11567,5.36E+07
11568,7.34E+07
11569,7.25E+07
11570,6.46E+07
11571,6.79E+07
11572,6.73E+07
11573,7.16E+07
11574,6.85E+07
11575,7.60E+07
11576,7.13E+07
11577,7.20E+07
11578,7.21E+07
11579,6.22E+07
11580,6.79E+07
11581,6.54E+07
11582,6.82E+07
11583,6.47E+07
11584,6.68E+07
11585,8.07E+07
11586,7.23E+07
11587,6.87E+07
11588,7.29E+07
11589,6.52E+07
11590,6.56E+07
11591,7.07E+07
11592,6.29E+07
11593,6.71E+07
11594,6.36E+07
11595,5.76E+07
11596,7.14E+07
11597,7.02E+07
11598,6.78E+07
11599,4.76E+07
11600,5.47E+07
11601,5.98E+07
11602,6.07E+07
11603,6.44E+07
11604,6.56E+07
11605,6.39E+07
11606,6.67E+07
11607,5.90E+07
11608,6.48E+07
11609,6.40E+07
11610,6.23E+07
11611,6.52E+07
11612,6.66E+07
11613,5.81E+07
11614,6.11E+07
11615,6.48E+07
11616,6.28E+07
11617,6.32E+07
11618,6.29E+07
11619,6.59E+07
11620,6.11E+07
11621,6.92E+07
11622,8.47E+07
11623,9.51E+07
11624,7.90E+07
11625,7.85E+07
11626,7.00E+07
11627,7.44E+07
11628,5.60E+07
11629,7.63E+07
11630,6.30E+07
11631,7.18E+07
11632,7.04E+07
11633,7.10E+07
11634,6.84E+07
11635,6.33E+07
11636,6.94E+07
11637,7.02E+07
11638,8.32E+07
11639,8.65E+07
11640,6.95E+07
11641,6.02E+07
11642,7.98E+07
11643,8.71E+07
11644,7.89E+07
11645,7.40E+07
11646,7.52E+07
11647,7.03E+07
11648,7.18E+07
11649,7.78E+07
11650,7.29E+07
11651,7.13E+07
11652,7.86E+07
11653,7.73E+07
11654,7.37E+07
11655,7.40E+07
11656,7.09E+07
11657,7.20E+07
11658,6.91E+07
11659,6.89E+07
11660,7.15E+07
11661,7.67E+07
11662,7.24E+07
11663,7.24E+07
11664,7.06E+07
11665,7.26E+07
11666,7.54E+07
11667,7.44E+07
11668,8.15E+07
11669,7.93E+07
11670,7.32E+07
11671,7.35E+07
11672,7.54E+07
11673,7.72E+07
11674,7.48E+07
11675,7.50E+07
11676,7.39E+07
11677,7.99E+07
11678,7.35E+07
11679,7.45E+07
11680,7.52E+07
11681,7.21E+07
11682,7.96E+07
11683,7.38E+07
11684,7.08E+07
11685,7.36E+07
11686,7.35E+07
11687,7.07E+07
11688,7.08E+07
11689,7.41E+07
11690,7.31E+07
11691,7.31E+07
11692,6.54E+07
11693,7.57E+07
11694,1.17E+07
11695,8.04E+06
11696,8.44E+06
11697,1.18E+07
11698,2928.9
11699,4542.6
11700,10372
11701,4588.4
11702,9010.3
11703,3217.1
11704,3475.5
11705,4994.2
11706,2395.6
11707,1.73E+07
11708,1.88E+07
11709,1.64E+07
11710,1.24E+07
11711,1.44E+07
11712,1.54E+07
11713,1.12E+07
11714,8.62E+06
11715,1.33E+07
11716,1.43E+07
11717,2.35E+07
11718,1.73E+07
11719,1.90E+07
11720,1.60E+07
11721,1.01E+07
11722,1.78E+07
11723,1.10E+07
11724,1.65E+07
11725,1.60E+07
11726,1.31E+07
11727,8.70E+06
11728,7.67E+06
11729,1.89E+07
11730,1.73E+07
11731,1.01E+07
11732,1.39E+07
11733,137.22
11734,104.82
11735,123.44
11736,250.79
11737,268.07
11738,444.16
11739,106.86
11740,138.72
11741,121.68
11742,93.11
11743,88.973
11744,105.7
11745,1.22E+05
11746,2.80E+05
11747,1.18E+05
11748,5.17E+05
11749,3.04E+05
11750,1.59E+05
11751,1.68E+05
11752,1.07E+05
11753,1.69E+05
11754,3.41E+05
11755,1.58E+05
11756,151.4
11757,149.27
11758,493.1
11759,367.5
11760,187.05
11761,273.16
11762,126.56
11763,284.73
11764,172.2
11765,143.2
11766,2.05E+05
11767,3.03E+05
11768,1.19E+05
11769,1.49E+05
11770,4.49E+05
11771,1.34E+05
11772,1.29E+05
11773,93457
11774,1.20E+05
11775,2.43E+07
11776,1.79E+07
11777,1.78E+07
11778,1.67E+07
11779,1.39E+07
11780,2.26E+07
11781,2.10E+07
11782,1.46E+07
11783,2.27E+07
11784,1.85E+07
11785,1.76E+07
11786,2.43E+07
11787,1.72E+07
11788,1.65E+07
11789,1.73E+07
11790,2.42E+07
11791,1.91E+07
11792,1.61E+07
11793,1.61E+07
11794,2.25E+07
11795,2.24E+07
11796,2.54E+07
11797,1.65E+07
11798,961.46
11799,952.92
11800,500.24
11801,437.68
11802,488.14
11803,1242.2
11804,383.71
11805,321.33
11806,771.66
11807,354.4
11808,11.462
11809,21.452
11810,8.0828
11811,8.3407
11812,15.517
11813,6.7661
11814,16.025
11815,5.6849
11816,5.8483
11817,8.4592
11818,11.966
11819,2.62E+06
11820,4.16E+06
11821,4.44E+06
11822,1.79E+06
11823,2.15E+06
11824,5.07E+06
11825,1.71E+06
11826,1.72E+06
11827,2.54E+06
11828,1.39E+06
11829,42379
11830,71281
11831,42776
11832,23947
11833,44786
11834,22762
11835,23188
11836,23041
11837,18350
11838,17275
11839,31.127
11840,15.911
11841,11.719
11842,11.937
11843,20.483
11844,33.178
11845,13.718
11846,12.903
11847,10.018
11848,3.82E+06
11849,2.14E+06
11850,4.56E+06
11851,3.44E+06
11852,2.15E+06
11853,1.67E+06
11854,1.50E+06
11855,2.75E+06
11856,2.12E+06
11857,3983.3
11858,9614.9
11859,2124.7
11860,7948.4
11861,2227.1
11862,2484.7
11863,2205.3
11864,4204.3
11865,5706.4
11866,1739.5
11867,2793.9
11868,18051
11869,33609
11870,10212
11871,29069
11872,11100
11873,9482.8
11874,25304
11875,9.63E+06
11876,1.36E+07
11877,1.71E+07
11878,1.81E+07
11879,1.77E+07
11880,9.47E+06
11881,1.23E+07
11882,9.85E+06
11883,7.79E+06
11884,1.99E+07
11885,1.05E+07
11886,1.64E+07
11887,1.18E+07
11888,1.97E+07
11889,3.89E+07
11890,3.82E+07
11891,3.32E+07
11892,4.44E+07
11893,4.35E+07
11894,3.36E+07
11895,4.03E+07
11896,3.54E+07
11897,3.81E+07
11898,3.93E+07
11899,1.76E+07
11900,1.17E+07
11901,1.91E+07
11902,1.96E+07
11903,1.23E+07
11904,1.67E+07
11905,1.02E+07
11906,8.68E+06
11907,2.32E+07
11908,1.31E+07
11909,1.85E+07
11910,2.03E+07
11911,809.88
11912,2562.4
11913,2945.6
11914,1563.8
11915,1003.2
11916,701.72
11917,1343.9
11918,953.93
11919,656.56
11920,813.55
11921,2882.5
11922,886.41
11923,1554.5
11924,1374.7
11925,642.2
11926,1050.4
11927,1172
11928,673.67
11929,51291
11930,35660
11931,35870
11932,56985
11933,1.02E+05
11934,62689
11935,33368
11936,30006
11937,59768
11938,4.07E+07
11939,4.46E+07
11940,4.47E+07
11941,3.46E+07
11942,3.63E+07
11943,4.13E+07
11944,3.39E+07
11945,3.90E+07
11946,3.83E+07
11947,3.39E+07
11948,2.38E+07
11949,2.30E+07
11950,3.34E+07
11951,3.00E+07
11952,2.79E+07
11953,3.85E+07
11954,3.16E+07
11955,3.86E+07
11956,3.65E+07
11957,2.76E+07
11958,3.28E+07
11959,3.65E+07
11960,3.67E+07
11961,2.13E+07
11962,2.21E+07
11963,2.76E+07
11964,2.89E+07
11965,3.31E+07
11966,2.90E+07
11967,3.45E+07
11968,3.10E+07
11969,3.43E+07
11970,72.113
11971,110.08
11972,53.144
11973,56.89
11974,66.718
11975,48.582
11976,39.513
11977,42.108
11978,96.064
11979,64.273
11980,1.20E+07
11981,1.99E+07
11982,1.88E+07
11983,1.82E+07
11984,1.45E+07
11985,1.02E+07
11986,2.08E+07
11987,1.33E+07
11988,2.05E+07
11989,2.69E+07
11990,2672.9
11991,939.07
11992,3559.4
11993,1113.1
11994,831.47
11995,1629.4
11996,747.02
11997,76.753
11998,222.76
11999,76.618
12000,96.052
12001,127.16
12002,105.62
12003,64.691
12004,88.345
12005,78.164
12006,120.76
12007,8.97E+06
12008,3.33E+06
12009,5.75E+06
12010,4.85E+06
12011,2.62E+06
12012,3.49E+06
12013,2.64E+06
12014,4.53E+06
12015,7.87E+06
12016,4.05E+06
12017,1.68E+06
12018,1.79E+06
12019,4.31E+06
12020,1.57E+06
12021,2.39E+06
12022,2.35E+06
12023,1.80E+06
12024,2.80E+06
12025,36575
12026,35077
12027,11733
12028,12122
12029,16548
12030,50518
12031,10974
12032,10472
12033,20610
12034,13627
12035,298.38
12036,433.84
12037,253.35
12038,271.35
12039,312.75
12040,196.77
12041,336.02
12042,197.02
12043,225.63
12044,241.8
12045,6.06E+05
12046,2.47E+05
12047,7.25E+05
12048,2.60E+05
12049,3.41E+05
12050,2.39E+05
12051,3.73E+05
12052,2.03E+05
12053,4.99E+05
12054,2.78E+05
12055,2.69E+05
12056,4.42E+05
12057,7.9598
12058,3.4863
12059,4.5902
12060,5.0846
12061,2.6189
12062,4.4269
12063,9.1246
12064,4.9308
12065,3.2653
12066,5.4726
12067,2.7851
12068,2.5342
12069,4.4352
12070,4.0873
12071,3.7
12072,10123
12073,10336
12074,2991.1
12075,2662.9
12076,2410.9
12077,4482.9
12078,5098.5
12079,2414.5
12080,1.70E+07
12081,1.72E+07
12082,1.90E+07
12083,2.16E+07
12084,2.40E+07
12085,1.60E+07
12086,3.27E+07
12087,2.74E+07
12088,2.06E+07
12089,3.26E+07
12090,3.10E+07
12091,2.36E+07
12092,1.66E+05
12093,1.39E+05
12094,4.66E+05
12095,3.84E+05
12096,1.53E+05
12097,1.35E+05
12098,2.05E+05
12099,1.18E+05
12100,4.07E+05
12101,2.54E+05
12102,3.28E+07
12103,4.32E+07
12104,3.73E+07
12105,4.14E+07
12106,3.21E+07
12107,3.58E+07
12108,3.94E+07
12109,4.33E+07
12110,3.49E+07
12111,3.89E+07
12112,4.05E+07
12113,1.80E+07
12114,1.82E+07
12115,1.85E+07
12116,2.02E+07
12117,2.41E+07
12118,2.30E+07
12119,2.07E+07
12120,2.75E+07
12121,2.32E+07
12122,2.49E+07
12123,1.47E+07
12124,1.63E+07
12125,1.83E+07
12126,1.66E+07
12127,2.19E+07
12128,2.17E+07
12129,2.46E+07
12130,1.91E+07
12131,1.66E+07
12132,1.93E+07
12133,2.47E+07
12134,2.37E+07
12135,2.40E+07
12136,1.66E+07
12137,31533
12138,29918
12139,88782
12140,62373
12141,27304
12142,24020
12143,38832
12144,24532
12145,1.90E+07
12146,2.58E+07
12147,2.96E+07
12148,2.71E+07
12149,2.50E+07
12150,1.76E+07
12151,2.46E+07
12152,1.65E+07
12153,1.52E+07
12154,1.78E+07
12155,1.62E+07
12156,2.52E+07
12157,1.92E+07
12158,2.12E+07
12159,29.064
12160,44.288
12161,46.283
12162,24.058
12163,37.546
12164,26.519
12165,34.555
12166,47.25
12167,5.84E+06
12168,6.49E+06
12169,8.57E+06
12170,3.41E+06
12171,3.38E+06
12172,5.28E+06
12173,5.92E+06
12174,9.6391
12175,29.118
12176,10.117
12177,12.373
12178,9.8204
12179,8.0566
12180,7.6005
12181,8.1412
12182,20.612
12183,12.872
12184,21.964
12185,8.5955
12186,9.0247
12187,17.833
12188,7.2312
12189,7.7558
12190,6.1937
12191,11.963
12192,12.446
12193,8.2764
12194,2.07E+07
12195,1.00E+07
12196,1.27E+07
12197,1.31E+07
12198,2.01E+07
12199,9.22E+06
12200,1.29E+07
12201,80320
12202,55768
12203,89214
12204,74739
12205,26671
12206,38786
12207,55371
12208,65240
12209,51751
12210,194.42
12211,51.095
12212,45.173
12213,62.742
12214,40.851
12215,142.35
12216,36.315
12217,2.11E+07
12218,2.70E+07
12219,2.10E+07
12220,2.81E+07
12221,1.87E+07
12222,2.80E+07
12223,3.00E+07
12224,2.19E+07
12225,285.91
12226,208.7
12227,190.34
12228,143.78
12229,214.56
12230,138.68
12231,167.78
12232,162.93
12233,180.4
12234,1.18E+07
12235,2.04E+07
12236,9.82E+06
12237,1.28E+07
12238,1.26E+07
12239,1.58E+07
12240,82035
12241,3.26E+05
12242,55384
12243,1.74E+05
12244,78498
12245,68119
12246,2.09E+05
12247,81363
12248,3.86E+06
12249,6.77E+06
12250,8.72E+06
12251,3.10E+06
12252,3.50E+06
12253,4.44E+06
12254,6.63E+06
12255,8.34E+06
12256,2.36E+07
12257,2.20E+07
12258,2.80E+07
12259,2.53E+07
12260,2.93E+07
12261,1.97E+07
12262,2.40E+07
12263,1.57E+07
12264,3.13E+07
12265,2.53E+07
12266,2.66E+07
12267,2.97E+07
12268,2.40E+07
12269,33526
12270,67265
12271,31212
12272,32532
12273,54553
12274,28425
12275,4.84E+07
12276,4.43E+07
12277,4.62E+07
12278,3.87E+07
12279,3.62E+07
12280,3.77E+07
12281,4.39E+07
12282,4.39E+07
12283,4.04E+07
12284,4.19E+07
12285,1.04E+06
12286,2.66E+05
12287,5.65E+05
12288,2.28E+05
12289,3.47E+05
12290,2.24E+05
12291,7.74E+06
12292,6.62E+06
12293,6.43E+06
12294,4.83E+06
12295,7.18E+06
12296,1.02E+07
12297,4.92E+07
12298,5.00E+07
12299,4.67E+07
12300,4.90E+07
12301,4.60E+07
12302,4.37E+07
12303,226.29
12304,52.328
12305,64.988
12306,64.572
12307,41.124
12308,1.78E+07
12309,1.61E+07
12310,1.73E+07
12311,2.66E+07
12312,2.51E+07
12313,2.56E+07
12314,2.36E+07
12315,1.76E+07
12316,2.05E+07
12317,1.96E+07
12318,2.31E+07
12319,3.10E+07
12320,2.06E+07
12321,3.25E+07
12322,1.94E+07
12323,2.94E+07
12324,3.23E+07
12325,2.09E+07
12326,2.00E+07
12327,2.40E+07
12328,3.62E+07
12329,3.02E+07
12330,3.37E+07
12331,2.13E+07
12332,9.71E+06
12333,1.71E+07
12334,6.61E+06
12335,9.08E+06
12336,1.68E+07
12337,1.30E+07
12338,1.13E+07
12339,1.96E+07
12340,6.32E+05
12341,1.21E+06
12342,9.61E+05
12343,1.01E+06
12344,4.94E+05
12345,6.05E+05
12346,15930
12347,14019
12348,19292
12349,8599.9
12350,14848
12351,8957.6
12352,5.05E+07
12353,5.23E+07
12354,5.00E+07
12355,5.00E+07
12356,529.55
12357,240.72
12358,317.05
12359,182.48
12360,235.36
12361,226.52
12362,2.17E+07
12363,2.63E+07
12364,3.01E+07
12365,1.86E+07
12366,3.16E+07
12367,2.11E+07
12368,2.78E+07
12369,3.03E+07
12370,2.18E+07
12371,2.20E+07
12372,3.22E+07
12373,2.92E+07
12374,2.14E+07
12375,3.12E+07
12376,3.50E+07
12377,2.98E+07
12378,4.66E+07
12379,4.47E+07
12380,4.86E+07
12381,4.51E+07
12382,4.41E+07
12383,37498
12384,14682
12385,8378.3
12386,19519
12387,8851.2
12388,9458.4
12389,18533
12390,10532
12391,92620
12392,1.03E+05
12393,31783
12394,34495
12395,42051
12396,34662
12397,85817
12398,60399
12399,631.79
12400,537.78
12401,858.76
12402,1119.6
12403,1344
12404,448.55
12405,385.04
12406,629.49
12407,2.45E+07
12408,2.29E+07
12409,1.72E+07
12410,2.92E+07
12411,81203
12412,46032
12413,65960
12414,98565
12415,25368
12416,30850
12417,33204
12418,4219.2
12419,4720.3
12420,2282.8
12421,6187.8
12422,4263.8
12423,1900.1
12424,2254.3
12425,2342.6
12426,326.12
12427,995.19
12428,364.94
12429,373.42
12430,270.03
12431,312.15
12432,163.84
12433,113.08
12434,112.44
12435,98.585
12436,136.65
12437,2.0853
12438,1.0579
12439,0.83674
12440,1.2181
12441,1.1338
12442,546.42
12443,212
12444,474.2
12445,186.75
12446,254.19
12447,4.22E+07
12448,4.08E+07
12449,4.60E+07
12450,4.40E+07
12451,4.83E+07
12452,4.40E+07
12453,639.92
12454,193.87
12455,7989.5
12456,10836
12457,6551.4
12458,1.18E+06
12459,3.18E+06
12460,1.21E+06
12461,8.49E+05
12462,1.37E+06
12463,5.35E+06
12464,5.69E+06
12465,3.91E+06
12466,3.73E+06
12467,1.01E+07
12468,3.98E+06
12469,2.95E+06
12470,2.83E+06
12471,4.91E+06
12472,3.31E+06
12473,2.87E+06
12474,1.98E+07
12475,1.56E+07
12476,2.09E+07
12477,2.07E+07
12478,2.78E+07
12479,3.07E+07
12480,2.81E+07
12481,2.78E+07
12482,25.995
12483,35.772
12484,27.845
12485,21.054
12486,23.94
12487,21.504
12488,1.36E+05
12489,2.22E+05
12490,1.13E+05
12491,69127
12492,1.02E+05
12493,98267
12494,1.57E+05
12495,76826
12496,57852
12497,95707
12498,9.98E+05
12499,2.75E+05
12500,3.89E+05
12501,2.53E+05
12502,5.37E+05
12503,5.6632
12504,3.2417
12505,3.2715
12506,4.7607
12507,5.3819
12508,14.461
12509,3.5609
12510,3.7288
12511,5.6831
12512,1.19E+06
12513,1.10E+06
12514,1.17E+06
12515,9.27E+05
12516,2.22E+06
12517,1.26E+06
12518,1.70E+06
12519,1.5686
12520,4.3239
12521,1.4997
12522,2.6662
12523,1.5459
12524,9036.9
12525,3224
12526,3577.4
12527,4471.3
12528,2601.5
12529,2396.4
12530,4.68E+07
12531,4.79E+07
12532,4.44E+07
12533,7097.5
12534,7640.2
12535,11703
12536,9391.9
12537,3.36E+07
12538,4.09E+07
12539,4.20E+07
12540,4.44E+07
12541,4.02E+07
12542,3.93E+07
12543,3.76E+07
12544,3.91E+07
12545,3.33E+07
12546,1.37E+06
12547,8.36E+05
12548,2.12E+06
12549,9.44E+05
12550,4.6057
12551,2.2822
12552,2.0624
12553,3.5071
12554,2.1662
12555,4.0603
12556,2.0423
12557,3.26E+07
12558,3.13E+07
12559,1.94E+07
12560,2.67E+07
12561,2.57E+07
12562,3.45E+07
12563,2.88E+07
12564,3.37E+07
12565,3.45E+07
12566,3.38E+07
12567,3.95E+07
12568,4.00E+07
12569,3.40E+07
12570,3.54E+07
12571,3.57E+07
12572,6.89E+05
12573,1.07E+06
12574,7.02E+05
12575,1.17E+06
12576,7.60E+05
12577,5.4744
12578,3.1999
12579,2.9868
12580,3.1376
12581,5.0008
12582,12.919
12583,3.3982
12584,6.7955
12585,3.9972
12586,2.29E+07
12587,1.96E+07
12588,1.47E+07
12589,3.02E+07
12590,2.37E+07
12591,35.649
12592,15.238
12593,11.555
12594,12.671
12595,6.23E+05
12596,3.56E+05
12597,9.28E+05
12598,4.17E+05
12599,5.30E+05
12600,1.29E+06
12601,30720
12602,494.65
12603,714.64
12604,26.717
12605,17.8
12606,12.047
12607,8.81E+06
12608,3.55E+06
12609,5.49E+06
12610,4.45E+06
12611,2.84E+07
12612,3.19E+07
12613,1.95E+07
12614,2.72E+07
12615,31.675
12616,25.713
12617,35.024
12618,46.829
12619,112.49
12620,130.1
12621,135.41
12622,152.75
12623,2933.3
12624,905.62
12625,1129.2
12626,1307.8
12627,3.76E+06
12628,4.35E+06
12629,5.36E+06
12630,5.04E+06
12631,8.99E+06
12632,6.88E+06
12633,1534.5
12634,1141.7
12635,788.58
12636,785.34
12637,1.82E+07
12638,2.34E+07
12639,2.86E+07
12640,1.95E+07
12641,2.82E+07
12642,2.01E+07
12643,63.991
12644,55.857
12645,33.887
12646,46.12
12647,4.82E+07
12648,4.68E+07
12649,4.41E+07
12650,3.00E+07
12651,2.71E+07
12652,2.63E+07
12653,2.91E+07
12654,2.10E+07
12655,6353.4
12656,3048.4
12657,0.77776
12658,0.80675
12659,1.0377
12660,1.0441
12661,2.56E+06
12662,4.53E+06
12663,6.16E+06
12664,2.04E+07
12665,3.31E+07
12666,2.44E+07
12667,2.97E+07
12668,1.65E+07
12669,88945
12670,1.52E+05
12671,71623
12672,113.98
12673,74.553
12674,94207
12675,1.66E+05
12676,1.11E+05
12677,93613
12678,369.56
12679,459.53
12680,367.77
12681,543.39
12682,1231.9
12683,5.75E+06
12684,8.06E+06
12685,1.43E+07
12686,1.79E+07
12687,1.69E+07
12688,1.19E+07
12689,3.64E+07
12690,4.36E+07
12691,3.97E+07
12692,4.42E+07
12693,3.93E+07
12694,2.08E+05
12695,2.43E+05
12696,4.12E+05
12697,26.19
12698,57.029
12699,25.186
12700,39.324
12701,1.45E+07
12702,2.09E+07
12703,2.81E+07
12704,1.97E+07
12705,2.08E+07
12706,1.48E+07
12707,1.21E+07
12708,8.08E+06
12709,8.67E+06
12710,1.25E+07
12711,9.1588
12712,4.7128
12713,5.3485
12714,4.5818
12715,4.6044
12716,9.6608
12717,97.535
12718,105.96
12719,122.36
12720,136.66
12721,4.63E+05
12722,3.99E+05
12723,7.71E+05
12724,3.26E+07
12725,3.41E+07
12726,3.04E+07
12727,3.83E+07
12728,3.83E+07
12729,3.01E+07
12730,86241
12731,1.45E+05
12732,1.03E+05
12733,44352
12734,61746
12735,3.17E+07
12736,2.76E+07
12737,20.981
12738,17.137
12739,17.419
12740,27.773
12741,3.80E+07
12742,3.78E+07
12743,4.13E+07
12744,3.30E+07
12745,3.23E+07
12746,4.07E+07
12747,2.65E+06
12748,3.02E+06
12749,3.20E+06
12750,3.53E+06
12751,1.32E+08
12752,1.30E+08
12753,1.31E+08
12754,1.42E+08
12755,1.28E+08
12756,1.36E+08
12757,1.34E+08
12758,5.06E+06
12759,4.61E+06
12760,6.71E+07
12761,7.22E+07
12762,5.98E+07
12763,6.43E+07
12764,1.33E+08
12765,1.30E+08
12766,1.39E+08
12767,1.32E+08
12768,1.28E+08
12769,1.29E+08
12770,1.34E+08
12771,2.27E+06
12772,6.88E+07
12773,7.08E+07
12774,6.11E+07
12775,6.59E+07
12776,1.66E+07
12777,1.83E+07
12778,2.33E+07
12779,1.94E+07
12780,1.75E+07
12781,2.07E+07
12782,2.29E+07
12783,1.35E+06
12784,3.34E+06
12785,1.41E+06
12786,2.33E+07
12787,1.75E+07
12788,1.98E+07
12789,2.21E+07
12790,1.73E+07
12791,1.63E+07
12792,1.46E+06
12793,1.48E+06
12794,2.09E+06
12795,2.31E+06
12796,8.56E+07
12797,6.46E+07
12798,9.48E+07
12799,7.36E+07
12800,8.77E+07
12801,7.07E+07
12802,5.59E+06
12803,7.57E+06
12804,1.26E+07
12805,1.61E+07
12806,9.34E+06
12807,9.14E+07
12808,6.67E+07
12809,9.31E+07
12810,7.21E+07
12811,8.20E+07
12812,7.33E+07
12813,7.44E+06
12814,7.79E+06
12815,1.10E+07
12816,8.14E+06
12817,1.30E+08
12818,1.18E+08
12819,1.29E+08
12820,1.34E+08
12821,1.34E+08
12822,6.96E+07
12823,7.09E+07
12824,9.26E+07
12825,6.94E+07
12826,1.37E+08
12827,1.26E+08
12828,1.29E+08
12829,1.19E+08
12830,1.31E+08
12831,1.33E+08
12832,7.13E+07
12833,6.20E+07
12834,6.97E+07
12835,6.01E+07
12836,9.58E+07
12837,9.99E+07
12838,7.83E+07
12839,1.56E+07
12840,1.95E+07
12841,1.67E+07
12842,2.04E+07
12843,2.45E+07
12844,2.39E+07
12845,1.54E+06
12846,3.84E+06
12847,3.35E+06
12848,1.60E+06
12849,2.76E+06
12850,1.05E+07
12851,3.36E+06
12852,6.28E+06
12853,4.61E+06
12854,4.16E+06
12855,5.64E+06
12856,7.74E+05
12857,1.05E+06
12858,1.21E+06
12859,8.55E+06
12860,4.46E+06
12861,7.96E+06
12862,5.80E+06
12863,5.49E+06
12864,7.41E+06
12865,7.14E+05
12866,2.23E+06
12867,1.25E+06
12868,1.34E+06
12869,3.37E+06
12870,1.39E+08
12871,1.40E+08
12872,1.32E+08
12873,1.23E+08
12874,1.28E+08
12875,1.32E+08
12876,5.42E+06
12877,7.36E+06
12878,1.11E+07
12879,8.91E+06
12880,7.33E+07
12881,6.55E+07
12882,1.30E+08
12883,1.42E+08
12884,1.19E+08
12885,1.21E+08
12886,1.34E+08
12887,1.47E+08
12888,1.35E+08
12889,7.56E+06
12890,1.19E+07
12891,8.41E+06
12892,1.14E+07
12893,7.51E+07
12894,3.62E+07
12895,3.26E+07
12896,4.31E+07
12897,4.64E+07
12898,4.21E+07
12899,3.31E+07
12900,3.41E+06
12901,2.62E+06
12902,2.60E+06
12903,5.03E+06
12904,1.25E+08
12905,1.26E+08
12906,1.26E+08
12907,1.22E+08
12908,1.20E+08
12909,1.23E+08
12910,2.25E+06
12911,5.68E+07
12912,6.27E+07
12913,6.86E+07
12914,3.30E+07
12915,3.84E+07
12916,4.50E+07
12917,4.36E+07
12918,3.36E+07
12919,4.13E+07
12920,3.04E+06
12921,2.25E+06
12922,5.56E+06
12923,5.93E+06
12924,3.03E+06
12925,1.23E+08
12926,1.27E+08
12927,1.24E+08
12928,1.23E+08
12929,1.28E+08
12930,1.30E+08
12931,5.35E+06
12932,2.40E+06
12933,3.03E+06
12934,6.44E+07
12935,6.36E+07
12936,6.13E+07
12937,7.72E+07
12938,1.06E+08
12939,9.87E+07
12940,1.04E+08
12941,1.11E+08
12942,1.01E+08
12943,5.49E+07
12944,7.86E+07
12945,7.12E+07
12946,7.67E+07
12947,8.43E+07
12948,1.07E+08
12949,9.91E+07
12950,1.01E+08
12951,1.08E+08
12952,1.12E+08
12953,8.79E+07
12954,8.10E+07
12955,8.21E+07
12956,8.38E+07
12957,4.71E+06
12958,4.10E+06
12959,4.77E+06
12960,4.53E+06
12961,6.16E+05
12962,2.57E+06
12963,2.36E+06
12964,2.44E+06
12965,2.21E+06
12966,1.37E+07
12967,1.53E+07
12968,1.14E+07
12969,1.51E+07
12970,1.25E+07
12971,4.29E+05
12972,1.26E+06
12973,7.78E+06
12974,7.46E+06
12975,1.48E+07
12976,1.40E+07
12977,1.11E+07
12978,1.05E+07
12979,1.19E+07
12980,2.98E+06
12981,7.27E+05
12982,1.26E+06
12983,2.14E+06
12984,3.01E+07
12985,4.06E+07
12986,2.96E+07
12987,3.65E+07
12988,3.21E+07
12989,2.34E+06
12990,1.80E+06
12991,4.75E+06
12992,4.23E+06
12993,1.31E+08
12994,1.48E+08
12995,1.41E+08
12996,1.45E+08
12997,1.34E+08
12998,1.38E+08
12999,1.06E+08
13000,1.20E+08
13001,1.02E+08
13002,9.80E+07
13003,1.32E+08
13004,1.36E+08
13005,1.44E+08
13006,1.50E+08
13007,1.43E+08
13008,1.22E+08
13009,1.02E+08
13010,1.06E+08
13011,5.24E+07
13012,4.79E+07
13013,4.99E+07
13014,4.79E+07
13015,5.91E+07
13016,3.92E+06
13017,7.01E+06
13018,5.77E+06
13019,2.73E+07
13020,1.76E+07
13021,1.59E+07
13022,1.63E+07
13023,1.55E+06
13024,1.40E+06
13025,1.67E+06
13026,6.35E+05
13027,1.24E+06
13028,2.48E+06
13029,3.31E+07
13030,2.41E+07
13031,2.64E+07
13032,2.82E+07
13033,3.87E+06
13034,5.80E+06
13035,1.76E+06
13036,1.57E+06
13037,3.47E+06
13038,1.26E+08
13039,1.28E+08
13040,1.32E+08
13041,6.61E+07
13042,5.39E+07
13043,7.54E+07
13044,6.96E+07
13045,8.78E+07
13046,5.73E+07
13047,7.61E+07
13048,6.79E+07
13049,1.15E+08
13050,1.13E+08
13051,1.34E+08
13052,1.26E+08
13053,6.82E+07
13054,6.49E+07
13055,9.33E+07
13056,9.67E+07
13057,9.14E+07
13058,2.26E+07
13059,2.70E+07
13060,2.61E+07
13061,4.12E+06
13062,2.17E+06
13063,1.49E+06
13064,3.46E+06
13065,1.43E+08
13066,1.27E+08
13067,1.30E+08
13068,1.54E+08
13069,7.52E+06
13070,6.69E+07
13071,7.76E+07
13072,6.99E+07
13073,1.48E+07
13074,1.82E+07
13075,1.49E+07
13076,1.59E+07
13077,1.48E+07
13078,9.40E+05
13079,1.31E+06
13080,1.24E+06
13081,1.02E+06
13082,1.46E+06
13083,1.14E+08
13084,1.36E+08
13085,1.25E+08
13086,1.28E+08
13087,1.13E+08
13088,1.14E+08
13089,9.42E+07
13090,9.10E+07
13091,1.00E+08
13092,1.24E+08
13093,1.29E+08
13094,5.94E+07
13095,6.73E+07
13096,7.01E+07
13097,6.12E+07
13098,9.76E+07
13099,8.47E+07
13100,4.84E+07
13101,7.55E+07
13102,6.57E+06
13103,4.24E+06
13104,4.74E+06
13105,4.22E+06
13106,5.67E+06
13107,9.50E+05
13108,1.05E+06
13109,8.50E+05
13110,3.01E+06
13111,2.55E+06
13112,4.49E+07
13113,3.17E+07
13114,4.58E+07
13115,2.39E+06
13116,5.01E+06
13117,2.32E+06
13118,9.32E+06
13119,5.53E+06
13120,1.38E+08
13121,1.57E+08
13122,1.39E+08
13123,1.46E+08
13124,1.15E+07
13125,3.42E+06
13126,8.82E+06
13127,7.83E+07
13128,7.21E+07
13129,5.07E+07
13130,5.63E+07
13131,4.33E+07
13132,3.47E+06
13133,2.86E+06
13134,5.80E+06
13135,2.55E+06
13136,2.48E+07
13137,1.02E+08
13138,1.07E+08
13139,9.48E+07
13140,7.87E+07
13141,8.03E+07
13142,7.79E+06
13143,1.47E+07
13144,9.13E+06
13145,4.60E+07
13146,4.81E+06
13147,4.27E+06
13148,4.70E+06
13149,4.63E+06
13150,2.35E+05
13151,2.61E+06
13152,2.57E+06
13153,2.36E+06
13154,2.43E+06
13155,5.03E+07
13156,6.06E+07
13157,5.23E+07
13158,5.74E+07
13159,7.44E+06
13160,3.39E+06
13161,3.80E+06
13162,6.53E+06
13163,1.24E+08
13164,1.40E+08
13165,1.51E+08
13166,6.90E+07
13167,7.45E+07
13168,7.05E+07
13169,8.14E+07
13170,7.33E+07
13171,1.28E+08
13172,1.24E+08
13173,1.26E+08
13174,5.90E+07
13175,6.97E+07
13176,7.11E+07
13177,7.72E+07
13178,1.16E+08
13179,1.27E+08
13180,1.29E+08
13181,1.16E+08
13182,5.46E+06
13183,7.27E+06
13184,4.09E+06
13185,4.66E+06
13186,1.23E+08
13187,1.23E+08
13188,1.20E+08
13189,1.19E+08
13190,5.63E+07
13191,5.23E+07
13192,7.78E+07
13193,6.71E+07
13194,8.15E+07
13195,3.86E+07
13196,5.59E+07
13197,7.35E+07
13198,8.05E+07
13199,1.27E+08
13200,7.02E+07
13201,6.02E+07
13202,5.69E+07
13203,7.87E+07
13204,4.58E+07
13205,8.43E+07
13206,9.91E+06
13207,1.21E+07
13208,9.38E+06
13209,1.20E+07
13210,7.58E+05
13211,1.65E+06
13212,5.86E+06
13213,1.50E+07
13214,1.19E+07
13215,1.33E+07
13216,5.63E+06
13217,5.93E+06
13218,5.80E+06
13219,2.31E+07
13220,1.70E+07
13221,1.70E+06
13222,3.33E+06
13223,3.40E+06
13224,1.65E+06
13225,1.58E+06
13226,9.70E+06
13227,1.29E+08
13228,3.35E+06
13229,2.59E+06
13230,3.01E+06
13231,6.07E+07
13232,5.73E+07
13233,5.89E+07
13234,6.20E+07
13235,7.78E+07
13236,4.10E+07
13237,4.33E+07
13238,4.09E+07
13239,5.18E+07
13240,5.72E+06
13241,1.68E+07
13242,1.81E+07
13243,2.18E+07
13244,1.54E+08
13245,1.43E+08
13246,1.56E+08
13247,1.42E+08
13248,7.15E+06
13249,1.31E+07
13250,8.77E+06
13251,7.35E+07
13252,8.59E+07
13253,7.27E+07
13254,1.28E+08
13255,1.35E+08
13256,1.39E+08
13257,9.86E+07
13258,1.03E+08
13259,1.29E+08
13260,1.35E+08
13261,1.38E+08
13262,9.65E+07
13263,1.04E+08
13264,8.70E+07
13265,9.64E+07
13266,1.29E+08
13267,1.26E+08
13268,1.29E+08
13269,8.66E+06
13270,4.48E+06
13271,2.25E+06
13272,5.99E+06
13273,6.68E+07
13274,6.62E+07
13275,1.14E+08
13276,1.08E+08
13277,1.14E+08
13278,1.16E+08
13279,1.03E+08
13280,1.06E+08
13281,9.52E+07
13282,9.85E+07
13283,8.97E+07
13284,1.11E+08
13285,1.18E+08
13286,1.14E+08
13287,1.16E+08
13288,8.20E+07
13289,1.01E+08
13290,9.05E+07
13291,9.76E+07
13292,1.05E+08
13293,1.19E+08
13294,9.94E+07
13295,8.55E+07
13296,1.25E+07
13297,8.56E+06
13298,1.12E+07
13299,5.99E+07
13300,1.21E+08
13301,1.19E+08
13302,6.24E+07
13303,8.17E+07
13304,6.15E+07
13305,8.12E+07
13306,5.42E+07
13307,9.00E+07
13308,5.94E+07
13309,7.05E+07
13310,7.30E+07
13311,4.66E+07
13312,4.94E+07
13313,5.62E+07
13314,3.37E+06
13315,4.39E+06
13316,2.66E+06
13317,7.02E+06
13318,1.29E+08
13319,4.95E+06
13320,2.40E+06
13321,7.03E+07
13322,7.16E+07
13323,4.65E+06
13324,2.44E+06
13325,2.38E+06
13326,2.25E+06
13327,5.97E+07
13328,4.98E+07
13329,6.06E+07
13330,7.68E+06
13331,3.51E+06
13332,4.82E+06
13333,5.10E+06
13334,9.55E+06
13335,7.51E+06
13336,1.17E+06
13337,1.77E+06
13338,5.10E+06
13339,4.76E+06
13340,1.20E+08
13341,1.23E+08
13342,6.29E+07
13343,8.00E+07
13344,6.48E+07
13345,5.87E+07
13346,5.35E+07
13347,8.22E+07
13348,6.55E+07
13349,1.17E+08
13350,1.21E+08
13351,1.04E+08
13352,5.96E+07
13353,5.45E+07
13354,5.77E+07
13355,8.13E+07
13356,1.04E+08
13357,1.21E+08
13358,1.27E+08
13359,5.57E+07
13360,5.88E+07
13361,4.78E+07
13362,5.43E+07
13363,5.09E+07
13364,7.46E+07
13365,8.45E+07
13366,3.02E+06
13367,3.71E+06
13368,3.41E+06
13369,3.89E+05
13370,1.40E+06
13371,1.40E+06
13372,1.70E+07
13373,1.47E+07
13374,2.04E+06
13375,2.35E+06
13376,1.42E+06
13377,7.38E+06
13378,7.23E+06
13379,6.99E+06
13380,2.46E+07
13381,1.80E+06
13382,2.28E+06
13383,3.89E+06
13384,2.59E+06
13385,1.42E+06
13386,4.24E+06
13387,3.65E+06
13388,1.24E+06
13389,5.08E+05
13390,6.42E+05
13391,2.13E+06
13392,2.07E+06
13393,1.25E+07
13394,6.94E+06
13395,1.15E+07
13396,1.88E+06
13397,1.47E+06
13398,6.54E+05
13399,9.60E+07
13400,1.07E+08
13401,1.01E+07
13402,7.38E+06
13403,5.86E+06
13404,1.23E+07
13405,6.12E+07
13406,1.05E+08
13407,1.16E+08
13408,1.15E+08
13409,1.29E+07
13410,1.36E+07
13411,5.84E+06
13412,5.43E+07
13413,2.03E+07
13414,2.57E+06
13415,3.23E+06
13416,2.06E+06
13417,3.57E+06
13418,7.52E+07
13419,4.57E+06
13420,1.00E+07
13421,4.78E+06
13422,3.36E+07
13423,4.48E+07
13424,4.53E+07
13425,5.98E+06
13426,2.94E+06
13427,3.13E+06
13428,2.18E+06
13429,2.81E+07
13430,3.29E+06
13431,1.99E+06
13432,2.57E+06
13433,1.37E+08
13434,9.11E+07
13435,9.98E+07
13436,8.91E+07
13437,9.80E+07
13438,9.94E+07
13439,7.79E+07
13440,1.34E+08
13441,1.31E+08
13442,6.53E+07
13443,7.48E+07
13444,8.63E+07
13445,9.78E+07
13446,1.18E+08
13447,9.64E+07
13448,1.01E+08
13449,9.10E+07
13450,7.84E+07
13451,8.96E+07
13452,8.65E+07
13453,1.19E+08
13454,1.18E+08
13455,6.13E+07
13456,3.94E+07
13457,8.29E+07
13458,6.77E+07
13459,8.01E+07
13460,7.41E+07
13461,1.20E+07
13462,1.81E+07
13463,2.41E+06
13464,1.43E+06
13465,1.98E+06
13466,1.15E+06
13467,8.47E+06
13468,6.86E+06
13469,1.16E+06
13470,1.61E+06
13471,1.15E+06
13472,7.31E+07
13473,4.65E+07
13474,5.84E+07
13475,5.55E+06
13476,2.39E+07
13477,2.74E+07
13478,2.34E+07
13479,2.60E+07
13480,1.77E+06
13481,1.81E+06
13482,2.36E+06
13483,1.14E+08
13484,1.07E+08
13485,9.98E+07
13486,8.89E+07
13487,1.01E+08
13488,1.19E+08
13489,1.23E+08
13490,8.87E+07
13491,9.21E+07
13492,9.53E+07
13493,4.15E+06
13494,4.01E+06
13495,3.04E+05
13496,4.31E+05
13497,2.19E+06
13498,1.88E+06
13499,1.65E+06
13500,1.90E+06
13501,3.63E+06
13502,3.53E+06
13503,2.44E+06
13504,1.88E+06
13505,4.20E+06
13506,1.52E+08
13507,1.39E+08
13508,1.28E+08
13509,1.24E+08
13510,1.05E+08
13511,1.08E+08
13512,1.49E+08
13513,1.53E+08
13514,1.53E+08
13515,1.14E+08
13516,1.29E+08
13517,1.28E+08
13518,1.51E+08
13519,1.53E+08
13520,1.20E+08
13521,1.32E+08
13522,1.32E+08
13523,1.30E+08
13524,8.38E+07
13525,6.14E+07
13526,7.36E+06
13527,7.41E+06
13528,4.46E+06
13529,7.24E+06
13530,6.62E+06
13531,6.78E+05
13532,1.87E+06
13533,2.90E+06
13534,2.73E+06
13535,2.60E+06
13536,2.61E+06
13537,4.69E+07
13538,4.47E+07
13539,3.02E+06
13540,2.51E+06
13541,4.33E+06
13542,2.44E+06
13543,1.19E+08
13544,1.22E+08
13545,3.74E+07
13546,5.54E+07
13547,7.81E+07
13548,8.72E+07
13549,6.73E+07
13550,7.35E+07
13551,3.22E+06
13552,2.79E+06
13553,6.56E+05
13554,7.01E+05
13555,1.46E+08
13556,1.15E+08
13557,1.03E+07
13558,6.37E+07
13559,6.74E+07
13560,7.52E+07
13561,1.58E+07
13562,1.64E+06
13563,1.71E+06
13564,9.65E+05
13565,7.76E+06
13566,8.07E+06
13567,7.97E+06
13568,1.09E+08
13569,1.02E+07
13570,6.22E+06
13571,1.18E+07
13572,4.49E+06
13573,1.05E+07
13574,1.19E+08
13575,8.33E+07
13576,9.84E+07
13577,8.97E+07
13578,1.18E+08
13579,1.21E+08
13580,5.75E+07
13581,7.81E+07
13582,7.90E+07
13583,5.14E+07
13584,6.36E+07
13585,1.20E+08
13586,5.73E+07
13587,5.41E+07
13588,6.01E+07
13589,7.67E+07
13590,7.78E+07
13591,8.72E+07
13592,5.69E+07
13593,1.25E+08
13594,5.00E+06
13595,8.82E+06
13596,4.73E+06
13597,1.46E+07
13598,3.03E+06
13599,2.94E+06
13600,1.50E+06
13601,1.12E+06
13602,1.08E+08
13603,1.01E+07
13604,1.54E+07
13605,5.64E+07
13606,5.91E+07
13607,5.92E+07
13608,9.60E+07
13609,3.47E+06
13610,4.37E+07
13611,1.59E+08
13612,7.64E+06
13613,7.88E+07
13614,9.08E+07
13615,8.70E+07
13616,1.45E+08
13617,1.39E+08
13618,1.06E+08
13619,1.20E+08
13620,1.05E+08
13621,1.09E+08
13622,6.91E+05
13623,7.11E+05
13624,2.59E+06
13625,2.46E+06
13626,1.46E+08
13627,1.12E+08
13628,1.24E+08
13629,1.02E+08
13630,9.53E+07
13631,1.22E+08
13632,1.06E+08
13633,1.42E+08
13634,1.27E+08
13635,1.29E+08
13636,1.08E+08
13637,6.18E+06
13638,9.23E+06
13639,7.17E+06
13640,1.53E+06
13641,1.13E+06
13642,1.04E+06
13643,8.15E+07
13644,1.18E+07
13645,1.86E+07
13646,4.49E+07
13647,4.98E+07
13648,4.74E+07
13649,5.68E+07
13650,5.80E+07
13651,6.87E+06
13652,3.21E+06
13653,6.94E+06
13654,1.14E+07
13655,6.22E+06
13656,6.02E+07
13657,6.35E+07
13658,6.29E+07
13659,5.41E+07
13660,8.83E+07
13661,9.24E+07
13662,9.33E+07
13663,1.32E+08
13664,3.70E+06
13665,3.99E+06
13666,3.98E+06
13667,3.33E+06
13668,3.13E+06
13669,6.27E+07
13670,1.12E+06
13671,9.03E+05
13672,5.01E+06
13673,1.15E+06
13674,9.84E+05
13675,5.79E+05
13676,6.70E+05
13677,1.26E+06
13678,1.15E+06
13679,2.72E+06
13680,4.70E+05
13681,2.31E+06
13682,2.32E+06
13683,1.32E+08
13684,7.11E+07
13685,6.85E+07
13686,9.55E+07
13687,9.15E+07
13688,9.14E+07
13689,8.53E+06
13690,9.91E+06
13691,2.98E+06
13692,1.57E+08
13693,8.92E+07
13694,8.33E+07
13695,1.50E+08
13696,2.57E+06
13697,7.28E+07
13698,6.74E+07
13699,7.43E+07
13700,6.65E+07
13701,7.96E+07
13702,9.16E+07
13703,1.24E+08
13704,1.12E+08
13705,2.61E+05
13706,2.65E+06
13707,2.20E+06
13708,2.08E+06
13709,2.26E+06
13710,6.52E+06
13711,3.70E+06
13712,3.56E+06
13713,1.05E+08
13714,1.11E+08
13715,1.05E+08
13716,1.01E+08
13717,1.67E+06
13718,7.13E+05
13719,8.39E+06
13720,1.18E+08
13721,1.20E+08
13722,1.24E+08
13723,1.08E+08
13724,1.11E+08
13725,1.15E+08
13726,1.26E+08
13727,1.17E+08
13728,8.18E+07
13729,6.65E+07
13730,8.11E+07
13731,9.17E+07
13732,1.42E+08
13733,7.20E+07
13734,6.12E+07
13735,6.63E+07
13736,6.29E+07
13737,8.58E+06
13738,1.85E+06
13739,1.81E+06
13740,1.41E+06
13741,1.19E+06
13742,6.04E+06
13743,6.63E+07
13744,7.40E+07
13745,6.97E+07
13746,8.18E+07
13747,9.75E+06
13748,4.76E+07
13749,1.47E+07
13750,1.10E+07
13751,1.36E+07
13752,1.68E+06
13753,6.55E+05
13754,7.43E+06
13755,5.72E+07
13756,8.23E+07
13757,8.89E+07
13758,6.36E+07
13759,9.23E+07
13760,7.54E+07
13761,1.61E+06
13762,8.23E+05
13763,8.39E+06
13764,8.41E+06
13765,6.51E+07
13766,1.36E+07
13767,4.83E+06
13768,7.77E+06
13769,9.08E+05
13770,4.39E+06
13771,4.82E+06
13772,1.55E+07
13773,1.48E+07
13774,1.73E+07
13775,6.89E+06
13776,3.55E+07
13777,3.30E+07
13778,7.41E+07
13779,8.34E+07
13780,8.47E+07
13781,9.31E+07
13782,9.88E+07
13783,1.21E+08
13784,1.07E+08
13785,1.05E+08
13786,1.02E+08
13787,2.81E+07
13788,3.72E+06
13789,4.23E+06
13790,1.54E+06
13791,1.61E+06
13792,3.82E+06
13793,6.64E+06
13794,3.30E+06
13795,7.23E+06
13796,3.49E+07
13797,3.38E+06
13798,3.10E+06
13799,4.68E+06
13800,2.18E+06
13801,3.34E+06
13802,4.25E+06
13803,3.69E+06
13804,6.07E+06
13805,7.72E+06
13806,6.51E+07
13807,8.08E+07
13808,8.66E+07
13809,7.79E+07
13810,8.68E+07
13811,6.73E+07
13812,7.04E+07
13813,1.03E+08
13814,1.02E+08
13815,9.54E+07
13816,7.22E+07
13817,9.88E+05
13818,1.38E+06
13819,1.50E+06
13820,1.76E+06
13821,3.79E+06
13822,6.97E+06
13823,9.13E+06
13824,8.47E+06
13825,3.56E+07
13826,4.04E+06
13827,1.16E+07
13828,1.71E+06
13829,2.02E+06
13830,1.00E+06
13831,1.14E+06
13832,1.91E+07
13833,7.80E+06
13834,8.87E+06
13835,9.91E+06
13836,1.33E+07
13837,1.20E+07
13838,1.71E+07
13839,2.12E+07
13840,1.49E+07
13841,1.30E+07
13842,8.51E+06
13843,1.09E+07
13844,1.81E+07
13845,7.57E+06
13846,7.04E+06
13847,8.54E+06
13848,1.18E+07
13849,1.63E+07
13850,1.20E+07
13851,7.09E+06
13852,9.55E+06
13853,1.09E+07
13854,1.27E+07
13855,1.47E+07
13856,6726.8
13857,3596.9
13858,7181.7
13859,3914.6
13860,12885
13861,9605.4
13862,5.12E+07
13863,2.53E+07
13864,4.77E+07
13865,2.98E+07
13866,3.51E+07
13867,4.18E+07
13868,5.17E+07
13869,2.99E+07
13870,4.42E+07
13871,2.84E+07
13872,3.34E+07
13873,4.14E+07
13874,5.18E+07
13875,4.14E+07
13876,5.24E+07
13877,3.24E+07
13878,5.60E+07
13879,3.29E+07
13880,4.16E+07
13881,3.38E+07
13882,4.96E+07
13883,4.06E+07
13884,4.28E+07
13885,3.49E+07
13886,4.63E+07
13887,4.49E+07
13888,5.86E+07
13889,5.64E+07
13890,4.92E+07
13891,4.10E+07
13892,3.96E+07
13893,7.72E+07
13894,6.78E+07
13895,8.26E+07
13896,7.33E+07
13897,6.13E+07
13898,4.87E+07
13899,5.44E+07
13900,4.90E+07
13901,6.93E+07
13902,7.11E+07
13903,5.75E+07
13904,7.94E+07
13905,8.70E+07
13906,5.52E+07
13907,7.72E+07
13908,6.63E+07
13909,6.78E+07
13910,7.16E+07
13911,5.34E+07
13912,7.72E+07
13913,6.00E+07
13914,6.14E+07
13915,6.88E+07
13916,8.07E+07
13917,8.00E+07
13918,6.33E+07
13919,4.78E+07
13920,5.43E+07
13921,7.26E+07
13922,4.09E+07
13923,5.97E+07
13924,6.79E+07
13925,6.98E+07
13926,5.20E+07
13927,4.79E+07
13928,4.67E+07
13929,5.76E+07
13930,4.78E+07
13931,6.80E+07
13932,6.68E+07
13933,6.13E+07
13934,6.11E+07
13935,5.41E+07
13936,4.89E+07
13937,5.44E+07
13938,5.34E+07
13939,4.83E+07
13940,6.53E+07
13941,7.00E+07
13942,6.30E+07
13943,7.63E+07
13944,7.05E+07
13945,6.12E+07
13946,5.73E+07
13947,5.40E+07
13948,6.04E+07
13949,5.31E+07
13950,392.91
13951,213.29
13952,579.76
13953,174.18
13954,149.51
13955,326.4
13956,72097
13957,1.99E+05
13958,68341
13959,3.99E+05
13960,1.85E+05
13961,85537
13962,1.04E+05
13963,83.48
13964,78.708
13965,320.19
13966,197.92
13967,68.994
13968,141.28
13969,5.18E+07
13970,7.64E+07
13971,8.37E+07
13972,6.33E+07
13973,6.62E+07
13974,8.25E+07
13975,5.10E+07
13976,6.95E+07
13977,7.15E+07
13978,5.93E+07
13979,5.95E+07
13980,2.56E+05
13981,3.92E+05
13982,1.16E+05
13983,1.41E+05
13984,1.23E+05
13985,1.80E+05
13986,4.95E+05
13987,7.61E+07
13988,6.19E+07
13989,9.27E+07
13990,7.42E+07
13991,8.35E+07
13992,9.05E+07
13993,6.95E+07
13994,6.27E+07
13995,6.52E+07
13996,8.23E+07
13997,5.91E+07
13998,3.37E+07
13999,5.94E+07
14000,4.28E+07
14001,4.52E+07
14002,5.54E+07
14003,3.53E+07
14004,3.52E+07
14005,4.43E+07
14006,3.06E+07
14007,4.16E+07
14008,5.10E+07
14009,3.47E+07
14010,3.10E+07
14011,2.45E+07
14012,2.01E+07
14013,3.88E+07
14014,3.91E+07
14015,2.77E+07
14016,1.97E+07
14017,2.16E+07
14018,2.90E+07
14019,2.09E+07
14020,3.76E+07
14021,3.75E+07
14022,3.26E+07
14023,2.88E+07
14024,2.82E+07
14025,2.15E+07
14026,2.43E+07
14027,1.81E+07
14028,373.36
14029,995.19
14030,465.33
14031,1332.2
14032,568.5
14033,345.8
14034,7.55E+07
14035,8.20E+07
14036,7.58E+07
14037,5.62E+07
14038,6.60E+07
14039,6.67E+07
14040,6.68E+07
14041,5.77E+07
14042,4.67E+07
14043,6.66E+07
14044,5.48E+07
14045,7.30E+07
14046,7.90E+07
14047,6.58E+07
14048,6.13E+07
14049,5.15E+07
14050,6.24E+07
14051,5.19E+07
14052,5.71E+07
14053,8.5294
14054,19.106
14055,5.5119
14056,5.537
14057,9.8321
14058,10.949
14059,42362
14060,71584
14061,63164
14062,31051
14063,28439
14064,24962
14065,2.13E+06
14066,3.31E+06
14067,5.42E+06
14068,1.58E+06
14069,3.25E+06
14070,1.71E+06
14071,4.36E+06
14072,21.189
14073,18.029
14074,41.291
14075,26.541
14076,14.259
14077,15.396
14078,23.454
14079,3.50E+06
14080,3.02E+06
14081,1.19E+06
14082,2.04E+06
14083,1.75E+06
14084,1.29E+06
14085,2.12E+06
14086,1.78E+06
14087,9878.6
14088,24429
14089,7251.1
14090,31666
14091,7564.1
14092,2136.1
14093,5196.4
14094,1550.8
14095,6979.6
14096,1861.1
14097,3621
14098,1.67E+07
14099,1.70E+07
14100,1.37E+07
14101,2.66E+07
14102,2.88E+07
14103,3.24E+07
14104,2.05E+07
14105,2.07E+07
14106,1.49E+07
14107,2.11E+07
14108,7.62E+07
14109,8.03E+07
14110,6.92E+07
14111,6.45E+07
14112,8.14E+07
14113,5.77E+07
14114,5.27E+07
14115,5.03E+07
14116,5.33E+07
14117,6.36E+07
14118,6.17E+07
14119,6.37E+07
14120,6.57E+07
14121,8.37E+07
14122,7.26E+07
14123,7.87E+07
14124,8.48E+07
14125,6.18E+07
14126,6.58E+07
14127,5.64E+07
14128,7.14E+07
14129,6.72E+07
14130,8.80E+07
14131,9.44E+07
14132,8.18E+07
14133,6.98E+07
14134,9.59E+07
14135,7.37E+07
14136,8.44E+07
14137,6.61E+07
14138,7.40E+07
14139,8.29E+07
14140,7.41E+07
14141,8.58E+07
14142,8.18E+07
14143,6.26E+07
14144,6.89E+07
14145,8.92E+07
14146,7.67E+07
14147,6.39E+07
14148,8.27E+07
14149,6.67E+07
14150,6.36E+07
14151,5.71E+07
14152,6.39E+07
14153,8.34E+07
14154,7.24E+07
14155,5.74E+07
14156,8.39E+07
14157,6.18E+07
14158,6.97E+07
14159,8.97E+07
14160,5.73E+07
14161,6.98E+07
14162,6.35E+07
14163,6.87E+07
14164,9.45E+07
14165,9.26E+07
14166,8.44E+07
14167,7.34E+07
14168,7.70E+07
14169,9.83E+07
14170,6.92E+07
14171,8.51E+07
14172,8.08E+07
14173,7.99E+07
14174,1.84E+07
14175,1.13E+07
14176,1.34E+07
14177,1.03E+07
14178,2.00E+07
14179,1.91E+07
14180,1.29E+07
14181,1.95E+07
14182,1.20E+07
14183,1.39E+07
14184,1.67E+07
14185,3.10E+07
14186,2.12E+07
14187,3.80E+07
14188,3.09E+07
14189,1.98E+07
14190,2.30E+07
14191,2.03E+07
14192,2.60E+07
14193,1.03E+08
14194,1.04E+08
14195,9.59E+07
14196,9.77E+07
14197,1.04E+08
14198,9.03E+07
14199,9.40E+07
14200,9.27E+07
14201,1.07E+08
14202,1.07E+08
14203,9.43E+07
14204,1.05E+08
14205,9.55E+07
14206,369.15
14207,732.63
14208,1440.1
14209,992.85
14210,459.83
14211,7.21E+07
14212,4.74E+07
14213,6.57E+07
14214,5.52E+07
14215,5.69E+07
14216,5.08E+07
14217,6.29E+07
14218,5.01E+07
14219,6.08E+07
14220,8.86E+07
14221,1.04E+08
14222,1.05E+08
14223,9.04E+07
14224,9.86E+07
14225,1.07E+08
14226,9.31E+07
14227,1.15E+08
14228,1.37E+07
14229,1.62E+07
14230,1.73E+07
14231,2.13E+07
14232,2.72E+07
14233,2.24E+07
14234,1.42E+07
14235,2.64E+07
14236,1.52E+07
14237,21432
14238,30604
14239,21866
14240,32746
14241,68087
14242,2.70E+07
14243,5.11E+07
14244,3.55E+07
14245,3.86E+07
14246,3.93E+07
14247,2.95E+07
14248,3.53E+07
14249,4.80E+07
14250,9.24E+07
14251,9.22E+07
14252,1.07E+08
14253,1.08E+08
14254,7.89E+07
14255,8.21E+07
14256,9.53E+07
14257,9.68E+07
14258,7.43E+07
14259,7.99E+07
14260,9.14E+07
14261,7.37E+07
14262,8.78E+07
14263,8.38E+07
14264,6.97E+07
14265,8.11E+07
14266,7.29E+07
14267,5.75E+07
14268,6.44E+07
14269,7.10E+07
14270,8.06E+07
14271,8.43E+07
14272,6.97E+07
14273,6.83E+07
14274,8.18E+07
14275,1.05E+08
14276,9.05E+07
14277,1.03E+08
14278,8.07E+07
14279,9.24E+07
14280,9.59E+07
14281,1.07E+08
14282,8.15E+07
14283,8.96E+07
14284,7.38E+07
14285,9.07E+07
14286,8.62E+07
14287,8.11E+07
14288,7.74E+07
14289,7.07E+07
14290,7.05E+07
14291,2.55E+07
14292,4.89E+07
14293,4.22E+07
14294,3.71E+07
14295,2.91E+07
14296,2.24E+07
14297,2.51E+07
14298,2.87E+07
14299,2.64E+07
14300,2.84E+07
14301,3.73E+07
14302,8.56E+07
14303,7.09E+07
14304,6.88E+07
14305,7.00E+07
14306,7.95E+07
14307,1.14E+08
14308,9.52E+07
14309,1.09E+08
14310,9.73E+07
14311,1.04E+08
14312,1.07E+08
14313,9.56E+07
14314,4.71E+06
14315,9.45E+06
14316,3.76E+06
14317,6.33E+06
14318,8.97E+06
14319,7.79E+06
14320,3.39E+06
14321,44.976
14322,64.566
14323,47.342
14324,117.22
14325,53.633
14326,9.54E+07
14327,8.14E+07
14328,1.10E+08
14329,1.01E+08
14330,8.99E+07
14331,8.94E+07
14332,8.08E+07
14333,8.00E+07
14334,9.65E+07
14335,1.08E+08
14336,1.04E+08
14337,9.85E+07
14338,9.70E+07
14339,8.41E+07
14340,9.79E+07
14341,9.62E+07
14342,8.47E+07
14343,8.54E+07
14344,7.67E+07
14345,8.52E+07
14346,8.25E+07
14347,8.26E+07
14348,9.48E+07
14349,9.79E+07
14350,8.15E+07
14351,8.61E+07
14352,8.48E+07
14353,7.63E+07
14354,7.69E+07
14355,4777.6
14356,1121.1
14357,1905.3
14358,1143.6
14359,279.67
14360,149.56
14361,124.89
14362,127.91
14363,115.12
14364,153.9
14365,2.26E+07
14366,3.41E+07
14367,2.41E+07
14368,1.71E+07
14369,2.09E+07
14370,1.61E+07
14371,2.04E+07
14372,3.13E+07
14373,9.68E+07
14374,7.76E+07
14375,1.00E+08
14376,1.08E+08
14377,8.90E+07
14378,9.21E+07
14379,8.06E+07
14380,7.38E+07
14381,9.48E+07
14382,8.38E+07
14383,8.10E+07
14384,9.58E+07
14385,9.50E+07
14386,1.09E+08
14387,1.07E+08
14388,8.20E+07
14389,8.04E+07
14390,9.08E+07
14391,1.09E+08
14392,9.49E+07
14393,1.16E+08
14394,1.09E+08
14395,1.06E+08
14396,9.51E+07
14397,9.10E+07
14398,1.07E+08
14399,22262
14400,5034.9
14401,4595
14402,13916
14403,2.99E+06
14404,1.26E+06
14405,1.36E+06
14406,2.95E+06
14407,1.60E+06
14408,2.53E+06
14409,9.59E+07
14410,1.05E+08
14411,7.54E+07
14412,9.27E+07
14413,1.07E+08
14414,8.51E+07
14415,8.14E+07
14416,7.80E+07
14417,8.80E+07
14418,7.11E+07
14419,4.05E+07
14420,5.21E+07
14421,3.52E+07
14422,4.99E+07
14423,2.99E+07
14424,4.31E+07
14425,3.30E+07
14426,3.23E+07
14427,2.94E+07
14428,6.08E+07
14429,6.80E+07
14430,6.69E+07
14431,5.46E+07
14432,5.11E+07
14433,5.27E+07
14434,4.55E+07
14435,4.85E+05
14436,2.14E+05
14437,6.05E+05
14438,1.94E+05
14439,3.30E+05
14440,4.19E+05
14441,7.47E+07
14442,6.91E+07
14443,8.14E+07
14444,6.63E+07
14445,7.78E+07
14446,6.39E+07
14447,6.21E+07
14448,6.09E+07
14449,5.39E+06
14450,6.26E+06
14451,4.08E+06
14452,4.60E+06
14453,5.29E+06
14454,9.88E+07
14455,8.56E+07
14456,1.07E+08
14457,9.00E+07
14458,9.28E+07
14459,1.00E+08
14460,1.09E+08
14461,8.79E+07
14462,6.0137
14463,2.5161
14464,2.9985
14465,4.165
14466,4.1286
14467,2.557
14468,2.0545
14469,4.7936
14470,4.6432
14471,8.04E+07
14472,5.55E+07
14473,7.00E+07
14474,8.14E+07
14475,6.70E+07
14476,6.55E+07
14477,5.25E+07
14478,1.67E+07
14479,1.46E+07
14480,2.40E+07
14481,1.35E+07
14482,1.22E+07
14483,1.88E+07
14484,2.34E+07
14485,6.99E+07
14486,8.56E+07
14487,5.83E+07
14488,7.30E+07
14489,7.32E+07
14490,5.35E+07
14491,6.14E+07
14492,7.16E+07
14493,6.33E+07
14494,8.45E+07
14495,8.68E+07
14496,6.22E+07
14497,6.24E+07
14498,6.96E+07
14499,7.48E+07
14500,5.81E+07
14501,6.60E+07
14502,6.40E+07
14503,8.31E+07
14504,8.67E+07
14505,6.00E+07
14506,5.99E+07
14507,7.06E+07
14508,6.41E+07
14509,6.13E+07
14510,6.58E+07
14511,4.9256
14512,3.8675
14513,6.0076
14514,2.06E+05
14515,2.11E+05
14516,5.46E+05
14517,3.21E+05
14518,5.97E+06
14519,3.34E+06
14520,4.72E+06
14521,3.49E+06
14522,2.95E+06
14523,277.55
14524,147.73
14525,158.72
14526,115.81
14527,115.39
14528,1.06E+08
14529,1.00E+08
14530,1.03E+08
14531,1.03E+08
14532,1.03E+08
14533,8.95E+07
14534,9.04E+07
14535,8.87E+07
14536,7.27E+07
14537,9.60E+07
14538,1.03E+08
14539,7.56E+07
14540,7.33E+07
14541,8.58E+07
14542,6.80E+07
14543,9.19E+07
14544,9.06E+07
14545,7.66E+07
14546,1.01E+08
14547,1.01E+08
14548,7.60E+07
14549,8.58E+07
14550,7.57E+07
14551,1.06E+07
14552,1.17E+07
14553,6.18E+06
14554,8.60E+06
14555,9.37E+06
14556,1.18E+07
14557,1620.3
14558,1920.2
14559,667.94
14560,17173
14561,8277.8
14562,9598.2
14563,4971.1
14564,8.22E+07
14565,7.62E+07
14566,9.66E+07
14567,7.52E+07
14568,8.47E+07
14569,8.13E+07
14570,9.05E+07
14571,3.30E+07
14572,4.50E+07
14573,4.75E+07
14574,5.54E+07
14575,3.32E+07
14576,3.55E+07
14577,4.45E+07
14578,2.95E+07
14579,1.05E+07
14580,1.82E+07
14581,2.36E+07
14582,2.02E+07
14583,1.76E+07
14584,1.26E+07
14585,1.17E+07
14586,18971
14587,43646
14588,23094
14589,1.09E+08
14590,9.91E+07
14591,1.06E+08
14592,9.80E+07
14593,1.11E+08
14594,9.46E+07
14595,1.16E+08
14596,8.79E+07
14597,1.02E+08
14598,9.43E+07
14599,9.36E+07
14600,1.02E+08
14601,7.87E+07
14602,9.12E+07
14603,9.04E+07
14604,7.71E+07
14605,7.54E+07
14606,7.75E+07
14607,7.33E+07
14608,8.51E+07
14609,1.45E+06
14610,3.77E+05
14611,6.89E+05
14612,8.32E+07
14613,1.09E+08
14614,9.25E+07
14615,8.79E+07
14616,7.88E+07
14617,9.13E+07
14618,1.07E+08
14619,8.57E+07
14620,8.53E+07
14621,6.74E+07
14622,5.90E+07
14623,8.78E+07
14624,6.69E+07
14625,5.97E+07
14626,6.37E+07
14627,7.31E+07
14628,5.18E+07
14629,1.10E+08
14630,1.01E+08
14631,1.10E+08
14632,1.08E+08
14633,1.02E+08
14634,1.07E+08
14635,9.82E+07
14636,9.19E+07
14637,1.13E+08
14638,9.76E+07
14639,9.91E+07
14640,8.69E+07
14641,8.89E+07
14642,64424
14643,43660
14644,28147
14645,7.08E+07
14646,6.42E+07
14647,4.95E+07
14648,5.74E+07
14649,5.37E+07
14650,4.99E+07
14651,9.67E+07
14652,9.98E+07
14653,7.50E+07
14654,9.39E+07
14655,9.60E+07
14656,8.43E+07
14657,8.50E+07
14658,65067
14659,43469
14660,1.01E+05
14661,1.02E+05
14662,69455
14663,51538
14664,1.02E+08
14665,1.14E+08
14666,9.75E+07
14667,9.88E+07
14668,9.16E+07
14669,8.82E+07
14670,1.08E+07
14671,5.40E+06
14672,9.66E+06
14673,8.82E+06
14674,5.57E+06
14675,9.14E+06
14676,6.08E+06
14677,8.77E+06
14678,94113
14679,2.17E+05
14680,81363
14681,19.988
14682,6.3914
14683,22.313
14684,7.3591
14685,10.911
14686,11.742
14687,7.0589
14688,169.53
14689,40.311
14690,31.041
14691,2.48E+07
14692,4.35E+07
14693,2.98E+07
14694,4.52E+07
14695,2.39E+07
14696,4.02E+07
14697,3.98E+07
14698,2.64E+07
14699,2.43E+07
14700,2.67E+07
14701,3.35E+07
14702,8.81E+07
14703,5.97E+07
14704,8.84E+07
14705,7.64E+07
14706,5.50E+07
14707,6.47E+07
14708,6.07E+07
14709,6.33E+07
14710,2.06E+07
14711,2.90E+07
14712,3.38E+07
14713,1.98E+07
14714,2.71E+07
14715,2.57E+07
14716,2.87E+07
14717,8.87E+07
14718,9.01E+07
14719,9.53E+07
14720,8.26E+07
14721,8.43E+07
14722,7.85E+07
14723,8.07E+07
14724,8.39E+07
14725,6.34E+07
14726,5.72E+07
14727,6.94E+07
14728,6.26E+07
14729,7.51E+07
14730,6.97E+07
14731,6.70E+07
14732,6.39E+07
14733,5.99E+07
14734,6.09E+07
14735,6.27E+07
14736,9.83E+07
14737,1.10E+08
14738,8.97E+07
14739,8.66E+07
14740,9.71E+07
14741,1.00E+08
14742,9.97E+07
14743,7.81E+07
14744,2.30E+07
14745,1.09E+07
14746,2.59E+07
14747,1.03E+07
14748,1.44E+07
14749,1.85E+07
14750,1.07E+08
14751,1.06E+08
14752,9.16E+07
14753,8.28E+07
14754,9.60E+07
14755,5.18E+07
14756,5.34E+07
14757,3.33E+07
14758,3.24E+07
14759,3.07E+07
14760,4.00E+07
14761,4.70E+07
14762,4.20E+07
14763,1.05E+07
14764,7.29E+06
14765,9.17E+06
14766,1.18E+07
14767,6.95E+06
14768,1.09E+08
14769,1.23E+08
14770,1.09E+08
14771,1.18E+08
14772,1.12E+08
14773,1.01E+08
14774,1.04E+08
14775,65.676
14776,85.349
14777,262.59
14778,1880
14779,2617.3
14780,4.73E+05
14781,8.29E+05
14782,8.01E+05
14783,56482
14784,2.68E+07
14785,1.30E+07
14786,1.22E+07
14787,1.42E+07
14788,1.63E+07
14789,1.90E+07
14790,1.25E+07
14791,4.68E+07
14792,7.96E+07
14793,7.19E+07
14794,4.98E+07
14795,6.54E+07
14796,7.04E+07
14797,4.55E+07
14798,5.88E+07
14799,5.65E+07
14800,7.38E+07
14801,8.12E+07
14802,8.42E+07
14803,9.69E+07
14804,6.83E+07
14805,41.02
14806,13.113
14807,15.194
14808,3.40E+07
14809,3.28E+07
14810,1.72E+07
14811,2.08E+07
14812,1.77E+07
14813,1.81E+07
14814,2.25E+07
14815,2.95E+07
14816,2.88E+07
14817,9.23E+07
14818,1.07E+08
14819,9.54E+07
14820,9.19E+07
14821,8.15E+07
14822,8.18E+07
14823,1.20E+08
14824,1.17E+08
14825,1.07E+08
14826,1.23E+08
14827,902.87
14828,1758.7
14829,9.83E+07
14830,8.73E+07
14831,1.16E+08
14832,9.67E+07
14833,9.80E+07
14834,9.25E+07
14835,9.54E+07
14836,1.04E+08
14837,8.18E+07
14838,1.06E+08
14839,1.10E+08
14840,8.09E+07
14841,9.07E+07
14842,8.99E+07
14843,9.76E+07
14844,9.00E+07
14845,7.71E+07
14846,1.00E+08
14847,1.01E+08
14848,9.29E+07
14849,9.26E+07
14850,7.96E+07
14851,8.11E+07
14852,7.21E+07
14853,20240
14854,5441.2
14855,11059
14856,94775
14857,65594
14858,22286
14859,5.79E+07
14860,3.14E+07
14861,4.19E+07
14862,3.90E+07
14863,4.77E+07
14864,7.06E+07
14865,8.53E+07
14866,8.39E+07
14867,6.70E+07
14868,8.03E+07
14869,6.65E+07
14870,4.60E+07
14871,6.25E+07
14872,4.69E+07
14873,5.60E+07
14874,6.31E+07
14875,5.53E+07
14876,4.30E+07
14877,5.16E+07
14878,410.57
14879,554.78
14880,850.18
14881,353.98
14882,4.90E+06
14883,2.51E+06
14884,5.16E+06
14885,7.83E+06
14886,3.81E+07
14887,2.70E+07
14888,2.20E+07
14889,2.60E+07
14890,3.29E+07
14891,3.21E+07
14892,9.83E+07
14893,1.02E+08
14894,8.09E+07
14895,8.72E+07
14896,8.87E+07
14897,8.15E+07
14898,7.53E+07
14899,9.84E+07
14900,9.83E+07
14901,8.55E+07
14902,8.21E+07
14903,9.04E+07
14904,7.55E+07
14905,8.39E+07
14906,8.46E+07
14907,5.30E+07
14908,5.66E+07
14909,7.11E+07
14910,7.35E+07
14911,5.16E+07
14912,6.15E+07
14913,6.79E+07
14914,6.51E+07
14915,6.08E+07
14916,7.63E+07
14917,8.89E+07
14918,6.71E+07
14919,7.59E+07
14920,7.79E+07
14921,7.60E+07
14922,239.82
14923,240.77
14924,1.08E+05
14925,1.08E+08
14926,8.24E+07
14927,9.37E+07
14928,7.90E+07
14929,8.98E+07
14930,7.59E+07
14931,9.20E+07
14932,6.64E+07
14933,5.93E+07
14934,7.06E+07
14935,5.01E+07
14936,5.80E+07
14937,1.5648
14938,0.70502
14939,0.7633
14940,1.0501
14941,1.1668
14942,1.77E+07
14943,1.83E+07
14944,1.32E+07
14945,2.68E+07
14946,2.34E+07
14947,3.20E+07
14948,2.56E+07
14949,1.98E+07
14950,1.80E+07
14951,1.07E+08
14952,8.13E+07
14953,7.88E+07
14954,8.79E+07
14955,7.51E+07
14956,8.11E+07
14957,7.04E+07
14958,6.87E+07
14959,1.18E+08
14960,9.79E+07
14961,1.05E+08
14962,1.01E+08
14963,1.10E+08
14964,9.20E+07
14965,9.62E+07
14966,1.14E+08
14967,8.58E+07
14968,9.42E+07
14969,1.02E+08
14970,8.46E+07
14971,9.50E+07
14972,5.57E+07
14973,4.98E+07
14974,5.25E+07
14975,5.53E+07
14976,4.86E+07
14977,5.40E+07
14978,5.74E+07
14979,4.05E+07
14980,5.09E+07
14981,3.21E+07
14982,3.87E+07
14983,7.45E+07
14984,5.03E+07
14985,4.80E+07
14986,5.95E+07
14987,5.94E+07
14988,5.45E+07
14989,4.94E+07
14990,23.226
14991,10.896
14992,10.692
14993,20.625
14994,13.624
14995,731.03
14996,1.28E+05
14997,2.75E+05
14998,1.47E+05
14999,1.06E+05
15000,1.74E+05
15001,15608
15002,8049.8
15003,91.03
15004,82.457
15005,92.732
15006,124.71
15007,7.10E+06
15008,8.89E+06
15009,21.266
15010,32.835
15011,21.6
15012,5.64E+07
15013,4.91E+07
15014,4.34E+07
15015,3.77E+07
15016,9.63E+07
15017,9.44E+07
15018,8.70E+07
15019,8.89E+07
15020,6.17E+05
15021,1.60E+05
15022,1.26E+06
15023,2.09E+06
15024,2.35E+06
15025,1.36E+06
15026,1.76E+06
15027,4.2167
15028,1.2926
15029,2.7439
15030,1.3276
15031,3.48E+07
15032,2.40E+07
15033,1.69E+07
15034,2.01E+07
15035,3.92E+07
15036,3.53E+07
15037,2.66E+07
15038,3.15E+07
15039,8.45E+07
15040,8.64E+07
15041,8.29E+07
15042,7.78E+07
15043,7.59E+07
15044,1.92E+07
15045,1.47E+07
15046,1.14E+07
15047,1.48E+07
15048,1.42E+07
15049,1.38E+07
15050,3.48E+07
15051,4.38E+07
15052,3.01E+07
15053,3.37E+07
15054,4.29E+07
15055,52.796
15056,121.49
15057,101.86
15058,65.9
15059,57.763
15060,101.72
15061,7.62E+07
15062,8.34E+07
15063,8.20E+07
15064,7.16E+07
15065,6.95E+07
15066,6.65E+07
15067,7.75E+07
15068,6.96E+07
15069,6.91E+07
15070,5.79E+07
15071,6.32E+07
15072,5.37E+07
15073,8.54E+07
15074,9.00E+07
15075,9.36E+07
15076,8.32E+07
15077,8.82E+07
15078,9.09E+07
15079,8.57E+07
15080,8.80E+07
15081,8.35E+07
15082,9.11E+07
15083,1.16E+08
15084,1.19E+08
15085,1.05E+08
15086,1.10E+08
15087,1.14E+08
15088,1.08E+08
15089,4.14E+07
15090,2.79E+07
15091,3.86E+07
15092,3.84E+07
15093,2.87E+07
15094,4.74E+07
15095,2.83E+07
15096,4.75E+07
15097,5.16E+07
15098,4.80E+07
15099,5.58E+07
15100,4.65E+07
15101,3.99E+07
15102,4.85E+07
15103,4.35E+07
15104,3.77E+07
15105,4.50E+07
15106,3.40E+07
15107,5.03E+07
15108,5.49E+07
15109,4.0638
15110,3.5115
15111,1.656
15112,3.7801
15113,1.7274
15114,7.39E+07
15115,9.80E+07
15116,9.42E+07
15117,6.87E+07
15118,8.90E+07
15119,8.75E+07
15120,7.81E+07
15121,8.69E+07
15122,7.89E+07
15123,7.39E+07
15124,7.69E+07
15125,7.33E+07
15126,6.89E+07
15127,6.16E+07
15128,1.19E+08
15129,9.99E+07
15130,1.02E+08
15131,1.10E+08
15132,9.44E+07
15133,5.30E+07
15134,6.09E+07
15135,5.37E+07
15136,46.424
15137,64.824
15138,54.959
15139,3.71E+07
15140,4.55E+07
15141,3.84E+07
15142,6.30E+05
15143,1.18E+06
15144,7.05E+05
15145,5.73E+07
15146,3.44E+07
15147,4.88E+07
15148,4.58E+07
15149,3.85E+07
15150,4.61E+07
15151,1341.4
15152,6.27E+07
15153,6.65E+07
15154,7.32E+07
15155,5.60E+07
15156,375.89
15157,354.01
15158,342.72
15159,3.92E+07
15160,4.83E+07
15161,4.85E+07
15162,5.43E+07
15163,4.04E+07
15164,5.47E+07
15165,3.96E+07
15166,3.75E+07
15167,4.42E+07
15168,5.02E+07
15169,8.90E+07
15170,9.61E+07
15171,1.00E+08
15172,8.18E+07
15173,8.65E+07
15174,9.16E+07
15175,50.47
15176,28.012
15177,41.312
15178,6.9079
15179,8.2574
15180,2.52E+07
15181,1.44E+07
15182,1.28E+07
15183,1.96E+07
15184,2.85E+07
15185,1.48E+07
15186,9.87E+07
15187,1.04E+08
15188,1.09E+08
15189,1.15E+08
15190,9.76E+07
15191,7.58E+07
15192,7.94E+07
15193,6.53E+07
15194,16453
15195,5.05E+05
15196,9.45E+05
15197,1.36E+06
15198,2929.4
15199,5.77E+07
15200,6.68E+07
15201,6.85E+07
15202,5.50E+07
15203,7.56E+07
15204,3.3972
15205,4.2028
15206,7.7301
15207,2.6082
15208,1.11E+08
15209,1.02E+08
15210,1.00E+08
15211,9.55E+07
15212,4.59E+07
15213,5.12E+07
15214,5.66E+07
15215,6.61E+07
15216,4.99E+07
15217,4.74E+07
15218,5.68E+07
15219,6.75E+07
15220,7.65E+07
15221,5.55E+07
15222,6.68E+07
15223,5.54E+07
15224,4.63E+06
15225,3.50E+06
15226,6.78E+07
15227,7.95E+07
15228,6.57E+07
15229,7.69E+07
15230,7.92E+07
15231,5.94E+07
15232,4.98E+07
15233,5.89E+07
15234,23.372
15235,24.217
15236,30.961
15237,43.395
15238,1.16E+08
15239,1.01E+08
15240,1.08E+08
15241,1.08E+08
15242,1.06E+08
15243,1.15E+08
15244,1.01E+08
15245,8.73E+07
15246,9.76E+07
15247,9.24E+07
15248,7.78E+07
15249,7.91E+07
15250,7.11E+07
15251,4.9266
15252,10.104
15253,7.19E+07
15254,6.00E+07
15255,6.80E+07
15256,5.57E+07
15257,8.95E+06
15258,8.54E+06
15259,154.11
15260,108.17
15261,150.85
15262,7.2559
15263,40356
15264,0.94542
15265,3.15E+07
15266,4.14E+07
15267,3.27E+07
15268,4.20E+07
15269,4.95E+07
15270,3.25E+07
15271,2.79E+07
15272,2.45E+07
15273,2.76E+07
15274,3.74E+07
15275,3.45E+07
15276,3.07E+07
15277,3.01E+07
15278,1.64E+07
15279,1.56E+07
15280,1.50E+07
15281,2.47E+07
15282,1.64E+07
15283,3.04E+07
15284,2.16E+07
15285,1.13E+08
15286,1.02E+08
15287,9.66E+07
15288,1.07E+08
15289,9.84E+07
15290,1.14E+08
15291,1.06E+08
15292,2.69E+06
15293,2.10E+06
15294,1.84E+07
15295,2.63E+07
15296,1.80E+07
15297,2.15E+07
15298,95.29
15299,97.07
15300,132.55
15301,6.88E+07
15302,6.20E+07
15303,5.74E+07
15304,4.96E+07
15305,12251
15306,1.05E+08
15307,1.08E+08
15308,4.04E+07
15309,2.82E+07
15310,3.30E+07
15311,3.56E+07
15312,2.56E+05
15313,2.82E+05
15314,4.73E+05
15315,5.86E+07
15316,6.66E+07
15317,5.37E+07
15318,5.62E+07
15319,5.68E+07
15320,1.26E+08
15321,1.08E+08
15322,1.12E+08
15323,1.07E+08
15324,1.09E+08
15325,3.71E+07
15326,4.02E+07
15327,2.91E+07
15328,3.81E+07
15329,8.08E+07
15330,8.18E+07
15331,7.34E+07
15332,1.00E+08
15333,1.01E+08
15334,8.92E+07
15335,1.05E+08
15336,1.05E+08
15337,1.04E+08
15338,1.12E+08
15339,1.08E+08
15340,1.10E+08
15341,1.12E+08
15342,1.09E+08
15343,1.07E+08
15344,1.07E+08
15345,1.07E+08
15346,1.07E+08
15347,1.09E+08
15348,1.19E+08
15349,1.02E+08
15350,4.90E+07
15351,4.78E+07
15352,5.43E+07
15353,3.40E+07
15354,8.81E+07
15355,9.43E+07
15356,7.81E+07
15357,9.60E+07
15358,9.26E+07
15359,9.32E+07
15360,8.71E+07
15361,2.48E+07
15362,2.42E+07
15363,3.50E+07
15364,2.16E+07
15365,3.61E+07
15366,2.89E+07
15367,2.97E+07
15368,2.29E+07
15369,3.62E+07
15370,3.36E+07
15371,6.88E+07
15372,5.43E+07
15373,6.49E+07
15374,6.60E+07
15375,5.84E+07
15376,8.18E+07
15377,9.0617
15378,4.902
15379,5.196
15380,9.62E+07
15381,8.67E+07
15382,9.57E+07
15383,1.14E+07
15384,1.20E+07
15385,1.63E+07
15386,1.91E+07
15387,2.58E+07
15388,2.36E+07
15389,1.81E+07
15390,3.27E+07
15391,1.09E+08
15392,1.11E+08
15393,9.86E+07
15394,1.07E+08
15395,1.10E+08
15396,1.05E+08
15397,9.64E+07
15398,1.14E+08
15399,59.761
15400,46.379
15401,58.416
15402,101.87
15403,1.11E+05
15404,1.66E+05
15405,7.46E+07
15406,8.82E+07
15407,8.75E+07
15408,9.10E+07
15409,8.40E+07
15410,7.47E+07
15411,8.82E+07
15412,7.97E+07
15413,9.19E+07
15414,9.04E+07
15415,9.23E+07
15416,1.07E+08
15417,1.05E+08
15418,1.05E+08
15419,1.04E+08
15420,1.04E+08
15421,1.01E+08
15422,1.06E+08
15423,1.66E+07
15424,1.09E+07
15425,1.29E+07
15426,8.01E+07
15427,9.91E+07
15428,9.32E+07
15429,7.36E+07
15430,8.37E+07
15431,3.35E+07
15432,4.25E+07
15433,3.82E+07
15434,4.75E+07
15435,9.03E+07
15436,1.08E+08
15437,9.05E+07
15438,9.19E+07
15439,7.67E+07
15440,9.43E+07
15441,1.21E+08
15442,1.24E+08
15443,1.22E+08
15444,1.33E+08
15445,1.28E+08
15446,1.28E+08
15447,6.35E+07
15448,5.88E+07
15449,7.09E+07
15450,6.64E+07
15451,1.25E+08
15452,1.38E+08
15453,1.39E+08
15454,1.30E+08
15455,1.27E+08
15456,1.25E+08
15457,1.28E+08
15458,6.39E+07
15459,6.20E+07
15460,7.20E+07
15461,6.69E+07
15462,3.61E+07
15463,3.37E+07
15464,3.78E+07
15465,3.06E+07
15466,3.82E+07
15467,2.99E+07
15468,1.19E+08
15469,1.16E+08
15470,1.15E+08
15471,1.21E+08
15472,1.20E+08
15473,1.16E+08
15474,5.81E+07
15475,8.00E+07
15476,6.65E+07
15477,3.93E+07
15478,4.53E+07
15479,1.14E+08
15480,1.17E+08
15481,1.20E+08
15482,1.18E+08
15483,1.15E+08
15484,1.15E+08
15485,5.97E+07
15486,7.73E+07
15487,6.58E+07
15488,9.57E+07
15489,8.73E+07
15490,1.20E+08
15491,1.20E+08
15492,1.23E+08
15493,1.21E+08
15494,1.21E+08
15495,1.21E+08
15496,8.34E+07
15497,6.55E+07
15498,7.42E+07
15499,9.10E+07
15500,9.48E+07
15501,1.18E+08
15502,1.14E+08
15503,1.18E+08
15504,1.18E+08
15505,1.16E+08
15506,1.15E+08
15507,1.15E+08
15508,9.70E+07
15509,7.47E+07
15510,1.02E+08
15511,9.60E+07
15512,8.76E+07
15513,7.45E+07
15514,6.07E+07
15515,8.33E+07
15516,5.75E+07
15517,7.60E+07
15518,6.26E+07
15519,1.17E+08
15520,1.14E+08
15521,1.16E+08
15522,1.17E+08
15523,1.16E+08
15524,1.15E+08
15525,1.14E+08
15526,9.50E+07
15527,8.81E+07
15528,8.60E+07
15529,9.66E+07
15530,1.61E+07
15531,1.76E+07
15532,2.15E+07
15533,1.78E+07
15534,2.24E+07
15535,1.96E+07
15536,1.22E+08
15537,1.21E+08
15538,1.20E+08
15539,1.20E+08
15540,1.23E+08
15541,1.20E+08
15542,1.21E+08
15543,1.22E+08
15544,9.00E+07
15545,8.16E+07
15546,7.83E+07
15547,1.04E+08
15548,8.06E+07
15549,2.49E+07
15550,1.88E+07
15551,2.46E+07
15552,1.95E+07
15553,2.10E+07
15554,1.79E+07
15555,8.42E+07
15556,6.79E+07
15557,9.38E+07
15558,7.78E+07
15559,8.76E+07
15560,7.04E+07
15561,9.18E+07
15562,9.92E+07
15563,9.04E+07
15564,9.44E+07
15565,8.87E+07
15566,9.76E+07
15567,7.26E+07
15568,8.12E+07
15569,7.60E+07
15570,7.36E+07
15571,7.67E+07
15572,8.31E+07
15573,1.12E+08
15574,1.16E+08
15575,1.11E+08
15576,1.10E+08
15577,1.16E+08
15578,1.22E+08
15579,6.93E+07
15580,6.52E+07
15581,7.91E+07
15582,8.61E+07
15583,1.19E+08
15584,1.18E+08
15585,1.26E+08
15586,1.30E+08
15587,1.18E+08
15588,1.09E+08
15589,1.06E+08
15590,1.09E+08
15591,1.01E+08
15592,1.15E+08
15593,1.15E+08
15594,1.19E+08
15595,1.13E+08
15596,1.22E+08
15597,8.39E+07
15598,5.57E+07
15599,6.16E+07
15600,7.48E+07
15601,1.21E+08
15602,1.21E+08
15603,1.19E+08
15604,1.18E+08
15605,1.20E+08
15606,1.17E+08
15607,8.25E+07
15608,6.44E+07
15609,5.25E+07
15610,9.03E+07
15611,9.85E+07
15612,1.48E+07
15613,1.59E+07
15614,2.32E+07
15615,2.26E+07
15616,1.94E+07
15617,1.76E+07
15618,2.02E+07
15619,9.69E+06
15620,9.66E+07
15621,9.11E+07
15622,8.69E+07
15623,8.94E+07
15624,9.69E+07
15625,6.90E+07
15626,7.56E+07
15627,6.12E+07
15628,7.03E+07
15629,6.51E+07
15630,7.47E+07
15631,7.44E+07
15632,1.21E+08
15633,1.23E+08
15634,1.22E+08
15635,1.24E+08
15636,1.23E+08
15637,6.47E+07
15638,6.80E+07
15639,7.91E+07
15640,8.24E+07
15641,4.95E+06
15642,6.95E+06
15643,4.10E+06
15644,5.63E+06
15645,4.03E+06
15646,7.20E+06
15647,1.09E+08
15648,1.12E+08
15649,1.08E+08
15650,1.06E+08
15651,1.05E+08
15652,8.68E+07
15653,9.16E+07
15654,7.24E+07
15655,8.23E+07
15656,1.33E+08
15657,1.35E+08
15658,1.17E+08
15659,1.28E+08
15660,1.26E+08
15661,1.21E+08
15662,6.57E+07
15663,8.53E+06
15664,4.46E+06
15665,8.01E+06
15666,5.54E+06
15667,5.48E+06
15668,7.18E+06
15669,3.23E+06
15670,1.10E+08
15671,1.12E+08
15672,1.10E+08
15673,1.09E+08
15674,1.10E+08
15675,1.11E+08
15676,8.64E+07
15677,7.74E+07
15678,9.21E+07
15679,1.18E+08
15680,1.31E+08
15681,1.11E+08
15682,1.22E+08
15683,1.25E+08
15684,1.39E+08
15685,5.54E+07
15686,1.33E+08
15687,1.26E+08
15688,1.26E+08
15689,1.25E+08
15690,1.28E+08
15691,1.26E+08
15692,1.29E+08
15693,6.59E+07
15694,3.37E+07
15695,3.99E+07
15696,4.70E+07
15697,4.29E+07
15698,3.28E+07
15699,4.05E+07
15700,2.89E+07
15701,3.34E+07
15702,3.78E+07
15703,3.77E+07
15704,4.05E+07
15705,2.98E+07
15706,2.97E+07
15707,1.18E+08
15708,1.26E+08
15709,1.26E+08
15710,1.19E+08
15711,1.07E+08
15712,1.15E+08
15713,1.11E+08
15714,1.19E+08
15715,1.00E+08
15716,9.49E+07
15717,9.94E+07
15718,9.61E+07
15719,9.97E+07
15720,1.02E+08
15721,8.40E+07
15722,7.33E+07
15723,8.49E+07
15724,7.89E+07
15725,6.84E+07
15726,8.48E+07
15727,7.15E+07
15728,1.12E+08
15729,1.13E+08
15730,1.11E+08
15731,1.14E+08
15732,1.12E+08
15733,1.09E+08
15734,9.99E+07
15735,8.34E+07
15736,9.47E+07
15737,9.08E+07
15738,1.23E+08
15739,1.21E+08
15740,1.26E+08
15741,1.25E+08
15742,1.23E+08
15743,6.66E+07
15744,6.06E+07
15745,5.47E+07
15746,1.05E+08
15747,1.03E+08
15748,1.00E+08
15749,9.95E+07
15750,9.79E+07
15751,1.02E+08
15752,1.04E+08
15753,8.25E+07
15754,8.27E+07
15755,8.08E+07
15756,1.29E+08
15757,1.26E+08
15758,1.19E+08
15759,1.19E+08
15760,1.21E+08
15761,1.29E+08
15762,1.02E+08
15763,9.82E+07
15764,9.47E+07
15765,1.14E+08
15766,1.09E+08
15767,1.04E+08
15768,1.10E+08
15769,1.08E+08
15770,1.05E+08
15771,1.08E+08
15772,1.07E+08
15773,7.78E+07
15774,8.22E+07
15775,6.58E+07
15776,1.04E+08
15777,9.83E+07
15778,1.24E+08
15779,1.28E+08
15780,1.25E+08
15781,1.18E+08
15782,1.13E+08
15783,1.10E+08
15784,1.16E+08
15785,1.22E+08
15786,1.22E+08
15787,1.25E+08
15788,1.23E+08
15789,1.20E+08
15790,1.32E+08
15791,1.09E+08
15792,1.18E+08
15793,1.18E+08
15794,9.93E+07
15795,1.10E+08
15796,4.50E+06
15797,3.84E+06
15798,4.56E+06
15799,4.31E+06
15800,2.43E+06
15801,2.29E+06
15802,2.36E+06
15803,2.52E+06
15804,1.24E+08
15805,1.29E+08
15806,1.24E+08
15807,1.22E+08
15808,1.29E+08
15809,1.11E+08
15810,1.15E+08
15811,1.00E+08
15812,1.23E+08
15813,1.13E+08
15814,1.14E+08
15815,1.21E+08
15816,1.27E+08
15817,1.14E+08
15818,1.08E+08
15819,9.69E+07
15820,1.01E+08
15821,1.02E+08
15822,1.38E+07
15823,1.53E+07
15824,1.14E+07
15825,1.48E+07
15826,6.71E+06
15827,7.40E+06
15828,1.50E+07
15829,1.10E+07
15830,1.23E+07
15831,1.52E+07
15832,1.13E+07
15833,1.18E+08
15834,1.21E+08
15835,1.22E+08
15836,1.20E+08
15837,1.17E+08
15838,6.70E+07
15839,8.07E+07
15840,8.92E+07
15841,4.58E+07
15842,8.92E+07
15843,1.25E+08
15844,1.28E+08
15845,1.28E+08
15846,1.41E+08
15847,1.32E+08
15848,7.94E+07
15849,6.56E+07
15850,7.25E+07
15851,7.53E+07
15852,7.64E+07
15853,9.10E+07
15854,5.91E+07
15855,1.34E+08
15856,1.27E+08
15857,1.42E+08
15858,1.36E+08
15859,7.28E+07
15860,9.72E+07
15861,9.43E+07
15862,8.60E+07
15863,9.69E+07
15864,1.02E+08
15865,1.04E+08
15866,1.10E+08
15867,1.12E+08
15868,7.53E+07
15869,7.68E+07
15870,6.67E+07
15871,7.60E+07
15872,7.40E+07
15873,7.35E+07
15874,1.21E+08
15875,1.24E+08
15876,1.30E+08
15877,1.23E+08
15878,1.23E+08
15879,1.29E+08
15880,1.02E+08
15881,1.15E+08
15882,1.18E+08
15883,1.00E+08
15884,9.27E+07
15885,1.22E+08
15886,1.16E+08
15887,1.15E+08
15888,1.13E+08
15889,1.22E+08
15890,1.14E+08
15891,1.25E+08
15892,1.03E+08
15893,9.90E+07
15894,9.46E+07
15895,9.62E+07
15896,1.09E+08
15897,1.15E+08
15898,1.04E+08
15899,1.10E+08
15900,1.19E+08
15901,6.17E+07
15902,6.79E+07
15903,8.01E+07
15904,8.70E+07
15905,7.14E+07
15906,1.11E+08
15907,1.10E+08
15908,1.14E+08
15909,1.09E+08
15910,1.13E+08
15911,1.07E+08
15912,1.04E+08
15913,9.21E+07
15914,9.90E+07
15915,8.67E+07
15916,9.30E+07
15917,6.94E+07
15918,1.18E+08
15919,1.23E+08
15920,1.26E+08
15921,1.20E+08
15922,1.32E+08
15923,1.20E+08
15924,1.05E+08
15925,9.89E+07
15926,9.41E+07
15927,1.10E+08
15928,1.28E+08
15929,1.21E+08
15930,1.24E+08
15931,1.27E+08
15932,6.65E+07
15933,8.55E+07
15934,6.24E+07
15935,1.05E+08
15936,1.02E+08
15937,1.04E+08
15938,1.10E+08
15939,1.04E+08
15940,9.88E+07
15941,8.49E+07
15942,7.79E+07
15943,8.54E+07
15944,8.77E+07
15945,1.48E+07
15946,1.80E+07
15947,1.60E+07
15948,1.84E+07
15949,2.52E+07
15950,2.20E+07
15951,2.51E+07
15952,2.23E+07
15953,1.12E+08
15954,1.07E+08
15955,1.19E+08
15956,1.10E+08
15957,1.15E+08
15958,9.76E+07
15959,8.68E+07
15960,7.78E+07
15961,9.92E+07
15962,6.77E+07
15963,6.52E+07
15964,9.01E+07
15965,1.02E+08
15966,8.56E+07
15967,4.54E+07
15968,4.02E+07
15969,3.54E+07
15970,2.87E+07
15971,2.82E+07
15972,2.52E+07
15973,3.77E+07
15974,2.88E+07
15975,4.05E+07
15976,2.97E+07
15977,1.22E+08
15978,1.23E+08
15979,1.28E+08
15980,1.29E+08
15981,1.21E+08
15982,1.09E+08
15983,1.04E+08
15984,1.21E+08
15985,1.19E+08
15986,1.17E+08
15987,1.20E+08
15988,1.05E+08
15989,1.00E+08
15990,9.59E+07
15991,8.66E+07
15992,1.42E+08
15993,1.24E+08
15994,1.29E+08
15995,1.53E+08
15996,7.69E+07
15997,6.59E+07
15998,7.29E+07
15999,1.64E+07
16000,1.90E+07
16001,1.56E+07
16002,1.59E+07
16003,1.60E+07
16004,9.41E+07
16005,8.83E+07
16006,9.48E+07
16007,8.09E+07
16008,7.02E+07
16009,8.28E+07
16010,6.63E+06
16011,4.24E+06
16012,4.59E+06
16013,3.76E+06
16014,5.38E+06
16015,2.37E+06
16016,2.49E+06
16017,1.04E+08
16018,1.08E+08
16019,1.06E+08
16020,8.79E+07
16021,9.29E+07
16022,8.22E+07
16023,8.67E+07
16024,1.31E+08
16025,1.22E+08
16026,1.29E+08
16027,1.20E+08
16028,1.31E+08
16029,1.26E+08
16030,1.11E+08
16031,1.02E+08
16032,9.36E+07
16033,1.08E+08
16034,1.27E+08
16035,5.10E+07
16036,4.77E+07
16037,5.06E+07
16038,4.94E+07
16039,2.61E+07
16040,4.47E+07
16041,4.99E+07
16042,4.48E+07
16043,9.67E+07
16044,1.24E+08
16045,1.27E+08
16046,1.17E+08
16047,5.90E+07
16048,6.97E+07
16049,7.28E+07
16050,6.44E+07
16051,4.86E+07
16052,3.49E+07
16053,4.95E+07
16054,1.24E+08
16055,1.24E+08
16056,1.22E+08
16057,5.44E+07
16058,9.77E+07
16059,1.04E+08
16060,9.28E+07
16061,7.46E+07
16062,7.65E+07
16063,4.67E+07
16064,1.18E+08
16065,1.20E+08
16066,1.20E+08
16067,1.19E+08
16068,8.21E+07
16069,9.70E+07
16070,8.96E+07
16071,4.63E+06
16072,4.27E+06
16073,4.50E+06
16074,4.43E+06
16075,2.20E+06
16076,2.18E+06
16077,2.36E+06
16078,2.29E+06
16079,1.18E+08
16080,1.20E+08
16081,1.20E+08
16082,1.18E+08
16083,8.93E+07
16084,8.10E+07
16085,9.14E+07
16086,7.76E+07
16087,8.09E+07
16088,1.45E+08
16089,1.37E+08
16090,1.56E+08
16091,1.57E+08
16092,6.84E+07
16093,7.37E+07
16094,1.22E+08
16095,1.35E+08
16096,1.31E+08
16097,1.16E+08
16098,1.16E+08
16099,1.05E+08
16100,1.09E+08
16101,1.21E+08
16102,1.19E+08
16103,1.18E+08
16104,8.67E+07
16105,9.61E+07
16106,1.06E+08
16107,1.04E+08
16108,9.76E+07
16109,1.13E+08
16110,1.18E+08
16111,1.15E+08
16112,1.10E+08
16113,1.11E+08
16114,7.74E+07
16115,5.65E+07
16116,8.50E+07
16117,3.68E+07
16118,5.86E+07
16119,7.52E+07
16120,9.60E+07
16121,5.17E+07
16122,6.57E+07
16123,5.66E+07
16124,5.81E+07
16125,1.16E+08
16126,1.12E+08
16127,1.20E+08
16128,1.13E+08
16129,1.12E+08
16130,1.01E+08
16131,1.05E+08
16132,9.99E+07
16133,9.96E+07
16134,9.47E+07
16135,1.05E+08
16136,9.81E+07
16137,1.18E+08
16138,1.20E+08
16139,1.02E+07
16140,1.26E+07
16141,1.29E+07
16142,9.38E+06
16143,5.18E+06
16144,1.26E+08
16145,1.23E+08
16146,1.29E+08
16147,1.19E+08
16148,1.16E+08
16149,1.15E+08
16150,1.23E+08
16151,1.32E+08
16152,1.33E+08
16153,1.11E+08
16154,1.16E+08
16155,1.15E+08
16156,1.26E+08
16157,1.07E+08
16158,1.26E+08
16159,1.24E+08
16160,1.18E+08
16161,1.25E+08
16162,1.05E+08
16163,1.00E+08
16164,8.77E+07
16165,9.84E+07
16166,1.20E+08
16167,1.24E+08
16168,1.26E+08
16169,9.02E+07
16170,1.16E+08
16171,9.89E+07
16172,7.65E+07
16173,1.03E+08
16174,1.28E+08
16175,1.40E+08
16176,1.53E+08
16177,1.44E+08
16178,1.40E+08
16179,8.15E+07
16180,7.41E+07
16181,7.76E+07
16182,7.73E+07
16183,8.95E+07
16184,9.25E+07
16185,9.21E+07
16186,9.33E+07
16187,6.97E+07
16188,8.13E+07
16189,7.04E+07
16190,4.23E+07
16191,4.49E+07
16192,5.30E+07
16193,4.27E+07
16194,2.25E+07
16195,1.95E+07
16196,1.19E+08
16197,1.21E+08
16198,1.13E+08
16199,1.03E+08
16200,9.94E+07
16201,1.09E+08
16202,7.96E+07
16203,9.44E+07
16204,1.33E+08
16205,1.46E+08
16206,1.49E+08
16207,1.38E+08
16208,1.34E+08
16209,7.19E+07
16210,1.12E+08
16211,1.02E+08
16212,1.15E+08
16213,1.05E+08
16214,7.10E+07
16215,8.31E+07
16216,6.56E+07
16217,7.80E+07
16218,1.15E+08
16219,1.11E+08
16220,1.10E+08
16221,1.12E+08
16222,8.06E+07
16223,8.76E+07
16224,5.83E+07
16225,1.06E+08
16226,1.06E+08
16227,1.05E+08
16228,7.99E+07
16229,7.94E+07
16230,8.39E+07
16231,9.41E+07
16232,8.20E+07
16233,1.36E+08
16234,1.59E+08
16235,1.39E+08
16236,8.33E+07
16237,8.02E+07
16238,7.48E+07
16239,7.94E+07
16240,1.14E+08
16241,1.21E+08
16242,1.24E+08
16243,1.14E+08
16244,1.00E+08
16245,1.08E+08
16246,9.98E+07
16247,4.51E+07
16248,4.82E+07
16249,5.41E+07
16250,1.12E+08
16251,1.12E+08
16252,1.12E+08
16253,1.12E+08
16254,1.13E+08
16255,7.50E+07
16256,9.33E+07
16257,8.49E+07
16258,1.01E+08
16259,9.22E+07
16260,9.83E+07
16261,1.02E+08
16262,9.91E+07
16263,8.93E+07
16264,7.78E+07
16265,8.29E+07
16266,7.97E+07
16267,1.10E+08
16268,1.13E+08
16269,1.04E+08
16270,7.45E+06
16271,8.91E+06
16272,4.18E+06
16273,4.22E+06
16274,1.30E+08
16275,1.29E+08
16276,1.37E+08
16277,1.21E+08
16278,1.21E+08
16279,1.16E+08
16280,1.10E+08
16281,1.22E+08
16282,4.43E+06
16283,2.35E+06
16284,2.37E+06
16285,2.57E+06
16286,1.17E+08
16287,1.13E+08
16288,1.12E+08
16289,1.03E+08
16290,1.06E+08
16291,9.74E+07
16292,1.03E+08
16293,1.11E+08
16294,1.04E+08
16295,9.95E+07
16296,9.39E+07
16297,7.86E+07
16298,6.96E+07
16299,4.62E+07
16300,2.67E+07
16301,2.38E+07
16302,2.93E+06
16303,3.71E+06
16304,3.64E+06
16305,1.42E+06
16306,1.42E+06
16307,1.12E+08
16308,1.09E+08
16309,9.24E+07
16310,1.07E+08
16311,1.02E+08
16312,1.35E+08
16313,1.16E+08
16314,1.08E+08
16315,1.13E+07
16316,1.34E+07
16317,1.30E+07
16318,5.71E+06
16319,5.55E+06
16320,5.76E+06
16321,1.63E+07
16322,1.44E+07
16323,7.03E+06
16324,6.75E+06
16325,1.41E+07
16326,7.24E+06
16327,1.24E+07
16328,4.25E+06
16329,3.47E+06
16330,1.92E+06
16331,1.89E+06
16332,1.01E+08
16333,1.03E+08
16334,1.02E+08
16335,1.03E+08
16336,1.02E+08
16337,9.12E+07
16338,7.98E+07
16339,7.60E+07
16340,8.59E+07
16341,1.26E+08
16342,1.17E+08
16343,1.18E+08
16344,1.14E+08
16345,9.91E+07
16346,9.81E+07
16347,1.09E+08
16348,8.70E+07
16349,9.64E+07
16350,8.52E+07
16351,6.49E+07
16352,7.23E+07
16353,6.38E+07
16354,7.53E+07
16355,1.19E+08
16356,1.16E+08
16357,1.17E+08
16358,8.80E+07
16359,7.96E+07
16360,1.04E+08
16361,9.66E+07
16362,8.81E+07
16363,1.31E+08
16364,1.32E+08
16365,1.23E+08
16366,1.11E+08
16367,1.18E+08
16368,9.88E+07
16369,9.96E+07
16370,1.22E+08
16371,1.01E+08
16372,1.12E+08
16373,1.13E+08
16374,5.63E+07
16375,4.47E+07
16376,4.22E+07
16377,4.36E+07
16378,1.13E+08
16379,1.13E+08
16380,1.12E+08
16381,7.68E+07
16382,8.43E+07
16383,9.99E+07
16384,9.17E+07
16385,7.27E+07
16386,1.00E+08
16387,2.34E+07
16388,8.51E+07
16389,6.47E+07
16390,7.07E+07
16391,7.15E+07
16392,5.80E+07
16393,7.15E+07
16394,7.05E+07
16395,1.10E+08
16396,9.16E+07
16397,4.29E+07
16398,1.25E+08
16399,1.31E+08
16400,1.34E+08
16401,1.15E+08
16402,1.20E+08
16403,1.19E+08
16404,1.21E+08
16405,1.22E+08
16406,6.54E+07
16407,8.38E+07
16408,1.24E+08
16409,1.23E+08
16410,1.27E+08
16411,6.08E+07
16412,6.39E+07
16413,4.80E+07
16414,9.14E+07
16415,1.30E+08
16416,1.40E+08
16417,1.21E+08
16418,1.22E+08
16419,1.07E+08
16420,1.16E+08
16421,1.25E+08
16422,1.04E+08
16423,1.08E+08
16424,9.47E+07
16425,1.21E+08
16426,1.16E+08
16427,6.08E+07
16428,6.40E+07
16429,5.80E+07
16430,9.69E+07
16431,9.00E+07
16432,8.83E+07
16433,2.67E+07
16434,2.43E+07
16435,1.22E+08
16436,1.25E+08
16437,1.25E+08
16438,6.55E+07
16439,6.42E+07
16440,9.17E+07
16441,1.08E+08
16442,1.09E+08
16443,1.04E+08
16444,1.03E+08
16445,9.14E+07
16446,9.41E+07
16447,9.39E+07
16448,1.18E+08
16449,1.07E+08
16450,1.07E+08
16451,1.09E+08
16452,1.01E+08
16453,1.16E+08
16454,1.17E+08
16455,6.13E+07
16456,6.07E+07
16457,6.67E+07
16458,1.23E+08
16459,1.06E+08
16460,9.63E+07
16461,9.25E+07
16462,1.01E+08
16463,1.25E+08
16464,1.22E+08
16465,1.23E+08
16466,6.72E+07
16467,5.63E+07
16468,5.50E+07
16469,1.27E+08
16470,1.26E+08
16471,6.29E+07
16472,6.35E+07
16473,1.17E+08
16474,1.17E+08
16475,1.10E+08
16476,9.40E+07
16477,1.03E+08
16478,9.05E+07
16479,9.64E+07
16480,9.21E+07
16481,2.05E+07
16482,2.51E+07
16483,1.40E+07
16484,8.65E+06
16485,1.02E+07
16486,1.21E+08
16487,1.21E+08
16488,8.97E+07
16489,8.74E+07
16490,1.39E+08
16491,1.35E+08
16492,1.27E+08
16493,1.14E+08
16494,1.17E+08
16495,1.17E+08
16496,1.30E+08
16497,1.22E+08
16498,1.35E+08
16499,1.15E+08
16500,1.11E+08
16501,1.01E+08
16502,8.80E+07
16503,1.06E+08
16504,8.25E+07
16505,6.37E+07
16506,8.15E+07
16507,8.99E+07
16508,9.03E+07
16509,7.64E+07
16510,7.32E+07
16511,6.86E+07
16512,7.31E+07
16513,9.72E+07
16514,9.44E+07
16515,8.13E+07
16516,8.22E+07
16517,1.10E+08
16518,9.39E+07
16519,8.43E+07
16520,1.06E+08
16521,9.85E+07
16522,1.05E+08
16523,1.37E+08
16524,6.50E+07
16525,6.38E+07
16526,5.40E+07
16527,1.18E+08
16528,1.19E+08
16529,1.19E+08
16530,1.16E+08
16531,8.15E+07
16532,9.64E+07
16533,9.75E+07
16534,9.29E+07
16535,3.90E+06
16536,3.74E+06
16537,1.27E+06
16538,1.74E+06
16539,1.91E+06
16540,1.64E+06
16541,1.22E+08
16542,1.28E+08
16543,1.13E+08
16544,1.07E+08
16545,1.12E+08
16546,9.75E+07
16547,9.62E+07
16548,1.21E+08
16549,5.70E+07
16550,5.57E+07
16551,1.03E+08
16552,8.51E+07
16553,9.15E+07
16554,8.94E+07
16555,8.00E+07
16556,9.75E+07
16557,7.49E+07
16558,7.82E+07
16559,8.13E+07
16560,6.08E+07
16561,7.81E+07
16562,7.96E+07
16563,8.55E+07
16564,5.27E+07
16565,4.49E+06
16566,2.96E+06
16567,1.25E+08
16568,1.17E+08
16569,1.09E+08
16570,9.81E+07
16571,9.35E+07
16572,1.13E+08
16573,1.00E+08
16574,1.33E+08
16575,1.20E+08
16576,1.14E+08
16577,1.16E+08
16578,1.17E+08
16579,1.12E+08
16580,1.25E+08
16581,1.33E+08
16582,1.36E+08
16583,1.13E+08
16584,1.21E+08
16585,1.16E+08
16586,1.08E+08
16587,7.11E+07
16588,4.15E+07
16589,5.26E+07
16590,2.82E+07
16591,1.31E+08
16592,1.10E+08
16593,1.14E+08
16594,1.21E+08
16595,9.47E+07
16596,1.20E+08
16597,1.08E+08
16598,4.57E+07
16599,4.39E+07
16600,1.13E+08
16601,7.65E+07
16602,6.70E+07
16603,7.05E+07
16604,7.94E+07
16605,1.27E+08
16606,1.20E+08
16607,6.40E+07
16608,7.37E+07
16609,8.48E+07
16610,7.83E+07
16611,1.12E+08
16612,1.13E+08
16613,9.85E+07
16614,9.82E+07
16615,9.37E+07
16616,1.01E+08
16617,9.23E+07
16618,6.41E+06
16619,2.83E+06
16620,2.61E+06
16621,2.55E+06
16622,2.48E+06
16623,8.55E+07
16624,6.66E+07
16625,2.29E+07
16626,1.26E+08
16627,1.25E+08
16628,1.18E+08
16629,1.08E+08
16630,1.14E+08
16631,1.11E+08
16632,1.27E+08
16633,1.31E+08
16634,1.20E+08
16635,1.16E+08
16636,1.14E+08
16637,1.20E+08
16638,1.12E+08
16639,8.84E+07
16640,6.24E+07
16641,6.53E+07
16642,9.93E+07
16643,7.39E+07
16644,9.45E+07
16645,1.06E+08
16646,1.20E+08
16647,1.26E+08
16648,1.17E+08
16649,1.20E+08
16650,1.23E+08
16651,1.32E+08
16652,1.33E+08
16653,1.11E+08
16654,1.20E+08
16655,1.17E+08
16656,1.06E+08
16657,1.21E+08
16658,6.29E+07
16659,5.95E+07
16660,6.01E+07
16661,6.89E+07
16662,1.16E+08
16663,5.77E+07
16664,9.12E+07
16665,5.58E+07
16666,6.18E+07
16667,6.70E+07
16668,1.19E+08
16669,1.26E+08
16670,5.98E+07
16671,6.07E+07
16672,4.10E+07
16673,1.38E+08
16674,1.33E+08
16675,1.08E+08
16676,1.33E+08
16677,1.36E+08
16678,1.02E+08
16679,9.62E+07
16680,9.73E+07
16681,1.09E+08
16682,1.08E+08
16683,1.17E+08
16684,8.30E+07
16685,6.79E+07
16686,7.77E+07
16687,7.33E+07
16688,2.01E+07
16689,9.98E+06
16690,1.12E+08
16691,5.78E+07
16692,6.53E+07
16693,6.00E+07
16694,7.65E+07
16695,8.63E+07
16696,1.26E+08
16697,1.24E+08
16698,1.24E+08
16699,1.07E+08
16700,1.01E+08
16701,1.16E+08
16702,9.43E+07
16703,8.35E+07
16704,9.83E+07
16705,8.68E+07
16706,9.18E+07
16707,8.52E+07
16708,8.55E+07
16709,1.67E+07
16710,1.05E+08
16711,1.11E+08
16712,6.45E+07
16713,7.42E+07
16714,8.85E+07
16715,7.51E+07
16716,7.64E+06
16717,8.41E+07
16718,7.71E+07
16719,7.89E+07
16720,8.62E+07
16721,1.08E+08
16722,6.60E+07
16723,6.17E+07
16724,1.43E+08
16725,9.14E+07
16726,9.66E+07
16727,9.31E+07
16728,7.01E+07
16729,1.29E+08
16730,1.08E+08
16731,1.19E+08
16732,1.23E+08
16733,1.18E+08
16734,1.36E+08
16735,1.40E+08
16736,1.20E+08
16737,1.16E+08
16738,1.26E+08
16739,1.12E+08
16740,9.30E+07
16741,5.48E+07
16742,5.62E+07
16743,4.70E+07
16744,5.20E+06
16745,2.21E+06
16746,2.40E+06
16747,1.08E+08
16748,9.06E+07
16749,9.14E+07
16750,7.22E+07
16751,9.30E+07
16752,1.14E+08
16753,8.00E+07
16754,7.24E+07
16755,8.76E+07
16756,9.42E+07
16757,8.06E+07
16758,7.92E+07
16759,7.13E+07
16760,1.28E+08
16761,1.16E+08
16762,1.05E+08
16763,9.95E+07
16764,8.71E+07
16765,1.11E+08
16766,7.94E+07
16767,9.71E+07
16768,8.65E+07
16769,6.74E+07
16770,1.00E+08
16771,9.88E+07
16772,8.35E+07
16773,6.56E+07
16774,5.35E+07
16775,1.19E+08
16776,1.19E+08
16777,1.09E+08
16778,1.15E+08
16779,1.13E+08
16780,1.14E+08
16781,1.12E+08
16782,2.31E+07
16783,1.18E+08
16784,1.09E+08
16785,8.10E+07
16786,9.88E+07
16787,9.15E+07
16788,8.00E+07
16789,1.04E+08
16790,8.50E+07
16791,7.34E+07
16792,8.78E+07
16793,8.05E+07
16794,1.04E+08
16795,9.84E+07
16796,7.87E+07
16797,8.32E+07
16798,8.27E+07
16799,6.68E+07
16800,8.54E+07
16801,6.98E+07
16802,1.36E+08
16803,1.15E+08
16804,1.15E+08
16805,1.19E+08
16806,1.24E+08
16807,1.25E+08
16808,6.58E+07
16809,6.92E+07
16810,6.75E+07
16811,1.09E+08
16812,1.05E+08
16813,9.12E+07
16814,8.95E+07
16815,9.12E+07
16816,1.00E+08
16817,9.11E+07
16818,9.49E+07
16819,1.11E+08
16820,1.25E+08
16821,1.23E+08
16822,1.06E+08
16823,1.29E+08
16824,6.75E+07
16825,7.07E+07
16826,6.38E+07
16827,9.13E+07
16828,8.84E+07
16829,6.53E+07
16830,1.49E+08
16831,7.66E+07
16832,9.10E+07
16833,9.38E+07
16834,9.52E+07
16835,9.42E+07
16836,4.73E+07
16837,4.95E+07
16838,4.45E+07
16839,1.16E+08
16840,1.21E+08
16841,1.03E+08
16842,9.55E+07
16843,1.07E+08
16844,1.04E+08
16845,9.34E+07
16846,9.11E+07
16847,3.14E+06
16848,3.27E+06
16849,6.97E+07
16850,8.18E+07
16851,7.94E+07
16852,7.08E+07
16853,1.36E+08
16854,1.16E+08
16855,1.20E+08
16856,7.81E+07
16857,6.46E+07
16858,1.01E+08
16859,8.27E+07
16860,1.01E+08
16861,9.59E+07
16862,8.68E+07
16863,1.20E+08
16864,1.20E+08
16865,1.24E+08
16866,1.12E+08
16867,1.20E+08
16868,1.07E+08
16869,8.13E+06
16870,8.04E+06
16871,1.67E+08
16872,7.89E+07
16873,8.45E+07
16874,1.16E+08
16875,1.19E+08
16876,1.18E+08
16877,1.20E+08
16878,1.22E+08
16879,8.79E+07
16880,8.99E+07
16881,1.04E+08
16882,8.20E+07
16883,8.36E+07
16884,7.25E+07
16885,6.37E+07
16886,6.58E+07
16887,6.13E+07
16888,7.11E+07
16889,7.21E+07
16890,1.17E+08
16891,1.27E+08
16892,1.23E+08
16893,1.12E+08
16894,1.02E+08
16895,1.04E+08
16896,9.32E+07
16897,1.00E+08
16898,1.29E+08
16899,6.13E+07
16900,6.88E+07
16901,5.96E+07
16902,6.97E+07
16903,6.88E+07
16904,7.86E+07
16905,1.13E+08
16906,1.02E+08
16907,9.82E+07
16908,1.87E+07
16909,1.56E+07
16910,8.15E+06
16911,1.74E+06
16912,2.17E+06
16913,2.38E+06
16914,2.09E+06
16915,1.48E+07
16916,1.47E+07
16917,1.12E+07
16918,6.95E+06
16919,7.29E+06
16920,1.56E+08
16921,7.97E+07
16922,6.90E+07
16923,7.05E+07
16924,1.19E+08
16925,1.34E+08
16926,1.18E+08
16927,1.27E+08
16928,1.29E+08
16929,1.12E+08
16930,1.03E+08
16931,1.15E+08
16932,1.10E+08
16933,1.13E+08
16934,1.30E+08
16935,1.42E+08
16936,8.91E+07
16937,9.61E+07
16938,8.56E+07
16939,7.47E+07
16940,1.04E+08
16941,8.87E+07
16942,8.65E+07
16943,9.69E+07
16944,9.89E+07
16945,1.20E+08
16946,1.23E+08
16947,6.17E+07
16948,7.02E+07
16949,8.11E+07
16950,8.07E+07
16951,1.03E+08
16952,1.01E+08
16953,1.04E+08
16954,1.20E+08
16955,1.22E+08
16956,9.49E+07
16957,8.69E+07
16958,1.50E+08
16959,8.19E+07
16960,7.21E+07
16961,8.27E+07
16962,1.24E+08
16963,1.25E+08
16964,8.13E+07
16965,5.01E+07
16966,9.06E+07
16967,1.10E+08
16968,9.76E+07
16969,9.85E+07
16970,8.84E+07
16971,8.00E+07
16972,1.05E+08
16973,5.51E+07
16974,6.81E+07
16975,9.11E+07
16976,8.88E+07
16977,7.93E+07
16978,6.22E+07
16979,8.23E+07
16980,9.36E+07
16981,9.33E+07
16982,9.26E+07
16983,1.19E+08
16984,1.21E+08
16985,7.63E+06
16986,7.91E+06
16987,9.85E+07
16988,1.06E+08
16989,1.04E+08
16990,1.01E+08
16991,7.32E+07
16992,6.71E+07
16993,7.76E+07
16994,7.70E+07
16995,7.34E+07
16996,4.39E+06
16997,3.99E+06
16998,1.07E+08
16999,1.01E+08
17000,3.12E+07
17001,3.36E+07
17002,8.81E+07
17003,6.39E+07
17004,9.38E+07
17005,6.66E+07
17006,8.78E+07
17007,8.48E+07
17008,6.37E+07
17009,8.53E+07
17010,6.77E+07
17011,2.32E+07
17012,9.44E+07
17013,8.58E+07
17014,9.30E+07
17015,1.25E+08
17016,1.19E+08
17017,1.16E+08
17018,1.35E+08
17019,1.34E+08
17020,6.70E+07
17021,7.16E+07
17022,6.48E+07
17023,7.24E+07
17024,1.16E+08
17025,1.06E+08
17026,1.11E+08
17027,6.39E+07
17028,6.48E+07
17029,6.76E+07
17030,1.07E+08
17031,1.06E+08
17032,1.00E+08
17033,6.70E+07
17034,6.23E+07
17035,7.59E+07
17036,5.99E+07
17037,7.18E+07
17038,6.32E+07
17039,8.44E+07
17040,8.92E+07
17041,8.49E+07
17042,1.14E+08
17043,1.19E+08
17044,1.20E+08
17045,4.39E+07
17046,4.84E+07
17047,4.65E+07
17048,4.60E+07
17049,4.02E+07
17050,4.33E+07
17051,4.52E+07
17052,4.42E+07
17053,4.82E+07
17054,6.57E+07
17055,7.56E+07
17056,6.74E+07
17057,6.98E+07
17058,7.57E+07
17059,6.82E+07
17060,5.50E+07
17061,4.32E+07
17062,5.68E+07
17063,4.67E+07
17064,8.10E+07
17065,6.91E+07
17066,4.62E+07
17067,5.30E+07
17068,5.18E+07
17069,6.70E+07
17070,5.99E+07
17071,4.97E+07
17072,6.23E+07
17073,3.96E+07
17074,4.23E+07
17075,4.25E+07
17076,4.49E+07
17077,5.59E+07
17078,4.47E+07
17079,5.14E+07
17080,6.62E+07
17081,3.89E+07
17082,3.87E+07
17083,4.06E+07
17084,3.44E+07
17085,4.51E+07
17086,5.43E+07
17087,4.97E+07
17088,4.65E+07
17089,8.73E+07
17090,8.32E+07
17091,5.48E+07
17092,5.86E+07
17093,6.50E+07
17094,7.43E+07
17095,7.70E+07
17096,5.34E+07
17097,6.82E+07
17098,6.93E+07
17099,6.26E+07
17100,6.45E+07
17101,4.23E+07
17102,4.32E+07
17103,3.95E+07
17104,4.53E+07
17105,3.73E+07
17106,3.48E+07
17107,4.58E+07
17108,4.99E+07
17109,4.58E+07
17110,4.66E+07
17111,4.04E+07
17112,4.32E+07
17113,4.60E+07
17114,5.39E+07
17115,4.21E+07
17116,4.41E+07
17117,4.54E+07
17118,4.55E+07
17119,6.71E+07
17120,7.67E+07
17121,6.90E+07
17122,6.12E+07
17123,7.65E+07
17124,5.28E+07
17125,8.00E+07
17126,6.23E+07
17127,5.80E+07
17128,4.99E+07
17129,7.52E+07
17130,7.38E+07
17131,6.19E+07
17132,8.34E+07
17133,5.12E+07
17134,6.43E+07
17135,4.58E+07
17136,3.78E+07
17137,5.79E+07
17138,4.29E+07
17139,4.89E+07
17140,4.38E+07
17141,4.68E+07
17142,6.64E+07
17143,3.92E+07
17144,3.92E+07
17145,4.78E+07
17146,5.23E+07
17147,4.61E+07
17148,5.99E+07
17149,8.72E+07
17150,7.37E+07
17151,7.12E+07
17152,7.75E+07
17153,7.99E+07
17154,5.95E+07
17155,6.73E+07
17156,4.40E+07
17157,4.30E+07
17158,4.89E+07
17159,6.79E+07
17160,4.27E+07
17161,5.31E+07
17162,5.54E+07
17163,4.56E+07
17164,4.36E+07
17165,3.43E+07
17166,3.91E+07
17167,3.94E+07
17168,4.18E+07
17169,4.70E+07
17170,3.86E+07
17171,3.66E+07
17172,3.24E+07
17173,3.20E+07
17174,7.35E+07
17175,8.08E+07
17176,5.77E+07
17177,7.11E+07
17178,6.11E+07
17179,7.40E+07
17180,7.39E+07
17181,6.99E+07
17182,6.04E+07
17183,3.67E+07
17184,5.24E+07
17185,7.04E+07
17186,6.76E+07
17187,3.90E+07
17188,5.46E+07
17189,5.47E+07
17190,7.14E+07
17191,7.71E+07
17192,8.21E+07
17193,7.13E+07
17194,7.18E+07
17195,7.86E+07
17196,2.17E+07
17197,1.99E+07
17198,1.85E+07
17199,1.60E+07
17200,1.41E+07
17201,2.47E+07
17202,4.01E+07
17203,2.13E+07
17204,2.89E+07
17205,2.90E+07
17206,3.89E+07
17207,3.89E+07
17208,5.26E+07
17209,4.94E+07
17210,6.08E+07
17211,6.02E+07
17212,2.80E+07
17213,2.17E+07
17214,2.26E+07
17215,3.26E+07
17216,3.18E+07
17217,4.02E+07
17218,5.08E+07
17219,3.25E+07
17220,4.23E+07
17221,7.21E+07
17222,8.08E+07
17223,5.77E+07
17224,7.09E+07
17225,6.10E+07
17226,7.46E+07
17227,7.45E+07
17228,6.60E+07
17229,6.52E+07
17230,3.48E+07
17231,5.11E+07
17232,6.67E+07
17233,6.73E+07
17234,5.90E+07
17235,5.04E+07
17236,7.16E+07
17237,7.83E+07
17238,6.61E+07
17239,6.77E+07
17240,8.23E+07
17241,2.15E+07
17242,2.15E+07
17243,1.85E+07
17244,1.37E+07
17245,2.31E+07
17246,2.45E+07
17247,4.01E+07
17248,2.73E+07
17249,3.22E+07
17250,1.66E+07
17251,4.47E+07
17252,1.69E+07
17253,3.68E+07
17254,5.25E+07
17255,6.55E+07
17256,4.90E+07
17257,5.56E+07
17258,5.64E+07
17259,5.69E+07
17260,2.47E+07
17261,3.30E+07
17262,3.08E+07
17263,3.99E+07
17264,3.55E+07
17265,4.81E+07
17266,4.67E+07
17267,2.48E+07
17268,3.45E+07
17269,3.62E+07
17270,3.15E+07
17271,2.37E+07
17272,4.84E+07
17273,3.89E+07
17274,3.74E+07
17275,4.24E+07
17276,4.07E+07
17277,6.15E+07
17278,6.58E+07
17279,7.53E+07
17280,6.52E+07
17281,4.64E+07
17282,5.64E+07
17283,4.83E+07
17284,5.84E+07
17285,5.06E+07
17286,4.76E+07
17287,3.86E+07
17288,4.34E+07
17289,4.38E+07
17290,3.73E+07
17291,4.38E+07
17292,4.38E+07
17293,6.24E+07
17294,5.84E+07
17295,5.51E+07
17296,4.79E+07
17297,5.94E+07
17298,4.77E+07
17299,3.68E+07
17300,2.58E+07
17301,2.78E+07
17302,3.36E+07
17303,3.68E+07
17304,2.83E+07
17305,4.01E+07
17306,4.22E+07
17307,3.36E+07
17308,3.96E+07
17309,4.18E+07
17310,7.73E+07
17311,6.62E+07
17312,6.81E+07
17313,2.03E+07
17314,1.63E+07
17315,2.16E+07
17316,2.17E+07
17317,7.44E+06
17318,2.38E+07
17319,1.11E+07
17320,2.26E+07
17321,1.26E+07
17322,3.54E+07
17323,5.05E+07
17324,6.66E+07
17325,5.31E+07
17326,4.03E+07
17327,7.16E+07
17328,7.24E+07
17329,6.63E+07
17330,5.18E+07
17331,4.01E+07
17332,4.64E+07
17333,3.18E+07
17334,2.27E+07
17335,4.36E+07
17336,7.03E+07
17337,4.13E+07
17338,6.59E+07
17339,6.73E+07
17340,4.23E+07
17341,1.92E+07
17342,9.80E+06
17343,6.87E+06
17344,2.07E+07
17345,1.74E+07
17346,1.65E+07
17347,1.44E+07
17348,3.56E+07
17349,1.50E+07
17350,3.07E+07
17351,1.30E+07
17352,5.68E+07
17353,5.14E+07
17354,2.85E+07
17355,5.24E+07
17356,4.32E+07
17357,2.97E+07
17358,7.88E+07
17359,7.98E+07
17360,7.47E+07
17361,6.58E+07
17362,8.77E+07
17363,8.59E+07
17364,3.51E+07
17365,5.03E+07
17366,5.40E+07
17367,4.74E+07
17368,4.38E+07
17369,3.62E+07
17370,1.94E+07
17371,2.66E+07
17372,3.16E+07
17373,1.94E+07
17374,4.46E+07
17375,1.82E+07
17376,5.23E+07
17377,6.16E+07
17378,6.03E+07
17379,5.86E+07
17380,2.88E+07
17381,4.99E+07
17382,5.11E+07
17383,2.38E+07
17384,3.82E+07
17385,5.68E+07
17386,5.52E+07
17387,5.34E+07
17388,4.51E+07
17389,6.12E+07
17390,6.53E+07
17391,6.56E+07
17392,6.75E+07
17393,6.33E+07
17394,6.12E+07
17395,4.90E+07
17396,5.32E+07
17397,4.49E+07
17398,4.76E+07
17399,5.08E+07
17400,5.70E+07
17401,6.25E+07
17402,4.54E+07
17403,5.97E+07
17404,6.06E+07
17405,6.34E+07
17406,5.53E+07
17407,3.55E+07
17408,2.91E+07
17409,4.33E+07
17410,4.04E+07
17411,4.13E+07
17412,5.56E+07
17413,4.33E+07
17414,6.39E+07
17415,4.96E+07
17416,5.01E+07
17417,4.67E+07
17418,7.46E+06
17419,3.89E+07
17420,1.89E+07
17421,3.54E+07
17422,1.45E+07
17423,2.99E+07
17424,3.10E+07
17425,1.88E+07
17426,1.54E+07
17427,5.41E+07
17428,4.43E+07
17429,1.71E+07
17430,1.12E+07
17431,3.77E+07
17432,4.61E+07
17433,2.94E+07
17434,5.51E+07
17435,2.93E+07
17436,1.60E+07
17437,3.42E+07
17438,1.05E+07
17439,2.06E+07
17440,5.63E+07
17441,6.65E+06
17442,3.50E+07
17443,4.68E+07
17444,6.12E+07
17445,5.86E+07
17446,4.73E+07
17447,6.34E+07
17448,2.95E+07
17449,4.47E+07
17450,4.66E+07
17451,3.63E+07
17452,5.48E+07
17453,6.12E+07
17454,5.43E+07
17455,5.57E+07
17456,4.53E+07
17457,4.87E+07
17458,3.40E+07
17459,3.51E+07
17460,3.41E+07
17461,5.25E+07
17462,5.03E+07
17463,4.88E+07
17464,3.32E+07
17465,3.30E+07
17466,2.03E+07
17467,3.00E+07
17468,1.46E+07
17469,2.77E+07
17470,3.83E+07
17471,1.30E+07
17472,2.26E+07
17473,4.95E+07
17474,3.78E+07
17475,5.94E+07
17476,5.63E+07
17477,1.61E+07
17478,5.77E+07
17479,4.84E+07
17480,4.23E+07
17481,3.03E+07
17482,3.88E+07
17483,2.61E+07
17484,2.19E+07
17485,3.51E+07
17486,5.35E+07
17487,4.83E+07
17488,3.56E+07
17489,4.79E+07
17490,6.02E+07
17491,6.51E+07
17492,6.38E+07
17493,5.10E+07
17494,4.09E+07
17495,5.10E+07
17496,4.33E+07
17497,3.70E+07
17498,4.26E+07
17499,4.69E+07
17500,3.91E+07
17501,2.95E+07
17502,4.44E+07
17503,5.43E+07
17504,3.74E+07
17505,4.87E+07
17506,6.70E+07
17507,4.27E+07
17508,1.35E+07
17509,1.23E+07
17510,2.78E+07
17511,2.17E+07
17512,1.00E+07
17513,1.53E+07
17514,1.15E+07
17515,2.72E+07
17516,7.90E+06
17517,4.14E+07
17518,1.62E+07
17519,2.21E+07
17520,6.51E+07
17521,6.45E+07
17522,5.72E+07
17523,6.51E+07
17524,5.02E+07
17525,4.61E+07
17526,4.35E+07
17527,4.77E+07
17528,5.42E+07
17529,5.79E+07
17530,5.00E+07
17531,5.45E+07
17532,4.71E+07
17533,6.66E+07
17534,6.58E+07
17535,6.72E+07
17536,5.69E+07
17537,4.68E+07
17538,5.40E+07
17539,4.99E+07
17540,5.77E+07
17541,5.67E+07
17542,6.10E+07
17543,5.67E+07
17544,5.23E+07
17545,5.22E+07
17546,6.17E+07
17547,6.28E+07
17548,4.12E+07
17549,3.88E+07
17550,3.26E+07
17551,2.95E+07
17552,4.25E+07
17553,5.90E+07
17554,4.64E+07
17555,5.96E+07
17556,5.63E+07
17557,6.54E+07
17558,5.93E+07
17559,4.54E+07
17560,3.22E+07
17561,4.49E+07
17562,1.34E+07
17563,3.24E+07
17564,2.01E+07
17565,3.20E+07
17566,2.14E+07
17567,4.80E+07
17568,2.31E+07
17569,1.07E+07
17570,1.85E+07
17571,1.77E+07
17572,6.39E+07
17573,6.59E+07
17574,6.60E+07
17575,6.73E+07
17576,4.80E+07
17577,5.51E+07
17578,5.94E+07
17579,5.52E+07
17580,6.00E+07
17581,5.33E+07
17582,4.78E+07
17583,4.64E+07
17584,5.62E+07
17585,5.23E+07
17586,6.27E+07
17587,4.07E+07
17588,1.15E+07
17589,3.16E+07
17590,1.17E+07
17591,1.53E+07
17592,1.76E+07
17593,2.41E+07
17594,1.35E+07
17595,1.90E+07
17596,1.75E+07
17597,1.87E+07
17598,1.86E+07
17599,3.01E+07
17600,3.21E+07
17601,4.20E+07
17602,4.38E+07
17603,1.02E+07
17604,2.08E+07
17605,2.00E+07
17606,1.43E+07
17607,9.27E+06
17608,2.95E+07
17609,1.96E+07
17610,2.03E+07
17611,1.14E+07
17612,4.15E+07
17613,3.23E+07
17614,1.40E+07
17615,3.56E+07
17616,2.27E+07
17617,4.35E+07
17618,4.09E+07
17619,4.16E+07
17620,4.41E+07
17621,2.20E+07
17622,1.15E+07
17623,5.88E+07
17624,6.16E+07
17625,5.28E+07
17626,4.45E+07
17627,4.58E+07
17628,2.64E+07
17629,3.66E+07
17630,3.78E+07
17631,4.54E+07
17632,4.26E+07
17633,3.54E+07
17634,4.47E+07
17635,2.00E+07
17636,2.20E+07
17637,4.32E+07
17638,2.68E+07
17639,2.30E+07
17640,2.55E+07
17641,1.89E+07
17642,2.84E+07
17643,1.21E+07
17644,1.71E+07
17645,3.71E+07
17646,3.62E+07
17647,1.51E+07
17648,2.02E+07
17649,1.25E+07
17650,2.55E+07
17651,2.70E+07
17652,2.69E+07
17653,2.94E+07
17654,2.38E+07
17655,3.05E+07
17656,2.12E+07
17657,1.57E+07
17658,1.03E+07
17659,1.49E+07
17660,1.08E+07
17661,9.85E+06
17662,6.64E+07
17663,6.63E+07
17664,6.26E+07
17665,6.67E+07
17666,4.78E+07
17667,5.49E+07
17668,4.69E+07
17669,3.86E+07
17670,4.69E+07
17671,6.35E+07
17672,4.60E+07
17673,6.57E+07
17674,5.46E+07
17675,5.23E+07
17676,5.84E+07
17677,2.11E+07
17678,3.30E+07
17679,1.11E+07
17680,2.66E+07
17681,3.48E+07
17682,1.92E+07
17683,4.24E+07
17684,3.90E+07
17685,3.92E+07
17686,3.85E+07
17687,2.42E+07
17688,4.25E+07
17689,3.63E+07
17690,2.77E+07
17691,2.23E+07
17692,2.82E+07
17693,1.16E+07
17694,3.42E+07
17695,2.11E+07
17696,1.37E+07
17697,6.18E+06
17698,3.20E+07
17699,2.57E+07
17700,2.01E+07
17701,3.14E+07
17702,6.85E+07
17703,6.69E+07
17704,6.74E+07
17705,6.17E+07
17706,5.75E+07
17707,5.92E+07
17708,6.29E+07
17709,5.37E+07
17710,5.28E+07
17711,5.18E+07
17712,5.43E+07
17713,6.31E+07
17714,6.95E+07
17715,6.72E+07
17716,5.56E+07
17717,6.23E+07
17718,5.00E+07
17719,4.42E+07
17720,2.15E+07
17721,3.21E+07
17722,3.57E+07
17723,3.68E+07
17724,2.03E+07
17725,2.19E+07
17726,1.75E+07
17727,5.23E+07
17728,4.91E+07
17729,3.95E+07
17730,3.96E+07
17731,1.72E+07
17732,1.29E+07
17733,1.65E+07
17734,2.17E+07
17735,1.63E+07
17736,1.46E+07
17737,2.49E+07
17738,1.46E+07
17739,2.14E+07
17740,3.23E+07
17741,1.78E+07
17742,3.04E+07
17743,6.61E+07
17744,6.38E+07
17745,5.66E+07
17746,6.37E+07
17747,5.06E+07
17748,5.28E+07
17749,4.36E+07
17750,4.75E+07
17751,5.67E+07
17752,6.99E+07
17753,4.57E+07
17754,6.18E+07
17755,6.14E+07
17756,5.78E+07
17757,6.54E+07
17758,6.64E+07
17759,6.12E+07
17760,4.12E+07
17761,5.19E+07
17762,4.08E+07
17763,6.77E+07
17764,5.36E+07
17765,3.85E+07
17766,4.06E+07
17767,5.70E+07
17768,5.43E+07
17769,5.22E+07
17770,5.59E+07
17771,2.35E+07
17772,5.12E+07
17773,3.76E+07
17774,4.38E+07
17775,2.39E+07
17776,2.32E+07
17777,2.49E+07
17778,3.05E+07
17779,4.07E+07
17780,3.15E+07
17781,5.44E+07
17782,5.63E+07
17783,5.03E+07
17784,3.95E+07
17785,4.80E+07
17786,4.87E+07
17787,1.63E+07
17788,3.87E+07
17789,3.79E+07
17790,1.23E+07
17791,2.09E+07
17792,3.52E+07
17793,4.20E+07
17794,4.97E+07
17795,5.46E+07
17796,5.69E+07
17797,6.24E+07
17798,4.12E+07
17799,4.92E+07
17800,5.09E+07
17801,3.17E+07
17802,2.00E+07
17803,2.14E+07
17804,3.97E+07
17805,3.33E+07
17806,3.94E+07
17807,4.93E+07
17808,6.11E+07
17809,2.59E+07
17810,2.83E+07
17811,4.34E+07
17812,3.89E+07
17813,3.81E+07
17814,5.23E+07
17815,1.04E+07
17816,1.10E+07
17817,3.46E+07
17818,2.30E+07
17819,2.60E+07
17820,4.43E+07
17821,4.55E+07
17822,5.43E+07
17823,2.50E+07
17824,2.29E+07
17825,2.65E+07
17826,2.86E+07
17827,6.99E+06
17828,1.04E+07
17829,3.76E+07
17830,1.52E+07
17831,3.16E+07
17832,3.54E+07
17833,2.00E+07
17834,1.54E+07
17835,2.78E+07
17836,7.43E+06
17837,2.53E+07
17838,1.03E+07
17839,3.39E+07
17840,3.75E+07
17841,9.98E+06
17842,3.32E+07
17843,2.10E+07
17844,3.61E+07
17845,3.47E+07
17846,1.15E+07
17847,3.59E+07
17848,4.11E+07
17849,5.14E+07
17850,3.30E+07
17851,4.53E+07
17852,4.80E+07
17853,3.74E+07
17854,3.52E+07
17855,4.31E+07
17856,5.06E+07
17857,3.75E+07
17858,2.86E+07
17859,4.06E+07
17860,4.41E+07
17861,6.25E+07
17862,6.15E+07
17863,4.29E+07
17864,5.47E+07
17865,5.42E+07
17866,4.55E+07
17867,5.92E+07
17868,4.81E+07
17869,5.41E+07
17870,5.94E+07
17871,4.43E+07
17872,2.65E+07
17873,1.65E+07
17874,3.70E+07
17875,1.35E+07
17876,1.46E+07
17877,2.26E+07
17878,1.59E+07
17879,1.48E+07
17880,2.23E+07
17881,3.17E+07
17882,3.02E+07
17883,4.12E+07
17884,9.12E+06
17885,1.38E+07
17886,3.83E+07
17887,1.45E+07
17888,3.54E+07
17889,4.55E+07
17890,1.86E+07
17891,3.95E+07
17892,4.50E+07
17893,3.02E+07
17894,4.08E+07
17895,4.42E+07
17896,2.80E+07
17897,2.42E+07
17898,2.35E+07
17899,2.38E+07
17900,1.89E+07
17901,1.34E+07
17902,2.76E+07
17903,1.52E+07
17904,1.04E+07
17905,1.30E+07
17906,2.91E+07
17907,1.03E+07
17908,1.66E+07
17909,2.92E+07
17910,1.35E+07
17911,2.82E+07
17912,4.37E+07
17913,5.25E+07
17914,1.97E+07
17915,1.87E+07
17916,3.37E+07
17917,3.39E+07
17918,2.14E+07
17919,4.95E+07
17920,3.48E+07
17921,4.48E+07
17922,1.10E+08
17923,1.11E+08
17924,1.13E+08
17925,1.10E+08
17926,1.05E+08
17927,9.16E+07
17928,7.98E+07
17929,9.61E+07
17930,7.04E+07
17931,9.27E+07
17932,9.03E+07
17933,7.62E+07
17934,9.40E+07
17935,7.54E+07
17936,8.68E+07
17937,4.06E+07
17938,7.15E+07
17939,5.30E+07
17940,7.01E+07
17941,5.36E+07
17942,5.53E+07
17943,5.16E+07
17944,5.93E+07
17945,4.33E+07
17946,3.25E+07
17947,3.88E+07
17948,4.20E+07
17949,3.27E+07
17950,2.70E+07
17951,4.54E+07
17952,4.46E+07
17953,4.47E+07
17954,3.99E+07
17955,4.40E+07
17956,4.80E+07
17957,4.09E+07
17958,1.77E+07
17959,3.29E+07
17960,3.23E+07
17961,2.99E+07
17962,3.38E+07
17963,2.51E+07
17964,1.79E+07
17965,2.71E+07
17966,2.85E+07
17967,2.50E+07
17968,2.19E+07
17969,2.88E+07
17970,2.98E+07
17971,4.32E+07
17972,2.35E+07
17973,2.57E+07
17974,4.22E+07
17975,4.12E+07
17976,3.29E+07
17977,3.10E+07
17978,3.06E+07
17979,3.80E+07
17980,3.26E+07
17981,3.63E+07
17982,2.47E+07
17983,7.37E+07
17984,5.61E+07
17985,6.17E+07
17986,6.15E+07
17987,7.11E+07
17988,8.11E+07
17989,5.15E+07
17990,6.00E+07
17991,5.12E+07
17992,1.99E+07
17993,2.65E+06
17994,2.10E+07
17995,1.52E+07
17996,5.20E+07
17997,5.55E+07
17998,5.71E+07
17999,5.81E+07
18000,5.37E+07
18001,5.87E+07
18002,1.67E+07
18003,1.64E+07
18004,3.03E+07
18005,2.62E+07
18006,3.13E+07
18007,3.75E+07
18008,2.39E+07
18009,3.76E+07
18010,3.66E+07
18011,3.79E+07
18012,2.97E+07
18013,2.27E+07
18014,4.04E+07
18015,3.76E+07
18016,3.55E+07
18017,3.93E+07
18018,4.49E+07
18019,3.01E+07
18020,7.05E+07
18021,4.09E+07
18022,7.09E+07
18023,3.84E+07
18024,5.49E+07
18025,5.16E+07
18026,5.92E+07
18027,6.62E+07
18028,5.74E+07
18029,7.38E+07
18030,7.38E+07
18031,7.38E+07
18032,7.80E+07
18033,7.31E+07
18034,6.86E+07
18035,6.77E+07
18036,4.79E+07
18037,5.08E+07
18038,5.16E+07
18039,5.10E+07
18040,9.70E+07
18041,9.52E+07
18042,1.01E+08
18043,8.94E+07
18044,7.70E+07
18045,6.49E+07
18046,6.51E+07
18047,6.51E+07
18048,9.41E+07
18049,1.40E+07
18050,2.26E+07
18051,2.35E+07
18052,2.69E+07
18053,5.23E+06
18054,1.36E+07
18055,9.12E+07
18056,7.56E+07
18057,8.01E+07
18058,7.81E+07
18059,9.27E+07
18060,7.70E+07
18061,7.86E+07
18062,7.78E+07
18063,8.92E+07
18064,9.50E+07
18065,7.84E+07
18066,9.05E+07
18067,6.22E+07
18068,6.97E+07
18069,6.35E+07
18070,6.49E+07
18071,8.37E+07
18072,6.47E+07
18073,6.95E+07
18074,8.04E+07
18075,6.86E+07
18076,6.51E+07
18077,1.05E+08
18078,9.69E+07
18079,8.71E+07
18080,7.91E+07
18081,9.09E+07
18082,9.64E+07
18083,6.75E+07
18084,5.65E+07
18085,8.11E+07
18086,8.26E+07
18087,6.54E+07
18088,8.46E+07
18089,6.94E+07
18090,6.50E+07
18091,5.11E+07
18092,6.15E+07
18093,8.75E+07
18094,8.61E+07
18095,7.19E+07
18096,6.41E+07
18097,6.85E+07
18098,4.75E+07
18099,6.25E+07
18100,6.31E+07
18101,5.07E+07
18102,6.44E+07
18103,5.62E+07
18104,2.50E+07
18105,1.92E+07
18106,3.66E+07
18107,2.69E+07
18108,3.32E+07
18109,3.29E+07
18110,6.17E+07
18111,5.32E+07
18112,3.91E+07
18113,5.83E+07
18114,5.33E+07
18115,5.39E+07
18116,3.19E+07
18117,4.08E+07
18118,3.46E+07
18119,2.83E+07
18120,3.36E+07
18121,7.15E+07
18122,6.17E+07
18123,6.56E+07
18124,5.30E+07
18125,3.71E+07
18126,2.18E+07
18127,3.01E+07
18128,4.01E+07
18129,6.84E+07
18130,4.84E+07
18131,3.55E+07
18132,8.01E+07
18133,5.04E+07
18134,1.23E+07
18135,5.77E+07
18136,2.76E+07
18137,1.51E+07
18138,1.73E+07
18139,5.18E+07
18140,2.71E+07
18141,3.47E+07
18142,4.69E+07
18143,9.75E+07
18144,8.26E+07
18145,7.57E+07
18146,1.00E+08
18147,9.10E+07
18148,7.11E+07
18149,7.51E+07
18150,7.47E+07
18151,8.86E+07
18152,4.60E+07
18153,4.49E+07
18154,4.73E+07
18155,4.25E+07
18156,4.64E+07
18157,4.15E+07
18158,4.29E+07
18159,4.55E+07
18160,4.09E+07
18161,3.58E+07
18162,3.23E+07
18163,4.50E+07
18164,5.06E+07
18165,5.08E+07
18166,3.82E+07
18167,4.60E+07
18168,4.03E+07
18169,3.47E+07
18170,3.52E+07
18171,4.08E+07
18172,1.07E+08
18173,1.09E+08
18174,1.08E+08
18175,1.07E+08
18176,1.11E+08
18177,7.43E+07
18178,9.71E+07
18179,8.22E+07
18180,7.79E+07
18181,8.62E+07
18182,1.06E+07
18183,1.14E+07
18184,2.16E+07
18185,2.48E+07
18186,6.18E+06
18187,1.11E+07
18188,3.31E+07
18189,1.80E+07
18190,2.83E+07
18191,2.81E+07
18192,7.53E+06
18193,1.64E+07
18194,2.98E+07
18195,6.12E+07
18196,4.16E+07
18197,1.10E+07
18198,5.37E+07
18199,6.20E+07
18200,5.78E+07
18201,2.40E+07
18202,1.86E+07
18203,2.03E+07
18204,2.54E+07
18205,3.47E+07
18206,3.40E+07
18207,2.93E+07
18208,2.10E+06
18209,7.15E+06
18210,2.50E+06
18211,1.76E+07
18212,5.88E+06
18213,2.10E+07
18214,1.92E+07
18215,9.29E+06
18216,3.08E+07
18217,1.17E+07
18218,1.47E+07
18219,3.15E+07
18220,3.53E+07
18221,2.32E+07
18222,1.85E+07
18223,3.67E+07
18224,4.63E+07
18225,4.79E+07
18226,4.12E+07
18227,4.80E+07
18228,4.39E+07
18229,4.25E+07
18230,4.54E+07
18231,3.63E+07
18232,3.50E+07
18233,4.95E+07
18234,3.80E+07
18235,7.32E+07
18236,3.60E+07
18237,5.34E+07
18238,8.71E+07
18239,6.28E+07
18240,7.37E+07
18241,3.85E+07
18242,5.38E+07
18243,6.16E+07
18244,7.29E+07
18245,9.46E+07
18246,5.67E+07
18247,7.28E+07
18248,5.06E+07
18249,1.07E+08
18250,9.68E+07
18251,6.14E+07
18252,3.19E+07
18253,2.83E+07
18254,3.67E+07
18255,2.65E+07
18256,3.99E+07
18257,3.43E+07
18258,4.05E+07
18259,3.71E+07
18260,3.96E+07
18261,3.89E+07
18262,3.63E+07
18263,3.68E+07
18264,2.57E+07
18265,3.85E+07
18266,3.88E+07
18267,2.81E+07
18268,1.12E+08
18269,1.10E+08
18270,1.23E+08
18271,1.14E+08
18272,1.14E+08
18273,1.18E+08
18274,7.98E+07
18275,9.31E+07
18276,1.74E+07
18277,1.18E+07
18278,1.81E+07
18279,3.65E+07
18280,2.06E+07
18281,3.35E+07
18282,9.58E+06
18283,3.50E+07
18284,1.75E+07
18285,3.17E+07
18286,3.26E+07
18287,4.87E+07
18288,4.09E+07
18289,3.45E+07
18290,3.46E+07
18291,3.52E+07
18292,4.39E+07
18293,4.24E+07
18294,3.65E+07
18295,3.48E+07
18296,3.60E+07
18297,9.68E+07
18298,9.46E+07
18299,7.50E+07
18300,7.44E+07
18301,6.83E+07
18302,6.91E+07
18303,9.27E+07
18304,5.59E+07
18305,5.50E+07
18306,2.49E+07
18307,4.01E+07
18308,2.75E+07
18309,3.91E+07
18310,4.83E+07
18311,6.47E+07
18312,5.72E+07
18313,5.34E+07
18314,4.44E+07
18315,1.89E+07
18316,7.36E+06
18317,1.93E+07
18318,8.67E+07
18319,9.17E+07
18320,8.16E+07
18321,1.05E+08
18322,8.59E+07
18323,8.95E+07
18324,9.36E+07
18325,8.74E+07
18326,1.03E+08
18327,1.03E+08
18328,8.33E+07
18329,9.53E+07
18330,6.96E+07
18331,6.07E+07
18332,6.68E+07
18333,5.65E+07
18334,5.56E+07
18335,5.59E+07
18336,5.79E+07
18337,5.40E+07
18338,5.88E+07
18339,5.47E+07
18340,6.17E+07
18341,5.74E+07
18342,1.01E+08
18343,1.06E+08
18344,7.87E+07
18345,8.29E+07
18346,8.64E+07
18347,7.73E+07
18348,6.97E+07
18349,4.18E+07
18350,1.96E+07
18351,3.47E+07
18352,2.60E+07
18353,2.20E+07
18354,3.31E+07
18355,3.14E+07
18356,3.65E+06
18357,1.67E+07
18358,4.58E+06
18359,1.95E+07
18360,9.86E+06
18361,3.58E+07
18362,3.28E+06
18363,7.27E+07
18364,9.03E+07
18365,8.03E+07
18366,7.83E+07
18367,8.66E+07
18368,1.09E+08
18369,1.02E+08
18370,9.09E+07
18371,1.05E+08
18372,1.08E+08
18373,9.86E+07
18374,5.74E+07
18375,5.75E+07
18376,5.02E+07
18377,5.09E+07
18378,5.55E+07
18379,6.08E+07
18380,4.91E+07
18381,5.73E+07
18382,6.09E+07
18383,5.34E+07
18384,3.34E+07
18385,4.34E+07
18386,2.75E+07
18387,2.33E+07
18388,4.04E+07
18389,3.51E+07
18390,3.89E+07
18391,3.56E+07
18392,2.78E+07
18393,3.50E+07
18394,2.82E+07
18395,7.17E+07
18396,8.69E+07
18397,7.09E+07
18398,7.29E+07
18399,4.97E+07
18400,6.71E+07
18401,8.88E+07
18402,7.22E+07
18403,8.41E+07
18404,6.13E+07
18405,3.84E+06
18406,7.04E+06
18407,2.16E+06
18408,5.98E+06
18409,7.80E+07
18410,9.41E+07
18411,9.28E+07
18412,7.68E+07
18413,7.72E+07
18414,9.58E+07
18415,7.74E+07
18416,7.87E+07
18417,7.31E+07
18418,9.66E+07
18419,8.48E+07
18420,1.49E+07
18421,2.56E+07
18422,1.59E+07
18423,2.34E+07
18424,1.86E+07
18425,2.25E+07
18426,2.47E+07
18427,9.87E+07
18428,1.07E+08
18429,1.11E+08
18430,7.40E+07
18431,1.07E+08
18432,1.12E+08
18433,8.05E+07
18434,1.01E+08
18435,1.04E+08
18436,8.10E+07
18437,1.33E+07
18438,2.01E+07
18439,9.91E+06
18440,1.85E+07
18441,1.39E+07
18442,1.98E+07
18443,1.04E+07
18444,2.15E+07
18445,1.40E+07
18446,9.73E+06
18447,1.74E+07
18448,5.12E+07
18449,1.56E+07
18450,1.95E+07
18451,3.03E+07
18452,3.48E+07
18453,3.33E+07
18454,6.23E+06
18455,5.42E+07
18456,4.11E+07
18457,6.86E+07
18458,4.65E+07
18459,6.69E+07
18460,4.96E+07
18461,4.84E+07
18462,3.63E+07
18463,3.72E+07
18464,5.96E+07
18465,5.55E+07
18466,6.15E+07
18467,5.88E+07
18468,5.61E+07
18469,4.19E+07
18470,3.89E+07
18471,6.26E+07
18472,4.74E+07
18473,6.83E+07
18474,5.86E+07
18475,6.12E+07
18476,7.31E+07
18477,9.65E+07
18478,6.79E+07
18479,1.73E+07
18480,2.22E+07
18481,1.51E+07
18482,2.40E+07
18483,2.88E+07
18484,2.43E+07
18485,6.56E+07
18486,8.62E+07
18487,8.31E+07
18488,5.11E+07
18489,7.69E+07
18490,8.63E+07
18491,7.72E+07
18492,9.15E+07
18493,7.66E+07
18494,3.65E+07
18495,1.21E+07
18496,1.07E+07
18497,3.43E+07
18498,2.48E+07
18499,7.44E+07
18500,9.03E+07
18501,7.29E+07
18502,9.09E+07
18503,8.21E+07
18504,7.97E+07
18505,6.73E+07
18506,7.74E+07
18507,6.70E+07
18508,6.79E+07
18509,6.49E+07
18510,6.37E+07
18511,7.18E+07
18512,3.42E+07
18513,2.96E+07
18514,4.16E+07
18515,3.56E+07
18516,4.22E+07
18517,4.08E+07
18518,3.17E+07
18519,4.26E+07
18520,5.57E+07
18521,5.30E+07
18522,5.42E+07
18523,5.44E+07
18524,4.77E+07
18525,5.14E+07
18526,5.79E+07
18527,5.16E+07
18528,5.03E+07
18529,5.44E+07
18530,4.88E+07
18531,6.38E+07
18532,5.56E+07
18533,5.73E+07
18534,5.95E+07
18535,5.92E+07
18536,5.90E+07
18537,5.57E+07
18538,7.96E+07
18539,8.21E+07
18540,1.02E+08
18541,8.03E+07
18542,9.38E+07
18543,8.67E+07
18544,1.04E+08
18545,9.31E+07
18546,8.71E+07
18547,9.92E+07
18548,1.04E+08
18549,8.10E+07
18550,4.59E+07
18551,4.90E+07
18552,4.80E+07
18553,4.24E+07
18554,4.40E+07
18555,4.65E+07
18556,4.62E+07
18557,4.99E+07
18558,5.12E+07
18559,4.77E+07
18560,4.52E+07
18561,5.04E+07
18562,4.54E+07
18563,5.76E+07
18564,8.49E+07
18565,7.23E+07
18566,7.62E+07
18567,8.12E+07
18568,8.15E+07
18569,4.22E+07
18570,7.48E+07
18571,4.28E+07
18572,5.04E+07
18573,6.31E+07
18574,5.50E+07
18575,1.37E+07
18576,4.19E+07
18577,4.24E+07
18578,2.98E+07
18579,9.94E+06
18580,2.87E+07
18581,3.46E+07
18582,2.12E+07
18583,2.21E+07
18584,2.24E+07
18585,3.39E+07
18586,1.65E+07
18587,4.23E+07
18588,4.22E+07
18589,3.07E+07
18590,2.74E+07
18591,2.94E+07
18592,3.55E+07
18593,3.63E+07
18594,3.74E+07
18595,3.85E+07
18596,3.00E+07
18597,4.57E+07
18598,3.75E+07
18599,2.61E+07
18600,4.00E+07
18601,4.08E+07
18602,4.24E+07
18603,4.44E+07
18604,7.96E+07
18605,7.73E+07
18606,8.27E+07
18607,3.92E+07
18608,4.36E+07
18609,6.31E+07
18610,4.91E+07
18611,8.77E+07
18612,9.15E+07
18613,8.01E+07
18614,9.78E+07
18615,6.35E+07
18616,5.13E+07
18617,6.40E+07
18618,6.89E+07
18619,6.53E+07
18620,4.83E+07
18621,4.59E+07
18622,5.18E+07
18623,4.36E+07
18624,4.83E+07
18625,4.83E+07
18626,5.60E+07
18627,5.70E+07
18628,6.95E+07
18629,64136
18630,1.46E+05
18631,9.0283
18632,14.612
18633,24.124
18634,9.8604
18635,90.149
18636,72.764
18637,116.55
18638,2.35E+06
18639,1.83E+06
18640,1.95E+07
18641,1.76E+07
18642,3.21E+07
18643,2.06E+07
18644,4.16E+07
18645,2.80E+07
18646,6.79E+05
18647,3.41E+05
18648,8.03E+05
18649,5.64E+07
18650,5.39E+07
18651,3.77E+07
18652,2.71E+07
18653,3.74E+07
18654,2.64E+07
18655,8.66E+06
18656,2.03E+07
18657,4.04E+07
18658,1.00E+08
18659,1.07E+08
18660,1.12E+08
18661,1.10E+08
18662,5.13E+07
18663,3.47E+07
18664,3.76E+07
18665,3.41E+07
18666,3.37E+07
18667,4.61E+07
18668,3.42E+07
18669,4.89E+07
18670,4.85E+07
18671,4.92E+07
18672,2.84E+07
18673,1.36E+07
18674,6.49E+07
18675,3.06E+06
18676,4.65E+07
18677,3.78E+07
18678,7.50E+06
18679,6.64E+07
18680,1.61E+07
18681,3.27E+07
18682,5.72E+07
18683,4.90E+07
18684,4.76E+07
18685,7.37E+07
18686,5.01E+07
18687,9.15E+07
18688,8.94E+07
18689,1.05E+08
18690,8.91E+07
18691,1.00E+08
18692,1.06E+08
18693,9.99E+07
18694,9.72E+07
18695,9.05E+07
18696,8.74E+07
18697,9.60E+07
18698,1.01E+08
18699,9.10E+07
18700,1.03E+08
18701,7.00E+07
18702,6.37E+07
18703,6.79E+07
18704,7.20E+07
18705,7.28E+07
18706,5.08E+07
18707,5.52E+07
18708,6.18E+07
18709,6.79E+07
18710,6.90E+07
18711,6.45E+07
18712,6.04E+07
18713,5.55E+07
18714,6.32E+07
18715,5.70E+07
18716,6.44E+07
18717,5.52E+07
18718,3.48E+07
18719,2.72E+07
18720,4.44E+07
18721,3.69E+07
18722,4.37E+07
18723,4.09E+07
18724,3.69E+07
18725,3.76E+07
18726,5.38E+07
18727,6.11E+07
18728,6.70E+07
18729,6.88E+07
18730,5.07E+07
18731,5.12E+07
18732,5.72E+07
18733,5.91E+07
18734,8.24E+07
18735,7.46E+07
18736,6.69E+07
18737,5.11E+07
18738,1.26E+07
18739,6.20E+07
18740,5.10E+07
18741,3.07E+07
18742,7.57E+07
18743,3.42E+07
18744,6.82E+07
18745,5.94E+07
18746,1.19E+08
18747,1.12E+08
18748,1.11E+08
18749,8.77E+07
18750,7.77E+07
18751,8.86E+07
18752,9.46E+07
18753,4.08E+07
18754,4.97E+07
18755,3.23E+07
18756,4.75E+07
18757,3.59E+07
18758,3.51E+07
18759,2.97E+07
18760,3.31E+07
18761,3.04E+07
18762,4.92E+07
18763,5.28E+07
18764,5.37E+07
18765,4.13E+07
18766,5.33E+07
18767,6.32E+07
18768,5.02E+07
18769,3.41E+07
18770,4.56E+07
18771,5.04E+07
18772,4.51E+07
18773,5.02E+07
18774,4.45E+07
18775,3.97E+07
18776,4.47E+07
18777,4.79E+07
18778,4.05E+07
18779,3.43E+07
18780,3.84E+07
18781,3.75E+07
18782,4.09E+07
18783,3.54E+07
18784,9.80E+07
18785,7.37E+07
18786,9.76E+07
18787,6.73E+07
18788,1.14E+08
18789,1.21E+08
18790,1.11E+08
18791,1.22E+08
18792,1.10E+08
18793,7.59E+07
18794,8.59E+07
18795,7.57E+07
18796,8.36E+07
18797,2.88E+07
18798,1.81E+07
18799,2.32E+07
18800,3.02E+07
18801,3.20E+07
18802,6.74E+07
18803,7.07E+07
18804,6.22E+07
18805,6.32E+07
18806,5.77E+07
18807,9.05E+07
18808,9.24E+07
18809,8.27E+07
18810,1.02E+08
18811,7.43E+07
18812,1.05E+08
18813,4.94E+07
18814,5.18E+07
18815,5.07E+07
18816,4.35E+07
18817,4.46E+07
18818,4.52E+07
18819,4.94E+07
18820,4.59E+07
18821,3.88E+07
18822,4.83E+07
18823,4.87E+07
18824,4.02E+07
18825,4.34E+07
18826,3.27E+06
18827,7.84E+07
18828,8.59E+07
18829,9.01E+07
18830,8.59E+07
18831,8.17E+07
18832,9.29E+07
18833,87.612
18834,50.629
18835,63.964
18836,109.7
18837,6.98E+07
18838,7.02E+07
18839,6.08E+07
18840,6.28E+07
18841,7.68E+07
18842,6.77E+07
18843,9.38E+06
18844,9.61E+06
18845,4.74E+06
18846,7.47E+07
18847,8.09E+07
18848,1.04E+08
18849,8.67E+07
18850,4.59E+07
18851,3.02E+07
18852,1.73E+07
18853,5.18E+07
18854,3.91E+07
18855,2.69E+07
18856,3.51E+07
18857,3.95E+07
18858,6.57E+07
18859,7.34E+07
18860,6.52E+07
18861,7.31E+07
18862,7.36E+07
18863,8.45E+07
18864,7.08E+07
18865,8.60E+07
18866,6.95E+07
18867,6.64E+07
18868,7.08E+07
18869,9.07E+07
18870,4.30E+07
18871,1.38E+07
18872,2.05E+07
18873,2.65E+07
18874,2.88E+07
18875,3.39E+07
18876,4.75E+07
18877,4.46E+07
18878,4.31E+07
18879,2.91E+07
18880,7.78E+07
18881,6.86E+07
18882,5.56E+07
18883,5.25E+07
18884,4.51E+07
18885,5.13E+07
18886,4.98E+07
18887,4.53E+07
18888,2.02E+07
18889,8.28E+06
18890,2.85E+06
18891,7.15E+07
18892,6.92E+07
18893,7.06E+07
18894,6.90E+07
18895,8.02E+07
18896,7.61E+07
18897,5.97E+07
18898,5.19E+07
18899,4.22E+07
18900,4.90E+07
18901,6.92E+07
18902,6.85E+07
18903,6.13E+07
18904,6.07E+07
18905,6.55E+07
18906,6.62E+07
18907,9.60E+07
18908,9.01E+07
18909,1.13E+08
18910,9.55E+07
18911,1.08E+08
18912,1.13E+08
18913,9.62E+07
18914,1.20E+08
18915,1.10E+08
18916,4.90E+06
18917,1.37E+07
18918,4.42E+06
18919,8.85E+06
18920,3.57E+07
18921,2.39E+07
18922,3.40E+07
18923,4.40E+07
18924,9.94E+07
18925,1.03E+08
18926,1.10E+08
18927,2.32E+07
18928,3.36E+07
18929,1.03E+07
18930,5.29E+07
18931,3.40E+07
18932,7.88E+07
18933,7.82E+07
18934,6.77E+07
18935,6.33E+07
18936,7.04E+07
18937,4.81E+07
18938,5.88E+07
18939,6.34E+07
18940,6.02E+07
18941,5.28E+07
18942,5.34E+07
18943,4.63E+07
18944,7.03E+07
18945,8.08E+07
18946,7.05E+07
18947,6.73E+07
18948,1.26E+08
18949,1.21E+08
18950,1.14E+08
18951,1.14E+08
18952,9.30E+07
18953,1.19E+08
18954,1.16E+08
18955,1.11E+08
18956,1.16E+08
18957,1.25E+08
18958,1.12E+08
18959,1.02E+08
18960,8.56E+07
18961,8.78E+07
18962,1.19E+08
18963,1.24E+08
18964,1.18E+08
18965,1.21E+08
18966,9.47E+07
18967,9.21E+07
18968,9.83E+07
18969,1.07E+08
18970,3.06E+07
18971,4.43E+07
18972,4.51E+07
18973,2.39E+07
18974,3.37E+07
18975,1.59E+07
18976,4.57E+07
18977,2.96E+07
18978,9.53E+07
18979,7.47E+07
18980,6.92E+07
18981,6.87E+07
18982,6.81E+07
18983,6.49E+07
18984,7.93E+07
18985,4.51E+07
18986,4.91E+07
18987,4.74E+07
18988,4.04E+07
18989,3.47E+07
18990,3.47E+07
18991,4.00E+07
18992,3.31E+07
18993,3.61E+07
18994,3.51E+07
18995,3.83E+07
18996,2.74E+07
18997,3.86E+07
18998,4.27E+07
18999,3.17E+07
19000,3.37E+07
19001,3.64E+07
19002,3.72E+07
19003,2.29E+07
19004,3.95E+07
19005,3.67E+07
19006,1.68E+07
19007,3.81E+07
19008,3.22E+07
19009,3.49E+07
19010,5.61E+07
19011,3.69E+07
19012,1.48E+07
19013,3.61E+07
19014,2.49E+07
19015,1.70E+07
19016,3.76E+07
19017,6.18E+07
19018,7.57E+07
19019,8.93E+07
19020,7.32E+07
19021,5.36E+07
19022,5.03E+07
19023,4.78E+07
19024,2.02E+07
19025,2.63E+07
19026,3.42E+07
19027,2.11E+07
19028,3.38E+07
19029,3.42E+07
19030,2.77E+07
19031,3.42E+07
19032,2.62E+07
19033,2.37E+07
19034,3.01E+07
19035,1.72E+07
19036,2.99E+07
19037,3.01E+07
19038,1.25E+07
19039,1.90E+07
19040,1.61E+07
19041,1.56E+07
19042,1.94E+05
19043,7.51E+05
19044,1.52E+07
19045,1.63E+07
19046,2.36E+07
19047,2.04E+07
19048,1.80E+07
19049,2.81E+07
19050,1.24E+07
19051,1.37E+07
19052,1.74E+07
19053,2.36E+07
19054,3.31E+07
19055,3.55E+07
19056,2.40E+07
19057,2.22E+07
19058,5.0609
19059,2.964
19060,2.87E+06
19061,2.84E+06
19062,3.17E+06
19063,3.23E+05
19064,9.25E+05
19065,1.27E+06
19066,47.376
19067,3.62E+06
19068,7.04E+06
19069,4.83E+06
19070,3.25E+06
19071,2.90E+06
19072,3.51E+06
19073,8.48E+07
19074,7.71E+07
19075,1.03E+08
19076,9.93E+06
19077,4.72E+06
19078,6.52E+06
19079,3.16E+07
19080,2.45E+07
19081,2.69E+07
19082,2.51E+07
19083,2.87E+07
19084,2.81E+07
19085,1.90E+07
19086,1.52E+07
19087,2.18E+07
19088,1.90E+07
19089,1.00E+08
19090,1.04E+08
19091,1.05E+08
19092,1.03E+08
19093,7.12E+07
19094,7.38E+07
19095,6.53E+07
19096,8.59E+07
19097,7.49E+07
19098,1.10E+08
19099,1.10E+08
19100,1.18E+08
19101,1.13E+08
19102,9.31E+07
19103,9.87E+07
19104,7.19E+07
19105,8.36E+07
19106,6.96E+07
19107,5.38E+07
19108,7.90E+07
19109,6.19E+07
19110,1.18E+08
19111,1.24E+08
19112,1.25E+08
19113,1.03E+08
19114,1.24E+08
19115,8.83E+07
19116,8.35E+07
19117,9.90E+07
19118,6.16E+07
19119,5.95E+07
19120,3.12E+07
19121,7.08E+07
19122,5.02E+07
19123,4.23E+07
19124,6.56E+07
19125,5.40E+07
19126,5.28E+07
19127,5.75E+07
19128,4.71E+07
19129,5.27E+07
19130,5.11E+07
19131,5.40E+07
19132,6.12E+07
19133,6.00E+07
19134,5.63E+07
19135,3.10E+07
19136,4.12E+07
19137,4.07E+07
19138,4.06E+07
19139,4.00E+07
19140,1.32E+08
19141,1.34E+08
19142,1.29E+08
19143,1.00E+08
19144,1.17E+08
19145,2.32E+07
19146,3.02E+07
19147,9.36E+07
19148,9.97E+07
19149,1.00E+08
19150,1.02E+08
19151,1.02E+08
19152,8.43E+07
19153,7.59E+07
19154,6.20E+07
19155,6.15E+07
19156,3.43E+07
19157,5.34E+07
19158,5.16E+07
19159,4.21E+07
19160,4.74E+07
19161,3.89E+07
19162,3.97E+07
19163,4.06E+07
19164,3.38E+07
19165,4.73E+07
19166,5.70E+07
19167,5.54E+07
19168,3.62E+07
19169,4.32E+07
19170,5.29E+07
19171,4.05E+07
19172,4.44E+07
19173,5.13E+07
19174,4.74E+07
19175,6.10E+07
19176,5.33E+07
19177,6.02E+07
19178,5.26E+07
19179,6.76E+07
19180,5.26E+07
19181,6.83E+07
19182,3.76E+07
19183,3.82E+07
19184,3.15E+07
19185,3.03E+07
19186,4.21E+07
19187,3.32E+07
19188,2.52E+07
19189,3.85E+07
19190,4.41E+07
19191,3.82E+07
19192,4.94E+07
19193,4.87E+07
19194,4.84E+07
19195,4.52E+07
19196,3.52E+07
19197,3.41E+07
19198,3.43E+07
19199,3.08E+07
19200,3.35E+07
19201,2.51E+06
19202,1.06E+06
19203,7.71E+07
19204,7.14E+07
19205,4.76E+07
19206,5.43E+07
19207,6.51E+07
19208,7.07E+07
19209,5.47E+07
19210,6.09E+07
19211,5.55E+07
19212,6.11E+07
19213,6.10E+07
19214,4.65E+07
19215,5.21E+07
19216,5.30E+07
19217,3.49E+07
19218,4.29E+07
19219,4.10E+07
19220,4.21E+07
19221,4.92E+07
19222,1.83E+07
19223,2.07E+07
19224,98.842
19225,22.188
19226,43.983
19227,7.90E+07
19228,7.22E+07
19229,6.34E+07
19230,7.84E+07
19231,4.40E+07
19232,6.55E+07
19233,3.69E+07
19234,3.76E+07
19235,5.41E+07
19236,2.17E+07
19237,5.93E+07
19238,4.10E+07
19239,4.87E+07
19240,3.27E+07
19241,2.58E+07
19242,4.77E+07
19243,4.34E+07
19244,4.68E+07
19245,4.20E+07
19246,5.04E+07
19247,3.83E+07
19248,2.27E+07
19249,2.65E+07
19250,1.41E+07
19251,2.39E+07
19252,3.31E+07
19253,1.68E+07
19254,2.08E+07
19255,6.30E+07
19256,5.35E+07
19257,5.96E+07
19258,3.51E+07
19259,2.75E+07
19260,4.02E+07
19261,5.34E+07
19262,5.00E+07
19263,6.93E+07
19264,6.22E+07
19265,7.18E+07
19266,7.30E+07
19267,5.95E+07
19268,4.80E+07
19269,4.82E+07
19270,1.00E+08
19271,9.88E+07
19272,9.95E+07
19273,9.13E+07
19274,6.65E+07
19275,5.52E+07
19276,5.37E+07
19277,8.74E+07
19278,8.29E+07
19279,7.03E+07
19280,6.46E+07
19281,6.90E+07
19282,5.84E+07
19283,6.07E+07
19284,6.32E+07
19285,6.05E+07
19286,5.00E+07
19287,6.36E+07
19288,6.75E+07
19289,7.04E+07
19290,1.02E+08
19291,1.01E+08
19292,1.06E+08
19293,9.31E+07
19294,7.62E+07
19295,9.09E+07
19296,7.69E+07
19297,7.12E+07
19298,6.84E+07
19299,6.34E+07
19300,6.73E+07
19301,6.15E+07
19302,5.71E+07
19303,6.39E+07
19304,5.38E+07
19305,5.67E+07
19306,6.23E+07
19307,5.92E+07
19308,5.89E+07
19309,6.27E+07
19310,6.95E+07
19311,1.17E+08
19312,1.15E+08
19313,1.13E+08
19314,1.11E+08
19315,1.16E+08
19316,8.24E+07
19317,7.32E+07
19318,8.44E+07
19319,7.50E+07
19320,9.20E+07
19321,7.23E+07
19322,6.21E+07
19323,6.42E+07
19324,6.66E+07
19325,5.38E+07
19326,5.59E+07
19327,5.19E+07
19328,5.46E+07
19329,6.95E+07
19330,6.41E+07
19331,6.91E+07
19332,5.75E+07
19333,5.42E+07
19334,5.41E+07
19335,7.02E+07
19336,4.08E+07
19337,6.73E+07
19338,5.19E+07
19339,1.10E+08
19340,1.10E+08
19341,1.12E+08
19342,1.14E+08
19343,1.10E+08
19344,1.05E+08
19345,7.37E+07
19346,7.92E+07
19347,9.78E+07
19348,7.79E+07
19349,8.10E+07
19350,8.59E+07
19351,8.82E+07
19352,9.29E+07
19353,8.49E+07
19354,5.30E+07
19355,5.59E+07
19356,6.74E+07
19357,8.83E+07
19358,9.22E+07
19359,8.65E+07
19360,8.33E+07
19361,6.15E+07
19362,7.61E+07
19363,8.30E+07
19364,9.16E+07
19365,8.93E+07
19366,9.23E+07
19367,8.08E+07
19368,6.67E+07
19369,6.84E+07
19370,5.52E+07
19371,4.32E+07
19372,4.10E+07
19373,7.24E+07
19374,7.34E+07
19375,7.67E+07
19376,6.92E+07
19377,5.86E+07
19378,5.35E+07
19379,6.33E+07
19380,7.04E+07
19381,8.19E+07
19382,6.48E+07
19383,5.77E+07
19384,6.93E+07
19385,5.99E+07
19386,5.67E+07
19387,7.07E+07
19388,5.37E+07
19389,6.04E+07
19390,5.37E+07
19391,6.22E+07
19392,6.70E+07
19393,7.40E+07
19394,7.06E+07
19395,7.45E+07
19396,4.69E+07
19397,5.55E+07
19398,5.82E+07
19399,5.23E+07
19400,3.77E+07
19401,5.31E+07
19402,4.11E+07
19403,5.78E+07
19404,4.51E+07
19405,5.15E+07
19406,4.41E+07
19407,4.74E+07
19408,3.65E+07
19409,3.86E+07
19410,4.05E+07
19411,3.65E+07
19412,4.57E+07
19413,3.89E+07
19414,5.58E+07
19415,1.19E+08
19416,1.12E+08
19417,1.18E+08
19418,1.13E+08
19419,1.18E+08
19420,8.13E+07
19421,8.23E+07
19422,9.07E+07
19423,9.70E+07
19424,8.97E+07
19425,8.96E+07
19426,9.79E+07
19427,7.17E+07
19428,5.11E+07
19429,7.08E+07
19430,8.15E+07
19431,7.86E+07
19432,7.06E+07
19433,6.84E+07
19434,6.86E+07
19435,4.19E+07
19436,1.58E+07
19437,7.93E+06
19438,1.32E+07
19439,1.28E+07
19440,2.54E+07
19441,2.73E+07
19442,1.47E+07
19443,1.34E+07
19444,3.70E+07
19445,6.67E+07
19446,4.58E+07
19447,6.82E+07
19448,5.96E+07
19449,4.91E+07
19450,7.30E+07
19451,5.04E+07
19452,6.39E+07
19453,6.92E+07
19454,8.14E+07
19455,7.74E+07
19456,8.35E+07
19457,8.64E+07
19458,7.95E+07
19459,8.70E+07
19460,5.33E+07
19461,5.36E+07
19462,4.95E+07
19463,4.56E+07
19464,6.76E+07
19465,6.71E+07
19466,6.20E+07
19467,5.51E+07
19468,6.32E+07
19469,6.93E+07
19470,6.51E+07
19471,6.67E+07
19472,8.66E+07
19473,8.47E+07
19474,9.50E+07
19475,7.11E+07
19476,5.48E+07
19477,4.77E+07
19478,6.75E+07
19479,9.46E+07
19480,4.24E+07
19481,8.52E+07
19482,6.35E+07
19483,3.95E+07
19484,4.55E+07
19485,2.97E+07
19486,6.21E+07
19487,6.41E+07
19488,5.52E+07
19489,2.73E+07
19490,5.18E+07
19491,3.70E+07
19492,3.57E+07
19493,5.03E+07
19494,5.55E+07
19495,3.93E+07
19496,6.74E+07
19497,3.54E+07
19498,6.41E+07
19499,5.26E+07
19500,1.14E+08
19501,1.12E+08
19502,1.03E+08
19503,9.63E+07
19504,1.07E+08
19505,6.84E+07
19506,8.48E+07
19507,7.42E+07
19508,5.53E+07
19509,1.11E+08
19510,9.81E+07
19511,8.78E+07
19512,7.72E+07
19513,7.16E+07
19514,1.11E+08
19515,6.89E+07
19516,9.31E+07
19517,1.22E+08
19518,1.14E+08
19519,1.18E+08
19520,8.12E+07
19521,1.08E+08
19522,6.73E+07
19523,8.30E+07
19524,5.75E+07
19525,7.19E+07
19526,5.68E+07
19527,5.74E+07
19528,5.64E+07
19529,4.63E+07
19530,5.94E+07
19531,5.58E+07
19532,4.53E+07
19533,6.80E+07
19534,6.92E+07
19535,2.16E+07
19536,3.95E+07
19537,2.94E+07
19538,5.86E+07
19539,5.66E+07
19540,5.68E+07
19541,2.44E+07
19542,2.56E+07
19543,1.30E+07
19544,1.29E+07
19545,1.62E+07
19546,2.63E+07
19547,2.57E+07
19548,2.12E+07
19549,2.62E+07
19550,2.15E+07
19551,2.01E+07
19552,6.81E+07
19553,7.04E+07
19554,5.97E+07
19555,6.50E+07
19556,5.97E+07
19557,6.34E+07
19558,6.56E+07
19559,6.21E+07
19560,7.31E+07
19561,7.70E+07
19562,7.62E+07
19563,7.72E+07
19564,6.47E+07
19565,6.63E+07
19566,5.31E+07
19567,6.49E+07
19568,4.75E+07
19569,5.45E+07
19570,5.50E+07
19571,1.17E+08
19572,1.19E+08
19573,1.14E+08
19574,1.18E+08
19575,1.19E+08
19576,1.19E+08
19577,8.52E+07
19578,9.62E+07
19579,7.82E+07
19580,1.06E+08
19581,5.72E+07
19582,2.83E+07
19583,5.07E+07
19584,5.89E+07
19585,3.06E+07
19586,3.02E+07
19587,4.93E+07
19588,6.63E+07
19589,5.54E+07
19590,1.08E+08
19591,1.12E+08
19592,1.08E+08
19593,1.09E+08
19594,8.82E+07
19595,7.87E+07
19596,8.17E+07
19597,7.23E+07
19598,5.50E+07
19599,6.18E+07
19600,7.05E+07
19601,6.97E+07
19602,6.47E+07
19603,5.46E+07
19604,4.96E+07
19605,5.26E+07
19606,5.93E+07
19607,4.77E+07
19608,5.47E+07
19609,1.12E+08
19610,1.17E+08
19611,1.10E+08
19612,1.12E+08
19613,1.14E+08
19614,7.78E+07
19615,7.89E+07
19616,8.61E+07
19617,7.31E+07
19618,1.13E+08
19619,1.19E+08
19620,1.23E+08
19621,1.22E+08
19622,1.13E+08
19623,1.01E+08
19624,7.51E+07
19625,8.23E+07
19626,1.01E+08
19627,8.28E+07
19628,3.99E+07
19629,5.38E+07
19630,5.28E+07
19631,6.80E+07
19632,4.88E+07
19633,6.17E+07
19634,6.45E+07
19635,7.11E+07
19636,7.06E+07
19637,1.01E+08
19638,9.88E+07
19639,1.05E+08
19640,9.97E+07
19641,1.08E+08
19642,7.80E+07
19643,8.36E+07
19644,6.94E+07
19645,7.92E+07
19646,9.01E+07
19647,9.80E+07
19648,9.17E+07
19649,9.43E+07
19650,8.37E+07
19651,7.21E+07
19652,7.47E+07
19653,6.77E+07
19654,7.02E+07
19655,8.14E+07
19656,2.62E+07
19657,1.64E+07
19658,1.37E+07
19659,1.74E+07
19660,5.40E+06
19661,3.88E+07
19662,1.84E+07
19663,2.18E+07
19664,1.62E+07
19665,8.17E+07
19666,8.07E+07
19667,8.89E+07
19668,5.01E+07
19669,6.80E+07
19670,6.30E+07
19671,7.24E+07
19672,5.54E+07
19673,7.05E+07
19674,6.21E+07
19675,9.71E+07
19676,1.05E+08
19677,9.94E+07
19678,1.03E+08
19679,1.04E+08
19680,1.07E+08
19681,6.80E+07
19682,6.74E+07
19683,6.91E+07
19684,7.83E+07
19685,6.36E+07
19686,6.43E+07
19687,6.85E+07
19688,5.18E+07
19689,5.61E+07
19690,4.33E+07
19691,6.37E+07
19692,6.07E+07
19693,6.71E+07
19694,5.91E+07
19695,1.05E+08
19696,1.05E+08
19697,1.01E+08
19698,1.07E+08
19699,1.09E+08
19700,1.11E+08
19701,7.47E+07
19702,6.66E+07
19703,7.66E+07
19704,8.22E+07
19705,7.35E+07
19706,7.63E+07
19707,7.44E+07
19708,6.70E+07
19709,4.80E+07
19710,6.95E+07
19711,4.17E+07
19712,4.46E+07
19713,6.82E+07
19714,4.94E+07
19715,5.63E+07
19716,6.82E+07
19717,6.03E+07
19718,6.29E+07
19719,6.82E+07
19720,6.30E+07
19721,6.77E+07
19722,6.19E+07
19723,6.86E+07
19724,5.98E+07
19725,5.07E+07
19726,6.07E+07
19727,6.02E+07
19728,5.88E+07
19729,7.40E+07
19730,8.09E+07
19731,7.53E+07
19732,7.20E+07
19733,7.93E+07
19734,8.50E+07
19735,5.54E+07
19736,4.79E+07
19737,5.53E+07
19738,4.63E+07
19739,5.81E+07
19740,5.04E+07
19741,5.62E+07
19742,5.06E+07
19743,5.86E+07
19744,3.78E+07
19745,3.61E+07
19746,4.10E+07
19747,3.47E+07
19748,4.03E+07
19749,1.16E+08
19750,1.11E+08
19751,1.15E+08
19752,1.08E+08
19753,1.01E+08
19754,1.02E+08
19755,8.09E+07
19756,9.13E+07
19757,7.54E+07
19758,1.23E+08
19759,1.24E+08
19760,1.19E+08
19761,1.12E+08
19762,1.12E+08
19763,9.15E+07
19764,8.07E+07
19765,1.10E+08
19766,8.35E+07
19767,9.49E+07
19768,6.61E+07
19769,6.41E+07
19770,7.02E+07
19771,5.07E+07
19772,5.08E+07
19773,5.20E+07
19774,7.02E+07
19775,6.01E+07
19776,7.09E+07
19777,6.04E+07
19778,5.48E+07
19779,6.98E+07
19780,6.24E+07
19781,4.05E+07
19782,6.40E+07
19783,7.24E+07
19784,6.82E+07
19785,7.17E+07
19786,1.09E+08
19787,1.14E+08
19788,1.16E+08
19789,1.13E+08
19790,8.70E+07
19791,9.98E+07
19792,7.36E+07
19793,7.66E+07
19794,8.78E+07
19795,5.57E+07
19796,4.59E+07
19797,1.65E+07
19798,3.47E+07
19799,1.72E+07
19800,5.15E+07
19801,6.20E+06
19802,3.16E+07
19803,3.97E+07
19804,1.78E+07
19805,1.47E+07
19806,1.05E+08
19807,1.09E+08
19808,7.12E+07
19809,6.57E+07
19810,8.55E+07
19811,1.05E+08
19812,9.21E+07
19813,7.25E+07
19814,1.01E+08
19815,1.00E+08
19816,6.71E+07
19817,6.66E+07
19818,9.05E+07
19819,7.69E+07
19820,8.88E+07
19821,5.21E+07
19822,5.97E+07
19823,5.29E+07
19824,5.86E+07
19825,4.43E+07
19826,4.30E+07
19827,3.57E+07
19828,3.83E+07
19829,6.59E+07
19830,5.00E+07
19831,6.08E+07
19832,5.84E+07
19833,6.81E+07
19834,5.97E+07
19835,6.57E+07
19836,6.90E+07
19837,5.71E+07
19838,6.17E+07
19839,6.43E+07
19840,5.59E+07
19841,6.56E+07
19842,5.96E+07
19843,6.61E+07
19844,5.72E+07
19845,4.58E+07
19846,3.73E+07
19847,4.66E+07
19848,4.64E+07
19849,4.06E+07
19850,4.56E+07
19851,3.51E+07
19852,3.60E+07
19853,2.89E+07
19854,1.55E+07
19855,1.92E+07
19856,1.43E+07
19857,2.17E+07
19858,2.83E+07
19859,2.65E+07
19860,2.82E+07
19861,2.70E+07
19862,2.04E+07
19863,4.87E+07
19864,5.76E+07
19865,5.15E+07
19866,3.96E+07
19867,5.06E+07
19868,4.82E+07
19869,3.82E+07
19870,3.58E+07
19871,9.40E+07
19872,9.18E+07
19873,8.54E+07
19874,6.90E+07
19875,6.50E+07
19876,6.02E+07
19877,8.75E+07
19878,7.91E+07
19879,3.97E+07
19880,4.93E+07
19881,1.74E+07
19882,2.80E+06
19883,4.91E+06
19884,1.16E+07
19885,1.20E+07
19886,2.38E+07
19887,1.02E+08
19888,1.00E+08
19889,1.01E+08
19890,9.59E+07
19891,7.08E+07
19892,6.23E+07
19893,6.52E+07
19894,6.92E+07
19895,8.38E+07
19896,9.11E+07
19897,5.39E+07
19898,5.12E+06
19899,7.41E+06
19900,6.41E+06
19901,2.84E+07
19902,4.60E+07
19903,5.69E+07
19904,2.57E+07
19905,2.85E+07
19906,6.36E+07
19907,6.51E+07
19908,4.82E+07
19909,4.92E+07
19910,3.59E+07
19911,1.88E+07
19912,5.42E+07
19913,1.02E+08
19914,1.03E+08
19915,8.96E+07
19916,6.57E+07
19917,6.93E+07
19918,9.04E+07
19919,6.12E+07
19920,8.63E+07
19921,9.15E+07
19922,1.11E+08
19923,1.06E+08
19924,1.02E+08
19925,1.10E+08
19926,9.92E+07
19927,8.85E+07
19928,8.77E+07
19929,7.23E+07
19930,8.61E+07
19931,7.61E+07
19932,1.02E+08
19933,9.64E+07
19934,8.77E+07
19935,8.30E+07
19936,6.90E+07
19937,7.36E+07
19938,6.14E+07
19939,6.87E+07
19940,7.04E+07
19941,6.69E+07
19942,8.94E+07
19943,4.15E+07
19944,4.51E+07
19945,4.76E+07
19946,1.23E+07
19947,4.36E+07
19948,4.78E+07
19949,4.44E+07
19950,5.10E+07
19951,4.94E+07
19952,5.32E+07
19953,4.26E+07
19954,4.91E+07
19955,1.15E+08
19956,1.16E+08
19957,1.05E+08
19958,8.27E+07
19959,9.86E+07
19960,1.06E+08
19961,1.04E+08
19962,8.38E+07
19963,1.34E+08
19964,1.11E+08
19965,1.13E+08
19966,1.19E+08
19967,8.58E+07
19968,1.20E+08
19969,1.02E+08
19970,1.10E+08
19971,1.08E+08
19972,1.06E+08
19973,9.54E+07
19974,8.35E+07
19975,6.63E+07
19976,5.32E+07
19977,6.09E+07
19978,6.57E+07
19979,6.66E+07
19980,5.84E+07
19981,7.42E+07
19982,3.63E+07
19983,7.06E+07
19984,5.47E+07
19985,4.74E+07
19986,4.28E+07
19987,1.43E+07
19988,2.43E+07
19989,8.77E+06
19990,6.67E+06
19991,8.07E+06
19992,1.57E+07
19993,1.10E+08
19994,1.18E+08
19995,1.22E+08
19996,1.15E+08
19997,1.01E+08
19998,1.15E+08
19999,1.05E+08
20000,9.27E+07
20001,9.31E+07
20002,8.27E+07
20003,9.44E+07
20004,8.12E+07
20005,1.11E+08
20006,1.06E+08
20007,1.09E+08
20008,1.13E+08
20009,1.10E+08
20010,1.06E+08
20011,1.10E+08
20012,8.51E+07
20013,8.75E+07
20014,8.09E+07
20015,8.65E+07
20016,1.05E+08
20017,1.07E+08
20018,1.01E+08
20019,1.07E+08
20020,8.25E+07
20021,1.08E+08
20022,8.36E+07
20023,9.10E+07
20024,8.28E+07
20025,8.44E+07
20026,9.29E+07
20027,6.46E+06
20028,4.78E+07
20029,9.03E+06
20030,3.73E+07
20031,3.56E+07
20032,4.73E+07
20033,1.80E+07
20034,2.92E+07
20035,9.00E+07
20036,9.01E+07
20037,8.93E+07
20038,7.42E+07
20039,6.38E+07
20040,7.94E+07
20041,5.73E+07
20042,6.25E+07
20043,7.33E+07
20044,7.28E+07
20045,7.60E+07
20046,6.09E+07
20047,4.37E+07
20048,4.56E+07
20049,6.73E+07
20050,6.01E+07
20051,5.23E+07
20052,5.62E+07
20053,5.77E+07
20054,8.11E+07
20055,8.43E+07
20056,7.96E+07
20057,6.86E+07
20058,5.73E+07
20059,6.94E+07
20060,6.01E+07
20061,5.99E+07
20062,6.81E+07
20063,9.37E+07
20064,8.90E+07
20065,9.17E+07
20066,9.40E+07
20067,9.47E+07
20068,6.55E+07
20069,6.76E+07
20070,7.24E+07
20071,6.37E+07
20072,3.32E+07
20073,3.81E+07
20074,3.87E+07
20075,3.94E+07
20076,3.98E+07
20077,3.23E+07
20078,3.74E+07
20079,3.10E+07
20080,3.54E+07
20081,2.11E+07
20082,1.09E+08
20083,1.04E+08
20084,1.11E+08
20085,1.01E+08
20086,1.08E+08
20087,1.06E+08
20088,7.72E+07
20089,6.36E+07
20090,7.46E+07
20091,7.42E+07
20092,7.27E+07
20093,6.57E+07
20094,5.44E+07
20095,7.19E+07
20096,6.54E+07
20097,5.83E+07
20098,5.84E+07
20099,5.13E+07
20100,5.25E+07
20101,5.52E+07
20102,5.28E+07
20103,6.44E+07
20104,7.10E+07
20105,7.21E+07
20106,7.09E+07
20107,5.64E+07
20108,4.03E+07
20109,4.42E+07
20110,5.24E+07
20111,3.92E+07
20112,6.08E+07
20113,5.20E+07
20114,6.78E+07
20115,4.94E+07
20116,6.43E+07
20117,1.02E+08
20118,1.00E+08
20119,9.99E+07
20120,7.56E+07
20121,8.44E+07
20122,8.66E+07
20123,6.76E+07
20124,8.73E+07
20125,7.68E+07
20126,7.85E+07
20127,4.47E+07
20128,1.64E+07
20129,2.40E+07
20130,1.66E+07
20131,8.51E+06
20132,1.17E+07
20133,3.77E+07
20134,1.38E+07
20135,6.89E+07
20136,6.97E+07
20137,5.52E+07
20138,5.32E+07
20139,5.03E+07
20140,4.95E+07
20141,1.07E+08
20142,1.08E+08
20143,1.14E+08
20144,1.16E+08
20145,1.09E+08
20146,1.13E+08
20147,8.96E+07
20148,9.11E+07
20149,8.39E+07
20150,1.04E+08
20151,9.90E+07
20152,1.05E+08
20153,9.94E+07
20154,8.90E+07
20155,9.76E+07
20156,7.70E+07
20157,7.69E+07
20158,6.70E+07
20159,8.35E+07
20160,4.21E+07
20161,3.91E+07
20162,3.95E+07
20163,1.10E+07
20164,4.17E+07
20165,3.21E+07
20166,4.18E+07
20167,4.95E+07
20168,4.67E+07
20169,1.91E+07
20170,5.01E+07
20171,1.86E+07
20172,4.40E+07
20173,4.60E+07
20174,5.43E+07
20175,1.01E+08
20176,9.38E+07
20177,1.02E+08
20178,1.03E+08
20179,8.36E+07
20180,9.54E+07
20181,1.11E+08
20182,7.53E+07
20183,7.43E+07
20184,8.08E+07
20185,8.91E+07
20186,9.68E+07
20187,1.03E+08
20188,9.32E+07
20189,9.92E+07
20190,9.67E+07
20191,1.07E+08
20192,7.81E+07
20193,6.66E+07
20194,7.82E+07
20195,4.19E+07
20196,4.67E+07
20197,4.22E+07
20198,4.94E+07
20199,4.15E+07
20200,3.46E+07
20201,2.95E+07
20202,4.59E+07
20203,3.30E+07
20204,3.19E+07
20205,3.68E+07
20206,5.40E+07
20207,5.56E+07
20208,9.63E+07
20209,9.51E+07
20210,1.00E+08
20211,4.04E+07
20212,5.83E+07
20213,5.82E+07
20214,5.96E+07
20215,5.02E+07
20216,7.88E+07
20217,5.80E+07
20218,7.11E+07
20219,7.48E+07
20220,9.09E+07
20221,3.05E+07
20222,2.41E+07
20223,2.34E+07
20224,6.20E+07
20225,6.02E+07
20226,4.10E+07
20227,4.93E+07
20228,1.06E+08
20229,1.02E+08
20230,1.07E+08
20231,9.55E+07
20232,1.05E+08
20233,6.87E+07
20234,6.90E+07
20235,7.27E+07
20236,6.98E+07
20237,9.96E+07
20238,3.94E+07
20239,4.47E+07
20240,4.06E+07
20241,3.05E+07
20242,3.30E+07
20243,3.11E+07
20244,2.89E+07
20245,3.87E+07
20246,2.66E+07
20247,2.73E+07
20248,1.79E+07
20249,1.76E+07
20250,1.63E+07
20251,1.28E+07
20252,1.39E+07
20253,2.66E+07
20254,2.11E+07
20255,1.44E+07
20256,1.47E+07
20257,5.62E+07
20258,4.17E+07
20259,4.73E+07
20260,3.99E+07
20261,4.14E+07
20262,3.58E+07
20263,3.26E+07
20264,5.30E+07
20265,5.74E+07
20266,6.26E+07
20267,4.21E+07
20268,2.87E+07
20269,3.79E+07
20270,4.40E+07
20271,4.20E+07
20272,5.88E+07
20273,4.22E+07
20274,3.71E+07
20275,3.31E+07
20276,2.82E+07
20277,3.14E+07
20278,3.31E+07
20279,2.95E+07
20280,4.53E+07
20281,5.12E+07
20282,7.73E+07
20283,6.33E+07
20284,6.58E+07
20285,6.66E+07
20286,6.12E+07
20287,5.71E+07
20288,5.49E+07
20289,6.34E+07
20290,7.11E+07
20291,6.03E+07
20292,6.53E+07
20293,1.24E+08
20294,1.22E+08
20295,9.16E+07
20296,1.03E+08
20297,8.62E+07
20298,1.27E+08
20299,6.15E+07
20300,5.68E+07
20301,5.09E+07
20302,5.94E+07
20303,3.84E+07
20304,3.48E+07
20305,3.41E+07
20306,3.97E+07
20307,2.92E+07
20308,3.32E+07
20309,5.44E+07
20310,5.61E+07
20311,5.72E+07
20312,6.35E+07
20313,5.17E+07
20314,2.94E+07
20315,4.73E+07
20316,3.77E+07
20317,6.33E+07
20318,5.63E+07
20319,6.70E+07
20320,6.40E+07
20321,5.71E+07
20322,5.85E+07
20323,6.87E+07
20324,5.64E+07
20325,6.32E+07
20326,5.81E+07
20327,5.61E+07
20328,6.29E+07
20329,4.05E+07
20330,3.74E+07
20331,3.81E+07
20332,1.06E+08
20333,1.09E+08
20334,1.01E+08
20335,8.11E+07
20336,9.98E+07
20337,9.26E+07
20338,8.15E+07
20339,8.47E+07
20340,9.51E+07
20341,9.60E+07
20342,5.33E+07
20343,5.34E+07
20344,2.11E+07
20345,3.04E+07
20346,1.67E+07
20347,4.27E+07
20348,6.66E+06
20349,3.23E+07
20350,5.60E+07
20351,1.00E+08
20352,9.61E+07
20353,1.06E+08
20354,7.95E+07
20355,6.44E+07
20356,7.99E+07
20357,8.97E+07
20358,6.45E+07
20359,8.53E+07
20360,1.04E+08
20361,1.06E+08
20362,9.82E+07
20363,7.60E+07
20364,9.70E+07
20365,8.77E+07
20366,9.18E+07
20367,6.99E+07
20368,1.20E+08
20369,1.22E+08
20370,1.06E+08
20371,9.62E+07
20372,1.09E+08
20373,9.01E+07
20374,7.08E+07
20375,7.89E+07
20376,9.66E+07
20377,1.00E+08
20378,1.22E+08
20379,1.09E+08
20380,9.62E+07
20381,9.42E+07
20382,9.16E+07
20383,7.84E+07
20384,8.35E+07
20385,6.35E+07
20386,1.19E+08
20387,1.06E+08
20388,1.14E+08
20389,7.42E+07
20390,9.25E+07
20391,1.06E+08
20392,1.01E+08
20393,7.29E+07
20394,7.63E+07
20395,7.47E+07
20396,8.94E+07
20397,8.74E+07
20398,9.87E+07
20399,5.75E+07
20400,6.78E+07
20401,4.55E+07
20402,6.29E+07
20403,8.88E+07
20404,9.77E+07
20405,9.90E+07
20406,9.96E+07
20407,1.03E+08
20408,9.65E+07
20409,6.84E+07
20410,6.60E+07
20411,6.04E+07
20412,8.88E+07
20413,8.57E+07
20414,8.08E+07
20415,5.52E+07
20416,5.44E+07
20417,6.63E+07
20418,5.64E+07
20419,9.27E+07
20420,3.97E+07
20421,8.47E+07
20422,8.46E+07
20423,5.39E+07
20424,9.39E+06
20425,1.86E+07
20426,1.98E+07
20427,4.22E+07
20428,2.60E+07
20429,2.50E+07
20430,2.66E+07
20431,4.48E+07
20432,3.41E+07
20433,5.49E+07
20434,3.94E+07
20435,6.93E+07
20436,2.73E+07
20437,7.03E+07
20438,5.07E+07
20439,6.20E+07
20440,6.36E+07
20441,7.10E+07
20442,3.98E+07
20443,1.09E+08
20444,9.76E+07
20445,1.06E+08
20446,9.76E+07
20447,1.09E+08
20448,8.42E+07
20449,8.56E+07
20450,1.10E+08
20451,7.96E+07
20452,1.45E+07
20453,4.33E+07
20454,4.33E+07
20455,4.53E+07
20456,3.43E+07
20457,3.78E+07
20458,3.85E+07
20459,3.92E+07
20460,7.92E+07
20461,6.29E+07
20462,6.25E+07
20463,5.33E+07
20464,6.06E+07
20465,5.38E+07
20466,6.14E+07
20467,6.53E+07
20468,7.72E+07
20469,1.10E+08
20470,1.11E+08
20471,1.00E+08
20472,9.68E+07
20473,1.04E+08
20474,9.38E+07
20475,7.46E+07
20476,8.79E+07
20477,1.13E+08
20478,1.16E+08
20479,1.23E+08
20480,1.17E+08
20481,1.24E+08
20482,1.16E+08
20483,9.68E+07
20484,8.63E+07
20485,7.94E+07
20486,9.73E+07
20487,1.01E+08
20488,1.04E+08
20489,9.10E+07
20490,7.55E+07
20491,7.85E+07
20492,8.14E+07
20493,8.00E+07
20494,8.37E+07
20495,8.79E+07
20496,7.71E+07
20497,9.80E+06
20498,3.47E+07
20499,6.98E+06
20500,3.69E+07
20501,1.15E+07
20502,3.64E+07
20503,3.31E+07
20504,3.39E+07
20505,2.73E+07
20506,3.81E+07
20507,1.01E+08
20508,1.01E+08
20509,1.03E+08
20510,8.74E+07
20511,1.09E+08
20512,8.65E+07
20513,6.51E+07
20514,8.77E+07
20515,8.31E+07
20516,9.76E+07
20517,4.22E+07
20518,5.91E+07
20519,6.63E+07
20520,6.14E+07
20521,5.30E+07
20522,6.62E+07
20523,4.95E+07
20524,6.44E+07
20525,4.71E+07
20526,4.95E+07
20527,4.91E+07
20528,5.34E+07
20529,4.94E+07
20530,3.15E+07
20531,1.97E+07
20532,4.28E+07
20533,2.93E+07
20534,3.54E+07
20535,2.71E+07
20536,4.87E+07
20537,4.08E+07
20538,5.41E+07
20539,5.67E+07
20540,5.15E+07
20541,5.98E+07
20542,6.07E+07
20543,6.50E+07
20544,1.68E+07
20545,1.33E+07
20546,2.62E+07
20547,3.35E+07
20548,1.80E+07
20549,2.18E+07
20550,4.17E+07
20551,1.68E+07
20552,4.08E+07
20553,2.06E+07
20554,2.53E+07
20555,1.71E+07
20556,3.33E+07
20557,3.56E+07
20558,2.52E+07
20559,2.59E+07
20560,1.44E+07
20561,1.35E+07
20562,2.23E+07
20563,1.69E+07
20564,2.42E+07
20565,1.59E+07
20566,2.04E+07
20567,2.08E+07
20568,7.94E+07
20569,9.20E+07
20570,9.62E+07
20571,6.93E+07
20572,8.70E+07
20573,6.90E+07
20574,7.14E+07
20575,7.21E+07
20576,3.59E+07
20577,1.65E+07
20578,2.05E+07
20579,1.53E+07
20580,1.59E+07
20581,8.04E+06
20582,2.67E+07
20583,4.17E+07
20584,7.79E+06
20585,8.87E+07
20586,8.92E+07
20587,6.60E+07
20588,7.13E+07
20589,7.23E+07
20590,6.17E+07
20591,6.10E+07
20592,6.80E+07
20593,8.14E+07
20594,1.26E+08
20595,1.20E+08
20596,1.23E+08
20597,1.26E+08
20598,1.11E+08
20599,8.83E+07
20600,1.00E+08
20601,9.98E+07
20602,9.48E+07
20603,7.70E+07
20604,7.94E+07
20605,8.13E+07
20606,6.06E+07
20607,6.76E+07
20608,7.21E+07
20609,6.29E+07
20610,5.82E+07
20611,5.52E+07
20612,6.57E+07
20613,1.68E+07
20614,3.39E+07
20615,3.50E+07
20616,9.13E+06
20617,2.55E+07
20618,3.71E+07
20619,3.26E+07
20620,7.44E+06
20621,3.87E+07
20622,3.58E+07
20623,3.60E+07
20624,8.99E+07
20625,8.95E+07
20626,9.25E+07
20627,9.77E+07
20628,9.17E+07
20629,8.74E+07
20630,6.67E+07
20631,7.40E+07
20632,6.12E+07
20633,5.08E+07
20634,4.94E+07
20635,5.79E+07
20636,4.23E+07
20637,3.52E+07
20638,6.78E+07
20639,4.86E+07
20640,4.47E+07
20641,6.67E+07
20642,1.16E+07
20643,1.85E+07
20644,2.22E+07
20645,3.49E+07
20646,3.20E+07
20647,3.29E+07
20648,3.11E+07
20649,3.54E+07
20650,3.23E+07
20651,3.13E+07
20652,1.61E+07
20653,8.21E+07
20654,7.87E+07
20655,8.44E+07
20656,7.26E+07
20657,7.17E+07
20658,8.50E+07
20659,5.92E+07
20660,6.57E+07
20661,7.68E+07
20662,8.28E+07
20663,8.70E+07
20664,8.90E+07
20665,7.32E+07
20666,8.55E+07
20667,5.98E+07
20668,6.40E+07
20669,6.10E+07
20670,9.33E+07
20671,8.00E+07
20672,7.26E+07
20673,5.94E+07
20674,8.43E+07
20675,6.03E+07
20676,5.26E+07
20677,7.79E+07
20678,8.23E+07
20679,8.54E+07
20680,7.50E+07
20681,6.04E+07
20682,6.89E+07
20683,7.97E+07
20684,8.74E+07
20685,8.80E+07
20686,8.30E+07
20687,9.19E+07
20688,9.56E+07
20689,6.15E+07
20690,6.25E+07
20691,6.78E+07
20692,8.75E+07
20693,8.97E+07
20694,9.09E+07
20695,8.02E+07
20696,7.17E+07
20697,6.90E+07
20698,6.69E+07
20699,9.69E+07
20700,9.19E+07
20701,9.49E+07
20702,9.30E+07
20703,9.93E+07
20704,6.94E+07
20705,7.28E+07
20706,6.03E+07
20707,5.91E+07
20708,9.45E+07
20709,1.01E+08
20710,9.35E+07
20711,7.26E+07
20712,6.71E+07
20713,7.45E+07
20714,7.38E+07
20715,6.32E+07
20716,6.93E+07
20717,7.11E+07
20718,1.13E+08
20719,1.26E+08
20720,1.19E+08
20721,1.21E+08
20722,9.15E+07
20723,9.49E+07
20724,1.02E+08
20725,1.15E+08
20726,1.20E+08
20727,1.10E+08
20728,9.34E+07
20729,9.31E+07
20730,9.26E+07
20731,1.02E+08
20732,1.06E+08
20733,1.06E+08
20734,1.02E+08
20735,7.99E+07
20736,8.61E+07
20737,8.04E+07
20738,7.96E+07
20739,1.11E+08
20740,1.11E+08
20741,1.13E+08
20742,8.57E+07
20743,1.02E+08
20744,8.46E+07
20745,8.40E+07
20746,4.77E+07
20747,4.41E+07
20748,3.43E+07
20749,2.98E+07
20750,2.99E+07
20751,2.56E+07
20752,3.23E+07
20753,2.73E+07
20754,9.73E+07
20755,1.12E+08
20756,1.05E+08
20757,1.06E+08
20758,1.06E+08
20759,9.02E+07
20760,7.64E+07
20761,7.86E+07
20762,7.53E+07
20763,8.10E+07
20764,8.83E+07
20765,1.13E+08
20766,1.15E+08
20767,1.10E+08
20768,1.17E+08
20769,8.47E+07
20770,1.03E+08
20771,8.28E+07
20772,8.05E+07
20773,8.13E+07
20774,1.05E+08
20775,1.10E+08
20776,1.12E+08
20777,9.53E+07
20778,8.76E+07
20779,8.96E+07
20780,9.86E+07
20781,9.35E+07
20782,1.14E+08
20783,1.01E+08
20784,1.11E+08
20785,9.00E+07
20786,8.92E+07
20787,1.06E+08
20788,8.81E+07
20789,1.14E+08
20790,1.08E+08
20791,9.84E+07
20792,1.10E+08
20793,7.96E+07
20794,8.99E+07
20795,8.30E+07
20796,9.73E+07
20797,6.92E+05
20798,1.20E+08
20799,1.14E+08
20800,1.15E+08
20801,1.04E+08
20802,9.37E+07
20803,1.02E+08
20804,8.30E+07
20805,8.80E+07
20806,1.19E+08
20807,1.21E+08
20808,1.31E+08
20809,1.14E+08
20810,1.06E+08
20811,8.24E+07
20812,9.40E+07
20813,8.75E+07
20814,1.04E+08
20815,9.38E+07
20816,1.06E+08
20817,1.08E+08
20818,1.11E+08
20819,1.13E+08
20820,1.10E+08
20821,1.13E+08
20822,1.02E+08
20823,1.09E+08
20824,9.99E+07
20825,8.04E+07
20826,8.75E+07
20827,8.04E+07
20828,1.18E+08
20829,1.15E+08
20830,1.15E+08
20831,1.18E+08
20832,1.10E+08
20833,8.96E+07
20834,8.11E+07
20835,9.55E+07
20836,1.15E+08
20837,9.56E+07
20838,9.36E+07
20839,9.74E+07
20840,8.70E+07
20841,1.02E+08
20842,1.13E+08
20843,1.03E+08
20844,1.08E+08
20845,8.83E+07
20846,8.20E+07
20847,9.34E+07
20848,1.11E+08
20849,1.09E+08
20850,1.18E+08
20851,9.34E+07
20852,9.58E+07
20853,8.04E+07
20854,7.82E+07
20855,9.06E+07
20856,9.37E+07
20857,8.38E+07
20858,7.42E+07
20859,6.33E+07
20860,7.76E+07
20861,1.03E+08
20862,7.76E+07
20863,7.16E+07
20864,7.40E+07
20865,9.83E+07
20866,1.36E+08
20867,8.63E+07
20868,1.10E+08
20869,8.79E+07
20870,8.07E+07
20871,8.35E+07
20872,9.59E+07
20873,7.46E+07
20874,7.39E+07
20875,7.24E+07
20876,7.06E+07
20877,9.00E+07
20878,9.19E+07
20879,9.47E+07
20880,6.12E+07
20881,6.05E+07
20882,5.20E+07
20883,9.03E+07
20884,8.75E+07
20885,9.12E+07
20886,9.31E+07
20887,6.30E+07
20888,8.27E+07
20889,6.43E+07
20890,5.51E+07
20891,5.53E+07
20892,9.59E+07
20893,5.67E+07
20894,7.64E+07
20895,5.00E+07
20896,6.52E+07
20897,5.84E+07
20898,4.94E+07
20899,8.81E+07
20900,9.64E+07
20901,1.01E+08
20902,1.01E+08
20903,6.26E+07
20904,6.02E+07
20905,5.40E+07
20906,7.23E+07
20907,4.76E+07
20908,1.04E+08
20909,9.90E+07
20910,1.02E+08
20911,1.02E+08
20912,6.88E+07
20913,7.01E+07
20914,6.32E+07
20915,7.49E+07
20916,1.10E+08
20917,1.05E+08
20918,7.95E+07
20919,7.28E+07
20920,7.59E+07
20921,1.11E+08
20922,7.58E+07
20923,1.08E+08
20924,9.06E+07
20925,7.09E+07
20926,7.77E+07
20927,9.12E+07
20928,8.99E+07
20929,1.15E+08
20930,1.11E+08
20931,9.75E+07
20932,1.09E+08
20933,7.53E+07
20934,7.70E+07
20935,6.94E+07
20936,1.19E+08
20937,1.24E+08
20938,1.16E+08
20939,8.89E+07
20940,1.12E+08
20941,8.36E+07
20942,8.76E+07
20943,1.06E+08
20944,1.07E+08
20945,1.08E+08
20946,9.83E+07
20947,8.78E+07
20948,7.72E+07
20949,9.20E+07
20950,1.06E+08
20951,8.22E+07
20952,8.69E+07
20953,6.52E+07
20954,7.01E+07
20955,8.93E+07
20956,1.13E+08
20957,1.17E+08
20958,1.06E+08
20959,1.17E+08
20960,1.13E+08
20961,1.26E+08
20962,8.84E+07
20963,8.51E+07
20964,9.26E+07
20965,7.34E+07
20966,9.33E+07
20967,1.05E+08
20968,1.14E+08
20969,8.88E+07
20970,7.52E+07
20971,8.54E+07
20972,1.13E+08
20973,9.82E+07
20974,6.23E+07
20975,1.18E+08
20976,8.81E+07
20977,1.08E+08
20978,9.68E+07
20979,1.07E+08
20980,7.61E+07
20981,7.02E+07
20982,1.12E+08
20983,1.07E+08
20984,1.27E+08
20985,9.08E+07
20986,1.10E+08
20987,8.56E+07
20988,9.34E+07
20989,9.37E+07
20990,5.23E+07
20991,5.26E+07
20992,6.09E+07
20993,5.11E+07
20994,3.67E+07
20995,3.77E+07
20996,4.06E+07
20997,3.49E+07
20998,6.41E+07
20999,6.97E+07
21000,6.83E+07
21001,4.15E+07
21002,4.33E+07
21003,6.72E+07
21004,7.29E+07
21005,1.18E+08
21006,1.13E+08
21007,9.49E+07
21008,1.02E+08
21009,7.77E+07
21010,8.74E+07
21011,1.19E+08
21012,4.63E+07
21013,5.31E+07
21014,4.00E+07
21015,6.35E+07
21016,5.22E+07
21017,4.19E+07
21018,3.75E+07
21019,4.05E+07
21020,3.07E+07
21021,3.13E+07
21022,3.34E+07
21023,2.53E+07
21024,2.30E+07
21025,2.35E+07
21026,2.38E+07
21027,2.32E+07
21028,2.47E+07
21029,2.25E+07
21030,2.29E+07
21031,5.47E+07
21032,4.05E+07
21033,4.03E+07
21034,5.25E+07
21035,3.32E+07
21036,4.13E+07
21037,3.58E+07
21038,3.82E+07
21039,4.47E+07
21040,4.87E+07
21041,5.48E+07
21042,4.06E+07
21043,5.47E+07
21044,3.40E+07
21045,4.11E+07
21046,3.44E+07
21047,3.95E+07
21048,3.66E+07
21049,2.95E+07
21050,3.40E+07
21051,2.87E+07
21052,2.57E+07
21053,6.00E+07
21054,6.47E+07
21055,6.38E+07
21056,5.80E+07
21057,5.13E+07
21058,4.64E+07
21059,4.39E+07
21060,6.20E+07
21061,4.84E+07
21062,4.16E+07
21063,4.59E+07
21064,3.42E+07
21065,3.23E+07
21066,3.49E+07
21067,3.20E+07
21068,4.91E+07
21069,5.11E+07
21070,5.25E+07
21071,4.02E+07
21072,4.03E+07
21073,5.22E+07
21074,4.15E+07
21075,1.08E+08
21076,1.11E+08
21077,1.10E+08
21078,1.09E+08
21079,1.11E+08
21080,9.63E+07
21081,7.92E+07
21082,7.30E+07
21083,7.61E+07
21084,1.07E+08
21085,1.15E+08
21086,1.08E+08
21087,7.34E+07
21088,1.07E+08
21089,7.38E+07
21090,7.44E+07
21091,1.04E+08
21092,1.09E+08
21093,1.09E+08
21094,7.44E+07
21095,7.72E+07
21096,7.54E+07
21097,1.04E+08
21098,1.01E+08
21099,1.11E+08
21100,1.13E+08
21101,7.42E+07
21102,7.25E+07
21103,7.42E+07
21104,1.13E+08
21105,1.06E+08
21106,9.54E+07
21107,1.08E+08
21108,6.13E+07
21109,9.77E+07
21110,6.24E+07
21111,9.18E+07
21112,6.96E+07
21113,1.04E+08
21114,1.10E+08
21115,7.66E+07
21116,7.83E+07
21117,7.68E+07
21118,3.87E+07
21119,3.82E+07
21120,3.21E+07
21121,2.76E+07
21122,3.05E+07
21123,2.59E+07
21124,2.74E+07
21125,4.95E+07
21126,4.43E+07
21127,3.39E+07
21128,3.00E+07
21129,3.80E+07
21130,3.93E+07
21131,3.77E+07
21132,3.43E+07
21133,3.65E+07
21134,4.45E+07
21135,3.31E+07
21136,3.18E+07
21137,3.09E+07
21138,5.04E+07
21139,6.12E+07
21140,3.51E+07
21141,3.58E+07
21142,3.39E+07
21143,3.10E+07
21144,3.91E+07
21145,5.60E+07
21146,1.01E+08
21147,1.05E+08
21148,9.67E+07
21149,8.80E+07
21150,7.49E+07
21151,6.74E+07
21152,7.44E+07
21153,8.06E+07
21154,1.06E+08
21155,9.40E+07
21156,9.96E+07
21157,7.69E+07
21158,8.72E+07
21159,7.39E+07
21160,9.60E+07
21161,1.02E+08
21162,1.02E+08
21163,6.94E+07
21164,8.12E+07
21165,7.30E+07
21166,9.41E+07
21167,6.44E+07
21168,5.58E+07
21169,5.60E+07
21170,6.76E+07
21171,1.17E+08
21172,1.10E+08
21173,1.10E+08
21174,9.40E+07
21175,1.12E+08
21176,9.60E+07
21177,6.55E+07
21178,8.79E+07
21179,9.66E+07
21180,1.05E+08
21181,1.02E+08
21182,1.11E+08
21183,1.08E+08
21184,8.18E+07
21185,8.13E+07
21186,7.51E+07
21187,9.39E+07
21188,7.72E+07
21189,1.00E+08
21190,7.80E+07
21191,1.05E+08
21192,7.24E+07
21193,8.37E+07
21194,7.49E+07
21195,7.33E+07
21196,8.31E+07
21197,9.86E+07
21198,8.84E+07
21199,8.96E+07
21200,7.68E+07
21201,6.61E+07
21202,8.28E+07
21203,1.01E+08
21204,1.08E+08
21205,9.91E+07
21206,7.82E+07
21207,6.54E+07
21208,6.84E+07
21209,7.44E+07
21210,1.10E+08
21211,9.71E+07
21212,8.00E+07
21213,7.86E+07
21214,7.91E+07
21215,1.00E+08
21216,1.09E+08
21217,1.03E+08
21218,1.06E+08
21219,9.79E+07
21220,8.09E+07
21221,9.18E+07
21222,8.00E+07
21223,8.25E+07
21224,8.09E+07
21225,1.08E+08
21226,1.05E+08
21227,9.02E+07
21228,1.00E+08
21229,9.11E+07
21230,8.08E+07
21231,8.03E+07
21232,8.27E+07
21233,7.95E+07
21234,1.10E+08
21235,1.06E+08
21236,1.09E+08
21237,1.11E+08
21238,1.04E+08
21239,8.59E+07
21240,7.62E+07
21241,8.24E+07
21242,7.23E+07
21243,1.13E+08
21244,1.08E+08
21245,1.12E+08
21246,1.08E+08
21247,8.26E+07
21248,9.03E+07
21249,8.31E+07
21250,9.15E+07
21251,1.12E+08
21252,8.98E+07
21253,9.14E+07
21254,8.59E+07
21255,1.09E+08
21256,1.10E+08
21257,1.12E+08
21258,8.19E+07
21259,9.03E+07
21260,7.95E+07
21261,1.16E+08
21262,9.17E+07
21263,1.06E+08
21264,1.08E+08
21265,8.24E+07
21266,9.39E+07
21267,8.33E+07
21268,8.30E+07
21269,9.32E+07
21270,7.51E+07
21271,8.41E+07
21272,8.12E+07
21273,8.60E+07
21274,1.15E+08
21275,9.82E+07
21276,8.92E+07
21277,8.01E+07
21278,6.26E+07
21279,7.29E+07
21280,1.15E+08
21281,1.12E+08
21282,1.14E+08
21283,1.11E+08
21284,9.02E+07
21285,8.24E+07
21286,8.22E+07
21287,7.93E+07
21288,8.34E+07
21289,8.20E+07
21290,8.85E+07
21291,8.77E+07
21292,7.82E+07
21293,6.32E+07
21294,6.14E+07
21295,6.41E+07
21296,5.40E+07
21297,6.98E+07
21298,8.71E+07
21299,8.44E+07
21300,9.00E+07
21301,9.79E+07
21302,6.23E+07
21303,5.67E+07
21304,5.48E+07
21305,4.81E+07
21306,6.86E+07
21307,9.35E+07
21308,9.63E+07
21309,9.65E+07
21310,1.04E+08
21311,6.79E+07
21312,7.05E+07
21313,7.47E+07
21314,7.46E+07
21315,7.33E+07
21316,7.33E+07
21317,8.65E+07
21318,8.45E+07
21319,7.63E+07
21320,5.16E+07
21321,5.16E+07
21322,5.13E+07
21323,5.70E+07
21324,4.39E+07
21325,6.83E+07
21326,7.91E+07
21327,8.33E+07
21328,8.15E+07
21329,7.86E+07
21330,7.26E+07
21331,7.09E+07
21332,6.21E+07
21333,7.06E+07
21334,5.92E+07
21335,9.20E+07
21336,8.74E+07
21337,9.21E+07
21338,6.60E+07
21339,6.42E+07
21340,6.83E+07
21341,6.92E+07
21342,9.51E+07
21343,7.92E+07
21344,6.88E+07
21345,6.74E+07
21346,7.19E+07
21347,8.39E+07
21348,9.75E+07
21349,1.09E+08
21350,8.51E+07
21351,9.24E+07
21352,8.74E+07
21353,1.04E+08
21354,1.16E+08
21355,1.13E+08
21356,1.10E+08
21357,8.83E+07
21358,9.20E+07
21359,9.10E+07
21360,1.08E+08
21361,1.07E+08
21362,8.09E+07
21363,8.54E+07
21364,7.73E+07
21365,8.00E+07
21366,8.15E+07
21367,9.05E+07
21368,1.14E+08
21369,1.20E+08
21370,1.11E+08
21371,9.99E+07
21372,1.09E+08
21373,8.32E+07
21374,1.02E+08
21375,9.04E+07
21376,8.59E+07
21377,1.20E+08
21378,1.14E+08
21379,8.59E+07
21380,1.03E+08
21381,8.77E+07
21382,1.14E+08
21383,1.21E+08
21384,1.20E+08
21385,1.16E+08
21386,8.72E+07
21387,9.74E+07
21388,8.74E+07
21389,1.11E+08
21390,1.05E+08
21391,1.09E+08
21392,8.46E+07
21393,8.58E+07
21394,9.73E+07
21395,8.50E+07
21396,6.57E+07
21397,7.74E+07
21398,1.11E+08
21399,1.11E+08
21400,8.66E+07
21401,7.13E+07
21402,1.09E+08
21403,1.01E+08
21404,7.91E+07
21405,1.14E+08
21406,8.08E+07
21407,8.11E+07
21408,9.79E+07
21409,8.31E+07
21410,1.06E+08
21411,1.12E+08
21412,1.05E+08
21413,1.15E+08
21414,9.94E+07
21415,1.01E+08
21416,9.42E+07
21417,8.10E+07
21418,1.02E+08
21419,1.11E+08
21420,8.86E+07
21421,1.16E+08
21422,9.89E+07
21423,1.06E+08
21424,7.62E+07
21425,9.30E+07
21426,9.83E+07
21427,7.93E+07
21428,1.32E+08
21429,1.17E+08
21430,1.17E+08
21431,8.35E+07
21432,9.26E+07
21433,1.04E+08
21434,8.68E+07
21435,1.12E+08
21436,8.82E+07
21437,1.03E+08
21438,9.78E+07
21439,1.02E+08
21440,7.63E+07
21441,9.24E+07
21442,9.65E+07
21443,9.45E+07
21444,7.34E+07
21445,7.34E+07
21446,8.22E+07
21447,9.76E+07
21448,1.21E+08
21449,1.23E+08
21450,9.81E+07
21451,8.20E+07
21452,9.56E+07
21453,1.00E+08
21454,1.13E+08
21455,1.06E+08
21456,1.12E+08
21457,1.21E+08
21458,9.70E+07
21459,7.69E+07
21460,8.00E+07
21461,9.16E+07
21462,7.86E+07
21463,8.84E+07
21464,1.15E+08
21465,1.13E+08
21466,1.21E+08
21467,1.11E+08
21468,7.94E+07
21469,7.49E+07
21470,1.02E+08
21471,1.09E+08
21472,7.73E+07
21473,7.88E+07
21474,9.99E+07
21475,6.35E+07
21476,1.07E+08
21477,1.10E+08
21478,1.17E+08
21479,1.17E+08
21480,1.12E+08
21481,1.05E+08
21482,8.72E+07
21483,9.82E+07
21484,8.44E+07
21485,7.74E+07
21486,1.07E+08
21487,1.10E+08
21488,7.31E+07
21489,7.59E+07
21490,7.98E+07
21491,1.16E+08
21492,1.11E+08
21493,1.01E+08
21494,9.40E+07
21495,7.83E+07
21496,7.33E+07
21497,8.47E+07
21498,5.57E+07
21499,4.17E+07
21500,4.55E+07
21501,3.74E+07
21502,4.51E+07
21503,4.83E+07
21504,3.37E+07
21505,3.35E+07
21506,6.65E+07
21507,4.64E+07
21508,5.53E+07
21509,5.43E+07
21510,5.46E+07
21511,5.75E+07
21512,6.26E+07
21513,6.37E+07
21514,6.66E+07
21515,4.21E+07
21516,5.38E+07
21517,4.58E+07
21518,5.24E+07
21519,5.97E+07
21520,5.20E+07
21521,3.86E+07
21522,5.21E+07
21523,4.94E+07
21524,3.95E+07
21525,3.65E+07
21526,3.87E+07
21527,4.05E+07
21528,3.78E+07
21529,4.16E+07
21530,4.19E+07
21531,3.36E+07
21532,3.10E+07
21533,2.80E+07
21534,2.86E+07
21535,3.21E+07
21536,6.15E+07
21537,6.38E+07
21538,4.36E+07
21539,6.49E+07
21540,4.41E+07
21541,5.45E+07
21542,4.45E+07
21543,4.98E+07
21544,4.25E+07
21545,3.53E+07
21546,3.53E+07
21547,1.09E+08
21548,1.14E+08
21549,1.04E+08
21550,1.17E+08
21551,1.03E+08
21552,7.72E+07
21553,6.47E+07
21554,7.33E+07
21555,7.70E+07
21556,5.98E+07
21557,9.44E+07
21558,1.17E+08
21559,1.17E+08
21560,8.26E+07
21561,6.40E+07
21562,7.63E+07
21563,7.13E+07
21564,9.75E+07
21565,1.18E+08
21566,1.18E+08
21567,1.12E+08
21568,1.14E+08
21569,8.65E+07
21570,1.02E+08
21571,6.85E+07
21572,1.11E+08
21573,7.69E+07
21574,1.07E+08
21575,1.10E+08
21576,7.65E+07
21577,8.56E+07
21578,1.12E+08
21579,8.13E+07
21580,1.26E+08
21581,9.27E+07
21582,1.10E+08
21583,8.46E+07
21584,9.92E+07
21585,1.24E+08
21586,9.99E+07
21587,8.95E+07
21588,1.07E+08
21589,8.78E+07
21590,1.12E+08
21591,1.07E+08
21592,7.66E+07
21593,9.94E+07
21594,7.87E+07
21595,9.06E+07
21596,8.93E+07
21597,6.21E+07
21598,6.01E+07
21599,6.19E+07
21600,5.66E+07
21601,4.73E+07
21602,6.61E+07
21603,4.70E+07
21604,5.02E+07
21605,4.87E+07
21606,4.91E+07
21607,3.52E+07
21608,3.84E+07
21609,4.07E+07
21610,3.47E+07
21611,3.86E+07
21612,3.02E+07
21613,7.25E+07
21614,7.11E+07
21615,8.06E+07
21616,7.37E+07
21617,4.95E+07
21618,5.25E+07
21619,4.93E+07
21620,4.22E+07
21621,4.33E+07
21622,7.79E+07
21623,8.05E+07
21624,8.13E+07
21625,8.40E+07
21626,7.66E+07
21627,5.91E+07
21628,5.54E+07
21629,5.16E+07
21630,7.65E+07
21631,7.63E+07
21632,7.70E+07
21633,6.94E+07
21634,4.69E+07
21635,5.37E+07
21636,4.47E+07
21637,1.02E+08
21638,1.10E+08
21639,6.70E+07
21640,7.47E+07
21641,9.24E+07
21642,7.61E+07
21643,5.37E+07
21644,7.69E+07
21645,7.51E+07
21646,6.72E+07
21647,6.67E+07
21648,7.87E+07
21649,1.08E+08
21650,1.13E+08
21651,1.08E+08
21652,9.97E+07
21653,7.55E+07
21654,7.90E+07
21655,8.46E+07
21656,6.47E+07
21657,9.85E+07
21658,1.03E+08
21659,9.94E+07
21660,7.68E+07
21661,7.27E+07
21662,8.19E+07
21663,6.40E+07
21664,9.54E+07
21665,9.13E+07
21666,9.88E+07
21667,7.25E+07
21668,7.93E+07
21669,5.64E+07
21670,6.88E+07
21671,5.53E+07
21672,9.43E+07
21673,9.81E+07
21674,1.03E+08
21675,7.74E+07
21676,8.34E+07
21677,6.90E+07
21678,7.93E+07
21679,9.75E+07
21680,6.78E+07
21681,7.57E+07
21682,7.09E+07
21683,6.94E+07
21684,7.91E+07
21685,1.00E+08
21686,8.30E+07
21687,6.91E+07
21688,7.33E+07
21689,7.11E+07
21690,5.87E+07
21691,1.05E+08
21692,1.01E+08
21693,9.48E+07
21694,8.48E+07
21695,7.13E+07
21696,6.19E+07
21697,1.11E+08
21698,9.86E+07
21699,1.09E+08
21700,8.39E+07
21701,6.95E+07
21702,7.56E+07
21703,1.10E+08
21704,8.40E+07
21705,7.76E+07
21706,1.08E+08
21707,1.12E+08
21708,8.41E+07
21709,9.12E+07
21710,8.62E+07
21711,1.10E+08
21712,1.18E+08
21713,9.08E+07
21714,1.01E+08
21715,7.67E+07
21716,8.57E+07
21717,1.23E+08
21718,1.19E+08
21719,8.96E+07
21720,1.02E+08
21721,1.16E+08
21722,8.43E+07
21723,9.15E+07
21724,7.85E+07
21725,1.13E+08
21726,1.13E+08
21727,9.34E+07
21728,9.63E+07
21729,7.59E+07
21730,7.70E+07
21731,6.45E+07
21732,1.18E+08
21733,1.19E+08
21734,8.92E+07
21735,1.01E+08
21736,8.87E+07
21737,8.25E+07
21738,1.03E+08
21739,9.78E+07
21740,1.20E+08
21741,9.05E+07
21742,9.45E+07
21743,1.02E+08
21744,1.13E+08
21745,1.17E+08
21746,1.21E+08
21747,1.12E+08
21748,8.58E+07
21749,9.62E+07
21750,8.07E+07
21751,9.21E+07
21752,6.76E+07
21753,7.85E+07
21754,7.71E+07
21755,7.74E+07
21756,7.11E+07
21757,5.00E+07
21758,5.76E+07
21759,5.63E+07
21760,6.72E+07
21761,6.86E+07
21762,6.98E+07
21763,7.79E+07
21764,7.00E+07
21765,6.42E+07
21766,5.32E+07
21767,5.95E+07
21768,3.85E+07
21769,3.60E+07
21770,3.03E+07
21771,4.55E+07
21772,3.39E+07
21773,4.55E+07
21774,3.96E+07
21775,3.37E+07
21776,4.05E+07
21777,5.23E+07
21778,5.45E+07
21779,5.31E+07
21780,4.32E+07
21781,6.04E+07
21782,4.18E+07
21783,3.58E+07
21784,4.08E+07
21785,1.18E+08
21786,1.11E+08
21787,1.12E+08
21788,1.10E+08
21789,8.26E+07
21790,6.76E+07
21791,8.28E+07
21792,7.42E+07
21793,1.14E+08
21794,1.09E+08
21795,8.13E+07
21796,9.26E+07
21797,1.09E+08
21798,7.43E+07
21799,1.14E+08
21800,7.11E+07
21801,8.78E+07
21802,1.24E+08
21803,1.07E+08
21804,8.76E+07
21805,6.94E+07
21806,9.45E+07
21807,7.48E+07
21808,5.85E+07
21809,8.10E+07
21810,7.28E+07
21811,7.26E+07
21812,7.80E+07
21813,4.24E+07
21814,5.00E+07
21815,6.55E+07
21816,3.80E+07
21817,6.95E+07
21818,3.61E+07
21819,8.69E+07
21820,8.06E+07
21821,4.96E+07
21822,7.17E+07
21823,4.43E+07
21824,8.61E+07
21825,9.98E+07
21826,9.79E+07
21827,6.07E+07
21828,5.83E+07
21829,4.83E+07
21830,7.51E+07
21831,4.98E+07
21832,4.60E+07
21833,4.20E+07
21834,1.06E+08
21835,1.10E+08
21836,1.08E+08
21837,1.07E+08
21838,9.20E+07
21839,8.57E+07
21840,8.57E+07
21841,9.35E+07
21842,8.20E+07
21843,1.00E+08
21844,1.01E+08
21845,1.07E+08
21846,1.05E+08
21847,1.05E+08
21848,8.06E+07
21849,7.78E+07
21850,8.27E+07
21851,7.62E+07
21852,8.77E+07
21853,9.70E+07
21854,1.10E+08
21855,1.09E+08
21856,1.14E+08
21857,1.11E+08
21858,7.65E+07
21859,8.62E+07
21860,1.16E+08
21861,1.13E+08
21862,8.31E+07
21863,9.83E+07
21864,1.07E+08
21865,9.14E+07
21866,1.21E+08
21867,8.88E+07
21868,8.59E+07
21869,9.33E+07
21870,1.22E+08
21871,7.18E+07
21872,6.46E+07
21873,6.25E+07
21874,5.04E+07
21875,5.42E+07
21876,5.07E+07
21877,6.70E+07
21878,6.93E+07
21879,7.16E+07
21880,7.59E+07
21881,4.81E+07
21882,5.70E+07
21883,4.80E+07
21884,3.84E+07
21885,4.70E+07
21886,7.79E+07
21887,7.97E+07
21888,8.22E+07
21889,6.72E+07
21890,5.47E+07
21891,6.15E+07
21892,4.86E+07
21893,7.82E+07
21894,7.56E+07
21895,7.65E+07
21896,6.77E+07
21897,4.92E+07
21898,5.32E+07
21899,4.94E+07
21900,5.03E+07
21901,8.21E+07
21902,5.17E+07
21903,5.59E+07
21904,5.78E+07
21905,6.48E+07
21906,8.12E+07
21907,1.03E+08
21908,1.01E+08
21909,8.78E+07
21910,9.97E+07
21911,7.33E+07
21912,8.39E+07
21913,5.66E+07
21914,6.74E+07
21915,9.14E+07
21916,9.19E+07
21917,8.32E+07
21918,8.79E+07
21919,5.73E+07
21920,7.77E+07
21921,4.63E+07
21922,7.31E+07
21923,4.64E+07
21924,4.95E+07
21925,8.63E+07
21926,7.85E+07
21927,5.65E+07
21928,7.25E+07
21929,4.38E+07
21930,7.05E+07
21931,3.84E+07
21932,8.19E+07
21933,8.11E+07
21934,5.96E+07
21935,9.00E+07
21936,5.48E+07
21937,5.89E+07
21938,5.26E+07
21939,9.37E+07
21940,8.22E+07
21941,7.04E+07
21942,5.37E+07
21943,6.84E+07
21944,1.12E+08
21945,1.19E+08
21946,1.07E+08
21947,1.03E+08
21948,1.04E+08
21949,7.70E+07
21950,7.32E+07
21951,7.55E+07
21952,1.16E+08
21953,1.16E+08
21954,1.09E+08
21955,1.03E+08
21956,9.18E+07
21957,8.84E+07
21958,9.53E+07
21959,1.13E+08
21960,8.89E+07
21961,7.88E+07
21962,8.04E+07
21963,9.97E+07
21964,1.18E+08
21965,1.19E+08
21966,1.18E+08
21967,8.89E+07
21968,1.02E+08
21969,7.45E+07
21970,8.57E+07
21971,9.31E+07
21972,1.14E+08
21973,1.10E+08
21974,1.23E+08
21975,1.15E+08
21976,1.21E+08
21977,1.06E+08
21978,8.24E+07
21979,8.28E+07
21980,7.51E+07
21981,9.74E+07
21982,1.20E+08
21983,1.24E+08
21984,1.09E+08
21985,7.98E+07
21986,8.71E+07
21987,9.62E+07
21988,9.03E+07
21989,1.06E+08
21990,1.04E+08
21991,1.03E+08
21992,1.10E+08
21993,7.89E+07
21994,7.26E+07
21995,7.16E+07
21996,1.03E+08
21997,1.05E+08
21998,7.18E+07
21999,7.40E+07
22000,7.08E+07
22001,9.50E+07
22002,7.34E+07
22003,5.90E+07
22004,9.12E+07
22005,9.22E+07
22006,1.02E+08
22007,9.34E+07
22008,7.06E+07
22009,1.02E+08
22010,8.76E+07
22011,7.47E+07
22012,7.13E+07
22013,6.23E+07
22014,5.91E+07
22015,4.38E+07
22016,4.29E+07
22017,3.98E+07
22018,3.00E+07
22019,4.04E+07
22020,6.36E+07
22021,6.09E+07
22022,4.47E+07
22023,4.79E+07
22024,3.83E+07
22025,5.49E+07
22026,7.29E+07
22027,5.24E+07
22028,5.53E+07
22029,3.51E+07
22030,3.56E+07
22031,3.64E+07
22032,8.06E+07
22033,6.41E+07
22034,4.47E+07
22035,3.84E+07
22036,2.26E+07
22037,4.02E+07
22038,2.83E+07
22039,1.12E+07
22040,3.45E+07
22041,1.38E+07
22042,8.66E+07
22043,1.09E+08
22044,1.02E+08
22045,7.94E+07
22046,7.37E+07
22047,8.33E+07
22048,8.59E+07
22049,7.43E+07
22050,7.48E+07
22051,6.23E+07
22052,4.91E+07
22053,4.76E+07
22054,5.30E+07
22055,4.63E+07
22056,3.97E+07
22057,6.50E+07
22058,6.84E+07
22059,5.30E+07
22060,6.89E+07
22061,6.28E+07
22062,9.93E+07
22063,1.03E+08
22064,7.44E+07
22065,7.65E+07
22066,6.26E+07
22067,7.46E+07
22068,6.59E+07
22069,1.01E+08
22070,9.92E+07
22071,7.99E+07
22072,9.39E+07
22073,6.67E+07
22074,6.48E+07
22075,1.14E+08
22076,8.34E+07
22077,7.70E+07
22078,1.00E+08
22079,8.00E+07
22080,6.34E+07
22081,8.34E+07
22082,6.20E+07
22083,9.60E+07
22084,9.72E+07
22085,7.60E+07
22086,8.68E+07
22087,8.74E+07
22088,8.18E+07
22089,9.58E+07
22090,1.12E+08
22091,1.00E+08
22092,7.79E+07
22093,8.15E+07
22094,8.85E+07
22095,9.31E+07
22096,8.14E+07
22097,7.51E+07
22098,9.52E+07
22099,9.54E+07
22100,5.07E+07
22101,7.00E+07
22102,6.02E+07
22103,6.59E+07
22104,5.78E+07
22105,5.12E+07
22106,5.81E+07
22107,6.02E+07
22108,7.83E+07
22109,4.52E+07
22110,3.20E+07
22111,3.21E+07
22112,3.00E+07
22113,3.29E+07
22114,1.17E+08
22115,1.12E+08
22116,8.94E+07
22117,9.93E+07
22118,8.14E+07
22119,8.69E+07
22120,6.95E+07
22121,1.15E+08
22122,9.75E+07
22123,8.11E+07
22124,9.54E+07
22125,1.01E+08
22126,1.04E+08
22127,1.13E+08
22128,9.09E+07
22129,9.03E+07
22130,8.83E+07
22131,8.42E+07
22132,1.03E+08
22133,1.10E+08
22134,1.04E+08
22135,9.44E+07
22136,6.83E+07
22137,7.16E+07
22138,7.97E+07
22139,7.36E+07
22140,8.35E+07
22141,1.10E+08
22142,1.17E+08
22143,1.05E+08
22144,9.35E+07
22145,1.03E+08
22146,8.09E+07
22147,8.17E+07
22148,7.25E+07
22149,7.57E+07
22150,1.09E+08
22151,1.13E+08
22152,1.15E+08
22153,1.09E+08
22154,1.09E+08
22155,8.76E+07
22156,7.69E+07
22157,9.39E+07
22158,5.46E+07
22159,5.00E+07
22160,5.50E+07
22161,4.12E+07
22162,4.63E+07
22163,4.21E+07
22164,3.88E+07
22165,6.29E+07
22166,6.35E+07
22167,5.93E+07
22168,5.83E+07
22169,3.42E+07
22170,4.24E+07
22171,3.64E+07
22172,7.04E+07
22173,6.93E+07
22174,6.28E+07
22175,5.71E+07
22176,9.44E+07
22177,6.20E+07
22178,1.04E+08
22179,8.01E+07
22180,6.51E+07
22181,1.08E+08
22182,1.07E+08
22183,9.99E+07
22184,1.11E+08
22185,8.81E+07
22186,1.11E+08
22187,7.05E+07
22188,9.09E+07
22189,9.30E+07
22190,7.56E+07
22191,9.25E+07
22192,7.59E+07
22193,4.70E+07
22194,7.11E+07
22195,8.48E+07
22196,6.14E+07
22197,7.22E+07
22198,9.74E+07
22199,8.61E+07
22200,5.29E+07
22201,8.18E+07
22202,7.22E+07
22203,5.54E+07
22204,5.08E+07
22205,5.31E+07
22206,7.91E+07
22207,5.81E+07
22208,6.21E+07
22209,4.83E+07
22210,5.44E+07
22211,6.26E+07
22212,1.19E+08
22213,1.14E+08
22214,1.11E+08
22215,1.18E+08
22216,7.50E+07
22217,7.37E+07
22218,7.19E+07
22219,7.89E+07
22220,1.42E+08
22221,1.18E+08
22222,1.01E+08
22223,9.13E+07
22224,8.87E+07
22225,8.37E+07
22226,1.01E+08
22227,1.09E+08
22228,1.10E+08
22229,9.00E+07
22230,7.61E+07
22231,6.40E+07
22232,8.57E+07
22233,6.04E+07
22234,5.95E+07
22235,5.15E+07
22236,8.13E+07
22237,6.46E+07
22238,6.44E+07
22239,6.88E+07
22240,5.53E+07
22241,8.09E+07
22242,4.93E+07
22243,7.89E+07
22244,6.29E+07
22245,7.02E+07
22246,5.28E+07
22247,5.65E+07
22248,4.42E+07
22249,3.23E+07
22250,4.79E+07
22251,3.52E+07
22252,2.76E+07
22253,3.11E+07
22254,5.32E+07
22255,4.23E+07
22256,5.15E+07
22257,3.94E+07
22258,3.65E+07
22259,6.25E+07
22260,1.15E+08
22261,1.15E+08
22262,1.02E+08
22263,9.10E+07
22264,8.77E+07
22265,8.09E+07
22266,5.56E+07
22267,3.76E+07
22268,3.54E+07
22269,4.52E+07
22270,2.93E+07
22271,3.68E+07
22272,3.82E+07
22273,3.85E+07
22274,2.91E+07
22275,3.93E+07
22276,6.10E+07
22277,6.34E+07
22278,4.49E+07
22279,6.10E+07
22280,5.15E+07
22281,6.88E+07
22282,7.34E+07
22283,7.14E+07
22284,5.71E+07
22285,8.21E+07
22286,7.46E+07
22287,6.69E+07
22288,7.83E+07
22289,9.41E+07
22290,7.75E+07
22291,7.83E+07
22292,7.88E+07
22293,9.50E+07
22294,8.88E+07
22295,8.12E+07
22296,7.60E+07
22297,8.72E+07
22298,8.40E+07
22299,7.23E+07
22300,4.79E+07
22301,3.93E+07
22302,4.74E+07
22303,5.20E+07
22304,3.60E+07
22305,4.02E+07
22306,4.06E+07
22307,4.58E+07
22308,2.85E+07
22309,2.82E+07
22310,3.80E+07
22311,3.77E+07
22312,4.38E+07
22313,3.48E+07
22314,3.91E+07
22315,6.49E+07
22316,7.82E+07
22317,7.79E+07
22318,7.17E+07
22319,6.55E+07
22320,9.57E+07
22321,7.85E+07
22322,9.83E+07
22323,3.16E+07
22324,3.36E+07
22325,6.85E+07
22326,8.90E+06
22327,6.44E+07
22328,4.53E+07
22329,3.03E+07
22330,1.92E+07
22331,4.68E+07
22332,6.77E+07
22333,7.05E+07
22334,5.92E+07
22335,6.66E+07
22336,3.99E+07
22337,5.41E+07
22338,3.94E+07
22339,6.84E+07
22340,6.11E+07
22341,3.87E+07
22342,5.72E+07
22343,7.47E+07
22344,5.24E+07
22345,4.25E+07
22346,7.74E+07
22347,5.55E+07
22348,7.64E+07
22349,1.16E+08
22350,1.10E+08
22351,1.16E+08
22352,8.42E+07
22353,1.07E+08
22354,8.36E+07
22355,8.34E+07
22356,7.52E+07
22357,3.64E+07
22358,5.17E+07
22359,7.28E+07
22360,5.10E+07
22361,5.47E+07
22362,4.28E+07
22363,5.84E+07
22364,1.07E+08
22365,9.12E+07
22366,1.09E+08
22367,9.26E+07
22368,1.09E+08
22369,1.09E+08
22370,1.02E+08
22371,1.05E+08
22372,9.48E+07
22373,8.97E+07
22374,1.08E+08
22375,9.13E+07
22376,1.09E+08
22377,1.08E+08
22378,9.71E+07
22379,9.09E+07
22380,6.45E+07
22381,5.35E+07
22382,7.49E+07
22383,5.99E+07
22384,5.39E+07
22385,6.90E+07
22386,5.40E+07
22387,8.68E+07
22388,7.63E+07
22389,6.36E+07
22390,5.80E+07
22391,5.49E+07
22392,5.20E+07
22393,5.26E+07
22394,5.84E+07
22395,5.08E+07
22396,5.36E+07
22397,5.51E+07
22398,5.40E+07
22399,5.69E+07
22400,5.92E+07
22401,5.30E+07
22402,5.44E+07
22403,5.83E+07
22404,5.54E+07
22405,5.87E+07
22406,5.39E+07
22407,5.17E+07
22408,4.87E+07
22409,2.92E+07
22410,5.44E+07
22411,7.17E+07
22412,3.69E+07
22413,2.88E+07
22414,6.92E+07
22415,6.18E+07
22416,7.10E+07
22417,9.27E+07
22418,8.12E+07
22419,7.40E+07
22420,9.11E+07
22421,5.33E+07
22422,5.44E+07
22423,5.03E+07
22424,4.72E+07
22425,3.34E+07
22426,5.94E+07
22427,4.62E+07
22428,4.32E+07
22429,4.85E+07
22430,1.22E+08
22431,1.13E+08
22432,1.14E+08
22433,8.71E+07
22434,8.97E+07
22435,2.66E+07
22436,2.16E+07
22437,6.35E+07
22438,3.38E+07
22439,2.46E+07
22440,2.17E+07
22441,3.53E+07
22442,3.41E+07
22443,2.85E+07
22444,2.34E+07
22445,2.95E+07
22446,2.74E+07
22447,2.53E+07
22448,3.00E+07
22449,2.55E+07
22450,4.49E+07
22451,4.61E+07
22452,4.58E+07
22453,3.93E+07
22454,4.62E+07
22455,4.93E+07
22456,3.65E+07
22457,4.07E+07
22458,4.00E+07
22459,3.70E+07
22460,4.06E+07
22461,1.08E+08
22462,1.13E+08
22463,1.06E+08
22464,7.64E+07
22465,8.33E+07
22466,1.07E+08
22467,1.12E+08
22468,8.87E+07
22469,9.89E+07
22470,8.36E+07
22471,7.92E+07
22472,7.51E+07
22473,4.83E+07
22474,4.26E+07
22475,4.66E+07
22476,4.98E+07
22477,4.89E+07
22478,5.15E+07
22479,1.08E+08
22480,1.02E+08
22481,9.85E+07
22482,8.67E+07
22483,8.62E+07
22484,1.00E+08
22485,5.86E+07
22486,6.28E+07
22487,6.14E+07
22488,8.45E+07
22489,6.76E+07
22490,9.58E+07
22491,3.62E+07
22492,2.13E+07
22493,2.24E+07
22494,1.99E+07
22495,4.61E+07
22496,1.02E+08
22497,9.76E+07
22498,9.90E+07
22499,8.27E+07
22500,9.36E+07
22501,7.85E+07
22502,7.58E+07
22503,9.10E+07
22504,9.42E+07
22505,7.02E+07
22506,7.18E+07
22507,5.99E+07
22508,6.34E+07
22509,9.09E+07
22510,7.13E+07
22511,7.26E+07
22512,6.88E+07
22513,6.55E+07
22514,5.44E+07
22515,5.07E+07
22516,5.00E+07
22517,5.13E+07
22518,8.82E+07
22519,7.90E+07
22520,6.18E+07
22521,5.88E+07
22522,6.72E+07
22523,6.64E+07
22524,1.03E+08
22525,9.87E+07
22526,1.07E+08
22527,1.00E+08
22528,8.52E+07
22529,7.48E+07
22530,8.47E+07
22531,8.47E+07
22532,8.12E+07
22533,5.85E+07
22534,6.68E+07
22535,5.38E+07
22536,9.69E+07
22537,9.61E+07
22538,9.69E+07
22539,8.05E+07
22540,8.66E+07
22541,1.04E+08
22542,7.47E+07
22543,8.63E+07
22544,9.94E+07
22545,8.59E+07
22546,1.09E+08
22547,1.00E+08
22548,1.12E+08
22549,1.11E+08
22550,1.03E+08
22551,9.64E+07
22552,7.95E+07
22553,8.39E+07
22554,1.01E+08
22555,7.55E+07
22556,1.06E+08
22557,8.50E+07
22558,8.35E+07
22559,7.51E+07
22560,7.75E+07
22561,6.87E+07
22562,6.15E+07
22563,5.57E+07
22564,5.56E+07
22565,5.05E+07
22566,4.74E+07
22567,1.12E+08
22568,1.09E+08
22569,1.05E+08
22570,8.73E+07
22571,8.72E+07
22572,8.29E+07
22573,9.59E+07
22574,8.08E+07
22575,3.58E+07
22576,3.01E+07
22577,3.39E+07
22578,5.35E+07
22579,4.50E+07
22580,2.90E+07
22581,4.21E+07
22582,5.47E+07
22583,3.53E+07
22584,3.68E+07
22585,4.62E+07
22586,3.70E+07
22587,6.48E+07
22588,7.71E+07
22589,7.56E+07
22590,8.15E+07
22591,7.55E+07
22592,7.59E+07
22593,7.05E+07
22594,8.80E+07
22595,7.85E+07
22596,3.49E+07
22597,3.29E+07
22598,3.90E+07
22599,3.69E+07
22600,2.14E+07
22601,3.66E+07
22602,2.72E+07
22603,4.27E+07
22604,2.51E+07
22605,2.93E+07
22606,3.99E+07
22607,3.68E+07
22608,1.07E+08
22609,9.39E+07
22610,9.63E+07
22611,8.20E+07
22612,8.12E+07
22613,1.19E+08
22614,8.31E+07
22615,6.61E+07
22616,5.50E+07
22617,1.07E+08
22618,9.46E+07
22619,8.40E+07
22620,8.01E+07
22621,8.44E+07
22622,4.15E+07
22623,3.33E+07
22624,4.85E+07
22625,3.79E+07
22626,4.07E+07
22627,3.63E+07
22628,3.31E+07
22629,5.43E+07
22630,1.02E+08
22631,1.02E+08
22632,9.00E+07
22633,6.43E+07
22634,7.45E+07
22635,8.08E+07
22636,6.97E+07
22637,6.64E+07
22638,1.38E+08
22639,1.16E+08
22640,1.16E+08
22641,1.15E+08
22642,1.01E+08
22643,7.82E+07
22644,7.48E+07
22645,8.23E+07
22646,1.05E+08
22647,1.11E+08
22648,8.29E+07
22649,7.18E+07
22650,7.68E+07
22651,1.13E+08
22652,8.96E+07
22653,1.02E+08
22654,7.63E+07
22655,9.19E+07
22656,1.11E+08
22657,1.15E+08
22658,7.93E+07
22659,8.22E+07
22660,9.03E+07
22661,7.96E+07
22662,8.34E+07
22663,7.31E+07
22664,6.46E+07
22665,7.18E+07
22666,4.83E+07
22667,5.38E+07
22668,6.95E+07
22669,6.99E+07
22670,6.36E+07
22671,3.46E+07
22672,2.76E+07
22673,3.36E+07
22674,3.61E+07
22675,2.94E+07
22676,3.38E+07
22677,3.69E+07
22678,2.87E+07
22679,5.25E+07
22680,4.93E+07
22681,8.48E+07
22682,7.71E+07
22683,6.80E+07
22684,9.70E+07
22685,7.00E+07
22686,6.75E+07
22687,1.19E+08
22688,9.59E+07
22689,7.79E+07
22690,1.04E+08
22691,7.18E+07
22692,8.13E+07
22693,1.16E+08
22694,1.04E+08
22695,8.78E+07
22696,9.66E+07
22697,7.72E+07
22698,5.66E+07
22699,6.41E+07
22700,5.20E+07
22701,4.30E+07
22702,3.84E+07
22703,4.51E+07
22704,8.51E+07
22705,6.85E+07
22706,5.59E+07
22707,6.48E+07
22708,5.12E+07
22709,5.46E+07
22710,5.34E+07
22711,9.99E+07
22712,1.11E+08
22713,8.86E+07
22714,8.94E+07
22715,8.46E+07
22716,9.57E+07
22717,8.48E+07
22718,1.07E+08
22719,7.02E+07
22720,9.00E+07
22721,9.30E+07
22722,6.29E+07
22723,6.75E+07
22724,1.01E+08
22725,7.51E+07
22726,5.13E+07
22727,4.08E+07
22728,4.21E+07
22729,7.19E+07
22730,7.30E+07
22731,5.32E+07
22732,7.40E+07
22733,4.94E+07
22734,5.11E+07
22735,3.63E+07
22736,3.61E+07
22737,3.95E+07
22738,4.06E+07
22739,3.44E+07
22740,3.93E+07
22741,7.93E+07
22742,8.18E+07
22743,7.70E+07
22744,7.28E+07
22745,5.53E+07
22746,5.18E+07
22747,5.97E+07
22748,5.94E+07
22749,7.94E+07
22750,7.14E+07
22751,5.90E+07
22752,5.92E+07
22753,1.15E+08
22754,1.01E+08
22755,8.37E+07
22756,9.50E+07
22757,1.21E+08
22758,1.22E+08
22759,9.49E+07
22760,8.83E+07
22761,9.82E+07
22762,8.36E+07
22763,6.11E+07
22764,6.07E+07
22765,6.69E+07
22766,5.71E+07
22767,8.27E+07
22768,8.06E+07
22769,6.84E+07
22770,9.61E+07
22771,8.57E+07
22772,6.47E+07
22773,7.72E+07
22774,9.85E+07
22775,1.00E+08
22776,8.42E+07
22777,6.94E+07
22778,7.76E+07
22779,7.26E+07
22780,5.17E+07
22781,7.13E+07
22782,5.21E+07
22783,4.82E+07
22784,5.85E+07
22785,5.42E+07
22786,4.48E+07
22787,4.10E+07
22788,4.46E+07
22789,3.77E+07
22790,1.16E+08
22791,8.80E+07
22792,9.53E+07
22793,9.00E+07
22794,8.68E+07
22795,1.07E+08
22796,1.05E+08
22797,7.09E+07
22798,9.50E+07
22799,7.59E+07
22800,6.34E+07
22801,9.38E+07
22802,9.63E+07
22803,7.72E+07
22804,8.32E+07
22805,6.81E+07
22806,1.14E+08
22807,9.48E+07
22808,1.10E+08
22809,7.57E+07
22810,1.20E+08
22811,9.78E+07
22812,8.54E+07
22813,8.59E+07
22814,3.92E+07
22815,4.36E+07
22816,2.96E+07
22817,2.78E+07
22818,2.98E+07
22819,2.88E+07
22820,2.64E+07
22821,5.14E+07
22822,4.64E+07
22823,4.31E+07
22824,6.52E+07
22825,4.92E+07
22826,5.01E+07
22827,5.66E+07
22828,4.72E+07
22829,3.24E+07
22830,3.47E+07
22831,3.06E+07
22832,3.23E+07
22833,1.25E+08
22834,1.23E+08
22835,9.97E+07
22836,9.57E+07
22837,1.18E+08
22838,9.05E+07
22839,8.80E+07
22840,9.53E+07
22841,1.03E+08
22842,9.73E+07
22843,7.64E+07
22844,8.03E+07
22845,7.58E+07
22846,6.71E+07
22847,7.15E+07
22848,9.36E+07
22849,7.79E+07
22850,9.71E+07
22851,6.99E+07
22852,7.69E+07
22853,6.81E+07
22854,1.03E+08
22855,8.64E+07
22856,9.82E+07
22857,8.77E+07
22858,7.78E+07
22859,1.07E+08
22860,1.12E+08
22861,7.63E+07
22862,7.02E+07
22863,8.86E+07
22864,9.92E+07
22865,7.53E+07
22866,1.08E+08
22867,1.17E+08
22868,9.56E+07
22869,9.85E+07
22870,1.17E+08
22871,9.67E+07
22872,8.02E+07
22873,1.08E+08
22874,8.63E+07
22875,9.86E+07
22876,1.13E+08
22877,9.03E+07
22878,9.14E+07
22879,9.24E+07
22880,9.04E+07
22881,8.99E+07
22882,7.52E+07
22883,7.38E+07
22884,6.48E+07
22885,6.49E+07
22886,6.69E+07
22887,5.59E+07
22888,9.05E+07
22889,5.84E+07
22890,7.43E+07
22891,5.82E+07
22892,6.29E+07
22893,9.90E+07
22894,1.03E+08
22895,8.65E+07
22896,7.05E+07
22897,7.45E+07
22898,8.09E+07
22899,9.71E+07
22900,6.98E+07
22901,6.23E+07
22902,6.79E+07
22903,7.07E+07
22904,6.67E+07
22905,7.92E+07
22906,8.68E+07
22907,8.00E+07
22908,7.17E+07
22909,6.37E+07
22910,1.11E+08
22911,8.91E+07
22912,8.15E+07
22913,9.42E+07
22914,7.37E+07
22915,8.92E+07
22916,8.33E+07
22917,7.88E+07
22918,1.15E+08
22919,9.62E+07
22920,1.02E+08
22921,8.31E+07
22922,1.12E+08
22923,7.11E+07
22924,8.73E+07
22925,7.66E+07
22926,9.06E+07
22927,1.17E+08
22928,8.48E+07
22929,9.55E+07
22930,8.51E+07
22931,9.55E+07
22932,8.66E+07
22933,8.24E+07
22934,1.13E+08
22935,8.29E+07
22936,7.58E+07
22937,9.47E+07
22938,9.59E+07
22939,1.03E+08
22940,8.59E+07
22941,6.70E+07
22942,5.88E+07
22943,7.51E+07
22944,7.82E+07
22945,6.53E+07
22946,6.83E+07
22947,7.02E+07
22948,1.01E+08
22949,9.22E+07
22950,8.54E+07
22951,7.35E+07
22952,8.24E+07
22953,8.52E+07
22954,7.12E+07
22955,8.28E+07
22956,6.38E+07
22957,7.72E+07
22958,1.07E+08
22959,8.63E+07
22960,8.86E+07
22961,8.85E+07
22962,6.53E+07
22963,7.73E+07
22964,7.63E+07
22965,8.35E+07
22966,6.09E+07
22967,4.32E+07
22968,6.58E+07
22969,7.24E+07
22970,1.03E+08
22971,7.63E+07
22972,7.16E+07
22973,6.55E+07
22974,5.86E+07
22975,6.92E+07
22976,5.16E+07
22977,9.80E+07
22978,6.76E+07
22979,7.38E+07
22980,7.41E+07
22981,7.58E+07
22982,7.48E+07
22983,7.63E+07
22984,7.70E+07
22985,1.10E+08
22986,7.98E+07
22987,7.84E+07
22988,7.65E+07
22989,7.79E+07
22990,3.52E+07
22991,4.77E+07
22992,3.64E+07
22993,3.57E+07
22994,4.16E+07
22995,3.11E+07
22996,4.79E+07
22997,4.63E+07
22998,6.05E+07
22999,4.07E+07
23000,3.86E+07
23001,4.46E+07
23002,5.87E+07
23003,4.62E+07
23004,4.85E+07
23005,6.12E+07
23006,6.48E+07
23007,1.09E+08
23008,7.97E+07
23009,8.26E+07
23010,9.36E+07
23011,8.88E+07
23012,1.13E+08
23013,7.87E+07
23014,8.79E+07
23015,9.39E+07
23016,1.25E+08
23017,7.86E+07
23018,8.13E+07
23019,9.19E+07
23020,7.79E+07
23021,9.75E+07
23022,1.13E+08
23023,1.04E+08
23024,8.60E+07
23025,8.69E+07
23026,8.57E+07
23027,1.13E+08
23028,9.52E+07
23029,7.54E+07
23030,1.06E+08
23031,8.48E+07
23032,9.59E+07
23033,9.29E+07
23034,7.98E+07
23035,9.44E+07
23036,1.13E+08
23037,9.33E+07
23038,1.04E+08
23039,9.57E+07
23040,1.09E+08
23041,1.01E+08
23042,7.57E+07
23043,7.88E+07
23044,8.67E+07
23045,7.46E+07
23046,7.78E+07
23047,8.03E+07
23048,9.16E+07
23049,8.73E+07
23050,1.08E+08
23051,1.08E+08
23052,8.27E+07
23053,8.09E+07
23054,8.52E+07
23055,9.12E+07
23056,1.04E+08
23057,1.08E+08
23058,8.56E+07
23059,8.64E+07
23060,9.23E+07
23061,7.96E+07
23062,8.20E+07
23063,8.99E+07
23064,8.71E+07
23065,8.15E+07
23066,8.34E+07
23067,5.51E+07
23068,5.34E+07
23069,4.37E+07
23070,4.05E+07
23071,4.52E+07
23072,4.64E+07
23073,3.55E+07
23074,3.81E+07
23075,5.23E+07
23076,5.33E+07
23077,4.65E+07
23078,4.41E+07
23079,5.28E+07
23080,4.66E+07
23081,4.69E+07
23082,4.19E+07
23083,5.07E+07
23084,3.72E+07
23085,4.10E+07
23086,3.72E+07
23087,4.15E+07
23088,3.44E+07
23089,1.07E+08
23090,9.20E+07
23091,8.89E+07
23092,9.06E+07
23093,7.83E+07
23094,8.39E+07
23095,8.38E+07
23096,9.44E+07
23097,9.48E+07
23098,6.28E+07
23099,5.99E+07
23100,5.44E+07
23101,6.49E+07
23102,4.19E+07
23103,1.02E+08
23104,1.01E+08
23105,6.72E+07
23106,9.36E+07
23107,7.37E+07
23108,7.53E+07
23109,6.15E+07
23110,6.14E+07
23111,8.04E+07
23112,9.24E+07
23113,7.18E+07
23114,9.75E+07
23115,3.42E+07
23116,4.35E+07
23117,2.76E+07
23118,2.99E+07
23119,2.70E+07
23120,3.20E+07
23121,1.06E+08
23122,9.66E+07
23123,7.15E+07
23124,8.41E+07
23125,7.11E+07
23126,1.02E+08
23127,6.88E+07
23128,7.43E+07
23129,6.37E+07
23130,7.26E+07
23131,5.14E+07
23132,6.96E+07
23133,4.73E+07
23134,5.79E+07
23135,6.85E+07
23136,6.00E+07
23137,6.86E+07
23138,5.65E+07
23139,5.71E+07
23140,5.69E+07
23141,5.06E+07
23142,3.56E+07
23143,3.80E+07
23144,3.87E+07
23145,6.08E+07
23146,5.38E+07
23147,5.51E+07
23148,4.85E+07
23149,7.81E+07
23150,9.96E+07
23151,8.29E+07
23152,9.09E+07
23153,8.70E+07
23154,1.13E+08
23155,8.01E+07
23156,8.12E+07
23157,7.21E+07
23158,8.57E+07
23159,8.66E+07
23160,5.24E+07
23161,3.73E+07
23162,6.41E+07
23163,3.31E+07
23164,105.58
23165,1.60E+07
23166,8.93E+06
23167,1.3374
23168,4.29E+05
23169,6.94E+05
23170,2.57E+07
23171,1.81E+07
23172,6.32E+07
23173,2.82E+07
23174,5.25E+07
23175,2.66E+07
23176,4.13E+07
23177,6.12E+07
23178,3.99E+07
23179,2.07E+07
23180,3.37E+07
23181,5.21E+07
23182,2.21E+07
23183,5.95E+07
23184,5.85E+07
23185,1.28E+07
23186,3.63E+07
23187,5.32E+07
23188,5.85E+07
23189,5.57E+07
23190,4.29E+07
23191,4.30E+07
23192,6.11E+07
23193,5.05E+07
23194,6.80E+07
23195,4.40E+07
23196,6.19E+07
23197,4.99E+07
23198,6.52E+07
23199,4.81E+07
23200,5.65E+07
23201,3.93E+07
23202,4.84E+07
23203,1.92E+07
23204,1.78E+07
23205,3.13E+07
23206,2.99E+07
23207,2.31E+07
23208,3.66E+06
23209,2.88E+07
23210,3.32E+07
23211,1.25E+07
23212,3.72E+07
23213,7.63E+06
23214,3.71E+07
23215,7.34E+06
23216,7.15E+06
23217,1.66E+07
23218,2.23E+07
23219,3.11E+07
23220,3.45E+07
23221,2.58E+07
23222,3.20E+07
23223,1.91E+07
23224,4.17E+07
23225,4.29E+07
23226,3.33E+07
23227,4.71E+07
23228,4.18E+07
23229,4.75E+07
23230,3.79E+07
23231,3.23E+07
23232,4.23E+07
23233,4.74E+07
23234,4.15E+07
23235,3.47E+07
23236,4.13E+07
23237,4.56E+07
23238,2.69E+07
23239,3.63E+07
23240,2.74E+07
23241,3.31E+07
23242,3.12E+07
23243,1.92E+07
23244,1.97E+07
23245,9.23E+07
23246,8.79E+07
23247,1.12E+08
23248,1.10E+08
23249,1.07E+08
23250,1.98E+07
23251,3.39E+07
23252,1.18E+07
23253,3.67E+07
23254,1.39E+07
23255,4.45E+07
23256,2.00E+07
23257,7.55E+07
23258,5.50E+07
23259,5.76E+07
23260,4.91E+07
23261,2.17E+07
23262,1.60E+07
23263,3.89E+07
23264,6.45E+07
23265,4.28E+07
23266,5.82E+07
23267,4.61E+07
23268,4.96E+07
23269,4.08E+07
23270,4.76E+07
23271,6.98E+07
23272,5.88E+07
23273,6.44E+07
23274,5.87E+07
23275,6.20E+07
23276,5.84E+07
23277,5.40E+07
23278,5.30E+07
23279,4.53E+07
23280,6.74E+07
23281,6.08E+07
23282,6.63E+07
23283,6.44E+07
23284,6.63E+07
23285,6.57E+07
23286,5.47E+07
23287,5.99E+07
23288,8.10E+07
23289,7.03E+07
23290,6.23E+07
23291,5.13E+07
23292,4.91E+07
23293,5.79E+07
23294,5.38E+07
23295,5.44E+07
23296,5.65E+07
23297,4.92E+07
23298,1.33E+07
23299,3.35E+07
23300,2.65E+07
23301,3.50E+07
23302,3.33E+07
23303,5.26E+07
23304,3.98E+07
23305,6.04E+07
23306,3.80E+07
23307,5.02E+07
23308,3.85E+07
23309,4.06E+07
23310,1.79E+07
23311,2.43E+07
23312,4.65E+07
23313,6.51E+07
23314,4.97E+07
23315,4.83E+07
23316,4.55E+07
23317,4.53E+07
23318,1.95E+07
23319,3.41E+07
23320,3.51E+07
23321,3.64E+07
23322,4.00E+05
23323,5.18E+05
23324,1.22E+05
23325,5.01E+06
23326,8.72E+06
23327,1.43E+07
23328,7.04E+06
23329,6.16E+07
23330,5.37E+07
23331,3.93E+07
23332,4.21E+07
23333,4.26E+07
23334,2.11E+07
23335,5.55E+06
23336,7.52E+07
23337,6.06E+07
23338,3.96E+07
23339,6.41E+07
23340,4.30E+07
23341,5.66E+07
23342,5.11E+07
23343,5.73E+07
23344,6.90E+07
23345,6.00E+07
23346,6.11E+07
23347,7.65E+07
23348,6.57E+07
23349,6.47E+07
23350,6.44E+07
23351,7.24E+07
23352,7.72E+07
23353,4.19E+07
23354,4.56E+07
23355,4.06E+07
23356,5.35E+07
23357,5.34E+07
23358,6.47E+07
23359,5.53E+07
23360,5.78E+07
23361,5.35E+07
23362,5.56E+07
23363,5.83E+07
23364,5.41E+07
23365,4.80E+07
23366,4.75E+07
23367,5.32E+07
23368,4.97E+07
23369,4.41E+07
23370,4.53E+07
23371,5.03E+07
23372,5.03E+07
23373,4.19E+07
23374,4.49E+07
23375,5.03E+07
23376,5.26E+07
23377,4.48E+07
23378,3.79E+07
23379,3.66E+07
23380,4.62E+07
23381,4.33E+07
23382,4.65E+07
23383,3.43E+07
23384,4.13E+07
23385,3.58E+07
23386,2.16E+06
23387,2.65E+06
23388,5.98E+07
23389,6.12E+07
23390,6.72E+07
23391,6.07E+07
23392,6.49E+07
23393,6.03E+07
23394,5.28E+07
23395,5.79E+07
23396,4.66E+07
23397,4.52E+07
23398,2.09E+07
23399,2.06E+07
23400,4.02E+07
23401,1.34E+07
23402,3.33E+07
23403,2.21E+07
23404,1.90E+07
23405,3.16E+07
23406,3.26E+07
23407,4.22E+07
23408,1.98E+07
23409,2.18E+07
23410,1.43E+07
23411,1.51E+07
23412,3.55E+07
23413,1.66E+07
23414,3.02E+07
23415,2.33E+07
23416,3.40E+07
23417,3.59E+07
23418,2.14E+07
23419,2.58E+07
23420,4.08E+07
23421,4.67E+07
23422,1.91E+07
23423,4.50E+07
23424,3.38E+07
23425,3.44E+07
23426,3.97E+07
23427,3.66E+07
23428,4.21E+07
23429,3.75E+07
23430,4.90E+07
23431,4.44E+07
23432,4.80E+07
23433,3.76E+07
23434,5.32E+07
23435,5.95E+07
23436,5.95E+07
23437,4.00E+07
23438,5.99E+07
23439,5.67E+07
23440,8.28E+07
23441,6.75E+07
23442,4.79E+07
23443,5.06E+07
23444,4.35E+07
23445,5.05E+07
23446,3.51E+07
23447,4.13E+07
23448,4.86E+07
23449,5.21E+07
23450,4.19E+07
23451,4.78E+07
23452,1.48E+07
23453,1.48E+07
23454,2.14E+07
23455,1.10E+07
23456,3.36E+07
23457,1.22E+07
23458,2.92E+07
23459,4.50E+07
23460,4.51E+07
23461,3.47E+07
23462,4.17E+07
23463,3.68E+07
23464,4.40E+07
23465,4.78E+07
23466,4.06E+07
23467,4.21E+07
23468,2.83E+07
23469,4.09E+07
23470,4.95E+07
23471,4.05E+07
23472,4.52E+07
23473,4.74E+07
23474,4.12E+07
23475,3.48E+07
23476,2.77E+07
23477,1.20E+07
23478,1.64E+07
23479,4.30E+07
23480,1.06E+07
23481,9.45E+06
23482,3.04E+07
23483,2.66E+07
23484,1.43E+07
23485,1.57E+07
23486,8.97E+05
23487,8.91E+05
23488,1.08E+07
23489,2.28E+07
23490,1.98E+07
23491,2.13E+07
23492,6.09E+07
23493,2.67E+07
23494,4.85E+07
23495,4.08E+07
23496,5.60E+07
23497,2.96E+07
23498,3.34E+07
23499,4.54E+07
23500,5.44E+07
23501,1.41E+07
23502,1.20E+07
23503,2.24E+07
23504,1.83E+07
23505,1.93E+07
23506,2.07E+07
23507,2.05E+07
23508,5.97E+07
23509,6.36E+07
23510,6.72E+07
23511,2.37E+07
23512,2.69E+07
23513,3.74E+07
23514,3.58E+07
23515,3.31E+07
23516,3.41E+07
23517,4.18E+07
23518,3.22E+07
23519,3.20E+07
23520,4.00E+07
23521,2.59E+07
23522,4.31E+07
23523,3.48E+07
23524,3.76E+07
23525,4.13E+07
23526,4.22E+07
23527,4.50E+07
23528,4.59E+07
23529,4.03E+07
23530,4.01E+07
23531,4.14E+07
23532,4.41E+07
23533,4.39E+07
23534,3.96E+07
23535,6.66E+07
23536,5.93E+07
23537,6.01E+07
23538,3.69E+07
23539,4.96E+07
23540,4.35E+07
23541,4.46E+07
23542,4.80E+07
23543,4.69E+07
23544,5.62E+07
23545,6.72E+07
23546,5.86E+07
23547,6.24E+07
23548,6.06E+07
23549,6.46E+07
23550,6.68E+07
23551,6.86E+07
23552,6.20E+07
23553,5.08E+07
23554,4.43E+07
23555,4.46E+07
23556,4.70E+07
23557,4.96E+07
23558,6.98E+07
23559,5.96E+07
23560,4.76E+07
23561,5.06E+07
23562,4.34E+07
23563,3.34E+07
23564,5.31E+07
23565,5.87E+07
23566,8.19E+07
23567,4.20E+07
23568,3.12E+07
23569,7.35E+07
23570,2.14E+07
23571,2.72E+07
23572,2.58E+07
23573,7.54E+07
23574,1.62E+07
23575,4.09E+07
23576,5.61E+06
23577,2.13E+07
23578,2.27E+07
23579,1.53E+07
23580,3.94E+07
23581,2.89E+07
23582,1.66E+07
23583,1.45E+07
23584,1.01E+07
23585,7.01E+06
23586,9.01E+06
23587,4.15E+07
23588,3.67E+07
23589,5.80E+07
23590,5.24E+07
23591,3.50E+07
23592,6.35E+07
23593,4.77E+07
23594,3.09E+07
23595,5.51E+07
23596,3.49E+07
23597,3.03E+07
23598,2.77E+07
23599,3.14E+07
23600,1.22E+07
23601,2.07E+07
23602,3.03E+07
23603,1.72E+07
23604,1.16E+07
23605,1.89E+07
23606,1.81E+07
23607,1.57E+07
23608,1.40E+07
23609,1.47E+07
23610,2.11E+07
23611,1.54E+07
23612,1.41E+07
23613,1.49E+07
23614,1.72E+07
23615,2.69E+07
23616,1.38E+07
23617,1.61E+07
23618,1.49E+07
23619,1.11E+07
23620,2.53E+07
23621,4.38E+07
23622,3.63E+07
23623,3.89E+07
23624,3.75E+07
23625,5.56E+07
23626,5.05E+07
23627,3.81E+07
23628,5.39E+07
23629,4.60E+07
23630,7.84E+06
23631,3.17E+07
23632,5.53E+07
23633,5.96E+07
23634,2.58E+07
23635,5.22E+07
23636,6.16E+07
23637,6.46E+07
23638,6.99E+07
23639,6.71E+07
23640,5.12E+07
23641,6.03E+07
23642,7.01E+07
23643,2.65E+07
23644,3.04E+07
23645,3.74E+07
23646,4.01E+07
23647,4.15E+07
23648,3.61E+07
23649,5.34E+07
23650,5.10E+07
23651,4.11E+07
23652,3.66E+07
23653,3.93E+07
23654,5.39E+07
23655,5.68E+07
23656,3.63E+07
23657,4.77E+07
23658,3.40E+07
23659,3.94E+07
23660,4.33E+07
23661,2.83E+07
23662,3.70E+07
23663,4.02E+07
23664,5.72E+07
23665,5.38E+07
23666,4.99E+07
23667,5.54E+07
23668,6.13E+07
23669,5.02E+07
23670,6.14E+07
23671,5.29E+07
23672,4.66E+07
23673,4.52E+07
23674,5.50E+07
23675,3.94E+07
23676,5.90E+07
23677,5.17E+07
23678,4.37E+07
23679,2.58E+07
23680,2.71E+07
23681,2.78E+07
23682,3.91E+07
23683,2.02E+07
23684,2.08E+07
23685,2.72E+07
23686,4.25E+07
23687,1.87E+07
23688,3.74E+07
23689,3.57E+07
23690,2.43E+07
23691,4.95E+07
23692,3.83E+07
23693,4.29E+07
23694,3.61E+07
23695,3.36E+07
23696,3.57E+07
23697,3.36E+07
23698,5.16E+07
23699,3.56E+07
23700,3.97E+07
23701,5.23E+07
23702,6.02E+07
23703,7.02E+07
23704,4.17E+07
23705,3.68E+07
23706,2.69E+07
23707,5.68E+07
23708,4.84E+07
23709,1.50E+07
23710,6.41E+07
23711,5.57E+07
23712,6.92E+07
23713,6.40E+07
23714,6.01E+07
23715,8.02E+07
23716,5.63E+07
23717,8.21E+07
23718,7.89E+07
23719,5.44E+07
23720,4.83E+07
23721,4.74E+07
23722,4.73E+07
23723,5.30E+07
23724,4.52E+07
23725,4.54E+07
23726,3.84E+07
23727,4.22E+07
23728,4.04E+07
23729,4.73E+07
23730,5.62E+07
23731,3.69E+07
23732,4.13E+07
23733,2.84E+07
23734,3.34E+07
23735,4.11E+07
23736,3.13E+07
23737,3.72E+07
23738,6.00E+07
23739,3.88E+07
23740,5.32E+07
23741,4.17E+07
23742,4.62E+07
23743,5.19E+07
23744,4.30E+07
23745,4.03E+07
23746,6.63E+07
23747,4.40E+07
23748,6.80E+07
23749,4.55E+07
23750,5.66E+07
23751,4.83E+07
23752,3.61E+07
23753,3.80E+07
23754,4.27E+07
23755,4.14E+07
23756,4.47E+07
23757,3.95E+07
23758,1.52E+07
23759,2.83E+07
23760,2.31E+07
23761,1.97E+07
23762,2.94E+07
23763,2.59E+07
23764,1.92E+07
23765,3.17E+07
23766,4.15E+07
23767,1.53E+07
23768,7.43E+07
23769,6.67E+07
23770,6.86E+07
23771,6.82E+07
23772,6.47E+07
23773,4.77E+07
23774,7.05E+07
23775,4.75E+07
23776,6.12E+07
23777,4.54E+07
23778,6.19E+07
23779,5.73E+07
23780,5.59E+07
23781,5.39E+07
23782,4.84E+07
23783,3.78E+07
23784,4.33E+07
23785,3.76E+07
23786,4.97E+07
23787,5.39E+07
23788,4.76E+07
23789,5.31E+07
23790,4.66E+07
23791,5.56E+07
23792,6.25E+07
23793,5.47E+07
23794,5.81E+07
23795,6.24E+07
23796,3.99E+07
23797,4.33E+07
23798,3.94E+07
23799,3.72E+07
23800,4.47E+07
23801,4.29E+07
23802,4.23E+07
23803,4.94E+07
23804,5.52E+07
23805,6.00E+07
23806,5.02E+07
23807,7.46E+07
23808,1.96E+07
23809,2.06E+07
23810,2.91E+07
23811,3.69E+07
23812,2.59E+07
23813,3.78E+07
23814,3.37E+07
23815,4.35E+07
23816,3.47E+07
23817,3.18E+07
23818,5.24E+07
23819,3.11E+07
23820,4.05E+07
23821,1.88E+07
23822,2.75E+07
23823,3.94E+07
23824,2.57E+07
23825,3.71E+07
23826,3.31E+07
23827,3.00E+07
23828,3.94E+07
23829,2.20E+07
23830,3.50E+07
23831,3.51E+07
23832,3.31E+07
23833,5.35E+07
23834,2.68E+07
23835,4.35E+07
23836,3.65E+07
23837,4.09E+07
23838,3.97E+07
23839,3.09E+07
23840,2.52E+07
23841,5.31E+07
23842,3.26E+07
23843,3.88E+07
23844,3.69E+07
23845,3.66E+07
23846,4.02E+07
23847,3.57E+07
23848,2.78E+07
23849,2.80E+07
23850,2.99E+07
23851,2.46E+07
23852,3.22E+07
23853,3.78E+07
23854,6.64E+07
23855,5.71E+07
23856,5.50E+07
23857,6.88E+07
23858,6.28E+07
23859,6.37E+07
23860,3.61E+07
23861,6.27E+07
23862,5.25E+07
23863,5.82E+07
23864,7.78E+07
23865,6.25E+07
23866,5.83E+07
23867,7.87E+07
23868,6.61E+07
23869,7.51E+07
23870,7.09E+07
23871,8.27E+07
23872,6.14E+07
23873,5.88E+07
23874,6.78E+07
23875,6.80E+07
23876,6.36E+07
23877,6.55E+07
23878,4.09E+07
23879,3.71E+07
23880,4.31E+07
23881,3.27E+06
23882,1.41E+07
23883,4.46E+07
23884,4.90E+07
23885,3.83E+07
23886,4.11E+07
23887,9.30E+06
23888,4.63E+07
23889,1.38E+07
23890,3.33E+07
23891,2.23E+07
23892,2.42E+07
23893,3.74E+07
23894,2.31E+07
23895,2.11E+07
23896,3.12E+07
23897,3.56E+07
23898,4.04E+07
23899,3.89E+07
23900,1.46E+07
23901,1.23E+07
23902,3.79E+07
23903,2.73E+07
23904,2.03E+07
23905,1.59E+07
23906,3.44E+07
23907,9.79E+06
23908,2.75E+07
23909,4.14E+07
23910,3.54E+07
23911,2.70E+07
23912,2.55E+07
23913,3.50E+07
23914,2.82E+07
23915,1.79E+07
23916,5.21E+07
23917,4.94E+07
23918,3.97E+07
23919,2.47E+07
23920,1.97E+07
23921,2.10E+07
23922,2.07E+07
23923,2.20E+07
23924,2.56E+07
23925,2.81E+07
23926,3.37E+07
23927,3.18E+07
23928,4.11E+07
23929,3.25E+07
23930,4.75E+07
23931,2.61E+07
23932,2.75E+07
23933,3.45E+07
23934,2.81E+07
23935,5.12E+07
23936,4.48E+07
23937,3.82E+07
23938,3.83E+07
23939,3.92E+07
23940,4.56E+07
23941,3.94E+07
23942,5.43E+07
23943,5.50E+07
23944,3.86E+07
23945,4.31E+07
23946,5.31E+07
23947,6.33E+07
23948,5.38E+07
23949,3.58E+07
23950,4.48E+07
23951,4.43E+07
23952,3.82E+07
23953,5.88E+07
23954,5.67E+07
23955,5.21E+07
23956,3.66E+07
23957,3.91E+07
23958,5.35E+07
23959,3.95E+07
23960,5.42E+07
23961,4.38E+07
23962,3.57E+07
23963,4.88E+07
23964,4.99E+07
23965,5.92E+07
23966,3.89E+07
23967,3.51E+07
23968,4.69E+07
23969,5.22E+07
23970,6.16E+07
23971,3.89E+07
23972,3.99E+07
23973,3.77E+07
23974,3.62E+07
23975,5.39E+07
23976,5.24E+07
23977,4.98E+07
23978,5.78E+07
23979,6.37E+07
23980,8.19E+07
23981,7.33E+07
23982,5.40E+07
23983,7.52E+07
23984,6.23E+07
23985,5.77E+07
23986,8.75E+07
23987,1.11E+08
23988,1.13E+08
23989,3.83E+07
23990,2.89E+07
23991,3.92E+07
23992,2.06E+07
23993,1.62E+07
23994,1.51E+07
23995,1.08E+07
23996,5.94E+07
23997,5.88E+07
23998,5.13E+06
23999,1.01E+07
24000,2.04E+07
24001,3.48E+06
24002,1.88E+07
24003,4.27E+07
24004,4.68E+07
24005,2.81E+07
24006,4.60E+07
24007,2.15E+07
24008,6.08E+07
24009,2.01E+07
24010,3.33E+07
24011,3.10E+07
24012,1.57E+07
24013,3.84E+07
24014,5.43E+07
24015,2.60E+07
24016,5.10E+07
24017,3.94E+07
24018,4.49E+07
24019,4.28E+07
24020,3.84E+07
24021,4.45E+07
24022,4.28E+07
24023,4.35E+07
24024,4.21E+07
24025,6.91E+07
24026,7.15E+07
24027,6.35E+07
24028,6.88E+07
24029,6.20E+07
24030,6.03E+07
24031,5.30E+07
24032,5.35E+07
24033,5.62E+07
24034,4.55E+07
24035,5.50E+07
24036,6.51E+07
24037,3.97E+07
24038,4.81E+07
24039,5.57E+07
24040,4.52E+07
24041,4.84E+07
24042,4.97E+07
24043,5.69E+07
24044,4.71E+07
24045,4.34E+07
24046,1.31E+07
24047,1.48E+07
24048,2.06E+07
24049,1.45E+07
24050,2.10E+07
24051,1.32E+07
24052,2.90E+07
24053,4.34E+07
24054,4.36E+07
24055,5.32E+07
24056,3.48E+07
24057,5.77E+07
24058,1.45E+07
24059,2.35E+07
24060,2.22E+07
24061,2.33E+07
24062,2.16E+07
24063,1.79E+07
24064,3.10E+07
24065,2.04E+07
24066,3.03E+07
24067,2.82E+07
24068,7.96E+07
24069,7.28E+07
24070,9.03E+07
24071,7.57E+07
24072,8.73E+07
24073,6.67E+07
24074,2.27E+07
24075,2.35E+07
24076,2.73E+07
24077,4.10E+07
24078,2.27E+07
24079,2.79E+07
24080,2.02E+07
24081,1.86E+07
24082,2.47E+07
24083,3.10E+07
24084,4.42E+07
24085,1.62E+07
24086,5.06E+07
24087,2.06E+07
24088,4.92E+07
24089,5.39E+07
24090,5.24E+07
24091,4.40E+07
24092,3.84E+07
24093,4.62E+07
24094,4.58E+07
24095,2.45E+07
24096,5.68E+07
24097,4.57E+07
24098,4.88E+07
24099,4.51E+07
24100,5.51E+07
24101,4.45E+07
24102,4.35E+07
24103,4.36E+07
24104,5.08E+07
24105,4.55E+07
24106,3.06E+07
24107,2.73E+07
24108,4.14E+07
24109,3.99E+07
24110,4.13E+07
24111,8.09E+06
24112,3.93E+07
24113,4.35E+07
24114,2.03E+07
24115,2.32E+07
24116,3.54E+07
24117,3.79E+07
24118,1.30E+07
24119,3.82E+07
24120,3.36E+07
24121,4.95E+07
24122,5.57E+07
24123,2.60E+07
24124,1.50E+07
24125,1.54E+07
24126,2.05E+07
24127,1.49E+07
24128,2.26E+07
24129,1.53E+07
24130,2.10E+07
24131,2.25E+07
24132,3.09E+07
24133,5.03E+07
24134,5.68E+07
24135,5.16E+07
24136,5.54E+07
24137,6.82E+07
24138,5.02E+07
24139,5.35E+07
24140,5.25E+07
24141,4.48E+07
24142,5.12E+07
24143,5.78E+07
24144,7.00E+07
24145,6.38E+07
24146,6.34E+07
24147,5.88E+07
24148,5.51E+07
24149,6.66E+07
24150,7.09E+07
24151,5.31E+07
24152,5.51E+07
24153,5.28E+07
24154,3.16E+07
24155,4.97E+07
24156,4.93E+07
24157,5.76E+07
24158,7.00E+07
24159,2.94E+07
24160,6.48E+07
24161,6.66E+07
24162,6.23E+07
24163,4.87E+07
24164,4.39E+07
24165,5.77E+07
24166,5.93E+07
24167,1.67E+07
24168,1.63E+07
24169,1.92E+07
24170,2.02E+07
24171,2.84E+07
24172,1.65E+07
24173,2.03E+07
24174,2.16E+07
24175,2.41E+07
24176,2.45E+07
24177,3.05E+07
24178,2.80E+07
24179,3.44E+07
24180,2.89E+07
24181,2.69E+07
24182,2.60E+07
24183,2.73E+07
24184,6.32E+07
24185,6.30E+07
24186,5.57E+07
24187,7.61E+07
24188,7.34E+07
24189,7.43E+07
24190,1.05E+08
24191,1.21E+08
24192,8.31E+07
24193,8.80E+07
24194,9.04E+07
24195,9.02E+07
24196,7.07E+07
24197,7.83E+07
24198,8.12E+07
24199,8.21E+07
24200,7.05E+07
24201,8.80E+07
24202,7.00E+07
24203,7.97E+07
24204,6.98E+07
24205,8.19E+07
24206,7.95E+07
24207,7.32E+07
24208,7.16E+07
24209,8.57E+07
24210,1.06E+08
24211,8.48E+07
24212,7.23E+07
24213,5.80E+07
24214,6.50E+07
24215,7.08E+07
24216,6.51E+07
24217,4.77E+07
24218,4.64E+07
24219,5.56E+07
24220,6.30E+07
24221,2.50E+07
24222,3.59E+07
24223,2.89E+07
24224,3.69E+07
24225,3.19E+07
24226,3.19E+07
24227,2.31E+07
24228,2.86E+07
24229,2.38E+07
24230,6.34E+07
24231,7.77E+07
24232,6.19E+07
24233,4.39E+07
24234,4.48E+07
24235,4.75E+07
24236,3.34E+07
24237,5.00E+07
24238,3.62E+07
24239,8.28E+07
24240,7.50E+07
24241,6.48E+07
24242,8.30E+07
24243,1.04E+08
24244,5.77E+07
24245,6.22E+07
24246,6.24E+07
24247,4.09E+07
24248,1.05E+08
24249,9.73E+07
24250,7.42E+07
24251,6.89E+07
24252,7.84E+07
24253,6.86E+07
24254,6.91E+07
24255,7.28E+07
24256,5.83E+07
24257,5.36E+07
24258,3.99E+07
24259,6.10E+07
24260,4.02E+07
24261,4.84E+07
24262,5.31E+07
24263,5.58E+07
24264,4.84E+07
24265,3.75E+07
24266,3.55E+07
24267,7.15E+07
24268,9.49E+07
24269,5.46E+07
24270,1.80E+07
24271,9.21E+07
24272,7.43E+07
24273,4.18E+07
24274,7.76E+07
24275,5.24E+07
24276,4.26E+07
24277,7.55E+07
24278,5.25E+07
24279,5.61E+07
24280,5.54E+07
24281,1.85E+07
24282,4.30E+07
24283,3.20E+07
24284,1.95E+07
24285,3.55E+07
24286,3.96E+07
24287,8.55E+07
24288,7.24E+07
24289,5.65E+07
24290,6.16E+07
24291,6.23E+07
24292,6.69E+07
24293,4.09E+07
24294,3.82E+07
24295,4.89E+07
24296,3.69E+07
24297,3.94E+07
24298,3.50E+07
24299,3.08E+07
24300,3.37E+07
24301,3.25E+07
24302,3.25E+07
24303,2.74E+07
24304,5.57E+07
24305,6.20E+07
24306,6.48E+07
24307,7.44E+07
24308,4.70E+07
24309,5.68E+07
24310,4.95E+07
24311,5.09E+07
24312,5.43E+07
24313,4.02E+07
24314,5.39E+07
24315,3.51E+07
24316,8.57E+07
24317,4.13E+07
24318,4.03E+07
24319,4.05E+07
24320,2.93E+07
24321,2.40E+07
24322,2.98E+07
24323,4.52E+07
24324,4.13E+07
24325,2.95E+07
24326,2.68E+07
24327,3.36E+07
24328,3.62E+07
24329,3.69E+07
24330,3.61E+07
24331,2.41E+07
24332,5.39E+07
24333,2.49E+07
24334,2.53E+07
24335,2.66E+07
24336,2.51E+07
24337,2.61E+07
24338,2.50E+07
24339,2.16E+07
24340,2.34E+07
24341,2.30E+07
24342,2.26E+07
24343,2.54E+07
24344,2.77E+07
24345,3.87E+07
24346,3.24E+07
24347,3.55E+07
24348,4.05E+07
24349,4.69E+07
24350,4.97E+07
24351,4.51E+07
24352,4.42E+07
24353,3.09E+07
24354,4.02E+07
24355,4.36E+07
24356,4.34E+07
24357,3.09E+07
24358,2.53E+07
24359,4.09E+07
24360,5.01E+07
24361,4.31E+07
24362,6.58E+07
24363,3.85E+07
24364,2.06E+07
24365,5.14E+07
24366,2.13E+07
24367,4.48E+07
24368,3.13E+07
24369,1.33E+07
24370,2.03E+07
24371,4.17E+07
24372,3.22E+07
24373,3.24E+07
24374,7.68E+07
24375,7.74E+07
24376,6.41E+07
24377,7.49E+07
24378,2.64E+07
24379,3.53E+07
24380,2.91E+07
24381,2.76E+07
24382,3.28E+07
24383,3.16E+07
24384,2.58E+07
24385,2.73E+07
24386,2.58E+07
24387,2.64E+07
24388,2.67E+07
24389,2.75E+07
24390,2.80E+07
24391,2.62E+07
24392,2.35E+07
24393,2.35E+07
24394,2.54E+07
24395,2.64E+07
24396,2.18E+07
24397,2.20E+07
24398,2.41E+07
24399,2.64E+07
24400,2.52E+07
24401,5.59E+07
24402,6.88E+07
24403,6.91E+07
24404,6.47E+07
24405,6.68E+07
24406,7.99E+07
24407,7.38E+07
24408,5.55E+07
24409,6.46E+07
24410,5.81E+07
24411,6.31E+07
24412,5.36E+07
24413,6.26E+07
24414,6.89E+07
24415,7.59E+07
24416,6.49E+07
24417,6.10E+07
24418,6.27E+07
24419,6.72E+07
24420,4.42E+07
24421,3.89E+07
24422,3.72E+07
24423,4.80E+07
24424,4.15E+07
24425,2.78E+07
24426,4.92E+07
24427,3.02E+07
24428,3.99E+07
24429,4.56E+07
24430,4.51E+07
24431,4.70E+07
24432,4.73E+07
24433,4.98E+07
24434,2.56E+07
24435,3.73E+07
24436,2.39E+07
24437,2.98E+07
24438,3.52E+07
24439,1.05E+08
24440,7.95E+07
24441,8.88E+07
24442,9.19E+07
24443,8.36E+07
24444,7.95E+07
24445,7.56E+07
24446,9.08E+07
24447,7.77E+07
24448,7.46E+07
24449,6.57E+07
24450,8.09E+07
24451,8.66E+07
24452,9.13E+07
24453,9.16E+07
24454,8.25E+07
24455,7.27E+07
24456,6.03E+07
24457,6.44E+07
24458,4.19E+07
24459,5.70E+07
24460,4.49E+07
24461,5.88E+07
24462,4.06E+07
24463,4.00E+07
24464,4.83E+07
24465,6.17E+07
24466,8.15E+07
24467,6.42E+07
24468,4.42E+07
24469,3.24E+07
24470,7.45E+07
24471,4.46E+07
24472,3.50E+07
24473,5.57E+07
24474,8.07E+07
24475,1.00E+08
24476,7.36E+07
24477,7.45E+07
24478,7.12E+07
24479,7.07E+07
24480,6.60E+07
24481,7.54E+07
24482,7.28E+07
24483,4.59E+07
24484,5.57E+07
24485,5.90E+07
24486,3.32E+07
24487,3.90E+07
24488,3.57E+07
24489,9.12E+07
24490,5.97E+07
24491,6.39E+07
24492,5.18E+07
24493,6.69E+07
24494,1.17E+08
24495,8.04E+07
24496,5.52E+07
24497,5.63E+07
24498,6.61E+07
24499,6.87E+07
24500,4.21E+07
24501,4.36E+07
24502,7.63E+07
24503,6.83E+07
24504,5.53E+07
24505,8.55E+07
24506,7.55E+07
24507,1.25E+08
24508,7.38E+07
24509,7.61E+07
24510,8.12E+07
24511,4.68E+07
24512,1.99E+07
24513,4.94E+07
24514,4.49E+07
24515,6.36E+07
24516,3.71E+07
24517,2.89E+07
24518,3.72E+07
24519,3.85E+07
24520,4.55E+07
24521,4.10E+07
24522,4.74E+07
24523,3.10E+07
24524,4.72E+07
24525,5.12E+07
24526,2.92E+07
24527,2.30E+07
24528,2.54E+07
24529,1.99E+07
24530,3.58E+07
24531,3.70E+07
24532,2.84E+07
24533,3.59E+07
24534,2.64E+07
24535,2.57E+07
24536,2.25E+07
24537,2.54E+07
24538,2.25E+07
24539,2.39E+07
24540,2.04E+07
24541,4.41E+07
24542,3.33E+07
24543,3.20E+07
24544,3.47E+07
24545,3.92E+07
24546,3.23E+07
24547,3.40E+07
24548,3.49E+07
24549,2.87E+07
24550,2.95E+07
24551,3.07E+07
24552,2.81E+07
24553,2.49E+07
24554,2.95E+07
24555,2.92E+07
24556,2.92E+07
24557,2.78E+07
24558,2.69E+07
24559,3.49E+07
24560,3.83E+07
24561,3.57E+07
24562,3.52E+07
24563,3.93E+07
24564,4.61E+07
24565,2.04E+07
24566,4.67E+07
24567,4.01E+07
24568,3.46E+07
24569,5.01E+07
24570,6.08E+07
24571,4.59E+07
24572,5.35E+07
24573,6.39E+07
24574,6.84E+07
24575,6.79E+07
24576,4.95E+07
24577,4.16E+07
24578,6.68E+07
24579,3.71E+07
24580,6.34E+07
24581,5.58E+07
24582,5.26E+07
24583,7.01E+07
24584,3.68E+07
24585,4.43E+07
24586,4.17E+07
24587,3.11E+07
24588,2.87E+07
24589,2.90E+07
24590,3.71E+07
24591,2.64E+07
24592,4.47E+07
24593,2.66E+07
24594,6.22E+07
24595,4.85E+07
24596,5.51E+07
24597,5.17E+07
24598,5.23E+07
24599,3.04E+07
24600,3.96E+07
24601,5.71E+07
24602,3.88E+07
24603,4.47E+07
24604,4.78E+07
24605,5.63E+07
24606,4.77E+07
24607,4.67E+07
24608,4.50E+07
24609,6.14E+07
24610,5.08E+07
24611,6.13E+07
24612,3.58E+07
24613,5.85E+07
24614,4.53E+07
24615,6.97E+07
24616,6.41E+07
24617,5.29E+07
24618,5.73E+07
24619,5.10E+07
24620,4.78E+07
24621,4.15E+07
24622,3.53E+07
24623,9.88E+07
24624,7.16E+07
24625,6.91E+07
24626,6.40E+07
24627,5.92E+07
24628,7.61E+07
24629,4.45E+07
24630,5.66E+07
24631,4.34E+07
24632,5.57E+07
24633,4.19E+07
24634,6.06E+07
24635,4.17E+07
24636,3.74E+07
24637,5.28E+07
24638,4.66E+07
24639,5.74E+07
24640,4.36E+07
24641,4.20E+07
24642,3.59E+07
24643,3.95E+07
24644,3.83E+07
24645,4.44E+07
24646,3.35E+07
24647,3.60E+07
24648,3.53E+07
24649,3.46E+07
24650,4.74E+07
24651,4.36E+07
24652,2.86E+07
24653,3.34E+07
24654,3.26E+07
24655,4.40E+07
24656,2.57E+07
24657,2.73E+07
24658,4.01E+07
24659,4.22E+07
24660,4.09E+07
24661,3.47E+07
24662,5.85E+07
24663,8.19E+07
24664,5.95E+07
24665,4.93E+07
24666,6.77E+07
24667,6.73E+07
24668,8.08E+07
24669,5.43E+07
24670,7.73E+07
24671,3.23E+07
24672,3.52E+07
24673,2.86E+07
24674,2.49E+07
24675,3.99E+07
24676,3.66E+07
24677,6.20E+07
24678,2.90E+07
24679,2.46E+07
24680,2.47E+07
24681,2.35E+07
24682,3.28E+07
24683,2.74E+07
24684,3.23E+07
24685,2.81E+07
24686,2.86E+07
24687,3.01E+07
24688,2.99E+07
24689,2.86E+07
24690,7.26E+07
24691,8.11E+07
24692,6.89E+07
24693,6.89E+07
24694,7.81E+07
24695,5.84E+07
24696,6.72E+07
24697,8.77E+07
24698,7.93E+07
24699,8.53E+07
24700,8.92E+07
24701,9.16E+07
24702,8.71E+07
24703,6.67E+07
24704,7.27E+07
24705,4.90E+07
24706,3.84E+07
24707,6.64E+07
24708,6.44E+07
24709,4.70E+07
24710,5.22E+07
24711,6.94E+07
24712,6.40E+07
24713,4.86E+07
24714,5.22E+07
24715,4.80E+07
24716,4.52E+07
24717,3.85E+07
24718,3.84E+07
24719,2.56E+07
24720,3.24E+07
24721,3.43E+07
24722,3.13E+07
24723,2.76E+07
24724,2.66E+07
24725,2.85E+07
24726,2.56E+07
24727,3.02E+07
24728,3.38E+07
24729,4.13E+07
24730,4.67E+07
24731,2.52E+07
24732,2.53E+07
24733,3.25E+07
24734,2.13E+07
24735,2.35E+07
24736,5.69E+07
24737,7.10E+07
24738,4.06E+07
24739,4.54E+07
24740,5.28E+07
24741,6.96E+07
24742,4.13E+07
24743,3.18E+07
24744,6.80E+07
24745,8.36E+07
24746,6.42E+07
24747,9.10E+07
24748,7.07E+07
24749,9.90E+07
24750,7.86E+07
24751,7.46E+07
24752,6.69E+07
24753,7.03E+07
24754,1.01E+08
24755,7.61E+07
24756,8.24E+07
24757,5.70E+07
24758,8.48E+07
24759,4.39E+07
24760,5.33E+07
24761,5.21E+07
24762,5.53E+07
24763,3.46E+07
24764,3.86E+07
24765,4.53E+07
24766,6.43E+07
24767,6.01E+07
24768,3.96E+07
24769,6.26E+07
24770,3.86E+07
24771,3.84E+07
24772,3.64E+07
24773,4.01E+07
24774,3.19E+07
24775,6.10E+07
24776,2.03E+07
24777,6.80E+07
24778,9.12E+07
24779,4.54E+07
24780,7.16E+07
24781,5.42E+07
24782,7.71E+07
24783,6.40E+07
24784,8.53E+07
24785,7.24E+07
24786,3.98E+07
24787,4.47E+07
24788,5.24E+07
24789,4.38E+07
24790,4.16E+07
24791,3.18E+07
24792,2.69E+07
24793,2.83E+07
24794,2.75E+07
24795,4.54E+07
24796,7.26E+07
24797,7.49E+07
24798,6.61E+07
24799,7.41E+07
24800,2.42E+07
24801,3.83E+07
24802,1.81E+07
24803,1.93E+07
24804,1.51E+07
24805,1.76E+07
24806,2.60E+07
24807,2.81E+07
24808,4.93E+07
24809,3.18E+07
24810,3.13E+07
24811,3.35E+07
24812,3.79E+07
24813,3.30E+07
24814,3.23E+07
24815,4.65E+07
24816,3.50E+07
24817,3.60E+07
24818,4.11E+07
24819,1.64E+07
24820,3.02E+07
24821,3.44E+07
24822,2.90E+07
24823,1.67E+07
24824,3.13E+07
24825,3.84E+07
24826,1.53E+07
24827,1.75E+07
24828,3.37E+07
24829,2.47E+07
24830,1.59E+07
24831,1.82E+07
24832,2.18E+07
24833,5.20E+07
24834,3.72E+07
24835,3.97E+07
24836,4.23E+07
24837,3.24E+07
24838,4.90E+07
24839,3.04E+07
24840,4.19E+07
24841,4.13E+07
24842,4.11E+07
24843,3.36E+07
24844,7.37E+07
24845,8.20E+07
24846,7.20E+07
24847,6.58E+07
24848,6.82E+07
24849,8.52E+07
24850,5.01E+07
24851,5.12E+07
24852,5.76E+07
24853,4.97E+07
24854,5.05E+07
24855,5.96E+07
24856,4.76E+07
24857,7.72E+07
24858,6.47E+07
24859,5.76E+07
24860,4.91E+07
24861,4.46E+07
24862,5.96E+07
24863,7.81E+07
24864,6.99E+07
24865,7.48E+07
24866,6.03E+07
24867,5.76E+07
24868,6.94E+07
24869,5.93E+07
24870,7.15E+07
24871,7.15E+07
24872,7.28E+07
24873,6.87E+07
24874,5.16E+07
24875,7.87E+07
24876,4.98E+07
24877,7.32E+07
24878,7.93E+07
24879,7.53E+07
24880,6.89E+07
24881,9.75E+07
24882,7.12E+07
24883,9.05E+07
24884,7.52E+07
24885,1.15E+08
24886,7.17E+07
24887,9.06E+07
24888,4.59E+07
24889,4.93E+07
24890,4.00E+07
24891,4.38E+07
24892,4.22E+07
24893,4.14E+07
24894,5.16E+07
24895,4.84E+07
24896,5.45E+07
24897,4.26E+07
24898,4.55E+07
24899,4.26E+07
24900,5.28E+07
24901,3.00E+07
24902,2.52E+07
24903,2.90E+07
24904,2.53E+07
24905,3.02E+07
24906,5.25E+07
24907,6.13E+07
24908,6.24E+07
24909,7.48E+07
24910,4.90E+07
24911,9.04E+07
24912,5.00E+07
24913,4.59E+07
24914,2.07E+07
24915,4.00E+07
24916,4.20E+07
24917,3.16E+07
24918,7.26E+07
24919,5.05E+07
24920,6.13E+07
24921,5.01E+07
24922,5.23E+07
24923,6.86E+07
24924,4.95E+07
24925,3.99E+07
24926,4.09E+07
24927,3.85E+07
24928,3.10E+07
24929,2.76E+07
24930,2.61E+07
24931,1.87E+07
24932,1.90E+07
24933,2.15E+07
24934,2.40E+07
24935,2.52E+07
24936,4.88E+07
24937,2.08E+07
24938,3.59E+07
24939,3.76E+07
24940,2.73E+07
24941,3.07E+07
24942,3.47E+07
24943,5.66E+07
24944,8.67E+07
24945,8.38E+07
24946,7.26E+07
24947,7.20E+07
24948,7.14E+07
24949,2.65E+07
24950,3.50E+07
24951,3.30E+07
24952,2.95E+07
24953,3.56E+07
24954,3.45E+07
24955,3.68E+07
24956,3.78E+07
24957,3.94E+07
24958,4.24E+07
24959,3.57E+07
24960,3.49E+07
24961,4.10E+07
24962,4.38E+07
24963,4.31E+07
24964,4.74E+07
24965,7.76E+07
24966,9.70E+07
24967,3.11E+07
24968,5.67E+07
24969,3.69E+07
24970,4.88E+07
24971,6.53E+07
24972,5.26E+07
24973,7.15E+07
24974,4.42E+07
24975,5.62E+07
24976,6.59E+07
24977,7.42E+07
24978,6.99E+07
24979,7.41E+07
24980,8.48E+07
24981,9.34E+07
24982,2.53E+07
24983,3.52E+07
24984,3.59E+07
24985,4.13E+07
24986,5.56E+07
24987,7.23E+07
24988,6.48E+07
24989,9.44E+07
24990,7.75E+07
24991,8.94E+07
24992,6.78E+07
24993,4.69E+07
24994,5.12E+07
24995,5.24E+07
24996,5.12E+07
24997,5.35E+07
24998,4.70E+07
24999,4.95E+07
25000,5.21E+07
25001,2.89E+07
25002,5.90E+07
25003,6.26E+07
25004,5.58E+07
25005,5.32E+07
25006,5.90E+07
25007,6.14E+07
25008,6.64E+07
25009,5.21E+07
25010,6.42E+07
25011,5.46E+07
25012,5.59E+07
25013,4.51E+07
25014,4.51E+07
25015,5.03E+07
25016,4.68E+07
25017,5.11E+07
25018,3.86E+07
25019,3.21E+07
25020,3.22E+07
25021,5.93E+07
25022,4.53E+07
25023,4.13E+07
25024,4.70E+07
25025,4.02E+07
25026,5.07E+07
25027,4.38E+07
25028,5.65E+07
25029,4.49E+07
25030,3.63E+07
25031,4.74E+07
25032,2.91E+07
25033,3.28E+07
25034,1.66E+07
25035,3.12E+07
25036,2.59E+07
25037,2.83E+07
25038,3.25E+07
25039,3.21E+07
25040,5.66E+07
25041,3.04E+07
25042,3.78E+07
25043,3.78E+07
25044,4.21E+07
25045,3.81E+07
25046,5.06E+07
25047,4.88E+07
25048,4.00E+07
25049,4.73E+07
25050,4.43E+07
25051,5.59E+07
25052,5.31E+07
25053,4.45E+07
25054,5.73E+07
25055,6.76E+07
25056,4.57E+07
25057,5.98E+07
25058,7.70E+07
25059,5.94E+07
25060,6.58E+07
25061,6.69E+07
25062,6.35E+07
25063,6.42E+07
25064,4.95E+07
25065,4.97E+07
25066,4.89E+07
25067,4.56E+07
25068,4.80E+07
25069,4.80E+07
25070,4.34E+07
25071,5.06E+07
25072,6.83E+07
25073,7.56E+07
25074,7.62E+07
25075,2.82E+07
25076,2.77E+07
25077,2.27E+07
25078,3.53E+07
25079,8.32E+07
25080,9.61E+07
25081,8.26E+07
25082,7.57E+07
25083,7.82E+07
25084,9.55E+07
25085,6.72E+07
25086,6.47E+07
25087,7.87E+07
25088,5.39E+07
25089,4.25E+07
25090,6.30E+07
25091,6.24E+07
25092,8.07E+07
25093,4.97E+07
25094,4.43E+07
25095,4.01E+07
25096,4.18E+07
25097,4.45E+07
25098,1.04E+08
25099,8.14E+07
25100,9.10E+07
25101,7.58E+07
25102,9.02E+07
25103,7.93E+07
25104,7.55E+07
25105,8.60E+07
25106,8.98E+07
25107,7.65E+07
25108,8.38E+07
25109,8.50E+07
25110,9.31E+07
25111,3.58E+07
25112,4.44E+07
25113,2.78E+07
25114,3.80E+07
25115,8.24E+07
25116,7.22E+07
25117,8.05E+07
25118,7.69E+07
25119,5.88E+07
25120,6.61E+07
25121,5.49E+07
25122,4.58E+07
25123,4.75E+07
25124,6.31E+07
25125,4.04E+07
25126,3.57E+07
25127,3.40E+07
25128,5.74E+07
25129,3.40E+07
25130,6.37E+07
25131,6.29E+07
25132,4.52E+07
25133,1.00E+08
25134,5.86E+07
25135,7.02E+07
25136,6.07E+07
25137,7.06E+07
25138,6.35E+07
25139,7.38E+07
25140,6.28E+07
25141,9.21E+07
25142,8.50E+07
25143,9.38E+07
25144,7.65E+07
25145,7.93E+07
25146,6.71E+07
25147,6.84E+07
25148,5.08E+07
25149,5.99E+07
25150,4.88E+07
25151,6.44E+07
25152,6.44E+07
25153,6.12E+07
25154,7.14E+07
25155,5.92E+07
25156,5.34E+07
25157,7.30E+07
25158,5.81E+07
25159,5.67E+07
25160,4.89E+07
25161,4.81E+07
25162,5.80E+07
25163,3.83E+07
25164,6.30E+07
25165,6.03E+07
25166,5.94E+07
25167,6.96E+07
25168,7.13E+07
25169,7.76E+07
25170,2.71E+07
25171,2.14E+07
25172,1.47E+07
25173,2.06E+07
25174,1.62E+07
25175,1.69E+07
25176,2.69E+07
25177,2.97E+07
25178,3.43E+07
25179,2.56E+07
25180,2.41E+07
25181,2.44E+07
25182,3.21E+07
25183,2.86E+07
25184,2.85E+07
25185,1.98E+07
25186,5.30E+07
25187,4.95E+07
25188,2.24E+07
25189,6.81E+07
25190,7.53E+07
25191,6.78E+07
25192,5.72E+07
25193,7.01E+07
25194,4.60E+07
25195,4.03E+07
25196,8.36E+07
25197,4.55E+07
25198,3.54E+07
25199,3.79E+07
25200,6.18E+07
25201,4.52E+07
25202,3.67E+07
25203,6.02E+07
25204,6.06E+07
25205,4.69E+07
25206,5.90E+07
25207,5.56E+07
25208,4.86E+07
25209,4.81E+07
25210,9.34E+07
25211,9.59E+07
25212,8.74E+07
25213,9.47E+07
25214,7.77E+07
25215,6.02E+07
25216,5.74E+07
25217,6.90E+07
25218,5.46E+07
25219,6.33E+07
25220,4.10E+07
25221,6.90E+07
25222,4.54E+07
25223,5.37E+07
25224,5.17E+07
25225,5.00E+07
25226,8.22E+07
25227,4.53E+07
25228,4.50E+07
25229,6.99E+07
25230,4.46E+07
25231,4.89E+07
25232,3.10E+07
25233,4.43E+07
25234,6.35E+07
25235,8.18E+07
25236,5.22E+07
25237,5.33E+07
25238,7.33E+07
25239,4.74E+07
25240,4.76E+07
25241,5.44E+07
25242,5.37E+07
25243,6.30E+07
25244,4.57E+07
25245,4.54E+07
25246,4.56E+07
25247,5.45E+07
25248,3.51E+07
25249,3.17E+07
25250,2.88E+07
25251,3.84E+07
25252,6.54E+07
25253,6.72E+07
25254,4.31E+07
25255,5.96E+07
25256,8.51E+07
25257,5.52E+07
25258,5.96E+07
25259,4.03E+07
25260,6.21E+07
25261,4.30E+07
25262,6.08E+07
25263,6.70E+07
25264,7.19E+07
25265,5.47E+07
25266,3.35E+07
25267,2.90E+07
25268,2.89E+07
25269,3.60E+07
25270,2.36E+07
25271,3.15E+07
25272,2.55E+07
25273,6.76E+07
25274,6.38E+07
25275,7.28E+07
25276,5.21E+07
25277,5.02E+07
25278,6.37E+07
25279,5.03E+07
25280,4.48E+07
25281,3.22E+07
25282,2.61E+07
25283,5.94E+07
25284,6.03E+07
25285,5.83E+07
25286,1.04E+08
25287,9.13E+07
25288,9.34E+07
25289,7.98E+07
25290,5.39E+07
25291,6.27E+07
25292,5.59E+07
25293,5.57E+07
25294,4.49E+07
25295,6.33E+07
25296,3.33E+07
25297,3.15E+07
25298,3.60E+07
25299,3.06E+07
25300,2.52E+07
25301,3.83E+07
25302,5.58E+07
25303,4.80E+07
25304,5.43E+07
25305,4.66E+07
25306,5.25E+07
25307,5.95E+07
25308,5.85E+07
25309,5.99E+07
25310,6.78E+07
25311,5.17E+07
25312,5.65E+07
25313,7.08E+07
25314,4.82E+07
25315,6.66E+07
25316,8.13E+07
25317,8.24E+07
25318,9.84E+07
25319,5.59E+07
25320,6.00E+07
25321,5.83E+07
25322,5.27E+07
25323,4.21E+07
25324,4.16E+07
25325,3.74E+07
25326,5.97E+07
25327,6.98E+07
25328,7.76E+07
25329,5.40E+07
25330,4.96E+07
25331,4.88E+07
25332,6.43E+07
25333,4.45E+07
25334,6.61E+07
25335,4.95E+07
25336,4.68E+07
25337,5.74E+07
25338,3.81E+07
25339,5.50E+07
25340,3.71E+07
25341,3.48E+07
25342,5.85E+07
25343,5.47E+07
25344,6.03E+07
25345,6.32E+07
25346,4.50E+07
25347,6.90E+07
25348,7.06E+07
25349,5.65E+07
25350,5.17E+07
25351,5.56E+07
25352,6.75E+07
25353,5.26E+07
25354,4.14E+07
25355,4.65E+07
25356,5.10E+07
25357,4.43E+07
25358,4.89E+07
25359,5.35E+07
25360,3.35E+07
25361,3.15E+07
25362,3.52E+07
25363,3.24E+07
25364,3.41E+07
25365,3.28E+07
25366,3.12E+07
25367,3.17E+07
25368,5.05E+07
25369,3.00E+07
25370,4.72E+07
25371,2.89E+07
25372,2.73E+07
25373,2.68E+07
25374,3.16E+07
25375,2.60E+07
25376,4.60E+07
25377,4.48E+07
25378,5.34E+07
25379,5.72E+07
25380,2.71E+07
25381,5.84E+07
25382,3.55E+07
25383,4.20E+07
25384,3.83E+07
25385,4.28E+07
25386,5.26E+07
25387,5.66E+07
25388,5.79E+07
25389,6.07E+07
25390,6.64E+07
25391,8.53E+07
25392,7.55E+07
25393,6.23E+07
25394,7.39E+07
25395,5.86E+07
25396,5.71E+07
25397,9.06E+07
25398,5.13E+07
25399,7.19E+07
25400,8.58E+07
25401,7.42E+07
25402,7.17E+07
25403,6.82E+07
25404,9.72E+07
25405,3.28E+07
25406,2.81E+07
25407,2.24E+07
25408,3.42E+07
25409,2.34E+07
25410,2.86E+07
25411,2.09E+07
25412,7.27E+07
25413,7.38E+07
25414,7.08E+07
25415,6.23E+07
25416,3.99E+07
25417,4.20E+07
25418,3.51E+07
25419,3.68E+07
25420,4.00E+07
25421,4.49E+07
25422,2.56E+07
25423,2.39E+07
25424,2.42E+07
25425,6.43E+07
25426,6.90E+07
25427,3.87E+07
25428,2.45E+07
25429,3.17E+07
25430,2.46E+07
25431,2.42E+07
25432,2.76E+07
25433,3.23E+07
25434,4.21E+07
25435,3.72E+07
25436,4.53E+07
25437,2.82E+07
25438,3.06E+07
25439,3.14E+07
25440,3.08E+07
25441,2.83E+07
25442,3.56E+07
25443,2.78E+07
25444,2.82E+07
25445,3.90E+07
25446,4.15E+07
25447,4.04E+07
25448,2.61E+07
25449,2.55E+07
25450,2.71E+07
25451,2.49E+07
25452,2.43E+07
25453,2.36E+07
25454,2.40E+07
25455,5.73E+07
25456,5.42E+07
25457,4.94E+07
25458,4.10E+07
25459,3.80E+07
25460,4.76E+07
25461,3.21E+07
25462,5.74E+07
25463,4.49E+07
25464,5.42E+07
25465,4.66E+07
25466,5.75E+07
25467,5.96E+07
25468,5.72E+07
25469,4.61E+07
25470,5.10E+07
25471,4.47E+07
25472,4.32E+07
25473,4.71E+07
25474,4.52E+07
25475,3.32E+07
25476,4.69E+07
25477,3.65E+07
25478,4.88E+07
25479,4.32E+07
25480,4.52E+07
25481,3.42E+07
25482,3.90E+07
25483,3.58E+07
25484,3.85E+07
25485,4.02E+07
25486,1.94E+07
25487,2.58E+07
25488,2.95E+07
25489,2.85E+07
25490,2.55E+07
25491,1.95E+07
25492,3.79E+07
25493,2.76E+07
25494,2.95E+07
25495,2.57E+07
25496,2.61E+07
25497,2.53E+07
25498,2.57E+07
25499,2.87E+07
25500,2.90E+07
25501,2.81E+07
25502,2.81E+07
25503,2.85E+07
25504,2.21E+07
25505,2.31E+07
25506,2.30E+07
25507,2.25E+07
25508,2.03E+07
25509,3.06E+07
25510,3.50E+07
25511,3.08E+07
25512,2.36E+07
25513,3.75E+07
25514,3.01E+07
25515,4.26E+07
25516,4.95E+07
25517,3.25E+07
25518,4.02E+07
25519,2.94E+07
25520,2.61E+07
25521,2.41E+07
25522,2.41E+07
25523,2.33E+07
25524,2.50E+07
25525,2.34E+07
25526,2.33E+07
25527,2.73E+07
25528,2.74E+07
25529,3.16E+07
25530,2.61E+07
25531,2.86E+07
25532,1.89E+07
25533,2.29E+07
25534,3.31E+07
25535,3.04E+07
25536,2.73E+07
25537,3.21E+07
25538,2.80E+07
25539,2.99E+07
25540,2.81E+07
25541,3.27E+07
25542,2.87E+07
25543,2.69E+07
25544,3.15E+07
25545,2.96E+07
25546,2.43E+07
25547,3.49E+07
25548,3.47E+07
25549,3.52E+07
25550,2.65E+07
25551,2.39E+07
25552,2.62E+07
25553,2.72E+07
25554,2.95E+07
25555,2.60E+07
25556,3.10E+07
25557,3.05E+07
25558,2.87E+07
25559,2.62E+07
25560,1.68E+07
25561,2.02E+07
25562,1.92E+07
25563,2.28E+07
25564,1.64E+07
25565,2.71E+07
25566,2.49E+07
25567,2.96E+07
25568,3.50E+07
25569,2.88E+07
25570,3.33E+07
25571,3.94E+07
25572,4.53E+07
25573,2.72E+07
25574,1.67E+07
25575,4.54E+07
25576,4.16E+07
25577,2.10E+07
25578,4.04E+07
25579,4.23E+07
25580,2.92E+07
25581,3.08E+07
25582,2.18E+07
25583,2.90E+07
25584,3.11E+07
25585,2.55E+07
25586,3.68E+07
25587,2.57E+07
25588,2.47E+07
25589,2.72E+07
25590,3.36E+07
25591,4.10E+07
25592,4.03E+07
25593,3.99E+07
25594,4.47E+07
25595,3.95E+07
25596,3.42E+07
25597,4.41E+07
25598,6.52E+07
25599,4.70E+07
25600,5.41E+07
25601,5.92E+07
25602,6.41E+07
25603,4.07E+07
25604,4.59E+07
25605,4.81E+07
25606,3.86E+07
25607,2.77E+07
25608,2.56E+07
25609,4.54E+07
25610,2.62E+07
25611,3.18E+07
25612,3.38E+07
25613,1.96E+07
25614,2.55E+07
25615,3.55E+07
25616,2.82E+07
25617,2.06E+07
25618,5.07E+07
25619,2.40E+07
25620,3.64E+07
25621,2.90E+07
25622,3.32E+07
25623,2.63E+07
25624,3.07E+07
25625,2.65E+07
25626,3.53E+07
25627,2.67E+07
25628,2.72E+07
25629,2.30E+07
25630,3.59E+07
25631,3.08E+07
25632,3.23E+07
25633,2.20E+07
25634,2.55E+07
25635,2.28E+07
25636,2.45E+07
25637,2.64E+07
25638,2.07E+07
25639,2.21E+07
25640,2.47E+07
25641,2.03E+07
25642,2.46E+07
25643,1.78E+07
25644,1.94E+07
25645,1.67E+07
25646,6.40E+07
25647,5.80E+07
25648,5.75E+07
25649,7.53E+07
25650,8.79E+07
25651,6.14E+07
25652,7.27E+07
25653,5.39E+07
25654,3.44E+07
25655,4.96E+07
25656,4.90E+07
25657,6.03E+07
25658,6.42E+07
25659,4.14E+07
25660,3.36E+07
25661,7.53E+07
25662,5.37E+07
25663,3.36E+07
25664,3.40E+07
25665,4.79E+07
25666,4.80E+07
25667,3.31E+07
25668,4.70E+07
25669,4.26E+07
25670,4.17E+07
25671,2.60E+07
25672,2.74E+07
25673,1.32E+07
25674,1.00E+07
25675,3.58E+07
25676,3.29E+07
25677,2.75E+07
25678,3.71E+07
25679,1.30E+07
25680,6.40E+07
25681,5.60E+07
25682,5.01E+07
25683,6.37E+07
25684,4.31E+07
25685,4.88E+07
25686,5.17E+07
25687,8.02E+07
25688,3.05E+07
25689,7.00E+07
25690,7.45E+07
25691,6.81E+07
25692,6.77E+07
25693,4.61E+07
25694,5.55E+07
25695,8.94E+07
25696,4.98E+07
25697,7.08E+07
25698,3.70E+07
25699,3.79E+07
25700,4.17E+07
25701,3.29E+07
25702,4.03E+07
25703,4.85E+07
25704,5.40E+07
25705,6.28E+07
25706,5.02E+07
25707,5.81E+07
25708,3.96E+07
25709,4.29E+07
25710,3.85E+07
25711,3.50E+07
25712,3.06E+07
25713,3.29E+07
25714,4.39E+07
25715,6.65E+07
25716,3.08E+07
25717,4.61E+07
25718,4.87E+07
25719,5.66E+07
25720,5.59E+07
25721,3.95E+07
25722,3.09E+07
25723,3.39E+07
25724,4.61E+07
25725,3.21E+07
25726,5.15E+07
25727,3.21E+07
25728,3.71E+07
25729,3.50E+07
25730,6.20E+07
25731,5.92E+07
25732,6.40E+07
25733,7.59E+07
25734,4.96E+07
25735,3.57E+07
25736,5.25E+07
25737,6.01E+07
25738,4.33E+07
25739,5.32E+07
25740,4.75E+07
25741,3.75E+07
25742,6.38E+07
25743,6.63E+07
25744,6.09E+07
25745,4.58E+07
25746,4.15E+07
25747,4.69E+07
25748,7.54E+07
25749,3.16E+07
25750,2.88E+07
25751,2.06E+07
25752,2.68E+07
25753,2.76E+07
25754,2.60E+07
25755,2.17E+07
25756,3.33E+07
25757,4.34E+07
25758,3.62E+07
25759,7.19E+07
25760,6.38E+07
25761,4.79E+07
25762,5.29E+07
25763,2.53E+07
25764,2.48E+07
25765,2.27E+07
25766,2.84E+07
25767,2.31E+07
25768,2.32E+07
25769,2.44E+07
25770,4.06E+07
25771,2.18E+07
25772,2.43E+07
25773,3.16E+07
25774,2.78E+07
25775,2.51E+07
25776,2.97E+07
25777,2.64E+07
25778,2.74E+07
25779,3.47E+07
25780,3.00E+07
25781,2.73E+07
25782,2.37E+07
25783,2.39E+07
25784,2.54E+07
25785,2.56E+07
25786,2.87E+07
25787,2.53E+07
25788,3.20E+07
25789,3.30E+07
25790,3.41E+07
25791,3.85E+07
25792,3.62E+07
25793,2.98E+07
25794,2.33E+07
25795,2.61E+07
25796,3.07E+07
25797,4.43E+07
25798,2.94E+07
25799,4.38E+07
25800,3.43E+07
25801,4.83E+07
25802,3.92E+07
25803,3.53E+07
25804,3.57E+07
25805,3.63E+07
25806,3.84E+07
25807,3.71E+07
25808,3.75E+07
25809,3.55E+07
25810,3.42E+07
25811,4.12E+07
25812,4.93E+07
25813,6.16E+07
25814,4.97E+07
25815,5.35E+07
25816,5.90E+07
25817,4.71E+07
25818,4.31E+07
25819,5.10E+07
25820,5.63E+07
25821,5.17E+07
25822,4.14E+07
25823,4.77E+07
25824,5.15E+07
25825,6.43E+07
25826,4.41E+07
25827,5.07E+07
25828,4.18E+07
25829,4.51E+07
25830,4.18E+07
25831,4.39E+07
25832,3.25E+07
25833,3.53E+07
25834,2.42E+07
25835,4.46E+07
25836,4.37E+07
25837,2.83E+07
25838,2.76E+07
25839,2.83E+07
25840,4.87E+07
25841,3.34E+07
25842,2.88E+07
25843,3.26E+07
25844,3.10E+07
25845,2.68E+07
25846,2.70E+07
25847,2.82E+07
25848,2.85E+07
25849,3.81E+07
25850,4.99E+07
25851,1.58E+07
25852,3.08E+07
25853,2.98E+07
25854,5.09E+07
25855,3.93E+07
25856,5.29E+07
25857,1.54E+07
25858,1.16E+07
25859,4.77E+07
25860,3.99E+07
25861,4.08E+07
25862,2.58E+07
25863,4.73E+07
25864,1.09E+07
25865,2.44E+07
25866,8.79E+06
25867,4.99E+07
25868,2.70E+07
25869,5.06E+07
25870,3.22E+07
25871,2.97E+07
25872,3.06E+07
25873,5.59E+07
25874,4.75E+07
25875,3.33E+07
25876,3.34E+07
25877,4.23E+07
25878,3.14E+07
25879,4.61E+07
25880,2.43E+07
25881,2.58E+07
25882,2.97E+07
25883,4.87E+07
25884,5.08E+07
25885,3.89E+07
25886,6.05E+07
25887,2.99E+07
25888,5.57E+07
25889,3.96E+07
25890,3.44E+07
25891,4.60E+07
25892,5.13E+07
25893,4.51E+07
25894,5.81E+07
25895,5.91E+07
25896,5.41E+07
25897,4.35E+07
25898,6.67E+07
25899,6.19E+07
25900,4.23E+07
25901,6.40E+07
25902,6.23E+07
25903,3.43E+07
25904,3.95E+07
25905,6.11E+07
25906,7.21E+07
25907,4.94E+07
25908,5.34E+07
25909,4.68E+07
25910,3.85E+07
25911,4.92E+07
25912,5.57E+07
25913,3.21E+07
25914,6.57E+07
25915,5.05E+07
25916,3.11E+07
25917,3.78E+07
25918,3.90E+07
25919,3.49E+07
25920,5.12E+07
25921,6.32E+07
25922,2.94E+07
25923,2.76E+07
25924,2.34E+07
25925,3.70E+07
25926,4.28E+07
25927,2.47E+07
25928,4.18E+07
25929,2.52E+07
25930,1.03E+07
25931,3.23E+07
25932,1.28E+07
25933,3.65E+07
25934,5.39E+07
25935,6.24E+07
25936,5.56E+07
25937,5.96E+07
25938,4.19E+07
25939,4.40E+07
25940,6.25E+07
25941,5.96E+07
25942,4.18E+07
25943,4.15E+07
25944,4.93E+07
25945,4.97E+07
25946,3.45E+07
25947,4.24E+07
25948,4.18E+07
25949,5.45E+07
25950,4.92E+07
25951,6.16E+07
25952,3.34E+07
25953,4.28E+07
25954,5.96E+07
25955,4.60E+07
25956,5.34E+07
25957,3.93E+07
25958,6.48E+07
25959,4.26E+07
25960,4.18E+07
25961,3.89E+07
25962,4.70E+07
25963,3.97E+07
25964,2.71E+07
25965,5.54E+07
25966,3.37E+07
25967,3.31E+07
25968,3.03E+07
25969,2.49E+07
25970,3.81E+07
25971,2.48E+07
25972,5.18E+07
25973,4.70E+07
25974,3.70E+07
25975,3.66E+07
25976,4.18E+07
25977,4.14E+07
25978,4.29E+07
25979,2.99E+07
25980,2.35E+07
25981,2.86E+07
25982,4.29E+07
25983,4.89E+07
25984,4.84E+07
25985,7.58E+07
25986,8.67E+07
25987,7.42E+07
25988,7.09E+07
25989,6.72E+07
25990,7.12E+07
25991,7.27E+07
25992,5.13E+07
25993,5.15E+07
25994,5.12E+07
25995,5.99E+07
25996,3.89E+07
25997,4.18E+07
25998,2.83E+07
25999,2.87E+07
26000,2.97E+07
26001,4.00E+07
26002,3.16E+07
26003,3.70E+07
26004,4.38E+07
26005,4.79E+07
26006,4.54E+07
26007,2.81E+07
26008,2.91E+07
26009,4.32E+07
26010,3.34E+07
26011,3.81E+07
26012,3.06E+07
26013,6.04E+07
26014,4.04E+07
26015,1.85E+07
26016,5.05E+07
26017,3.08E+07
26018,5.93E+07
26019,3.16E+07
26020,3.95E+07
26021,4.36E+07
26022,4.53E+07
26023,5.30E+07
26024,3.17E+07
26025,2.95E+07
26026,2.61E+07
26027,2.03E+07
26028,3.64E+07
26029,4.09E+07
26030,7.03E+07
26031,4.00E+07
26032,1.99E+07
26033,5.94E+07
26034,1.85E+07
26035,6.67E+07
26036,5.83E+07
26037,5.50E+07
26038,3.18E+07
26039,4.64E+07
26040,5.37E+07
26041,4.73E+07
26042,5.34E+07
26043,5.15E+07
26044,3.38E+07
26045,3.75E+07
26046,4.26E+07
26047,2.85E+07
26048,3.89E+07
26049,3.06E+07
26050,2.90E+07
26051,2.87E+07
26052,3.09E+07
26053,2.54E+07
26054,4.37E+07
26055,3.09E+07
26056,4.03E+07
26057,4.33E+07
26058,2.97E+07
26059,2.69E+07
26060,3.00E+07
26061,3.74E+07
26062,2.68E+07
26063,5.70E+07
26064,3.71E+07
26065,2.82E+07
26066,5.97E+07
26067,3.42E+07
26068,3.98E+07
26069,5.65E+07
26070,5.29E+07
26071,3.69E+07
26072,3.16E+07
26073,5.51E+07
26074,4.01E+07
26075,4.26E+07
26076,5.48E+07
26077,3.80E+07
26078,5.20E+07
26079,2.92E+07
26080,4.28E+07
26081,3.97E+07
26082,4.47E+07
26083,7.14E+07
26084,6.71E+07
26085,4.49E+07
26086,6.60E+07
26087,3.82E+07
26088,4.35E+07
26089,3.89E+07
26090,5.65E+07
26091,3.73E+07
26092,3.57E+07
26093,3.13E+07
26094,6.73E+07
26095,5.37E+07
26096,5.48E+07
26097,8.19E+07
26098,3.53E+07
26099,3.47E+07
26100,3.35E+07
26101,3.35E+07
26102,2.64E+07
26103,2.76E+07
26104,2.64E+07
26105,5.67E+07
26106,5.80E+07
26107,3.92E+07
26108,4.79E+07
26109,2.78E+07
26110,3.33E+07
26111,2.65E+07
26112,3.46E+07
26113,2.65E+07
26114,7.46E+07
26115,7.06E+07
26116,5.72E+07
26117,3.80E+07
26118,2.40E+07
26119,2.37E+07
26120,2.57E+07
26121,4.65E+07
26122,2.57E+07
26123,2.59E+07
26124,2.55E+07
26125,5.70E+07
26126,2.73E+07
26127,3.09E+07
26128,2.67E+07
26129,2.52E+07
26130,2.60E+07
26131,5.39E+07
26132,4.93E+07
26133,6.49E+07
26134,3.60E+07
26135,4.51E+07
26136,4.58E+07
26137,3.23E+07
26138,3.08E+07
26139,2.79E+07
26140,4.22E+07
26141,3.66E+07
26142,3.64E+07
26143,2.00E+07
26144,2.13E+07
26145,2.61E+07
26146,1.98E+07
26147,3.13E+07
26148,4.14E+07
26149,3.67E+07
26150,2.27E+07
26151,2.54E+07
26152,3.30E+07
26153,3.35E+07
26154,2.85E+07
26155,3.64E+07
26156,4.35E+07
26157,4.00E+07
26158,4.51E+07
26159,4.04E+07
26160,6.63E+07
26161,6.29E+07
26162,6.42E+07
26163,6.94E+07
26164,5.68E+07
26165,8.56E+07
26166,9.20E+07
26167,7.29E+07
26168,6.88E+07
26169,2.55E+07
26170,2.18E+07
26171,2.26E+07
26172,2.58E+07
26173,2.01E+07
26174,1.55E+07
26175,1.54E+07
26176,1.88E+07
26177,4.64E+07
26178,1.92E+07
26179,2.25E+07
26180,2.19E+07
26181,2.15E+07
26182,1.88E+07
26183,1.93E+07
26184,2.41E+07
26185,2.71E+07
26186,3.22E+07
26187,2.55E+07
26188,2.32E+07
26189,3.12E+07
26190,2.60E+07
26191,3.26E+07
26192,3.79E+07
26193,4.53E+07
26194,4.10E+07
26195,2.96E+07
26196,4.67E+07
26197,4.25E+07
26198,5.07E+07
26199,3.38E+07
26200,2.97E+07
26201,2.58E+07
26202,4.44E+07
26203,4.54E+07
26204,3.00E+07
26205,2.91E+07
26206,3.27E+07
26207,5.16E+07
26208,2.97E+07
26209,2.73E+07
26210,3.89E+07
26211,5.53E+07
26212,4.43E+07
26213,6.14E+07
26214,3.29E+07
26215,3.58E+07
26216,3.60E+07
26217,4.69E+07
26218,4.94E+07
26219,5.08E+07
26220,3.18E+07
26221,4.99E+07
26222,4.55E+07
26223,4.18E+07
26224,3.67E+07
26225,3.18E+07
26226,4.09E+07
26227,4.79E+07
26228,3.66E+07
26229,3.51E+07
26230,4.99E+07
26231,4.52E+07
26232,5.29E+07
26233,4.31E+07
26234,5.66E+07
26235,4.03E+07
26236,6.72E+07
26237,6.06E+07
26238,4.35E+07
26239,5.46E+07
26240,5.70E+07
26241,4.47E+07
26242,5.54E+07
26243,5.28E+07
26244,4.29E+07
26245,4.14E+07
26246,4.12E+07
26247,4.78E+07
26248,3.92E+07
26249,4.57E+07
26250,3.07E+07
26251,1.86E+07
26252,2.34E+07
26253,1.97E+07
26254,2.70E+07
26255,3.19E+07
26256,4.38E+07
26257,3.32E+07
26258,2.96E+07
26259,4.00E+07
26260,3.27E+07
26261,2.90E+07
26262,6.43E+07
26263,4.81E+07
26264,5.95E+07
26265,4.47E+07
26266,5.44E+07
26267,5.15E+07
26268,7.39E+07
26269,5.83E+07
26270,4.50E+07
26271,4.69E+07
26272,5.99E+07
26273,6.20E+07
26274,4.62E+07
26275,2.70E+07
26276,2.77E+07
26277,2.40E+07
26278,2.58E+07
26279,3.91E+07
26280,3.32E+07
26281,2.66E+07
26282,3.64E+07
26283,3.45E+07
26284,2.73E+07
26285,3.90E+07
26286,2.53E+07
26287,6.00E+07
26288,3.81E+07
26289,3.21E+07
26290,3.20E+07
26291,3.26E+07
26292,2.26E+07
26293,2.55E+07
26294,2.32E+07
26295,3.44E+07
26296,3.75E+07
26297,4.63E+07
26298,2.82E+07
26299,2.99E+07
26300,3.80E+07
26301,4.32E+07
26302,2.95E+07
26303,3.67E+07
26304,5.22E+07
26305,7.83E+07
26306,6.64E+07
26307,7.19E+07
26308,8.83E+07
26309,2.36E+07
26310,3.45E+07
26311,4.95E+07
26312,3.54E+07
26313,4.67E+07
26314,3.40E+07
26315,3.91E+07
26316,3.66E+07
26317,3.70E+07
26318,3.04E+07
26319,3.86E+07
26320,6.51E+07
26321,5.16E+07
26322,6.25E+07
26323,4.75E+07
26324,7.86E+07
26325,6.45E+07
26326,5.13E+07
26327,6.79E+07
26328,6.35E+07
26329,4.73E+07
26330,4.58E+07
26331,6.28E+07
26332,7.82E+07
26333,6.63E+07
26334,6.42E+07
26335,5.77E+07
26336,5.90E+07
26337,4.70E+07
26338,3.76E+07
26339,4.80E+07
26340,4.59E+07
26341,6.47E+07
26342,3.00E+07
26343,4.02E+07
26344,5.05E+07
26345,2.86E+07
26346,3.27E+07
26347,3.40E+07
26348,2.89E+07
26349,5.91E+07
26350,4.24E+07
26351,4.53E+07
26352,2.96E+07
26353,3.52E+07
26354,6.61E+07
26355,4.10E+07
26356,7.86E+07
26357,5.51E+07
26358,4.75E+07
26359,5.33E+07
26360,2.53E+07
26361,3.46E+07
26362,3.85E+07
26363,4.39E+07
26364,2.68E+07
26365,2.97E+07
26366,2.04E+07
26367,3.13E+07
26368,2.86E+07
26369,2.62E+07
26370,2.09E+07
26371,1.83E+07
26372,6.02E+07
26373,5.00E+07
26374,5.51E+07
26375,5.67E+07
26376,5.26E+07
26377,6.43E+07
26378,4.21E+07
26379,5.03E+07
26380,5.43E+07
26381,5.87E+07
26382,6.21E+07
26383,6.59E+07
26384,8.86E+07
26385,8.33E+07
26386,8.69E+07
26387,4.72E+07
26388,4.60E+07
26389,4.83E+07
26390,4.18E+07
26391,3.30E+07
26392,4.10E+07
26393,4.17E+07
26394,5.27E+07
26395,4.63E+07
26396,4.90E+07
26397,4.85E+07
26398,5.15E+07
26399,5.17E+07
26400,5.36E+07
26401,4.69E+07
26402,4.69E+07
26403,4.59E+07
26404,4.41E+07
26405,5.58E+07
26406,2.12E+07
26407,4.51E+07
26408,3.72E+07
26409,8.41E+07
26410,7.43E+07
26411,6.06E+07
26412,2.66E+07
26413,4.22E+07
26414,4.48E+07
26415,3.57E+07
26416,3.25E+07
26417,5.01E+07
26418,2.21E+07
26419,2.38E+07
26420,2.26E+07
26421,1.65E+07
26422,1.48E+07
26423,1.10E+07
26424,3.35E+07
26425,2.91E+07
26426,2.30E+07
26427,2.52E+07
26428,2.62E+07
26429,2.54E+07
26430,2.66E+07
26431,1.55E+07
26432,2.17E+07
26433,3.15E+07
26434,6.14E+07
26435,3.18E+07
26436,2.53E+07
26437,3.38E+07
26438,2.26E+07
26439,6.16E+07
26440,3.29E+07
26441,8.02E+07
26442,7.01E+07
26443,5.82E+07
26444,5.48E+07
26445,5.73E+07
26446,7.25E+07
26447,8.72E+07
26448,8.97E+07
26449,3.70E+07
26450,2.59E+07
26451,4.70E+07
26452,4.12E+07
26453,3.07E+07
26454,2.97E+07
26455,4.10E+07
26456,2.79E+07
26457,2.25E+07
26458,4.17E+07
26459,3.34E+07
26460,2.27E+07
26461,2.86E+07
26462,3.40E+07
26463,3.69E+07
26464,4.80E+07
26465,6.17E+07
26466,5.39E+07
26467,4.18E+07
26468,4.51E+07
26469,6.51E+07
26470,4.54E+07
26471,5.59E+07
26472,3.05E+07
26473,2.99E+07
26474,3.90E+07
26475,2.75E+07
26476,2.96E+07
26477,2.98E+07
26478,2.99E+07
26479,3.41E+07
26480,3.49E+07
26481,2.70E+07
26482,4.30E+07
26483,3.29E+07
26484,3.57E+07
26485,3.53E+07
26486,3.11E+07
26487,2.12E+07
26488,2.42E+07
26489,2.20E+07
26490,3.33E+07
26491,2.74E+07
26492,2.38E+07
26493,2.82E+07
26494,2.09E+07
26495,3.18E+07
26496,5.68E+07
26497,5.90E+07
26498,7.47E+07
26499,6.29E+07
26500,2.68E+07
26501,2.63E+07
26502,2.82E+07
26503,2.71E+07
26504,3.25E+07
26505,3.03E+07
26506,3.00E+07
26507,2.94E+07
26508,2.97E+07
26509,2.83E+07
26510,3.07E+07
26511,2.69E+07
26512,3.54E+07
26513,5.17E+07
26514,4.03E+07
26515,4.55E+07
26516,3.34E+07
26517,3.79E+07
26518,4.50E+07
26519,5.50E+07
26520,2.92E+07
26521,4.57E+07
26522,3.27E+07
26523,4.46E+07
26524,2.22E+07
26525,2.59E+07
26526,3.20E+07
26527,3.30E+07
26528,3.10E+07
26529,3.01E+07
26530,3.60E+07
26531,3.39E+07
26532,3.56E+07
26533,4.21E+07
26534,4.55E+07
26535,2.16E+07
26536,5.84E+07
26537,3.03E+07
26538,4.14E+07
26539,6.48E+07
26540,4.70E+07
26541,3.62E+07
26542,3.87E+07
26543,4.98E+07
26544,6.76E+07
26545,6.94E+07
26546,6.65E+07
26547,3.81E+07
26548,6.49E+07
26549,4.54E+07
26550,7.15E+07
26551,5.77E+07
26552,6.49E+07
26553,7.99E+07
26554,6.55E+07
26555,4.62E+07
26556,4.96E+07
26557,7.61E+07
26558,4.77E+07
26559,6.63E+07
26560,4.42E+07
26561,4.90E+07
26562,8.04E+07
26563,6.45E+07
26564,4.45E+07
26565,4.73E+07
26566,4.48E+07
26567,3.51E+07
26568,5.48E+07
26569,5.87E+07
26570,2.53E+07
26571,2.56E+07
26572,3.75E+07
26573,5.70E+07
26574,5.07E+07
26575,1.79E+07
26576,5.21E+07
26577,4.26E+07
26578,3.80E+07
26579,3.29E+07
26580,2.33E+07
26581,3.11E+07
26582,2.67E+07
26583,2.41E+07
26584,2.44E+07
26585,2.89E+07
26586,3.00E+07
26587,5.87E+07
26588,4.90E+07
26589,3.71E+07
26590,5.42E+07
26591,6.18E+07
26592,3.40E+07
26593,3.27E+07
26594,2.48E+07
26595,2.52E+07
26596,2.33E+07
26597,2.89E+07
26598,2.58E+07
26599,1.99E+07
26600,2.56E+07
26601,2.02E+07
26602,2.55E+07
26603,3.09E+07
26604,2.98E+07
26605,3.41E+07
26606,3.22E+07
26607,2.54E+07
26608,3.03E+07
26609,4.92E+07
26610,2.27E+07
26611,4.44E+07
26612,2.14E+07
26613,4.13E+07
26614,3.96E+07
26615,5.67E+07
26616,2.08E+07
26617,2.82E+07
26618,2.01E+07
26619,3.45E+07
26620,1.50E+07
26621,1.71E+07
26622,2.36E+07
26623,1.40E+07
26624,1.49E+07
26625,3.96E+07
26626,2.83E+07
26627,2.09E+07
26628,9.15E+06
26629,4.50E+07
26630,2.33E+07
26631,3.12E+07
26632,2.00E+07
26633,3.54E+07
26634,4.05E+07
26635,3.32E+07
26636,4.79E+07
26637,4.97E+07
26638,4.51E+07
26639,4.31E+07
26640,3.02E+07
26641,3.16E+07
26642,2.58E+07
26643,6.45E+07
26644,3.91E+07
26645,3.57E+07
26646,7.33E+07
26647,4.38E+07
26648,6.60E+07
26649,4.70E+07
26650,6.88E+07
26651,7.43E+07
26652,6.28E+07
26653,5.17E+07
26654,4.07E+07
26655,3.97E+07
26656,7.04E+07
26657,6.51E+07
26658,4.10E+07
26659,3.81E+07
26660,4.06E+07
26661,3.99E+07
26662,3.69E+07
26663,3.24E+07
26664,4.20E+07
26665,3.25E+07
26666,2.23E+07
26667,2.56E+07
26668,2.72E+07
26669,1.88E+07
26670,4.39E+07
26671,2.68E+07
26672,4.01E+07
26673,5.70E+07
26674,2.91E+07
26675,3.07E+07
26676,2.78E+07
26677,3.11E+07
26678,3.13E+07
26679,2.49E+07
26680,7.18E+07
26681,7.14E+07
26682,5.76E+07
26683,9.87E+07
26684,2.46E+07
26685,4.75E+07
26686,3.41E+07
26687,3.20E+07
26688,3.66E+07
26689,3.98E+07
26690,1.46E+07
26691,3.13E+07
26692,4.51E+07
26693,4.04E+07
26694,4.43E+07
26695,7.00E+07
26696,7.03E+07
26697,7.03E+07
26698,3.43E+07
26699,2.62E+07
26700,3.07E+07
26701,4.44E+07
26702,2.81E+07
26703,2.79E+07
26704,3.58E+07
26705,2.52E+07
26706,2.96E+07
26707,2.69E+07
26708,2.74E+07
26709,2.86E+07
26710,4.53E+07
26711,3.27E+07
26712,3.72E+07
26713,4.64E+07
26714,3.75E+07
26715,5.42E+07
26716,2.97E+07
26717,5.96E+07
26718,5.18E+07
26719,4.20E+07
26720,5.16E+07
26721,4.47E+07
26722,3.23E+07
26723,3.33E+07
26724,2.34E+07
26725,2.46E+07
26726,4.70E+07
26727,2.35E+07
26728,1.60E+07
26729,1.86E+07
26730,3.71E+07
26731,3.53E+07
26732,2.73E+07
26733,2.95E+07
26734,2.50E+07
26735,2.82E+07
26736,4.52E+07
26737,2.34E+07
26738,2.40E+07
26739,2.86E+07
26740,3.24E+07
26741,3.52E+07
26742,4.40E+07
26743,4.52E+07
26744,3.08E+07
26745,3.50E+07
26746,2.49E+07
26747,4.17E+07
26748,7.65E+07
26749,1.93E+07
26750,2.53E+07
26751,6.87E+07
26752,4.62E+07
26753,4.43E+07
26754,4.61E+07
26755,3.74E+07
26756,3.53E+07
26757,3.11E+07
26758,3.28E+07
26759,3.19E+07
26760,3.44E+07
26761,5.54E+07
26762,4.88E+07
26763,7.09E+07
26764,3.26E+07
26765,4.93E+07
26766,5.47E+07
26767,7.44E+07
26768,3.88E+07
26769,5.41E+07
26770,5.25E+07
26771,4.94E+07
26772,3.32E+07
26773,7.99E+07
26774,3.79E+07
26775,3.72E+07
26776,4.45E+07
26777,4.05E+07
26778,3.14E+07
26779,2.72E+07
26780,3.11E+07
26781,2.65E+07
26782,2.38E+07
26783,2.23E+07
26784,5.39E+07
26785,4.23E+07
26786,3.84E+07
26787,5.42E+07
26788,3.96E+07
26789,3.86E+07
26790,5.06E+07
26791,4.38E+07
26792,3.13E+07
26793,2.99E+07
26794,2.66E+07
26795,2.25E+07
26796,2.73E+07
26797,2.44E+07
26798,4.75E+07
26799,4.64E+07
26800,5.05E+07
26801,5.22E+07
26802,3.57E+07
26803,3.64E+07
26804,6.41E+07
26805,6.16E+07
26806,4.43E+07
26807,6.26E+07
26808,6.42E+07
26809,4.80E+07
26810,5.58E+07
26811,3.09E+07
26812,3.64E+07
26813,5.05E+07
26814,2.52E+07
26815,2.60E+07
26816,3.53E+07
26817,3.88E+07
26818,6.03E+07
26819,3.80E+07
26820,4.71E+07
26821,6.23E+07
26822,4.84E+07
26823,5.27E+07
26824,3.87E+07
26825,5.71E+07
26826,3.60E+07
26827,4.93E+07
26828,6.06E+07
26829,4.46E+07
26830,5.48E+07
26831,4.87E+07
26832,4.09E+07
26833,2.87E+07
26834,3.67E+07
26835,3.93E+07
26836,4.12E+07
26837,2.81E+07
26838,3.65E+07
26839,3.29E+07
26840,2.60E+07
26841,3.02E+07
26842,5.48E+07
26843,3.60E+07
26844,3.36E+07
26845,4.01E+07
26846,7.79E+07
26847,7.39E+07
26848,6.30E+07
26849,5.72E+07
26850,6.34E+07
26851,7.49E+07
26852,4.26E+07
26853,7.56E+07
26854,7.94E+07
26855,3.78E+07
26856,7.26E+07
26857,7.36E+07
26858,5.68E+07
26859,4.68E+07
26860,5.20E+07
26861,2.36E+07
26862,2.32E+07
26863,2.48E+07
26864,2.30E+07
26865,2.21E+07
26866,2.10E+07
26867,3.40E+07
26868,3.86E+07
26869,1.75E+07
26870,2.14E+07
26871,2.87E+07
26872,3.07E+07
26873,3.50E+07
26874,2.59E+07
26875,3.08E+07
26876,4.25E+07
26877,3.72E+07
26878,7.00E+07
26879,4.41E+07
26880,7.88E+07
26881,5.14E+07
26882,5.03E+07
26883,4.58E+07
26884,6.46E+07
26885,2.97E+07
26886,4.98E+07
26887,2.52E+07
26888,2.45E+07
26889,2.36E+07
26890,2.65E+07
26891,2.52E+07
26892,2.57E+07
26893,2.56E+07
26894,1.97E+07
26895,2.01E+07
26896,2.20E+07
26897,1.83E+07
26898,2.38E+07
26899,2.36E+07
26900,1.72E+07
26901,3.43E+07
26902,2.32E+07
26903,1.95E+07
26904,2.88E+07
26905,2.94E+07
26906,2.42E+07
26907,1.86E+07
26908,2.52E+07
26909,3.08E+07
26910,3.58E+07
26911,4.13E+07
26912,2.71E+07
26913,3.34E+07
26914,2.54E+07
26915,3.88E+07
26916,3.13E+07
26917,2.86E+07
26918,2.97E+07
26919,2.62E+07
26920,1.43E+07
26921,4.31E+07
26922,2.87E+07
26923,5.03E+07
26924,6.22E+07
26925,3.77E+07
26926,4.34E+07
26927,5.91E+07
26928,2.99E+07
26929,4.11E+07
26930,4.85E+07
26931,3.30E+07
26932,2.42E+07
26933,5.29E+07
26934,3.46E+07
26935,7.53E+07
26936,6.43E+07
26937,3.77E+07
26938,3.64E+07
26939,5.60E+07
26940,6.61E+07
26941,5.66E+07
26942,5.50E+07
26943,6.06E+07
26944,6.11E+07
26945,6.91E+07
26946,6.63E+07
26947,6.75E+07
26948,4.70E+07
26949,6.20E+07
26950,6.44E+07
26951,4.04E+07
26952,6.45E+07
26953,7.21E+07
26954,5.09E+07
26955,6.28E+07
26956,8.08E+07
26957,6.96E+07
26958,6.96E+07
26959,6.68E+07
26960,7.63E+07
26961,6.60E+07
26962,8.19E+07
26963,6.55E+07
26964,6.33E+07
26965,7.11E+07
26966,7.42E+07
26967,8.31E+07
26968,4.64E+07
26969,4.95E+07
26970,4.23E+07
26971,2.74E+07
26972,3.79E+07
26973,2.53E+07
26974,3.56E+07
26975,5.37E+07
26976,4.88E+07
26977,3.86E+07
26978,4.76E+07
26979,4.94E+07
26980,5.35E+07
26981,3.90E+07
26982,3.88E+07
26983,2.53E+07
26984,3.66E+07
26985,4.62E+07
26986,3.05E+07
26987,2.67E+07
26988,2.54E+07
26989,2.99E+07
26990,5.05E+07
26991,5.14E+07
26992,5.20E+07
26993,4.98E+07
26994,4.72E+07
26995,5.62E+07
26996,4.90E+07
26997,5.43E+07
26998,4.32E+07
26999,5.97E+07
27000,6.01E+07
27001,3.56E+07
27002,3.54E+07
27003,3.73E+07
27004,5.53E+07
27005,6.08E+07
27006,4.88E+07
27007,5.64E+07
27008,5.52E+07
27009,6.81E+07
27010,3.13E+07
27011,4.11E+07
27012,3.30E+07
27013,4.20E+07
27014,5.14E+07
27015,4.36E+07
27016,4.37E+07
27017,5.11E+07
27018,2.29E+07
27019,2.44E+07
27020,3.66E+07
27021,2.77E+07
27022,2.76E+07
27023,2.61E+07
27024,4.09E+07
27025,2.88E+07
27026,3.71E+07
27027,4.23E+07
27028,3.17E+07
27029,2.62E+07
27030,3.25E+07
27031,2.60E+07
27032,2.42E+07
27033,2.44E+07
27034,3.07E+07
27035,2.68E+07
27036,3.11E+07
27037,2.89E+07
27038,2.46E+07
27039,3.36E+07
27040,2.40E+07
27041,3.00E+07
27042,2.89E+07
27043,2.35E+07
27044,2.80E+07
27045,2.83E+07
27046,2.91E+07
27047,3.05E+07
27048,3.24E+07
27049,2.92E+07
27050,2.72E+07
27051,2.79E+07
27052,4.87E+07
27053,3.77E+07
27054,4.89E+07
27055,3.17E+07
27056,4.85E+07
27057,3.49E+07
27058,3.91E+07
27059,4.77E+07
27060,4.53E+07
27061,3.40E+07
27062,3.19E+07
27063,3.60E+07
27064,4.65E+07
27065,3.20E+07
27066,3.23E+07
27067,2.60E+07
27068,3.63E+07
27069,4.08E+07
27070,2.75E+07
27071,8.11E+07
27072,6.03E+07
27073,7.81E+07
27074,9.79E+07
27075,6.61E+07
27076,6.02E+07
27077,4.38E+07
27078,5.15E+07
27079,4.13E+07
27080,5.31E+07
27081,7.18E+07
27082,4.06E+07
27083,2.59E+07
27084,1.49E+07
27085,2.33E+07
27086,3.87E+07
27087,9.66E+06
27088,2.66E+07
27089,4.29E+07
27090,1.02E+07
27091,5.31E+07
27092,3.27E+07
27093,9.93E+07
27094,6.34E+07
27095,9.98E+07
27096,4.60E+07
27097,6.65E+07
27098,5.91E+07
27099,7.88E+07
27100,9.00E+07
27101,7.61E+06
27102,1.35E+07
27103,2.75E+07
27104,2.98E+07
27105,1.86E+07
27106,1.03E+07
27107,6.33E+06
27108,1.38E+07
27109,4.04E+07
27110,2.25E+07
27111,2.16E+07
27112,4.91E+07
27113,4.50E+07
27114,3.43E+07
27115,7.82E+07
27116,3.18E+07
27117,3.79E+07
27118,3.65E+07
27119,3.39E+07
27120,3.40E+07
27121,2.89E+07
27122,6.46E+07
27123,4.28E+07
27124,4.14E+07
27125,3.40E+07
27126,3.25E+07
27127,4.87E+07
27128,4.94E+07
27129,3.50E+07
27130,3.73E+07
27131,3.76E+07
27132,2.49E+07
27133,4.60E+07
27134,2.74E+07
27135,6.04E+07
27136,2.15E+07
27137,3.20E+07
27138,2.36E+07
27139,8.96E+07
27140,4.94E+07
27141,6.44E+07
27142,4.75E+07
27143,5.31E+07
27144,2.25E+07
27145,4.84E+07
27146,3.57E+07
27147,5.81E+07
27148,5.51E+07
27149,6.42E+07
27150,3.98E+07
27151,3.17E+07
27152,5.81E+07
27153,6.02E+07
27154,5.00E+07
27155,2.37E+07
27156,2.29E+07
27157,2.37E+07
27158,2.40E+07
27159,2.54E+07
27160,2.21E+07
27161,6.44E+07
27162,4.30E+07
27163,6.57E+07
27164,4.78E+07
27165,6.68E+07
27166,4.78E+07
27167,7.02E+07
27168,5.81E+07
27169,5.17E+07
27170,6.15E+07
27171,7.80E+07
27172,5.24E+07
27173,2.98E+07
27174,4.65E+07
27175,2.62E+07
27176,2.55E+07
27177,5.20E+07
27178,4.29E+07
27179,3.19E+07
27180,4.15E+07
27181,6.83E+07
27182,8.21E+07
27183,6.84E+07
27184,6.58E+07
27185,5.93E+07
27186,4.94E+07
27187,7.01E+07
27188,6.27E+07
27189,2.89E+07
27190,5.40E+07
27191,4.25E+07
27192,4.12E+07
27193,5.94E+07
27194,4.06E+07
27195,6.19E+07
27196,6.96E+07
27197,5.60E+07
27198,7.58E+07
27199,7.56E+07
27200,7.80E+07
27201,6.92E+07
27202,3.59E+07
27203,2.64E+07
27204,4.50E+07
27205,4.24E+07
27206,4.29E+07
27207,3.88E+07
27208,7.19E+07
27209,5.85E+07
27210,7.70E+07
27211,4.66E+07
27212,3.37E+07
27213,6.19E+07
27214,6.02E+07
27215,4.99E+07
27216,4.88E+07
27217,5.00E+07
27218,1.98E+07
27219,2.43E+07
27220,1.25E+07
27221,1.30E+07
27222,2.66E+07
27223,3.14E+07
27224,2.06E+07
27225,4.54E+07
27226,1.44E+07
27227,2.73E+07
27228,2.53E+07
27229,2.88E+07
27230,3.26E+07
27231,2.30E+07
27232,3.64E+07
27233,3.39E+07
27234,2.33E+07
27235,4.85E+07
27236,3.40E+07
27237,4.77E+07
27238,5.10E+07
27239,6.41E+07
27240,5.19E+07
27241,4.98E+07
27242,4.41E+07
27243,5.91E+07
27244,5.05E+07
27245,4.99E+07
27246,5.43E+07
27247,2.94E+07
27248,9.96E+06
27249,5.35E+07
27250,3.45E+07
27251,7.18E+07
27252,8.74E+07
27253,6.91E+07
27254,6.90E+07
27255,2.45E+07
27256,2.34E+07
27257,2.77E+07
27258,2.69E+07
27259,1.84E+07
27260,3.04E+07
27261,2.79E+07
27262,2.11E+07
27263,3.14E+07
27264,3.33E+07
27265,2.39E+07
27266,3.62E+07
27267,3.59E+07
27268,4.00E+07
27269,3.34E+07
27270,2.50E+07
27271,3.85E+07
27272,5.40E+07
27273,5.19E+07
27274,3.47E+07
27275,4.42E+07
27276,4.87E+07
27277,4.14E+07
27278,5.35E+07
27279,4.89E+07
27280,3.57E+07
27281,5.65E+07
27282,5.35E+07
27283,5.59E+07
27284,4.47E+07
27285,2.43E+07
27286,2.59E+07
27287,2.10E+07
27288,2.38E+07
27289,2.19E+07
27290,4.46E+07
27291,2.26E+07
27292,2.00E+07
27293,4.15E+07
27294,3.64E+07
27295,6.25E+07
27296,7.30E+07
27297,5.98E+07
27298,2.56E+07
27299,2.81E+07
27300,4.11E+07
27301,4.91E+07
27302,3.72E+07
27303,2.81E+07
27304,4.21E+07
27305,3.72E+07
27306,3.18E+07
27307,5.22E+07
27308,5.24E+07
27309,5.44E+07
27310,4.70E+07
27311,4.21E+07
27312,1.16E+07
27313,1.73E+07
27314,1.36E+07
27315,1.01E+08
27316,1.07E+08
27317,1.12E+08
27318,2.65E+07
27319,2.05E+07
27320,3.62E+07
27321,2.91E+07
27322,7.08E+07
27323,2.13E+07
27324,3.97E+07
27325,3.99E+07
27326,5.18E+07
27327,5.04E+07
27328,1.21E+07
27329,1.67E+07
27330,2.74E+07
27331,2.94E+07
27332,1.68E+07
27333,2.35E+07
27334,2.52E+07
27335,2.11E+07
27336,2.98E+07
27337,4.95E+07
27338,3.99E+07
27339,1.63E+07
27340,6.05E+07
27341,4.79E+07
27342,3.39E+07
27343,5.68E+07
27344,6.82E+07
27345,5.42E+07
27346,4.30E+07
27347,2.99E+07
27348,2.74E+07
27349,3.14E+07
27350,3.13E+07
27351,3.16E+07
27352,4.69E+07
27353,4.57E+07
27354,3.58E+07
27355,3.63E+07
27356,3.04E+07
27357,3.91E+07
27358,2.78E+07
27359,2.78E+07
27360,3.48E+07
27361,2.89E+07
27362,3.00E+07
27363,2.17E+07
27364,5.03E+07
27365,3.34E+07
27366,5.96E+07
27367,6.12E+07
27368,6.12E+07
27369,4.90E+07
27370,4.23E+07
27371,6.32E+07
27372,4.36E+07
27373,5.72E+07
27374,5.89E+07
27375,6.23E+07
27376,5.60E+07
27377,4.13E+07
27378,3.24E+07
27379,2.63E+07
27380,2.98E+07
27381,2.99E+07
27382,2.72E+07
27383,2.85E+07
27384,2.85E+07
27385,1.99E+07
27386,2.36E+07
27387,2.91E+07
27388,1.94E+07
27389,2.66E+07
27390,2.92E+07
27391,2.97E+07
27392,3.26E+07
27393,2.30E+07
27394,5.57E+07
27395,2.61E+07
27396,3.58E+07
27397,2.74E+07
27398,3.04E+07
27399,2.27E+07
27400,2.60E+07
27401,3.07E+07
27402,2.95E+07
27403,2.97E+07
27404,2.59E+07
27405,2.11E+07
27406,3.26E+07
27407,2.93E+07
27408,3.22E+07
27409,2.80E+07
27410,3.59E+07
27411,3.56E+07
27412,3.43E+07
27413,3.54E+07
27414,3.37E+07
27415,3.79E+07
27416,3.78E+07
27417,4.26E+07
27418,3.42E+07
27419,3.14E+07
27420,3.95E+07
27421,2.75E+07
27422,4.04E+07
27423,3.36E+07
27424,2.44E+07
27425,3.93E+07
27426,3.83E+07
27427,3.01E+07
27428,2.68E+07
27429,2.57E+07
27430,4.13E+07
27431,2.99E+07
27432,2.63E+07
27433,2.23E+07
27434,3.64E+07
27435,7.75E+07
27436,6.83E+07
27437,6.43E+07
27438,4.18E+07
27439,6.23E+07
27440,5.40E+07
27441,6.07E+07
27442,5.71E+07
27443,1.72E+07
27444,1.49E+07
27445,1.27E+07
27446,2.03E+07
27447,2.41E+07
27448,4.15E+07
27449,2.31E+07
27450,3.31E+07
27451,2.24E+07
27452,3.16E+07
27453,2.67E+07
27454,2.92E+07
27455,4.72E+07
27456,3.70E+07
27457,3.86E+07
27458,2.62E+07
27459,3.17E+07
27460,3.20E+07
27461,3.26E+07
27462,3.91E+07
27463,3.74E+07
27464,3.07E+07
27465,3.87E+07
27466,3.76E+07
27467,3.68E+07
27468,4.29E+07
27469,4.41E+07
27470,3.84E+07
27471,3.03E+07
27472,3.24E+07
27473,3.26E+07
27474,3.29E+07
27475,4.26E+07
27476,4.07E+07
27477,4.24E+07
27478,4.63E+07
27479,3.64E+07
27480,3.48E+07
27481,3.42E+07
27482,2.64E+07
27483,3.59E+07
27484,2.57E+07
27485,3.08E+07
27486,3.08E+07
27487,3.29E+07
27488,3.85E+07
27489,3.18E+07
27490,3.94E+07
27491,3.38E+07
27492,4.03E+07
27493,4.05E+07
27494,3.05E+07
27495,4.32E+07
27496,5.12E+07
27497,4.38E+07
27498,2.48E+07
27499,2.64E+07
27500,3.08E+07
27501,3.02E+07
27502,2.73E+07
27503,2.23E+07
27504,2.74E+07
27505,2.96E+07
27506,3.73E+07
27507,3.65E+07
27508,4.33E+07
27509,3.86E+07
27510,3.34E+07
27511,4.99E+07
27512,4.98E+07
27513,5.28E+07
27514,2.14E+07
27515,2.76E+07
27516,3.97E+07
27517,2.57E+07
27518,2.23E+07
27519,2.36E+07
27520,2.60E+07
27521,2.49E+07
27522,1.75E+07
27523,4.32E+07
27524,4.33E+07
27525,2.78E+07
27526,2.10E+07
27527,4.55E+07
27528,3.67E+07
27529,5.48E+07
27530,2.16E+07
27531,3.50E+07
27532,2.32E+07
27533,2.40E+07
27534,2.22E+07
27535,2.72E+07
27536,2.46E+07
27537,2.24E+07
27538,2.32E+07
27539,2.39E+07
27540,1.86E+07
27541,1.35E+07
27542,1.97E+07
27543,2.07E+07
27544,2.64E+07
27545,4.28E+07
27546,1.82E+07
27547,3.98E+07
27548,3.04E+07
27549,5.41E+07
27550,5.76E+07
27551,3.48E+07
27552,2.71E+07
27553,6.88E+07
27554,2.04E+07
27555,4.51E+07
27556,2.23E+07
27557,1.84E+07
27558,3.87E+07
27559,2.57E+07
27560,3.10E+07
27561,5.79E+07
27562,5.86E+07
27563,7.94E+07
27564,2.16E+07
27565,2.26E+07
27566,2.03E+07
27567,2.75E+07
27568,2.79E+07
27569,2.63E+07
27570,3.75E+07
27571,3.55E+07
27572,2.19E+07
27573,2.14E+07
27574,3.23E+07
27575,1.61E+07
27576,1.62E+07
27577,2.36E+07
27578,5.43E+07
27579,4.58E+07
27580,4.43E+07
27581,6.23E+07
27582,4.24E+07
27583,3.14E+07
27584,5.17E+07
27585,3.96E+07
27586,3.87E+07
27587,2.90E+07
27588,2.72E+07
27589,3.33E+07
27590,4.60E+07
27591,3.87E+07
27592,4.18E+07
27593,2.47E+07
27594,2.76E+07
27595,2.34E+07
27596,4.13E+07
27597,2.55E+07
27598,3.25E+07
27599,2.54E+07
27600,1.63E+07
27601,1.91E+07
27602,2.03E+07
27603,1.92E+07
27604,1.52E+07
27605,1.52E+07
27606,2.50E+07
27607,2.06E+07
27608,2.20E+07
27609,2.10E+07
27610,4.29E+07
27611,4.99E+07
27612,4.20E+07
27613,5.64E+07
27614,5.99E+07
27615,5.92E+07
27616,6.05E+07
27617,7.86E+07
27618,4.31E+07
27619,4.94E+07
27620,4.53E+07
27621,6.04E+07
27622,5.06E+07
27623,2.50E+07
27624,2.91E+07
27625,6.32E+07
27626,3.14E+07
27627,4.53E+07
27628,2.72E+07
27629,2.38E+07
27630,2.58E+07
27631,2.62E+07
27632,2.56E+07
27633,4.35E+07
27634,3.08E+07
27635,2.75E+07
27636,2.80E+07
27637,2.10E+07
27638,1.96E+07
27639,2.17E+07
27640,2.26E+07
27641,1.92E+07
27642,2.11E+07
27643,2.26E+07
27644,2.21E+07
27645,2.13E+07
27646,1.98E+07
27647,2.20E+07
27648,2.23E+07
27649,2.24E+07
27650,2.33E+07
27651,2.24E+07
27652,2.47E+07
27653,2.40E+07
27654,2.55E+07
27655,2.55E+07
27656,5.91E+07
27657,5.33E+07
27658,6.34E+07
27659,6.75E+07
27660,4.43E+07
27661,3.65E+07
27662,5.10E+07
27663,3.46E+07
27664,4.35E+07
27665,5.83E+07
27666,3.06E+07
27667,2.70E+07
27668,3.92E+07
27669,2.85E+07
27670,2.68E+07
27671,2.90E+07
27672,2.93E+07
27673,3.54E+07
27674,3.09E+07
27675,4.43E+07
27676,3.81E+07
27677,2.94E+07
27678,2.50E+07
27679,2.53E+07
27680,2.34E+07
27681,2.13E+07
27682,2.93E+07
27683,3.00E+07
27684,2.71E+07
27685,3.63E+07
27686,2.93E+07
27687,2.80E+07
27688,2.72E+07
27689,3.07E+07
27690,2.78E+07
27691,3.37E+07
27692,3.01E+07
27693,4.22E+07
27694,3.39E+07
27695,5.85E+07
27696,6.21E+07
27697,3.72E+07
27698,3.19E+07
27699,4.28E+07
27700,3.70E+07
27701,3.49E+07
27702,3.22E+07
27703,3.26E+07
27704,3.62E+07
27705,1.89E+07
27706,5.17E+07
27707,3.38E+07
27708,2.55E+07
27709,2.78E+07
27710,2.59E+07
27711,4.71E+07
27712,5.65E+07
27713,3.30E+07
27714,6.08E+07
27715,3.51E+07
27716,2.56E+07
27717,3.71E+07
27718,2.55E+07
27719,2.85E+07
27720,2.62E+07
27721,2.21E+07
27722,2.52E+07
27723,2.61E+07
27724,4.04E+07
27725,4.07E+07
27726,3.44E+07
27727,4.22E+07
27728,4.45E+07
27729,3.58E+07
27730,2.57E+07
27731,3.19E+07
27732,3.14E+07
27733,2.89E+07
27734,2.95E+07
27735,4.26E+07
27736,6.23E+07
27737,6.82E+07
27738,4.77E+07
27739,6.18E+07
27740,4.62E+07
27741,3.22E+07
27742,1.29E+07
27743,2.04E+07
27744,3.89E+07
27745,3.99E+07
27746,4.20E+07
27747,3.47E+07
27748,3.35E+07
27749,3.62E+07
27750,3.57E+07
27751,3.86E+07
27752,4.06E+07
27753,3.45E+07
27754,3.93E+07
27755,4.06E+07
27756,4.12E+07
27757,4.17E+07
27758,3.68E+07
27759,2.82E+07
27760,2.65E+07
27761,2.73E+07
27762,2.91E+07
27763,2.86E+07
27764,2.94E+07
27765,3.07E+07
27766,2.95E+07
27767,2.82E+07
27768,3.22E+07
27769,2.22E+07
27770,1.96E+07
27771,2.42E+07
27772,2.61E+07
27773,2.05E+07
27774,3.88E+07
27775,3.17E+07
27776,2.32E+07
27777,2.73E+07
27778,2.92E+07
27779,3.06E+07
27780,2.45E+07
27781,2.42E+07
27782,2.74E+07
27783,2.45E+07
27784,2.47E+07
27785,2.34E+07
27786,2.95E+07
27787,2.60E+07
27788,2.90E+07
27789,3.01E+07
27790,2.36E+07
27791,2.28E+07
27792,3.30E+07
27793,3.63E+07
27794,5.12E+07
27795,3.57E+07
27796,4.85E+07
27797,5.23E+07
27798,5.50E+07
27799,2.44E+07
27800,3.10E+07
27801,3.11E+07
27802,2.83E+07
27803,2.78E+07
27804,4.33E+07
27805,2.80E+07
27806,4.35E+07
27807,4.01E+07
27808,3.97E+07
27809,3.48E+07
27810,4.77E+07
27811,4.28E+07
27812,6.10E+07
27813,5.12E+07
27814,3.76E+07
27815,3.62E+07
27816,4.56E+07
27817,6.32E+07
27818,5.90E+07
27819,4.17E+07
27820,4.21E+07
27821,6.64E+07
27822,4.09E+07
27823,6.92E+07
27824,6.35E+07
27825,4.50E+07
27826,6.40E+07
27827,6.95E+07
27828,2.69E+07
27829,2.18E+07
27830,2.34E+07
27831,3.33E+07
27832,1.68E+07
27833,1.74E+07
27834,2.55E+07
27835,2.02E+07
27836,2.37E+07
27837,2.07E+07
27838,3.61E+07
27839,2.38E+07
27840,2.05E+07
27841,1.86E+07
27842,2.85E+07
27843,3.37E+07
27844,2.19E+07
27845,1.57E+07
27846,1.05E+07
27847,1.82E+07
27848,2.06E+07
27849,6.52E+07
27850,6.98E+07
27851,7.05E+07
27852,5.12E+07
27853,5.37E+07
27854,4.18E+07
27855,7.93E+07
27856,7.46E+07
27857,4.44E+07
27858,3.49E+07
27859,4.00E+07
27860,5.46E+07
27861,4.77E+07
27862,6.86E+07
27863,5.20E+07
27864,6.06E+07
27865,4.68E+07
27866,6.13E+07
27867,2.95E+07
27868,2.83E+07
27869,4.52E+07
27870,3.09E+07
27871,3.17E+07
27872,3.36E+07
27873,4.20E+07
27874,2.74E+07
27875,2.97E+07
27876,4.11E+07
27877,2.84E+07
27878,3.53E+07
27879,2.86E+07
27880,2.96E+07
27881,6.54E+07
27882,5.45E+07
27883,3.05E+07
27884,2.97E+07
27885,2.60E+07
27886,2.49E+07
27887,2.07E+07
27888,2.54E+07
27889,2.75E+07
27890,4.35E+07
27891,5.82E+07
27892,7.28E+07
27893,8.21E+07
27894,3.01E+07
27895,2.60E+07
27896,2.37E+07
27897,2.77E+07
27898,4.01E+07
27899,2.86E+07
27900,3.19E+07
27901,2.77E+07
27902,2.82E+07
27903,2.48E+07
27904,2.82E+07
27905,2.49E+07
27906,3.28E+07
27907,3.72E+07
27908,3.39E+07
27909,5.70E+07
27910,3.19E+07
27911,3.62E+07
27912,3.93E+07
27913,3.24E+07
27914,1.99E+07
27915,4.27E+07
27916,2.53E+07
27917,2.52E+07
27918,2.76E+07
27919,2.93E+07
27920,2.60E+07
27921,2.85E+07
27922,2.31E+07
27923,3.14E+07
27924,2.61E+07
27925,3.59E+07
27926,2.99E+07
27927,2.81E+07
27928,3.42E+07
27929,4.24E+07
27930,4.43E+07
27931,3.04E+07
27932,3.62E+07
27933,1.55E+07
27934,2.17E+07
27935,2.58E+07
27936,2.11E+07
27937,2.17E+07
27938,1.98E+07
27939,2.16E+07
27940,2.31E+07
27941,2.29E+07
27942,2.60E+07
27943,2.85E+07
27944,2.86E+07
27945,2.69E+07
27946,2.76E+07
27947,3.18E+07
27948,3.00E+07
27949,2.84E+07
27950,2.75E+07
27951,4.56E+07
27952,4.03E+07
27953,6.25E+07
27954,3.46E+07
27955,4.81E+07
27956,6.10E+07
27957,6.77E+07
27958,3.08E+07
27959,5.09E+07
27960,4.28E+07
27961,2.76E+07
27962,2.47E+07
27963,2.21E+07
27964,2.98E+07
27965,3.38E+07
27966,3.12E+07
27967,2.83E+07
27968,2.48E+07
27969,2.96E+07
27970,2.75E+07
27971,2.81E+07
27972,3.28E+07
27973,3.81E+07
27974,4.12E+07
27975,2.46E+07
27976,4.52E+07
27977,2.56E+07
27978,2.67E+07
27979,3.60E+07
27980,2.80E+07
27981,2.84E+07
27982,2.43E+07
27983,2.89E+07
27984,1.88E+07
27985,2.27E+07
27986,2.37E+07
27987,1.46E+07
27988,2.11E+07
27989,3.26E+07
27990,2.12E+07
27991,2.16E+07
27992,2.12E+07
27993,4.16E+07
27994,1.48E+07
27995,2.19E+07
27996,2.93E+07
27997,3.46E+07
27998,2.59E+07
27999,2.97E+07
28000,2.89E+07
28001,2.78E+07
28002,2.57E+07
28003,2.75E+07
28004,2.86E+07
28005,4.54E+07
28006,4.07E+07
28007,2.70E+07
28008,2.74E+07
28009,2.83E+07
28010,3.14E+07
28011,2.57E+07
28012,3.20E+07
28013,3.42E+07
28014,2.18E+07
28015,3.44E+07
28016,2.64E+07
28017,2.53E+07
28018,1.96E+07
28019,2.31E+07
28020,1.71E+07
28021,1.92E+07
28022,2.03E+07
28023,1.96E+07
28024,2.26E+07
28025,1.95E+07
28026,2.09E+07
28027,2.83E+07
28028,2.51E+07
28029,2.29E+07
28030,2.43E+07
28031,2.26E+07
28032,2.11E+07
28033,2.14E+07
28034,3.30E+07
28035,2.33E+07
28036,2.02E+07
28037,2.96E+07
28038,2.44E+07
28039,4.41E+07
28040,3.36E+07
28041,4.56E+07
28042,2.44E+07
28043,2.75E+07
28044,2.73E+07
28045,2.59E+07
28046,2.43E+07
28047,8.50E+07
28048,3.99E+07
28049,6.00E+07
28050,3.62E+07
28051,3.40E+07
28052,2.79E+07
28053,3.45E+07
28054,9.81E+07
28055,2.03E+07
28056,3.59E+07
28057,2.50E+07
28058,3.58E+07
28059,4.36E+07
28060,2.58E+07
28061,3.11E+07
28062,4.53E+07
28063,3.29E+07
28064,3.20E+07
28065,2.93E+07
28066,2.62E+07
28067,2.62E+07
28068,3.14E+07
28069,2.91E+07
28070,3.04E+07
28071,2.74E+07
28072,2.43E+07
28073,1.84E+07
28074,2.62E+07
28075,1.88E+07
28076,2.32E+07
28077,2.75E+07
28078,3.59E+07
28079,3.13E+07
28080,2.88E+07
28081,3.51E+07
28082,6.03E+07
28083,6.31E+07
28084,4.16E+07
28085,4.31E+07
28086,6.01E+07
28087,5.51E+07
28088,4.98E+07
28089,5.71E+07
28090,6.01E+07
28091,5.50E+07
28092,4.44E+07
28093,5.65E+07
28094,6.59E+07
28095,3.64E+07
28096,2.37E+07
28097,2.51E+07
28098,2.64E+07
28099,2.00E+07
28100,2.97E+07
28101,2.07E+07
28102,3.41E+07
28103,2.65E+07
28104,2.09E+07
28105,6.86E+07
28106,4.83E+07
28107,7.07E+07
28108,5.08E+07
28109,4.59E+07
28110,6.23E+07
28111,3.06E+07
28112,2.21E+07
28113,2.27E+07
28114,2.38E+07
28115,2.94E+07
28116,3.25E+07
28117,2.89E+07
28118,2.99E+07
28119,3.74E+07
28120,2.91E+07
28121,2.75E+07
28122,2.79E+07
28123,3.01E+07
28124,2.94E+07
28125,2.11E+07
28126,3.25E+07
28127,5.73E+07
28128,1.61E+07
28129,1.28E+07
28130,1.84E+07
28131,1.66E+07
28132,2.02E+07
28133,1.29E+07
28134,2.92E+07
28135,4.53E+07
28136,3.07E+07
28137,2.88E+07
28138,2.97E+07
28139,2.84E+07
28140,3.33E+07
28141,6.96E+07
28142,6.09E+07
28143,8.30E+07
28144,8.87E+07
28145,4.60E+07
28146,3.36E+07
28147,4.43E+07
28148,5.54E+07
28149,3.82E+07
28150,3.22E+07
28151,4.00E+07
28152,3.03E+07
28153,2.66E+07
28154,2.79E+07
28155,3.78E+07
28156,3.00E+07
28157,2.38E+07
28158,2.26E+07
28159,3.89E+07
28160,4.60E+07
28161,1.53E+07
28162,4.16E+07
28163,2.58E+07
28164,3.04E+07
28165,1.69E+07
28166,8.79E+06
28167,1.32E+07
28168,2.37E+07
28169,4.43E+07
28170,2.98E+07
28171,2.87E+07
28172,3.91E+07
28173,2.79E+07
28174,5.90E+07
28175,6.33E+07
28176,6.49E+07
28177,3.83E+07
28178,4.35E+07
28179,4.47E+07
28180,6.50E+07
28181,6.06E+07
28182,3.16E+07
28183,3.56E+07
28184,2.07E+07
28185,2.35E+07
28186,2.92E+07
28187,1.89E+07
28188,2.81E+07
28189,1.89E+07
28190,5.74E+07
28191,4.04E+07
28192,3.25E+07
28193,2.71E+07
28194,6.38E+07
28195,2.33E+07
28196,2.77E+07
28197,2.27E+07
28198,2.69E+07
28199,3.13E+07
28200,2.01E+07
28201,2.13E+07
28202,3.09E+07
28203,2.59E+07
28204,2.34E+07
28205,2.44E+07
28206,3.72E+07
28207,2.91E+07
28208,3.03E+07
28209,3.46E+07
28210,3.31E+07
28211,2.89E+07
28212,3.34E+07
28213,2.88E+07
28214,3.21E+07
28215,4.14E+07
28216,2.34E+07
28217,2.25E+07
28218,2.24E+07
28219,2.37E+07
28220,2.39E+07
28221,1.93E+07
28222,3.77E+07
28223,4.16E+07
28224,5.62E+07
28225,3.97E+07
28226,4.88E+07
28227,6.03E+07
28228,6.50E+07
28229,5.01E+07
28230,5.05E+07
28231,6.20E+07
28232,4.06E+07
28233,3.88E+07
28234,5.29E+07
28235,5.71E+07
28236,4.26E+07
28237,3.52E+07
28238,3.88E+07
28239,2.72E+07
28240,3.45E+07
28241,2.63E+07
28242,2.95E+07
28243,2.83E+07
28244,2.98E+07
28245,3.31E+07
28246,3.10E+07
28247,2.77E+07
28248,4.06E+07
28249,5.05E+07
28250,5.72E+07
28251,4.90E+07
28252,3.20E+07
28253,4.12E+07
28254,2.73E+07
28255,3.44E+07
28256,4.98E+07
28257,4.77E+07
28258,5.34E+07
28259,4.64E+07
28260,4.24E+07
28261,3.91E+07
28262,3.93E+07
28263,3.55E+07
28264,3.87E+07
28265,5.52E+07
28266,6.62E+07
28267,2.50E+07
28268,2.27E+07
28269,3.74E+07
28270,2.23E+07
28271,5.51E+07
28272,9.09E+07
28273,4.68E+07
28274,3.71E+07
28275,3.20E+07
28276,6.86E+07
28277,4.64E+07
28278,2.83E+07
28279,1.98E+07
28280,1.97E+07
28281,1.73E+07
28282,2.34E+07
28283,2.26E+07
28284,2.25E+07
28285,2.26E+07
28286,1.96E+07
28287,2.22E+07
28288,1.79E+07
28289,3.07E+07
28290,1.69E+07
28291,3.69E+07
28292,3.83E+07
28293,2.02E+07
28294,2.78E+07
28295,2.57E+07
28296,2.05E+07
28297,3.95E+07
28298,3.92E+07
28299,2.67E+07
28300,2.30E+07
28301,2.02E+07
28302,2.53E+07
28303,2.05E+07
28304,1.38E+07
28305,2.10E+07
28306,3.20E+07
28307,1.75E+07
28308,2.98E+07
28309,1.18E+07
28310,3.32E+07
28311,3.01E+07
28312,3.55E+07
28313,2.91E+07
28314,3.34E+07
28315,2.33E+07
28316,2.60E+07
28317,3.09E+07
28318,4.34E+07
28319,4.07E+07
28320,3.22E+07
28321,3.19E+07
28322,4.62E+07
28323,2.69E+07
28324,2.76E+07
28325,2.42E+07
28326,5.16E+07
28327,2.17E+07
28328,2.12E+07
28329,4.41E+07
28330,4.32E+07
28331,7.38E+07
28332,4.78E+07
28333,6.50E+07
28334,2.58E+07
28335,2.62E+07
28336,2.51E+07
28337,2.50E+07
28338,2.58E+07
28339,2.72E+07
28340,3.30E+07
28341,4.35E+07
28342,4.72E+07
28343,7.43E+07
28344,7.29E+07
28345,5.32E+07
28346,5.34E+07
28347,4.32E+07
28348,7.50E+07
28349,5.57E+07
28350,6.40E+07
28351,4.12E+07
28352,2.90E+07
28353,2.55E+07
28354,3.83E+07
28355,3.31E+07
28356,3.03E+07
28357,2.09E+07
28358,2.12E+07
28359,4.24E+07
28360,3.11E+07
28361,3.78E+07
28362,5.04E+07
28363,2.33E+07
28364,2.45E+07
28365,4.26E+07
28366,5.55E+07
28367,4.72E+07
28368,4.43E+07
28369,5.16E+07
28370,4.82E+07
28371,5.05E+07
28372,2.76E+07
28373,2.28E+07
28374,2.09E+07
28375,2.78E+07
28376,4.02E+07
28377,2.01E+07
28378,2.28E+07
28379,1.82E+07
28380,3.65E+07
28381,3.47E+07
28382,5.94E+07
28383,1.99E+07
28384,2.14E+07
28385,2.21E+07
28386,1.81E+07
28387,1.95E+07
28388,1.49E+07
28389,4.14E+07
28390,5.86E+07
28391,4.15E+07
28392,2.30E+07
28393,2.55E+07
28394,3.04E+07
28395,3.07E+07
28396,3.85E+07
28397,4.39E+07
28398,4.84E+07
28399,2.84E+07
28400,2.78E+07
28401,2.79E+07
28402,2.63E+07
28403,3.24E+07
28404,2.63E+07
28405,2.44E+07
28406,3.49E+07
28407,4.21E+07
28408,3.18E+07
28409,2.79E+07
28410,2.80E+07
28411,3.51E+07
28412,3.03E+07
28413,3.03E+07
28414,4.27E+07
28415,4.22E+07
28416,7.17E+07
28417,2.49E+07
28418,2.98E+07
28419,3.65E+07
28420,4.87E+07
28421,8.61E+07
28422,2.55E+07
28423,4.66E+07
28424,4.26E+07
28425,2.46E+07
28426,1.95E+07
28427,2.23E+07
28428,2.14E+07
28429,3.21E+07
28430,2.63E+07
28431,3.90E+07
28432,2.67E+07
28433,3.25E+07
28434,2.75E+07
28435,2.22E+07
28436,3.03E+07
28437,3.11E+07
28438,3.77E+07
28439,3.02E+07
28440,2.88E+07
28441,3.01E+07
28442,3.54E+07
28443,4.19E+07
28444,3.08E+07
28445,4.66E+07
28446,1.87E+07
28447,2.95E+07
28448,1.81E+07
28449,2.57E+07
28450,2.26E+07
28451,2.27E+07
28452,2.57E+07
28453,1.96E+07
28454,3.06E+07
28455,2.88E+07
28456,2.41E+07
28457,4.04E+07
28458,2.62E+07
28459,2.20E+07
28460,2.66E+07
28461,3.89E+07
28462,1.25E+07
28463,9.49E+06
28464,4.29E+07
28465,1.90E+07
28466,2.06E+07
28467,1.83E+07
28468,1.77E+07
28469,4.85E+07
28470,3.71E+07
28471,8.49E+07
28472,4.52E+07
28473,4.32E+07
28474,3.68E+07
28475,4.19E+07
28476,3.92E+07
28477,4.59E+07
28478,4.44E+07
28479,4.36E+07
28480,2.87E+07
28481,2.48E+07
28482,3.16E+07
28483,3.22E+07
28484,1.67E+07
28485,1.54E+07
28486,1.94E+07
28487,3.09E+07
28488,2.63E+07
28489,3.38E+07
28490,2.44E+07
28491,3.26E+07
28492,1.67E+07
28493,1.85E+07
28494,1.83E+07
28495,1.96E+07
28496,1.55E+07
28497,3.77E+07
28498,3.43E+07
28499,4.04E+07
28500,4.79E+07
28501,3.92E+07
28502,3.17E+07
28503,3.25E+07
28504,3.19E+07
28505,3.21E+07
28506,2.95E+07
28507,4.13E+07
28508,4.16E+07
28509,3.66E+07
28510,2.11E+07
28511,2.02E+07
28512,2.72E+07
28513,2.76E+07
28514,3.41E+07
28515,3.30E+07
28516,2.11E+07
28517,3.01E+07
28518,2.82E+07
28519,2.58E+07
28520,3.50E+07
28521,3.49E+07
28522,3.06E+07
28523,3.76E+07
28524,5.16E+07
28525,4.69E+07
28526,3.21E+07
28527,3.33E+07
28528,4.90E+07
28529,2.02E+07
28530,2.46E+07
28531,2.57E+07
28532,3.38E+07
28533,4.14E+07
28534,2.59E+07
28535,2.51E+07
28536,3.50E+07
28537,2.31E+07
28538,2.13E+07
28539,2.27E+07
28540,2.50E+07
28541,2.11E+07
28542,2.22E+07
28543,2.59E+07
28544,3.12E+07
28545,3.42E+07
28546,2.87E+07
28547,2.98E+07
28548,1.62E+07
28549,2.18E+07
28550,2.21E+07
28551,2.50E+07
28552,3.35E+07
28553,2.76E+07
28554,2.77E+07
28555,2.95E+07
28556,3.76E+07
28557,5.34E+07
28558,2.58E+07
28559,2.98E+07
28560,3.89E+07
28561,3.87E+07
28562,3.31E+07
28563,2.68E+07
28564,3.12E+07
28565,3.64E+07
28566,2.63E+07
28567,2.59E+07
28568,2.42E+07
28569,2.58E+07
28570,2.75E+07
28571,2.37E+07
28572,2.69E+07
28573,2.90E+07
28574,2.53E+07
28575,4.68E+07
28576,2.38E+07
28577,4.89E+07
28578,1.88E+07
28579,3.41E+07
28580,5.24E+07
28581,3.39E+07
28582,1.91E+07
28583,2.51E+07
28584,3.86E+07
28585,3.76E+07
28586,2.85E+07
28587,4.63E+07
28588,2.96E+07
28589,3.92E+07
28590,4.24E+07
28591,3.59E+07
28592,2.84E+07
28593,2.88E+07
28594,2.71E+07
28595,3.28E+07
28596,4.77E+07
28597,4.68E+07
28598,3.02E+07
28599,4.27E+07
28600,5.01E+07
28601,4.51E+07
28602,6.21E+07
28603,7.26E+07
28604,5.42E+07
28605,3.17E+07
28606,3.05E+07
28607,4.04E+07
28608,3.19E+07
28609,4.03E+07
28610,2.87E+07
28611,2.55E+07
28612,2.23E+07
28613,1.37E+07
28614,1.75E+07
28615,1.68E+07
28616,1.51E+07
28617,1.47E+07
28618,5.50E+07
28619,4.57E+07
28620,3.70E+07
28621,2.75E+07
28622,3.14E+07
28623,3.65E+07
28624,4.51E+07
28625,3.87E+07
28626,2.90E+07
28627,3.59E+07
28628,1.94E+07
28629,3.29E+07
28630,2.85E+07
28631,2.69E+07
28632,3.40E+07
28633,2.85E+07
28634,2.92E+07
28635,2.83E+07
28636,3.17E+07
28637,4.73E+07
28638,3.16E+07
28639,3.17E+07
28640,2.50E+07
28641,2.31E+07
28642,2.63E+07
28643,2.45E+07
28644,2.68E+07
28645,2.26E+07
28646,3.44E+07
28647,2.36E+07
28648,2.41E+07
28649,2.71E+07
28650,3.02E+07
28651,3.02E+07
28652,2.68E+07
28653,3.92E+07
28654,3.30E+07
28655,2.86E+07
28656,2.85E+07
28657,3.14E+07
28658,4.63E+07
28659,4.01E+07
28660,2.64E+07
28661,2.78E+07
28662,2.80E+07
28663,2.81E+07
28664,2.59E+07
28665,2.74E+07
28666,2.50E+07
28667,3.57E+07
28668,2.18E+07
28669,3.30E+07
28670,1.56E+07
28671,2.64E+07
28672,2.61E+07
28673,2.91E+07
28674,2.73E+07
28675,4.04E+07
28676,4.40E+07
28677,3.00E+07
28678,2.08E+07
28679,3.01E+07
28680,3.77E+07
28681,4.37E+07
28682,4.01E+07
28683,4.88E+07
28684,5.33E+07
28685,2.57E+07
28686,1.83E+07
28687,3.04E+07
28688,1.92E+07
28689,2.93E+07
28690,2.94E+07
28691,2.85E+07
28692,4.93E+07
28693,3.88E+07
28694,3.98E+07
28695,4.27E+07
28696,3.76E+07
28697,3.74E+07
28698,3.70E+07
28699,3.13E+07
28700,4.07E+07
28701,5.54E+07
28702,5.87E+07
28703,4.84E+07
28704,4.87E+07
28705,5.25E+07
28706,4.06E+07
28707,4.03E+07
28708,4.00E+07
28709,4.42E+07
28710,4.61E+07
28711,6.53E+07
28712,2.56E+07
28713,3.68E+07
28714,2.50E+07
28715,3.06E+07
28716,1.83E+07
28717,3.66E+07
28718,1.86E+07
28719,3.70E+07
28720,2.13E+07
28721,7.64E+07
28722,7.94E+07
28723,3.33E+07
28724,2.90E+07
28725,2.75E+07
28726,2.63E+07
28727,2.05E+07
28728,3.56E+07
28729,4.08E+07
28730,2.00E+07
28731,3.46E+07
28732,7.16E+07
28733,6.87E+07
28734,1.90E+07
28735,1.97E+07
28736,2.58E+07
28737,3.14E+07
28738,6.16E+07
28739,5.39E+07
28740,5.73E+07
28741,4.26E+07
28742,4.31E+07
28743,3.39E+07
28744,3.41E+07
28745,4.04E+07
28746,4.46E+07
28747,4.81E+07
28748,2.89E+07
28749,3.30E+07
28750,3.61E+07
28751,3.59E+07
28752,4.25E+07
28753,2.98E+07
28754,2.84E+07
28755,3.28E+07
28756,2.80E+07
28757,2.66E+07
28758,3.01E+07
28759,8.28E+06
28760,2.41E+07
28761,2.62E+07
28762,3.20E+07
28763,2.57E+07
28764,3.10E+07
28765,3.40E+07
28766,5.67E+07
28767,4.67E+07
28768,6.34E+07
28769,2.73E+07
28770,4.68E+07
28771,2.86E+07
28772,2.38E+07
28773,1.84E+07
28774,3.02E+07
28775,3.21E+07
28776,3.02E+07
28777,2.55E+07
28778,2.43E+07
28779,2.36E+07
28780,2.14E+07
28781,2.91E+07
28782,2.92E+07
28783,2.11E+07
28784,1.84E+07
28785,2.40E+07
28786,2.13E+07
28787,9.92E+07
28788,8.12E+07
28789,3.95E+07
28790,2.80E+07
28791,2.53E+07
28792,2.50E+07
28793,2.89E+07
28794,2.99E+07
28795,3.09E+07
28796,2.83E+07
28797,2.39E+07
28798,3.14E+07
28799,3.26E+07
28800,2.90E+07
28801,3.98E+07
28802,2.02E+07
28803,1.36E+07
28804,7.98E+06
28805,1.69E+07
28806,3.79E+07
28807,4.39E+07
28808,5.49E+07
28809,2.86E+07
28810,2.67E+07
28811,3.07E+07
28812,3.40E+07
28813,3.84E+07
28814,3.11E+07
28815,3.39E+07
28816,4.20E+07
28817,4.80E+07
28818,3.49E+07
28819,4.90E+07
28820,4.79E+07
28821,4.05E+07
28822,4.72E+07
28823,3.33E+07
28824,3.65E+07
28825,3.26E+07
28826,2.94E+07
28827,3.35E+07
28828,2.33E+07
28829,2.88E+07
28830,3.15E+07
28831,3.18E+07
28832,3.40E+07
28833,4.09E+07
28834,3.73E+07
28835,2.56E+07
28836,4.42E+07
28837,6.47E+07
28838,4.62E+07
28839,5.35E+07
28840,2.65E+07
28841,3.27E+07
28842,2.83E+07
28843,2.81E+07
28844,2.30E+07
28845,6.29E+07
28846,7.86E+07
28847,6.09E+07
28848,3.14E+07
28849,5.65E+07
28850,3.03E+07
28851,3.53E+07
28852,4.51E+07
28853,4.87E+07
28854,4.80E+07
28855,6.64E+07
28856,3.28E+07
28857,2.83E+07
28858,4.63E+07
28859,3.02E+07
28860,2.68E+07
28861,2.91E+07
28862,1.92E+07
28863,3.80E+07
28864,2.74E+07
28865,3.11E+07
28866,4.42E+07
28867,2.97E+07
28868,3.67E+07
28869,3.55E+07
28870,3.66E+07
28871,2.93E+07
28872,3.53E+07
28873,3.43E+07
28874,2.65E+07
28875,2.47E+07
28876,3.14E+07
28877,3.23E+07
28878,3.31E+07
28879,3.57E+07
28880,4.82E+07
28881,3.19E+07
28882,3.59E+07
28883,2.12E+07
28884,1.67E+07
28885,2.87E+07
28886,3.65E+07
28887,1.85E+07
28888,2.96E+07
28889,2.77E+07
28890,4.34E+07
28891,2.87E+07
28892,3.57E+07
28893,2.25E+07
28894,2.07E+07
28895,2.69E+07
28896,3.63E+07
28897,5.98E+07
28898,4.55E+07
28899,4.23E+07
28900,4.49E+07
28901,4.52E+07
28902,3.77E+07
28903,4.24E+07
28904,1.78E+07
28905,1.70E+07
28906,2.46E+07
28907,1.89E+07
28908,2.22E+07
28909,6.08E+07
28910,5.69E+07
28911,4.85E+07
28912,3.70E+07
28913,2.65E+07
28914,2.64E+07
28915,3.20E+07
28916,3.54E+07
28917,2.11E+07
28918,4.72E+07
28919,3.13E+07
28920,2.10E+07
28921,2.66E+07
28922,4.40E+07
28923,3.09E+07
28924,3.26E+07
28925,4.20E+07
28926,2.39E+07
28927,1.94E+07
28928,3.20E+07
28929,2.58E+07
28930,5.98E+07
28931,2.54E+07
28932,3.32E+07
28933,2.36E+07
28934,2.32E+07
28935,4.48E+07
28936,3.04E+07
28937,7.03E+07
28938,3.16E+07
28939,6.31E+07
28940,1.80E+07
28941,2.15E+07
28942,7.40E+07
28943,5.22E+07
28944,4.29E+07
28945,4.47E+07
28946,3.94E+07
28947,3.37E+07
28948,3.18E+07
28949,1.90E+07
28950,6.34E+07
28951,4.07E+07
28952,8.88E+06
28953,4.35E+07
28954,2.35E+07
28955,6.11E+07
28956,5.63E+07
28957,3.71E+07
28958,1.70E+07
28959,1.36E+07
28960,4.72E+07
28961,2.76E+07
28962,4.47E+07
28963,4.31E+07
28964,3.92E+07
28965,4.28E+07
28966,5.02E+07
28967,4.72E+07
28968,4.52E+07
28969,3.23E+07
28970,3.73E+07
28971,2.03E+07
28972,4.46E+07
28973,4.28E+07
28974,6.40E+07
28975,7.92E+07
28976,7.03E+07
28977,7.11E+07
28978,4.69E+07
28979,3.34E+07
28980,4.33E+07
28981,2.28E+07
28982,7.62E+07
28983,3.13E+07
28984,1.90E+07
28985,2.51E+07
28986,6.95E+07
28987,6.65E+07
28988,6.65E+07
28989,1.50E+07
28990,2.07E+07
28991,1.21E+07
28992,4.41E+07
28993,2.87E+07
28994,1.19E+07
28995,3.83E+07
28996,3.98E+07
28997,3.67E+07
28998,5.11E+07
28999,6.37E+07
29000,2.76E+07
29001,6.13E+07
29002,4.23E+07
29003,8.93E+07
29004,8.17E+07
29005,1.01E+08
29006,7.74E+07
29007,6.85E+07
29008,5.08E+07
29009,6.69E+07
29010,7.72E+07
29011,7.41E+07
29012,5.30E+07
29013,6.07E+07
29014,7.35E+07
29015,8.93E+07
29016,5.90E+07
29017,5.95E+07
29018,7.48E+07
29019,6.31E+07
29020,5.96E+07
29021,5.08E+06
29022,1.80E+07
29023,2.92E+07
29024,4.48E+07
29025,4.56E+07
29026,5.27E+07
29027,4.91E+07
29028,6.17E+07
29029,5.44E+07
29030,5.79E+07
29031,4.74E+07
29032,3.63E+07
29033,4.86E+07
29034,3.82E+07
29035,3.88E+07
29036,4.41E+07
29037,5.02E+07
29038,5.24E+07
29039,6.07E+07
29040,4.61E+07
29041,5.31E+07
29042,4.13E+07
29043,5.30E+07
29044,5.33E+07
29045,4.44E+07
29046,4.15E+07
29047,6.21E+06
29048,4.43E+07
29049,4.81E+07
29050,3.28E+07
29051,4.24E+07
29052,3.21E+07
29053,3.43E+07
29054,3.40E+07
29055,3.28E+07
29056,3.81E+07
29057,3.89E+07
29058,3.52E+07
29059,3.59E+07
29060,3.16E+07
29061,3.47E+07
29062,4.05E+07
29063,5.35E+07
29064,4.40E+07
29065,4.45E+07
29066,9.02E+07
29067,6.72E+07
29068,1.15E+08
29069,6.92E+07
29070,6.58E+07
29071,4.47E+07
29072,5.86E+07
29073,6.76E+07
29074,5.11E+07
29075,6.11E+07
29076,6.86E+07
29077,5.77E+07
29078,4.05E+07
29079,4.31E+07
29080,3.85E+07
29081,1.37E+07
29082,2.87E+07
29083,2.68E+07
29084,4.28E+07
29085,2.99E+07
29086,1.45E+07
29087,5.66E+07
29088,4.59E+07
29089,4.26E+07
29090,4.89E+07
29091,4.54E+07
29092,4.61E+07
29093,4.31E+07
29094,4.87E+07
29095,4.34E+07
29096,3.06E+07
29097,4.60E+07
29098,4.27E+07
29099,5.93E+07
29100,5.08E+07
29101,5.09E+07
29102,5.80E+07
29103,3.09E+07
29104,4.36E+07
29105,4.18E+07
29106,4.19E+07
29107,4.61E+07
29108,4.23E+07
29109,4.31E+07
29110,3.59E+07
29111,4.93E+07
29112,5.41E+07
29113,3.56E+07
29114,4.08E+07
29115,3.13E+07
29116,3.78E+07
29117,2.48E+07
29118,4.09E+07
29119,2.01E+07
29120,2.82E+07
29121,2.92E+07
29122,7.62E+07
29123,4.10E+07
29124,8.87E+07
29125,7.80E+07
29126,5.54E+07
29127,4.57E+07
29128,6.25E+07
29129,6.27E+07
29130,3.46E+07
29131,6.15E+07
29132,7.16E+07
29133,4.65E+07
29134,4.90E+07
29135,6.11E+07
29136,3.85E+07
29137,3.92E+07
29138,5.92E+06
29139,5.91E+07
29140,2.55E+07
29141,6.87E+07
29142,7.30E+07
29143,1.32E+06
29144,3.88E+07
29145,5.99E+07
29146,7.04E+07
29147,5.26E+07
29148,6.46E+07
29149,5.67E+07
29150,6.34E+07
29151,5.68E+07
29152,5.35E+07
29153,3.22E+07
29154,4.35E+07
29155,2.13E+07
29156,1.07E+07
29157,5.73E+06
29158,9.62E+06
29159,5.61E+07
29160,6.25E+07
29161,3.72E+07
29162,5.94E+07
29163,4.33E+07
29164,4.60E+07
29165,4.22E+07
29166,3.93E+07
29167,5.56E+07
29168,4.91E+07
29169,5.99E+07
29170,5.98E+07
29171,7.02E+07
29172,6.98E+07
29173,4.79E+07
29174,5.32E+07
29175,2.25E+07
29176,9.83E+06
29177,8.41E+06
29178,3.32E+07
29179,4.96E+07
29180,6.76E+07
29181,5.04E+07
29182,4.40E+07
29183,5.85E+07
29184,4.56E+07
29185,5.29E+07
29186,5.42E+07
29187,6.49E+07
29188,5.78E+07
29189,5.96E+07
29190,3.61E+07
29191,4.10E+07
29192,3.47E+07
29193,3.78E+07
29194,3.36E+07
29195,3.87E+07
29196,3.40E+07
29197,4.00E+07
29198,6.87E+07
29199,6.61E+07
29200,8.62E+07
29201,6.82E+07
29202,5.90E+07
29203,5.82E+07
29204,4.49E+07
29205,5.62E+07
29206,4.68E+07
29207,3.18E+07
29208,3.49E+07
29209,2.90E+07
29210,9.98E+06
29211,7.72E+06
29212,3.59E+07
29213,4.39E+07
29214,5.15E+07
29215,4.90E+07
29216,2.55E+07
29217,3.69E+07
29218,3.09E+07
29219,1.29E+07
29220,2.79E+07
29221,5.69E+07
29222,1.19E+07
29223,4.97E+07
29224,4.39E+07
29225,2.74E+07
29226,4.20E+07
29227,3.36E+07
29228,1.68E+07
29229,4.90E+07
29230,4.10E+07
29231,4.22E+07
29232,4.75E+07
29233,4.18E+07
29234,2.61E+07
29235,3.47E+07
29236,3.68E+07
29237,2.87E+07
29238,3.84E+07
29239,3.91E+07
29240,4.12E+07
29241,3.59E+07
29242,3.48E+07
29243,4.38E+07
29244,4.29E+07
29245,3.79E+07
29246,3.39E+07
29247,4.08E+07
29248,2.43E+07
29249,1.55E+07
29250,4.05E+07
29251,3.84E+07
29252,1.44E+07
29253,2.86E+07
29254,3.07E+07
29255,2.27E+07
29256,1.93E+07
29257,3.82E+07
29258,4.10E+07
29259,4.37E+07
29260,6.06E+07
29261,4.04E+07
29262,5.92E+07
29263,5.57E+07
29264,4.72E+07
29265,5.79E+07
29266,5.31E+07
29267,8.08E+07
29268,1.64E+07
29269,3.57E+07
29270,2.44E+07
29271,2.95E+07
29272,3.32E+07
29273,2.11E+07
29274,7.55E+07
29275,7.28E+07
29276,8.79E+07
29277,6.04E+07
29278,1.02E+08
29279,6.76E+07
29280,9.66E+07
29281,3.44E+07
29282,2.90E+07
29283,2.97E+07
29284,5.45E+07
29285,5.12E+07
29286,6.01E+07
29287,3.18E+07
29288,2.46E+07
29289,2.61E+07
29290,3.71E+07
29291,3.46E+07
29292,3.16E+07
29293,3.47E+07
29294,1.93E+07
29295,2.31E+07
29296,1.92E+07
29297,3.11E+07
29298,1.76E+07
29299,5.85E+07
29300,6.43E+07
29301,7.41E+07
29302,7.64E+07
29303,8.84E+07
29304,4.33E+07
29305,4.42E+07
29306,3.74E+07
29307,3.17E+07
29308,2.89E+07
29309,3.27E+07
29310,3.05E+07
29311,3.45E+07
29312,3.06E+07
29313,6.62E+07
29314,4.56E+07
29315,7.61E+07
29316,7.88E+07
29317,1.04E+08
29318,8.42E+07
29319,9.49E+07
29320,9.95E+07
29321,8.32E+07
29322,7.98E+07
29323,4.53E+07
29324,3.61E+07
29325,4.27E+07
29326,3.86E+07
29327,4.51E+07
29328,2.86E+07
29329,1.76E+07
29330,2.98E+07
29331,1.57E+07
29332,2.19E+07
29333,6.70E+07
29334,5.55E+07
29335,4.36E+07
29336,6.91E+07
29337,5.51E+07
29338,7.66E+07
29339,4.29E+07
29340,3.59E+07
29341,3.58E+07
29342,3.97E+07
29343,3.03E+07
29344,9.30E+07
29345,1.05E+08
29346,9.21E+07
29347,1.06E+08
29348,1.65E+07
29349,3.43E+07
29350,3.55E+07
29351,5.68E+07
29352,4.56E+07
29353,5.39E+07
29354,5.51E+07
29355,5.15E+07
29356,7.45E+07
29357,6.43E+07
29358,4.51E+07
29359,3.65E+06
29360,4.82E+07
29361,5.74E+07
29362,5.35E+07
29363,6.00E+07
29364,4.09E+07
29365,3.08E+07
29366,2.30E+07
29367,4.37E+07
29368,9.94E+07
29369,8.34E+07
29370,8.98E+07
29371,8.21E+07
29372,6.52E+07
29373,3.50E+07
29374,5.92E+07
29375,4.68E+07
29376,7.74E+07
29377,6.02E+07
29378,6.27E+07
29379,4.52E+07
29380,6.39E+07
29381,4.48E+07
29382,3.30E+07
29383,8.23E+07
29384,3.76E+07
29385,4.50E+07
29386,3.92E+07
29387,4.29E+07
29388,4.62E+07
29389,2.82E+07
29390,3.87E+07
29391,5.76E+07
29392,5.99E+07
29393,4.39E+07
29394,4.22E+07
29395,5.39E+07
29396,6.92E+07
29397,4.44E+07
29398,5.29E+07
29399,6.13E+07
29400,3.15E+07
29401,4.24E+07
29402,3.21E+07
29403,3.32E+07
29404,3.39E+07
29405,3.23E+07
29406,2.46E+07
29407,1.89E+07
29408,5.57E+07
29409,3.43E+07
29410,5.83E+07
29411,4.85E+07
29412,5.47E+07
29413,4.17E+07
29414,4.82E+07
29415,2.70E+07
29416,4.17E+07
29417,3.74E+07
29418,4.46E+07
29419,4.00E+07
29420,4.11E+07
29421,3.84E+07
29422,6.47E+07
29423,4.60E+07
29424,3.92E+07
29425,4.40E+07
29426,6.36E+07
29427,2.13E+07
29428,7.61E+06
29429,3.29E+07
29430,5.01E+07
29431,4.83E+07
29432,3.29E+07
29433,3.25E+07
29434,3.14E+07
29435,6.09E+07
29436,6.38E+07
29437,6.97E+07
29438,8.06E+07
29439,8.28E+07
29440,9.96E+07
29441,4.41E+07
29442,5.37E+07
29443,4.78E+07
29444,4.38E+07
29445,3.76E+07
29446,4.69E+07
29447,5.03E+07
29448,3.21E+07
29449,4.09E+07
29450,4.07E+07
29451,4.42E+07
29452,4.26E+07
29453,2.57E+07
29454,5.09E+07
29455,5.08E+07
29456,4.15E+06
29457,3.83E+07
29458,4.57E+07
29459,4.44E+07
29460,4.79E+07
29461,1.14E+07
29462,7.25E+06
29463,2.50E+07
29464,3.48E+07
29465,1.61E+07
29466,1.34E+07
29467,3.88E+07
29468,2.96E+07
29469,2.99E+07
29470,2.23E+07
29471,3.46E+07
29472,3.87E+07
29473,6.36E+07
29474,5.17E+07
29475,2.19E+07
29476,2.85E+07
29477,5.64E+07
29478,1.82E+07
29479,1.23E+07
29480,3.17E+07
29481,5.11E+07
29482,2.79E+07
29483,4.80E+07
29484,6.49E+07
29485,5.06E+07
29486,4.59E+07
29487,4.21E+07
29488,3.82E+07
29489,5.48E+07
29490,4.97E+07
29491,3.93E+07
29492,4.80E+07
29493,5.43E+07
29494,5.77E+07
29495,3.96E+07
29496,4.30E+07
29497,4.83E+07
29498,5.11E+07
29499,5.27E+07
29500,5.71E+07
29501,4.07E+07
29502,3.87E+07
29503,1.10E+07
29504,1.34E+07
29505,5.25E+07
29506,5.26E+07
29507,3.33E+07
29508,9.17E+07
29509,3.73E+07
29510,3.01E+07
29511,2.92E+07
29512,5.16E+07
29513,4.91E+07
29514,5.49E+07
29515,6.44E+07
29516,3.21E+07
29517,2.19E+07
29518,3.45E+07
29519,3.70E+07
29520,4.31E+07
29521,5.19E+07
29522,5.00E+07
29523,3.59E+07
29524,5.42E+07
29525,1.91E+07
29526,3.26E+07
29527,1.62E+07
29528,3.21E+07
29529,2.69E+07
29530,3.26E+07
29531,4.81E+07
29532,4.67E+07
29533,4.33E+07
29534,4.96E+07
29535,5.98E+07
29536,3.92E+07
29537,6.00E+07
29538,5.05E+07
29539,4.85E+07
29540,6.57E+07
29541,6.11E+07
29542,4.96E+07
29543,5.73E+07
29544,6.42E+06
29545,3.12E+07
29546,3.58E+07
29547,1.39E+07
29548,3.79E+07
29549,3.12E+07
29550,2.74E+07
29551,4.52E+07
29552,5.94E+07
29553,3.47E+07
29554,4.61E+07
29555,5.15E+07
29556,5.21E+07
29557,4.82E+07
29558,3.05E+07
29559,8.12E+06
29560,7.70E+07
29561,3.14E+07
29562,5.07E+07
29563,3.44E+07
29564,3.05E+07
29565,9.18E+07
29566,8.19E+07
29567,8.59E+07
29568,5.09E+07
29569,5.87E+07
29570,5.50E+07
29571,4.42E+07
29572,4.33E+07
29573,5.96E+07
29574,6.59E+07
29575,4.79E+07
29576,3.16E+07
29577,5.70E+07
29578,6.44E+07
29579,7.56E+07
29580,5.66E+07
29581,4.38E+07
29582,5.29E+07
29583,4.66E+07
29584,3.76E+07
29585,9.02E+06
29586,3.38E+07
29587,3.94E+07
29588,6.59E+07
29589,3.61E+07
29590,1.95E+07
29591,4.26E+07
29592,6.93E+07
29593,4.34E+07
29594,6.47E+07
29595,5.53E+07
29596,4.52E+07
29597,6.07E+07
29598,4.77E+07
29599,5.92E+07
29600,5.31E+07
29601,2.58E+07
29602,2.79E+07
29603,1.89E+07
29604,1.97E+07
29605,6.26E+07
29606,5.40E+07
29607,2.13E+07
29608,3.44E+07
29609,1.54E+07
29610,2.23E+07
29611,6.89E+07
29612,4.46E+07
29613,3.25E+07
29614,2.85E+07
29615,2.23E+07
29616,1.81E+07
29617,2.59E+07
29618,4.44E+07
29619,4.86E+07
29620,3.81E+07
29621,5.39E+07
29622,8.04E+07
29623,7.99E+07
29624,6.50E+07
29625,1.82E+07
29626,2.13E+07
29627,4.32E+07
29628,4.50E+07
29629,4.55E+07
29630,4.27E+07
29631,4.62E+07
29632,5.60E+07
29633,6.70E+07
29634,6.79E+07
29635,4.69E+07
29636,3.39E+07
29637,3.55E+07
29638,4.84E+07
29639,3.90E+07
29640,4.12E+07
29641,4.16E+07
29642,4.48E+07
29643,5.00E+07
29644,4.64E+07
29645,6.01E+07
29646,5.59E+07
29647,5.89E+07
29648,6.92E+07
29649,3.69E+07
29650,3.76E+07
29651,3.84E+07
29652,4.96E+07
29653,5.80E+07
29654,3.31E+07
29655,6.81E+07
29656,6.27E+07
29657,4.98E+07
29658,4.84E+07
29659,3.66E+07
29660,4.24E+07
29661,3.53E+07
29662,4.63E+07
29663,3.47E+07
29664,2.53E+07
29665,2.52E+07
29666,5.38E+07
29667,4.65E+07
29668,1.42E+07
29669,1.14E+07
29670,3.92E+07
29671,2.14E+07
29672,1.75E+07
29673,4.93E+07
29674,2.80E+07
29675,3.39E+07
29676,3.10E+07
29677,3.25E+07
29678,2.64E+07
29679,2.75E+07
29680,2.06E+07
29681,3.30E+07
29682,3.03E+07
29683,1.19E+07
29684,6.55E+07
29685,3.20E+07
29686,3.18E+07
29687,5.06E+07
29688,5.71E+07
29689,6.89E+07
29690,8.07E+07
29691,3.69E+07
29692,4.81E+07
29693,3.80E+07
29694,3.64E+07
29695,2.32E+07
29696,1.16E+07
29697,8.29E+06
29698,6.16E+07
29699,2.90E+07
29700,6.88E+07
29701,6.80E+07
29702,7.08E+07
29703,5.07E+07
29704,1.55E+07
29705,8.44E+07
29706,9.56E+07
29707,6.77E+07
29708,4.87E+07
29709,4.84E+07
29710,3.21E+07
29711,3.90E+07
29712,3.91E+07
29713,3.36E+07
29714,4.52E+07
29715,4.32E+07
29716,3.95E+07
29717,6.70E+07
29718,2.98E+07
29719,4.24E+07
29720,2.11E+07
29721,3.91E+07
29722,4.27E+07
29723,3.99E+07
29724,2.89E+07
29725,4.17E+07
29726,3.77E+07
29727,5.99E+07
29728,5.29E+07
29729,5.88E+07
29730,5.91E+07
29731,1.23E+07
29732,2.80E+07
29733,4.72E+07
29734,9.16E+07
29735,5.61E+07
29736,7.19E+07
29737,7.58E+06
29738,1.08E+07
29739,2.05E+07
29740,3.04E+07
29741,9.48E+06
29742,4.29E+07
29743,4.89E+07
29744,5.88E+07
29745,4.74E+07
29746,5.90E+07
29747,4.05E+07
29748,4.09E+07
29749,4.60E+07
29750,3.83E+07
29751,1.16E+08
29752,4.60E+07
29753,4.10E+07
29754,5.14E+07
29755,5.03E+07
29756,4.26E+07
29757,4.00E+07
29758,3.98E+07
29759,3.53E+07
29760,3.62E+07
29761,5.44E+07
29762,3.91E+07
29763,3.19E+07
29764,3.36E+07
29765,6.91E+07
29766,4.87E+07
29767,4.73E+07
29768,5.08E+07
29769,5.05E+07
29770,5.89E+07
29771,8.55E+07
29772,1.58E+07
29773,4.27E+07
29774,3.91E+07
29775,3.70E+07
29776,4.08E+07
29777,3.27E+07
29778,5.79E+07
29779,5.05E+07
29780,2.47E+07
29781,2.87E+07
29782,2.99E+07
29783,6.66E+07
29784,8.88E+07
29785,3.91E+07
29786,4.11E+07
29787,3.98E+07
29788,3.33E+07
29789,4.44E+07
29790,6.48E+07
29791,4.24E+07
29792,5.04E+07
29793,4.20E+07
29794,7.36E+07
29795,8.02E+07
29796,8.93E+07
29797,7.62E+07
29798,5.61E+07
29799,3.00E+07
29800,4.29E+07
29801,1.12E+07
29802,3.39E+07
29803,4.05E+07
29804,3.52E+07
29805,4.52E+07
29806,5.24E+07
29807,6.00E+07
29808,4.56E+07
29809,4.31E+07
29810,4.88E+07
29811,5.04E+07
29812,6.14E+07
29813,3.75E+07
29814,4.02E+07
29815,5.96E+07
29816,4.27E+07
29817,4.79E+07
29818,3.44E+07
29819,5.61E+07
29820,4.88E+07
29821,4.63E+07
29822,5.65E+07
29823,4.05E+07
29824,6.10E+07
29825,8.27E+07
29826,7.33E+07
29827,8.46E+07
29828,5.13E+07
29829,4.89E+07
29830,6.01E+07
29831,6.75E+07
29832,4.61E+07
29833,3.42E+07
29834,3.76E+07
29835,2.83E+07
29836,6.65E+07
29837,2.78E+07
29838,2.08E+07
29839,3.65E+07
29840,8.07E+06
29841,1.77E+07
29842,3.23E+07
29843,8.46E+06
29844,4.68E+07
29845,5.78E+07
29846,4.45E+07
29847,4.08E+07
29848,3.06E+07
29849,3.86E+07
29850,5.34E+07
29851,3.31E+07
29852,7.40E+07
29853,5.60E+07
29854,5.43E+07
29855,5.48E+07
29856,4.57E+07
29857,5.99E+07
29858,1.37E+08
29859,7.59E+07
29860,4.74E+07
29861,1.73E+07
29862,2.72E+07
29863,6.45E+07
29864,3.02E+07
29865,6.24E+07
29866,3.66E+07
29867,5.22E+07
29868,6.81E+07
29869,8.81E+07
29870,3.06E+07
29871,7.46E+07
29872,1.74E+07
29873,5.67E+07
29874,2.79E+07
29875,4.28E+07
29876,5.52E+07
29877,4.04E+07
29878,3.66E+07
29879,3.52E+07
29880,3.97E+07
29881,1.27E+07
29882,4.74E+07
29883,3.85E+07
29884,4.58E+07
29885,6.23E+07
29886,1.73E+07
29887,2.36E+07
29888,4.97E+07
29889,5.76E+07
29890,7.67E+07
29891,1.60E+07
29892,3.61E+07
29893,5.80E+07
29894,5.98E+07
29895,6.35E+07
29896,9.08E+07
29897,2.31E+07
29898,1.60E+07
29899,4.36E+07
29900,8.12E+07
29901,6.49E+07
