NodeNumber,Equivalent Stress (Pa)
1,8.66E+06
2,8.17E+06
3,3.70E+06
4,2.61E+06
5,3.94E+06
6,2.97E+06
7,3.57E+06
8,8.00E+06
9,8.09E+06
10,2.69E+06
11,2.60E+06
12,3.66E+06
13,2.54E+06
14,3.35E+06
15,1.30E+08
16,1.24E+08
17,1.00E+08
18,5.38E+07
19,2.67E+07
20,5.53E+07
21,9.79E+07
22,1.34E+08
23,1.30E+08
24,1.01E+08
25,4.99E+07
26,1.94E+07
27,4.88E+07
28,9.28E+07
29,26923
30,2.23E+07
31,92639
32,5.40E+05
33,2.20E+06
34,6.24E+06
35,1.59E+07
36,41275
37,4.24E+06
38,1.43E+05
39,6.32E+05
40,2.30E+06
41,5.55E+06
42,7.47E+06
43,3.56E+06
44,0.68008
45,106.36
46,1.4985
47,6.9628
48,21.955
49,56.091
50,89.987
51,0.52863
52,32.528
53,1.7891
54,8.5827
55,26.69
56,41.373
57,50.048
58,1.08E+07
59,6.85E+06
60,1.79E+06
61,7.91E+06
62,1.07E+07
63,1.20E+08
64,9.22E+07
65,1.06E+08
66,9.50E+07
67,1.18E+08
68,1.28E+08
69,1.29E+08
70,1.22E+08
71,1.01E+08
72,1.05E+08
73,9.96E+07
74,1.15E+08
75,1.31E+08
76,6.15E+07
77,1.01E+08
78,8.61E+07
79,7.79E+07
80,6.05E+07
81,6.33E+07
82,6.43E+07
83,6.57E+07
84,6.70E+07
85,6.82E+07
86,6.69E+07
87,6.80E+07
88,2.24E+05
89,1.25E+06
90,4.23E+06
91,6.96E+06
92,1.07E+07
93,1.53E+07
94,2.30E+07
95,3.30E+07
96,4.49E+07
97,6.00E+07
98,7.65E+07
99,8.62E+07
100,8.88E+07
101,8.93E+07
102,2.84E+05
103,9.63E+05
104,1.82E+06
105,2.73E+06
106,3.05E+06
107,2.48E+06
108,1.75E+06
109,8.16E+05
110,7.68E+07
111,9.02E+07
112,8.89E+07
113,8.68E+07
114,7.72E+07
115,6.23E+07
116,4.69E+07
117,3.43E+07
118,2.41E+07
119,1.70E+07
120,1.17E+07
121,7.45E+06
122,3.85E+06
123,1.28E+06
124,6.19E+07
125,7.13E+07
126,6.82E+07
127,6.69E+07
128,6.58E+07
129,6.49E+07
130,6.62E+07
131,6.39E+07
132,6.21E+07
133,1.02E+08
134,8.55E+07
135,8.12E+07
136,4.19E+07
137,4.52E+07
138,7.27E+07
139,5.99E+07
140,6.55E+07
141,5.91E+07
142,5.22E+07
143,5.66E+07
144,5.96E+07
145,5.26E+07
146,4.97E+07
147,5.54E+07
148,6.06E+07
149,5.89E+07
150,1.57E+07
151,6.38E+06
152,2.14E+06
153,5.46E+05
154,1.01E+05
155,92.997
156,54.062
157,22.197
158,7.0531
159,1.4906
160,2.88E+07
161,1.65E+07
162,1.16E+07
163,2.80E+07
164,3.91E+07
165,4.52E+07
166,4.76E+07
167,4.52E+07
168,4.20E+07
169,3.61E+07
170,7.85E+07
171,1.71E+07
172,1.06E+07
173,6.63E+07
174,5.15E+07
175,4.87E+07
176,5.41E+07
177,5.55E+07
178,4.60E+07
179,5.59E+07
180,5.60E+07
181,6.42E+07
182,5.63E+07
183,2.4121
184,1.71E+07
185,1.01E+07
186,4.16E+06
187,8.97E+05
188,2.23E+05
189,56617
190,12394
191,2880
192,595.06
193,153.24
194,29.345
195,6.0254
196,2.1061
197,2.0586
198,1.9113
199,1.4286
200,0.73363
201,1.5813
202,1.925
203,1.9471
204,5.3104
205,24.733
206,104.67
207,422.31
208,2019.6
209,8528.2
210,34306
211,1.69E+05
212,7.25E+05
213,3.21E+06
214,1.11E+07
215,1.75E+07
216,1.11E+08
217,4.42E+07
218,1.14E+08
219,1.24E+08
220,1.30E+08
221,1.30E+08
222,1.27E+08
223,1.36E+08
224,1.36E+08
225,1.37E+08
226,1.32E+08
227,1.36E+08
228,1.30E+08
229,1.46E+08
230,1.31E+08
231,1.39E+08
232,1.38E+08
233,1.34E+08
234,1.33E+08
235,1.47E+08
236,1.34E+08
237,1.34E+08
238,1.45E+08
239,1.35E+08
240,1.37E+08
241,1.36E+08
242,1.34E+08
243,1.32E+08
244,1.35E+08
245,1.35E+08
246,1.34E+08
247,1.25E+08
248,1.22E+08
249,1.24E+08
250,1.27E+08
251,1.18E+08
252,1.23E+08
253,1.20E+08
254,1.14E+08
255,1.16E+08
256,1.15E+08
257,1.19E+08
258,1.06E+08
259,1.04E+08
260,1.04E+08
261,1.02E+08
262,9.31E+07
263,9.11E+07
264,9.15E+07
265,9.20E+07
266,8.26E+07
267,7.96E+07
268,6.99E+07
269,6.68E+07
270,6.04E+07
271,3.40E+07
272,3.64E+07
273,3.28E+07
274,8.14E+07
275,5.84E+07
276,6.73E+07
277,7.27E+07
278,8.36E+07
279,8.74E+07
280,9.29E+07
281,8.59E+07
282,9.37E+07
283,9.69E+07
284,1.02E+08
285,1.05E+08
286,1.07E+08
287,1.12E+08
288,1.11E+08
289,1.09E+08
290,1.21E+08
291,1.19E+08
292,1.11E+08
293,1.23E+08
294,1.19E+08
295,1.19E+08
296,1.23E+08
297,1.23E+08
298,1.38E+08
299,1.20E+08
300,1.19E+08
301,1.31E+08
302,1.27E+08
303,1.32E+08
304,1.33E+08
305,1.30E+08
306,1.26E+08
307,1.35E+08
308,1.33E+08
309,1.23E+08
310,1.25E+08
311,1.31E+08
312,1.29E+08
313,1.25E+08
314,1.23E+08
315,1.28E+08
316,1.23E+08
317,1.23E+08
318,1.22E+08
319,1.28E+08
320,1.23E+08
321,1.21E+08
322,1.22E+08
323,1.20E+08
324,1.16E+08
325,1.08E+08
326,1.02E+08
327,9.59E+07
328,1.17E+08
329,1.26E+08
330,4.42E+05
331,1.05E+08
332,1.28E+06
333,3.44E+06
334,7.78E+06
335,1.18E+07
336,1.71E+07
337,2.37E+07
338,3.18E+07
339,4.33E+07
340,5.66E+07
341,6.94E+07
342,7.97E+07
343,8.30E+07
344,8.19E+07
345,7.77E+07
346,7.45E+07
347,7.50E+07
348,4.15E+07
349,1.81E+07
350,3.38E+07
351,6.65E+05
352,8.60E+05
353,1.51E+06
354,2.49E+06
355,2.98E+06
356,2.56E+06
357,1.74E+06
358,9.88E+05
359,7.93E+07
360,7.54E+07
361,7.56E+07
362,7.95E+07
363,8.25E+07
364,8.29E+07
365,7.67E+07
366,6.49E+07
367,5.09E+07
368,3.80E+07
369,2.67E+07
370,2.01E+07
371,1.39E+07
372,9.12E+06
373,5.24E+06
374,1.87E+06
375,4.84E+07
376,1.95E+07
377,3.24E+07
378,1.02E+07
379,7.83E+06
380,8.12E+05
381,7.46E+06
382,1.06E+07
383,1.38E+08
384,9.91E+07
385,7.20E+07
386,9.81E+07
387,1.33E+08
388,4.58E+07
389,6.27E+07
390,6.59E+07
391,7.16E+07
392,7.62E+07
393,7.97E+07
394,8.65E+07
395,9.73E+07
396,9.26E+07
397,9.70E+07
398,9.94E+07
399,1.02E+08
400,1.04E+08
401,1.14E+08
402,1.08E+08
403,1.17E+08
404,1.13E+08
405,1.18E+08
406,1.09E+08
407,1.35E+08
408,1.20E+08
409,1.23E+08
410,1.26E+08
411,1.28E+08
412,1.28E+08
413,1.29E+08
414,1.33E+08
415,1.31E+08
416,1.36E+08
417,1.39E+08
418,1.38E+08
419,1.34E+08
420,1.38E+08
421,1.45E+08
422,1.33E+08
423,1.45E+08
424,1.42E+08
425,1.34E+08
426,1.46E+08
427,1.35E+08
428,1.38E+08
429,1.48E+08
430,1.37E+08
431,1.31E+08
432,1.42E+08
433,1.31E+08
434,1.44E+08
435,1.33E+08
436,1.32E+08
437,1.33E+08
438,1.32E+08
439,1.24E+08
440,1.24E+08
441,1.18E+08
442,5.91E+07
443,6.94E+07
444,8.84E+07
445,1.17E+08
446,1.37E+08
447,1.51E+08
448,1.32E+08
449,1.07E+08
450,8.46E+07
451,5.76E+07
452,8.02E+07
453,5.28E+07
454,3.40E+07
455,2.58E+07
456,1.25E+08
457,1.15E+08
458,5.12E+07
459,3.52E+07
460,2.51E+07
461,5.96E+07
462,6.18E+07
463,4.20E+07
464,4.59E+07
465,3.37E+07
466,9.39E+07
467,1.02E+08
468,1.06E+08
469,1.10E+08
470,1.15E+08
471,1.16E+08
472,1.25E+08
473,1.17E+08
474,1.27E+08
475,1.26E+08
476,1.34E+08
477,1.18E+08
478,1.28E+08
479,1.23E+08
480,1.31E+08
481,1.26E+08
482,1.30E+08
483,1.24E+08
484,1.30E+08
485,1.28E+08
486,1.33E+08
487,1.34E+08
488,1.29E+08
489,1.26E+08
490,1.28E+08
491,1.21E+08
492,1.31E+08
493,1.27E+08
494,1.32E+08
495,1.23E+08
496,1.21E+08
497,1.26E+08
498,1.25E+08
499,1.17E+08
500,1.20E+08
501,1.20E+08
502,1.13E+08
503,1.14E+08
504,1.07E+08
505,1.11E+08
506,1.10E+08
507,1.05E+08
508,1.13E+08
509,1.01E+08
510,9.73E+07
511,9.62E+07
512,9.09E+07
513,8.74E+07
514,8.38E+07
515,7.91E+07
516,7.49E+07
517,7.04E+07
518,5.71E+07
519,3.39E+07
520,3.77E+07
521,0.61075
522,4.75
523,21.028
524,93.851
525,482.05
526,1893.2
527,8148.8
528,37409
529,1.53E+05
530,4.40E+05
531,1.68E+06
532,5.69E+06
533,1.22E+07
534,2.49E+07
535,3.52E+07
536,4.53E+07
537,5.39E+07
538,0.74059
539,5.27E+07
540,4.11E+07
541,2.89E+07
542,1.80E+07
543,8.31E+06
544,3.35E+06
545,1.14E+06
546,2.50E+05
547,58464
548,12820
549,3446.7
550,674.72
551,157.07
552,36.293
553,6.5657
554,7.90E+06
555,5.94E+06
556,2.24E+06
557,6.68E+05
558,1.63E+05
559,51.397
560,41.985
561,27.008
562,8.6656
563,1.72
564,4.15E+07
565,5.07E+07
566,5.74E+07
567,6.33E+07
568,7.48E+07
569,6.79E+07
570,7.00E+07
571,7.89E+07
572,6.59E+07
573,5.65E+07
574,4.44E+07
575,0.45171
576,0.46481
577,0.41529
578,0.52249
579,0.38809
580,0.35056
581,0.53588
582,8.28E+07
583,5.53E+07
584,4.09E+07
585,3.04E+07
586,2.05E+07
587,1.15E+07
588,1.43E+07
589,2.12E+07
590,3.15E+07
591,3.43E+07
592,3.17E+07
593,3.19E+07
594,3.44E+07
595,3.08E+07
596,2.20E+07
597,1.34E+07
598,1.17E+07
599,2.02E+07
600,3.05E+07
601,4.11E+07
602,5.46E+07
603,8.23E+07
604,3.39E+07
605,3.79E+07
606,3.96E+07
607,4.38E+07
608,5.82E+07
609,4.45E+07
610,5.21E+07
611,6.60E+07
612,4.77E+07
613,5.52E+07
614,6.38E+07
615,6.52E+07
616,5.82E+07
617,7.78E+07
618,9.51E+07
619,7.41E+07
620,1.16E+08
621,7.71E+07
622,8.13E+07
623,8.61E+07
624,9.52E+07
625,1.36E+08
626,1.11E+08
627,8.97E+07
628,1.19E+08
629,1.01E+08
630,9.84E+07
631,1.06E+08
632,9.42E+07
633,8.89E+07
634,8.72E+07
635,8.78E+07
636,9.18E+07
637,3.81E+07
638,9.44E+07
639,9.01E+07
640,3.90E+07
641,3.79E+07
642,3.91E+07
643,6.44E+07
644,5.43E+07
645,7.40E+07
646,9.45E+07
647,3.74E+07
648,9.53E+07
649,7.30E+07
650,4.88E+07
651,3.85E+07
652,4.22E+07
653,3.98E+07
654,3.96E+07
655,3.78E+07
656,3.88E+07
657,3.89E+07
658,3.68E+07
659,1.01E+08
660,8.72E+07
661,9.36E+07
662,7.83E+07
663,3.79E+07
664,3.47E+07
665,3.52E+07
666,3.46E+07
667,5.17E+07
668,4.16E+07
669,3.85E+07
670,3.73E+07
671,3.85E+07
672,3.62E+07
673,3.37E+07
674,3.15E+07
675,3.17E+07
676,3.13E+07
677,3.17E+07
678,3.33E+07
679,3.35E+07
680,3.20E+07
681,3.98E+07
682,3.96E+07
683,3.51E+07
684,3.13E+07
685,3.15E+07
686,3.81E+07
687,4.45E+07
688,4.56E+07
689,3.69E+07
690,3.96E+07
691,3.21E+07
692,2.62E+07
693,2.85E+07
694,2.88E+07
695,2.08E+07
696,2.26E+07
697,3.78E+07
698,2.56E+07
699,2.84E+07
700,2.15E+07
701,4.66E+07
702,4.00E+07
703,3.25E+07
704,4.50E+07
705,3.84E+07
706,3.31E+07
707,3.31E+07
708,3.05E+07
709,3.56E+07
710,3.89E+07
711,2.43E+07
712,2.56E+07
713,3.15E+07
714,2.82E+07
715,2.73E+07
716,2.20E+07
717,2.55E+07
718,3.80E+07
719,3.46E+07
720,5.17E+07
721,3.36E+07
722,2.27E+07
723,3.06E+07
724,2.28E+07
725,3.63E+07
726,3.59E+07
727,2.99E+07
728,2.51E+07
729,8.63E+07
730,5.90E+07
731,1.43E+08
732,1.51E+08
733,1.59E+08
734,1.43E+08
735,1.64E+08
736,1.55E+08
737,1.62E+08
738,1.50E+08
739,1.65E+08
740,1.73E+08
741,1.74E+08
742,1.74E+08
743,1.80E+08
744,1.73E+08
745,1.86E+08
746,1.73E+08
747,1.74E+08
748,1.74E+08
749,1.83E+08
750,1.84E+08
751,1.78E+08
752,1.81E+08
753,1.84E+08
754,1.94E+08
755,1.76E+08
756,1.83E+08
757,1.79E+08
758,1.87E+08
759,1.80E+08
760,1.80E+08
761,1.69E+08
762,1.68E+08
763,1.77E+08
764,1.73E+08
765,1.69E+08
766,1.71E+08
767,1.65E+08
768,1.71E+08
769,1.65E+08
770,1.65E+08
771,1.61E+08
772,1.60E+08
773,1.95E+08
774,1.83E+08
775,1.78E+08
776,1.92E+08
777,1.83E+08
778,1.89E+08
779,1.86E+08
780,1.88E+08
781,1.81E+08
782,1.95E+08
783,1.81E+08
784,1.94E+08
785,1.90E+08
786,1.92E+08
787,1.92E+08
788,1.87E+08
789,1.77E+08
790,1.89E+08
791,1.84E+08
792,1.81E+08
793,1.98E+08
794,1.84E+08
795,1.88E+08
796,1.93E+08
797,1.77E+08
798,1.79E+08
799,1.86E+08
800,1.72E+08
801,1.84E+08
802,1.89E+08
803,1.82E+08
804,1.81E+08
805,1.73E+08
806,1.89E+08
807,1.73E+08
808,1.94E+08
809,1.66E+08
810,1.76E+08
811,1.73E+08
812,1.69E+08
813,1.67E+08
814,1.64E+08
815,1.35E+08
816,1.34E+08
817,1.30E+08
818,1.40E+08
819,1.37E+08
820,1.39E+08
821,1.42E+08
822,1.46E+08
823,1.48E+08
824,1.49E+08
825,1.57E+08
826,1.49E+08
827,1.61E+08
828,1.31E+08
829,1.28E+08
830,1.29E+08
831,1.22E+08
832,1.17E+08
833,1.20E+08
834,1.49E+08
835,1.55E+08
836,1.05E+08
837,1.01E+08
838,1.07E+08
839,1.18E+08
840,9.26E+07
841,9.31E+07
842,8.83E+07
843,8.95E+07
844,7.85E+07
845,7.85E+07
846,7.18E+07
847,6.95E+07
848,1.21E+08
849,5.90E+07
850,1.52E+08
851,1.44E+08
852,1.54E+08
853,1.40E+08
854,1.57E+08
855,1.82E+08
856,1.73E+08
857,1.93E+08
858,1.86E+08
859,1.86E+08
860,1.81E+08
861,1.98E+08
862,1.73E+08
863,1.83E+08
864,1.84E+08
865,1.88E+08
866,1.75E+08
867,1.88E+08
868,1.84E+08
869,1.90E+08
870,1.87E+08
871,1.90E+08
872,1.74E+08
873,1.87E+08
874,1.84E+08
875,1.89E+08
876,1.90E+08
877,1.80E+08
878,1.81E+08
879,1.80E+08
880,1.88E+08
881,1.80E+08
882,1.90E+08
883,1.68E+08
884,1.89E+08
885,1.81E+08
886,1.83E+08
887,1.81E+08
888,1.82E+08
889,1.89E+08
890,1.78E+08
891,1.85E+08
892,1.84E+08
893,1.70E+08
894,1.85E+08
895,1.69E+08
896,1.73E+08
897,1.73E+08
898,1.72E+08
899,1.74E+08
900,1.69E+08
901,1.74E+08
902,1.69E+08
903,1.65E+08
904,1.69E+08
905,1.60E+08
906,1.76E+08
907,1.66E+08
908,1.66E+08
909,1.73E+08
910,1.56E+08
911,1.65E+08
912,1.68E+08
913,1.79E+08
914,1.71E+08
915,1.63E+08
916,1.67E+08
917,1.58E+08
918,1.75E+08
919,1.93E+08
920,1.84E+08
921,1.83E+08
922,1.78E+08
923,1.72E+08
924,1.86E+08
925,1.87E+08
926,1.80E+08
927,1.48E+08
928,1.61E+08
929,1.72E+08
930,1.52E+08
931,1.66E+08
932,1.62E+08
933,1.53E+08
934,1.60E+08
935,1.51E+08
936,1.56E+08
937,1.50E+08
938,1.50E+08
939,1.52E+08
940,1.49E+08
941,1.49E+08
942,1.50E+08
943,1.39E+08
944,1.50E+08
945,1.34E+08
946,1.43E+08
947,1.38E+08
948,1.29E+08
949,1.25E+08
950,1.21E+08
951,1.29E+08
952,1.18E+08
953,1.22E+08
954,1.21E+08
955,1.18E+08
956,1.21E+08
957,1.13E+08
958,1.08E+08
959,1.02E+08
960,1.12E+08
961,1.02E+08
962,9.06E+07
963,9.13E+07
964,8.95E+07
965,7.75E+07
966,6.93E+07
967,8.50E+07
968,6.97E+07
969,2.80E+07
970,2.83E+07
971,5.23E+07
972,6.32E+07
973,7.61E+06
974,6.53E+07
975,5.92E+07
976,5.88E+07
977,5.00E+07
978,5.13E+07
979,4.77E+07
980,5.13E+07
981,5.74E+07
982,5.42E+07
983,5.30E+07
984,5.19E+07
985,5.88E+07
986,5.19E+07
987,5.47E+07
988,5.27E+07
989,5.45E+07
990,4.49E+07
991,5.40E+07
992,4.88E+07
993,4.17E+07
994,3.97E+07
995,5.27E+07
996,4.46E+07
997,4.80E+07
998,4.13E+07
999,4.89E+07
1000,5.53E+07
1001,5.38E+07
1002,5.57E+07
1003,5.74E+07
1004,5.00E+07
1005,4.90E+07
1006,5.08E+07
1007,4.48E+07
1008,4.98E+07
1009,4.96E+07
1010,4.89E+07
1011,4.72E+07
1012,5.49E+07
1013,5.48E+07
1014,4.21E+07
1015,4.34E+07
1016,3.91E+07
1017,4.32E+07
1018,6.04E+07
1019,5.27E+07
1020,6.66E+07
1021,5.28E+07
1022,5.25E+07
1023,5.06E+07
1024,5.28E+07
1025,5.60E+07
1026,5.32E+07
1027,5.34E+07
1028,5.28E+07
1029,7.65E+06
1030,3061.6
1031,1.06E+07
1032,9.77E+06
1033,110.28
1034,1.26E+05
1035,152.34
1036,1.25E+05
1037,1.26E+07
1038,1.39E+07
1039,426.57
1040,7.3007
1041,1.82E+06
1042,21377
1043,12.001
1044,1.76E+06
1045,2329.1
1046,11062
1047,9.51E+06
1048,2.58E+07
1049,1.16E+07
1050,855.96
1051,844.29
1052,37063
1053,2.62E+07
1054,2.00E+07
1055,1.88E+07
1056,49.59
1057,1.19E+07
1058,1005
1059,72.838
1060,3.34E+06
1061,1.67E+06
1062,13091
1063,240.77
1064,2.48E+05
1065,2.6502
1066,2.9596
1067,2999.9
1068,1.48E+07
1069,1.50E+05
1070,2.53E+07
1071,1.27E+07
1072,1.03E+07
1073,1.16E+07
1074,31633
1075,1.61E+07
1076,9.35E+06
1077,29.529
1078,3.73E+06
1079,9.2242
1080,7.9854
1081,9.29E+06
1082,35794
1083,46.868
1084,1.85E+07
1085,157.14
1086,9.71E+06
1087,74766
1088,4.10E+06
1089,1.15E+07
1090,1.18E+07
1091,35750
1092,2.82E+07
1093,2.80E+05
1094,6.01E+06
1095,3.34E+07
1096,54.446
1097,8.95E+06
1098,1.45E+07
1099,1.51E+07
1100,8.63E+06
1101,5.64E+05
1102,10502
1103,3.64E+07
1104,224.33
1105,1.37E+07
1106,1.54E+07
1107,3.23E+07
1108,10790
1109,39261
1110,505.18
1111,1.06E+07
1112,33767
1113,2562.6
1114,337.77
1115,97.227
1116,0.76656
1117,247.31
1118,3.10E+07
1119,212.38
1120,8278.5
1121,1.10E+06
1122,4.32E+06
1123,2.82E+06
1124,1.36E+07
1125,21.312
1126,84381
1127,74697
1128,2.80E+05
1129,3.63
1130,3.9321
1131,1.11E+06
1132,1.4182
1133,3072
1134,3.35E+07
1135,8979.6
1136,2.46E+07
1137,2.06E+07
1138,1.05E+06
1139,2.0203
1140,1.84E+07
1141,2.02E+07
1142,7.20E+05
1143,3.4815
1144,3.8236
1145,1.42E+07
1146,15.353
1147,4.75E+05
1148,27750
1149,642.35
1150,13.41
1151,4.07E+06
1152,1.29E+07
1153,26.418
1154,121.33
1155,1230
1156,4.94E+06
1157,989.22
1158,1.29E+07
1159,29.65
1160,2.99E+07
1161,1.75E+07
1162,3743
1163,0.68355
1164,3.14E+06
1165,1.19E+07
1166,86842
1167,55.676
1168,98667
1169,482.11
1170,7.55E+06
1171,2.54E+07
1172,2.11E+05
1173,32.238
1174,1.17E+07
1175,7.70E+06
1176,4.1396
1177,4.355
1178,96.735
1179,3.63E+05
1180,2.34E+07
1181,67206
1182,54287
1183,2.01E+07
1184,15.826
1185,2.48E+07
1186,8.90E+07
1187,8.92E+07
1188,1.34E+07
1189,1.27E+07
1190,5.19E+07
1191,5.29E+07
1192,8.74E+07
1193,8.78E+07
1194,1.35E+07
1195,3.19E+06
1196,4.40E+06
1197,9.00E+07
1198,9.02E+07
1199,2.59E+07
1200,8.20E+07
1201,2.56E+07
1202,8.44E+07
1203,6.83E+07
1204,6.91E+07
1205,3.12E+06
1206,9.52E+06
1207,8.77E+06
1208,2.25E+07
1209,9.37E+07
1210,9.53E+07
1211,3.39E+07
1212,1.10E+07
1213,1.85E+07
1214,8.58E+07
1215,8.23E+07
1216,1.77E+07
1217,9.55E+07
1218,1.07E+07
1219,8.24E+07
1220,8.46E+07
1221,3.25E+06
1222,2.57E+07
1223,9.72E+07
1224,3.17E+07
1225,6.26E+07
1226,3.20E+06
1227,3.44E+07
1228,9.65E+07
1229,8.52E+07
1230,8.31E+07
1231,7.95E+07
1232,8.46E+07
1233,7.01E+06
1234,7.47E+06
1235,1.25E+07
1236,8.53E+07
1237,2.58E+07
1238,1.00E+08
1239,8.60E+07
1240,8.49E+07
1241,8.66E+07
1242,7.65E+07
1243,7.52E+07
1244,6.91E+07
1245,8.17E+07
1246,3.27E+07
1247,8.60E+07
1248,3.22E+06
1249,3.62E+07
1250,5.71E+06
1251,8.14E+07
1252,7.26E+07
1253,7.37E+07
1254,1.69E+06
1255,9.12E+06
1256,1.37E+07
1257,2.52E+06
1258,6.27E+06
1259,7.13E+07
1260,7.45E+07
1261,1.68E+07
1262,4.35E+07
1263,3.03E+07
1264,1.92E+07
1265,8.76E+07
1266,8.47E+07
1267,7.26E+07
1268,8.02E+07
1269,9.96E+06
1270,6.10E+06
1271,3.40E+07
1272,1.42E+07
1273,7.34E+07
1274,8.35E+07
1275,2.38E+06
1276,1.83E+07
1277,9.82E+07
1278,1.05E+08
1279,1.06E+08
1280,4.65E+07
1281,3.36E+06
1282,2.95E+07
1283,8.02E+07
1284,1.37E+06
1285,8.95E+07
1286,1.03E+07
1287,6.52E+07
1288,7.65E+07
1289,7.87E+07
1290,7.84E+07
1291,8.05E+07
1292,1.04E+07
1293,7.99E+07
1294,5.68E+07
1295,1.06E+08
1296,9.47E+07
1297,3.14E+06
1298,9.55E+07
1299,1.01E+08
1300,5.24E+06
1301,6.42E+07
1302,3.33E+07
1303,8.22E+07
1304,8.36E+07
1305,8.63E+07
1306,3.06E+06
1307,2.39E+06
1308,2.99E+06
1309,8.52E+07
1310,3.04E+07
1311,1.12E+08
1312,9.21E+07
1313,1.08E+08
1314,9.93E+07
1315,2.98E+06
1316,3.55E+07
1317,7.96E+07
1318,1.08E+07
1319,9.22E+07
1320,9.90E+07
1321,7.87E+07
1322,8.99E+07
1323,7.09E+06
1324,1.01E+08
1325,6.43E+07
1326,9.19E+06
1327,8.28E+07
1328,1.05E+07
1329,4.25E+07
1330,5.54E+06
1331,4.49E+07
1332,7.14E+07
1333,8.88E+07
1334,1.71E+07
1335,8.62E+07
1336,2.62E+07
1337,2.04E+07
1338,8.97E+07
1339,7.74E+07
1340,9.07E+07
1341,4.37E+06
1342,4.50E+07
1343,7.12E+07
1344,9.04E+06
1345,7.64E+06
1346,6.62E+06
1347,3844
1348,2.46E+07
1349,2.80E+07
1350,3.15E+07
1351,4.27E+07
1352,4.64E+07
1353,4.28E+07
1354,4.01E+07
1355,4.52E+07
1356,158.83
1357,73576
1358,71.681
1359,4.28E+07
1360,1.30E+05
1361,5.22E+07
1362,2.99E+07
1363,1.75E+07
1364,1.78E+07
1365,374.51
1366,4.37E+07
1367,4.11E+07
1368,5.1009
1369,25188
1370,1.65E+06
1371,14.274
1372,1.19E+06
1373,8137.8
1374,1713.6
1375,1.33E+07
1376,4.46E+07
1377,4.82E+07
1378,5.40E+07
1379,5.12E+07
1380,4.78E+07
1381,5.60E+07
1382,9.52E+06
1383,1.86E+07
1384,7.38E+07
1385,7.43E+07
1386,366.85
1387,3.94E+07
1388,7.27E+07
1389,1.33E+07
1390,23369
1391,2.64E+07
1392,6.16E+07
1393,4.89E+07
1394,4.93E+07
1395,6.34E+07
1396,5.70E+07
1397,2.39E+07
1398,5.36E+07
1399,7.19E+07
1400,3.48E+06
1401,39.662
1402,6.34E+07
1403,7.09E+07
1404,6.34E+07
1405,6.25E+07
1406,1140.2
1407,125.94
1408,1.51E+07
1409,5.94E+07
1410,6.02E+07
1411,7.00E+07
1412,5172.7
1413,1.22E+06
1414,5.90E+07
1415,3.06E+07
1416,4.22E+07
1417,1.93E+05
1418,5.07E+07
1419,2.79E+06
1420,6.75E+07
1421,1.831
1422,1.6569
1423,4.54E+07
1424,8.96E+06
1425,4.78E+07
1426,4.87E+07
1427,4.77E+07
1428,1.7915
1429,2.20E+05
1430,2.83E+06
1431,123.81
1432,7.62E+07
1433,5.62E+07
1434,5.70E+07
1435,5.30E+06
1436,614.4
1437,5232.9
1438,6.06E+07
1439,2.88E+07
1440,9.14E+06
1441,17698
1442,7.56E+07
1443,6.96E+07
1444,5.67E+07
1445,3.93E+05
1446,6.43E+07
1447,4.89E+07
1448,7.97E+07
1449,6.75E+07
1450,24558
1451,4.37E+07
1452,6.49E+07
1453,39436
1454,6.89E+07
1455,4.53E+06
1456,72414
1457,6.2774
1458,33.393
1459,2.38E+07
1460,4.93E+07
1461,1.67E+07
1462,6.41E+07
1463,4.82E+07
1464,5.13E+07
1465,6.82E+07
1466,9.61E+06
1467,6.28E+07
1468,2.72E+07
1469,5.60E+06
1470,8.07E+07
1471,73.562
1472,1553.7
1473,4.60E+05
1474,62061
1475,1.01E+07
1476,4.17E+07
1477,5.65E+07
1478,14.036
1479,1.52E+07
1480,6.56E+07
1481,8.52E+07
1482,957.71
1483,6.97E+07
1484,6.38E+07
1485,6.21E+07
1486,5870.5
1487,21296
1488,3.04E+07
1489,5.51E+07
1490,3.91E+07
1491,355.35
1492,1.54E+06
1493,2.70E+06
1494,2.10E+07
1495,6.40E+07
1496,6.32E+07
1497,4.55E+07
1498,4.89E+07
1499,5.74E+07
1500,246.98
1501,34101
1502,6.18E+07
1503,4.19E+07
1504,0.63974
1505,8.41E+06
1506,1.52E+07
1507,6.16E+07
1508,7.15E+07
1509,1951.6
1510,6.64E+07
1511,4.20E+07
1512,2.86E+07
1513,4.14E+07
1514,9.794
1515,192.75
1516,1.06E+05
1517,7619
1518,75.916
1519,5.00E+06
1520,20.391
1521,3.89E+07
1522,6.73E+07
1523,1.10E+05
1524,1.73E+05
1525,1.15E+06
1526,1.2584
1527,1.52E+07
1528,2.23E+07
1529,6.40E+07
1530,9.36E+06
1531,3.29E+07
1532,47.627
1533,5.79E+07
1534,4.40E+07
1535,6.80E+07
1536,6.71E+07
1537,6.49E+07
1538,8.03E+07
1539,2.52E+07
1540,3.42E+07
1541,3.23E+07
1542,1.6707
1543,5.78E+07
1544,5.65E+07
1545,6.49E+05
1546,7.39E+07
1547,4.10E+07
1548,40.799
1549,2.98E+07
1550,6.14E+05
1551,3.12E+07
1552,1404.3
1553,4.67E+07
1554,385.13
1555,3.46E+07
1556,3.23E+07
1557,6.46E+07
1558,21.189
1559,4.7819
1560,1.06E+07
1561,7.39E+07
1562,5.41E+07
1563,13449
1564,5.31E+05
1565,782.54
1566,4.43E+07
1567,2.253
1568,2.2861
1569,8.09E+07
1570,4.07E+07
1571,4.52E+07
1572,8.0239
1573,2.72E+06
1574,4.68E+07
1575,23.491
1576,7.79E+07
1577,7.19E+07
1578,5.94E+07
1579,4.5731
1580,4.88E+07
1581,4.19E+06
1582,116.7
1583,3.4532
1584,40676
1585,0.64535
1586,3.00E+07
1587,2.44E+07
1588,1.34E+07
1589,67512
1590,8.21E+07
1591,7.51E+07
1592,1.65E+06
1593,1.63E+07
1594,89.75
1595,4.37E+07
1596,276.94
1597,13237
1598,7.89E+07
1599,2.39E+07
1600,2.61E+05
1601,4.72E+07
1602,8.50E+07
1603,2.57E+07
1604,6.38E+07
1605,3127.4
1606,7.28E+07
1607,8.29E+07
1608,8.55E+07
1609,8.34E+07
1610,3.64E+07
1611,6.78E+07
1612,7.18E+07
1613,9012
1614,1.72E+07
1615,2.06E+07
1616,4.80E+07
1617,3.8216
1618,6.82E+07
1619,8.55E+06
1620,1.60E+07
1621,8.26E+07
1622,8.48E+07
1623,46.445
1624,1.01E+05
1625,5.92E+07
1626,5.82E+07
1627,6.32E+07
1628,8.13E+07
1629,7.74E+07
1630,7.76E+06
1631,5.93E+07
1632,2.75E+07
1633,6.2565
1634,6.85E+07
1635,8.49E+07
1636,8.76E+07
1637,2.26E+07
1638,7.88E+07
1639,7.76E+07
1640,8.07E+07
1641,7.73E+07
1642,4.51E+07
1643,7.64E+07
1644,1.25E+07
1645,8.05E+07
1646,1.38E+07
1647,5.35E+07
1648,6.14E+07
1649,7.71E+07
1650,8.00E+07
1651,7.90E+07
1652,7.94E+07
1653,1.28E+07
1654,6.08E+07
1655,8.17E+07
1656,3.51E+06
1657,7.19E+07
1658,8.41E+07
1659,4.23E+06
1660,7.29E+07
1661,8.23E+07
1662,8.51E+07
1663,2.56E+07
1664,2.23E+07
1665,8.31E+07
1666,6.57E+07
1667,7.35E+07
1668,8.24E+07
1669,6.61E+07
1670,8.05E+07
1671,7.09E+07
1672,8.72E+07
1673,8.36E+07
1674,2.97E+06
1675,8.23E+07
1676,7.65E+07
1677,9.46E+06
1678,9.00E+06
1679,7.95E+07
1680,8.78E+07
1681,9.53E+07
1682,6.83E+07
1683,8.32E+07
1684,7.59E+07
1685,7.43E+07
1686,7.38E+07
1687,7.98E+07
1688,8.39E+07
1689,6.95E+07
1690,1.10E+07
1691,1.62E+07
1692,7.34E+07
1693,5.47E+07
1694,1.94E+07
1695,2.23E+07
1696,8.02E+07
1697,7.90E+07
1698,9.37E+07
1699,1.12E+07
1700,6.10E+07
1701,3.12E+06
1702,7.14E+07
1703,8.27E+07
1704,3.59E+07
1705,2.80E+07
1706,7.25E+07
1707,2.77E+07
1708,8.20E+07
1709,5.92E+07
1710,7.88E+07
1711,3.09E+06
1712,7.97E+07
1713,9.69E+07
1714,8.70E+07
1715,7.80E+07
1716,7.56E+07
1717,3.72E+07
1718,7.47E+07
1719,7.44E+07
1720,7.15E+06
1721,8.72E+07
1722,8.67E+07
1723,7.87E+07
1724,7.96E+07
1725,1.01E+08
1726,6.09E+07
1727,2.80E+07
1728,7.59E+07
1729,9.26E+07
1730,7.09E+07
1731,7.46E+07
1732,6.77E+07
1733,9.80E+07
1734,7.69E+07
1735,3.17E+07
1736,7.45E+07
1737,6.66E+07
1738,7.40E+07
1739,5.81E+06
1740,9.15E+07
1741,3.09E+06
1742,7.72E+07
1743,7.02E+07
1744,3.28E+07
1745,1.80E+06
1746,7.61E+07
1747,8.37E+07
1748,7.14E+06
1749,8.85E+06
1750,6.53E+06
1751,2.65E+06
1752,6.70E+07
1753,8.02E+07
1754,5.96E+07
1755,7.79E+07
1756,8.31E+07
1757,7.16E+07
1758,2.79E+07
1759,7.47E+07
1760,1.89E+07
1761,5.51E+07
1762,6.60E+07
1763,8.76E+07
1764,7.89E+07
1765,8.25E+07
1766,9.04E+07
1767,7.87E+07
1768,7.90E+07
1769,1.82E+07
1770,8.28E+07
1771,7.29E+07
1772,8.09E+07
1773,6.49E+07
1774,7.58E+07
1775,8.28E+07
1776,8.63E+07
1777,7.84E+07
1778,1.62E+07
1779,7.46E+06
1780,8.00E+07
1781,8.90E+07
1782,8.32E+07
1783,8.04E+07
1784,5.85E+07
1785,1.12E+07
1786,6.25E+07
1787,7.36E+07
1788,8.10E+07
1789,7.80E+07
1790,2.16E+06
1791,8.21E+07
1792,6.98E+07
1793,8.37E+07
1794,6.73E+07
1795,6.45E+07
1796,3.17E+07
1797,2.00E+06
1798,7.89E+07
1799,8.45E+07
1800,8.90E+07
1801,5.64E+07
1802,3.85E+07
1803,8.55E+07
1804,2.84E+07
1805,6.85E+07
1806,7.85E+07
1807,7.47E+07
1808,3.21E+06
1809,5.05E+07
1810,1.74E+07
1811,8.28E+07
1812,8.50E+07
1813,8.03E+07
1814,6.35E+07
1815,9.65E+07
1816,8.73E+07
1817,8.18E+07
1818,7.93E+07
1819,8.12E+07
1820,9.14E+07
1821,7.95E+07
1822,5.68E+07
1823,1.32E+07
1824,7.74E+07
1825,8.23E+07
1826,8.58E+07
1827,7.31E+07
1828,6.96E+07
1829,1.23E+07
1830,7.74E+07
1831,7.05E+07
1832,4.09E+06
1833,6.55E+07
1834,7.93E+07
1835,9.59E+07
1836,9.06E+07
1837,9.00E+07
1838,3.27E+07
1839,3.04E+06
1840,7.16E+07
1841,8.33E+07
1842,6.20E+07
1843,1.98E+06
1844,7.80E+07
1845,7.30E+07
1846,8.07E+07
1847,8.45E+07
1848,3.17E+07
1849,7.98E+07
1850,6.95E+07
1851,7.64E+07
1852,7.22E+07
1853,8.77E+07
1854,8.33E+07
1855,8.51E+07
1856,7.72E+07
1857,8.09E+07
1858,8.86E+07
1859,8.69E+07
1860,9.93E+07
1861,6.06E+07
1862,7.64E+07
1863,3.16E+06
1864,7.03E+07
1865,4.15E+06
1866,6.90E+07
1867,8.95E+07
1868,7.63E+07
1869,9.34E+07
1870,8.81E+07
1871,1.04E+07
1872,1.11E+08
1873,9.31E+07
1874,7.77E+07
1875,6.36E+07
1876,5.40E+07
1877,8.91E+07
1878,7.43E+07
1879,8.38E+07
1880,8.05E+07
1881,1.07E+07
1882,1.42E+07
1883,2.82E+06
1884,9.65E+06
1885,3.84E+07
1886,1.03E+08
1887,1.01E+07
1888,9.21E+07
1889,9.19E+07
1890,8.54E+07
1891,6.13E+06
1892,1.01E+08
1893,7.73E+07
1894,7.81E+07
1895,8.01E+07
1896,9.13E+07
1897,1.14E+08
1898,1.07E+08
1899,9.27E+07
1900,6.52E+07
1901,8.13E+07
1902,8.19E+07
1903,4.05E+07
1904,7.20E+07
1905,6.89E+07
1906,8.89E+07
1907,1.02E+07
1908,7.48E+07
1909,8.90E+07
1910,5.40E+06
1911,7.73E+07
1912,4.33E+07
1913,7.52E+07
1914,8.23E+07
1915,3.03E+07
1916,8.34E+07
1917,1.73E+07
1918,7.56E+07
1919,9.68E+07
1920,9.30E+07
1921,8.78E+07
1922,8.66E+07
1923,7.52E+07
1924,8.59E+07
1925,6.87E+07
1926,9.06E+07
1927,1.36E+07
1928,3.09E+07
1929,5.26E+07
1930,3.57E+07
1931,3.65E+07
1932,3.46E+07
1933,4.10E+07
1934,5.55E+07
1935,2.46E+07
1936,2.78E+07
1937,3.13E+07
1938,5.31E+07
1939,4.28E+07
1940,3.81E+07
1941,3.48E+07
1942,4.09E+07
1943,5.57E+07
1944,3.52E+07
1945,2.45E+07
1946,2.96E+07
1947,2.41E+07
1948,5.34E+07
1949,4.56E+07
1950,5.62E+07
1951,9.39E+06
1952,2.44E+07
1953,4.15E+07
1954,1.99E+07
1955,2.91E+07
1956,5.33E+07
1957,4.39E+07
1958,5.63E+07
1959,1.10E+07
1960,2.45E+07
1961,4.14E+07
1962,2.05E+07
1963,2.91E+07
1964,1.91E+07
1965,2.76E+07
1966,4.65E+07
1967,3.70E+07
1968,3.19E+07
1969,3.64E+07
1970,2.23E+07
1971,3.17E+07
1972,4.78E+07
1973,1.22E+07
1974,1.24E+07
1975,3.43E+07
1976,3.38E+07
1977,3.80E+07
1978,7.72E+06
1979,2.18E+07
1980,2.07E+07
1981,5.61E+07
1982,4.96E+07
1983,2.73E+07
1984,3.74E+07
1985,4.29E+07
1986,3.99E+07
1987,2.27E+07
1988,2.62E+07
1989,3.79E+07
1990,2.42E+07
1991,3.09E+07
1992,4.06E+07
1993,1.17E+07
1994,4.01E+07
1995,4.27E+07
1996,3.77E+07
1997,1.93E+07
1998,4.27E+07
1999,1.22E+07
2000,1.53E+07
2001,2.16E+07
2002,3.25E+07
2003,1.52E+07
2004,9.22E+06
2005,4.36E+07
2006,1.88E+07
2007,1.04E+07
2008,4.48E+07
2009,2.30E+07
2010,1.36E+07
2011,3.99E+07
2012,4.17E+07
2013,2.92E+07
2014,2.30E+07
2015,3.37E+07
2016,2.42E+07
2017,1.12E+07
2018,1.64E+07
2019,2.88E+07
2020,3.74E+07
2021,1.59E+07
2022,2.13E+07
2023,1.06E+07
2024,2.21E+07
2025,7.91E+07
2026,6.07E+07
2027,3.14E+07
2028,2.45E+07
2029,1.82E+07
2030,1.60E+07
2031,1.97E+07
2032,4.28E+07
2033,2.07E+06
2034,3.71E+07
2035,1.45E+07
2036,2.26E+07
2037,2.11E+07
2038,4.87E+07
2039,5.00E+07
2040,6.75E+07
2041,9.33E+06
2042,5.35E+07
2043,4.61E+07
2044,6.91E+07
2045,4.66E+07
2046,4.86E+07
2047,1.80E+07
2048,3.89E+07
2049,2.83E+07
2050,1.76E+07
2051,5.90E+07
2052,2.92E+07
2053,2.80E+07
2054,7.16E+07
2055,5.15E+06
2056,3.08E+07
2057,1.72E+07
2058,2.68E+06
2059,1.18E+07
2060,3.47E+07
2061,4.81E+07
2062,6.04E+07
2063,2.21E+07
2064,2.07E+07
2065,7.92E+07
2066,1.70E+07
2067,2.70E+07
2068,5.67E+07
2069,3.76E+07
2070,5.39E+06
2071,7.32E+07
2072,6.19E+07
2073,3.79E+07
2074,6.90E+07
2075,2.09E+07
2076,7.49E+06
2077,1.79E+06
2078,7.14E+07
2079,4.03E+07
2080,2.13E+07
2081,4.53E+07
2082,2.80E+06
2083,5.38E+07
2084,1.42E+07
2085,5.30E+05
2086,7.13E+07
2087,7.92E+06
2088,9.30E+06
2089,2.81E+07
2090,4.71E+07
2091,3.84E+07
2092,6.31E+07
2093,1.16E+07
2094,5.03E+07
2095,6.76E+07
2096,9.28E+06
2097,5.71E+07
2098,4.69E+07
2099,2.37E+07
2100,3.62E+07
2101,3.81E+07
2102,6.52E+07
2103,3.06E+07
2104,3.20E+07
2105,3.93E+07
2106,1.60E+07
2107,2.34E+07
2108,2.26E+07
2109,3.92E+07
2110,7.12E+07
2111,4.14E+07
2112,60493
2113,9.3182
2114,57.288
2115,1.59E+06
2116,1.72E+07
2117,5.82E+05
2118,3.29E+07
2119,7.71E+07
2120,3.23E+07
2121,2.78E+07
2122,3.96E+07
2123,6.85E+07
2124,6.72E+07
2125,4.89E+07
2126,4.57E+07
2127,2.32E+07
2128,4.49E+07
2129,3.97E+07
2130,7.69E+07
2131,2.89E+07
2132,3.68E+07
2133,2.94E+07
2134,5.85E+07
2135,7.69E+07
2136,1.52E+07
2137,4.73E+07
2138,6.64E+07
2139,3.27E+07
2140,2.99E+07
2141,2.5264
2142,0.73488
2143,1.71E+06
2144,7.29E+07
2145,48.022
2146,4.85E+07
2147,4.23E+06
2148,7.14E+07
2149,2.39E+07
2150,4.76E+07
2151,5.56E+07
2152,3.22E+07
2153,5.48E+06
2154,2.54E+07
2155,5.49E+07
2156,3.33E+07
2157,1.97E+06
2158,5.11E+07
2159,4.64E+07
2160,7.76E+07
2161,6.98E+06
2162,6.77E+07
2163,2.75E+07
2164,5.27E+07
2165,4.75E+07
2166,8.79E+07
2167,8.21E+07
2168,8.46E+07
2169,2.57E+07
2170,5.68E+07
2171,3.22E+07
2172,2.38E+07
2173,2.56E+07
2174,2.91E+07
2175,5.76E+07
2176,3.48E+07
2177,1.81E+07
2178,1.32E+07
2179,8.33E+06
2180,2.31E+05
2181,1.57E+07
2182,6.85E+06
2183,1.33E+07
2184,3.1783
2185,1.91E+06
2186,3.50E+05
2187,1.03E+06
2188,10.253
2189,23.413
2190,3.94E+06
2191,2.68E+06
2192,1.95E+06
2193,4.45E+06
2194,7.10E+07
2195,2.41E+06
2196,3.97E+06
2197,1.65E+07
2198,9.43E+06
2199,6.44E+07
2200,7.62E+07
2201,4.36E+07
2202,8.54E+07
2203,4.64E+07
2204,3.64E+07
2205,2.66E+07
2206,9.82E+07
2207,1.31E+07
2208,6.62E+07
2209,3.00E+07
2210,3.06E+07
2211,4.04E+07
2212,2.27E+07
2213,3.22E+07
2214,1.94E+07
2215,1.03E+06
2216,4.16E+07
2217,2.93E+07
2218,7.92E+06
2219,1.04E+07
2220,47907
2221,69.03
2222,20.174
2223,63.381
2224,4.78E+07
2225,3.24E+07
2226,2.02E+07
2227,3.99E+07
2228,4.75E+07
2229,6.33E+07
2230,4.59E+07
2231,6.52E+07
2232,4.45E+07
2233,7.69E+07
2234,4.64E+07
2235,4.91E+07
2236,7.51E+07
2237,6.10E+07
2238,6.52E+07
2239,5.97E+07
2240,5.09E+07
2241,4.43E+07
2242,4.37E+07
2243,3.16E+07
2244,7.75E+07
2245,5.37E+07
2246,1.31E+07
2247,4.80E+07
2248,5.55E+07
2249,4.77E+07
2250,5.68E+07
2251,4.07E+07
2252,4.36E+07
2253,7.47E+07
2254,6.58E+07
2255,7.55E+07
2256,4.09E+07
2257,4.49E+07
2258,1.43E+07
2259,4.64E+07
2260,4.82E+07
2261,7.92E+07
2262,4.06E+07
2263,6.80E+07
2264,4.68E+07
2265,7.47E+07
2266,7.91E+07
2267,4.61E+07
2268,6.68E+07
2269,6.31E+07
2270,8.24E+06
2271,4.82E+07
2272,6.97E+07
2273,4.66E+07
2274,7.12E+07
2275,4.92E+07
2276,4.59E+07
2277,4.76E+07
2278,5.14E+07
2279,3.49E+07
2280,7.90E+07
2281,8.21E+07
2282,4.69E+07
2283,4.74E+07
2284,6.85E+07
2285,2.44E+07
2286,6.78E+07
2287,6.32E+07
2288,3.55E+07
2289,4.56E+07
2290,4.56E+07
2291,3.24E+07
2292,1.65E+07
2293,3.40E+07
2294,5.70E+07
2295,2.55E+07
2296,6.23E+07
2297,2.79E+07
2298,4.20E+07
2299,6.28E+07
2300,7.03E+07
2301,5.20E+07
2302,3.38E+07
2303,7.61E+07
2304,8.24E+07
2305,7.11E+07
2306,5.02E+07
2307,1.32E+07
2308,7.79E+07
2309,7.25E+07
2310,6.92E+07
2311,2.22E+07
2312,5.66E+07
2313,3.89E+07
2314,4.94E+07
2315,6.10E+07
2316,2.59E+07
2317,7.03E+07
2318,4.73E+07
2319,4.75E+07
2320,4.20E+07
2321,6.22E+07
2322,1.61E+07
2323,3.97E+07
2324,7.64E+07
2325,6.95E+07
2326,2.71E+07
2327,3.91E+07
2328,6.63E+07
2329,6.64E+07
2330,3.16E+07
2331,5.49E+07
2332,3.71E+07
2333,6.78E+07
2334,2.49E+07
2335,9.00E+06
2336,3.27E+07
2337,3.61E+07
2338,2.49E+07
2339,4.83E+07
2340,4.74E+07
2341,8.92E+07
2342,3.54E+07
2343,3.95E+07
2344,4.13E+07
2345,6.86E+07
2346,3.06E+07
2347,6.19E+07
2348,7.48E+07
2349,7.01E+07
2350,6.82E+07
2351,6.89E+07
2352,5.83E+07
2353,6.98E+07
2354,5.51E+07
2355,2.69E+07
2356,4.24E+07
2357,4.67E+07
2358,7.01E+07
2359,2.76E+07
2360,4.50E+07
2361,7.34E+07
2362,7.93E+07
2363,6.10E+07
2364,1.76E+07
2365,6.61E+07
2366,3.76E+07
2367,2.63E+07
2368,4.06E+07
2369,1.63E+07
2370,2.03E+07
2371,1.09E+07
2372,5.52E+07
2373,1.21E+07
2374,5.07E+07
2375,8.30E+07
2376,4.75E+07
2377,2.29E+07
2378,6.27E+07
2379,4.03E+07
2380,2.22E+07
2381,5.43E+07
2382,5.51E+07
2383,5.36E+07
2384,5.83E+07
2385,5.73E+07
2386,5.85E+07
2387,6.08E+07
2388,6.91E+07
2389,6.11E+07
2390,8.55E+07
2391,7.85E+07
2392,6.78E+07
2393,7.38E+07
2394,2.55E+07
2395,6.95E+07
2396,7.43E+07
2397,6.88E+07
2398,7.36E+07
2399,7.24E+07
2400,5.90E+05
2401,7.52E+07
2402,8.67E+07
2403,8.03E+07
2404,7.54E+07
2405,7.97E+07
2406,7.33E+07
2407,7.73E+07
2408,7.86E+07
2409,6.01E+07
2410,7.19E+07
2411,6.11E+07
2412,6.33E+07
2413,6.23E+07
2414,5.46E+07
2415,6.37E+07
2416,7.11E+07
2417,7.38E+07
2418,7.09E+07
2419,7.52E+07
2420,8.38E+07
2421,7.78E+07
2422,6.71E+07
2423,7.74E+07
2424,7.31E+07
2425,7.46E+07
2426,7.86E+07
2427,3.69E+07
2428,5.11E+07
2429,1.6699
2430,7.80E+07
2431,3.95E+07
2432,1.72E+07
2433,3.19E+07
2434,3.35E+07
2435,2.67E+07
2436,4.50E+07
2437,2.87E+07
2438,3.59E+07
2439,7.25E+07
2440,7.42E+07
2441,7.14E+07
2442,7.48E+07
2443,7.21E+07
2444,7.93E+07
2445,2.55E+07
2446,3.29E+07
2447,2.76E+07
2448,3.46E+07
2449,6.64E+07
2450,6.55E+07
2451,7.04E+07
2452,6.10E+07
2453,7.39E+07
2454,7.07E+07
2455,5.87E+07
2456,6.87E+07
2457,6.60E+07
2458,7.03E+07
2459,6.69E+07
2460,6.85E+07
2461,7.05E+07
2462,7.53E+07
2463,7.84E+07
2464,7.63E+07
2465,7.11E+07
2466,7.12E+07
2467,6.85E+07
2468,7.74E+07
2469,5.29E+07
2470,5.51E+07
2471,6.40E+07
2472,5.02E+07
2473,5.38E+07
2474,5.93E+07
2475,6.34E+07
2476,7.11E+07
2477,7.55E+07
2478,6.59E+07
2479,7.45E+07
2480,7.90E+07
2481,8.13E+07
2482,7.25E+07
2483,7.54E+07
2484,7.63E+07
2485,7.46E+07
2486,7.54E+07
2487,7.67E+07
2488,8.07E+07
2489,6.56E+07
2490,7.91E+07
2491,7.49E+07
2492,7.85E+07
2493,7.54E+07
2494,7.54E+07
2495,7.27E+07
2496,6.85E+07
2497,3.10E+07
2498,4.40E+07
2499,4.14E+07
2500,3.58E+07
2501,2.63E+07
2502,4.47E+07
2503,3.51E+07
2504,7.33E+07
2505,7.24E+07
2506,7.86E+07
2507,7.84E+07
2508,8.45E+07
2509,8.59E+07
2510,7.63E+07
2511,4.37E+07
2512,3.24E+07
2513,4.77E+07
2514,5.67E+07
2515,5.26E+07
2516,6.77E+07
2517,7.18E+07
2518,7.43E+07
2519,6.09E+07
2520,6.01E+07
2521,6.82E+07
2522,5.96E+07
2523,6.30E+07
2524,6.69E+07
2525,7.35E+07
2526,7.04E+07
2527,7.76E+07
2528,7.61E+07
2529,8.21E+07
2530,7.22E+07
2531,8.18E+07
2532,7.64E+07
2533,7.89E+07
2534,5.02E+07
2535,5.52E+07
2536,5.44E+07
2537,2.72E+07
2538,3.62E+07
2539,7.51E+07
2540,7.72E+07
2541,8.42E+07
2542,6.85E+07
2543,4.95E+07
2544,5.88E+07
2545,5.98E+07
2546,5.07E+07
2547,6.98E+07
2548,6.58E+07
2549,7.19E+07
2550,7.97E+07
2551,7.69E+07
2552,4.60E+07
2553,4.57E+07
2554,5.57E+07
2555,4.85E+07
2556,5.24E+07
2557,6.86E+07
2558,5.51E+07
2559,5.78E+07
2560,5.67E+07
2561,6.30E+07
2562,7.20E+07
2563,7.36E+07
2564,7.46E+07
2565,7.86E+07
2566,7.72E+07
2567,7.57E+07
2568,7.45E+07
2569,6.93E+07
2570,6.84E+07
2571,6.94E+07
2572,3.92E+07
2573,4.86E+07
2574,4.10E+07
2575,5.78E+07
2576,2.18E+07
2577,6.14E+07
2578,4.13E+07
2579,6.72E+07
2580,7.36E+07
2581,7.48E+07
2582,8.08E+07
2583,7.43E+07
2584,6.18E+07
2585,4.18E+07
2586,2.81E+07
2587,7.52E+07
2588,8.07E+07
2589,7.49E+07
2590,6.87E+07
2591,7.46E+07
2592,8.04E+07
2593,3.77E+07
2594,3.41E+07
2595,6.51E+07
2596,7.22E+07
2597,5.06E+07
2598,4.57E+07
2599,5.63E+07
2600,4.21E+07
2601,7.67E+07
2602,8.48E+07
2603,7.26E+07
2604,4.58E+07
2605,4.29E+07
2606,2.87E+07
2607,3.75E+07
2608,8.17E+07
2609,2.79E+07
2610,3.70E+07
2611,4.46E+07
2612,5.37E+07
2613,5.08E+07
2614,2.75E+07
2615,2.18E+07
2616,4.46E+07
2617,6.55E+07
2618,3.79E+07
2619,4.38E+07
2620,4.95E+07
2621,7.76E+07
2622,3.31E+07
2623,7.21E+07
2624,7.04E+07
2625,4.83E+07
2626,3.65E+07
2627,3.73E+07
2628,3.09E+07
2629,4.95E+07
2630,3.25E+07
2631,8.68E+07
2632,2.21E+07
2633,1.82E+07
2634,2.76E+07
2635,7.29E+07
2636,7.42E+07
2637,3.07E+07
2638,3.38E+07
2639,7.46E+07
2640,6.08E+07
2641,1.55E+07
2642,6.37E+07
2643,6.25E+07
2644,5.02E+07
2645,5.21E+07
2646,6.85E+07
2647,4.42E+07
2648,6.94E+07
2649,7.17E+07
2650,7.26E+07
2651,6.92E+07
2652,6.55E+07
2653,4.49E+07
2654,7.48E+07
2655,6.64E+07
2656,2.70E+07
2657,4.00E+07
2658,4.94E+07
2659,4.99E+07
2660,2.16E+07
2661,7.68E+07
2662,4.04E+07
2663,7.18E+07
2664,3.10E+07
2665,6.27E+07
2666,1.10E+08
2667,8.18E+07
2668,7.57E+07
2669,7.97E+07
2670,7.63E+07
2671,6.53E+07
2672,4.21E+07
2673,2.51E+07
2674,5.42E+07
2675,8.39E+07
2676,7.28E+07
2677,8.50E+07
2678,5.25E+07
2679,6.49E+07
2680,5.56E+07
2681,7.30E+07
2682,7.34E+07
2683,4.95E+07
2684,5.47E+07
2685,3.37E+07
2686,5.27E+07
2687,5.49E+07
2688,8.28E+07
2689,8.26E+07
2690,6.04E+07
2691,7.16E+07
2692,7.17E+07
2693,7.90E+07
2694,5.23E+07
2695,4.02E+07
2696,7.59E+07
2697,7.01E+07
2698,7.27E+07
2699,8.42E+07
2700,8.62E+07
2701,2.50E+07
2702,4.40E+07
2703,4.76E+07
2704,2.96E+07
2705,8.64E+07
2706,8.03E+07
2707,7.37E+07
2708,6.55E+07
2709,7.39E+07
2710,8.52E+07
2711,7.95E+07
2712,7.29E+07
2713,8.57E+07
2714,7.89E+07
2715,7.49E+07
2716,5.73E+07
2717,5.66E+07
2718,6.47E+07
2719,6.56E+07
2720,6.52E+07
2721,6.42E+07
2722,7.58E+07
2723,7.40E+07
2724,7.37E+07
2725,7.77E+07
2726,7.48E+07
2727,7.78E+07
2728,7.31E+07
2729,6.46E+07
2730,6.62E+07
2731,7.65E+07
2732,6.27E+07
2733,6.76E+07
2734,4.72E+07
2735,6.46E+07
2736,7.37E+07
2737,7.43E+07
2738,7.44E+07
2739,2.99E+07
2740,4.02E+07
2741,4.24E+07
2742,6.64E+07
2743,7.98E+07
2744,7.76E+07
2745,8.15E+07
2746,7.72E+07
2747,7.81E+07
2748,7.81E+07
2749,6.05E+07
2750,7.49E+07
2751,7.25E+07
2752,8.12E+07
2753,7.23E+07
2754,7.25E+07
2755,3.77E+07
2756,3.87E+07
2757,3.39E+07
2758,7.83E+07
2759,6.82E+07
2760,5.56E+07
2761,6.53E+07
2762,5.72E+07
2763,7.09E+07
2764,2.59E+07
2765,9.11E+07
2766,7.59E+07
2767,6.99E+07
2768,5.15E+07
2769,5.11E+07
2770,3.27E+07
2771,5.43E+07
2772,7.70E+07
2773,7.14E+07
2774,7.87E+07
2775,9.7558
2776,4.09E+07
2777,1.73E+07
2778,40.323
2779,8.31E+06
2780,0.91139
2781,38.69
2782,1.94E+06
2783,2.38E+06
2784,2.68E+06
2785,4.08E+05
2786,100.86
2787,1.49E+07
2788,100.45
2789,4.16E+07
2790,3.04E+07
2791,4.42E+07
2792,1.27E+07
2793,7.70E+06
2794,3.28E+07
2795,3.80E+07
2796,1.59E+07
2797,1.02E+07
2798,9.04E+06
2799,1.60E+07
2800,2.79E+07
2801,2.99E+07
2802,1.37E+07
2803,1.74E+07
2804,2.25E+07
2805,9.81E+06
2806,7.39E+07
2807,3.26E+07
2808,3.73E+07
2809,8.70E+06
2810,3.92E+07
2811,3.74E+07
2812,4.74E+07
2813,3.67E+07
2814,1.60E+07
2815,3.12E+07
2816,1.92E+07
2817,3.96E+07
2818,1.97E+07
2819,1.43E+05
2820,3.8374
2821,1.93E+05
2822,6.89E+06
2823,2.86E+07
2824,4.91E+07
2825,4.13E+07
2826,5.17E+07
2827,4.33E+07
2828,3.69E+07
2829,3.18E+07
2830,2.73E+07
2831,2.17E+06
2832,4.00E+07
2833,3.58E+07
2834,9.83E+06
2835,5.62E+06
2836,7.51E+06
2837,2.04E+07
2838,2.93E+07
2839,4.39E+07
2840,2.95E+07
2841,1.78E+07
2842,2.75E+07
2843,2.77E+07
2844,1.22E+07
2845,0.94259
2846,6.70E+05
2847,5.74E+06
2848,4.85E+06
2849,1.10E+07
2850,3.32E+07
2851,9.92E+06
2852,4.83E+07
2853,1.82E+07
2854,2.85E+07
2855,2.76E+07
2856,4.27E+07
2857,4.63E+07
2858,4.31E+07
2859,3.95E+07
2860,2.46E+07
2861,2.11E+07
2862,4.34E+07
2863,1.88E+07
2864,9.02E+06
2865,3.38E+07
2866,3.60E+07
2867,4.80E+07
2868,4.68E+07
2869,3.27E+07
2870,3.31E+07
2871,3.35E+07
2872,2.22E+07
2873,2.88E+07
2874,4.51E+07
2875,2.58E+07
2876,5.69E+07
2877,3.11E+07
2878,3.01E+07
2879,3.42E+07
2880,4.11E+07
2881,2.79E+07
2882,2.06E+07
2883,4.29E+07
2884,3.20E+07
2885,4.23E+07
2886,2.61E+07
2887,4.64E+07
2888,2.47E+07
2889,2.63E+07
2890,3.05E+07
2891,1.90E+07
2892,4.06E+07
2893,5.04E+07
2894,4.93E+07
2895,2.73E+07
2896,2.80E+07
2897,2.37E+07
2898,2.31E+07
2899,2.21E+07
2900,3.10E+07
2901,3.44E+07
2902,4.07E+07
2903,3.25E+07
2904,3.87E+07
2905,4.30E+07
2906,5.82E+07
2907,1.90E+07
2908,3.79E+06
2909,3.23E+07
2910,2.80E+07
2911,2.92E+07
2912,4.14E+07
2913,3.54E+07
2914,7.59E+06
2915,3.49E+07
2916,1.10E+07
2917,5.88E+07
2918,1.76E+07
2919,2.64E+07
2920,3.35E+07
2921,2.47E+07
2922,2.58E+07
2923,9.08E+06
2924,4.26E+07
2925,4.32E+07
2926,4.87E+07
2927,3.79E+07
2928,4.18E+07
2929,1.47E+07
2930,2.03E+07
2931,5.08E+07
2932,8.08E+07
2933,8.78E+07
2934,6.56E+07
2935,6.01E+07
2936,6.69E+07
2937,4.62E+07
2938,2.43E+07
2939,3.25E+07
2940,7.56E+07
2941,5.52E+07
2942,7.15E+07
2943,5.40E+07
2944,4.26E+07
2945,4.52E+07
2946,2.96E+07
2947,4.36E+07
2948,3.36E+07
2949,3.47E+07
2950,3.72E+07
2951,2.38E+07
2952,3.31E+07
2953,1.76E+07
2954,2.81E+07
2955,2.63E+07
2956,1.36E+07
2957,7.27E+07
2958,2.63E+07
2959,1.98E+07
2960,1.55E+07
2961,5.09E+07
2962,4.53E+07
2963,6.13E+07
2964,5.33E+07
2965,2.88E+07
2966,3.06E+07
2967,7.37E+07
2968,5.90E+07
2969,7.40E+07
2970,3.81E+07
2971,4.09E+07
2972,5.88E+07
2973,3.76E+07
2974,5.71E+07
2975,5.05E+07
2976,6.55E+07
2977,6.23E+07
2978,3.01E+07
2979,2.92E+07
2980,1.93E+07
2981,2.98E+07
2982,2.99E+07
2983,1.93E+07
2984,3.39E+07
2985,3.09E+07
2986,4.03E+07
2987,5.22E+07
2988,2.50E+07
2989,3.67E+07
2990,4.64E+07
2991,3.88E+07
2992,3.84E+07
2993,5.50E+07
2994,3.66E+07
2995,3.89E+07
2996,3.24E+07
2997,2.50E+07
2998,3.48E+07
2999,5.01E+07
3000,6.89E+07
3001,2.38E+07
3002,2.19E+07
3003,5.30E+07
3004,7.64E+07
3005,4.52E+07
3006,4.19E+07
3007,2.09E+07
3008,2.41E+07
3009,4.87E+07
3010,6.56E+07
3011,6.56E+07
3012,7.05E+07
3013,3.44E+07
3014,3.23E+07
3015,5.51E+07
3016,3.21E+07
3017,6.79E+07
3018,1.32E+07
3019,3.12E+07
3020,3.46E+07
3021,1.04E+07
3022,3.35E+07
3023,3.59E+07
3024,5.17E+07
3025,3.94E+07
3026,4.50E+07
3027,5.85E+07
3028,4.96E+07
3029,6.64E+07
3030,7.62E+07
3031,5.04E+07
3032,3.67E+07
3033,4.20E+07
3034,2.05E+07
3035,3.91E+07
3036,7.43E+07
3037,2.43E+07
3038,4.46E+07
3039,3.59E+07
3040,1.94E+07
3041,3.27E+07
3042,5.08E+07
3043,2.45E+07
3044,3.06E+07
3045,6.40E+07
3046,3.98E+07
3047,5.03E+07
3048,6.58E+07
3049,6.83E+07
3050,5.15E+07
3051,2.33E+07
3052,5.27E+07
3053,3.47E+07
3054,3.49E+07
3055,4.05E+07
3056,3.48E+07
3057,3.08E+07
3058,3.25E+07
3059,1.84E+07
3060,2.98E+07
3061,3.52E+07
3062,4.48E+07
3063,3.28E+07
3064,5.81E+07
3065,1.68E+07
3066,6.99E+07
3067,4.68E+07
3068,3.74E+07
3069,7.48E+07
3070,6.00E+07
3071,6.27E+07
3072,3.05E+07
3073,6.49E+07
3074,4.52E+07
3075,3.15E+07
3076,5.17E+07
3077,5.73E+07
3078,7.53E+07
3079,5.05E+07
3080,5.55E+07
3081,4.07E+07
3082,5.72E+07
3083,1.29E+07
3084,2.07E+07
3085,2.42E+07
3086,4.94E+07
3087,4.19E+07
3088,4.03E+07
3089,8.01E+07
3090,4.50E+07
3091,5.18E+07
3092,3.74E+07
3093,5.34E+07
3094,4.55E+07
3095,2.92E+07
3096,5.73E+07
3097,4.81E+07
3098,6.60E+07
3099,2.53E+07
3100,5.88E+07
3101,3.73E+07
3102,5.69E+07
3103,7.61E+07
3104,4.32E+07
3105,2.41E+07
3106,4.25E+07
3107,4.39E+07
3108,3.25E+06
3109,7.11E+07
3110,8.22E+07
3111,3.88E+07
3112,5.00E+07
3113,3.81E+07
3114,5.07E+07
3115,5.35E+07
3116,3.42E+07
3117,2.46E+07
3118,2.28E+07
3119,4.08E+07
3120,3.52E+07
3121,5.10E+07
3122,5.01E+07
3123,6.36E+07
3124,2.10E+07
3125,7.12E+07
3126,2.74E+07
3127,5.97E+07
3128,2.03E+07
3129,3.28E+07
3130,2.16E+07
3131,4.38E+07
3132,1.68E+07
3133,3.65E+07
3134,4.08E+07
3135,3.63E+07
3136,2.88E+07
3137,2.87E+07
3138,2.06E+07
3139,1.83E+07
3140,1.81E+07
3141,2.58E+07
3142,1.97E+07
3143,1.65E+07
3144,1.71E+07
3145,1.97E+07
3146,2.05E+07
3147,1.98E+07
3148,1.32E+07
3149,2.36E+07
3150,2.69E+07
3151,1.99E+07
3152,3.81E+07
3153,2.86E+07
3154,1.99E+07
3155,2.27E+07
3156,2.62E+07
3157,2.38E+07
3158,1.75E+07
3159,1.03E+07
3160,5.10E+07
3161,3.71E+07
3162,3.50E+07
3163,1.68E+07
3164,3.98E+07
3165,4.85E+07
3166,3.57E+07
3167,2.64E+07
3168,2.77E+07
3169,3.12E+07
3170,3.60E+07
3171,4.13E+07
3172,2.31E+07
3173,4.43E+07
3174,1.96E+07
3175,1.64E+07
3176,1.89E+07
3177,1.53E+07
3178,2.58E+07
3179,2.43E+07
3180,2.52E+07
3181,3.77E+07
3182,3.62E+07
3183,2.74E+07
3184,2.35E+07
3185,2.10E+07
3186,2.81E+07
3187,2.28E+07
3188,3.06E+07
3189,2.63E+07
3190,3.86E+07
3191,3.59E+07
3192,4.14E+07
3193,3.91E+07
3194,3.25E+07
3195,1.80E+07
3196,3.87E+07
3197,3.44E+07
3198,3.60E+07
3199,3.25E+07
3200,2.39E+07
3201,2.99E+07
3202,4.05E+07
3203,6.48E+07
3204,4.64E+07
3205,2.55E+07
3206,2.66E+07
3207,3.27E+07
3208,3.16E+07
3209,4.79E+07
3210,3.02E+07
3211,2.33E+07
3212,3.09E+07
3213,2.30E+07
3214,2.72E+07
3215,3.19E+07
3216,3.14E+07
3217,3.26E+07
3218,4.49E+07
3219,3.22E+07
3220,5.58E+07
3221,2.39E+07
3222,2.35E+07
3223,5.67E+07
3224,2.26E+07
3225,2.09E+07
3226,4.07E+07
3227,2.33E+07
3228,2.33E+07
3229,4.40E+07
3230,5.17E+07
3231,1.90E+07
3232,1.59E+07
3233,1.59E+07
3234,2.11E+07
3235,2.57E+07
3236,2.49E+07
3237,3.58E+07
3238,3.67E+07
3239,2.87E+07
3240,3.96E+07
3241,4.08E+07
3242,2.97E+07
3243,8.14E+06
3244,2.27E+07
3245,3.84E+07
3246,4.30E+07
3247,1.91E+07
3248,2.93E+07
3249,4.81E+07
3250,2.32E+07
3251,2.78E+07
3252,5.84E+07
3253,2.91E+07
3254,2.33E+07
3255,4.30E+07
3256,4.43E+07
3257,4.48E+07
3258,6.10E+07
3259,4.95E+07
3260,3.51E+07
3261,2.61E+07
3262,4.54E+07
3263,2.78E+07
3264,1.44E+07
3265,3.92E+07
3266,4.17E+07
3267,4.55E+07
3268,2.79E+07
3269,3.38E+07
3270,3.54E+07
3271,3.37E+07
3272,2.41E+07
3273,4.45E+07
3274,2.48E+07
3275,2.19E+07
3276,1.46E+07
3277,3.63E+07
3278,4.25E+07
3279,6.62E+07
3280,2.04E+07
3281,2.28E+07
3282,3.71E+07
3283,2.25E+07
3284,2.30E+07
3285,1.92E+07
3286,5.28E+07
3287,1.60E+07
3288,2.00E+07
3289,3.19E+07
3290,2.53E+07
3291,3.20E+07
3292,4.64E+07
3293,4.58E+07
3294,4.76E+07
3295,4.14E+07
3296,3.06E+07
3297,2.07E+07
3298,3.72E+07
3299,1.79E+07
3300,2.79E+07
3301,1.60E+07
3302,8.10E+06
3303,2.93E+07
3304,2.92E+07
3305,4.03E+07
3306,4.08E+07
3307,4.57E+07
3308,2.32E+07
3309,2.61E+07
3310,2.09E+07
3311,5.19E+07
3312,2.18E+07
3313,5.51E+07
3314,2.39E+07
3315,2.19E+07
3316,3.54E+07
3317,1.49E+07
3318,2.13E+07
3319,2.32E+07
3320,3.35E+07
3321,2.91E+07
3322,3.91E+07
3323,5.93E+07
3324,3.09E+07
3325,2.17E+07
3326,3.84E+07
3327,3.38E+07
3328,2.07E+07
3329,4.44E+07
3330,3.80E+07
3331,4.47E+07
3332,2.95E+07
3333,4.29E+07
3334,3.76E+07
3335,3.25E+07
3336,2.41E+07
3337,3.49E+07
3338,5.22E+07
3339,5.17E+07
3340,1.37E+07
3341,2.45E+07
3342,3.84E+07
3343,3.14E+07
3344,1.70E+07
3345,1.51E+07
3346,1.48E+07
3347,3.38E+07
3348,3.92E+07
3349,2.53E+07
3350,3.64E+07
3351,3.15E+07
3352,4.12E+07
3353,4.14E+07
3354,4.31E+07
3355,4.90E+07
3356,5.26E+07
3357,4.72E+07
3358,6.61E+07
3359,3.02E+07
3360,3.26E+07
3361,3.27E+07
3362,3.60E+07
3363,2.66E+07
3364,3.56E+07
3365,3.45E+07
3366,3.39E+07
3367,5.32E+07
3368,3.04E+07
3369,1.85E+07
3370,1.72E+07
3371,1.95E+07
3372,2.09E+07
3373,3.31E+07
3374,3.21E+07
3375,2.62E+07
3376,5.83E+07
3377,4.61E+07
3378,2.76E+07
3379,7.81E+07
3380,5.44E+07
3381,1.02E+07
3382,4.32E+07
3383,3.31E+07
3384,3.09E+07
3385,2.80E+07
3386,2.51E+07
3387,4.82E+07
3388,7.67E+07
3389,3.64E+07
3390,1.75E+07
3391,4.52E+07
3392,4.72E+07
3393,3.35E+07
3394,3.64E+07
3395,5.01E+07
3396,4.10E+07
3397,6.17E+07
3398,2.90E+07
3399,4.59E+07
3400,3.48E+07
3401,1.73E+07
3402,2.43E+07
3403,3.93E+07
3404,3.75E+07
3405,2.84E+07
3406,5.46E+07
3407,1.53E+07
3408,2.95E+07
3409,3.19E+07
3410,3.45E+07
3411,2.02E+07
3412,3.88E+07
3413,2.66E+07
3414,7.97E+05
3415,2.21E+07
3416,3.47E+07
3417,3.67E+07
3418,1.09E+07
3419,5.52E+06
3420,7.53E+07
3421,7.83E+06
3422,1.36E+07
3423,2.81E+07
3424,9.86E+06
3425,1.28E+07
3426,1.77E+07
3427,3.40E+07
3428,3.13E+07
3429,2.63E+07
3430,1.76E+07
3431,4.12E+07
3432,4.12E+07
3433,1.91E+07
3434,1.88E+07
3435,1.95E+07
3436,2.07E+07
3437,2.42E+07
3438,2.18E+07
3439,2.01E+07
3440,4.33E+07
3441,1.28E+07
3442,2.22E+07
3443,2.94E+07
3444,2.71E+07
3445,2.26E+07
3446,2.82E+07
3447,1.77E+07
3448,3.18E+07
3449,1.62E+07
3450,2.91E+07
3451,1.48E+07
3452,1.54E+07
3453,2.85E+07
3454,1.26E+07
3455,5.09E+07
3456,1.99E+07
3457,1.03E+07
3458,3.98E+07
3459,3.30E+07
3460,3.30E+07
3461,2.34E+07
3462,1.04E+07
3463,2.87E+07
3464,4.69E+07
3465,3.23E+07
3466,2.58E+07
3467,1.92E+07
3468,1.43E+07
3469,1.41E+07
3470,1.57E+07
3471,4.13E+07
3472,3.76E+07
3473,2.04E+07
3474,2.48E+07
3475,2.22E+07
3476,1.86E+07
3477,2.29E+07
3478,3.43E+07
3479,2.40E+07
3480,1.25E+07
3481,6.00E+07
3482,2.90E+07
3483,1.52E+07
3484,2.76E+07
3485,2.29E+07
3486,4.11E+07
3487,1.50E+07
3488,2.52E+07
3489,2.61E+07
3490,2.26E+07
3491,1.93E+07
3492,1.38E+07
3493,1.79E+07
3494,1.62E+07
3495,1.57E+07
3496,3.23E+07
3497,2.54E+07
3498,4.16E+07
3499,2.54E+07
3500,4.54E+07
3501,4.59E+07
3502,1.41E+07
3503,2.05E+07
3504,1.94E+07
3505,4.48E+07
3506,6.21E+07
3507,3.79E+07
3508,4.82E+07
3509,2.28E+07
3510,4.02E+07
3511,2.97E+07
3512,1.64E+07
3513,5.81E+07
3514,2.11E+07
3515,1.94E+07
3516,3.16E+07
3517,1.51E+07
3518,1.87E+07
3519,2.24E+07
3520,1.25E+07
3521,1.48E+07
3522,1.85E+07
3523,2.55E+07
3524,3.48E+07
3525,4.89E+07
3526,1.77E+07
3527,2.08E+07
3528,2.50E+07
3529,2.04E+07
3530,1.18E+07
3531,1.72E+07
3532,2.13E+07
3533,3.95E+07
3534,2.11E+07
3535,1.92E+07
3536,1.51E+07
3537,1.99E+07
3538,1.88E+07
3539,3.39E+07
3540,1.66E+07
3541,3.55E+07
3542,2.08E+07
3543,7.01E+07
3544,2.25E+07
3545,1.96E+07
3546,1.95E+07
3547,1.73E+07
3548,3.69E+07
3549,4.24E+07
3550,4.19E+07
3551,1.40E+07
3552,4.35E+07
3553,2.02E+07
3554,2.05E+07
3555,1.81E+07
3556,2.77E+07
3557,1.03E+07
3558,2.02E+07
3559,5.87E+07
3560,3.80E+07
3561,3.12E+07
3562,2.83E+07
3563,2.35E+07
3564,1.06E+07
3565,2.04E+07
3566,4.64E+07
3567,4.09E+07
3568,1.88E+07
3569,2.36E+07
3570,5.57E+07
3571,1.57E+07
3572,2.06E+07
3573,1.92E+07
3574,2.35E+07
3575,1.50E+07
3576,1.47E+07
3577,2.86E+07
3578,4.54E+07
3579,3.51E+07
3580,2.11E+07
3581,2.15E+07
3582,3.20E+07
3583,3.08E+07
3584,2.65E+07
3585,5.30E+07
3586,4.09E+07
3587,2.68E+07
3588,4.06E+07
3589,2.07E+07
3590,4.58E+07
3591,2.89E+07
3592,4.63E+07
3593,4.34E+07
3594,2.72E+07
3595,1.45E+07
3596,1.46E+07
3597,1.18E+07
3598,2.59E+07
3599,2.54E+07
3600,1.12E+07
3601,2.62E+07
3602,2.13E+07
3603,2.05E+07
3604,4.45E+07
3605,4.31E+07
3606,1.66E+07
3607,1.27E+07
3608,4.70E+07
3609,4.85E+07
3610,5.08E+07
3611,2.78E+07
3612,3.14E+07
3613,1.55E+07
3614,2.68E+07
3615,3.27E+07
3616,3.02E+07
3617,1.59E+07
3618,3.58E+07
3619,1.45E+07
3620,4.16E+07
3621,3.26E+07
3622,2.42E+07
3623,1.97E+07
3624,2.08E+07
3625,2.00E+07
3626,2.16E+07
3627,3.89E+07
3628,1.98E+07
3629,2.32E+07
3630,2.92E+07
3631,4.93E+07
3632,2.48E+07
3633,1.39E+07
3634,2.18E+07
3635,1.84E+07
3636,1.97E+07
3637,2.26E+07
3638,3.20E+07
3639,1.80E+07
3640,1.78E+07
3641,1.70E+07
3642,2.26E+07
3643,1.32E+07
3644,3.61E+07
3645,3.23E+07
3646,2.89E+07
3647,1.76E+07
3648,8.25E+07
3649,1.28E+07
3650,1.74E+07
3651,1.12E+07
3652,2.46E+07
3653,2.57E+07
3654,1.66E+07
3655,1.78E+07
3656,1.86E+07
3657,1.83E+07
3658,2.52E+07
3659,1.15E+07
3660,2.35E+07
3661,1.90E+07
3662,1.31E+07
3663,2.01E+07
3664,7.08E+07
3665,2.05E+07
3666,1.39E+07
3667,2.10E+07
3668,1.88E+07
3669,2.25E+07
3670,2.15E+07
3671,1.74E+07
3672,1.81E+07
3673,2.69E+07
3674,1.52E+07
3675,2.48E+07
3676,2.54E+07
3677,2.43E+07
3678,4.22E+07
3679,2.18E+07
3680,2.72E+07
3681,1.17E+07
3682,4.92E+07
3683,2.54E+07
3684,2.42E+07
3685,1.80E+07
3686,2.24E+07
3687,1.90E+07
3688,1.49E+07
3689,2.26E+07
3690,2.03E+07
3691,2.69E+07
3692,1.95E+07
3693,1.66E+07
3694,1.19E+07
3695,1.94E+07
3696,1.48E+07
3697,3.38E+07
3698,1.46E+07
3699,2.08E+07
3700,2.68E+07
3701,2.32E+07
3702,3.80E+07
3703,4.15E+07
3704,2.77E+07
3705,5.05E+07
3706,1.71E+07
3707,2.04E+07
3708,2.03E+07
3709,2.22E+07
3710,5.38E+07
3711,2.02E+07
3712,5.04E+07
3713,2.11E+07
3714,2.02E+07
3715,5.52E+07
3716,1.76E+07
3717,3.72E+07
3718,3.11E+07
3719,8.08E+07
3720,2.25E+07
3721,2.69E+07
3722,1.90E+07
3723,2.08E+07
3724,1.21E+07
3725,3.57E+07
3726,1.87E+07
3727,2.93E+07
3728,1.43E+07
3729,1.87E+07
3730,1.84E+07
3731,2.45E+07
3732,1.24E+07
3733,6.25E+07
3734,1.70E+07
3735,2.03E+07
3736,8.45E+06
3737,4.34E+07
3738,1.96E+07
3739,2.59E+07
3740,2.59E+07
3741,2.31E+07
3742,2.08E+07
3743,2.64E+07
3744,2.48E+07
3745,3.52E+07
3746,4.12E+07
3747,1.75E+07
3748,1.63E+07
3749,4.87E+07
3750,3.54E+07
3751,3.60E+07
3752,2.63E+07
3753,3.82E+07
3754,3.46E+07
3755,5.64E+07
3756,1.79E+07
3757,2.01E+07
3758,2.45E+07
3759,2.15E+07
3760,1.80E+07
3761,1.92E+07
3762,1.63E+07
3763,2.27E+07
3764,2.16E+07
3765,7.51E+07
3766,1.64E+07
3767,1.62E+07
3768,2.00E+07
3769,1.63E+07
3770,2.57E+07
3771,4.53E+07
3772,2.16E+07
3773,2.84E+07
3774,1.20E+07
3775,4.66E+07
3776,1.71E+07
3777,2.18E+07
3778,1.80E+07
3779,1.70E+07
3780,4.39E+07
3781,2.75E+07
3782,1.91E+07
3783,2.37E+07
3784,1.39E+07
3785,4.32E+07
3786,1.56E+07
3787,1.62E+07
3788,3.53E+07
3789,1.87E+07
3790,4.61E+07
3791,2.23E+07
3792,2.95E+07
3793,1.53E+07
3794,2.67E+07
3795,2.47E+07
3796,3.51E+07
3797,2.02E+07
3798,2.88E+07
3799,3.52E+07
3800,2.39E+07
3801,3.34E+07
3802,5.12E+07
3803,2.62E+07
3804,1.25E+07
3805,4.68E+07
3806,1.71E+07
3807,2.59E+07
3808,3.62E+07
3809,6.06E+07
3810,5.04E+07
3811,5.22E+07
3812,3.88E+07
3813,2.66E+07
3814,3.23E+07
3815,4.14E+07
3816,4.01E+05
3817,3.10E+07
3818,6.62E+07
3819,3.11E+07
3820,1.87E+07
3821,2.12E+07
3822,1.80E+07
3823,2.01E+07
3824,3.11E+07
3825,6.88E+07
3826,5.21E+07
3827,4.72E+07
3828,4.78E+07
3829,2.62E+07
3830,1.06E+07
3831,3.08E+07
3832,3.27E+07
3833,2.88E+07
3834,3.17E+07
3835,8.62E+07
3836,4.06E+07
3837,2.83E+07
3838,3.22E+07
3839,2.05E+07
3840,1.48E+07
3841,1.71E+07
3842,3.79E+07
3843,3.57E+07
3844,4.38E+07
3845,1.33E+07
3846,2.40E+07
3847,3.99E+07
3848,5.09E+07
3849,1.22E+06
3850,4.10E+07
3851,5.88E+07
3852,4.84E+07
3853,3.73E+07
3854,4.47E+06
3855,4.84E+07
3856,3.17E+07
3857,4.10E+07
3858,4.05E+07
3859,2.34E+07
3860,3.49E+07
3861,3.92E+07
3862,4.09E+07
3863,2.61E+07
3864,5.12E+07
3865,4.90E+07
3866,2.56E+07
3867,1.05E+07
3868,3.10E+07
3869,1.58E+07
3870,3.54E+07
3871,2.85E+07
3872,1.87E+07
3873,3.29E+07
3874,2.88E+07
3875,1.89E+07
3876,3.10E+07
3877,2.11E+07
3878,5.49E+07
3879,1.67E+07
3880,2.69E+07
3881,3.57E+07
3882,4.82E+07
3883,1.58E+07
3884,1.86E+07
3885,5.01E+07
3886,6.65E+07
3887,1.67E+07
3888,3.60E+07
3889,2.99E+07
3890,6.08E+05
3891,2.07E+07
3892,1.95E+07
3893,5.03E+07
3894,5.08E+07
3895,2.63E+07
3896,2.52E+07
3897,2.93E+07
3898,4.66E+07
3899,6.56E+07
3900,2.75E+07
3901,1.70E+07
3902,4.21E+07
3903,2.55E+07
3904,2.10E+07
3905,7.34E+07
3906,7.40E+07
3907,2.62E+07
3908,3.94E+07
3909,3.53E+07
3910,4.94E+07
3911,1.02E+07
3912,1.03E+08
3913,2.50E+07
3914,2.83E+07
3915,6.51E+07
3916,2.09E+07
3917,3.65E+07
3918,3.79E+07
3919,5.00E+07
3920,2.31E+07
3921,2.27E+07
3922,1.97E+07
3923,3.94E+07
3924,5.55E+07
3925,2.95E+07
3926,3.44E+07
3927,2.21E+07
3928,5.34E+07
3929,3.02E+07
3930,3.67E+07
3931,2.57E+07
3932,2.82E+07
3933,2.82E+07
3934,4.60E+07
3935,4.02E+07
3936,2.77E+07
3937,2.71E+07
3938,3.37E+07
3939,2.19E+07
3940,4.46E+07
3941,1.83E+07
3942,5.95E+07
3943,3.20E+07
3944,3.89E+07
3945,2.93E+07
3946,2.17E+07
3947,4.99E+07
3948,2.83E+07
3949,2.19E+07
3950,3.17E+07
3951,9.10E+06
3952,4.77E+06
3953,1.80E+07
3954,4.36E+07
3955,3.87E+07
3956,1.34E+07
3957,5.18E+07
3958,1.81E+07
3959,3.13E+06
3960,3.81E+07
3961,3.30E+07
3962,3.52E+07
3963,2.74E+07
3964,4.16E+07
3965,1.11E+07
3966,3.82E+07
3967,3.77E+07
3968,1.82E+07
3969,2.52E+07
3970,4.46E+07
3971,1.78E+07
3972,2.97E+07
3973,2.16E+07
3974,3.21E+07
3975,4.20E+07
3976,3.05E+07
3977,4.12E+07
3978,3.87E+07
3979,1.65E+07
3980,1.84E+07
3981,5.86E+07
3982,5.97E+07
3983,3.43E+07
3984,3.23E+07
3985,2.09E+07
3986,2.72E+07
3987,6.79E+07
3988,6.79E+07
3989,3.79E+07
3990,3.64E+07
3991,3.90E+07
3992,3.64E+07
3993,1.59E+07
3994,4.92E+07
3995,2.01E+07
3996,2.79E+07
3997,1.98E+07
3998,4.71E+07
3999,2.01E+07
4000,3.42E+07
4001,1.87E+07
4002,4.05E+07
4003,1.01E+07
4004,3.98E+07
4005,2.36E+07
4006,3.78E+07
4007,4.01E+07
4008,9.30E+06
4009,5.02E+07
4010,1.16E+07
4011,3.00E+07
4012,2.81E+07
4013,2.18E+07
4014,1.16E+07
4015,3.00E+07
4016,6.12E+07
4017,4.08E+07
4018,1.95E+07
4019,1.34E+07
4020,2.76E+07
4021,3.48E+07
4022,4.36E+07
4023,4.30E+07
4024,1.96E+07
4025,2.99E+07
4026,3.25E+07
4027,3.42E+07
4028,1.83E+07
4029,3.54E+07
4030,3.10E+07
4031,4.94E+07
4032,2.20E+07
4033,3.21E+07
4034,2.29E+07
4035,4.64E+07
4036,3.15E+07
4037,2.82E+07
4038,2.72E+07
4039,2.36E+07
4040,3.49E+07
4041,1.02E+07
4042,4.05E+07
4043,2.25E+07
4044,1.53E+07
4045,1.25E+07
4046,3.89E+07
4047,2.37E+07
4048,4.86E+07
4049,2.94E+07
4050,7.60E+06
4051,2.27E+07
4052,1.89E+07
4053,3.93E+07
4054,3.48E+07
4055,2.44E+07
4056,6.13E+07
4057,4.11E+07
4058,3.06E+07
4059,2.42E+07
4060,3.34E+07
4061,1.33E+07
4062,4.01E+07
4063,1.88E+07
4064,2.13E+07
4065,1.75E+07
4066,2.00E+07
4067,3.53E+07
4068,3.49E+07
4069,2.75E+07
4070,3.56E+07
4071,2.94E+07
4072,4.17E+07
4073,4.99E+07
4074,5.27E+07
4075,2.99E+07
4076,3.06E+06
4077,1.25E+07
4078,2.75E+07
4079,4.05E+07
4080,2.72E+07
4081,2.78E+07
4082,8.47E+07
4083,3.39E+07
4084,3.98E+07
4085,2.89E+07
4086,2.19E+07
4087,4.87E+07
4088,3.62E+07
4089,3.93E+07
4090,5.35E+07
4091,1.14E+07
4092,2.75E+07
4093,2.13E+07
4094,4.75E+07
4095,4.72E+07
4096,9.25E+06
4097,7.06E+07
4098,2.82E+07
4099,5.13E+07
4100,6.73E+07
4101,3.36E+07
4102,2.70E+07
4103,4.55E+07
4104,3.14E+07
4105,2.47E+07
4106,3.35E+07
4107,6.57E+06
4108,5.20E+07
4109,4.64E+07
4110,5.49E+07
4111,4.46E+07
4112,1.84E+07
4113,3.27E+07
4114,4.33E+07
4115,2.24E+07
4116,7.00E+06
4117,2.53E+07
4118,4.04E+07
4119,2.69E+07
4120,2.78E+07
4121,4.03E+07
4122,2.17E+07
4123,1.27E+07
4124,2.89E+07
4125,4.02E+07
4126,3.80E+07
4127,2.58E+07
4128,3.70E+07
4129,2.82E+07
4130,2.54E+07
4131,1.92E+07
4132,3.63E+07
4133,4.24E+07
4134,3.26E+07
4135,4.10E+07
4136,2.86E+07
4137,5.83E+07
4138,4.58E+07
4139,3.25E+07
4140,4.82E+07
4141,2.80E+07
4142,2.28E+07
4143,4.09E+07
4144,3.87E+07
4145,2.40E+07
4146,2.32E+07
4147,3.09E+07
4148,2.81E+07
4149,3.51E+07
4150,2.15E+07
4151,7.39E+07
4152,1.63E+07
4153,2.47E+07
4154,2.71E+07
4155,3.60E+07
4156,3.00E+07
4157,2.45E+07
4158,2.65E+07
4159,4.26E+07
4160,4.57E+07
4161,3.97E+07
4162,2.76E+07
4163,2.09E+07
4164,4.60E+07
4165,4.30E+07
4166,9.00E+07
4167,1.70E+07
4168,4.70E+07
4169,7.27E+07
4170,5.90E+07
4171,9.62E+06
4172,2.17E+07
4173,4.59E+07
4174,3.18E+07
4175,1.14E+07
4176,4.87E+07
4177,1.57E+07
4178,1.69E+07
4179,5.05E+07
4180,2.04E+07
4181,4.60E+07
4182,2.64E+07
4183,1.38E+06
4184,2.87E+07
4185,3.37E+07
4186,5.86E+07
4187,1.80E+07
4188,6.33E+07
4189,3.79E+07
4190,4.26E+07
4191,7.90E+07
4192,4.95E+07
4193,5.13E+07
4194,6.30E+07
4195,4.38E+07
4196,2.48E+07
4197,5.52E+07
4198,1.67E+07
4199,2.66E+07
4200,3.03E+07
4201,2.48E+07
4202,4.40E+07
4203,2.40E+07
4204,2.64E+07
4205,4.42E+07
4206,3.68E+07
4207,1.81E+07
4208,2.81E+07
4209,2.59E+07
4210,2.04E+07
4211,2.00E+07
4212,8.79E+06
4213,2.30E+07
4214,3.15E+07
4215,1.34E+07
4216,4.21E+07
4217,3.17E+07
4218,3.78E+07
4219,2.27E+07
4220,3.26E+07
4221,2.50E+07
4222,1.76E+07
4223,3.64E+07
4224,5.52E+07
4225,3.06E+07
4226,1.67E+07
4227,3.01E+07
4228,2.71E+07
4229,1.10E+07
4230,3.26E+07
4231,2.20E+07
4232,4.95E+07
4233,5.20E+07
4234,2.76E+07
4235,3.49E+07
4236,2.17E+07
4237,3.42E+07
4238,2.83E+07
4239,4.33E+07
4240,3.40E+07
4241,1.02E+07
4242,3.81E+07
4243,2.67E+07
4244,3.82E+07
4245,2.62E+07
4246,3.41E+07
4247,6.71E+07
4248,2.97E+07
4249,3.56E+07
4250,2.00E+07
4251,3.83E+07
4252,3.96E+07
4253,6.62E+07
4254,1.59E+07
4255,2.15E+07
4256,2.16E+07
4257,2.53E+07
4258,3.95E+07
4259,4.26E+07
4260,1.16E+07
4261,5.26E+05
4262,5.70E+07
4263,6.41E+05
4264,3.57E+07
4265,2.12E+07
4266,4.12E+07
4267,6.19E+07
4268,6.11E+07
4269,3.91E+06
4270,95083
4271,3.48E+07
4272,3.53E+07
4273,1.17E+07
4274,3.50E+07
4275,4.31E+07
4276,9.31E+07
4277,5.37E+07
4278,4.10E+07
4279,1.87E+07
4280,3.00E+07
4281,2.64E+07
4282,6.82E+07
4283,4.60E+07
4284,4.14E+07
4285,5.82E+07
4286,2.53E+07
4287,3.76E+07
4288,2.90E+07
4289,6.40E+07
4290,5.96E+07
4291,5.98E+07
4292,8.81E+06
4293,3.95E+07
4294,4.89E+07
4295,4.85E+07
4296,4.41E+07
4297,2.70E+07
4298,2.24E+07
4299,2.81E+07
4300,5.25E+07
4301,5.90E+07
4302,1.40E+07
4303,4.16E+07
4304,4.47E+07
4305,6.01E+07
4306,2.33E+07
4307,3.37E+07
4308,6.12E+06
4309,1.99E+06
4310,9.33E+06
4311,9.01E+06
4312,7.17E+06
4313,4.85E+06
4314,5.78E+06
4315,1.70E+06
4316,9.01E+06
4317,8.60E+06
4318,6.82E+06
4319,4.27E+06
4320,4.54E+06
4321,2.71E+06
4322,2.40E+06
4323,6.97E+05
4324,3.35E+06
4325,4.68E+06
4326,3.16E+06
4327,6.84E+05
4328,2.13E+06
4329,1.85E+06
4330,3.23E+06
4331,1.55E+06
4332,7.77E+05
4333,2.84E+06
4334,2.77E+06
4335,1.36E+06
4336,1.27E+06
4337,3.36E+06
4338,9.17E+05
4339,2.21E+05
4340,3.56E+06
4341,3.58E+06
4342,2.09E+06
4343,1.99E+06
4344,1.95E+06
4345,2.83E+06
4346,8.14E+05
4347,8.98E+05
4348,2.92E+06
4349,3.01E+06
4350,1.45E+06
4351,1.46E+06
4352,2.41E+06
4353,1.64E+06
4354,3.38E+05
4355,3.11E+06
4356,3.37E+06
4357,4.51E+06
4358,1.86E+06
4359,1.81E+06
4360,5.13E+06
4361,4.08E+06
4362,8.94E+06
4363,1.82E+06
4364,8.60E+06
4365,6.86E+06
4366,6.07E+06
4367,3.95E+06
4368,5.64E+06
4369,4.31E+06
4370,8.85E+06
4371,8.76E+06
4372,6.72E+06
4373,4.32E+06
4374,4.01E+06
4375,2.23E+06
4376,2.61E+06
4377,3.27E+06
4378,1.33E+06
4379,3.07E+06
4380,2.79E+06
4381,2.70E+06
4382,1.15E+06
4383,1.25E+06
4384,3.02E+06
4385,3.37E+06
4386,3.37E+06
4387,1.75E+06
4388,1.84E+06
4389,1.86E+06
4390,2.56E+06
4391,2.63E+06
4392,2.72E+06
4393,1.20E+06
4394,1.24E+06
4395,2.94E+06
4396,3.18E+06
4397,4.32E+06
4398,1.88E+06
4399,1.71E+06
4400,1.07E+08
4401,2.31E+07
4402,1.17E+08
4403,4.57E+07
4404,1.08E+08
4405,1.17E+08
4406,6.52E+07
4407,7.29E+07
4408,1.06E+08
4409,1.56E+07
4410,1.14E+08
4411,6.63E+07
4412,1.09E+08
4413,1.00E+08
4414,1.17E+08
4415,5.91E+07
4416,6.58E+07
4417,7.39E+07
4418,3.90E+07
4419,6.78E+06
4420,3.73E+07
4421,9.31E+07
4422,8.17E+07
4423,4.74E+07
4424,4.99E+07
4425,3.49E+07
4426,1.32E+07
4427,4.22E+07
4428,5.52E+07
4429,2.61E+07
4430,2.55E+07
4431,2.74E+07
4432,3.39E+07
4433,2.32E+07
4434,4.77E+06
4435,2.13E+07
4436,2.33E+07
4437,1.36E+07
4438,1.48E+07
4439,7.17E+07
4440,2.50E+07
4441,1.23E+07
4442,3.31E+07
4443,3.72E+07
4444,5.47E+07
4445,4.59E+07
4446,2.89E+07
4447,2.76E+07
4448,3.50E+07
4449,5.17E+06
4450,8.81E+07
4451,8.08E+07
4452,4.63E+07
4453,4.83E+07
4454,1.11E+08
4455,1.26E+08
4456,1.06E+08
4457,1.18E+08
4458,6.92E+07
4459,6.18E+07
4460,1.07E+08
4461,1.25E+08
4462,7.58E+07
4463,1.12E+08
4464,1.04E+08
4465,1.20E+08
4466,6.97E+07
4467,6.21E+07
4468,7.09E+07
4469,8.92E+07
4470,8.05E+07
4471,5.28E+07
4472,5.11E+07
4473,2.93E+07
4474,3.75E+07
4475,5.09E+07
4476,2.56E+07
4477,2.57E+07
4478,3.02E+07
4479,1.86E+07
4480,1.94E+07
4481,9.92E+06
4482,8.54E+06
4483,6.67E+07
4484,3.50E+07
4485,5.20E+07
4486,4.19E+07
4487,2.31E+07
4488,2.45E+07
4489,1.16E+07
4490,8.50E+07
4491,7.87E+07
4492,4.99E+07
4493,4.70E+07
4494,55514
4495,21392
4496,59925
4497,26787
4498,45141
4499,41992
4500,39682
4501,32760
4502,1.87E+07
4503,1.21E+07
4504,1.86E+07
4505,2.36E+07
4506,2.38E+07
4507,1.99E+07
4508,2.08E+07
4509,2.15E+07
4510,2.01E+07
4511,1.89E+07
4512,3.11E+05
4513,51870
4514,88786
4515,3.17E+05
4516,80789
4517,2.18E+05
4518,1.45E+05
4519,66949
4520,1.35E+06
4521,4.35E+05
4522,1.21E+06
4523,8.05E+05
4524,4.47E+05
4525,3.63E+05
4526,6.00E+05
4527,4.17E+06
4528,1.69E+06
4529,3.08E+06
4530,2.50E+06
4531,1.65E+06
4532,1.97E+06
4533,1.39E+06
4534,1.09E+07
4535,4.26E+06
4536,6.28E+06
4537,7.93E+06
4538,6.06E+06
4539,4.51E+06
4540,4.76E+06
4541,3.79E+06
4542,8.14E+06
4543,8.67E+06
4544,1.04E+07
4545,1.67E+07
4546,1.24E+07
4547,1.21E+07
4548,1.66E+07
4549,1.04E+07
4550,80570
4551,54648
4552,91476
4553,33318
4554,43010
4555,56729
4556,38233
4557,37587
4558,4.37E+06
4559,2.56E+06
4560,4.67E+06
4561,5.09E+06
4562,8.11E+06
4563,7.07E+06
4564,4.47E+06
4565,4.89E+06
4566,4.35E+06
4567,3.70E+05
4568,1.55E+05
4569,1.06E+05
4570,1.64E+05
4571,88291
4572,1.41E+06
4573,4.20E+05
4574,8.02E+05
4575,5.27E+05
4576,4.10E+05
4577,6.47E+05
4578,3.68E+06
4579,1.70E+06
4580,1.92E+06
4581,2.06E+06
4582,1.50E+06
4583,6.15E+06
4584,6.03E+06
4585,4.04E+06
4586,5.33E+06
4587,3.55E+06
4588,4.47E+06
4589,3.72E+06
4590,3.32E+06
4591,6.99E+06
4592,7.86E+06
4593,5.77E+06
4594,8.50E+06
4595,8.01E+06
4596,6.97E+06
4597,8.70E+06
4598,3.85E+06
4599,1.23E+07
4600,6.64E+06
4601,7.68E+06
4602,1.07E+07
4603,6.41E+06
4604,9.38E+06
4605,1.0315
4606,0.39194
4607,1.0373
4608,0.66095
4609,0.63614
4610,0.73859
4611,97.864
4612,45.735
4613,45.316
4614,99.363
4615,44.313
4616,125.96
4617,109.8
4618,79.191
4619,75.729
4620,4.1873
4621,0.74093
4622,1.2819
4623,4.4388
4624,1.4194
4625,1.0724
4626,2.84
4627,1.1137
4628,0.94377
4629,1.8678
4630,1.0933
4631,14.303
4632,5.3758
4633,7.9531
4634,5.6293
4635,7.4669
4636,38.435
4637,11.525
4638,17.516
4639,15.513
4640,25.614
4641,19.418
4642,14.7
4643,72.557
4644,29.367
4645,36.266
4646,32.814
4647,42.515
4648,55.384
4649,48.899
4650,34.791
4651,41.736
4652,119.64
4653,71.674
4654,90.361
4655,62.739
4656,73.069
4657,1.0102
4658,0.74632
4659,1.0132
4660,0.31397
4661,0.48768
4662,0.49615
4663,0.56071
4664,34.413
4665,33.642
4666,61.856
4667,35.648
4668,42.544
4669,26.503
4670,23.985
4671,4.9836
4672,1.4522
4673,2.7765
4674,1.1904
4675,1.9068
4676,16.659
4677,4.5218
4678,8.6397
4679,6.4364
4680,5.2852
4681,8.0997
4682,32.346
4683,18.223
4684,23.889
4685,21.535
4686,17.303
4687,42.912
4688,29.32
4689,42.089
4690,38.57
4691,28.562
4692,54.775
4693,41.001
4694,35
4695,42.114
4696,8.54E+06
4697,4.72E+06
4698,6.04E+06
4699,9.41E+06
4700,1.02E+07
4701,6.02E+06
4702,6.29E+06
4703,3.93E+06
4704,4.91E+06
4705,7.20E+06
4706,7.85E+06
4707,4.40E+06
4708,3.77E+06
4709,4.41E+06
4710,3.90E+06
4711,5.96E+05
4712,3.84E+06
4713,4.40E+06
4714,5.29E+06
4715,1.59E+06
4716,1.58E+06
4717,8.98E+06
4718,4.95E+06
4719,5.37E+06
4720,6.86E+06
4721,8.24E+06
4722,8.49E+06
4723,4.20E+06
4724,4.87E+06
4725,5.10E+06
4726,9.66E+06
4727,1.04E+07
4728,6.01E+06
4729,6.02E+06
4730,9.66E+07
4731,6.56E+07
4732,7.10E+07
4733,1.11E+08
4734,1.09E+08
4735,8.31E+07
4736,3.03E+07
4737,5.52E+07
4738,6.12E+07
4739,7.54E+07
4740,7.50E+07
4741,7.98E+07
4742,8.21E+07
4743,4.71E+07
4744,4.28E+07
4745,6.31E+07
4746,8.62E+07
4747,6.09E+07
4748,6.12E+07
4749,9.37E+07
4750,9.37E+07
4751,6.98E+07
4752,7.19E+07
4753,9.77E+07
4754,3.32E+07
4755,5.63E+07
4756,7.64E+07
4757,8.40E+07
4758,7.49E+07
4759,8.11E+07
4760,4.85E+07
4761,6.36E+07
4762,5.08E+07
4763,5.45E+07
4764,4.25E+07
4765,1.05E+08
4766,1.02E+08
4767,1.08E+08
4768,6.73E+07
4769,6.34E+07
4770,1.20E+08
4771,1.14E+08
4772,1.05E+08
4773,1.04E+08
4774,1.12E+08
4775,1.17E+08
4776,9.01E+07
4777,9.86E+07
4778,1.28E+08
4779,1.15E+08
4780,1.05E+08
4781,1.09E+08
4782,1.16E+08
4783,1.14E+08
4784,9.74E+07
4785,9.75E+07
4786,1.03E+08
4787,9.98E+07
4788,9.40E+07
4789,1.04E+08
4790,1.07E+08
4791,1.03E+08
4792,9.59E+07
4793,8.40E+07
4794,9.19E+07
4795,9.75E+07
4796,9.72E+07
4797,8.15E+07
4798,8.02E+07
4799,8.84E+07
4800,7.66E+07
4801,8.17E+07
4802,8.02E+07
4803,9.01E+07
4804,9.84E+07
4805,9.96E+07
4806,8.79E+07
4807,9.01E+07
4808,8.09E+07
4809,8.47E+07
4810,8.37E+07
4811,8.27E+07
4812,9.85E+07
4813,9.64E+07
4814,8.97E+07
4815,8.15E+07
4816,8.46E+07
4817,8.77E+07
4818,7.80E+07
4819,8.11E+07
4820,8.16E+07
4821,7.56E+07
4822,7.97E+07
4823,7.79E+07
4824,1.20E+08
4825,1.02E+08
4826,9.74E+07
4827,1.02E+08
4828,8.96E+07
4829,9.20E+07
4830,1.12E+08
4831,1.05E+08
4832,1.15E+08
4833,1.09E+08
4834,1.01E+08
4835,7.36E+07
4836,6.06E+07
4837,4.84E+07
4838,5.15E+07
4839,7.27E+07
4840,5.04E+07
4841,5.57E+07
4842,5.08E+07
4843,5.41E+07
4844,9.36E+07
4845,7.50E+07
4846,9.15E+07
4847,1.03E+08
4848,1.00E+08
4849,8.55E+07
4850,6.80E+07
4851,8.52E+07
4852,9.24E+07
4853,6.62E+07
4854,7.03E+07
4855,7.79E+07
4856,7.28E+07
4857,8.32E+07
4858,6.47E+07
4859,5.20E+07
4860,6.59E+07
4861,7.98E+07
4862,5.96E+07
4863,4.86E+07
4864,6.00E+07
4865,5.25E+07
4866,4.64E+07
4867,5.99E+07
4868,6.19E+07
4869,5.03E+07
4870,5.07E+07
4871,7.24E+07
4872,7.37E+07
4873,4.68E+07
4874,4.83E+07
4875,5.32E+07
4876,5.06E+07
4877,6.38E+07
4878,5.34E+07
4879,5.16E+07
4880,7.38E+07
4881,7.52E+07
4882,4.36E+07
4883,5.02E+07
4884,4.91E+07
4885,4.97E+07
4886,5.48E+07
4887,4.61E+07
4888,5.20E+07
4889,6.50E+07
4890,5.51E+07
4891,5.38E+07
4892,7.43E+07
4893,7.26E+07
4894,4.80E+07
4895,5.08E+07
4896,4.53E+07
4897,5.23E+07
4898,4.67E+07
4899,6.63E+07
4900,5.58E+07
4901,5.38E+07
4902,5.70E+07
4903,7.33E+07
4904,7.20E+07
4905,4.40E+07
4906,4.66E+07
4907,4.60E+07
4908,5.31E+07
4909,5.60E+07
4910,3.59E+07
4911,6.76E+07
4912,5.79E+07
4913,5.77E+07
4914,7.26E+07
4915,7.24E+07
4916,4.06E+07
4917,4.62E+07
4918,4.72E+07
4919,5.35E+07
4920,5.43E+07
4921,5.66E+07
4922,6.75E+07
4923,5.84E+07
4924,5.86E+07
4925,7.39E+07
4926,7.30E+07
4927,4.29E+07
4928,5.19E+07
4929,4.62E+07
4930,5.42E+07
4931,3.25E+07
4932,5.53E+07
4933,6.74E+07
4934,5.77E+07
4935,5.77E+07
4936,7.34E+07
4937,7.46E+07
4938,4.55E+07
4939,5.22E+07
4940,5.18E+07
4941,5.45E+07
4942,5.46E+07
4943,4.69E+07
4944,5.82E+07
4945,6.04E+07
4946,7.52E+07
4947,5.19E+07
4948,5.22E+07
4949,5.48E+07
4950,5.49E+07
4951,7.20E+05
4952,4.96E+05
4953,2.07E+05
4954,2.71E+06
4955,9.13E+05
4956,5.63E+05
4957,5.01E+05
4958,1.45E+06
4959,1.37E+06
4960,2.06E+06
4961,7.78E+05
4962,5.59E+06
4963,1.35E+06
4964,2.23E+06
4965,5.23E+06
4966,3.59E+06
4967,1.35E+06
4968,8.82E+06
4969,1.92E+06
4970,6.58E+06
4971,8.61E+06
4972,1.08E+06
4973,1.30E+07
4974,2.75E+06
4975,3.26E+06
4976,1.05E+07
4977,1.91E+07
4978,3.58E+06
4979,2.91E+06
4980,1.60E+07
4981,1.28E+07
4982,2.55E+06
4983,1.96E+06
4984,2.80E+07
4985,4.10E+06
4986,2.66E+06
4987,5.24E+06
4988,2.43E+07
4989,1.98E+07
4990,3.32E+06
4991,2.58E+06
4992,3.89E+07
4993,2.87E+06
4994,5.86E+06
4995,2.93E+07
4996,3.42E+07
4997,3.40E+06
4998,3.68E+06
4999,5.24E+07
5000,2.82E+06
5001,6.26E+06
5002,4.56E+07
5003,4.02E+07
5004,4.03E+06
5005,4.01E+06
5006,6.83E+07
5007,2.29E+06
5008,5.10E+06
5009,5.32E+07
5010,6.25E+07
5011,5.25E+06
5012,3.43E+06
5013,8.14E+07
5014,3.79E+06
5015,1.86E+06
5016,7.08E+07
5017,7.85E+07
5018,1.62E+06
5019,8.75E+07
5020,3.23E+06
5021,1.58E+06
5022,8.61E+07
5023,8.33E+07
5024,8.62E+07
5025,1.95E+06
5026,4.64E+06
5027,4.70E+07
5028,8.91E+07
5029,3.11E+06
5030,3.92E+06
5031,8.70E+07
5032,8.74E+07
5033,4.33E+07
5034,4.83E+07
5035,8.72E+07
5036,8.59E+07
5037,4.36E+07
5038,5.33E+07
5039,4.13E+07
5040,4.85E+07
5041,5.81E+07
5042,5.98E+05
5043,7.58E+05
5044,2.51E+05
5045,8.11E+05
5046,1.39E+06
5047,2.83E+05
5048,1.30E+05
5049,2.82E+05
5050,1.15E+06
5051,2.28E+06
5052,2.05E+05
5053,3.62E+05
5054,2.16E+06
5055,1.56E+06
5056,2.05E+06
5057,3.35E+05
5058,2.89E+06
5059,1.72E+05
5060,1.39E+05
5061,2.96E+06
5062,2.61E+06
5063,1.48E+06
5064,1.39E+06
5065,2.77E+06
5066,64784
5067,2.60E+05
5068,3.13E+06
5069,3.01E+06
5070,1.55E+06
5071,2.11E+06
5072,1.21E+05
5073,4.18E+05
5074,2.42E+06
5075,2.73E+06
5076,1.51E+06
5077,1.27E+06
5078,98374
5079,4.10E+05
5080,1.70E+06
5081,2.06E+06
5082,1.15E+06
5083,9.50E+05
5084,2.81E+05
5085,4.55E+05
5086,1.35E+05
5087,1.23E+06
5088,4.98E+05
5089,8.32E+07
5090,7.40E+07
5091,5.11E+07
5092,6.46E+07
5093,6.50E+07
5094,5.89E+07
5095,4.37E+07
5096,6.01E+07
5097,5.54E+07
5098,8.95E+07
5099,8.05E+07
5100,8.73E+07
5101,4.97E+07
5102,5.52E+07
5103,6.11E+07
5104,8.78E+07
5105,3.66E+06
5106,3.25E+06
5107,8.66E+07
5108,8.70E+07
5109,4.91E+07
5110,4.00E+07
5111,4.11E+07
5112,8.20E+07
5113,1.97E+06
5114,5.18E+06
5115,8.49E+07
5116,8.60E+07
5117,8.65E+07
5118,2.44E+06
5119,2.03E+06
5120,4.00E+07
5121,6.97E+07
5122,9.48E+05
5123,6.29E+06
5124,8.01E+07
5125,7.41E+07
5126,5.46E+07
5127,1.95E+06
5128,5.86E+06
5129,5.95E+07
5130,6.67E+07
5131,4.06E+07
5132,2.74E+06
5133,4.86E+06
5134,4.51E+07
5135,5.18E+07
5136,2.41E+07
5137,2.92E+07
5138,2.97E+06
5139,4.88E+06
5140,3.29E+07
5141,3.88E+07
5142,3.02E+07
5143,2.28E+06
5144,1.79E+07
5145,2.05E+07
5146,3.56E+06
5147,3.76E+06
5148,2.51E+07
5149,2.22E+07
5150,1.43E+07
5151,3.35E+06
5152,3.15E+06
5153,1.56E+07
5154,1.87E+07
5155,1.78E+06
5156,9.56E+06
5157,2.76E+06
5158,2.62E+06
5159,1.08E+07
5160,1.29E+07
5161,1.40E+06
5162,5.64E+06
5163,2.24E+06
5164,2.07E+06
5165,8.65E+06
5166,6.73E+06
5167,1.23E+06
5168,2.54E+06
5169,1.66E+06
5170,1.45E+06
5171,4.90E+06
5172,3.40E+06
5173,9.85E+05
5174,5.01E+05
5175,7.75E+05
5176,1.25E+06
5177,2.10E+06
5178,6.17E+07
5179,7.35E+07
5180,4.88E+07
5181,5.07E+07
5182,7.35E+07
5183,5.05E+07
5184,5.60E+07
5185,5.20E+07
5186,5.78E+07
5187,6.96E+07
5188,6.09E+07
5189,6.18E+07
5190,7.77E+07
5191,4.62E+07
5192,5.70E+07
5193,5.65E+07
5194,5.23E+07
5195,4.60E+07
5196,5.39E+07
5197,5.24E+07
5198,4.95E+07
5199,6.75E+07
5200,5.78E+07
5201,5.92E+07
5202,7.36E+07
5203,7.62E+07
5204,4.82E+07
5205,5.51E+07
5206,5.64E+07
5207,4.62E+07
5208,5.41E+07
5209,4.80E+07
5210,6.63E+07
5211,5.84E+07
5212,5.71E+07
5213,7.30E+07
5214,7.26E+07
5215,5.29E+07
5216,5.59E+07
5217,4.56E+07
5218,4.84E+07
5219,5.55E+07
5220,6.53E+07
5221,5.77E+07
5222,5.52E+07
5223,5.67E+07
5224,7.21E+07
5225,7.14E+07
5226,4.82E+07
5227,5.28E+07
5228,5.25E+07
5229,5.49E+07
5230,6.55E+07
5231,5.64E+07
5232,5.46E+07
5233,7.31E+07
5234,7.10E+07
5235,4.64E+07
5236,5.23E+07
5237,5.22E+07
5238,5.32E+07
5239,6.50E+07
5240,5.49E+07
5241,5.54E+07
5242,7.59E+07
5243,7.38E+07
5244,4.98E+07
5245,4.70E+07
5246,5.10E+07
5247,4.91E+07
5248,4.11E+07
5249,5.38E+07
5250,4.58E+07
5251,6.30E+07
5252,5.25E+07
5253,5.40E+07
5254,7.46E+07
5255,7.41E+07
5256,4.34E+07
5257,4.00E+07
5258,4.99E+07
5259,4.91E+07
5260,4.80E+07
5261,4.80E+07
5262,4.99E+07
5263,5.18E+07
5264,5.05E+07
5265,7.38E+07
5266,7.32E+07
5267,4.69E+07
5268,5.15E+07
5269,4.78E+07
5270,4.72E+07
5271,5.43E+07
5272,5.75E+07
5273,4.90E+07
5274,9.35E+07
5275,9.20E+07
5276,7.56E+07
5277,1.03E+08
5278,1.00E+08
5279,8.39E+07
5280,6.81E+07
5281,8.54E+07
5282,9.22E+07
5283,6.61E+07
5284,7.59E+07
5285,6.88E+07
5286,5.93E+07
5287,7.02E+07
5288,4.47E+07
5289,6.19E+07
5290,4.16E+07
5291,3.95E+07
5292,6.31E+07
5293,4.33E+07
5294,3.87E+07
5295,3.99E+07
5296,4.13E+07
5297,4.70E+07
5298,4.38E+07
5299,4.27E+07
5300,4.94E+07
5301,4.93E+07
5302,3.92E+07
5303,4.49E+07
5304,4.33E+07
5305,4.40E+07
5306,4.12E+07
5307,6.33E+07
5308,6.47E+07
5309,3.31E+07
5310,4.09E+07
5311,6.82E+07
5312,6.14E+07
5313,3.52E+07
5314,3.34E+07
5315,4.93E+07
5316,6.24E+07
5317,3.40E+07
5318,5.23E+07
5319,2.68E+07
5320,2.62E+07
5321,2.61E+07
5322,5.37E+07
5323,3.30E+07
5324,2.55E+07
5325,3.99E+07
5326,2.57E+07
5327,4.62E+07
5328,6.23E+07
5329,5.29E+07
5330,5.66E+07
5331,3.02E+07
5332,3.04E+07
5333,5.47E+07
5334,2.86E+07
5335,2.52E+07
5336,4.77E+07
5337,4.81E+07
5338,5.55E+07
5339,5.40E+07
5340,5.04E+07
5341,2.74E+07
5342,2.54E+07
5343,3.99E+07
5344,1.94E+07
5345,5.07E+07
5346,2.22E+07
5347,2.90E+07
5348,4.44E+07
5349,5.44E+07
5350,5.03E+07
5351,5.20E+07
5352,2.22E+07
5353,2.27E+07
5354,3.59E+07
5355,1.74E+07
5356,1.92E+07
5357,1.53E+07
5358,1.42E+07
5359,3.99E+07
5360,4.74E+07
5361,5.81E+07
5362,5.21E+07
5363,5.49E+07
5364,2.41E+07
5365,2.60E+07
5366,2.06E+07
5367,4.74E+07
5368,2.12E+07
5369,1.59E+07
5370,4.22E+07
5371,2.14E+07
5372,4.49E+07
5373,5.61E+07
5374,5.69E+07
5375,5.53E+07
5376,2.79E+07
5377,2.15E+07
5378,1.88E+07
5379,2.32E+07
5380,4.75E+07
5381,4.63E+07
5382,5.11E+07
5383,5.20E+07
5384,5.08E+07
5385,2.24E+07
5386,2.34E+07
5387,2.45E+07
5388,1.81E+07
5389,1.61E+07
5390,3.22E+07
5391,4.40E+07
5392,1.85E+07
5393,4.78E+07
5394,5.25E+07
5395,5.35E+07
5396,4.91E+07
5397,2.11E+07
5398,2.17E+07
5399,2.09E+07
5400,4.53E+07
5401,1.77E+07
5402,3.08E+07
5403,3.33E+07
5404,1.67E+07
5405,1.06E+07
5406,1.62E+07
5407,4.63E+07
5408,2.36E+07
5409,5.63E+07
5410,5.91E+07
5411,2.38E+07
5412,1.93E+07
5413,2.40E+07
5414,4.17E+07
5415,2.02E+07
5416,3.60E+07
5417,5.41E+07
5418,5.54E+07
5419,5.72E+07
5420,5.25E+07
5421,5.73E+07
5422,5.39E+07
5423,5.51E+07
5424,6.20E+07
5425,5.42E+07
5426,5.53E+07
5427,5.23E+07
5428,5.57E+07
5429,1.10E+07
5430,8.12E+06
5431,1.04E+07
5432,1.56E+07
5433,1.22E+07
5434,1.76E+07
5435,1.10E+07
5436,1.15E+07
5437,1.57E+07
5438,4.21E+06
5439,4.46E+06
5440,6.33E+06
5441,7.78E+06
5442,5.20E+06
5443,4.63E+06
5444,4.06E+06
5445,1.32E+06
5446,3.24E+06
5447,1.61E+06
5448,1.90E+06
5449,1.43E+06
5450,3.09E+06
5451,1.45E+06
5452,2.10E+06
5453,3.18E+05
5454,1.17E+06
5455,4.47E+05
5456,6.23E+05
5457,3.76E+05
5458,7.08E+05
5459,4.34E+05
5460,3.38E+05
5461,98367
5462,1.51E+05
5463,81925
5464,77604
5465,1.12E+05
5466,2.28E+05
5467,73.077
5468,42.044
5469,91.537
5470,103.76
5471,67.379
5472,70.137
5473,37.461
5474,31.029
5475,34.449
5476,28.186
5477,50.685
5478,74.188
5479,39.759
5480,51.993
5481,36.267
5482,42.425
5483,14.534
5484,17.628
5485,11.351
5486,24.131
5487,18.92
5488,14.662
5489,21.515
5490,4.1981
5491,5.2611
5492,7.417
5493,5.577
5494,11.303
5495,7.4703
5496,4.6286
5497,4.4146
5498,1.2139
5499,1.0887
5500,1.6965
5501,2.7108
5502,2.135
5503,1.154
5504,2.24E+07
5505,3.35E+07
5506,2.99E+07
5507,3.25E+07
5508,2.43E+07
5509,2.62E+07
5510,3.02E+07
5511,3.05E+07
5512,9.78E+06
5513,2.36E+07
5514,1.36E+07
5515,1.77E+07
5516,2.07E+07
5517,1.73E+07
5518,1.82E+07
5519,8.18E+06
5520,1.24E+07
5521,1.12E+07
5522,8.63E+06
5523,1.46E+07
5524,3.19E+07
5525,2.24E+07
5526,2.93E+07
5527,3.19E+07
5528,2.56E+07
5529,2.41E+07
5530,2.94E+07
5531,4.18E+07
5532,3.81E+07
5533,3.82E+07
5534,3.80E+07
5535,3.47E+07
5536,3.20E+07
5537,3.60E+07
5538,3.62E+07
5539,4.63E+07
5540,4.22E+07
5541,4.16E+07
5542,4.07E+07
5543,3.80E+07
5544,3.78E+07
5545,3.78E+07
5546,3.92E+07
5547,4.63E+07
5548,4.36E+07
5549,4.34E+07
5550,4.04E+07
5551,4.19E+07
5552,4.05E+07
5553,3.83E+07
5554,3.98E+07
5555,3.90E+07
5556,4.34E+07
5557,4.15E+07
5558,4.23E+07
5559,3.92E+07
5560,3.87E+07
5561,3.86E+07
5562,3.88E+07
5563,3.66E+07
5564,3.89E+07
5565,3.98E+07
5566,3.96E+07
5567,3.69E+07
5568,3.58E+07
5569,3.82E+07
5570,3.72E+07
5571,3.63E+07
5572,3.65E+07
5573,3.00E+07
5574,3.26E+07
5575,3.37E+07
5576,3.51E+07
5577,4.29E+07
5578,6.70E+07
5579,5.79E+07
5580,5.97E+07
5581,3.96E+07
5582,3.78E+07
5583,4.01E+07
5584,6.05E+07
5585,4.96E+07
5586,9.77E+06
5587,2.40E+07
5588,1.42E+07
5589,1.83E+07
5590,2.30E+07
5591,1.92E+07
5592,3.18E+07
5593,1.77E+07
5594,1.67E+07
5595,8.01E+06
5596,1.23E+07
5597,8.64E+06
5598,1.22E+07
5599,5.84E+07
5600,3.24E+07
5601,3.47E+07
5602,6.16E+07
5603,5.82E+07
5604,2.91E+07
5605,5.05E+07
5606,2.92E+07
5607,5.00E+07
5608,2.41E+07
5609,5.45E+07
5610,5.40E+07
5611,2.18E+07
5612,1.87E+07
5613,4.41E+07
5614,2.11E+07
5615,3.32E+07
5616,1.90E+07
5617,5.14E+07
5618,5.12E+07
5619,5.27E+07
5620,2.07E+07
5621,2.10E+07
5622,3.06E+07
5623,3.19E+07
5624,4.60E+07
5625,1.84E+07
5626,1.69E+07
5627,1.37E+07
5628,1.30E+07
5629,5.48E+07
5630,5.43E+07
5631,5.34E+07
5632,2.64E+07
5633,2.32E+07
5634,3.97E+07
5635,3.32E+07
5636,3.33E+07
5637,1.99E+07
5638,1.45E+07
5639,5.08E+07
5640,5.80E+07
5641,5.47E+07
5642,2.69E+07
5643,3.39E+07
5644,2.05E+07
5645,2.00E+07
5646,3.91E+07
5647,1.70E+07
5648,5.10E+07
5649,5.35E+07
5650,4.98E+07
5651,1.82E+07
5652,2.22E+07
5653,1.58E+07
5654,2.66E+07
5655,1.60E+07
5656,3.66E+07
5657,1.37E+07
5658,1.36E+07
5659,1.30E+07
5660,5.59E+07
5661,5.47E+07
5662,5.24E+07
5663,2.32E+07
5664,2.50E+07
5665,3.15E+07
5666,2.00E+07
5667,3.75E+07
5668,1.81E+07
5669,6.01E+07
5670,5.15E+07
5671,5.12E+07
5672,2.41E+07
5673,2.46E+07
5674,2.37E+07
5675,1.95E+07
5676,4.77E+07
5677,1.99E+07
5678,4.18E+07
5679,1.92E+07
5680,3.78E+07
5681,5.98E+07
5682,5.47E+07
5683,5.28E+07
5684,2.92E+07
5685,2.80E+07
5686,2.66E+07
5687,2.36E+07
5688,4.61E+07
5689,4.78E+07
5690,5.13E+07
5691,4.76E+07
5692,4.68E+07
5693,2.43E+07
5694,2.43E+07
5695,2.91E+07
5696,5.07E+07
5697,2.23E+07
5698,4.41E+07
5699,2.55E+07
5700,2.04E+07
5701,3.97E+07
5702,4.1747
5703,2.2308
5704,0.98351
5705,3.1078
5706,1.29E+07
5707,1.49E+07
5708,1.55E+07
5709,2.37E+07
5710,1.74E+07
5711,2.09E+07
5712,1.26E+07
5713,7.13E+06
5714,6.57E+06
5715,5.07E+06
5716,9.75E+06
5717,1.18E+07
5718,6.56E+06
5719,1.42E+07
5720,7.20E+06
5721,1.12E+07
5722,2.53E+06
5723,2.54E+06
5724,2.06E+06
5725,3.63E+06
5726,5.60E+05
5727,6.89E+05
5728,4.64E+05
5729,5.87E+05
5730,9.97E+05
5731,2.01E+06
5732,4.63E+05
5733,1.40E+05
5734,1.67E+05
5735,1.16E+05
5736,2.50E+05
5737,1.48E+05
5738,1.21E+05
5739,34497
5740,39339
5741,28435
5742,65325
5743,41968
5744,7624.7
5745,8579.1
5746,6206.8
5747,11658
5748,20017
5749,8040.4
5750,1736.2
5751,2255
5752,1457.1
5753,1936.7
5754,3294.1
5755,1755
5756,373.81
5757,413.75
5758,297.06
5759,795.31
5760,418.83
5761,299.81
5762,91.154
5763,105.89
5764,79.398
5765,103.56
5766,199.64
5767,80.984
5768,147.47
5769,17.659
5770,22.264
5771,13.789
5772,41.61
5773,22.189
5774,2.8041
5775,3.8271
5776,4.9639
5777,10.672
5778,3.2447
5779,2.0193
5780,3.6384
5781,0.81999
5782,0.8468
5783,2.891
5784,1.7041
5785,1.9811
5786,0.80775
5787,0.82521
5788,0.84728
5789,2.7971
5790,2.9255
5791,1.2767
5792,1.6585
5793,0.78435
5794,0.81904
5795,2.3857
5796,2.7111
5797,1.1857
5798,1.1936
5799,1.0527
5800,0.61392
5801,0.58953
5802,2.1413
5803,1.3989
5804,1.028
5805,0.90408
5806,0.99073
5807,1.1463
5808,0.31891
5809,0.30516
5810,0.716
5811,1.0105
5812,0.65541
5813,0.46463
5814,0.6433
5815,0.7202
5816,1.7394
5817,0.71866
5818,0.6895
5819,2.0665
5820,1.1531
5821,1.7531
5822,1.1344
5823,1.1585
5824,1.9338
5825,0.84642
5826,0.7463
5827,2.252
5828,2.6582
5829,1.2715
5830,1.1543
5831,0.75202
5832,2.6744
5833,2.8356
5834,1.162
5835,1.265
5836,1.6412
5837,15.012
5838,2.4236
5839,3.1957
5840,4.5465
5841,9.3451
5842,3.4052
5843,64.639
5844,11.947
5845,14.14
5846,35.694
5847,19.026
5848,19.754
5849,263.33
5850,51.929
5851,61.589
5852,75.472
5853,158.01
5854,54.928
5855,106.11
5856,1220.4
5857,203.57
5858,298.47
5859,315.91
5860,530.2
5861,223.08
5862,5265.4
5863,1005.2
5864,1194.8
5865,2162.7
5866,5140.4
5867,1327.8
5868,1022.5
5869,1796.4
5870,21410
5871,4135.7
5872,5674.6
5873,8359.1
5874,4477.8
5875,1.02E+05
5876,17249
5877,23221
5878,32775
5879,21252
5880,60440
5881,17290
5882,4.47E+05
5883,82100
5884,1.05E+05
5885,2.24E+05
5886,1.27E+05
5887,1.97E+06
5888,3.61E+05
5889,4.48E+05
5890,9.61E+05
5891,5.02E+05
5892,8.86E+05
5893,4.88E+05
5894,7.12E+06
5895,1.89E+06
5896,3.27E+06
5897,3.64E+06
5898,2.12E+06
5899,5.37E+06
5900,1.93E+06
5901,1.40E+07
5902,5.93E+06
5903,9.24E+06
5904,1.10E+07
5905,1.53E+07
5906,1.20E+07
5907,1.83E+07
5908,2.41E+07
5909,1.34E+07
5910,1.53E+07
5911,2.01E+07
5912,2.07E+07
5913,1.13E+08
5914,1.12E+08
5915,9.46E+07
5916,7.87E+07
5917,1.26E+08
5918,7.32E+07
5919,8.91E+07
5920,4.34E+07
5921,4.01E+07
5922,5.05E+07
5923,3.45E+07
5924,3.68E+07
5925,3.34E+07
5926,3.56E+07
5927,4.00E+07
5928,3.74E+07
5929,3.10E+07
5930,3.42E+07
5931,2.82E+07
5932,1.19E+08
5933,9.63E+07
5934,7.99E+07
5935,1.26E+08
5936,1.30E+08
5937,9.69E+07
5938,9.03E+07
5939,8.85E+07
5940,9.00E+07
5941,8.97E+07
5942,1.27E+08
5943,1.35E+08
5944,1.38E+08
5945,1.03E+08
5946,1.02E+08
5947,1.08E+08
5948,9.50E+07
5949,9.99E+07
5950,9.20E+07
5951,9.67E+07
5952,9.45E+07
5953,1.30E+08
5954,1.39E+08
5955,1.41E+08
5956,1.11E+08
5957,1.03E+08
5958,1.03E+08
5959,9.55E+07
5960,9.96E+07
5961,1.29E+08
5962,1.37E+08
5963,1.42E+08
5964,1.06E+08
5965,1.11E+08
5966,1.03E+08
5967,9.45E+07
5968,1.32E+08
5969,1.41E+08
5970,1.41E+08
5971,1.05E+08
5972,1.09E+08
5973,9.62E+07
5974,1.02E+08
5975,9.37E+07
5976,1.05E+08
5977,1.36E+08
5978,1.45E+08
5979,1.38E+08
5980,1.13E+08
5981,1.00E+08
5982,1.08E+08
5983,1.09E+08
5984,1.36E+08
5985,1.39E+08
5986,1.29E+08
5987,1.12E+08
5988,1.13E+08
5989,9.92E+07
5990,1.08E+08
5991,9.95E+07
5992,1.34E+08
5993,1.29E+08
5994,1.52E+08
5995,1.13E+08
5996,1.16E+08
5997,9.95E+07
5998,1.02E+08
5999,9.99E+07
6000,1.34E+08
6001,1.49E+08
6002,1.41E+08
6003,1.14E+08
6004,1.02E+08
6005,9.91E+07
6006,1.33E+08
6007,1.44E+08
6008,1.52E+08
6009,1.13E+08
6010,1.15E+08
6011,1.04E+08
6012,1.02E+08
6013,9.48E+07
6014,1.38E+08
6015,1.50E+08
6016,1.05E+08
6017,1.09E+08
6018,1.09E+08
6019,1.02E+08
6020,1.03E+08
6021,9.23E+07
6022,9.15E+07
6023,1.38E+08
6024,1.54E+08
6025,1.58E+08
6026,1.17E+08
6027,1.11E+08
6028,9.90E+07
6029,8.93E+07
6030,1.35E+08
6031,1.42E+08
6032,1.47E+08
6033,1.09E+08
6034,1.11E+08
6035,9.94E+07
6036,1.03E+08
6037,9.28E+07
6038,8.20E+07
6039,1.10E+08
6040,1.38E+08
6041,1.56E+08
6042,1.45E+08
6043,1.14E+08
6044,1.15E+08
6045,1.01E+08
6046,9.62E+07
6047,1.14E+08
6048,1.36E+08
6049,1.43E+08
6050,1.54E+08
6051,1.14E+08
6052,9.94E+07
6053,1.13E+08
6054,1.15E+08
6055,1.33E+08
6056,1.47E+08
6057,1.43E+08
6058,1.12E+08
6059,1.09E+08
6060,1.01E+08
6061,9.80E+07
6062,8.74E+07
6063,1.13E+08
6064,1.40E+08
6065,1.45E+08
6066,1.49E+08
6067,1.09E+08
6068,1.08E+08
6069,1.00E+08
6070,9.62E+07
6071,1.02E+08
6072,1.40E+08
6073,1.57E+08
6074,1.54E+08
6075,1.16E+08
6076,1.03E+08
6077,1.04E+08
6078,1.10E+08
6079,9.72E+07
6080,1.34E+08
6081,1.51E+08
6082,1.48E+08
6083,1.09E+08
6084,1.05E+08
6085,9.78E+07
6086,9.66E+07
6087,1.05E+08
6088,1.04E+08
6089,8.61E+07
6090,8.09E+07
6091,1.39E+08
6092,1.42E+08
6093,1.43E+08
6094,1.07E+08
6095,1.11E+08
6096,1.07E+08
6097,9.36E+07
6098,1.04E+08
6099,1.39E+08
6100,1.51E+08
6101,1.56E+08
6102,1.15E+08
6103,1.13E+08
6104,1.01E+08
6105,1.03E+08
6106,9.53E+07
6107,1.11E+08
6108,1.36E+08
6109,1.48E+08
6110,1.47E+08
6111,1.10E+08
6112,1.11E+08
6113,9.62E+07
6114,1.06E+08
6115,9.17E+07
6116,1.36E+08
6117,1.49E+08
6118,1.48E+08
6119,1.10E+08
6120,1.01E+08
6121,1.04E+08
6122,9.56E+07
6123,1.07E+08
6124,9.35E+07
6125,1.35E+08
6126,1.45E+08
6127,1.38E+08
6128,1.52E+08
6129,1.09E+08
6130,1.11E+08
6131,9.93E+07
6132,1.03E+08
6133,1.07E+08
6134,9.86E+07
6135,1.33E+08
6136,1.51E+08
6137,1.49E+08
6138,1.08E+08
6139,1.04E+08
6140,1.06E+08
6141,9.74E+07
6142,1.08E+08
6143,1.33E+08
6144,1.48E+08
6145,1.46E+08
6146,1.07E+08
6147,1.07E+08
6148,1.03E+08
6149,1.04E+08
6150,9.51E+07
6151,1.07E+08
6152,1.35E+08
6153,1.49E+08
6154,1.44E+08
6155,1.09E+08
6156,1.13E+08
6157,1.05E+08
6158,9.72E+07
6159,1.03E+08
6160,9.81E+07
6161,1.34E+08
6162,1.44E+08
6163,1.44E+08
6164,1.10E+08
6165,1.13E+08
6166,1.01E+08
6167,1.03E+08
6168,1.02E+08
6169,9.78E+07
6170,1.29E+08
6171,1.44E+08
6172,1.38E+08
6173,1.47E+08
6174,1.10E+08
6175,1.10E+08
6176,1.01E+08
6177,1.02E+08
6178,9.61E+07
6179,9.81E+07
6180,1.24E+08
6181,1.44E+08
6182,1.41E+08
6183,1.01E+08
6184,1.06E+08
6185,9.37E+07
6186,9.69E+07
6187,9.22E+07
6188,9.40E+07
6189,1.23E+08
6190,1.39E+08
6191,1.37E+08
6192,9.99E+07
6193,9.21E+07
6194,9.18E+07
6195,9.52E+07
6196,1.26E+08
6197,1.38E+08
6198,1.32E+08
6199,1.00E+08
6200,1.01E+08
6201,9.31E+07
6202,9.29E+07
6203,8.74E+07
6204,1.22E+08
6205,1.35E+08
6206,1.28E+08
6207,1.28E+08
6208,1.01E+08
6209,8.83E+07
6210,9.49E+07
6211,9.74E+07
6212,8.96E+07
6213,8.79E+07
6214,1.20E+08
6215,1.23E+08
6216,1.28E+08
6217,9.50E+07
6218,9.69E+07
6219,9.46E+07
6220,8.29E+07
6221,9.27E+07
6222,9.25E+07
6223,8.27E+07
6224,1.21E+08
6225,1.31E+08
6226,1.25E+08
6227,9.71E+07
6228,9.53E+07
6229,8.99E+07
6230,7.93E+07
6231,8.55E+07
6232,1.17E+08
6233,1.22E+08
6234,1.25E+08
6235,9.62E+07
6236,9.80E+07
6237,9.38E+07
6238,8.80E+07
6239,9.08E+07
6240,1.15E+08
6241,1.22E+08
6242,1.30E+08
6243,9.55E+07
6244,9.48E+07
6245,8.21E+07
6246,8.77E+07
6247,1.16E+08
6248,1.33E+08
6249,1.23E+08
6250,9.63E+07
6251,8.41E+07
6252,8.31E+07
6253,8.10E+07
6254,1.17E+08
6255,1.23E+08
6256,1.21E+08
6257,9.60E+07
6258,9.53E+07
6259,8.09E+07
6260,8.25E+07
6261,8.29E+07
6262,8.08E+07
6263,1.12E+08
6264,1.22E+08
6265,1.23E+08
6266,9.70E+07
6267,8.20E+07
6268,8.38E+07
6269,8.13E+07
6270,1.05E+08
6271,1.16E+08
6272,1.20E+08
6273,8.77E+07
6274,9.12E+07
6275,8.53E+07
6276,7.73E+07
6277,7.48E+07
6278,1.04E+08
6279,1.19E+08
6280,1.13E+08
6281,8.66E+07
6282,8.58E+07
6283,8.44E+07
6284,8.06E+07
6285,7.42E+07
6286,7.22E+07
6287,1.03E+08
6288,1.12E+08
6289,1.10E+08
6290,8.61E+07
6291,8.56E+07
6292,8.01E+07
6293,7.90E+07
6294,7.15E+07
6295,9.76E+07
6296,1.08E+08
6297,1.05E+08
6298,8.58E+07
6299,7.82E+07
6300,9.20E+07
6301,1.03E+08
6302,9.90E+07
6303,7.66E+07
6304,7.92E+07
6305,8.06E+07
6306,7.03E+07
6307,6.35E+07
6308,7.43E+07
6309,5.61E+07
6310,9.12E+07
6311,9.74E+07
6312,9.46E+07
6313,7.58E+07
6314,6.68E+07
6315,6.93E+07
6316,6.97E+07
6317,6.23E+07
6318,9.17E+07
6319,9.36E+07
6320,8.98E+07
6321,9.72E+07
6322,7.63E+07
6323,7.73E+07
6324,6.64E+07
6325,6.89E+07
6326,6.99E+07
6327,8.72E+07
6328,9.83E+07
6329,9.46E+07
6330,7.74E+07
6331,6.73E+07
6332,6.93E+07
6333,6.12E+07
6334,6.71E+07
6335,8.11E+07
6336,9.00E+07
6337,8.58E+07
6338,7.19E+07
6339,7.28E+07
6340,6.47E+07
6341,6.35E+07
6342,5.67E+07
6343,6.03E+07
6344,7.47E+07
6345,8.45E+07
6346,7.85E+07
6347,7.04E+07
6348,6.21E+07
6349,5.89E+07
6350,5.05E+07
6351,6.83E+07
6352,7.36E+07
6353,7.04E+07
6354,6.21E+07
6355,6.38E+07
6356,6.57E+07
6357,5.72E+07
6358,5.49E+07
6359,4.59E+07
6360,6.34E+07
6361,6.85E+07
6362,6.20E+07
6363,6.07E+07
6364,4.92E+07
6365,5.34E+07
6366,5.37E+07
6367,3.99E+07
6368,5.17E+07
6369,5.86E+07
6370,5.75E+07
6371,4.00E+07
6372,4.38E+07
6373,4.59E+07
6374,4.13E+07
6375,5.00E+07
6376,5.05E+07
6377,3.93E+07
6378,3.12E+07
6379,4.28E+07
6380,3.86E+07
6381,3.30E+07
6382,2.69E+07
6383,2.94E+07
6384,2.88E+07
6385,2.93E+07
6386,2.26E+07
6387,2.39E+07
6388,3.16E+07
6389,3.25E+07
6390,4.58E+07
6391,5.04E+07
6392,2.89E+07
6393,2.91E+07
6394,2.52E+07
6395,3.01E+07
6396,3.44E+07
6397,2.67E+07
6398,2.24E+07
6399,2.45E+07
6400,4.20E+07
6401,3.32E+07
6402,4.36E+07
6403,5.07E+07
6404,2.86E+07
6405,2.26E+07
6406,3.02E+07
6407,2.33E+07
6408,1.98E+07
6409,2.04E+07
6410,8.83E+07
6411,9.33E+07
6412,6.06E+07
6413,6.65E+07
6414,7.11E+07
6415,6.80E+07
6416,6.28E+07
6417,4.42E+07
6418,5.98E+07
6419,5.25E+07
6420,4.34E+07
6421,4.18E+07
6422,4.26E+07
6423,4.37E+07
6424,7.00E+07
6425,6.98E+07
6426,6.47E+07
6427,5.77E+07
6428,5.67E+07
6429,4.90E+07
6430,4.79E+07
6431,5.54E+07
6432,4.83E+07
6433,4.74E+07
6434,7.81E+07
6435,7.75E+07
6436,7.20E+07
6437,6.43E+07
6438,6.03E+07
6439,5.15E+07
6440,5.80E+07
6441,5.79E+07
6442,4.90E+07
6443,8.55E+07
6444,8.63E+07
6445,8.32E+07
6446,6.95E+07
6447,5.94E+07
6448,6.35E+07
6449,6.28E+07
6450,5.46E+07
6451,9.02E+07
6452,9.10E+07
6453,8.74E+07
6454,7.16E+07
6455,7.31E+07
6456,6.43E+07
6457,6.77E+07
6458,6.52E+07
6459,6.44E+07
6460,8.94E+07
6461,1.02E+08
6462,9.24E+07
6463,9.38E+07
6464,7.57E+07
6465,7.78E+07
6466,6.71E+07
6467,6.71E+07
6468,7.05E+07
6469,6.52E+07
6470,8.98E+07
6471,9.86E+07
6472,9.83E+07
6473,7.09E+07
6474,7.44E+07
6475,6.73E+07
6476,6.57E+07
6477,6.33E+07
6478,6.15E+07
6479,9.53E+07
6480,1.04E+08
6481,1.02E+08
6482,7.47E+07
6483,7.12E+07
6484,6.72E+07
6485,6.97E+07
6486,7.61E+07
6487,9.93E+07
6488,1.02E+08
6489,1.05E+08
6490,7.64E+07
6491,8.05E+07
6492,7.61E+07
6493,7.10E+07
6494,7.22E+07
6495,7.76E+07
6496,1.03E+08
6497,1.13E+08
6498,1.07E+08
6499,8.24E+07
6500,7.75E+07
6501,7.33E+07
6502,7.93E+07
6503,7.59E+07
6504,6.93E+07
6505,7.08E+07
6506,1.06E+08
6507,1.15E+08
6508,1.13E+08
6509,8.35E+07
6510,8.41E+07
6511,7.86E+07
6512,7.39E+07
6513,8.23E+07
6514,7.94E+07
6515,1.09E+08
6516,1.17E+08
6517,1.15E+08
6518,8.48E+07
6519,8.67E+07
6520,8.01E+07
6521,8.16E+07
6522,8.30E+07
6523,8.03E+07
6524,1.11E+08
6525,1.24E+08
6526,1.21E+08
6527,8.87E+07
6528,8.27E+07
6529,8.04E+07
6530,8.48E+07
6531,8.45E+07
6532,8.28E+07
6533,1.10E+08
6534,1.22E+08
6535,1.22E+08
6536,8.68E+07
6537,8.84E+07
6538,8.10E+07
6539,7.94E+07
6540,8.39E+07
6541,1.15E+08
6542,1.25E+08
6543,1.22E+08
6544,8.58E+07
6545,8.96E+07
6546,8.06E+07
6547,8.22E+07
6548,7.85E+07
6549,8.33E+07
6550,8.30E+07
6551,1.20E+08
6552,1.31E+08
6553,1.31E+08
6554,9.58E+07
6555,8.45E+07
6556,8.91E+07
6557,8.98E+07
6558,1.15E+08
6559,1.26E+08
6560,1.30E+08
6561,1.29E+08
6562,9.03E+07
6563,9.45E+07
6564,8.92E+07
6565,8.24E+07
6566,8.76E+07
6567,8.83E+07
6568,1.17E+08
6569,1.27E+08
6570,8.68E+07
6571,9.68E+07
6572,8.57E+07
6573,7.91E+07
6574,8.63E+07
6575,1.21E+08
6576,1.35E+08
6577,1.32E+08
6578,1.02E+08
6579,8.90E+07
6580,9.19E+07
6581,8.30E+07
6582,9.59E+07
6583,1.19E+08
6584,1.33E+08
6585,1.32E+08
6586,9.09E+07
6587,9.77E+07
6588,1.01E+08
6589,8.64E+07
6590,8.57E+07
6591,9.37E+07
6592,9.45E+07
6593,1.21E+08
6594,1.35E+08
6595,1.35E+08
6596,9.72E+07
6597,9.71E+07
6598,9.57E+07
6599,9.06E+07
6600,9.39E+07
6601,7.21E+07
6602,1.23E+08
6603,1.37E+08
6604,1.35E+08
6605,9.35E+07
6606,9.94E+07
6607,9.37E+07
6608,9.46E+07
6609,9.12E+07
6610,9.49E+07
6611,1.31E+08
6612,1.32E+08
6613,1.36E+08
6614,9.94E+07
6615,9.40E+07
6616,9.39E+07
6617,9.46E+07
6618,9.39E+07
6619,1.29E+08
6620,1.45E+08
6621,1.31E+08
6622,1.39E+08
6623,1.07E+08
6624,9.90E+07
6625,1.02E+08
6626,1.01E+08
6627,1.20E+08
6628,1.38E+08
6629,1.38E+08
6630,9.08E+07
6631,9.75E+07
6632,9.11E+07
6633,9.20E+07
6634,8.94E+07
6635,9.29E+07
6636,1.00E+08
6637,8.84E+07
6638,1.25E+08
6639,1.41E+08
6640,1.38E+08
6641,9.04E+07
6642,9.58E+07
6643,8.82E+07
6644,9.36E+07
6645,1.00E+08
6646,8.52E+07
6647,8.80E+07
6648,1.29E+08
6649,1.49E+08
6650,1.47E+08
6651,1.01E+08
6652,9.43E+07
6653,9.94E+07
6654,9.38E+07
6655,1.03E+08
6656,9.72E+07
6657,9.13E+07
6658,1.29E+08
6659,1.40E+08
6660,1.46E+08
6661,9.87E+07
6662,9.97E+07
6663,9.86E+07
6664,9.09E+07
6665,1.01E+08
6666,9.19E+07
6667,1.33E+08
6668,1.45E+08
6669,1.36E+08
6670,1.41E+08
6671,1.01E+08
6672,1.05E+08
6673,1.01E+08
6674,1.01E+08
6675,9.96E+07
6676,9.41E+07
6677,1.32E+08
6678,1.47E+08
6679,1.45E+08
6680,1.06E+08
6681,9.79E+07
6682,1.00E+08
6683,1.28E+08
6684,1.45E+08
6685,1.47E+08
6686,1.04E+08
6687,9.78E+07
6688,9.59E+07
6689,9.78E+07
6690,9.97E+07
6691,9.94E+07
6692,8.63E+07
6693,1.30E+08
6694,1.42E+08
6695,1.42E+08
6696,9.58E+07
6697,1.04E+08
6698,9.60E+07
6699,9.31E+07
6700,9.51E+07
6701,9.71E+07
6702,1.34E+08
6703,1.50E+08
6704,1.46E+08
6705,1.08E+08
6706,1.02E+08
6707,1.01E+08
6708,9.95E+07
6709,1.02E+08
6710,1.28E+08
6711,1.47E+08
6712,1.41E+08
6713,1.48E+08
6714,1.08E+08
6715,1.07E+08
6716,9.99E+07
6717,1.00E+08
6718,9.75E+07
6719,1.24E+08
6720,1.46E+08
6721,1.43E+08
6722,9.42E+07
6723,1.04E+08
6724,9.27E+07
6725,9.06E+07
6726,9.31E+07
6727,1.28E+08
6728,1.45E+08
6729,1.47E+08
6730,9.81E+07
6731,9.50E+07
6732,9.29E+07
6733,9.36E+07
6734,9.16E+07
6735,9.90E+07
6736,1.30E+08
6737,1.46E+08
6738,1.47E+08
6739,1.01E+08
6740,9.58E+07
6741,9.84E+07
6742,1.02E+08
6743,1.07E+08
6744,1.27E+08
6745,1.39E+08
6746,1.45E+08
6747,1.44E+08
6748,1.01E+08
6749,9.77E+07
6750,9.56E+07
6751,9.56E+07
6752,9.74E+07
6753,1.07E+08
6754,1.24E+08
6755,1.42E+08
6756,1.40E+08
6757,9.53E+07
6758,9.50E+07
6759,9.40E+07
6760,9.37E+07
6761,9.40E+07
6762,1.25E+08
6763,1.39E+08
6764,1.44E+08
6765,9.55E+07
6766,9.47E+07
6767,9.41E+07
6768,9.50E+07
6769,9.29E+07
6770,9.31E+07
6771,1.25E+08
6772,1.47E+08
6773,1.45E+08
6774,9.73E+07
6775,1.05E+08
6776,9.67E+07
6777,9.75E+07
6778,9.59E+07
6779,8.47E+07
6780,1.23E+08
6781,1.41E+08
6782,1.44E+08
6783,1.01E+08
6784,1.03E+08
6785,9.32E+07
6786,1.01E+08
6787,1.22E+08
6788,1.45E+08
6789,1.01E+08
6790,9.60E+07
6791,1.02E+08
6792,9.03E+07
6793,1.25E+08
6794,1.39E+08
6795,1.44E+08
6796,1.01E+08
6797,9.24E+07
6798,8.99E+07
6799,9.51E+07
6800,9.66E+07
6801,8.94E+07
6802,1.25E+08
6803,1.44E+08
6804,1.43E+08
6805,1.00E+08
6806,9.52E+07
6807,9.37E+07
6808,8.91E+07
6809,9.76E+07
6810,9.22E+07
6811,1.00E+08
6812,1.22E+08
6813,1.42E+08
6814,1.41E+08
6815,9.76E+07
6816,9.07E+07
6817,9.32E+07
6818,9.49E+07
6819,8.95E+07
6820,1.21E+08
6821,1.35E+08
6822,1.41E+08
6823,9.69E+07
6824,9.18E+07
6825,8.99E+07
6826,8.97E+07
6827,9.24E+07
6828,9.34E+07
6829,1.21E+08
6830,1.37E+08
6831,1.35E+08
6832,9.25E+07
6833,9.22E+07
6834,9.05E+07
6835,8.97E+07
6836,9.36E+07
6837,1.18E+08
6838,1.33E+08
6839,1.37E+08
6840,9.16E+07
6841,9.07E+07
6842,9.17E+07
6843,9.09E+07
6844,9.33E+07
6845,1.12E+08
6846,1.27E+08
6847,1.25E+08
6848,1.31E+08
6849,8.96E+07
6850,9.11E+07
6851,8.52E+07
6852,8.94E+07
6853,8.86E+07
6854,8.87E+07
6855,1.05E+08
6856,1.24E+08
6857,8.37E+07
6858,8.75E+07
6859,8.21E+07
6860,8.36E+07
6861,8.52E+07
6862,9.87E+07
6863,1.15E+08
6864,1.20E+08
6865,7.70E+07
6866,8.06E+07
6867,7.39E+07
6868,7.78E+07
6869,8.06E+07
6870,8.20E+07
6871,9.75E+07
6872,7.39E+07
6873,1.12E+08
6874,7.44E+07
6875,7.10E+07
6876,7.64E+07
6877,7.49E+07
6878,1.12E+08
6879,8.37E+07
6880,1.30E+08
6881,1.28E+08
6882,6.55E+07
6883,9.39E+07
6884,9.35E+07
6885,1.37E+08
6886,1.33E+08
6887,7.75E+07
6888,8.09E+07
6889,1.02E+08
6890,9.76E+07
6891,8.39E+05
6892,6.70E+05
6893,8.88E+07
6894,7.20E+07
6895,1.11E+08
6896,1.08E+08
6897,1.21E+08
6898,6.97E+07
6899,7.70E+07
6900,8.87E+07
6901,8.59E+07
6902,2.35E+06
6903,1.04E+06
6904,9.68E+05
6905,1.48E+06
6906,2.20E+06
6907,7.63E+05
6908,5.57E+06
6909,8.94E+05
6910,4.87E+06
6911,3.25E+06
6912,9.79E+06
6913,1.76E+06
6914,7.11E+06
6915,9.97E+06
6916,1.44E+07
6917,2.07E+06
6918,1.19E+07
6919,2.04E+07
6920,1.80E+07
6921,1.46E+07
6922,2.77E+07
6923,2.57E+07
6924,2.13E+07
6925,3.75E+07
6926,2.97E+07
6927,3.50E+07
6928,4.99E+07
6929,4.69E+07
6930,4.08E+07
6931,6.30E+07
6932,5.35E+07
6933,6.00E+07
6934,7.46E+07
6935,4.08E+06
6936,6.65E+07
6937,7.34E+07
6938,8.14E+07
6939,8.17E+07
6940,7.86E+07
6941,8.25E+07
6942,8.29E+07
6943,8.34E+07
6944,3.76E+07
6945,7.98E+07
6946,8.24E+07
6947,8.11E+07
6948,4.25E+07
6949,4.44E+07
6950,3.71E+07
6951,7.61E+07
6952,7.78E+07
6953,7.90E+07
6954,5.77E+07
6955,4.04E+07
6956,7.47E+07
6957,7.62E+07
6958,7.70E+07
6959,5.61E+07
6960,6.53E+07
6961,6.24E+07
6962,9.61E+07
6963,7.72E+07
6964,6.55E+07
6965,6.18E+07
6966,6.98E+07
6967,2.72E+07
6968,4.08E+07
6969,2.98E+07
6970,4.50E+07
6971,3.94E+07
6972,4.03E+07
6973,5.91E+07
6974,5.42E+07
6975,2.08E+07
6976,2.35E+07
6977,2.13E+07
6978,1.84E+07
6979,3.07E+07
6980,2.64E+07
6981,1.97E+07
6982,1.81E+07
6983,3.34E+07
6984,4.42E+07
6985,2.75E+07
6986,1.79E+07
6987,4.11E+07
6988,2.40E+07
6989,1.68E+07
6990,2.66E+07
6991,3.42E+07
6992,7.43E+05
6993,1.24E+06
6994,4.18E+05
6995,1.17E+06
6996,1.25E+06
6997,3.22E+05
6998,1.40E+06
6999,2.00E+06
7000,3.10E+05
7001,1.70E+06
7002,1.73E+06
7003,2.73E+06
7004,2.70E+05
7005,2.79E+06
7006,2.55E+06
7007,2.21E+06
7008,1.16E+06
7009,1.23E+06
7010,2.77E+06
7011,99775
7012,3.03E+06
7013,2.90E+06
7014,1.47E+06
7015,2.15E+06
7016,2.65E+05
7017,2.35E+06
7018,2.69E+06
7019,1.03E+06
7020,1.36E+06
7021,2.62E+05
7022,1.74E+06
7023,1.95E+06
7024,6.36E+05
7025,8.85E+05
7026,3.74E+05
7027,1.38E+06
7028,5.24E+05
7029,7.74E+07
7030,6.17E+07
7031,8.01E+07
7032,5.63E+07
7033,7.08E+07
7034,7.55E+07
7035,7.81E+07
7036,7.59E+07
7037,5.47E+07
7038,5.44E+07
7039,6.85E+07
7040,6.87E+07
7041,6.52E+07
7042,7.76E+07
7043,7.72E+07
7044,7.78E+07
7045,7.60E+07
7046,5.47E+07
7047,6.52E+07
7048,5.61E+07
7049,8.10E+07
7050,7.98E+07
7051,8.07E+07
7052,3.58E+07
7053,5.67E+07
7054,5.81E+07
7055,8.27E+07
7056,8.29E+07
7057,8.22E+07
7058,3.72E+07
7059,4.57E+07
7060,4.46E+07
7061,7.98E+07
7062,8.26E+07
7063,8.31E+07
7064,8.31E+07
7065,4.48E+07
7066,7.08E+07
7067,4.13E+06
7068,3.85E+06
7069,7.55E+07
7070,7.95E+07
7071,5.79E+07
7072,5.16E+06
7073,4.08E+06
7074,6.96E+07
7075,6.06E+07
7076,4.45E+07
7077,4.46E+06
7078,5.36E+07
7079,4.47E+07
7080,2.50E+07
7081,3.23E+07
7082,3.82E+07
7083,3.49E+07
7084,1.86E+07
7085,2.34E+07
7086,2.30E+06
7087,3.71E+06
7088,2.45E+07
7089,2.92E+07
7090,1.70E+07
7091,1.85E+06
7092,2.11E+07
7093,1.81E+07
7094,1.15E+07
7095,1.61E+06
7096,1.50E+07
7097,1.25E+07
7098,7.17E+06
7099,1.38E+06
7100,8.25E+06
7101,1.01E+07
7102,3.54E+06
7103,1.03E+06
7104,6.30E+06
7105,4.64E+06
7106,6.77E+05
7107,7.98E+05
7108,1.86E+06
7109,2.94E+06
7110,3.16E+07
7111,4.41E+07
7112,3.27E+07
7113,4.03E+07
7114,5.97E+07
7115,5.50E+07
7116,5.98E+07
7117,4.25E+07
7118,1.93E+07
7119,2.31E+07
7120,2.20E+07
7121,2.51E+07
7122,1.87E+07
7123,2.72E+07
7124,2.30E+07
7125,3.25E+07
7126,4.33E+07
7127,2.20E+07
7128,1.81E+07
7129,1.61E+07
7130,2.52E+07
7131,1.60E+07
7132,1.55E+07
7133,3.29E+07
7134,8.55E+06
7135,9.57E+06
7136,9.94E+06
7137,5.26E+06
7138,5.58E+06
7139,3.90E+06
7140,6.55E+06
7141,7.90E+06
7142,4.87E+06
7143,4.48E+06
7144,3.89E+06
7145,3.86E+06
7146,4.77E+06
7147,8.95E+05
7148,8.55E+05
7149,8.74E+06
7150,7.18E+06
7151,7.92E+06
7152,4.32E+06
7153,4.73E+06
7154,9.49E+06
7155,1.01E+07
7156,5.52E+06
7157,6.09E+06
7158,1.12E+08
7159,8.34E+07
7160,8.40E+07
7161,1.18E+08
7162,1.23E+08
7163,6.89E+07
7164,5.20E+07
7165,6.77E+07
7166,8.31E+07
7167,8.69E+07
7168,9.30E+07
7169,8.81E+07
7170,5.60E+07
7171,5.80E+07
7172,7.04E+07
7173,3.13E+07
7174,3.13E+07
7175,6.21E+07
7176,6.40E+07
7177,6.24E+07
7178,2.10E+07
7179,3.91E+07
7180,3.96E+07
7181,1.06E+08
7182,5.26E+07
7183,8.84E+07
7184,8.55E+07
7185,5.52E+07
7186,6.05E+07
7187,5.46E+07
7188,1.16E+08
7189,1.11E+08
7190,1.17E+08
7191,6.84E+07
7192,6.49E+07
7193,7.05E+07
7194,4.52E+07
7195,5.22E+07
7196,4.13E+07
7197,3.34E+07
7198,3.82E+07
7199,3.64E+07
7200,3.42E+07
7201,3.49E+07
7202,4.09E+07
7203,3.06E+07
7204,3.14E+07
7205,2.95E+07
7206,6.42E+07
7207,5.20E+07
7208,3.91E+07
7209,5.24E+07
7210,6.09E+07
7211,5.82E+07
7212,4.69E+07
7213,4.25E+07
7214,4.61E+07
7215,4.19E+07
7216,4.25E+07
7217,5.22E+07
7218,6.87E+07
7219,6.63E+07
7220,6.29E+07
7221,6.11E+07
7222,5.96E+07
7223,4.86E+07
7224,4.79E+07
7225,5.02E+07
7226,7.39E+07
7227,7.30E+07
7228,6.93E+07
7229,6.38E+07
7230,5.28E+07
7231,5.07E+07
7232,5.30E+07
7233,5.94E+07
7234,7.79E+07
7235,7.70E+07
7236,7.46E+07
7237,6.82E+07
7238,6.61E+07
7239,5.63E+07
7240,5.48E+07
7241,6.17E+07
7242,8.30E+07
7243,8.54E+07
7244,7.88E+07
7245,6.99E+07
7246,5.80E+07
7247,6.34E+07
7248,5.67E+07
7249,9.19E+07
7250,8.98E+07
7251,9.20E+07
7252,7.28E+07
7253,7.52E+07
7254,6.17E+07
7255,6.80E+07
7256,5.54E+07
7257,6.02E+07
7258,5.97E+07
7259,6.75E+07
7260,9.49E+07
7261,9.85E+07
7262,9.59E+07
7263,8.07E+07
7264,6.84E+07
7265,7.31E+07
7266,6.43E+07
7267,9.48E+07
7268,1.00E+08
7269,9.60E+07
7270,7.90E+07
7271,7.85E+07
7272,6.59E+07
7273,7.07E+07
7274,6.60E+07
7275,9.82E+07
7276,1.05E+08
7277,1.03E+08
7278,8.10E+07
7279,8.27E+07
7280,6.83E+07
7281,6.96E+07
7282,7.56E+07
7283,6.82E+07
7284,1.01E+08
7285,1.09E+08
7286,1.06E+08
7287,8.39E+07
7288,7.06E+07
7289,7.38E+07
7290,7.04E+07
7291,7.68E+07
7292,1.03E+08
7293,1.10E+08
7294,1.09E+08
7295,8.62E+07
7296,8.53E+07
7297,7.51E+07
7298,7.12E+07
7299,7.16E+07
7300,1.09E+08
7301,1.10E+08
7302,1.13E+08
7303,8.68E+07
7304,8.77E+07
7305,7.33E+07
7306,7.59E+07
7307,7.98E+07
7308,7.21E+07
7309,1.11E+08
7310,1.17E+08
7311,1.19E+08
7312,9.29E+07
7313,7.73E+07
7314,8.43E+07
7315,1.13E+08
7316,1.17E+08
7317,1.18E+08
7318,9.03E+07
7319,9.01E+07
7320,7.51E+07
7321,8.14E+07
7322,8.19E+07
7323,7.73E+07
7324,8.34E+07
7325,1.15E+08
7326,1.21E+08
7327,1.25E+08
7328,9.48E+07
7329,8.58E+07
7330,8.14E+07
7331,8.79E+07
7332,9.35E+07
7333,1.15E+08
7334,1.23E+08
7335,9.36E+07
7336,9.26E+07
7337,7.73E+07
7338,8.54E+07
7339,9.12E+07
7340,1.13E+08
7341,1.26E+08
7342,1.26E+08
7343,9.56E+07
7344,8.47E+07
7345,8.22E+07
7346,8.04E+07
7347,9.37E+07
7348,1.22E+08
7349,1.23E+08
7350,1.21E+08
7351,9.19E+07
7352,8.88E+07
7353,9.42E+07
7354,8.03E+07
7355,8.39E+07
7356,7.75E+07
7357,8.52E+07
7358,8.47E+07
7359,1.27E+08
7360,1.41E+08
7361,1.31E+08
7362,1.35E+08
7363,1.07E+08
7364,9.35E+07
7365,9.66E+07
7366,8.99E+07
7367,1.21E+08
7368,1.35E+08
7369,1.34E+08
7370,1.02E+08
7371,9.92E+07
7372,8.89E+07
7373,8.63E+07
7374,8.92E+07
7375,8.69E+07
7376,1.24E+08
7377,1.36E+08
7378,1.37E+08
7379,1.04E+08
7380,8.84E+07
7381,9.77E+07
7382,8.99E+07
7383,1.27E+08
7384,1.39E+08
7385,1.35E+08
7386,1.04E+08
7387,1.06E+08
7388,9.88E+07
7389,8.99E+07
7390,1.28E+08
7391,1.41E+08
7392,1.42E+08
7393,1.04E+08
7394,9.24E+07
7395,1.00E+08
7396,9.87E+07
7397,9.21E+07
7398,1.28E+08
7399,1.42E+08
7400,1.41E+08
7401,1.04E+08
7402,1.05E+08
7403,9.22E+07
7404,9.86E+07
7405,9.32E+07
7406,9.93E+07
7407,1.31E+08
7408,1.43E+08
7409,1.43E+08
7410,1.06E+08
7411,1.06E+08
7412,1.01E+08
7413,9.42E+07
7414,9.52E+07
7415,1.00E+08
7416,8.85E+07
7417,1.32E+08
7418,1.44E+08
7419,1.42E+08
7420,1.08E+08
7421,1.03E+08
7422,9.61E+07
7423,1.03E+08
7424,1.05E+08
7425,1.33E+08
7426,1.40E+08
7427,1.43E+08
7428,1.08E+08
7429,1.10E+08
7430,1.02E+08
7431,1.07E+08
7432,1.04E+08
7433,9.94E+07
7434,1.37E+08
7435,1.46E+08
7436,1.38E+08
7437,1.52E+08
7438,1.11E+08
7439,1.12E+08
7440,1.03E+08
7441,1.03E+08
7442,1.10E+08
7443,1.02E+08
7444,1.39E+08
7445,1.55E+08
7446,1.55E+08
7447,1.12E+08
7448,1.14E+08
7449,9.92E+07
7450,1.05E+08
7451,1.05E+08
7452,9.89E+07
7453,1.36E+08
7454,1.39E+08
7455,1.49E+08
7456,1.54E+08
7457,1.12E+08
7458,1.14E+08
7459,9.87E+07
7460,1.05E+08
7461,1.05E+08
7462,9.75E+07
7463,1.36E+08
7464,1.47E+08
7465,1.44E+08
7466,1.10E+08
7467,1.10E+08
7468,1.04E+08
7469,1.03E+08
7470,9.50E+07
7471,1.41E+08
7472,1.54E+08
7473,1.47E+08
7474,1.13E+08
7475,1.12E+08
7476,1.07E+08
7477,1.03E+08
7478,1.04E+08
7479,9.75E+07
7480,1.39E+08
7481,1.56E+08
7482,1.49E+08
7483,1.17E+08
7484,1.07E+08
7485,1.07E+08
7486,1.39E+08
7487,1.43E+08
7488,1.44E+08
7489,1.11E+08
7490,1.13E+08
7491,1.01E+08
7492,1.03E+08
7493,1.44E+08
7494,1.54E+08
7495,1.53E+08
7496,1.18E+08
7497,1.08E+08
7498,1.11E+08
7499,9.86E+07
7500,9.45E+07
7501,1.38E+08
7502,1.49E+08
7503,1.55E+08
7504,1.14E+08
7505,1.16E+08
7506,1.06E+08
7507,9.68E+07
7508,9.58E+07
7509,1.40E+08
7510,1.48E+08
7511,1.51E+08
7512,1.10E+08
7513,1.10E+08
7514,1.02E+08
7515,1.05E+08
7516,9.26E+07
7517,1.41E+08
7518,1.57E+08
7519,1.58E+08
7520,1.16E+08
7521,1.11E+08
7522,1.00E+08
7523,1.03E+08
7524,9.13E+07
7525,1.37E+08
7526,1.51E+08
7527,1.44E+08
7528,1.11E+08
7529,1.12E+08
7530,1.05E+08
7531,1.06E+08
7532,1.00E+08
7533,9.67E+07
7534,1.04E+08
7535,1.43E+08
7536,1.45E+08
7537,1.52E+08
7538,1.14E+08
7539,1.14E+08
7540,1.06E+08
7541,1.01E+08
7542,1.03E+08
7543,1.42E+08
7544,1.58E+08
7545,1.58E+08
7546,1.19E+08
7547,1.03E+08
7548,1.07E+08
7549,1.08E+08
7550,1.34E+08
7551,1.44E+08
7552,1.53E+08
7553,1.13E+08
7554,1.08E+08
7555,1.04E+08
7556,9.73E+07
7557,9.98E+07
7558,1.02E+08
7559,1.37E+08
7560,1.52E+08
7561,1.42E+08
7562,1.05E+08
7563,1.09E+08
7564,1.01E+08
7565,1.04E+08
7566,9.71E+07
7567,8.95E+07
7568,1.37E+08
7569,1.58E+08
7570,1.50E+08
7571,1.14E+08
7572,1.10E+08
7573,9.55E+07
7574,1.00E+08
7575,1.37E+08
7576,1.43E+08
7577,1.43E+08
7578,1.06E+08
7579,1.10E+08
7580,1.09E+08
7581,1.01E+08
7582,1.04E+08
7583,9.37E+07
7584,1.38E+08
7585,1.50E+08
7586,1.51E+08
7587,1.16E+08
7588,1.08E+08
7589,1.01E+08
7590,1.01E+08
7591,1.33E+08
7592,1.46E+08
7593,1.46E+08
7594,1.10E+08
7595,1.11E+08
7596,9.92E+07
7597,1.02E+08
7598,9.64E+07
7599,9.61E+07
7600,1.33E+08
7601,1.39E+08
7602,1.45E+08
7603,1.10E+08
7604,1.14E+08
7605,9.90E+07
7606,9.60E+07
7607,9.92E+07
7608,1.33E+08
7609,1.39E+08
7610,1.42E+08
7611,1.14E+08
7612,9.72E+07
7613,1.03E+08
7614,9.99E+07
7615,1.28E+08
7616,1.41E+08
7617,1.40E+08
7618,1.07E+08
7619,1.14E+08
7620,9.60E+07
7621,1.02E+08
7622,1.24E+08
7623,1.36E+08
7624,1.38E+08
7625,1.05E+08
7626,1.03E+08
7627,9.29E+07
7628,9.85E+07
7629,9.76E+07
7630,1.21E+08
7631,1.35E+08
7632,1.37E+08
7633,1.05E+08
7634,1.01E+08
7635,9.49E+07
7636,8.63E+07
7637,9.79E+07
7638,1.01E+08
7639,1.27E+08
7640,1.31E+08
7641,9.85E+07
7642,9.47E+07
7643,9.25E+07
7644,9.18E+07
7645,9.82E+07
7646,6.40E+07
7647,4.13E+07
7648,4.78E+07
7649,4.90E+07
7650,4.76E+07
7651,4.16E+07
7652,4.65E+07
7653,4.52E+07
7654,3.79E+07
7655,4.28E+07
7656,4.56E+07
7657,7.87E+07
7658,5.40E+07
7659,5.82E+07
7660,5.44E+07
7661,5.84E+07
7662,5.30E+07
7663,5.08E+07
7664,3.90E+07
7665,4.31E+07
7666,3.52E+07
7667,4.77E+07
7668,4.70E+07
7669,1.02E+08
7670,6.62E+07
7671,8.09E+07
7672,7.46E+07
7673,6.87E+07
7674,6.28E+07
7675,5.66E+07
7676,6.31E+07
7677,4.81E+07
7678,5.61E+07
7679,5.65E+07
7680,1.26E+08
7681,9.46E+07
7682,1.04E+08
7683,9.30E+07
7684,8.99E+07
7685,9.96E+07
7686,7.37E+07
7687,7.82E+07
7688,6.84E+07
7689,6.20E+07
7690,7.17E+07
7691,5.70E+07
7692,8.94E+07
7693,1.41E+08
7694,1.15E+08
7695,1.28E+08
7696,1.09E+08
7697,1.10E+08
7698,8.12E+07
7699,9.67E+07
7700,8.15E+07
7701,8.77E+07
7702,1.01E+08
7703,7.67E+07
7704,7.25E+07
7705,8.12E+07
7706,9.99E+07
7707,1.38E+08
7708,1.36E+08
7709,1.27E+08
7710,1.12E+08
7711,1.15E+08
7712,1.05E+08
7713,8.77E+07
7714,9.99E+07
7715,9.42E+07
7716,7.92E+07
7717,1.17E+08
7718,1.19E+08
7719,1.16E+08
7720,1.09E+08
7721,1.03E+08
7722,1.04E+08
7723,7.14E+07
7724,9.99E+07
7725,8.94E+07
7726,8.41E+07
7727,8.60E+07
7728,7.71E+07
7729,1.07E+08
7730,7.17E+07
7731,8.44E+07
7732,7.77E+07
7733,9.53E+07
7734,8.18E+07
7735,9.51E+07
7736,9.14E+07
7737,8.64E+07
7738,8.61E+07
7739,7.73E+07
7740,6.19E+07
7741,8.63E+07
7742,5.69E+07
7743,6.56E+07
7744,6.98E+07
7745,5.57E+07
7746,7.34E+07
7747,5.87E+07
7748,7.08E+07
7749,6.55E+07
7750,7.11E+07
7751,6.57E+07
7752,7.31E+07
7753,6.51E+07
7754,5.77E+07
7755,5.47E+07
7756,4.39E+07
7757,6.32E+07
7758,4.79E+07
7759,5.97E+07
7760,4.53E+07
7761,4.02E+07
7762,5.22E+07
7763,5.02E+07
7764,4.86E+07
7765,5.28E+07
7766,4.29E+07
7767,4.11E+07
7768,4.54E+07
7769,4.57E+07
7770,3.72E+07
7771,4.10E+07
7772,3.66E+07
7773,5.02E+07
7774,4.37E+07
7775,6.06E+07
7776,9.23E+07
7777,8.66E+07
7778,6.67E+07
7779,6.94E+07
7780,6.85E+07
7781,4.17E+07
7782,8.38E+07
7783,4.59E+07
7784,4.31E+07
7785,3.98E+07
7786,4.97E+07
7787,5.89E+07
7788,5.20E+07
7789,4.82E+07
7790,2.58E+07
7791,3.37E+07
7792,2.60E+07
7793,3.33E+07
7794,3.71E+07
7795,3.13E+07
7796,3.69E+07
7797,3.08E+07
7798,3.02E+07
7799,2.35E+07
7800,2.31E+07
7801,2.18E+07
7802,2.75E+07
7803,2.44E+07
7804,2.09E+07
7805,2.17E+07
7806,2.02E+07
7807,1.11E+08
7808,1.33E+08
7809,1.36E+08
7810,8.27E+07
7811,8.04E+07
7812,9.99E+07
7813,9.02E+07
7814,9.57E+07
7815,1.29E+08
7816,1.29E+08
7817,7.19E+07
7818,8.20E+07
7819,9.06E+07
7820,9.35E+07
7821,4.19E+07
7822,4.42E+07
7823,3.61E+07
7824,3.10E+07
7825,4.77E+07
7826,5.46E+07
7827,6.08E+07
7828,5.03E+07
7829,4.63E+07
7830,4.32E+07
7831,2.73E+07
7832,2.76E+07
7833,3.67E+07
7834,3.45E+07
7835,3.66E+07
7836,3.61E+07
7837,3.00E+07
7838,3.23E+07
7839,2.76E+07
7840,2.15E+07
7841,2.48E+07
7842,2.39E+07
7843,2.76E+07
7844,2.12E+07
7845,2.51E+07
7846,1.96E+07
7847,2.30E+07
7848,2.31E+07
7849,1.94E+07
7850,5.39E+07
7851,5.88E+07
7852,5.27E+07
7853,5.50E+07
7854,4.74E+07
7855,5.18E+07
7856,5.67E+07
7857,5.74E+07
7858,5.24E+07
7859,5.77E+07
7860,5.29E+07
7861,5.39E+07
7862,5.32E+07
7863,3.89E+07
7864,4.02E+07
7865,4.07E+07
7866,4.70E+07
7867,4.46E+07
7868,4.34E+07
7869,4.66E+07
7870,3.99E+07
7871,4.52E+07
7872,4.29E+07
7873,4.16E+07
7874,4.29E+07
7875,4.22E+07
7876,3.15E+07
7877,3.71E+07
7878,3.14E+07
7879,3.35E+07
7880,3.51E+07
7881,2.86E+07
7882,2.89E+07
7883,2.95E+07
7884,3.14E+07
7885,2.33E+07
7886,9.79E+07
7887,7.36E+07
7888,1.10E+08
7889,7.57E+07
7890,7.44E+07
7891,7.47E+07
7892,7.74E+07
7893,7.64E+07
7894,1.04E+08
7895,1.14E+08
7896,1.21E+08
7897,7.96E+07
7898,8.22E+07
7899,8.15E+07
7900,7.73E+07
7901,8.05E+07
7902,8.21E+07
7903,1.08E+08
7904,1.24E+08
7905,8.33E+07
7906,8.37E+07
7907,8.34E+07
7908,7.99E+07
7909,8.44E+07
7910,8.45E+07
7911,7.82E+07
7912,1.13E+08
7913,1.26E+08
7914,1.30E+08
7915,8.54E+07
7916,9.58E+07
7917,8.57E+07
7918,8.53E+07
7919,8.59E+07
7920,8.45E+07
7921,8.64E+07
7922,1.16E+08
7923,1.34E+08
7924,1.33E+08
7925,9.79E+07
7926,8.85E+07
7927,9.34E+07
7928,8.03E+07
7929,8.73E+07
7930,8.32E+07
7931,1.20E+08
7932,1.34E+08
7933,1.30E+08
7934,8.79E+07
7935,9.82E+07
7936,9.85E+07
7937,9.27E+07
7938,9.35E+07
7939,8.91E+07
7940,7.98E+07
7941,1.21E+08
7942,1.41E+08
7943,1.34E+08
7944,1.02E+08
7945,9.71E+07
7946,9.50E+07
7947,9.35E+07
7948,9.03E+07
7949,1.22E+08
7950,1.36E+08
7951,1.36E+08
7952,9.25E+07
7953,8.88E+07
7954,9.85E+07
7955,9.00E+07
7956,8.68E+07
7957,8.55E+07
7958,9.48E+07
7959,1.26E+08
7960,1.45E+08
7961,1.41E+08
7962,9.73E+07
7963,9.60E+07
7964,9.37E+07
7965,9.45E+07
7966,9.99E+07
7967,1.30E+08
7968,1.38E+08
7969,1.44E+08
7970,9.69E+07
7971,1.05E+08
7972,9.52E+07
7973,9.27E+07
7974,9.51E+07
7975,1.26E+08
7976,1.42E+08
7977,1.41E+08
7978,1.49E+08
7979,1.09E+08
7980,9.89E+07
7981,1.15E+08
7982,9.76E+07
7983,1.23E+08
7984,1.41E+08
7985,9.41E+07
7986,1.01E+08
7987,9.22E+07
7988,8.93E+07
7989,1.26E+08
7990,1.49E+08
7991,1.47E+08
7992,9.91E+07
7993,9.79E+07
7994,9.73E+07
7995,9.81E+07
7996,1.03E+08
7997,9.55E+07
7998,9.54E+07
7999,1.27E+08
8000,1.43E+08
8001,1.46E+08
8002,9.82E+07
8003,9.55E+07
8004,9.44E+07
8005,9.29E+07
8006,1.01E+08
8007,9.00E+07
8008,1.29E+08
8009,1.51E+08
8010,1.49E+08
8011,1.02E+08
8012,1.01E+08
8013,9.78E+07
8014,9.85E+07
8015,8.82E+07
8016,9.46E+07
8017,1.28E+08
8018,1.40E+08
8019,1.47E+08
8020,9.96E+07
8021,9.66E+07
8022,9.54E+07
8023,9.76E+07
8024,9.43E+07
8025,9.50E+07
8026,1.27E+08
8027,1.46E+08
8028,1.41E+08
8029,9.87E+07
8030,1.04E+08
8031,1.00E+08
8032,9.71E+07
8033,9.58E+07
8034,1.27E+08
8035,1.48E+08
8036,1.45E+08
8037,1.45E+08
8038,1.01E+08
8039,1.00E+08
8040,9.89E+07
8041,9.82E+07
8042,9.43E+07
8043,9.55E+07
8044,8.02E+07
8045,1.29E+08
8046,1.45E+08
8047,1.50E+08
8048,1.04E+08
8049,1.01E+08
8050,1.03E+08
8051,9.93E+07
8052,1.31E+08
8053,1.47E+08
8054,1.44E+08
8055,1.03E+08
8056,1.01E+08
8057,9.71E+07
8058,1.02E+08
8059,9.59E+07
8060,9.86E+07
8061,1.34E+08
8062,1.45E+08
8063,1.49E+08
8064,1.03E+08
8065,1.08E+08
8066,9.97E+07
8067,9.43E+07
8068,9.85E+07
8069,1.32E+08
8070,1.46E+08
8071,1.47E+08
8072,1.51E+08
8073,1.09E+08
8074,1.00E+08
8075,9.53E+07
8076,9.20E+07
8077,1.14E+08
8078,1.27E+08
8079,1.45E+08
8080,1.48E+08
8081,9.84E+07
8082,1.06E+08
8083,9.55E+07
8084,9.45E+07
8085,8.91E+07
8086,1.11E+08
8087,1.27E+08
8088,1.44E+08
8089,1.44E+08
8090,9.96E+07
8091,9.67E+07
8092,9.46E+07
8093,9.82E+07
8094,9.41E+07
8095,9.34E+07
8096,8.77E+07
8097,1.25E+08
8098,1.47E+08
8099,1.44E+08
8100,1.01E+08
8101,9.89E+07
8102,9.43E+07
8103,9.80E+07
8104,1.01E+08
8105,1.26E+08
8106,1.39E+08
8107,1.44E+08
8108,9.48E+07
8109,9.76E+07
8110,1.03E+08
8111,9.30E+07
8112,9.74E+07
8113,9.45E+07
8114,8.64E+07
8115,9.77E+07
8116,1.29E+08
8117,1.44E+08
8118,1.43E+08
8119,1.08E+08
8120,9.75E+07
8121,1.02E+08
8122,9.56E+07
8123,1.06E+08
8124,1.29E+08
8125,1.42E+08
8126,1.42E+08
8127,1.06E+08
8128,1.00E+08
8129,9.29E+07
8130,1.04E+08
8131,9.81E+07
8132,1.28E+08
8133,1.34E+08
8134,1.40E+08
8135,1.46E+08
8136,9.91E+07
8137,1.03E+08
8138,9.58E+07
8139,9.65E+07
8140,9.80E+07
8141,1.01E+08
8142,1.07E+08
8143,1.22E+08
8144,1.34E+08
8145,1.34E+08
8146,9.46E+07
8147,9.31E+07
8148,9.04E+07
8149,9.17E+07
8150,1.02E+08
8151,1.23E+08
8152,1.34E+08
8153,1.31E+08
8154,9.19E+07
8155,1.00E+08
8156,9.14E+07
8157,8.79E+07
8158,9.10E+07
8159,1.01E+08
8160,1.26E+08
8161,1.35E+08
8162,1.41E+08
8163,1.03E+08
8164,9.46E+07
8165,9.13E+07
8166,9.46E+07
8167,9.44E+07
8168,1.21E+08
8169,1.41E+08
8170,1.37E+08
8171,9.80E+07
8172,1.03E+08
8173,9.56E+07
8174,8.80E+07
8175,9.44E+07
8176,9.44E+07
8177,8.86E+07
8178,1.18E+08
8179,1.33E+08
8180,1.32E+08
8181,8.89E+07
8182,9.40E+07
8183,9.43E+07
8184,9.11E+07
8185,8.66E+07
8186,9.09E+07
8187,8.39E+07
8188,1.20E+08
8189,1.33E+08
8190,1.35E+08
8191,9.56E+07
8192,8.62E+07
8193,9.18E+07
8194,8.81E+07
8195,9.24E+07
8196,1.17E+08
8197,1.35E+08
8198,1.31E+08
8199,9.51E+07
8200,9.61E+07
8201,8.58E+07
8202,9.18E+07
8203,9.15E+07
8204,1.14E+08
8205,1.27E+08
8206,1.22E+08
8207,9.17E+07
8208,9.00E+07
8209,8.83E+07
8210,8.40E+07
8211,8.81E+07
8212,8.71E+07
8213,1.10E+08
8214,1.29E+08
8215,1.24E+08
8216,8.98E+07
8217,8.57E+07
8218,8.56E+07
8219,8.80E+07
8220,8.50E+07
8221,7.85E+07
8222,1.09E+08
8223,1.23E+08
8224,1.25E+08
8225,8.42E+07
8226,8.62E+07
8227,8.03E+07
8228,7.93E+07
8229,8.36E+07
8230,8.14E+07
8231,7.44E+07
8232,1.11E+08
8233,1.22E+08
8234,1.25E+08
8235,8.68E+07
8236,8.91E+07
8237,8.04E+07
8238,8.09E+07
8239,8.56E+07
8240,1.08E+08
8241,1.20E+08
8242,1.22E+08
8243,8.84E+07
8244,8.02E+07
8245,8.30E+07
8246,8.53E+07
8247,8.21E+07
8248,1.09E+08
8249,1.13E+08
8250,1.18E+08
8251,8.32E+07
8252,8.58E+07
8253,7.49E+07
8254,8.04E+07
8255,7.95E+07
8256,7.96E+07
8257,1.07E+08
8258,1.12E+08
8259,1.14E+08
8260,1.16E+08
8261,8.72E+07
8262,7.87E+07
8263,8.33E+07
8264,8.27E+07
8265,9.92E+07
8266,1.10E+08
8267,1.10E+08
8268,8.10E+07
8269,8.19E+07
8270,7.64E+07
8271,7.78E+07
8272,7.46E+07
8273,7.77E+07
8274,6.79E+07
8275,9.67E+07
8276,1.07E+08
8277,1.06E+08
8278,7.66E+07
8279,8.02E+07
8280,7.42E+07
8281,7.14E+07
8282,7.22E+07
8283,7.30E+07
8284,9.35E+07
8285,1.06E+08
8286,1.01E+08
8287,7.59E+07
8288,6.99E+07
8289,7.12E+07
8290,7.50E+07
8291,7.27E+07
8292,6.47E+07
8293,8.92E+07
8294,9.80E+07
8295,1.01E+08
8296,7.36E+07
8297,7.41E+07
8298,6.83E+07
8299,6.69E+07
8300,6.88E+07
8301,7.21E+07
8302,8.56E+07
8303,9.01E+07
8304,9.93E+07
8305,7.22E+07
8306,6.67E+07
8307,7.11E+07
8308,6.74E+07
8309,6.05E+07
8310,8.14E+07
8311,8.89E+07
8312,8.72E+07
8313,6.66E+07
8314,7.03E+07
8315,6.04E+07
8316,6.93E+07
8317,5.81E+07
8318,5.89E+07
8319,7.70E+07
8320,8.49E+07
8321,8.03E+07
8322,6.43E+07
8323,6.34E+07
8324,5.95E+07
8325,6.70E+07
8326,5.51E+07
8327,5.57E+07
8328,5.84E+07
8329,7.27E+07
8330,7.84E+07
8331,7.74E+07
8332,6.26E+07
8333,6.14E+07
8334,5.74E+07
8335,5.32E+07
8336,5.15E+07
8337,5.35E+07
8338,6.37E+07
8339,7.52E+07
8340,6.61E+07
8341,6.65E+07
8342,6.04E+07
8343,5.29E+07
8344,4.92E+07
8345,5.03E+07
8346,5.12E+07
8347,4.22E+07
8348,5.94E+07
8349,4.99E+07
8350,5.40E+07
8351,4.03E+07
8352,4.22E+07
8353,4.60E+07
8354,4.35E+07
8355,3.32E+07
8356,3.16E+07
8357,4.19E+07
8358,5.12E+07
8359,3.03E+07
8360,3.00E+07
8361,3.05E+07
8362,2.42E+07
8363,2.24E+07
8364,2.09E+07
8365,2.31E+07
8366,2.33E+07
8367,3.11E+07
8368,4.56E+07
8369,3.29E+07
8370,2.89E+07
8371,3.01E+07
8372,2.52E+07
8373,2.65E+07
8374,2.60E+07
8375,2.5244
8376,0.51908
8377,1.2514
8378,0.73106
8379,12.885
8380,2.7035
8381,6.6314
8382,3.4745
8383,6.3138
8384,2.7443
8385,57.337
8386,11.429
8387,27.035
8388,14.403
8389,287.35
8390,62.731
8391,141.39
8392,1185
8393,382.54
8394,335.62
8395,628.74
8396,5006.2
8397,1324.7
8398,2485.6
8399,22747
8400,5596.3
8401,10607
8402,5614.3
8403,95259
8404,23182
8405,44922
8406,38829
8407,25258
8408,2.95E+05
8409,1.52E+05
8410,86108
8411,1.61E+05
8412,96576
8413,1.06E+06
8414,2.77E+05
8415,3.03E+05
8416,5.36E+05
8417,3.68E+06
8418,1.06E+06
8419,2.16E+06
8420,1.16E+06
8421,8.94E+06
8422,4.71E+06
8423,1.04E+07
8424,4.14E+06
8425,6.66E+06
8426,7.86E+06
8427,7.65E+06
8428,1.85E+07
8429,1.36E+07
8430,2.03E+07
8431,1.44E+07
8432,1.05E+07
8433,1.08E+07
8434,1.39E+07
8435,3.00E+07
8436,2.64E+07
8437,2.68E+07
8438,1.94E+07
8439,2.58E+07
8440,2.00E+07
8441,4.02E+07
8442,4.20E+07
8443,4.01E+07
8444,3.16E+07
8445,3.07E+07
8446,3.90E+07
8447,3.05E+07
8448,4.96E+07
8449,4.68E+07
8450,5.11E+07
8451,3.53E+07
8452,4.32E+07
8453,4.39E+07
8454,5.55E+07
8455,4.69E+07
8456,5.44E+07
8457,4.81E+07
8458,3.6225
8459,0.58024
8460,1.776
8461,2.0244
8462,4.69E+07
8463,5.28E+07
8464,4.62E+07
8465,5.26E+07
8466,3.50E+07
8467,4.70E+07
8468,4.07E+07
8469,4.12E+07
8470,3.37E+07
8471,4.08E+07
8472,3.61E+07
8473,2.34E+07
8474,3.47E+07
8475,2.91E+07
8476,2.50E+07
8477,2.85E+07
8478,3.01E+07
8479,1.32E+07
8480,1.93E+07
8481,2.36E+07
8482,1.56E+07
8483,2.09E+07
8484,1.75E+07
8485,1.37E+07
8486,2.11E+07
8487,5.81E+06
8488,8.86E+06
8489,1.46E+07
8490,1.17E+07
8491,6.34E+06
8492,9.29E+06
8493,2.24E+06
8494,2.29E+06
8495,6.43E+06
8496,2.42E+06
8497,4.14E+06
8498,3.94E+06
8499,6.95E+05
8500,7.64E+05
8501,1.63E+06
8502,7.62E+05
8503,1.33E+06
8504,1.54E+05
8505,1.91E+05
8506,3.17E+05
8507,1.78E+05
8508,35638
8509,47409
8510,32566
8511,45874
8512,83491
8513,8126.3
8514,8231.1
8515,15210
8516,6593.1
8517,10396
8518,23292
8519,7365.2
8520,2058.6
8521,2401.4
8522,2672.6
8523,415.23
8524,570.56
8525,638.52
8526,1306.1
8527,473.82
8528,96.528
8529,114.03
8530,215.34
8531,21.279
8532,33.04
8533,20.215
8534,54.428
8535,25.037
8536,7.6357
8537,10.15
8538,4.941
8539,6.57E+06
8540,7.13E+06
8541,5.62E+06
8542,1.02E+07
8543,7.76E+06
8544,7.37E+06
8545,8.12E+06
8546,3.85E+06
8547,6.21E+06
8548,5.09E+06
8549,4.26E+06
8550,4.59E+06
8551,3.93E+06
8552,1.38E+06
8553,1.69E+06
8554,1.42E+06
8555,2.40E+06
8556,1.57E+06
8557,2.08E+06
8558,3.91E+05
8559,5.87E+05
8560,4.62E+05
8561,7.45E+05
8562,4.93E+05
8563,1.83E+05
8564,1.30E+05
8565,1.02E+05
8566,1.26E+05
8567,2.24E+05
8568,43.888
8569,42.146
8570,61.77
8571,37.797
8572,38.082
8573,32.611
8574,43.117
8575,30.707
8576,42.34
8577,29.474
8578,35.527
8579,16.925
8580,16.629
8581,25.176
8582,17.239
8583,22.197
8584,4.9664
8585,6.974
8586,6.1926
8587,7.7347
8588,5.6153
8589,1.151
8590,1.5603
8591,2.4411
8592,2.1728
8593,1.2356
8594,4.59E+07
8595,3.72E+07
8596,4.49E+07
8597,3.57E+07
8598,3.11E+07
8599,3.53E+07
8600,2.60E+07
8601,2.97E+07
8602,2.59E+07
8603,5.39E+07
8604,4.72E+07
8605,3.95E+07
8606,3.84E+07
8607,3.50E+07
8608,3.90E+07
8609,3.60E+07
8610,3.34E+07
8611,3.74E+07
8612,6.03E+07
8613,5.18E+07
8614,5.62E+07
8615,4.12E+07
8616,3.94E+07
8617,3.83E+07
8618,4.73E+07
8619,4.01E+07
8620,3.72E+07
8621,4.09E+07
8622,4.84E+07
8623,6.89E+07
8624,5.96E+07
8625,6.85E+07
8626,3.37E+07
8627,4.09E+07
8628,4.44E+07
8629,5.07E+07
8630,4.89E+07
8631,4.40E+07
8632,4.05E+07
8633,5.51E+07
8634,4.70E+07
8635,7.05E+07
8636,7.40E+07
8637,7.83E+07
8638,4.00E+07
8639,4.55E+07
8640,5.41E+07
8641,5.57E+07
8642,6.10E+07
8643,5.26E+07
8644,5.92E+07
8645,6.75E+07
8646,7.60E+07
8647,7.51E+07
8648,3.88E+07
8649,4.20E+07
8650,3.65E+07
8651,5.55E+07
8652,5.24E+07
8653,4.75E+07
8654,5.18E+07
8655,5.17E+07
8656,6.51E+07
8657,5.01E+07
8658,5.17E+07
8659,5.62E+07
8660,7.33E+07
8661,7.65E+07
8662,4.04E+07
8663,4.18E+07
8664,5.68E+07
8665,5.32E+07
8666,5.65E+07
8667,5.24E+07
8668,4.86E+07
8669,5.22E+07
8670,6.42E+07
8671,7.19E+07
8672,7.98E+07
8673,7.98E+07
8674,4.04E+07
8675,4.65E+07
8676,6.12E+07
8677,5.61E+07
8678,6.83E+07
8679,6.09E+07
8680,6.11E+07
8681,6.62E+07
8682,7.35E+07
8683,3.32E+07
8684,3.95E+07
8685,3.56E+07
8686,5.39E+07
8687,4.65E+07
8688,4.79E+07
8689,4.77E+07
8690,6.33E+07
8691,5.00E+07
8692,5.46E+07
8693,5.32E+07
8694,4.93E+07
8695,5.01E+07
8696,5.04E+07
8697,5.31E+07
8698,6.14E+07
8699,3.52E+07
8700,3.90E+07
8701,3.79E+07
8702,4.88E+07
8703,4.17E+07
8704,4.12E+07
8705,4.85E+07
8706,3.84E+07
8707,3.80E+07
8708,4.29E+07
8709,4.02E+07
8710,3.70E+07
8711,4.32E+07
8712,3.60E+07
8713,3.87E+07
8714,3.30E+07
8715,3.45E+07
8716,3.40E+07
8717,3.39E+07
8718,3.04E+07
8719,3.65E+07
8720,3.28E+07
8721,2.80E+07
8722,0.44575
8723,1.7755
8724,0.96938
8725,1.8608
8726,0.41451
8727,0.80337
8728,0.87375
8729,0.40063
8730,0.83855
8731,0.71322
8732,0.3495
8733,0.38424
8734,0.48015
8735,0.63734
8736,0.49961
8737,0.39467
8738,0.31138
8739,0.94214
8740,0.93689
8741,0.43937
8742,0.94786
8743,0.46546
8744,0.43476
8745,0.89068
8746,1.1397
8747,1.147
8748,1.1399
8749,0.6091
8750,6.72E+07
8751,8.62E+07
8752,6.57E+07
8753,9.34E+07
8754,7.49E+07
8755,7.49E+07
8756,4.63E+07
8757,5.34E+07
8758,4.36E+07
8759,5.53E+07
8760,6.04E+07
8761,4.58E+07
8762,5.51E+07
8763,4.60E+07
8764,3.45E+07
8765,3.82E+07
8766,3.20E+07
8767,4.80E+07
8768,4.11E+07
8769,2.55E+07
8770,3.69E+07
8771,4.55E+07
8772,3.82E+07
8773,3.22E+07
8774,2.45E+07
8775,2.94E+07
8776,2.11E+07
8777,3.51E+07
8778,2.71E+07
8779,2.26E+07
8780,3.03E+07
8781,1.49E+07
8782,1.58E+07
8783,2.03E+07
8784,2.78E+07
8785,2.32E+07
8786,2.07E+07
8787,1.82E+07
8788,1.36E+07
8789,1.60E+07
8790,1.17E+07
8791,1.55E+07
8792,1.65E+07
8793,1.41E+07
8794,1.63E+07
8795,1.31E+07
8796,1.16E+07
8797,7.50E+06
8798,9.18E+06
8799,1.76E+07
8800,2.16E+07
8801,1.88E+07
8802,1.15E+07
8803,9.76E+06
8804,1.12E+07
8805,9.16E+06
8806,1.73E+07
8807,2.60E+07
8808,2.67E+07
8809,2.54E+07
8810,1.41E+07
8811,1.48E+07
8812,2.35E+07
8813,2.10E+07
8814,2.18E+07
8815,2.57E+07
8816,3.26E+07
8817,3.19E+07
8818,1.87E+07
8819,2.48E+07
8820,2.90E+07
8821,3.28E+07
8822,3.61E+07
8823,3.34E+07
8824,3.30E+07
8825,2.65E+07
8826,3.19E+07
8827,3.05E+07
8828,2.82E+07
8829,3.41E+07
8830,3.44E+07
8831,3.50E+07
8832,2.58E+07
8833,3.16E+07
8834,3.08E+07
8835,2.68E+07
8836,3.29E+07
8837,3.47E+07
8838,3.50E+07
8839,2.57E+07
8840,3.21E+07
8841,2.89E+07
8842,3.23E+07
8843,3.62E+07
8844,3.48E+07
8845,2.62E+07
8846,3.27E+07
8847,3.42E+07
8848,3.00E+07
8849,2.98E+07
8850,2.60E+07
8851,3.30E+07
8852,3.08E+07
8853,1.73E+07
8854,2.43E+07
8855,3.10E+07
8856,2.17E+07
8857,2.80E+07
8858,1.76E+07
8859,2.64E+07
8860,2.61E+07
8861,2.39E+07
8862,1.35E+07
8863,1.80E+07
8864,2.61E+07
8865,9.25E+06
8866,1.75E+07
8867,2.49E+07
8868,1.16E+07
8869,1.94E+07
8870,9.96E+06
8871,9.88E+06
8872,1.35E+07
8873,7.49E+06
8874,7.49E+06
8875,1.66E+07
8876,1.47E+07
8877,1.65E+07
8878,1.74E+07
8879,1.56E+07
8880,1.40E+07
8881,1.62E+07
8882,7.64E+06
8883,1.05E+07
8884,1.32E+07
8885,1.06E+07
8886,2.45E+07
8887,1.66E+07
8888,1.93E+07
8889,2.81E+07
8890,2.33E+07
8891,2.08E+07
8892,1.67E+07
8893,1.44E+07
8894,1.73E+07
8895,3.46E+07
8896,2.08E+07
8897,2.76E+07
8898,3.53E+07
8899,2.62E+07
8900,2.73E+07
8901,2.17E+07
8902,3.32E+07
8903,4.61E+07
8904,2.92E+07
8905,3.76E+07
8906,4.80E+07
8907,4.11E+07
8908,3.15E+07
8909,4.03E+07
8910,3.76E+07
8911,3.58E+07
8912,6.66E+07
8913,4.19E+07
8914,5.21E+07
8915,5.49E+07
8916,5.51E+07
8917,6.16E+07
8918,4.63E+07
8919,4.50E+07
8920,4.27E+07
8921,6.42E+07
8922,8.09E+07
8923,9.39E+07
8924,6.82E+07
8925,7.64E+07
8926,3.65E+07
8927,3.87E+07
8928,2.92E+07
8929,3.07E+07
8930,3.42E+07
8931,4.11E+07
8932,4.45E+07
8933,3.11E+07
8934,3.78E+07
8935,3.43E+07
8936,3.09E+07
8937,2.74E+07
8938,4.16E+07
8939,4.36E+07
8940,4.72E+07
8941,3.83E+07
8942,3.38E+07
8943,3.45E+07
8944,3.76E+07
8945,4.05E+07
8946,5.09E+07
8947,4.55E+07
8948,3.45E+07
8949,4.02E+07
8950,3.78E+07
8951,3.96E+07
8952,4.43E+07
8953,6.18E+07
8954,5.27E+07
8955,4.52E+07
8956,3.99E+07
8957,5.17E+07
8958,4.79E+07
8959,5.41E+07
8960,5.07E+07
8961,3.79E+07
8962,4.11E+07
8963,3.73E+07
8964,5.50E+07
8965,3.90E+07
8966,4.52E+07
8967,3.76E+07
8968,4.19E+07
8969,5.67E+07
8970,6.44E+07
8971,8.00E+07
8972,7.09E+07
8973,4.79E+07
8974,5.61E+07
8975,4.44E+07
8976,5.61E+07
8977,6.19E+07
8978,5.60E+07
8979,5.14E+07
8980,5.55E+07
8981,4.26E+07
8982,4.70E+07
8983,4.69E+07
8984,4.48E+07
8985,5.93E+07
8986,4.24E+07
8987,3.90E+07
8988,5.08E+07
8989,4.85E+07
8990,7.03E+07
8991,7.23E+07
8992,6.37E+07
8993,5.53E+07
8994,5.18E+07
8995,5.52E+07
8996,6.15E+07
8997,5.27E+07
8998,6.12E+07
8999,7.12E+07
9000,5.58E+07
9001,3.88E+07
9002,4.98E+07
9003,5.18E+07
9004,4.63E+07
9005,4.95E+07
9006,4.65E+07
9007,6.78E+07
9008,6.59E+07
9009,4.21E+07
9010,5.29E+07
9011,4.83E+07
9012,4.50E+07
9013,7.55E+07
9014,8.14E+07
9015,9.13E+07
9016,5.67E+07
9017,6.28E+07
9018,6.36E+07
9019,5.28E+07
9020,7.46E+07
9021,6.04E+07
9022,7.19E+07
9023,5.63E+07
9024,1.05E+08
9025,8.56E+07
9026,9.45E+07
9027,6.32E+07
9028,7.98E+07
9029,6.03E+07
9030,7.72E+07
9031,6.98E+07
9032,8.36E+07
9033,7.06E+07
9034,7.99E+07
9035,8.05E+07
9036,5.88E+07
9037,6.11E+07
9038,6.89E+07
9039,7.06E+07
9040,6.36E+07
9041,1.05E+08
9042,1.25E+08
9043,1.12E+08
9044,9.07E+07
9045,8.36E+07
9046,8.10E+07
9047,7.90E+07
9048,8.60E+07
9049,8.33E+07
9050,7.07E+07
9051,6.83E+07
9052,7.49E+07
9053,8.53E+07
9054,8.50E+07
9055,7.29E+07
9056,6.09E+07
9057,6.49E+07
9058,6.52E+07
9059,7.38E+07
9060,9.35E+07
9061,9.55E+07
9062,8.65E+07
9063,8.89E+07
9064,7.88E+07
9065,7.95E+07
9066,7.68E+07
9067,1.03E+08
9068,9.24E+07
9069,9.67E+07
9070,8.05E+07
9071,8.44E+07
9072,8.41E+07
9073,1.23E+08
9074,1.27E+08
9075,9.07E+07
9076,9.60E+07
9077,1.05E+08
9078,1.00E+08
9079,1.14E+08
9080,1.06E+08
9081,1.04E+08
9082,8.86E+07
9083,9.22E+07
9084,9.16E+07
9085,9.25E+07
9086,8.25E+07
9087,8.70E+07
9088,9.40E+07
9089,9.19E+07
9090,8.93E+07
9091,7.72E+07
9092,7.98E+07
9093,8.17E+07
9094,8.14E+07
9095,7.37E+07
9096,7.82E+07
9097,8.12E+07
9098,1.10E+08
9099,1.12E+08
9100,9.65E+07
9101,9.64E+07
9102,9.07E+07
9103,9.97E+07
9104,1.03E+08
9105,9.76E+07
9106,9.64E+07
9107,8.74E+07
9108,8.64E+07
9109,8.55E+07
9110,8.66E+07
9111,8.70E+07
9112,9.62E+07
9113,8.42E+07
9114,8.53E+07
9115,8.61E+07
9116,7.09E+07
9117,8.91E+07
9118,8.17E+07
9119,8.92E+07
9120,7.52E+07
9121,8.87E+07
9122,9.14E+07
9123,9.10E+07
9124,9.29E+07
9125,8.28E+07
9126,8.20E+07
9127,8.36E+07
9128,8.82E+07
9129,6.77E+07
9130,6.90E+07
9131,7.70E+07
9132,8.10E+07
9133,6.78E+07
9134,7.79E+07
9135,8.73E+07
9136,8.93E+07
9137,7.75E+07
9138,6.83E+07
9139,7.59E+07
9140,7.74E+07
9141,7.37E+07
9142,6.66E+07
9143,8.98E+07
9144,6.69E+07
9145,7.80E+07
9146,7.65E+07
9147,8.06E+07
9148,7.42E+07
9149,7.99E+07
9150,8.17E+07
9151,8.24E+07
9152,7.80E+07
9153,7.95E+07
9154,3.82E+07
9155,3.76E+07
9156,3.85E+07
9157,3.49E+07
9158,3.62E+07
9159,3.72E+07
9160,8.84E+07
9161,7.35E+07
9162,7.26E+07
9163,8.05E+07
9164,8.25E+07
9165,6.94E+07
9166,7.63E+07
9167,7.32E+07
9168,8.90E+07
9169,7.75E+07
9170,7.84E+07
9171,6.01E+07
9172,6.70E+07
9173,6.52E+07
9174,3.84E+07
9175,3.75E+07
9176,3.83E+07
9177,3.73E+07
9178,3.66E+07
9179,3.76E+07
9180,3.54E+07
9181,3.78E+07
9182,3.69E+07
9183,3.53E+07
9184,3.65E+07
9185,3.67E+07
9186,3.74E+07
9187,3.70E+07
9188,3.62E+07
9189,3.67E+07
9190,3.81E+07
9191,3.53E+07
9192,3.42E+07
9193,3.76E+07
9194,3.66E+07
9195,3.70E+07
9196,5.63E+07
9197,6.45E+07
9198,5.05E+07
9199,5.09E+07
9200,4.72E+07
9201,5.39E+07
9202,4.34E+07
9203,4.47E+07
9204,4.20E+07
9205,4.26E+07
9206,5.97E+07
9207,5.87E+07
9208,3.60E+07
9209,4.52E+07
9210,3.17E+07
9211,4.97E+07
9212,3.79E+07
9213,8.20E+07
9214,8.19E+07
9215,6.51E+07
9216,5.97E+07
9217,5.52E+07
9218,5.25E+07
9219,4.31E+07
9220,5.75E+07
9221,8.53E+07
9222,7.83E+07
9223,7.69E+07
9224,7.58E+07
9225,6.90E+07
9226,3.79E+07
9227,3.72E+07
9228,3.58E+07
9229,3.60E+07
9230,3.64E+07
9231,3.66E+07
9232,3.47E+07
9233,3.56E+07
9234,8.11E+07
9235,9.00E+07
9236,8.28E+07
9237,6.77E+07
9238,8.02E+07
9239,7.61E+07
9240,6.57E+07
9241,5.72E+07
9242,7.85E+07
9243,6.75E+07
9244,5.84E+07
9245,5.49E+07
9246,5.38E+07
9247,4.34E+07
9248,4.31E+07
9249,4.29E+07
9250,4.29E+07
9251,2.72E+07
9252,3.84E+07
9253,2.96E+07
9254,3.51E+07
9255,2.27E+07
9256,2.36E+07
9257,3.89E+07
9258,3.75E+07
9259,3.71E+07
9260,3.53E+07
9261,3.53E+07
9262,3.93E+07
9263,3.60E+07
9264,3.84E+07
9265,2.42E+07
9266,3.04E+07
9267,1.88E+07
9268,3.08E+07
9269,3.94E+07
9270,3.87E+07
9271,3.44E+07
9272,3.59E+07
9273,3.51E+07
9274,3.67E+07
9275,3.61E+07
9276,3.59E+07
9277,3.86E+07
9278,3.89E+07
9279,3.49E+07
9280,3.50E+07
9281,3.65E+07
9282,3.53E+07
9283,3.76E+07
9284,3.70E+07
9285,3.56E+07
9286,3.49E+07
9287,3.61E+07
9288,3.85E+07
9289,3.77E+07
9290,3.44E+07
9291,3.58E+07
9292,3.65E+07
9293,3.59E+07
9294,3.48E+07
9295,3.65E+07
9296,3.71E+07
9297,3.84E+07
9298,3.82E+07
9299,3.56E+07
9300,3.78E+07
9301,3.64E+07
9302,3.69E+07
9303,3.60E+07
9304,3.65E+07
9305,3.49E+07
9306,3.52E+07
9307,3.61E+07
9308,3.67E+07
9309,3.54E+07
9310,3.56E+07
9311,9.39E+07
9312,9.33E+07
9313,8.15E+07
9314,8.02E+07
9315,8.05E+07
9316,8.71E+07
9317,7.90E+07
9318,6.07E+07
9319,6.21E+07
9320,7.43E+07
9321,7.27E+07
9322,8.57E+07
9323,8.45E+07
9324,7.20E+07
9325,6.55E+07
9326,7.71E+07
9327,7.04E+07
9328,6.31E+07
9329,7.68E+07
9330,5.72E+07
9331,5.83E+07
9332,6.28E+07
9333,4.77E+07
9334,3.77E+07
9335,3.74E+07
9336,3.53E+07
9337,3.72E+07
9338,3.71E+07
9339,3.93E+07
9340,3.64E+07
9341,3.42E+07
9342,3.32E+07
9343,3.30E+07
9344,3.51E+07
9345,3.62E+07
9346,3.54E+07
9347,3.51E+07
9348,3.78E+07
9349,3.74E+07
9350,3.45E+07
9351,3.31E+07
9352,3.23E+07
9353,3.62E+07
9354,3.62E+07
9355,3.56E+07
9356,3.20E+07
9357,3.23E+07
9358,3.33E+07
9359,3.61E+07
9360,3.51E+07
9361,3.65E+07
9362,3.43E+07
9363,4.32E+07
9364,4.17E+07
9365,4.74E+07
9366,6.11E+07
9367,4.24E+07
9368,3.08E+07
9369,4.39E+07
9370,3.80E+07
9371,2.31E+07
9372,3.23E+07
9373,3.04E+07
9374,3.89E+07
9375,3.62E+07
9376,2.47E+07
9377,2.29E+07
9378,1.75E+07
9379,3.78E+07
9380,3.83E+07
9381,3.54E+07
9382,3.57E+07
9383,3.74E+07
9384,3.65E+07
9385,3.75E+07
9386,3.64E+07
9387,3.44E+07
9388,3.39E+07
9389,3.70E+07
9390,3.69E+07
9391,3.57E+07
9392,3.87E+07
9393,3.72E+07
9394,3.55E+07
9395,3.72E+07
9396,3.65E+07
9397,3.20E+07
9398,3.27E+07
9399,3.30E+07
9400,3.36E+07
9401,3.62E+07
9402,3.39E+07
9403,3.52E+07
9404,3.25E+07
9405,3.22E+07
9406,3.15E+07
9407,3.52E+07
9408,3.74E+07
9409,3.71E+07
9410,3.13E+07
9411,3.05E+07
9412,3.19E+07
9413,3.40E+07
9414,3.55E+07
9415,3.63E+07
9416,3.59E+07
9417,3.54E+07
9418,3.06E+07
9419,3.28E+07
9420,3.13E+07
9421,3.15E+07
9422,3.41E+07
9423,3.45E+07
9424,3.62E+07
9425,3.48E+07
9426,3.59E+07
9427,3.14E+07
9428,3.22E+07
9429,3.12E+07
9430,3.40E+07
9431,3.86E+07
9432,3.55E+07
9433,3.15E+07
9434,3.54E+07
9435,3.23E+07
9436,3.31E+07
9437,3.12E+07
9438,3.47E+07
9439,3.55E+07
9440,3.60E+07
9441,3.30E+07
9442,3.64E+07
9443,3.33E+07
9444,4.00E+07
9445,3.62E+07
9446,3.88E+07
9447,3.67E+07
9448,3.17E+07
9449,3.56E+07
9450,3.64E+07
9451,3.24E+07
9452,4.00E+07
9453,3.68E+07
9454,3.18E+07
9455,3.54E+07
9456,3.18E+07
9457,3.04E+07
9458,3.93E+07
9459,3.71E+07
9460,3.81E+07
9461,4.19E+07
9462,4.59E+07
9463,4.32E+07
9464,4.46E+07
9465,4.20E+07
9466,4.10E+07
9467,4.24E+07
9468,3.80E+07
9469,3.52E+07
9470,4.61E+07
9471,4.32E+07
9472,3.99E+07
9473,4.08E+07
9474,4.51E+07
9475,4.52E+07
9476,3.23E+07
9477,3.65E+07
9478,3.75E+07
9479,3.63E+07
9480,3.97E+07
9481,3.74E+07
9482,3.43E+07
9483,3.49E+07
9484,3.55E+07
9485,3.43E+07
9486,3.23E+07
9487,3.13E+07
9488,3.37E+07
9489,3.62E+07
9490,4.06E+07
9491,3.78E+07
9492,4.11E+07
9493,3.80E+07
9494,3.49E+07
9495,4.54E+07
9496,4.39E+07
9497,3.92E+07
9498,4.40E+07
9499,4.13E+07
9500,4.45E+07
9501,4.44E+07
9502,4.06E+07
9503,4.82E+07
9504,4.84E+07
9505,4.70E+07
9506,4.74E+07
9507,4.03E+07
9508,4.22E+07
9509,4.58E+07
9510,4.38E+07
9511,4.88E+07
9512,4.70E+07
9513,4.79E+07
9514,4.80E+07
9515,3.80E+07
9516,3.42E+07
9517,3.07E+07
9518,3.23E+07
9519,4.04E+07
9520,3.93E+07
9521,4.37E+07
9522,3.34E+07
9523,3.36E+07
9524,3.83E+07
9525,4.17E+07
9526,4.19E+07
9527,4.39E+07
9528,4.89E+07
9529,4.50E+07
9530,2.90E+07
9531,3.60E+07
9532,3.66E+07
9533,3.09E+07
9534,4.10E+07
9535,2.70E+07
9536,2.06E+07
9537,3.35E+07
9538,2.37E+07
9539,2.77E+07
9540,2.84E+07
9541,2.34E+07
9542,3.05E+07
9543,3.60E+07
9544,3.48E+07
9545,2.52E+07
9546,2.07E+07
9547,3.50E+07
9548,2.36E+07
9549,2.29E+07
9550,3.22E+07
9551,2.68E+07
9552,3.05E+07
9553,3.59E+07
9554,3.81E+07
9555,3.01E+07
9556,4.29E+07
9557,3.76E+07
9558,2.12E+07
9559,1.16E+07
9560,2.51E+07
9561,1.69E+07
9562,1.61E+07
9563,2.20E+07
9564,2.41E+07
9565,2.32E+07
9566,1.73E+07
9567,2.53E+07
9568,1.70E+07
9569,3.02E+07
9570,3.00E+07
9571,4.16E+07
9572,3.72E+07
9573,3.45E+07
9574,4.46E+07
9575,4.27E+07
9576,4.28E+07
9577,4.03E+07
9578,4.76E+07
9579,2.11E+07
9580,2.19E+07
9581,2.64E+07
9582,3.50E+07
9583,2.78E+07
9584,3.33E+07
9585,2.26E+07
9586,2.78E+07
9587,2.78E+07
9588,2.19E+07
9589,2.36E+07
9590,2.24E+07
9591,2.07E+07
9592,2.39E+07
9593,2.20E+07
9594,1.98E+07
9595,2.04E+07
9596,2.27E+07
9597,2.39E+07
9598,2.89E+07
9599,2.75E+07
9600,3.86E+07
9601,4.04E+07
9602,4.29E+07
9603,4.50E+07
9604,4.16E+07
9605,4.91E+07
9606,4.73E+07
9607,4.82E+07
9608,3.51E+07
9609,3.89E+07
9610,3.44E+07
9611,3.27E+07
9612,4.55E+07
9613,4.40E+07
9614,4.36E+07
9615,2.75E+07
9616,2.56E+07
9617,4.07E+07
9618,3.95E+07
9619,3.74E+07
9620,4.14E+07
9621,3.95E+07
9622,4.19E+07
9623,4.86E+07
9624,4.71E+07
9625,4.75E+07
9626,3.55E+07
9627,3.36E+07
9628,3.68E+07
9629,4.14E+07
9630,4.56E+07
9631,4.39E+07
9632,4.42E+07
9633,4.65E+07
9634,3.23E+07
9635,3.15E+07
9636,3.46E+07
9637,3.86E+07
9638,4.16E+07
9639,3.25E+07
9640,3.87E+07
9641,3.15E+07
9642,3.43E+07
9643,2.99E+07
9644,3.34E+07
9645,3.19E+07
9646,3.26E+07
9647,2.73E+07
9648,3.30E+07
9649,3.70E+07
9650,2.64E+07
9651,3.10E+07
9652,3.69E+07
9653,2.95E+07
9654,2.98E+07
9655,3.61E+07
9656,3.99E+07
9657,4.24E+07
9658,3.97E+07
9659,4.50E+07
9660,3.10E+07
9661,3.48E+07
9662,4.17E+07
9663,4.56E+07
9664,4.40E+07
9665,5.46E+07
9666,4.41E+07
9667,4.45E+07
9668,4.15E+07
9669,2.46E+07
9670,2.24E+07
9671,3.00E+07
9672,1.43E+07
9673,2.32E+07
9674,3.37E+07
9675,2.80E+07
9676,2.36E+07
9677,2.29E+07
9678,3.44E+07
9679,1.42E+07
9680,2.36E+07
9681,3.38E+07
9682,2.99E+07
9683,2.87E+07
9684,2.51E+07
9685,3.75E+07
9686,3.98E+07
9687,2.57E+07
9688,3.98E+07
9689,2.65E+07
9690,3.11E+07
9691,2.97E+07
9692,1.99E+07
9693,2.31E+07
9694,2.10E+07
9695,2.50E+07
9696,3.17E+07
9697,1.98E+07
9698,1.68E+07
9699,2.26E+07
9700,2.17E+07
9701,2.29E+07
9702,3.68E+07
9703,3.44E+07
9704,3.67E+07
9705,3.70E+07
9706,2.45E+07
9707,1.92E+07
9708,1.90E+07
9709,1.94E+07
9710,3.09E+07
9711,3.17E+07
9712,3.01E+07
9713,2.80E+07
9714,4.15E+07
9715,3.01E+07
9716,2.81E+07
9717,2.30E+07
9718,2.18E+07
9719,2.32E+07
9720,1.81E+07
9721,3.60E+07
9722,4.08E+07
9723,2.78E+07
9724,2.32E+07
9725,2.11E+07
9726,2.99E+07
9727,1.50E+07
9728,4.01E+07
9729,2.58E+07
9730,2.83E+07
9731,3.36E+07
9732,2.00E+07
9733,6.72E+07
9734,5.31E+07
9735,3.36E+07
9736,5.92E+07
9737,4.55E+07
9738,4.34E+07
9739,3.75E+07
9740,3.38E+07
9741,3.31E+07
9742,2.67E+07
9743,3.15E+07
9744,3.45E+07
9745,2.04E+07
9746,2.10E+07
9747,1.57E+07
9748,2.29E+07
9749,2.60E+07
9750,2.12E+07
9751,2.01E+07
9752,2.34E+07
9753,2.11E+07
9754,2.35E+07
9755,2.45E+07
9756,3.17E+07
9757,3.11E+07
9758,3.02E+07
9759,2.28E+07
9760,2.03E+07
9761,2.06E+07
9762,2.50E+07
9763,2.45E+07
9764,2.30E+07
9765,2.23E+07
9766,2.83E+07
9767,1.86E+07
9768,2.12E+07
9769,3.58E+07
9770,2.02E+07
9771,2.61E+07
9772,2.51E+07
9773,1.60E+07
9774,3.00E+07
9775,3.43E+07
9776,2.46E+07
9777,3.54E+07
9778,2.95E+07
9779,2.41E+07
9780,2.11E+07
9781,2.23E+07
9782,2.41E+07
9783,2.08E+07
9784,1.79E+07
9785,2.17E+07
9786,3.30E+07
9787,2.40E+07
9788,6.99E+07
9789,7.83E+07
9790,6.30E+07
9791,6.60E+07
9792,6.50E+07
9793,5.84E+07
9794,4.37E+07
9795,4.00E+07
9796,4.08E+07
9797,4.12E+07
9798,3.30E+07
9799,3.65E+07
9800,1.41E+08
9801,1.50E+08
9802,1.09E+08
9803,9.80E+07
9804,1.07E+08
9805,1.05E+08
9806,1.52E+08
9807,1.41E+08
9808,1.02E+08
9809,1.11E+08
9810,1.11E+08
9811,1.33E+08
9812,1.58E+08
9813,1.56E+08
9814,1.14E+08
9815,1.13E+08
9816,1.08E+08
9817,1.12E+08
9818,1.46E+08
9819,1.45E+08
9820,1.04E+08
9821,1.02E+08
9822,1.05E+08
9823,1.05E+08
9824,1.06E+08
9825,1.06E+08
9826,9.00E+07
9827,1.52E+08
9828,1.57E+08
9829,1.43E+08
9830,1.64E+08
9831,1.17E+08
9832,1.11E+08
9833,1.18E+08
9834,1.08E+08
9835,1.59E+08
9836,1.05E+08
9837,1.15E+08
9838,1.02E+08
9839,1.55E+08
9840,1.66E+08
9841,1.16E+08
9842,1.18E+08
9843,1.06E+08
9844,1.47E+08
9845,1.56E+08
9846,1.06E+08
9847,1.06E+08
9848,1.11E+08
9849,1.06E+08
9850,1.05E+08
9851,1.65E+08
9852,1.57E+08
9853,1.15E+08
9854,1.17E+08
9855,1.17E+08
9856,1.20E+08
9857,1.08E+08
9858,1.74E+08
9859,1.74E+08
9860,1.63E+08
9861,1.50E+08
9862,1.23E+08
9863,1.19E+08
9864,1.22E+08
9865,1.16E+08
9866,1.52E+08
9867,1.53E+08
9868,1.74E+08
9869,1.22E+08
9870,1.16E+08
9871,1.24E+08
9872,1.23E+08
9873,1.64E+08
9874,1.57E+08
9875,1.74E+08
9876,1.21E+08
9877,1.25E+08
9878,1.20E+08
9879,1.16E+08
9880,1.75E+08
9881,1.82E+08
9882,1.26E+08
9883,1.25E+08
9884,1.31E+08
9885,1.28E+08
9886,1.16E+08
9887,1.73E+08
9888,1.23E+08
9889,1.28E+08
9890,1.22E+08
9891,1.23E+08
9892,1.11E+08
9893,1.13E+08
9894,1.59E+08
9895,1.84E+08
9896,1.26E+08
9897,1.32E+08
9898,1.34E+08
9899,1.55E+08
9900,1.79E+08
9901,1.21E+08
9902,1.24E+08
9903,1.24E+08
9904,1.27E+08
9905,1.26E+08
9906,1.04E+08
9907,1.51E+08
9908,1.72E+08
9909,1.22E+08
9910,1.18E+08
9911,1.22E+08
9912,1.23E+08
9913,1.13E+08
9914,1.50E+08
9915,1.71E+08
9916,1.22E+08
9917,1.16E+08
9918,1.23E+08
9919,1.63E+08
9920,1.80E+08
9921,1.31E+08
9922,1.23E+08
9923,1.29E+08
9924,1.30E+08
9925,1.60E+08
9926,1.82E+08
9927,1.35E+08
9928,1.30E+08
9929,1.18E+08
9930,1.32E+08
9931,1.66E+08
9932,1.81E+08
9933,1.29E+08
9934,1.27E+08
9935,1.28E+08
9936,1.29E+08
9937,1.11E+08
9938,1.64E+08
9939,1.87E+08
9940,1.74E+08
9941,1.32E+08
9942,1.28E+08
9943,1.30E+08
9944,1.17E+08
9945,1.07E+08
9946,1.77E+08
9947,1.80E+08
9948,1.24E+08
9949,1.30E+08
9950,1.32E+08
9951,1.74E+08
9952,1.88E+08
9953,1.76E+08
9954,1.76E+08
9955,1.29E+08
9956,1.37E+08
9957,1.36E+08
9958,1.64E+08
9959,1.78E+08
9960,1.20E+08
9961,1.26E+08
9962,1.28E+08
9963,1.09E+08
9964,1.67E+08
9965,1.84E+08
9966,1.74E+08
9967,1.28E+08
9968,1.23E+08
9969,1.30E+08
9970,1.31E+08
9971,1.15E+08
9972,1.19E+08
9973,1.60E+08
9974,1.84E+08
9975,1.27E+08
9976,1.28E+08
9977,1.27E+08
9978,1.11E+08
9979,1.85E+08
9980,1.66E+08
9981,1.31E+08
9982,1.29E+08
9983,1.30E+08
9984,1.20E+08
9985,1.80E+08
9986,1.26E+08
9987,1.27E+08
9988,1.31E+08
9989,1.27E+08
9990,1.49E+08
9991,1.73E+08
9992,1.16E+08
9993,1.20E+08
9994,1.16E+08
9995,1.23E+08
9996,9.97E+07
9997,1.50E+08
9998,1.70E+08
9999,1.15E+08
10000,1.15E+08
10001,1.13E+08
10002,1.19E+08
10003,1.54E+08
10004,1.73E+08
10005,1.19E+08
10006,1.21E+08
10007,1.27E+08
10008,1.51E+08
10009,1.72E+08
10010,1.19E+08
10011,1.18E+08
10012,1.18E+08
10013,1.50E+08
10014,1.67E+08
10015,1.15E+08
10016,1.18E+08
10017,1.17E+08
10018,1.17E+08
10019,1.46E+08
10020,1.69E+08
10021,1.20E+08
10022,1.17E+08
10023,1.17E+08
10024,1.57E+08
10025,1.65E+08
10026,1.15E+08
10027,1.17E+08
10028,1.09E+08
10029,1.15E+08
10030,1.55E+08
10031,1.67E+08
10032,1.20E+08
10033,1.20E+08
10034,1.15E+08
10035,1.45E+08
10036,1.63E+08
10037,1.15E+08
10038,1.17E+08
10039,1.08E+08
10040,1.46E+08
10041,1.62E+08
10042,1.17E+08
10043,1.13E+08
10044,1.11E+08
10045,1.12E+08
10046,1.45E+08
10047,1.55E+08
10048,1.13E+08
10049,1.07E+08
10050,1.10E+08
10051,1.18E+08
10052,1.40E+08
10053,1.57E+08
10054,1.11E+08
10055,1.07E+08
10056,1.10E+08
10057,1.09E+08
10058,1.03E+08
10059,1.89E+08
10060,1.87E+08
10061,1.78E+08
10062,1.68E+08
10063,1.34E+08
10064,1.35E+08
10065,1.40E+08
10066,1.74E+08
10067,1.65E+08
10068,1.29E+08
10069,1.27E+08
10070,1.34E+08
10071,1.28E+08
10072,1.16E+08
10073,1.60E+08
10074,1.58E+08
10075,1.83E+08
10076,1.18E+08
10077,1.23E+08
10078,1.27E+08
10079,1.30E+08
10080,1.32E+08
10081,1.10E+08
10082,1.87E+08
10083,1.90E+08
10084,1.33E+08
10085,1.33E+08
10086,1.24E+08
10087,1.46E+08
10088,1.85E+08
10089,1.27E+08
10090,1.29E+08
10091,1.31E+08
10092,1.32E+08
10093,1.18E+08
10094,1.32E+08
10095,1.32E+08
10096,1.21E+08
10097,1.45E+08
10098,1.66E+08
10099,1.84E+08
10100,1.25E+08
10101,1.32E+08
10102,1.33E+08
10103,1.35E+08
10104,1.64E+08
10105,1.91E+08
10106,1.24E+08
10107,1.35E+08
10108,1.15E+08
10109,1.25E+08
10110,1.73E+08
10111,1.80E+08
10112,1.22E+08
10113,1.32E+08
10114,1.31E+08
10115,1.33E+08
10116,1.17E+08
10117,1.63E+08
10118,1.84E+08
10119,1.92E+08
10120,1.36E+08
10121,1.35E+08
10122,1.32E+08
10123,1.30E+08
10124,1.84E+08
10125,1.32E+08
10126,1.32E+08
10127,1.29E+08
10128,1.74E+08
10129,1.90E+08
10130,1.36E+08
10131,1.39E+08
10132,1.39E+08
10133,1.91E+08
10134,1.91E+08
10135,1.68E+08
10136,1.65E+08
10137,1.32E+08
10138,1.29E+08
10139,1.29E+08
10140,1.22E+08
10141,1.66E+08
10142,1.32E+08
10143,1.30E+08
10144,1.30E+08
10145,1.65E+08
10146,1.67E+08
10147,1.88E+08
10148,1.32E+08
10149,1.32E+08
10150,1.22E+08
10151,1.82E+08
10152,1.31E+08
10153,1.36E+08
10154,1.29E+08
10155,1.31E+08
10156,1.83E+08
10157,1.25E+08
10158,1.25E+08
10159,1.26E+08
10160,1.28E+08
10161,1.13E+08
10162,1.08E+08
10163,1.68E+08
10164,1.84E+08
10165,1.30E+08
10166,1.33E+08
10167,1.25E+08
10168,1.63E+08
10169,1.91E+08
10170,1.29E+08
10171,1.31E+08
10172,1.33E+08
10173,1.28E+08
10174,1.21E+08
10175,1.17E+08
10176,1.67E+08
10177,1.82E+08
10178,1.30E+08
10179,1.28E+08
10180,1.31E+08
10181,1.21E+08
10182,1.66E+08
10183,1.88E+08
10184,1.93E+08
10185,1.37E+08
10186,1.37E+08
10187,1.39E+08
10188,1.78E+08
10189,1.84E+08
10190,1.31E+08
10191,1.32E+08
10192,1.33E+08
10193,1.80E+08
10194,1.80E+08
10195,1.31E+08
10196,1.36E+08
10197,1.29E+08
10198,1.37E+08
10199,1.85E+08
10200,1.86E+08
10201,1.73E+08
10202,1.60E+08
10203,1.26E+08
10204,1.28E+08
10205,1.69E+08
10206,1.58E+08
10207,1.83E+08
10208,1.24E+08
10209,1.19E+08
10210,1.26E+08
10211,1.26E+08
10212,1.20E+08
10213,1.04E+08
10214,1.56E+08
10215,1.58E+08
10216,1.80E+08
10217,1.22E+08
10218,1.20E+08
10219,1.21E+08
10220,1.25E+08
10221,1.79E+08
10222,1.84E+08
10223,1.26E+08
10224,1.35E+08
10225,1.46E+08
10226,1.17E+08
10227,1.77E+08
10228,1.16E+08
10229,1.25E+08
10230,1.21E+08
10231,1.17E+08
10232,1.40E+08
10233,1.09E+08
10234,1.59E+08
10235,1.25E+08
10236,1.32E+08
10237,1.47E+08
10238,1.34E+08
10239,1.29E+08
10240,1.29E+08
10241,1.32E+08
10242,1.32E+08
10243,1.61E+08
10244,1.77E+08
10245,1.20E+08
10246,1.30E+08
10247,1.30E+08
10248,1.56E+08
10249,1.85E+08
10250,1.24E+08
10251,1.27E+08
10252,1.27E+08
10253,1.26E+08
10254,1.62E+08
10255,1.73E+08
10256,1.15E+08
10257,1.25E+08
10258,1.20E+08
10259,1.25E+08
10260,1.23E+08
10261,1.62E+08
10262,1.88E+08
10263,1.82E+08
10264,1.31E+08
10265,1.29E+08
10266,1.30E+08
10267,1.76E+08
10268,1.69E+08
10269,1.25E+08
10270,1.24E+08
10271,1.20E+08
10272,1.20E+08
10273,1.78E+08
10274,1.77E+08
10275,1.34E+08
10276,1.71E+08
10277,1.69E+08
10278,1.48E+08
10279,1.51E+08
10280,1.13E+08
10281,1.18E+08
10282,1.16E+08
10283,1.19E+08
10284,1.19E+08
10285,9.37E+07
10286,1.54E+08
10287,1.17E+08
10288,1.23E+08
10289,1.22E+08
10290,1.24E+08
10291,1.52E+08
10292,1.47E+08
10293,1.21E+08
10294,1.23E+08
10295,1.22E+08
10296,1.21E+08
10297,1.68E+08
10298,1.66E+08
10299,1.21E+08
10300,1.18E+08
10301,1.16E+08
10302,1.13E+08
10303,1.11E+08
10304,1.22E+08
10305,1.18E+08
10306,1.19E+08
10307,1.12E+08
10308,1.05E+08
10309,1.19E+08
10310,1.18E+08
10311,1.13E+08
10312,1.15E+08
10313,1.34E+08
10314,1.33E+08
10315,1.26E+08
10316,1.21E+08
10317,8.91E+07
10318,8.89E+07
10319,9.15E+07
10320,1.26E+08
10321,1.21E+08
10322,1.38E+08
10323,8.88E+07
10324,8.86E+07
10325,9.16E+07
10326,9.09E+07
10327,8.70E+07
10328,1.20E+08
10329,1.14E+08
10330,1.29E+08
10331,8.72E+07
10332,8.85E+07
10333,9.08E+07
10334,8.92E+07
10335,1.38E+08
10336,1.39E+08
10337,9.54E+07
10338,9.18E+07
10339,1.01E+08
10340,9.55E+07
10341,1.34E+08
10342,9.26E+07
10343,8.95E+07
10344,9.63E+07
10345,1.00E+08
10346,1.25E+08
10347,1.42E+08
10348,9.55E+07
10349,9.23E+07
10350,1.02E+08
10351,9.47E+07
10352,8.89E+07
10353,1.26E+08
10354,1.45E+08
10355,9.81E+07
10356,9.29E+07
10357,9.56E+07
10358,9.85E+07
10359,1.30E+08
10360,1.47E+08
10361,1.03E+08
10362,9.52E+07
10363,1.04E+08
10364,1.05E+08
10365,1.31E+08
10366,1.52E+08
10367,1.01E+08
10368,9.94E+07
10369,1.04E+08
10370,1.02E+08
10371,1.38E+08
10372,1.48E+08
10373,1.05E+08
10374,9.83E+07
10375,1.06E+08
10376,1.05E+08
10377,1.33E+08
10378,1.45E+08
10379,1.55E+08
10380,1.04E+08
10381,1.07E+08
10382,1.14E+08
10383,1.13E+08
10384,1.54E+08
10385,9.67E+07
10386,1.05E+08
10387,1.06E+08
10388,1.08E+08
10389,1.55E+08
10390,1.39E+08
10391,1.06E+08
10392,1.12E+08
10393,1.14E+08
10394,1.16E+08
10395,1.04E+08
10396,1.14E+08
10397,1.30E+08
10398,8.91E+07
10399,9.26E+07
10400,9.17E+07
10401,9.36E+07
10402,1.13E+08
10403,1.25E+08
10404,8.76E+07
10405,8.76E+07
10406,8.94E+07
10407,8.77E+07
10408,1.13E+08
10409,1.23E+08
10410,9.12E+07
10411,9.03E+07
10412,8.72E+07
10413,8.60E+07
10414,1.06E+08
10415,1.18E+08
10416,1.20E+08
10417,8.49E+07
10418,8.58E+07
10419,8.41E+07
10420,8.21E+07
10421,1.15E+08
10422,1.19E+08
10423,8.32E+07
10424,8.53E+07
10425,8.09E+07
10426,8.21E+07
10427,7.99E+07
10428,6.96E+07
10429,1.16E+08
10430,1.17E+08
10431,8.57E+07
10432,8.51E+07
10433,7.96E+07
10434,1.34E+08
10435,1.07E+08
10436,1.13E+08
10437,1.08E+08
10438,9.69E+07
10439,9.82E+07
10440,9.07E+07
10441,1.04E+08
10442,1.14E+08
10443,9.93E+07
10444,1.01E+08
10445,1.03E+08
10446,9.37E+07
10447,1.01E+08
10448,1.13E+08
10449,7.76E+07
10450,7.40E+07
10451,7.95E+07
10452,7.11E+07
10453,6.84E+07
10454,7.17E+07
10455,6.74E+07
10456,9.18E+07
10457,8.53E+07
10458,9.72E+07
10459,6.64E+07
10460,7.21E+07
10461,6.92E+07
10462,6.85E+07
10463,7.25E+07
10464,1.12E+08
10465,1.00E+08
10466,7.31E+07
10467,7.02E+07
10468,7.13E+07
10469,1.06E+08
10470,8.24E+07
10471,7.67E+07
10472,7.98E+07
10473,8.26E+07
10474,9.05E+07
10475,6.05E+07
10476,6.60E+07
10477,6.33E+07
10478,6.32E+07
10479,6.16E+07
10480,5.01E+07
10481,8.10E+07
10482,9.12E+07
10483,6.25E+07
10484,6.08E+07
10485,6.40E+07
10486,6.83E+07
10487,5.34E+07
10488,7.84E+07
10489,8.33E+07
10490,5.84E+07
10491,6.10E+07
10492,5.76E+07
10493,5.95E+07
10494,5.05E+07
10495,7.31E+07
10496,8.32E+07
10497,5.89E+07
10498,6.22E+07
10499,6.08E+07
10500,7.27E+07
10501,7.51E+07
10502,5.65E+07
10503,5.46E+07
10504,5.27E+07
10505,4.59E+07
10506,4.76E+07
10507,6.99E+07
10508,7.30E+07
10509,5.46E+07
10510,5.42E+07
10511,5.49E+07
10512,4.78E+07
10513,6.08E+07
10514,4.86E+07
10515,5.13E+07
10516,4.80E+07
10517,4.43E+07
10518,4.98E+07
10519,4.84E+07
10520,4.84E+07
10521,5.10E+07
10522,5.06E+07
10523,8.48E+07
10524,8.75E+07
10525,8.41E+07
10526,6.24E+07
10527,6.16E+07
10528,3.60E+07
10529,4.08E+07
10530,4.07E+07
10531,4.14E+07
10532,1.40E+08
10533,1.46E+08
10534,1.38E+08
10535,1.54E+08
10536,1.14E+08
10537,1.09E+08
10538,1.10E+08
10539,1.07E+08
10540,1.05E+08
10541,1.49E+08
10542,1.08E+08
10543,1.07E+08
10544,1.07E+08
10545,1.04E+08
10546,1.48E+08
10547,1.60E+08
10548,1.12E+08
10549,1.11E+08
10550,1.09E+08
10551,1.41E+08
10552,1.48E+08
10553,9.85E+07
10554,1.04E+08
10555,1.06E+08
10556,1.00E+08
10557,9.61E+07
10558,1.56E+08
10559,1.51E+08
10560,1.13E+08
10561,1.13E+08
10562,1.13E+08
10563,1.13E+08
10564,1.10E+08
10565,1.78E+08
10566,1.87E+08
10567,1.69E+08
10568,1.62E+08
10569,1.23E+08
10570,1.28E+08
10571,1.28E+08
10572,1.18E+08
10573,1.19E+08
10574,1.65E+08
10575,1.55E+08
10576,1.86E+08
10577,1.24E+08
10578,1.19E+08
10579,1.17E+08
10580,9.80E+07
10581,1.13E+08
10582,1.18E+08
10583,1.28E+08
10584,1.69E+08
10585,1.65E+08
10586,1.91E+08
10587,1.33E+08
10588,1.34E+08
10589,1.31E+08
10590,1.31E+08
10591,1.85E+08
10592,1.82E+08
10593,1.25E+08
10594,1.30E+08
10595,1.32E+08
10596,1.29E+08
10597,1.25E+08
10598,1.85E+08
10599,1.31E+08
10600,1.32E+08
10601,1.33E+08
10602,1.24E+08
10603,1.67E+08
10604,1.77E+08
10605,1.23E+08
10606,1.28E+08
10607,1.28E+08
10608,1.25E+08
10609,1.12E+08
10610,1.61E+08
10611,1.90E+08
10612,1.36E+08
10613,1.29E+08
10614,1.59E+08
10615,1.78E+08
10616,1.19E+08
10617,1.24E+08
10618,1.22E+08
10619,1.24E+08
10620,1.09E+08
10621,1.08E+08
10622,1.64E+08
10623,1.85E+08
10624,1.28E+08
10625,1.23E+08
10626,1.24E+08
10627,1.28E+08
10628,1.26E+08
10629,1.14E+08
10630,1.64E+08
10631,1.79E+08
10632,1.28E+08
10633,1.27E+08
10634,1.30E+08
10635,1.22E+08
10636,1.56E+08
10637,1.83E+08
10638,1.87E+08
10639,1.27E+08
10640,1.30E+08
10641,1.30E+08
10642,1.19E+08
10643,1.74E+08
10644,1.78E+08
10645,1.26E+08
10646,1.26E+08
10647,1.30E+08
10648,1.22E+08
10649,1.17E+08
10650,1.79E+08
10651,1.76E+08
10652,1.43E+08
10653,1.34E+08
10654,1.30E+08
10655,1.33E+08
10656,1.66E+08
10657,1.86E+08
10658,1.30E+08
10659,1.30E+08
10660,1.28E+08
10661,1.30E+08
10662,1.67E+08
10663,1.90E+08
10664,1.30E+08
10665,1.28E+08
10666,1.31E+08
10667,1.30E+08
10668,1.22E+08
10669,1.71E+08
10670,1.80E+08
10671,1.29E+08
10672,1.29E+08
10673,1.32E+08
10674,1.59E+08
10675,1.79E+08
10676,1.87E+08
10677,1.31E+08
10678,1.29E+08
10679,1.15E+08
10680,1.23E+08
10681,1.77E+08
10682,1.28E+08
10683,1.22E+08
10684,1.20E+08
10685,1.25E+08
10686,1.74E+08
10687,1.87E+08
10688,1.35E+08
10689,1.30E+08
10690,1.13E+08
10691,1.22E+08
10692,1.70E+08
10693,1.87E+08
10694,1.28E+08
10695,1.27E+08
10696,1.11E+08
10697,1.17E+08
10698,1.70E+08
10699,1.85E+08
10700,1.37E+08
10701,1.27E+08
10702,1.35E+08
10703,1.23E+08
10704,1.64E+08
10705,1.85E+08
10706,1.29E+08
10707,1.32E+08
10708,1.30E+08
10709,1.57E+08
10710,1.80E+08
10711,1.24E+08
10712,1.27E+08
10713,1.22E+08
10714,1.30E+08
10715,1.16E+08
10716,1.56E+08
10717,1.84E+08
10718,1.24E+08
10719,1.28E+08
10720,1.26E+08
10721,1.20E+08
10722,1.65E+08
10723,1.80E+08
10724,1.24E+08
10725,1.22E+08
10726,1.27E+08
10727,1.21E+08
10728,1.16E+08
10729,1.62E+08
10730,1.88E+08
10731,1.33E+08
10732,1.29E+08
10733,1.28E+08
10734,1.30E+08
10735,1.71E+08
10736,1.73E+08
10737,1.21E+08
10738,1.30E+08
10739,1.20E+08
10740,1.20E+08
10741,1.59E+08
10742,1.87E+08
10743,1.79E+08
10744,1.33E+08
10745,1.30E+08
10746,1.38E+08
10747,1.26E+08
10748,1.70E+08
10749,1.26E+08
10750,1.23E+08
10751,1.21E+08
10752,1.12E+08
10753,1.67E+08
10754,1.72E+08
10755,1.84E+08
10756,1.37E+08
10757,1.31E+08
10758,1.36E+08
10759,1.27E+08
10760,1.27E+08
10761,1.82E+08
10762,1.29E+08
10763,1.29E+08
10764,1.28E+08
10765,1.58E+08
10766,1.82E+08
10767,1.27E+08
10768,1.31E+08
10769,1.30E+08
10770,1.36E+08
10771,1.61E+08
10772,1.85E+08
10773,1.34E+08
10774,1.25E+08
10775,1.24E+08
10776,1.27E+08
10777,1.22E+08
10778,1.26E+08
10779,1.61E+08
10780,1.80E+08
10781,1.26E+08
10782,1.27E+08
10783,1.29E+08
10784,1.36E+08
10785,1.62E+08
10786,1.87E+08
10787,1.28E+08
10788,1.31E+08
10789,1.35E+08
10790,1.60E+08
10791,1.81E+08
10792,1.25E+08
10793,1.25E+08
10794,1.26E+08
10795,1.31E+08
10796,1.10E+08
10797,1.66E+08
10798,1.77E+08
10799,1.26E+08
10800,1.29E+08
10801,1.28E+08
10802,1.32E+08
10803,1.53E+08
10804,1.84E+08
10805,1.32E+08
10806,1.29E+08
10807,1.27E+08
10808,1.34E+08
10809,1.19E+08
10810,1.61E+08
10811,1.69E+08
10812,1.21E+08
10813,1.19E+08
10814,1.22E+08
10815,1.21E+08
10816,1.18E+08
10817,1.60E+08
10818,1.75E+08
10819,1.74E+08
10820,1.32E+08
10821,1.26E+08
10822,1.30E+08
10823,1.20E+08
10824,1.66E+08
10825,1.22E+08
10826,1.21E+08
10827,1.20E+08
10828,1.03E+08
10829,1.56E+08
10830,1.59E+08
10831,1.73E+08
10832,1.23E+08
10833,1.19E+08
10834,1.19E+08
10835,1.26E+08
10836,9.93E+07
10837,1.07E+08
10838,1.72E+08
10839,1.27E+08
10840,1.16E+08
10841,1.22E+08
10842,1.53E+08
10843,1.71E+08
10844,1.23E+08
10845,1.18E+08
10846,1.17E+08
10847,1.22E+08
10848,1.53E+08
10849,1.74E+08
10850,1.25E+08
10851,1.18E+08
10852,1.18E+08
10853,1.28E+08
10854,9.97E+07
10855,1.48E+08
10856,1.68E+08
10857,1.13E+08
10858,1.22E+08
10859,1.17E+08
10860,1.16E+08
10861,1.56E+08
10862,1.69E+08
10863,1.16E+08
10864,1.28E+08
10865,1.23E+08
10866,1.14E+08
10867,1.48E+08
10868,1.68E+08
10869,1.15E+08
10870,1.15E+08
10871,1.00E+08
10872,1.09E+08
10873,1.55E+08
10874,1.62E+08
10875,1.18E+08
10876,1.16E+08
10877,1.08E+08
10878,1.01E+08
10879,1.49E+08
10880,1.72E+08
10881,1.17E+08
10882,1.14E+08
10883,1.18E+08
10884,1.01E+08
10885,1.11E+08
10886,1.55E+08
10887,1.60E+08
10888,1.15E+08
10889,1.19E+08
10890,1.13E+08
10891,9.86E+07
10892,1.54E+08
10893,1.57E+08
10894,1.74E+08
10895,1.21E+08
10896,1.22E+08
10897,1.17E+08
10898,1.22E+08
10899,1.65E+08
10900,1.69E+08
10901,1.43E+08
10902,1.53E+08
10903,1.15E+08
10904,1.15E+08
10905,1.17E+08
10906,1.18E+08
10907,1.21E+08
10908,1.39E+08
10909,1.15E+08
10910,1.17E+08
10911,1.21E+08
10912,1.54E+08
10913,1.50E+08
10914,1.75E+08
10915,1.17E+08
10916,1.23E+08
10917,1.21E+08
10918,1.60E+08
10919,1.09E+08
10920,1.11E+08
10921,1.11E+08
10922,1.14E+08
10923,1.03E+08
10924,1.66E+08
10925,1.15E+08
10926,1.15E+08
10927,1.21E+08
10928,1.16E+08
10929,1.57E+08
10930,1.70E+08
10931,1.22E+08
10932,1.16E+08
10933,1.22E+08
10934,1.19E+08
10935,1.55E+08
10936,1.71E+08
10937,1.21E+08
10938,1.26E+08
10939,1.26E+08
10940,1.48E+08
10941,1.69E+08
10942,1.23E+08
10943,1.23E+08
10944,1.19E+08
10945,1.17E+08
10946,1.45E+08
10947,1.59E+08
10948,1.19E+08
10949,1.18E+08
10950,1.21E+08
10951,1.18E+08
10952,1.14E+08
10953,8.52E+07
10954,1.51E+08
10955,1.70E+08
10956,1.20E+08
10957,1.21E+08
10958,1.14E+08
10959,9.74E+07
10960,1.52E+08
10961,1.74E+08
10962,1.68E+08
10963,1.15E+08
10964,1.23E+08
10965,1.11E+08
10966,9.37E+07
10967,1.13E+08
10968,8.33E+07
10969,9.56E+07
10970,9.40E+07
10971,1.18E+08
10972,1.76E+08
10973,1.78E+08
10974,1.25E+08
10975,1.23E+08
10976,1.23E+08
10977,1.79E+08
10978,1.84E+08
10979,1.40E+08
10980,1.36E+08
10981,1.59E+08
10982,1.80E+08
10983,1.29E+08
10984,1.33E+08
10985,1.30E+08
10986,1.63E+08
10987,1.77E+08
10988,1.30E+08
10989,1.28E+08
10990,1.28E+08
10991,1.29E+08
10992,1.52E+08
10993,1.77E+08
10994,1.82E+08
10995,1.32E+08
10996,1.24E+08
10997,1.26E+08
10998,1.22E+08
10999,1.11E+08
11000,1.16E+08
11001,1.72E+08
11002,1.76E+08
11003,1.22E+08
11004,1.21E+08
11005,1.23E+08
11006,1.22E+08
11007,1.78E+08
11008,1.75E+08
11009,1.42E+08
11010,1.31E+08
11011,1.31E+08
11012,1.21E+08
11013,1.51E+08
11014,1.37E+08
11015,1.27E+08
11016,1.29E+08
11017,1.19E+08
11018,1.33E+08
11019,1.26E+08
11020,1.28E+08
11021,1.33E+08
11022,1.26E+08
11023,1.52E+08
11024,1.05E+08
11025,1.09E+08
11026,9.93E+07
11027,9.78E+07
11028,1.03E+08
11029,1.54E+08
11030,1.57E+08
11031,1.13E+08
11032,1.11E+08
11033,1.16E+08
11034,1.05E+08
11035,1.59E+08
11036,1.50E+08
11037,1.18E+08
11038,1.18E+08
11039,1.21E+08
11040,1.15E+08
11041,1.59E+08
11042,1.43E+08
11043,1.27E+08
11044,1.05E+08
11045,1.05E+08
11046,1.05E+08
11047,1.12E+08
11048,1.06E+08
11049,9.07E+07
11050,1.47E+08
11051,1.41E+08
11052,1.58E+08
11053,1.12E+08
11054,1.11E+08
11055,1.56E+08
11056,1.61E+08
11057,1.13E+08
11058,1.11E+08
11059,1.14E+08
11060,1.16E+08
11061,1.06E+08
11062,1.06E+08
11063,1.11E+08
11064,1.07E+08
11065,9.74E+07
11066,1.39E+08
11067,1.58E+08
11068,1.10E+08
11069,1.12E+08
11070,1.10E+08
11071,1.15E+08
11072,1.34E+08
11073,1.50E+08
11074,1.04E+08
11075,1.05E+08
11076,1.06E+08
11077,1.05E+08
11078,1.05E+08
11079,8.93E+07
11080,1.36E+08
11081,1.53E+08
11082,1.09E+08
11083,1.08E+08
11084,1.11E+08
11085,1.07E+08
11086,1.34E+08
11087,1.51E+08
11088,1.05E+08
11089,1.06E+08
11090,1.06E+08
11091,9.96E+07
11092,8.77E+07
11093,1.34E+08
11094,1.49E+08
11095,1.06E+08
11096,1.03E+08
11097,1.08E+08
11098,1.01E+08
11099,1.33E+08
11100,1.49E+08
11101,1.51E+08
11102,1.06E+08
11103,1.04E+08
11104,1.00E+08
11105,1.06E+08
11106,1.42E+08
11107,1.49E+08
11108,1.03E+08
11109,1.00E+08
11110,1.09E+08
11111,1.44E+08
11112,1.45E+08
11113,1.08E+08
11114,1.01E+08
11115,1.08E+08
11116,1.45E+08
11117,1.31E+08
11118,1.04E+08
11119,1.03E+08
11120,1.28E+08
11121,1.37E+08
11122,1.25E+08
11123,9.94E+07
11124,9.74E+07
11125,9.51E+07
11126,9.21E+07
11127,1.47E+08
11128,1.06E+08
11129,1.07E+08
11130,1.10E+08
11131,1.10E+08
11132,1.22E+08
11133,1.19E+08
11134,1.31E+08
11135,9.19E+07
11136,9.40E+07
11137,9.24E+07
11138,8.93E+07
11139,1.41E+08
11140,1.03E+08
11141,9.81E+07
11142,1.07E+08
11143,9.73E+07
11144,1.19E+08
11145,1.32E+08
11146,9.56E+07
11147,9.41E+07
11148,9.47E+07
11149,9.37E+07
11150,1.12E+08
11151,1.25E+08
11152,8.18E+07
11153,8.99E+07
11154,9.12E+07
11155,7.91E+07
11156,1.10E+08
11157,1.27E+08
11158,8.30E+07
11159,8.76E+07
11160,8.84E+07
11161,9.10E+07
11162,7.39E+07
11163,8.73E+07
11164,1.11E+08
11165,1.20E+08
11166,7.86E+07
11167,8.03E+07
11168,7.34E+07
11169,7.57E+07
11170,1.11E+08
11171,1.25E+08
11172,8.47E+07
11173,8.54E+07
11174,9.02E+07
11175,1.05E+08
11176,1.19E+08
11177,8.37E+07
11178,7.73E+07
11179,7.89E+07
11180,7.84E+07
11181,7.19E+07
11182,1.11E+08
11183,1.20E+08
11184,8.12E+07
11185,8.47E+07
11186,8.68E+07
11187,8.61E+07
11188,1.08E+08
11189,1.19E+08
11190,1.13E+08
11191,8.44E+07
11192,8.18E+07
11193,8.70E+07
11194,1.15E+08
11195,8.33E+07
11196,8.29E+07
11197,8.35E+07
11198,1.06E+08
11199,1.06E+08
11200,1.16E+08
11201,8.39E+07
11202,8.55E+07
11203,8.76E+07
11204,1.11E+08
11205,8.14E+07
11206,8.32E+07
11207,7.82E+07
11208,1.05E+08
11209,9.67E+07
11210,7.26E+07
11211,8.12E+07
11212,7.10E+07
11213,9.63E+07
11214,8.99E+07
11215,9.63E+07
11216,7.08E+07
11217,6.97E+07
11218,7.23E+07
11219,6.89E+07
11220,1.07E+08
11221,8.07E+07
11222,7.92E+07
11223,7.92E+07
11224,7.57E+07
11225,8.58E+07
11226,9.64E+07
11227,7.09E+07
11228,7.12E+07
11229,7.41E+07
11230,7.01E+07
11231,6.37E+07
11232,7.86E+07
11233,8.81E+07
11234,8.35E+07
11235,6.17E+07
11236,5.89E+07
11237,6.55E+07
11238,6.66E+07
11239,5.60E+07
11240,8.57E+07
11241,8.79E+07
11242,6.20E+07
11243,6.59E+07
11244,6.23E+07
11245,6.53E+07
11246,6.02E+07
11247,7.95E+07
11248,8.47E+07
11249,6.14E+07
11250,6.08E+07
11251,6.13E+07
11252,7.29E+07
11253,6.93E+07
11254,5.47E+07
11255,5.48E+07
11256,5.43E+07
11257,5.72E+07
11258,5.01E+07
11259,4.83E+07
11260,6.98E+07
11261,6.04E+07
11262,5.00E+07
11263,4.74E+07
11264,5.12E+07
11265,4.48E+07
11266,4.68E+07
11267,3.85E+07
11268,7.71E+07
11269,5.84E+07
11270,5.94E+07
11271,5.74E+07
11272,5.86E+07
11273,4.97E+07
11274,4.55E+07
11275,4.92E+07
11276,5.11E+07
11277,1.84E+07
11278,4.99E+07
11279,3.45E+07
11280,3.01E+07
11281,2.34E+07
11282,2.49E+07
11283,3.16E+07
11284,2.28E+07
11285,3.00E+07
11286,3.16E+07
11287,2.35E+07
11288,5.75E+07
11289,5.62E+07
11290,6.46E+07
11291,6.63E+07
11292,3.02E+07
11293,2.82E+07
11294,6.00E+07
11295,5.53E+07
11296,6.67E+07
11297,3.90E+07
11298,3.37E+07
11299,7.56E+06
11300,4.95E+06
11301,5.47E+06
11302,8.23E+06
11303,6.22E+07
11304,6.21E+07
11305,5.40E+07
11306,5.46E+07
11307,5.40E+07
11308,2.75E+07
11309,5.11E+07
11310,4.55E+07
11311,4.33E+07
11312,5.24E+07
11313,5.02E+07
11314,4.88E+07
11315,5.68E+07
11316,4.98E+07
11317,3.15E+07
11318,4.20E+07
11319,4.87E+07
11320,3.55E+07
11321,4.77E+07
11322,5.12E+07
11323,5.08E+07
11324,5.81E+07
11325,4.15E+07
11326,3.53E+07
11327,4.77E+07
11328,4.00E+07
11329,5.10E+07
11330,4.95E+07
11331,4.52E+07
11332,5.06E+07
11333,4.89E+07
11334,4.88E+07
11335,4.71E+07
11336,4.55E+07
11337,4.93E+07
11338,4.70E+07
11339,4.51E+07
11340,4.94E+07
11341,5.13E+07
11342,4.81E+07
11343,4.95E+07
11344,4.60E+07
11345,4.57E+07
11346,4.99E+07
11347,4.69E+07
11348,5.07E+07
11349,4.66E+07
11350,4.63E+07
11351,4.64E+07
11352,4.46E+07
11353,4.52E+07
11354,4.64E+07
11355,4.61E+07
11356,4.38E+07
11357,4.78E+07
11358,4.83E+07
11359,4.98E+07
11360,4.85E+07
11361,4.78E+07
11362,5.15E+07
11363,4.93E+07
11364,4.67E+07
11365,5.01E+07
11366,4.82E+07
11367,5.07E+07
11368,5.79E+07
11369,4.99E+07
11370,4.06E+07
11371,4.86E+07
11372,3.39E+07
11373,4.94E+07
11374,5.00E+07
11375,5.33E+07
11376,5.30E+07
11377,4.99E+07
11378,5.20E+07
11379,4.83E+07
11380,4.86E+07
11381,4.77E+07
11382,5.26E+07
11383,4.68E+07
11384,4.83E+07
11385,4.95E+07
11386,4.74E+07
11387,4.61E+07
11388,4.74E+07
11389,4.83E+07
11390,5.32E+07
11391,5.07E+07
11392,5.01E+07
11393,5.20E+07
11394,5.12E+07
11395,4.57E+07
11396,4.71E+07
11397,3.62E+07
11398,4.76E+07
11399,5.05E+07
11400,5.14E+07
11401,4.40E+07
11402,4.97E+07
11403,5.21E+07
11404,4.94E+07
11405,4.90E+07
11406,4.67E+07
11407,4.36E+07
11408,4.86E+07
11409,5.13E+07
11410,5.49E+07
11411,4.84E+07
11412,4.80E+07
11413,4.78E+07
11414,5.13E+07
11415,4.82E+07
11416,5.10E+07
11417,4.55E+07
11418,4.92E+07
11419,4.92E+07
11420,4.59E+07
11421,5.02E+07
11422,4.50E+07
11423,5.42E+07
11424,4.75E+07
11425,4.47E+07
11426,3.80E+07
11427,3.32E+07
11428,4.85E+07
11429,4.48E+07
11430,4.33E+07
11431,4.33E+07
11432,4.37E+07
11433,4.27E+07
11434,4.48E+07
11435,4.07E+07
11436,4.72E+07
11437,4.63E+07
11438,5.13E+07
11439,4.33E+07
11440,3.48E+07
11441,4.50E+07
11442,4.44E+07
11443,3.50E+07
11444,4.89E+07
11445,4.83E+07
11446,4.09E+07
11447,4.12E+07
11448,3.97E+07
11449,4.29E+07
11450,4.26E+07
11451,3.58E+07
11452,4.38E+07
11453,3.88E+07
11454,4.06E+07
11455,4.03E+07
11456,4.20E+07
11457,4.10E+07
11458,4.24E+07
11459,4.23E+07
11460,4.46E+07
11461,4.55E+07
11462,4.00E+07
11463,3.81E+07
11464,4.26E+07
11465,4.23E+07
11466,4.16E+07
11467,4.33E+07
11468,3.95E+07
11469,5.08E+07
11470,4.45E+07
11471,4.85E+07
11472,4.76E+07
11473,4.66E+07
11474,4.56E+07
11475,4.90E+07
11476,4.82E+07
11477,4.62E+07
11478,4.28E+07
11479,4.11E+07
11480,4.37E+07
11481,4.35E+07
11482,4.23E+07
11483,4.29E+07
11484,4.85E+07
11485,4.33E+07
11486,4.36E+07
11487,4.57E+07
11488,4.32E+07
11489,4.57E+07
11490,4.34E+07
11491,4.40E+07
11492,4.10E+07
11493,4.15E+07
11494,4.39E+07
11495,4.65E+07
11496,4.62E+07
11497,4.71E+07
11498,5.05E+07
11499,4.90E+07
11500,4.74E+07
11501,5.47E+07
11502,5.55E+07
11503,4.70E+07
11504,4.64E+07
11505,4.56E+07
11506,4.47E+07
11507,3.79E+07
11508,4.64E+07
11509,4.83E+07
11510,4.63E+07
11511,5.27E+07
11512,4.58E+07
11513,3.44E+07
11514,4.72E+07
11515,3.87E+07
11516,4.80E+07
11517,5.01E+07
11518,5.02E+07
11519,5.61E+07
11520,4.51E+07
11521,4.74E+07
11522,4.57E+07
11523,4.72E+07
11524,3.78E+07
11525,4.00E+07
11526,4.35E+07
11527,4.95E+07
11528,5.04E+07
11529,4.68E+07
11530,4.72E+07
11531,4.44E+07
11532,4.78E+07
11533,4.81E+07
11534,4.39E+07
11535,4.75E+07
11536,4.69E+07
11537,4.49E+07
11538,4.63E+07
11539,4.80E+07
11540,4.76E+07
11541,4.43E+07
11542,4.70E+07
11543,4.33E+07
11544,4.56E+07
11545,4.84E+07
11546,5.07E+07
11547,4.82E+07
11548,4.78E+07
11549,4.52E+07
11550,4.50E+07
11551,4.83E+07
11552,4.74E+07
11553,4.97E+07
11554,4.26E+07
11555,4.33E+07
11556,4.24E+07
11557,4.34E+07
11558,4.59E+07
11559,4.59E+07
11560,4.35E+07
11561,4.41E+07
11562,5.22E+07
11563,4.12E+07
11564,4.35E+07
11565,4.34E+07
11566,4.37E+07
11567,3.57E+07
11568,4.90E+07
11569,4.84E+07
11570,4.31E+07
11571,4.52E+07
11572,4.49E+07
11573,4.77E+07
11574,4.56E+07
11575,5.07E+07
11576,4.75E+07
11577,4.80E+07
11578,4.80E+07
11579,4.14E+07
11580,4.53E+07
11581,4.36E+07
11582,4.55E+07
11583,4.32E+07
11584,4.45E+07
11585,5.38E+07
11586,4.82E+07
11587,4.58E+07
11588,4.86E+07
11589,4.34E+07
11590,4.38E+07
11591,4.72E+07
11592,4.19E+07
11593,4.47E+07
11594,4.24E+07
11595,3.84E+07
11596,4.76E+07
11597,4.68E+07
11598,4.52E+07
11599,3.18E+07
11600,3.64E+07
11601,3.98E+07
11602,4.04E+07
11603,4.30E+07
11604,4.38E+07
11605,4.26E+07
11606,4.44E+07
11607,3.93E+07
11608,4.32E+07
11609,4.26E+07
11610,4.16E+07
11611,4.35E+07
11612,4.44E+07
11613,3.87E+07
11614,4.07E+07
11615,4.32E+07
11616,4.18E+07
11617,4.21E+07
11618,4.19E+07
11619,4.39E+07
11620,4.07E+07
11621,4.61E+07
11622,5.65E+07
11623,6.34E+07
11624,5.27E+07
11625,5.24E+07
11626,4.67E+07
11627,4.96E+07
11628,3.74E+07
11629,5.09E+07
11630,4.20E+07
11631,4.79E+07
11632,4.70E+07
11633,4.73E+07
11634,4.56E+07
11635,4.22E+07
11636,4.62E+07
11637,4.68E+07
11638,5.54E+07
11639,5.77E+07
11640,4.63E+07
11641,4.01E+07
11642,5.32E+07
11643,5.80E+07
11644,5.26E+07
11645,4.94E+07
11646,5.01E+07
11647,4.69E+07
11648,4.78E+07
11649,5.19E+07
11650,4.86E+07
11651,4.76E+07
11652,5.24E+07
11653,5.15E+07
11654,4.91E+07
11655,4.93E+07
11656,4.72E+07
11657,4.80E+07
11658,4.61E+07
11659,4.59E+07
11660,4.77E+07
11661,5.11E+07
11662,4.83E+07
11663,4.83E+07
11664,4.71E+07
11665,4.84E+07
11666,5.03E+07
11667,4.96E+07
11668,5.43E+07
11669,5.29E+07
11670,4.88E+07
11671,4.90E+07
11672,5.03E+07
11673,5.15E+07
11674,4.99E+07
11675,5.00E+07
11676,4.93E+07
11677,5.33E+07
11678,4.90E+07
11679,4.96E+07
11680,5.02E+07
11681,4.80E+07
11682,5.31E+07
11683,4.92E+07
11684,4.72E+07
11685,4.90E+07
11686,4.90E+07
11687,4.71E+07
11688,4.72E+07
11689,4.94E+07
11690,4.87E+07
11691,4.87E+07
11692,4.36E+07
11693,5.05E+07
11694,7.79E+06
11695,5.36E+06
11696,5.62E+06
11697,7.86E+06
11698,1952.6
11699,3028.4
11700,6914.3
11701,3058.9
11702,6006.9
11703,2144.8
11704,2317
11705,3329.4
11706,1597.1
11707,1.16E+07
11708,1.25E+07
11709,1.09E+07
11710,8.29E+06
11711,9.62E+06
11712,1.03E+07
11713,7.46E+06
11714,5.75E+06
11715,8.88E+06
11716,9.50E+06
11717,1.56E+07
11718,1.15E+07
11719,1.26E+07
11720,1.07E+07
11721,6.74E+06
11722,1.18E+07
11723,7.33E+06
11724,1.10E+07
11725,1.07E+07
11726,8.72E+06
11727,5.80E+06
11728,5.11E+06
11729,1.26E+07
11730,1.15E+07
11731,6.76E+06
11732,9.30E+06
11733,91.48
11734,69.881
11735,82.292
11736,167.19
11737,178.71
11738,296.11
11739,71.243
11740,92.478
11741,81.122
11742,62.074
11743,59.315
11744,70.47
11745,81310
11746,1.87E+05
11747,78665
11748,3.45E+05
11749,2.03E+05
11750,1.06E+05
11751,1.12E+05
11752,71260
11753,1.13E+05
11754,2.27E+05
11755,1.05E+05
11756,100.93
11757,99.515
11758,328.73
11759,245
11760,124.7
11761,182.11
11762,84.372
11763,189.82
11764,114.8
11765,95.465
11766,1.36E+05
11767,2.02E+05
11768,79222
11769,99659
11770,3.00E+05
11771,89344
11772,85891
11773,62305
11774,80280
11775,1.62E+07
11776,1.19E+07
11777,1.19E+07
11778,1.11E+07
11779,9.29E+06
11780,1.51E+07
11781,1.40E+07
11782,9.74E+06
11783,1.51E+07
11784,1.23E+07
11785,1.17E+07
11786,1.62E+07
11787,1.15E+07
11788,1.10E+07
11789,1.16E+07
11790,1.61E+07
11791,1.27E+07
11792,1.08E+07
11793,1.07E+07
11794,1.50E+07
11795,1.49E+07
11796,1.70E+07
11797,1.10E+07
11798,640.97
11799,635.28
11800,333.5
11801,291.79
11802,325.42
11803,828.16
11804,255.81
11805,214.22
11806,514.44
11807,236.27
11808,7.6414
11809,14.301
11810,5.3885
11811,5.5605
11812,10.345
11813,4.5108
11814,10.683
11815,3.7898
11816,3.8987
11817,5.6391
11818,7.9768
11819,1.74E+06
11820,2.77E+06
11821,2.96E+06
11822,1.19E+06
11823,1.43E+06
11824,3.38E+06
11825,1.14E+06
11826,1.15E+06
11827,1.69E+06
11828,9.24E+05
11829,28252
11830,47521
11831,28517
11832,15965
11833,29857
11834,15174
11835,15459
11836,15361
11837,12233
11838,11516
11839,20.751
11840,10.607
11841,7.8128
11842,7.958
11843,13.655
11844,22.119
11845,9.1458
11846,8.602
11847,6.6787
11848,2.55E+06
11849,1.43E+06
11850,3.04E+06
11851,2.29E+06
11852,1.43E+06
11853,1.12E+06
11854,1.00E+06
11855,1.83E+06
11856,1.41E+06
11857,2655.5
11858,6409.9
11859,1416.5
11860,5298.9
11861,1484.8
11862,1656.5
11863,1470.2
11864,2802.8
11865,3804.3
11866,1159.7
11867,1862.6
11868,12034
11869,22406
11870,6807.8
11871,19379
11872,7400
11873,6321.9
11874,16869
11875,6.42E+06
11876,9.05E+06
11877,1.14E+07
11878,1.21E+07
11879,1.18E+07
11880,6.31E+06
11881,8.20E+06
11882,6.57E+06
11883,5.19E+06
11884,1.33E+07
11885,6.98E+06
11886,1.09E+07
11887,7.88E+06
11888,1.31E+07
11889,2.59E+07
11890,2.55E+07
11891,2.22E+07
11892,2.96E+07
11893,2.90E+07
11894,2.24E+07
11895,2.69E+07
11896,2.36E+07
11897,2.54E+07
11898,2.62E+07
11899,1.17E+07
11900,7.80E+06
11901,1.28E+07
11902,1.31E+07
11903,8.22E+06
11904,1.11E+07
11905,6.82E+06
11906,5.79E+06
11907,1.55E+07
11908,8.76E+06
11909,1.23E+07
11910,1.36E+07
11911,539.92
11912,1708.3
11913,1963.7
11914,1042.5
11915,668.82
11916,467.81
11917,895.92
11918,635.95
11919,437.71
11920,542.37
11921,1921.7
11922,590.94
11923,1036.4
11924,916.48
11925,428.14
11926,700.29
11927,781.33
11928,449.11
11929,34194
11930,23774
11931,23913
11932,37990
11933,67856
11934,41793
11935,22245
11936,20004
11937,39845
11938,2.71E+07
11939,2.97E+07
11940,2.98E+07
11941,2.31E+07
11942,2.42E+07
11943,2.75E+07
11944,2.26E+07
11945,2.60E+07
11946,2.55E+07
11947,2.26E+07
11948,1.59E+07
11949,1.53E+07
11950,2.23E+07
11951,2.00E+07
11952,1.86E+07
11953,2.57E+07
11954,2.10E+07
11955,2.58E+07
11956,2.44E+07
11957,1.84E+07
11958,2.19E+07
11959,2.43E+07
11960,2.44E+07
11961,1.42E+07
11962,1.47E+07
11963,1.84E+07
11964,1.93E+07
11965,2.21E+07
11966,1.93E+07
11967,2.30E+07
11968,2.07E+07
11969,2.29E+07
11970,48.075
11971,73.384
11972,35.429
11973,37.927
11974,44.479
11975,32.389
11976,26.342
11977,28.072
11978,64.043
11979,42.849
11980,7.99E+06
11981,1.33E+07
11982,1.26E+07
11983,1.21E+07
11984,9.69E+06
11985,6.81E+06
11986,1.39E+07
11987,8.89E+06
11988,1.37E+07
11989,1.79E+07
11990,1781.9
11991,626.05
11992,2373
11993,742.07
11994,554.32
11995,1086.3
11996,498.01
11997,51.168
11998,148.5
11999,51.078
12000,64.035
12001,84.774
12002,70.414
12003,43.127
12004,58.896
12005,52.109
12006,80.504
12007,5.98E+06
12008,2.22E+06
12009,3.83E+06
12010,3.23E+06
12011,1.75E+06
12012,2.33E+06
12013,1.76E+06
12014,3.02E+06
12015,5.25E+06
12016,2.70E+06
12017,1.12E+06
12018,1.19E+06
12019,2.87E+06
12020,1.05E+06
12021,1.59E+06
12022,1.57E+06
12023,1.20E+06
12024,1.87E+06
12025,24383
12026,23384
12027,7821.9
12028,8081
12029,11032
12030,33679
12031,7315.7
12032,6981.1
12033,13740
12034,9084.6
12035,198.92
12036,289.23
12037,168.9
12038,180.9
12039,208.5
12040,131.18
12041,224.01
12042,131.34
12043,150.42
12044,161.2
12045,4.04E+05
12046,1.65E+05
12047,4.83E+05
12048,1.73E+05
12049,2.27E+05
12050,1.59E+05
12051,2.49E+05
12052,1.36E+05
12053,3.33E+05
12054,1.86E+05
12055,1.79E+05
12056,2.94E+05
12057,5.3066
12058,2.3241
12059,3.0601
12060,3.3899
12061,1.7458
12062,2.951
12063,6.0827
12064,3.2869
12065,2.1768
12066,3.6483
12067,1.8568
12068,1.6893
12069,2.9563
12070,2.7249
12071,2.4667
12072,6748.4
12073,6890.7
12074,1994.1
12075,1775.3
12076,1607.3
12077,2988.6
12078,3399
12079,1609.7
12080,1.14E+07
12081,1.15E+07
12082,1.26E+07
12083,1.44E+07
12084,1.60E+07
12085,1.07E+07
12086,2.18E+07
12087,1.83E+07
12088,1.37E+07
12089,2.17E+07
12090,2.07E+07
12091,1.58E+07
12092,1.11E+05
12093,92548
12094,3.11E+05
12095,2.56E+05
12096,1.02E+05
12097,90060
12098,1.37E+05
12099,78602
12100,2.71E+05
12101,1.69E+05
12102,2.19E+07
12103,2.88E+07
12104,2.49E+07
12105,2.76E+07
12106,2.14E+07
12107,2.38E+07
12108,2.63E+07
12109,2.89E+07
12110,2.32E+07
12111,2.59E+07
12112,2.70E+07
12113,1.20E+07
12114,1.22E+07
12115,1.23E+07
12116,1.34E+07
12117,1.61E+07
12118,1.53E+07
12119,1.38E+07
12120,1.83E+07
12121,1.55E+07
12122,1.66E+07
12123,9.79E+06
12124,1.08E+07
12125,1.22E+07
12126,1.11E+07
12127,1.46E+07
12128,1.44E+07
12129,1.64E+07
12130,1.27E+07
12131,1.11E+07
12132,1.29E+07
12133,1.65E+07
12134,1.58E+07
12135,1.60E+07
12136,1.11E+07
12137,21022
12138,19946
12139,59188
12140,41582
12141,18203
12142,16013
12143,25888
12144,16355
12145,1.27E+07
12146,1.72E+07
12147,1.97E+07
12148,1.81E+07
12149,1.67E+07
12150,1.17E+07
12151,1.64E+07
12152,1.10E+07
12153,1.01E+07
12154,1.18E+07
12155,1.08E+07
12156,1.68E+07
12157,1.28E+07
12158,1.41E+07
12159,19.375
12160,29.525
12161,30.855
12162,16.039
12163,25.031
12164,17.679
12165,23.036
12166,31.499
12167,3.89E+06
12168,4.33E+06
12169,5.71E+06
12170,2.27E+06
12171,2.25E+06
12172,3.52E+06
12173,3.94E+06
12174,6.4257
12175,19.412
12176,6.7441
12177,8.2492
12178,6.5467
12179,5.3706
12180,5.0671
12181,5.4273
12182,13.741
12183,8.5813
12184,14.643
12185,5.7306
12186,6.0168
12187,11.889
12188,4.8212
12189,5.171
12190,4.1293
12191,7.9755
12192,8.2975
12193,5.5177
12194,1.38E+07
12195,6.68E+06
12196,8.48E+06
12197,8.76E+06
12198,1.34E+07
12199,6.15E+06
12200,8.62E+06
12201,53547
12202,37179
12203,59476
12204,49826
12205,17781
12206,25857
12207,36914
12208,43493
12209,34501
12210,129.61
12211,34.064
12212,30.115
12213,41.828
12214,27.234
12215,94.9
12216,24.21
12217,1.41E+07
12218,1.80E+07
12219,1.40E+07
12220,1.87E+07
12221,1.25E+07
12222,1.87E+07
12223,2.00E+07
12224,1.46E+07
12225,190.61
12226,139.13
12227,126.89
12228,95.856
12229,143.04
12230,92.455
12231,111.85
12232,108.62
12233,120.26
12234,7.85E+06
12235,1.36E+07
12236,6.55E+06
12237,8.52E+06
12238,8.41E+06
12239,1.05E+07
12240,54690
12241,2.17E+05
12242,36922
12243,1.16E+05
12244,52332
12245,45413
12246,1.39E+05
12247,54242
12248,2.57E+06
12249,4.51E+06
12250,5.81E+06
12251,2.07E+06
12252,2.33E+06
12253,2.96E+06
12254,4.42E+06
12255,5.56E+06
12256,1.57E+07
12257,1.46E+07
12258,1.86E+07
12259,1.69E+07
12260,1.95E+07
12261,1.31E+07
12262,1.60E+07
12263,1.05E+07
12264,2.08E+07
12265,1.69E+07
12266,1.78E+07
12267,1.98E+07
12268,1.60E+07
12269,22351
12270,44843
12271,20808
12272,21688
12273,36368
12274,18950
12275,3.22E+07
12276,2.96E+07
12277,3.08E+07
12278,2.58E+07
12279,2.41E+07
12280,2.51E+07
12281,2.93E+07
12282,2.93E+07
12283,2.70E+07
12284,2.79E+07
12285,6.92E+05
12286,1.77E+05
12287,3.77E+05
12288,1.52E+05
12289,2.31E+05
12290,1.50E+05
12291,5.16E+06
12292,4.41E+06
12293,4.28E+06
12294,3.22E+06
12295,4.78E+06
12296,6.83E+06
12297,3.28E+07
12298,3.34E+07
12299,3.11E+07
12300,3.26E+07
12301,3.07E+07
12302,2.91E+07
12303,150.86
12304,34.885
12305,43.325
12306,43.048
12307,27.416
12308,1.19E+07
12309,1.07E+07
12310,1.16E+07
12311,1.77E+07
12312,1.67E+07
12313,1.70E+07
12314,1.58E+07
12315,1.17E+07
12316,1.37E+07
12317,1.31E+07
12318,1.54E+07
12319,2.07E+07
12320,1.38E+07
12321,2.16E+07
12322,1.29E+07
12323,1.96E+07
12324,2.15E+07
12325,1.39E+07
12326,1.33E+07
12327,1.60E+07
12328,2.41E+07
12329,2.01E+07
12330,2.25E+07
12331,1.42E+07
12332,6.47E+06
12333,1.14E+07
12334,4.41E+06
12335,6.05E+06
12336,1.12E+07
12337,8.68E+06
12338,7.52E+06
12339,1.31E+07
12340,4.21E+05
12341,8.05E+05
12342,6.41E+05
12343,6.71E+05
12344,3.29E+05
12345,4.03E+05
12346,10620
12347,9346
12348,12861
12349,5733.3
12350,9898.5
12351,5971.7
12352,3.37E+07
12353,3.49E+07
12354,3.33E+07
12355,3.33E+07
12356,353.03
12357,160.48
12358,211.37
12359,121.65
12360,156.91
12361,151.02
12362,1.45E+07
12363,1.75E+07
12364,2.01E+07
12365,1.24E+07
12366,2.10E+07
12367,1.41E+07
12368,1.86E+07
12369,2.02E+07
12370,1.46E+07
12371,1.47E+07
12372,2.15E+07
12373,1.95E+07
12374,1.43E+07
12375,2.08E+07
12376,2.33E+07
12377,1.99E+07
12378,3.11E+07
12379,2.98E+07
12380,3.24E+07
12381,3.01E+07
12382,2.94E+07
12383,24999
12384,9788
12385,5585.5
12386,13013
12387,5900.8
12388,6305.6
12389,12356
12390,7021.2
12391,61747
12392,68769
12393,21189
12394,22996
12395,28034
12396,23108
12397,57211
12398,40266
12399,421.19
12400,358.52
12401,572.51
12402,746.42
12403,896.02
12404,299.03
12405,256.7
12406,419.66
12407,1.63E+07
12408,1.53E+07
12409,1.15E+07
12410,1.95E+07
12411,54135
12412,30688
12413,43973
12414,65710
12415,16912
12416,20567
12417,22136
12418,2812.8
12419,3146.8
12420,1521.9
12421,4125.2
12422,2842.5
12423,1266.7
12424,1502.9
12425,1561.7
12426,217.41
12427,663.46
12428,243.3
12429,248.94
12430,180.02
12431,208.1
12432,109.23
12433,75.385
12434,74.962
12435,65.724
12436,91.097
12437,1.3902
12438,0.70532
12439,0.55789
12440,0.81194
12441,0.75588
12442,364.28
12443,141.33
12444,316.13
12445,124.5
12446,169.46
12447,2.82E+07
12448,2.72E+07
12449,3.07E+07
12450,2.94E+07
12451,3.22E+07
12452,2.93E+07
12453,426.61
12454,129.24
12455,5326.4
12456,7224.1
12457,4367.6
12458,7.88E+05
12459,2.12E+06
12460,8.07E+05
12461,5.66E+05
12462,9.14E+05
12463,3.56E+06
12464,3.79E+06
12465,2.61E+06
12466,2.48E+06
12467,6.74E+06
12468,2.65E+06
12469,1.96E+06
12470,1.88E+06
12471,3.27E+06
12472,2.21E+06
12473,1.92E+06
12474,1.32E+07
12475,1.04E+07
12476,1.39E+07
12477,1.38E+07
12478,1.85E+07
12479,2.05E+07
12480,1.88E+07
12481,1.86E+07
12482,17.33
12483,23.848
12484,18.563
12485,14.036
12486,15.96
12487,14.336
12488,90734
12489,1.48E+05
12490,75192
12491,46085
12492,67958
12493,65511
12494,1.05E+05
12495,51217
12496,38568
12497,63804
12498,6.65E+05
12499,1.83E+05
12500,2.59E+05
12501,1.69E+05
12502,3.58E+05
12503,3.7753
12504,2.1613
12505,2.1811
12506,3.1736
12507,3.588
12508,9.6408
12509,2.3738
12510,2.486
12511,3.7886
12512,7.92E+05
12513,7.31E+05
12514,7.83E+05
12515,6.18E+05
12516,1.48E+06
12517,8.43E+05
12518,1.13E+06
12519,1.0459
12520,2.8827
12521,0.99979
12522,1.7777
12523,1.0306
12524,6024.6
12525,2149.3
12526,2385
12527,2980.9
12528,1734.4
12529,1597.6
12530,3.12E+07
12531,3.19E+07
12532,2.96E+07
12533,4731.7
12534,5093.4
12535,7802.1
12536,6261.3
12537,2.24E+07
12538,2.72E+07
12539,2.80E+07
12540,2.96E+07
12541,2.68E+07
12542,2.62E+07
12543,2.51E+07
12544,2.61E+07
12545,2.22E+07
12546,9.12E+05
12547,5.57E+05
12548,1.41E+06
12549,6.30E+05
12550,3.0706
12551,1.5214
12552,1.3748
12553,2.338
12554,1.4439
12555,2.7067
12556,1.3615
12557,2.18E+07
12558,2.09E+07
12559,1.30E+07
12560,1.78E+07
12561,1.72E+07
12562,2.30E+07
12563,1.92E+07
12564,2.25E+07
12565,2.30E+07
12566,2.26E+07
12567,2.63E+07
12568,2.67E+07
12569,2.27E+07
12570,2.36E+07
12571,2.38E+07
12572,4.60E+05
12573,7.16E+05
12574,4.68E+05
12575,7.79E+05
12576,5.07E+05
12577,3.6498
12578,2.1332
12579,1.9911
12580,2.0918
12581,3.3338
12582,8.6132
12583,2.2657
12584,4.5303
12585,2.665
12586,1.52E+07
12587,1.31E+07
12588,9.82E+06
12589,2.02E+07
12590,1.58E+07
12591,23.766
12592,10.158
12593,7.7039
12594,8.4471
12595,4.15E+05
12596,2.37E+05
12597,6.19E+05
12598,2.78E+05
12599,3.53E+05
12600,8.59E+05
12601,20480
12602,329.77
12603,476.43
12604,17.811
12605,11.867
12606,8.0314
12607,5.88E+06
12608,2.37E+06
12609,3.66E+06
12610,2.97E+06
12611,1.89E+07
12612,2.13E+07
12613,1.30E+07
12614,1.81E+07
12615,21.117
12616,17.142
12617,23.349
12618,31.219
12619,74.994
12620,86.735
12621,90.271
12622,101.83
12623,1955.5
12624,603.74
12625,752.79
12626,871.87
12627,2.51E+06
12628,2.90E+06
12629,3.57E+06
12630,3.36E+06
12631,5.99E+06
12632,4.59E+06
12633,1023
12634,761.15
12635,525.72
12636,523.56
12637,1.22E+07
12638,1.56E+07
12639,1.91E+07
12640,1.30E+07
12641,1.88E+07
12642,1.34E+07
12643,42.661
12644,37.238
12645,22.591
12646,30.746
12647,3.22E+07
12648,3.12E+07
12649,2.94E+07
12650,2.00E+07
12651,1.81E+07
12652,1.75E+07
12653,1.94E+07
12654,1.40E+07
12655,4235.6
12656,2032.3
12657,0.51857
12658,0.53789
12659,0.69173
12660,0.69601
12661,1.71E+06
12662,3.02E+06
12663,4.11E+06
12664,1.36E+07
12665,2.21E+07
12666,1.62E+07
12667,1.98E+07
12668,1.10E+07
12669,59297
12670,1.01E+05
12671,47749
12672,75.989
12673,49.702
12674,62805
12675,1.10E+05
12676,73810
12677,62409
12678,246.37
12679,306.35
12680,245.18
12681,362.26
12682,821.29
12683,3.84E+06
12684,5.37E+06
12685,9.52E+06
12686,1.20E+07
12687,1.12E+07
12688,7.96E+06
12689,2.43E+07
12690,2.91E+07
12691,2.65E+07
12692,2.94E+07
12693,2.62E+07
12694,1.39E+05
12695,1.62E+05
12696,2.75E+05
12697,17.461
12698,38.019
12699,16.791
12700,26.216
12701,9.63E+06
12702,1.39E+07
12703,1.87E+07
12704,1.31E+07
12705,1.38E+07
12706,9.89E+06
12707,8.04E+06
12708,5.39E+06
12709,5.78E+06
12710,8.32E+06
12711,6.106
12712,3.142
12713,3.5658
12714,3.0547
12715,3.0698
12716,6.4407
12717,65.022
12718,70.638
12719,81.576
12720,91.11
12721,3.09E+05
12722,2.66E+05
12723,5.14E+05
12724,2.17E+07
12725,2.27E+07
12726,2.03E+07
12727,2.55E+07
12728,2.55E+07
12729,2.00E+07
12730,57494
12731,96431
12732,68702
12733,29568
12734,41164
12735,2.11E+07
12736,1.84E+07
12737,13.988
12738,11.425
12739,11.613
12740,18.515
12741,2.53E+07
12742,2.52E+07
12743,2.75E+07
12744,2.20E+07
12745,2.16E+07
12746,2.71E+07
12747,1.77E+06
12748,2.01E+06
12749,2.14E+06
12750,2.35E+06
12751,8.81E+07
12752,8.66E+07
12753,8.74E+07
12754,9.43E+07
12755,8.53E+07
12756,9.05E+07
12757,8.91E+07
12758,3.37E+06
12759,3.07E+06
12760,4.47E+07
12761,4.81E+07
12762,3.99E+07
12763,4.29E+07
12764,8.83E+07
12765,8.69E+07
12766,9.30E+07
12767,8.77E+07
12768,8.53E+07
12769,8.57E+07
12770,8.95E+07
12771,1.51E+06
12772,4.58E+07
12773,4.72E+07
12774,4.07E+07
12775,4.40E+07
12776,1.11E+07
12777,1.22E+07
12778,1.55E+07
12779,1.30E+07
12780,1.17E+07
12781,1.38E+07
12782,1.52E+07
12783,8.98E+05
12784,2.23E+06
12785,9.42E+05
12786,1.55E+07
12787,1.17E+07
12788,1.32E+07
12789,1.47E+07
12790,1.15E+07
12791,1.09E+07
12792,9.76E+05
12793,9.89E+05
12794,1.39E+06
12795,1.54E+06
12796,5.71E+07
12797,4.31E+07
12798,6.32E+07
12799,4.90E+07
12800,5.84E+07
12801,4.72E+07
12802,3.73E+06
12803,5.05E+06
12804,8.38E+06
12805,1.08E+07
12806,6.23E+06
12807,6.09E+07
12808,4.45E+07
12809,6.20E+07
12810,4.80E+07
12811,5.47E+07
12812,4.89E+07
12813,4.96E+06
12814,5.19E+06
12815,7.35E+06
12816,5.43E+06
12817,8.66E+07
12818,7.88E+07
12819,8.59E+07
12820,8.97E+07
12821,8.90E+07
12822,4.64E+07
12823,4.73E+07
12824,6.17E+07
12825,4.63E+07
12826,9.13E+07
12827,8.39E+07
12828,8.61E+07
12829,7.95E+07
12830,8.76E+07
12831,8.87E+07
12832,4.76E+07
12833,4.14E+07
12834,4.65E+07
12835,4.01E+07
12836,6.38E+07
12837,6.66E+07
12838,5.22E+07
12839,1.04E+07
12840,1.30E+07
12841,1.11E+07
12842,1.36E+07
12843,1.63E+07
12844,1.59E+07
12845,1.03E+06
12846,2.56E+06
12847,2.23E+06
12848,1.07E+06
12849,1.84E+06
12850,6.97E+06
12851,2.24E+06
12852,4.19E+06
12853,3.08E+06
12854,2.77E+06
12855,3.76E+06
12856,5.16E+05
12857,7.02E+05
12858,8.08E+05
12859,5.70E+06
12860,2.97E+06
12861,5.31E+06
12862,3.87E+06
12863,3.66E+06
12864,4.94E+06
12865,4.76E+05
12866,1.49E+06
12867,8.37E+05
12868,8.90E+05
12869,2.25E+06
12870,9.25E+07
12871,9.33E+07
12872,8.81E+07
12873,8.19E+07
12874,8.52E+07
12875,8.81E+07
12876,3.61E+06
12877,4.91E+06
12878,7.43E+06
12879,5.94E+06
12880,4.88E+07
12881,4.37E+07
12882,8.66E+07
12883,9.46E+07
12884,7.91E+07
12885,8.07E+07
12886,8.93E+07
12887,9.82E+07
12888,8.97E+07
12889,5.04E+06
12890,7.94E+06
12891,5.61E+06
12892,7.63E+06
12893,5.01E+07
12894,2.41E+07
12895,2.17E+07
12896,2.88E+07
12897,3.09E+07
12898,2.80E+07
12899,2.21E+07
12900,2.28E+06
12901,1.74E+06
12902,1.73E+06
12903,3.35E+06
12904,8.35E+07
12905,8.43E+07
12906,8.39E+07
12907,8.11E+07
12908,8.01E+07
12909,8.20E+07
12910,1.50E+06
12911,3.78E+07
12912,4.18E+07
12913,4.58E+07
12914,2.20E+07
12915,2.56E+07
12916,3.00E+07
12917,2.91E+07
12918,2.24E+07
12919,2.75E+07
12920,2.03E+06
12921,1.50E+06
12922,3.71E+06
12923,3.95E+06
12924,2.02E+06
12925,8.18E+07
12926,8.47E+07
12927,8.29E+07
12928,8.23E+07
12929,8.52E+07
12930,8.70E+07
12931,3.57E+06
12932,1.60E+06
12933,2.02E+06
12934,4.29E+07
12935,4.24E+07
12936,4.09E+07
12937,5.15E+07
12938,7.08E+07
12939,6.58E+07
12940,6.95E+07
12941,7.38E+07
12942,6.72E+07
12943,3.66E+07
12944,5.24E+07
12945,4.75E+07
12946,5.11E+07
12947,5.62E+07
12948,7.16E+07
12949,6.60E+07
12950,6.74E+07
12951,7.19E+07
12952,7.45E+07
12953,5.86E+07
12954,5.40E+07
12955,5.47E+07
12956,5.59E+07
12957,3.14E+06
12958,2.74E+06
12959,3.18E+06
12960,3.02E+06
12961,4.11E+05
12962,1.71E+06
12963,1.57E+06
12964,1.62E+06
12965,1.47E+06
12966,9.11E+06
12967,1.02E+07
12968,7.58E+06
12969,1.01E+07
12970,8.30E+06
12971,2.86E+05
12972,8.39E+05
12973,5.19E+06
12974,4.97E+06
12975,9.86E+06
12976,9.35E+06
12977,7.42E+06
12978,7.00E+06
12979,7.91E+06
12980,1.98E+06
12981,4.84E+05
12982,8.41E+05
12983,1.42E+06
12984,2.01E+07
12985,2.70E+07
12986,1.98E+07
12987,2.43E+07
12988,2.14E+07
12989,1.56E+06
12990,1.20E+06
12991,3.17E+06
12992,2.82E+06
12993,8.75E+07
12994,9.88E+07
12995,9.39E+07
12996,9.68E+07
12997,8.93E+07
12998,9.19E+07
12999,7.06E+07
13000,8.03E+07
13001,6.80E+07
13002,6.53E+07
13003,8.82E+07
13004,9.10E+07
13005,9.59E+07
13006,1.00E+08
13007,9.52E+07
13008,8.12E+07
13009,6.81E+07
13010,7.07E+07
13011,3.49E+07
13012,3.20E+07
13013,3.33E+07
13014,3.20E+07
13015,3.94E+07
13016,2.62E+06
13017,4.68E+06
13018,3.85E+06
13019,1.82E+07
13020,1.17E+07
13021,1.06E+07
13022,1.09E+07
13023,1.04E+06
13024,9.30E+05
13025,1.11E+06
13026,4.23E+05
13027,8.25E+05
13028,1.65E+06
13029,2.21E+07
13030,1.61E+07
13031,1.76E+07
13032,1.88E+07
13033,2.58E+06
13034,3.87E+06
13035,1.17E+06
13036,1.05E+06
13037,2.31E+06
13038,8.38E+07
13039,8.53E+07
13040,8.81E+07
13041,4.40E+07
13042,3.59E+07
13043,5.02E+07
13044,4.64E+07
13045,5.85E+07
13046,3.82E+07
13047,5.07E+07
13048,4.53E+07
13049,7.65E+07
13050,7.55E+07
13051,8.94E+07
13052,8.39E+07
13053,4.54E+07
13054,4.32E+07
13055,6.22E+07
13056,6.45E+07
13057,6.09E+07
13058,1.51E+07
13059,1.80E+07
13060,1.74E+07
13061,2.75E+06
13062,1.45E+06
13063,9.92E+05
13064,2.30E+06
13065,9.54E+07
13066,8.50E+07
13067,8.70E+07
13068,1.03E+08
13069,5.01E+06
13070,4.46E+07
13071,5.17E+07
13072,4.66E+07
13073,9.89E+06
13074,1.22E+07
13075,9.90E+06
13076,1.06E+07
13077,9.87E+06
13078,6.27E+05
13079,8.73E+05
13080,8.24E+05
13081,6.80E+05
13082,9.70E+05
13083,7.57E+07
13084,9.09E+07
13085,8.32E+07
13086,8.53E+07
13087,7.53E+07
13088,7.63E+07
13089,6.28E+07
13090,6.07E+07
13091,6.67E+07
13092,8.30E+07
13093,8.61E+07
13094,3.96E+07
13095,4.49E+07
13096,4.67E+07
13097,4.08E+07
13098,6.51E+07
13099,5.65E+07
13100,3.23E+07
13101,5.03E+07
13102,4.38E+06
13103,2.83E+06
13104,3.16E+06
13105,2.81E+06
13106,3.78E+06
13107,6.33E+05
13108,7.00E+05
13109,5.67E+05
13110,2.01E+06
13111,1.70E+06
13112,2.99E+07
13113,2.12E+07
13114,3.05E+07
13115,1.59E+06
13116,3.34E+06
13117,1.54E+06
13118,6.22E+06
13119,3.68E+06
13120,9.19E+07
13121,1.05E+08
13122,9.30E+07
13123,9.75E+07
13124,7.68E+06
13125,2.28E+06
13126,5.88E+06
13127,5.22E+07
13128,4.81E+07
13129,3.38E+07
13130,3.75E+07
13131,2.89E+07
13132,2.32E+06
13133,1.91E+06
13134,3.87E+06
13135,1.70E+06
13136,1.65E+07
13137,6.82E+07
13138,7.12E+07
13139,6.32E+07
13140,5.25E+07
13141,5.35E+07
13142,5.19E+06
13143,9.77E+06
13144,6.09E+06
13145,3.07E+07
13146,3.21E+06
13147,2.85E+06
13148,3.13E+06
13149,3.09E+06
13150,1.56E+05
13151,1.74E+06
13152,1.71E+06
13153,1.57E+06
13154,1.62E+06
13155,3.35E+07
13156,4.04E+07
13157,3.49E+07
13158,3.82E+07
13159,4.96E+06
13160,2.26E+06
13161,2.54E+06
13162,4.35E+06
13163,8.29E+07
13164,9.34E+07
13165,1.01E+08
13166,4.60E+07
13167,4.96E+07
13168,4.70E+07
13169,5.43E+07
13170,4.89E+07
13171,8.56E+07
13172,8.26E+07
13173,8.39E+07
13174,3.93E+07
13175,4.65E+07
13176,4.74E+07
13177,5.14E+07
13178,7.70E+07
13179,8.46E+07
13180,8.63E+07
13181,7.71E+07
13182,3.64E+06
13183,4.85E+06
13184,2.73E+06
13185,3.11E+06
13186,8.18E+07
13187,8.23E+07
13188,7.97E+07
13189,7.90E+07
13190,3.75E+07
13191,3.49E+07
13192,5.19E+07
13193,4.47E+07
13194,5.43E+07
13195,2.57E+07
13196,3.73E+07
13197,4.90E+07
13198,5.37E+07
13199,8.49E+07
13200,4.68E+07
13201,4.01E+07
13202,3.79E+07
13203,5.25E+07
13204,3.05E+07
13205,5.62E+07
13206,6.60E+06
13207,8.09E+06
13208,6.26E+06
13209,8.01E+06
13210,5.05E+05
13211,1.10E+06
13212,3.90E+06
13213,9.97E+06
13214,7.93E+06
13215,8.85E+06
13216,3.75E+06
13217,3.96E+06
13218,3.87E+06
13219,1.54E+07
13220,1.13E+07
13221,1.13E+06
13222,2.22E+06
13223,2.27E+06
13224,1.10E+06
13225,1.06E+06
13226,6.47E+06
13227,8.58E+07
13228,2.23E+06
13229,1.73E+06
13230,2.01E+06
13231,4.04E+07
13232,3.82E+07
13233,3.93E+07
13234,4.13E+07
13235,5.18E+07
13236,2.74E+07
13237,2.89E+07
13238,2.73E+07
13239,3.45E+07
13240,3.81E+06
13241,1.12E+07
13242,1.21E+07
13243,1.45E+07
13244,1.03E+08
13245,9.56E+07
13246,1.04E+08
13247,9.48E+07
13248,4.77E+06
13249,8.73E+06
13250,5.85E+06
13251,4.90E+07
13252,5.73E+07
13253,4.85E+07
13254,8.53E+07
13255,9.01E+07
13256,9.25E+07
13257,6.57E+07
13258,6.85E+07
13259,8.61E+07
13260,9.01E+07
13261,9.18E+07
13262,6.43E+07
13263,6.93E+07
13264,5.80E+07
13265,6.42E+07
13266,8.62E+07
13267,8.43E+07
13268,8.63E+07
13269,5.77E+06
13270,2.98E+06
13271,1.50E+06
13272,3.99E+06
13273,4.45E+07
13274,4.42E+07
13275,7.57E+07
13276,7.19E+07
13277,7.60E+07
13278,7.75E+07
13279,6.85E+07
13280,7.09E+07
13281,6.34E+07
13282,6.56E+07
13283,5.98E+07
13284,7.38E+07
13285,7.84E+07
13286,7.57E+07
13287,7.72E+07
13288,5.47E+07
13289,6.74E+07
13290,6.04E+07
13291,6.51E+07
13292,6.99E+07
13293,7.93E+07
13294,6.63E+07
13295,5.70E+07
13296,8.31E+06
13297,5.70E+06
13298,7.49E+06
13299,3.99E+07
13300,8.09E+07
13301,7.95E+07
13302,4.16E+07
13303,5.45E+07
13304,4.10E+07
13305,5.41E+07
13306,3.61E+07
13307,6.00E+07
13308,3.96E+07
13309,4.70E+07
13310,4.86E+07
13311,3.11E+07
13312,3.29E+07
13313,3.75E+07
13314,2.25E+06
13315,2.93E+06
13316,1.78E+06
13317,4.68E+06
13318,8.61E+07
13319,3.30E+06
13320,1.60E+06
13321,4.69E+07
13322,4.78E+07
13323,3.10E+06
13324,1.63E+06
13325,1.59E+06
13326,1.50E+06
13327,3.98E+07
13328,3.32E+07
13329,4.04E+07
13330,5.12E+06
13331,2.34E+06
13332,3.21E+06
13333,3.40E+06
13334,6.37E+06
13335,5.01E+06
13336,7.77E+05
13337,1.18E+06
13338,3.40E+06
13339,3.18E+06
13340,8.00E+07
13341,8.17E+07
13342,4.19E+07
13343,5.34E+07
13344,4.32E+07
13345,3.92E+07
13346,3.57E+07
13347,5.48E+07
13348,4.37E+07
13349,7.80E+07
13350,8.06E+07
13351,6.90E+07
13352,3.97E+07
13353,3.63E+07
13354,3.85E+07
13355,5.42E+07
13356,6.96E+07
13357,8.04E+07
13358,8.49E+07
13359,3.71E+07
13360,3.92E+07
13361,3.19E+07
13362,3.62E+07
13363,3.40E+07
13364,4.97E+07
13365,5.63E+07
13366,2.01E+06
13367,2.47E+06
13368,2.27E+06
13369,2.59E+05
13370,9.36E+05
13371,9.35E+05
13372,1.13E+07
13373,9.81E+06
13374,1.36E+06
13375,1.57E+06
13376,9.50E+05
13377,4.92E+06
13378,4.82E+06
13379,4.66E+06
13380,1.64E+07
13381,1.20E+06
13382,1.52E+06
13383,2.59E+06
13384,1.73E+06
13385,9.46E+05
13386,2.83E+06
13387,2.43E+06
13388,8.25E+05
13389,3.39E+05
13390,4.28E+05
13391,1.42E+06
13392,1.38E+06
13393,8.32E+06
13394,4.62E+06
13395,7.64E+06
13396,1.26E+06
13397,9.78E+05
13398,4.36E+05
13399,6.40E+07
13400,7.11E+07
13401,6.71E+06
13402,4.92E+06
13403,3.91E+06
13404,8.23E+06
13405,4.08E+07
13406,6.98E+07
13407,7.73E+07
13408,7.67E+07
13409,8.63E+06
13410,9.07E+06
13411,3.89E+06
13412,3.62E+07
13413,1.36E+07
13414,1.71E+06
13415,2.15E+06
13416,1.37E+06
13417,2.38E+06
13418,5.01E+07
13419,3.05E+06
13420,6.69E+06
13421,3.19E+06
13422,2.24E+07
13423,2.99E+07
13424,3.02E+07
13425,3.99E+06
13426,1.96E+06
13427,2.08E+06
13428,1.45E+06
13429,1.88E+07
13430,2.19E+06
13431,1.33E+06
13432,1.71E+06
13433,9.14E+07
13434,6.07E+07
13435,6.65E+07
13436,5.94E+07
13437,6.53E+07
13438,6.62E+07
13439,5.20E+07
13440,8.95E+07
13441,8.76E+07
13442,4.36E+07
13443,4.99E+07
13444,5.75E+07
13445,6.52E+07
13446,7.87E+07
13447,6.43E+07
13448,6.71E+07
13449,6.06E+07
13450,5.23E+07
13451,5.97E+07
13452,5.77E+07
13453,7.94E+07
13454,7.88E+07
13455,4.08E+07
13456,2.63E+07
13457,5.53E+07
13458,4.51E+07
13459,5.34E+07
13460,4.94E+07
13461,8.02E+06
13462,1.21E+07
13463,1.61E+06
13464,9.52E+05
13465,1.32E+06
13466,7.68E+05
13467,5.65E+06
13468,4.57E+06
13469,7.73E+05
13470,1.07E+06
13471,7.69E+05
13472,4.87E+07
13473,3.10E+07
13474,3.90E+07
13475,3.70E+06
13476,1.59E+07
13477,1.83E+07
13478,1.56E+07
13479,1.73E+07
13480,1.18E+06
13481,1.20E+06
13482,1.57E+06
13483,7.59E+07
13484,7.11E+07
13485,6.66E+07
13486,5.93E+07
13487,6.70E+07
13488,7.92E+07
13489,8.19E+07
13490,5.92E+07
13491,6.14E+07
13492,6.36E+07
13493,2.77E+06
13494,2.67E+06
13495,2.03E+05
13496,2.87E+05
13497,1.46E+06
13498,1.25E+06
13499,1.10E+06
13500,1.27E+06
13501,2.42E+06
13502,2.35E+06
13503,1.63E+06
13504,1.25E+06
13505,2.80E+06
13506,1.01E+08
13507,9.24E+07
13508,8.55E+07
13509,8.28E+07
13510,7.00E+07
13511,7.20E+07
13512,9.93E+07
13513,1.02E+08
13514,1.02E+08
13515,7.57E+07
13516,8.59E+07
13517,8.55E+07
13518,1.01E+08
13519,1.02E+08
13520,7.97E+07
13521,8.80E+07
13522,8.79E+07
13523,8.66E+07
13524,5.58E+07
13525,4.09E+07
13526,4.91E+06
13527,4.94E+06
13528,2.97E+06
13529,4.82E+06
13530,4.41E+06
13531,4.52E+05
13532,1.24E+06
13533,1.93E+06
13534,1.82E+06
13535,1.73E+06
13536,1.74E+06
13537,3.13E+07
13538,2.98E+07
13539,2.01E+06
13540,1.67E+06
13541,2.89E+06
13542,1.63E+06
13543,7.92E+07
13544,8.14E+07
13545,2.50E+07
13546,3.70E+07
13547,5.20E+07
13548,5.81E+07
13549,4.49E+07
13550,4.90E+07
13551,2.14E+06
13552,1.86E+06
13553,4.38E+05
13554,4.67E+05
13555,9.72E+07
13556,7.64E+07
13557,6.89E+06
13558,4.25E+07
13559,4.49E+07
13560,5.01E+07
13561,1.05E+07
13562,1.09E+06
13563,1.14E+06
13564,6.43E+05
13565,5.17E+06
13566,5.38E+06
13567,5.31E+06
13568,7.29E+07
13569,6.79E+06
13570,4.15E+06
13571,7.88E+06
13572,2.99E+06
13573,7.03E+06
13574,7.93E+07
13575,5.55E+07
13576,6.56E+07
13577,5.98E+07
13578,7.85E+07
13579,8.04E+07
13580,3.84E+07
13581,5.21E+07
13582,5.27E+07
13583,3.43E+07
13584,4.24E+07
13585,8.03E+07
13586,3.82E+07
13587,3.61E+07
13588,4.00E+07
13589,5.12E+07
13590,5.19E+07
13591,5.82E+07
13592,3.79E+07
13593,8.33E+07
13594,3.33E+06
13595,5.88E+06
13596,3.15E+06
13597,9.71E+06
13598,2.02E+06
13599,1.96E+06
13600,9.98E+05
13601,7.48E+05
13602,7.18E+07
13603,6.71E+06
13604,1.03E+07
13605,3.76E+07
13606,3.94E+07
13607,3.95E+07
13608,6.40E+07
13609,2.31E+06
13610,2.91E+07
13611,1.06E+08
13612,5.09E+06
13613,5.25E+07
13614,6.05E+07
13615,5.80E+07
13616,9.68E+07
13617,9.27E+07
13618,7.05E+07
13619,8.00E+07
13620,7.01E+07
13621,7.26E+07
13622,4.60E+05
13623,4.74E+05
13624,1.72E+06
13625,1.64E+06
13626,9.71E+07
13627,7.48E+07
13628,8.24E+07
13629,6.78E+07
13630,6.35E+07
13631,8.10E+07
13632,7.05E+07
13633,9.48E+07
13634,8.47E+07
13635,8.60E+07
13636,7.17E+07
13637,4.12E+06
13638,6.15E+06
13639,4.78E+06
13640,1.02E+06
13641,7.51E+05
13642,6.91E+05
13643,5.44E+07
13644,7.89E+06
13645,1.24E+07
13646,3.00E+07
13647,3.32E+07
13648,3.16E+07
13649,3.79E+07
13650,3.87E+07
13651,4.58E+06
13652,2.14E+06
13653,4.63E+06
13654,7.60E+06
13655,4.14E+06
13656,4.01E+07
13657,4.23E+07
13658,4.20E+07
13659,3.61E+07
13660,5.89E+07
13661,6.16E+07
13662,6.22E+07
13663,8.80E+07
13664,2.47E+06
13665,2.66E+06
13666,2.65E+06
13667,2.22E+06
13668,2.09E+06
13669,4.18E+07
13670,7.47E+05
13671,6.02E+05
13672,3.34E+06
13673,7.67E+05
13674,6.56E+05
13675,3.86E+05
13676,4.47E+05
13677,8.38E+05
13678,7.64E+05
13679,1.81E+06
13680,3.13E+05
13681,1.54E+06
13682,1.55E+06
13683,8.77E+07
13684,4.74E+07
13685,4.57E+07
13686,6.37E+07
13687,6.10E+07
13688,6.10E+07
13689,5.69E+06
13690,6.61E+06
13691,1.99E+06
13692,1.05E+08
13693,5.95E+07
13694,5.55E+07
13695,1.00E+08
13696,1.71E+06
13697,4.85E+07
13698,4.50E+07
13699,4.96E+07
13700,4.44E+07
13701,5.30E+07
13702,6.11E+07
13703,8.25E+07
13704,7.50E+07
13705,1.74E+05
13706,1.77E+06
13707,1.47E+06
13708,1.39E+06
13709,1.51E+06
13710,4.34E+06
13711,2.47E+06
13712,2.38E+06
13713,7.00E+07
13714,7.41E+07
13715,6.97E+07
13716,6.70E+07
13717,1.11E+06
13718,4.75E+05
13719,5.59E+06
13720,7.87E+07
13721,7.98E+07
13722,8.23E+07
13723,7.18E+07
13724,7.38E+07
13725,7.64E+07
13726,8.42E+07
13727,7.80E+07
13728,5.45E+07
13729,4.44E+07
13730,5.41E+07
13731,6.11E+07
13732,9.49E+07
13733,4.80E+07
13734,4.08E+07
13735,4.42E+07
13736,4.19E+07
13737,5.72E+06
13738,1.23E+06
13739,1.21E+06
13740,9.39E+05
13741,7.94E+05
13742,4.02E+06
13743,4.42E+07
13744,4.93E+07
13745,4.65E+07
13746,5.45E+07
13747,6.50E+06
13748,3.17E+07
13749,9.79E+06
13750,7.35E+06
13751,9.08E+06
13752,1.12E+06
13753,4.37E+05
13754,4.96E+06
13755,3.82E+07
13756,5.48E+07
13757,5.93E+07
13758,4.24E+07
13759,6.15E+07
13760,5.03E+07
13761,1.07E+06
13762,5.49E+05
13763,5.59E+06
13764,5.61E+06
13765,4.34E+07
13766,9.06E+06
13767,3.22E+06
13768,5.18E+06
13769,6.05E+05
13770,2.93E+06
13771,3.22E+06
13772,1.03E+07
13773,9.84E+06
13774,1.16E+07
13775,4.59E+06
13776,2.37E+07
13777,2.20E+07
13778,4.94E+07
13779,5.56E+07
13780,5.64E+07
13781,6.21E+07
13782,6.58E+07
13783,8.06E+07
13784,7.11E+07
13785,7.00E+07
13786,6.81E+07
13787,1.87E+07
13788,2.48E+06
13789,2.82E+06
13790,1.03E+06
13791,1.07E+06
13792,2.55E+06
13793,4.43E+06
13794,2.20E+06
13795,4.82E+06
13796,2.33E+07
13797,2.25E+06
13798,2.07E+06
13799,3.12E+06
13800,1.45E+06
13801,2.23E+06
13802,2.83E+06
13803,2.46E+06
13804,4.04E+06
13805,5.14E+06
13806,4.34E+07
13807,5.39E+07
13808,5.78E+07
13809,5.19E+07
13810,5.79E+07
13811,4.48E+07
13812,4.69E+07
13813,6.86E+07
13814,6.82E+07
13815,6.36E+07
13816,4.82E+07
13817,6.59E+05
13818,9.23E+05
13819,1.00E+06
13820,1.17E+06
13821,2.53E+06
13822,4.65E+06
13823,6.08E+06
13824,5.65E+06
13825,2.37E+07
13826,2.69E+06
13827,7.74E+06
13828,1.14E+06
13829,1.34E+06
13830,6.67E+05
13831,7.57E+05
13832,1.27E+07
13833,5.20E+06
13834,5.91E+06
13835,6.61E+06
13836,8.86E+06
13837,8.02E+06
13838,1.14E+07
13839,1.41E+07
13840,9.94E+06
13841,8.70E+06
13842,5.68E+06
13843,7.24E+06
13844,1.21E+07
13845,5.04E+06
13846,4.69E+06
13847,5.69E+06
13848,7.86E+06
13849,1.09E+07
13850,7.98E+06
13851,4.73E+06
13852,6.37E+06
13853,7.26E+06
13854,8.49E+06
13855,9.81E+06
13856,4484.5
13857,2397.9
13858,4787.8
13859,2609.7
13860,8589.8
13861,6403.6
13862,3.41E+07
13863,1.69E+07
13864,3.18E+07
13865,1.99E+07
13866,2.34E+07
13867,2.79E+07
13868,3.44E+07
13869,1.99E+07
13870,2.95E+07
13871,1.89E+07
13872,2.22E+07
13873,2.76E+07
13874,3.45E+07
13875,2.76E+07
13876,3.49E+07
13877,2.16E+07
13878,3.73E+07
13879,2.19E+07
13880,2.78E+07
13881,2.25E+07
13882,3.31E+07
13883,2.70E+07
13884,2.85E+07
13885,2.33E+07
13886,3.09E+07
13887,2.99E+07
13888,3.91E+07
13889,3.76E+07
13890,3.28E+07
13891,2.73E+07
13892,2.64E+07
13893,5.15E+07
13894,4.52E+07
13895,5.51E+07
13896,4.89E+07
13897,4.09E+07
13898,3.25E+07
13899,3.63E+07
13900,3.27E+07
13901,4.62E+07
13902,4.74E+07
13903,3.83E+07
13904,5.29E+07
13905,5.80E+07
13906,3.68E+07
13907,5.15E+07
13908,4.42E+07
13909,4.52E+07
13910,4.77E+07
13911,3.56E+07
13912,5.14E+07
13913,4.00E+07
13914,4.09E+07
13915,4.58E+07
13916,5.38E+07
13917,5.33E+07
13918,4.22E+07
13919,3.19E+07
13920,3.62E+07
13921,4.84E+07
13922,2.73E+07
13923,3.98E+07
13924,4.53E+07
13925,4.65E+07
13926,3.47E+07
13927,3.19E+07
13928,3.11E+07
13929,3.84E+07
13930,3.19E+07
13931,4.54E+07
13932,4.45E+07
13933,4.09E+07
13934,4.07E+07
13935,3.61E+07
13936,3.26E+07
13937,3.63E+07
13938,3.56E+07
13939,3.22E+07
13940,4.36E+07
13941,4.67E+07
13942,4.20E+07
13943,5.08E+07
13944,4.70E+07
13945,4.08E+07
13946,3.82E+07
13947,3.60E+07
13948,4.02E+07
13949,3.54E+07
13950,261.94
13951,142.19
13952,386.51
13953,116.12
13954,99.671
13955,217.6
13956,48064
13957,1.33E+05
13958,45561
13959,2.66E+05
13960,1.23E+05
13961,57025
13962,69201
13963,55.653
13964,52.471
13965,213.46
13966,131.95
13967,45.996
13968,94.186
13969,3.45E+07
13970,5.09E+07
13971,5.58E+07
13972,4.22E+07
13973,4.41E+07
13974,5.50E+07
13975,3.40E+07
13976,4.63E+07
13977,4.76E+07
13978,3.96E+07
13979,3.97E+07
13980,1.70E+05
13981,2.61E+05
13982,77232
13983,93768
13984,82174
13985,1.20E+05
13986,3.30E+05
13987,5.07E+07
13988,4.13E+07
13989,6.18E+07
13990,4.95E+07
13991,5.57E+07
13992,6.03E+07
13993,4.63E+07
13994,4.18E+07
13995,4.34E+07
13996,5.48E+07
13997,3.94E+07
13998,2.25E+07
13999,3.96E+07
14000,2.86E+07
14001,3.01E+07
14002,3.69E+07
14003,2.35E+07
14004,2.34E+07
14005,2.95E+07
14006,2.04E+07
14007,2.78E+07
14008,3.40E+07
14009,2.31E+07
14010,2.07E+07
14011,1.64E+07
14012,1.34E+07
14013,2.59E+07
14014,2.61E+07
14015,1.85E+07
14016,1.31E+07
14017,1.44E+07
14018,1.93E+07
14019,1.39E+07
14020,2.51E+07
14021,2.50E+07
14022,2.17E+07
14023,1.92E+07
14024,1.88E+07
14025,1.43E+07
14026,1.62E+07
14027,1.20E+07
14028,248.9
14029,663.46
14030,310.22
14031,888.13
14032,379
14033,230.53
14034,5.03E+07
14035,5.47E+07
14036,5.05E+07
14037,3.75E+07
14038,4.40E+07
14039,4.44E+07
14040,4.45E+07
14041,3.85E+07
14042,3.12E+07
14043,4.44E+07
14044,3.66E+07
14045,4.86E+07
14046,5.27E+07
14047,4.39E+07
14048,4.09E+07
14049,3.43E+07
14050,4.16E+07
14051,3.46E+07
14052,3.80E+07
14053,5.6863
14054,12.738
14055,3.6745
14056,3.6915
14057,6.5544
14058,7.2993
14059,28241
14060,47723
14061,42110
14062,20701
14063,18960
14064,16641
14065,1.42E+06
14066,2.21E+06
14067,3.62E+06
14068,1.05E+06
14069,2.17E+06
14070,1.14E+06
14071,2.90E+06
14072,14.126
14073,12.02
14074,27.528
14075,17.695
14076,9.5062
14077,10.264
14078,15.636
14079,2.33E+06
14080,2.01E+06
14081,7.92E+05
14082,1.36E+06
14083,1.16E+06
14084,8.57E+05
14085,1.42E+06
14086,1.19E+06
14087,6585.7
14088,16286
14089,4834
14090,21111
14091,5042.7
14092,1424.1
14093,3464.3
14094,1033.9
14095,4653.1
14096,1240.7
14097,2414
14098,1.12E+07
14099,1.13E+07
14100,9.11E+06
14101,1.77E+07
14102,1.92E+07
14103,2.16E+07
14104,1.37E+07
14105,1.38E+07
14106,9.95E+06
14107,1.40E+07
14108,5.08E+07
14109,5.35E+07
14110,4.61E+07
14111,4.30E+07
14112,5.43E+07
14113,3.84E+07
14114,3.51E+07
14115,3.35E+07
14116,3.55E+07
14117,4.24E+07
14118,4.11E+07
14119,4.25E+07
14120,4.38E+07
14121,5.58E+07
14122,4.84E+07
14123,5.24E+07
14124,5.65E+07
14125,4.12E+07
14126,4.39E+07
14127,3.76E+07
14128,4.76E+07
14129,4.48E+07
14130,5.87E+07
14131,6.30E+07
14132,5.45E+07
14133,4.65E+07
14134,6.39E+07
14135,4.92E+07
14136,5.63E+07
14137,4.41E+07
14138,4.94E+07
14139,5.52E+07
14140,4.94E+07
14141,5.72E+07
14142,5.45E+07
14143,4.17E+07
14144,4.59E+07
14145,5.95E+07
14146,5.12E+07
14147,4.26E+07
14148,5.51E+07
14149,4.44E+07
14150,4.24E+07
14151,3.80E+07
14152,4.26E+07
14153,5.56E+07
14154,4.82E+07
14155,3.83E+07
14156,5.59E+07
14157,4.12E+07
14158,4.65E+07
14159,5.98E+07
14160,3.82E+07
14161,4.65E+07
14162,4.23E+07
14163,4.58E+07
14164,6.30E+07
14165,6.17E+07
14166,5.63E+07
14167,4.89E+07
14168,5.13E+07
14169,6.55E+07
14170,4.62E+07
14171,5.67E+07
14172,5.39E+07
14173,5.33E+07
14174,1.23E+07
14175,7.54E+06
14176,8.95E+06
14177,6.84E+06
14178,1.33E+07
14179,1.27E+07
14180,8.58E+06
14181,1.30E+07
14182,7.99E+06
14183,9.29E+06
14184,1.12E+07
14185,2.07E+07
14186,1.41E+07
14187,2.53E+07
14188,2.06E+07
14189,1.32E+07
14190,1.53E+07
14191,1.35E+07
14192,1.73E+07
14193,6.89E+07
14194,6.92E+07
14195,6.40E+07
14196,6.51E+07
14197,6.92E+07
14198,6.02E+07
14199,6.27E+07
14200,6.18E+07
14201,7.13E+07
14202,7.14E+07
14203,6.28E+07
14204,6.97E+07
14205,6.37E+07
14206,246.1
14207,488.42
14208,960.06
14209,661.9
14210,306.56
14211,4.81E+07
14212,3.16E+07
14213,4.38E+07
14214,3.68E+07
14215,3.79E+07
14216,3.39E+07
14217,4.19E+07
14218,3.34E+07
14219,4.05E+07
14220,5.91E+07
14221,6.96E+07
14222,7.00E+07
14223,6.03E+07
14224,6.57E+07
14225,7.11E+07
14226,6.21E+07
14227,7.67E+07
14228,9.15E+06
14229,1.08E+07
14230,1.16E+07
14231,1.42E+07
14232,1.82E+07
14233,1.49E+07
14234,9.50E+06
14235,1.76E+07
14236,1.01E+07
14237,14288
14238,20403
14239,14578
14240,21830
14241,45392
14242,1.80E+07
14243,3.41E+07
14244,2.36E+07
14245,2.58E+07
14246,2.62E+07
14247,1.96E+07
14248,2.35E+07
14249,3.20E+07
14250,6.16E+07
14251,6.15E+07
14252,7.10E+07
14253,7.17E+07
14254,5.26E+07
14255,5.47E+07
14256,6.35E+07
14257,6.45E+07
14258,4.95E+07
14259,5.33E+07
14260,6.09E+07
14261,4.91E+07
14262,5.85E+07
14263,5.58E+07
14264,4.64E+07
14265,5.41E+07
14266,4.86E+07
14267,3.83E+07
14268,4.29E+07
14269,4.73E+07
14270,5.37E+07
14271,5.62E+07
14272,4.65E+07
14273,4.55E+07
14274,5.45E+07
14275,6.98E+07
14276,6.04E+07
14277,6.86E+07
14278,5.38E+07
14279,6.16E+07
14280,6.39E+07
14281,7.11E+07
14282,5.44E+07
14283,5.97E+07
14284,4.92E+07
14285,6.05E+07
14286,5.74E+07
14287,5.41E+07
14288,5.16E+07
14289,4.72E+07
14290,4.70E+07
14291,1.70E+07
14292,3.26E+07
14293,2.81E+07
14294,2.47E+07
14295,1.94E+07
14296,1.50E+07
14297,1.67E+07
14298,1.91E+07
14299,1.76E+07
14300,1.89E+07
14301,2.48E+07
14302,5.71E+07
14303,4.73E+07
14304,4.59E+07
14305,4.67E+07
14306,5.30E+07
14307,7.58E+07
14308,6.35E+07
14309,7.29E+07
14310,6.49E+07
14311,6.93E+07
14312,7.15E+07
14313,6.38E+07
14314,3.14E+06
14315,6.30E+06
14316,2.51E+06
14317,4.22E+06
14318,5.98E+06
14319,5.20E+06
14320,2.26E+06
14321,29.984
14322,43.044
14323,31.561
14324,78.148
14325,35.755
14326,6.36E+07
14327,5.43E+07
14328,7.31E+07
14329,6.76E+07
14330,5.99E+07
14331,5.96E+07
14332,5.39E+07
14333,5.33E+07
14334,6.43E+07
14335,7.18E+07
14336,6.93E+07
14337,6.56E+07
14338,6.47E+07
14339,5.60E+07
14340,6.52E+07
14341,6.42E+07
14342,5.65E+07
14343,5.69E+07
14344,5.12E+07
14345,5.68E+07
14346,5.50E+07
14347,5.51E+07
14348,6.32E+07
14349,6.52E+07
14350,5.43E+07
14351,5.74E+07
14352,5.65E+07
14353,5.09E+07
14354,5.12E+07
14355,3185.1
14356,747.39
14357,1270.2
14358,762.42
14359,186.44
14360,99.705
14361,83.26
14362,85.275
14363,76.749
14364,102.6
14365,1.50E+07
14366,2.27E+07
14367,1.61E+07
14368,1.14E+07
14369,1.39E+07
14370,1.08E+07
14371,1.36E+07
14372,2.09E+07
14373,6.45E+07
14374,5.17E+07
14375,6.67E+07
14376,7.21E+07
14377,5.94E+07
14378,6.14E+07
14379,5.37E+07
14380,4.92E+07
14381,6.32E+07
14382,5.59E+07
14383,5.40E+07
14384,6.39E+07
14385,6.33E+07
14386,7.26E+07
14387,7.14E+07
14388,5.47E+07
14389,5.36E+07
14390,6.05E+07
14391,7.28E+07
14392,6.33E+07
14393,7.76E+07
14394,7.25E+07
14395,7.04E+07
14396,6.34E+07
14397,6.07E+07
14398,7.12E+07
14399,14841
14400,3356.6
14401,3063.4
14402,9277.2
14403,1.99E+06
14404,8.38E+05
14405,9.09E+05
14406,1.97E+06
14407,1.07E+06
14408,1.68E+06
14409,6.39E+07
14410,6.99E+07
14411,5.03E+07
14412,6.18E+07
14413,7.12E+07
14414,5.67E+07
14415,5.43E+07
14416,5.20E+07
14417,5.87E+07
14418,4.74E+07
14419,2.70E+07
14420,3.47E+07
14421,2.34E+07
14422,3.33E+07
14423,1.99E+07
14424,2.87E+07
14425,2.20E+07
14426,2.15E+07
14427,1.96E+07
14428,4.05E+07
14429,4.53E+07
14430,4.46E+07
14431,3.64E+07
14432,3.41E+07
14433,3.51E+07
14434,3.04E+07
14435,3.23E+05
14436,1.43E+05
14437,4.03E+05
14438,1.29E+05
14439,2.20E+05
14440,2.80E+05
14441,4.98E+07
14442,4.60E+07
14443,5.43E+07
14444,4.42E+07
14445,5.19E+07
14446,4.26E+07
14447,4.14E+07
14448,4.06E+07
14449,3.59E+06
14450,4.18E+06
14451,2.72E+06
14452,3.06E+06
14453,3.53E+06
14454,6.59E+07
14455,5.71E+07
14456,7.13E+07
14457,6.00E+07
14458,6.19E+07
14459,6.69E+07
14460,7.28E+07
14461,5.86E+07
14462,4.0091
14463,1.6773
14464,1.9989
14465,2.7767
14466,2.7523
14467,1.705
14468,1.3698
14469,3.1957
14470,3.0957
14471,5.36E+07
14472,3.70E+07
14473,4.67E+07
14474,5.43E+07
14475,4.47E+07
14476,4.37E+07
14477,3.50E+07
14478,1.11E+07
14479,9.74E+06
14480,1.60E+07
14481,8.97E+06
14482,8.15E+06
14483,1.25E+07
14484,1.56E+07
14485,4.66E+07
14486,5.71E+07
14487,3.88E+07
14488,4.87E+07
14489,4.88E+07
14490,3.57E+07
14491,4.10E+07
14492,4.77E+07
14493,4.22E+07
14494,5.63E+07
14495,5.79E+07
14496,4.14E+07
14497,4.16E+07
14498,4.64E+07
14499,4.98E+07
14500,3.87E+07
14501,4.40E+07
14502,4.27E+07
14503,5.54E+07
14504,5.78E+07
14505,4.00E+07
14506,3.99E+07
14507,4.71E+07
14508,4.27E+07
14509,4.08E+07
14510,4.39E+07
14511,3.2834
14512,2.5784
14513,4.0051
14514,1.37E+05
14515,1.41E+05
14516,3.64E+05
14517,2.14E+05
14518,3.98E+06
14519,2.23E+06
14520,3.15E+06
14521,2.32E+06
14522,1.97E+06
14523,185.04
14524,98.484
14525,105.81
14526,77.204
14527,76.923
14528,7.09E+07
14529,6.68E+07
14530,6.84E+07
14531,6.89E+07
14532,6.88E+07
14533,5.97E+07
14534,6.02E+07
14535,5.92E+07
14536,4.84E+07
14537,6.40E+07
14538,6.87E+07
14539,5.04E+07
14540,4.89E+07
14541,5.72E+07
14542,4.53E+07
14543,6.13E+07
14544,6.04E+07
14545,5.11E+07
14546,6.74E+07
14547,6.72E+07
14548,5.07E+07
14549,5.72E+07
14550,5.05E+07
14551,7.09E+06
14552,7.78E+06
14553,4.12E+06
14554,5.73E+06
14555,6.25E+06
14556,7.88E+06
14557,1080.2
14558,1280.2
14559,445.29
14560,11449
14561,5518.5
14562,6398.8
14563,3314
14564,5.48E+07
14565,5.08E+07
14566,6.44E+07
14567,5.01E+07
14568,5.65E+07
14569,5.42E+07
14570,6.03E+07
14571,2.20E+07
14572,3.00E+07
14573,3.17E+07
14574,3.69E+07
14575,2.21E+07
14576,2.37E+07
14577,2.97E+07
14578,1.97E+07
14579,7.03E+06
14580,1.22E+07
14581,1.57E+07
14582,1.35E+07
14583,1.17E+07
14584,8.40E+06
14585,7.80E+06
14586,12647
14587,29098
14588,15396
14589,7.26E+07
14590,6.61E+07
14591,7.05E+07
14592,6.53E+07
14593,7.39E+07
14594,6.31E+07
14595,7.72E+07
14596,5.86E+07
14597,6.77E+07
14598,6.29E+07
14599,6.24E+07
14600,6.82E+07
14601,5.24E+07
14602,6.08E+07
14603,6.03E+07
14604,5.14E+07
14605,5.03E+07
14606,5.16E+07
14607,4.89E+07
14608,5.67E+07
14609,9.68E+05
14610,2.51E+05
14611,4.60E+05
14612,5.55E+07
14613,7.28E+07
14614,6.17E+07
14615,5.86E+07
14616,5.26E+07
14617,6.09E+07
14618,7.13E+07
14619,5.71E+07
14620,5.68E+07
14621,4.50E+07
14622,3.93E+07
14623,5.85E+07
14624,4.46E+07
14625,3.98E+07
14626,4.25E+07
14627,4.88E+07
14628,3.45E+07
14629,7.36E+07
14630,6.74E+07
14631,7.33E+07
14632,7.22E+07
14633,6.78E+07
14634,7.16E+07
14635,6.55E+07
14636,6.13E+07
14637,7.50E+07
14638,6.51E+07
14639,6.60E+07
14640,5.79E+07
14641,5.92E+07
14642,42950
14643,29107
14644,18764
14645,4.72E+07
14646,4.28E+07
14647,3.30E+07
14648,3.83E+07
14649,3.58E+07
14650,3.32E+07
14651,6.45E+07
14652,6.66E+07
14653,5.00E+07
14654,6.26E+07
14655,6.40E+07
14656,5.62E+07
14657,5.67E+07
14658,43378
14659,28980
14660,67640
14661,68296
14662,46303
14663,34359
14664,6.81E+07
14665,7.61E+07
14666,6.50E+07
14667,6.59E+07
14668,6.11E+07
14669,5.88E+07
14670,7.18E+06
14671,3.60E+06
14672,6.44E+06
14673,5.88E+06
14674,3.71E+06
14675,6.09E+06
14676,4.05E+06
14677,5.85E+06
14678,62742
14679,1.44E+05
14680,54242
14681,13.326
14682,4.2609
14683,14.875
14684,4.9062
14685,7.2744
14686,7.8279
14687,4.7059
14688,113.02
14689,26.874
14690,20.694
14691,1.65E+07
14692,2.90E+07
14693,1.99E+07
14694,3.01E+07
14695,1.59E+07
14696,2.68E+07
14697,2.65E+07
14698,1.76E+07
14699,1.62E+07
14700,1.78E+07
14701,2.23E+07
14702,5.88E+07
14703,3.98E+07
14704,5.89E+07
14705,5.09E+07
14706,3.66E+07
14707,4.31E+07
14708,4.05E+07
14709,4.22E+07
14710,1.37E+07
14711,1.94E+07
14712,2.25E+07
14713,1.32E+07
14714,1.81E+07
14715,1.71E+07
14716,1.92E+07
14717,5.91E+07
14718,6.00E+07
14719,6.35E+07
14720,5.51E+07
14721,5.62E+07
14722,5.23E+07
14723,5.38E+07
14724,5.60E+07
14725,4.23E+07
14726,3.81E+07
14727,4.62E+07
14728,4.18E+07
14729,5.01E+07
14730,4.65E+07
14731,4.47E+07
14732,4.26E+07
14733,3.99E+07
14734,4.06E+07
14735,4.18E+07
14736,6.55E+07
14737,7.36E+07
14738,5.98E+07
14739,5.78E+07
14740,6.47E+07
14741,6.68E+07
14742,6.65E+07
14743,5.21E+07
14744,1.53E+07
14745,7.28E+06
14746,1.73E+07
14747,6.89E+06
14748,9.62E+06
14749,1.23E+07
14750,7.15E+07
14751,7.09E+07
14752,6.11E+07
14753,5.52E+07
14754,6.40E+07
14755,3.46E+07
14756,3.56E+07
14757,2.22E+07
14758,2.16E+07
14759,2.05E+07
14760,2.67E+07
14761,3.13E+07
14762,2.80E+07
14763,7.00E+06
14764,4.86E+06
14765,6.11E+06
14766,7.89E+06
14767,4.64E+06
14768,7.26E+07
14769,8.20E+07
14770,7.29E+07
14771,7.86E+07
14772,7.49E+07
14773,6.72E+07
14774,6.92E+07
14775,43.784
14776,56.9
14777,175.06
14778,1253.3
14779,1744.9
14780,3.16E+05
14781,5.53E+05
14782,5.34E+05
14783,37655
14784,1.78E+07
14785,8.69E+06
14786,8.16E+06
14787,9.44E+06
14788,1.09E+07
14789,1.26E+07
14790,8.34E+06
14791,3.12E+07
14792,5.31E+07
14793,4.79E+07
14794,3.32E+07
14795,4.36E+07
14796,4.69E+07
14797,3.03E+07
14798,3.92E+07
14799,3.77E+07
14800,4.92E+07
14801,5.41E+07
14802,5.61E+07
14803,6.46E+07
14804,4.55E+07
14805,27.347
14806,8.7421
14807,10.13
14808,2.26E+07
14809,2.19E+07
14810,1.15E+07
14811,1.39E+07
14812,1.18E+07
14813,1.21E+07
14814,1.50E+07
14815,1.96E+07
14816,1.92E+07
14817,6.15E+07
14818,7.15E+07
14819,6.36E+07
14820,6.13E+07
14821,5.44E+07
14822,5.45E+07
14823,8.01E+07
14824,7.81E+07
14825,7.11E+07
14826,8.18E+07
14827,601.92
14828,1172.5
14829,6.55E+07
14830,5.82E+07
14831,7.76E+07
14832,6.44E+07
14833,6.54E+07
14834,6.16E+07
14835,6.36E+07
14836,6.95E+07
14837,5.45E+07
14838,7.08E+07
14839,7.34E+07
14840,5.39E+07
14841,6.05E+07
14842,5.99E+07
14843,6.50E+07
14844,6.00E+07
14845,5.14E+07
14846,6.70E+07
14847,6.75E+07
14848,6.19E+07
14849,6.17E+07
14850,5.31E+07
14851,5.41E+07
14852,4.81E+07
14853,13493
14854,3627.4
14855,7372.5
14856,63183
14857,43730
14858,14857
14859,3.86E+07
14860,2.09E+07
14861,2.80E+07
14862,2.60E+07
14863,3.18E+07
14864,4.71E+07
14865,5.69E+07
14866,5.59E+07
14867,4.47E+07
14868,5.35E+07
14869,4.43E+07
14870,3.07E+07
14871,4.17E+07
14872,3.13E+07
14873,3.74E+07
14874,4.21E+07
14875,3.69E+07
14876,2.87E+07
14877,3.44E+07
14878,273.72
14879,369.85
14880,566.79
14881,235.99
14882,3.27E+06
14883,1.67E+06
14884,3.44E+06
14885,5.22E+06
14886,2.54E+07
14887,1.80E+07
14888,1.46E+07
14889,1.73E+07
14890,2.19E+07
14891,2.14E+07
14892,6.55E+07
14893,6.79E+07
14894,5.39E+07
14895,5.81E+07
14896,5.91E+07
14897,5.43E+07
14898,5.02E+07
14899,6.56E+07
14900,6.55E+07
14901,5.70E+07
14902,5.47E+07
14903,6.03E+07
14904,5.03E+07
14905,5.59E+07
14906,5.64E+07
14907,3.53E+07
14908,3.77E+07
14909,4.74E+07
14910,4.90E+07
14911,3.44E+07
14912,4.10E+07
14913,4.53E+07
14914,4.34E+07
14915,4.05E+07
14916,5.08E+07
14917,5.93E+07
14918,4.47E+07
14919,5.06E+07
14920,5.19E+07
14921,5.07E+07
14922,159.88
14923,160.52
14924,71981
14925,7.18E+07
14926,5.49E+07
14927,6.25E+07
14928,5.27E+07
14929,5.99E+07
14930,5.06E+07
14931,6.14E+07
14932,4.43E+07
14933,3.95E+07
14934,4.71E+07
14935,3.34E+07
14936,3.87E+07
14937,1.0432
14938,0.47024
14939,0.50878
14940,0.70006
14941,0.77788
14942,1.18E+07
14943,1.22E+07
14944,8.83E+06
14945,1.79E+07
14946,1.56E+07
14947,2.14E+07
14948,1.70E+07
14949,1.32E+07
14950,1.20E+07
14951,7.12E+07
14952,5.42E+07
14953,5.26E+07
14954,5.86E+07
14955,5.01E+07
14956,5.41E+07
14957,4.69E+07
14958,4.58E+07
14959,7.85E+07
14960,6.53E+07
14961,7.00E+07
14962,6.75E+07
14963,7.31E+07
14964,6.13E+07
14965,6.41E+07
14966,7.57E+07
14967,5.72E+07
14968,6.28E+07
14969,6.81E+07
14970,5.64E+07
14971,6.33E+07
14972,3.71E+07
14973,3.32E+07
14974,3.50E+07
14975,3.68E+07
14976,3.24E+07
14977,3.60E+07
14978,3.82E+07
14979,2.70E+07
14980,3.39E+07
14981,2.14E+07
14982,2.58E+07
14983,4.97E+07
14984,3.36E+07
14985,3.20E+07
14986,3.97E+07
14987,3.96E+07
14988,3.63E+07
14989,3.29E+07
14990,15.484
14991,7.264
14992,7.128
14993,13.75
14994,9.0831
14995,487.35
14996,85454
14997,1.83E+05
14998,98280
14999,70934
15000,1.16E+05
15001,10406
15002,5366.5
15003,60.686
15004,54.97
15005,61.82
15006,83.14
15007,4.73E+06
15008,5.92E+06
15009,14.177
15010,21.89
15011,14.4
15012,3.76E+07
15013,3.28E+07
15014,2.90E+07
15015,2.51E+07
15016,6.42E+07
15017,6.29E+07
15018,5.80E+07
15019,5.93E+07
15020,4.11E+05
15021,1.07E+05
15022,8.38E+05
15023,1.40E+06
15024,1.57E+06
15025,9.10E+05
15026,1.17E+06
15027,2.8109
15028,0.86168
15029,1.8293
15030,0.88494
15031,2.32E+07
15032,1.60E+07
15033,1.13E+07
15034,1.34E+07
15035,2.61E+07
15036,2.35E+07
15037,1.77E+07
15038,2.10E+07
15039,5.63E+07
15040,5.76E+07
15041,5.52E+07
15042,5.18E+07
15043,5.06E+07
15044,1.28E+07
15045,9.83E+06
15046,7.57E+06
15047,9.89E+06
15048,9.46E+06
15049,9.18E+06
15050,2.32E+07
15051,2.92E+07
15052,2.00E+07
15053,2.24E+07
15054,2.86E+07
15055,35.197
15056,80.992
15057,67.91
15058,43.933
15059,38.508
15060,67.816
15061,5.08E+07
15062,5.56E+07
15063,5.47E+07
15064,4.77E+07
15065,4.63E+07
15066,4.43E+07
15067,5.17E+07
15068,4.64E+07
15069,4.61E+07
15070,3.86E+07
15071,4.21E+07
15072,3.58E+07
15073,5.70E+07
15074,6.00E+07
15075,6.24E+07
15076,5.55E+07
15077,5.88E+07
15078,6.06E+07
15079,5.71E+07
15080,5.87E+07
15081,5.57E+07
15082,6.07E+07
15083,7.71E+07
15084,7.96E+07
15085,6.98E+07
15086,7.34E+07
15087,7.57E+07
15088,7.21E+07
15089,2.76E+07
15090,1.86E+07
15091,2.57E+07
15092,2.56E+07
15093,1.91E+07
15094,3.16E+07
15095,1.88E+07
15096,3.17E+07
15097,3.44E+07
15098,3.20E+07
15099,3.72E+07
15100,3.10E+07
15101,2.66E+07
15102,3.23E+07
15103,2.90E+07
15104,2.51E+07
15105,3.00E+07
15106,2.27E+07
15107,3.35E+07
15108,3.66E+07
15109,2.7091
15110,2.3411
15111,1.104
15112,2.5199
15113,1.1516
15114,4.92E+07
15115,6.53E+07
15116,6.28E+07
15117,4.58E+07
15118,5.93E+07
15119,5.83E+07
15120,5.21E+07
15121,5.79E+07
15122,5.26E+07
15123,4.93E+07
15124,5.13E+07
15125,4.88E+07
15126,4.59E+07
15127,4.11E+07
15128,7.94E+07
15129,6.66E+07
15130,6.83E+07
15131,7.32E+07
15132,6.29E+07
15133,3.54E+07
15134,4.06E+07
15135,3.58E+07
15136,30.95
15137,43.216
15138,36.639
15139,2.47E+07
15140,3.03E+07
15141,2.56E+07
15142,4.20E+05
15143,7.87E+05
15144,4.70E+05
15145,3.82E+07
15146,2.29E+07
15147,3.25E+07
15148,3.06E+07
15149,2.57E+07
15150,3.07E+07
15151,894.3
15152,4.18E+07
15153,4.43E+07
15154,4.88E+07
15155,3.74E+07
15156,250.59
15157,236
15158,228.48
15159,2.62E+07
15160,3.22E+07
15161,3.24E+07
15162,3.62E+07
15163,2.70E+07
15164,3.65E+07
15165,2.64E+07
15166,2.50E+07
15167,2.95E+07
15168,3.35E+07
15169,5.93E+07
15170,6.40E+07
15171,6.68E+07
15172,5.45E+07
15173,5.76E+07
15174,6.11E+07
15175,33.647
15176,18.675
15177,27.542
15178,4.6049
15179,5.5045
15180,1.68E+07
15181,9.62E+06
15182,8.55E+06
15183,1.31E+07
15184,1.90E+07
15185,9.89E+06
15186,6.58E+07
15187,6.93E+07
15188,7.24E+07
15189,7.64E+07
15190,6.51E+07
15191,5.05E+07
15192,5.29E+07
15193,4.35E+07
15194,10968
15195,3.36E+05
15196,6.30E+05
15197,9.06E+05
15198,1953
15199,3.85E+07
15200,4.46E+07
15201,4.57E+07
15202,3.67E+07
15203,5.04E+07
15204,2.265
15205,2.8017
15206,5.1533
15207,1.739
15208,7.40E+07
15209,6.82E+07
15210,6.69E+07
15211,6.36E+07
15212,3.06E+07
15213,3.41E+07
15214,3.78E+07
15215,4.41E+07
15216,3.32E+07
15217,3.16E+07
15218,3.79E+07
15219,4.50E+07
15220,5.10E+07
15221,3.70E+07
15222,4.45E+07
15223,3.69E+07
15224,3.08E+06
15225,2.33E+06
15226,4.52E+07
15227,5.30E+07
15228,4.38E+07
15229,5.12E+07
15230,5.28E+07
15231,3.96E+07
15232,3.32E+07
15233,3.93E+07
15234,15.581
15235,16.144
15236,20.64
15237,28.93
15238,7.76E+07
15239,6.72E+07
15240,7.17E+07
15241,7.18E+07
15242,7.04E+07
15243,7.66E+07
15244,6.71E+07
15245,5.82E+07
15246,6.50E+07
15247,6.16E+07
15248,5.19E+07
15249,5.27E+07
15250,4.74E+07
15251,3.2845
15252,6.7365
15253,4.80E+07
15254,4.00E+07
15255,4.54E+07
15256,3.71E+07
15257,5.97E+06
15258,5.70E+06
15259,102.74
15260,72.11
15261,100.57
15262,4.8374
15263,26904
15264,0.63019
15265,2.10E+07
15266,2.76E+07
15267,2.18E+07
15268,2.80E+07
15269,3.30E+07
15270,2.17E+07
15271,1.86E+07
15272,1.63E+07
15273,1.84E+07
15274,2.50E+07
15275,2.30E+07
15276,2.05E+07
15277,2.01E+07
15278,1.10E+07
15279,1.04E+07
15280,1.00E+07
15281,1.65E+07
15282,1.09E+07
15283,2.03E+07
15284,1.44E+07
15285,7.51E+07
15286,6.82E+07
15287,6.44E+07
15288,7.15E+07
15289,6.56E+07
15290,7.63E+07
15291,7.06E+07
15292,1.79E+06
15293,1.40E+06
15294,1.23E+07
15295,1.75E+07
15296,1.20E+07
15297,1.43E+07
15298,63.527
15299,64.714
15300,88.364
15301,4.58E+07
15302,4.13E+07
15303,3.83E+07
15304,3.31E+07
15305,8167
15306,7.01E+07
15307,7.19E+07
15308,2.69E+07
15309,1.88E+07
15310,2.20E+07
15311,2.37E+07
15312,1.70E+05
15313,1.88E+05
15314,3.15E+05
15315,3.91E+07
15316,4.44E+07
15317,3.58E+07
15318,3.75E+07
15319,3.78E+07
15320,8.38E+07
15321,7.18E+07
15322,7.45E+07
15323,7.14E+07
15324,7.25E+07
15325,2.47E+07
15326,2.68E+07
15327,1.94E+07
15328,2.54E+07
15329,5.39E+07
15330,5.46E+07
15331,4.89E+07
15332,6.66E+07
15333,6.71E+07
15334,5.94E+07
15335,6.99E+07
15336,7.00E+07
15337,6.97E+07
15338,7.47E+07
15339,7.23E+07
15340,7.32E+07
15341,7.46E+07
15342,7.30E+07
15343,7.16E+07
15344,7.14E+07
15345,7.13E+07
15346,7.12E+07
15347,7.28E+07
15348,7.94E+07
15349,6.82E+07
15350,3.26E+07
15351,3.19E+07
15352,3.62E+07
15353,2.26E+07
15354,5.87E+07
15355,6.28E+07
15356,5.21E+07
15357,6.40E+07
15358,6.17E+07
15359,6.21E+07
15360,5.81E+07
15361,1.66E+07
15362,1.61E+07
15363,2.34E+07
15364,1.44E+07
15365,2.41E+07
15366,1.93E+07
15367,1.98E+07
15368,1.53E+07
15369,2.41E+07
15370,2.24E+07
15371,4.59E+07
15372,3.62E+07
15373,4.33E+07
15374,4.40E+07
15375,3.89E+07
15376,5.45E+07
15377,6.0412
15378,3.2682
15379,3.4641
15380,6.42E+07
15381,5.78E+07
15382,6.38E+07
15383,7.63E+06
15384,8.03E+06
15385,1.09E+07
15386,1.27E+07
15387,1.72E+07
15388,1.57E+07
15389,1.21E+07
15390,2.18E+07
15391,7.29E+07
15392,7.39E+07
15393,6.58E+07
15394,7.16E+07
15395,7.35E+07
15396,7.03E+07
15397,6.42E+07
15398,7.58E+07
15399,39.841
15400,30.919
15401,38.943
15402,67.916
15403,74164
15404,1.11E+05
15405,4.97E+07
15406,5.88E+07
15407,5.83E+07
15408,6.06E+07
15409,5.60E+07
15410,4.98E+07
15411,5.88E+07
15412,5.32E+07
15413,6.13E+07
15414,6.02E+07
15415,6.16E+07
15416,7.13E+07
15417,7.02E+07
15418,6.97E+07
15419,6.95E+07
15420,6.93E+07
15421,6.71E+07
15422,7.05E+07
15423,1.11E+07
15424,7.29E+06
15425,8.63E+06
15426,5.34E+07
15427,6.61E+07
15428,6.21E+07
15429,4.91E+07
15430,5.58E+07
15431,2.23E+07
15432,2.83E+07
15433,2.55E+07
15434,3.17E+07
15435,6.02E+07
15436,7.21E+07
15437,6.04E+07
15438,6.12E+07
15439,5.11E+07
15440,6.29E+07
15441,8.09E+07
15442,8.30E+07
15443,8.11E+07
15444,8.89E+07
15445,8.57E+07
15446,8.52E+07
15447,4.23E+07
15448,3.92E+07
15449,4.73E+07
15450,4.43E+07
15451,8.32E+07
15452,9.20E+07
15453,9.24E+07
15454,8.67E+07
15455,8.46E+07
15456,8.34E+07
15457,8.53E+07
15458,4.26E+07
15459,4.13E+07
15460,4.80E+07
15461,4.46E+07
15462,2.41E+07
15463,2.24E+07
15464,2.52E+07
15465,2.04E+07
15466,2.55E+07
15467,2.00E+07
15468,7.91E+07
15469,7.72E+07
15470,7.67E+07
15471,8.06E+07
15472,8.00E+07
15473,7.75E+07
15474,3.87E+07
15475,5.33E+07
15476,4.43E+07
15477,2.62E+07
15478,3.02E+07
15479,7.60E+07
15480,7.82E+07
15481,7.97E+07
15482,7.84E+07
15483,7.63E+07
15484,7.66E+07
15485,3.98E+07
15486,5.16E+07
15487,4.39E+07
15488,6.38E+07
15489,5.82E+07
15490,8.02E+07
15491,7.97E+07
15492,8.17E+07
15493,8.04E+07
15494,8.07E+07
15495,8.07E+07
15496,5.56E+07
15497,4.37E+07
15498,4.95E+07
15499,6.06E+07
15500,6.32E+07
15501,7.83E+07
15502,7.60E+07
15503,7.84E+07
15504,7.87E+07
15505,7.76E+07
15506,7.69E+07
15507,7.68E+07
15508,6.47E+07
15509,4.98E+07
15510,6.77E+07
15511,6.40E+07
15512,5.84E+07
15513,4.97E+07
15514,4.05E+07
15515,5.55E+07
15516,3.83E+07
15517,5.06E+07
15518,4.17E+07
15519,7.79E+07
15520,7.61E+07
15521,7.76E+07
15522,7.77E+07
15523,7.72E+07
15524,7.68E+07
15525,7.60E+07
15526,6.34E+07
15527,5.87E+07
15528,5.73E+07
15529,6.44E+07
15530,1.08E+07
15531,1.17E+07
15532,1.43E+07
15533,1.19E+07
15534,1.49E+07
15535,1.30E+07
15536,8.11E+07
15537,8.03E+07
15538,8.01E+07
15539,8.03E+07
15540,8.18E+07
15541,8.01E+07
15542,8.09E+07
15543,8.12E+07
15544,6.00E+07
15545,5.44E+07
15546,5.22E+07
15547,6.96E+07
15548,5.37E+07
15549,1.66E+07
15550,1.25E+07
15551,1.64E+07
15552,1.30E+07
15553,1.40E+07
15554,1.19E+07
15555,5.62E+07
15556,4.53E+07
15557,6.25E+07
15558,5.19E+07
15559,5.84E+07
15560,4.69E+07
15561,6.12E+07
15562,6.61E+07
15563,6.03E+07
15564,6.29E+07
15565,5.91E+07
15566,6.50E+07
15567,4.84E+07
15568,5.41E+07
15569,5.07E+07
15570,4.91E+07
15571,5.12E+07
15572,5.54E+07
15573,7.45E+07
15574,7.72E+07
15575,7.38E+07
15576,7.33E+07
15577,7.75E+07
15578,8.15E+07
15579,4.62E+07
15580,4.35E+07
15581,5.27E+07
15582,5.74E+07
15583,7.94E+07
15584,7.90E+07
15585,8.38E+07
15586,8.65E+07
15587,7.86E+07
15588,7.28E+07
15589,7.09E+07
15590,7.30E+07
15591,6.72E+07
15592,7.66E+07
15593,7.68E+07
15594,7.91E+07
15595,7.56E+07
15596,8.13E+07
15597,5.59E+07
15598,3.72E+07
15599,4.11E+07
15600,4.99E+07
15601,8.09E+07
15602,8.07E+07
15603,7.92E+07
15604,7.87E+07
15605,8.00E+07
15606,7.83E+07
15607,5.50E+07
15608,4.30E+07
15609,3.50E+07
15610,6.02E+07
15611,6.57E+07
15612,9.85E+06
15613,1.06E+07
15614,1.55E+07
15615,1.51E+07
15616,1.30E+07
15617,1.17E+07
15618,1.35E+07
15619,6.46E+06
15620,6.44E+07
15621,6.08E+07
15622,5.79E+07
15623,5.96E+07
15624,6.46E+07
15625,4.60E+07
15626,5.04E+07
15627,4.08E+07
15628,4.69E+07
15629,4.34E+07
15630,4.98E+07
15631,4.96E+07
15632,8.07E+07
15633,8.22E+07
15634,8.10E+07
15635,8.25E+07
15636,8.18E+07
15637,4.31E+07
15638,4.53E+07
15639,5.27E+07
15640,5.49E+07
15641,3.30E+06
15642,4.63E+06
15643,2.73E+06
15644,3.76E+06
15645,2.68E+06
15646,4.80E+06
15647,7.29E+07
15648,7.46E+07
15649,7.18E+07
15650,7.07E+07
15651,7.03E+07
15652,5.79E+07
15653,6.11E+07
15654,4.83E+07
15655,5.49E+07
15656,8.88E+07
15657,9.03E+07
15658,7.77E+07
15659,8.50E+07
15660,8.39E+07
15661,8.07E+07
15662,4.38E+07
15663,5.68E+06
15664,2.97E+06
15665,5.34E+06
15666,3.70E+06
15667,3.65E+06
15668,4.79E+06
15669,2.15E+06
15670,7.31E+07
15671,7.44E+07
15672,7.36E+07
15673,7.29E+07
15674,7.36E+07
15675,7.40E+07
15676,5.76E+07
15677,5.16E+07
15678,6.14E+07
15679,7.84E+07
15680,8.72E+07
15681,7.41E+07
15682,8.12E+07
15683,8.36E+07
15684,9.24E+07
15685,3.69E+07
15686,8.88E+07
15687,8.37E+07
15688,8.39E+07
15689,8.37E+07
15690,8.50E+07
15691,8.42E+07
15692,8.57E+07
15693,4.39E+07
15694,2.25E+07
15695,2.66E+07
15696,3.13E+07
15697,2.86E+07
15698,2.19E+07
15699,2.70E+07
15700,1.92E+07
15701,2.23E+07
15702,2.52E+07
15703,2.51E+07
15704,2.70E+07
15705,1.99E+07
15706,1.98E+07
15707,7.89E+07
15708,8.38E+07
15709,8.43E+07
15710,7.91E+07
15711,7.16E+07
15712,7.66E+07
15713,7.43E+07
15714,7.94E+07
15715,6.70E+07
15716,6.32E+07
15717,6.63E+07
15718,6.40E+07
15719,6.65E+07
15720,6.81E+07
15721,5.60E+07
15722,4.89E+07
15723,5.66E+07
15724,5.26E+07
15725,4.56E+07
15726,5.66E+07
15727,4.77E+07
15728,7.45E+07
15729,7.54E+07
15730,7.41E+07
15731,7.61E+07
15732,7.47E+07
15733,7.27E+07
15734,6.66E+07
15735,5.56E+07
15736,6.31E+07
15737,6.05E+07
15738,8.21E+07
15739,8.06E+07
15740,8.43E+07
15741,8.30E+07
15742,8.20E+07
15743,4.44E+07
15744,4.04E+07
15745,3.65E+07
15746,7.02E+07
15747,6.87E+07
15748,6.69E+07
15749,6.63E+07
15750,6.53E+07
15751,6.78E+07
15752,6.91E+07
15753,5.50E+07
15754,5.52E+07
15755,5.39E+07
15756,8.60E+07
15757,8.40E+07
15758,7.92E+07
15759,7.97E+07
15760,8.05E+07
15761,8.59E+07
15762,6.79E+07
15763,6.55E+07
15764,6.32E+07
15765,7.59E+07
15766,7.27E+07
15767,6.92E+07
15768,7.34E+07
15769,7.22E+07
15770,7.03E+07
15771,7.19E+07
15772,7.15E+07
15773,5.19E+07
15774,5.48E+07
15775,4.39E+07
15776,6.92E+07
15777,6.56E+07
15778,8.25E+07
15779,8.54E+07
15780,8.33E+07
15781,7.87E+07
15782,7.54E+07
15783,7.35E+07
15784,7.75E+07
15785,8.16E+07
15786,8.13E+07
15787,8.33E+07
15788,8.22E+07
15789,8.00E+07
15790,8.81E+07
15791,7.26E+07
15792,7.83E+07
15793,7.90E+07
15794,6.62E+07
15795,7.36E+07
15796,3.00E+06
15797,2.56E+06
15798,3.04E+06
15799,2.87E+06
15800,1.62E+06
15801,1.53E+06
15802,1.57E+06
15803,1.68E+06
15804,8.25E+07
15805,8.63E+07
15806,8.28E+07
15807,8.11E+07
15808,8.59E+07
15809,7.39E+07
15810,7.65E+07
15811,6.69E+07
15812,8.18E+07
15813,7.56E+07
15814,7.62E+07
15815,8.05E+07
15816,8.49E+07
15817,7.59E+07
15818,7.20E+07
15819,6.46E+07
15820,6.75E+07
15821,6.79E+07
15822,9.21E+06
15823,1.02E+07
15824,7.61E+06
15825,9.86E+06
15826,4.48E+06
15827,4.94E+06
15828,9.98E+06
15829,7.35E+06
15830,8.21E+06
15831,1.01E+07
15832,7.57E+06
15833,7.87E+07
15834,8.10E+07
15835,8.11E+07
15836,7.99E+07
15837,7.78E+07
15838,4.47E+07
15839,5.38E+07
15840,5.95E+07
15841,3.05E+07
15842,5.94E+07
15843,8.31E+07
15844,8.54E+07
15845,8.53E+07
15846,9.41E+07
15847,8.82E+07
15848,5.30E+07
15849,4.37E+07
15850,4.83E+07
15851,5.02E+07
15852,5.10E+07
15853,6.07E+07
15854,3.94E+07
15855,8.93E+07
15856,8.50E+07
15857,9.48E+07
15858,9.09E+07
15859,4.85E+07
15860,6.48E+07
15861,6.29E+07
15862,5.73E+07
15863,6.46E+07
15864,6.81E+07
15865,6.94E+07
15866,7.31E+07
15867,7.50E+07
15868,5.02E+07
15869,5.12E+07
15870,4.45E+07
15871,5.06E+07
15872,4.93E+07
15873,4.90E+07
15874,8.10E+07
15875,8.26E+07
15876,8.68E+07
15877,8.20E+07
15878,8.18E+07
15879,8.60E+07
15880,6.79E+07
15881,7.64E+07
15882,7.84E+07
15883,6.68E+07
15884,6.18E+07
15885,8.13E+07
15886,7.73E+07
15887,7.64E+07
15888,7.53E+07
15889,8.16E+07
15890,7.57E+07
15891,8.32E+07
15892,6.85E+07
15893,6.60E+07
15894,6.31E+07
15895,6.41E+07
15896,7.25E+07
15897,7.66E+07
15898,6.94E+07
15899,7.32E+07
15900,7.90E+07
15901,4.11E+07
15902,4.52E+07
15903,5.34E+07
15904,5.80E+07
15905,4.76E+07
15906,7.39E+07
15907,7.33E+07
15908,7.61E+07
15909,7.27E+07
15910,7.55E+07
15911,7.12E+07
15912,6.94E+07
15913,6.14E+07
15914,6.60E+07
15915,5.78E+07
15916,6.20E+07
15917,4.62E+07
15918,7.88E+07
15919,8.17E+07
15920,8.43E+07
15921,8.00E+07
15922,8.81E+07
15923,8.03E+07
15924,6.99E+07
15925,6.59E+07
15926,6.27E+07
15927,7.32E+07
15928,8.53E+07
15929,8.09E+07
15930,8.29E+07
15931,8.47E+07
15932,4.43E+07
15933,5.70E+07
15934,4.16E+07
15935,6.98E+07
15936,6.82E+07
15937,6.95E+07
15938,7.33E+07
15939,6.91E+07
15940,6.59E+07
15941,5.66E+07
15942,5.19E+07
15943,5.69E+07
15944,5.85E+07
15945,9.88E+06
15946,1.20E+07
15947,1.06E+07
15948,1.23E+07
15949,1.68E+07
15950,1.47E+07
15951,1.68E+07
15952,1.49E+07
15953,7.46E+07
15954,7.15E+07
15955,7.95E+07
15956,7.32E+07
15957,7.67E+07
15958,6.51E+07
15959,5.79E+07
15960,5.19E+07
15961,6.62E+07
15962,4.52E+07
15963,4.35E+07
15964,6.01E+07
15965,6.78E+07
15966,5.71E+07
15967,3.03E+07
15968,2.68E+07
15969,2.36E+07
15970,1.91E+07
15971,1.88E+07
15972,1.68E+07
15973,2.51E+07
15974,1.92E+07
15975,2.70E+07
15976,1.98E+07
15977,8.16E+07
15978,8.17E+07
15979,8.50E+07
15980,8.60E+07
15981,8.07E+07
15982,7.25E+07
15983,6.94E+07
15984,8.10E+07
15985,7.95E+07
15986,7.77E+07
15987,8.01E+07
15988,7.03E+07
15989,6.69E+07
15990,6.39E+07
15991,5.78E+07
15992,9.48E+07
15993,8.26E+07
15994,8.60E+07
15995,1.02E+08
15996,5.13E+07
15997,4.39E+07
15998,4.86E+07
15999,1.10E+07
16000,1.27E+07
16001,1.04E+07
16002,1.06E+07
16003,1.06E+07
16004,6.27E+07
16005,5.89E+07
16006,6.32E+07
16007,5.39E+07
16008,4.68E+07
16009,5.52E+07
16010,4.42E+06
16011,2.83E+06
16012,3.06E+06
16013,2.51E+06
16014,3.59E+06
16015,1.58E+06
16016,1.66E+06
16017,6.95E+07
16018,7.22E+07
16019,7.05E+07
16020,5.86E+07
16021,6.19E+07
16022,5.48E+07
16023,5.78E+07
16024,8.70E+07
16025,8.12E+07
16026,8.61E+07
16027,8.02E+07
16028,8.74E+07
16029,8.40E+07
16030,7.43E+07
16031,6.77E+07
16032,6.24E+07
16033,7.18E+07
16034,8.44E+07
16035,3.40E+07
16036,3.18E+07
16037,3.37E+07
16038,3.29E+07
16039,1.74E+07
16040,2.98E+07
16041,3.33E+07
16042,2.99E+07
16043,6.45E+07
16044,8.29E+07
16045,8.45E+07
16046,7.77E+07
16047,3.93E+07
16048,4.65E+07
16049,4.86E+07
16050,4.29E+07
16051,3.24E+07
16052,2.33E+07
16053,3.30E+07
16054,8.24E+07
16055,8.28E+07
16056,8.13E+07
16057,3.63E+07
16058,6.51E+07
16059,6.92E+07
16060,6.19E+07
16061,4.98E+07
16062,5.10E+07
16063,3.12E+07
16064,7.84E+07
16065,7.98E+07
16066,7.98E+07
16067,7.97E+07
16068,5.47E+07
16069,6.47E+07
16070,5.97E+07
16071,3.08E+06
16072,2.85E+06
16073,3.00E+06
16074,2.95E+06
16075,1.47E+06
16076,1.46E+06
16077,1.57E+06
16078,1.53E+06
16079,7.88E+07
16080,8.00E+07
16081,7.97E+07
16082,7.87E+07
16083,5.96E+07
16084,5.40E+07
16085,6.09E+07
16086,5.17E+07
16087,5.39E+07
16088,9.64E+07
16089,9.16E+07
16090,1.04E+08
16091,1.05E+08
16092,4.56E+07
16093,4.92E+07
16094,8.14E+07
16095,9.02E+07
16096,8.74E+07
16097,7.72E+07
16098,7.72E+07
16099,6.98E+07
16100,7.29E+07
16101,8.08E+07
16102,7.91E+07
16103,7.87E+07
16104,5.78E+07
16105,6.41E+07
16106,7.10E+07
16107,6.90E+07
16108,6.51E+07
16109,7.51E+07
16110,7.83E+07
16111,7.64E+07
16112,7.36E+07
16113,7.38E+07
16114,5.16E+07
16115,3.76E+07
16116,5.67E+07
16117,2.45E+07
16118,3.91E+07
16119,5.01E+07
16120,6.40E+07
16121,3.44E+07
16122,4.38E+07
16123,3.77E+07
16124,3.87E+07
16125,7.72E+07
16126,7.47E+07
16127,8.01E+07
16128,7.55E+07
16129,7.49E+07
16130,6.75E+07
16131,7.02E+07
16132,6.66E+07
16133,6.64E+07
16134,6.31E+07
16135,7.00E+07
16136,6.54E+07
16137,7.83E+07
16138,7.97E+07
16139,6.80E+06
16140,8.39E+06
16141,8.60E+06
16142,6.25E+06
16143,3.45E+06
16144,8.37E+07
16145,8.18E+07
16146,8.63E+07
16147,7.95E+07
16148,7.76E+07
16149,7.64E+07
16150,8.18E+07
16151,8.79E+07
16152,8.87E+07
16153,7.39E+07
16154,7.75E+07
16155,7.69E+07
16156,8.40E+07
16157,7.15E+07
16158,8.38E+07
16159,8.30E+07
16160,7.83E+07
16161,8.34E+07
16162,7.00E+07
16163,6.68E+07
16164,5.85E+07
16165,6.56E+07
16166,7.99E+07
16167,8.26E+07
16168,8.41E+07
16169,6.02E+07
16170,7.72E+07
16171,6.60E+07
16172,5.10E+07
16173,6.89E+07
16174,8.51E+07
16175,9.34E+07
16176,1.02E+08
16177,9.60E+07
16178,9.30E+07
16179,5.43E+07
16180,4.94E+07
16181,5.17E+07
16182,5.16E+07
16183,5.97E+07
16184,6.16E+07
16185,6.14E+07
16186,6.22E+07
16187,4.65E+07
16188,5.42E+07
16189,4.70E+07
16190,2.82E+07
16191,3.00E+07
16192,3.54E+07
16193,2.85E+07
16194,1.50E+07
16195,1.30E+07
16196,7.93E+07
16197,8.08E+07
16198,7.51E+07
16199,6.84E+07
16200,6.63E+07
16201,7.27E+07
16202,5.31E+07
16203,6.29E+07
16204,8.88E+07
16205,9.74E+07
16206,9.95E+07
16207,9.23E+07
16208,8.95E+07
16209,4.79E+07
16210,7.49E+07
16211,6.77E+07
16212,7.69E+07
16213,6.98E+07
16214,4.74E+07
16215,5.54E+07
16216,4.37E+07
16217,5.20E+07
16218,7.69E+07
16219,7.38E+07
16220,7.33E+07
16221,7.48E+07
16222,5.37E+07
16223,5.84E+07
16224,3.89E+07
16225,7.06E+07
16226,7.04E+07
16227,6.99E+07
16228,5.33E+07
16229,5.29E+07
16230,5.59E+07
16231,6.27E+07
16232,5.47E+07
16233,9.07E+07
16234,1.06E+08
16235,9.24E+07
16236,5.55E+07
16237,5.34E+07
16238,4.99E+07
16239,5.29E+07
16240,7.58E+07
16241,8.09E+07
16242,8.29E+07
16243,7.58E+07
16244,6.68E+07
16245,7.20E+07
16246,6.65E+07
16247,3.01E+07
16248,3.22E+07
16249,3.60E+07
16250,7.45E+07
16251,7.44E+07
16252,7.46E+07
16253,7.48E+07
16254,7.50E+07
16255,5.00E+07
16256,6.22E+07
16257,5.66E+07
16258,6.70E+07
16259,6.14E+07
16260,6.55E+07
16261,6.81E+07
16262,6.60E+07
16263,5.95E+07
16264,5.19E+07
16265,5.53E+07
16266,5.31E+07
16267,7.34E+07
16268,7.56E+07
16269,6.92E+07
16270,4.97E+06
16271,5.94E+06
16272,2.78E+06
16273,2.82E+06
16274,8.67E+07
16275,8.59E+07
16276,9.14E+07
16277,8.06E+07
16278,8.07E+07
16279,7.76E+07
16280,7.33E+07
16281,8.14E+07
16282,2.96E+06
16283,1.57E+06
16284,1.58E+06
16285,1.72E+06
16286,7.79E+07
16287,7.50E+07
16288,7.46E+07
16289,6.84E+07
16290,7.09E+07
16291,6.50E+07
16292,6.86E+07
16293,7.37E+07
16294,6.96E+07
16295,6.63E+07
16296,6.26E+07
16297,5.24E+07
16298,4.64E+07
16299,3.08E+07
16300,1.78E+07
16301,1.59E+07
16302,1.95E+06
16303,2.47E+06
16304,2.43E+06
16305,9.46E+05
16306,9.44E+05
16307,7.48E+07
16308,7.29E+07
16309,6.16E+07
16310,7.16E+07
16311,6.81E+07
16312,9.00E+07
16313,7.70E+07
16314,7.18E+07
16315,7.53E+06
16316,8.90E+06
16317,8.64E+06
16318,3.80E+06
16319,3.70E+06
16320,3.84E+06
16321,1.09E+07
16322,9.61E+06
16323,4.69E+06
16324,4.50E+06
16325,9.39E+06
16326,4.83E+06
16327,8.29E+06
16328,2.84E+06
16329,2.31E+06
16330,1.28E+06
16331,1.26E+06
16332,6.71E+07
16333,6.87E+07
16334,6.82E+07
16335,6.86E+07
16336,6.79E+07
16337,6.08E+07
16338,5.32E+07
16339,5.06E+07
16340,5.72E+07
16341,8.43E+07
16342,7.83E+07
16343,7.85E+07
16344,7.61E+07
16345,6.60E+07
16346,6.54E+07
16347,7.28E+07
16348,5.80E+07
16349,6.43E+07
16350,5.68E+07
16351,4.33E+07
16352,4.82E+07
16353,4.26E+07
16354,5.02E+07
16355,7.91E+07
16356,7.72E+07
16357,7.78E+07
16358,5.87E+07
16359,5.31E+07
16360,6.94E+07
16361,6.44E+07
16362,5.87E+07
16363,8.74E+07
16364,8.79E+07
16365,8.22E+07
16366,7.39E+07
16367,7.86E+07
16368,6.59E+07
16369,6.64E+07
16370,8.15E+07
16371,6.75E+07
16372,7.44E+07
16373,7.51E+07
16374,3.75E+07
16375,2.98E+07
16376,2.82E+07
16377,2.91E+07
16378,7.52E+07
16379,7.55E+07
16380,7.49E+07
16381,5.12E+07
16382,5.62E+07
16383,6.66E+07
16384,6.12E+07
16385,4.85E+07
16386,6.70E+07
16387,1.56E+07
16388,5.68E+07
16389,4.32E+07
16390,4.72E+07
16391,4.77E+07
16392,3.87E+07
16393,4.77E+07
16394,4.70E+07
16395,7.34E+07
16396,6.10E+07
16397,2.86E+07
16398,8.32E+07
16399,8.76E+07
16400,8.95E+07
16401,7.67E+07
16402,7.98E+07
16403,7.94E+07
16404,8.08E+07
16405,8.13E+07
16406,4.36E+07
16407,5.59E+07
16408,8.26E+07
16409,8.18E+07
16410,8.46E+07
16411,4.05E+07
16412,4.26E+07
16413,3.20E+07
16414,6.10E+07
16415,8.68E+07
16416,9.36E+07
16417,8.04E+07
16418,8.12E+07
16419,7.13E+07
16420,7.72E+07
16421,8.32E+07
16422,6.92E+07
16423,7.23E+07
16424,6.31E+07
16425,8.04E+07
16426,7.73E+07
16427,4.05E+07
16428,4.27E+07
16429,3.87E+07
16430,6.46E+07
16431,6.00E+07
16432,5.89E+07
16433,1.78E+07
16434,1.62E+07
16435,8.16E+07
16436,8.30E+07
16437,8.31E+07
16438,4.37E+07
16439,4.28E+07
16440,6.11E+07
16441,7.22E+07
16442,7.24E+07
16443,6.90E+07
16444,6.87E+07
16445,6.09E+07
16446,6.28E+07
16447,6.26E+07
16448,7.86E+07
16449,7.13E+07
16450,7.15E+07
16451,7.24E+07
16452,6.72E+07
16453,7.75E+07
16454,7.82E+07
16455,4.08E+07
16456,4.05E+07
16457,4.45E+07
16458,8.18E+07
16459,7.09E+07
16460,6.42E+07
16461,6.17E+07
16462,6.75E+07
16463,8.33E+07
16464,8.15E+07
16465,8.17E+07
16466,4.48E+07
16467,3.75E+07
16468,3.67E+07
16469,8.49E+07
16470,8.40E+07
16471,4.19E+07
16472,4.23E+07
16473,7.78E+07
16474,7.78E+07
16475,7.35E+07
16476,6.27E+07
16477,6.85E+07
16478,6.03E+07
16479,6.43E+07
16480,6.14E+07
16481,1.37E+07
16482,1.67E+07
16483,9.35E+06
16484,5.77E+06
16485,6.77E+06
16486,8.07E+07
16487,8.10E+07
16488,5.98E+07
16489,5.83E+07
16490,9.27E+07
16491,8.97E+07
16492,8.49E+07
16493,7.58E+07
16494,7.82E+07
16495,7.77E+07
16496,8.66E+07
16497,8.15E+07
16498,9.00E+07
16499,7.67E+07
16500,7.40E+07
16501,6.76E+07
16502,5.86E+07
16503,7.09E+07
16504,5.50E+07
16505,4.25E+07
16506,5.43E+07
16507,5.99E+07
16508,6.02E+07
16509,5.09E+07
16510,4.88E+07
16511,4.57E+07
16512,4.87E+07
16513,6.48E+07
16514,6.29E+07
16515,5.42E+07
16516,5.48E+07
16517,7.33E+07
16518,6.26E+07
16519,5.62E+07
16520,7.07E+07
16521,6.57E+07
16522,6.98E+07
16523,9.11E+07
16524,4.33E+07
16525,4.25E+07
16526,3.60E+07
16527,7.84E+07
16528,7.93E+07
16529,7.93E+07
16530,7.76E+07
16531,5.43E+07
16532,6.43E+07
16533,6.50E+07
16534,6.19E+07
16535,2.60E+06
16536,2.49E+06
16537,8.44E+05
16538,1.16E+06
16539,1.27E+06
16540,1.10E+06
16541,8.13E+07
16542,8.55E+07
16543,7.56E+07
16544,7.14E+07
16545,7.49E+07
16546,6.50E+07
16547,6.42E+07
16548,8.05E+07
16549,3.80E+07
16550,3.72E+07
16551,6.87E+07
16552,5.67E+07
16553,6.10E+07
16554,5.96E+07
16555,5.34E+07
16556,6.50E+07
16557,4.99E+07
16558,5.22E+07
16559,5.42E+07
16560,4.05E+07
16561,5.21E+07
16562,5.31E+07
16563,5.70E+07
16564,3.51E+07
16565,2.99E+06
16566,1.97E+06
16567,8.32E+07
16568,7.81E+07
16569,7.24E+07
16570,6.54E+07
16571,6.23E+07
16572,7.50E+07
16573,6.68E+07
16574,8.89E+07
16575,7.98E+07
16576,7.58E+07
16577,7.73E+07
16578,7.81E+07
16579,7.50E+07
16580,8.34E+07
16581,8.86E+07
16582,9.10E+07
16583,7.56E+07
16584,8.07E+07
16585,7.72E+07
16586,7.20E+07
16587,4.74E+07
16588,2.77E+07
16589,3.51E+07
16590,1.88E+07
16591,8.70E+07
16592,7.30E+07
16593,7.62E+07
16594,8.10E+07
16595,6.31E+07
16596,8.02E+07
16597,7.18E+07
16598,3.05E+07
16599,2.93E+07
16600,7.52E+07
16601,5.10E+07
16602,4.47E+07
16603,4.70E+07
16604,5.29E+07
16605,8.44E+07
16606,8.02E+07
16607,4.27E+07
16608,4.91E+07
16609,5.66E+07
16610,5.22E+07
16611,7.47E+07
16612,7.51E+07
16613,6.57E+07
16614,6.54E+07
16615,6.25E+07
16616,6.72E+07
16617,6.16E+07
16618,4.27E+06
16619,1.89E+06
16620,1.74E+06
16621,1.70E+06
16622,1.65E+06
16623,5.70E+07
16624,4.44E+07
16625,1.53E+07
16626,8.43E+07
16627,8.36E+07
16628,7.85E+07
16629,7.18E+07
16630,7.60E+07
16631,7.42E+07
16632,8.47E+07
16633,8.70E+07
16634,7.99E+07
16635,7.73E+07
16636,7.60E+07
16637,7.98E+07
16638,7.47E+07
16639,5.89E+07
16640,4.16E+07
16641,4.35E+07
16642,6.62E+07
16643,4.93E+07
16644,6.30E+07
16645,7.04E+07
16646,8.01E+07
16647,8.37E+07
16648,7.83E+07
16649,8.00E+07
16650,8.17E+07
16651,8.77E+07
16652,8.90E+07
16653,7.42E+07
16654,7.97E+07
16655,7.81E+07
16656,7.10E+07
16657,8.05E+07
16658,4.19E+07
16659,3.97E+07
16660,4.01E+07
16661,4.60E+07
16662,7.72E+07
16663,3.84E+07
16664,6.08E+07
16665,3.72E+07
16666,4.12E+07
16667,4.47E+07
16668,7.92E+07
16669,8.39E+07
16670,3.99E+07
16671,4.04E+07
16672,2.73E+07
16673,9.18E+07
16674,8.84E+07
16675,7.20E+07
16676,8.87E+07
16677,9.04E+07
16678,6.78E+07
16679,6.41E+07
16680,6.49E+07
16681,7.23E+07
16682,7.17E+07
16683,7.80E+07
16684,5.53E+07
16685,4.53E+07
16686,5.18E+07
16687,4.89E+07
16688,1.34E+07
16689,6.66E+06
16690,7.45E+07
16691,3.86E+07
16692,4.36E+07
16693,4.00E+07
16694,5.10E+07
16695,5.76E+07
16696,8.37E+07
16697,8.29E+07
16698,8.29E+07
16699,7.11E+07
16700,6.71E+07
16701,7.75E+07
16702,6.29E+07
16703,5.57E+07
16704,6.55E+07
16705,5.79E+07
16706,6.12E+07
16707,5.68E+07
16708,5.70E+07
16709,1.12E+07
16710,7.00E+07
16711,7.43E+07
16712,4.30E+07
16713,4.94E+07
16714,5.90E+07
16715,5.01E+07
16716,5.09E+06
16717,5.61E+07
16718,5.14E+07
16719,5.26E+07
16720,5.75E+07
16721,7.18E+07
16722,4.40E+07
16723,4.11E+07
16724,9.54E+07
16725,6.09E+07
16726,6.44E+07
16727,6.21E+07
16728,4.67E+07
16729,8.57E+07
16730,7.17E+07
16731,7.95E+07
16732,8.23E+07
16733,7.86E+07
16734,9.09E+07
16735,9.34E+07
16736,8.00E+07
16737,7.74E+07
16738,8.38E+07
16739,7.47E+07
16740,6.20E+07
16741,3.65E+07
16742,3.75E+07
16743,3.13E+07
16744,3.47E+06
16745,1.47E+06
16746,1.60E+06
16747,7.18E+07
16748,6.04E+07
16749,6.09E+07
16750,4.81E+07
16751,6.20E+07
16752,7.61E+07
16753,5.33E+07
16754,4.83E+07
16755,5.84E+07
16756,6.28E+07
16757,5.38E+07
16758,5.28E+07
16759,4.75E+07
16760,8.55E+07
16761,7.76E+07
16762,7.00E+07
16763,6.63E+07
16764,5.81E+07
16765,7.41E+07
16766,5.29E+07
16767,6.47E+07
16768,5.77E+07
16769,4.49E+07
16770,6.67E+07
16771,6.58E+07
16772,5.57E+07
16773,4.37E+07
16774,3.56E+07
16775,7.94E+07
16776,7.96E+07
16777,7.26E+07
16778,7.69E+07
16779,7.50E+07
16780,7.57E+07
16781,7.44E+07
16782,1.54E+07
16783,7.88E+07
16784,7.29E+07
16785,5.40E+07
16786,6.58E+07
16787,6.10E+07
16788,5.33E+07
16789,6.91E+07
16790,5.66E+07
16791,4.89E+07
16792,5.85E+07
16793,5.36E+07
16794,6.90E+07
16795,6.56E+07
16796,5.25E+07
16797,5.55E+07
16798,5.51E+07
16799,4.46E+07
16800,5.69E+07
16801,4.66E+07
16802,9.04E+07
16803,7.66E+07
16804,7.66E+07
16805,7.95E+07
16806,8.26E+07
16807,8.33E+07
16808,4.39E+07
16809,4.61E+07
16810,4.50E+07
16811,7.29E+07
16812,6.97E+07
16813,6.08E+07
16814,5.96E+07
16815,6.08E+07
16816,6.68E+07
16817,6.07E+07
16818,6.33E+07
16819,7.38E+07
16820,8.32E+07
16821,8.19E+07
16822,7.06E+07
16823,8.59E+07
16824,4.50E+07
16825,4.71E+07
16826,4.26E+07
16827,6.09E+07
16828,5.89E+07
16829,4.35E+07
16830,9.93E+07
16831,5.11E+07
16832,6.07E+07
16833,6.25E+07
16834,6.34E+07
16835,6.28E+07
16836,3.15E+07
16837,3.30E+07
16838,2.97E+07
16839,7.71E+07
16840,8.09E+07
16841,6.87E+07
16842,6.36E+07
16843,7.11E+07
16844,6.96E+07
16845,6.22E+07
16846,6.08E+07
16847,2.10E+06
16848,2.18E+06
16849,4.64E+07
16850,5.45E+07
16851,5.29E+07
16852,4.72E+07
16853,9.08E+07
16854,7.76E+07
16855,8.03E+07
16856,5.20E+07
16857,4.30E+07
16858,6.74E+07
16859,5.51E+07
16860,6.72E+07
16861,6.39E+07
16862,5.79E+07
16863,8.03E+07
16864,8.01E+07
16865,8.26E+07
16866,7.46E+07
16867,8.03E+07
16868,7.15E+07
16869,5.42E+06
16870,5.36E+06
16871,1.12E+08
16872,5.26E+07
16873,5.64E+07
16874,7.74E+07
16875,7.91E+07
16876,7.84E+07
16877,8.01E+07
16878,8.15E+07
16879,5.86E+07
16880,6.00E+07
16881,6.93E+07
16882,5.46E+07
16883,5.58E+07
16884,4.83E+07
16885,4.25E+07
16886,4.38E+07
16887,4.09E+07
16888,4.74E+07
16889,4.81E+07
16890,7.80E+07
16891,8.49E+07
16892,8.17E+07
16893,7.46E+07
16894,6.77E+07
16895,6.94E+07
16896,6.21E+07
16897,6.70E+07
16898,8.58E+07
16899,4.09E+07
16900,4.58E+07
16901,3.97E+07
16902,4.65E+07
16903,4.59E+07
16904,5.24E+07
16905,7.50E+07
16906,6.78E+07
16907,6.55E+07
16908,1.25E+07
16909,1.04E+07
16910,5.43E+06
16911,1.16E+06
16912,1.44E+06
16913,1.59E+06
16914,1.39E+06
16915,9.84E+06
16916,9.83E+06
16917,7.49E+06
16918,4.63E+06
16919,4.86E+06
16920,1.04E+08
16921,5.31E+07
16922,4.60E+07
16923,4.70E+07
16924,7.91E+07
16925,8.92E+07
16926,7.83E+07
16927,8.47E+07
16928,8.60E+07
16929,7.44E+07
16930,6.85E+07
16931,7.65E+07
16932,7.30E+07
16933,7.54E+07
16934,8.69E+07
16935,9.46E+07
16936,5.94E+07
16937,6.40E+07
16938,5.71E+07
16939,4.98E+07
16940,6.96E+07
16941,5.91E+07
16942,5.77E+07
16943,6.46E+07
16944,6.59E+07
16945,7.97E+07
16946,8.19E+07
16947,4.11E+07
16948,4.68E+07
16949,5.41E+07
16950,5.38E+07
16951,6.84E+07
16952,6.74E+07
16953,6.95E+07
16954,8.03E+07
16955,8.11E+07
16956,6.33E+07
16957,5.79E+07
16958,9.98E+07
16959,5.46E+07
16960,4.81E+07
16961,5.51E+07
16962,8.27E+07
16963,8.35E+07
16964,5.42E+07
16965,3.34E+07
16966,6.04E+07
16967,7.31E+07
16968,6.50E+07
16969,6.56E+07
16970,5.89E+07
16971,5.33E+07
16972,7.00E+07
16973,3.68E+07
16974,4.54E+07
16975,6.07E+07
16976,5.92E+07
16977,5.28E+07
16978,4.15E+07
16979,5.49E+07
16980,6.24E+07
16981,6.22E+07
16982,6.18E+07
16983,7.91E+07
16984,8.09E+07
16985,5.08E+06
16986,5.27E+06
16987,6.57E+07
16988,7.09E+07
16989,6.96E+07
16990,6.72E+07
16991,4.88E+07
16992,4.47E+07
16993,5.18E+07
16994,5.13E+07
16995,4.89E+07
16996,2.93E+06
16997,2.66E+06
16998,7.11E+07
16999,6.77E+07
17000,2.08E+07
17001,2.24E+07
17002,5.88E+07
17003,4.26E+07
17004,6.26E+07
17005,4.44E+07
17006,5.86E+07
17007,5.65E+07
17008,4.25E+07
17009,5.69E+07
17010,4.51E+07
17011,1.55E+07
17012,6.29E+07
17013,5.72E+07
17014,6.20E+07
17015,8.32E+07
17016,7.95E+07
17017,7.76E+07
17018,8.97E+07
17019,8.92E+07
17020,4.47E+07
17021,4.78E+07
17022,4.32E+07
17023,4.83E+07
17024,7.72E+07
17025,7.05E+07
17026,7.38E+07
17027,4.26E+07
17028,4.32E+07
17029,4.50E+07
17030,7.13E+07
17031,7.04E+07
17032,6.69E+07
17033,4.47E+07
17034,4.15E+07
17035,5.06E+07
17036,3.99E+07
17037,4.79E+07
17038,4.21E+07
17039,5.62E+07
17040,5.94E+07
17041,5.66E+07
17042,7.59E+07
17043,7.93E+07
17044,7.97E+07
17045,2.92E+07
17046,3.23E+07
17047,3.10E+07
17048,3.07E+07
17049,2.68E+07
17050,2.89E+07
17051,3.01E+07
17052,2.94E+07
17053,3.21E+07
17054,4.38E+07
17055,5.04E+07
17056,4.49E+07
17057,4.65E+07
17058,5.04E+07
17059,4.55E+07
17060,3.67E+07
17061,2.88E+07
17062,3.79E+07
17063,3.11E+07
17064,5.40E+07
17065,4.60E+07
17066,3.08E+07
17067,3.53E+07
17068,3.45E+07
17069,4.47E+07
17070,3.99E+07
17071,3.31E+07
17072,4.15E+07
17073,2.64E+07
17074,2.82E+07
17075,2.83E+07
17076,2.99E+07
17077,3.73E+07
17078,2.98E+07
17079,3.43E+07
17080,4.41E+07
17081,2.59E+07
17082,2.58E+07
17083,2.71E+07
17084,2.29E+07
17085,3.01E+07
17086,3.62E+07
17087,3.31E+07
17088,3.10E+07
17089,5.82E+07
17090,5.55E+07
17091,3.65E+07
17092,3.91E+07
17093,4.33E+07
17094,4.95E+07
17095,5.13E+07
17096,3.56E+07
17097,4.54E+07
17098,4.62E+07
17099,4.17E+07
17100,4.30E+07
17101,2.82E+07
17102,2.88E+07
17103,2.63E+07
17104,3.02E+07
17105,2.49E+07
17106,2.32E+07
17107,3.05E+07
17108,3.32E+07
17109,3.06E+07
17110,3.10E+07
17111,2.69E+07
17112,2.88E+07
17113,3.06E+07
17114,3.59E+07
17115,2.81E+07
17116,2.94E+07
17117,3.03E+07
17118,3.03E+07
17119,4.48E+07
17120,5.11E+07
17121,4.60E+07
17122,4.08E+07
17123,5.10E+07
17124,3.52E+07
17125,5.33E+07
17126,4.15E+07
17127,3.87E+07
17128,3.33E+07
17129,5.01E+07
17130,4.92E+07
17131,4.13E+07
17132,5.56E+07
17133,3.41E+07
17134,4.29E+07
17135,3.05E+07
17136,2.52E+07
17137,3.86E+07
17138,2.86E+07
17139,3.26E+07
17140,2.92E+07
17141,3.12E+07
17142,4.43E+07
17143,2.61E+07
17144,2.61E+07
17145,3.18E+07
17146,3.48E+07
17147,3.07E+07
17148,3.99E+07
17149,5.81E+07
17150,4.91E+07
17151,4.74E+07
17152,5.17E+07
17153,5.33E+07
17154,3.97E+07
17155,4.48E+07
17156,2.93E+07
17157,2.87E+07
17158,3.26E+07
17159,4.52E+07
17160,2.85E+07
17161,3.54E+07
17162,3.69E+07
17163,3.04E+07
17164,2.90E+07
17165,2.29E+07
17166,2.61E+07
17167,2.62E+07
17168,2.79E+07
17169,3.14E+07
17170,2.57E+07
17171,2.44E+07
17172,2.16E+07
17173,2.13E+07
17174,4.90E+07
17175,5.39E+07
17176,3.85E+07
17177,4.74E+07
17178,4.07E+07
17179,4.93E+07
17180,4.93E+07
17181,4.66E+07
17182,4.02E+07
17183,2.44E+07
17184,3.49E+07
17185,4.70E+07
17186,4.51E+07
17187,2.60E+07
17188,3.64E+07
17189,3.65E+07
17190,4.76E+07
17191,5.14E+07
17192,5.47E+07
17193,4.75E+07
17194,4.79E+07
17195,5.24E+07
17196,1.45E+07
17197,1.33E+07
17198,1.23E+07
17199,1.07E+07
17200,9.40E+06
17201,1.64E+07
17202,2.67E+07
17203,1.42E+07
17204,1.93E+07
17205,1.93E+07
17206,2.59E+07
17207,2.60E+07
17208,3.51E+07
17209,3.29E+07
17210,4.06E+07
17211,4.01E+07
17212,1.86E+07
17213,1.45E+07
17214,1.51E+07
17215,2.17E+07
17216,2.12E+07
17217,2.68E+07
17218,3.39E+07
17219,2.17E+07
17220,2.82E+07
17221,4.81E+07
17222,5.39E+07
17223,3.85E+07
17224,4.73E+07
17225,4.07E+07
17226,4.98E+07
17227,4.97E+07
17228,4.40E+07
17229,4.35E+07
17230,2.32E+07
17231,3.41E+07
17232,4.44E+07
17233,4.49E+07
17234,3.93E+07
17235,3.36E+07
17236,4.78E+07
17237,5.22E+07
17238,4.40E+07
17239,4.52E+07
17240,5.49E+07
17241,1.44E+07
17242,1.43E+07
17243,1.24E+07
17244,9.15E+06
17245,1.54E+07
17246,1.64E+07
17247,2.68E+07
17248,1.82E+07
17249,2.15E+07
17250,1.10E+07
17251,2.98E+07
17252,1.13E+07
17253,2.46E+07
17254,3.50E+07
17255,4.37E+07
17256,3.27E+07
17257,3.71E+07
17258,3.76E+07
17259,3.79E+07
17260,1.64E+07
17261,2.20E+07
17262,2.05E+07
17263,2.66E+07
17264,2.37E+07
17265,3.20E+07
17266,3.11E+07
17267,1.65E+07
17268,2.30E+07
17269,2.42E+07
17270,2.10E+07
17271,1.58E+07
17272,3.23E+07
17273,2.60E+07
17274,2.49E+07
17275,2.83E+07
17276,2.71E+07
17277,4.10E+07
17278,4.39E+07
17279,5.02E+07
17280,4.35E+07
17281,3.10E+07
17282,3.76E+07
17283,3.22E+07
17284,3.89E+07
17285,3.37E+07
17286,3.17E+07
17287,2.57E+07
17288,2.89E+07
17289,2.92E+07
17290,2.49E+07
17291,2.92E+07
17292,2.92E+07
17293,4.16E+07
17294,3.89E+07
17295,3.68E+07
17296,3.19E+07
17297,3.96E+07
17298,3.18E+07
17299,2.45E+07
17300,1.72E+07
17301,1.85E+07
17302,2.24E+07
17303,2.45E+07
17304,1.89E+07
17305,2.67E+07
17306,2.81E+07
17307,2.24E+07
17308,2.64E+07
17309,2.79E+07
17310,5.15E+07
17311,4.41E+07
17312,4.54E+07
17313,1.35E+07
17314,1.08E+07
17315,1.44E+07
17316,1.45E+07
17317,4.96E+06
17318,1.58E+07
17319,7.38E+06
17320,1.51E+07
17321,8.37E+06
17322,2.36E+07
17323,3.37E+07
17324,4.44E+07
17325,3.54E+07
17326,2.69E+07
17327,4.77E+07
17328,4.82E+07
17329,4.42E+07
17330,3.45E+07
17331,2.67E+07
17332,3.09E+07
17333,2.12E+07
17334,1.51E+07
17335,2.91E+07
17336,4.69E+07
17337,2.76E+07
17338,4.39E+07
17339,4.49E+07
17340,2.82E+07
17341,1.28E+07
17342,6.53E+06
17343,4.58E+06
17344,1.38E+07
17345,1.16E+07
17346,1.10E+07
17347,9.57E+06
17348,2.37E+07
17349,9.98E+06
17350,2.05E+07
17351,8.68E+06
17352,3.78E+07
17353,3.43E+07
17354,1.90E+07
17355,3.50E+07
17356,2.88E+07
17357,1.98E+07
17358,5.26E+07
17359,5.32E+07
17360,4.98E+07
17361,4.39E+07
17362,5.85E+07
17363,5.73E+07
17364,2.34E+07
17365,3.35E+07
17366,3.60E+07
17367,3.16E+07
17368,2.92E+07
17369,2.42E+07
17370,1.29E+07
17371,1.77E+07
17372,2.11E+07
17373,1.29E+07
17374,2.97E+07
17375,1.22E+07
17376,3.48E+07
17377,4.11E+07
17378,4.02E+07
17379,3.90E+07
17380,1.92E+07
17381,3.33E+07
17382,3.41E+07
17383,1.59E+07
17384,2.55E+07
17385,3.79E+07
17386,3.68E+07
17387,3.56E+07
17388,3.01E+07
17389,4.08E+07
17390,4.35E+07
17391,4.38E+07
17392,4.50E+07
17393,4.22E+07
17394,4.08E+07
17395,3.26E+07
17396,3.55E+07
17397,2.99E+07
17398,3.18E+07
17399,3.39E+07
17400,3.80E+07
17401,4.17E+07
17402,3.03E+07
17403,3.98E+07
17404,4.04E+07
17405,4.23E+07
17406,3.69E+07
17407,2.37E+07
17408,1.94E+07
17409,2.89E+07
17410,2.69E+07
17411,2.76E+07
17412,3.71E+07
17413,2.89E+07
17414,4.26E+07
17415,3.30E+07
17416,3.34E+07
17417,3.11E+07
17418,4.97E+06
17419,2.59E+07
17420,1.26E+07
17421,2.36E+07
17422,9.68E+06
17423,1.99E+07
17424,2.07E+07
17425,1.25E+07
17426,1.03E+07
17427,3.60E+07
17428,2.95E+07
17429,1.14E+07
17430,7.48E+06
17431,2.52E+07
17432,3.08E+07
17433,1.96E+07
17434,3.67E+07
17435,1.95E+07
17436,1.07E+07
17437,2.28E+07
17438,7.00E+06
17439,1.37E+07
17440,3.76E+07
17441,4.43E+06
17442,2.34E+07
17443,3.12E+07
17444,4.08E+07
17445,3.91E+07
17446,3.15E+07
17447,4.22E+07
17448,1.97E+07
17449,2.98E+07
17450,3.10E+07
17451,2.42E+07
17452,3.65E+07
17453,4.08E+07
17454,3.62E+07
17455,3.71E+07
17456,3.02E+07
17457,3.24E+07
17458,2.26E+07
17459,2.34E+07
17460,2.27E+07
17461,3.50E+07
17462,3.36E+07
17463,3.25E+07
17464,2.21E+07
17465,2.20E+07
17466,1.35E+07
17467,2.00E+07
17468,9.77E+06
17469,1.85E+07
17470,2.55E+07
17471,8.70E+06
17472,1.51E+07
17473,3.30E+07
17474,2.52E+07
17475,3.96E+07
17476,3.75E+07
17477,1.08E+07
17478,3.85E+07
17479,3.23E+07
17480,2.82E+07
17481,2.02E+07
17482,2.58E+07
17483,1.74E+07
17484,1.46E+07
17485,2.34E+07
17486,3.56E+07
17487,3.22E+07
17488,2.37E+07
17489,3.19E+07
17490,4.01E+07
17491,4.34E+07
17492,4.25E+07
17493,3.40E+07
17494,2.73E+07
17495,3.40E+07
17496,2.89E+07
17497,2.47E+07
17498,2.84E+07
17499,3.12E+07
17500,2.60E+07
17501,1.97E+07
17502,2.96E+07
17503,3.62E+07
17504,2.49E+07
17505,3.25E+07
17506,4.46E+07
17507,2.84E+07
17508,9.00E+06
17509,8.22E+06
17510,1.85E+07
17511,1.45E+07
17512,6.67E+06
17513,1.02E+07
17514,7.70E+06
17515,1.81E+07
17516,5.27E+06
17517,2.76E+07
17518,1.08E+07
17519,1.47E+07
17520,4.34E+07
17521,4.30E+07
17522,3.81E+07
17523,4.34E+07
17524,3.34E+07
17525,3.07E+07
17526,2.90E+07
17527,3.18E+07
17528,3.61E+07
17529,3.86E+07
17530,3.33E+07
17531,3.63E+07
17532,3.14E+07
17533,4.44E+07
17534,4.38E+07
17535,4.48E+07
17536,3.80E+07
17537,3.12E+07
17538,3.60E+07
17539,3.32E+07
17540,3.85E+07
17541,3.78E+07
17542,4.06E+07
17543,3.78E+07
17544,3.48E+07
17545,3.48E+07
17546,4.12E+07
17547,4.19E+07
17548,2.74E+07
17549,2.58E+07
17550,2.17E+07
17551,1.97E+07
17552,2.83E+07
17553,3.93E+07
17554,3.10E+07
17555,3.97E+07
17556,3.75E+07
17557,4.36E+07
17558,3.95E+07
17559,3.03E+07
17560,2.15E+07
17561,3.00E+07
17562,8.94E+06
17563,2.16E+07
17564,1.34E+07
17565,2.14E+07
17566,1.42E+07
17567,3.20E+07
17568,1.54E+07
17569,7.15E+06
17570,1.23E+07
17571,1.18E+07
17572,4.26E+07
17573,4.39E+07
17574,4.40E+07
17575,4.49E+07
17576,3.20E+07
17577,3.67E+07
17578,3.96E+07
17579,3.68E+07
17580,4.00E+07
17581,3.55E+07
17582,3.18E+07
17583,3.10E+07
17584,3.75E+07
17585,3.49E+07
17586,4.18E+07
17587,2.71E+07
17588,7.69E+06
17589,2.11E+07
17590,7.79E+06
17591,1.02E+07
17592,1.18E+07
17593,1.60E+07
17594,9.01E+06
17595,1.26E+07
17596,1.16E+07
17597,1.25E+07
17598,1.24E+07
17599,2.01E+07
17600,2.14E+07
17601,2.80E+07
17602,2.92E+07
17603,6.81E+06
17604,1.38E+07
17605,1.33E+07
17606,9.54E+06
17607,6.18E+06
17608,1.97E+07
17609,1.31E+07
17610,1.35E+07
17611,7.61E+06
17612,2.77E+07
17613,2.16E+07
17614,9.32E+06
17615,2.37E+07
17616,1.51E+07
17617,2.90E+07
17618,2.73E+07
17619,2.77E+07
17620,2.94E+07
17621,1.46E+07
17622,7.67E+06
17623,3.92E+07
17624,4.11E+07
17625,3.52E+07
17626,2.97E+07
17627,3.05E+07
17628,1.76E+07
17629,2.44E+07
17630,2.52E+07
17631,3.03E+07
17632,2.84E+07
17633,2.36E+07
17634,2.98E+07
17635,1.33E+07
17636,1.47E+07
17637,2.88E+07
17638,1.79E+07
17639,1.53E+07
17640,1.70E+07
17641,1.26E+07
17642,1.89E+07
17643,8.06E+06
17644,1.14E+07
17645,2.47E+07
17646,2.41E+07
17647,1.01E+07
17648,1.35E+07
17649,8.31E+06
17650,1.70E+07
17651,1.80E+07
17652,1.80E+07
17653,1.96E+07
17654,1.59E+07
17655,2.03E+07
17656,1.41E+07
17657,1.05E+07
17658,6.89E+06
17659,9.92E+06
17660,7.17E+06
17661,6.56E+06
17662,4.43E+07
17663,4.42E+07
17664,4.18E+07
17665,4.45E+07
17666,3.19E+07
17667,3.66E+07
17668,3.13E+07
17669,2.57E+07
17670,3.13E+07
17671,4.23E+07
17672,3.07E+07
17673,4.38E+07
17674,3.64E+07
17675,3.49E+07
17676,3.89E+07
17677,1.41E+07
17678,2.20E+07
17679,7.43E+06
17680,1.78E+07
17681,2.32E+07
17682,1.28E+07
17683,2.82E+07
17684,2.60E+07
17685,2.62E+07
17686,2.56E+07
17687,1.61E+07
17688,2.83E+07
17689,2.42E+07
17690,1.84E+07
17691,1.49E+07
17692,1.88E+07
17693,7.74E+06
17694,2.28E+07
17695,1.40E+07
17696,9.15E+06
17697,4.12E+06
17698,2.13E+07
17699,1.71E+07
17700,1.34E+07
17701,2.09E+07
17702,4.56E+07
17703,4.46E+07
17704,4.49E+07
17705,4.12E+07
17706,3.84E+07
17707,3.95E+07
17708,4.19E+07
17709,3.58E+07
17710,3.52E+07
17711,3.46E+07
17712,3.62E+07
17713,4.20E+07
17714,4.63E+07
17715,4.48E+07
17716,3.71E+07
17717,4.15E+07
17718,3.34E+07
17719,2.94E+07
17720,1.43E+07
17721,2.14E+07
17722,2.38E+07
17723,2.45E+07
17724,1.35E+07
17725,1.46E+07
17726,1.16E+07
17727,3.48E+07
17728,3.27E+07
17729,2.63E+07
17730,2.64E+07
17731,1.14E+07
17732,8.63E+06
17733,1.10E+07
17734,1.45E+07
17735,1.08E+07
17736,9.76E+06
17737,1.66E+07
17738,9.72E+06
17739,1.43E+07
17740,2.15E+07
17741,1.18E+07
17742,2.03E+07
17743,4.41E+07
17744,4.26E+07
17745,3.77E+07
17746,4.25E+07
17747,3.38E+07
17748,3.52E+07
17749,2.91E+07
17750,3.17E+07
17751,3.78E+07
17752,4.66E+07
17753,3.05E+07
17754,4.12E+07
17755,4.10E+07
17756,3.85E+07
17757,4.36E+07
17758,4.43E+07
17759,4.08E+07
17760,2.75E+07
17761,3.46E+07
17762,2.72E+07
17763,4.51E+07
17764,3.57E+07
17765,2.57E+07
17766,2.71E+07
17767,3.80E+07
17768,3.62E+07
17769,3.48E+07
17770,3.73E+07
17771,1.57E+07
17772,3.41E+07
17773,2.51E+07
17774,2.92E+07
17775,1.59E+07
17776,1.55E+07
17777,1.66E+07
17778,2.03E+07
17779,2.71E+07
17780,2.10E+07
17781,3.63E+07
17782,3.75E+07
17783,3.36E+07
17784,2.64E+07
17785,3.20E+07
17786,3.25E+07
17787,1.09E+07
17788,2.58E+07
17789,2.53E+07
17790,8.23E+06
17791,1.39E+07
17792,2.35E+07
17793,2.80E+07
17794,3.32E+07
17795,3.64E+07
17796,3.79E+07
17797,4.16E+07
17798,2.75E+07
17799,3.28E+07
17800,3.40E+07
17801,2.11E+07
17802,1.34E+07
17803,1.43E+07
17804,2.64E+07
17805,2.22E+07
17806,2.63E+07
17807,3.29E+07
17808,4.08E+07
17809,1.73E+07
17810,1.89E+07
17811,2.89E+07
17812,2.59E+07
17813,2.54E+07
17814,3.48E+07
17815,6.94E+06
17816,7.34E+06
17817,2.31E+07
17818,1.53E+07
17819,1.73E+07
17820,2.95E+07
17821,3.03E+07
17822,3.62E+07
17823,1.67E+07
17824,1.53E+07
17825,1.77E+07
17826,1.91E+07
17827,4.66E+06
17828,6.90E+06
17829,2.50E+07
17830,1.01E+07
17831,2.11E+07
17832,2.36E+07
17833,1.34E+07
17834,1.03E+07
17835,1.86E+07
17836,4.95E+06
17837,1.69E+07
17838,6.90E+06
17839,2.26E+07
17840,2.50E+07
17841,6.65E+06
17842,2.21E+07
17843,1.40E+07
17844,2.41E+07
17845,2.31E+07
17846,7.66E+06
17847,2.39E+07
17848,2.74E+07
17849,3.43E+07
17850,2.20E+07
17851,3.02E+07
17852,3.20E+07
17853,2.49E+07
17854,2.34E+07
17855,2.87E+07
17856,3.38E+07
17857,2.50E+07
17858,1.90E+07
17859,2.71E+07
17860,2.94E+07
17861,4.17E+07
17862,4.10E+07
17863,2.86E+07
17864,3.65E+07
17865,3.61E+07
17866,3.04E+07
17867,3.95E+07
17868,3.20E+07
17869,3.61E+07
17870,3.96E+07
17871,2.95E+07
17872,1.77E+07
17873,1.10E+07
17874,2.47E+07
17875,9.00E+06
17876,9.72E+06
17877,1.51E+07
17878,1.06E+07
17879,9.86E+06
17880,1.49E+07
17881,2.11E+07
17882,2.01E+07
17883,2.75E+07
17884,6.08E+06
17885,9.18E+06
17886,2.55E+07
17887,9.65E+06
17888,2.36E+07
17889,3.03E+07
17890,1.24E+07
17891,2.64E+07
17892,3.00E+07
17893,2.01E+07
17894,2.72E+07
17895,2.94E+07
17896,1.86E+07
17897,1.62E+07
17898,1.57E+07
17899,1.58E+07
17900,1.26E+07
17901,8.96E+06
17902,1.84E+07
17903,1.01E+07
17904,6.94E+06
17905,8.68E+06
17906,1.94E+07
17907,6.85E+06
17908,1.11E+07
17909,1.95E+07
17910,8.99E+06
17911,1.88E+07
17912,2.91E+07
17913,3.50E+07
17914,1.31E+07
17915,1.25E+07
17916,2.25E+07
17917,2.26E+07
17918,1.43E+07
17919,3.30E+07
17920,2.32E+07
17921,2.99E+07
17922,7.31E+07
17923,7.37E+07
17924,7.52E+07
17925,7.34E+07
17926,6.97E+07
17927,6.11E+07
17928,5.32E+07
17929,6.41E+07
17930,4.70E+07
17931,6.18E+07
17932,6.02E+07
17933,5.08E+07
17934,6.27E+07
17935,5.03E+07
17936,5.79E+07
17937,2.71E+07
17938,4.77E+07
17939,3.53E+07
17940,4.67E+07
17941,3.57E+07
17942,3.68E+07
17943,3.44E+07
17944,3.95E+07
17945,2.89E+07
17946,2.16E+07
17947,2.59E+07
17948,2.80E+07
17949,2.18E+07
17950,1.80E+07
17951,3.03E+07
17952,2.98E+07
17953,2.98E+07
17954,2.66E+07
17955,2.94E+07
17956,3.20E+07
17957,2.72E+07
17958,1.18E+07
17959,2.19E+07
17960,2.15E+07
17961,2.00E+07
17962,2.25E+07
17963,1.67E+07
17964,1.20E+07
17965,1.81E+07
17966,1.90E+07
17967,1.67E+07
17968,1.46E+07
17969,1.92E+07
17970,1.99E+07
17971,2.88E+07
17972,1.57E+07
17973,1.71E+07
17974,2.81E+07
17975,2.75E+07
17976,2.19E+07
17977,2.07E+07
17978,2.04E+07
17979,2.53E+07
17980,2.17E+07
17981,2.42E+07
17982,1.65E+07
17983,4.92E+07
17984,3.74E+07
17985,4.12E+07
17986,4.10E+07
17987,4.74E+07
17988,5.41E+07
17989,3.43E+07
17990,4.00E+07
17991,3.42E+07
17992,1.33E+07
17993,1.77E+06
17994,1.40E+07
17995,1.01E+07
17996,3.47E+07
17997,3.70E+07
17998,3.81E+07
17999,3.87E+07
18000,3.58E+07
18001,3.91E+07
18002,1.12E+07
18003,1.10E+07
18004,2.02E+07
18005,1.75E+07
18006,2.09E+07
18007,2.50E+07
18008,1.59E+07
18009,2.50E+07
18010,2.44E+07
18011,2.52E+07
18012,1.98E+07
18013,1.51E+07
18014,2.69E+07
18015,2.51E+07
18016,2.37E+07
18017,2.62E+07
18018,2.99E+07
18019,2.00E+07
18020,4.70E+07
18021,2.73E+07
18022,4.73E+07
18023,2.56E+07
18024,3.66E+07
18025,3.44E+07
18026,3.95E+07
18027,4.41E+07
18028,3.83E+07
18029,4.92E+07
18030,4.92E+07
18031,4.92E+07
18032,5.20E+07
18033,4.87E+07
18034,4.58E+07
18035,4.51E+07
18036,3.20E+07
18037,3.39E+07
18038,3.44E+07
18039,3.40E+07
18040,6.47E+07
18041,6.35E+07
18042,6.75E+07
18043,5.96E+07
18044,5.13E+07
18045,4.33E+07
18046,4.34E+07
18047,4.34E+07
18048,6.27E+07
18049,9.35E+06
18050,1.51E+07
18051,1.57E+07
18052,1.79E+07
18053,3.48E+06
18054,9.04E+06
18055,6.08E+07
18056,5.04E+07
18057,5.34E+07
18058,5.21E+07
18059,6.18E+07
18060,5.13E+07
18061,5.24E+07
18062,5.19E+07
18063,5.95E+07
18064,6.33E+07
18065,5.23E+07
18066,6.03E+07
18067,4.14E+07
18068,4.64E+07
18069,4.23E+07
18070,4.32E+07
18071,5.58E+07
18072,4.31E+07
18073,4.63E+07
18074,5.36E+07
18075,4.57E+07
18076,4.34E+07
18077,6.97E+07
18078,6.46E+07
18079,5.81E+07
18080,5.28E+07
18081,6.06E+07
18082,6.43E+07
18083,4.50E+07
18084,3.77E+07
18085,5.41E+07
18086,5.51E+07
18087,4.36E+07
18088,5.64E+07
18089,4.63E+07
18090,4.33E+07
18091,3.41E+07
18092,4.10E+07
18093,5.83E+07
18094,5.74E+07
18095,4.79E+07
18096,4.27E+07
18097,4.57E+07
18098,3.17E+07
18099,4.17E+07
18100,4.21E+07
18101,3.38E+07
18102,4.29E+07
18103,3.75E+07
18104,1.66E+07
18105,1.28E+07
18106,2.44E+07
18107,1.79E+07
18108,2.22E+07
18109,2.19E+07
18110,4.11E+07
18111,3.54E+07
18112,2.61E+07
18113,3.89E+07
18114,3.56E+07
18115,3.59E+07
18116,2.12E+07
18117,2.72E+07
18118,2.30E+07
18119,1.89E+07
18120,2.24E+07
18121,4.77E+07
18122,4.11E+07
18123,4.37E+07
18124,3.53E+07
18125,2.47E+07
18126,1.46E+07
18127,2.01E+07
18128,2.68E+07
18129,4.56E+07
18130,3.23E+07
18131,2.37E+07
18132,5.34E+07
18133,3.36E+07
18134,8.22E+06
18135,3.85E+07
18136,1.84E+07
18137,1.01E+07
18138,1.15E+07
18139,3.45E+07
18140,1.81E+07
18141,2.31E+07
18142,3.12E+07
18143,6.50E+07
18144,5.51E+07
18145,5.05E+07
18146,6.68E+07
18147,6.07E+07
18148,4.74E+07
18149,5.01E+07
18150,4.98E+07
18151,5.90E+07
18152,3.07E+07
18153,2.99E+07
18154,3.15E+07
18155,2.84E+07
18156,3.09E+07
18157,2.77E+07
18158,2.86E+07
18159,3.03E+07
18160,2.72E+07
18161,2.39E+07
18162,2.16E+07
18163,3.00E+07
18164,3.37E+07
18165,3.39E+07
18166,2.54E+07
18167,3.06E+07
18168,2.69E+07
18169,2.32E+07
18170,2.35E+07
18171,2.72E+07
18172,7.16E+07
18173,7.29E+07
18174,7.19E+07
18175,7.16E+07
18176,7.37E+07
18177,4.96E+07
18178,6.47E+07
18179,5.48E+07
18180,5.19E+07
18181,5.74E+07
18182,7.08E+06
18183,7.59E+06
18184,1.44E+07
18185,1.66E+07
18186,4.12E+06
18187,7.42E+06
18188,2.20E+07
18189,1.20E+07
18190,1.89E+07
18191,1.88E+07
18192,5.02E+06
18193,1.09E+07
18194,1.99E+07
18195,4.08E+07
18196,2.77E+07
18197,7.33E+06
18198,3.58E+07
18199,4.14E+07
18200,3.85E+07
18201,1.60E+07
18202,1.24E+07
18203,1.35E+07
18204,1.69E+07
18205,2.31E+07
18206,2.27E+07
18207,1.96E+07
18208,1.40E+06
18209,4.77E+06
18210,1.66E+06
18211,1.17E+07
18212,3.92E+06
18213,1.40E+07
18214,1.28E+07
18215,6.20E+06
18216,2.05E+07
18217,7.77E+06
18218,9.80E+06
18219,2.10E+07
18220,2.35E+07
18221,1.54E+07
18222,1.24E+07
18223,2.45E+07
18224,3.09E+07
18225,3.19E+07
18226,2.74E+07
18227,3.20E+07
18228,2.93E+07
18229,2.83E+07
18230,3.03E+07
18231,2.42E+07
18232,2.33E+07
18233,3.30E+07
18234,2.54E+07
18235,4.88E+07
18236,2.40E+07
18237,3.56E+07
18238,5.80E+07
18239,4.19E+07
18240,4.92E+07
18241,2.56E+07
18242,3.59E+07
18243,4.11E+07
18244,4.86E+07
18245,6.30E+07
18246,3.78E+07
18247,4.85E+07
18248,3.38E+07
18249,7.12E+07
18250,6.45E+07
18251,4.09E+07
18252,2.13E+07
18253,1.89E+07
18254,2.45E+07
18255,1.77E+07
18256,2.66E+07
18257,2.28E+07
18258,2.70E+07
18259,2.48E+07
18260,2.64E+07
18261,2.59E+07
18262,2.42E+07
18263,2.45E+07
18264,1.72E+07
18265,2.57E+07
18266,2.59E+07
18267,1.87E+07
18268,7.44E+07
18269,7.36E+07
18270,8.21E+07
18271,7.58E+07
18272,7.59E+07
18273,7.84E+07
18274,5.32E+07
18275,6.21E+07
18276,1.16E+07
18277,7.88E+06
18278,1.21E+07
18279,2.43E+07
18280,1.37E+07
18281,2.24E+07
18282,6.39E+06
18283,2.33E+07
18284,1.16E+07
18285,2.11E+07
18286,2.18E+07
18287,3.25E+07
18288,2.73E+07
18289,2.30E+07
18290,2.31E+07
18291,2.35E+07
18292,2.93E+07
18293,2.82E+07
18294,2.44E+07
18295,2.32E+07
18296,2.40E+07
18297,6.46E+07
18298,6.31E+07
18299,5.00E+07
18300,4.96E+07
18301,4.55E+07
18302,4.61E+07
18303,6.18E+07
18304,3.72E+07
18305,3.67E+07
18306,1.66E+07
18307,2.67E+07
18308,1.84E+07
18309,2.60E+07
18310,3.22E+07
18311,4.31E+07
18312,3.82E+07
18313,3.56E+07
18314,2.96E+07
18315,1.26E+07
18316,4.91E+06
18317,1.29E+07
18318,5.78E+07
18319,6.11E+07
18320,5.44E+07
18321,7.00E+07
18322,5.72E+07
18323,5.97E+07
18324,6.24E+07
18325,5.83E+07
18326,6.87E+07
18327,6.89E+07
18328,5.55E+07
18329,6.35E+07
18330,4.64E+07
18331,4.05E+07
18332,4.45E+07
18333,3.77E+07
18334,3.71E+07
18335,3.73E+07
18336,3.86E+07
18337,3.60E+07
18338,3.92E+07
18339,3.64E+07
18340,4.11E+07
18341,3.83E+07
18342,6.76E+07
18343,7.04E+07
18344,5.25E+07
18345,5.53E+07
18346,5.76E+07
18347,5.15E+07
18348,4.65E+07
18349,2.79E+07
18350,1.31E+07
18351,2.31E+07
18352,1.73E+07
18353,1.47E+07
18354,2.21E+07
18355,2.09E+07
18356,2.44E+06
18357,1.11E+07
18358,3.06E+06
18359,1.30E+07
18360,6.57E+06
18361,2.38E+07
18362,2.19E+06
18363,4.85E+07
18364,6.02E+07
18365,5.36E+07
18366,5.22E+07
18367,5.77E+07
18368,7.25E+07
18369,6.80E+07
18370,6.06E+07
18371,7.01E+07
18372,7.17E+07
18373,6.58E+07
18374,3.82E+07
18375,3.84E+07
18376,3.35E+07
18377,3.39E+07
18378,3.70E+07
18379,4.06E+07
18380,3.27E+07
18381,3.82E+07
18382,4.06E+07
18383,3.56E+07
18384,2.23E+07
18385,2.89E+07
18386,1.84E+07
18387,1.55E+07
18388,2.69E+07
18389,2.34E+07
18390,2.60E+07
18391,2.38E+07
18392,1.85E+07
18393,2.33E+07
18394,1.88E+07
18395,4.78E+07
18396,5.80E+07
18397,4.72E+07
18398,4.86E+07
18399,3.31E+07
18400,4.48E+07
18401,5.92E+07
18402,4.81E+07
18403,5.60E+07
18404,4.09E+07
18405,2.56E+06
18406,4.70E+06
18407,1.44E+06
18408,3.99E+06
18409,5.20E+07
18410,6.27E+07
18411,6.19E+07
18412,5.12E+07
18413,5.15E+07
18414,6.38E+07
18415,5.16E+07
18416,5.25E+07
18417,4.88E+07
18418,6.44E+07
18419,5.66E+07
18420,9.92E+06
18421,1.70E+07
18422,1.06E+07
18423,1.56E+07
18424,1.24E+07
18425,1.50E+07
18426,1.64E+07
18427,6.58E+07
18428,7.13E+07
18429,7.40E+07
18430,4.93E+07
18431,7.13E+07
18432,7.47E+07
18433,5.37E+07
18434,6.77E+07
18435,6.91E+07
18436,5.40E+07
18437,8.86E+06
18438,1.34E+07
18439,6.61E+06
18440,1.23E+07
18441,9.27E+06
18442,1.32E+07
18443,6.93E+06
18444,1.43E+07
18445,9.33E+06
18446,6.49E+06
18447,1.16E+07
18448,3.41E+07
18449,1.04E+07
18450,1.30E+07
18451,2.02E+07
18452,2.32E+07
18453,2.22E+07
18454,4.15E+06
18455,3.61E+07
18456,2.74E+07
18457,4.57E+07
18458,3.10E+07
18459,4.46E+07
18460,3.31E+07
18461,3.23E+07
18462,2.42E+07
18463,2.48E+07
18464,3.97E+07
18465,3.70E+07
18466,4.10E+07
18467,3.92E+07
18468,3.74E+07
18469,2.80E+07
18470,2.60E+07
18471,4.17E+07
18472,3.16E+07
18473,4.55E+07
18474,3.91E+07
18475,4.08E+07
18476,4.88E+07
18477,6.44E+07
18478,4.53E+07
18479,1.16E+07
18480,1.48E+07
18481,1.01E+07
18482,1.60E+07
18483,1.92E+07
18484,1.62E+07
18485,4.37E+07
18486,5.75E+07
18487,5.54E+07
18488,3.41E+07
18489,5.13E+07
18490,5.75E+07
18491,5.15E+07
18492,6.10E+07
18493,5.10E+07
18494,2.44E+07
18495,8.04E+06
18496,7.14E+06
18497,2.29E+07
18498,1.66E+07
18499,4.96E+07
18500,6.02E+07
18501,4.86E+07
18502,6.06E+07
18503,5.47E+07
18504,5.32E+07
18505,4.49E+07
18506,5.16E+07
18507,4.47E+07
18508,4.53E+07
18509,4.32E+07
18510,4.24E+07
18511,4.78E+07
18512,2.28E+07
18513,1.97E+07
18514,2.77E+07
18515,2.37E+07
18516,2.81E+07
18517,2.72E+07
18518,2.11E+07
18519,2.84E+07
18520,3.71E+07
18521,3.53E+07
18522,3.61E+07
18523,3.63E+07
18524,3.18E+07
18525,3.43E+07
18526,3.86E+07
18527,3.44E+07
18528,3.36E+07
18529,3.62E+07
18530,3.25E+07
18531,4.25E+07
18532,3.71E+07
18533,3.82E+07
18534,3.97E+07
18535,3.95E+07
18536,3.93E+07
18537,3.71E+07
18538,5.31E+07
18539,5.47E+07
18540,6.77E+07
18541,5.35E+07
18542,6.25E+07
18543,5.78E+07
18544,6.91E+07
18545,6.21E+07
18546,5.81E+07
18547,6.62E+07
18548,6.93E+07
18549,5.40E+07
18550,3.06E+07
18551,3.26E+07
18552,3.20E+07
18553,2.83E+07
18554,2.93E+07
18555,3.10E+07
18556,3.08E+07
18557,3.33E+07
18558,3.42E+07
18559,3.18E+07
18560,3.01E+07
18561,3.36E+07
18562,3.02E+07
18563,3.84E+07
18564,5.66E+07
18565,4.82E+07
18566,5.08E+07
18567,5.41E+07
18568,5.43E+07
18569,2.81E+07
18570,4.99E+07
18571,2.85E+07
18572,3.36E+07
18573,4.20E+07
18574,3.67E+07
18575,9.14E+06
18576,2.79E+07
18577,2.83E+07
18578,1.99E+07
18579,6.62E+06
18580,1.92E+07
18581,2.31E+07
18582,1.41E+07
18583,1.47E+07
18584,1.49E+07
18585,2.26E+07
18586,1.10E+07
18587,2.82E+07
18588,2.82E+07
18589,2.04E+07
18590,1.83E+07
18591,1.96E+07
18592,2.37E+07
18593,2.42E+07
18594,2.49E+07
18595,2.57E+07
18596,2.00E+07
18597,3.05E+07
18598,2.50E+07
18599,1.74E+07
18600,2.67E+07
18601,2.72E+07
18602,2.82E+07
18603,2.96E+07
18604,5.30E+07
18605,5.15E+07
18606,5.51E+07
18607,2.62E+07
18608,2.90E+07
18609,4.21E+07
18610,3.28E+07
18611,5.85E+07
18612,6.10E+07
18613,5.34E+07
18614,6.52E+07
18615,4.23E+07
18616,3.42E+07
18617,4.27E+07
18618,4.60E+07
18619,4.36E+07
18620,3.22E+07
18621,3.06E+07
18622,3.46E+07
18623,2.91E+07
18624,3.22E+07
18625,3.22E+07
18626,3.73E+07
18627,3.80E+07
18628,4.64E+07
18629,42757
18630,97601
18631,6.0188
18632,9.741
18633,16.083
18634,6.5734
18635,60.099
18636,48.51
18637,77.697
18638,1.56E+06
18639,1.22E+06
18640,1.30E+07
18641,1.17E+07
18642,2.14E+07
18643,1.37E+07
18644,2.78E+07
18645,1.87E+07
18646,4.52E+05
18647,2.27E+05
18648,5.35E+05
18649,3.76E+07
18650,3.59E+07
18651,2.51E+07
18652,1.81E+07
18653,2.49E+07
18654,1.76E+07
18655,5.78E+06
18656,1.35E+07
18657,2.69E+07
18658,6.67E+07
18659,7.16E+07
18660,7.46E+07
18661,7.32E+07
18662,3.42E+07
18663,2.31E+07
18664,2.51E+07
18665,2.27E+07
18666,2.24E+07
18667,3.07E+07
18668,2.28E+07
18669,3.26E+07
18670,3.24E+07
18671,3.28E+07
18672,1.89E+07
18673,9.07E+06
18674,4.32E+07
18675,2.04E+06
18676,3.10E+07
18677,2.52E+07
18678,5.00E+06
18679,4.43E+07
18680,1.07E+07
18681,2.18E+07
18682,3.81E+07
18683,3.27E+07
18684,3.18E+07
18685,4.91E+07
18686,3.34E+07
18687,6.10E+07
18688,5.96E+07
18689,7.01E+07
18690,5.94E+07
18691,6.69E+07
18692,7.08E+07
18693,6.66E+07
18694,6.48E+07
18695,6.03E+07
18696,5.83E+07
18697,6.40E+07
18698,6.74E+07
18699,6.06E+07
18700,6.87E+07
18701,4.66E+07
18702,4.25E+07
18703,4.53E+07
18704,4.80E+07
18705,4.86E+07
18706,3.39E+07
18707,3.68E+07
18708,4.12E+07
18709,4.53E+07
18710,4.60E+07
18711,4.30E+07
18712,4.03E+07
18713,3.70E+07
18714,4.21E+07
18715,3.80E+07
18716,4.29E+07
18717,3.68E+07
18718,2.32E+07
18719,1.81E+07
18720,2.96E+07
18721,2.46E+07
18722,2.91E+07
18723,2.73E+07
18724,2.46E+07
18725,2.50E+07
18726,3.58E+07
18727,4.08E+07
18728,4.47E+07
18729,4.59E+07
18730,3.38E+07
18731,3.41E+07
18732,3.81E+07
18733,3.94E+07
18734,5.49E+07
18735,4.98E+07
18736,4.46E+07
18737,3.41E+07
18738,8.37E+06
18739,4.13E+07
18740,3.40E+07
18741,2.05E+07
18742,5.05E+07
18743,2.28E+07
18744,4.55E+07
18745,3.96E+07
18746,7.93E+07
18747,7.47E+07
18748,7.40E+07
18749,5.85E+07
18750,5.18E+07
18751,5.91E+07
18752,6.31E+07
18753,2.72E+07
18754,3.31E+07
18755,2.15E+07
18756,3.16E+07
18757,2.39E+07
18758,2.34E+07
18759,1.98E+07
18760,2.21E+07
18761,2.02E+07
18762,3.28E+07
18763,3.52E+07
18764,3.58E+07
18765,2.75E+07
18766,3.55E+07
18767,4.21E+07
18768,3.35E+07
18769,2.27E+07
18770,3.04E+07
18771,3.36E+07
18772,3.01E+07
18773,3.35E+07
18774,2.96E+07
18775,2.65E+07
18776,2.98E+07
18777,3.20E+07
18778,2.70E+07
18779,2.29E+07
18780,2.56E+07
18781,2.50E+07
18782,2.73E+07
18783,2.36E+07
18784,6.53E+07
18785,4.91E+07
18786,6.51E+07
18787,4.48E+07
18788,7.59E+07
18789,8.05E+07
18790,7.43E+07
18791,8.16E+07
18792,7.36E+07
18793,5.06E+07
18794,5.73E+07
18795,5.04E+07
18796,5.57E+07
18797,1.92E+07
18798,1.21E+07
18799,1.55E+07
18800,2.01E+07
18801,2.13E+07
18802,4.49E+07
18803,4.71E+07
18804,4.15E+07
18805,4.21E+07
18806,3.84E+07
18807,6.03E+07
18808,6.16E+07
18809,5.51E+07
18810,6.78E+07
18811,4.96E+07
18812,6.97E+07
18813,3.29E+07
18814,3.46E+07
18815,3.38E+07
18816,2.90E+07
18817,2.97E+07
18818,3.02E+07
18819,3.29E+07
18820,3.06E+07
18821,2.59E+07
18822,3.22E+07
18823,3.24E+07
18824,2.68E+07
18825,2.89E+07
18826,2.18E+06
18827,5.23E+07
18828,5.72E+07
18829,6.01E+07
18830,5.73E+07
18831,5.45E+07
18832,6.19E+07
18833,58.408
18834,33.753
18835,42.643
18836,73.137
18837,4.65E+07
18838,4.68E+07
18839,4.06E+07
18840,4.18E+07
18841,5.12E+07
18842,4.51E+07
18843,6.26E+06
18844,6.41E+06
18845,3.16E+06
18846,4.98E+07
18847,5.39E+07
18848,6.93E+07
18849,5.78E+07
18850,3.06E+07
18851,2.01E+07
18852,1.15E+07
18853,3.45E+07
18854,2.61E+07
18855,1.79E+07
18856,2.34E+07
18857,2.64E+07
18858,4.38E+07
18859,4.90E+07
18860,4.35E+07
18861,4.88E+07
18862,4.91E+07
18863,5.63E+07
18864,4.72E+07
18865,5.73E+07
18866,4.63E+07
18867,4.43E+07
18868,4.72E+07
18869,6.04E+07
18870,2.86E+07
18871,9.18E+06
18872,1.37E+07
18873,1.77E+07
18874,1.92E+07
18875,2.26E+07
18876,3.17E+07
18877,2.97E+07
18878,2.87E+07
18879,1.94E+07
18880,5.19E+07
18881,4.58E+07
18882,3.71E+07
18883,3.50E+07
18884,3.01E+07
18885,3.42E+07
18886,3.32E+07
18887,3.02E+07
18888,1.35E+07
18889,5.52E+06
18890,1.90E+06
18891,4.76E+07
18892,4.61E+07
18893,4.71E+07
18894,4.60E+07
18895,5.34E+07
18896,5.07E+07
18897,3.98E+07
18898,3.46E+07
18899,2.82E+07
18900,3.26E+07
18901,4.61E+07
18902,4.57E+07
18903,4.08E+07
18904,4.04E+07
18905,4.37E+07
18906,4.42E+07
18907,6.40E+07
18908,6.01E+07
18909,7.55E+07
18910,6.37E+07
18911,7.20E+07
18912,7.52E+07
18913,6.41E+07
18914,8.03E+07
18915,7.34E+07
18916,3.27E+06
18917,9.14E+06
18918,2.94E+06
18919,5.90E+06
18920,2.38E+07
18921,1.59E+07
18922,2.27E+07
18923,2.93E+07
18924,6.63E+07
18925,6.89E+07
18926,7.33E+07
18927,1.54E+07
18928,2.24E+07
18929,6.90E+06
18930,3.52E+07
18931,2.27E+07
18932,5.26E+07
18933,5.21E+07
18934,4.51E+07
18935,4.22E+07
18936,4.69E+07
18937,3.21E+07
18938,3.92E+07
18939,4.22E+07
18940,4.01E+07
18941,3.52E+07
18942,3.56E+07
18943,3.09E+07
18944,4.69E+07
18945,5.39E+07
18946,4.70E+07
18947,4.49E+07
18948,8.42E+07
18949,8.07E+07
18950,7.58E+07
18951,7.60E+07
18952,6.20E+07
18953,7.93E+07
18954,7.72E+07
18955,7.37E+07
18956,7.74E+07
18957,8.35E+07
18958,7.45E+07
18959,6.81E+07
18960,5.71E+07
18961,5.85E+07
18962,7.90E+07
18963,8.27E+07
18964,7.89E+07
18965,8.04E+07
18966,6.31E+07
18967,6.14E+07
18968,6.55E+07
18969,7.15E+07
18970,2.04E+07
18971,2.96E+07
18972,3.01E+07
18973,1.59E+07
18974,2.25E+07
18975,1.06E+07
18976,3.05E+07
18977,1.97E+07
18978,6.36E+07
18979,4.98E+07
18980,4.61E+07
18981,4.58E+07
18982,4.54E+07
18983,4.33E+07
18984,5.29E+07
18985,3.00E+07
18986,3.27E+07
18987,3.16E+07
18988,2.69E+07
18989,2.31E+07
18990,2.31E+07
18991,2.67E+07
18992,2.21E+07
18993,2.41E+07
18994,2.34E+07
18995,2.56E+07
18996,1.83E+07
18997,2.57E+07
18998,2.85E+07
18999,2.11E+07
19000,2.25E+07
19001,2.43E+07
19002,2.48E+07
19003,1.53E+07
19004,2.63E+07
19005,2.45E+07
19006,1.12E+07
19007,2.54E+07
19008,2.15E+07
19009,2.33E+07
19010,3.74E+07
19011,2.46E+07
19012,9.84E+06
19013,2.41E+07
19014,1.66E+07
19015,1.13E+07
19016,2.51E+07
19017,4.12E+07
19018,5.05E+07
19019,5.96E+07
19020,4.88E+07
19021,3.57E+07
19022,3.35E+07
19023,3.18E+07
19024,1.35E+07
19025,1.76E+07
19026,2.28E+07
19027,1.41E+07
19028,2.26E+07
19029,2.28E+07
19030,1.85E+07
19031,2.28E+07
19032,1.74E+07
19033,1.58E+07
19034,2.01E+07
19035,1.15E+07
19036,1.99E+07
19037,2.01E+07
19038,8.34E+06
19039,1.27E+07
19040,1.07E+07
19041,1.04E+07
19042,1.29E+05
19043,5.01E+05
19044,1.01E+07
19045,1.08E+07
19046,1.57E+07
19047,1.36E+07
19048,1.20E+07
19049,1.87E+07
19050,8.25E+06
19051,9.14E+06
19052,1.16E+07
19053,1.57E+07
19054,2.20E+07
19055,2.37E+07
19056,1.60E+07
19057,1.48E+07
19058,3.3739
19059,1.9761
19060,1.91E+06
19061,1.89E+06
19062,2.12E+06
19063,2.15E+05
19064,6.17E+05
19065,8.47E+05
19066,31.584
19067,2.41E+06
19068,4.69E+06
19069,3.22E+06
19070,2.17E+06
19071,1.93E+06
19072,2.34E+06
19073,5.66E+07
19074,5.14E+07
19075,6.90E+07
19076,6.62E+06
19077,3.14E+06
19078,4.34E+06
19079,2.10E+07
19080,1.64E+07
19081,1.79E+07
19082,1.67E+07
19083,1.92E+07
19084,1.88E+07
19085,1.27E+07
19086,1.01E+07
19087,1.45E+07
19088,1.27E+07
19089,6.68E+07
19090,6.91E+07
19091,6.99E+07
19092,6.88E+07
19093,4.75E+07
19094,4.92E+07
19095,4.35E+07
19096,5.73E+07
19097,4.99E+07
19098,7.34E+07
19099,7.36E+07
19100,7.84E+07
19101,7.50E+07
19102,6.21E+07
19103,6.58E+07
19104,4.80E+07
19105,5.57E+07
19106,4.64E+07
19107,3.58E+07
19108,5.26E+07
19109,4.13E+07
19110,7.88E+07
19111,8.26E+07
19112,8.36E+07
19113,6.89E+07
19114,8.27E+07
19115,5.89E+07
19116,5.57E+07
19117,6.60E+07
19118,4.10E+07
19119,3.97E+07
19120,2.08E+07
19121,4.72E+07
19122,3.35E+07
19123,2.82E+07
19124,4.38E+07
19125,3.60E+07
19126,3.52E+07
19127,3.83E+07
19128,3.14E+07
19129,3.51E+07
19130,3.41E+07
19131,3.60E+07
19132,4.08E+07
19133,4.00E+07
19134,3.75E+07
19135,2.07E+07
19136,2.75E+07
19137,2.71E+07
19138,2.71E+07
19139,2.67E+07
19140,8.83E+07
19141,8.93E+07
19142,8.58E+07
19143,6.68E+07
19144,7.82E+07
19145,1.55E+07
19146,2.02E+07
19147,6.24E+07
19148,6.65E+07
19149,6.67E+07
19150,6.78E+07
19151,6.78E+07
19152,5.62E+07
19153,5.06E+07
19154,4.13E+07
19155,4.10E+07
19156,2.29E+07
19157,3.56E+07
19158,3.44E+07
19159,2.81E+07
19160,3.16E+07
19161,2.59E+07
19162,2.65E+07
19163,2.71E+07
19164,2.26E+07
19165,3.15E+07
19166,3.80E+07
19167,3.69E+07
19168,2.42E+07
19169,2.88E+07
19170,3.53E+07
19171,2.70E+07
19172,2.96E+07
19173,3.42E+07
19174,3.16E+07
19175,4.07E+07
19176,3.55E+07
19177,4.02E+07
19178,3.51E+07
19179,4.51E+07
19180,3.51E+07
19181,4.55E+07
19182,2.50E+07
19183,2.54E+07
19184,2.10E+07
19185,2.02E+07
19186,2.81E+07
19187,2.21E+07
19188,1.68E+07
19189,2.57E+07
19190,2.94E+07
19191,2.55E+07
19192,3.30E+07
19193,3.24E+07
19194,3.23E+07
19195,3.02E+07
19196,2.34E+07
19197,2.27E+07
19198,2.29E+07
19199,2.05E+07
19200,2.24E+07
19201,1.68E+06
19202,7.07E+05
19203,5.14E+07
19204,4.76E+07
19205,3.17E+07
19206,3.62E+07
19207,4.34E+07
19208,4.71E+07
19209,3.65E+07
19210,4.06E+07
19211,3.70E+07
19212,4.08E+07
19213,4.07E+07
19214,3.10E+07
19215,3.47E+07
19216,3.53E+07
19217,2.33E+07
19218,2.86E+07
19219,2.73E+07
19220,2.81E+07
19221,3.28E+07
19222,1.22E+07
19223,1.38E+07
19224,65.895
19225,14.792
19226,29.322
19227,5.27E+07
19228,4.82E+07
19229,4.22E+07
19230,5.23E+07
19231,2.93E+07
19232,4.37E+07
19233,2.46E+07
19234,2.51E+07
19235,3.60E+07
19236,1.44E+07
19237,3.95E+07
19238,2.73E+07
19239,3.25E+07
19240,2.18E+07
19241,1.72E+07
19242,3.18E+07
19243,2.90E+07
19244,3.12E+07
19245,2.80E+07
19246,3.36E+07
19247,2.55E+07
19248,1.51E+07
19249,1.77E+07
19250,9.42E+06
19251,1.60E+07
19252,2.21E+07
19253,1.12E+07
19254,1.38E+07
19255,4.20E+07
19256,3.57E+07
19257,3.98E+07
19258,2.34E+07
19259,1.84E+07
19260,2.68E+07
19261,3.56E+07
19262,3.33E+07
19263,4.62E+07
19264,4.15E+07
19265,4.79E+07
19266,4.87E+07
19267,3.97E+07
19268,3.20E+07
19269,3.21E+07
19270,6.68E+07
19271,6.59E+07
19272,6.63E+07
19273,6.08E+07
19274,4.44E+07
19275,3.68E+07
19276,3.58E+07
19277,5.82E+07
19278,5.53E+07
19279,4.69E+07
19280,4.31E+07
19281,4.60E+07
19282,3.89E+07
19283,4.05E+07
19284,4.21E+07
19285,4.04E+07
19286,3.33E+07
19287,4.24E+07
19288,4.50E+07
19289,4.69E+07
19290,6.77E+07
19291,6.71E+07
19292,7.10E+07
19293,6.21E+07
19294,5.08E+07
19295,6.06E+07
19296,5.13E+07
19297,4.75E+07
19298,4.56E+07
19299,4.22E+07
19300,4.48E+07
19301,4.10E+07
19302,3.80E+07
19303,4.26E+07
19304,3.59E+07
19305,3.78E+07
19306,4.15E+07
19307,3.95E+07
19308,3.93E+07
19309,4.18E+07
19310,4.63E+07
19311,7.77E+07
19312,7.69E+07
19313,7.50E+07
19314,7.42E+07
19315,7.72E+07
19316,5.49E+07
19317,4.88E+07
19318,5.63E+07
19319,5.00E+07
19320,6.13E+07
19321,4.82E+07
19322,4.14E+07
19323,4.28E+07
19324,4.44E+07
19325,3.59E+07
19326,3.73E+07
19327,3.46E+07
19328,3.64E+07
19329,4.63E+07
19330,4.28E+07
19331,4.61E+07
19332,3.84E+07
19333,3.61E+07
19334,3.60E+07
19335,4.68E+07
19336,2.72E+07
19337,4.49E+07
19338,3.46E+07
19339,7.37E+07
19340,7.35E+07
19341,7.47E+07
19342,7.61E+07
19343,7.30E+07
19344,7.01E+07
19345,4.91E+07
19346,5.28E+07
19347,6.52E+07
19348,5.19E+07
19349,5.40E+07
19350,5.73E+07
19351,5.88E+07
19352,6.19E+07
19353,5.66E+07
19354,3.53E+07
19355,3.73E+07
19356,4.50E+07
19357,5.89E+07
19358,6.15E+07
19359,5.77E+07
19360,5.56E+07
19361,4.10E+07
19362,5.07E+07
19363,5.54E+07
19364,6.11E+07
19365,5.96E+07
19366,6.16E+07
19367,5.39E+07
19368,4.45E+07
19369,4.56E+07
19370,3.68E+07
19371,2.88E+07
19372,2.73E+07
19373,4.82E+07
19374,4.89E+07
19375,5.12E+07
19376,4.61E+07
19377,3.91E+07
19378,3.57E+07
19379,4.22E+07
19380,4.69E+07
19381,5.46E+07
19382,4.32E+07
19383,3.84E+07
19384,4.62E+07
19385,3.99E+07
19386,3.78E+07
19387,4.71E+07
19388,3.58E+07
19389,4.02E+07
19390,3.58E+07
19391,4.15E+07
19392,4.47E+07
19393,4.94E+07
19394,4.71E+07
19395,4.97E+07
19396,3.13E+07
19397,3.70E+07
19398,3.88E+07
19399,3.48E+07
19400,2.51E+07
19401,3.54E+07
19402,2.74E+07
19403,3.85E+07
19404,3.00E+07
19405,3.43E+07
19406,2.94E+07
19407,3.16E+07
19408,2.43E+07
19409,2.57E+07
19410,2.70E+07
19411,2.44E+07
19412,3.05E+07
19413,2.59E+07
19414,3.72E+07
19415,7.93E+07
19416,7.47E+07
19417,7.85E+07
19418,7.53E+07
19419,7.88E+07
19420,5.42E+07
19421,5.48E+07
19422,6.05E+07
19423,6.46E+07
19424,5.98E+07
19425,5.97E+07
19426,6.53E+07
19427,4.78E+07
19428,3.40E+07
19429,4.72E+07
19430,5.43E+07
19431,5.24E+07
19432,4.71E+07
19433,4.56E+07
19434,4.57E+07
19435,2.79E+07
19436,1.05E+07
19437,5.29E+06
19438,8.79E+06
19439,8.51E+06
19440,1.70E+07
19441,1.82E+07
19442,9.79E+06
19443,8.93E+06
19444,2.47E+07
19445,4.45E+07
19446,3.05E+07
19447,4.55E+07
19448,3.97E+07
19449,3.28E+07
19450,4.87E+07
19451,3.36E+07
19452,4.26E+07
19453,4.61E+07
19454,5.43E+07
19455,5.16E+07
19456,5.57E+07
19457,5.76E+07
19458,5.30E+07
19459,5.80E+07
19460,3.55E+07
19461,3.57E+07
19462,3.30E+07
19463,3.04E+07
19464,4.51E+07
19465,4.48E+07
19466,4.13E+07
19467,3.67E+07
19468,4.22E+07
19469,4.62E+07
19470,4.34E+07
19471,4.44E+07
19472,5.78E+07
19473,5.65E+07
19474,6.34E+07
19475,4.74E+07
19476,3.66E+07
19477,3.18E+07
19478,4.50E+07
19479,6.31E+07
19480,2.83E+07
19481,5.68E+07
19482,4.24E+07
19483,2.63E+07
19484,3.03E+07
19485,1.98E+07
19486,4.14E+07
19487,4.27E+07
19488,3.68E+07
19489,1.82E+07
19490,3.46E+07
19491,2.46E+07
19492,2.38E+07
19493,3.35E+07
19494,3.70E+07
19495,2.62E+07
19496,4.49E+07
19497,2.36E+07
19498,4.27E+07
19499,3.51E+07
19500,7.62E+07
19501,7.47E+07
19502,6.89E+07
19503,6.42E+07
19504,7.12E+07
19505,4.56E+07
19506,5.65E+07
19507,4.95E+07
19508,3.69E+07
19509,7.39E+07
19510,6.54E+07
19511,5.86E+07
19512,5.15E+07
19513,4.78E+07
19514,7.40E+07
19515,4.59E+07
19516,6.21E+07
19517,8.14E+07
19518,7.62E+07
19519,7.84E+07
19520,5.41E+07
19521,7.17E+07
19522,4.49E+07
19523,5.53E+07
19524,3.84E+07
19525,4.79E+07
19526,3.79E+07
19527,3.82E+07
19528,3.76E+07
19529,3.09E+07
19530,3.96E+07
19531,3.72E+07
19532,3.02E+07
19533,4.53E+07
19534,4.61E+07
19535,1.44E+07
19536,2.63E+07
19537,1.96E+07
19538,3.91E+07
19539,3.77E+07
19540,3.79E+07
19541,1.63E+07
19542,1.71E+07
19543,8.68E+06
19544,8.62E+06
19545,1.08E+07
19546,1.75E+07
19547,1.71E+07
19548,1.41E+07
19549,1.74E+07
19550,1.43E+07
19551,1.34E+07
19552,4.54E+07
19553,4.69E+07
19554,3.98E+07
19555,4.33E+07
19556,3.98E+07
19557,4.23E+07
19558,4.37E+07
19559,4.14E+07
19560,4.87E+07
19561,5.14E+07
19562,5.08E+07
19563,5.15E+07
19564,4.32E+07
19565,4.42E+07
19566,3.54E+07
19567,4.33E+07
19568,3.17E+07
19569,3.63E+07
19570,3.66E+07
19571,7.83E+07
19572,7.95E+07
19573,7.58E+07
19574,7.90E+07
19575,7.94E+07
19576,7.93E+07
19577,5.68E+07
19578,6.41E+07
19579,5.21E+07
19580,7.08E+07
19581,3.82E+07
19582,1.88E+07
19583,3.38E+07
19584,3.93E+07
19585,2.04E+07
19586,2.01E+07
19587,3.28E+07
19588,4.42E+07
19589,3.69E+07
19590,7.17E+07
19591,7.49E+07
19592,7.20E+07
19593,7.24E+07
19594,5.88E+07
19595,5.25E+07
19596,5.44E+07
19597,4.82E+07
19598,3.67E+07
19599,4.12E+07
19600,4.70E+07
19601,4.65E+07
19602,4.32E+07
19603,3.64E+07
19604,3.31E+07
19605,3.51E+07
19606,3.95E+07
19607,3.18E+07
19608,3.65E+07
19609,7.44E+07
19610,7.82E+07
19611,7.34E+07
19612,7.43E+07
19613,7.63E+07
19614,5.18E+07
19615,5.26E+07
19616,5.74E+07
19617,4.87E+07
19618,7.56E+07
19619,7.95E+07
19620,8.23E+07
19621,8.10E+07
19622,7.55E+07
19623,6.76E+07
19624,5.01E+07
19625,5.49E+07
19626,6.73E+07
19627,5.52E+07
19628,2.66E+07
19629,3.59E+07
19630,3.52E+07
19631,4.54E+07
19632,3.25E+07
19633,4.11E+07
19634,4.30E+07
19635,4.74E+07
19636,4.70E+07
19637,6.72E+07
19638,6.59E+07
19639,6.98E+07
19640,6.65E+07
19641,7.17E+07
19642,5.20E+07
19643,5.57E+07
19644,4.62E+07
19645,5.28E+07
19646,6.01E+07
19647,6.54E+07
19648,6.11E+07
19649,6.28E+07
19650,5.58E+07
19651,4.81E+07
19652,4.98E+07
19653,4.52E+07
19654,4.68E+07
19655,5.43E+07
19656,1.75E+07
19657,1.10E+07
19658,9.12E+06
19659,1.16E+07
19660,3.60E+06
19661,2.59E+07
19662,1.23E+07
19663,1.45E+07
19664,1.08E+07
19665,5.45E+07
19666,5.38E+07
19667,5.93E+07
19668,3.34E+07
19669,4.53E+07
19670,4.20E+07
19671,4.83E+07
19672,3.70E+07
19673,4.70E+07
19674,4.14E+07
19675,6.47E+07
19676,7.03E+07
19677,6.62E+07
19678,6.86E+07
19679,6.96E+07
19680,7.13E+07
19681,4.53E+07
19682,4.49E+07
19683,4.61E+07
19684,5.22E+07
19685,4.24E+07
19686,4.29E+07
19687,4.57E+07
19688,3.45E+07
19689,3.74E+07
19690,2.88E+07
19691,4.25E+07
19692,4.05E+07
19693,4.47E+07
19694,3.94E+07
19695,6.98E+07
19696,7.03E+07
19697,6.72E+07
19698,7.15E+07
19699,7.27E+07
19700,7.38E+07
19701,4.98E+07
19702,4.44E+07
19703,5.11E+07
19704,5.48E+07
19705,4.90E+07
19706,5.09E+07
19707,4.96E+07
19708,4.47E+07
19709,3.20E+07
19710,4.63E+07
19711,2.78E+07
19712,2.97E+07
19713,4.55E+07
19714,3.29E+07
19715,3.75E+07
19716,4.55E+07
19717,4.02E+07
19718,4.19E+07
19719,4.55E+07
19720,4.20E+07
19721,4.51E+07
19722,4.12E+07
19723,4.57E+07
19724,3.99E+07
19725,3.38E+07
19726,4.05E+07
19727,4.02E+07
19728,3.92E+07
19729,4.93E+07
19730,5.39E+07
19731,5.02E+07
19732,4.80E+07
19733,5.29E+07
19734,5.67E+07
19735,3.69E+07
19736,3.19E+07
19737,3.69E+07
19738,3.09E+07
19739,3.87E+07
19740,3.36E+07
19741,3.75E+07
19742,3.38E+07
19743,3.91E+07
19744,2.52E+07
19745,2.41E+07
19746,2.74E+07
19747,2.32E+07
19748,2.68E+07
19749,7.76E+07
19750,7.39E+07
19751,7.66E+07
19752,7.20E+07
19753,6.70E+07
19754,6.78E+07
19755,5.39E+07
19756,6.08E+07
19757,5.03E+07
19758,8.17E+07
19759,8.29E+07
19760,7.92E+07
19761,7.47E+07
19762,7.49E+07
19763,6.10E+07
19764,5.38E+07
19765,7.36E+07
19766,5.57E+07
19767,6.33E+07
19768,4.41E+07
19769,4.27E+07
19770,4.68E+07
19771,3.38E+07
19772,3.39E+07
19773,3.47E+07
19774,4.68E+07
19775,4.01E+07
19776,4.73E+07
19777,4.03E+07
19778,3.66E+07
19779,4.65E+07
19780,4.16E+07
19781,2.70E+07
19782,4.27E+07
19783,4.83E+07
19784,4.55E+07
19785,4.78E+07
19786,7.26E+07
19787,7.63E+07
19788,7.71E+07
19789,7.56E+07
19790,5.80E+07
19791,6.66E+07
19792,4.91E+07
19793,5.11E+07
19794,5.86E+07
19795,3.71E+07
19796,3.06E+07
19797,1.10E+07
19798,2.32E+07
19799,1.14E+07
19800,3.44E+07
19801,4.13E+06
19802,2.10E+07
19803,2.65E+07
19804,1.19E+07
19805,9.80E+06
19806,6.99E+07
19807,7.26E+07
19808,4.74E+07
19809,4.38E+07
19810,5.70E+07
19811,7.02E+07
19812,6.14E+07
19813,4.83E+07
19814,6.72E+07
19815,6.67E+07
19816,4.47E+07
19817,4.44E+07
19818,6.04E+07
19819,5.12E+07
19820,5.92E+07
19821,3.48E+07
19822,3.98E+07
19823,3.53E+07
19824,3.91E+07
19825,2.95E+07
19826,2.87E+07
19827,2.38E+07
19828,2.56E+07
19829,4.39E+07
19830,3.33E+07
19831,4.05E+07
19832,3.89E+07
19833,4.54E+07
19834,3.98E+07
19835,4.38E+07
19836,4.60E+07
19837,3.81E+07
19838,4.12E+07
19839,4.29E+07
19840,3.73E+07
19841,4.37E+07
19842,3.97E+07
19843,4.41E+07
19844,3.81E+07
19845,3.05E+07
19846,2.49E+07
19847,3.11E+07
19848,3.09E+07
19849,2.71E+07
19850,3.04E+07
19851,2.34E+07
19852,2.40E+07
19853,1.93E+07
19854,1.04E+07
19855,1.28E+07
19856,9.50E+06
19857,1.45E+07
19858,1.88E+07
19859,1.77E+07
19860,1.88E+07
19861,1.80E+07
19862,1.36E+07
19863,3.25E+07
19864,3.84E+07
19865,3.43E+07
19866,2.64E+07
19867,3.38E+07
19868,3.22E+07
19869,2.55E+07
19870,2.39E+07
19871,6.27E+07
19872,6.12E+07
19873,5.69E+07
19874,4.60E+07
19875,4.33E+07
19876,4.01E+07
19877,5.83E+07
19878,5.27E+07
19879,2.65E+07
19880,3.29E+07
19881,1.16E+07
19882,1.87E+06
19883,3.28E+06
19884,7.71E+06
19885,7.97E+06
19886,1.59E+07
19887,6.77E+07
19888,6.67E+07
19889,6.73E+07
19890,6.39E+07
19891,4.72E+07
19892,4.15E+07
19893,4.35E+07
19894,4.61E+07
19895,5.59E+07
19896,6.07E+07
19897,3.59E+07
19898,3.41E+06
19899,4.94E+06
19900,4.28E+06
19901,1.89E+07
19902,3.07E+07
19903,3.80E+07
19904,1.72E+07
19905,1.90E+07
19906,4.24E+07
19907,4.34E+07
19908,3.21E+07
19909,3.28E+07
19910,2.39E+07
19911,1.25E+07
19912,3.61E+07
19913,6.82E+07
19914,6.85E+07
19915,5.97E+07
19916,4.38E+07
19917,4.62E+07
19918,6.03E+07
19919,4.08E+07
19920,5.75E+07
19921,6.10E+07
19922,7.43E+07
19923,7.05E+07
19924,6.79E+07
19925,7.34E+07
19926,6.61E+07
19927,5.90E+07
19928,5.85E+07
19929,4.82E+07
19930,5.74E+07
19931,5.07E+07
19932,6.79E+07
19933,6.42E+07
19934,5.85E+07
19935,5.54E+07
19936,4.60E+07
19937,4.91E+07
19938,4.09E+07
19939,4.58E+07
19940,4.69E+07
19941,4.46E+07
19942,5.96E+07
19943,2.77E+07
19944,3.01E+07
19945,3.18E+07
19946,8.17E+06
19947,2.91E+07
19948,3.19E+07
19949,2.96E+07
19950,3.40E+07
19951,3.30E+07
19952,3.55E+07
19953,2.84E+07
19954,3.28E+07
19955,7.64E+07
19956,7.72E+07
19957,7.01E+07
19958,5.51E+07
19959,6.58E+07
19960,7.07E+07
19961,6.92E+07
19962,5.58E+07
19963,8.92E+07
19964,7.37E+07
19965,7.56E+07
19966,7.93E+07
19967,5.72E+07
19968,8.01E+07
19969,6.82E+07
19970,7.31E+07
19971,7.19E+07
19972,7.06E+07
19973,6.36E+07
19974,5.56E+07
19975,4.42E+07
19976,3.55E+07
19977,4.06E+07
19978,4.38E+07
19979,4.44E+07
19980,3.89E+07
19981,4.95E+07
19982,2.42E+07
19983,4.70E+07
19984,3.65E+07
19985,3.16E+07
19986,2.85E+07
19987,9.53E+06
19988,1.62E+07
19989,5.84E+06
19990,4.44E+06
19991,5.38E+06
19992,1.05E+07
19993,7.37E+07
19994,7.89E+07
19995,8.10E+07
19996,7.65E+07
19997,6.72E+07
19998,7.70E+07
19999,7.02E+07
20000,6.18E+07
20001,6.21E+07
20002,5.51E+07
20003,6.29E+07
20004,5.41E+07
20005,7.42E+07
20006,7.07E+07
20007,7.26E+07
20008,7.50E+07
20009,7.31E+07
20010,7.08E+07
20011,7.32E+07
20012,5.67E+07
20013,5.83E+07
20014,5.39E+07
20015,5.77E+07
20016,7.02E+07
20017,7.15E+07
20018,6.75E+07
20019,7.13E+07
20020,5.50E+07
20021,7.18E+07
20022,5.58E+07
20023,6.07E+07
20024,5.52E+07
20025,5.63E+07
20026,6.20E+07
20027,4.31E+06
20028,3.18E+07
20029,6.02E+06
20030,2.49E+07
20031,2.38E+07
20032,3.15E+07
20033,1.20E+07
20034,1.95E+07
20035,6.00E+07
20036,6.01E+07
20037,5.96E+07
20038,4.94E+07
20039,4.26E+07
20040,5.29E+07
20041,3.82E+07
20042,4.16E+07
20043,4.89E+07
20044,4.85E+07
20045,5.07E+07
20046,4.06E+07
20047,2.92E+07
20048,3.04E+07
20049,4.49E+07
20050,4.01E+07
20051,3.49E+07
20052,3.74E+07
20053,3.85E+07
20054,5.41E+07
20055,5.62E+07
20056,5.31E+07
20057,4.57E+07
20058,3.82E+07
20059,4.62E+07
20060,4.00E+07
20061,3.99E+07
20062,4.54E+07
20063,6.25E+07
20064,5.93E+07
20065,6.11E+07
20066,6.27E+07
20067,6.31E+07
20068,4.37E+07
20069,4.51E+07
20070,4.83E+07
20071,4.24E+07
20072,2.22E+07
20073,2.54E+07
20074,2.58E+07
20075,2.62E+07
20076,2.65E+07
20077,2.15E+07
20078,2.49E+07
20079,2.07E+07
20080,2.36E+07
20081,1.40E+07
20082,7.25E+07
20083,6.92E+07
20084,7.37E+07
20085,6.71E+07
20086,7.18E+07
20087,7.09E+07
20088,5.15E+07
20089,4.24E+07
20090,4.98E+07
20091,4.95E+07
20092,4.85E+07
20093,4.38E+07
20094,3.62E+07
20095,4.79E+07
20096,4.36E+07
20097,3.89E+07
20098,3.89E+07
20099,3.42E+07
20100,3.50E+07
20101,3.68E+07
20102,3.52E+07
20103,4.29E+07
20104,4.74E+07
20105,4.81E+07
20106,4.73E+07
20107,3.76E+07
20108,2.69E+07
20109,2.95E+07
20110,3.49E+07
20111,2.61E+07
20112,4.05E+07
20113,3.46E+07
20114,4.52E+07
20115,3.29E+07
20116,4.29E+07
20117,6.83E+07
20118,6.66E+07
20119,6.66E+07
20120,5.04E+07
20121,5.63E+07
20122,5.77E+07
20123,4.51E+07
20124,5.82E+07
20125,5.12E+07
20126,5.23E+07
20127,2.98E+07
20128,1.09E+07
20129,1.60E+07
20130,1.11E+07
20131,5.68E+06
20132,7.78E+06
20133,2.51E+07
20134,9.19E+06
20135,4.59E+07
20136,4.65E+07
20137,3.68E+07
20138,3.55E+07
20139,3.35E+07
20140,3.30E+07
20141,7.15E+07
20142,7.21E+07
20143,7.59E+07
20144,7.74E+07
20145,7.26E+07
20146,7.52E+07
20147,5.97E+07
20148,6.07E+07
20149,5.59E+07
20150,6.91E+07
20151,6.60E+07
20152,6.97E+07
20153,6.63E+07
20154,5.93E+07
20155,6.51E+07
20156,5.13E+07
20157,5.12E+07
20158,4.46E+07
20159,5.57E+07
20160,2.81E+07
20161,2.61E+07
20162,2.63E+07
20163,7.31E+06
20164,2.78E+07
20165,2.14E+07
20166,2.79E+07
20167,3.30E+07
20168,3.11E+07
20169,1.28E+07
20170,3.34E+07
20171,1.24E+07
20172,2.93E+07
20173,3.06E+07
20174,3.62E+07
20175,6.71E+07
20176,6.25E+07
20177,6.80E+07
20178,6.90E+07
20179,5.57E+07
20180,6.36E+07
20181,7.38E+07
20182,5.02E+07
20183,4.96E+07
20184,5.39E+07
20185,5.94E+07
20186,6.46E+07
20187,6.84E+07
20188,6.21E+07
20189,6.61E+07
20190,6.45E+07
20191,7.14E+07
20192,5.21E+07
20193,4.44E+07
20194,5.22E+07
20195,2.79E+07
20196,3.12E+07
20197,2.81E+07
20198,3.29E+07
20199,2.77E+07
20200,2.31E+07
20201,1.96E+07
20202,3.06E+07
20203,2.20E+07
20204,2.12E+07
20205,2.45E+07
20206,3.60E+07
20207,3.71E+07
20208,6.42E+07
20209,6.34E+07
20210,6.69E+07
20211,2.69E+07
20212,3.88E+07
20213,3.88E+07
20214,3.97E+07
20215,3.34E+07
20216,5.26E+07
20217,3.86E+07
20218,4.74E+07
20219,4.99E+07
20220,6.06E+07
20221,2.04E+07
20222,1.61E+07
20223,1.56E+07
20224,4.13E+07
20225,4.01E+07
20226,2.73E+07
20227,3.29E+07
20228,7.09E+07
20229,6.82E+07
20230,7.13E+07
20231,6.36E+07
20232,7.03E+07
20233,4.58E+07
20234,4.60E+07
20235,4.85E+07
20236,4.65E+07
20237,6.64E+07
20238,2.63E+07
20239,2.98E+07
20240,2.71E+07
20241,2.04E+07
20242,2.20E+07
20243,2.07E+07
20244,1.93E+07
20245,2.58E+07
20246,1.78E+07
20247,1.82E+07
20248,1.19E+07
20249,1.17E+07
20250,1.09E+07
20251,8.53E+06
20252,9.25E+06
20253,1.78E+07
20254,1.40E+07
20255,9.57E+06
20256,9.83E+06
20257,3.75E+07
20258,2.78E+07
20259,3.15E+07
20260,2.66E+07
20261,2.76E+07
20262,2.39E+07
20263,2.17E+07
20264,3.53E+07
20265,3.83E+07
20266,4.17E+07
20267,2.80E+07
20268,1.92E+07
20269,2.53E+07
20270,2.93E+07
20271,2.80E+07
20272,3.92E+07
20273,2.81E+07
20274,2.47E+07
20275,2.20E+07
20276,1.88E+07
20277,2.09E+07
20278,2.21E+07
20279,1.97E+07
20280,3.02E+07
20281,3.41E+07
20282,5.16E+07
20283,4.22E+07
20284,4.39E+07
20285,4.44E+07
20286,4.08E+07
20287,3.80E+07
20288,3.66E+07
20289,4.23E+07
20290,4.74E+07
20291,4.02E+07
20292,4.36E+07
20293,8.29E+07
20294,8.14E+07
20295,6.10E+07
20296,6.90E+07
20297,5.75E+07
20298,8.44E+07
20299,4.10E+07
20300,3.79E+07
20301,3.39E+07
20302,3.96E+07
20303,2.56E+07
20304,2.32E+07
20305,2.28E+07
20306,2.65E+07
20307,1.94E+07
20308,2.21E+07
20309,3.63E+07
20310,3.74E+07
20311,3.81E+07
20312,4.24E+07
20313,3.45E+07
20314,1.96E+07
20315,3.15E+07
20316,2.51E+07
20317,4.22E+07
20318,3.76E+07
20319,4.46E+07
20320,4.27E+07
20321,3.80E+07
20322,3.90E+07
20323,4.58E+07
20324,3.76E+07
20325,4.22E+07
20326,3.87E+07
20327,3.74E+07
20328,4.19E+07
20329,2.70E+07
20330,2.49E+07
20331,2.54E+07
20332,7.06E+07
20333,7.28E+07
20334,6.75E+07
20335,5.40E+07
20336,6.65E+07
20337,6.17E+07
20338,5.43E+07
20339,5.65E+07
20340,6.34E+07
20341,6.40E+07
20342,3.55E+07
20343,3.56E+07
20344,1.40E+07
20345,2.03E+07
20346,1.11E+07
20347,2.85E+07
20348,4.44E+06
20349,2.15E+07
20350,3.74E+07
20351,6.68E+07
20352,6.41E+07
20353,7.07E+07
20354,5.30E+07
20355,4.29E+07
20356,5.33E+07
20357,5.98E+07
20358,4.30E+07
20359,5.68E+07
20360,6.94E+07
20361,7.09E+07
20362,6.55E+07
20363,5.07E+07
20364,6.47E+07
20365,5.85E+07
20366,6.12E+07
20367,4.66E+07
20368,7.97E+07
20369,8.11E+07
20370,7.08E+07
20371,6.42E+07
20372,7.28E+07
20373,6.01E+07
20374,4.72E+07
20375,5.26E+07
20376,6.44E+07
20377,6.69E+07
20378,8.14E+07
20379,7.25E+07
20380,6.41E+07
20381,6.28E+07
20382,6.11E+07
20383,5.22E+07
20384,5.57E+07
20385,4.23E+07
20386,7.90E+07
20387,7.09E+07
20388,7.61E+07
20389,4.94E+07
20390,6.17E+07
20391,7.07E+07
20392,6.71E+07
20393,4.86E+07
20394,5.09E+07
20395,4.98E+07
20396,5.96E+07
20397,5.82E+07
20398,6.58E+07
20399,3.84E+07
20400,4.52E+07
20401,3.03E+07
20402,4.19E+07
20403,5.92E+07
20404,6.51E+07
20405,6.60E+07
20406,6.64E+07
20407,6.89E+07
20408,6.43E+07
20409,4.56E+07
20410,4.40E+07
20411,4.02E+07
20412,5.92E+07
20413,5.71E+07
20414,5.39E+07
20415,3.68E+07
20416,3.63E+07
20417,4.42E+07
20418,3.76E+07
20419,6.18E+07
20420,2.65E+07
20421,5.65E+07
20422,5.64E+07
20423,3.59E+07
20424,6.26E+06
20425,1.24E+07
20426,1.32E+07
20427,2.81E+07
20428,1.74E+07
20429,1.67E+07
20430,1.77E+07
20431,2.99E+07
20432,2.27E+07
20433,3.66E+07
20434,2.62E+07
20435,4.62E+07
20436,1.82E+07
20437,4.68E+07
20438,3.38E+07
20439,4.13E+07
20440,4.24E+07
20441,4.73E+07
20442,2.66E+07
20443,7.28E+07
20444,6.50E+07
20445,7.09E+07
20446,6.51E+07
20447,7.29E+07
20448,5.62E+07
20449,5.70E+07
20450,7.33E+07
20451,5.31E+07
20452,9.69E+06
20453,2.89E+07
20454,2.88E+07
20455,3.02E+07
20456,2.28E+07
20457,2.52E+07
20458,2.56E+07
20459,2.62E+07
20460,5.28E+07
20461,4.19E+07
20462,4.16E+07
20463,3.55E+07
20464,4.04E+07
20465,3.59E+07
20466,4.09E+07
20467,4.35E+07
20468,5.15E+07
20469,7.32E+07
20470,7.39E+07
20471,6.67E+07
20472,6.46E+07
20473,6.93E+07
20474,6.25E+07
20475,4.97E+07
20476,5.86E+07
20477,7.50E+07
20478,7.72E+07
20479,8.19E+07
20480,7.77E+07
20481,8.28E+07
20482,7.73E+07
20483,6.45E+07
20484,5.75E+07
20485,5.30E+07
20486,6.49E+07
20487,6.70E+07
20488,6.93E+07
20489,6.07E+07
20490,5.03E+07
20491,5.24E+07
20492,5.43E+07
20493,5.33E+07
20494,5.58E+07
20495,5.86E+07
20496,5.14E+07
20497,6.53E+06
20498,2.31E+07
20499,4.66E+06
20500,2.46E+07
20501,7.68E+06
20502,2.43E+07
20503,2.21E+07
20504,2.26E+07
20505,1.82E+07
20506,2.54E+07
20507,6.73E+07
20508,6.74E+07
20509,6.88E+07
20510,5.83E+07
20511,7.27E+07
20512,5.77E+07
20513,4.34E+07
20514,5.85E+07
20515,5.54E+07
20516,6.51E+07
20517,2.81E+07
20518,3.94E+07
20519,4.42E+07
20520,4.09E+07
20521,3.53E+07
20522,4.41E+07
20523,3.30E+07
20524,4.29E+07
20525,3.14E+07
20526,3.30E+07
20527,3.27E+07
20528,3.56E+07
20529,3.29E+07
20530,2.10E+07
20531,1.31E+07
20532,2.86E+07
20533,1.95E+07
20534,2.36E+07
20535,1.81E+07
20536,3.25E+07
20537,2.72E+07
20538,3.61E+07
20539,3.78E+07
20540,3.44E+07
20541,3.98E+07
20542,4.05E+07
20543,4.33E+07
20544,1.12E+07
20545,8.84E+06
20546,1.75E+07
20547,2.23E+07
20548,1.20E+07
20549,1.45E+07
20550,2.78E+07
20551,1.12E+07
20552,2.72E+07
20553,1.37E+07
20554,1.68E+07
20555,1.14E+07
20556,2.22E+07
20557,2.37E+07
20558,1.68E+07
20559,1.73E+07
20560,9.61E+06
20561,9.03E+06
20562,1.49E+07
20563,1.13E+07
20564,1.61E+07
20565,1.06E+07
20566,1.36E+07
20567,1.38E+07
20568,5.29E+07
20569,6.14E+07
20570,6.42E+07
20571,4.62E+07
20572,5.80E+07
20573,4.60E+07
20574,4.76E+07
20575,4.81E+07
20576,2.39E+07
20577,1.10E+07
20578,1.36E+07
20579,1.02E+07
20580,1.06E+07
20581,5.36E+06
20582,1.78E+07
20583,2.78E+07
20584,5.19E+06
20585,5.91E+07
20586,5.94E+07
20587,4.40E+07
20588,4.76E+07
20589,4.82E+07
20590,4.12E+07
20591,4.06E+07
20592,4.54E+07
20593,5.43E+07
20594,8.41E+07
20595,7.98E+07
20596,8.22E+07
20597,8.39E+07
20598,7.39E+07
20599,5.89E+07
20600,6.67E+07
20601,6.65E+07
20602,6.32E+07
20603,5.13E+07
20604,5.29E+07
20605,5.42E+07
20606,4.04E+07
20607,4.50E+07
20608,4.81E+07
20609,4.19E+07
20610,3.88E+07
20611,3.68E+07
20612,4.38E+07
20613,1.12E+07
20614,2.26E+07
20615,2.33E+07
20616,6.09E+06
20617,1.70E+07
20618,2.47E+07
20619,2.17E+07
20620,4.96E+06
20621,2.58E+07
20622,2.39E+07
20623,2.40E+07
20624,5.99E+07
20625,5.97E+07
20626,6.17E+07
20627,6.52E+07
20628,6.11E+07
20629,5.83E+07
20630,4.45E+07
20631,4.93E+07
20632,4.08E+07
20633,3.39E+07
20634,3.29E+07
20635,3.86E+07
20636,2.82E+07
20637,2.35E+07
20638,4.52E+07
20639,3.24E+07
20640,2.98E+07
20641,4.45E+07
20642,7.75E+06
20643,1.23E+07
20644,1.48E+07
20645,2.33E+07
20646,2.14E+07
20647,2.19E+07
20648,2.08E+07
20649,2.36E+07
20650,2.15E+07
20651,2.09E+07
20652,1.07E+07
20653,5.47E+07
20654,5.25E+07
20655,5.63E+07
20656,4.84E+07
20657,4.78E+07
20658,5.66E+07
20659,3.95E+07
20660,4.38E+07
20661,5.12E+07
20662,5.52E+07
20663,5.80E+07
20664,5.94E+07
20665,4.88E+07
20666,5.70E+07
20667,3.98E+07
20668,4.27E+07
20669,4.07E+07
20670,6.22E+07
20671,5.33E+07
20672,4.84E+07
20673,3.96E+07
20674,5.62E+07
20675,4.02E+07
20676,3.50E+07
20677,5.19E+07
20678,5.49E+07
20679,5.69E+07
20680,5.00E+07
20681,4.03E+07
20682,4.59E+07
20683,5.31E+07
20684,5.83E+07
20685,5.87E+07
20686,5.54E+07
20687,6.13E+07
20688,6.38E+07
20689,4.10E+07
20690,4.17E+07
20691,4.52E+07
20692,5.83E+07
20693,5.98E+07
20694,6.06E+07
20695,5.35E+07
20696,4.78E+07
20697,4.60E+07
20698,4.46E+07
20699,6.46E+07
20700,6.13E+07
20701,6.33E+07
20702,6.20E+07
20703,6.62E+07
20704,4.62E+07
20705,4.86E+07
20706,4.02E+07
20707,3.94E+07
20708,6.30E+07
20709,6.70E+07
20710,6.23E+07
20711,4.84E+07
20712,4.47E+07
20713,4.97E+07
20714,4.92E+07
20715,4.21E+07
20716,4.62E+07
20717,4.74E+07
20718,7.54E+07
20719,8.42E+07
20720,7.91E+07
20721,8.07E+07
20722,6.10E+07
20723,6.33E+07
20724,6.82E+07
20725,7.67E+07
20726,7.97E+07
20727,7.32E+07
20728,6.22E+07
20729,6.21E+07
20730,6.18E+07
20731,6.83E+07
20732,7.08E+07
20733,7.06E+07
20734,6.78E+07
20735,5.33E+07
20736,5.74E+07
20737,5.36E+07
20738,5.30E+07
20739,7.38E+07
20740,7.40E+07
20741,7.50E+07
20742,5.71E+07
20743,6.77E+07
20744,5.64E+07
20745,5.60E+07
20746,3.18E+07
20747,2.94E+07
20748,2.29E+07
20749,1.98E+07
20750,1.99E+07
20751,1.71E+07
20752,2.16E+07
20753,1.82E+07
20754,6.49E+07
20755,7.45E+07
20756,6.99E+07
20757,7.08E+07
20758,7.10E+07
20759,6.01E+07
20760,5.10E+07
20761,5.24E+07
20762,5.02E+07
20763,5.40E+07
20764,5.89E+07
20765,7.52E+07
20766,7.66E+07
20767,7.33E+07
20768,7.78E+07
20769,5.65E+07
20770,6.89E+07
20771,5.52E+07
20772,5.37E+07
20773,5.42E+07
20774,6.98E+07
20775,7.33E+07
20776,7.46E+07
20777,6.35E+07
20778,5.84E+07
20779,5.98E+07
20780,6.57E+07
20781,6.23E+07
20782,7.59E+07
20783,6.70E+07
20784,7.40E+07
20785,6.00E+07
20786,5.95E+07
20787,7.06E+07
20788,5.88E+07
20789,7.61E+07
20790,7.20E+07
20791,6.56E+07
20792,7.30E+07
20793,5.31E+07
20794,5.99E+07
20795,5.53E+07
20796,6.48E+07
20797,4.62E+05
20798,7.98E+07
20799,7.60E+07
20800,7.68E+07
20801,6.95E+07
20802,6.25E+07
20803,6.79E+07
20804,5.53E+07
20805,5.86E+07
20806,7.91E+07
20807,8.08E+07
20808,8.72E+07
20809,7.61E+07
20810,7.06E+07
20811,5.50E+07
20812,6.26E+07
20813,5.83E+07
20814,6.94E+07
20815,6.26E+07
20816,7.07E+07
20817,7.20E+07
20818,7.40E+07
20819,7.51E+07
20820,7.34E+07
20821,7.50E+07
20822,6.77E+07
20823,7.26E+07
20824,6.66E+07
20825,5.36E+07
20826,5.83E+07
20827,5.36E+07
20828,7.85E+07
20829,7.69E+07
20830,7.64E+07
20831,7.89E+07
20832,7.33E+07
20833,5.98E+07
20834,5.41E+07
20835,6.37E+07
20836,7.63E+07
20837,6.37E+07
20838,6.24E+07
20839,6.49E+07
20840,5.80E+07
20841,6.79E+07
20842,7.54E+07
20843,6.86E+07
20844,7.20E+07
20845,5.89E+07
20846,5.47E+07
20847,6.23E+07
20848,7.42E+07
20849,7.27E+07
20850,7.83E+07
20851,6.23E+07
20852,6.39E+07
20853,5.36E+07
20854,5.21E+07
20855,6.04E+07
20856,6.24E+07
20857,5.58E+07
20858,4.94E+07
20859,4.22E+07
20860,5.17E+07
20861,6.84E+07
20862,5.17E+07
20863,4.78E+07
20864,4.93E+07
20865,6.56E+07
20866,9.06E+07
20867,5.76E+07
20868,7.33E+07
20869,5.86E+07
20870,5.38E+07
20871,5.57E+07
20872,6.39E+07
20873,4.97E+07
20874,4.93E+07
20875,4.82E+07
20876,4.71E+07
20877,6.00E+07
20878,6.13E+07
20879,6.31E+07
20880,4.08E+07
20881,4.03E+07
20882,3.47E+07
20883,6.02E+07
20884,5.83E+07
20885,6.08E+07
20886,6.21E+07
20887,4.20E+07
20888,5.51E+07
20889,4.29E+07
20890,3.68E+07
20891,3.68E+07
20892,6.39E+07
20893,3.78E+07
20894,5.09E+07
20895,3.34E+07
20896,4.35E+07
20897,3.90E+07
20898,3.29E+07
20899,5.88E+07
20900,6.43E+07
20901,6.70E+07
20902,6.76E+07
20903,4.17E+07
20904,4.01E+07
20905,3.60E+07
20906,4.82E+07
20907,3.17E+07
20908,6.94E+07
20909,6.60E+07
20910,6.78E+07
20911,6.77E+07
20912,4.59E+07
20913,4.67E+07
20914,4.21E+07
20915,4.99E+07
20916,7.31E+07
20917,6.98E+07
20918,5.30E+07
20919,4.85E+07
20920,5.06E+07
20921,7.40E+07
20922,5.05E+07
20923,7.22E+07
20924,6.04E+07
20925,4.73E+07
20926,5.18E+07
20927,6.08E+07
20928,5.99E+07
20929,7.70E+07
20930,7.37E+07
20931,6.50E+07
20932,7.27E+07
20933,5.02E+07
20934,5.13E+07
20935,4.63E+07
20936,7.97E+07
20937,8.25E+07
20938,7.70E+07
20939,5.93E+07
20940,7.48E+07
20941,5.57E+07
20942,5.84E+07
20943,7.08E+07
20944,7.10E+07
20945,7.22E+07
20946,6.56E+07
20947,5.85E+07
20948,5.14E+07
20949,6.13E+07
20950,7.07E+07
20951,5.48E+07
20952,5.79E+07
20953,4.34E+07
20954,4.67E+07
20955,5.95E+07
20956,7.52E+07
20957,7.80E+07
20958,7.06E+07
20959,7.83E+07
20960,7.56E+07
20961,8.39E+07
20962,5.89E+07
20963,5.68E+07
20964,6.17E+07
20965,4.90E+07
20966,6.22E+07
20967,7.00E+07
20968,7.62E+07
20969,5.92E+07
20970,5.01E+07
20971,5.69E+07
20972,7.53E+07
20973,6.54E+07
20974,4.16E+07
20975,7.85E+07
20976,5.87E+07
20977,7.20E+07
20978,6.45E+07
20979,7.12E+07
20980,5.07E+07
20981,4.68E+07
20982,7.48E+07
20983,7.14E+07
20984,8.44E+07
20985,6.05E+07
20986,7.37E+07
20987,5.71E+07
20988,6.23E+07
20989,6.25E+07
20990,3.49E+07
20991,3.51E+07
20992,4.06E+07
20993,3.41E+07
20994,2.45E+07
20995,2.51E+07
20996,2.71E+07
20997,2.33E+07
20998,4.27E+07
20999,4.65E+07
21000,4.56E+07
21001,2.77E+07
21002,2.89E+07
21003,4.48E+07
21004,4.86E+07
21005,7.84E+07
21006,7.56E+07
21007,6.33E+07
21008,6.83E+07
21009,5.18E+07
21010,5.83E+07
21011,7.94E+07
21012,3.09E+07
21013,3.54E+07
21014,2.67E+07
21015,4.23E+07
21016,3.48E+07
21017,2.79E+07
21018,2.50E+07
21019,2.70E+07
21020,2.04E+07
21021,2.08E+07
21022,2.23E+07
21023,1.69E+07
21024,1.53E+07
21025,1.56E+07
21026,1.58E+07
21027,1.55E+07
21028,1.64E+07
21029,1.50E+07
21030,1.53E+07
21031,3.65E+07
21032,2.70E+07
21033,2.68E+07
21034,3.50E+07
21035,2.21E+07
21036,2.75E+07
21037,2.39E+07
21038,2.55E+07
21039,2.98E+07
21040,3.25E+07
21041,3.65E+07
21042,2.70E+07
21043,3.65E+07
21044,2.26E+07
21045,2.74E+07
21046,2.29E+07
21047,2.63E+07
21048,2.44E+07
21049,1.96E+07
21050,2.27E+07
21051,1.91E+07
21052,1.71E+07
21053,4.00E+07
21054,4.32E+07
21055,4.26E+07
21056,3.87E+07
21057,3.42E+07
21058,3.10E+07
21059,2.93E+07
21060,4.13E+07
21061,3.23E+07
21062,2.78E+07
21063,3.06E+07
21064,2.28E+07
21065,2.15E+07
21066,2.33E+07
21067,2.13E+07
21068,3.28E+07
21069,3.40E+07
21070,3.50E+07
21071,2.68E+07
21072,2.69E+07
21073,3.48E+07
21074,2.76E+07
21075,7.20E+07
21076,7.37E+07
21077,7.32E+07
21078,7.30E+07
21079,7.39E+07
21080,6.42E+07
21081,5.28E+07
21082,4.87E+07
21083,5.07E+07
21084,7.15E+07
21085,7.67E+07
21086,7.23E+07
21087,4.89E+07
21088,7.14E+07
21089,4.92E+07
21090,4.96E+07
21091,6.92E+07
21092,7.27E+07
21093,7.28E+07
21094,4.96E+07
21095,5.15E+07
21096,5.03E+07
21097,6.95E+07
21098,6.72E+07
21099,7.37E+07
21100,7.51E+07
21101,4.95E+07
21102,4.84E+07
21103,4.95E+07
21104,7.54E+07
21105,7.07E+07
21106,6.36E+07
21107,7.17E+07
21108,4.09E+07
21109,6.51E+07
21110,4.16E+07
21111,6.12E+07
21112,4.64E+07
21113,6.91E+07
21114,7.35E+07
21115,5.11E+07
21116,5.22E+07
21117,5.12E+07
21118,2.58E+07
21119,2.54E+07
21120,2.14E+07
21121,1.84E+07
21122,2.03E+07
21123,1.72E+07
21124,1.82E+07
21125,3.30E+07
21126,2.95E+07
21127,2.26E+07
21128,2.00E+07
21129,2.53E+07
21130,2.62E+07
21131,2.51E+07
21132,2.29E+07
21133,2.43E+07
21134,2.97E+07
21135,2.20E+07
21136,2.12E+07
21137,2.06E+07
21138,3.36E+07
21139,4.08E+07
21140,2.34E+07
21141,2.39E+07
21142,2.26E+07
21143,2.06E+07
21144,2.60E+07
21145,3.73E+07
21146,6.75E+07
21147,7.01E+07
21148,6.45E+07
21149,5.87E+07
21150,4.99E+07
21151,4.49E+07
21152,4.96E+07
21153,5.38E+07
21154,7.10E+07
21155,6.27E+07
21156,6.64E+07
21157,5.13E+07
21158,5.81E+07
21159,4.93E+07
21160,6.40E+07
21161,6.82E+07
21162,6.83E+07
21163,4.63E+07
21164,5.41E+07
21165,4.86E+07
21166,6.27E+07
21167,4.29E+07
21168,3.72E+07
21169,3.73E+07
21170,4.51E+07
21171,7.83E+07
21172,7.31E+07
21173,7.34E+07
21174,6.26E+07
21175,7.47E+07
21176,6.40E+07
21177,4.37E+07
21178,5.86E+07
21179,6.44E+07
21180,7.00E+07
21181,6.78E+07
21182,7.43E+07
21183,7.18E+07
21184,5.45E+07
21185,5.42E+07
21186,5.01E+07
21187,6.26E+07
21188,5.15E+07
21189,6.67E+07
21190,5.20E+07
21191,7.02E+07
21192,4.83E+07
21193,5.58E+07
21194,4.99E+07
21195,4.89E+07
21196,5.54E+07
21197,6.57E+07
21198,5.89E+07
21199,5.97E+07
21200,5.12E+07
21201,4.41E+07
21202,5.52E+07
21203,6.73E+07
21204,7.19E+07
21205,6.61E+07
21206,5.22E+07
21207,4.36E+07
21208,4.56E+07
21209,4.96E+07
21210,7.35E+07
21211,6.48E+07
21212,5.33E+07
21213,5.24E+07
21214,5.27E+07
21215,6.70E+07
21216,7.25E+07
21217,6.86E+07
21218,7.06E+07
21219,6.52E+07
21220,5.39E+07
21221,6.12E+07
21222,5.34E+07
21223,5.50E+07
21224,5.39E+07
21225,7.22E+07
21226,6.98E+07
21227,6.01E+07
21228,6.69E+07
21229,6.07E+07
21230,5.38E+07
21231,5.35E+07
21232,5.51E+07
21233,5.30E+07
21234,7.34E+07
21235,7.08E+07
21236,7.23E+07
21237,7.40E+07
21238,6.94E+07
21239,5.73E+07
21240,5.08E+07
21241,5.50E+07
21242,4.82E+07
21243,7.57E+07
21244,7.19E+07
21245,7.48E+07
21246,7.18E+07
21247,5.50E+07
21248,6.02E+07
21249,5.54E+07
21250,6.10E+07
21251,7.48E+07
21252,5.98E+07
21253,6.09E+07
21254,5.73E+07
21255,7.28E+07
21256,7.32E+07
21257,7.50E+07
21258,5.46E+07
21259,6.02E+07
21260,5.30E+07
21261,7.72E+07
21262,6.12E+07
21263,7.06E+07
21264,7.22E+07
21265,5.49E+07
21266,6.26E+07
21267,5.55E+07
21268,5.53E+07
21269,6.21E+07
21270,5.01E+07
21271,5.61E+07
21272,5.41E+07
21273,5.73E+07
21274,7.64E+07
21275,6.54E+07
21276,5.94E+07
21277,5.34E+07
21278,4.17E+07
21279,4.86E+07
21280,7.66E+07
21281,7.48E+07
21282,7.61E+07
21283,7.39E+07
21284,6.01E+07
21285,5.49E+07
21286,5.48E+07
21287,5.29E+07
21288,5.56E+07
21289,5.46E+07
21290,5.90E+07
21291,5.85E+07
21292,5.21E+07
21293,4.21E+07
21294,4.09E+07
21295,4.28E+07
21296,3.60E+07
21297,4.65E+07
21298,5.81E+07
21299,5.63E+07
21300,6.00E+07
21301,6.53E+07
21302,4.15E+07
21303,3.78E+07
21304,3.65E+07
21305,3.20E+07
21306,4.58E+07
21307,6.23E+07
21308,6.42E+07
21309,6.43E+07
21310,6.92E+07
21311,4.53E+07
21312,4.70E+07
21313,4.98E+07
21314,4.97E+07
21315,4.89E+07
21316,4.89E+07
21317,5.77E+07
21318,5.63E+07
21319,5.09E+07
21320,3.44E+07
21321,3.44E+07
21322,3.42E+07
21323,3.80E+07
21324,2.92E+07
21325,4.56E+07
21326,5.27E+07
21327,5.55E+07
21328,5.43E+07
21329,5.24E+07
21330,4.84E+07
21331,4.72E+07
21332,4.14E+07
21333,4.71E+07
21334,3.95E+07
21335,6.13E+07
21336,5.83E+07
21337,6.14E+07
21338,4.40E+07
21339,4.28E+07
21340,4.55E+07
21341,4.62E+07
21342,6.34E+07
21343,5.28E+07
21344,4.59E+07
21345,4.49E+07
21346,4.80E+07
21347,5.60E+07
21348,6.50E+07
21349,7.27E+07
21350,5.67E+07
21351,6.16E+07
21352,5.83E+07
21353,6.96E+07
21354,7.76E+07
21355,7.52E+07
21356,7.35E+07
21357,5.88E+07
21358,6.13E+07
21359,6.07E+07
21360,7.17E+07
21361,7.14E+07
21362,5.39E+07
21363,5.69E+07
21364,5.15E+07
21365,5.33E+07
21366,5.43E+07
21367,6.04E+07
21368,7.59E+07
21369,8.01E+07
21370,7.37E+07
21371,6.66E+07
21372,7.29E+07
21373,5.55E+07
21374,6.79E+07
21375,6.03E+07
21376,5.73E+07
21377,8.01E+07
21378,7.61E+07
21379,5.73E+07
21380,6.85E+07
21381,5.85E+07
21382,7.62E+07
21383,8.04E+07
21384,7.98E+07
21385,7.74E+07
21386,5.81E+07
21387,6.49E+07
21388,5.83E+07
21389,7.39E+07
21390,7.03E+07
21391,7.28E+07
21392,5.64E+07
21393,5.72E+07
21394,6.49E+07
21395,5.67E+07
21396,4.38E+07
21397,5.16E+07
21398,7.40E+07
21399,7.41E+07
21400,5.77E+07
21401,4.75E+07
21402,7.26E+07
21403,6.76E+07
21404,5.28E+07
21405,7.57E+07
21406,5.39E+07
21407,5.41E+07
21408,6.53E+07
21409,5.54E+07
21410,7.05E+07
21411,7.43E+07
21412,7.01E+07
21413,7.65E+07
21414,6.63E+07
21415,6.72E+07
21416,6.28E+07
21417,5.40E+07
21418,6.80E+07
21419,7.40E+07
21420,5.91E+07
21421,7.71E+07
21422,6.60E+07
21423,7.04E+07
21424,5.08E+07
21425,6.20E+07
21426,6.55E+07
21427,5.29E+07
21428,8.80E+07
21429,7.77E+07
21430,7.79E+07
21431,5.56E+07
21432,6.17E+07
21433,6.95E+07
21434,5.79E+07
21435,7.46E+07
21436,5.88E+07
21437,6.88E+07
21438,6.52E+07
21439,6.81E+07
21440,5.09E+07
21441,6.16E+07
21442,6.43E+07
21443,6.30E+07
21444,4.89E+07
21445,4.89E+07
21446,5.48E+07
21447,6.51E+07
21448,8.10E+07
21449,8.22E+07
21450,6.54E+07
21451,5.46E+07
21452,6.37E+07
21453,6.69E+07
21454,7.52E+07
21455,7.09E+07
21456,7.46E+07
21457,8.05E+07
21458,6.47E+07
21459,5.13E+07
21460,5.33E+07
21461,6.11E+07
21462,5.24E+07
21463,5.90E+07
21464,7.70E+07
21465,7.54E+07
21466,8.04E+07
21467,7.38E+07
21468,5.30E+07
21469,4.99E+07
21470,6.82E+07
21471,7.24E+07
21472,5.15E+07
21473,5.26E+07
21474,6.66E+07
21475,4.23E+07
21476,7.14E+07
21477,7.34E+07
21478,7.83E+07
21479,7.78E+07
21480,7.46E+07
21481,6.97E+07
21482,5.81E+07
21483,6.55E+07
21484,5.63E+07
21485,5.16E+07
21486,7.16E+07
21487,7.32E+07
21488,4.87E+07
21489,5.06E+07
21490,5.32E+07
21491,7.70E+07
21492,7.39E+07
21493,6.70E+07
21494,6.26E+07
21495,5.22E+07
21496,4.88E+07
21497,5.65E+07
21498,3.72E+07
21499,2.78E+07
21500,3.03E+07
21501,2.50E+07
21502,3.01E+07
21503,3.22E+07
21504,2.24E+07
21505,2.23E+07
21506,4.43E+07
21507,3.10E+07
21508,3.69E+07
21509,3.62E+07
21510,3.64E+07
21511,3.83E+07
21512,4.17E+07
21513,4.25E+07
21514,4.44E+07
21515,2.81E+07
21516,3.59E+07
21517,3.06E+07
21518,3.49E+07
21519,3.98E+07
21520,3.47E+07
21521,2.57E+07
21522,3.48E+07
21523,3.29E+07
21524,2.63E+07
21525,2.43E+07
21526,2.58E+07
21527,2.70E+07
21528,2.52E+07
21529,2.77E+07
21530,2.79E+07
21531,2.24E+07
21532,2.07E+07
21533,1.87E+07
21534,1.91E+07
21535,2.14E+07
21536,4.10E+07
21537,4.25E+07
21538,2.91E+07
21539,4.33E+07
21540,2.94E+07
21541,3.63E+07
21542,2.97E+07
21543,3.32E+07
21544,2.84E+07
21545,2.35E+07
21546,2.35E+07
21547,7.28E+07
21548,7.58E+07
21549,6.92E+07
21550,7.82E+07
21551,6.87E+07
21552,5.14E+07
21553,4.31E+07
21554,4.89E+07
21555,5.13E+07
21556,3.99E+07
21557,6.30E+07
21558,7.77E+07
21559,7.79E+07
21560,5.51E+07
21561,4.27E+07
21562,5.09E+07
21563,4.75E+07
21564,6.50E+07
21565,7.84E+07
21566,7.87E+07
21567,7.44E+07
21568,7.61E+07
21569,5.77E+07
21570,6.80E+07
21571,4.57E+07
21572,7.43E+07
21573,5.13E+07
21574,7.13E+07
21575,7.34E+07
21576,5.10E+07
21577,5.70E+07
21578,7.48E+07
21579,5.42E+07
21580,8.43E+07
21581,6.18E+07
21582,7.37E+07
21583,5.64E+07
21584,6.62E+07
21585,8.28E+07
21586,6.66E+07
21587,5.97E+07
21588,7.10E+07
21589,5.85E+07
21590,7.45E+07
21591,7.16E+07
21592,5.11E+07
21593,6.63E+07
21594,5.25E+07
21595,6.04E+07
21596,5.95E+07
21597,4.14E+07
21598,4.01E+07
21599,4.13E+07
21600,3.78E+07
21601,3.15E+07
21602,4.41E+07
21603,3.14E+07
21604,3.35E+07
21605,3.25E+07
21606,3.27E+07
21607,2.35E+07
21608,2.56E+07
21609,2.71E+07
21610,2.31E+07
21611,2.58E+07
21612,2.01E+07
21613,4.83E+07
21614,4.74E+07
21615,5.38E+07
21616,4.91E+07
21617,3.30E+07
21618,3.50E+07
21619,3.29E+07
21620,2.82E+07
21621,2.89E+07
21622,5.20E+07
21623,5.37E+07
21624,5.42E+07
21625,5.60E+07
21626,5.10E+07
21627,3.94E+07
21628,3.69E+07
21629,3.44E+07
21630,5.10E+07
21631,5.09E+07
21632,5.13E+07
21633,4.63E+07
21634,3.13E+07
21635,3.58E+07
21636,2.98E+07
21637,6.77E+07
21638,7.32E+07
21639,4.47E+07
21640,4.98E+07
21641,6.16E+07
21642,5.08E+07
21643,3.58E+07
21644,5.13E+07
21645,5.01E+07
21646,4.48E+07
21647,4.45E+07
21648,5.25E+07
21649,7.22E+07
21650,7.55E+07
21651,7.19E+07
21652,6.65E+07
21653,5.03E+07
21654,5.27E+07
21655,5.64E+07
21656,4.31E+07
21657,6.56E+07
21658,6.85E+07
21659,6.63E+07
21660,5.12E+07
21661,4.85E+07
21662,5.46E+07
21663,4.27E+07
21664,6.36E+07
21665,6.09E+07
21666,6.59E+07
21667,4.83E+07
21668,5.28E+07
21669,3.76E+07
21670,4.59E+07
21671,3.69E+07
21672,6.29E+07
21673,6.54E+07
21674,6.84E+07
21675,5.16E+07
21676,5.56E+07
21677,4.60E+07
21678,5.29E+07
21679,6.50E+07
21680,4.52E+07
21681,5.05E+07
21682,4.73E+07
21683,4.63E+07
21684,5.28E+07
21685,6.68E+07
21686,5.54E+07
21687,4.61E+07
21688,4.89E+07
21689,4.74E+07
21690,3.91E+07
21691,7.00E+07
21692,6.76E+07
21693,6.32E+07
21694,5.66E+07
21695,4.75E+07
21696,4.12E+07
21697,7.39E+07
21698,6.57E+07
21699,7.24E+07
21700,5.59E+07
21701,4.63E+07
21702,5.04E+07
21703,7.33E+07
21704,5.60E+07
21705,5.18E+07
21706,7.19E+07
21707,7.50E+07
21708,5.61E+07
21709,6.08E+07
21710,5.75E+07
21711,7.31E+07
21712,7.89E+07
21713,6.05E+07
21714,6.74E+07
21715,5.11E+07
21716,5.72E+07
21717,8.17E+07
21718,7.90E+07
21719,5.97E+07
21720,6.82E+07
21721,7.74E+07
21722,5.62E+07
21723,6.10E+07
21724,5.23E+07
21725,7.51E+07
21726,7.56E+07
21727,6.23E+07
21728,6.42E+07
21729,5.06E+07
21730,5.14E+07
21731,4.30E+07
21732,7.89E+07
21733,7.91E+07
21734,5.94E+07
21735,6.74E+07
21736,5.91E+07
21737,5.50E+07
21738,6.89E+07
21739,6.52E+07
21740,8.02E+07
21741,6.03E+07
21742,6.30E+07
21743,6.80E+07
21744,7.55E+07
21745,7.83E+07
21746,8.09E+07
21747,7.50E+07
21748,5.72E+07
21749,6.42E+07
21750,5.38E+07
21751,6.14E+07
21752,4.51E+07
21753,5.23E+07
21754,5.14E+07
21755,5.16E+07
21756,4.74E+07
21757,3.33E+07
21758,3.84E+07
21759,3.75E+07
21760,4.48E+07
21761,4.57E+07
21762,4.65E+07
21763,5.19E+07
21764,4.66E+07
21765,4.28E+07
21766,3.55E+07
21767,3.97E+07
21768,2.56E+07
21769,2.40E+07
21770,2.02E+07
21771,3.04E+07
21772,2.26E+07
21773,3.04E+07
21774,2.64E+07
21775,2.25E+07
21776,2.70E+07
21777,3.49E+07
21778,3.63E+07
21779,3.54E+07
21780,2.88E+07
21781,4.03E+07
21782,2.79E+07
21783,2.39E+07
21784,2.72E+07
21785,7.87E+07
21786,7.38E+07
21787,7.48E+07
21788,7.32E+07
21789,5.51E+07
21790,4.51E+07
21791,5.52E+07
21792,4.95E+07
21793,7.63E+07
21794,7.25E+07
21795,5.42E+07
21796,6.17E+07
21797,7.29E+07
21798,4.95E+07
21799,7.63E+07
21800,4.74E+07
21801,5.85E+07
21802,8.28E+07
21803,7.13E+07
21804,5.84E+07
21805,4.63E+07
21806,6.30E+07
21807,4.98E+07
21808,3.90E+07
21809,5.40E+07
21810,4.85E+07
21811,4.84E+07
21812,5.20E+07
21813,2.83E+07
21814,3.33E+07
21815,4.37E+07
21816,2.54E+07
21817,4.63E+07
21818,2.41E+07
21819,5.79E+07
21820,5.37E+07
21821,3.31E+07
21822,4.78E+07
21823,2.95E+07
21824,5.74E+07
21825,6.65E+07
21826,6.53E+07
21827,4.05E+07
21828,3.89E+07
21829,3.22E+07
21830,5.00E+07
21831,3.32E+07
21832,3.07E+07
21833,2.80E+07
21834,7.05E+07
21835,7.35E+07
21836,7.22E+07
21837,7.14E+07
21838,6.14E+07
21839,5.72E+07
21840,5.71E+07
21841,6.23E+07
21842,5.47E+07
21843,6.67E+07
21844,6.76E+07
21845,7.13E+07
21846,7.02E+07
21847,7.00E+07
21848,5.38E+07
21849,5.19E+07
21850,5.51E+07
21851,5.08E+07
21852,5.85E+07
21853,6.47E+07
21854,7.30E+07
21855,7.26E+07
21856,7.57E+07
21857,7.41E+07
21858,5.10E+07
21859,5.74E+07
21860,7.70E+07
21861,7.56E+07
21862,5.54E+07
21863,6.55E+07
21864,7.17E+07
21865,6.09E+07
21866,8.08E+07
21867,5.92E+07
21868,5.72E+07
21869,6.22E+07
21870,8.14E+07
21871,4.79E+07
21872,4.31E+07
21873,4.17E+07
21874,3.36E+07
21875,3.61E+07
21876,3.38E+07
21877,4.47E+07
21878,4.62E+07
21879,4.77E+07
21880,5.06E+07
21881,3.21E+07
21882,3.80E+07
21883,3.20E+07
21884,2.56E+07
21885,3.14E+07
21886,5.19E+07
21887,5.31E+07
21888,5.48E+07
21889,4.48E+07
21890,3.64E+07
21891,4.10E+07
21892,3.24E+07
21893,5.21E+07
21894,5.04E+07
21895,5.10E+07
21896,4.51E+07
21897,3.28E+07
21898,3.55E+07
21899,3.29E+07
21900,3.36E+07
21901,5.48E+07
21902,3.45E+07
21903,3.73E+07
21904,3.85E+07
21905,4.32E+07
21906,5.41E+07
21907,6.85E+07
21908,6.71E+07
21909,5.86E+07
21910,6.65E+07
21911,4.89E+07
21912,5.59E+07
21913,3.78E+07
21914,4.49E+07
21915,6.10E+07
21916,6.13E+07
21917,5.55E+07
21918,5.86E+07
21919,3.82E+07
21920,5.18E+07
21921,3.09E+07
21922,4.87E+07
21923,3.09E+07
21924,3.30E+07
21925,5.75E+07
21926,5.23E+07
21927,3.77E+07
21928,4.83E+07
21929,2.92E+07
21930,4.70E+07
21931,2.56E+07
21932,5.46E+07
21933,5.40E+07
21934,3.97E+07
21935,6.00E+07
21936,3.65E+07
21937,3.92E+07
21938,3.51E+07
21939,6.25E+07
21940,5.48E+07
21941,4.69E+07
21942,3.58E+07
21943,4.56E+07
21944,7.44E+07
21945,7.91E+07
21946,7.15E+07
21947,6.86E+07
21948,6.90E+07
21949,5.14E+07
21950,4.88E+07
21951,5.03E+07
21952,7.71E+07
21953,7.70E+07
21954,7.23E+07
21955,6.86E+07
21956,6.12E+07
21957,5.89E+07
21958,6.35E+07
21959,7.51E+07
21960,5.92E+07
21961,5.25E+07
21962,5.36E+07
21963,6.65E+07
21964,7.89E+07
21965,7.92E+07
21966,7.86E+07
21967,5.92E+07
21968,6.77E+07
21969,4.97E+07
21970,5.71E+07
21971,6.21E+07
21972,7.57E+07
21973,7.36E+07
21974,8.20E+07
21975,7.65E+07
21976,8.08E+07
21977,7.06E+07
21978,5.49E+07
21979,5.52E+07
21980,5.01E+07
21981,6.49E+07
21982,8.03E+07
21983,8.25E+07
21984,7.27E+07
21985,5.32E+07
21986,5.81E+07
21987,6.41E+07
21988,6.02E+07
21989,7.06E+07
21990,6.94E+07
21991,6.85E+07
21992,7.36E+07
21993,5.26E+07
21994,4.84E+07
21995,4.78E+07
21996,6.90E+07
21997,7.01E+07
21998,4.78E+07
21999,4.93E+07
22000,4.72E+07
22001,6.33E+07
22002,4.90E+07
22003,3.93E+07
22004,6.08E+07
22005,6.14E+07
22006,6.82E+07
22007,6.22E+07
22008,4.71E+07
22009,6.80E+07
22010,5.84E+07
22011,4.98E+07
22012,4.75E+07
22013,4.15E+07
22014,3.94E+07
22015,2.92E+07
22016,2.86E+07
22017,2.66E+07
22018,2.00E+07
22019,2.69E+07
22020,4.24E+07
22021,4.06E+07
22022,2.98E+07
22023,3.19E+07
22024,2.55E+07
22025,3.66E+07
22026,4.86E+07
22027,3.50E+07
22028,3.69E+07
22029,2.34E+07
22030,2.38E+07
22031,2.43E+07
22032,5.37E+07
22033,4.27E+07
22034,2.98E+07
22035,2.56E+07
22036,1.51E+07
22037,2.68E+07
22038,1.89E+07
22039,7.44E+06
22040,2.30E+07
22041,9.23E+06
22042,5.78E+07
22043,7.27E+07
22044,6.80E+07
22045,5.29E+07
22046,4.91E+07
22047,5.55E+07
22048,5.73E+07
22049,4.95E+07
22050,4.99E+07
22051,4.15E+07
22052,3.27E+07
22053,3.18E+07
22054,3.54E+07
22055,3.09E+07
22056,2.65E+07
22057,4.34E+07
22058,4.56E+07
22059,3.54E+07
22060,4.59E+07
22061,4.19E+07
22062,6.62E+07
22063,6.84E+07
22064,4.96E+07
22065,5.10E+07
22066,4.17E+07
22067,4.98E+07
22068,4.39E+07
22069,6.71E+07
22070,6.61E+07
22071,5.33E+07
22072,6.26E+07
22073,4.45E+07
22074,4.32E+07
22075,7.61E+07
22076,5.56E+07
22077,5.13E+07
22078,6.67E+07
22079,5.33E+07
22080,4.22E+07
22081,5.56E+07
22082,4.14E+07
22083,6.40E+07
22084,6.48E+07
22085,5.07E+07
22086,5.79E+07
22087,5.83E+07
22088,5.45E+07
22089,6.38E+07
22090,7.49E+07
22091,6.69E+07
22092,5.19E+07
22093,5.44E+07
22094,5.90E+07
22095,6.21E+07
22096,5.43E+07
22097,5.01E+07
22098,6.34E+07
22099,6.36E+07
22100,3.38E+07
22101,4.67E+07
22102,4.02E+07
22103,4.39E+07
22104,3.85E+07
22105,3.41E+07
22106,3.87E+07
22107,4.01E+07
22108,5.22E+07
22109,3.01E+07
22110,2.13E+07
22111,2.14E+07
22112,2.00E+07
22113,2.20E+07
22114,7.83E+07
22115,7.45E+07
22116,5.96E+07
22117,6.62E+07
22118,5.43E+07
22119,5.79E+07
22120,4.64E+07
22121,7.69E+07
22122,6.50E+07
22123,5.41E+07
22124,6.36E+07
22125,6.74E+07
22126,6.96E+07
22127,7.51E+07
22128,6.06E+07
22129,6.02E+07
22130,5.89E+07
22131,5.62E+07
22132,6.88E+07
22133,7.35E+07
22134,6.95E+07
22135,6.29E+07
22136,4.55E+07
22137,4.77E+07
22138,5.31E+07
22139,4.91E+07
22140,5.56E+07
22141,7.34E+07
22142,7.79E+07
22143,6.97E+07
22144,6.23E+07
22145,6.89E+07
22146,5.39E+07
22147,5.45E+07
22148,4.83E+07
22149,5.05E+07
22150,7.25E+07
22151,7.53E+07
22152,7.69E+07
22153,7.23E+07
22154,7.25E+07
22155,5.84E+07
22156,5.13E+07
22157,6.26E+07
22158,3.64E+07
22159,3.34E+07
22160,3.67E+07
22161,2.75E+07
22162,3.09E+07
22163,2.81E+07
22164,2.59E+07
22165,4.19E+07
22166,4.23E+07
22167,3.96E+07
22168,3.89E+07
22169,2.28E+07
22170,2.83E+07
22171,2.42E+07
22172,4.69E+07
22173,4.62E+07
22174,4.19E+07
22175,3.81E+07
22176,6.29E+07
22177,4.13E+07
22178,6.94E+07
22179,5.34E+07
22180,4.34E+07
22181,7.20E+07
22182,7.11E+07
22183,6.66E+07
22184,7.41E+07
22185,5.87E+07
22186,7.43E+07
22187,4.70E+07
22188,6.06E+07
22189,6.20E+07
22190,5.04E+07
22191,6.16E+07
22192,5.06E+07
22193,3.13E+07
22194,4.74E+07
22195,5.65E+07
22196,4.09E+07
22197,4.81E+07
22198,6.49E+07
22199,5.74E+07
22200,3.53E+07
22201,5.45E+07
22202,4.81E+07
22203,3.70E+07
22204,3.39E+07
22205,3.54E+07
22206,5.27E+07
22207,3.87E+07
22208,4.14E+07
22209,3.22E+07
22210,3.63E+07
22211,4.17E+07
22212,7.92E+07
22213,7.60E+07
22214,7.38E+07
22215,7.89E+07
22216,5.00E+07
22217,4.91E+07
22218,4.79E+07
22219,5.26E+07
22220,9.49E+07
22221,7.90E+07
22222,6.73E+07
22223,6.09E+07
22224,5.91E+07
22225,5.58E+07
22226,6.76E+07
22227,7.27E+07
22228,7.32E+07
22229,6.00E+07
22230,5.07E+07
22231,4.27E+07
22232,5.71E+07
22233,4.02E+07
22234,3.96E+07
22235,3.43E+07
22236,5.42E+07
22237,4.31E+07
22238,4.30E+07
22239,4.59E+07
22240,3.69E+07
22241,5.39E+07
22242,3.29E+07
22243,5.26E+07
22244,4.19E+07
22245,4.68E+07
22246,3.52E+07
22247,3.77E+07
22248,2.95E+07
22249,2.16E+07
22250,3.19E+07
22251,2.35E+07
22252,1.84E+07
22253,2.07E+07
22254,3.55E+07
22255,2.82E+07
22256,3.43E+07
22257,2.62E+07
22258,2.43E+07
22259,4.16E+07
22260,7.67E+07
22261,7.65E+07
22262,6.82E+07
22263,6.07E+07
22264,5.85E+07
22265,5.39E+07
22266,3.71E+07
22267,2.51E+07
22268,2.36E+07
22269,3.02E+07
22270,1.95E+07
22271,2.45E+07
22272,2.54E+07
22273,2.57E+07
22274,1.94E+07
22275,2.62E+07
22276,4.07E+07
22277,4.23E+07
22278,3.00E+07
22279,4.07E+07
22280,3.43E+07
22281,4.59E+07
22282,4.90E+07
22283,4.76E+07
22284,3.80E+07
22285,5.47E+07
22286,4.97E+07
22287,4.46E+07
22288,5.22E+07
22289,6.27E+07
22290,5.17E+07
22291,5.22E+07
22292,5.25E+07
22293,6.33E+07
22294,5.92E+07
22295,5.41E+07
22296,5.07E+07
22297,5.82E+07
22298,5.60E+07
22299,4.82E+07
22300,3.19E+07
22301,2.62E+07
22302,3.16E+07
22303,3.47E+07
22304,2.40E+07
22305,2.68E+07
22306,2.71E+07
22307,3.05E+07
22308,1.90E+07
22309,1.88E+07
22310,2.53E+07
22311,2.51E+07
22312,2.92E+07
22313,2.32E+07
22314,2.60E+07
22315,4.33E+07
22316,5.21E+07
22317,5.19E+07
22318,4.78E+07
22319,4.37E+07
22320,6.38E+07
22321,5.23E+07
22322,6.55E+07
22323,2.11E+07
22324,2.24E+07
22325,4.57E+07
22326,5.94E+06
22327,4.30E+07
22328,3.02E+07
22329,2.02E+07
22330,1.28E+07
22331,3.12E+07
22332,4.51E+07
22333,4.70E+07
22334,3.94E+07
22335,4.44E+07
22336,2.66E+07
22337,3.60E+07
22338,2.62E+07
22339,4.56E+07
22340,4.08E+07
22341,2.58E+07
22342,3.81E+07
22343,4.98E+07
22344,3.49E+07
22345,2.83E+07
22346,5.16E+07
22347,3.70E+07
22348,5.09E+07
22349,7.70E+07
22350,7.31E+07
22351,7.70E+07
22352,5.61E+07
22353,7.15E+07
22354,5.57E+07
22355,5.56E+07
22356,5.01E+07
22357,2.42E+07
22358,3.45E+07
22359,4.85E+07
22360,3.40E+07
22361,3.64E+07
22362,2.86E+07
22363,3.89E+07
22364,7.13E+07
22365,6.08E+07
22366,7.28E+07
22367,6.17E+07
22368,7.27E+07
22369,7.29E+07
22370,6.83E+07
22371,6.99E+07
22372,6.32E+07
22373,5.98E+07
22374,7.20E+07
22375,6.09E+07
22376,7.27E+07
22377,7.18E+07
22378,6.47E+07
22379,6.06E+07
22380,4.30E+07
22381,3.56E+07
22382,4.99E+07
22383,4.00E+07
22384,3.60E+07
22385,4.60E+07
22386,3.60E+07
22387,5.79E+07
22388,5.09E+07
22389,4.24E+07
22390,3.86E+07
22391,3.66E+07
22392,3.46E+07
22393,3.51E+07
22394,3.89E+07
22395,3.39E+07
22396,3.57E+07
22397,3.68E+07
22398,3.60E+07
22399,3.80E+07
22400,3.95E+07
22401,3.54E+07
22402,3.62E+07
22403,3.89E+07
22404,3.69E+07
22405,3.92E+07
22406,3.60E+07
22407,3.45E+07
22408,3.25E+07
22409,1.95E+07
22410,3.63E+07
22411,4.78E+07
22412,2.46E+07
22413,1.92E+07
22414,4.61E+07
22415,4.12E+07
22416,4.73E+07
22417,6.18E+07
22418,5.41E+07
22419,4.93E+07
22420,6.08E+07
22421,3.55E+07
22422,3.62E+07
22423,3.35E+07
22424,3.14E+07
22425,2.23E+07
22426,3.96E+07
22427,3.08E+07
22428,2.88E+07
22429,3.23E+07
22430,8.13E+07
22431,7.52E+07
22432,7.57E+07
22433,5.81E+07
22434,5.98E+07
22435,1.77E+07
22436,1.44E+07
22437,4.24E+07
22438,2.26E+07
22439,1.64E+07
22440,1.45E+07
22441,2.36E+07
22442,2.27E+07
22443,1.90E+07
22444,1.56E+07
22445,1.96E+07
22446,1.83E+07
22447,1.69E+07
22448,2.00E+07
22449,1.70E+07
22450,2.99E+07
22451,3.07E+07
22452,3.05E+07
22453,2.62E+07
22454,3.08E+07
22455,3.29E+07
22456,2.43E+07
22457,2.71E+07
22458,2.67E+07
22459,2.47E+07
22460,2.71E+07
22461,7.17E+07
22462,7.56E+07
22463,7.05E+07
22464,5.10E+07
22465,5.56E+07
22466,7.16E+07
22467,7.49E+07
22468,5.92E+07
22469,6.59E+07
22470,5.57E+07
22471,5.28E+07
22472,5.01E+07
22473,3.22E+07
22474,2.84E+07
22475,3.11E+07
22476,3.32E+07
22477,3.26E+07
22478,3.44E+07
22479,7.18E+07
22480,6.82E+07
22481,6.57E+07
22482,5.78E+07
22483,5.75E+07
22484,6.68E+07
22485,3.91E+07
22486,4.18E+07
22487,4.09E+07
22488,5.63E+07
22489,4.51E+07
22490,6.39E+07
22491,2.42E+07
22492,1.42E+07
22493,1.49E+07
22494,1.32E+07
22495,3.07E+07
22496,6.81E+07
22497,6.51E+07
22498,6.60E+07
22499,5.51E+07
22500,6.24E+07
22501,5.23E+07
22502,5.05E+07
22503,6.07E+07
22504,6.28E+07
22505,4.68E+07
22506,4.79E+07
22507,4.00E+07
22508,4.23E+07
22509,6.06E+07
22510,4.76E+07
22511,4.84E+07
22512,4.58E+07
22513,4.37E+07
22514,3.63E+07
22515,3.38E+07
22516,3.34E+07
22517,3.42E+07
22518,5.88E+07
22519,5.27E+07
22520,4.12E+07
22521,3.92E+07
22522,4.48E+07
22523,4.43E+07
22524,6.86E+07
22525,6.58E+07
22526,7.11E+07
22527,6.67E+07
22528,5.68E+07
22529,4.99E+07
22530,5.65E+07
22531,5.65E+07
22532,5.41E+07
22533,3.90E+07
22534,4.45E+07
22535,3.59E+07
22536,6.46E+07
22537,6.40E+07
22538,6.46E+07
22539,5.37E+07
22540,5.77E+07
22541,6.94E+07
22542,4.98E+07
22543,5.76E+07
22544,6.63E+07
22545,5.73E+07
22546,7.28E+07
22547,6.68E+07
22548,7.48E+07
22549,7.37E+07
22550,6.84E+07
22551,6.42E+07
22552,5.30E+07
22553,5.59E+07
22554,6.72E+07
22555,5.03E+07
22556,7.07E+07
22557,5.67E+07
22558,5.57E+07
22559,5.00E+07
22560,5.17E+07
22561,4.58E+07
22562,4.10E+07
22563,3.71E+07
22564,3.70E+07
22565,3.36E+07
22566,3.16E+07
22567,7.47E+07
22568,7.23E+07
22569,6.97E+07
22570,5.82E+07
22571,5.81E+07
22572,5.53E+07
22573,6.40E+07
22574,5.39E+07
22575,2.38E+07
22576,2.01E+07
22577,2.26E+07
22578,3.57E+07
22579,3.00E+07
22580,1.93E+07
22581,2.80E+07
22582,3.64E+07
22583,2.35E+07
22584,2.46E+07
22585,3.08E+07
22586,2.47E+07
22587,4.32E+07
22588,5.14E+07
22589,5.04E+07
22590,5.43E+07
22591,5.03E+07
22592,5.06E+07
22593,4.70E+07
22594,5.87E+07
22595,5.23E+07
22596,2.32E+07
22597,2.19E+07
22598,2.60E+07
22599,2.46E+07
22600,1.43E+07
22601,2.44E+07
22602,1.81E+07
22603,2.84E+07
22604,1.68E+07
22605,1.95E+07
22606,2.66E+07
22607,2.46E+07
22608,7.16E+07
22609,6.26E+07
22610,6.42E+07
22611,5.46E+07
22612,5.42E+07
22613,7.96E+07
22614,5.54E+07
22615,4.40E+07
22616,3.67E+07
22617,7.15E+07
22618,6.31E+07
22619,5.60E+07
22620,5.34E+07
22621,5.63E+07
22622,2.77E+07
22623,2.22E+07
22624,3.23E+07
22625,2.53E+07
22626,2.71E+07
22627,2.42E+07
22628,2.20E+07
22629,3.62E+07
22630,6.80E+07
22631,6.80E+07
22632,6.00E+07
22633,4.29E+07
22634,4.96E+07
22635,5.39E+07
22636,4.65E+07
22637,4.43E+07
22638,9.23E+07
22639,7.75E+07
22640,7.72E+07
22641,7.68E+07
22642,6.71E+07
22643,5.21E+07
22644,4.99E+07
22645,5.49E+07
22646,6.99E+07
22647,7.42E+07
22648,5.52E+07
22649,4.78E+07
22650,5.12E+07
22651,7.53E+07
22652,5.97E+07
22653,6.77E+07
22654,5.09E+07
22655,6.13E+07
22656,7.38E+07
22657,7.64E+07
22658,5.29E+07
22659,5.48E+07
22660,6.02E+07
22661,5.31E+07
22662,5.56E+07
22663,4.87E+07
22664,4.31E+07
22665,4.79E+07
22666,3.22E+07
22667,3.59E+07
22668,4.63E+07
22669,4.66E+07
22670,4.24E+07
22671,2.31E+07
22672,1.84E+07
22673,2.24E+07
22674,2.41E+07
22675,1.96E+07
22676,2.25E+07
22677,2.46E+07
22678,1.91E+07
22679,3.50E+07
22680,3.28E+07
22681,5.65E+07
22682,5.14E+07
22683,4.53E+07
22684,6.47E+07
22685,4.67E+07
22686,4.50E+07
22687,7.92E+07
22688,6.40E+07
22689,5.19E+07
22690,6.96E+07
22691,4.79E+07
22692,5.42E+07
22693,7.76E+07
22694,6.96E+07
22695,5.85E+07
22696,6.44E+07
22697,5.15E+07
22698,3.77E+07
22699,4.27E+07
22700,3.47E+07
22701,2.86E+07
22702,2.56E+07
22703,3.01E+07
22704,5.67E+07
22705,4.57E+07
22706,3.72E+07
22707,4.32E+07
22708,3.42E+07
22709,3.64E+07
22710,3.56E+07
22711,6.66E+07
22712,7.38E+07
22713,5.91E+07
22714,5.96E+07
22715,5.64E+07
22716,6.38E+07
22717,5.65E+07
22718,7.14E+07
22719,4.68E+07
22720,6.00E+07
22721,6.20E+07
22722,4.20E+07
22723,4.50E+07
22724,6.76E+07
22725,5.01E+07
22726,3.42E+07
22727,2.72E+07
22728,2.81E+07
22729,4.79E+07
22730,4.86E+07
22731,3.55E+07
22732,4.93E+07
22733,3.29E+07
22734,3.40E+07
22735,2.42E+07
22736,2.40E+07
22737,2.63E+07
22738,2.70E+07
22739,2.29E+07
22740,2.62E+07
22741,5.28E+07
22742,5.46E+07
22743,5.13E+07
22744,4.85E+07
22745,3.69E+07
22746,3.46E+07
22747,3.98E+07
22748,3.96E+07
22749,5.29E+07
22750,4.76E+07
22751,3.93E+07
22752,3.95E+07
22753,7.68E+07
22754,6.74E+07
22755,5.58E+07
22756,6.33E+07
22757,8.06E+07
22758,8.13E+07
22759,6.32E+07
22760,5.89E+07
22761,6.55E+07
22762,5.57E+07
22763,4.07E+07
22764,4.04E+07
22765,4.46E+07
22766,3.80E+07
22767,5.52E+07
22768,5.37E+07
22769,4.56E+07
22770,6.41E+07
22771,5.72E+07
22772,4.31E+07
22773,5.15E+07
22774,6.57E+07
22775,6.68E+07
22776,5.61E+07
22777,4.63E+07
22778,5.17E+07
22779,4.84E+07
22780,3.44E+07
22781,4.76E+07
22782,3.48E+07
22783,3.21E+07
22784,3.90E+07
22785,3.61E+07
22786,2.98E+07
22787,2.73E+07
22788,2.97E+07
22789,2.51E+07
22790,7.71E+07
22791,5.87E+07
22792,6.35E+07
22793,6.00E+07
22794,5.79E+07
22795,7.13E+07
22796,7.00E+07
22797,4.73E+07
22798,6.33E+07
22799,5.06E+07
22800,4.22E+07
22801,6.25E+07
22802,6.42E+07
22803,5.15E+07
22804,5.55E+07
22805,4.54E+07
22806,7.60E+07
22807,6.32E+07
22808,7.32E+07
22809,5.05E+07
22810,8.00E+07
22811,6.52E+07
22812,5.70E+07
22813,5.73E+07
22814,2.62E+07
22815,2.91E+07
22816,1.98E+07
22817,1.85E+07
22818,1.99E+07
22819,1.92E+07
22820,1.76E+07
22821,3.43E+07
22822,3.09E+07
22823,2.87E+07
22824,4.35E+07
22825,3.28E+07
22826,3.34E+07
22827,3.77E+07
22828,3.15E+07
22829,2.16E+07
22830,2.31E+07
22831,2.04E+07
22832,2.15E+07
22833,8.33E+07
22834,8.17E+07
22835,6.65E+07
22836,6.38E+07
22837,7.88E+07
22838,6.03E+07
22839,5.86E+07
22840,6.35E+07
22841,6.87E+07
22842,6.48E+07
22843,5.09E+07
22844,5.35E+07
22845,5.06E+07
22846,4.47E+07
22847,4.77E+07
22848,6.24E+07
22849,5.19E+07
22850,6.48E+07
22851,4.66E+07
22852,5.13E+07
22853,4.54E+07
22854,6.85E+07
22855,5.76E+07
22856,6.55E+07
22857,5.85E+07
22858,5.18E+07
22859,7.10E+07
22860,7.46E+07
22861,5.09E+07
22862,4.68E+07
22863,5.91E+07
22864,6.61E+07
22865,5.02E+07
22866,7.23E+07
22867,7.82E+07
22868,6.37E+07
22869,6.57E+07
22870,7.80E+07
22871,6.45E+07
22872,5.34E+07
22873,7.18E+07
22874,5.75E+07
22875,6.57E+07
22876,7.55E+07
22877,6.02E+07
22878,6.10E+07
22879,6.16E+07
22880,6.03E+07
22881,6.00E+07
22882,5.01E+07
22883,4.92E+07
22884,4.32E+07
22885,4.33E+07
22886,4.46E+07
22887,3.73E+07
22888,6.04E+07
22889,3.90E+07
22890,4.95E+07
22891,3.88E+07
22892,4.19E+07
22893,6.60E+07
22894,6.89E+07
22895,5.77E+07
22896,4.70E+07
22897,4.97E+07
22898,5.40E+07
22899,6.47E+07
22900,4.66E+07
22901,4.15E+07
22902,4.53E+07
22903,4.71E+07
22904,4.45E+07
22905,5.28E+07
22906,5.79E+07
22907,5.33E+07
22908,4.78E+07
22909,4.24E+07
22910,7.38E+07
22911,5.94E+07
22912,5.43E+07
22913,6.28E+07
22914,4.92E+07
22915,5.95E+07
22916,5.55E+07
22917,5.26E+07
22918,7.69E+07
22919,6.41E+07
22920,6.79E+07
22921,5.54E+07
22922,7.44E+07
22923,4.74E+07
22924,5.82E+07
22925,5.11E+07
22926,6.04E+07
22927,7.80E+07
22928,5.66E+07
22929,6.37E+07
22930,5.67E+07
22931,6.37E+07
22932,5.77E+07
22933,5.49E+07
22934,7.53E+07
22935,5.53E+07
22936,5.05E+07
22937,6.31E+07
22938,6.39E+07
22939,6.89E+07
22940,5.73E+07
22941,4.47E+07
22942,3.92E+07
22943,5.01E+07
22944,5.21E+07
22945,4.35E+07
22946,4.55E+07
22947,4.68E+07
22948,6.76E+07
22949,6.14E+07
22950,5.69E+07
22951,4.90E+07
22952,5.50E+07
22953,5.68E+07
22954,4.75E+07
22955,5.52E+07
22956,4.26E+07
22957,5.15E+07
22958,7.11E+07
22959,5.75E+07
22960,5.91E+07
22961,5.90E+07
22962,4.36E+07
22963,5.15E+07
22964,5.09E+07
22965,5.57E+07
22966,4.06E+07
22967,2.88E+07
22968,4.39E+07
22969,4.83E+07
22970,6.86E+07
22971,5.09E+07
22972,4.78E+07
22973,4.37E+07
22974,3.91E+07
22975,4.61E+07
22976,3.44E+07
22977,6.53E+07
22978,4.51E+07
22979,4.92E+07
22980,4.94E+07
22981,5.06E+07
22982,4.99E+07
22983,5.08E+07
22984,5.13E+07
22985,7.36E+07
22986,5.32E+07
22987,5.22E+07
22988,5.10E+07
22989,5.19E+07
22990,2.35E+07
22991,3.18E+07
22992,2.43E+07
22993,2.38E+07
22994,2.77E+07
22995,2.08E+07
22996,3.19E+07
22997,3.09E+07
22998,4.04E+07
22999,2.71E+07
23000,2.57E+07
23001,2.98E+07
23002,3.91E+07
23003,3.08E+07
23004,3.23E+07
23005,4.08E+07
23006,4.32E+07
23007,7.26E+07
23008,5.31E+07
23009,5.51E+07
23010,6.24E+07
23011,5.92E+07
23012,7.51E+07
23013,5.25E+07
23014,5.86E+07
23015,6.26E+07
23016,8.36E+07
23017,5.24E+07
23018,5.42E+07
23019,6.13E+07
23020,5.20E+07
23021,6.50E+07
23022,7.53E+07
23023,6.93E+07
23024,5.74E+07
23025,5.79E+07
23026,5.71E+07
23027,7.52E+07
23028,6.35E+07
23029,5.03E+07
23030,7.10E+07
23031,5.66E+07
23032,6.39E+07
23033,6.19E+07
23034,5.32E+07
23035,6.29E+07
23036,7.56E+07
23037,6.22E+07
23038,6.92E+07
23039,6.38E+07
23040,7.28E+07
23041,6.72E+07
23042,5.05E+07
23043,5.25E+07
23044,5.78E+07
23045,4.97E+07
23046,5.19E+07
23047,5.35E+07
23048,6.11E+07
23049,5.82E+07
23050,7.23E+07
23051,7.18E+07
23052,5.51E+07
23053,5.40E+07
23054,5.68E+07
23055,6.08E+07
23056,6.92E+07
23057,7.23E+07
23058,5.71E+07
23059,5.76E+07
23060,6.15E+07
23061,5.31E+07
23062,5.47E+07
23063,5.99E+07
23064,5.80E+07
23065,5.44E+07
23066,5.56E+07
23067,3.68E+07
23068,3.56E+07
23069,2.91E+07
23070,2.70E+07
23071,3.01E+07
23072,3.09E+07
23073,2.36E+07
23074,2.54E+07
23075,3.49E+07
23076,3.56E+07
23077,3.10E+07
23078,2.94E+07
23079,3.52E+07
23080,3.11E+07
23081,3.13E+07
23082,2.79E+07
23083,3.38E+07
23084,2.48E+07
23085,2.74E+07
23086,2.48E+07
23087,2.77E+07
23088,2.29E+07
23089,7.13E+07
23090,6.13E+07
23091,5.93E+07
23092,6.04E+07
23093,5.22E+07
23094,5.59E+07
23095,5.59E+07
23096,6.29E+07
23097,6.32E+07
23098,4.18E+07
23099,3.99E+07
23100,3.63E+07
23101,4.33E+07
23102,2.79E+07
23103,6.81E+07
23104,6.76E+07
23105,4.48E+07
23106,6.24E+07
23107,4.91E+07
23108,5.02E+07
23109,4.10E+07
23110,4.09E+07
23111,5.36E+07
23112,6.16E+07
23113,4.79E+07
23114,6.50E+07
23115,2.28E+07
23116,2.90E+07
23117,1.84E+07
23118,2.00E+07
23119,1.80E+07
23120,2.14E+07
23121,7.04E+07
23122,6.44E+07
23123,4.77E+07
23124,5.61E+07
23125,4.74E+07
23126,6.78E+07
23127,4.59E+07
23128,4.95E+07
23129,4.25E+07
23130,4.84E+07
23131,3.43E+07
23132,4.64E+07
23133,3.15E+07
23134,3.86E+07
23135,4.56E+07
23136,4.00E+07
23137,4.57E+07
23138,3.77E+07
23139,3.81E+07
23140,3.79E+07
23141,3.38E+07
23142,2.37E+07
23143,2.53E+07
23144,2.58E+07
23145,4.05E+07
23146,3.59E+07
23147,3.67E+07
23148,3.23E+07
23149,5.21E+07
23150,6.64E+07
23151,5.52E+07
23152,6.06E+07
23153,5.80E+07
23154,7.50E+07
23155,5.34E+07
23156,5.41E+07
23157,4.81E+07
23158,5.71E+07
23159,5.77E+07
23160,3.49E+07
23161,2.48E+07
23162,4.28E+07
23163,2.21E+07
23164,70.384
23165,1.06E+07
23166,5.95E+06
23167,0.89147
23168,2.86E+05
23169,4.63E+05
23170,1.71E+07
23171,1.21E+07
23172,4.21E+07
23173,1.88E+07
23174,3.50E+07
23175,1.77E+07
23176,2.75E+07
23177,4.08E+07
23178,2.66E+07
23179,1.38E+07
23180,2.24E+07
23181,3.47E+07
23182,1.47E+07
23183,3.97E+07
23184,3.90E+07
23185,8.51E+06
23186,2.42E+07
23187,3.55E+07
23188,3.90E+07
23189,3.71E+07
23190,2.86E+07
23191,2.87E+07
23192,4.08E+07
23193,3.36E+07
23194,4.54E+07
23195,2.93E+07
23196,4.13E+07
23197,3.33E+07
23198,4.35E+07
23199,3.21E+07
23200,3.76E+07
23201,2.62E+07
23202,3.23E+07
23203,1.28E+07
23204,1.19E+07
23205,2.09E+07
23206,1.99E+07
23207,1.54E+07
23208,2.44E+06
23209,1.92E+07
23210,2.21E+07
23211,8.31E+06
23212,2.48E+07
23213,5.09E+06
23214,2.47E+07
23215,4.89E+06
23216,4.77E+06
23217,1.11E+07
23218,1.49E+07
23219,2.07E+07
23220,2.30E+07
23221,1.72E+07
23222,2.13E+07
23223,1.28E+07
23224,2.78E+07
23225,2.86E+07
23226,2.22E+07
23227,3.14E+07
23228,2.79E+07
23229,3.17E+07
23230,2.53E+07
23231,2.15E+07
23232,2.82E+07
23233,3.16E+07
23234,2.76E+07
23235,2.31E+07
23236,2.76E+07
23237,3.04E+07
23238,1.79E+07
23239,2.42E+07
23240,1.83E+07
23241,2.21E+07
23242,2.08E+07
23243,1.28E+07
23244,1.31E+07
23245,6.15E+07
23246,5.86E+07
23247,7.45E+07
23248,7.37E+07
23249,7.12E+07
23250,1.32E+07
23251,2.26E+07
23252,7.84E+06
23253,2.44E+07
23254,9.26E+06
23255,2.97E+07
23256,1.34E+07
23257,5.03E+07
23258,3.67E+07
23259,3.84E+07
23260,3.27E+07
23261,1.45E+07
23262,1.07E+07
23263,2.60E+07
23264,4.30E+07
23265,2.85E+07
23266,3.88E+07
23267,3.07E+07
23268,3.31E+07
23269,2.72E+07
23270,3.18E+07
23271,4.65E+07
23272,3.92E+07
23273,4.29E+07
23274,3.91E+07
23275,4.13E+07
23276,3.89E+07
23277,3.60E+07
23278,3.53E+07
23279,3.02E+07
23280,4.50E+07
23281,4.05E+07
23282,4.42E+07
23283,4.29E+07
23284,4.42E+07
23285,4.38E+07
23286,3.65E+07
23287,3.99E+07
23288,5.40E+07
23289,4.69E+07
23290,4.15E+07
23291,3.42E+07
23292,3.27E+07
23293,3.86E+07
23294,3.59E+07
23295,3.63E+07
23296,3.77E+07
23297,3.28E+07
23298,8.89E+06
23299,2.23E+07
23300,1.76E+07
23301,2.34E+07
23302,2.22E+07
23303,3.51E+07
23304,2.65E+07
23305,4.03E+07
23306,2.53E+07
23307,3.35E+07
23308,2.57E+07
23309,2.71E+07
23310,1.19E+07
23311,1.62E+07
23312,3.10E+07
23313,4.34E+07
23314,3.31E+07
23315,3.22E+07
23316,3.04E+07
23317,3.02E+07
23318,1.30E+07
23319,2.27E+07
23320,2.34E+07
23321,2.43E+07
23322,2.67E+05
23323,3.45E+05
23324,81308
23325,3.34E+06
23326,5.81E+06
23327,9.51E+06
23328,4.70E+06
23329,4.10E+07
23330,3.58E+07
23331,2.62E+07
23332,2.81E+07
23333,2.84E+07
23334,1.41E+07
23335,3.70E+06
23336,5.02E+07
23337,4.04E+07
23338,2.64E+07
23339,4.27E+07
23340,2.87E+07
23341,3.77E+07
23342,3.41E+07
23343,3.82E+07
23344,4.60E+07
23345,4.00E+07
23346,4.07E+07
23347,5.10E+07
23348,4.38E+07
23349,4.31E+07
23350,4.29E+07
23351,4.83E+07
23352,5.15E+07
23353,2.79E+07
23354,3.04E+07
23355,2.71E+07
23356,3.56E+07
23357,3.56E+07
23358,4.32E+07
23359,3.69E+07
23360,3.85E+07
23361,3.57E+07
23362,3.71E+07
23363,3.89E+07
23364,3.61E+07
23365,3.20E+07
23366,3.17E+07
23367,3.55E+07
23368,3.32E+07
23369,2.94E+07
23370,3.02E+07
23371,3.35E+07
23372,3.35E+07
23373,2.79E+07
23374,2.99E+07
23375,3.36E+07
23376,3.51E+07
23377,2.99E+07
23378,2.53E+07
23379,2.44E+07
23380,3.08E+07
23381,2.89E+07
23382,3.10E+07
23383,2.28E+07
23384,2.76E+07
23385,2.38E+07
23386,1.44E+06
23387,1.77E+06
23388,3.99E+07
23389,4.08E+07
23390,4.48E+07
23391,4.05E+07
23392,4.33E+07
23393,4.02E+07
23394,3.52E+07
23395,3.86E+07
23396,3.11E+07
23397,3.01E+07
23398,1.39E+07
23399,1.38E+07
23400,2.68E+07
23401,8.95E+06
23402,2.22E+07
23403,1.47E+07
23404,1.27E+07
23405,2.11E+07
23406,2.18E+07
23407,2.81E+07
23408,1.32E+07
23409,1.45E+07
23410,9.51E+06
23411,1.01E+07
23412,2.36E+07
23413,1.11E+07
23414,2.01E+07
23415,1.56E+07
23416,2.26E+07
23417,2.39E+07
23418,1.43E+07
23419,1.72E+07
23420,2.72E+07
23421,3.11E+07
23422,1.28E+07
23423,3.00E+07
23424,2.25E+07
23425,2.29E+07
23426,2.65E+07
23427,2.44E+07
23428,2.80E+07
23429,2.50E+07
23430,3.27E+07
23431,2.96E+07
23432,3.20E+07
23433,2.51E+07
23434,3.55E+07
23435,3.97E+07
23436,3.97E+07
23437,2.67E+07
23438,3.99E+07
23439,3.78E+07
23440,5.52E+07
23441,4.50E+07
23442,3.19E+07
23443,3.38E+07
23444,2.90E+07
23445,3.37E+07
23446,2.34E+07
23447,2.76E+07
23448,3.24E+07
23449,3.48E+07
23450,2.79E+07
23451,3.19E+07
23452,9.90E+06
23453,9.84E+06
23454,1.42E+07
23455,7.35E+06
23456,2.24E+07
23457,8.14E+06
23458,1.95E+07
23459,3.00E+07
23460,3.01E+07
23461,2.32E+07
23462,2.78E+07
23463,2.46E+07
23464,2.94E+07
23465,3.19E+07
23466,2.71E+07
23467,2.81E+07
23468,1.89E+07
23469,2.73E+07
23470,3.30E+07
23471,2.70E+07
23472,3.01E+07
23473,3.16E+07
23474,2.75E+07
23475,2.32E+07
23476,1.84E+07
23477,8.01E+06
23478,1.09E+07
23479,2.87E+07
23480,7.08E+06
23481,6.30E+06
23482,2.03E+07
23483,1.77E+07
23484,9.56E+06
23485,1.05E+07
23486,5.98E+05
23487,5.94E+05
23488,7.17E+06
23489,1.52E+07
23490,1.32E+07
23491,1.42E+07
23492,4.06E+07
23493,1.78E+07
23494,3.23E+07
23495,2.72E+07
23496,3.73E+07
23497,1.97E+07
23498,2.22E+07
23499,3.02E+07
23500,3.63E+07
23501,9.38E+06
23502,7.97E+06
23503,1.49E+07
23504,1.22E+07
23505,1.29E+07
23506,1.38E+07
23507,1.36E+07
23508,3.98E+07
23509,4.24E+07
23510,4.48E+07
23511,1.58E+07
23512,1.79E+07
23513,2.50E+07
23514,2.38E+07
23515,2.21E+07
23516,2.27E+07
23517,2.79E+07
23518,2.15E+07
23519,2.13E+07
23520,2.67E+07
23521,1.73E+07
23522,2.87E+07
23523,2.32E+07
23524,2.51E+07
23525,2.75E+07
23526,2.81E+07
23527,3.00E+07
23528,3.06E+07
23529,2.68E+07
23530,2.67E+07
23531,2.76E+07
23532,2.94E+07
23533,2.93E+07
23534,2.64E+07
23535,4.44E+07
23536,3.96E+07
23537,4.01E+07
23538,2.46E+07
23539,3.31E+07
23540,2.90E+07
23541,2.97E+07
23542,3.20E+07
23543,3.12E+07
23544,3.75E+07
23545,4.48E+07
23546,3.90E+07
23547,4.16E+07
23548,4.04E+07
23549,4.31E+07
23550,4.45E+07
23551,4.57E+07
23552,4.13E+07
23553,3.39E+07
23554,2.95E+07
23555,2.97E+07
23556,3.14E+07
23557,3.31E+07
23558,4.66E+07
23559,3.97E+07
23560,3.17E+07
23561,3.38E+07
23562,2.89E+07
23563,2.23E+07
23564,3.54E+07
23565,3.91E+07
23566,5.46E+07
23567,2.80E+07
23568,2.08E+07
23569,4.90E+07
23570,1.42E+07
23571,1.82E+07
23572,1.72E+07
23573,5.03E+07
23574,1.08E+07
23575,2.73E+07
23576,3.74E+06
23577,1.42E+07
23578,1.52E+07
23579,1.02E+07
23580,2.63E+07
23581,1.93E+07
23582,1.11E+07
23583,9.66E+06
23584,6.76E+06
23585,4.67E+06
23586,6.00E+06
23587,2.77E+07
23588,2.45E+07
23589,3.87E+07
23590,3.50E+07
23591,2.34E+07
23592,4.23E+07
23593,3.18E+07
23594,2.06E+07
23595,3.67E+07
23596,2.33E+07
23597,2.02E+07
23598,1.84E+07
23599,2.09E+07
23600,8.12E+06
23601,1.38E+07
23602,2.02E+07
23603,1.15E+07
23604,7.72E+06
23605,1.26E+07
23606,1.21E+07
23607,1.05E+07
23608,9.37E+06
23609,9.79E+06
23610,1.41E+07
23611,1.03E+07
23612,9.42E+06
23613,9.95E+06
23614,1.15E+07
23615,1.79E+07
23616,9.21E+06
23617,1.07E+07
23618,9.93E+06
23619,7.43E+06
23620,1.69E+07
23621,2.92E+07
23622,2.42E+07
23623,2.59E+07
23624,2.50E+07
23625,3.71E+07
23626,3.37E+07
23627,2.54E+07
23628,3.59E+07
23629,3.06E+07
23630,5.22E+06
23631,2.11E+07
23632,3.69E+07
23633,3.98E+07
23634,1.72E+07
23635,3.48E+07
23636,4.11E+07
23637,4.31E+07
23638,4.66E+07
23639,4.47E+07
23640,3.42E+07
23641,4.02E+07
23642,4.68E+07
23643,1.77E+07
23644,2.02E+07
23645,2.50E+07
23646,2.67E+07
23647,2.77E+07
23648,2.41E+07
23649,3.56E+07
23650,3.40E+07
23651,2.74E+07
23652,2.44E+07
23653,2.62E+07
23654,3.59E+07
23655,3.79E+07
23656,2.42E+07
23657,3.18E+07
23658,2.27E+07
23659,2.62E+07
23660,2.89E+07
23661,1.89E+07
23662,2.46E+07
23663,2.68E+07
23664,3.82E+07
23665,3.59E+07
23666,3.33E+07
23667,3.70E+07
23668,4.09E+07
23669,3.35E+07
23670,4.09E+07
23671,3.52E+07
23672,3.10E+07
23673,3.02E+07
23674,3.67E+07
23675,2.63E+07
23676,3.93E+07
23677,3.45E+07
23678,2.91E+07
23679,1.72E+07
23680,1.81E+07
23681,1.86E+07
23682,2.61E+07
23683,1.35E+07
23684,1.39E+07
23685,1.81E+07
23686,2.84E+07
23687,1.25E+07
23688,2.49E+07
23689,2.38E+07
23690,1.62E+07
23691,3.30E+07
23692,2.55E+07
23693,2.86E+07
23694,2.41E+07
23695,2.24E+07
23696,2.38E+07
23697,2.24E+07
23698,3.44E+07
23699,2.37E+07
23700,2.65E+07
23701,3.48E+07
23702,4.01E+07
23703,4.68E+07
23704,2.78E+07
23705,2.45E+07
23706,1.79E+07
23707,3.79E+07
23708,3.23E+07
23709,9.98E+06
23710,4.27E+07
23711,3.71E+07
23712,4.61E+07
23713,4.27E+07
23714,4.01E+07
23715,5.35E+07
23716,3.75E+07
23717,5.47E+07
23718,5.26E+07
23719,3.63E+07
23720,3.22E+07
23721,3.16E+07
23722,3.15E+07
23723,3.53E+07
23724,3.02E+07
23725,3.03E+07
23726,2.56E+07
23727,2.82E+07
23728,2.69E+07
23729,3.15E+07
23730,3.74E+07
23731,2.46E+07
23732,2.75E+07
23733,1.89E+07
23734,2.23E+07
23735,2.74E+07
23736,2.08E+07
23737,2.48E+07
23738,4.00E+07
23739,2.59E+07
23740,3.55E+07
23741,2.78E+07
23742,3.08E+07
23743,3.46E+07
23744,2.87E+07
23745,2.69E+07
23746,4.42E+07
23747,2.93E+07
23748,4.54E+07
23749,3.03E+07
23750,3.77E+07
23751,3.22E+07
23752,2.41E+07
23753,2.53E+07
23754,2.85E+07
23755,2.76E+07
23756,2.98E+07
23757,2.64E+07
23758,1.01E+07
23759,1.89E+07
23760,1.54E+07
23761,1.31E+07
23762,1.96E+07
23763,1.73E+07
23764,1.28E+07
23765,2.11E+07
23766,2.77E+07
23767,1.02E+07
23768,4.95E+07
23769,4.45E+07
23770,4.58E+07
23771,4.55E+07
23772,4.32E+07
23773,3.18E+07
23774,4.70E+07
23775,3.17E+07
23776,4.08E+07
23777,3.03E+07
23778,4.13E+07
23779,3.82E+07
23780,3.73E+07
23781,3.59E+07
23782,3.23E+07
23783,2.52E+07
23784,2.89E+07
23785,2.51E+07
23786,3.31E+07
23787,3.60E+07
23788,3.18E+07
23789,3.54E+07
23790,3.11E+07
23791,3.70E+07
23792,4.17E+07
23793,3.65E+07
23794,3.87E+07
23795,4.16E+07
23796,2.66E+07
23797,2.89E+07
23798,2.63E+07
23799,2.48E+07
23800,2.98E+07
23801,2.86E+07
23802,2.82E+07
23803,3.30E+07
23804,3.68E+07
23805,4.00E+07
23806,3.35E+07
23807,4.98E+07
23808,1.31E+07
23809,1.37E+07
23810,1.94E+07
23811,2.46E+07
23812,1.72E+07
23813,2.52E+07
23814,2.25E+07
23815,2.90E+07
23816,2.31E+07
23817,2.12E+07
23818,3.49E+07
23819,2.08E+07
23820,2.70E+07
23821,1.25E+07
23822,1.84E+07
23823,2.63E+07
23824,1.71E+07
23825,2.48E+07
23826,2.21E+07
23827,2.00E+07
23828,2.62E+07
23829,1.47E+07
23830,2.33E+07
23831,2.34E+07
23832,2.21E+07
23833,3.56E+07
23834,1.78E+07
23835,2.90E+07
23836,2.43E+07
23837,2.73E+07
23838,2.65E+07
23839,2.06E+07
23840,1.68E+07
23841,3.54E+07
23842,2.17E+07
23843,2.59E+07
23844,2.46E+07
23845,2.44E+07
23846,2.68E+07
23847,2.38E+07
23848,1.85E+07
23849,1.87E+07
23850,1.99E+07
23851,1.64E+07
23852,2.15E+07
23853,2.52E+07
23854,4.43E+07
23855,3.80E+07
23856,3.67E+07
23857,4.58E+07
23858,4.18E+07
23859,4.25E+07
23860,2.40E+07
23861,4.18E+07
23862,3.50E+07
23863,3.88E+07
23864,5.18E+07
23865,4.17E+07
23866,3.89E+07
23867,5.24E+07
23868,4.41E+07
23869,5.01E+07
23870,4.73E+07
23871,5.52E+07
23872,4.09E+07
23873,3.92E+07
23874,4.52E+07
23875,4.53E+07
23876,4.24E+07
23877,4.37E+07
23878,2.73E+07
23879,2.47E+07
23880,2.88E+07
23881,2.18E+06
23882,9.38E+06
23883,2.97E+07
23884,3.27E+07
23885,2.55E+07
23886,2.74E+07
23887,6.20E+06
23888,3.09E+07
23889,9.18E+06
23890,2.22E+07
23891,1.49E+07
23892,1.61E+07
23893,2.49E+07
23894,1.54E+07
23895,1.41E+07
23896,2.08E+07
23897,2.37E+07
23898,2.69E+07
23899,2.60E+07
23900,9.70E+06
23901,8.21E+06
23902,2.53E+07
23903,1.82E+07
23904,1.36E+07
23905,1.06E+07
23906,2.29E+07
23907,6.52E+06
23908,1.83E+07
23909,2.76E+07
23910,2.36E+07
23911,1.80E+07
23912,1.70E+07
23913,2.34E+07
23914,1.88E+07
23915,1.19E+07
23916,3.47E+07
23917,3.29E+07
23918,2.64E+07
23919,1.65E+07
23920,1.31E+07
23921,1.40E+07
23922,1.38E+07
23923,1.46E+07
23924,1.71E+07
23925,1.88E+07
23926,2.25E+07
23927,2.12E+07
23928,2.74E+07
23929,2.17E+07
23930,3.17E+07
23931,1.74E+07
23932,1.84E+07
23933,2.30E+07
23934,1.87E+07
23935,3.41E+07
23936,2.98E+07
23937,2.54E+07
23938,2.55E+07
23939,2.61E+07
23940,3.04E+07
23941,2.63E+07
23942,3.62E+07
23943,3.67E+07
23944,2.57E+07
23945,2.87E+07
23946,3.54E+07
23947,4.22E+07
23948,3.59E+07
23949,2.39E+07
23950,2.99E+07
23951,2.95E+07
23952,2.55E+07
23953,3.92E+07
23954,3.78E+07
23955,3.47E+07
23956,2.44E+07
23957,2.60E+07
23958,3.57E+07
23959,2.63E+07
23960,3.61E+07
23961,2.92E+07
23962,2.38E+07
23963,3.25E+07
23964,3.33E+07
23965,3.95E+07
23966,2.59E+07
23967,2.34E+07
23968,3.13E+07
23969,3.48E+07
23970,4.11E+07
23971,2.60E+07
23972,2.66E+07
23973,2.51E+07
23974,2.42E+07
23975,3.59E+07
23976,3.49E+07
23977,3.32E+07
23978,3.86E+07
23979,4.25E+07
23980,5.46E+07
23981,4.89E+07
23982,3.60E+07
23983,5.02E+07
23984,4.15E+07
23985,3.85E+07
23986,5.84E+07
23987,7.39E+07
23988,7.54E+07
23989,2.56E+07
23990,1.93E+07
23991,2.61E+07
23992,1.37E+07
23993,1.08E+07
23994,1.01E+07
23995,7.23E+06
23996,3.96E+07
23997,3.92E+07
23998,3.42E+06
23999,6.73E+06
24000,1.36E+07
24001,2.32E+06
24002,1.25E+07
24003,2.85E+07
24004,3.12E+07
24005,1.88E+07
24006,3.07E+07
24007,1.44E+07
24008,4.06E+07
24009,1.34E+07
24010,2.22E+07
24011,2.07E+07
24012,1.05E+07
24013,2.56E+07
24014,3.62E+07
24015,1.73E+07
24016,3.40E+07
24017,2.63E+07
24018,2.99E+07
24019,2.85E+07
24020,2.56E+07
24021,2.97E+07
24022,2.85E+07
24023,2.90E+07
24024,2.80E+07
24025,4.61E+07
24026,4.77E+07
24027,4.23E+07
24028,4.58E+07
24029,4.13E+07
24030,4.02E+07
24031,3.54E+07
24032,3.57E+07
24033,3.74E+07
24034,3.04E+07
24035,3.66E+07
24036,4.34E+07
24037,2.65E+07
24038,3.21E+07
24039,3.71E+07
24040,3.01E+07
24041,3.23E+07
24042,3.31E+07
24043,3.79E+07
24044,3.14E+07
24045,2.89E+07
24046,8.72E+06
24047,9.84E+06
24048,1.37E+07
24049,9.67E+06
24050,1.40E+07
24051,8.80E+06
24052,1.93E+07
24053,2.89E+07
24054,2.90E+07
24055,3.55E+07
24056,2.32E+07
24057,3.85E+07
24058,9.68E+06
24059,1.57E+07
24060,1.48E+07
24061,1.55E+07
24062,1.44E+07
24063,1.20E+07
24064,2.07E+07
24065,1.36E+07
24066,2.02E+07
24067,1.88E+07
24068,5.31E+07
24069,4.85E+07
24070,6.02E+07
24071,5.05E+07
24072,5.82E+07
24073,4.45E+07
24074,1.51E+07
24075,1.57E+07
24076,1.82E+07
24077,2.73E+07
24078,1.52E+07
24079,1.86E+07
24080,1.35E+07
24081,1.24E+07
24082,1.65E+07
24083,2.07E+07
24084,2.95E+07
24085,1.08E+07
24086,3.37E+07
24087,1.37E+07
24088,3.28E+07
24089,3.59E+07
24090,3.49E+07
24091,2.93E+07
24092,2.56E+07
24093,3.08E+07
24094,3.05E+07
24095,1.63E+07
24096,3.79E+07
24097,3.05E+07
24098,3.26E+07
24099,3.01E+07
24100,3.67E+07
24101,2.97E+07
24102,2.90E+07
24103,2.90E+07
24104,3.39E+07
24105,3.03E+07
24106,2.04E+07
24107,1.82E+07
24108,2.76E+07
24109,2.66E+07
24110,2.75E+07
24111,5.39E+06
24112,2.62E+07
24113,2.90E+07
24114,1.36E+07
24115,1.54E+07
24116,2.36E+07
24117,2.53E+07
24118,8.68E+06
24119,2.55E+07
24120,2.24E+07
24121,3.30E+07
24122,3.71E+07
24123,1.73E+07
24124,9.99E+06
24125,1.02E+07
24126,1.37E+07
24127,9.91E+06
24128,1.51E+07
24129,1.02E+07
24130,1.40E+07
24131,1.50E+07
24132,2.06E+07
24133,3.35E+07
24134,3.78E+07
24135,3.44E+07
24136,3.70E+07
24137,4.54E+07
24138,3.35E+07
24139,3.57E+07
24140,3.50E+07
24141,2.99E+07
24142,3.42E+07
24143,3.85E+07
24144,4.67E+07
24145,4.26E+07
24146,4.22E+07
24147,3.92E+07
24148,3.67E+07
24149,4.44E+07
24150,4.72E+07
24151,3.54E+07
24152,3.68E+07
24153,3.52E+07
24154,2.11E+07
24155,3.32E+07
24156,3.29E+07
24157,3.84E+07
24158,4.66E+07
24159,1.96E+07
24160,4.32E+07
24161,4.44E+07
24162,4.15E+07
24163,3.25E+07
24164,2.93E+07
24165,3.85E+07
24166,3.95E+07
24167,1.11E+07
24168,1.08E+07
24169,1.28E+07
24170,1.34E+07
24171,1.89E+07
24172,1.10E+07
24173,1.35E+07
24174,1.44E+07
24175,1.61E+07
24176,1.63E+07
24177,2.03E+07
24178,1.86E+07
24179,2.29E+07
24180,1.93E+07
24181,1.79E+07
24182,1.73E+07
24183,1.82E+07
24184,4.21E+07
24185,4.20E+07
24186,3.71E+07
24187,5.07E+07
24188,4.89E+07
24189,4.95E+07
24190,7.00E+07
24191,8.09E+07
24192,5.54E+07
24193,5.86E+07
24194,6.03E+07
24195,6.02E+07
24196,4.72E+07
24197,5.22E+07
24198,5.41E+07
24199,5.48E+07
24200,4.70E+07
24201,5.87E+07
24202,4.67E+07
24203,5.32E+07
24204,4.66E+07
24205,5.46E+07
24206,5.30E+07
24207,4.88E+07
24208,4.77E+07
24209,5.71E+07
24210,7.06E+07
24211,5.65E+07
24212,4.82E+07
24213,3.87E+07
24214,4.34E+07
24215,4.72E+07
24216,4.34E+07
24217,3.18E+07
24218,3.10E+07
24219,3.71E+07
24220,4.20E+07
24221,1.67E+07
24222,2.40E+07
24223,1.93E+07
24224,2.46E+07
24225,2.13E+07
24226,2.13E+07
24227,1.54E+07
24228,1.91E+07
24229,1.58E+07
24230,4.23E+07
24231,5.18E+07
24232,4.13E+07
24233,2.93E+07
24234,2.99E+07
24235,3.17E+07
24236,2.23E+07
24237,3.33E+07
24238,2.41E+07
24239,5.52E+07
24240,5.00E+07
24241,4.32E+07
24242,5.53E+07
24243,6.93E+07
24244,3.84E+07
24245,4.14E+07
24246,4.16E+07
24247,2.72E+07
24248,6.97E+07
24249,6.49E+07
24250,4.95E+07
24251,4.60E+07
24252,5.23E+07
24253,4.58E+07
24254,4.60E+07
24255,4.86E+07
24256,3.89E+07
24257,3.57E+07
24258,2.66E+07
24259,4.07E+07
24260,2.68E+07
24261,3.23E+07
24262,3.54E+07
24263,3.72E+07
24264,3.23E+07
24265,2.50E+07
24266,2.37E+07
24267,4.76E+07
24268,6.33E+07
24269,3.64E+07
24270,1.20E+07
24271,6.14E+07
24272,4.95E+07
24273,2.79E+07
24274,5.17E+07
24275,3.49E+07
24276,2.84E+07
24277,5.03E+07
24278,3.50E+07
24279,3.74E+07
24280,3.70E+07
24281,1.23E+07
24282,2.86E+07
24283,2.13E+07
24284,1.30E+07
24285,2.37E+07
24286,2.64E+07
24287,5.70E+07
24288,4.82E+07
24289,3.77E+07
24290,4.11E+07
24291,4.16E+07
24292,4.46E+07
24293,2.72E+07
24294,2.54E+07
24295,3.26E+07
24296,2.46E+07
24297,2.63E+07
24298,2.33E+07
24299,2.05E+07
24300,2.25E+07
24301,2.17E+07
24302,2.17E+07
24303,1.82E+07
24304,3.71E+07
24305,4.13E+07
24306,4.32E+07
24307,4.96E+07
24308,3.14E+07
24309,3.78E+07
24310,3.30E+07
24311,3.39E+07
24312,3.62E+07
24313,2.68E+07
24314,3.59E+07
24315,2.34E+07
24316,5.71E+07
24317,2.75E+07
24318,2.69E+07
24319,2.70E+07
24320,1.95E+07
24321,1.60E+07
24322,1.99E+07
24323,3.01E+07
24324,2.75E+07
24325,1.97E+07
24326,1.79E+07
24327,2.24E+07
24328,2.41E+07
24329,2.46E+07
24330,2.41E+07
24331,1.61E+07
24332,3.60E+07
24333,1.66E+07
24334,1.69E+07
24335,1.78E+07
24336,1.67E+07
24337,1.74E+07
24338,1.66E+07
24339,1.44E+07
24340,1.56E+07
24341,1.53E+07
24342,1.51E+07
24343,1.69E+07
24344,1.85E+07
24345,2.58E+07
24346,2.16E+07
24347,2.37E+07
24348,2.70E+07
24349,3.13E+07
24350,3.32E+07
24351,3.01E+07
24352,2.95E+07
24353,2.06E+07
24354,2.68E+07
24355,2.91E+07
24356,2.89E+07
24357,2.06E+07
24358,1.69E+07
24359,2.73E+07
24360,3.34E+07
24361,2.87E+07
24362,4.38E+07
24363,2.56E+07
24364,1.37E+07
24365,3.43E+07
24366,1.42E+07
24367,2.99E+07
24368,2.09E+07
24369,8.85E+06
24370,1.35E+07
24371,2.78E+07
24372,2.14E+07
24373,2.16E+07
24374,5.12E+07
24375,5.16E+07
24376,4.27E+07
24377,4.99E+07
24378,1.76E+07
24379,2.35E+07
24380,1.94E+07
24381,1.84E+07
24382,2.19E+07
24383,2.11E+07
24384,1.72E+07
24385,1.82E+07
24386,1.72E+07
24387,1.76E+07
24388,1.78E+07
24389,1.83E+07
24390,1.86E+07
24391,1.74E+07
24392,1.57E+07
24393,1.56E+07
24394,1.70E+07
24395,1.76E+07
24396,1.46E+07
24397,1.47E+07
24398,1.61E+07
24399,1.76E+07
24400,1.68E+07
24401,3.73E+07
24402,4.59E+07
24403,4.60E+07
24404,4.32E+07
24405,4.45E+07
24406,5.33E+07
24407,4.92E+07
24408,3.70E+07
24409,4.31E+07
24410,3.87E+07
24411,4.20E+07
24412,3.57E+07
24413,4.17E+07
24414,4.59E+07
24415,5.06E+07
24416,4.33E+07
24417,4.07E+07
24418,4.18E+07
24419,4.48E+07
24420,2.94E+07
24421,2.59E+07
24422,2.48E+07
24423,3.20E+07
24424,2.77E+07
24425,1.85E+07
24426,3.28E+07
24427,2.02E+07
24428,2.66E+07
24429,3.04E+07
24430,3.01E+07
24431,3.13E+07
24432,3.16E+07
24433,3.32E+07
24434,1.71E+07
24435,2.49E+07
24436,1.59E+07
24437,1.99E+07
24438,2.35E+07
24439,6.99E+07
24440,5.30E+07
24441,5.92E+07
24442,6.13E+07
24443,5.57E+07
24444,5.30E+07
24445,5.04E+07
24446,6.05E+07
24447,5.18E+07
24448,4.97E+07
24449,4.38E+07
24450,5.39E+07
24451,5.77E+07
24452,6.08E+07
24453,6.11E+07
24454,5.50E+07
24455,4.84E+07
24456,4.02E+07
24457,4.30E+07
24458,2.79E+07
24459,3.80E+07
24460,2.99E+07
24461,3.92E+07
24462,2.70E+07
24463,2.67E+07
24464,3.22E+07
24465,4.12E+07
24466,5.43E+07
24467,4.28E+07
24468,2.94E+07
24469,2.16E+07
24470,4.97E+07
24471,2.97E+07
24472,2.33E+07
24473,3.71E+07
24474,5.38E+07
24475,6.69E+07
24476,4.90E+07
24477,4.97E+07
24478,4.74E+07
24479,4.71E+07
24480,4.40E+07
24481,5.03E+07
24482,4.85E+07
24483,3.06E+07
24484,3.72E+07
24485,3.93E+07
24486,2.21E+07
24487,2.60E+07
24488,2.38E+07
24489,6.08E+07
24490,3.98E+07
24491,4.26E+07
24492,3.45E+07
24493,4.46E+07
24494,7.78E+07
24495,5.36E+07
24496,3.68E+07
24497,3.75E+07
24498,4.41E+07
24499,4.58E+07
24500,2.81E+07
24501,2.91E+07
24502,5.09E+07
24503,4.55E+07
24504,3.69E+07
24505,5.70E+07
24506,5.03E+07
24507,8.35E+07
24508,4.92E+07
24509,5.07E+07
24510,5.42E+07
24511,3.12E+07
24512,1.33E+07
24513,3.30E+07
24514,2.99E+07
24515,4.24E+07
24516,2.47E+07
24517,1.93E+07
24518,2.48E+07
24519,2.57E+07
24520,3.03E+07
24521,2.73E+07
24522,3.16E+07
24523,2.07E+07
24524,3.15E+07
24525,3.42E+07
24526,1.94E+07
24527,1.53E+07
24528,1.70E+07
24529,1.33E+07
24530,2.39E+07
24531,2.47E+07
24532,1.89E+07
24533,2.40E+07
24534,1.76E+07
24535,1.72E+07
24536,1.50E+07
24537,1.69E+07
24538,1.50E+07
24539,1.59E+07
24540,1.36E+07
24541,2.94E+07
24542,2.22E+07
24543,2.13E+07
24544,2.31E+07
24545,2.62E+07
24546,2.16E+07
24547,2.27E+07
24548,2.33E+07
24549,1.91E+07
24550,1.97E+07
24551,2.04E+07
24552,1.88E+07
24553,1.66E+07
24554,1.96E+07
24555,1.95E+07
24556,1.95E+07
24557,1.85E+07
24558,1.79E+07
24559,2.33E+07
24560,2.55E+07
24561,2.38E+07
24562,2.35E+07
24563,2.62E+07
24564,3.07E+07
24565,1.36E+07
24566,3.11E+07
24567,2.67E+07
24568,2.30E+07
24569,3.34E+07
24570,4.05E+07
24571,3.06E+07
24572,3.56E+07
24573,4.26E+07
24574,4.56E+07
24575,4.53E+07
24576,3.30E+07
24577,2.77E+07
24578,4.46E+07
24579,2.47E+07
24580,4.23E+07
24581,3.72E+07
24582,3.50E+07
24583,4.67E+07
24584,2.45E+07
24585,2.95E+07
24586,2.78E+07
24587,2.07E+07
24588,1.91E+07
24589,1.93E+07
24590,2.48E+07
24591,1.76E+07
24592,2.98E+07
24593,1.77E+07
24594,4.15E+07
24595,3.24E+07
24596,3.67E+07
24597,3.45E+07
24598,3.48E+07
24599,2.02E+07
24600,2.64E+07
24601,3.81E+07
24602,2.58E+07
24603,2.98E+07
24604,3.19E+07
24605,3.76E+07
24606,3.18E+07
24607,3.11E+07
24608,3.00E+07
24609,4.10E+07
24610,3.38E+07
24611,4.08E+07
24612,2.39E+07
24613,3.90E+07
24614,3.02E+07
24615,4.65E+07
24616,4.27E+07
24617,3.52E+07
24618,3.82E+07
24619,3.40E+07
24620,3.19E+07
24621,2.77E+07
24622,2.35E+07
24623,6.59E+07
24624,4.77E+07
24625,4.60E+07
24626,4.27E+07
24627,3.94E+07
24628,5.07E+07
24629,2.96E+07
24630,3.77E+07
24631,2.89E+07
24632,3.72E+07
24633,2.80E+07
24634,4.04E+07
24635,2.78E+07
24636,2.50E+07
24637,3.52E+07
24638,3.11E+07
24639,3.83E+07
24640,2.91E+07
24641,2.80E+07
24642,2.40E+07
24643,2.63E+07
24644,2.55E+07
24645,2.96E+07
24646,2.24E+07
24647,2.40E+07
24648,2.35E+07
24649,2.31E+07
24650,3.16E+07
24651,2.90E+07
24652,1.91E+07
24653,2.23E+07
24654,2.17E+07
24655,2.93E+07
24656,1.71E+07
24657,1.82E+07
24658,2.68E+07
24659,2.81E+07
24660,2.73E+07
24661,2.32E+07
24662,3.90E+07
24663,5.46E+07
24664,3.97E+07
24665,3.29E+07
24666,4.51E+07
24667,4.48E+07
24668,5.39E+07
24669,3.62E+07
24670,5.16E+07
24671,2.15E+07
24672,2.35E+07
24673,1.91E+07
24674,1.66E+07
24675,2.66E+07
24676,2.44E+07
24677,4.13E+07
24678,1.94E+07
24679,1.64E+07
24680,1.65E+07
24681,1.56E+07
24682,2.18E+07
24683,1.83E+07
24684,2.15E+07
24685,1.87E+07
24686,1.90E+07
24687,2.01E+07
24688,1.99E+07
24689,1.90E+07
24690,4.84E+07
24691,5.40E+07
24692,4.59E+07
24693,4.59E+07
24694,5.21E+07
24695,3.89E+07
24696,4.48E+07
24697,5.84E+07
24698,5.29E+07
24699,5.68E+07
24700,5.95E+07
24701,6.11E+07
24702,5.81E+07
24703,4.45E+07
24704,4.85E+07
24705,3.26E+07
24706,2.56E+07
24707,4.43E+07
24708,4.29E+07
24709,3.13E+07
24710,3.48E+07
24711,4.63E+07
24712,4.27E+07
24713,3.24E+07
24714,3.48E+07
24715,3.20E+07
24716,3.01E+07
24717,2.57E+07
24718,2.56E+07
24719,1.71E+07
24720,2.16E+07
24721,2.29E+07
24722,2.09E+07
24723,1.84E+07
24724,1.78E+07
24725,1.90E+07
24726,1.71E+07
24727,2.01E+07
24728,2.25E+07
24729,2.75E+07
24730,3.11E+07
24731,1.68E+07
24732,1.68E+07
24733,2.16E+07
24734,1.42E+07
24735,1.57E+07
24736,3.79E+07
24737,4.73E+07
24738,2.70E+07
24739,3.03E+07
24740,3.52E+07
24741,4.64E+07
24742,2.75E+07
24743,2.12E+07
24744,4.53E+07
24745,5.57E+07
24746,4.28E+07
24747,6.06E+07
24748,4.71E+07
24749,6.60E+07
24750,5.24E+07
24751,4.97E+07
24752,4.46E+07
24753,4.68E+07
24754,6.72E+07
24755,5.07E+07
24756,5.49E+07
24757,3.80E+07
24758,5.66E+07
24759,2.93E+07
24760,3.56E+07
24761,3.47E+07
24762,3.69E+07
24763,2.31E+07
24764,2.57E+07
24765,3.02E+07
24766,4.29E+07
24767,4.01E+07
24768,2.64E+07
24769,4.17E+07
24770,2.57E+07
24771,2.56E+07
24772,2.42E+07
24773,2.67E+07
24774,2.13E+07
24775,4.07E+07
24776,1.35E+07
24777,4.54E+07
24778,6.08E+07
24779,3.03E+07
24780,4.77E+07
24781,3.61E+07
24782,5.14E+07
24783,4.27E+07
24784,5.69E+07
24785,4.82E+07
24786,2.65E+07
24787,2.98E+07
24788,3.49E+07
24789,2.92E+07
24790,2.78E+07
24791,2.12E+07
24792,1.79E+07
24793,1.89E+07
24794,1.84E+07
24795,3.02E+07
24796,4.84E+07
24797,5.00E+07
24798,4.40E+07
24799,4.94E+07
24800,1.61E+07
24801,2.55E+07
24802,1.21E+07
24803,1.29E+07
24804,1.01E+07
24805,1.18E+07
24806,1.73E+07
24807,1.87E+07
24808,3.29E+07
24809,2.12E+07
24810,2.09E+07
24811,2.24E+07
24812,2.53E+07
24813,2.20E+07
24814,2.16E+07
24815,3.10E+07
24816,2.34E+07
24817,2.40E+07
24818,2.74E+07
24819,1.09E+07
24820,2.01E+07
24821,2.29E+07
24822,1.93E+07
24823,1.11E+07
24824,2.09E+07
24825,2.56E+07
24826,1.02E+07
24827,1.17E+07
24828,2.24E+07
24829,1.65E+07
24830,1.06E+07
24831,1.21E+07
24832,1.46E+07
24833,3.46E+07
24834,2.48E+07
24835,2.65E+07
24836,2.82E+07
24837,2.16E+07
24838,3.27E+07
24839,2.02E+07
24840,2.80E+07
24841,2.76E+07
24842,2.74E+07
24843,2.24E+07
24844,4.91E+07
24845,5.47E+07
24846,4.80E+07
24847,4.39E+07
24848,4.55E+07
24849,5.68E+07
24850,3.34E+07
24851,3.41E+07
24852,3.84E+07
24853,3.31E+07
24854,3.37E+07
24855,3.98E+07
24856,3.17E+07
24857,5.15E+07
24858,4.31E+07
24859,3.84E+07
24860,3.28E+07
24861,2.97E+07
24862,3.97E+07
24863,5.21E+07
24864,4.66E+07
24865,4.99E+07
24866,4.02E+07
24867,3.84E+07
24868,4.62E+07
24869,3.95E+07
24870,4.77E+07
24871,4.76E+07
24872,4.85E+07
24873,4.58E+07
24874,3.44E+07
24875,5.25E+07
24876,3.32E+07
24877,4.88E+07
24878,5.29E+07
24879,5.02E+07
24880,4.59E+07
24881,6.50E+07
24882,4.74E+07
24883,6.03E+07
24884,5.01E+07
24885,7.68E+07
24886,4.78E+07
24887,6.04E+07
24888,3.06E+07
24889,3.29E+07
24890,2.67E+07
24891,2.92E+07
24892,2.81E+07
24893,2.76E+07
24894,3.44E+07
24895,3.23E+07
24896,3.64E+07
24897,2.84E+07
24898,3.03E+07
24899,2.84E+07
24900,3.52E+07
24901,2.00E+07
24902,1.68E+07
24903,1.93E+07
24904,1.68E+07
24905,2.02E+07
24906,3.50E+07
24907,4.09E+07
24908,4.16E+07
24909,4.98E+07
24910,3.26E+07
24911,6.02E+07
24912,3.34E+07
24913,3.06E+07
24914,1.38E+07
24915,2.67E+07
24916,2.80E+07
24917,2.10E+07
24918,4.84E+07
24919,3.36E+07
24920,4.09E+07
24921,3.34E+07
24922,3.48E+07
24923,4.57E+07
24924,3.30E+07
24925,2.66E+07
24926,2.73E+07
24927,2.57E+07
24928,2.07E+07
24929,1.84E+07
24930,1.74E+07
24931,1.25E+07
24932,1.27E+07
24933,1.43E+07
24934,1.60E+07
24935,1.68E+07
24936,3.25E+07
24937,1.39E+07
24938,2.39E+07
24939,2.51E+07
24940,1.82E+07
24941,2.05E+07
24942,2.31E+07
24943,3.77E+07
24944,5.78E+07
24945,5.59E+07
24946,4.84E+07
24947,4.80E+07
24948,4.76E+07
24949,1.76E+07
24950,2.34E+07
24951,2.20E+07
24952,1.97E+07
24953,2.37E+07
24954,2.30E+07
24955,2.46E+07
24956,2.52E+07
24957,2.63E+07
24958,2.83E+07
24959,2.38E+07
24960,2.33E+07
24961,2.73E+07
24962,2.92E+07
24963,2.87E+07
24964,3.16E+07
24965,5.17E+07
24966,6.47E+07
24967,2.07E+07
24968,3.78E+07
24969,2.46E+07
24970,3.25E+07
24971,4.35E+07
24972,3.50E+07
24973,4.77E+07
24974,2.94E+07
24975,3.75E+07
24976,4.40E+07
24977,4.95E+07
24978,4.66E+07
24979,4.94E+07
24980,5.65E+07
24981,6.23E+07
24982,1.68E+07
24983,2.35E+07
24984,2.39E+07
24985,2.75E+07
24986,3.71E+07
24987,4.82E+07
24988,4.32E+07
24989,6.29E+07
24990,5.17E+07
24991,5.96E+07
24992,4.52E+07
24993,3.13E+07
24994,3.41E+07
24995,3.49E+07
24996,3.42E+07
24997,3.57E+07
24998,3.13E+07
24999,3.30E+07
25000,3.47E+07
25001,1.93E+07
25002,3.93E+07
25003,4.17E+07
25004,3.72E+07
25005,3.55E+07
25006,3.93E+07
25007,4.09E+07
25008,4.43E+07
25009,3.47E+07
25010,4.28E+07
25011,3.64E+07
25012,3.73E+07
25013,3.00E+07
25014,3.00E+07
25015,3.35E+07
25016,3.12E+07
25017,3.41E+07
25018,2.57E+07
25019,2.14E+07
25020,2.15E+07
25021,3.95E+07
25022,3.02E+07
25023,2.75E+07
25024,3.13E+07
25025,2.68E+07
25026,3.38E+07
25027,2.92E+07
25028,3.77E+07
25029,3.00E+07
25030,2.42E+07
25031,3.16E+07
25032,1.94E+07
25033,2.19E+07
25034,1.10E+07
25035,2.08E+07
25036,1.73E+07
25037,1.89E+07
25038,2.17E+07
25039,2.14E+07
25040,3.77E+07
25041,2.03E+07
25042,2.52E+07
25043,2.52E+07
25044,2.80E+07
25045,2.54E+07
25046,3.38E+07
25047,3.26E+07
25048,2.67E+07
25049,3.15E+07
25050,2.96E+07
25051,3.73E+07
25052,3.54E+07
25053,2.97E+07
25054,3.82E+07
25055,4.51E+07
25056,3.04E+07
25057,3.98E+07
25058,5.13E+07
25059,3.96E+07
25060,4.38E+07
25061,4.46E+07
25062,4.23E+07
25063,4.28E+07
25064,3.30E+07
25065,3.31E+07
25066,3.26E+07
25067,3.04E+07
25068,3.20E+07
25069,3.20E+07
25070,2.89E+07
25071,3.38E+07
25072,4.55E+07
25073,5.04E+07
25074,5.08E+07
25075,1.88E+07
25076,1.85E+07
25077,1.51E+07
25078,2.36E+07
25079,5.54E+07
25080,6.41E+07
25081,5.51E+07
25082,5.05E+07
25083,5.21E+07
25084,6.37E+07
25085,4.48E+07
25086,4.32E+07
25087,5.25E+07
25088,3.60E+07
25089,2.83E+07
25090,4.20E+07
25091,4.16E+07
25092,5.38E+07
25093,3.31E+07
25094,2.96E+07
25095,2.67E+07
25096,2.79E+07
25097,2.97E+07
25098,6.93E+07
25099,5.43E+07
25100,6.07E+07
25101,5.06E+07
25102,6.01E+07
25103,5.29E+07
25104,5.03E+07
25105,5.73E+07
25106,5.99E+07
25107,5.10E+07
25108,5.59E+07
25109,5.67E+07
25110,6.21E+07
25111,2.39E+07
25112,2.96E+07
25113,1.86E+07
25114,2.53E+07
25115,5.50E+07
25116,4.81E+07
25117,5.37E+07
25118,5.13E+07
25119,3.92E+07
25120,4.40E+07
25121,3.66E+07
25122,3.06E+07
25123,3.17E+07
25124,4.21E+07
25125,2.69E+07
25126,2.38E+07
25127,2.27E+07
25128,3.83E+07
25129,2.27E+07
25130,4.25E+07
25131,4.19E+07
25132,3.01E+07
25133,6.70E+07
25134,3.91E+07
25135,4.68E+07
25136,4.05E+07
25137,4.71E+07
25138,4.23E+07
25139,4.92E+07
25140,4.18E+07
25141,6.14E+07
25142,5.67E+07
25143,6.26E+07
25144,5.10E+07
25145,5.29E+07
25146,4.47E+07
25147,4.56E+07
25148,3.38E+07
25149,4.00E+07
25150,3.25E+07
25151,4.29E+07
25152,4.29E+07
25153,4.08E+07
25154,4.76E+07
25155,3.95E+07
25156,3.56E+07
25157,4.87E+07
25158,3.88E+07
25159,3.78E+07
25160,3.26E+07
25161,3.21E+07
25162,3.87E+07
25163,2.55E+07
25164,4.20E+07
25165,4.02E+07
25166,3.96E+07
25167,4.64E+07
25168,4.75E+07
25169,5.17E+07
25170,1.81E+07
25171,1.42E+07
25172,9.79E+06
25173,1.37E+07
25174,1.08E+07
25175,1.13E+07
25176,1.79E+07
25177,1.98E+07
25178,2.29E+07
25179,1.71E+07
25180,1.61E+07
25181,1.63E+07
25182,2.14E+07
25183,1.90E+07
25184,1.90E+07
25185,1.32E+07
25186,3.53E+07
25187,3.30E+07
25188,1.49E+07
25189,4.54E+07
25190,5.02E+07
25191,4.52E+07
25192,3.81E+07
25193,4.67E+07
25194,3.07E+07
25195,2.69E+07
25196,5.57E+07
25197,3.03E+07
25198,2.36E+07
25199,2.53E+07
25200,4.12E+07
25201,3.01E+07
25202,2.45E+07
25203,4.01E+07
25204,4.04E+07
25205,3.12E+07
25206,3.93E+07
25207,3.71E+07
25208,3.24E+07
25209,3.21E+07
25210,6.23E+07
25211,6.39E+07
25212,5.83E+07
25213,6.32E+07
25214,5.18E+07
25215,4.01E+07
25216,3.83E+07
25217,4.60E+07
25218,3.64E+07
25219,4.22E+07
25220,2.73E+07
25221,4.60E+07
25222,3.03E+07
25223,3.58E+07
25224,3.44E+07
25225,3.33E+07
25226,5.48E+07
25227,3.02E+07
25228,3.00E+07
25229,4.66E+07
25230,2.98E+07
25231,3.26E+07
25232,2.06E+07
25233,2.95E+07
25234,4.24E+07
25235,5.46E+07
25236,3.48E+07
25237,3.56E+07
25238,4.89E+07
25239,3.16E+07
25240,3.17E+07
25241,3.63E+07
25242,3.58E+07
25243,4.20E+07
25244,3.05E+07
25245,3.02E+07
25246,3.04E+07
25247,3.63E+07
25248,2.34E+07
25249,2.12E+07
25250,1.92E+07
25251,2.56E+07
25252,4.36E+07
25253,4.48E+07
25254,2.87E+07
25255,3.97E+07
25256,5.68E+07
25257,3.68E+07
25258,3.98E+07
25259,2.68E+07
25260,4.14E+07
25261,2.86E+07
25262,4.05E+07
25263,4.47E+07
25264,4.79E+07
25265,3.65E+07
25266,2.24E+07
25267,1.94E+07
25268,1.93E+07
25269,2.40E+07
25270,1.58E+07
25271,2.10E+07
25272,1.70E+07
25273,4.51E+07
25274,4.25E+07
25275,4.85E+07
25276,3.47E+07
25277,3.34E+07
25278,4.24E+07
25279,3.35E+07
25280,2.99E+07
25281,2.15E+07
25282,1.74E+07
25283,3.96E+07
25284,4.02E+07
25285,3.89E+07
25286,6.93E+07
25287,6.08E+07
25288,6.23E+07
25289,5.32E+07
25290,3.59E+07
25291,4.18E+07
25292,3.72E+07
25293,3.72E+07
25294,2.99E+07
25295,4.22E+07
25296,2.22E+07
25297,2.10E+07
25298,2.40E+07
25299,2.04E+07
25300,1.68E+07
25301,2.55E+07
25302,3.72E+07
25303,3.20E+07
25304,3.62E+07
25305,3.11E+07
25306,3.50E+07
25307,3.97E+07
25308,3.90E+07
25309,3.99E+07
25310,4.52E+07
25311,3.45E+07
25312,3.77E+07
25313,4.72E+07
25314,3.21E+07
25315,4.44E+07
25316,5.42E+07
25317,5.49E+07
25318,6.56E+07
25319,3.73E+07
25320,4.00E+07
25321,3.88E+07
25322,3.51E+07
25323,2.80E+07
25324,2.78E+07
25325,2.50E+07
25326,3.98E+07
25327,4.65E+07
25328,5.17E+07
25329,3.60E+07
25330,3.31E+07
25331,3.25E+07
25332,4.28E+07
25333,2.97E+07
25334,4.40E+07
25335,3.30E+07
25336,3.12E+07
25337,3.83E+07
25338,2.54E+07
25339,3.67E+07
25340,2.47E+07
25341,2.32E+07
25342,3.90E+07
25343,3.65E+07
25344,4.02E+07
25345,4.21E+07
25346,3.00E+07
25347,4.60E+07
25348,4.71E+07
25349,3.77E+07
25350,3.45E+07
25351,3.71E+07
25352,4.50E+07
25353,3.51E+07
25354,2.76E+07
25355,3.10E+07
25356,3.40E+07
25357,2.96E+07
25358,3.26E+07
25359,3.57E+07
25360,2.23E+07
25361,2.10E+07
25362,2.34E+07
25363,2.16E+07
25364,2.28E+07
25365,2.18E+07
25366,2.08E+07
25367,2.11E+07
25368,3.36E+07
25369,2.00E+07
25370,3.15E+07
25371,1.93E+07
25372,1.82E+07
25373,1.79E+07
25374,2.11E+07
25375,1.73E+07
25376,3.07E+07
25377,2.98E+07
25378,3.56E+07
25379,3.81E+07
25380,1.80E+07
25381,3.90E+07
25382,2.37E+07
25383,2.80E+07
25384,2.55E+07
25385,2.85E+07
25386,3.51E+07
25387,3.78E+07
25388,3.86E+07
25389,4.05E+07
25390,4.43E+07
25391,5.68E+07
25392,5.03E+07
25393,4.16E+07
25394,4.93E+07
25395,3.91E+07
25396,3.81E+07
25397,6.04E+07
25398,3.42E+07
25399,4.79E+07
25400,5.72E+07
25401,4.95E+07
25402,4.78E+07
25403,4.55E+07
25404,6.48E+07
25405,2.19E+07
25406,1.87E+07
25407,1.49E+07
25408,2.28E+07
25409,1.56E+07
25410,1.91E+07
25411,1.40E+07
25412,4.85E+07
25413,4.92E+07
25414,4.72E+07
25415,4.15E+07
25416,2.66E+07
25417,2.80E+07
25418,2.34E+07
25419,2.45E+07
25420,2.67E+07
25421,2.99E+07
25422,1.71E+07
25423,1.59E+07
25424,1.61E+07
25425,4.29E+07
25426,4.60E+07
25427,2.58E+07
25428,1.64E+07
25429,2.11E+07
25430,1.64E+07
25431,1.62E+07
25432,1.84E+07
25433,2.15E+07
25434,2.81E+07
25435,2.48E+07
25436,3.02E+07
25437,1.88E+07
25438,2.04E+07
25439,2.10E+07
25440,2.06E+07
25441,1.89E+07
25442,2.37E+07
25443,1.86E+07
25444,1.88E+07
25445,2.60E+07
25446,2.77E+07
25447,2.70E+07
25448,1.74E+07
25449,1.70E+07
25450,1.81E+07
25451,1.66E+07
25452,1.62E+07
25453,1.58E+07
25454,1.60E+07
25455,3.82E+07
25456,3.62E+07
25457,3.29E+07
25458,2.73E+07
25459,2.53E+07
25460,3.17E+07
25461,2.14E+07
25462,3.83E+07
25463,2.99E+07
25464,3.62E+07
25465,3.11E+07
25466,3.83E+07
25467,3.98E+07
25468,3.81E+07
25469,3.07E+07
25470,3.40E+07
25471,2.98E+07
25472,2.88E+07
25473,3.14E+07
25474,3.01E+07
25475,2.21E+07
25476,3.13E+07
25477,2.43E+07
25478,3.26E+07
25479,2.88E+07
25480,3.02E+07
25481,2.28E+07
25482,2.60E+07
25483,2.39E+07
25484,2.57E+07
25485,2.68E+07
25486,1.29E+07
25487,1.72E+07
25488,1.97E+07
25489,1.90E+07
25490,1.70E+07
25491,1.30E+07
25492,2.52E+07
25493,1.84E+07
25494,1.97E+07
25495,1.72E+07
25496,1.74E+07
25497,1.69E+07
25498,1.71E+07
25499,1.91E+07
25500,1.93E+07
25501,1.87E+07
25502,1.87E+07
25503,1.90E+07
25504,1.48E+07
25505,1.54E+07
25506,1.53E+07
25507,1.50E+07
25508,1.36E+07
25509,2.04E+07
25510,2.33E+07
25511,2.05E+07
25512,1.57E+07
25513,2.50E+07
25514,2.01E+07
25515,2.84E+07
25516,3.30E+07
25517,2.17E+07
25518,2.68E+07
25519,1.96E+07
25520,1.74E+07
25521,1.61E+07
25522,1.61E+07
25523,1.55E+07
25524,1.67E+07
25525,1.56E+07
25526,1.55E+07
25527,1.82E+07
25528,1.83E+07
25529,2.11E+07
25530,1.74E+07
25531,1.91E+07
25532,1.26E+07
25533,1.53E+07
25534,2.21E+07
25535,2.03E+07
25536,1.82E+07
25537,2.14E+07
25538,1.86E+07
25539,1.99E+07
25540,1.87E+07
25541,2.18E+07
25542,1.92E+07
25543,1.79E+07
25544,2.10E+07
25545,1.97E+07
25546,1.62E+07
25547,2.33E+07
25548,2.31E+07
25549,2.34E+07
25550,1.77E+07
25551,1.59E+07
25552,1.75E+07
25553,1.82E+07
25554,1.96E+07
25555,1.73E+07
25556,2.07E+07
25557,2.03E+07
25558,1.91E+07
25559,1.74E+07
25560,1.12E+07
25561,1.34E+07
25562,1.28E+07
25563,1.52E+07
25564,1.09E+07
25565,1.81E+07
25566,1.66E+07
25567,1.97E+07
25568,2.34E+07
25569,1.92E+07
25570,2.22E+07
25571,2.62E+07
25572,3.02E+07
25573,1.81E+07
25574,1.12E+07
25575,3.03E+07
25576,2.77E+07
25577,1.40E+07
25578,2.69E+07
25579,2.82E+07
25580,1.94E+07
25581,2.05E+07
25582,1.45E+07
25583,1.93E+07
25584,2.07E+07
25585,1.70E+07
25586,2.45E+07
25587,1.72E+07
25588,1.65E+07
25589,1.81E+07
25590,2.24E+07
25591,2.74E+07
25592,2.68E+07
25593,2.66E+07
25594,2.98E+07
25595,2.63E+07
25596,2.28E+07
25597,2.94E+07
25598,4.35E+07
25599,3.13E+07
25600,3.60E+07
25601,3.95E+07
25602,4.27E+07
25603,2.72E+07
25604,3.06E+07
25605,3.21E+07
25606,2.57E+07
25607,1.85E+07
25608,1.70E+07
25609,3.02E+07
25610,1.75E+07
25611,2.12E+07
25612,2.25E+07
25613,1.31E+07
25614,1.70E+07
25615,2.37E+07
25616,1.88E+07
25617,1.37E+07
25618,3.38E+07
25619,1.60E+07
25620,2.42E+07
25621,1.94E+07
25622,2.21E+07
25623,1.75E+07
25624,2.05E+07
25625,1.76E+07
25626,2.36E+07
25627,1.78E+07
25628,1.82E+07
25629,1.53E+07
25630,2.39E+07
25631,2.05E+07
25632,2.15E+07
25633,1.47E+07
25634,1.70E+07
25635,1.52E+07
25636,1.63E+07
25637,1.76E+07
25638,1.38E+07
25639,1.47E+07
25640,1.65E+07
25641,1.35E+07
25642,1.64E+07
25643,1.18E+07
25644,1.29E+07
25645,1.11E+07
25646,4.27E+07
25647,3.87E+07
25648,3.83E+07
25649,5.02E+07
25650,5.86E+07
25651,4.09E+07
25652,4.85E+07
25653,3.59E+07
25654,2.29E+07
25655,3.31E+07
25656,3.27E+07
25657,4.02E+07
25658,4.28E+07
25659,2.76E+07
25660,2.24E+07
25661,5.02E+07
25662,3.58E+07
25663,2.24E+07
25664,2.27E+07
25665,3.19E+07
25666,3.20E+07
25667,2.21E+07
25668,3.13E+07
25669,2.84E+07
25670,2.78E+07
25671,1.73E+07
25672,1.83E+07
25673,8.82E+06
25674,6.67E+06
25675,2.39E+07
25676,2.20E+07
25677,1.84E+07
25678,2.47E+07
25679,8.68E+06
25680,4.27E+07
25681,3.73E+07
25682,3.34E+07
25683,4.25E+07
25684,2.87E+07
25685,3.25E+07
25686,3.45E+07
25687,5.35E+07
25688,2.03E+07
25689,4.67E+07
25690,4.97E+07
25691,4.54E+07
25692,4.51E+07
25693,3.07E+07
25694,3.70E+07
25695,5.96E+07
25696,3.32E+07
25697,4.72E+07
25698,2.47E+07
25699,2.53E+07
25700,2.78E+07
25701,2.19E+07
25702,2.69E+07
25703,3.23E+07
25704,3.60E+07
25705,4.19E+07
25706,3.35E+07
25707,3.88E+07
25708,2.64E+07
25709,2.86E+07
25710,2.57E+07
25711,2.33E+07
25712,2.04E+07
25713,2.19E+07
25714,2.93E+07
25715,4.43E+07
25716,2.05E+07
25717,3.07E+07
25718,3.25E+07
25719,3.77E+07
25720,3.73E+07
25721,2.63E+07
25722,2.06E+07
25723,2.26E+07
25724,3.07E+07
25725,2.14E+07
25726,3.43E+07
25727,2.14E+07
25728,2.48E+07
25729,2.33E+07
25730,4.13E+07
25731,3.95E+07
25732,4.26E+07
25733,5.06E+07
25734,3.31E+07
25735,2.38E+07
25736,3.50E+07
25737,4.01E+07
25738,2.88E+07
25739,3.55E+07
25740,3.17E+07
25741,2.50E+07
25742,4.25E+07
25743,4.42E+07
25744,4.06E+07
25745,3.05E+07
25746,2.77E+07
25747,3.12E+07
25748,5.03E+07
25749,2.10E+07
25750,1.92E+07
25751,1.37E+07
25752,1.79E+07
25753,1.84E+07
25754,1.74E+07
25755,1.45E+07
25756,2.22E+07
25757,2.89E+07
25758,2.41E+07
25759,4.79E+07
25760,4.26E+07
25761,3.19E+07
25762,3.53E+07
25763,1.69E+07
25764,1.66E+07
25765,1.52E+07
25766,1.89E+07
25767,1.54E+07
25768,1.55E+07
25769,1.62E+07
25770,2.70E+07
25771,1.45E+07
25772,1.62E+07
25773,2.11E+07
25774,1.85E+07
25775,1.68E+07
25776,1.98E+07
25777,1.76E+07
25778,1.82E+07
25779,2.32E+07
25780,2.00E+07
25781,1.82E+07
25782,1.58E+07
25783,1.59E+07
25784,1.69E+07
25785,1.71E+07
25786,1.91E+07
25787,1.69E+07
25788,2.13E+07
25789,2.20E+07
25790,2.27E+07
25791,2.57E+07
25792,2.41E+07
25793,1.98E+07
25794,1.55E+07
25795,1.74E+07
25796,2.04E+07
25797,2.96E+07
25798,1.96E+07
25799,2.92E+07
25800,2.29E+07
25801,3.22E+07
25802,2.61E+07
25803,2.35E+07
25804,2.38E+07
25805,2.42E+07
25806,2.56E+07
25807,2.47E+07
25808,2.50E+07
25809,2.36E+07
25810,2.28E+07
25811,2.75E+07
25812,3.28E+07
25813,4.11E+07
25814,3.31E+07
25815,3.57E+07
25816,3.93E+07
25817,3.14E+07
25818,2.87E+07
25819,3.40E+07
25820,3.76E+07
25821,3.45E+07
25822,2.76E+07
25823,3.18E+07
25824,3.44E+07
25825,4.29E+07
25826,2.94E+07
25827,3.38E+07
25828,2.79E+07
25829,3.01E+07
25830,2.78E+07
25831,2.93E+07
25832,2.17E+07
25833,2.36E+07
25834,1.62E+07
25835,2.98E+07
25836,2.92E+07
25837,1.89E+07
25838,1.84E+07
25839,1.89E+07
25840,3.25E+07
25841,2.22E+07
25842,1.92E+07
25843,2.18E+07
25844,2.07E+07
25845,1.79E+07
25846,1.80E+07
25847,1.88E+07
25848,1.90E+07
25849,2.54E+07
25850,3.33E+07
25851,1.05E+07
25852,2.06E+07
25853,1.98E+07
25854,3.39E+07
25855,2.62E+07
25856,3.52E+07
25857,1.03E+07
25858,7.75E+06
25859,3.18E+07
25860,2.66E+07
25861,2.72E+07
25862,1.72E+07
25863,3.15E+07
25864,7.23E+06
25865,1.62E+07
25866,5.86E+06
25867,3.33E+07
25868,1.80E+07
25869,3.37E+07
25870,2.14E+07
25871,1.98E+07
25872,2.04E+07
25873,3.73E+07
25874,3.16E+07
25875,2.22E+07
25876,2.23E+07
25877,2.82E+07
25878,2.09E+07
25879,3.07E+07
25880,1.62E+07
25881,1.72E+07
25882,1.98E+07
25883,3.24E+07
25884,3.39E+07
25885,2.59E+07
25886,4.03E+07
25887,1.99E+07
25888,3.71E+07
25889,2.64E+07
25890,2.29E+07
25891,3.07E+07
25892,3.42E+07
25893,3.01E+07
25894,3.87E+07
25895,3.94E+07
25896,3.61E+07
25897,2.90E+07
25898,4.45E+07
25899,4.12E+07
25900,2.82E+07
25901,4.27E+07
25902,4.15E+07
25903,2.29E+07
25904,2.63E+07
25905,4.08E+07
25906,4.81E+07
25907,3.29E+07
25908,3.56E+07
25909,3.12E+07
25910,2.57E+07
25911,3.28E+07
25912,3.71E+07
25913,2.14E+07
25914,4.38E+07
25915,3.37E+07
25916,2.07E+07
25917,2.52E+07
25918,2.60E+07
25919,2.32E+07
25920,3.41E+07
25921,4.21E+07
25922,1.96E+07
25923,1.84E+07
25924,1.56E+07
25925,2.47E+07
25926,2.85E+07
25927,1.64E+07
25928,2.79E+07
25929,1.68E+07
25930,6.85E+06
25931,2.15E+07
25932,8.52E+06
25933,2.43E+07
25934,3.60E+07
25935,4.16E+07
25936,3.71E+07
25937,3.98E+07
25938,2.79E+07
25939,2.93E+07
25940,4.17E+07
25941,3.98E+07
25942,2.79E+07
25943,2.77E+07
25944,3.29E+07
25945,3.31E+07
25946,2.30E+07
25947,2.83E+07
25948,2.79E+07
25949,3.63E+07
25950,3.28E+07
25951,4.11E+07
25952,2.23E+07
25953,2.86E+07
25954,3.97E+07
25955,3.06E+07
25956,3.56E+07
25957,2.62E+07
25958,4.32E+07
25959,2.84E+07
25960,2.78E+07
25961,2.59E+07
25962,3.13E+07
25963,2.65E+07
25964,1.81E+07
25965,3.69E+07
25966,2.24E+07
25967,2.21E+07
25968,2.02E+07
25969,1.66E+07
25970,2.54E+07
25971,1.66E+07
25972,3.46E+07
25973,3.13E+07
25974,2.47E+07
25975,2.44E+07
25976,2.79E+07
25977,2.76E+07
25978,2.86E+07
25979,1.99E+07
25980,1.57E+07
25981,1.91E+07
25982,2.86E+07
25983,3.26E+07
25984,3.22E+07
25985,5.05E+07
25986,5.78E+07
25987,4.95E+07
25988,4.73E+07
25989,4.48E+07
25990,4.74E+07
25991,4.84E+07
25992,3.42E+07
25993,3.43E+07
25994,3.41E+07
25995,3.99E+07
25996,2.59E+07
25997,2.79E+07
25998,1.88E+07
25999,1.92E+07
26000,1.98E+07
26001,2.67E+07
26002,2.11E+07
26003,2.46E+07
26004,2.92E+07
26005,3.19E+07
26006,3.03E+07
26007,1.87E+07
26008,1.94E+07
26009,2.88E+07
26010,2.23E+07
26011,2.54E+07
26012,2.04E+07
26013,4.02E+07
26014,2.69E+07
26015,1.23E+07
26016,3.37E+07
26017,2.05E+07
26018,3.95E+07
26019,2.10E+07
26020,2.63E+07
26021,2.91E+07
26022,3.02E+07
26023,3.53E+07
26024,2.11E+07
26025,1.97E+07
26026,1.74E+07
26027,1.35E+07
26028,2.43E+07
26029,2.73E+07
26030,4.68E+07
26031,2.67E+07
26032,1.33E+07
26033,3.96E+07
26034,1.23E+07
26035,4.45E+07
26036,3.88E+07
26037,3.67E+07
26038,2.12E+07
26039,3.09E+07
26040,3.58E+07
26041,3.15E+07
26042,3.56E+07
26043,3.43E+07
26044,2.25E+07
26045,2.50E+07
26046,2.84E+07
26047,1.90E+07
26048,2.60E+07
26049,2.04E+07
26050,1.93E+07
26051,1.91E+07
26052,2.06E+07
26053,1.69E+07
26054,2.91E+07
26055,2.06E+07
26056,2.68E+07
26057,2.89E+07
26058,1.98E+07
26059,1.79E+07
26060,2.00E+07
26061,2.50E+07
26062,1.79E+07
26063,3.80E+07
26064,2.47E+07
26065,1.88E+07
26066,3.98E+07
26067,2.28E+07
26068,2.65E+07
26069,3.76E+07
26070,3.53E+07
26071,2.46E+07
26072,2.11E+07
26073,3.67E+07
26074,2.67E+07
26075,2.84E+07
26076,3.65E+07
26077,2.53E+07
26078,3.47E+07
26079,1.95E+07
26080,2.85E+07
26081,2.65E+07
26082,2.98E+07
26083,4.76E+07
26084,4.47E+07
26085,3.00E+07
26086,4.40E+07
26087,2.55E+07
26088,2.90E+07
26089,2.59E+07
26090,3.77E+07
26091,2.49E+07
26092,2.38E+07
26093,2.09E+07
26094,4.49E+07
26095,3.58E+07
26096,3.65E+07
26097,5.46E+07
26098,2.35E+07
26099,2.31E+07
26100,2.23E+07
26101,2.23E+07
26102,1.76E+07
26103,1.84E+07
26104,1.76E+07
26105,3.78E+07
26106,3.87E+07
26107,2.61E+07
26108,3.19E+07
26109,1.85E+07
26110,2.22E+07
26111,1.77E+07
26112,2.31E+07
26113,1.77E+07
26114,4.97E+07
26115,4.71E+07
26116,3.82E+07
26117,2.54E+07
26118,1.60E+07
26119,1.58E+07
26120,1.71E+07
26121,3.10E+07
26122,1.71E+07
26123,1.73E+07
26124,1.70E+07
26125,3.80E+07
26126,1.82E+07
26127,2.06E+07
26128,1.78E+07
26129,1.68E+07
26130,1.73E+07
26131,3.59E+07
26132,3.28E+07
26133,4.33E+07
26134,2.40E+07
26135,3.00E+07
26136,3.05E+07
26137,2.15E+07
26138,2.05E+07
26139,1.86E+07
26140,2.81E+07
26141,2.44E+07
26142,2.43E+07
26143,1.33E+07
26144,1.42E+07
26145,1.74E+07
26146,1.32E+07
26147,2.09E+07
26148,2.76E+07
26149,2.45E+07
26150,1.51E+07
26151,1.70E+07
26152,2.20E+07
26153,2.23E+07
26154,1.90E+07
26155,2.43E+07
26156,2.90E+07
26157,2.67E+07
26158,3.01E+07
26159,2.69E+07
26160,4.42E+07
26161,4.19E+07
26162,4.28E+07
26163,4.63E+07
26164,3.79E+07
26165,5.71E+07
26166,6.13E+07
26167,4.86E+07
26168,4.59E+07
26169,1.70E+07
26170,1.46E+07
26171,1.50E+07
26172,1.72E+07
26173,1.34E+07
26174,1.03E+07
26175,1.03E+07
26176,1.25E+07
26177,3.09E+07
26178,1.28E+07
26179,1.50E+07
26180,1.46E+07
26181,1.43E+07
26182,1.25E+07
26183,1.29E+07
26184,1.61E+07
26185,1.81E+07
26186,2.14E+07
26187,1.70E+07
26188,1.55E+07
26189,2.08E+07
26190,1.74E+07
26191,2.17E+07
26192,2.53E+07
26193,3.02E+07
26194,2.73E+07
26195,1.97E+07
26196,3.11E+07
26197,2.83E+07
26198,3.38E+07
26199,2.26E+07
26200,1.98E+07
26201,1.72E+07
26202,2.96E+07
26203,3.03E+07
26204,2.00E+07
26205,1.94E+07
26206,2.18E+07
26207,3.44E+07
26208,1.98E+07
26209,1.82E+07
26210,2.59E+07
26211,3.69E+07
26212,2.96E+07
26213,4.10E+07
26214,2.19E+07
26215,2.39E+07
26216,2.40E+07
26217,3.13E+07
26218,3.29E+07
26219,3.39E+07
26220,2.12E+07
26221,3.33E+07
26222,3.03E+07
26223,2.79E+07
26224,2.45E+07
26225,2.12E+07
26226,2.73E+07
26227,3.20E+07
26228,2.44E+07
26229,2.34E+07
26230,3.33E+07
26231,3.01E+07
26232,3.53E+07
26233,2.87E+07
26234,3.78E+07
26235,2.68E+07
26236,4.48E+07
26237,4.04E+07
26238,2.90E+07
26239,3.64E+07
26240,3.80E+07
26241,2.98E+07
26242,3.69E+07
26243,3.52E+07
26244,2.86E+07
26245,2.76E+07
26246,2.75E+07
26247,3.19E+07
26248,2.61E+07
26249,3.04E+07
26250,2.04E+07
26251,1.24E+07
26252,1.56E+07
26253,1.32E+07
26254,1.80E+07
26255,2.13E+07
26256,2.92E+07
26257,2.21E+07
26258,1.98E+07
26259,2.67E+07
26260,2.18E+07
26261,1.93E+07
26262,4.29E+07
26263,3.21E+07
26264,3.97E+07
26265,2.98E+07
26266,3.63E+07
26267,3.43E+07
26268,4.93E+07
26269,3.88E+07
26270,3.00E+07
26271,3.13E+07
26272,4.00E+07
26273,4.13E+07
26274,3.08E+07
26275,1.80E+07
26276,1.84E+07
26277,1.60E+07
26278,1.72E+07
26279,2.61E+07
26280,2.21E+07
26281,1.77E+07
26282,2.42E+07
26283,2.30E+07
26284,1.82E+07
26285,2.60E+07
26286,1.69E+07
26287,4.00E+07
26288,2.54E+07
26289,2.14E+07
26290,2.13E+07
26291,2.17E+07
26292,1.50E+07
26293,1.70E+07
26294,1.55E+07
26295,2.29E+07
26296,2.50E+07
26297,3.09E+07
26298,1.88E+07
26299,1.99E+07
26300,2.53E+07
26301,2.88E+07
26302,1.96E+07
26303,2.45E+07
26304,3.48E+07
26305,5.22E+07
26306,4.43E+07
26307,4.79E+07
26308,5.89E+07
26309,1.57E+07
26310,2.30E+07
26311,3.30E+07
26312,2.36E+07
26313,3.12E+07
26314,2.27E+07
26315,2.61E+07
26316,2.44E+07
26317,2.47E+07
26318,2.03E+07
26319,2.57E+07
26320,4.34E+07
26321,3.44E+07
26322,4.17E+07
26323,3.17E+07
26324,5.24E+07
26325,4.30E+07
26326,3.42E+07
26327,4.53E+07
26328,4.23E+07
26329,3.15E+07
26330,3.05E+07
26331,4.19E+07
26332,5.22E+07
26333,4.42E+07
26334,4.28E+07
26335,3.84E+07
26336,3.93E+07
26337,3.13E+07
26338,2.51E+07
26339,3.20E+07
26340,3.06E+07
26341,4.31E+07
26342,2.00E+07
26343,2.68E+07
26344,3.37E+07
26345,1.91E+07
26346,2.18E+07
26347,2.27E+07
26348,1.93E+07
26349,3.94E+07
26350,2.83E+07
26351,3.02E+07
26352,1.98E+07
26353,2.35E+07
26354,4.41E+07
26355,2.74E+07
26356,5.24E+07
26357,3.67E+07
26358,3.17E+07
26359,3.56E+07
26360,1.69E+07
26361,2.31E+07
26362,2.56E+07
26363,2.92E+07
26364,1.79E+07
26365,1.98E+07
26366,1.36E+07
26367,2.09E+07
26368,1.91E+07
26369,1.75E+07
26370,1.39E+07
26371,1.22E+07
26372,4.01E+07
26373,3.33E+07
26374,3.68E+07
26375,3.78E+07
26376,3.51E+07
26377,4.28E+07
26378,2.81E+07
26379,3.35E+07
26380,3.62E+07
26381,3.91E+07
26382,4.14E+07
26383,4.40E+07
26384,5.91E+07
26385,5.55E+07
26386,5.79E+07
26387,3.15E+07
26388,3.07E+07
26389,3.22E+07
26390,2.79E+07
26391,2.20E+07
26392,2.73E+07
26393,2.78E+07
26394,3.51E+07
26395,3.08E+07
26396,3.26E+07
26397,3.23E+07
26398,3.44E+07
26399,3.45E+07
26400,3.57E+07
26401,3.13E+07
26402,3.13E+07
26403,3.06E+07
26404,2.94E+07
26405,3.72E+07
26406,1.42E+07
26407,3.01E+07
26408,2.48E+07
26409,5.61E+07
26410,4.95E+07
26411,4.04E+07
26412,1.77E+07
26413,2.81E+07
26414,2.99E+07
26415,2.38E+07
26416,2.17E+07
26417,3.34E+07
26418,1.47E+07
26419,1.59E+07
26420,1.50E+07
26421,1.10E+07
26422,9.83E+06
26423,7.33E+06
26424,2.23E+07
26425,1.94E+07
26426,1.53E+07
26427,1.68E+07
26428,1.75E+07
26429,1.69E+07
26430,1.77E+07
26431,1.03E+07
26432,1.45E+07
26433,2.10E+07
26434,4.09E+07
26435,2.12E+07
26436,1.69E+07
26437,2.25E+07
26438,1.50E+07
26439,4.11E+07
26440,2.19E+07
26441,5.35E+07
26442,4.67E+07
26443,3.88E+07
26444,3.65E+07
26445,3.82E+07
26446,4.83E+07
26447,5.81E+07
26448,5.98E+07
26449,2.47E+07
26450,1.73E+07
26451,3.13E+07
26452,2.75E+07
26453,2.05E+07
26454,1.98E+07
26455,2.73E+07
26456,1.86E+07
26457,1.50E+07
26458,2.78E+07
26459,2.22E+07
26460,1.51E+07
26461,1.91E+07
26462,2.27E+07
26463,2.46E+07
26464,3.20E+07
26465,4.12E+07
26466,3.59E+07
26467,2.78E+07
26468,3.01E+07
26469,4.34E+07
26470,3.03E+07
26471,3.73E+07
26472,2.03E+07
26473,1.99E+07
26474,2.60E+07
26475,1.83E+07
26476,1.97E+07
26477,1.98E+07
26478,1.99E+07
26479,2.27E+07
26480,2.33E+07
26481,1.80E+07
26482,2.87E+07
26483,2.20E+07
26484,2.38E+07
26485,2.35E+07
26486,2.07E+07
26487,1.41E+07
26488,1.62E+07
26489,1.46E+07
26490,2.22E+07
26491,1.83E+07
26492,1.59E+07
26493,1.88E+07
26494,1.39E+07
26495,2.12E+07
26496,3.79E+07
26497,3.93E+07
26498,4.98E+07
26499,4.20E+07
26500,1.78E+07
26501,1.75E+07
26502,1.88E+07
26503,1.80E+07
26504,2.16E+07
26505,2.02E+07
26506,2.00E+07
26507,1.96E+07
26508,1.98E+07
26509,1.89E+07
26510,2.05E+07
26511,1.79E+07
26512,2.36E+07
26513,3.45E+07
26514,2.68E+07
26515,3.03E+07
26516,2.23E+07
26517,2.53E+07
26518,3.00E+07
26519,3.66E+07
26520,1.95E+07
26521,3.04E+07
26522,2.18E+07
26523,2.97E+07
26524,1.48E+07
26525,1.73E+07
26526,2.14E+07
26527,2.20E+07
26528,2.06E+07
26529,2.01E+07
26530,2.40E+07
26531,2.26E+07
26532,2.37E+07
26533,2.81E+07
26534,3.03E+07
26535,1.44E+07
26536,3.89E+07
26537,2.02E+07
26538,2.76E+07
26539,4.32E+07
26540,3.14E+07
26541,2.41E+07
26542,2.58E+07
26543,3.32E+07
26544,4.51E+07
26545,4.63E+07
26546,4.43E+07
26547,2.54E+07
26548,4.32E+07
26549,3.03E+07
26550,4.76E+07
26551,3.84E+07
26552,4.33E+07
26553,5.33E+07
26554,4.36E+07
26555,3.08E+07
26556,3.31E+07
26557,5.07E+07
26558,3.18E+07
26559,4.42E+07
26560,2.94E+07
26561,3.27E+07
26562,5.36E+07
26563,4.30E+07
26564,2.96E+07
26565,3.15E+07
26566,2.99E+07
26567,2.34E+07
26568,3.66E+07
26569,3.91E+07
26570,1.69E+07
26571,1.71E+07
26572,2.50E+07
26573,3.80E+07
26574,3.38E+07
26575,1.19E+07
26576,3.47E+07
26577,2.84E+07
26578,2.53E+07
26579,2.19E+07
26580,1.55E+07
26581,2.08E+07
26582,1.78E+07
26583,1.61E+07
26584,1.62E+07
26585,1.92E+07
26586,2.00E+07
26587,3.91E+07
26588,3.27E+07
26589,2.47E+07
26590,3.61E+07
26591,4.12E+07
26592,2.27E+07
26593,2.18E+07
26594,1.65E+07
26595,1.68E+07
26596,1.55E+07
26597,1.93E+07
26598,1.72E+07
26599,1.32E+07
26600,1.70E+07
26601,1.35E+07
26602,1.70E+07
26603,2.06E+07
26604,1.99E+07
26605,2.27E+07
26606,2.14E+07
26607,1.70E+07
26608,2.02E+07
26609,3.28E+07
26610,1.51E+07
26611,2.96E+07
26612,1.43E+07
26613,2.75E+07
26614,2.64E+07
26615,3.78E+07
26616,1.38E+07
26617,1.88E+07
26618,1.34E+07
26619,2.30E+07
26620,1.00E+07
26621,1.14E+07
26622,1.57E+07
26623,9.32E+06
26624,9.95E+06
26625,2.64E+07
26626,1.89E+07
26627,1.39E+07
26628,6.10E+06
26629,3.00E+07
26630,1.55E+07
26631,2.08E+07
26632,1.33E+07
26633,2.36E+07
26634,2.70E+07
26635,2.22E+07
26636,3.20E+07
26637,3.31E+07
26638,3.01E+07
26639,2.88E+07
26640,2.01E+07
26641,2.11E+07
26642,1.72E+07
26643,4.30E+07
26644,2.61E+07
26645,2.38E+07
26646,4.89E+07
26647,2.92E+07
26648,4.40E+07
26649,3.13E+07
26650,4.59E+07
26651,4.95E+07
26652,4.18E+07
26653,3.45E+07
26654,2.72E+07
26655,2.65E+07
26656,4.69E+07
26657,4.34E+07
26658,2.74E+07
26659,2.54E+07
26660,2.71E+07
26661,2.66E+07
26662,2.46E+07
26663,2.16E+07
26664,2.80E+07
26665,2.16E+07
26666,1.49E+07
26667,1.70E+07
26668,1.81E+07
26669,1.25E+07
26670,2.93E+07
26671,1.79E+07
26672,2.67E+07
26673,3.80E+07
26674,1.94E+07
26675,2.04E+07
26676,1.86E+07
26677,2.08E+07
26678,2.09E+07
26679,1.66E+07
26680,4.79E+07
26681,4.76E+07
26682,3.84E+07
26683,6.58E+07
26684,1.64E+07
26685,3.17E+07
26686,2.27E+07
26687,2.13E+07
26688,2.44E+07
26689,2.65E+07
26690,9.72E+06
26691,2.09E+07
26692,3.01E+07
26693,2.70E+07
26694,2.95E+07
26695,4.66E+07
26696,4.69E+07
26697,4.68E+07
26698,2.29E+07
26699,1.75E+07
26700,2.05E+07
26701,2.96E+07
26702,1.87E+07
26703,1.86E+07
26704,2.39E+07
26705,1.68E+07
26706,1.97E+07
26707,1.79E+07
26708,1.82E+07
26709,1.91E+07
26710,3.02E+07
26711,2.18E+07
26712,2.48E+07
26713,3.09E+07
26714,2.50E+07
26715,3.61E+07
26716,1.98E+07
26717,3.97E+07
26718,3.45E+07
26719,2.80E+07
26720,3.44E+07
26721,2.98E+07
26722,2.16E+07
26723,2.22E+07
26724,1.56E+07
26725,1.64E+07
26726,3.13E+07
26727,1.56E+07
26728,1.07E+07
26729,1.24E+07
26730,2.47E+07
26731,2.36E+07
26732,1.82E+07
26733,1.96E+07
26734,1.67E+07
26735,1.88E+07
26736,3.02E+07
26737,1.56E+07
26738,1.60E+07
26739,1.90E+07
26740,2.16E+07
26741,2.34E+07
26742,2.94E+07
26743,3.01E+07
26744,2.06E+07
26745,2.33E+07
26746,1.66E+07
26747,2.78E+07
26748,5.10E+07
26749,1.29E+07
26750,1.69E+07
26751,4.58E+07
26752,3.08E+07
26753,2.96E+07
26754,3.08E+07
26755,2.49E+07
26756,2.35E+07
26757,2.07E+07
26758,2.18E+07
26759,2.13E+07
26760,2.29E+07
26761,3.69E+07
26762,3.25E+07
26763,4.72E+07
26764,2.17E+07
26765,3.28E+07
26766,3.64E+07
26767,4.96E+07
26768,2.59E+07
26769,3.61E+07
26770,3.50E+07
26771,3.30E+07
26772,2.21E+07
26773,5.32E+07
26774,2.53E+07
26775,2.48E+07
26776,2.97E+07
26777,2.70E+07
26778,2.10E+07
26779,1.81E+07
26780,2.08E+07
26781,1.77E+07
26782,1.59E+07
26783,1.48E+07
26784,3.59E+07
26785,2.82E+07
26786,2.56E+07
26787,3.61E+07
26788,2.64E+07
26789,2.57E+07
26790,3.37E+07
26791,2.92E+07
26792,2.09E+07
26793,1.99E+07
26794,1.77E+07
26795,1.50E+07
26796,1.82E+07
26797,1.63E+07
26798,3.17E+07
26799,3.09E+07
26800,3.37E+07
26801,3.48E+07
26802,2.38E+07
26803,2.43E+07
26804,4.27E+07
26805,4.11E+07
26806,2.95E+07
26807,4.18E+07
26808,4.28E+07
26809,3.20E+07
26810,3.72E+07
26811,2.06E+07
26812,2.43E+07
26813,3.37E+07
26814,1.68E+07
26815,1.73E+07
26816,2.35E+07
26817,2.59E+07
26818,4.02E+07
26819,2.53E+07
26820,3.14E+07
26821,4.16E+07
26822,3.23E+07
26823,3.51E+07
26824,2.58E+07
26825,3.81E+07
26826,2.40E+07
26827,3.29E+07
26828,4.04E+07
26829,2.97E+07
26830,3.65E+07
26831,3.25E+07
26832,2.73E+07
26833,1.91E+07
26834,2.45E+07
26835,2.62E+07
26836,2.74E+07
26837,1.87E+07
26838,2.43E+07
26839,2.19E+07
26840,1.74E+07
26841,2.01E+07
26842,3.65E+07
26843,2.40E+07
26844,2.24E+07
26845,2.67E+07
26846,5.19E+07
26847,4.93E+07
26848,4.20E+07
26849,3.81E+07
26850,4.23E+07
26851,5.00E+07
26852,2.84E+07
26853,5.04E+07
26854,5.29E+07
26855,2.52E+07
26856,4.84E+07
26857,4.90E+07
26858,3.78E+07
26859,3.12E+07
26860,3.47E+07
26861,1.58E+07
26862,1.55E+07
26863,1.65E+07
26864,1.54E+07
26865,1.47E+07
26866,1.40E+07
26867,2.27E+07
26868,2.57E+07
26869,1.17E+07
26870,1.42E+07
26871,1.91E+07
26872,2.04E+07
26873,2.34E+07
26874,1.73E+07
26875,2.05E+07
26876,2.83E+07
26877,2.48E+07
26878,4.67E+07
26879,2.94E+07
26880,5.25E+07
26881,3.43E+07
26882,3.35E+07
26883,3.05E+07
26884,4.31E+07
26885,1.98E+07
26886,3.32E+07
26887,1.68E+07
26888,1.63E+07
26889,1.57E+07
26890,1.77E+07
26891,1.68E+07
26892,1.72E+07
26893,1.71E+07
26894,1.31E+07
26895,1.34E+07
26896,1.47E+07
26897,1.22E+07
26898,1.59E+07
26899,1.57E+07
26900,1.14E+07
26901,2.29E+07
26902,1.55E+07
26903,1.30E+07
26904,1.92E+07
26905,1.96E+07
26906,1.61E+07
26907,1.24E+07
26908,1.68E+07
26909,2.05E+07
26910,2.39E+07
26911,2.75E+07
26912,1.80E+07
26913,2.23E+07
26914,1.69E+07
26915,2.58E+07
26916,2.09E+07
26917,1.91E+07
26918,1.98E+07
26919,1.74E+07
26920,9.50E+06
26921,2.88E+07
26922,1.91E+07
26923,3.35E+07
26924,4.15E+07
26925,2.51E+07
26926,2.89E+07
26927,3.94E+07
26928,1.99E+07
26929,2.74E+07
26930,3.24E+07
26931,2.20E+07
26932,1.61E+07
26933,3.53E+07
26934,2.31E+07
26935,5.02E+07
26936,4.29E+07
26937,2.52E+07
26938,2.43E+07
26939,3.74E+07
26940,4.41E+07
26941,3.77E+07
26942,3.66E+07
26943,4.04E+07
26944,4.08E+07
26945,4.61E+07
26946,4.42E+07
26947,4.50E+07
26948,3.13E+07
26949,4.14E+07
26950,4.29E+07
26951,2.69E+07
26952,4.30E+07
26953,4.81E+07
26954,3.39E+07
26955,4.19E+07
26956,5.39E+07
26957,4.64E+07
26958,4.64E+07
26959,4.45E+07
26960,5.09E+07
26961,4.40E+07
26962,5.46E+07
26963,4.36E+07
26964,4.22E+07
26965,4.74E+07
26966,4.94E+07
26967,5.54E+07
26968,3.09E+07
26969,3.30E+07
26970,2.82E+07
26971,1.82E+07
26972,2.53E+07
26973,1.68E+07
26974,2.37E+07
26975,3.58E+07
26976,3.25E+07
26977,2.57E+07
26978,3.17E+07
26979,3.30E+07
26980,3.57E+07
26981,2.60E+07
26982,2.58E+07
26983,1.69E+07
26984,2.44E+07
26985,3.08E+07
26986,2.03E+07
26987,1.78E+07
26988,1.69E+07
26989,1.99E+07
26990,3.37E+07
26991,3.43E+07
26992,3.46E+07
26993,3.32E+07
26994,3.15E+07
26995,3.75E+07
26996,3.27E+07
26997,3.62E+07
26998,2.88E+07
26999,3.98E+07
27000,4.01E+07
27001,2.37E+07
27002,2.36E+07
27003,2.49E+07
27004,3.69E+07
27005,4.05E+07
27006,3.25E+07
27007,3.76E+07
27008,3.68E+07
27009,4.54E+07
27010,2.09E+07
27011,2.74E+07
27012,2.20E+07
27013,2.80E+07
27014,3.43E+07
27015,2.91E+07
27016,2.92E+07
27017,3.41E+07
27018,1.53E+07
27019,1.63E+07
27020,2.44E+07
27021,1.85E+07
27022,1.84E+07
27023,1.74E+07
27024,2.73E+07
27025,1.92E+07
27026,2.47E+07
27027,2.82E+07
27028,2.11E+07
27029,1.74E+07
27030,2.17E+07
27031,1.73E+07
27032,1.61E+07
27033,1.63E+07
27034,2.05E+07
27035,1.79E+07
27036,2.07E+07
27037,1.93E+07
27038,1.64E+07
27039,2.24E+07
27040,1.60E+07
27041,2.00E+07
27042,1.93E+07
27043,1.57E+07
27044,1.86E+07
27045,1.89E+07
27046,1.94E+07
27047,2.03E+07
27048,2.16E+07
27049,1.94E+07
27050,1.82E+07
27051,1.86E+07
27052,3.24E+07
27053,2.51E+07
27054,3.26E+07
27055,2.11E+07
27056,3.23E+07
27057,2.33E+07
27058,2.61E+07
27059,3.18E+07
27060,3.02E+07
27061,2.27E+07
27062,2.12E+07
27063,2.40E+07
27064,3.10E+07
27065,2.13E+07
27066,2.15E+07
27067,1.73E+07
27068,2.42E+07
27069,2.72E+07
27070,1.84E+07
27071,5.41E+07
27072,4.02E+07
27073,5.20E+07
27074,6.53E+07
27075,4.40E+07
27076,4.02E+07
27077,2.92E+07
27078,3.44E+07
27079,2.75E+07
27080,3.54E+07
27081,4.79E+07
27082,2.71E+07
27083,1.72E+07
27084,9.91E+06
27085,1.55E+07
27086,2.58E+07
27087,6.44E+06
27088,1.77E+07
27089,2.86E+07
27090,6.83E+06
27091,3.54E+07
27092,2.18E+07
27093,6.62E+07
27094,4.23E+07
27095,6.65E+07
27096,3.07E+07
27097,4.43E+07
27098,3.94E+07
27099,5.26E+07
27100,6.00E+07
27101,5.08E+06
27102,8.99E+06
27103,1.83E+07
27104,1.99E+07
27105,1.24E+07
27106,6.85E+06
27107,4.22E+06
27108,9.19E+06
27109,2.69E+07
27110,1.50E+07
27111,1.44E+07
27112,3.28E+07
27113,3.00E+07
27114,2.28E+07
27115,5.21E+07
27116,2.12E+07
27117,2.52E+07
27118,2.43E+07
27119,2.26E+07
27120,2.26E+07
27121,1.92E+07
27122,4.30E+07
27123,2.85E+07
27124,2.76E+07
27125,2.27E+07
27126,2.17E+07
27127,3.25E+07
27128,3.29E+07
27129,2.34E+07
27130,2.49E+07
27131,2.51E+07
27132,1.66E+07
27133,3.07E+07
27134,1.83E+07
27135,4.03E+07
27136,1.43E+07
27137,2.13E+07
27138,1.58E+07
27139,5.97E+07
27140,3.29E+07
27141,4.29E+07
27142,3.17E+07
27143,3.54E+07
27144,1.50E+07
27145,3.23E+07
27146,2.38E+07
27147,3.88E+07
27148,3.68E+07
27149,4.28E+07
27150,2.65E+07
27151,2.11E+07
27152,3.87E+07
27153,4.01E+07
27154,3.33E+07
27155,1.58E+07
27156,1.53E+07
27157,1.58E+07
27158,1.60E+07
27159,1.69E+07
27160,1.47E+07
27161,4.30E+07
27162,2.87E+07
27163,4.38E+07
27164,3.19E+07
27165,4.45E+07
27166,3.19E+07
27167,4.68E+07
27168,3.88E+07
27169,3.44E+07
27170,4.10E+07
27171,5.20E+07
27172,3.49E+07
27173,1.98E+07
27174,3.10E+07
27175,1.74E+07
27176,1.70E+07
27177,3.47E+07
27178,2.86E+07
27179,2.13E+07
27180,2.77E+07
27181,4.55E+07
27182,5.47E+07
27183,4.56E+07
27184,4.39E+07
27185,3.95E+07
27186,3.29E+07
27187,4.67E+07
27188,4.18E+07
27189,1.93E+07
27190,3.60E+07
27191,2.84E+07
27192,2.75E+07
27193,3.96E+07
27194,2.71E+07
27195,4.12E+07
27196,4.64E+07
27197,3.73E+07
27198,5.06E+07
27199,5.04E+07
27200,5.20E+07
27201,4.61E+07
27202,2.39E+07
27203,1.76E+07
27204,3.00E+07
27205,2.83E+07
27206,2.86E+07
27207,2.59E+07
27208,4.79E+07
27209,3.90E+07
27210,5.13E+07
27211,3.10E+07
27212,2.25E+07
27213,4.13E+07
27214,4.01E+07
27215,3.32E+07
27216,3.26E+07
27217,3.33E+07
27218,1.32E+07
27219,1.62E+07
27220,8.31E+06
27221,8.69E+06
27222,1.77E+07
27223,2.09E+07
27224,1.37E+07
27225,3.02E+07
27226,9.59E+06
27227,1.82E+07
27228,1.69E+07
27229,1.92E+07
27230,2.18E+07
27231,1.53E+07
27232,2.43E+07
27233,2.26E+07
27234,1.56E+07
27235,3.23E+07
27236,2.27E+07
27237,3.18E+07
27238,3.40E+07
27239,4.27E+07
27240,3.46E+07
27241,3.32E+07
27242,2.94E+07
27243,3.94E+07
27244,3.37E+07
27245,3.33E+07
27246,3.62E+07
27247,1.96E+07
27248,6.64E+06
27249,3.57E+07
27250,2.30E+07
27251,4.79E+07
27252,5.83E+07
27253,4.61E+07
27254,4.60E+07
27255,1.63E+07
27256,1.56E+07
27257,1.85E+07
27258,1.80E+07
27259,1.22E+07
27260,2.02E+07
27261,1.86E+07
27262,1.41E+07
27263,2.09E+07
27264,2.22E+07
27265,1.59E+07
27266,2.41E+07
27267,2.39E+07
27268,2.67E+07
27269,2.23E+07
27270,1.67E+07
27271,2.56E+07
27272,3.60E+07
27273,3.46E+07
27274,2.31E+07
27275,2.95E+07
27276,3.24E+07
27277,2.76E+07
27278,3.56E+07
27279,3.26E+07
27280,2.38E+07
27281,3.77E+07
27282,3.57E+07
27283,3.73E+07
27284,2.98E+07
27285,1.62E+07
27286,1.73E+07
27287,1.40E+07
27288,1.59E+07
27289,1.46E+07
27290,2.97E+07
27291,1.51E+07
27292,1.33E+07
27293,2.77E+07
27294,2.42E+07
27295,4.17E+07
27296,4.87E+07
27297,3.99E+07
27298,1.70E+07
27299,1.87E+07
27300,2.74E+07
27301,3.27E+07
27302,2.48E+07
27303,1.87E+07
27304,2.80E+07
27305,2.48E+07
27306,2.12E+07
27307,3.48E+07
27308,3.50E+07
27309,3.63E+07
27310,3.14E+07
27311,2.81E+07
27312,7.75E+06
27313,1.15E+07
27314,9.08E+06
27315,6.73E+07
27316,7.16E+07
27317,7.44E+07
27318,1.77E+07
27319,1.37E+07
27320,2.41E+07
27321,1.94E+07
27322,4.72E+07
27323,1.42E+07
27324,2.65E+07
27325,2.66E+07
27326,3.45E+07
27327,3.36E+07
27328,8.08E+06
27329,1.11E+07
27330,1.83E+07
27331,1.96E+07
27332,1.12E+07
27333,1.57E+07
27334,1.68E+07
27335,1.41E+07
27336,1.98E+07
27337,3.30E+07
27338,2.66E+07
27339,1.09E+07
27340,4.03E+07
27341,3.19E+07
27342,2.26E+07
27343,3.79E+07
27344,4.54E+07
27345,3.61E+07
27346,2.87E+07
27347,1.99E+07
27348,1.83E+07
27349,2.09E+07
27350,2.09E+07
27351,2.11E+07
27352,3.13E+07
27353,3.04E+07
27354,2.39E+07
27355,2.42E+07
27356,2.03E+07
27357,2.61E+07
27358,1.85E+07
27359,1.85E+07
27360,2.32E+07
27361,1.93E+07
27362,2.00E+07
27363,1.45E+07
27364,3.36E+07
27365,2.23E+07
27366,3.97E+07
27367,4.08E+07
27368,4.08E+07
27369,3.27E+07
27370,2.82E+07
27371,4.21E+07
27372,2.91E+07
27373,3.81E+07
27374,3.93E+07
27375,4.16E+07
27376,3.73E+07
27377,2.75E+07
27378,2.16E+07
27379,1.75E+07
27380,1.98E+07
27381,1.99E+07
27382,1.81E+07
27383,1.90E+07
27384,1.90E+07
27385,1.33E+07
27386,1.57E+07
27387,1.94E+07
27388,1.30E+07
27389,1.77E+07
27390,1.94E+07
27391,1.98E+07
27392,2.17E+07
27393,1.53E+07
27394,3.71E+07
27395,1.74E+07
27396,2.39E+07
27397,1.83E+07
27398,2.02E+07
27399,1.52E+07
27400,1.73E+07
27401,2.05E+07
27402,1.97E+07
27403,1.98E+07
27404,1.72E+07
27405,1.41E+07
27406,2.18E+07
27407,1.96E+07
27408,2.15E+07
27409,1.86E+07
27410,2.39E+07
27411,2.37E+07
27412,2.29E+07
27413,2.36E+07
27414,2.24E+07
27415,2.53E+07
27416,2.52E+07
27417,2.84E+07
27418,2.28E+07
27419,2.09E+07
27420,2.63E+07
27421,1.83E+07
27422,2.69E+07
27423,2.24E+07
27424,1.62E+07
27425,2.62E+07
27426,2.55E+07
27427,2.01E+07
27428,1.78E+07
27429,1.71E+07
27430,2.76E+07
27431,1.99E+07
27432,1.75E+07
27433,1.49E+07
27434,2.43E+07
27435,5.17E+07
27436,4.56E+07
27437,4.28E+07
27438,2.78E+07
27439,4.15E+07
27440,3.60E+07
27441,4.05E+07
27442,3.81E+07
27443,1.15E+07
27444,9.93E+06
27445,8.47E+06
27446,1.35E+07
27447,1.61E+07
27448,2.77E+07
27449,1.54E+07
27450,2.20E+07
27451,1.49E+07
27452,2.11E+07
27453,1.78E+07
27454,1.95E+07
27455,3.15E+07
27456,2.47E+07
27457,2.58E+07
27458,1.75E+07
27459,2.11E+07
27460,2.13E+07
27461,2.17E+07
27462,2.61E+07
27463,2.49E+07
27464,2.05E+07
27465,2.58E+07
27466,2.51E+07
27467,2.45E+07
27468,2.86E+07
27469,2.94E+07
27470,2.56E+07
27471,2.02E+07
27472,2.16E+07
27473,2.17E+07
27474,2.19E+07
27475,2.84E+07
27476,2.71E+07
27477,2.83E+07
27478,3.08E+07
27479,2.43E+07
27480,2.32E+07
27481,2.28E+07
27482,1.76E+07
27483,2.39E+07
27484,1.71E+07
27485,2.05E+07
27486,2.05E+07
27487,2.19E+07
27488,2.57E+07
27489,2.12E+07
27490,2.63E+07
27491,2.25E+07
27492,2.68E+07
27493,2.70E+07
27494,2.03E+07
27495,2.88E+07
27496,3.41E+07
27497,2.92E+07
27498,1.66E+07
27499,1.76E+07
27500,2.05E+07
27501,2.01E+07
27502,1.82E+07
27503,1.48E+07
27504,1.83E+07
27505,1.97E+07
27506,2.49E+07
27507,2.44E+07
27508,2.89E+07
27509,2.57E+07
27510,2.23E+07
27511,3.33E+07
27512,3.32E+07
27513,3.52E+07
27514,1.43E+07
27515,1.84E+07
27516,2.64E+07
27517,1.71E+07
27518,1.49E+07
27519,1.57E+07
27520,1.73E+07
27521,1.66E+07
27522,1.17E+07
27523,2.88E+07
27524,2.88E+07
27525,1.85E+07
27526,1.40E+07
27527,3.03E+07
27528,2.45E+07
27529,3.65E+07
27530,1.44E+07
27531,2.34E+07
27532,1.54E+07
27533,1.60E+07
27534,1.48E+07
27535,1.81E+07
27536,1.64E+07
27537,1.49E+07
27538,1.55E+07
27539,1.60E+07
27540,1.24E+07
27541,8.98E+06
27542,1.31E+07
27543,1.38E+07
27544,1.76E+07
27545,2.85E+07
27546,1.21E+07
27547,2.65E+07
27548,2.02E+07
27549,3.61E+07
27550,3.84E+07
27551,2.32E+07
27552,1.80E+07
27553,4.59E+07
27554,1.36E+07
27555,3.00E+07
27556,1.49E+07
27557,1.23E+07
27558,2.58E+07
27559,1.71E+07
27560,2.07E+07
27561,3.86E+07
27562,3.91E+07
27563,5.29E+07
27564,1.44E+07
27565,1.51E+07
27566,1.35E+07
27567,1.83E+07
27568,1.86E+07
27569,1.75E+07
27570,2.50E+07
27571,2.37E+07
27572,1.46E+07
27573,1.43E+07
27574,2.15E+07
27575,1.07E+07
27576,1.08E+07
27577,1.58E+07
27578,3.62E+07
27579,3.05E+07
27580,2.95E+07
27581,4.15E+07
27582,2.83E+07
27583,2.09E+07
27584,3.45E+07
27585,2.64E+07
27586,2.58E+07
27587,1.93E+07
27588,1.81E+07
27589,2.22E+07
27590,3.07E+07
27591,2.58E+07
27592,2.79E+07
27593,1.65E+07
27594,1.84E+07
27595,1.56E+07
27596,2.76E+07
27597,1.70E+07
27598,2.17E+07
27599,1.69E+07
27600,1.09E+07
27601,1.28E+07
27602,1.35E+07
27603,1.28E+07
27604,1.01E+07
27605,1.01E+07
27606,1.66E+07
27607,1.37E+07
27608,1.47E+07
27609,1.40E+07
27610,2.86E+07
27611,3.33E+07
27612,2.80E+07
27613,3.76E+07
27614,3.99E+07
27615,3.95E+07
27616,4.03E+07
27617,5.24E+07
27618,2.87E+07
27619,3.29E+07
27620,3.02E+07
27621,4.03E+07
27622,3.37E+07
27623,1.67E+07
27624,1.94E+07
27625,4.21E+07
27626,2.09E+07
27627,3.02E+07
27628,1.82E+07
27629,1.59E+07
27630,1.72E+07
27631,1.75E+07
27632,1.70E+07
27633,2.90E+07
27634,2.05E+07
27635,1.83E+07
27636,1.87E+07
27637,1.40E+07
27638,1.30E+07
27639,1.45E+07
27640,1.51E+07
27641,1.28E+07
27642,1.41E+07
27643,1.51E+07
27644,1.47E+07
27645,1.42E+07
27646,1.32E+07
27647,1.46E+07
27648,1.49E+07
27649,1.49E+07
27650,1.55E+07
27651,1.49E+07
27652,1.65E+07
27653,1.60E+07
27654,1.70E+07
27655,1.70E+07
27656,3.94E+07
27657,3.56E+07
27658,4.23E+07
27659,4.50E+07
27660,2.96E+07
27661,2.43E+07
27662,3.40E+07
27663,2.30E+07
27664,2.90E+07
27665,3.89E+07
27666,2.04E+07
27667,1.80E+07
27668,2.61E+07
27669,1.90E+07
27670,1.79E+07
27671,1.93E+07
27672,1.96E+07
27673,2.36E+07
27674,2.06E+07
27675,2.96E+07
27676,2.54E+07
27677,1.96E+07
27678,1.67E+07
27679,1.69E+07
27680,1.56E+07
27681,1.42E+07
27682,1.96E+07
27683,2.00E+07
27684,1.81E+07
27685,2.42E+07
27686,1.95E+07
27687,1.86E+07
27688,1.81E+07
27689,2.05E+07
27690,1.85E+07
27691,2.25E+07
27692,2.01E+07
27693,2.81E+07
27694,2.26E+07
27695,3.90E+07
27696,4.14E+07
27697,2.48E+07
27698,2.12E+07
27699,2.86E+07
27700,2.47E+07
27701,2.33E+07
27702,2.15E+07
27703,2.17E+07
27704,2.42E+07
27705,1.26E+07
27706,3.45E+07
27707,2.25E+07
27708,1.70E+07
27709,1.86E+07
27710,1.73E+07
27711,3.14E+07
27712,3.77E+07
27713,2.20E+07
27714,4.06E+07
27715,2.34E+07
27716,1.71E+07
27717,2.47E+07
27718,1.70E+07
27719,1.90E+07
27720,1.75E+07
27721,1.47E+07
27722,1.68E+07
27723,1.74E+07
27724,2.69E+07
27725,2.71E+07
27726,2.29E+07
27727,2.81E+07
27728,2.97E+07
27729,2.39E+07
27730,1.71E+07
27731,2.13E+07
27732,2.09E+07
27733,1.92E+07
27734,1.97E+07
27735,2.84E+07
27736,4.15E+07
27737,4.54E+07
27738,3.18E+07
27739,4.12E+07
27740,3.08E+07
27741,2.15E+07
27742,8.62E+06
27743,1.36E+07
27744,2.59E+07
27745,2.66E+07
27746,2.80E+07
27747,2.31E+07
27748,2.23E+07
27749,2.41E+07
27750,2.38E+07
27751,2.57E+07
27752,2.71E+07
27753,2.30E+07
27754,2.62E+07
27755,2.71E+07
27756,2.74E+07
27757,2.78E+07
27758,2.45E+07
27759,1.88E+07
27760,1.77E+07
27761,1.82E+07
27762,1.94E+07
27763,1.91E+07
27764,1.96E+07
27765,2.04E+07
27766,1.97E+07
27767,1.88E+07
27768,2.15E+07
27769,1.48E+07
27770,1.31E+07
27771,1.61E+07
27772,1.74E+07
27773,1.36E+07
27774,2.59E+07
27775,2.11E+07
27776,1.55E+07
27777,1.82E+07
27778,1.94E+07
27779,2.04E+07
27780,1.63E+07
27781,1.62E+07
27782,1.83E+07
27783,1.63E+07
27784,1.65E+07
27785,1.56E+07
27786,1.96E+07
27787,1.74E+07
27788,1.93E+07
27789,2.01E+07
27790,1.57E+07
27791,1.52E+07
27792,2.20E+07
27793,2.42E+07
27794,3.41E+07
27795,2.38E+07
27796,3.23E+07
27797,3.48E+07
27798,3.67E+07
27799,1.63E+07
27800,2.07E+07
27801,2.07E+07
27802,1.89E+07
27803,1.86E+07
27804,2.89E+07
27805,1.87E+07
27806,2.90E+07
27807,2.67E+07
27808,2.65E+07
27809,2.32E+07
27810,3.18E+07
27811,2.85E+07
27812,4.06E+07
27813,3.42E+07
27814,2.50E+07
27815,2.41E+07
27816,3.04E+07
27817,4.21E+07
27818,3.93E+07
27819,2.78E+07
27820,2.81E+07
27821,4.43E+07
27822,2.72E+07
27823,4.61E+07
27824,4.24E+07
27825,3.00E+07
27826,4.27E+07
27827,4.63E+07
27828,1.80E+07
27829,1.45E+07
27830,1.56E+07
27831,2.22E+07
27832,1.12E+07
27833,1.16E+07
27834,1.70E+07
27835,1.35E+07
27836,1.58E+07
27837,1.38E+07
27838,2.41E+07
27839,1.59E+07
27840,1.37E+07
27841,1.24E+07
27842,1.90E+07
27843,2.25E+07
27844,1.46E+07
27845,1.05E+07
27846,7.01E+06
27847,1.21E+07
27848,1.37E+07
27849,4.35E+07
27850,4.65E+07
27851,4.70E+07
27852,3.41E+07
27853,3.58E+07
27854,2.79E+07
27855,5.29E+07
27856,4.97E+07
27857,2.96E+07
27858,2.33E+07
27859,2.67E+07
27860,3.64E+07
27861,3.18E+07
27862,4.57E+07
27863,3.46E+07
27864,4.04E+07
27865,3.12E+07
27866,4.09E+07
27867,1.97E+07
27868,1.89E+07
27869,3.01E+07
27870,2.06E+07
27871,2.11E+07
27872,2.24E+07
27873,2.80E+07
27874,1.83E+07
27875,1.98E+07
27876,2.74E+07
27877,1.89E+07
27878,2.35E+07
27879,1.91E+07
27880,1.98E+07
27881,4.36E+07
27882,3.63E+07
27883,2.03E+07
27884,1.98E+07
27885,1.73E+07
27886,1.66E+07
27887,1.38E+07
27888,1.70E+07
27889,1.83E+07
27890,2.90E+07
27891,3.88E+07
27892,4.85E+07
27893,5.47E+07
27894,2.00E+07
27895,1.73E+07
27896,1.58E+07
27897,1.85E+07
27898,2.67E+07
27899,1.90E+07
27900,2.13E+07
27901,1.85E+07
27902,1.88E+07
27903,1.65E+07
27904,1.88E+07
27905,1.66E+07
27906,2.19E+07
27907,2.48E+07
27908,2.26E+07
27909,3.80E+07
27910,2.13E+07
27911,2.42E+07
27912,2.62E+07
27913,2.16E+07
27914,1.33E+07
27915,2.85E+07
27916,1.68E+07
27917,1.68E+07
27918,1.84E+07
27919,1.95E+07
27920,1.73E+07
27921,1.90E+07
27922,1.54E+07
27923,2.10E+07
27924,1.74E+07
27925,2.39E+07
27926,1.99E+07
27927,1.87E+07
27928,2.28E+07
27929,2.83E+07
27930,2.95E+07
27931,2.03E+07
27932,2.41E+07
27933,1.03E+07
27934,1.44E+07
27935,1.72E+07
27936,1.41E+07
27937,1.45E+07
27938,1.32E+07
27939,1.44E+07
27940,1.54E+07
27941,1.52E+07
27942,1.74E+07
27943,1.90E+07
27944,1.90E+07
27945,1.79E+07
27946,1.84E+07
27947,2.12E+07
27948,2.00E+07
27949,1.89E+07
27950,1.83E+07
27951,3.04E+07
27952,2.68E+07
27953,4.16E+07
27954,2.30E+07
27955,3.20E+07
27956,4.06E+07
27957,4.51E+07
27958,2.06E+07
27959,3.40E+07
27960,2.85E+07
27961,1.84E+07
27962,1.65E+07
27963,1.47E+07
27964,1.99E+07
27965,2.25E+07
27966,2.08E+07
27967,1.89E+07
27968,1.66E+07
27969,1.97E+07
27970,1.83E+07
27971,1.87E+07
27972,2.19E+07
27973,2.54E+07
27974,2.75E+07
27975,1.64E+07
27976,3.01E+07
27977,1.71E+07
27978,1.78E+07
27979,2.40E+07
27980,1.86E+07
27981,1.90E+07
27982,1.62E+07
27983,1.93E+07
27984,1.25E+07
27985,1.51E+07
27986,1.58E+07
27987,9.75E+06
27988,1.40E+07
27989,2.18E+07
27990,1.41E+07
27991,1.44E+07
27992,1.42E+07
27993,2.78E+07
27994,9.88E+06
27995,1.46E+07
27996,1.95E+07
27997,2.31E+07
27998,1.73E+07
27999,1.98E+07
28000,1.92E+07
28001,1.85E+07
28002,1.71E+07
28003,1.83E+07
28004,1.91E+07
28005,3.02E+07
28006,2.72E+07
28007,1.80E+07
28008,1.82E+07
28009,1.89E+07
28010,2.09E+07
28011,1.72E+07
28012,2.13E+07
28013,2.28E+07
28014,1.45E+07
28015,2.30E+07
28016,1.76E+07
28017,1.68E+07
28018,1.31E+07
28019,1.54E+07
28020,1.14E+07
28021,1.28E+07
28022,1.35E+07
28023,1.31E+07
28024,1.50E+07
28025,1.30E+07
28026,1.39E+07
28027,1.88E+07
28028,1.67E+07
28029,1.52E+07
28030,1.62E+07
28031,1.51E+07
28032,1.40E+07
28033,1.42E+07
28034,2.20E+07
28035,1.55E+07
28036,1.35E+07
28037,1.97E+07
28038,1.63E+07
28039,2.94E+07
28040,2.24E+07
28041,3.04E+07
28042,1.63E+07
28043,1.84E+07
28044,1.82E+07
28045,1.73E+07
28046,1.62E+07
28047,5.67E+07
28048,2.66E+07
28049,4.00E+07
28050,2.41E+07
28051,2.27E+07
28052,1.86E+07
28053,2.30E+07
28054,6.54E+07
28055,1.35E+07
28056,2.39E+07
28057,1.67E+07
28058,2.38E+07
28059,2.91E+07
28060,1.72E+07
28061,2.07E+07
28062,3.02E+07
28063,2.20E+07
28064,2.13E+07
28065,1.96E+07
28066,1.75E+07
28067,1.75E+07
28068,2.10E+07
28069,1.94E+07
28070,2.03E+07
28071,1.83E+07
28072,1.62E+07
28073,1.23E+07
28074,1.74E+07
28075,1.26E+07
28076,1.54E+07
28077,1.83E+07
28078,2.39E+07
28079,2.08E+07
28080,1.92E+07
28081,2.34E+07
28082,4.02E+07
28083,4.21E+07
28084,2.77E+07
28085,2.87E+07
28086,4.01E+07
28087,3.67E+07
28088,3.32E+07
28089,3.80E+07
28090,4.01E+07
28091,3.67E+07
28092,2.96E+07
28093,3.77E+07
28094,4.39E+07
28095,2.43E+07
28096,1.58E+07
28097,1.67E+07
28098,1.76E+07
28099,1.33E+07
28100,1.98E+07
28101,1.38E+07
28102,2.28E+07
28103,1.77E+07
28104,1.39E+07
28105,4.57E+07
28106,3.22E+07
28107,4.71E+07
28108,3.39E+07
28109,3.06E+07
28110,4.15E+07
28111,2.04E+07
28112,1.48E+07
28113,1.52E+07
28114,1.59E+07
28115,1.96E+07
28116,2.17E+07
28117,1.93E+07
28118,1.99E+07
28119,2.49E+07
28120,1.94E+07
28121,1.83E+07
28122,1.86E+07
28123,2.01E+07
28124,1.96E+07
28125,1.41E+07
28126,2.17E+07
28127,3.82E+07
28128,1.07E+07
28129,8.51E+06
28130,1.23E+07
28131,1.10E+07
28132,1.34E+07
28133,8.62E+06
28134,1.95E+07
28135,3.02E+07
28136,2.04E+07
28137,1.92E+07
28138,1.98E+07
28139,1.89E+07
28140,2.22E+07
28141,4.64E+07
28142,4.06E+07
28143,5.53E+07
28144,5.91E+07
28145,3.07E+07
28146,2.24E+07
28147,2.95E+07
28148,3.69E+07
28149,2.55E+07
28150,2.15E+07
28151,2.67E+07
28152,2.02E+07
28153,1.77E+07
28154,1.86E+07
28155,2.52E+07
28156,2.00E+07
28157,1.59E+07
28158,1.51E+07
28159,2.60E+07
28160,3.07E+07
28161,1.02E+07
28162,2.78E+07
28163,1.72E+07
28164,2.03E+07
28165,1.13E+07
28166,5.86E+06
28167,8.81E+06
28168,1.58E+07
28169,2.95E+07
28170,1.98E+07
28171,1.91E+07
28172,2.61E+07
28173,1.86E+07
28174,3.93E+07
28175,4.22E+07
28176,4.33E+07
28177,2.55E+07
28178,2.90E+07
28179,2.98E+07
28180,4.33E+07
28181,4.04E+07
28182,2.11E+07
28183,2.37E+07
28184,1.38E+07
28185,1.56E+07
28186,1.95E+07
28187,1.26E+07
28188,1.87E+07
28189,1.26E+07
28190,3.83E+07
28191,2.70E+07
28192,2.17E+07
28193,1.80E+07
28194,4.25E+07
28195,1.56E+07
28196,1.84E+07
28197,1.51E+07
28198,1.79E+07
28199,2.09E+07
28200,1.34E+07
28201,1.42E+07
28202,2.06E+07
28203,1.73E+07
28204,1.56E+07
28205,1.63E+07
28206,2.48E+07
28207,1.94E+07
28208,2.02E+07
28209,2.31E+07
28210,2.21E+07
28211,1.93E+07
28212,2.23E+07
28213,1.92E+07
28214,2.14E+07
28215,2.76E+07
28216,1.56E+07
28217,1.50E+07
28218,1.49E+07
28219,1.58E+07
28220,1.59E+07
28221,1.29E+07
28222,2.51E+07
28223,2.77E+07
28224,3.75E+07
28225,2.64E+07
28226,3.25E+07
28227,4.02E+07
28228,4.33E+07
28229,3.34E+07
28230,3.37E+07
28231,4.13E+07
28232,2.71E+07
28233,2.59E+07
28234,3.52E+07
28235,3.80E+07
28236,2.84E+07
28237,2.35E+07
28238,2.59E+07
28239,1.82E+07
28240,2.30E+07
28241,1.75E+07
28242,1.97E+07
28243,1.89E+07
28244,1.99E+07
28245,2.21E+07
28246,2.07E+07
28247,1.85E+07
28248,2.70E+07
28249,3.37E+07
28250,3.81E+07
28251,3.27E+07
28252,2.13E+07
28253,2.75E+07
28254,1.82E+07
28255,2.29E+07
28256,3.32E+07
28257,3.18E+07
28258,3.56E+07
28259,3.09E+07
28260,2.82E+07
28261,2.61E+07
28262,2.62E+07
28263,2.36E+07
28264,2.58E+07
28265,3.68E+07
28266,4.41E+07
28267,1.67E+07
28268,1.52E+07
28269,2.49E+07
28270,1.49E+07
28271,3.67E+07
28272,6.06E+07
28273,3.12E+07
28274,2.47E+07
28275,2.13E+07
28276,4.57E+07
28277,3.10E+07
28278,1.89E+07
28279,1.32E+07
28280,1.31E+07
28281,1.15E+07
28282,1.56E+07
28283,1.50E+07
28284,1.50E+07
28285,1.51E+07
28286,1.31E+07
28287,1.48E+07
28288,1.19E+07
28289,2.05E+07
28290,1.13E+07
28291,2.46E+07
28292,2.55E+07
28293,1.35E+07
28294,1.86E+07
28295,1.71E+07
28296,1.36E+07
28297,2.64E+07
28298,2.61E+07
28299,1.78E+07
28300,1.53E+07
28301,1.34E+07
28302,1.69E+07
28303,1.36E+07
28304,9.18E+06
28305,1.40E+07
28306,2.13E+07
28307,1.16E+07
28308,1.98E+07
28309,7.87E+06
28310,2.21E+07
28311,2.00E+07
28312,2.37E+07
28313,1.94E+07
28314,2.23E+07
28315,1.55E+07
28316,1.73E+07
28317,2.06E+07
28318,2.89E+07
28319,2.71E+07
28320,2.14E+07
28321,2.13E+07
28322,3.08E+07
28323,1.79E+07
28324,1.84E+07
28325,1.62E+07
28326,3.44E+07
28327,1.45E+07
28328,1.41E+07
28329,2.94E+07
28330,2.88E+07
28331,4.92E+07
28332,3.18E+07
28333,4.33E+07
28334,1.72E+07
28335,1.75E+07
28336,1.67E+07
28337,1.66E+07
28338,1.72E+07
28339,1.81E+07
28340,2.20E+07
28341,2.90E+07
28342,3.14E+07
28343,4.96E+07
28344,4.86E+07
28345,3.55E+07
28346,3.56E+07
28347,2.88E+07
28348,5.00E+07
28349,3.71E+07
28350,4.26E+07
28351,2.75E+07
28352,1.93E+07
28353,1.70E+07
28354,2.55E+07
28355,2.21E+07
28356,2.02E+07
28357,1.39E+07
28358,1.41E+07
28359,2.83E+07
28360,2.07E+07
28361,2.52E+07
28362,3.36E+07
28363,1.55E+07
28364,1.63E+07
28365,2.84E+07
28366,3.70E+07
28367,3.14E+07
28368,2.95E+07
28369,3.44E+07
28370,3.22E+07
28371,3.36E+07
28372,1.84E+07
28373,1.52E+07
28374,1.40E+07
28375,1.85E+07
28376,2.68E+07
28377,1.34E+07
28378,1.52E+07
28379,1.21E+07
28380,2.44E+07
28381,2.31E+07
28382,3.96E+07
28383,1.33E+07
28384,1.43E+07
28385,1.47E+07
28386,1.21E+07
28387,1.30E+07
28388,9.96E+06
28389,2.76E+07
28390,3.91E+07
28391,2.76E+07
28392,1.54E+07
28393,1.70E+07
28394,2.03E+07
28395,2.05E+07
28396,2.57E+07
28397,2.93E+07
28398,3.23E+07
28399,1.89E+07
28400,1.85E+07
28401,1.86E+07
28402,1.76E+07
28403,2.16E+07
28404,1.76E+07
28405,1.63E+07
28406,2.33E+07
28407,2.81E+07
28408,2.12E+07
28409,1.86E+07
28410,1.86E+07
28411,2.34E+07
28412,2.02E+07
28413,2.02E+07
28414,2.84E+07
28415,2.82E+07
28416,4.78E+07
28417,1.66E+07
28418,1.99E+07
28419,2.44E+07
28420,3.25E+07
28421,5.74E+07
28422,1.70E+07
28423,3.11E+07
28424,2.84E+07
28425,1.64E+07
28426,1.30E+07
28427,1.48E+07
28428,1.43E+07
28429,2.14E+07
28430,1.76E+07
28431,2.60E+07
28432,1.78E+07
28433,2.17E+07
28434,1.84E+07
28435,1.48E+07
28436,2.02E+07
28437,2.07E+07
28438,2.52E+07
28439,2.02E+07
28440,1.92E+07
28441,2.01E+07
28442,2.36E+07
28443,2.79E+07
28444,2.06E+07
28445,3.10E+07
28446,1.25E+07
28447,1.97E+07
28448,1.21E+07
28449,1.71E+07
28450,1.51E+07
28451,1.51E+07
28452,1.72E+07
28453,1.31E+07
28454,2.04E+07
28455,1.92E+07
28456,1.61E+07
28457,2.69E+07
28458,1.75E+07
28459,1.47E+07
28460,1.78E+07
28461,2.59E+07
28462,8.32E+06
28463,6.33E+06
28464,2.86E+07
28465,1.26E+07
28466,1.38E+07
28467,1.22E+07
28468,1.18E+07
28469,3.23E+07
28470,2.47E+07
28471,5.66E+07
28472,3.01E+07
28473,2.88E+07
28474,2.46E+07
28475,2.79E+07
28476,2.61E+07
28477,3.06E+07
28478,2.96E+07
28479,2.91E+07
28480,1.91E+07
28481,1.65E+07
28482,2.10E+07
28483,2.15E+07
28484,1.11E+07
28485,1.03E+07
28486,1.30E+07
28487,2.06E+07
28488,1.75E+07
28489,2.25E+07
28490,1.62E+07
28491,2.17E+07
28492,1.11E+07
28493,1.23E+07
28494,1.22E+07
28495,1.30E+07
28496,1.04E+07
28497,2.51E+07
28498,2.29E+07
28499,2.70E+07
28500,3.19E+07
28501,2.61E+07
28502,2.11E+07
28503,2.17E+07
28504,2.13E+07
28505,2.14E+07
28506,1.97E+07
28507,2.75E+07
28508,2.78E+07
28509,2.44E+07
28510,1.41E+07
28511,1.35E+07
28512,1.82E+07
28513,1.84E+07
28514,2.27E+07
28515,2.20E+07
28516,1.41E+07
28517,2.01E+07
28518,1.88E+07
28519,1.72E+07
28520,2.33E+07
28521,2.33E+07
28522,2.04E+07
28523,2.51E+07
28524,3.44E+07
28525,3.13E+07
28526,2.14E+07
28527,2.22E+07
28528,3.27E+07
28529,1.35E+07
28530,1.64E+07
28531,1.72E+07
28532,2.26E+07
28533,2.76E+07
28534,1.72E+07
28535,1.67E+07
28536,2.34E+07
28537,1.54E+07
28538,1.42E+07
28539,1.51E+07
28540,1.66E+07
28541,1.41E+07
28542,1.48E+07
28543,1.73E+07
28544,2.08E+07
28545,2.28E+07
28546,1.92E+07
28547,1.98E+07
28548,1.08E+07
28549,1.45E+07
28550,1.47E+07
28551,1.67E+07
28552,2.23E+07
28553,1.84E+07
28554,1.85E+07
28555,1.97E+07
28556,2.51E+07
28557,3.56E+07
28558,1.72E+07
28559,1.99E+07
28560,2.59E+07
28561,2.58E+07
28562,2.20E+07
28563,1.79E+07
28564,2.08E+07
28565,2.43E+07
28566,1.75E+07
28567,1.73E+07
28568,1.62E+07
28569,1.72E+07
28570,1.83E+07
28571,1.58E+07
28572,1.79E+07
28573,1.94E+07
28574,1.68E+07
28575,3.12E+07
28576,1.59E+07
28577,3.26E+07
28578,1.25E+07
28579,2.27E+07
28580,3.49E+07
28581,2.26E+07
28582,1.27E+07
28583,1.68E+07
28584,2.57E+07
28585,2.51E+07
28586,1.90E+07
28587,3.08E+07
28588,1.97E+07
28589,2.61E+07
28590,2.83E+07
28591,2.39E+07
28592,1.90E+07
28593,1.92E+07
28594,1.81E+07
28595,2.19E+07
28596,3.18E+07
28597,3.12E+07
28598,2.02E+07
28599,2.85E+07
28600,3.34E+07
28601,3.01E+07
28602,4.14E+07
28603,4.84E+07
28604,3.61E+07
28605,2.11E+07
28606,2.03E+07
28607,2.69E+07
28608,2.12E+07
28609,2.69E+07
28610,1.92E+07
28611,1.70E+07
28612,1.49E+07
28613,9.15E+06
28614,1.17E+07
28615,1.12E+07
28616,1.00E+07
28617,9.80E+06
28618,3.67E+07
28619,3.05E+07
28620,2.46E+07
28621,1.84E+07
28622,2.09E+07
28623,2.44E+07
28624,3.01E+07
28625,2.58E+07
28626,1.93E+07
28627,2.39E+07
28628,1.29E+07
28629,2.19E+07
28630,1.90E+07
28631,1.79E+07
28632,2.27E+07
28633,1.90E+07
28634,1.94E+07
28635,1.89E+07
28636,2.11E+07
28637,3.16E+07
28638,2.10E+07
28639,2.11E+07
28640,1.67E+07
28641,1.54E+07
28642,1.76E+07
28643,1.63E+07
28644,1.79E+07
28645,1.50E+07
28646,2.30E+07
28647,1.57E+07
28648,1.60E+07
28649,1.81E+07
28650,2.01E+07
28651,2.02E+07
28652,1.79E+07
28653,2.61E+07
28654,2.20E+07
28655,1.90E+07
28656,1.90E+07
28657,2.10E+07
28658,3.09E+07
28659,2.67E+07
28660,1.76E+07
28661,1.86E+07
28662,1.87E+07
28663,1.87E+07
28664,1.73E+07
28665,1.83E+07
28666,1.67E+07
28667,2.38E+07
28668,1.45E+07
28669,2.20E+07
28670,1.04E+07
28671,1.76E+07
28672,1.74E+07
28673,1.94E+07
28674,1.82E+07
28675,2.69E+07
28676,2.93E+07
28677,2.00E+07
28678,1.39E+07
28679,2.01E+07
28680,2.52E+07
28681,2.92E+07
28682,2.67E+07
28683,3.25E+07
28684,3.55E+07
28685,1.72E+07
28686,1.22E+07
28687,2.03E+07
28688,1.28E+07
28689,1.95E+07
28690,1.96E+07
28691,1.90E+07
28692,3.29E+07
28693,2.59E+07
28694,2.65E+07
28695,2.85E+07
28696,2.51E+07
28697,2.49E+07
28698,2.47E+07
28699,2.09E+07
28700,2.71E+07
28701,3.69E+07
28702,3.92E+07
28703,3.23E+07
28704,3.25E+07
28705,3.50E+07
28706,2.71E+07
28707,2.69E+07
28708,2.67E+07
28709,2.95E+07
28710,3.07E+07
28711,4.35E+07
28712,1.71E+07
28713,2.45E+07
28714,1.66E+07
28715,2.04E+07
28716,1.22E+07
28717,2.44E+07
28718,1.24E+07
28719,2.47E+07
28720,1.42E+07
28721,5.10E+07
28722,5.29E+07
28723,2.22E+07
28724,1.93E+07
28725,1.84E+07
28726,1.76E+07
28727,1.37E+07
28728,2.38E+07
28729,2.72E+07
28730,1.33E+07
28731,2.31E+07
28732,4.77E+07
28733,4.58E+07
28734,1.27E+07
28735,1.31E+07
28736,1.72E+07
28737,2.09E+07
28738,4.10E+07
28739,3.60E+07
28740,3.82E+07
28741,2.84E+07
28742,2.87E+07
28743,2.26E+07
28744,2.28E+07
28745,2.69E+07
28746,2.98E+07
28747,3.21E+07
28748,1.93E+07
28749,2.20E+07
28750,2.41E+07
28751,2.39E+07
28752,2.84E+07
28753,1.99E+07
28754,1.89E+07
28755,2.19E+07
28756,1.87E+07
28757,1.77E+07
28758,2.00E+07
28759,5.52E+06
28760,1.61E+07
28761,1.74E+07
28762,2.13E+07
28763,1.71E+07
28764,2.07E+07
28765,2.26E+07
28766,3.78E+07
28767,3.11E+07
28768,4.23E+07
28769,1.82E+07
28770,3.12E+07
28771,1.91E+07
28772,1.58E+07
28773,1.23E+07
28774,2.01E+07
28775,2.14E+07
28776,2.01E+07
28777,1.70E+07
28778,1.62E+07
28779,1.57E+07
28780,1.43E+07
28781,1.94E+07
28782,1.95E+07
28783,1.41E+07
28784,1.22E+07
28785,1.60E+07
28786,1.42E+07
28787,6.61E+07
28788,5.41E+07
28789,2.63E+07
28790,1.87E+07
28791,1.69E+07
28792,1.67E+07
28793,1.93E+07
28794,1.99E+07
28795,2.06E+07
28796,1.89E+07
28797,1.59E+07
28798,2.09E+07
28799,2.18E+07
28800,1.94E+07
28801,2.65E+07
28802,1.35E+07
28803,9.05E+06
28804,5.32E+06
28805,1.12E+07
28806,2.52E+07
28807,2.93E+07
28808,3.66E+07
28809,1.91E+07
28810,1.78E+07
28811,2.04E+07
28812,2.27E+07
28813,2.56E+07
28814,2.07E+07
28815,2.26E+07
28816,2.80E+07
28817,3.20E+07
28818,2.33E+07
28819,3.27E+07
28820,3.19E+07
28821,2.70E+07
28822,3.14E+07
28823,2.22E+07
28824,2.43E+07
28825,2.18E+07
28826,1.96E+07
28827,2.24E+07
28828,1.55E+07
28829,1.92E+07
28830,2.10E+07
28831,2.12E+07
28832,2.26E+07
28833,2.73E+07
28834,2.49E+07
28835,1.71E+07
28836,2.95E+07
28837,4.31E+07
28838,3.08E+07
28839,3.57E+07
28840,1.77E+07
28841,2.18E+07
28842,1.89E+07
28843,1.87E+07
28844,1.53E+07
28845,4.19E+07
28846,5.24E+07
28847,4.06E+07
28848,2.09E+07
28849,3.77E+07
28850,2.02E+07
28851,2.35E+07
28852,3.01E+07
28853,3.24E+07
28854,3.20E+07
28855,4.43E+07
28856,2.19E+07
28857,1.89E+07
28858,3.08E+07
28859,2.01E+07
28860,1.79E+07
28861,1.94E+07
28862,1.28E+07
28863,2.54E+07
28864,1.83E+07
28865,2.08E+07
28866,2.94E+07
28867,1.98E+07
28868,2.45E+07
28869,2.37E+07
28870,2.44E+07
28871,1.96E+07
28872,2.36E+07
28873,2.29E+07
28874,1.77E+07
28875,1.64E+07
28876,2.10E+07
28877,2.15E+07
28878,2.21E+07
28879,2.38E+07
28880,3.21E+07
28881,2.12E+07
28882,2.39E+07
28883,1.41E+07
28884,1.11E+07
28885,1.91E+07
28886,2.43E+07
28887,1.23E+07
28888,1.97E+07
28889,1.84E+07
28890,2.89E+07
28891,1.91E+07
28892,2.38E+07
28893,1.50E+07
28894,1.38E+07
28895,1.80E+07
28896,2.42E+07
28897,3.98E+07
28898,3.03E+07
28899,2.82E+07
28900,2.99E+07
28901,3.01E+07
28902,2.51E+07
28903,2.82E+07
28904,1.19E+07
28905,1.13E+07
28906,1.64E+07
28907,1.26E+07
28908,1.48E+07
28909,4.05E+07
28910,3.79E+07
28911,3.23E+07
28912,2.47E+07
28913,1.77E+07
28914,1.76E+07
28915,2.13E+07
28916,2.36E+07
28917,1.40E+07
28918,3.14E+07
28919,2.09E+07
28920,1.40E+07
28921,1.77E+07
28922,2.93E+07
28923,2.06E+07
28924,2.17E+07
28925,2.80E+07
28926,1.59E+07
28927,1.30E+07
28928,2.13E+07
28929,1.72E+07
28930,3.99E+07
28931,1.69E+07
28932,2.21E+07
28933,1.57E+07
28934,1.55E+07
28935,2.99E+07
28936,2.03E+07
28937,4.69E+07
28938,2.10E+07
28939,4.20E+07
28940,1.20E+07
28941,1.43E+07
28942,4.93E+07
28943,3.48E+07
28944,2.86E+07
28945,2.98E+07
28946,2.63E+07
28947,2.25E+07
28948,2.12E+07
28949,1.27E+07
28950,4.23E+07
28951,2.71E+07
28952,5.92E+06
28953,2.90E+07
28954,1.57E+07
28955,4.08E+07
28956,3.75E+07
28957,2.47E+07
28958,1.13E+07
28959,9.04E+06
28960,3.15E+07
28961,1.84E+07
28962,2.98E+07
28963,2.87E+07
28964,2.62E+07
28965,2.85E+07
28966,3.35E+07
28967,3.15E+07
28968,3.01E+07
28969,2.16E+07
28970,2.49E+07
28971,1.35E+07
28972,2.97E+07
28973,2.86E+07
28974,4.27E+07
28975,5.28E+07
28976,4.69E+07
28977,4.74E+07
28978,3.13E+07
28979,2.23E+07
28980,2.89E+07
28981,1.52E+07
28982,5.08E+07
28983,2.09E+07
28984,1.26E+07
28985,1.68E+07
28986,4.63E+07
28987,4.43E+07
28988,4.43E+07
28989,1.00E+07
28990,1.38E+07
28991,8.07E+06
28992,2.94E+07
28993,1.91E+07
28994,7.92E+06
28995,2.55E+07
28996,2.65E+07
28997,2.45E+07
28998,3.41E+07
28999,4.24E+07
29000,1.84E+07
29001,4.09E+07
29002,2.82E+07
29003,5.95E+07
29004,5.44E+07
29005,6.72E+07
29006,5.16E+07
29007,4.57E+07
29008,3.39E+07
29009,4.46E+07
29010,5.15E+07
29011,4.94E+07
29012,3.53E+07
29013,4.05E+07
29014,4.90E+07
29015,5.95E+07
29016,3.93E+07
29017,3.97E+07
29018,4.99E+07
29019,4.21E+07
29020,3.97E+07
29021,3.39E+06
29022,1.20E+07
29023,1.95E+07
29024,2.99E+07
29025,3.04E+07
29026,3.52E+07
29027,3.27E+07
29028,4.11E+07
29029,3.63E+07
29030,3.86E+07
29031,3.16E+07
29032,2.42E+07
29033,3.24E+07
29034,2.55E+07
29035,2.58E+07
29036,2.94E+07
29037,3.35E+07
29038,3.49E+07
29039,4.05E+07
29040,3.07E+07
29041,3.54E+07
29042,2.75E+07
29043,3.54E+07
29044,3.56E+07
29045,2.96E+07
29046,2.76E+07
29047,4.14E+06
29048,2.95E+07
29049,3.21E+07
29050,2.19E+07
29051,2.83E+07
29052,2.14E+07
29053,2.29E+07
29054,2.27E+07
29055,2.19E+07
29056,2.54E+07
29057,2.59E+07
29058,2.35E+07
29059,2.39E+07
29060,2.11E+07
29061,2.31E+07
29062,2.70E+07
29063,3.56E+07
29064,2.93E+07
29065,2.97E+07
29066,6.01E+07
29067,4.48E+07
29068,7.63E+07
29069,4.61E+07
29070,4.38E+07
29071,2.98E+07
29072,3.90E+07
29073,4.51E+07
29074,3.41E+07
29075,4.08E+07
29076,4.57E+07
29077,3.85E+07
29078,2.70E+07
29079,2.87E+07
29080,2.56E+07
29081,9.16E+06
29082,1.91E+07
29083,1.79E+07
29084,2.85E+07
29085,1.99E+07
29086,9.67E+06
29087,3.77E+07
29088,3.06E+07
29089,2.84E+07
29090,3.26E+07
29091,3.03E+07
29092,3.07E+07
29093,2.87E+07
29094,3.24E+07
29095,2.89E+07
29096,2.04E+07
29097,3.07E+07
29098,2.85E+07
29099,3.95E+07
29100,3.39E+07
29101,3.39E+07
29102,3.87E+07
29103,2.06E+07
29104,2.91E+07
29105,2.79E+07
29106,2.79E+07
29107,3.07E+07
29108,2.82E+07
29109,2.88E+07
29110,2.39E+07
29111,3.29E+07
29112,3.61E+07
29113,2.38E+07
29114,2.72E+07
29115,2.08E+07
29116,2.52E+07
29117,1.65E+07
29118,2.73E+07
29119,1.34E+07
29120,1.88E+07
29121,1.94E+07
29122,5.08E+07
29123,2.73E+07
29124,5.91E+07
29125,5.20E+07
29126,3.70E+07
29127,3.05E+07
29128,4.16E+07
29129,4.18E+07
29130,2.31E+07
29131,4.10E+07
29132,4.77E+07
29133,3.10E+07
29134,3.27E+07
29135,4.07E+07
29136,2.57E+07
29137,2.61E+07
29138,3.95E+06
29139,3.94E+07
29140,1.70E+07
29141,4.58E+07
29142,4.86E+07
29143,8.81E+05
29144,2.58E+07
29145,4.00E+07
29146,4.69E+07
29147,3.50E+07
29148,4.30E+07
29149,3.78E+07
29150,4.23E+07
29151,3.79E+07
29152,3.57E+07
29153,2.14E+07
29154,2.90E+07
29155,1.42E+07
29156,7.15E+06
29157,3.82E+06
29158,6.41E+06
29159,3.74E+07
29160,4.17E+07
29161,2.48E+07
29162,3.96E+07
29163,2.89E+07
29164,3.07E+07
29165,2.81E+07
29166,2.62E+07
29167,3.71E+07
29168,3.28E+07
29169,3.99E+07
29170,3.99E+07
29171,4.68E+07
29172,4.65E+07
29173,3.20E+07
29174,3.55E+07
29175,1.50E+07
29176,6.55E+06
29177,5.60E+06
29178,2.21E+07
29179,3.31E+07
29180,4.50E+07
29181,3.36E+07
29182,2.93E+07
29183,3.90E+07
29184,3.04E+07
29185,3.52E+07
29186,3.61E+07
29187,4.32E+07
29188,3.85E+07
29189,3.97E+07
29190,2.41E+07
29191,2.73E+07
29192,2.32E+07
29193,2.52E+07
29194,2.24E+07
29195,2.58E+07
29196,2.27E+07
29197,2.67E+07
29198,4.58E+07
29199,4.41E+07
29200,5.75E+07
29201,4.55E+07
29202,3.93E+07
29203,3.88E+07
29204,2.99E+07
29205,3.75E+07
29206,3.12E+07
29207,2.12E+07
29208,2.33E+07
29209,1.94E+07
29210,6.65E+06
29211,5.14E+06
29212,2.39E+07
29213,2.92E+07
29214,3.43E+07
29215,3.27E+07
29216,1.70E+07
29217,2.46E+07
29218,2.06E+07
29219,8.63E+06
29220,1.86E+07
29221,3.80E+07
29222,7.95E+06
29223,3.31E+07
29224,2.92E+07
29225,1.83E+07
29226,2.80E+07
29227,2.24E+07
29228,1.12E+07
29229,3.27E+07
29230,2.73E+07
29231,2.81E+07
29232,3.17E+07
29233,2.78E+07
29234,1.74E+07
29235,2.31E+07
29236,2.45E+07
29237,1.91E+07
29238,2.56E+07
29239,2.60E+07
29240,2.75E+07
29241,2.39E+07
29242,2.32E+07
29243,2.92E+07
29244,2.86E+07
29245,2.53E+07
29246,2.26E+07
29247,2.72E+07
29248,1.62E+07
29249,1.03E+07
29250,2.70E+07
29251,2.56E+07
29252,9.59E+06
29253,1.91E+07
29254,2.05E+07
29255,1.51E+07
29256,1.29E+07
29257,2.55E+07
29258,2.74E+07
29259,2.91E+07
29260,4.04E+07
29261,2.70E+07
29262,3.94E+07
29263,3.72E+07
29264,3.15E+07
29265,3.86E+07
29266,3.54E+07
29267,5.39E+07
29268,1.10E+07
29269,2.38E+07
29270,1.62E+07
29271,1.97E+07
29272,2.21E+07
29273,1.41E+07
29274,5.03E+07
29275,4.85E+07
29276,5.86E+07
29277,4.03E+07
29278,6.79E+07
29279,4.51E+07
29280,6.44E+07
29281,2.29E+07
29282,1.94E+07
29283,1.98E+07
29284,3.63E+07
29285,3.41E+07
29286,4.01E+07
29287,2.12E+07
29288,1.64E+07
29289,1.74E+07
29290,2.48E+07
29291,2.30E+07
29292,2.10E+07
29293,2.31E+07
29294,1.29E+07
29295,1.54E+07
29296,1.28E+07
29297,2.07E+07
29298,1.17E+07
29299,3.90E+07
29300,4.28E+07
29301,4.94E+07
29302,5.10E+07
29303,5.89E+07
29304,2.89E+07
29305,2.95E+07
29306,2.49E+07
29307,2.12E+07
29308,1.93E+07
29309,2.18E+07
29310,2.03E+07
29311,2.30E+07
29312,2.04E+07
29313,4.41E+07
29314,3.04E+07
29315,5.07E+07
29316,5.26E+07
29317,6.94E+07
29318,5.62E+07
29319,6.33E+07
29320,6.63E+07
29321,5.55E+07
29322,5.32E+07
29323,3.02E+07
29324,2.41E+07
29325,2.85E+07
29326,2.57E+07
29327,3.01E+07
29328,1.91E+07
29329,1.17E+07
29330,1.99E+07
29331,1.05E+07
29332,1.46E+07
29333,4.47E+07
29334,3.70E+07
29335,2.90E+07
29336,4.60E+07
29337,3.67E+07
29338,5.11E+07
29339,2.86E+07
29340,2.39E+07
29341,2.39E+07
29342,2.65E+07
29343,2.02E+07
29344,6.20E+07
29345,7.02E+07
29346,6.14E+07
29347,7.08E+07
29348,1.10E+07
29349,2.29E+07
29350,2.36E+07
29351,3.79E+07
29352,3.04E+07
29353,3.59E+07
29354,3.67E+07
29355,3.44E+07
29356,4.97E+07
29357,4.29E+07
29358,3.01E+07
29359,2.43E+06
29360,3.21E+07
29361,3.82E+07
29362,3.57E+07
29363,4.00E+07
29364,2.72E+07
29365,2.05E+07
29366,1.54E+07
29367,2.91E+07
29368,6.63E+07
29369,5.56E+07
29370,5.99E+07
29371,5.47E+07
29372,4.35E+07
29373,2.33E+07
29374,3.95E+07
29375,3.12E+07
29376,5.16E+07
29377,4.02E+07
29378,4.18E+07
29379,3.01E+07
29380,4.26E+07
29381,2.98E+07
29382,2.20E+07
29383,5.49E+07
29384,2.51E+07
29385,3.00E+07
29386,2.61E+07
29387,2.86E+07
29388,3.08E+07
29389,1.88E+07
29390,2.58E+07
29391,3.84E+07
29392,3.99E+07
29393,2.92E+07
29394,2.81E+07
29395,3.59E+07
29396,4.61E+07
29397,2.96E+07
29398,3.53E+07
29399,4.09E+07
29400,2.10E+07
29401,2.83E+07
29402,2.14E+07
29403,2.21E+07
29404,2.26E+07
29405,2.15E+07
29406,1.64E+07
29407,1.26E+07
29408,3.71E+07
29409,2.29E+07
29410,3.89E+07
29411,3.23E+07
29412,3.65E+07
29413,2.78E+07
29414,3.21E+07
29415,1.80E+07
29416,2.78E+07
29417,2.49E+07
29418,2.97E+07
29419,2.67E+07
29420,2.74E+07
29421,2.56E+07
29422,4.32E+07
29423,3.07E+07
29424,2.61E+07
29425,2.93E+07
29426,4.24E+07
29427,1.42E+07
29428,5.07E+06
29429,2.19E+07
29430,3.34E+07
29431,3.22E+07
29432,2.20E+07
29433,2.17E+07
29434,2.09E+07
29435,4.06E+07
29436,4.26E+07
29437,4.65E+07
29438,5.38E+07
29439,5.52E+07
29440,6.64E+07
29441,2.94E+07
29442,3.58E+07
29443,3.19E+07
29444,2.92E+07
29445,2.51E+07
29446,3.12E+07
29447,3.35E+07
29448,2.14E+07
29449,2.73E+07
29450,2.71E+07
29451,2.95E+07
29452,2.84E+07
29453,1.71E+07
29454,3.39E+07
29455,3.39E+07
29456,2.77E+06
29457,2.55E+07
29458,3.05E+07
29459,2.96E+07
29460,3.19E+07
29461,7.61E+06
29462,4.83E+06
29463,1.67E+07
29464,2.32E+07
29465,1.07E+07
29466,8.91E+06
29467,2.58E+07
29468,1.97E+07
29469,1.99E+07
29470,1.49E+07
29471,2.30E+07
29472,2.58E+07
29473,4.24E+07
29474,3.44E+07
29475,1.46E+07
29476,1.90E+07
29477,3.76E+07
29478,1.21E+07
29479,8.18E+06
29480,2.11E+07
29481,3.41E+07
29482,1.86E+07
29483,3.20E+07
29484,4.32E+07
29485,3.37E+07
29486,3.06E+07
29487,2.80E+07
29488,2.55E+07
29489,3.65E+07
29490,3.31E+07
29491,2.62E+07
29492,3.20E+07
29493,3.62E+07
29494,3.85E+07
29495,2.64E+07
29496,2.86E+07
29497,3.22E+07
29498,3.41E+07
29499,3.51E+07
29500,3.81E+07
29501,2.71E+07
29502,2.58E+07
29503,7.35E+06
29504,8.94E+06
29505,3.50E+07
29506,3.51E+07
29507,2.22E+07
29508,6.12E+07
29509,2.49E+07
29510,2.01E+07
29511,1.95E+07
29512,3.44E+07
29513,3.27E+07
29514,3.66E+07
29515,4.29E+07
29516,2.14E+07
29517,1.46E+07
29518,2.30E+07
29519,2.46E+07
29520,2.87E+07
29521,3.46E+07
29522,3.33E+07
29523,2.39E+07
29524,3.61E+07
29525,1.27E+07
29526,2.17E+07
29527,1.08E+07
29528,2.14E+07
29529,1.80E+07
29530,2.17E+07
29531,3.20E+07
29532,3.11E+07
29533,2.89E+07
29534,3.31E+07
29535,3.98E+07
29536,2.61E+07
29537,4.00E+07
29538,3.37E+07
29539,3.23E+07
29540,4.38E+07
29541,4.07E+07
29542,3.31E+07
29543,3.82E+07
29544,4.28E+06
29545,2.08E+07
29546,2.38E+07
29547,9.26E+06
29548,2.53E+07
29549,2.08E+07
29550,1.83E+07
29551,3.02E+07
29552,3.96E+07
29553,2.31E+07
29554,3.07E+07
29555,3.43E+07
29556,3.47E+07
29557,3.21E+07
29558,2.03E+07
29559,5.41E+06
29560,5.13E+07
29561,2.09E+07
29562,3.38E+07
29563,2.30E+07
29564,2.03E+07
29565,6.12E+07
29566,5.46E+07
29567,5.73E+07
29568,3.39E+07
29569,3.91E+07
29570,3.66E+07
29571,2.95E+07
29572,2.88E+07
29573,3.97E+07
29574,4.39E+07
29575,3.20E+07
29576,2.11E+07
29577,3.80E+07
29578,4.29E+07
29579,5.04E+07
29580,3.78E+07
29581,2.92E+07
29582,3.53E+07
29583,3.11E+07
29584,2.51E+07
29585,6.01E+06
29586,2.25E+07
29587,2.62E+07
29588,4.39E+07
29589,2.41E+07
29590,1.30E+07
29591,2.84E+07
29592,4.62E+07
29593,2.89E+07
29594,4.31E+07
29595,3.69E+07
29596,3.01E+07
29597,4.05E+07
29598,3.18E+07
29599,3.94E+07
29600,3.54E+07
29601,1.72E+07
29602,1.86E+07
29603,1.26E+07
29604,1.31E+07
29605,4.18E+07
29606,3.60E+07
29607,1.42E+07
29608,2.29E+07
29609,1.02E+07
29610,1.49E+07
29611,4.59E+07
29612,2.97E+07
29613,2.17E+07
29614,1.90E+07
29615,1.49E+07
29616,1.21E+07
29617,1.73E+07
29618,2.96E+07
29619,3.24E+07
29620,2.54E+07
29621,3.59E+07
29622,5.36E+07
29623,5.33E+07
29624,4.33E+07
29625,1.21E+07
29626,1.42E+07
29627,2.88E+07
29628,3.00E+07
29629,3.03E+07
29630,2.85E+07
29631,3.08E+07
29632,3.73E+07
29633,4.47E+07
29634,4.53E+07
29635,3.13E+07
29636,2.26E+07
29637,2.37E+07
29638,3.23E+07
29639,2.60E+07
29640,2.75E+07
29641,2.77E+07
29642,2.99E+07
29643,3.33E+07
29644,3.10E+07
29645,4.01E+07
29646,3.73E+07
29647,3.93E+07
29648,4.61E+07
29649,2.46E+07
29650,2.51E+07
29651,2.56E+07
29652,3.31E+07
29653,3.86E+07
29654,2.20E+07
29655,4.54E+07
29656,4.18E+07
29657,3.32E+07
29658,3.22E+07
29659,2.44E+07
29660,2.83E+07
29661,2.35E+07
29662,3.09E+07
29663,2.31E+07
29664,1.68E+07
29665,1.68E+07
29666,3.59E+07
29667,3.10E+07
29668,9.49E+06
29669,7.61E+06
29670,2.62E+07
29671,1.43E+07
29672,1.16E+07
29673,3.29E+07
29674,1.87E+07
29675,2.26E+07
29676,2.07E+07
29677,2.16E+07
29678,1.76E+07
29679,1.83E+07
29680,1.37E+07
29681,2.20E+07
29682,2.02E+07
29683,7.92E+06
29684,4.37E+07
29685,2.14E+07
29686,2.12E+07
29687,3.38E+07
29688,3.81E+07
29689,4.59E+07
29690,5.38E+07
29691,2.46E+07
29692,3.21E+07
29693,2.54E+07
29694,2.43E+07
29695,1.55E+07
29696,7.74E+06
29697,5.53E+06
29698,4.11E+07
29699,1.94E+07
29700,4.59E+07
29701,4.53E+07
29702,4.72E+07
29703,3.38E+07
29704,1.03E+07
29705,5.63E+07
29706,6.37E+07
29707,4.51E+07
29708,3.25E+07
29709,3.22E+07
29710,2.14E+07
29711,2.60E+07
29712,2.61E+07
29713,2.24E+07
29714,3.02E+07
29715,2.88E+07
29716,2.64E+07
29717,4.47E+07
29718,1.98E+07
29719,2.83E+07
29720,1.41E+07
29721,2.61E+07
29722,2.85E+07
29723,2.66E+07
29724,1.93E+07
29725,2.78E+07
29726,2.51E+07
29727,3.99E+07
29728,3.52E+07
29729,3.92E+07
29730,3.94E+07
29731,8.17E+06
29732,1.87E+07
29733,3.14E+07
29734,6.10E+07
29735,3.74E+07
29736,4.80E+07
29737,5.05E+06
29738,7.22E+06
29739,1.37E+07
29740,2.03E+07
29741,6.32E+06
29742,2.86E+07
29743,3.26E+07
29744,3.92E+07
29745,3.16E+07
29746,3.93E+07
29747,2.70E+07
29748,2.72E+07
29749,3.07E+07
29750,2.55E+07
29751,7.72E+07
29752,3.06E+07
29753,2.73E+07
29754,3.43E+07
29755,3.35E+07
29756,2.84E+07
29757,2.67E+07
29758,2.65E+07
29759,2.35E+07
29760,2.42E+07
29761,3.63E+07
29762,2.61E+07
29763,2.13E+07
29764,2.24E+07
29765,4.61E+07
29766,3.25E+07
29767,3.15E+07
29768,3.39E+07
29769,3.37E+07
29770,3.93E+07
29771,5.70E+07
29772,1.05E+07
29773,2.85E+07
29774,2.61E+07
29775,2.47E+07
29776,2.72E+07
29777,2.18E+07
29778,3.86E+07
29779,3.37E+07
29780,1.65E+07
29781,1.92E+07
29782,1.99E+07
29783,4.44E+07
29784,5.92E+07
29785,2.61E+07
29786,2.74E+07
29787,2.65E+07
29788,2.22E+07
29789,2.96E+07
29790,4.32E+07
29791,2.83E+07
29792,3.36E+07
29793,2.80E+07
29794,4.91E+07
29795,5.35E+07
29796,5.95E+07
29797,5.08E+07
29798,3.74E+07
29799,2.00E+07
29800,2.86E+07
29801,7.48E+06
29802,2.26E+07
29803,2.70E+07
29804,2.35E+07
29805,3.01E+07
29806,3.49E+07
29807,4.00E+07
29808,3.04E+07
29809,2.87E+07
29810,3.25E+07
29811,3.36E+07
29812,4.10E+07
29813,2.50E+07
29814,2.68E+07
29815,3.97E+07
29816,2.85E+07
29817,3.19E+07
29818,2.30E+07
29819,3.74E+07
29820,3.25E+07
29821,3.09E+07
29822,3.77E+07
29823,2.70E+07
29824,4.06E+07
29825,5.51E+07
29826,4.89E+07
29827,5.64E+07
29828,3.42E+07
29829,3.26E+07
29830,4.01E+07
29831,4.50E+07
29832,3.07E+07
29833,2.28E+07
29834,2.51E+07
29835,1.89E+07
29836,4.43E+07
29837,1.85E+07
29838,1.39E+07
29839,2.43E+07
29840,5.38E+06
29841,1.18E+07
29842,2.16E+07
29843,5.64E+06
29844,3.12E+07
29845,3.86E+07
29846,2.97E+07
29847,2.72E+07
29848,2.04E+07
29849,2.57E+07
29850,3.56E+07
29851,2.20E+07
29852,4.93E+07
29853,3.74E+07
29854,3.62E+07
29855,3.65E+07
29856,3.05E+07
29857,3.99E+07
29858,9.15E+07
29859,5.06E+07
29860,3.16E+07
29861,1.15E+07
29862,1.82E+07
29863,4.30E+07
29864,2.02E+07
29865,4.16E+07
29866,2.44E+07
29867,3.48E+07
29868,4.54E+07
29869,5.87E+07
29870,2.04E+07
29871,4.97E+07
29872,1.16E+07
29873,3.78E+07
29874,1.86E+07
29875,2.86E+07
29876,3.68E+07
29877,2.69E+07
29878,2.44E+07
29879,2.35E+07
29880,2.65E+07
29881,8.46E+06
29882,3.16E+07
29883,2.57E+07
29884,3.05E+07
29885,4.16E+07
29886,1.15E+07
29887,1.57E+07
29888,3.31E+07
29889,3.84E+07
29890,5.11E+07
29891,1.07E+07
29892,2.40E+07
29893,3.86E+07
29894,3.99E+07
29895,4.24E+07
29896,6.06E+07
29897,1.54E+07
29898,1.07E+07
29899,2.91E+07
29900,5.41E+07
29901,4.33E+07
