NodeNumber,Total Deformation (m)
1,2.5867e-004
2,2.5868e-004
3,2.747e-004
4,2.865e-004
5,2.9083e-004
6,2.865e-004
7,2.7471e-004
8,2.5856e-004
9,2.5857e-004
10,2.7459e-004
11,2.8639e-004
12,2.9073e-004
13,2.864e-004
14,2.746e-004
15,2.8631e-005
16,2.8675e-005
17,3.8217e-005
18,4.5811e-005
19,4.8701e-005
20,4.5801e-005
21,3.8231e-005
22,2.8063e-005
23,2.8096e-005
24,3.7698e-005
25,4.5317e-005
26,4.8236e-005
27,4.5324e-005
28,3.7714e-005
29,0.
30,0.
31,0.
32,0.
33,0.
34,0.
35,0.
36,4.5043e-010
37,2.5631e-007
38,1.4639e-009
39,5.7363e-009
40,1.9264e-008
41,5.8787e-008
42,1.5025e-007
43,1.8897e-007
44,0.
45,0.
46,0.
47,0.
48,0.
49,0.
50,0.
51,1.021e-014
52,1.545e-012
53,1.975e-014
54,6.3631e-014
55,2.046e-013
56,5.9018e-013
57,1.1843e-012
58,2.4276e-004
59,2.312e-004
60,2.2698e-004
61,2.3119e-004
62,2.4275e-004
63,1.9915e-005
64,1.3946e-005
65,1.1802e-005
66,1.3964e-005
67,1.99e-005
68,4.7486e-006
69,4.747e-006
70,5.7452e-006
71,6.5738e-006
72,6.9937e-006
73,6.7233e-006
74,6.0604e-006
75,5.4003e-006
76,2.6381e-006
77,3.8478e-006
78,3.1844e-006
79,2.8986e-006
80,2.7317e-006
81,2.885e-006
82,3.0294e-006
83,3.1438e-006
84,3.2205e-006
85,3.2455e-006
86,3.2052e-006
87,3.0825e-006
88,3.4352e-004
89,3.0929e-004
90,2.7511e-004
91,2.411e-004
92,2.0749e-004
93,1.7455e-004
94,1.4263e-004
95,1.122e-004
96,8.3865e-005
97,5.8396e-005
98,3.6689e-005
99,1.9891e-005
100,9.9771e-006
101,5.3392e-006
102,3.4348e-004
103,3.4385e-004
104,3.4418e-004
105,3.4441e-004
106,3.4451e-004
107,3.4443e-004
108,3.4421e-004
109,3.4389e-004
110,2.8849e-006
111,4.5868e-006
112,8.3203e-006
113,1.7394e-005
114,3.2698e-005
115,5.2963e-005
116,7.7352e-005
117,1.0474e-004
118,1.3471e-004
119,1.6631e-004
120,1.9904e-004
121,2.3251e-004
122,2.686e-004
123,3.0601e-004
124,2.6388e-006
125,3.0644e-006
126,3.1879e-006
127,3.2299e-006
128,3.2071e-006
129,3.1327e-006
130,3.0178e-006
131,2.8774e-006
132,2.7288e-006
133,3.8463e-006
134,3.184e-006
135,0.
136,1.9136e-006
137,1.1125e-006
138,0.
139,0.
140,0.
141,0.
142,0.
143,0.
144,0.
145,0.
146,0.
147,0.
148,1.8782e-006
149,9.6448e-007
150,0.
151,0.
152,0.
153,0.
154,0.
155,0.
156,0.
157,0.
158,0.
159,0.
160,0.
161,0.
162,0.
163,0.
164,0.
165,0.
166,0.
167,0.
168,0.
169,0.
170,0.
171,0.
172,0.
173,0.
174,0.
175,0.
176,0.
177,0.
178,0.
179,0.
180,0.
181,0.
182,0.
183,0.
184,0.
185,0.
186,0.
187,0.
188,0.
189,0.
190,0.
191,0.
192,0.
193,0.
194,0.
195,0.
196,0.
197,0.
198,0.
199,0.
200,0.
201,0.
202,0.
203,0.
204,0.
205,0.
206,0.
207,0.
208,0.
209,0.
210,0.
211,0.
212,0.
213,0.
214,0.
215,0.
216,1.0843e-006
217,9.9247e-007
218,1.1263e-006
219,1.1643e-006
220,1.1954e-006
221,1.2267e-006
222,1.2535e-006
223,1.2794e-006
224,1.3025e-006
225,1.3237e-006
226,1.3397e-006
227,1.3558e-006
228,1.3717e-006
229,1.3828e-006
230,1.39e-006
231,1.3997e-006
232,1.4069e-006
233,1.4119e-006
234,1.4163e-006
235,1.4199e-006
236,1.4207e-006
237,1.4206e-006
238,1.4226e-006
239,1.4183e-006
240,1.4167e-006
241,1.4133e-006
242,1.4089e-006
243,1.4054e-006
244,1.399e-006
245,1.393e-006
246,1.3866e-006
247,1.3783e-006
248,1.3696e-006
249,1.3616e-006
250,1.3517e-006
251,1.3439e-006
252,1.3313e-006
253,1.3204e-006
254,1.3095e-006
255,1.2963e-006
256,1.2837e-006
257,1.27e-006
258,1.2556e-006
259,1.2412e-006
260,1.2254e-006
261,1.2117e-006
262,1.1955e-006
263,1.1781e-006
264,1.1612e-006
265,1.1463e-006
266,1.127e-006
267,1.1082e-006
268,1.0892e-006
269,1.0675e-006
270,1.0414e-006
271,6.7734e-007
272,8.7207e-007
273,7.5764e-007
274,6.1191e-007
275,6.671e-007
276,6.6379e-007
277,6.6169e-007
278,6.6174e-007
279,6.6119e-007
280,6.6225e-007
281,6.631e-007
282,6.6615e-007
283,6.6777e-007
284,6.7237e-007
285,6.7362e-007
286,6.7649e-007
287,6.8114e-007
288,6.8321e-007
289,6.8754e-007
290,6.9048e-007
291,6.9291e-007
292,6.9761e-007
293,7.0068e-007
294,7.0254e-007
295,7.0859e-007
296,7.0804e-007
297,7.1065e-007
298,7.1312e-007
299,7.1642e-007
300,7.1925e-007
301,7.207e-007
302,7.2123e-007
303,7.2246e-007
304,7.2436e-007
305,7.2474e-007
306,7.2591e-007
307,7.2621e-007
308,7.26e-007
309,7.2441e-007
310,7.2289e-007
311,7.2131e-007
312,7.1729e-007
313,7.1593e-007
314,7.0973e-007
315,7.0556e-007
316,7.0132e-007
317,6.9337e-007
318,6.8429e-007
319,6.7489e-007
320,6.6634e-007
321,6.5461e-007
322,6.4005e-007
323,6.2931e-007
324,6.1591e-007
325,6.0405e-007
326,5.9482e-007
327,5.9242e-007
328,7.1619e-007
329,8.6721e-007
330,3.4344e-004
331,1.0883e-006
332,3.092e-004
333,2.75e-004
334,2.4098e-004
335,2.0735e-004
336,1.7439e-004
337,1.4244e-004
338,1.1196e-004
339,8.3569e-005
340,5.802e-005
341,3.755e-005
342,2.1503e-005
343,1.1127e-005
344,6.1774e-006
345,3.1831e-006
346,2.1253e-006
347,1.5573e-006
348,1.0393e-006
349,1.1127e-006
350,1.4677e-006
351,3.4339e-004
352,3.4377e-004
353,3.441e-004
354,3.4433e-004
355,3.4442e-004
356,3.4434e-004
357,3.4412e-004
358,3.438e-004
359,1.3784e-006
360,1.8249e-006
361,2.4838e-006
362,3.9375e-006
363,7.1945e-006
364,1.4759e-005
365,2.9234e-005
366,4.9405e-005
367,7.3675e-005
368,1.0111e-004
369,1.3089e-004
370,1.6235e-004
371,1.95e-004
372,2.2842e-004
373,2.6232e-004
374,3.0123e-004
375,1.0328e-006
376,1.0899e-006
377,1.4576e-006
378,2.4265e-004
379,2.3107e-004
380,2.2686e-004
381,2.3107e-004
382,2.4264e-004
383,1.927e-005
384,1.3206e-005
385,1.0958e-005
386,1.3187e-005
387,1.9263e-005
388,9.9315e-007
389,1.0428e-006
390,1.0689e-006
391,1.0904e-006
392,1.1101e-006
393,1.1284e-006
394,1.1481e-006
395,1.1651e-006
396,1.1817e-006
397,1.1984e-006
398,1.2137e-006
399,1.2301e-006
400,1.2447e-006
401,1.2599e-006
402,1.2735e-006
403,1.287e-006
404,1.3001e-006
405,1.3122e-006
406,1.3245e-006
407,1.3368e-006
408,1.3451e-006
409,1.3551e-006
410,1.3659e-006
411,1.374e-006
412,1.3833e-006
413,1.3906e-006
414,1.3971e-006
415,1.4036e-006
416,1.4093e-006
417,1.416e-006
418,1.4182e-006
419,1.4208e-006
420,1.4246e-006
421,1.4268e-006
422,1.4263e-006
423,1.4262e-006
424,1.4246e-006
425,1.4211e-006
426,1.4186e-006
427,1.4119e-006
428,1.4054e-006
429,1.3989e-006
430,1.387e-006
431,1.3738e-006
432,1.3616e-006
433,1.3468e-006
434,1.3289e-006
435,1.3082e-006
436,1.2854e-006
437,1.2584e-006
438,1.2327e-006
439,1.2017e-006
440,1.1695e-006
441,1.1329e-006
442,1.1542e-006
443,1.5142e-006
444,1.9811e-006
445,3.0131e-006
446,4.001e-006
447,4.5241e-006
448,4.0738e-006
449,3.0251e-006
450,1.9319e-006
451,1.2438e-006
452,6.1493e-007
453,5.3478e-007
454,3.4597e-007
455,2.5202e-008
456,8.7304e-007
457,7.1889e-007
458,5.3293e-007
459,3.7071e-007
460,5.015e-008
461,9.5607e-007
462,1.8644e-006
463,1.9105e-006
464,1.1109e-006
465,6.7742e-007
466,5.9578e-007
467,5.9838e-007
468,6.0891e-007
469,6.2013e-007
470,6.3594e-007
471,6.4626e-007
472,6.6016e-007
473,6.6848e-007
474,6.8083e-007
475,6.8991e-007
476,6.999e-007
477,7.0402e-007
478,7.1045e-007
479,7.1515e-007
480,7.2047e-007
481,7.2292e-007
482,7.2531e-007
483,7.305e-007
484,7.3055e-007
485,7.3037e-007
486,7.3023e-007
487,7.3237e-007
488,7.2957e-007
489,7.3011e-007
490,7.2813e-007
491,7.2702e-007
492,7.2484e-007
493,7.2215e-007
494,7.199e-007
495,7.1702e-007
496,7.1468e-007
497,7.1335e-007
498,7.1011e-007
499,7.063e-007
500,7.0439e-007
501,6.9966e-007
502,6.9713e-007
503,6.9513e-007
504,6.9119e-007
505,6.862e-007
506,6.8383e-007
507,6.8025e-007
508,6.7662e-007
509,6.7466e-007
510,6.7051e-007
511,6.6836e-007
512,6.6525e-007
513,6.6456e-007
514,6.6366e-007
515,6.6208e-007
516,6.6287e-007
517,6.6492e-007
518,6.6822e-007
519,7.5786e-007
520,8.7196e-007
521,2.6518e-014
522,5.2395e-014
523,2.4024e-013
524,1.0791e-012
525,4.8278e-012
526,2.1186e-011
527,9.8118e-011
528,3.8192e-010
529,1.6902e-009
530,7.6345e-009
531,2.6626e-008
532,9.3677e-008
533,1.8839e-007
534,3.0742e-007
535,4.1563e-007
536,4.9437e-007
537,5.4987e-007
538,2.6065e-014
539,5.3403e-007
540,4.6095e-007
541,3.4743e-007
542,2.4491e-007
543,1.3141e-007
544,5.1325e-008
545,1.2676e-008
546,3.221e-009
547,7.5702e-010
548,1.5896e-010
549,3.6796e-011
550,8.5258e-012
551,1.9759e-012
552,4.1523e-013
553,7.0307e-014
554,1.5003e-007
555,5.9427e-008
556,1.9254e-008
557,5.6521e-009
558,1.3164e-009
559,1.1968e-012
560,5.9226e-013
561,2.0191e-013
562,6.4695e-014
563,2.0799e-014
564,6.2413e-007
565,5.8096e-007
566,5.3228e-007
567,5.0371e-007
568,4.8805e-007
569,4.7585e-007
570,4.7877e-007
571,4.7898e-007
572,4.8994e-007
573,5.3092e-007
574,5.9773e-007
575,2.4382e-014
576,2.7022e-014
577,2.0524e-014
578,1.017e-014
579,2.057e-014
580,2.739e-014
581,2.7053e-014
582,3.6983e-006
583,2.8224e-006
584,2.1085e-006
585,1.5467e-006
586,1.113e-006
587,7.685e-007
588,4.957e-007
589,3.0513e-007
590,1.9227e-007
591,1.28e-007
592,7.0788e-008
593,7.0665e-008
594,1.2873e-007
595,1.9193e-007
596,3.0393e-007
597,4.9709e-007
598,7.6973e-007
599,1.1134e-006
600,1.5478e-006
601,2.1096e-006
602,2.8239e-006
603,3.6988e-006
604,8.3822e-007
605,7.939e-007
606,8.0771e-007
607,9.888e-007
608,1.2065e-006
609,9.949e-007
610,7.7977e-007
611,1.4468e-006
612,1.02e-006
613,7.6182e-007
614,9.8088e-007
615,1.3324e-006
616,1.0273e-006
617,1.6971e-006
618,2.1439e-006
619,1.0894e-006
620,2.8908e-006
621,1.5735e-006
622,1.0682e-006
623,1.6818e-006
624,2.2119e-006
625,3.4506e-006
626,2.7513e-006
627,1.636e-006
628,3.2245e-006
629,2.2325e-006
630,2.1385e-006
631,2.5871e-006
632,1.6231e-006
633,1.0962e-006
634,1.0924e-006
635,1.0226e-006
636,1.5468e-006
637,1.0648e-007
638,4.4179e-006
639,5.0962e-006
640,1.1553e-007
641,2.1797e-007
642,1.9769e-007
643,4.1302e-006
644,3.3172e-006
645,4.8874e-006
646,5.71e-006
647,2.0144e-007
648,5.7865e-006
649,4.7665e-006
650,3.953e-006
651,1.0516e-007
652,3.3036e-006
653,7.9215e-008
654,7.9427e-008
655,1.4782e-007
656,1.1836e-007
657,1.538e-007
658,2.3259e-007
659,6.1037e-006
660,5.4169e-006
661,5.7607e-006
662,4.9355e-006
663,2.3497e-007
664,3.0045e-007
665,3.1901e-007
666,3.168e-007
667,3.8093e-006
668,3.1119e-006
669,1.2834e-007
670,2.6477e-007
671,1.7264e-007
672,2.7446e-007
673,3.4126e-007
674,3.9121e-007
675,4.1955e-007
676,4.2925e-007
677,4.4353e-007
678,5.1236e-007
679,5.5971e-007
680,3.8395e-007
681,6.5286e-007
682,7.5622e-007
683,5.3559e-007
684,3.7723e-007
685,4.7235e-007
686,6.3914e-007
687,8.1608e-007
688,9.8807e-007
689,8.4211e-007
690,1.128e-006
691,5.7421e-007
692,6.28e-007
693,9.3188e-007
694,1.2404e-006
695,1.0556e-006
696,1.3358e-006
697,1.417e-006
698,1.5746e-006
699,1.8021e-006
700,1.9618e-006
701,1.2217e-006
702,1.4621e-006
703,1.7203e-006
704,9.8724e-007
705,7.4262e-007
706,5.4656e-007
707,3.3239e-007
708,5.4912e-007
709,8.6568e-007
710,1.184e-006
711,7.1082e-007
712,1.0459e-006
713,1.3911e-006
714,2.2485e-006
715,1.6984e-006
716,2.0247e-006
717,2.4206e-006
718,2.8267e-006
719,2.433e-006
720,3.2261e-006
721,2.706e-006
722,2.2828e-006
723,2.3243e-006
724,1.9512e-006
725,2.7863e-006
726,2.4905e-006
727,1.9233e-006
728,1.4866e-006
729,4.3075e-006
730,8.6257e-007
731,9.5803e-007
732,8.3242e-007
733,9.4535e-007
734,7.2516e-007
735,8.6256e-007
736,1.0316e-006
737,1.0167e-006
738,7.0003e-007
739,8.5682e-007
740,1.1371e-006
741,1.1255e-006
742,1.1386e-006
743,9.427e-007
744,8.9875e-007
745,8.9879e-007
746,1.1263e-006
747,8.8953e-007
748,1.1262e-006
749,8.8784e-007
750,1.1149e-006
751,8.7956e-007
752,1.0779e-006
753,8.6908e-007
754,1.0395e-006
755,8.6627e-007
756,1.0714e-006
757,8.7889e-007
758,1.1218e-006
759,1.2187e-006
760,1.2165e-006
761,8.8409e-007
762,1.1164e-006
763,8.7403e-007
764,1.0907e-006
765,8.6322e-007
766,1.0728e-006
767,8.4763e-007
768,1.0044e-006
769,8.3108e-007
770,1.0448e-006
771,8.3892e-007
772,1.0429e-006
773,1.1491e-006
774,1.1387e-006
775,1.135e-006
776,9.454e-007
777,9.0587e-007
778,8.9712e-007
779,8.8621e-007
780,1.1227e-006
781,8.8044e-007
782,1.0929e-006
783,8.4581e-007
784,9.2449e-007
785,1.1351e-006
786,1.1367e-006
787,1.1232e-006
788,9.001e-007
789,8.9014e-007
790,8.7984e-007
791,1.1076e-006
792,8.6969e-007
793,1.0857e-006
794,8.4818e-007
795,9.6749e-007
796,1.1031e-006
797,1.1089e-006
798,1.0747e-006
799,9.0944e-007
800,8.5985e-007
801,8.5857e-007
802,1.1242e-006
803,8.3262e-007
804,1.0503e-006
805,8.184e-007
806,1.0214e-006
807,7.9447e-007
808,9.1525e-007
809,1.0164e-006
810,1.0492e-006
811,9.752e-007
812,7.8311e-007
813,8.176e-007
814,7.441e-007
815,1.0115e-006
816,1.0182e-006
817,9.9114e-007
818,8.5664e-007
819,8.1848e-007
820,8.2347e-007
821,1.0153e-006
822,8.111e-007
823,1.0133e-006
824,8.127e-007
825,9.946e-007
826,7.8604e-007
827,8.2253e-007
828,7.9788e-007
829,9.7222e-007
830,7.8784e-007
831,9.4085e-007
832,7.6888e-007
833,8.4616e-007
834,8.3608e-007
835,1.0507e-006
836,7.7467e-007
837,7.7639e-007
838,9.4004e-007
839,9.3155e-007
840,9.3172e-007
841,7.7307e-007
842,9.2295e-007
843,7.6833e-007
844,9.1499e-007
845,7.9468e-007
846,9.0384e-007
847,7.5917e-007
848,7.6436e-007
849,8.261e-007
850,8.292e-007
851,9.7081e-007
852,9.754e-007
853,6.9912e-007
854,8.3328e-007
855,1.1397e-006
856,1.1306e-006
857,1.1278e-006
858,9.3777e-007
859,8.9691e-007
860,8.8778e-007
861,1.1119e-006
862,8.6235e-007
863,1.0831e-006
864,8.5989e-007
865,1.0776e-006
866,8.3643e-007
867,9.5467e-007
868,8.8023e-007
869,1.1195e-006
870,8.7707e-007
871,1.0899e-006
872,8.4484e-007
873,9.2707e-007
874,1.1335e-006
875,8.9936e-007
876,1.1317e-006
877,8.8741e-007
878,1.1245e-006
879,8.8062e-007
880,1.1058e-006
881,8.6114e-007
882,1.0511e-006
883,8.372e-007
884,9.6659e-007
885,1.1949e-006
886,1.1619e-006
887,9.0926e-007
888,1.1444e-006
889,8.9088e-007
890,1.1199e-006
891,8.7775e-007
892,1.0978e-006
893,8.5361e-007
894,1.0405e-006
895,8.431e-007
896,9.5188e-007
897,1.1742e-006
898,1.1412e-006
899,8.9733e-007
900,1.1242e-006
901,8.7279e-007
902,1.0781e-006
903,8.5085e-007
904,1.0051e-006
905,8.2947e-007
906,9.8743e-007
907,9.7236e-007
908,9.7006e-007
909,9.9282e-007
910,7.3672e-007
911,8.0473e-007
912,7.8086e-007
913,9.9675e-007
914,7.8113e-007
915,1.0103e-006
916,7.9772e-007
917,1.0062e-006
918,7.9956e-007
919,9.2051e-007
920,1.067e-006
921,8.3239e-007
922,1.0583e-006
923,8.2173e-007
924,9.4782e-007
925,1.1217e-006
926,8.2451e-007
927,1.1506e-006
928,8.2138e-007
929,9.7744e-007
930,1.0639e-006
931,1.0605e-006
932,8.795e-007
933,8.1366e-007
934,8.4272e-007
935,1.0411e-006
936,8.2056e-007
937,1.0237e-006
938,8.182e-007
939,1.0057e-006
940,8.0856e-007
941,9.1327e-007
942,1.0379e-006
943,1.0163e-006
944,8.3351e-007
945,9.9901e-007
946,8.1712e-007
947,8.0541e-007
948,9.8465e-007
949,7.9656e-007
950,9.704e-007
951,7.8797e-007
952,9.5153e-007
953,7.6728e-007
954,9.0172e-007
955,7.4792e-007
956,8.3687e-007
957,1.0049e-006
958,9.7312e-007
959,9.4395e-007
960,7.943e-007
961,7.789e-007
962,9.2165e-007
963,7.6586e-007
964,8.5057e-007
965,9.3913e-007
966,9.037e-007
967,7.829e-007
968,7.5966e-007
969,1.1228e-005
970,1.1207e-005
971,2.1527e-005
972,1.6626e-005
973,7.3344e-008
974,8.2788e-007
975,8.4027e-007
976,8.1515e-007
977,1.5386e-006
978,1.5351e-006
979,1.5547e-006
980,1.5587e-006
981,8.2095e-007
982,2.4124e-006
983,2.1952e-006
984,2.3794e-006
985,8.5085e-007
986,1.5655e-006
987,2.3213e-006
988,1.6322e-006
989,8.4683e-007
990,1.5646e-006
991,8.7043e-007
992,9.3896e-007
993,1.5671e-006
994,1.6646e-006
995,2.3351e-006
996,2.1987e-006
997,2.2454e-006
998,2.1962e-006
999,2.2991e-006
1000,2.3335e-006
1001,8.3857e-007
1002,8.4383e-007
1003,8.3672e-007
1004,1.5538e-006
1005,1.536e-006
1006,1.5855e-006
1007,1.5525e-006
1008,8.717e-007
1009,2.3357e-006
1010,2.1852e-006
1011,2.2563e-006
1012,8.3211e-007
1013,9.4555e-007
1014,1.5688e-006
1015,2.1847e-006
1016,1.6665e-006
1017,2.2174e-006
1018,7.9201e-007
1019,8.2129e-007
1020,6.8866e-007
1021,1.5017e-006
1022,1.565e-006
1023,1.5757e-006
1024,2.3354e-006
1025,2.3198e-006
1026,2.374e-006
1027,2.3958e-006
1028,2.4008e-006
1029,7.3088e-008
1030,0.
1031,0.
1032,0.
1033,0.
1034,0.
1035,0.
1036,0.
1037,0.
1038,0.
1039,0.
1040,0.
1041,0.
1042,0.
1043,0.
1044,0.
1045,0.
1046,0.
1047,0.
1048,0.
1049,0.
1050,0.
1051,0.
1052,0.
1053,0.
1054,0.
1055,0.
1056,0.
1057,0.
1058,0.
1059,0.
1060,0.
1061,0.
1062,0.
1063,0.
1064,0.
1065,0.
1066,0.
1067,0.
1068,0.
1069,0.
1070,0.
1071,0.
1072,0.
1073,0.
1074,0.
1075,0.
1076,0.
1077,0.
1078,0.
1079,0.
1080,0.
1081,0.
1082,0.
1083,0.
1084,0.
1085,0.
1086,0.
1087,0.
1088,0.
1089,0.
1090,0.
1091,0.
1092,0.
1093,0.
1094,0.
1095,0.
1096,0.
1097,0.
1098,0.
1099,0.
1100,0.
1101,0.
1102,0.
1103,0.
1104,0.
1105,0.
1106,0.
1107,0.
1108,0.
1109,0.
1110,0.
1111,0.
1112,0.
1113,0.
1114,0.
1115,0.
1116,0.
1117,0.
1118,0.
1119,0.
1120,0.
1121,0.
1122,0.
1123,0.
1124,0.
1125,0.
1126,0.
1127,0.
1128,0.
1129,0.
1130,0.
1131,0.
1132,0.
1133,0.
1134,0.
1135,0.
1136,0.
1137,0.
1138,0.
1139,0.
1140,0.
1141,0.
1142,0.
1143,0.
1144,0.
1145,0.
1146,0.
1147,0.
1148,0.
1149,0.
1150,0.
1151,0.
1152,0.
1153,0.
1154,0.
1155,0.
1156,0.
1157,0.
1158,0.
1159,0.
1160,0.
1161,0.
1162,0.
1163,0.
1164,0.
1165,0.
1166,0.
1167,0.
1168,0.
1169,0.
1170,0.
1171,0.
1172,0.
1173,0.
1174,0.
1175,0.
1176,0.
1177,0.
1178,0.
1179,0.
1180,0.
1181,0.
1182,0.
1183,0.
1184,0.
1185,1.2677e-004
1186,1.0017e-005
1187,8.9389e-006
1188,1.9517e-004
1189,1.9364e-004
1190,6.4871e-005
1191,6.352e-005
1192,7.8138e-006
1193,6.9378e-006
1194,1.8509e-004
1195,2.8727e-004
1196,2.7576e-004
1197,2.4839e-005
1198,2.9093e-005
1199,1.2675e-004
1200,7.9858e-006
1201,1.2256e-004
1202,9.4764e-006
1203,9.4634e-006
1204,9.6099e-006
1205,2.9934e-004
1206,2.4047e-004
1207,2.3276e-004
1208,1.4257e-004
1209,5.4615e-006
1210,5.2265e-006
1211,7.797e-005
1212,2.1589e-004
1213,1.5896e-004
1214,5.0082e-006
1215,6.8239e-006
1216,1.631e-004
1217,2.8476e-005
1218,2.1417e-004
1219,6.7421e-006
1220,4.7919e-006
1221,2.8881e-004
1222,1.2793e-004
1223,1.7511e-005
1224,1.1294e-004
1225,5.4318e-005
1226,3.128e-004
1227,9.5777e-005
1228,1.4213e-005
1229,7.2023e-006
1230,2.7233e-005
1231,5.3939e-006
1232,5.3311e-006
1233,2.5153e-004
1234,2.094e-004
1235,1.9149e-004
1236,9.8006e-006
1237,6.1558e-005
1238,1.7705e-005
1239,3.2912e-006
1240,3.3056e-006
1241,1.3486e-005
1242,7.9316e-006
1243,8.6795e-006
1244,4.6273e-005
1245,5.2764e-006
1246,9.3723e-005
1247,1.2644e-005
1248,3.0203e-004
1249,8.9468e-005
1250,2.6452e-004
1251,4.9829e-006
1252,9.496e-006
1253,9.5682e-006
1254,3.1277e-004
1255,2.1142e-004
1256,1.8639e-004
1257,3.1531e-004
1258,2.5172e-004
1259,4.3689e-005
1260,4.1304e-005
1261,1.6736e-004
1262,8.5539e-005
1263,9.9401e-005
1264,1.5596e-004
1265,4.0357e-006
1266,3.7481e-006
1267,7.5992e-006
1268,5.5026e-006
1269,2.1478e-004
1270,2.4809e-004
1271,6.0474e-005
1272,1.827e-004
1273,7.9519e-006
1274,1.0297e-005
1275,3.188e-004
1276,1.5791e-004
1277,5.5244e-006
1278,4.5427e-006
1279,4.4893e-006
1280,7.4804e-005
1281,2.9112e-004
1282,9.9503e-005
1283,4.8658e-006
1284,3.1531e-004
1285,3.5384e-005
1286,2.1527e-004
1287,5.0669e-005
1288,9.342e-006
1289,4.448e-006
1290,4.874e-006
1291,3.1485e-005
1292,2.0848e-004
1293,3.9402e-005
1294,6.0101e-005
1295,2.4298e-005
1296,4.2739e-006
1297,2.9562e-004
1298,4.0991e-006
1299,5.4272e-006
1300,2.6196e-004
1301,4.8012e-005
1302,7.7697e-005
1303,7.0883e-006
1304,1.0514e-005
1305,1.5797e-005
1306,2.8117e-004
1307,3.046e-004
1308,2.849e-004
1309,6.8597e-006
1310,7.9054e-005
1311,2.1679e-005
1312,1.1847e-005
1313,1.733e-005
1314,3.8136e-006
1315,3.2034e-004
1316,9.8504e-005
1317,7.5868e-006
1318,2.291e-004
1319,6.2802e-006
1320,3.7452e-006
1321,4.1726e-006
1322,1.1278e-005
1323,2.5526e-004
1324,1.535e-005
1325,4.7412e-005
1326,2.4086e-004
1327,4.21e-006
1328,2.2777e-004
1329,7.4251e-005
1330,2.6538e-004
1331,6.0408e-005
1332,7.6532e-006
1333,6.4032e-006
1334,1.6764e-004
1335,1.9736e-005
1336,1.307e-004
1337,1.5534e-004
1338,1.7425e-005
1339,4.1331e-006
1340,5.3711e-006
1341,2.7705e-004
1342,6.4243e-005
1343,4.1503e-005
1344,2.2665e-004
1345,1.0337e-007
1346,9.0567e-008
1347,4.8776e-011
1348,2.5081e-007
1349,2.7519e-007
1350,2.8476e-007
1351,3.9464e-007
1352,4.2761e-007
1353,3.6591e-007
1354,4.215e-007
1355,4.8102e-007
1356,2.0174e-012
1357,9.735e-010
1358,1.0278e-012
1359,3.908e-007
1360,1.3699e-009
1361,4.4901e-007
1362,2.8828e-007
1363,1.9535e-007
1364,1.9986e-007
1365,4.428e-012
1366,4.0305e-007
1367,3.8604e-007
1368,7.8701e-014
1369,2.7515e-010
1370,1.828e-008
1371,1.7452e-013
1372,1.5632e-008
1373,9.0581e-011
1374,2.3141e-011
1375,1.5022e-007
1376,4.2505e-007
1377,4.6061e-007
1378,4.9587e-007
1379,4.5534e-007
1380,4.4244e-007
1381,5.0185e-007
1382,1.0878e-007
1383,2.2573e-007
1384,5.7078e-007
1385,6.055e-007
1386,5.3076e-012
1387,3.8895e-007
1388,5.9999e-007
1389,1.7772e-007
1390,2.8412e-010
1391,2.4487e-007
1392,4.9418e-007
1393,4.4704e-007
1394,4.7224e-007
1395,5.6488e-007
1396,5.5313e-007
1397,2.6671e-007
1398,5.0076e-007
1399,6.0051e-007
1400,4.3993e-008
1401,5.9259e-013
1402,5.6208e-007
1403,6.1569e-007
1404,5.6017e-007
1405,5.6709e-007
1406,1.4964e-011
1407,1.5036e-012
1408,1.6557e-007
1409,5.194e-007
1410,5.377e-007
1411,5.9719e-007
1412,6.3757e-011
1413,1.6767e-008
1414,5.0093e-007
1415,3.1356e-007
1416,5.0402e-007
1417,2.3047e-009
1418,5.2666e-007
1419,4.0188e-008
1420,5.7644e-007
1421,3.2945e-014
1422,3.0811e-014
1423,4.1562e-007
1424,2.2457e-007
1425,4.2766e-007
1426,4.4977e-007
1427,4.4711e-007
1428,3.5531e-014
1429,2.5027e-009
1430,4.0219e-008
1431,1.8883e-012
1432,6.1592e-007
1433,5.064e-007
1434,5.1967e-007
1435,8.9868e-008
1436,6.7802e-012
1437,6.3665e-011
1438,4.9509e-007
1439,2.8481e-007
1440,1.1813e-007
1441,2.2834e-010
1442,6.3033e-007
1443,5.8147e-007
1444,5.4968e-007
1445,4.9172e-009
1446,5.6008e-007
1447,4.2191e-007
1448,6.2749e-007
1449,5.7499e-007
1450,2.8886e-010
1451,5.9419e-007
1452,5.1152e-007
1453,4.516e-010
1454,5.6194e-007
1455,7.4338e-008
1456,7.9002e-010
1457,9.4399e-014
1458,4.5774e-013
1459,2.4837e-007
1460,4.3846e-007
1461,2.6672e-007
1462,5.1576e-007
1463,4.9567e-007
1464,6.0107e-007
1465,5.7397e-007
1466,1.189e-007
1467,5.5537e-007
1468,2.6595e-007
1469,5.8886e-008
1470,6.0943e-007
1471,8.2225e-013
1472,2.1113e-011
1473,5.2309e-009
1474,6.3705e-010
1475,1.4605e-007
1476,3.6301e-007
1477,5.1125e-007
1478,1.8036e-013
1479,1.61e-007
1480,5.6659e-007
1481,6.6043e-007
1482,1.3915e-011
1483,5.6475e-007
1484,5.6284e-007
1485,5.4462e-007
1486,9.0162e-011
1487,2.9718e-010
1488,2.8322e-007
1489,4.9596e-007
1490,3.57e-007
1491,4.7909e-012
1492,1.9885e-008
1493,3.2256e-008
1494,2.1182e-007
1495,5.6104e-007
1496,5.6388e-007
1497,4.1446e-007
1498,5.5259e-007
1499,5.0086e-007
1500,3.1886e-012
1501,3.8292e-010
1502,5.0512e-007
1503,3.8561e-007
1504,1.1443e-014
1505,1.1549e-007
1506,1.7529e-007
1507,5.0316e-007
1508,5.7952e-007
1509,2.7231e-011
1510,5.6432e-007
1511,4.9146e-007
1512,2.8519e-007
1513,4.0687e-007
1514,1.2791e-013
1515,2.0711e-012
1516,9.7996e-010
1517,7.5426e-011
1518,1.4623e-012
1519,6.1611e-008
1520,2.4072e-013
1521,4.1345e-007
1522,5.6459e-007
1523,1.3396e-009
1524,2.5615e-009
1525,1.4177e-008
1526,1.8607e-014
1527,1.7822e-007
1528,2.2893e-007
1529,5.7115e-007
1530,1.3795e-007
1531,3.5294e-007
1532,7.6687e-013
1533,5.6702e-007
1534,3.9349e-007
1535,5.9284e-007
1536,5.9085e-007
1537,5.8157e-007
1538,6.3315e-007
1539,2.3514e-007
1540,3.241e-007
1541,3.132e-007
1542,2.3436e-014
1543,5.2285e-007
1544,5.836e-007
1545,9.817e-009
1546,6.1762e-007
1547,4.0761e-007
1548,5.6233e-013
1549,3.0954e-007
1550,7.4133e-009
1551,2.8597e-007
1552,1.9142e-011
1553,4.3182e-007
1554,4.8526e-012
1555,3.256e-007
1556,3.1269e-007
1557,5.3388e-007
1558,2.9949e-013
1559,6.8646e-014
1560,1.6232e-007
1561,6.1782e-007
1562,4.5852e-007
1563,1.5793e-010
1564,6.1086e-009
1565,9.1318e-012
1566,4.1134e-007
1567,3.4242e-014
1568,3.8544e-014
1569,5.8395e-007
1570,3.7889e-007
1571,4.1723e-007
1572,1.2164e-013
1573,3.5888e-008
1574,4.0069e-007
1575,3.1216e-013
1576,6.1198e-007
1577,6.108e-007
1578,5.9116e-007
1579,4.9402e-014
1580,5.7272e-007
1581,5.7009e-008
1582,1.6022e-012
1583,4.5746e-014
1584,5.9502e-010
1585,1.0892e-014
1586,2.8543e-007
1587,2.4234e-007
1588,2.1223e-007
1589,7.9332e-010
1590,5.6888e-007
1591,6.1945e-007
1592,2.4617e-008
1593,2.1383e-007
1594,1.6743e-012
1595,3.8073e-007
1596,2.5569e-012
1597,1.4572e-010
1598,6.3465e-007
1599,2.5165e-007
1600,2.8291e-009
1601,5.8838e-007
1602,6.284e-007
1603,2.6165e-007
1604,5.8494e-007
1605,4.0289e-011
1606,6.1328e-007
1607,6.3607e-007
1608,6.1445e-007
1609,6.048e-007
1610,3.7914e-007
1611,5.8167e-007
1612,5.9225e-007
1613,1.324e-010
1614,1.8663e-007
1615,2.1272e-007
1616,4.0323e-007
1617,4.5983e-014
1618,5.1795e-007
1619,1.4419e-007
1620,1.7276e-007
1621,6.4289e-007
1622,6.3921e-007
1623,7.0616e-013
1624,1.006e-009
1625,5.1366e-007
1626,5.2384e-007
1627,5.0859e-007
1628,6.3232e-007
1629,6.1886e-007
1630,9.2183e-008
1631,5.1986e-007
1632,2.6732e-007
1633,7.5955e-014
1634,5.6826e-007
1635,7.2337e-006
1636,8.8703e-006
1637,1.2894e-004
1638,4.9533e-006
1639,4.5619e-006
1640,3.6228e-006
1641,3.0764e-006
1642,7.2448e-005
1643,3.1511e-006
1644,1.9787e-004
1645,3.4748e-006
1646,1.9182e-004
1647,6.453e-005
1648,1.7712e-006
1649,4.0741e-006
1650,2.217e-006
1651,4.7545e-006
1652,4.7981e-006
1653,1.8675e-004
1654,1.6248e-006
1655,5.7954e-006
1656,2.8517e-004
1657,2.9208e-006
1658,2.4853e-005
1659,2.76e-004
1660,2.5947e-006
1661,3.2822e-005
1662,1.4962e-005
1663,1.2425e-004
1664,1.3486e-004
1665,1.7918e-006
1666,1.9641e-006
1667,2.4068e-006
1668,8.7118e-006
1669,2.0795e-006
1670,2.1559e-006
1671,2.3177e-006
1672,1.587e-006
1673,1.6974e-006
1674,2.9916e-004
1675,1.9696e-006
1676,2.0711e-006
1677,2.3962e-004
1678,2.3285e-004
1679,5.2261e-006
1680,4.7255e-006
1681,5.763e-006
1682,2.3681e-006
1683,1.9806e-006
1684,2.3016e-006
1685,3.3046e-006
1686,2.0319e-006
1687,2.3235e-006
1688,4.8805e-006
1689,1.9113e-006
1690,2.1272e-004
1691,1.6665e-004
1692,2.0731e-006
1693,5.7891e-005
1694,1.5792e-004
1695,1.4356e-004
1696,2.2163e-006
1697,2.3632e-006
1698,2.8491e-005
1699,2.1038e-004
1700,1.3946e-006
1701,2.89e-004
1702,1.5905e-006
1703,2.0437e-006
1704,7.8623e-005
1705,1.1654e-004
1706,8.426e-006
1707,1.2778e-004
1708,7.0485e-006
1709,5.4584e-005
1710,2.9473e-006
1711,3.1122e-004
1712,3.8881e-006
1713,1.7334e-005
1714,1.7056e-006
1715,2.2665e-006
1716,3.6208e-006
1717,9.538e-005
1718,2.5198e-006
1719,3.7685e-005
1720,2.5128e-004
1721,1.7911e-006
1722,1.7525e-006
1723,2.1546e-006
1724,2.2103e-006
1725,1.1454e-005
1726,1.6191e-006
1727,6.2956e-005
1728,2.025e-006
1729,1.9152e-005
1730,2.587e-006
1731,3.5361e-006
1732,2.0067e-006
1733,1.1316e-005
1734,2.0375e-006
1735,9.436e-005
1736,3.1239e-006
1737,1.5424e-006
1738,1.6648e-006
1739,2.6292e-004
1740,1.7401e-006
1741,3.0156e-004
1742,1.7601e-006
1743,1.5512e-006
1744,6.0742e-005
1745,3.1268e-004
1746,1.6346e-006
1747,1.6838e-006
1748,2.1169e-004
1749,2.1289e-004
1750,2.5152e-004
1751,3.1004e-004
1752,1.8804e-006
1753,2.016e-006
1754,1.4988e-006
1755,3.7218e-006
1756,1.79e-006
1757,4.1112e-005
1758,1.0334e-004
1759,3.0047e-006
1760,1.6678e-004
1761,1.2406e-006
1762,4.9742e-005
1763,1.7595e-006
1764,3.7343e-006
1765,8.3014e-006
1766,1.7021e-006
1767,1.7614e-006
1768,5.0666e-006
1769,1.5635e-004
1770,8.5958e-006
1771,1.9795e-006
1772,1.5119e-006
1773,7.9193e-006
1774,2.0884e-006
1775,6.881e-006
1776,1.3093e-005
1777,1.5898e-006
1778,1.7941e-004
1779,2.4539e-004
1780,3.4745e-006
1781,1.729e-006
1782,2.1902e-006
1783,5.3495e-006
1784,1.3595e-006
1785,2.1292e-004
1786,1.5389e-006
1787,1.6197e-006
1788,3.9572e-005
1789,3.182e-006
1790,3.1988e-004
1791,1.8275e-006
1792,1.9352e-006
1793,1.4288e-005
1794,1.58e-006
1795,1.976e-006
1796,9.8983e-005
1797,3.1026e-004
1798,2.3139e-006
1799,1.7645e-006
1800,1.7466e-006
1801,6.1655e-005
1802,9.0987e-005
1803,1.7844e-006
1804,1.0132e-004
1805,2.0091e-006
1806,8.7705e-006
1807,2.6023e-006
1808,2.9124e-004
1809,7.4467e-005
1810,1.5825e-004
1811,1.6767e-006
1812,1.7062e-006
1813,3.821e-006
1814,5.0405e-005
1815,1.5137e-006
1816,1.7868e-006
1817,7.3915e-006
1818,5.3176e-006
1819,6.4112e-006
1820,1.6468e-006
1821,1.6344e-006
1822,1.303e-006
1823,1.8884e-004
1824,4.3734e-006
1825,2.189e-005
1826,1.6414e-006
1827,1.516e-006
1828,1.4703e-006
1829,2.081e-004
1830,3.0682e-005
1831,2.7374e-006
1832,2.7668e-004
1833,1.3973e-006
1834,3.9208e-005
1835,6.1088e-006
1836,1.6665e-006
1837,1.7506e-006
1838,7.8494e-005
1839,2.9207e-004
1840,2.7689e-006
1841,2.9693e-006
1842,1.2522e-006
1843,3.1382e-004
1844,2.3134e-006
1845,2.6525e-006
1846,4.6508e-006
1847,1.7618e-006
1848,1.1632e-004
1849,2.7038e-006
1850,2.5437e-006
1851,1.9699e-006
1852,2.9357e-006
1853,1.82e-006
1854,8.9719e-006
1855,2.4777e-005
1856,1.5639e-006
1857,2.2935e-006
1858,1.7024e-006
1859,7.4093e-006
1860,5.9771e-006
1861,4.7985e-005
1862,2.5341e-006
1863,2.8466e-004
1864,1.4068e-006
1865,2.7534e-004
1866,2.0432e-006
1867,1.6859e-006
1868,3.6583e-006
1869,1.6488e-006
1870,1.7091e-006
1871,2.2777e-004
1872,2.1708e-005
1873,1.772e-006
1874,2.7826e-006
1875,1.3106e-006
1876,1.2179e-006
1877,1.6646e-006
1878,2.1779e-006
1879,5.8728e-006
1880,2.2741e-006
1881,2.0297e-004
1882,1.8389e-004
1883,3.2021e-004
1884,2.3927e-004
1885,9.8228e-005
1886,2.5487e-005
1887,2.253e-004
1888,1.6366e-006
1889,1.5459e-006
1890,1.9465e-006
1891,2.6037e-004
1892,5.5566e-006
1893,2.9296e-006
1894,3.8792e-006
1895,1.6259e-006
1896,1.698e-006
1897,1.649e-005
1898,1.6937e-005
1899,1.4123e-006
1900,4.7166e-005
1901,2.6442e-006
1902,5.3502e-006
1903,7.4157e-005
1904,2.362e-006
1905,1.4603e-006
1906,1.6858e-006
1907,2.2296e-004
1908,2.2278e-006
1909,7.9475e-006
1910,2.651e-004
1911,1.5681e-006
1912,6.0034e-005
1913,3.5885e-006
1914,2.973e-006
1915,8.0564e-005
1916,1.3596e-005
1917,1.6597e-004
1918,3.3806e-006
1919,1.6137e-006
1920,1.1805e-005
1921,1.6304e-006
1922,1.1159e-005
1923,2.2259e-006
1924,6.9697e-006
1925,2.082e-006
1926,1.7055e-006
1927,1.8617e-004
1928,6.2691e-007
1929,5.5253e-007
1930,5.7374e-007
1931,3.9302e-007
1932,8.3764e-007
1933,7.929e-007
1934,1.1641e-006
1935,8.3014e-007
1936,3.6045e-007
1937,5.9844e-007
1938,5.6727e-007
1939,6.1611e-007
1940,4.1074e-007
1941,8.4129e-007
1942,7.994e-007
1943,1.1761e-006
1944,4.6123e-007
1945,8.316e-007
1946,4.4845e-007
1947,3.235e-007
1948,1.2741e-006
1949,5.1334e-007
1950,2.1731e-006
1951,1.5312e-007
1952,5.722e-007
1953,1.4931e-006
1954,1.7228e-008
1955,9.6257e-007
1956,1.2728e-006
1957,5.1194e-007
1958,2.1692e-006
1959,1.5295e-007
1960,5.7302e-007
1961,1.4931e-006
1962,1.6316e-008
1963,9.6219e-007
1964,1.6025e-007
1965,2.6952e-007
1966,4.6945e-007
1967,3.3826e-007
1968,1.3227e-007
1969,3.286e-007
1970,1.9329e-007
1971,9.4151e-008
1972,4.8303e-007
1973,1.191e-007
1974,3.4668e-006
1975,2.1632e-006
1976,1.4259e-006
1977,2.332e-006
1978,4.192e-006
1979,2.5107e-006
1980,1.6201e-006
1981,1.7121e-006
1982,1.2992e-006
1983,1.886e-006
1984,1.5611e-006
1985,1.0364e-006
1986,1.582e-006
1987,3.5614e-007
1988,3.1703e-007
1989,1.5491e-006
1990,1.973e-006
1991,4.2324e-007
1992,7.6683e-007
1993,3.2385e-007
1994,9.1085e-007
1995,1.0175e-006
1996,7.9641e-007
1997,1.9653e-006
1998,1.1216e-006
1999,2.2898e-007
2000,2.1802e-006
2001,2.0069e-007
2002,1.5012e-006
2003,3.5846e-007
2004,2.5224e-007
2005,8.5882e-007
2006,2.0354e-007
2007,1.9241e-007
2008,1.4871e-006
2009,1.9681e-006
2010,3.866e-007
2011,1.848e-006
2012,7.9613e-007
2013,1.8131e-006
2014,1.9426e-006
2015,1.5257e-006
2016,1.8871e-006
2017,2.0308e-007
2018,2.1361e-007
2019,1.2668e-006
2020,9.5583e-007
2021,3.7555e-007
2022,1.9971e-007
2023,2.0274e-007
2024,8.411e-007
2025,7.486e-007
2026,6.7393e-006
2027,4.3294e-007
2028,6.2741e-006
2029,2.942e-008
2030,1.281e-007
2031,3.6508e-006
2032,4.1404e-007
2033,6.2016e-006
2034,3.3452e-007
2035,3.1735e-005
2036,1.1483e-007
2037,9.4153e-006
2038,5.443e-007
2039,6.9455e-007
2040,1.051e-006
2041,3.3882e-006
2042,9.8352e-007
2043,5.724e-007
2044,5.8066e-006
2045,4.3082e-007
2046,3.9632e-006
2047,1.3986e-007
2048,1.4713e-006
2049,2.6125e-006
2050,2.2565e-006
2051,5.4987e-007
2052,8.309e-008
2053,2.6725e-007
2054,7.5259e-007
2055,6.0964e-006
2056,3.4481e-006
2057,1.3264e-007
2058,4.3209e-006
2059,8.4809e-006
2060,4.1903e-006
2061,1.8777e-006
2062,3.0975e-006
2063,1.9455e-007
2064,1.6145e-007
2065,1.1561e-006
2066,3.6619e-006
2067,2.373e-007
2068,3.829e-006
2069,3.5519e-007
2070,1.3895e-005
2071,4.8616e-006
2072,1.5998e-006
2073,3.1257e-007
2074,4.2837e-006
2075,2.8846e-006
2076,4.6197e-006
2077,2.4855e-004
2078,2.0953e-006
2079,3.2407e-007
2080,1.7277e-007
2081,1.3129e-006
2082,6.6253e-006
2083,1.5915e-006
2084,2.9419e-008
2085,3.1608e-004
2086,1.0258e-006
2087,8.751e-006
2088,8.0603e-008
2089,2.7231e-006
2090,1.9071e-006
2091,9.1064e-006
2092,1.2952e-006
2093,1.7176e-007
2094,1.7726e-006
2095,3.4623e-006
2096,5.5337e-006
2097,6.1618e-006
2098,1.7493e-006
2099,2.0525e-007
2100,1.9798e-007
2101,3.6247e-007
2102,1.194e-006
2103,8.7383e-008
2104,8.5751e-008
2105,8.4236e-007
2106,4.8133e-007
2107,2.0714e-007
2108,8.9996e-006
2109,1.1834e-006
2110,6.2694e-007
2111,7.3137e-007
2112,4.2716e-010
2113,7.8147e-014
2114,6.2737e-013
2115,2.7105e-004
2116,6.2654e-006
2117,3.0053e-004
2118,2.7914e-006
2119,9.2818e-007
2120,2.3771e-006
2121,3.7452e-006
2122,3.0492e-006
2123,1.0337e-006
2124,8.4592e-007
2125,1.6047e-006
2126,1.095e-006
2127,1.7238e-007
2128,6.6013e-007
2129,2.889e-006
2130,7.4537e-007
2131,8.9649e-007
2132,4.8131e-006
2133,2.756e-007
2134,7.3121e-007
2135,9.0281e-007
2136,1.0541e-007
2137,1.304e-006
2138,5.9884e-007
2139,1.1126e-007
2140,9.4931e-008
2141,2.192e-014
2142,7.6625e-015
2143,2.4926e-004
2144,5.0895e-006
2145,4.3888e-013
2146,1.838e-006
2147,4.4243e-008
2148,9.1388e-007
2149,3.3298e-006
2150,6.836e-007
2151,5.0746e-007
2152,3.5753e-007
2153,5.1297e-008
2154,2.1702e-006
2155,2.0413e-006
2156,8.4158e-008
2157,5.9087e-006
2158,1.0004e-006
2159,1.2133e-006
2160,2.253e-006
2161,4.4993e-006
2162,1.1795e-006
2163,3.1096e-006
2164,7.8833e-007
2165,1.067e-006
2166,7.791e-007
2167,1.1618e-006
2168,7.6736e-007
2169,1.3931e-006
2170,3.045e-006
2171,7.648e-007
2172,1.2051e-007
2173,3.202e-008
2174,2.4876e-007
2175,5.3781e-007
2176,7.7973e-008
2177,1.0834e-007
2178,2.2825e-007
2179,7.5051e-008
2180,1.8185e-009
2181,7.6947e-008
2182,9.9431e-006
2183,4.2488e-006
2184,2.5893e-014
2185,2.2011e-004
2186,3.2135e-004
2187,2.8806e-004
2188,1.0755e-013
2189,1.9388e-013
2190,5.2652e-005
2191,2.3127e-004
2192,2.0363e-004
2193,5.3193e-005
2194,3.5297e-006
2195,6.868e-006
2196,4.0934e-008
2197,1.0278e-007
2198,1.0055e-007
2199,8.5192e-007
2200,1.1637e-006
2201,4.505e-007
2202,1.1797e-006
2203,5.331e-007
2204,3.9646e-007
2205,7.1367e-008
2206,8.8761e-007
2207,1.0874e-007
2208,8.3861e-007
2209,2.4813e-007
2210,2.5177e-007
2211,5.5819e-007
2212,1.2326e-007
2213,7.2837e-008
2214,1.3067e-007
2215,8.2449e-009
2216,3.7485e-007
2217,2.9925e-007
2218,7.4192e-008
2219,1.1562e-007
2220,3.9633e-010
2221,8.4504e-013
2222,1.9832e-013
2223,9.5718e-013
2224,1.424e-006
2225,1.9689e-006
2226,2.5752e-006
2227,1.8931e-006
2228,1.2127e-006
2229,1.5843e-006
2230,1.4414e-006
2231,9.0691e-007
2232,1.3233e-006
2233,9.2828e-007
2234,1.6366e-006
2235,8.339e-007
2236,9.202e-007
2237,1.0236e-006
2238,1.3668e-006
2239,1.1669e-006
2240,5.5444e-007
2241,7.3494e-007
2242,7.8285e-007
2243,3.2936e-007
2244,7.3798e-007
2245,4.8048e-007
2246,2.3028e-007
2247,8.3756e-007
2248,1.059e-006
2249,1.0979e-006
2250,1.3897e-006
2251,1.9563e-006
2252,2.3135e-006
2253,1.5188e-006
2254,1.7687e-006
2255,1.0969e-006
2256,5.4275e-007
2257,4.5921e-007
2258,5.601e-008
2259,1.0537e-006
2260,5.5638e-007
2261,7.425e-007
2262,5.3218e-007
2263,8.3459e-007
2264,1.0863e-006
2265,9.4155e-007
2266,9.5214e-007
2267,6.6883e-007
2268,6.7799e-007
2269,5.7701e-007
2270,1.6986e-007
2271,4.5413e-007
2272,9.1073e-007
2273,8.5925e-007
2274,1.1577e-006
2275,1.0115e-006
2276,1.491e-006
2277,9.5606e-007
2278,8.1333e-007
2279,7.7347e-007
2280,9.0441e-007
2281,9.1546e-007
2282,1.3985e-006
2283,7.5176e-007
2284,8.621e-007
2285,2.711e-006
2286,1.8391e-006
2287,1.9878e-006
2288,8.693e-007
2289,1.4369e-006
2290,1.4496e-006
2291,4.7215e-007
2292,6.8811e-008
2293,6.3616e-007
2294,2.1771e-006
2295,3.1637e-006
2296,1.8123e-006
2297,2.4007e-006
2298,2.1412e-006
2299,1.8791e-006
2300,6.1066e-007
2301,4.6048e-007
2302,1.3969e-007
2303,7.4175e-007
2304,1.4976e-006
2305,1.2233e-006
2306,1.8828e-006
2307,2.015e-007
2308,6.8469e-007
2309,6.5893e-007
2310,5.931e-007
2311,1.8701e-007
2312,5.4818e-007
2313,3.7655e-007
2314,4.8408e-007
2315,6.8933e-007
2316,1.0787e-007
2317,8.7486e-007
2318,1.4307e-006
2319,1.501e-006
2320,5.1249e-007
2321,5.2004e-007
2322,1.8232e-007
2323,3.5983e-007
2324,6.546e-007
2325,6.14e-007
2326,8.1924e-008
2327,3.7756e-007
2328,5.9658e-007
2329,7.0698e-007
2330,1.1308e-006
2331,1.8056e-006
2332,2.6871e-006
2333,1.4276e-006
2334,5.4714e-007
2335,6.0975e-007
2336,1.4271e-006
2337,2.2097e-006
2338,9.889e-007
2339,3.0129e-006
2340,1.1005e-006
2341,9.1384e-007
2342,1.7353e-006
2343,2.2631e-006
2344,1.0495e-006
2345,1.7847e-006
2346,2.9709e-006
2347,1.8905e-006
2348,1.2138e-006
2349,1.558e-006
2350,1.7384e-006
2351,9.6047e-007
2352,1.7462e-006
2353,1.0622e-006
2354,1.3995e-006
2355,2.4421e-006
2356,2.8327e-006
2357,1.7263e-006
2358,5.8126e-007
2359,8.4437e-008
2360,3.9772e-007
2361,5.8043e-007
2362,7.1615e-007
2363,5.3323e-007
2364,9.257e-008
2365,5.8196e-007
2366,3.4048e-007
2367,1.3778e-006
2368,1.3599e-006
2369,9.5346e-007
2370,7.5729e-007
2371,3.1039e-007
2372,4.9862e-007
2373,1.7144e-007
2374,4.6003e-007
2375,7.1779e-007
2376,4.709e-007
2377,7.4673e-008
2378,6.862e-007
2379,4.1298e-007
2380,7.763e-008
2381,5.4845e-007
2382,5.4521e-007
2383,6.8157e-007
2384,5.8496e-007
2385,6.5811e-007
2386,5.657e-007
2387,6.9697e-007
2388,8.0894e-007
2389,5.8152e-007
2390,7.6079e-007
2391,6.4013e-007
2392,5.8539e-007
2393,6.2369e-007
2394,7.9681e-007
2395,6.0938e-007
2396,7.4958e-007
2397,5.9254e-007
2398,6.2139e-007
2399,6.0337e-007
2400,3.3205e-004
2401,6.9566e-007
2402,8.5546e-007
2403,6.2856e-007
2404,6.5458e-007
2405,7.021e-007
2406,5.647e-007
2407,6.8283e-007
2408,7.1944e-007
2409,5.1113e-007
2410,6.3261e-007
2411,5.0848e-007
2412,1.3464e-006
2413,1.0754e-006
2414,1.1261e-006
2415,1.201e-006
2416,8.7615e-007
2417,1.4863e-006
2418,8.6492e-007
2419,1.1967e-006
2420,8.9794e-007
2421,1.4477e-006
2422,1.1918e-006
2423,1.4685e-006
2424,1.5076e-006
2425,1.4429e-006
2426,1.4641e-006
2427,1.031e-006
2428,1.1828e-006
2429,1.9353e-014
2430,8.036e-007
2431,2.1685e-006
2432,7.7419e-007
2433,1.1159e-006
2434,9.9515e-007
2435,8.9586e-007
2436,1.1733e-006
2437,6.4264e-007
2438,5.6787e-007
2439,1.0178e-006
2440,1.4029e-006
2441,1.1077e-006
2442,1.3181e-006
2443,1.6907e-006
2444,1.4328e-006
2445,9.3621e-007
2446,9.8325e-007
2447,1.0883e-006
2448,1.1609e-006
2449,5.8815e-007
2450,6.7607e-007
2451,7.1904e-007
2452,8.5996e-007
2453,7.1781e-007
2454,7.2492e-007
2455,5.4215e-007
2456,6.145e-007
2457,7.3505e-007
2458,6.4641e-007
2459,5.9196e-007
2460,5.4598e-007
2461,7.768e-007
2462,6.6563e-007
2463,6.5876e-007
2464,6.5876e-007
2465,5.7714e-007
2466,5.6218e-007
2467,8.6926e-007
2468,8.4529e-007
2469,6.5791e-007
2470,8.4669e-007
2471,7.025e-007
2472,8.2825e-007
2473,5.6913e-007
2474,5.8371e-007
2475,5.9678e-007
2476,5.9556e-007
2477,7.1167e-007
2478,5.6267e-007
2479,6.0906e-007
2480,7.8931e-007
2481,7.8818e-007
2482,1.1529e-006
2483,1.1696e-006
2484,1.5919e-006
2485,6.3755e-007
2486,7.6778e-007
2487,7.4948e-007
2488,8.9194e-007
2489,5.9241e-007
2490,7.4336e-007
2491,1.4875e-006
2492,1.4888e-006
2493,1.5213e-006
2494,1.4794e-006
2495,1.4417e-006
2496,1.7603e-006
2497,6.3109e-007
2498,5.776e-007
2499,6.815e-007
2500,7.5005e-007
2501,5.7561e-007
2502,8.157e-007
2503,8.3536e-007
2504,1.5234e-006
2505,1.5042e-006
2506,1.4275e-006
2507,1.496e-006
2508,8.3998e-007
2509,9.0772e-007
2510,8.6822e-007
2511,6.7861e-007
2512,7.8684e-007
2513,8.7101e-007
2514,7.9155e-007
2515,1.0144e-006
2516,9.0364e-007
2517,1.1483e-006
2518,1.1571e-006
2519,5.4394e-007
2520,6.8846e-007
2521,6.4456e-007
2522,5.2819e-007
2523,6.1045e-007
2524,7.9127e-007
2525,7.7605e-007
2526,6.0428e-007
2527,6.7373e-007
2528,1.1636e-006
2529,9.1369e-007
2530,9.7117e-007
2531,8.5994e-007
2532,6.3204e-007
2533,7.559e-007
2534,6.4379e-007
2535,5.8478e-007
2536,6.829e-007
2537,3.5967e-007
2538,6.5231e-007
2539,1.0741e-006
2540,1.1845e-006
2541,1.2914e-006
2542,1.1473e-006
2543,1.3789e-006
2544,1.2934e-006
2545,1.0555e-006
2546,1.0771e-006
2547,6.0502e-007
2548,5.7748e-007
2549,7.0963e-007
2550,7.2469e-007
2551,6.3122e-007
2552,4.9522e-007
2553,7.8712e-007
2554,8.4495e-007
2555,6.529e-007
2556,6.5251e-007
2557,1.4891e-006
2558,1.2405e-006
2559,1.3632e-006
2560,1.0401e-006
2561,1.0546e-006
2562,8.9596e-007
2563,7.1344e-007
2564,9.3651e-007
2565,9.0958e-007
2566,9.789e-007
2567,1.1585e-006
2568,1.1926e-006
2569,9.7648e-007
2570,1.4927e-006
2571,1.571e-006
2572,9.75e-007
2573,1.3707e-006
2574,1.0826e-006
2575,1.1919e-006
2576,9.2133e-008
2577,5.4839e-007
2578,6.4843e-007
2579,8.4689e-007
2580,1.0604e-006
2581,1.0025e-006
2582,1.0723e-006
2583,7.7631e-007
2584,5.2277e-007
2585,3.6546e-007
2586,7.3008e-007
2587,8.4735e-007
2588,7.4867e-007
2589,6.4125e-007
2590,9.7193e-007
2591,7.5912e-007
2592,7.4363e-007
2593,9.0318e-007
2594,1.1445e-006
2595,1.4047e-006
2596,9.8505e-007
2597,1.6704e-006
2598,2.124e-006
2599,9.032e-007
2600,4.3722e-007
2601,1.0773e-006
2602,8.2677e-007
2603,7.6312e-007
2604,5.5326e-006
2605,5.1339e-006
2606,7.6853e-007
2607,1.0389e-006
2608,7.4292e-007
2609,5.6235e-007
2610,7.467e-007
2611,6.9517e-007
2612,9.8745e-007
2613,8.2592e-007
2614,4.7461e-007
2615,1.039e-006
2616,1.0773e-006
2617,5.9928e-006
2618,2.7478e-006
2619,2.186e-006
2620,2.0457e-006
2621,1.2089e-006
2622,7.9826e-007
2623,1.5122e-006
2624,1.5167e-006
2625,9.9749e-007
2626,2.5141e-007
2627,2.7296e-007
2628,2.1039e-006
2629,1.6237e-006
2630,3.165e-007
2631,9.9851e-007
2632,2.1918e-006
2633,1.6686e-006
2634,4.594e-007
2635,8.5987e-007
2636,7.5682e-007
2637,7.139e-008
2638,1.2623e-007
2639,6.3016e-007
2640,1.69e-006
2641,1.2375e-006
2642,5.1722e-007
2643,1.1966e-006
2644,5.8205e-007
2645,4.4303e-007
2646,6.0408e-007
2647,4.5921e-007
2648,6.3293e-006
2649,7.1464e-007
2650,7.1756e-007
2651,5.8376e-007
2652,5.2129e-007
2653,5.742e-007
2654,6.4124e-007
2655,5.3584e-007
2656,1.4184e-006
2657,2.0356e-006
2658,1.2372e-006
2659,1.1044e-006
2660,1.1999e-006
2661,1.3703e-006
2662,5.6283e-007
2663,7.0799e-007
2664,7.0192e-007
2665,8.3767e-007
2666,7.6473e-007
2667,1.1372e-006
2668,1.1878e-006
2669,8.6003e-007
2670,8.3578e-007
2671,8.3361e-007
2672,8.0273e-007
2673,5.6093e-007
2674,4.9772e-007
2675,6.6347e-007
2676,1.1745e-006
2677,1.1578e-006
2678,1.0513e-006
2679,1.3567e-006
2680,7.9361e-007
2681,6.223e-007
2682,1.0354e-006
2683,1.0814e-006
2684,1.3412e-006
2685,6.8803e-007
2686,6.5384e-007
2687,5.684e-007
2688,7.8264e-007
2689,1.273e-006
2690,9.0908e-007
2691,8.2742e-007
2692,7.2691e-007
2693,9.5013e-007
2694,8.3982e-007
2695,7.8039e-007
2696,7.1979e-007
2697,1.1636e-006
2698,1.181e-006
2699,1.2496e-006
2700,1.1687e-006
2701,7.804e-007
2702,9.7993e-007
2703,6.7402e-007
2704,6.8112e-007
2705,1.455e-006
2706,1.4772e-006
2707,1.4545e-006
2708,1.8443e-006
2709,1.1789e-006
2710,7.6302e-007
2711,7.3801e-007
2712,1.1104e-006
2713,6.7607e-007
2714,8.5589e-007
2715,6.9708e-007
2716,5.8497e-007
2717,6.8818e-007
2718,6.8783e-007
2719,8.0732e-007
2720,7.0631e-007
2721,7.1058e-007
2722,8.2312e-007
2723,6.9435e-007
2724,5.8405e-007
2725,8.0843e-007
2726,6.36e-007
2727,7.4891e-007
2728,7.0732e-007
2729,8.6729e-007
2730,7.17e-007
2731,7.3062e-007
2732,5.6585e-007
2733,7.2775e-007
2734,1.2948e-006
2735,1.1183e-006
2736,1.4093e-006
2737,1.1284e-006
2738,1.0435e-006
2739,4.8467e-007
2740,1.1226e-006
2741,1.265e-006
2742,1.894e-006
2743,1.5769e-006
2744,1.1878e-006
2745,8.6666e-007
2746,8.3988e-007
2747,7.0298e-007
2748,6.4009e-007
2749,5.4012e-007
2750,6.509e-007
2751,7.2171e-007
2752,7.8544e-007
2753,6.4438e-007
2754,6.3328e-007
2755,1.0432e-006
2756,8.8363e-007
2757,9.1058e-007
2758,7.3121e-007
2759,5.8067e-007
2760,8.0259e-007
2761,6.8031e-007
2762,6.7081e-007
2763,7.1953e-007
2764,6.5505e-007
2765,1.2526e-006
2766,8.2321e-007
2767,1.1307e-006
2768,7.8939e-007
2769,5.4864e-007
2770,6.4163e-007
2771,8.0677e-007
2772,7.6876e-007
2773,1.0382e-006
2774,9.7172e-007
2775,7.9238e-014
2776,9.87e-006
2777,1.9502e-007
2778,4.1197e-013
2779,4.3786e-005
2780,8.4122e-015
2781,3.7389e-013
2782,2.2069e-004
2783,1.7601e-008
2784,2.3342e-004
2785,2.9579e-004
2786,1.0496e-012
2787,3.1337e-005
2788,1.0265e-012
2789,2.2115e-006
2790,1.5574e-007
2791,5.0271e-007
2792,2.2885e-005
2793,3.5826e-005
2794,7.3026e-006
2795,4.656e-006
2796,1.5696e-007
2797,4.3365e-006
2798,7.4055e-006
2799,1.2706e-007
2800,1.7881e-007
2801,1.519e-007
2802,8.396e-008
2803,1.5997e-007
2804,1.9805e-005
2805,8.7378e-008
2806,1.9693e-006
2807,2.6741e-006
2808,1.0437e-006
2809,9.6959e-008
2810,3.2033e-006
2811,6.7108e-006
2812,4.5175e-007
2813,2.033e-007
2814,4.5557e-007
2815,7.9211e-006
2816,1.2124e-005
2817,6.324e-006
2818,1.5838e-006
2819,1.0153e-009
2820,3.6427e-014
2821,3.0684e-004
2822,5.4009e-006
2823,2.9461e-006
2824,1.9166e-006
2825,5.2498e-007
2826,1.1756e-006
2827,1.4203e-006
2828,2.1945e-007
2829,1.6581e-007
2830,2.0589e-007
2831,1.9483e-008
2832,4.7463e-007
2833,7.4556e-007
2834,6.6601e-006
2835,2.8015e-006
2836,2.4096e-006
2837,1.7913e-006
2838,1.3135e-006
2839,3.3702e-006
2840,2.3686e-007
2841,1.7493e-007
2842,1.1409e-007
2843,2.3484e-007
2844,2.6249e-006
2845,8.5672e-015
2846,3.016e-004
2847,5.7613e-005
2848,4.6961e-008
2849,1.8359e-007
2850,3.5201e-007
2851,9.7786e-008
2852,9.7096e-007
2853,2.7568e-007
2854,8.5642e-008
2855,1.9793e-007
2856,1.0784e-006
2857,1.3684e-006
2858,7.0648e-007
2859,1.9603e-006
2860,2.88e-006
2861,2.9973e-006
2862,5.2715e-007
2863,1.0748e-007
2864,2.45e-007
2865,6.6544e-007
2866,2.486e-007
2867,1.508e-006
2868,1.3966e-006
2869,1.0245e-006
2870,7.7547e-007
2871,3.0299e-007
2872,1.2781e-006
2873,3.6581e-007
2874,1.9469e-006
2875,2.874e-006
2876,2.1095e-006
2877,2.6691e-007
2878,1.0868e-007
2879,9.6931e-007
2880,9.9693e-007
2881,7.8099e-008
2882,4.5241e-007
2883,4.2834e-007
2884,2.942e-007
2885,4.1365e-007
2886,1.4643e-007
2887,6.5249e-007
2888,1.3531e-006
2889,1.1548e-006
2890,7.1726e-007
2891,3.6996e-007
2892,3.7936e-007
2893,4.1848e-007
2894,4.6658e-007
2895,1.9912e-007
2896,6.2283e-007
2897,4.7545e-007
2898,7.4206e-007
2899,1.3844e-006
2900,1.3485e-006
2901,1.9302e-006
2902,2.0411e-006
2903,1.7355e-006
2904,8.6706e-007
2905,1.9033e-006
2906,1.647e-006
2907,1.9099e-006
2908,3.7358e-006
2909,1.982e-006
2910,3.1108e-007
2911,1.0245e-007
2912,3.7108e-007
2913,9.5007e-007
2914,6.2869e-007
2915,1.159e-006
2916,1.0069e-006
2917,5.2837e-007
2918,4.5936e-007
2919,3.1716e-007
2920,3.1641e-007
2921,2.4016e-007
2922,4.0199e-007
2923,2.5326e-007
2924,4.2359e-007
2925,5.9156e-007
2926,4.6786e-007
2927,4.5026e-007
2928,4.2051e-007
2929,6.6121e-007
2930,9.4221e-007
2931,4.7542e-007
2932,6.3725e-007
2933,8.1162e-007
2934,7.8451e-007
2935,6.1828e-007
2936,5.934e-007
2937,5.6475e-007
2938,1.157e-006
2939,9.2821e-007
2940,1.501e-006
2941,1.1932e-006
2942,1.0391e-006
2943,1.8784e-006
2944,1.3381e-006
2945,1.778e-006
2946,1.5613e-006
2947,1.5088e-006
2948,8.723e-007
2949,1.292e-006
2950,8.788e-007
2951,1.8301e-006
2952,1.4592e-006
2953,6.1104e-007
2954,1.1807e-006
2955,1.5243e-006
2956,2.042e-006
2957,1.1037e-006
2958,9.218e-007
2959,9.3524e-007
2960,1.0912e-006
2961,4.8441e-007
2962,4.2698e-007
2963,5.4883e-007
2964,4.4819e-007
2965,6.8816e-007
2966,4.562e-007
2967,8.28e-007
2968,5.1696e-007
2969,6.9826e-007
2970,7.407e-007
2971,1.2352e-006
2972,5.2452e-007
2973,6.986e-007
2974,8.034e-007
2975,8.5618e-007
2976,6.7266e-007
2977,6.5831e-007
2978,1.5614e-006
2979,1.3639e-006
2980,5.2842e-007
2981,5.3731e-007
2982,5.0251e-007
2983,6.8784e-007
2984,7.1784e-007
2985,1.6782e-006
2986,6.8697e-007
2987,7.5794e-007
2988,9.3434e-007
2989,5.5251e-007
2990,7.1098e-007
2991,6.4579e-007
2992,7.7248e-007
2993,9.781e-007
2994,6.0087e-007
2995,6.0257e-007
2996,7.0117e-007
2997,3.7533e-007
2998,5.9479e-007
2999,9.0982e-007
3000,1.3229e-006
3001,1.1477e-006
3002,9.1839e-007
3003,4.7931e-007
3004,6.9181e-007
3005,4.977e-007
3006,5.6093e-007
3007,6.8099e-007
3008,1.194e-006
3009,1.4084e-006
3010,7.805e-007
3011,8.2998e-007
3012,1.3181e-006
3013,9.8009e-007
3014,1.4129e-006
3015,1.7908e-006
3016,1.301e-006
3017,1.4071e-006
3018,1.523e-006
3019,8.888e-007
3020,9.2245e-007
3021,3.2262e-007
3022,9.3967e-007
3023,9.4065e-007
3024,4.5022e-007
3025,3.29e-007
3026,8.7816e-007
3027,1.0018e-006
3028,6.154e-007
3029,8.3221e-007
3030,1.0864e-006
3031,1.9433e-006
3032,8.9269e-007
3033,8.0964e-007
3034,1.076e-006
3035,4.9583e-007
3036,6.6963e-007
3037,4.543e-006
3038,4.2085e-006
3039,8.7564e-007
3040,9.3226e-007
3041,1.2298e-006
3042,7.2912e-007
3043,4.4746e-007
3044,6.9992e-007
3045,6.087e-006
3046,1.7464e-006
3047,2.1869e-006
3048,1.2975e-006
3049,8.1798e-007
3050,1.1873e-006
3051,5.9416e-007
3052,1.4223e-006
3053,1.722e-007
3054,1.7283e-006
3055,3.5554e-007
3056,2.0802e-007
3057,3.635e-007
3058,9.5554e-007
3059,2.6884e-006
3060,5.2602e-007
3061,6.3331e-007
3062,5.8995e-007
3063,1.5166e-007
3064,6.3673e-007
3065,1.578e-006
3066,5.8142e-007
3067,4.1162e-007
3068,4.3904e-007
3069,7.1119e-007
3070,7.199e-006
3071,6.255e-006
3072,6.1282e-007
3073,5.9998e-007
3074,4.7679e-007
3075,1.6734e-006
3076,1.6427e-006
3077,8.3476e-007
3078,6.7275e-007
3079,7.119e-007
3080,8.91e-007
3081,7.6825e-007
3082,9.7606e-007
3083,5.9061e-007
3084,5.04e-007
3085,7.6243e-007
3086,5.8924e-007
3087,1.2548e-006
3088,4.4687e-007
3089,1.227e-006
3090,1.2959e-006
3091,1.1223e-006
3092,9.249e-007
3093,7.927e-007
3094,7.1607e-007
3095,8.9137e-007
3096,9.9953e-007
3097,9.8891e-007
3098,9.957e-007
3099,1.0459e-006
3100,1.2351e-006
3101,1.7552e-006
3102,9.985e-007
3103,7.023e-007
3104,4.5052e-007
3105,6.9231e-007
3106,6.0745e-007
3107,6.9331e-007
3108,8.7609e-005
3109,7.8802e-007
3110,6.4643e-007
3111,5.6711e-007
3112,8.6968e-007
3113,5.8511e-007
3114,5.8514e-007
3115,8.4759e-007
3116,9.0696e-007
3117,1.2777e-006
3118,1.209e-006
3119,1.1189e-006
3120,7.2866e-007
3121,9.3459e-007
3122,5.9081e-007
3123,6.4629e-007
3124,8.5882e-007
3125,7.7618e-007
3126,6.6598e-007
3127,6.1661e-007
3128,5.231e-007
3129,7.0461e-007
3130,7.9544e-007
3131,9.3612e-007
3132,6.155e-007
3133,1.1898e-006
3134,8.4826e-007
3135,6.4957e-007
3136,7.092e-007
3137,8.7135e-007
3138,1.5778e-006
3139,6.9773e-007
3140,5.1201e-007
3141,5.1998e-007
3142,5.8141e-007
3143,6.946e-007
3144,1.092e-006
3145,7.8453e-007
3146,6.7743e-007
3147,8.8193e-007
3148,5.5414e-007
3149,4.1158e-007
3150,4.6284e-007
3151,1.0091e-006
3152,7.8801e-007
3153,6.4632e-007
3154,6.4742e-007
3155,8.2941e-007
3156,7.7023e-007
3157,7.2282e-007
3158,8.9924e-007
3159,7.7892e-007
3160,5.2686e-007
3161,6.2073e-007
3162,6.5856e-007
3163,3.3827e-007
3164,7.086e-007
3165,5.4124e-007
3166,1.0782e-006
3167,1.1255e-006
3168,7.4159e-007
3169,9.2323e-007
3170,7.0108e-007
3171,7.0293e-007
3172,6.7643e-007
3173,5.929e-007
3174,1.1051e-006
3175,1.3101e-006
3176,1.136e-006
3177,1.0415e-006
3178,1.053e-006
3179,1.155e-006
3180,8.0654e-007
3181,8.1272e-007
3182,8.4936e-007
3183,1.3731e-006
3184,7.144e-007
3185,9.1532e-007
3186,4.5018e-007
3187,3.7207e-007
3188,5.6382e-007
3189,7.1157e-007
3190,6.1517e-007
3191,4.6597e-007
3192,5.0403e-007
3193,6.4244e-007
3194,6.8165e-007
3195,3.6325e-007
3196,6.3805e-007
3197,6.7365e-007
3198,5.5496e-007
3199,6.4765e-007
3200,6.8095e-007
3201,4.4608e-007
3202,4.2687e-007
3203,7.4192e-007
3204,5.6799e-007
3205,8.6228e-007
3206,9.4581e-007
3207,1.6408e-006
3208,1.4497e-006
3209,1.497e-006
3210,2.1062e-006
3211,2.582e-006
3212,1.0318e-006
3213,9.2872e-007
3214,1.0863e-006
3215,8.3433e-007
3216,7.7151e-007
3217,1.2521e-006
3218,7.3276e-007
3219,7.6673e-007
3220,7.7399e-007
3221,1.0146e-006
3222,7.6505e-007
3223,8.0891e-007
3224,1.2173e-006
3225,1.2009e-006
3226,1.0629e-006
3227,4.379e-007
3228,2.3819e-007
3229,1.8123e-006
3230,5.2533e-007
3231,7.6251e-007
3232,9.507e-007
3233,5.864e-007
3234,3.0551e-007
3235,8.3883e-007
3236,8.9267e-007
3237,1.1127e-006
3238,7.8306e-007
3239,8.3392e-007
3240,8.5936e-007
3241,5.8313e-007
3242,8.4167e-007
3243,2.2519e-006
3244,1.6129e-006
3245,6.0232e-007
3246,4.8563e-007
3247,6.3822e-007
3248,4.693e-007
3249,6.0616e-007
3250,4.6669e-007
3251,4.054e-007
3252,5.1985e-007
3253,2.6424e-007
3254,1.9259e-006
3255,5.0804e-007
3256,5.7632e-007
3257,5.404e-007
3258,6.4404e-007
3259,8.3767e-007
3260,9.4954e-007
3261,1.0553e-006
3262,1.2442e-006
3263,7.5034e-007
3264,2.2356e-007
3265,2.9529e-007
3266,3.7329e-007
3267,1.8787e-006
3268,1.3027e-007
3269,2.2057e-007
3270,1.7678e-007
3271,8.8234e-008
3272,1.3605e-006
3273,1.0165e-006
3274,4.1336e-007
3275,1.7972e-006
3276,1.2602e-006
3277,1.6086e-006
3278,5.9734e-006
3279,6.7317e-006
3280,3.4383e-007
3281,3.1717e-007
3282,6.1956e-007
3283,1.1555e-006
3284,1.4927e-006
3285,9.655e-007
3286,5.1319e-006
3287,1.1506e-006
3288,7.8013e-007
3289,5.9027e-007
3290,6.8788e-007
3291,7.5253e-007
3292,4.7536e-007
3293,6.3831e-007
3294,6.474e-007
3295,1.289e-006
3296,3.8841e-007
3297,7.1635e-007
3298,5.6683e-007
3299,6.1449e-007
3300,6.3134e-007
3301,1.9793e-006
3302,2.1364e-006
3303,1.4542e-006
3304,9.7924e-007
3305,1.9719e-006
3306,1.2719e-006
3307,1.7081e-006
3308,5.4723e-007
3309,5.9314e-007
3310,6.785e-007
3311,6.0353e-007
3312,3.2617e-007
3313,4.9709e-007
3314,8.2389e-007
3315,7.8889e-007
3316,7.5557e-007
3317,1.3412e-006
3318,7.4182e-007
3319,1.1694e-006
3320,1.4849e-006
3321,1.1035e-006
3322,1.6638e-006
3323,9.1666e-007
3324,7.1541e-007
3325,4.8626e-007
3326,4.9312e-007
3327,4.4405e-007
3328,5.9148e-007
3329,6.9282e-007
3330,8.8941e-007
3331,5.1816e-007
3332,6.7788e-007
3333,6.5925e-007
3334,3.9793e-007
3335,6.0985e-007
3336,9.6104e-007
3337,9.5269e-007
3338,6.32e-007
3339,6.042e-007
3340,4.2875e-007
3341,1.2452e-006
3342,1.4557e-006
3343,1.5917e-006
3344,6.3531e-007
3345,4.1298e-007
3346,1.4505e-006
3347,1.2709e-006
3348,1.2167e-006
3349,1.3126e-006
3350,1.2579e-006
3351,1.1931e-006
3352,6.5849e-007
3353,3.3954e-007
3354,5.9942e-007
3355,6.5642e-007
3356,4.6611e-007
3357,4.1886e-007
3358,8.3462e-007
3359,6.0144e-007
3360,3.0866e-007
3361,4.6613e-007
3362,5.9837e-007
3363,6.8777e-007
3364,2.8958e-007
3365,4.2678e-007
3366,3.1804e-007
3367,4.8146e-007
3368,1.0925e-006
3369,1.4402e-006
3370,9.3478e-007
3371,9.2638e-007
3372,8.9746e-007
3373,1.1164e-006
3374,1.2497e-006
3375,1.1184e-006
3376,1.7804e-006
3377,1.6656e-006
3378,1.8829e-006
3379,1.6228e-006
3380,1.9444e-006
3381,3.3684e-006
3382,2.2638e-006
3383,1.1803e-006
3384,9.1395e-007
3385,1.5256e-006
3386,1.1714e-006
3387,5.6556e-007
3388,6.2201e-007
3389,5.0536e-007
3390,6.4889e-007
3391,5.8894e-007
3392,4.81e-007
3393,5.4162e-007
3394,5.6375e-007
3395,5.7065e-007
3396,4.2967e-007
3397,5.5307e-007
3398,7.7456e-007
3399,4.3445e-007
3400,3.4771e-007
3401,4.3919e-007
3402,6.3292e-007
3403,1.317e-006
3404,9.8525e-007
3405,1.9936e-007
3406,4.6688e-007
3407,3.674e-007
3408,1.0402e-006
3409,2.4318e-007
3410,2.7323e-007
3411,1.2707e-006
3412,1.7872e-006
3413,3.5207e-007
3414,6.554e-009
3415,5.4256e-008
3416,2.2219e-007
3417,2.9161e-006
3418,7.8868e-006
3419,1.4321e-005
3420,1.9011e-006
3421,7.3088e-008
3422,3.2107e-006
3423,8.7298e-006
3424,2.4942e-007
3425,3.4776e-005
3426,4.5055e-007
3427,4.6366e-007
3428,2.7401e-007
3429,8.8951e-007
3430,1.0953e-006
3431,4.3067e-007
3432,4.2786e-007
3433,1.0431e-006
3434,6.3557e-007
3435,1.4681e-006
3436,8.374e-007
3437,5.5938e-007
3438,4.718e-007
3439,5.0639e-007
3440,3.8694e-007
3441,3.6964e-007
3442,5.0145e-007
3443,8.4029e-007
3444,9.2103e-007
3445,1.2455e-006
3446,1.0483e-006
3447,7.7568e-007
3448,1.0649e-006
3449,6.5818e-007
3450,4.9734e-007
3451,5.9725e-007
3452,4.7885e-007
3453,4.5962e-007
3454,3.455e-007
3455,4.6347e-007
3456,5.8227e-007
3457,7.2899e-007
3458,6.8209e-007
3459,6.7255e-007
3460,4.7691e-007
3461,7.0205e-007
3462,4.6116e-007
3463,3.5912e-007
3464,4.1558e-007
3465,4.581e-007
3466,5.1455e-007
3467,6.2199e-007
3468,5.581e-007
3469,7.2742e-007
3470,6.6562e-007
3471,6.3579e-007
3472,6.4716e-007
3473,8.7308e-007
3474,1.1657e-006
3475,1.6383e-006
3476,7.2292e-007
3477,8.8326e-007
3478,7.8671e-007
3479,8.549e-007
3480,2.2584e-006
3481,1.3305e-006
3482,1.2535e-006
3483,1.5703e-006
3484,1.0887e-006
3485,8.4757e-007
3486,8.4957e-007
3487,1.9296e-006
3488,8.3945e-007
3489,8.4465e-007
3490,8.2099e-007
3491,7.8004e-007
3492,1.2822e-006
3493,1.0034e-006
3494,7.9958e-007
3495,1.1529e-006
3496,1.3345e-006
3497,7.1133e-007
3498,4.325e-007
3499,4.2848e-007
3500,5.3992e-007
3501,5.4179e-007
3502,5.9204e-007
3503,5.2216e-007
3504,2.6931e-007
3505,6.5481e-007
3506,5.1676e-007
3507,7.4786e-007
3508,5.3051e-007
3509,5.6463e-007
3510,6.7919e-007
3511,6.2947e-007
3512,6.6657e-007
3513,1.7702e-006
3514,8.9886e-007
3515,8.4756e-007
3516,1.0323e-006
3517,1.4652e-006
3518,1.0784e-006
3519,1.0823e-006
3520,3.5439e-007
3521,5.3728e-007
3522,7.6833e-007
3523,8.0503e-007
3524,7.1226e-007
3525,7.4678e-007
3526,7.7754e-007
3527,8.3498e-007
3528,7.4365e-007
3529,8.5738e-007
3530,5.0452e-007
3531,4.2192e-007
3532,8.55e-007
3533,5.5436e-007
3534,6.4485e-007
3535,5.9061e-007
3536,4.6858e-007
3537,4.6683e-007
3538,3.1342e-007
3539,3.8297e-007
3540,6.0141e-007
3541,6.5121e-007
3542,1.2243e-006
3543,1.4537e-006
3544,7.296e-007
3545,8.476e-007
3546,1.0125e-006
3547,6.2737e-007
3548,7.1356e-007
3549,4.4839e-007
3550,4.0899e-007
3551,4.1051e-007
3552,4.7719e-007
3553,5.7112e-007
3554,8.1674e-007
3555,6.9193e-007
3556,7.2164e-007
3557,1.6246e-006
3558,1.1356e-006
3559,2.4343e-006
3560,1.0953e-006
3561,7.8457e-007
3562,9.6618e-007
3563,1.4647e-006
3564,1.9462e-006
3565,9.2463e-007
3566,4.7892e-007
3567,5.1103e-007
3568,5.3664e-007
3569,6.7194e-007
3570,7.5574e-007
3571,5.2511e-007
3572,6.3668e-007
3573,9.0469e-007
3574,9.713e-007
3575,1.1775e-006
3576,8.8412e-007
3577,6.9532e-007
3578,6.5732e-007
3579,4.8973e-007
3580,3.2851e-007
3581,1.0126e-006
3582,4.6857e-007
3583,8.359e-007
3584,8.2927e-007
3585,1.1605e-006
3586,6.5546e-007
3587,4.7321e-007
3588,2.0214e-006
3589,5.6639e-007
3590,1.0185e-006
3591,1.106e-006
3592,1.0606e-006
3593,7.4157e-007
3594,4.3587e-007
3595,4.1001e-007
3596,6.956e-007
3597,1.6841e-006
3598,3.0662e-007
3599,4.2471e-007
3600,3.3803e-007
3601,8.7607e-007
3602,8.1767e-007
3603,6.1647e-007
3604,6.5019e-007
3605,7.003e-007
3606,8.9166e-007
3607,1.7172e-006
3608,1.2682e-006
3609,6.0941e-007
3610,7.0021e-007
3611,5.6371e-007
3612,6.8451e-007
3613,5.5311e-007
3614,5.5049e-007
3615,2.5471e-007
3616,7.2549e-007
3617,5.4316e-007
3618,6.7309e-007
3619,5.2919e-007
3620,4.2625e-007
3621,8.7531e-007
3622,8.9306e-007
3623,1.0482e-006
3624,1.1327e-006
3625,1.0241e-006
3626,1.5411e-006
3627,1.3647e-006
3628,8.5964e-007
3629,8.8164e-007
3630,6.4193e-007
3631,6.0581e-007
3632,9.4049e-007
3633,9.8469e-007
3634,9.0839e-007
3635,6.7556e-007
3636,8.1692e-007
3637,6.6928e-007
3638,8.4657e-007
3639,7.1883e-007
3640,8.0548e-007
3641,5.7001e-007
3642,2.1726e-007
3643,4.7286e-007
3644,1.2775e-006
3645,8.1177e-007
3646,7.0428e-007
3647,1.4002e-006
3648,1.4211e-006
3649,3.5125e-007
3650,6.3136e-007
3651,3.2795e-007
3652,7.78e-007
3653,1.0587e-006
3654,7.99e-007
3655,8.0071e-007
3656,9.1153e-007
3657,7.1046e-007
3658,6.0148e-007
3659,4.8168e-007
3660,8.9686e-007
3661,1.1176e-006
3662,8.4023e-007
3663,6.0132e-007
3664,7.0017e-007
3665,7.5945e-007
3666,5.4579e-007
3667,1.1803e-006
3668,6.7257e-007
3669,9.4114e-007
3670,6.9031e-007
3671,9.1776e-007
3672,9.5475e-007
3673,4.8274e-007
3674,6.2776e-007
3675,8.0715e-007
3676,8.1953e-007
3677,3.7268e-007
3678,4.4938e-007
3679,7.0864e-007
3680,5.7339e-007
3681,4.3123e-007
3682,7.2865e-007
3683,5.8506e-007
3684,4.8089e-007
3685,7.8842e-007
3686,5.9729e-007
3687,6.4921e-007
3688,5.9408e-007
3689,7.5444e-007
3690,9.1131e-007
3691,1.0694e-006
3692,8.6512e-007
3693,5.3648e-007
3694,2.6144e-007
3695,2.44e-006
3696,1.3098e-006
3697,9.5673e-007
3698,5.157e-007
3699,1.0377e-006
3700,4.6321e-007
3701,5.1261e-007
3702,3.6436e-007
3703,6.1061e-007
3704,6.6951e-007
3705,7.0842e-007
3706,1.0245e-006
3707,6.2645e-007
3708,4.9983e-007
3709,5.5938e-007
3710,1.9051e-006
3711,1.0287e-006
3712,7.0426e-007
3713,8.4889e-007
3714,6.1577e-007
3715,4.8286e-007
3716,6.4313e-007
3717,9.6621e-007
3718,8.0446e-007
3719,7.8996e-007
3720,5.3559e-007
3721,6.8171e-007
3722,7.1952e-007
3723,6.9655e-007
3724,3.1214e-007
3725,7.6294e-007
3726,7.2634e-007
3727,6.4563e-007
3728,4.305e-007
3729,1.1713e-006
3730,6.3458e-007
3731,1.1091e-006
3732,4.3691e-007
3733,6.4063e-007
3734,3.9436e-007
3735,6.4368e-007
3736,4.0331e-007
3737,4.835e-007
3738,1.1821e-006
3739,1.4937e-006
3740,1.0374e-006
3741,6.3671e-007
3742,6.7992e-007
3743,1.0312e-006
3744,1.2851e-006
3745,8.6325e-007
3746,5.3046e-007
3747,6.0996e-007
3748,8.4446e-007
3749,6.3672e-007
3750,4.2575e-007
3751,7.1409e-007
3752,9.1862e-007
3753,3.7187e-007
3754,9.2434e-007
3755,7.7775e-007
3756,7.8912e-007
3757,4.5676e-007
3758,6.3959e-007
3759,7.6137e-007
3760,1.9783e-006
3761,1.031e-006
3762,1.011e-006
3763,8.3253e-007
3764,5.9023e-007
3765,6.1855e-007
3766,5.252e-007
3767,5.8011e-007
3768,6.2873e-007
3769,6.4076e-007
3770,5.5526e-007
3771,1.3265e-006
3772,7.3584e-007
3773,7.5102e-007
3774,4.2506e-007
3775,2.9645e-006
3776,4.4695e-007
3777,1.1022e-006
3778,7.9895e-007
3779,1.4266e-006
3780,5.9772e-007
3781,5.4964e-007
3782,6.5324e-007
3783,4.3731e-007
3784,5.5486e-007
3785,5.0634e-007
3786,6.1998e-007
3787,6.795e-007
3788,1.8675e-006
3789,8.3841e-007
3790,1.55e-006
3791,6.9826e-007
3792,9.0416e-007
3793,4.3951e-007
3794,2.0309e-006
3795,2.2621e-006
3796,6.143e-007
3797,4.4536e-007
3798,5.872e-007
3799,1.1255e-006
3800,6.3468e-007
3801,8.4668e-007
3802,7.3416e-006
3803,2.8362e-006
3804,3.2181e-007
3805,8.8816e-007
3806,2.2781e-006
3807,5.8261e-008
3808,2.8704e-006
3809,1.3579e-006
3810,2.885e-006
3811,2.2788e-006
3812,4.9519e-007
3813,4.3272e-006
3814,3.011e-007
3815,3.4809e-007
3816,3.2302e-009
3817,2.5149e-007
3818,6.4985e-007
3819,2.5685e-007
3820,3.1478e-006
3821,4.5134e-007
3822,1.4727e-007
3823,1.0544e-007
3824,5.362e-007
3825,2.4112e-006
3826,5.0751e-006
3827,1.1148e-006
3828,1.8154e-006
3829,1.0166e-007
3830,1.9605e-006
3831,2.1053e-007
3832,8.7338e-008
3833,1.2574e-007
3834,2.626e-006
3835,6.5672e-007
3836,8.5718e-007
3837,6.3356e-006
3838,2.9137e-007
3839,1.6544e-007
3840,1.6018e-006
3841,4.6872e-007
3842,2.482e-006
3843,1.4372e-006
3844,5.1932e-006
3845,9.3043e-006
3846,4.0201e-006
3847,3.6216e-007
3848,2.3792e-006
3849,2.7677e-004
3850,6.8711e-006
3851,2.4596e-006
3852,4.1037e-006
3853,2.8223e-006
3854,2.2769e-006
3855,4.4575e-007
3856,3.096e-007
3857,3.7329e-006
3858,4.0261e-007
3859,2.8963e-007
3860,6.4972e-007
3861,3.4708e-007
3862,3.8083e-007
3863,2.8355e-006
3864,4.5201e-007
3865,1.751e-006
3866,2.1549e-006
3867,4.7143e-006
3868,2.7657e-007
3869,1.4998e-006
3870,1.0806e-006
3871,2.7261e-006
3872,1.4697e-007
3873,1.203e-006
3874,2.5431e-007
3875,1.2862e-007
3876,3.0015e-006
3877,4.2952e-007
3878,6.1661e-007
3879,1.5361e-006
3880,2.3972e-007
3881,3.5846e-007
3882,2.1678e-006
3883,3.2268e-007
3884,1.7443e-007
3885,5.9789e-007
3886,2.5391e-006
3887,1.3389e-007
3888,1.437e-006
3889,4.992e-007
3890,3.069e-004
3891,1.0182e-007
3892,2.7866e-006
3893,9.1668e-007
3894,7.8904e-007
3895,2.0981e-007
3896,3.1786e-007
3897,7.1474e-007
3898,7.8964e-006
3899,8.5169e-007
3900,2.7645e-007
3901,2.884e-007
3902,6.2956e-006
3903,1.4085e-007
3904,1.3209e-006
3905,1.2629e-006
3906,1.7101e-006
3907,3.3688e-006
3908,5.8431e-007
3909,1.8629e-007
3910,8.7251e-007
3911,4.0066e-006
3912,7.8039e-007
3913,2.6239e-006
3914,1.3992e-006
3915,9.1087e-007
3916,6.9597e-007
3917,1.6604e-006
3918,4.0837e-006
3919,2.6352e-006
3920,1.1298e-006
3921,1.0331e-006
3922,5.4431e-007
3923,8.9586e-007
3924,2.6287e-006
3925,1.0737e-006
3926,2.4533e-006
3927,1.4066e-007
3928,1.1071e-006
3929,2.5581e-006
3930,2.6273e-007
3931,1.8918e-006
3932,6.0007e-007
3933,7.7572e-008
3934,5.3681e-007
3935,2.4938e-006
3936,2.4883e-006
3937,2.5824e-007
3938,5.6241e-007
3939,1.4614e-007
3940,6.3527e-007
3941,5.1627e-007
3942,1.4356e-006
3943,2.4555e-007
3944,2.6261e-006
3945,3.9466e-006
3946,5.3549e-007
3947,2.2403e-006
3948,4.0758e-006
3949,4.9065e-007
3950,2.5469e-007
3951,2.3083e-006
3952,1.3029e-005
3953,1.3155e-007
3954,2.2697e-006
3955,1.2577e-006
3956,1.1978e-007
3957,1.7498e-006
3958,3.4876e-006
3959,8.7715e-006
3960,6.2197e-007
3961,4.553e-006
3962,2.6959e-007
3963,2.0881e-007
3964,8.3322e-007
3965,1.828e-006
3966,8.955e-007
3967,3.5635e-006
3968,2.4691e-006
3969,5.0981e-007
3970,1.7352e-006
3971,3.4122e-007
3972,2.531e-007
3973,2.1642e-007
3974,2.2131e-007
3975,6.3323e-006
3976,3.1004e-007
3977,4.1927e-007
3978,1.0188e-006
3979,1.2786e-007
3980,1.288e-006
3981,1.6308e-006
3982,8.0621e-007
3983,2.7314e-007
3984,1.0709e-006
3985,1.4064e-007
3986,3.0047e-006
3987,1.3155e-006
3988,4.3549e-006
3989,1.6742e-006
3990,3.3529e-007
3991,9.934e-007
3992,6.788e-007
3993,1.3153e-007
3994,5.4427e-006
3995,2.0717e-006
3996,4.37e-007
3997,3.4287e-007
3998,5.4562e-007
3999,1.8628e-006
4000,2.8336e-006
4001,1.0413e-006
4002,3.4764e-007
4003,3.5961e-006
4004,4.1785e-007
4005,9.4318e-007
4006,7.8627e-007
4007,3.7856e-007
4008,3.3814e-007
4009,1.1419e-006
4010,4.4675e-007
4011,1.8189e-006
4012,1.3496e-007
4013,8.1841e-007
4014,3.8952e-007
4015,1.1526e-006
4016,7.329e-007
4017,2.6847e-006
4018,1.0984e-006
4019,4.6056e-007
4020,1.3123e-007
4021,1.0903e-006
4022,5.2354e-007
4023,5.267e-006
4024,1.8834e-007
4025,4.4151e-006
4026,2.1807e-007
4027,1.0446e-006
4028,7.9448e-007
4029,1.0537e-006
4030,1.7463e-006
4031,1.6457e-006
4032,1.4914e-006
4033,3.5111e-007
4034,3.5198e-007
4035,5.2228e-007
4036,1.389e-007
4037,2.1674e-007
4038,6.823e-007
4039,1.3263e-006
4040,1.3192e-006
4041,2.0844e-006
4042,3.5583e-007
4043,2.1709e-007
4044,1.7687e-007
4045,4.4538e-007
4046,3.5453e-006
4047,1.304e-006
4048,4.8608e-007
4049,8.2556e-007
4050,1.5745e-007
4051,2.7069e-006
4052,2.3175e-007
4053,2.3141e-006
4054,5.9388e-007
4055,4.4366e-007
4056,2.276e-006
4057,8.0395e-007
4058,2.1618e-007
4059,8.284e-008
4060,7.2519e-007
4061,3.5111e-007
4062,1.525e-006
4063,6.83e-007
4064,8.013e-007
4065,5.0826e-007
4066,2.9335e-007
4067,2.9629e-006
4068,6.6895e-007
4069,8.6189e-007
4070,6.8328e-006
4071,2.7025e-006
4072,2.2909e-006
4073,1.5448e-006
4074,2.407e-006
4075,1.8243e-006
4076,3.7364e-006
4077,3.0248e-006
4078,2.4827e-007
4079,3.6242e-007
4080,9.723e-008
4081,6.9053e-007
4082,2.9109e-006
4083,5.3196e-006
4084,6.8064e-006
4085,1.1412e-007
4086,9.8083e-008
4087,2.1755e-006
4088,4.6879e-006
4089,4.8661e-006
4090,6.2134e-006
4091,1.6098e-006
4092,2.4372e-007
4093,2.1787e-006
4094,2.203e-006
4095,4.1302e-006
4096,2.1992e-006
4097,2.3665e-006
4098,3.3096e-006
4099,1.0092e-006
4100,1.0017e-006
4101,3.1053e-007
4102,1.2143e-007
4103,6.5849e-007
4104,2.112e-007
4105,3.3457e-007
4106,5.7798e-007
4107,2.7871e-006
4108,3.1422e-006
4109,2.3497e-006
4110,9.5865e-007
4111,5.7699e-007
4112,3.3719e-007
4113,7.1702e-007
4114,1.6645e-006
4115,1.7607e-007
4116,2.8018e-006
4117,1.1188e-007
4118,3.9835e-007
4119,2.8936e-007
4120,1.4136e-007
4121,3.3877e-007
4122,4.1373e-006
4123,1.1753e-007
4124,1.8745e-007
4125,3.537e-007
4126,3.2979e-007
4127,3.1743e-006
4128,3.1472e-007
4129,8.0839e-007
4130,2.6678e-007
4131,1.8875e-006
4132,2.4088e-007
4133,4.3267e-006
4134,1.8441e-006
4135,1.3886e-006
4136,1.4026e-006
4137,2.4679e-006
4138,2.4267e-006
4139,1.8381e-007
4140,5.7957e-006
4141,1.7839e-007
4142,9.7551e-008
4143,8.1421e-007
4144,3.0433e-007
4145,1.0517e-007
4146,1.888e-007
4147,3.0072e-007
4148,1.3959e-007
4149,5.4901e-006
4150,3.3608e-006
4151,1.7799e-006
4152,3.1506e-006
4153,2.8475e-006
4154,3.9066e-006
4155,5.3006e-006
4156,3.3828e-007
4157,3.5876e-006
4158,1.5081e-007
4159,3.6852e-007
4160,1.9587e-006
4161,3.5621e-007
4162,9.7068e-008
4163,9.5406e-008
4164,4.4155e-007
4165,9.174e-007
4166,1.497e-006
4167,7.893e-008
4168,5.3085e-007
4169,1.7938e-006
4170,5.0016e-007
4171,8.525e-008
4172,1.6859e-006
4173,7.1258e-007
4174,1.193e-006
4175,4.9034e-007
4176,8.171e-007
4177,2.5804e-008
4178,1.2736e-006
4179,1.2142e-006
4180,6.407e-007
4181,1.9045e-006
4182,2.5534e-007
4183,1.4209e-008
4184,3.9477e-007
4185,3.7651e-007
4186,1.2655e-006
4187,7.7027e-007
4188,2.549e-006
4189,1.1923e-006
4190,1.7736e-006
4191,1.2135e-006
4192,1.5549e-006
4193,2.4398e-006
4194,5.0223e-007
4195,5.1952e-007
4196,1.439e-006
4197,7.5682e-006
4198,3.1857e-007
4199,2.3017e-007
4200,1.2116e-006
4201,2.0993e-006
4202,6.3858e-007
4203,6.3394e-007
4204,5.1399e-007
4205,2.9346e-006
4206,3.6081e-007
4207,5.8763e-007
4208,9.2753e-007
4209,8.9496e-007
4210,5.3986e-007
4211,3.748e-007
4212,2.5875e-007
4213,4.3336e-007
4214,6.9501e-007
4215,4.5377e-007
4216,8.0168e-007
4217,2.1279e-007
4218,3.1877e-006
4219,3.5243e-007
4220,1.1876e-006
4221,2.1698e-007
4222,9.5455e-008
4223,5.6995e-007
4224,2.2562e-006
4225,1.8518e-006
4226,1.8425e-006
4227,2.5571e-006
4228,2.1893e-006
4229,3.5658e-007
4230,9.4905e-007
4231,2.245e-007
4232,1.2049e-006
4233,2.2737e-006
4234,4.6247e-007
4235,1.0288e-006
4236,1.0064e-006
4237,2.2043e-007
4238,8.3953e-007
4239,4.5206e-007
4240,2.9239e-007
4241,1.8684e-006
4242,3.6083e-007
4243,5.2879e-008
4244,5.332e-006
4245,2.3101e-006
4246,2.7795e-007
4247,1.9325e-006
4248,3.6138e-006
4249,3.069e-007
4250,7.2293e-007
4251,1.4186e-006
4252,3.2256e-006
4253,2.0752e-006
4254,6.6551e-007
4255,7.4873e-007
4256,4.8164e-007
4257,6.2725e-007
4258,2.6259e-007
4259,1.4313e-006
4260,1.5278e-006
4261,3.0203e-004
4262,5.1508e-007
4263,2.8318e-004
4264,3.494e-007
4265,1.3653e-005
4266,9.8238e-006
4267,6.8798e-006
4268,1.7517e-006
4269,4.5698e-005
4270,3.2843e-004
4271,1.7654e-007
4272,2.2983e-006
4273,7.1985e-007
4274,1.8738e-007
4275,1.1577e-006
4276,1.4625e-006
4277,7.6347e-007
4278,5.5199e-007
4279,6.2189e-006
4280,1.2978e-006
4281,1.8098e-006
4282,5.7109e-007
4283,4.8428e-007
4284,7.1055e-007
4285,5.2084e-007
4286,4.5029e-007
4287,7.094e-007
4288,8.0741e-008
4289,5.5108e-007
4290,2.1912e-006
4291,2.3737e-006
4292,2.0745e-006
4293,6.4159e-006
4294,1.0419e-006
4295,2.7807e-006
4296,7.8612e-006
4297,1.9668e-007
4298,4.1243e-006
4299,3.3797e-006
4300,2.4302e-006
4301,5.6791e-007
4302,5.581e-006
4303,4.066e-007
4304,8.3621e-006
4305,1.7196e-006
4306,7.9615e-007
4307,2.0401e-007
4308,2.6695e-004
4309,2.5839e-004
4310,2.5041e-004
4311,2.4955e-004
4312,2.616e-004
4313,2.5356e-004
4314,2.6696e-004
4315,2.584e-004
4316,2.5042e-004
4317,2.4975e-004
4318,2.6203e-004
4319,2.648e-004
4320,2.5392e-004
4321,2.8137e-004
4322,2.6668e-004
4323,2.7443e-004
4324,2.8175e-004
4325,2.6961e-004
4326,2.8515e-004
4327,2.7481e-004
4328,2.7569e-004
4329,2.7888e-004
4330,2.8972e-004
4331,2.8111e-004
4332,2.8625e-004
4333,2.9964e-004
4334,2.9106e-004
4335,2.9346e-004
4336,2.8479e-004
4337,2.8973e-004
4338,2.8948e-004
4339,2.9058e-004
4340,3.0181e-004
4341,2.9643e-004
4342,2.9564e-004
4343,2.9327e-004
4344,2.9878e-004
4345,2.8138e-004
4346,2.8948e-004
4347,2.8625e-004
4348,2.9292e-004
4349,2.9426e-004
4350,2.8724e-004
4351,2.9109e-004
4352,2.6669e-004
4353,2.8112e-004
4354,2.7444e-004
4355,2.8701e-004
4356,2.8292e-004
4357,2.7004e-004
4358,2.7283e-004
4359,2.8133e-004
4360,2.6684e-004
4361,2.5012e-004
4362,2.503e-004
4363,2.6132e-004
4364,2.4907e-004
4365,2.6075e-004
4366,2.6694e-004
4367,2.5348e-004
4368,2.6685e-004
4369,2.5013e-004
4370,2.5031e-004
4371,2.489e-004
4372,2.6184e-004
4373,2.6475e-004
4374,2.5385e-004
4375,2.8126e-004
4376,2.8333e-004
4377,2.7497e-004
4378,2.7883e-004
4379,2.8962e-004
4380,2.988e-004
4381,2.8924e-004
4382,2.9341e-004
4383,2.8474e-004
4384,2.8963e-004
4385,3.0097e-004
4386,2.9614e-004
4387,2.9558e-004
4388,2.9322e-004
4389,2.9873e-004
4390,2.8127e-004
4391,2.9278e-004
4392,2.9398e-004
4393,2.8719e-004
4394,2.9105e-004
4395,2.8687e-004
4396,2.8292e-004
4397,2.6985e-004
4398,2.7277e-004
4399,2.8128e-004
4400,3.347e-005
4401,2.7605e-005
4402,2.4014e-005
4403,2.301e-005
4404,3.2e-005
4405,2.6396e-005
4406,2.9794e-005
4407,2.3848e-005
4408,3.35e-005
4409,2.7631e-005
4410,2.4045e-005
4411,2.4813e-005
4412,2.8626e-005
4413,3.3952e-005
4414,2.4985e-005
4415,2.9991e-005
4416,2.5516e-005
4417,4.2459e-005
4418,3.2445e-005
4419,3.7193e-005
4420,4.1447e-005
4421,3.6761e-005
4422,4.3054e-005
4423,4.0736e-005
4424,3.4485e-005
4425,4.7968e-005
4426,4.4835e-005
4427,5.3042e-005
4428,4.6919e-005
4429,4.8959e-005
4430,4.4565e-005
4431,5.1499e-005
4432,4.7967e-005
4433,4.6996e-005
4434,4.7758e-005
4435,5.5093e-005
4436,5.4558e-005
4437,5.0457e-005
4438,5.0752e-005
4439,4.2454e-005
4440,4.7001e-005
4441,4.4832e-005
4442,4.1456e-005
4443,5.3551e-005
4444,4.6614e-005
4445,5.3062e-005
4446,4.927e-005
4447,4.5559e-005
4448,3.247e-005
4449,3.7216e-005
4450,3.8839e-005
4451,4.2764e-005
4452,3.4665e-005
4453,4.1672e-005
4454,3.2938e-005
4455,2.3411e-005
4456,3.3728e-005
4457,2.6761e-005
4458,2.9504e-005
4459,2.3442e-005
4460,3.2966e-005
4461,2.3439e-005
4462,2.4519e-005
4463,2.8359e-005
4464,3.3569e-005
4465,2.4746e-005
4466,2.9753e-005
4467,2.5162e-005
4468,4.1942e-005
4469,3.8662e-005
4470,4.275e-005
4471,4.0537e-005
4472,3.4214e-005
4473,4.7498e-005
4474,5.2948e-005
4475,4.666e-005
4476,4.8786e-005
4477,4.4372e-005
4478,4.75e-005
4479,5.5554e-005
4480,5.4466e-005
4481,5.0282e-005
4482,5.0518e-005
4483,4.1974e-005
4484,5.3997e-005
4485,4.6259e-005
4486,5.2646e-005
4487,4.9027e-005
4488,4.5329e-005
4489,3.7876e-005
4490,3.8487e-005
4491,4.2384e-005
4492,3.4447e-005
4493,4.143e-005
4494,0.
4495,2.9489e-010
4496,0.
4497,0.
4498,0.
4499,0.
4500,1.4859e-010
4501,1.5133e-010
4502,0.
4503,1.1575e-007
4504,0.
4505,0.
4506,0.
4507,0.
4508,0.
4509,5.2155e-008
4510,6.388e-008
4511,4.3871e-008
4512,0.
4513,4.0382e-010
4514,8.1541e-010
4515,1.7489e-009
4516,0.
4517,0.
4518,7.5413e-010
4519,2.6089e-010
4520,0.
4521,3.5853e-009
4522,7.2585e-009
4523,0.
4524,0.
4525,1.3787e-009
4526,3.1722e-009
4527,0.
4528,1.3576e-008
4529,2.566e-008
4530,0.
4531,0.
4532,1.0843e-008
4533,5.3e-009
4534,0.
4535,4.2919e-008
4536,3.4885e-008
4537,0.
4538,0.
4539,0.
4540,2.4273e-008
4541,1.6601e-008
4542,1.1415e-007
4543,1.0276e-007
4544,5.3868e-008
4545,0.
4546,0.
4547,8.6716e-008
4548,5.8837e-008
4549,5.806e-008
4550,7.4529e-010
4551,4.0208e-010
4552,7.0805e-010
4553,4.8411e-010
4554,6.2636e-010
4555,6.4255e-010
4556,4.6751e-010
4557,4.4878e-010
4558,2.1847e-007
4559,2.3041e-007
4560,2.1833e-007
4561,2.4052e-007
4562,2.4666e-007
4563,2.3402e-007
4564,2.206e-007
4565,2.3596e-007
4566,2.2386e-007
4567,3.1008e-009
4568,2.329e-009
4569,1.0956e-009
4570,1.8406e-009
4571,7.5776e-010
4572,1.1063e-008
4573,3.8254e-009
4574,1.0313e-008
4575,7.023e-009
4576,3.4443e-009
4577,6.869e-009
4578,3.5298e-008
4579,1.6478e-008
4580,2.2982e-008
4581,2.159e-008
4582,1.1811e-008
4583,9.7283e-008
4584,7.0701e-008
4585,4.4262e-008
4586,7.2342e-008
4587,3.5753e-008
4588,5.5136e-008
4589,3.5228e-008
4590,1.9916e-007
4591,1.1342e-007
4592,1.9063e-007
4593,1.0595e-007
4594,1.5262e-007
4595,1.7086e-007
4596,1.2407e-007
4597,1.0307e-007
4598,1.9885e-007
4599,1.4529e-007
4600,1.8209e-007
4601,2.0137e-007
4602,1.5602e-007
4603,1.8934e-007
4604,1.3195e-007
4605,0.
4606,6.055e-015
4607,0.
4608,0.
4609,0.
4610,3.4739e-015
4611,0.
4612,9.6875e-013
4613,9.3286e-013
4614,0.
4615,9.3318e-013
4616,0.
4617,0.
4618,4.4893e-013
4619,4.9926e-013
4620,0.
4621,7.2364e-015
4622,1.2387e-014
4623,2.339e-014
4624,0.
4625,0.
4626,0.
4627,1.2983e-014
4628,7.9325e-015
4629,1.0346e-014
4630,4.8169e-015
4631,0.
4632,4.4989e-014
4633,0.
4634,0.
4635,3.7843e-014
4636,0.
4637,8.5393e-014
4638,1.5448e-013
4639,0.
4640,0.
4641,1.053e-013
4642,5.8982e-014
4643,0.
4644,2.6688e-013
4645,4.1059e-013
4646,6.1365e-013
4647,0.
4648,0.
4649,2.1162e-013
4650,1.5085e-013
4651,7.9467e-013
4652,0.
4653,0.
4654,0.
4655,2.7583e-013
4656,3.9237e-013
4657,1.2405e-014
4658,7.6257e-015
4659,1.2766e-014
4660,5.7023e-015
4661,1.0612e-014
4662,1.0276e-014
4663,9.5782e-015
4664,1.4152e-012
4665,1.4245e-012
4666,1.5038e-012
4667,1.3788e-012
4668,1.4427e-012
4669,1.2139e-012
4670,1.2725e-012
4671,3.7478e-014
4672,2.0575e-014
4673,3.7098e-014
4674,1.3762e-014
4675,2.3244e-014
4676,1.1847e-013
4677,3.7547e-014
4678,1.0234e-013
4679,5.8454e-014
4680,3.8838e-014
4681,8.2232e-014
4682,3.7248e-013
4683,1.5758e-013
4684,2.4946e-013
4685,2.2678e-013
4686,1.3526e-013
4687,8.8008e-013
4688,3.8099e-013
4689,6.0506e-013
4690,5.7036e-013
4691,3.5735e-013
4692,1.2069e-012
4693,8.4565e-013
4694,7.855e-013
4695,1.0919e-012
4696,2.3621e-004
4697,2.4247e-004
4698,2.3591e-004
4699,2.4183e-004
4700,2.3525e-004
4701,2.4596e-004
4702,2.3695e-004
4703,2.2806e-004
4704,2.309e-004
4705,2.2129e-004
4706,2.295e-004
4707,2.3118e-004
4708,2.2588e-004
4709,2.2806e-004
4710,2.2776e-004
4711,2.2669e-004
4712,2.2775e-004
4713,2.1819e-004
4714,2.1921e-004
4715,2.2348e-004
4716,2.2378e-004
4717,2.362e-004
4718,2.3089e-004
4719,2.359e-004
4720,2.2027e-004
4721,2.2323e-004
4722,2.3016e-004
4723,2.2558e-004
4724,2.3225e-004
4725,2.4246e-004
4726,2.4163e-004
4727,2.3591e-004
4728,2.456e-004
4729,2.3802e-004
4730,1.6513e-005
4731,2.0523e-005
4732,1.8061e-005
4733,2.0869e-005
4734,1.7543e-005
4735,1.2376e-005
4736,1.3088e-005
4737,1.2258e-005
4738,1.4966e-005
4739,1.1626e-005
4740,1.171e-005
4741,1.203e-005
4742,1.4725e-005
4743,1.1332e-005
4744,1.2959e-005
4745,1.1773e-005
4746,1.2382e-005
4747,1.136e-005
4748,1.1355e-005
4749,1.1051e-005
4750,1.1158e-005
4751,1.0461e-005
4752,1.0823e-005
4753,1.6516e-005
4754,1.3084e-005
4755,1.2249e-005
4756,1.1557e-005
4757,1.4142e-005
4758,1.1686e-005
4759,1.1898e-005
4760,1.1574e-005
4761,1.1761e-005
4762,1.3731e-005
4763,1.559e-005
4764,1.8939e-005
4765,1.6885e-005
4766,2.2179e-005
4767,1.8634e-005
4768,1.9771e-005
4769,1.6486e-005
4770,5.241e-006
4771,4.2645e-006
4772,4.1993e-006
4773,4.5303e-006
4774,5.1333e-006
4775,4.6186e-006
4776,4.2703e-006
4777,4.8013e-006
4778,5.0686e-006
4779,4.2629e-006
4780,4.1977e-006
4781,4.5832e-006
4782,4.6463e-006
4783,5.0855e-006
4784,4.5106e-006
4785,4.9102e-006
4786,6.1831e-006
4787,5.7556e-006
4788,5.3381e-006
4789,4.9957e-006
4790,5.6259e-006
4791,6.0684e-006
4792,5.2813e-006
4793,5.4135e-006
4794,6.855e-006
4795,6.3406e-006
4796,6.1632e-006
4797,7.2319e-006
4798,7.0546e-006
4799,6.4781e-006
4800,6.3414e-006
4801,6.274e-006
4802,6.6394e-006
4803,6.9457e-006
4804,6.3849e-006
4805,6.5488e-006
4806,7.4455e-006
4807,7.2818e-006
4808,6.8447e-006
4809,6.6509e-006
4810,6.5282e-006
4811,6.847e-006
4812,6.4181e-006
4813,6.2112e-006
4814,6.2555e-006
4815,7.3142e-006
4816,7.1462e-006
4817,6.4923e-006
4818,7.15e-006
4819,6.2485e-006
4820,6.5186e-006
4821,6.931e-006
4822,6.4737e-006
4823,6.7797e-006
4824,5.7342e-006
4825,5.5693e-006
4826,5.8871e-006
4827,6.1686e-006
4828,5.925e-006
4829,5.552e-006
4830,4.8938e-006
4831,5.2516e-006
4832,5.4112e-006
4833,5.834e-006
4834,5.2363e-006
4835,2.8814e-006
4836,2.6654e-006
4837,2.2823e-006
4838,2.425e-006
4839,2.918e-006
4840,1.9488e-006
4841,2.425e-006
4842,2.1923e-006
4843,2.4421e-006
4844,3.4923e-006
4845,3.3251e-006
4846,3.7727e-006
4847,4.1555e-006
4848,3.7966e-006
4849,3.6868e-006
4850,3.0098e-006
4851,3.237e-006
4852,3.4406e-006
4853,2.6704e-006
4854,3.1064e-006
4855,3.3311e-006
4856,2.9875e-006
4857,3.8994e-006
4858,2.3763e-006
4859,2.1598e-006
4860,2.6075e-006
4861,3.4748e-006
4862,1.996e-006
4863,2.6327e-006
4864,2.2251e-006
4865,2.9106e-006
4866,2.2964e-006
4867,2.5797e-006
4868,2.805e-006
4869,2.4635e-006
4870,2.4656e-006
4871,2.9886e-006
4872,3.2792e-006
4873,2.1047e-006
4874,2.5041e-006
4875,2.4953e-006
4876,2.328e-006
4877,2.9578e-006
4878,2.5714e-006
4879,2.5174e-006
4880,3.6741e-006
4881,3.3897e-006
4882,2.3369e-006
4883,2.4282e-006
4884,2.1456e-006
4885,2.573e-006
4886,2.906e-006
4887,2.7708e-006
4888,2.378e-006
4889,3.09e-006
4890,2.6808e-006
4891,2.6249e-006
4892,3.7856e-006
4893,3.8537e-006
4894,2.2664e-006
4895,2.4814e-006
4896,2.7181e-006
4897,2.3705e-006
4898,2.8385e-006
4899,3.1872e-006
4900,2.7249e-006
4901,2.6543e-006
4902,2.7727e-006
4903,3.9374e-006
4904,3.7202e-006
4905,2.4889e-006
4906,2.7551e-006
4907,2.7686e-006
4908,2.4047e-006
4909,2.6541e-006
4910,2.8728e-006
4911,3.2406e-006
4912,2.8037e-006
4913,2.8007e-006
4914,3.7687e-006
4915,3.9394e-006
4916,2.651e-006
4917,3.1316e-006
4918,2.7865e-006
4919,2.6743e-006
4920,2.5677e-006
4921,2.6848e-006
4922,3.2329e-006
4923,2.8017e-006
4924,2.8101e-006
4925,3.9557e-006
4926,3.961e-006
4927,2.561e-006
4928,2.2584e-006
4929,2.9429e-006
4930,2.6814e-006
4931,2.8979e-006
4932,2.5024e-006
4933,3.1539e-006
4934,2.759e-006
4935,2.7823e-006
4936,3.9294e-006
4937,3.6651e-006
4938,2.9217e-006
4939,2.2979e-006
4940,2.9333e-006
4941,2.485e-006
4942,2.4405e-006
4943,2.4859e-006
4944,2.7055e-006
4945,2.6884e-006
4946,3.5838e-006
4947,2.2041e-006
4948,2.8741e-006
4949,2.3889e-006
4950,2.6733e-006
4951,3.2641e-004
4952,3.4371e-004
4953,3.4331e-004
4954,2.9219e-004
4955,3.266e-004
4956,3.2618e-004
4957,3.0906e-004
4958,2.9194e-004
4959,3.1105e-004
4960,2.9709e-004
4961,3.1265e-004
4962,2.5807e-004
4963,2.7484e-004
4964,2.5779e-004
4965,2.6339e-004
4966,2.8002e-004
4967,2.6307e-004
4968,2.2423e-004
4969,2.408e-004
4970,2.4643e-004
4971,2.2471e-004
4972,2.461e-004
4973,1.9092e-004
4974,2.2391e-004
4975,2.0715e-004
4976,2.08e-004
4977,1.5844e-004
4978,1.9055e-004
4979,1.7416e-004
4980,1.7097e-004
4981,1.9147e-004
4982,1.7036e-004
4983,1.9098e-004
4984,1.2719e-004
4985,1.5801e-004
4986,1.4217e-004
4987,1.267e-004
4988,1.3527e-004
4989,1.5498e-004
4990,1.3483e-004
4991,1.5434e-004
4992,9.7722e-005
4993,1.1167e-004
4994,9.715e-005
4995,1.201e-004
4996,1.0531e-004
4997,1.1962e-004
4998,1.0475e-004
4999,7.071e-005
5000,8.324e-005
5001,7.0042e-005
5002,7.9344e-005
5003,9.1154e-005
5004,7.8692e-005
5005,9.0547e-005
5006,4.6999e-005
5007,5.7667e-005
5008,4.6971e-005
5009,6.6492e-005
5010,5.456e-005
5011,6.579e-005
5012,5.3884e-005
5013,2.7665e-005
5014,3.6521e-005
5015,2.8078e-005
5016,4.3541e-005
5017,3.4153e-005
5018,3.3142e-005
5019,1.4467e-005
5020,2.0046e-005
5021,1.4649e-005
5022,1.6099e-005
5023,2.5504e-005
5024,1.997e-005
5025,1.6474e-005
5026,2.4459e-005
5027,1.3718e-005
5028,7.4144e-006
5029,9.8663e-006
5030,7.405e-006
5031,8.5474e-006
5032,1.1356e-005
5033,6.7392e-006
5034,9.2541e-006
5035,6.263e-006
5036,4.7586e-006
5037,4.6266e-006
5038,3.7919e-006
5039,4.836e-006
5040,6.7026e-006
5041,4.1367e-006
5042,3.4367e-004
5043,3.2474e-004
5044,3.4327e-004
5045,3.2939e-004
5046,3.4403e-004
5047,3.4346e-004
5048,3.4364e-004
5049,3.4382e-004
5050,3.2958e-004
5051,3.4431e-004
5052,3.4397e-004
5053,3.441e-004
5054,3.2975e-004
5055,3.2975e-004
5056,3.2438e-004
5057,3.2882e-004
5058,3.4448e-004
5059,3.4421e-004
5060,3.4427e-004
5061,3.2861e-004
5062,3.2986e-004
5063,3.3284e-004
5064,3.364e-004
5065,3.4449e-004
5066,3.443e-004
5067,3.4428e-004
5068,3.2865e-004
5069,3.3243e-004
5070,3.3643e-004
5071,3.4433e-004
5072,3.4422e-004
5073,3.4412e-004
5074,3.3161e-004
5075,3.3238e-004
5076,3.3822e-004
5077,3.4405e-004
5078,3.4399e-004
5079,3.4384e-004
5080,3.2849e-004
5081,3.315e-004
5082,3.3811e-004
5083,3.2307e-004
5084,3.435e-004
5085,3.2638e-004
5086,3.4368e-004
5087,3.2833e-004
5088,3.2995e-004
5089,3.6043e-006
5090,2.9695e-006
5091,2.1488e-006
5092,2.3618e-006
5093,2.6049e-006
5094,1.9816e-006
5095,2.9627e-006
5096,2.3868e-006
5097,2.5691e-006
5098,6.2494e-006
5099,3.7293e-006
5100,4.977e-006
5101,3.9401e-006
5102,3.7384e-006
5103,3.3364e-006
5104,1.2387e-005
5105,7.1166e-006
5106,1.0527e-005
5107,6.7304e-006
5108,9.1213e-006
5109,5.6191e-006
5110,6.747e-006
5111,8.8964e-006
5112,2.4452e-005
5113,1.5437e-005
5114,2.2242e-005
5115,2.2208e-005
5116,1.3336e-005
5117,1.6737e-005
5118,1.9024e-005
5119,1.4921e-005
5120,1.3303e-005
5121,4.2302e-005
5122,3.0348e-005
5123,4.0046e-005
5124,3.0047e-005
5125,3.7053e-005
5126,6.4733e-005
5127,5.0618e-005
5128,6.2444e-005
5129,5.6571e-005
5130,4.7135e-005
5131,9.0729e-005
5132,7.5011e-005
5133,8.8497e-005
5134,8.1516e-005
5135,6.8588e-005
5136,8.2339e-005
5137,1.1949e-004
5138,1.0249e-004
5139,1.1721e-004
5140,1.0895e-004
5141,9.5062e-005
5142,1.176e-004
5143,1.1012e-004
5144,9.5993e-005
5145,1.5035e-004
5146,1.3242e-004
5147,1.4804e-004
5148,1.3272e-004
5149,1.45e-004
5150,1.8256e-004
5151,1.64e-004
5152,1.8025e-004
5153,1.7452e-004
5154,1.6081e-004
5155,1.7258e-004
5156,2.157e-004
5157,1.9673e-004
5158,2.134e-004
5159,2.0693e-004
5160,1.9084e-004
5161,2.0572e-004
5162,2.5051e-004
5163,2.3021e-004
5164,2.4714e-004
5165,2.2362e-004
5166,2.4031e-004
5167,2.3872e-004
5168,2.8728e-004
5169,2.6524e-004
5170,2.8469e-004
5171,2.5832e-004
5172,2.7489e-004
5173,2.7244e-004
5174,3.2452e-004
5175,3.0343e-004
5176,3.1067e-004
5177,2.9358e-004
5178,2.6648e-006
5179,2.883e-006
5180,2.2804e-006
5181,2.4131e-006
5182,2.906e-006
5183,1.9473e-006
5184,2.4238e-006
5185,2.2451e-006
5186,2.6186e-006
5187,3.1366e-006
5188,2.6901e-006
5189,2.6876e-006
5190,4.021e-006
5191,2.4923e-006
5192,2.4802e-006
5193,2.6954e-006
5194,2.2049e-006
5195,2.9588e-006
5196,2.3454e-006
5197,2.679e-006
5198,3.1478e-006
5199,3.2168e-006
5200,2.7765e-006
5201,2.7438e-006
5202,4.1378e-006
5203,4.1041e-006
5204,2.3237e-006
5205,2.7475e-006
5206,2.5163e-006
5207,2.986e-006
5208,2.361e-006
5209,3.2116e-006
5210,3.2243e-006
5211,2.8129e-006
5212,2.7968e-006
5213,4.1526e-006
5214,3.6621e-006
5215,2.3939e-006
5216,2.531e-006
5217,3.0108e-006
5218,2.8713e-006
5219,3.0714e-006
5220,3.1759e-006
5221,2.8076e-006
5222,2.6881e-006
5223,2.7574e-006
5224,3.6428e-006
5225,3.6275e-006
5226,3.0533e-006
5227,2.7014e-006
5228,2.5412e-006
5229,3.0601e-006
5230,3.0793e-006
5231,2.7289e-006
5232,2.7009e-006
5233,4.0422e-006
5234,3.584e-006
5235,2.8965e-006
5236,2.6725e-006
5237,2.8069e-006
5238,2.5294e-006
5239,2.9505e-006
5240,2.6164e-006
5241,2.6581e-006
5242,3.8666e-006
5243,3.9589e-006
5244,2.2822e-006
5245,2.8442e-006
5246,2.4436e-006
5247,2.8264e-006
5248,2.9917e-006
5249,2.4889e-006
5250,2.5892e-006
5251,2.8008e-006
5252,2.5225e-006
5253,2.5635e-006
5254,3.7514e-006
5255,3.2685e-006
5256,2.373e-006
5257,2.6756e-006
5258,2.395e-006
5259,2.1209e-006
5260,2.5395e-006
5261,2.7572e-006
5262,2.313e-006
5263,2.4684e-006
5264,2.4531e-006
5265,2.9808e-006
5266,3.1663e-006
5267,2.2965e-006
5268,2.2814e-006
5269,2.0715e-006
5270,2.4731e-006
5271,2.833e-006
5272,2.6785e-006
5273,2.2649e-006
5274,3.4907e-006
5275,3.7716e-006
5276,3.3236e-006
5277,4.1797e-006
5278,3.8303e-006
5279,3.6519e-006
5280,3.0084e-006
5281,3.2263e-006
5282,3.4687e-006
5283,2.6703e-006
5284,3.2986e-006
5285,2.9046e-006
5286,6.6566e-007
5287,0.
5288,0.
5289,2.8413e-007
5290,1.2881e-007
5291,6.5207e-008
5292,2.8815e-007
5293,8.1216e-008
5294,1.5257e-006
5295,1.7882e-006
5296,2.0578e-006
5297,1.5977e-006
5298,1.8101e-006
5299,1.5041e-006
5300,6.6548e-007
5301,1.0347e-006
5302,1.3938e-006
5303,1.1166e-006
5304,7.8532e-007
5305,7.9989e-007
5306,1.0492e-006
5307,0.
5308,5.4495e-007
5309,0.
5310,9.1896e-008
5311,3.7379e-007
5312,2.8952e-007
5313,3.5573e-008
5314,4.8393e-008
5315,1.4131e-007
5316,0.
5317,0.
5318,5.3349e-007
5319,0.
5320,0.
5321,2.3562e-008
5322,2.6867e-007
5323,7.3553e-008
5324,5.3589e-008
5325,1.1012e-007
5326,2.9637e-008
5327,1.0693e-007
5328,0.
5329,5.0599e-007
5330,5.4928e-007
5331,0.
5332,0.
5333,2.2823e-007
5334,4.7475e-008
5335,5.4424e-008
5336,1.5845e-007
5337,9.2921e-008
5338,0.
5339,4.7965e-007
5340,4.9913e-007
5341,0.
5342,0.
5343,1.002e-007
5344,1.7409e-008
5345,2.5991e-007
5346,5.1659e-008
5347,8.2523e-008
5348,1.4975e-007
5349,0.
5350,4.7634e-007
5351,4.7765e-007
5352,0.
5353,0.
5354,9.3753e-008
5355,1.5864e-008
5356,2.551e-008
5357,3.0068e-008
5358,4.3459e-008
5359,1.0827e-007
5360,2.5679e-007
5361,0.
5362,4.726e-007
5363,4.6802e-007
5364,0.
5365,0.
5366,2.5289e-008
5367,1.8469e-007
5368,3.8143e-008
5369,2.2962e-008
5370,1.0763e-007
5371,4.8216e-008
5372,1.1779e-007
5373,0.
5374,4.8168e-007
5375,4.6171e-007
5376,0.
5377,5.341e-008
5378,1.1773e-008
5379,3.9151e-008
5380,1.3238e-007
5381,1.037e-007
5382,0.
5383,4.7517e-007
5384,4.5688e-007
5385,0.
5386,0.
5387,0.
5388,5.1543e-008
5389,1.2823e-008
5390,9.7957e-008
5391,1.2358e-007
5392,1.3741e-008
5393,2.6432e-007
5394,0.
5395,4.3601e-007
5396,4.624e-007
5397,0.
5398,0.
5399,7.4535e-008
5400,2.4197e-007
5401,1.8881e-008
5402,9.6974e-008
5403,9.3183e-008
5404,1.444e-008
5405,4.7911e-008
5406,2.2874e-008
5407,2.6241e-007
5408,0.
5409,4.4098e-007
5410,3.7052e-007
5411,0.
5412,1.8832e-008
5413,3.0924e-008
5414,1.4498e-007
5415,1.9696e-008
5416,8.4332e-008
5417,1.4063e-006
5418,1.6912e-006
5419,2.0897e-006
5420,1.176e-006
5421,1.52e-006
5422,1.7067e-006
5423,1.5203e-006
5424,8.3277e-007
5425,1.2238e-006
5426,7.5415e-007
5427,1.0161e-006
5428,8.5189e-007
5429,0.
5430,1.1483e-007
5431,5.3971e-008
5432,0.
5433,0.
5434,0.
5435,5.7787e-008
5436,9.63e-008
5437,3.4941e-008
5438,0.
5439,4.3328e-008
5440,3.4938e-008
5441,0.
5442,0.
5443,2.3508e-008
5444,1.4338e-008
5445,0.
5446,2.5243e-008
5447,1.3554e-008
5448,0.
5449,0.
5450,0.
5451,6.0437e-009
5452,9.0238e-009
5453,0.
5454,7.213e-009
5455,3.6108e-009
5456,0.
5457,0.
5458,3.5511e-009
5459,1.9824e-009
5460,1.7938e-009
5461,7.9998e-010
5462,0.
5463,0.
5464,2.6762e-010
5465,5.2354e-010
5466,1.1052e-009
5467,0.
5468,8.052e-013
5469,0.
5470,0.
5471,3.3312e-013
5472,4.7899e-013
5473,0.
5474,6.048e-013
5475,4.1739e-013
5476,2.6979e-013
5477,0.
5478,0.
5479,0.
5480,2.777e-013
5481,1.403e-013
5482,2.0048e-013
5483,0.
5484,1.5342e-013
5485,8.6595e-014
5486,0.
5487,0.
5488,5.8559e-014
5489,9.8268e-014
5490,0.
5491,4.6986e-014
5492,0.
5493,0.
5494,0.
5495,3.783e-014
5496,1.9762e-014
5497,2.3388e-014
5498,1.2506e-014
5499,0.
5500,0.
5501,0.
5502,1.0917e-014
5503,5.2367e-015
5504,0.
5505,0.
5506,3.7837e-008
5507,6.1578e-008
5508,0.
5509,0.
5510,5.637e-008
5511,4.1549e-008
5512,0.
5513,3.0813e-008
5514,0.
5515,0.
5516,2.7203e-008
5517,1.9977e-008
5518,3.01e-008
5519,0.
5520,2.0308e-008
5521,7.357e-009
5522,2.3022e-008
5523,1.5659e-008
5524,0.
5525,0.
5526,3.785e-008
5527,5.0888e-008
5528,0.
5529,0.
5530,4.307e-008
5531,0.
5532,6.713e-008
5533,8.0827e-008
5534,7.1638e-008
5535,0.
5536,0.
5537,4.5744e-008
5538,4.7161e-008
5539,0.
5540,4.5367e-008
5541,6.4467e-008
5542,0.
5543,0.
5544,4.8973e-008
5545,4.1282e-008
5546,5.1189e-008
5547,0.
5548,4.3077e-008
5549,4.4635e-008
5550,0.
5551,0.
5552,0.
5553,4.8071e-008
5554,4.2689e-008
5555,4.2036e-008
5556,0.
5557,5.785e-008
5558,4.5839e-008
5559,0.
5560,0.
5561,4.1124e-008
5562,4.9849e-008
5563,4.5338e-008
5564,0.
5565,6.2393e-008
5566,5.9788e-008
5567,0.
5568,0.
5569,4.3416e-008
5570,4.7929e-008
5571,5.6247e-008
5572,6.0525e-008
5573,0.
5574,0.
5575,4.6797e-008
5576,4.0666e-008
5577,0.
5578,0.
5579,6.6182e-007
5580,2.8946e-007
5581,1.2339e-007
5582,6.4631e-008
5583,6.0517e-008
5584,2.8071e-007
5585,1.6059e-007
5586,0.
5587,3.0973e-008
5588,0.
5589,0.
5590,4.0667e-008
5591,2.7082e-008
5592,0.
5593,3.0934e-008
5594,1.9929e-008
5595,0.
5596,1.7631e-008
5597,1.5684e-008
5598,1.3927e-008
5599,0.
5600,0.
5601,7.6999e-008
5602,5.2928e-007
5603,2.9193e-007
5604,3.0472e-008
5605,1.7519e-007
5606,3.9481e-008
5607,0.
5608,0.
5609,5.352e-007
5610,4.549e-007
5611,0.
5612,5.479e-008
5613,1.7076e-007
5614,2.5934e-008
5615,9.2992e-008
5616,2.1989e-008
5617,0.
5618,4.4794e-007
5619,4.7122e-007
5620,0.
5621,0.
5622,9.3802e-008
5623,9.1315e-008
5624,2.3991e-007
5625,1.7239e-008
5626,3.8925e-008
5627,2.816e-008
5628,2.7342e-008
5629,0.
5630,4.4283e-007
5631,4.4907e-007
5632,0.
5633,0.
5634,1.4266e-007
5635,1.0395e-007
5636,9.3916e-008
5637,1.9066e-008
5638,2.7475e-008
5639,0.
5640,4.3039e-007
5641,4.427e-007
5642,0.
5643,1.0338e-007
5644,2.5058e-008
5645,2.5387e-008
5646,1.3228e-007
5647,2.9167e-008
5648,0.
5649,4.313e-007
5650,4.5787e-007
5651,0.
5652,0.
5653,6.2171e-008
5654,7.5479e-008
5655,2.3189e-008
5656,1.4676e-007
5657,1.2997e-008
5658,1.0932e-008
5659,1.8433e-008
5660,0.
5661,4.5263e-007
5662,4.8053e-007
5663,0.
5664,0.
5665,8.3387e-008
5666,3.3257e-008
5667,6.9683e-008
5668,1.1319e-008
5669,0.
5670,4.7312e-007
5671,4.9937e-007
5672,0.
5673,0.
5674,8.2455e-008
5675,2.9038e-008
5676,2.0337e-007
5677,3.2025e-008
5678,8.2212e-008
5679,1.5661e-008
5680,8.6665e-008
5681,0.
5682,5.0099e-007
5683,5.3689e-007
5684,0.
5685,0.
5686,4.6625e-008
5687,3.8656e-008
5688,9.0114e-008
5689,1.7396e-007
5690,1.2956e-007
5691,6.6085e-007
5692,5.3989e-007
5693,0.
5694,0.
5695,4.7936e-008
5696,2.5846e-007
5697,5.0375e-008
5698,1.8106e-007
5699,5.8387e-008
5700,2.076e-008
5701,1.5112e-007
5702,0.
5703,0.
5704,1.754e-014
5705,0.
5706,0.
5707,0.
5708,8.7802e-008
5709,5.7671e-008
5710,7.7783e-008
5711,3.2821e-008
5712,6.4538e-008
5713,0.
5714,8.5835e-008
5715,5.2993e-008
5716,0.
5717,0.
5718,0.
5719,6.8265e-008
5720,3.2428e-008
5721,4.9873e-008
5722,0.
5723,3.4134e-008
5724,1.8464e-008
5725,0.
5726,0.
5727,7.9698e-009
5728,4.0097e-009
5729,0.
5730,0.
5731,0.
5732,4.7329e-009
5733,0.
5734,2.0208e-009
5735,9.8743e-010
5736,0.
5737,0.
5738,1.2328e-009
5739,0.
5740,4.6824e-010
5741,2.4712e-010
5742,0.
5743,0.
5744,0.
5745,1.0026e-010
5746,5.3705e-011
5747,0.
5748,0.
5749,0.
5750,0.
5751,2.4725e-011
5752,1.1404e-011
5753,0.
5754,0.
5755,1.892e-011
5756,0.
5757,5.3477e-012
5758,2.6821e-012
5759,0.
5760,0.
5761,3.0077e-012
5762,0.
5763,1.3364e-012
5764,5.7986e-013
5765,0.
5766,0.
5767,7.6474e-013
5768,1.3877e-012
5769,0.
5770,2.4978e-013
5771,1.2139e-013
5772,0.
5773,0.
5774,2.4765e-014
5775,4.9927e-014
5776,0.
5777,0.
5778,3.7419e-014
5779,0.
5780,0.
5781,1.8118e-014
5782,1.8252e-014
5783,0.
5784,8.955e-015
5785,0.
5786,1.753e-014
5787,1.6746e-014
5788,1.7615e-014
5789,0.
5790,0.
5791,1.679e-014
5792,0.
5793,1.774e-014
5794,1.6447e-014
5795,0.
5796,0.
5797,1.6063e-014
5798,1.7547e-014
5799,0.
5800,1.3513e-014
5801,9.5935e-015
5802,0.
5803,0.
5804,1.4589e-014
5805,1.1043e-014
5806,4.675e-015
5807,0.
5808,6.9529e-015
5809,9.9388e-015
5810,0.
5811,0.
5812,0.
5813,5.8573e-015
5814,3.2588e-015
5815,3.0529e-015
5816,0.
5817,1.3261e-014
5818,1.6439e-014
5819,0.
5820,0.
5821,0.
5822,1.4436e-014
5823,5.0401e-015
5824,0.
5825,1.7636e-014
5826,1.8274e-014
5827,0.
5828,0.
5829,1.6218e-014
5830,1.7266e-014
5831,1.8165e-014
5832,0.
5833,0.
5834,1.7552e-014
5835,1.7584e-014
5836,8.6874e-015
5837,0.
5838,2.2937e-014
5839,3.9773e-014
5840,0.
5841,0.
5842,1.4752e-014
5843,0.
5844,9.2205e-014
5845,1.8079e-013
5846,0.
5847,0.
5848,2.3147e-013
5849,0.
5850,3.8472e-013
5851,8.3337e-013
5852,0.
5853,0.
5854,4.6321e-013
5855,1.0203e-012
5856,0.
5857,1.6496e-012
5858,3.4709e-012
5859,0.
5860,0.
5861,2.2129e-012
5862,0.
5863,7.4343e-012
5864,1.6348e-011
5865,0.
5866,0.
5867,0.
5868,9.5662e-012
5869,1.9576e-011
5870,0.
5871,3.3008e-011
5872,6.826e-011
5873,0.
5874,4.2242e-011
5875,0.
5876,1.3773e-010
5877,2.7369e-010
5878,0.
5879,0.
5880,0.
5881,1.736e-010
5882,0.
5883,6.7048e-010
5884,1.2603e-009
5885,0.
5886,0.
5887,0.
5888,2.8486e-009
5889,5.1947e-009
5890,1.0522e-008
5891,0.
5892,0.
5893,5.7551e-009
5894,0.
5895,2.0529e-008
5896,4.0802e-008
5897,0.
5898,0.
5899,0.
5900,2.1761e-008
5901,0.
5902,7.1269e-008
5903,0.
5904,5.7309e-008
5905,0.
5906,0.
5907,9.4825e-008
5908,5.3201e-008
5909,7.3491e-008
5910,5.5467e-008
5911,5.2992e-008
5912,3.5287e-008
5913,1.1072e-006
5914,9.6843e-007
5915,1.2302e-006
5916,1.0467e-006
5917,1.0276e-006
5918,9.1711e-007
5919,9.9157e-007
5920,1.026e-006
5921,9.3263e-007
5922,1.1132e-006
5923,8.8469e-007
5924,9.8214e-007
5925,9.8979e-007
5926,1.0536e-006
5927,1.0144e-006
5928,9.5004e-007
5929,9.6556e-007
5930,1.0222e-006
5931,1.0169e-006
5932,1.1455e-006
5933,1.2554e-006
5934,1.0717e-006
5935,1.0459e-006
5936,1.0511e-006
5937,1.3192e-006
5938,1.0678e-006
5939,1.2063e-006
5940,1.0123e-006
5941,1.2039e-006
5942,1.1806e-006
5943,1.0658e-006
5944,1.0626e-006
5945,1.4285e-006
5946,1.3401e-006
5947,1.2874e-006
5948,1.086e-006
5949,1.1803e-006
5950,9.9447e-007
5951,1.0561e-006
5952,1.2253e-006
5953,1.2114e-006
5954,1.0812e-006
5955,1.0788e-006
5956,1.3052e-006
5957,1.1968e-006
5958,1.2785e-006
5959,1.104e-006
5960,1.0712e-006
5961,1.2409e-006
5962,1.0972e-006
5963,1.1077e-006
5964,1.5089e-006
5965,1.322e-006
5966,1.2944e-006
5967,1.1176e-006
5968,1.2664e-006
5969,1.1186e-006
5970,1.1236e-006
5971,1.5247e-006
5972,1.4007e-006
5973,1.1518e-006
5974,1.3099e-006
5975,1.132e-006
5976,1.3343e-006
5977,1.2924e-006
5978,1.135e-006
5979,1.1387e-006
5980,1.4142e-006
5981,1.1635e-006
5982,1.2792e-006
5983,1.3483e-006
5984,1.3129e-006
5985,1.1493e-006
5986,1.1529e-006
5987,1.5268e-006
5988,1.4249e-006
5989,1.1866e-006
5990,1.2918e-006
5991,1.2999e-006
5992,1.3303e-006
5993,1.1624e-006
5994,1.1921e-006
5995,1.5367e-006
5996,1.4682e-006
5997,1.1965e-006
5998,1.2426e-006
5999,1.3108e-006
6000,1.3485e-006
6001,1.202e-006
6002,1.1966e-006
6003,1.4775e-006
6004,1.423e-006
6005,1.2505e-006
6006,1.364e-006
6007,1.2022e-006
6008,1.2375e-006
6009,1.5313e-006
6010,1.4874e-006
6011,1.4314e-006
6012,1.2587e-006
6013,1.2342e-006
6014,1.378e-006
6015,1.2399e-006
6016,1.6715e-006
6017,1.5381e-006
6018,1.5292e-006
6019,1.4392e-006
6020,1.4023e-006
6021,1.2425e-006
6022,1.1651e-006
6023,1.3868e-006
6024,1.2245e-006
6025,1.2457e-006
6026,1.5361e-006
6027,1.4072e-006
6028,1.171e-006
6029,1.2154e-006
6030,1.3955e-006
6031,1.2359e-006
6032,1.2292e-006
6033,1.5408e-006
6034,1.5156e-006
6035,1.5598e-006
6036,1.4127e-006
6037,1.274e-006
6038,1.2207e-006
6039,1.4413e-006
6040,1.4034e-006
6041,1.2538e-006
6042,1.2364e-006
6043,1.5252e-006
6044,1.5203e-006
6045,1.2928e-006
6046,1.2786e-006
6047,1.4455e-006
6048,1.4112e-006
6049,1.2649e-006
6050,1.2566e-006
6051,1.5285e-006
6052,1.2961e-006
6053,1.4489e-006
6054,1.4317e-006
6055,1.4149e-006
6056,1.2715e-006
6057,1.2677e-006
6058,1.5305e-006
6059,1.6814e-006
6060,1.4766e-006
6061,1.2902e-006
6062,1.2793e-006
6063,1.4343e-006
6064,1.4182e-006
6065,1.2759e-006
6066,1.2687e-006
6067,1.6046e-006
6068,1.6833e-006
6069,1.4784e-006
6070,1.2915e-006
6071,1.4511e-006
6072,1.4202e-006
6073,1.2668e-006
6074,1.2631e-006
6075,1.6071e-006
6076,1.3054e-006
6077,1.2929e-006
6078,1.4521e-006
6079,1.2055e-006
6080,1.4215e-006
6081,1.263e-006
6082,1.2458e-006
6083,1.6073e-006
6084,1.7209e-006
6085,1.3077e-006
6086,1.2704e-006
6087,1.501e-006
6088,1.4532e-006
6089,1.1793e-006
6090,1.3182e-006
6091,1.4216e-006
6092,1.2497e-006
6093,1.2733e-006
6094,1.7217e-006
6095,1.5638e-006
6096,1.454e-006
6097,1.2693e-006
6098,1.5011e-006
6099,1.4194e-006
6100,1.2693e-006
6101,1.2689e-006
6102,1.5644e-006
6103,1.4548e-006
6104,1.2689e-006
6105,1.2789e-006
6106,1.1477e-006
6107,1.5186e-006
6108,1.418e-006
6109,1.2726e-006
6110,1.2679e-006
6111,1.6046e-006
6112,1.5628e-006
6113,1.2783e-006
6114,1.5168e-006
6115,1.3573e-006
6116,1.4157e-006
6117,1.2664e-006
6118,1.2546e-006
6119,1.6027e-006
6120,1.2725e-006
6121,1.4551e-006
6122,1.2446e-006
6123,1.5159e-006
6124,1.3568e-006
6125,1.4112e-006
6126,1.2551e-006
6127,1.2261e-006
6128,1.3014e-006
6129,1.6053e-006
6130,1.6007e-006
6131,1.271e-006
6132,1.4531e-006
6133,1.4919e-006
6134,1.2877e-006
6135,1.4075e-006
6136,1.3001e-006
6137,1.2825e-006
6138,1.6032e-006
6139,1.4322e-006
6140,1.4895e-006
6141,1.2856e-006
6142,1.3242e-006
6143,1.4028e-006
6144,1.2817e-006
6145,1.2701e-006
6146,1.5993e-006
6147,1.5862e-006
6148,1.4305e-006
6149,1.4289e-006
6150,1.2677e-006
6151,1.3222e-006
6152,1.3957e-006
6153,1.269e-006
6154,1.2545e-006
6155,1.5826e-006
6156,1.5239e-006
6157,1.4261e-006
6158,1.2645e-006
6159,1.2681e-006
6160,1.3464e-006
6161,1.3902e-006
6162,1.2528e-006
6163,1.2397e-006
6164,1.5498e-006
6165,1.5207e-006
6166,1.2669e-006
6167,1.4112e-006
6168,1.2651e-006
6169,1.3437e-006
6170,1.3827e-006
6171,1.2372e-006
6172,1.2064e-006
6173,1.2776e-006
6174,1.5465e-006
6175,1.5089e-006
6176,1.2638e-006
6177,1.408e-006
6178,1.2675e-006
6179,1.3866e-006
6180,1.3742e-006
6181,1.275e-006
6182,1.2568e-006
6183,1.5734e-006
6184,1.5058e-006
6185,1.2743e-006
6186,1.4699e-006
6187,1.2644e-006
6188,1.3827e-006
6189,1.3657e-006
6190,1.2546e-006
6191,1.2462e-006
6192,1.5686e-006
6193,1.4707e-006
6194,1.271e-006
6195,1.4654e-006
6196,1.3563e-006
6197,1.2408e-006
6198,1.2177e-006
6199,1.5636e-006
6200,1.563e-006
6201,1.4664e-006
6202,1.2672e-006
6203,1.2647e-006
6204,1.3479e-006
6205,1.214e-006
6206,1.1701e-006
6207,1.1597e-006
6208,1.5578e-006
6209,1.1849e-006
6210,1.4612e-006
6211,1.4178e-006
6212,1.2613e-006
6213,1.2943e-006
6214,1.3379e-006
6215,1.1553e-006
6216,1.2459e-006
6217,1.5068e-006
6218,1.551e-006
6219,1.6626e-006
6220,1.1813e-006
6221,1.4126e-006
6222,1.4132e-006
6223,1.2903e-006
6224,1.3259e-006
6225,1.2402e-006
6226,1.1459e-006
6227,1.5012e-006
6228,1.4063e-006
6229,1.1832e-006
6230,1.2073e-006
6231,1.2864e-006
6232,1.3167e-006
6233,1.1424e-006
6234,1.1889e-006
6235,1.4939e-006
6236,1.4459e-006
6237,1.4007e-006
6238,1.1786e-006
6239,1.331e-006
6240,1.3008e-006
6241,1.1839e-006
6242,1.1838e-006
6243,1.4513e-006
6244,1.4388e-006
6245,1.2272e-006
6246,1.3257e-006
6247,1.2907e-006
6248,1.1783e-006
6249,1.1638e-006
6250,1.4436e-006
6251,1.222e-006
6252,1.1616e-006
6253,1.339e-006
6254,1.2771e-006
6255,1.1594e-006
6256,1.1484e-006
6257,1.4359e-006
6258,1.4248e-006
6259,1.1392e-006
6260,1.2503e-006
6261,1.1564e-006
6262,1.3331e-006
6263,1.263e-006
6264,1.1437e-006
6265,1.1323e-006
6266,1.4152e-006
6267,1.1335e-006
6268,1.2444e-006
6269,1.1404e-006
6270,1.2489e-006
6271,1.1281e-006
6272,1.1433e-006
6273,1.4052e-006
6274,1.4086e-006
6275,1.3082e-006
6276,1.2385e-006
6277,1.1353e-006
6278,1.2334e-006
6279,1.1372e-006
6280,1.1251e-006
6281,1.3965e-006
6282,1.3528e-006
6283,1.3011e-006
6284,1.2981e-006
6285,1.1298e-006
6286,1.1328e-006
6287,1.2192e-006
6288,1.1207e-006
6289,1.1098e-006
6290,1.3182e-006
6291,1.3437e-006
6292,1.2902e-006
6293,1.2019e-006
6294,1.1262e-006
6295,1.2042e-006
6296,1.1042e-006
6297,1.0949e-006
6298,1.3087e-006
6299,1.1952e-006
6300,1.1867e-006
6301,1.0867e-006
6302,1.0791e-006
6303,1.3701e-006
6304,1.3864e-006
6305,1.2991e-006
6306,1.3047e-006
6307,1.1262e-006
6308,1.1892e-006
6309,1.0369e-006
6310,1.1701e-006
6311,1.075e-006
6312,1.0616e-006
6313,1.3595e-006
6314,1.0792e-006
6315,1.2957e-006
6316,1.2718e-006
6317,1.1197e-006
6318,1.1541e-006
6319,1.0561e-006
6320,1.0291e-006
6321,1.0814e-006
6322,1.3483e-006
6323,1.2382e-006
6324,1.0727e-006
6325,1.1828e-006
6326,1.2625e-006
6327,1.1365e-006
6328,1.0735e-006
6329,1.056e-006
6330,1.228e-006
6331,1.0667e-006
6332,1.1748e-006
6333,1.0478e-006
6334,1.0156e-006
6335,1.118e-006
6336,1.0496e-006
6337,1.033e-006
6338,1.1908e-006
6339,1.2171e-006
6340,1.1662e-006
6341,1.147e-006
6342,1.0414e-006
6343,1.045e-006
6344,1.0989e-006
6345,1.0265e-006
6346,1.0128e-006
6347,1.1797e-006
6348,1.1376e-006
6349,1.038e-006
6350,1.0643e-006
6351,1.0793e-006
6352,1.0064e-006
6353,1.0129e-006
6354,1.1668e-006
6355,1.2208e-006
6356,1.1678e-006
6357,1.1285e-006
6358,1.103e-006
6359,1.0566e-006
6360,1.0553e-006
6361,1.0044e-006
6362,9.8374e-007
6363,1.1531e-006
6364,1.026e-006
6365,1.0923e-006
6366,1.0922e-006
6367,9.5741e-007
6368,1.1543e-006
6369,9.7341e-007
6370,1.1375e-006
6371,1.0105e-006
6372,1.0763e-006
6373,1.0162e-006
6374,9.6314e-007
6375,1.1521e-006
6376,1.0788e-006
6377,1.0242e-006
6378,7.1122e-007
6379,6.7107e-007
6380,6.3263e-007
6381,7.3503e-007
6382,7.3771e-007
6383,6.2415e-007
6384,6.7804e-007
6385,6.6568e-007
6386,6.6286e-007
6387,7.0078e-007
6388,8.1164e-007
6389,8.2602e-007
6390,8.5239e-007
6391,8.9486e-007
6392,9.2878e-007
6393,8.3209e-007
6394,8.2125e-007
6395,8.8498e-007
6396,8.8852e-007
6397,9.0585e-007
6398,8.9061e-007
6399,8.5609e-007
6400,7.1182e-007
6401,7.709e-007
6402,7.916e-007
6403,7.6209e-007
6404,7.7658e-007
6405,7.6487e-007
6406,7.1826e-007
6407,7.0063e-007
6408,7.4065e-007
6409,8.0036e-007
6410,5.9684e-007
6411,6.5874e-007
6412,5.7904e-007
6413,5.7097e-007
6414,6.2563e-007
6415,5.5473e-007
6416,6.6544e-007
6417,6.1687e-007
6418,7.081e-007
6419,6.2646e-007
6420,6.5131e-007
6421,6.214e-007
6422,6.7813e-007
6423,6.01e-007
6424,6.6215e-007
6425,7.1566e-007
6426,7.0713e-007
6427,6.1528e-007
6428,6.2315e-007
6429,6.5346e-007
6430,6.5103e-007
6431,6.2016e-007
6432,5.9978e-007
6433,6.9665e-007
6434,6.6169e-007
6435,7.0862e-007
6436,7.1626e-007
6437,6.2079e-007
6438,6.1338e-007
6439,6.5302e-007
6440,6.1952e-007
6441,6.1817e-007
6442,6.4233e-007
6443,6.6098e-007
6444,7.1343e-007
6445,7.0872e-007
6446,6.1966e-007
6447,6.7744e-007
6448,6.1852e-007
6449,6.7293e-007
6450,6.4272e-007
6451,6.614e-007
6452,7.2005e-007
6453,7.1377e-007
6454,6.1966e-007
6455,6.2381e-007
6456,6.8518e-007
6457,6.2255e-007
6458,6.192e-007
6459,6.7338e-007
6460,6.6318e-007
6461,7.0139e-007
6462,7.3891e-007
6463,7.2101e-007
6464,6.2393e-007
6465,6.2167e-007
6466,6.8605e-007
6467,6.6375e-007
6468,6.2364e-007
6469,6.1503e-007
6470,6.6444e-007
6471,7.1073e-007
6472,7.0235e-007
6473,6.0202e-007
6474,6.2204e-007
6475,6.0956e-007
6476,5.7363e-007
6477,6.6484e-007
6478,6.1695e-007
6479,6.6618e-007
6480,7.2044e-007
6481,7.126e-007
6482,6.0269e-007
6483,6.1063e-007
6484,6.6669e-007
6485,6.6559e-007
6486,6.1494e-007
6487,6.6963e-007
6488,7.2588e-007
6489,7.2179e-007
6490,6.0268e-007
6491,6.2162e-007
6492,6.2832e-007
6493,6.6727e-007
6494,6.7756e-007
6495,6.1653e-007
6496,6.7229e-007
6497,7.3135e-007
6498,7.2785e-007
6499,6.2383e-007
6500,6.0864e-007
6501,6.8602e-007
6502,6.2963e-007
6503,6.7939e-007
6504,6.3972e-007
6505,6.9923e-007
6506,6.7552e-007
6507,7.3769e-007
6508,7.3268e-007
6509,6.1215e-007
6510,6.2408e-007
6511,6.1097e-007
6512,6.8803e-007
6513,7.047e-007
6514,6.5043e-007
6515,6.7827e-007
6516,7.4625e-007
6517,7.388e-007
6518,6.1314e-007
6519,6.3036e-007
6520,6.1062e-007
6521,6.8627e-007
6522,7.0708e-007
6523,6.5244e-007
6524,6.8164e-007
6525,7.3737e-007
6526,7.4807e-007
6527,6.3289e-007
6528,6.1149e-007
6529,6.7734e-007
6530,6.328e-007
6531,6.8872e-007
6532,7.4128e-007
6533,6.8497e-007
6534,7.4454e-007
6535,7.3995e-007
6536,6.1584e-007
6537,6.3317e-007
6538,6.9421e-007
6539,6.7925e-007
6540,6.3528e-007
6541,6.8889e-007
6542,7.4755e-007
6543,7.4619e-007
6544,6.1834e-007
6545,6.3627e-007
6546,6.9604e-007
6547,6.2742e-007
6548,7.0345e-007
6549,6.3645e-007
6550,6.5353e-007
6551,6.919e-007
6552,7.5881e-007
6553,7.4922e-007
6554,6.3632e-007
6555,7.0642e-007
6556,6.5578e-007
6557,7.1931e-007
6558,6.9469e-007
6559,7.7585e-007
6560,7.4847e-007
6561,7.5965e-007
6562,6.2045e-007
6563,6.3862e-007
6564,6.3662e-007
6565,7.0269e-007
6566,6.5702e-007
6567,7.2103e-007
6568,6.9963e-007
6569,7.5051e-007
6570,6.2164e-007
6571,6.6466e-007
6572,6.3835e-007
6573,7.0486e-007
6574,6.7596e-007
6575,7.0136e-007
6576,7.5489e-007
6577,7.5157e-007
6578,6.663e-007
6579,6.9962e-007
6580,6.7803e-007
6581,7.6562e-007
6582,6.5152e-007
6583,7.0587e-007
6584,7.5975e-007
6585,7.5575e-007
6586,6.2417e-007
6587,6.5313e-007
6588,6.6689e-007
6589,7.0205e-007
6590,7.5496e-007
6591,6.5374e-007
6592,6.9468e-007
6593,7.0747e-007
6594,7.7341e-007
6595,7.6425e-007
6596,6.5577e-007
6597,6.5906e-007
6598,6.9579e-007
6599,7.1644e-007
6600,6.7314e-007
6601,7.0275e-007
6602,7.0907e-007
6603,7.8192e-007
6604,7.7238e-007
6605,6.2843e-007
6606,6.6017e-007
6607,6.6183e-007
6608,7.3638e-007
6609,7.1815e-007
6610,6.7465e-007
6611,7.1217e-007
6612,7.9268e-007
6613,7.8305e-007
6614,6.5897e-007
6615,6.2959e-007
6616,6.635e-007
6617,7.381e-007
6618,6.836e-007
6619,7.1463e-007
6620,7.7142e-007
6621,8.174e-007
6622,7.9467e-007
6623,6.5875e-007
6624,7.424e-007
6625,7.3957e-007
6626,6.8546e-007
6627,7.1845e-007
6628,7.7828e-007
6629,7.7417e-007
6630,6.3097e-007
6631,6.6097e-007
6632,7.4305e-007
6633,6.4827e-007
6634,7.311e-007
6635,6.8633e-007
6636,6.7479e-007
6637,6.9186e-007
6638,7.1977e-007
6639,7.8934e-007
6640,7.8024e-007
6641,6.3036e-007
6642,6.6335e-007
6643,7.4854e-007
6644,6.526e-007
6645,6.7629e-007
6646,6.9521e-007
6647,6.9256e-007
6648,7.1991e-007
6649,7.9611e-007
6650,7.9034e-007
6651,6.6431e-007
6652,7.4991e-007
6653,6.5341e-007
6654,7.5597e-007
6655,6.8193e-007
6656,7.6735e-007
6657,6.9582e-007
6658,7.2211e-007
6659,8.053e-007
6660,7.9696e-007
6661,6.548e-007
6662,6.6418e-007
6663,6.7253e-007
6664,7.5729e-007
6665,6.8313e-007
6666,7.2305e-007
6667,7.2446e-007
6668,7.749e-007
6669,8.2743e-007
6670,8.0499e-007
6671,6.5465e-007
6672,6.7074e-007
6673,7.6308e-007
6674,6.7379e-007
6675,6.9216e-007
6676,7.2452e-007
6677,7.2463e-007
6678,7.8598e-007
6679,7.7654e-007
6680,6.7036e-007
6681,7.4733e-007
6682,6.9315e-007
6683,7.2478e-007
6684,7.9425e-007
6685,7.8648e-007
6686,6.7175e-007
6687,6.4032e-007
6688,7.3063e-007
6689,7.4631e-007
6690,6.7656e-007
6691,6.9374e-007
6692,7.7555e-007
6693,7.2542e-007
6694,7.9894e-007
6695,7.9442e-007
6696,6.4172e-007
6697,6.8077e-007
6698,6.6616e-007
6699,7.303e-007
6700,7.5106e-007
6701,6.7664e-007
6702,7.2528e-007
6703,8.0386e-007
6704,7.987e-007
6705,6.8147e-007
6706,7.5905e-007
6707,6.6615e-007
6708,7.5107e-007
6709,6.8809e-007
6710,7.2658e-007
6711,7.8015e-007
6712,8.1283e-007
6713,8.0173e-007
6714,6.7324e-007
6715,6.8037e-007
6716,7.5951e-007
6717,6.8886e-007
6718,7.1942e-007
6719,7.2317e-007
6720,7.9255e-007
6721,7.8006e-007
6722,6.338e-007
6723,6.7285e-007
6724,6.5086e-007
6725,7.2902e-007
6726,7.1908e-007
6727,7.215e-007
6728,7.9441e-007
6729,7.9177e-007
6730,6.5414e-007
6731,6.3433e-007
6732,7.4448e-007
6733,6.4949e-007
6734,7.2793e-007
6735,6.7952e-007
6736,7.1927e-007
6737,7.9999e-007
6738,7.9291e-007
6739,6.5309e-007
6740,7.4387e-007
6741,7.3499e-007
6742,6.7849e-007
6743,6.9061e-007
6744,7.1628e-007
6745,8.1405e-007
6746,7.9804e-007
6747,7.9352e-007
6748,6.53e-007
6749,6.3219e-007
6750,7.2621e-007
6751,6.3993e-007
6752,7.3314e-007
6753,6.8898e-007
6754,7.1241e-007
6755,7.9231e-007
6756,7.8134e-007
6757,6.3151e-007
6758,6.5578e-007
6759,7.2406e-007
6760,6.3781e-007
6761,7.1609e-007
6762,7.0759e-007
6763,7.7891e-007
6764,7.77e-007
6765,6.2824e-007
6766,6.2864e-007
6767,6.5435e-007
6768,6.5538e-007
6769,7.1389e-007
6770,7.1674e-007
6771,7.042e-007
6772,7.748e-007
6773,7.6503e-007
6774,6.2483e-007
6775,6.5095e-007
6776,7.0644e-007
6777,6.5341e-007
6778,7.1479e-007
6779,7.459e-007
6780,6.9654e-007
6781,7.6205e-007
6782,7.5577e-007
6783,6.5009e-007
6784,6.4837e-007
6785,7.0298e-007
6786,6.9288e-007
6787,6.8844e-007
6788,7.5233e-007
6789,6.475e-007
6790,6.5491e-007
6791,6.8886e-007
6792,7.0928e-007
6793,6.7972e-007
6794,7.4676e-007
6795,7.4816e-007
6796,6.4337e-007
6797,5.9893e-007
6798,6.8409e-007
6799,6.5109e-007
6800,6.344e-007
6801,7.0531e-007
6802,6.6974e-007
6803,7.4437e-007
6804,7.4073e-007
6805,6.1763e-007
6806,5.9587e-007
6807,6.7973e-007
6808,7.6098e-007
6809,6.2907e-007
6810,6.9957e-007
6811,6.2935e-007
6812,6.6012e-007
6813,7.2609e-007
6814,7.3931e-007
6815,6.1435e-007
6816,5.9161e-007
6817,6.7379e-007
6818,6.2394e-007
6819,6.9465e-007
6820,6.4703e-007
6821,7.1942e-007
6822,7.2047e-007
6823,6.0834e-007
6824,5.7696e-007
6825,5.8697e-007
6826,6.7364e-007
6827,6.683e-007
6828,6.1122e-007
6829,6.3443e-007
6830,7.0383e-007
6831,7.0997e-007
6832,5.6812e-007
6833,5.7039e-007
6834,6.6158e-007
6835,6.6709e-007
6836,6.0615e-007
6837,6.2191e-007
6838,6.9688e-007
6839,6.964e-007
6840,5.6336e-007
6841,6.5453e-007
6842,5.9121e-007
6843,6.5749e-007
6844,5.9927e-007
6845,6.0928e-007
6846,6.7004e-007
6847,6.9823e-007
6848,6.8775e-007
6849,5.5737e-007
6850,5.6253e-007
6851,6.1487e-007
6852,5.8549e-007
6853,6.5037e-007
6854,5.6919e-007
6855,5.9844e-007
6856,6.6326e-007
6857,5.423e-007
6858,5.5668e-007
6859,6.0855e-007
6860,6.3076e-007
6861,5.6446e-007
6862,5.9256e-007
6863,6.413e-007
6864,6.5556e-007
6865,5.3989e-007
6866,5.3988e-007
6867,5.8391e-007
6868,5.4757e-007
6869,6.2522e-007
6870,5.5989e-007
6871,6.464e-007
6872,5.5532e-007
6873,6.3868e-007
6874,5.4093e-007
6875,5.8192e-007
6876,6.2089e-007
6877,5.4865e-007
6878,7.8513e-007
6879,6.1205e-007
6880,7.6309e-007
6881,7.028e-007
6882,6.5035e-007
6883,7.3574e-007
6884,6.6785e-007
6885,8.5115e-007
6886,9.1737e-007
6887,6.99e-007
6888,8.258e-007
6889,8.0369e-007
6890,8.8994e-007
6891,3.2632e-004
6892,3.4362e-004
6893,1.3209e-006
6894,1.0486e-006
6895,1.1119e-006
6896,9.7279e-007
6897,1.0232e-006
6898,9.2345e-007
6899,1.1817e-006
6900,1.0018e-006
6901,1.1269e-006
6902,2.9209e-004
6903,3.2651e-004
6904,2.9684e-004
6905,3.1095e-004
6906,2.9692e-004
6907,3.1259e-004
6908,2.5796e-004
6909,2.7975e-004
6910,2.6324e-004
6911,2.7984e-004
6912,2.241e-004
6913,2.2439e-004
6914,2.4627e-004
6915,2.2445e-004
6916,1.9077e-004
6917,2.0766e-004
6918,2.0774e-004
6919,1.5826e-004
6920,1.706e-004
6921,1.9119e-004
6922,1.2699e-004
6923,1.351e-004
6924,1.5459e-004
6925,9.7471e-005
6926,1.1991e-004
6927,1.0506e-004
6928,7.0394e-005
6929,7.903e-005
6930,9.087e-005
6931,4.7338e-005
6932,6.6142e-005
6933,5.4243e-005
6934,2.9026e-005
6935,4.3466e-005
6936,4.3879e-005
6937,3.4131e-005
6938,1.5916e-005
6939,1.7788e-005
6940,2.6029e-005
6941,8.4843e-006
6942,8.8989e-006
6943,1.2767e-005
6944,9.7201e-006
6945,4.5727e-006
6946,6.5587e-006
6947,4.9404e-006
6948,4.9704e-006
6949,5.2311e-006
6950,7.263e-006
6951,2.6345e-006
6952,2.7134e-006
6953,3.5061e-006
6954,2.7004e-006
6955,3.5289e-006
6956,1.8353e-006
6957,2.1989e-006
6958,1.8765e-006
6959,2.1881e-006
6960,1.9043e-006
6961,1.923e-006
6962,1.3458e-006
6963,1.5969e-006
6964,1.6245e-006
6965,1.4104e-006
6966,1.3573e-006
6967,1.0603e-006
6968,9.136e-007
6969,9.2424e-007
6970,1.1663e-006
6971,9.3815e-007
6972,1.1107e-006
6973,9.829e-007
6974,1.1087e-006
6975,1.2602e-006
6976,9.5533e-007
6977,9.6548e-007
6978,1.3561e-006
6979,1.1814e-006
6980,1.1428e-006
6981,1.0752e-006
6982,1.3468e-006
6983,1.1348e-006
6984,1.2795e-006
6985,1.948e-006
6986,1.4965e-006
6987,1.5214e-006
6988,1.2334e-006
6989,1.4947e-006
6990,1.6327e-006
6991,1.2635e-006
6992,3.4358e-004
6993,3.2231e-004
6994,3.2917e-004
6995,3.4394e-004
6996,3.225e-004
6997,3.2936e-004
6998,3.2701e-004
6999,3.4423e-004
7000,3.2954e-004
7001,3.2718e-004
7002,3.2895e-004
7003,3.444e-004
7004,3.2964e-004
7005,3.2778e-004
7006,3.2718e-004
7007,3.2908e-004
7008,3.3279e-004
7009,3.3635e-004
7010,3.444e-004
7011,3.3221e-004
7012,3.2781e-004
7013,3.3232e-004
7014,3.3638e-004
7015,3.4424e-004
7016,3.3217e-004
7017,3.3211e-004
7018,3.3227e-004
7019,3.3814e-004
7020,3.4397e-004
7021,3.2827e-004
7022,3.284e-004
7023,3.32e-004
7024,3.3803e-004
7025,3.2302e-004
7026,3.2811e-004
7027,3.2824e-004
7028,3.2989e-004
7029,1.5981e-006
7030,1.188e-006
7031,1.445e-006
7032,1.3663e-006
7033,1.3272e-006
7034,2.146e-006
7035,1.6682e-006
7036,1.8978e-006
7037,1.9451e-006
7038,1.5803e-006
7039,1.6995e-006
7040,1.5442e-006
7041,1.9172e-006
7042,3.1773e-006
7043,2.4291e-006
7044,2.9739e-006
7045,2.2229e-006
7046,2.2696e-006
7047,2.2425e-006
7048,2.6507e-006
7049,5.4559e-006
7050,3.712e-006
7051,4.6415e-006
7052,3.477e-006
7053,2.9391e-006
7054,3.3557e-006
7055,1.0661e-005
7056,8.1023e-006
7057,6.2526e-006
7058,4.9117e-006
7059,6.215e-006
7060,8.4078e-006
7061,2.142e-005
7062,1.827e-005
7063,1.1709e-005
7064,1.4251e-005
7065,1.2105e-005
7066,3.8746e-005
7067,2.7756e-005
7068,3.465e-005
7069,3.3491e-005
7070,2.5507e-005
7071,6.1084e-005
7072,5.4205e-005
7073,4.4845e-005
7074,4.3504e-005
7075,5.5514e-005
7076,8.7047e-005
7077,6.6293e-005
7078,6.7657e-005
7079,8.2296e-005
7080,8.0444e-005
7081,1.1574e-004
7082,9.6084e-005
7083,1.087e-004
7084,9.4188e-005
7085,1.4645e-004
7086,1.3044e-004
7087,1.427e-004
7088,1.3728e-004
7089,1.2356e-004
7090,1.7855e-004
7091,1.5851e-004
7092,1.5292e-004
7093,1.7091e-004
7094,2.1163e-004
7095,1.8854e-004
7096,1.8718e-004
7097,2.0397e-004
7098,2.4532e-004
7099,2.2132e-004
7100,2.3691e-004
7101,2.2065e-004
7102,2.8175e-004
7103,2.5496e-004
7104,2.5384e-004
7105,2.6951e-004
7106,3.0809e-004
7107,2.9099e-004
7108,3.0576e-004
7109,2.8894e-004
7110,1.0453e-006
7111,9.074e-007
7112,9.1766e-007
7113,1.2216e-006
7114,1.0345e-006
7115,1.1618e-006
7116,9.7331e-007
7117,1.0356e-006
7118,1.2389e-006
7119,9.3986e-007
7120,9.5448e-007
7121,1.2471e-006
7122,1.1392e-006
7123,1.065e-006
7124,1.2452e-006
7125,1.1287e-006
7126,1.2696e-006
7127,2.3158e-006
7128,1.6963e-006
7129,1.3668e-006
7130,1.3234e-006
7131,1.6129e-006
7132,1.3824e-006
7133,1.8689e-006
7134,2.3609e-004
7135,2.4097e-004
7136,2.3277e-004
7137,2.4589e-004
7138,2.3688e-004
7139,2.2794e-004
7140,2.2136e-004
7141,2.2703e-004
7142,2.3111e-004
7143,2.2582e-004
7144,2.2793e-004
7145,2.1927e-004
7146,2.1988e-004
7147,2.2344e-004
7148,2.2372e-004
7149,2.3608e-004
7150,2.2197e-004
7151,2.2943e-004
7152,2.2553e-004
7153,2.3219e-004
7154,2.4114e-004
7155,2.3518e-004
7156,2.4553e-004
7157,2.3796e-004
7158,1.5818e-005
7159,2.0217e-005
7160,1.7722e-005
7161,2.0558e-005
7162,1.7863e-005
7163,1.1556e-005
7164,1.1851e-005
7165,1.4617e-005
7166,1.0681e-005
7167,1.2391e-005
7168,1.4872e-005
7169,1.0503e-005
7170,1.0872e-005
7171,1.26e-005
7172,1.1571e-005
7173,1.0933e-005
7174,1.0927e-005
7175,9.6825e-006
7176,9.4536e-006
7177,9.82e-006
7178,9.8263e-006
7179,9.3885e-006
7180,9.7802e-006
7181,1.5818e-005
7182,1.1842e-005
7183,1.2404e-005
7184,1.0897e-005
7185,1.1113e-005
7186,1.0706e-005
7187,1.3324e-005
7188,1.5047e-005
7189,2.2438e-005
7190,1.8137e-005
7191,1.63e-005
7192,1.9344e-005
7193,1.6109e-005
7194,1.0257e-006
7195,1.0721e-006
7196,9.3305e-007
7197,9.1114e-007
7198,9.8601e-007
7199,9.4352e-007
7200,9.6589e-007
7201,1.039e-006
7202,1.0134e-006
7203,9.6134e-007
7204,1.0724e-006
7205,1.0067e-006
7206,1.0567e-006
7207,1.1101e-006
7208,9.5904e-007
7209,9.5112e-007
7210,9.7468e-007
7211,1.1272e-006
7212,1.0832e-006
7213,9.8379e-007
7214,1.0117e-006
7215,1.0613e-006
7216,9.7652e-007
7217,1.1006e-006
7218,1.0801e-006
7219,9.9286e-007
7220,9.8455e-007
7221,1.1817e-006
7222,1.1439e-006
7223,1.0966e-006
7224,1.0207e-006
7225,1.111e-006
7226,1.1001e-006
7227,1.007e-006
7228,1.0001e-006
7229,1.196e-006
7230,1.0555e-006
7231,1.0289e-006
7232,1.1212e-006
7233,1.1899e-006
7234,1.1194e-006
7235,1.0204e-006
7236,1.0146e-006
7237,1.2489e-006
7238,1.209e-006
7239,1.0751e-006
7240,1.0632e-006
7241,1.2009e-006
7242,1.1382e-006
7243,1.0348e-006
7244,1.0287e-006
7245,1.2609e-006
7246,1.082e-006
7247,1.2114e-006
7248,1.2014e-006
7249,1.1568e-006
7250,1.0396e-006
7251,1.0348e-006
7252,1.2727e-006
7253,1.2701e-006
7254,1.0889e-006
7255,1.1613e-006
7256,9.9153e-007
7257,1.2107e-006
7258,1.0311e-006
7259,1.3495e-006
7260,1.1735e-006
7261,1.0494e-006
7262,1.0421e-006
7263,1.2797e-006
7264,1.081e-006
7265,1.1688e-006
7266,1.0371e-006
7267,1.1905e-006
7268,1.0755e-006
7269,1.057e-006
7270,1.3588e-006
7271,1.2908e-006
7272,1.0871e-006
7273,1.1767e-006
7274,1.2093e-006
7275,1.2062e-006
7276,1.0936e-006
7277,1.0812e-006
7278,1.3705e-006
7279,1.3325e-006
7280,1.0934e-006
7281,1.0962e-006
7282,1.2661e-006
7283,1.2165e-006
7284,1.2216e-006
7285,1.1127e-006
7286,1.0989e-006
7287,1.3428e-006
7288,1.1026e-006
7289,1.2892e-006
7290,1.138e-006
7291,1.2739e-006
7292,1.2375e-006
7293,1.1188e-006
7294,1.122e-006
7295,1.4085e-006
7296,1.3517e-006
7297,1.2974e-006
7298,1.1423e-006
7299,1.1436e-006
7300,1.253e-006
7301,1.13e-006
7302,1.1272e-006
7303,1.4184e-006
7304,1.3787e-006
7305,1.1412e-006
7306,1.3046e-006
7307,1.2628e-006
7308,1.1479e-006
7309,1.2673e-006
7310,1.1344e-006
7311,1.1342e-006
7312,1.3883e-006
7313,1.1462e-006
7314,1.2691e-006
7315,1.2805e-006
7316,1.1385e-006
7317,1.1302e-006
7318,1.4462e-006
7319,1.3968e-006
7320,1.1518e-006
7321,1.3248e-006
7322,1.2757e-006
7323,1.1515e-006
7324,1.4504e-006
7325,1.2939e-006
7326,1.134e-006
7327,1.1657e-006
7328,1.4547e-006
7329,1.3312e-006
7330,1.1568e-006
7331,1.151e-006
7332,1.3678e-006
7333,1.3058e-006
7334,1.1699e-006
7335,1.4681e-006
7336,1.463e-006
7337,1.1995e-006
7338,1.1563e-006
7339,1.3746e-006
7340,1.319e-006
7341,1.1721e-006
7342,1.1781e-006
7343,1.4751e-006
7344,1.3455e-006
7345,1.1803e-006
7346,1.2038e-006
7347,1.3807e-006
7348,1.331e-006
7349,1.1808e-006
7350,1.1785e-006
7351,1.4823e-006
7352,1.6314e-006
7353,1.4753e-006
7354,1.3515e-006
7355,1.327e-006
7356,1.1848e-006
7357,1.5373e-006
7358,1.5177e-006
7359,1.3417e-006
7360,1.2001e-006
7361,1.1643e-006
7362,1.1839e-006
7363,1.4808e-006
7364,1.1858e-006
7365,1.332e-006
7366,1.1895e-006
7367,1.3493e-006
7368,1.2188e-006
7369,1.2037e-006
7370,1.4932e-006
7371,1.4877e-006
7372,1.5408e-006
7373,1.1899e-006
7374,1.3366e-006
7375,1.2615e-006
7376,1.3609e-006
7377,1.2334e-006
7378,1.223e-006
7379,1.4978e-006
7380,1.2667e-006
7381,1.4172e-006
7382,1.241e-006
7383,1.3705e-006
7384,1.2438e-006
7385,1.239e-006
7386,1.5221e-006
7387,1.5047e-006
7388,1.4216e-006
7389,1.2442e-006
7390,1.3792e-006
7391,1.2483e-006
7392,1.2463e-006
7393,1.5273e-006
7394,1.2531e-006
7395,1.4265e-006
7396,1.4014e-006
7397,1.2483e-006
7398,1.3872e-006
7399,1.2577e-006
7400,1.25e-006
7401,1.5312e-006
7402,1.5726e-006
7403,1.2568e-006
7404,1.4061e-006
7405,1.2574e-006
7406,1.4126e-006
7407,1.3943e-006
7408,1.2602e-006
7409,1.2613e-006
7410,1.5486e-006
7411,1.5771e-006
7412,1.4296e-006
7413,1.2611e-006
7414,1.2647e-006
7415,1.4162e-006
7416,1.2963e-006
7417,1.4006e-006
7418,1.265e-006
7419,1.2587e-006
7420,1.5535e-006
7421,1.4325e-006
7422,1.2668e-006
7423,1.3274e-006
7424,1.4325e-006
7425,1.4065e-006
7426,1.2616e-006
7427,1.256e-006
7428,1.5567e-006
7429,1.535e-006
7430,1.3301e-006
7431,1.4254e-006
7432,1.4359e-006
7433,1.3044e-006
7434,1.4127e-006
7435,1.2566e-006
7436,1.2387e-006
7437,1.3106e-006
7438,1.5822e-006
7439,1.5378e-006
7440,1.2842e-006
7441,1.441e-006
7442,1.4284e-006
7443,1.3073e-006
7444,1.4169e-006
7445,1.3134e-006
7446,1.312e-006
7447,1.5845e-006
7448,1.5604e-006
7449,1.2751e-006
7450,1.286e-006
7451,1.4443e-006
7452,1.226e-006
7453,1.4199e-006
7454,1.2398e-006
7455,1.2641e-006
7456,1.3157e-006
7457,1.6035e-006
7458,1.5631e-006
7459,1.2765e-006
7460,1.4454e-006
7461,1.463e-006
7462,1.2835e-006
7463,1.4233e-006
7464,1.2672e-006
7465,1.2773e-006
7466,1.6062e-006
7467,1.5667e-006
7468,1.4483e-006
7469,1.4642e-006
7470,1.2845e-006
7471,1.4256e-006
7472,1.2823e-006
7473,1.2763e-006
7474,1.5868e-006
7475,1.5682e-006
7476,1.45e-006
7477,1.4557e-006
7478,1.2845e-006
7479,1.2859e-006
7480,1.4277e-006
7481,1.283e-006
7482,1.2753e-006
7483,1.5873e-006
7484,1.4556e-006
7485,1.2849e-006
7486,1.4232e-006
7487,1.2753e-006
7488,1.2722e-006
7489,1.5867e-006
7490,1.5993e-006
7491,1.4563e-006
7492,1.328e-006
7493,1.4255e-006
7494,1.2687e-006
7495,1.2488e-006
7496,1.5998e-006
7497,1.466e-006
7498,1.3277e-006
7499,1.2581e-006
7500,1.1832e-006
7501,1.4231e-006
7502,1.2511e-006
7503,1.2749e-006
7504,1.6237e-006
7505,1.5987e-006
7506,1.465e-006
7507,1.2749e-006
7508,1.2571e-006
7509,1.4202e-006
7510,1.2753e-006
7511,1.2755e-006
7512,1.5921e-006
7513,1.6223e-006
7514,1.4637e-006
7515,1.4522e-006
7516,1.2738e-006
7517,1.4152e-006
7518,1.2699e-006
7519,1.2632e-006
7520,1.591e-006
7521,1.4504e-006
7522,1.2721e-006
7523,1.2827e-006
7524,1.178e-006
7525,1.4099e-006
7526,1.2641e-006
7527,1.2539e-006
7528,1.5883e-006
7529,1.5568e-006
7530,1.4117e-006
7531,1.4476e-006
7532,1.2605e-006
7533,1.2798e-006
7534,1.601e-006
7535,1.4028e-006
7536,1.2527e-006
7537,1.2401e-006
7538,1.5743e-006
7539,1.5523e-006
7540,1.4083e-006
7541,1.2571e-006
7542,1.3972e-006
7543,1.3938e-006
7544,1.2342e-006
7545,1.255e-006
7546,1.5693e-006
7547,1.2187e-006
7548,1.2539e-006
7549,1.3929e-006
7550,1.3804e-006
7551,1.2476e-006
7552,1.2499e-006
7553,1.5647e-006
7554,1.6118e-006
7555,1.5351e-006
7556,1.2148e-006
7557,1.2738e-006
7558,1.388e-006
7559,1.3682e-006
7560,1.2362e-006
7561,1.2391e-006
7562,1.6052e-006
7563,1.5325e-006
7564,1.529e-006
7565,1.3978e-006
7566,1.2685e-006
7567,1.2279e-006
7568,1.3547e-006
7569,1.2296e-006
7570,1.2124e-006
7571,1.5257e-006
7572,1.3907e-006
7573,1.2206e-006
7574,1.2162e-006
7575,1.3382e-006
7576,1.2077e-006
7577,1.1944e-006
7578,1.6641e-006
7579,1.5082e-006
7580,1.5171e-006
7581,1.3673e-006
7582,1.3836e-006
7583,1.2086e-006
7584,1.3191e-006
7585,1.1838e-006
7586,1.1683e-006
7587,1.4988e-006
7588,1.3575e-006
7589,1.1685e-006
7590,1.2005e-006
7591,1.2969e-006
7592,1.1589e-006
7593,1.1746e-006
7594,1.5199e-006
7595,1.4873e-006
7596,1.3602e-006
7597,1.3475e-006
7598,1.1937e-006
7599,1.1593e-006
7600,1.2712e-006
7601,1.1475e-006
7602,1.1656e-006
7603,1.5073e-006
7604,1.401e-006
7605,1.3478e-006
7606,1.1818e-006
7607,1.1952e-006
7608,1.2462e-006
7609,1.1377e-006
7610,1.1113e-006
7611,1.3859e-006
7612,1.1243e-006
7613,1.2839e-006
7614,1.1828e-006
7615,1.2179e-006
7616,1.1215e-006
7617,1.1001e-006
7618,1.4597e-006
7619,1.3726e-006
7620,1.11e-006
7621,1.2688e-006
7622,1.1844e-006
7623,1.1175e-006
7624,1.1063e-006
7625,1.3948e-006
7626,1.4418e-006
7627,1.0965e-006
7628,1.2533e-006
7629,1.1366e-006
7630,1.1515e-006
7631,1.0511e-006
7632,1.0993e-006
7633,1.3768e-006
7634,1.403e-006
7635,1.0666e-006
7636,9.8011e-007
7637,1.1199e-006
7638,1.1886e-006
7639,1.0417e-006
7640,1.037e-006
7641,1.3811e-006
7642,1.022e-006
7643,1.1505e-006
7644,1.0485e-006
7645,1.1688e-006
7646,1.3271e-006
7647,1.0638e-006
7648,1.1764e-006
7649,1.3312e-006
7650,1.1967e-006
7651,1.1179e-006
7652,1.0939e-006
7653,1.1887e-006
7654,1.1507e-006
7655,1.2413e-006
7656,1.1602e-006
7657,1.7401e-006
7658,1.3525e-006
7659,1.4715e-006
7660,1.5254e-006
7661,1.7906e-006
7662,1.4841e-006
7663,1.3619e-006
7664,1.7004e-006
7665,1.3173e-006
7666,1.4735e-006
7667,1.4169e-006
7668,1.6679e-006
7669,2.4795e-006
7670,1.6909e-006
7671,2.0557e-006
7672,2.4818e-006
7673,2.0411e-006
7674,1.703e-006
7675,2.1613e-006
7676,1.9954e-006
7677,1.9219e-006
7678,2.4351e-006
7679,1.8981e-006
7680,3.5329e-006
7681,2.5417e-006
7682,2.9411e-006
7683,3.878e-006
7684,3.0302e-006
7685,4.2232e-006
7686,3.531e-006
7687,2.4545e-006
7688,2.9517e-006
7689,2.6728e-006
7690,3.125e-006
7691,3.0014e-006
7692,2.7481e-006
7693,4.3651e-006
7694,3.406e-006
7695,3.724e-006
7696,4.9643e-006
7697,4.7928e-006
7698,4.027e-006
7699,3.483e-006
7700,4.3154e-006
7701,5.0843e-006
7702,3.1747e-006
7703,4.1732e-006
7704,3.7082e-006
7705,3.6013e-006
7706,3.1793e-006
7707,4.4168e-006
7708,3.9636e-006
7709,3.8165e-006
7710,5.3267e-006
7711,5.2569e-006
7712,3.7199e-006
7713,4.5743e-006
7714,4.7501e-006
7715,3.983e-006
7716,3.9526e-006
7717,3.6042e-006
7718,3.5853e-006
7719,3.6192e-006
7720,3.2499e-006
7721,4.9446e-006
7722,5.0735e-006
7723,3.5568e-006
7724,3.1209e-006
7725,4.4902e-006
7726,3.7673e-006
7727,5.1531e-006
7728,3.4552e-006
7729,3.4172e-006
7730,4.0156e-006
7731,4.146e-006
7732,4.5727e-006
7733,2.4657e-006
7734,2.2812e-006
7735,2.7845e-006
7736,4.3274e-006
7737,3.9805e-006
7738,3.0275e-006
7739,2.3784e-006
7740,2.5351e-006
7741,2.6661e-006
7742,2.8478e-006
7743,2.983e-006
7744,3.8068e-006
7745,2.5096e-006
7746,3.597e-006
7747,3.3689e-006
7748,1.5665e-006
7749,1.6105e-006
7750,1.7968e-006
7751,2.0006e-006
7752,2.45e-006
7753,1.8841e-006
7754,2.0433e-006
7755,1.6464e-006
7756,1.7258e-006
7757,1.7262e-006
7758,2.315e-006
7759,1.6601e-006
7760,2.0203e-006
7761,1.1053e-006
7762,1.2783e-006
7763,1.4437e-006
7764,1.2615e-006
7765,1.6115e-006
7766,1.1775e-006
7767,1.3274e-006
7768,1.2578e-006
7769,1.1388e-006
7770,1.2524e-006
7771,1.1421e-006
7772,1.1725e-006
7773,1.3911e-006
7774,1.2107e-006
7775,5.8196e-007
7776,6.6137e-007
7777,5.9962e-007
7778,5.805e-007
7779,6.1165e-007
7780,5.7416e-007
7781,4.416e-007
7782,6.1495e-007
7783,5.5687e-007
7784,5.8025e-007
7785,5.0539e-007
7786,5.0864e-007
7787,5.6321e-007
7788,5.3935e-007
7789,4.933e-007
7790,1.4823e-007
7791,4.0116e-007
7792,3.3399e-007
7793,3.4801e-007
7794,4.247e-007
7795,3.829e-007
7796,4.0531e-007
7797,3.0045e-007
7798,2.1545e-007
7799,1.5297e-007
7800,1.3083e-007
7801,1.8492e-007
7802,5.916e-008
7803,1.6951e-008
7804,1.1366e-007
7805,1.2476e-007
7806,1.3244e-007
7807,7.8906e-007
7808,9.1399e-007
7809,8.542e-007
7810,7.264e-007
7811,8.3114e-007
7812,8.9949e-007
7813,7.9459e-007
7814,6.5017e-007
7815,7.6774e-007
7816,7.1633e-007
7817,6.7294e-007
7818,7.3036e-007
7819,6.5212e-007
7820,6.9302e-007
7821,4.5229e-007
7822,5.4883e-007
7823,5.6151e-007
7824,4.5534e-007
7825,5.0104e-007
7826,5.3486e-007
7827,5.7351e-007
7828,5.2131e-007
7829,4.7931e-007
7830,5.1301e-007
7831,2.0356e-007
7832,3.6604e-007
7833,4.3295e-007
7834,3.6115e-007
7835,4.0636e-007
7836,4.2718e-007
7837,3.5553e-007
7838,3.1827e-007
7839,1.995e-007
7840,1.8048e-007
7841,1.9036e-007
7842,2.2209e-007
7843,1.0452e-007
7844,1.6127e-007
7845,6.5682e-008
7846,1.6193e-007
7847,1.9272e-007
7848,1.7783e-007
7849,1.6664e-007
7850,1.3939e-006
7851,9.0833e-007
7852,1.2799e-006
7853,7.4246e-007
7854,6.141e-007
7855,8.6069e-007
7856,1.7509e-006
7857,2.0894e-006
7858,1.1625e-006
7859,1.5069e-006
7860,1.8142e-006
7861,1.573e-006
7862,1.327e-006
7863,1.5238e-006
7864,1.7862e-006
7865,2.0461e-006
7866,1.5977e-006
7867,1.8375e-006
7868,1.5643e-006
7869,1.0307e-006
7870,1.3929e-006
7871,1.1143e-006
7872,7.8295e-007
7873,1.1061e-006
7874,7.8614e-007
7875,6.7183e-007
7876,7.1123e-007
7877,6.4865e-007
7878,7.569e-007
7879,7.3963e-007
7880,6.3532e-007
7881,6.0876e-007
7882,6.5885e-007
7883,7.2331e-007
7884,6.8856e-007
7885,6.4363e-007
7886,5.962e-007
7887,5.6502e-007
7888,6.5087e-007
7889,5.5658e-007
7890,6.0567e-007
7891,5.6633e-007
7892,5.5815e-007
7893,5.9701e-007
7894,6.0278e-007
7895,6.5477e-007
7896,6.435e-007
7897,5.5522e-007
7898,5.4901e-007
7899,5.5895e-007
7900,6.1452e-007
7901,5.9909e-007
7902,5.705e-007
7903,6.1368e-007
7904,6.5052e-007
7905,5.5045e-007
7906,5.532e-007
7907,5.6564e-007
7908,6.195e-007
7909,6.3566e-007
7910,5.7417e-007
7911,6.1828e-007
7912,6.2761e-007
7913,6.5611e-007
7914,6.7593e-007
7915,5.5563e-007
7916,5.9298e-007
7917,6.4957e-007
7918,5.7121e-007
7919,6.4293e-007
7920,6.1187e-007
7921,5.5804e-007
7922,6.4049e-007
7923,7.0184e-007
7924,6.8328e-007
7925,6.0065e-007
7926,6.5658e-007
7927,6.0056e-007
7928,6.4157e-007
7929,6.1841e-007
7930,5.8419e-007
7931,6.5215e-007
7932,7.0853e-007
7933,7.2334e-007
7934,5.6018e-007
7935,6.1168e-007
7936,6.0503e-007
7937,6.171e-007
7938,6.0678e-007
7939,6.7718e-007
7940,6.4821e-007
7941,6.6469e-007
7942,7.2079e-007
7943,7.2866e-007
7944,6.1916e-007
7945,6.2295e-007
7946,6.9224e-007
7947,6.8392e-007
7948,6.3618e-007
7949,6.7556e-007
7950,7.3595e-007
7951,7.2521e-007
7952,6.1145e-007
7953,5.7445e-007
7954,6.2303e-007
7955,6.9794e-007
7956,5.8961e-007
7957,6.4278e-007
7958,6.4879e-007
7959,6.8468e-007
7960,7.4947e-007
7961,7.4221e-007
7962,6.1585e-007
7963,6.3398e-007
7964,7.1451e-007
7965,7.0537e-007
7966,6.5404e-007
7967,6.9563e-007
7968,7.6606e-007
7969,7.5388e-007
7970,6.2017e-007
7971,6.4921e-007
7972,6.3946e-007
7973,7.1929e-007
7974,6.6688e-007
7975,7.0199e-007
7976,7.8941e-007
7977,7.7017e-007
7978,7.6901e-007
7979,6.5378e-007
7980,6.7082e-007
7981,7.3888e-007
7982,6.9582e-007
7983,7.0748e-007
7984,7.7344e-007
7985,6.3471e-007
7986,6.5612e-007
7987,6.5789e-007
7988,6.9985e-007
7989,7.1191e-007
7990,7.7188e-007
7991,7.761e-007
7992,6.3821e-007
7993,6.2965e-007
7994,7.2451e-007
7995,6.598e-007
7996,6.7133e-007
7997,7.7818e-007
7998,7.0349e-007
7999,7.1791e-007
8000,7.8507e-007
8001,7.7495e-007
8002,6.553e-007
8003,6.3358e-007
8004,7.2699e-007
8005,7.1589e-007
8006,6.7301e-007
8007,6.3502e-007
8008,7.2094e-007
8009,7.9151e-007
8010,7.8653e-007
8011,6.5776e-007
8012,6.7488e-007
8013,7.1848e-007
8014,7.3788e-007
8015,7.7552e-007
8016,6.3611e-007
8017,7.2402e-007
8018,7.9824e-007
8019,7.9333e-007
8020,6.5839e-007
8021,6.4048e-007
8022,6.539e-007
8023,6.7692e-007
8024,7.3258e-007
8025,7.3999e-007
8026,7.2698e-007
8027,8.0383e-007
8028,7.9911e-007
8029,6.403e-007
8030,6.7604e-007
8031,7.5519e-007
8032,6.5554e-007
8033,7.346e-007
8034,7.2919e-007
8035,7.8258e-007
8036,8.149e-007
8037,8.0429e-007
8038,6.766e-007
8039,6.7877e-007
8040,7.3122e-007
8041,7.5559e-007
8042,6.5608e-007
8043,6.5016e-007
8044,6.8172e-007
8045,7.2926e-007
8046,7.9814e-007
8047,7.8249e-007
8048,6.7739e-007
8049,7.3186e-007
8050,6.8634e-007
8051,7.587e-007
8052,7.2994e-007
8053,8.0018e-007
8054,7.9699e-007
8055,6.7696e-007
8056,6.6895e-007
8057,6.721e-007
8058,6.8687e-007
8059,7.4905e-007
8060,7.5946e-007
8061,7.3063e-007
8062,8.0925e-007
8063,7.9983e-007
8064,6.681e-007
8065,6.8111e-007
8066,6.7257e-007
8067,7.6582e-007
8068,7.5003e-007
8069,7.3159e-007
8070,8.2515e-007
8071,8.0851e-007
8072,8.0217e-007
8073,6.8273e-007
8074,6.7227e-007
8075,7.6557e-007
8076,7.1619e-007
8077,7.63e-007
8078,7.2925e-007
8079,7.9602e-007
8080,8.0379e-007
8081,6.4703e-007
8082,6.8132e-007
8083,7.4762e-007
8084,6.6429e-007
8085,7.1667e-007
8086,7.6192e-007
8087,7.2816e-007
8088,7.9108e-007
8089,7.9728e-007
8090,6.75e-007
8091,6.4823e-007
8092,7.468e-007
8093,6.8689e-007
8094,7.5266e-007
8095,6.6263e-007
8096,7.0798e-007
8097,7.2615e-007
8098,7.9057e-007
8099,7.9092e-007
8100,6.7456e-007
8101,6.8597e-007
8102,7.5206e-007
8103,7.4282e-007
8104,6.7092e-007
8105,7.2492e-007
8106,7.957e-007
8107,7.898e-007
8108,6.5491e-007
8109,6.7288e-007
8110,6.9056e-007
8111,7.4633e-007
8112,6.8024e-007
8113,7.4161e-007
8114,6.944e-007
8115,6.7064e-007
8116,7.2278e-007
8117,7.9838e-007
8118,7.9391e-007
8119,6.9037e-007
8120,7.4579e-007
8121,6.793e-007
8122,7.5432e-007
8123,6.9562e-007
8124,7.2092e-007
8125,8.0095e-007
8126,7.9644e-007
8127,6.8855e-007
8128,6.6597e-007
8129,7.535e-007
8130,6.9507e-007
8131,6.8271e-007
8132,7.1854e-007
8133,8.1725e-007
8134,7.9919e-007
8135,7.9969e-007
8136,6.3982e-007
8137,6.6499e-007
8138,7.3125e-007
8139,7.5192e-007
8140,7.6585e-007
8141,6.8114e-007
8142,6.8369e-007
8143,7.157e-007
8144,7.9785e-007
8145,7.9358e-007
8146,6.3866e-007
8147,6.2889e-007
8148,7.2977e-007
8149,7.2237e-007
8150,6.8253e-007
8151,7.136e-007
8152,7.9266e-007
8153,7.9012e-007
8154,6.2811e-007
8155,6.7058e-007
8156,6.5792e-007
8157,7.3327e-007
8158,7.2053e-007
8159,6.8108e-007
8160,7.1153e-007
8161,7.8928e-007
8162,7.8461e-007
8163,6.7007e-007
8164,6.5609e-007
8165,7.3139e-007
8166,6.8644e-007
8167,7.4379e-007
8168,7.079e-007
8169,7.8357e-007
8170,7.7901e-007
8171,6.554e-007
8172,6.684e-007
8173,6.6472e-007
8174,7.3706e-007
8175,6.8469e-007
8176,7.4145e-007
8177,7.2696e-007
8178,7.0504e-007
8179,7.7636e-007
8180,7.7049e-007
8181,6.1599e-007
8182,6.542e-007
8183,6.5606e-007
8184,6.6338e-007
8185,7.2493e-007
8186,6.6358e-007
8187,7.247e-007
8188,7.0153e-007
8189,7.6846e-007
8190,7.6209e-007
8191,6.5528e-007
8192,7.1765e-007
8193,6.4575e-007
8194,7.234e-007
8195,6.618e-007
8196,6.9851e-007
8197,7.5961e-007
8198,7.6315e-007
8199,6.5417e-007
8200,6.5269e-007
8201,7.1653e-007
8202,6.4468e-007
8203,7.2677e-007
8204,6.958e-007
8205,7.603e-007
8206,7.5969e-007
8207,6.5364e-007
8208,6.3379e-007
8209,6.4305e-007
8210,6.9624e-007
8211,7.243e-007
8212,6.298e-007
8213,6.9326e-007
8214,7.5165e-007
8215,7.5795e-007
8216,6.3382e-007
8217,6.9358e-007
8218,6.9919e-007
8219,6.2793e-007
8220,7.2178e-007
8221,6.4855e-007
8222,6.883e-007
8223,7.3485e-007
8224,7.4914e-007
8225,6.2162e-007
8226,6.3206e-007
8227,6.1907e-007
8228,7.0752e-007
8229,6.4545e-007
8230,6.9689e-007
8231,6.4714e-007
8232,6.8467e-007
8233,7.4361e-007
8234,7.316e-007
8235,6.1857e-007
8236,6.3572e-007
8237,6.9789e-007
8238,7.0578e-007
8239,6.4444e-007
8240,6.817e-007
8241,7.4108e-007
8242,7.4135e-007
8243,6.3495e-007
8244,6.9572e-007
8245,6.3546e-007
8246,6.4205e-007
8247,7.0454e-007
8248,6.7813e-007
8249,7.439e-007
8250,7.3826e-007
8251,6.1904e-007
8252,6.3313e-007
8253,6.7707e-007
8254,6.3408e-007
8255,6.347e-007
8256,7.025e-007
8257,6.7529e-007
8258,7.5589e-007
8259,7.3952e-007
8260,7.4166e-007
8261,6.1617e-007
8262,6.7529e-007
8263,6.3343e-007
8264,7.0314e-007
8265,6.7237e-007
8266,7.3828e-007
8267,7.2947e-007
8268,6.1555e-007
8269,6.1897e-007
8270,6.2245e-007
8271,6.3162e-007
8272,6.8974e-007
8273,7.0054e-007
8274,6.5026e-007
8275,6.6887e-007
8276,7.2788e-007
8277,7.235e-007
8278,6.0609e-007
8279,6.1717e-007
8280,6.2095e-007
8281,6.6878e-007
8282,6.8766e-007
8283,6.101e-007
8284,6.6649e-007
8285,7.2161e-007
8286,7.1335e-007
8287,6.0557e-007
8288,6.628e-007
8289,6.6713e-007
8290,6.1784e-007
8291,6.0818e-007
8292,7.0428e-007
8293,6.6457e-007
8294,7.1233e-007
8295,7.0978e-007
8296,6.0417e-007
8297,6.1227e-007
8298,6.1152e-007
8299,6.6084e-007
8300,6.8078e-007
8301,6.1704e-007
8302,6.6398e-007
8303,7.1434e-007
8304,7.0868e-007
8305,6.1198e-007
8306,6.1051e-007
8307,6.2369e-007
8308,6.7948e-007
8309,6.3891e-007
8310,6.6283e-007
8311,7.1302e-007
8312,7.1417e-007
8313,5.8774e-007
8314,6.1116e-007
8315,6.7772e-007
8316,6.2337e-007
8317,6.3666e-007
8318,6.3782e-007
8319,6.6201e-007
8320,7.1266e-007
8321,7.1176e-007
8322,5.8888e-007
8323,6.0233e-007
8324,6.0203e-007
8325,6.2255e-007
8326,6.6318e-007
8327,6.3587e-007
8328,6.8351e-007
8329,6.6382e-007
8330,7.1144e-007
8331,7.1039e-007
8332,6.2927e-007
8333,6.0358e-007
8334,6.0202e-007
8335,6.6248e-007
8336,6.8146e-007
8337,6.3231e-007
8338,6.6627e-007
8339,7.0994e-007
8340,7.2228e-007
8341,7.0808e-007
8342,6.3142e-007
8343,6.1615e-007
8344,6.8161e-007
8345,6.5688e-007
8346,6.3245e-007
8347,7.1245e-007
8348,7.084e-007
8349,6.2843e-007
8350,6.3374e-007
8351,6.054e-007
8352,6.5776e-007
8353,6.1738e-007
8354,6.5743e-007
8355,8.1226e-007
8356,7.9482e-007
8357,8.0893e-007
8358,7.6206e-007
8359,6.9786e-007
8360,7.4425e-007
8361,7.6221e-007
8362,6.8014e-007
8363,7.2403e-007
8364,7.2452e-007
8365,7.809e-007
8366,7.7776e-007
8367,8.5169e-007
8368,8.7159e-007
8369,8.825e-007
8370,9.039e-007
8371,8.1768e-007
8372,9.0194e-007
8373,8.3729e-007
8374,8.3324e-007
8375,3.1803e-014
8376,2.7737e-014
8377,2.8354e-014
8378,2.3619e-014
8379,1.1878e-013
8380,3.2714e-014
8381,6.1884e-014
8382,4.4086e-014
8383,7.9949e-014
8384,3.3357e-014
8385,5.2871e-013
8386,1.25e-013
8387,3.2319e-013
8388,1.6587e-013
8389,2.3598e-012
8390,6.7263e-013
8391,1.4063e-012
8392,1.0481e-011
8393,4.1189e-012
8394,3.0565e-012
8395,6.5002e-012
8396,4.753e-011
8397,1.3254e-011
8398,2.7745e-011
8399,1.975e-010
8400,6.2427e-011
8401,1.1291e-010
8402,6.0712e-011
8403,8.6616e-010
8404,2.432e-010
8405,4.1171e-010
8406,4.6085e-010
8407,2.4076e-010
8408,4.0333e-009
8409,1.4732e-009
8410,8.5746e-010
8411,1.9696e-009
8412,9.8431e-010
8413,1.4626e-008
8414,3.171e-009
8415,4.2648e-009
8416,8.2536e-009
8417,5.1252e-008
8418,1.1179e-008
8419,2.799e-008
8420,1.5503e-008
8421,1.3258e-007
8422,5.9892e-008
8423,1.1539e-007
8424,5.2641e-008
8425,8.5776e-008
8426,1.1558e-007
8427,1.0469e-007
8428,2.4166e-007
8429,1.6563e-007
8430,2.2502e-007
8431,2.1102e-007
8432,1.6182e-007
8433,1.4941e-007
8434,1.9531e-007
8435,3.5858e-007
8436,2.8864e-007
8437,3.4226e-007
8438,2.601e-007
8439,3.0893e-007
8440,2.4546e-007
8441,4.5353e-007
8442,4.3848e-007
8443,4.0822e-007
8444,3.3859e-007
8445,3.8782e-007
8446,4.345e-007
8447,3.5537e-007
8448,5.2126e-007
8449,4.7828e-007
8450,5.0421e-007
8451,4.1737e-007
8452,4.9919e-007
8453,4.7245e-007
8454,5.3279e-007
8455,5.2426e-007
8456,5.4512e-007
8457,4.9751e-007
8458,3.6539e-014
8459,2.4625e-014
8460,2.0049e-014
8461,2.8387e-014
8462,4.9537e-007
8463,5.1328e-007
8464,5.0907e-007
8465,5.2147e-007
8466,4.0122e-007
8467,4.7613e-007
8468,4.2959e-007
8469,4.7384e-007
8470,4.1326e-007
8471,4.372e-007
8472,4.0537e-007
8473,2.9107e-007
8474,3.7246e-007
8475,3.2309e-007
8476,3.1687e-007
8477,3.6798e-007
8478,3.5453e-007
8479,1.8006e-007
8480,2.1995e-007
8481,2.7003e-007
8482,2.1418e-007
8483,2.6902e-007
8484,2.253e-007
8485,1.7221e-007
8486,2.6245e-007
8487,8.2697e-008
8488,1.1576e-007
8489,1.59e-007
8490,1.625e-007
8491,8.6883e-008
8492,1.2874e-007
8493,2.7211e-008
8494,2.7672e-008
8495,7.2346e-008
8496,2.9853e-008
8497,5.0814e-008
8498,5.5188e-008
8499,6.5412e-009
8500,7.9259e-009
8501,1.4266e-008
8502,7.4873e-009
8503,1.4864e-008
8504,1.6083e-009
8505,2.0991e-009
8506,3.6172e-009
8507,1.9823e-009
8508,3.8165e-010
8509,5.2021e-010
8510,3.1472e-010
8511,4.978e-010
8512,9.4302e-010
8513,8.4228e-011
8514,9.0357e-011
8515,1.4519e-010
8516,5.443e-011
8517,1.1262e-010
8518,2.3759e-010
8519,6.5154e-011
8520,1.8096e-011
8521,2.4903e-011
8522,2.8993e-011
8523,4.2983e-012
8524,6.624e-012
8525,7.2019e-012
8526,1.4733e-011
8527,4.6979e-012
8528,9.3083e-013
8529,1.198e-012
8530,2.1301e-012
8531,1.857e-013
8532,3.4416e-013
8533,1.865e-013
8534,5.6474e-013
8535,2.5849e-013
8536,7.8493e-014
8537,1.073e-013
8538,5.5248e-014
8539,9.747e-008
8540,1.1332e-007
8541,9.4797e-008
8542,1.7898e-007
8543,1.3871e-007
8544,1.2802e-007
8545,1.7298e-007
8546,3.5256e-008
8547,7.1169e-008
8548,6.443e-008
8549,4.3598e-008
8550,5.319e-008
8551,3.502e-008
8552,1.1077e-008
8553,1.8726e-008
8554,1.1523e-008
8555,2.8271e-008
8556,1.3496e-008
8557,2.1093e-008
8558,3.0654e-009
8559,7.2128e-009
8560,3.9353e-009
8561,7.7985e-009
8562,4.7142e-009
8563,2.2499e-009
8564,1.1658e-009
8565,8.0984e-010
8566,1.4098e-009
8567,2.6953e-009
8568,8.8721e-013
8569,8.9658e-013
8570,1.289e-012
8571,9.215e-013
8572,1.1852e-012
8573,3.714e-013
8574,6.4195e-013
8575,3.9679e-013
8576,6.9989e-013
8577,3.7208e-013
8578,5.0459e-013
8579,1.1963e-013
8580,1.3322e-013
8581,2.5783e-013
8582,1.3448e-013
8583,2.3449e-013
8584,3.8129e-014
8585,9.0086e-014
8586,5.4843e-014
8587,8.3807e-014
8588,4.3292e-014
8589,1.4399e-014
8590,2.4233e-014
8591,3.461e-014
8592,2.5208e-014
8593,1.424e-014
8594,6.0104e-007
8595,7.1666e-007
8596,6.9048e-007
8597,6.0585e-007
8598,5.817e-007
8599,6.6445e-007
8600,6.1551e-007
8601,5.6157e-007
8602,6.0784e-007
8603,5.5492e-007
8604,6.7273e-007
8605,5.7883e-007
8606,5.2572e-007
8607,5.5758e-007
8608,6.4348e-007
8609,5.7504e-007
8610,5.4275e-007
8611,5.0028e-007
8612,5.1291e-007
8613,6.4961e-007
8614,7.6128e-007
8615,4.9424e-007
8616,4.3134e-007
8617,4.1812e-007
8618,6.0435e-007
8619,5.5572e-007
8620,4.1841e-007
8621,4.7768e-007
8622,7.1709e-007
8623,4.9582e-007
8624,7.4995e-007
8625,7.976e-007
8626,3.1793e-007
8627,3.9922e-007
8628,3.4398e-007
8629,5.9586e-007
8630,4.3108e-007
8631,4.5064e-007
8632,4.1264e-007
8633,5.6837e-007
8634,3.5097e-007
8635,4.8472e-007
8636,7.892e-007
8637,8.1142e-007
8638,2.9687e-007
8639,3.3161e-007
8640,4.3675e-007
8641,3.8128e-007
8642,5.6707e-007
8643,3.5385e-007
8644,5.399e-007
8645,4.8093e-007
8646,7.8983e-007
8647,7.8098e-007
8648,3.4179e-007
8649,3.306e-007
8650,2.841e-007
8651,5.5878e-007
8652,4.0764e-007
8653,3.3744e-007
8654,3.8998e-007
8655,4.4612e-007
8656,6.984e-007
8657,3.7273e-007
8658,4.7965e-007
8659,5.3522e-007
8660,4.7585e-007
8661,7.5768e-007
8662,3.3297e-007
8663,3.3705e-007
8664,5.5293e-007
8665,4.0444e-007
8666,4.8599e-007
8667,4.2718e-007
8668,3.5806e-007
8669,4.8767e-007
8670,6.4199e-007
8671,4.8826e-007
8672,7.8753e-007
8673,7.9259e-007
8674,2.5464e-007
8675,3.3428e-007
8676,4.7814e-007
8677,3.6484e-007
8678,6.3896e-007
8679,5.2594e-007
8680,5.0694e-007
8681,7.9671e-007
8682,8.112e-007
8683,2.6642e-007
8684,3.5049e-007
8685,2.794e-007
8686,6.0659e-007
8687,3.8188e-007
8688,3.5462e-007
8689,4.4396e-007
8690,7.2498e-007
8691,3.6409e-007
8692,5.2124e-007
8693,5.6812e-007
8694,4.0139e-007
8695,5.5518e-007
8696,6.5642e-007
8697,7.7544e-007
8698,8.1656e-007
8699,3.8926e-007
8700,4.8876e-007
8701,4.3929e-007
8702,6.0759e-007
8703,3.7977e-007
8704,5.5298e-007
8705,7.7262e-007
8706,4.5908e-007
8707,4.8603e-007
8708,4.3783e-007
8709,4.1368e-007
8710,6.9654e-007
8711,6.8819e-007
8712,5.4278e-007
8713,5.8128e-007
8714,5.8226e-007
8715,5.8258e-007
8716,6.2759e-007
8717,5.4249e-007
8718,5.6127e-007
8719,6.5626e-007
8720,4.9378e-007
8721,5.2871e-007
8722,2.6414e-014
8723,1.8632e-014
8724,2.6871e-014
8725,2.8682e-014
8726,2.481e-014
8727,2.646e-014
8728,2.7824e-014
8729,1.4636e-014
8730,2.338e-014
8731,1.8251e-014
8732,1.3512e-014
8733,1.4759e-014
8734,1.0265e-014
8735,1.2085e-014
8736,9.8622e-015
8737,9.1012e-015
8738,2.5318e-014
8739,1.2439e-014
8740,2.379e-014
8741,1.5286e-014
8742,1.9542e-014
8743,1.4292e-014
8744,2.7429e-014
8745,2.7163e-014
8746,2.7636e-014
8747,2.7475e-014
8748,2.8129e-014
8749,2.2866e-014
8750,3.241e-006
8751,4.0415e-006
8752,3.5076e-006
8753,4.1168e-006
8754,3.9808e-006
8755,3.5812e-006
8756,2.4462e-006
8757,3.0566e-006
8758,2.647e-006
8759,2.4527e-006
8760,3.1385e-006
8761,2.9953e-006
8762,2.7261e-006
8763,2.7252e-006
8764,1.8094e-006
8765,2.289e-006
8766,1.9953e-006
8767,2.1196e-006
8768,1.7763e-006
8769,1.8563e-006
8770,2.0231e-006
8771,2.3676e-006
8772,2.3614e-006
8773,2.1955e-006
8774,1.3157e-006
8775,1.7237e-006
8776,1.4846e-006
8777,1.5094e-006
8778,1.4735e-006
8779,1.5995e-006
8780,1.7345e-006
8781,9.3147e-007
8782,1.0575e-006
8783,1.2853e-006
8784,1.2716e-006
8785,1.0242e-006
8786,1.247e-006
8787,1.3747e-006
8788,1.0623e-006
8789,1.2198e-006
8790,6.2342e-007
8791,7.2943e-007
8792,8.9808e-007
8793,6.4669e-007
8794,8.3844e-007
8795,8.0205e-007
8796,7.5299e-007
8797,6.9989e-007
8798,8.856e-007
8799,3.8923e-007
8800,5.1604e-007
8801,5.9939e-007
8802,3.0117e-007
8803,4.976e-007
8804,3.9974e-007
8805,5.6006e-007
8806,5.4776e-007
8807,2.3934e-007
8808,3.1506e-007
8809,4.221e-007
8810,2.0998e-007
8811,3.0225e-007
8812,2.4976e-007
8813,4.4222e-007
8814,3.653e-007
8815,3.9002e-007
8816,1.5726e-007
8817,2.6176e-007
8818,1.428e-007
8819,8.9593e-008
8820,2.0148e-007
8821,9.9282e-008
8822,1.6605e-007
8823,2.2143e-007
8824,2.1962e-007
8825,6.9759e-008
8826,1.138e-007
8827,1.64e-007
8828,8.6759e-008
8829,1.7802e-007
8830,8.9527e-008
8831,1.3011e-007
8832,3.2343e-008
8833,8.1798e-008
8834,8.2401e-008
8835,6.2363e-008
8836,9.9449e-008
8837,9.9046e-008
8838,1.1779e-007
8839,3.2331e-008
8840,9.2487e-008
8841,6.4163e-008
8842,1.5738e-007
8843,1.5149e-007
8844,1.9784e-007
8845,6.9127e-008
8846,2.1664e-007
8847,1.7255e-007
8848,9.0198e-008
8849,1.3366e-007
8850,2.3903e-007
8851,2.3533e-007
8852,2.8558e-007
8853,1.4295e-007
8854,8.938e-008
8855,2.5945e-007
8856,1.9877e-007
8857,1.6647e-007
8858,3.8957e-007
8859,3.4293e-007
8860,4.3638e-007
8861,4.5277e-007
8862,2.0925e-007
8863,3.8914e-007
8864,3.1236e-007
8865,3.3854e-007
8866,2.6205e-007
8867,4.0287e-007
8868,6.2388e-007
8869,5.5942e-007
8870,3.0103e-007
8871,4.9752e-007
8872,4.9169e-007
8873,5.4682e-007
8874,4.5781e-007
8875,6.1756e-007
8876,9.3195e-007
8877,6.8433e-007
8878,8.4021e-007
8879,9.0761e-007
8880,6.4708e-007
8881,8.3814e-007
8882,6.8941e-007
8883,8.5402e-007
8884,7.5254e-007
8885,8.5859e-007
8886,1.3165e-006
8887,1.0725e-006
8888,1.2153e-006
8889,1.2723e-006
8890,1.0245e-006
8891,1.2398e-006
8892,1.0343e-006
8893,1.1699e-006
8894,1.3341e-006
8895,1.8102e-006
8896,1.4127e-006
8897,1.662e-006
8898,1.5099e-006
8899,1.8373e-006
8900,1.4665e-006
8901,1.5551e-006
8902,1.7726e-006
8903,2.4471e-006
8904,1.9206e-006
8905,2.2603e-006
8906,2.1201e-006
8907,1.7763e-006
8908,2.1289e-006
8909,2.0683e-006
8910,2.4407e-006
8911,2.2807e-006
8912,3.2418e-006
8913,2.6132e-006
8914,3.014e-006
8915,2.4552e-006
8916,2.943e-006
8917,3.1696e-006
8918,2.3982e-006
8919,2.8149e-006
8920,2.6356e-006
8921,3.4604e-006
8922,3.9902e-006
8923,4.0919e-006
8924,3.7597e-006
8925,3.6158e-006
8926,8.2002e-007
8927,9.1054e-007
8928,8.6973e-007
8929,8.0401e-007
8930,8.5793e-007
8931,8.9083e-007
8932,7.8118e-007
8933,7.9561e-007
8934,8.388e-007
8935,8.5217e-007
8936,7.2255e-007
8937,7.5692e-007
8938,8.9555e-007
8939,9.0981e-007
8940,7.8149e-007
8941,8.5668e-007
8942,7.8481e-007
8943,7.5375e-007
8944,8.411e-007
8945,8.045e-007
8946,1.0947e-006
8947,9.9964e-007
8948,9.4224e-007
8949,9.4709e-007
8950,1.0171e-006
8951,9.3248e-007
8952,1.0519e-006
8953,1.3209e-006
8954,1.1088e-006
8955,1.1225e-006
8956,1.2289e-006
8957,1.1634e-006
8958,8.8315e-007
8959,1.1576e-006
8960,1.0041e-006
8961,1.0212e-006
8962,9.4093e-007
8963,9.4912e-007
8964,9.0059e-007
8965,6.599e-007
8966,8.2976e-007
8967,7.0978e-007
8968,7.3947e-007
8969,1.2267e-006
8970,1.1994e-006
8971,1.7868e-006
8972,1.5116e-006
8973,1.4748e-006
8974,1.2546e-006
8975,1.3351e-006
8976,1.1552e-006
8977,1.4054e-006
8978,1.2772e-006
8979,8.8784e-007
8980,9.9499e-007
8981,9.6083e-007
8982,9.5391e-007
8983,1.069e-006
8984,9.089e-007
8985,8.6778e-007
8986,7.2659e-007
8987,6.5063e-007
8988,8.2544e-007
8989,7.8113e-007
8990,1.273e-006
8991,1.0329e-006
8992,1.0869e-006
8993,1.0248e-006
8994,7.9792e-007
8995,9.3134e-007
8996,1.1687e-006
8997,9.5075e-007
8998,1.1711e-006
8999,1.5107e-006
9000,1.1584e-006
9001,1.3851e-006
9002,1.181e-006
9003,1.0989e-006
9004,1.3997e-006
9005,1.2731e-006
9006,1.2655e-006
9007,1.3481e-006
9008,1.0592e-006
9009,7.7344e-007
9010,1.0154e-006
9011,9.4706e-007
9012,8.5359e-007
9013,1.3729e-006
9014,1.6997e-006
9015,2.1421e-006
9016,1.8124e-006
9017,1.3299e-006
9018,1.5665e-006
9019,1.5679e-006
9020,1.7056e-006
9021,1.7503e-006
9022,1.4969e-006
9023,1.4434e-006
9024,2.5181e-006
9025,1.8422e-006
9026,2.1887e-006
9027,1.7943e-006
9028,2.1366e-006
9029,2.1085e-006
9030,1.7296e-006
9031,1.8446e-006
9032,1.9567e-006
9033,2.3677e-006
9034,1.3851e-006
9035,1.1053e-006
9036,8.5172e-007
9037,1.0415e-006
9038,9.9279e-007
9039,1.2027e-006
9040,1.0212e-006
9041,2.5332e-006
9042,3.183e-006
9043,2.8381e-006
9044,2.4873e-006
9045,2.7356e-006
9046,2.7386e-006
9047,1.3089e-006
9048,1.8931e-006
9049,1.6208e-006
9050,1.3783e-006
9051,1.4688e-006
9052,1.6807e-006
9053,1.3528e-006
9054,1.1015e-006
9055,1.134e-006
9056,8.4591e-007
9057,7.9793e-007
9058,9.1885e-007
9059,1.032e-006
9060,1.9806e-006
9061,2.1041e-006
9062,1.3729e-006
9063,1.6305e-006
9064,1.5999e-006
9065,1.7024e-006
9066,1.4978e-006
9067,2.4942e-006
9068,1.9108e-006
9069,2.1883e-006
9070,2.1706e-006
9071,2.0605e-006
9072,1.9955e-006
9073,3.0833e-006
9074,3.354e-006
9075,3.2922e-006
9076,2.9821e-006
9077,3.1715e-006
9078,2.8806e-006
9079,2.9963e-006
9080,2.5032e-006
9081,2.4327e-006
9082,2.4242e-006
9083,2.5071e-006
9084,2.3458e-006
9085,2.3075e-006
9086,2.6686e-006
9087,2.5771e-006
9088,1.8895e-006
9089,1.652e-006
9090,1.3558e-006
9091,1.4136e-006
9092,1.5822e-006
9093,1.7772e-006
9094,1.4446e-006
9095,1.5461e-006
9096,1.2991e-006
9097,1.7133e-006
9098,2.6945e-006
9099,2.9261e-006
9100,2.7188e-006
9101,3.0881e-006
9102,2.7873e-006
9103,2.2106e-006
9104,2.4275e-006
9105,1.9261e-006
9106,1.8748e-006
9107,2.2603e-006
9108,1.8573e-006
9109,1.8624e-006
9110,2.1099e-006
9111,1.9711e-006
9112,1.8742e-006
9113,1.8175e-006
9114,2.0657e-006
9115,2.0279e-006
9116,2.2235e-006
9117,2.4289e-006
9118,2.5229e-006
9119,2.1231e-006
9120,2.166e-006
9121,2.7694e-006
9122,1.3622e-006
9123,1.3132e-006
9124,1.6047e-006
9125,1.5811e-006
9126,1.5801e-006
9127,1.44e-006
9128,1.089e-006
9129,8.6931e-007
9130,8.2871e-007
9131,9.6799e-007
9132,1.1853e-006
9133,7.6811e-007
9134,1.0531e-006
9135,1.0899e-006
9136,1.3243e-006
9137,1.0639e-006
9138,8.9238e-007
9139,1.0005e-006
9140,1.2086e-006
9141,8.9582e-007
9142,7.4865e-007
9143,1.2795e-006
9144,7.5477e-007
9145,1.0359e-006
9146,9.3544e-007
9147,1.1517e-006
9148,8.6634e-007
9149,1.2764e-006
9150,1.5376e-006
9151,1.4077e-006
9152,1.2177e-006
9153,1.4426e-006
9154,1.1354e-007
9155,1.6348e-007
9156,1.5229e-007
9157,9.3258e-008
9158,9.271e-008
9159,1.5627e-007
9160,4.7499e-006
9161,4.2754e-006
9162,3.8403e-006
9163,4.3476e-006
9164,4.7457e-006
9165,4.2507e-006
9166,4.5994e-006
9167,4.9961e-006
9168,5.3997e-006
9169,5.4438e-006
9170,5.0872e-006
9171,4.8509e-006
9172,4.5715e-006
9173,5.2511e-006
9174,1.6697e-007
9175,1.6343e-007
9176,1.1367e-007
9177,1.5731e-007
9178,9.4091e-008
9179,1.588e-007
9180,9.9282e-008
9181,2.125e-007
9182,2.1443e-007
9183,2.6454e-007
9184,2.684e-007
9185,2.0662e-007
9186,2.8956e-007
9187,2.073e-007
9188,2.6238e-007
9189,2.5585e-007
9190,2.5484e-007
9191,1.3692e-007
9192,1.3792e-007
9193,2.0323e-007
9194,2.0684e-007
9195,1.8954e-007
9196,3.7045e-006
9197,4.5019e-006
9198,4.0435e-006
9199,3.6976e-006
9200,4.3757e-006
9201,4.1107e-006
9202,4.0209e-006
9203,3.3084e-006
9204,3.0351e-006
9205,2.8764e-006
9206,3.7876e-006
9207,3.3862e-006
9208,3.3036e-006
9209,3.26e-006
9210,2.9638e-006
9211,3.6942e-006
9212,3.6009e-006
9213,5.2942e-006
9214,5.3286e-006
9215,4.8299e-006
9216,4.4038e-006
9217,5.1909e-006
9218,4.7518e-006
9219,4.673e-006
9220,5.1493e-006
9221,5.7511e-006
9222,5.7504e-006
9223,6.011e-006
9224,5.9722e-006
9225,5.5556e-006
9226,1.5406e-007
9227,1.7741e-007
9228,2.259e-007
9229,2.514e-007
9230,1.9773e-007
9231,2.2582e-007
9232,1.7259e-007
9233,1.9706e-007
9234,5.2678e-006
9235,5.9472e-006
9236,5.6019e-006
9237,5.6405e-006
9238,6.05e-006
9239,5.9277e-006
9240,5.5883e-006
9241,4.3512e-006
9242,5.0864e-006
9243,4.8546e-006
9244,4.2699e-006
9245,5.1308e-006
9246,4.9348e-006
9247,4.6223e-006
9248,3.617e-006
9249,3.8852e-006
9250,3.5063e-006
9251,3.6369e-006
9252,4.2831e-006
9253,4.2222e-006
9254,3.9282e-006
9255,3.7185e-006
9256,3.9988e-006
9257,9.4611e-008
9258,1.3162e-007
9259,1.5213e-007
9260,1.2827e-007
9261,9.3161e-008
9262,3.2105e-006
9263,2.9823e-006
9264,3.036e-006
9265,3.329e-006
9266,3.3067e-006
9267,3.2236e-006
9268,3.6091e-006
9269,8.2144e-008
9270,1.147e-007
9271,7.8731e-008
9272,7.4407e-008
9273,7.4915e-008
9274,1.0369e-007
9275,1.1624e-007
9276,8.4165e-008
9277,1.1511e-007
9278,1.0121e-007
9279,8.1708e-008
9280,7.2983e-008
9281,1.0388e-007
9282,1.0941e-007
9283,1.384e-007
9284,1.9268e-007
9285,1.351e-007
9286,1.4748e-007
9287,1.6723e-007
9288,1.3849e-007
9289,1.765e-007
9290,9.805e-008
9291,1.2492e-007
9292,1.4424e-007
9293,9.9928e-008
9294,1.2763e-007
9295,1.5509e-007
9296,1.9801e-007
9297,1.9451e-007
9298,1.4402e-007
9299,1.139e-007
9300,2.145e-007
9301,1.6305e-007
9302,1.6242e-007
9303,1.1754e-007
9304,2.399e-007
9305,2.7195e-007
9306,2.8835e-007
9307,2.4196e-007
9308,2.5059e-007
9309,1.9826e-007
9310,2.0828e-007
9311,5.756e-006
9312,5.9324e-006
9313,6.0406e-006
9314,6.0867e-006
9315,6.4058e-006
9316,5.5886e-006
9317,5.1751e-006
9318,5.4541e-006
9319,5.2573e-006
9320,5.6975e-006
9321,5.7417e-006
9322,5.3401e-006
9323,6.0732e-006
9324,5.9436e-006
9325,5.4234e-006
9326,5.8706e-006
9327,5.4236e-006
9328,4.3504e-006
9329,4.6162e-006
9330,5.0188e-006
9331,4.5461e-006
9332,5.0228e-006
9333,4.6195e-006
9334,1.8344e-007
9335,2.5158e-007
9336,2.9117e-007
9337,2.5539e-007
9338,2.2292e-007
9339,2.9999e-007
9340,2.014e-007
9341,3.1528e-007
9342,3.2925e-007
9343,3.391e-007
9344,2.4714e-007
9345,3.2819e-007
9346,2.747e-007
9347,2.9376e-007
9348,3.2009e-007
9349,3.575e-007
9350,3.2198e-007
9351,3.6904e-007
9352,3.5371e-007
9353,3.1269e-007
9354,3.4183e-007
9355,2.5735e-007
9356,3.7407e-007
9357,3.9129e-007
9358,3.2535e-007
9359,3.1579e-007
9360,3.5101e-007
9361,4.1603e-007
9362,2.6367e-007
9363,3.4424e-006
9364,3.2782e-006
9365,3.5066e-006
9366,4.0564e-006
9367,4.4379e-006
9368,4.1396e-006
9369,3.9988e-006
9370,3.5742e-006
9371,3.6505e-006
9372,4.0799e-006
9373,2.7299e-006
9374,2.9713e-006
9375,2.9045e-006
9376,3.2363e-006
9377,2.9464e-006
9378,3.3257e-006
9379,1.9541e-007
9380,1.521e-007
9381,1.1697e-007
9382,1.0427e-007
9383,1.7374e-007
9384,1.5562e-007
9385,2.1982e-007
9386,2.7253e-007
9387,3.1128e-007
9388,3.2787e-007
9389,2.9614e-007
9390,2.3929e-007
9391,2.3076e-007
9392,3.235e-007
9393,2.2181e-007
9394,1.4017e-007
9395,2.0174e-007
9396,1.8895e-007
9397,1.0724e-007
9398,3.3992e-007
9399,3.5137e-007
9400,3.2489e-007
9401,3.0794e-007
9402,2.9171e-007
9403,2.3867e-007
9404,3.6907e-007
9405,3.9299e-007
9406,3.6679e-007
9407,3.063e-007
9408,3.5256e-007
9409,3.7691e-007
9410,4.1018e-007
9411,4.2571e-007
9412,4.4947e-007
9413,3.6133e-007
9414,4.28e-007
9415,3.8758e-007
9416,4.1491e-007
9417,4.6887e-007
9418,4.4185e-007
9419,4.7699e-007
9420,4.0041e-007
9421,4.4604e-007
9422,3.6633e-007
9423,3.9443e-007
9424,4.6648e-007
9425,4.5756e-007
9426,4.0132e-007
9427,4.7575e-007
9428,4.9032e-007
9429,4.0923e-007
9430,3.8048e-007
9431,5.4667e-007
9432,4.8485e-007
9433,3.6944e-007
9434,4.5401e-007
9435,4.7865e-007
9436,4.8866e-007
9437,4.1215e-007
9438,4.7006e-007
9439,4.3559e-007
9440,4.9282e-007
9441,5.3706e-007
9442,5.7938e-007
9443,5.3456e-007
9444,5.9031e-007
9445,4.9508e-007
9446,5.8602e-007
9447,5.351e-007
9448,4.7489e-007
9449,6.1609e-007
9450,6.5281e-007
9451,5.6876e-007
9452,6.2179e-007
9453,5.5739e-007
9454,4.7121e-007
9455,4.6789e-007
9456,3.4831e-007
9457,4.3392e-007
9458,7.0581e-007
9459,5.9331e-007
9460,6.5843e-007
9461,7.3231e-007
9462,8.0495e-007
9463,6.7094e-007
9464,7.3816e-007
9465,6.5961e-007
9466,8.0036e-007
9467,8.6959e-007
9468,8.0072e-007
9469,6.7224e-007
9470,8.6752e-007
9471,7.2029e-007
9472,6.537e-007
9473,7.7747e-007
9474,7.7154e-007
9475,8.7466e-007
9476,5.1345e-007
9477,5.8549e-007
9478,5.3438e-007
9479,5.1856e-007
9480,5.9489e-007
9481,5.4843e-007
9482,3.6937e-007
9483,4.2863e-007
9484,3.9997e-007
9485,5.5249e-007
9486,5.0711e-007
9487,4.1015e-007
9488,4.329e-007
9489,5.0047e-007
9490,5.8708e-007
9491,5.1872e-007
9492,7.2663e-007
9493,6.9012e-007
9494,5.999e-007
9495,7.9827e-007
9496,7.3113e-007
9497,5.8293e-007
9498,6.8416e-007
9499,6.5386e-007
9500,9.0396e-007
9501,9.0138e-007
9502,7.927e-007
9503,9.0021e-007
9504,9.0122e-007
9505,8.2319e-007
9506,9.915e-007
9507,9.2776e-007
9508,1.0615e-006
9509,1.1052e-006
9510,1.0052e-006
9511,9.8641e-007
9512,1.1089e-006
9513,1.0875e-006
9514,9.9969e-007
9515,9.825e-007
9516,7.0091e-007
9517,7.3819e-007
9518,8.8638e-007
9519,9.5218e-007
9520,8.1983e-007
9521,9.2218e-007
9522,1.0377e-006
9523,1.1854e-006
9524,1.2716e-006
9525,1.1932e-006
9526,1.0999e-006
9527,1.1821e-006
9528,1.2709e-006
9529,1.0654e-006
9530,5.9799e-007
9531,5.6572e-007
9532,6.8057e-007
9533,5.3338e-007
9534,6.7767e-007
9535,7.7468e-007
9536,5.4959e-007
9537,7.1346e-007
9538,6.8045e-007
9539,5.5869e-007
9540,1.0845e-006
9541,9.894e-007
9542,1.0309e-006
9543,1.0005e-006
9544,8.6254e-007
9545,8.2948e-007
9546,9.2329e-007
9547,9.2022e-007
9548,1.1477e-006
9549,1.2819e-006
9550,1.3399e-006
9551,1.405e-006
9552,1.1861e-006
9553,1.1533e-006
9554,1.4205e-006
9555,1.4639e-006
9556,1.3281e-006
9557,1.3758e-006
9558,1.1925e-006
9559,9.8209e-007
9560,1.0954e-006
9561,1.1409e-006
9562,9.9932e-007
9563,1.4557e-006
9564,1.556e-006
9565,1.2315e-006
9566,1.2838e-006
9567,1.5173e-006
9568,1.4453e-006
9569,1.4212e-006
9570,1.4983e-006
9571,1.3245e-006
9572,1.4582e-006
9573,1.5683e-006
9574,1.5011e-006
9575,1.5133e-006
9576,1.3243e-006
9577,1.6357e-006
9578,1.4204e-006
9579,1.6715e-006
9580,1.7653e-006
9581,1.6634e-006
9582,1.5905e-006
9583,1.6393e-006
9584,1.7173e-006
9585,1.8838e-006
9586,2.0213e-006
9587,2.0868e-006
9588,1.9709e-006
9589,1.9367e-006
9590,1.7476e-006
9591,1.688e-006
9592,1.8411e-006
9593,2.0935e-006
9594,2.0092e-006
9595,2.1826e-006
9596,2.0208e-006
9597,1.836e-006
9598,1.9101e-006
9599,2.2057e-006
9600,2.2145e-006
9601,2.1363e-006
9602,1.3418e-006
9603,1.1074e-006
9604,1.2198e-006
9605,1.3993e-006
9606,1.2309e-006
9607,1.2041e-006
9608,1.5963e-006
9609,1.3266e-006
9610,1.4369e-006
9611,1.5793e-006
9612,1.5243e-006
9613,1.5608e-006
9614,1.6897e-006
9615,1.7274e-006
9616,1.8702e-006
9617,1.6512e-006
9618,1.8247e-006
9619,1.7947e-006
9620,8.6391e-007
9621,9.3888e-007
9622,1.0848e-006
9623,9.8753e-007
9624,1.0448e-006
9625,1.0864e-006
9626,6.3997e-007
9627,6.532e-007
9628,8.0276e-007
9629,7.1792e-007
9630,8.6167e-007
9631,9.1093e-007
9632,7.3735e-007
9633,8.4165e-007
9634,4.367e-007
9635,5.4879e-007
9636,4.6601e-007
9637,6.1471e-007
9638,6.3724e-007
9639,5.0463e-007
9640,5.6256e-007
9641,4.2564e-007
9642,3.6772e-007
9643,2.624e-007
9644,2.743e-007
9645,3.9426e-007
9646,7.0078e-007
9647,6.2307e-007
9648,6.418e-007
9649,6.2193e-007
9650,5.6446e-007
9651,5.064e-007
9652,1.0243e-006
9653,7.8945e-007
9654,9.5147e-007
9655,8.0139e-007
9656,7.7463e-007
9657,9.8065e-007
9658,9.3374e-007
9659,9.0819e-007
9660,1.1226e-006
9661,1.2854e-006
9662,1.2427e-006
9663,1.3841e-006
9664,1.4142e-006
9665,1.3404e-006
9666,1.1419e-006
9667,1.1875e-006
9668,1.0944e-006
9669,8.7243e-007
9670,7.6993e-007
9671,7.2711e-007
9672,6.5607e-007
9673,6.496e-007
9674,8.5554e-007
9675,1.2208e-006
9676,1.2571e-006
9677,9.3723e-007
9678,1.1709e-006
9679,1.004e-006
9680,1.1908e-006
9681,1.0256e-006
9682,1.1094e-006
9683,1.5449e-006
9684,1.4351e-006
9685,1.3465e-006
9686,1.5229e-006
9687,1.3597e-006
9688,1.5537e-006
9689,2.3438e-006
9690,2.516e-006
9691,2.3272e-006
9692,2.5376e-006
9693,2.1924e-006
9694,2.1644e-006
9695,2.3427e-006
9696,2.3481e-006
9697,2.4989e-006
9698,2.3485e-006
9699,1.8645e-006
9700,1.8188e-006
9701,1.6015e-006
9702,1.6783e-006
9703,1.8963e-006
9704,1.8126e-006
9705,1.7131e-006
9706,1.7429e-006
9707,2.2113e-006
9708,2.1497e-006
9709,2.003e-006
9710,2.0662e-006
9711,1.974e-006
9712,1.9455e-006
9713,2.2385e-006
9714,2.1707e-006
9715,2.6053e-006
9716,2.5645e-006
9717,2.3619e-006
9718,2.6148e-006
9719,2.4391e-006
9720,2.5836e-006
9721,2.6241e-006
9722,3.0107e-006
9723,2.8493e-006
9724,2.7983e-006
9725,2.7871e-006
9726,3.0842e-006
9727,3.168e-006
9728,2.8011e-006
9729,2.6457e-006
9730,2.2997e-006
9731,2.6239e-006
9732,2.4346e-006
9733,3.7379e-006
9734,3.5226e-006
9735,3.033e-006
9736,3.3734e-006
9737,3.689e-006
9738,3.0178e-006
9739,3.2828e-006
9740,3.1789e-006
9741,3.3738e-006
9742,2.4778e-006
9743,2.5149e-006
9744,2.7445e-006
9745,3.0242e-006
9746,2.6432e-006
9747,2.9353e-006
9748,2.756e-006
9749,2.3044e-006
9750,2.1165e-006
9751,2.4341e-006
9752,2.1848e-006
9753,2.5386e-006
9754,2.3693e-006
9755,2.1215e-006
9756,2.5384e-006
9757,2.3951e-006
9758,2.1207e-006
9759,2.4529e-006
9760,2.2488e-006
9761,2.4952e-006
9762,2.3042e-006
9763,1.9298e-006
9764,1.7182e-006
9765,2.2559e-006
9766,2.024e-006
9767,2.0565e-006
9768,1.876e-006
9769,2.635e-006
9770,2.6622e-006
9771,3.0449e-006
9772,2.7317e-006
9773,2.9661e-006
9774,2.1846e-006
9775,2.8335e-006
9776,2.578e-006
9777,2.5631e-006
9778,2.4002e-006
9779,1.6823e-006
9780,2.0426e-006
9781,1.7947e-006
9782,2.1068e-006
9783,1.8479e-006
9784,1.561e-006
9785,1.4191e-006
9786,1.5997e-006
9787,1.6402e-006
9788,4.0575e-006
9789,4.5806e-006
9790,4.2456e-006
9791,4.6983e-006
9792,8.8315e-007
9793,8.1033e-007
9794,8.1162e-007
9795,8.9825e-007
9796,7.9223e-007
9797,8.8951e-007
9798,8.2183e-007
9799,8.2935e-007
9800,8.9257e-007
9801,9.5181e-007
9802,9.4087e-007
9803,8.3007e-007
9804,9.6678e-007
9805,8.4968e-007
9806,8.8627e-007
9807,7.7612e-007
9808,7.7781e-007
9809,7.9414e-007
9810,7.3957e-007
9811,8.2532e-007
9812,9.0407e-007
9813,9.8929e-007
9814,9.6286e-007
9815,8.429e-007
9816,8.8144e-007
9817,8.1148e-007
9818,7.8935e-007
9819,7.1104e-007
9820,6.5012e-007
9821,7.5263e-007
9822,6.5753e-007
9823,6.4435e-007
9824,6.9903e-007
9825,7.2152e-007
9826,6.6628e-007
9827,9.4425e-007
9828,9.3843e-007
9829,7.7651e-007
9830,8.6022e-007
9831,7.7922e-007
9832,8.4919e-007
9833,7.7626e-007
9834,8.4399e-007
9835,1.0242e-006
9836,9.2068e-007
9837,1.0555e-006
9838,9.1669e-007
9839,9.3336e-007
9840,9.9722e-007
9841,1.0106e-006
9842,1.0508e-006
9843,9.098e-007
9844,7.7289e-007
9845,7.2264e-007
9846,6.5129e-007
9847,7.1769e-007
9848,6.7004e-007
9849,7.1605e-007
9850,6.4929e-007
9851,9.1332e-007
9852,7.9799e-007
9853,9.4174e-007
9854,7.7833e-007
9855,7.2891e-007
9856,8.08e-007
9857,8.4583e-007
9858,1.1313e-006
9859,1.1377e-006
9860,1.0371e-006
9861,1.0126e-006
9862,1.1424e-006
9863,1.042e-006
9864,1.0304e-006
9865,1.1798e-006
9866,1.008e-006
9867,1.0007e-006
9868,1.1261e-006
9869,1.1373e-006
9870,9.9824e-007
9871,1.1372e-006
9872,1.0266e-006
9873,1.0376e-006
9874,1.0137e-006
9875,1.1325e-006
9876,1.0255e-006
9877,1.1465e-006
9878,1.0428e-006
9879,1.1808e-006
9880,9.2094e-007
9881,9.208e-007
9882,9.4394e-007
9883,9.5941e-007
9884,8.5128e-007
9885,9.4828e-007
9886,8.5818e-007
9887,8.9462e-007
9888,7.9379e-007
9889,8.3449e-007
9890,9.3006e-007
9891,7.8619e-007
9892,8.4322e-007
9893,8.3253e-007
9894,1.0086e-006
9895,8.9352e-007
9896,9.2762e-007
9897,8.1807e-007
9898,8.3467e-007
9899,1.0012e-006
9900,1.1196e-006
9901,1.0209e-006
9902,1.1414e-006
9903,1.0066e-006
9904,1.1982e-006
9905,1.175e-006
9906,1.0786e-006
9907,1.0023e-006
9908,8.8508e-007
9909,7.9464e-007
9910,9.0093e-007
9911,9.2569e-007
9912,7.8187e-007
9913,8.2784e-007
9914,9.9877e-007
9915,1.1213e-006
9916,1.1374e-006
9917,9.976e-007
9918,1.1322e-006
9919,9.9715e-007
9920,8.8352e-007
9921,8.0487e-007
9922,9.2353e-007
9923,9.0713e-007
9924,8.1429e-007
9925,9.9079e-007
9926,1.0976e-006
9927,1.1455e-006
9928,1.0011e-006
9929,1.0336e-006
9930,1.1695e-006
9931,9.7459e-007
9932,8.7434e-007
9933,8.0207e-007
9934,9.0426e-007
9935,8.7364e-007
9936,7.9717e-007
9937,9.4088e-007
9938,9.6911e-007
9939,1.0596e-006
9940,1.1465e-006
9941,1.1288e-006
9942,9.5563e-007
9943,1.0736e-006
9944,1.019e-006
9945,9.6346e-007
9946,9.504e-007
9947,8.6767e-007
9948,8.5562e-007
9949,8.6962e-007
9950,7.9255e-007
9951,9.5075e-007
9952,1.0562e-006
9953,1.1286e-006
9954,1.1276e-006
9955,9.2134e-007
9956,9.3939e-007
9957,1.0571e-006
9958,9.6381e-007
9959,8.7298e-007
9960,8.5457e-007
9961,8.0148e-007
9962,7.9245e-007
9963,8.7067e-007
9964,9.7078e-007
9965,1.0978e-006
9966,1.1446e-006
9967,1.1174e-006
9968,9.3555e-007
9969,9.701e-007
9970,1.0712e-006
9971,9.4691e-007
9972,1.0285e-006
9973,9.9338e-007
9974,8.8615e-007
9975,8.0074e-007
9976,8.0573e-007
9977,8.9144e-007
9978,8.751e-007
9979,1.1301e-006
9980,1.0031e-006
9981,1.1394e-006
9982,9.8926e-007
9983,1.1464e-006
9984,1.0476e-006
9985,1.217e-006
9986,1.1832e-006
9987,1.1355e-006
9988,1.1924e-006
9989,1.1346e-006
9990,9.9387e-007
9991,8.7872e-007
9992,9.0241e-007
9993,7.9236e-007
9994,8.9767e-007
9995,8.0741e-007
9996,8.1891e-007
9997,9.9057e-007
9998,1.1039e-006
9999,9.9952e-007
10000,1.155e-006
10001,9.9476e-007
10002,1.1283e-006
10003,9.7939e-007
10004,8.687e-007
10005,8.9954e-007
10006,7.9641e-007
10007,8.0416e-007
10008,9.7067e-007
10009,1.0817e-006
10010,9.8871e-007
10011,1.1429e-006
10012,9.6947e-007
10013,9.6391e-007
10014,8.5447e-007
10015,8.9377e-007
10016,8.7438e-007
10017,7.9192e-007
10018,7.8044e-007
10019,9.5486e-007
10020,1.0384e-006
10021,1.0627e-006
10022,1.134e-006
10023,9.6026e-007
10024,9.2303e-007
10025,8.3965e-007
10026,8.6782e-007
10027,7.76e-007
10028,8.6014e-007
10029,7.7423e-007
10030,9.1542e-007
10031,1.0249e-006
10032,1.0327e-006
10033,9.3218e-007
10034,9.2201e-007
10035,9.3394e-007
10036,8.3522e-007
10037,7.6312e-007
10038,7.696e-007
10039,8.5393e-007
10040,9.3608e-007
10041,1.0437e-006
10042,1.0504e-006
10043,1.0558e-006
10044,9.3858e-007
10045,9.4259e-007
10046,9.3324e-007
10047,8.3971e-007
10048,7.6468e-007
10049,8.5513e-007
10050,8.5802e-007
10051,7.7943e-007
10052,9.3353e-007
10053,1.0456e-006
10054,1.0546e-006
10055,1.08e-006
10056,9.414e-007
10057,8.6147e-007
10058,9.41e-007
10059,1.1442e-006
10060,1.142e-006
10061,1.0441e-006
10062,1.0202e-006
10063,1.0363e-006
10064,1.0124e-006
10065,1.1558e-006
10066,1.0379e-006
10067,1.0094e-006
10068,1.0336e-006
10069,9.9795e-007
10070,1.1514e-006
10071,1.1548e-006
10072,9.3888e-007
10073,1.0154e-006
10074,1.0019e-006
10075,1.1297e-006
10076,9.7581e-007
10077,1.3204e-006
10078,1.0064e-006
10079,1.1914e-006
10080,1.1496e-006
10081,1.045e-006
10082,9.245e-007
10083,9.2276e-007
10084,9.5265e-007
10085,8.4199e-007
10086,8.655e-007
10087,8.5152e-007
10088,8.9533e-007
10089,9.3693e-007
10090,8.2867e-007
10091,8.1206e-007
10092,9.1093e-007
10093,8.3777e-007
10094,8.0622e-007
10095,8.9857e-007
10096,8.4773e-007
10097,8.3103e-007
10098,9.9803e-007
10099,8.837e-007
10100,8.7836e-007
10101,8.0496e-007
10102,9.0407e-007
10103,8.1585e-007
10104,9.9388e-007
10105,1.1109e-006
10106,9.7043e-007
10107,1.1849e-006
10108,1.0404e-006
10109,1.0491e-006
10110,9.7926e-007
10111,8.633e-007
10112,8.7654e-007
10113,7.8503e-007
10114,8.6245e-007
10115,8.1485e-007
10116,9.5246e-007
10117,9.607e-007
10118,1.005e-006
10119,1.1141e-006
10120,9.917e-007
10121,9.4598e-007
10122,1.1074e-006
10123,1.036e-006
10124,8.8427e-007
10125,7.7335e-007
10126,8.0086e-007
10127,8.4953e-007
10128,1.0262e-006
10129,9.1129e-007
10130,9.2304e-007
10131,8.2906e-007
10132,8.7935e-007
10133,1.1361e-006
10134,1.1317e-006
10135,1.0104e-006
10136,1.0059e-006
10137,1.0095e-006
10138,9.8088e-007
10139,1.1439e-006
10140,1.0541e-006
10141,1.0123e-006
10142,1.0094e-006
10143,1.1431e-006
10144,1.1268e-006
10145,9.9986e-007
10146,9.952e-007
10147,1.1152e-006
10148,9.9685e-007
10149,1.1475e-006
10150,1.0486e-006
10151,8.9598e-007
10152,9.1291e-007
10153,8.2125e-007
10154,8.8812e-007
10155,7.9425e-007
10156,8.8419e-007
10157,9.0299e-007
10158,8.83e-007
10159,7.9121e-007
10160,7.9976e-007
10161,9.5728e-007
10162,7.8494e-007
10163,9.8665e-007
10164,8.7746e-007
10165,8.9959e-007
10166,7.9487e-007
10167,8.3051e-007
10168,9.8024e-007
10169,1.0965e-006
10170,9.9157e-007
10171,9.6442e-007
10172,1.1196e-006
10173,1.1419e-006
10174,9.1518e-007
10175,9.8075e-007
10176,9.7221e-007
10177,8.5844e-007
10178,7.8176e-007
10179,7.6898e-007
10180,8.67e-007
10181,8.2672e-007
10182,9.5943e-007
10183,1.0252e-006
10184,1.1066e-006
10185,9.5338e-007
10186,1.0777e-006
10187,1.1092e-006
10188,9.0612e-007
10189,8.5477e-007
10190,7.7288e-007
10191,8.5827e-007
10192,8.3274e-007
10193,9.1251e-007
10194,1.0431e-006
10195,9.3297e-007
10196,9.0558e-007
10197,1.0287e-006
10198,8.7972e-007
10199,1.1077e-006
10200,1.0896e-006
10201,1.0024e-006
10202,9.7545e-007
10203,9.6497e-007
10204,1.1024e-006
10205,1.0048e-006
10206,9.7769e-007
10207,1.1166e-006
10208,9.9207e-007
10209,9.7212e-007
10210,9.5019e-007
10211,1.1452e-006
10212,1.1081e-006
10213,9.5631e-007
10214,9.6184e-007
10215,9.4874e-007
10216,1.0624e-006
10217,9.6004e-007
10218,9.5498e-007
10219,1.0916e-006
10220,1.0846e-006
10221,8.8405e-007
10222,8.8669e-007
10223,8.898e-007
10224,8.6573e-007
10225,8.2879e-007
10226,7.9432e-007
10227,8.4687e-007
10228,8.7567e-007
10229,7.8178e-007
10230,7.2301e-007
10231,8.6931e-007
10232,8.0845e-007
10233,7.7944e-007
10234,9.8424e-007
10235,8.8934e-007
10236,8.4643e-007
10237,8.0713e-007
10238,8.3661e-007
10239,7.5112e-007
10240,9.9627e-007
10241,1.0934e-006
10242,1.1523e-006
10243,9.3712e-007
10244,8.2609e-007
10245,8.6463e-007
10246,7.7044e-007
10247,7.6065e-007
10248,9.2805e-007
10249,1.0361e-006
10250,9.4785e-007
10251,9.338e-007
10252,1.0433e-006
10253,1.0735e-006
10254,9.1559e-007
10255,8.0618e-007
10256,8.5691e-007
10257,7.5432e-007
10258,8.3964e-007
10259,7.5468e-007
10260,7.0009e-007
10261,9.0035e-007
10262,9.6712e-007
10263,1.0358e-006
10264,9.1961e-007
10265,9.0751e-007
10266,1.0291e-006
10267,8.5238e-007
10268,8.0558e-007
10269,7.4387e-007
10270,7.3315e-007
10271,8.2951e-007
10272,8.1754e-007
10273,9.8006e-007
10274,8.6588e-007
10275,8.6266e-007
10276,1.033e-006
10277,9.962e-007
10278,8.9374e-007
10279,9.132e-007
10280,9.2136e-007
10281,1.0589e-006
10282,8.7898e-007
10283,9.1526e-007
10284,1.0704e-006
10285,9.3614e-007
10286,9.2741e-007
10287,9.3442e-007
10288,1.074e-006
10289,9.1921e-007
10290,1.0413e-006
10291,8.7621e-007
10292,8.512e-007
10293,9.9458e-007
10294,8.9555e-007
10295,1.0509e-006
10296,8.5731e-007
10297,8.0087e-007
10298,7.6342e-007
10299,7.122e-007
10300,7.8527e-007
10301,8.1953e-007
10302,6.8939e-007
10303,8.4071e-007
10304,7.4107e-007
10305,8.0022e-007
10306,8.2482e-007
10307,7.0173e-007
10308,7.6193e-007
10309,6.9586e-007
10310,6.88e-007
10311,8.0142e-007
10312,7.6478e-007
10313,1.0149e-006
10314,1.0014e-006
10315,9.3355e-007
10316,9.1005e-007
10317,8.9928e-007
10318,9.3079e-007
10319,1.042e-006
10320,9.3449e-007
10321,9.1522e-007
10322,1.0169e-006
10323,9.0993e-007
10324,9.3345e-007
10325,1.0426e-006
10326,1.0453e-006
10327,8.6913e-007
10328,9.0295e-007
10329,8.8914e-007
10330,9.8193e-007
10331,8.9032e-007
10332,8.7905e-007
10333,9.9861e-007
10334,1.0325e-006
10335,8.3686e-007
10336,8.4081e-007
10337,7.3962e-007
10338,8.6436e-007
10339,7.7368e-007
10340,8.0212e-007
10341,8.0789e-007
10342,8.1652e-007
10343,8.4803e-007
10344,7.4388e-007
10345,7.5822e-007
10346,9.1548e-007
10347,8.1664e-007
10348,7.2666e-007
10349,8.2738e-007
10350,7.5704e-007
10351,7.8879e-007
10352,7.6132e-007
10353,9.0702e-007
10354,1.0143e-006
10355,1.0327e-006
10356,9.0757e-007
10357,1.0415e-006
10358,8.984e-007
10359,9.0647e-007
10360,8.1184e-007
10361,7.4172e-007
10362,8.2377e-007
10363,8.1132e-007
10364,7.5306e-007
10365,9.0838e-007
10366,1.004e-006
10367,1.0317e-006
10368,9.1819e-007
10369,1.0304e-006
10370,8.9639e-007
10371,8.9983e-007
10372,7.9909e-007
10373,7.436e-007
10374,8.3517e-007
10375,7.521e-007
10376,8.1335e-007
10377,8.8354e-007
10378,9.0376e-007
10379,1.0234e-006
10380,9.0885e-007
10381,1.0223e-006
10382,1.014e-006
10383,8.9865e-007
10384,8.0285e-007
10385,8.2594e-007
10386,7.4247e-007
10387,7.3203e-007
10388,8.1068e-007
10389,8.2909e-007
10390,9.2704e-007
10391,9.4129e-007
10392,7.4547e-007
10393,7.7001e-007
10394,8.2581e-007
10395,8.4022e-007
10396,8.8204e-007
10397,7.926e-007
10398,8.0823e-007
10399,7.9596e-007
10400,7.1545e-007
10401,7.3698e-007
10402,8.7551e-007
10403,9.5588e-007
10404,9.8783e-007
10405,8.7091e-007
10406,9.9002e-007
10407,8.973e-007
10408,8.6204e-007
10409,7.7845e-007
10410,7.9167e-007
10411,7.1143e-007
10412,8.1736e-007
10413,7.5e-007
10414,8.4963e-007
10415,8.9185e-007
10416,9.3705e-007
10417,9.7276e-007
10418,8.8358e-007
10419,8.5556e-007
10420,9.3333e-007
10421,8.0711e-007
10422,7.6622e-007
10423,6.9893e-007
10424,7.2179e-007
10425,8.0913e-007
10426,7.8126e-007
10427,7.4209e-007
10428,7.2215e-007
10429,8.8771e-007
10430,8.0411e-007
10431,8.1392e-007
10432,8.1403e-007
10433,8.9219e-007
10434,9.386e-007
10435,7.4476e-007
10436,7.7813e-007
10437,7.7644e-007
10438,8.5753e-007
10439,8.4658e-007
10440,7.4704e-007
10441,1.0826e-006
10442,1.0394e-006
10443,9.4511e-007
10444,9.3268e-007
10445,7.7608e-007
10446,8.5391e-007
10447,8.4877e-007
10448,7.6968e-007
10449,7.8296e-007
10450,7.2194e-007
10451,7.2455e-007
10452,7.7853e-007
10453,8.2385e-007
10454,6.7715e-007
10455,7.3552e-007
10456,8.5527e-007
10457,8.5178e-007
10458,7.7511e-007
10459,7.7504e-007
10460,7.2303e-007
10461,7.7855e-007
10462,6.7643e-007
10463,7.3095e-007
10464,9.3688e-007
10465,9.3506e-007
10466,9.9166e-007
10467,8.5022e-007
10468,8.9693e-007
10469,8.4368e-007
10470,8.5158e-007
10471,8.92e-007
10472,9.2878e-007
10473,8.4893e-007
10474,9.2764e-007
10475,8.4227e-007
10476,9.8724e-007
10477,9.7876e-007
10478,8.4875e-007
10479,8.9531e-007
10480,9.1235e-007
10481,8.4503e-007
10482,7.7025e-007
10483,7.723e-007
10484,7.7954e-007
10485,7.0534e-007
10486,7.2888e-007
10487,7.2814e-007
10488,8.4254e-007
10489,9.1918e-007
10490,8.4026e-007
10491,9.7342e-007
10492,8.4597e-007
10493,8.9212e-007
10494,8.9859e-007
10495,8.3998e-007
10496,7.8173e-007
10497,7.7775e-007
10498,7.0444e-007
10499,7.2462e-007
10500,8.5301e-007
10501,9.0923e-007
10502,9.693e-007
10503,9.4622e-007
10504,8.4419e-007
10505,8.9637e-007
10506,8.5865e-007
10507,8.4875e-007
10508,7.7653e-007
10509,7.7763e-007
10510,7.8905e-007
10511,7.3571e-007
10512,8.0468e-007
10513,8.2836e-007
10514,8.2872e-007
10515,9.4045e-007
10516,9.0912e-007
10517,8.5514e-007
10518,7.6195e-007
10519,6.9565e-007
10520,7.4417e-007
10521,7.2122e-007
10522,6.957e-007
10523,7.791e-007
10524,7.1959e-007
10525,7.7998e-007
10526,8.6382e-007
10527,7.9286e-007
10528,7.9513e-007
10529,8.6013e-007
10530,8.0045e-007
10531,7.4845e-007
10532,8.9731e-007
10533,8.9975e-007
10534,7.6115e-007
10535,8.315e-007
10536,7.869e-007
10537,7.1075e-007
10538,7.6584e-007
10539,8.2369e-007
10540,7.23e-007
10541,9.7313e-007
10542,8.4779e-007
10543,9.9337e-007
10544,9.3915e-007
10545,8.8435e-007
10546,9.0232e-007
10547,9.7382e-007
10548,9.9753e-007
10549,9.094e-007
10550,8.869e-007
10551,7.6174e-007
10552,7.1762e-007
10553,6.1609e-007
10554,6.6008e-007
10555,6.6349e-007
10556,7.1543e-007
10557,6.773e-007
10558,8.9895e-007
10559,7.8324e-007
10560,7.8862e-007
10561,8.4847e-007
10562,7.1456e-007
10563,7.6841e-007
10564,8.2846e-007
10565,1.1365e-006
10566,1.1333e-006
10567,1.0349e-006
10568,1.0107e-006
10569,1.0362e-006
10570,1.1644e-006
10571,1.0019e-006
10572,1.1574e-006
10573,9.605e-007
10574,1.0306e-006
10575,1.0017e-006
10576,1.1218e-006
10577,1.1695e-006
10578,1.0325e-006
10579,9.7905e-007
10580,1.0015e-006
10581,1.1536e-006
10582,9.5572e-007
10583,1.301e-006
10584,1.0075e-006
10585,9.9549e-007
10586,1.1252e-006
10587,1.1585e-006
10588,9.9614e-007
10589,9.7757e-007
10590,1.0748e-006
10591,9.1839e-007
10592,9.138e-007
10593,9.531e-007
10594,8.0177e-007
10595,8.1057e-007
10596,8.7894e-007
10597,8.8193e-007
10598,8.8844e-007
10599,8.0548e-007
10600,9.0232e-007
10601,7.9653e-007
10602,8.669e-007
10603,9.9534e-007
10604,8.7451e-007
10605,8.802e-007
10606,7.8403e-007
10607,7.7486e-007
10608,8.5949e-007
10609,8.0138e-007
10610,9.8106e-007
10611,1.0975e-006
10612,1.1606e-006
10613,9.6815e-007
10614,9.6721e-007
10615,8.6089e-007
10616,8.6942e-007
10617,7.6638e-007
10618,8.5623e-007
10619,7.6987e-007
10620,7.7479e-007
10621,7.9279e-007
10622,9.6505e-007
10623,1.0799e-006
10624,1.1475e-006
10625,9.5774e-007
10626,1.1343e-006
10627,9.536e-007
10628,9.4275e-007
10629,9.9433e-007
10630,9.6271e-007
10631,8.4774e-007
10632,8.634e-007
10633,8.5484e-007
10634,7.6762e-007
10635,7.9759e-007
10636,9.5066e-007
10637,1.0149e-006
10638,1.1014e-006
10639,1.1318e-006
10640,1.033e-006
10641,9.4917e-007
10642,1.0813e-006
10643,8.9445e-007
10644,8.3201e-007
10645,7.5109e-007
10646,8.1582e-007
10647,7.4253e-007
10648,8.5443e-007
10649,7.8986e-007
10650,1.0363e-006
10651,8.8781e-007
10652,9.1889e-007
10653,8.5979e-007
10654,9.8256e-007
10655,8.9986e-007
10656,9.9314e-007
10657,8.7801e-007
10658,8.0042e-007
10659,8.9655e-007
10660,7.8087e-007
10661,8.7806e-007
10662,9.8866e-007
10663,1.1067e-006
10664,1.1675e-006
10665,9.6072e-007
10666,9.7333e-007
10667,1.071e-006
10668,1.0483e-006
10669,9.7764e-007
10670,8.6058e-007
10671,7.7871e-007
10672,8.6534e-007
10673,8.7729e-007
10674,9.6083e-007
10675,1.006e-006
10676,1.1103e-006
10677,1.1185e-006
10678,9.4846e-007
10679,9.628e-007
10680,1.0361e-006
10681,8.8505e-007
10682,8.0508e-007
10683,7.7032e-007
10684,8.5452e-007
10685,7.6046e-007
10686,1.0254e-006
10687,9.1473e-007
10688,8.337e-007
10689,8.8346e-007
10690,9.0148e-007
10691,8.587e-007
10692,1.0102e-006
10693,1.1333e-006
10694,1.1385e-006
10695,1.0224e-006
10696,9.802e-007
10697,9.3954e-007
10698,1.0116e-006
10699,8.9328e-007
10700,8.2377e-007
10701,9.2705e-007
10702,8.1281e-007
10703,8.508e-007
10704,1.0027e-006
10705,1.1283e-006
10706,1.0101e-006
10707,1.1464e-006
10708,1.0207e-006
10709,1.0005e-006
10710,8.834e-007
10711,9.1087e-007
10712,7.8584e-007
10713,9.2307e-007
10714,8.101e-007
10715,8.1819e-007
10716,9.9532e-007
10717,1.1164e-006
10718,1.0056e-006
10719,1.1435e-006
10720,1.1119e-006
10721,1.2227e-006
10722,9.8612e-007
10723,8.7069e-007
10724,9.0788e-007
10725,8.9583e-007
10726,7.8264e-007
10727,8.2909e-007
10728,8.1498e-007
10729,9.7704e-007
10730,1.0777e-006
10731,1.1281e-006
10732,9.9892e-007
10733,9.8488e-007
10734,1.1042e-006
10735,9.517e-007
10736,8.4994e-007
10737,8.885e-007
10738,7.9628e-007
10739,8.2223e-007
10740,8.5235e-007
10741,9.392e-007
10742,1.0077e-006
10743,1.1219e-006
10744,1.1045e-006
10745,9.6297e-007
10746,1.022e-006
10747,9.2327e-007
10748,9.0035e-007
10749,8.0908e-007
10750,7.887e-007
10751,7.2977e-007
10752,8.4381e-007
10753,1.0764e-006
10754,1.0603e-006
10755,9.3853e-007
10756,8.574e-007
10757,9.7511e-007
10758,9.8505e-007
10759,8.8999e-007
10760,8.9065e-007
10761,1.1789e-006
10762,1.1686e-006
10763,1.0838e-006
10764,1.1845e-006
10765,1.0309e-006
10766,1.1525e-006
10767,1.0577e-006
10768,1.07e-006
10769,1.1707e-006
10770,1.2059e-006
10771,1.0217e-006
10772,9.0043e-007
10773,8.3598e-007
10774,9.2487e-007
10775,9.5139e-007
10776,8.2497e-007
10777,8.6977e-007
10778,7.8592e-007
10779,1.011e-006
10780,1.1317e-006
10781,1.0208e-006
10782,1.0503e-006
10783,1.1465e-006
10784,1.1976e-006
10785,1.0002e-006
10786,8.848e-007
10787,9.173e-007
10788,8.176e-007
10789,8.3314e-007
10790,9.9143e-007
10791,1.1077e-006
10792,1.0106e-006
10793,1.0003e-006
10794,1.1354e-006
10795,1.1362e-006
10796,1.0767e-006
10797,9.8239e-007
10798,8.6566e-007
10799,9.1148e-007
10800,8.0649e-007
10801,9.006e-007
10802,8.2756e-007
10803,9.6735e-007
10804,1.0686e-006
10805,1.1274e-006
10806,9.9041e-007
10807,9.6134e-007
10808,1.1263e-006
10809,1.0255e-006
10810,9.4337e-007
10811,8.4744e-007
10812,7.9865e-007
10813,8.9155e-007
10814,8.625e-007
10815,7.8177e-007
10816,7.3525e-007
10817,9.3578e-007
10818,9.9643e-007
10819,1.1058e-006
10820,1.1019e-006
10821,1.0005e-006
10822,9.3672e-007
10823,1.0011e-006
10824,8.9586e-007
10825,7.9026e-007
10826,8.5759e-007
10827,7.749e-007
10828,7.9308e-007
10829,1.0603e-006
10830,1.0439e-006
10831,9.2507e-007
10832,8.3257e-007
10833,9.6639e-007
10834,9.6332e-007
10835,9.0175e-007
10836,8.5524e-007
10837,8.3004e-007
10838,1.1579e-006
10839,1.1634e-006
10840,1.0577e-006
10841,1.1679e-006
10842,1.0133e-006
10843,1.1327e-006
10844,1.1624e-006
10845,1.0466e-006
10846,1.0438e-006
10847,1.1538e-006
10848,1.0054e-006
10849,8.8466e-007
10850,8.0957e-007
10851,9.0618e-007
10852,9.4245e-007
10853,8.0872e-007
10854,8.3605e-007
10855,9.9408e-007
10856,1.1012e-006
10857,9.9973e-007
10858,1.1554e-006
10859,1.0392e-006
10860,1.1556e-006
10861,9.7136e-007
10862,8.6358e-007
10863,8.9661e-007
10864,7.993e-007
10865,7.7656e-007
10866,8.4169e-007
10867,9.5862e-007
10868,1.0411e-006
10869,9.8086e-007
10870,1.1341e-006
10871,9.8394e-007
10872,9.2038e-007
10873,9.2475e-007
10874,8.3986e-007
10875,7.6926e-007
10876,8.4287e-007
10877,8.3235e-007
10878,7.4426e-007
10879,9.1473e-007
10880,9.9567e-007
10881,1.0267e-006
10882,1.1008e-006
10883,9.0357e-007
10884,9.5389e-007
10885,8.9031e-007
10886,9.0542e-007
10887,8.272e-007
10888,8.0379e-007
10889,7.4096e-007
10890,8.3372e-007
10891,7.3834e-007
10892,1.0666e-006
10893,8.9885e-007
10894,9.844e-007
10895,1.0181e-006
10896,8.644e-007
10897,9.4226e-007
10898,8.9622e-007
10899,9.7237e-007
10900,9.8269e-007
10901,8.4661e-007
10902,8.8549e-007
10903,8.4869e-007
10904,8.6033e-007
10905,8.5006e-007
10906,1.0019e-006
10907,9.711e-007
10908,8.4534e-007
10909,8.4517e-007
10910,9.0841e-007
10911,9.6685e-007
10912,8.954e-007
10913,8.8202e-007
10914,9.9534e-007
10915,8.6796e-007
10916,1.0308e-006
10917,1.0122e-006
10918,7.6984e-007
10919,7.523e-007
10920,6.5291e-007
10921,7.5346e-007
10922,6.7902e-007
10923,6.8677e-007
10924,7.9251e-007
10925,6.7769e-007
10926,7.914e-007
10927,7.2103e-007
10928,7.83e-007
10929,8.8309e-007
10930,7.8083e-007
10931,7.09e-007
10932,7.8459e-007
10933,7.1282e-007
10934,8.0063e-007
10935,8.8488e-007
10936,1.0039e-006
10937,8.7215e-007
10938,1.0342e-006
10939,8.8948e-007
10940,8.8944e-007
10941,7.8882e-007
10942,7.1145e-007
10943,7.1642e-007
10944,8.0294e-007
10945,7.9201e-007
10946,8.9786e-007
10947,1.0108e-006
10948,1.0517e-006
10949,1.0416e-006
10950,1.1504e-006
10951,8.9716e-007
10952,8.8385e-007
10953,9.0276e-007
10954,8.9581e-007
10955,8.0059e-007
10956,7.2357e-007
10957,7.1921e-007
10958,7.9871e-007
10959,7.112e-007
10960,8.96e-007
10961,9.642e-007
10962,1.0401e-006
10963,1.0505e-006
10964,9.5802e-007
10965,8.0369e-007
10966,9.2784e-007
10967,8.8663e-007
10968,9.0999e-007
10969,7.8287e-007
10970,7.8751e-007
10971,8.8606e-007
10972,8.5794e-007
10973,8.148e-007
10974,7.2192e-007
10975,7.4109e-007
10976,8.0026e-007
10977,9.9258e-007
10978,8.7478e-007
10979,9.1827e-007
10980,8.4682e-007
10981,9.4321e-007
10982,1.0624e-006
10983,1.0796e-006
10984,9.8055e-007
10985,1.123e-006
10986,9.3823e-007
10987,8.2811e-007
10988,8.8171e-007
10989,8.2053e-007
10990,7.5401e-007
10991,8.1433e-007
10992,9.3331e-007
10993,1.003e-006
10994,1.0893e-006
10995,9.7836e-007
10996,9.1033e-007
10997,1.1206e-006
10998,1.0989e-006
10999,9.6809e-007
11000,9.7365e-007
11001,8.8303e-007
11002,8.2389e-007
11003,7.2981e-007
11004,8.1817e-007
11005,8.0957e-007
11006,7.5288e-007
11007,1.0326e-006
11008,8.8419e-007
11009,9.1535e-007
11010,8.6678e-007
11011,8.5742e-007
11012,9.297e-007
11013,9.6133e-007
11014,9.9123e-007
11015,1.1277e-006
11016,1.0522e-006
11017,1.0001e-006
11018,8.6418e-007
11019,8.1248e-007
11020,8.1019e-007
11021,7.366e-007
11022,7.5512e-007
11023,1.061e-006
11024,1.0921e-006
11025,1.0982e-006
11026,1.0123e-006
11027,1.1247e-006
11028,1.201e-006
11029,8.9568e-007
11030,8.1942e-007
11031,7.4109e-007
11032,8.1092e-007
11033,8.0009e-007
11034,8.766e-007
11035,1.0206e-006
11036,8.9254e-007
11037,8.9898e-007
11038,8.7109e-007
11039,1.0193e-006
11040,9.3788e-007
11041,1.0629e-006
11042,9.6762e-007
11043,9.3201e-007
11044,9.3577e-007
11045,1.1136e-006
11046,9.4223e-007
11047,1.0586e-006
11048,1.21e-006
11049,9.8488e-007
11050,9.6783e-007
11051,9.4703e-007
11052,1.0506e-006
11053,1.1103e-006
11054,9.3962e-007
11055,8.4546e-007
11056,8.6058e-007
11057,8.5935e-007
11058,7.666e-007
11059,8.6319e-007
11060,7.9212e-007
11061,8.3259e-007
11062,7.4522e-007
11063,7.1598e-007
11064,8.0735e-007
11065,7.6312e-007
11066,9.3751e-007
11067,8.3192e-007
11068,7.6034e-007
11069,8.4813e-007
11070,8.4157e-007
11071,7.7764e-007
11072,9.2395e-007
11073,1.0331e-006
11074,1.1012e-006
11075,9.1012e-007
11076,1.0436e-006
11077,9.3266e-007
11078,9.2383e-007
11079,9.7337e-007
11080,9.1803e-007
11081,8.1966e-007
11082,7.4418e-007
11083,7.5229e-007
11084,8.1763e-007
11085,8.3221e-007
11086,9.1512e-007
11087,1.0151e-006
11088,1.0191e-006
11089,9.0357e-007
11090,1.0358e-006
11091,8.9692e-007
11092,9.1516e-007
11093,9.0928e-007
11094,8.1322e-007
11095,7.4385e-007
11096,7.2622e-007
11097,8.1686e-007
11098,8.1303e-007
11099,9.0123e-007
11100,9.576e-007
11101,1.0227e-006
11102,1.0111e-006
11103,1.0187e-006
11104,8.8888e-007
11105,8.7634e-007
11106,8.6051e-007
11107,8.2143e-007
11108,7.2161e-007
11109,8.0919e-007
11110,7.931e-007
11111,9.7373e-007
11112,8.7276e-007
11113,8.7574e-007
11114,9.789e-007
11115,8.3674e-007
11116,1.027e-006
11117,9.3014e-007
11118,9.2967e-007
11119,1.0325e-006
11120,9.2236e-007
11121,1.008e-006
11122,9.109e-007
11123,9.2189e-007
11124,1.0233e-006
11125,1.0288e-006
11126,8.9666e-007
11127,8.2531e-007
11128,8.4198e-007
11129,7.4595e-007
11130,7.6936e-007
11131,8.0338e-007
11132,9.0492e-007
11133,8.9781e-007
11134,9.9057e-007
11135,9.1258e-007
11136,1.0947e-006
11137,1.021e-006
11138,8.8978e-007
11139,8.1105e-007
11140,8.3456e-007
11141,7.3963e-007
11142,7.6286e-007
11143,8.1284e-007
11144,8.9249e-007
11145,8.0067e-007
11146,7.3558e-007
11147,8.2869e-007
11148,8.0829e-007
11149,7.4983e-007
11150,8.8492e-007
11151,9.7905e-007
11152,8.6789e-007
11153,9.0644e-007
11154,1.086e-006
11155,9.4203e-007
11156,8.8068e-007
11157,7.9145e-007
11158,7.8991e-007
11159,8.2422e-007
11160,7.1384e-007
11161,7.2641e-007
11162,7.5545e-007
11163,7.4608e-007
11164,8.7486e-007
11165,9.6119e-007
11166,8.6244e-007
11167,1.0207e-006
11168,9.1688e-007
11169,9.3607e-007
11170,8.6584e-007
11171,7.7747e-007
11172,7.8609e-007
11173,7.8891e-007
11174,7.1011e-007
11175,8.5613e-007
11176,9.2567e-007
11177,9.728e-007
11178,8.5564e-007
11179,8.58e-007
11180,1.0121e-006
11181,9.0936e-007
11182,8.3291e-007
11183,7.5756e-007
11184,7.8044e-007
11185,7.0449e-007
11186,7.0374e-007
11187,7.8416e-007
11188,8.2151e-007
11189,8.6971e-007
11190,9.5228e-007
11191,9.5012e-007
11192,8.3725e-007
11193,8.4193e-007
11194,7.9086e-007
11195,7.2101e-007
11196,6.9675e-007
11197,7.7532e-007
11198,9.1743e-007
11199,9.043e-007
11200,8.1456e-007
11201,7.567e-007
11202,8.7165e-007
11203,8.1317e-007
11204,9.8832e-007
11205,9.9831e-007
11206,9.4866e-007
11207,8.9005e-007
11208,9.5835e-007
11209,8.7892e-007
11210,9.6788e-007
11211,9.3428e-007
11212,8.8054e-007
11213,8.6767e-007
11214,8.5755e-007
11215,9.3252e-007
11216,8.7262e-007
11217,9.5508e-007
11218,9.5865e-007
11219,8.6825e-007
11220,7.8602e-007
11221,7.3941e-007
11222,8.5203e-007
11223,7.2652e-007
11224,8.0198e-007
11225,8.4898e-007
11226,7.7244e-007
11227,7.2469e-007
11228,7.983e-007
11229,7.2069e-007
11230,7.9505e-007
11231,7.43e-007
11232,8.4008e-007
11233,8.8541e-007
11234,9.308e-007
11235,8.904e-007
11236,8.2553e-007
11237,8.6345e-007
11238,9.4844e-007
11239,9.7694e-007
11240,8.0862e-007
11241,7.7476e-007
11242,6.9386e-007
11243,7.2072e-007
11244,7.5774e-007
11245,7.9286e-007
11246,6.8115e-007
11247,8.9512e-007
11248,8.1585e-007
11249,8.5739e-007
11250,7.9414e-007
11251,8.4044e-007
11252,9.2119e-007
11253,8.5886e-007
11254,8.9986e-007
11255,9.6536e-007
11256,8.8164e-007
11257,1.0294e-006
11258,9.8592e-007
11259,9.2583e-007
11260,8.4286e-007
11261,8.2822e-007
11262,9.4701e-007
11263,8.9768e-007
11264,8.6684e-007
11265,8.3538e-007
11266,8.0455e-007
11267,8.8673e-007
11268,7.72e-007
11269,7.0039e-007
11270,7.6503e-007
11271,8.0967e-007
11272,7.4721e-007
11273,6.8934e-007
11274,7.6976e-007
11275,7.1773e-007
11276,7.3756e-007
11277,1.0987e-005
11278,1.0732e-005
11279,9.7125e-006
11280,1.0123e-005
11281,1.0136e-005
11282,9.5763e-006
11283,1.0489e-005
11284,1.0336e-005
11285,1.0116e-005
11286,1.0509e-005
11287,9.9786e-006
11288,1.893e-005
11289,2.1435e-005
11290,2.1475e-005
11291,1.8725e-005
11292,2.227e-005
11293,1.7682e-005
11294,1.9005e-005
11295,1.5817e-005
11296,1.6422e-005
11297,1.4265e-005
11298,1.5515e-005
11299,3.8345e-008
11300,7.1167e-008
11301,5.0848e-008
11302,8.4174e-008
11303,8.2833e-007
11304,8.1777e-007
11305,1.1748e-006
11306,1.1707e-006
11307,7.8312e-007
11308,2.6438e-007
11309,7.0556e-007
11310,5.0568e-007
11311,4.8281e-007
11312,6.8526e-007
11313,1.1792e-006
11314,1.1925e-006
11315,8.4699e-007
11316,7.1901e-007
11317,3.9715e-007
11318,5.1784e-007
11319,6.9432e-007
11320,4.262e-007
11321,9.5326e-007
11322,1.1666e-006
11323,1.1788e-006
11324,8.1771e-007
11325,5.0542e-007
11326,4.2082e-007
11327,7.0278e-007
11328,4.8616e-007
11329,8.0474e-007
11330,9.5171e-007
11331,6.2721e-007
11332,1.5376e-006
11333,1.5467e-006
11334,1.8577e-006
11335,1.9296e-006
11336,1.3837e-006
11337,1.1733e-006
11338,1.0598e-006
11339,1.1324e-006
11340,1.3596e-006
11341,1.5495e-006
11342,1.9615e-006
11343,1.8589e-006
11344,1.2375e-006
11345,1.5124e-006
11346,1.1698e-006
11347,1.0928e-006
11348,1.3672e-006
11349,1.1913e-006
11350,1.5596e-006
11351,1.9325e-006
11352,1.9236e-006
11353,1.4556e-006
11354,1.0924e-006
11355,1.4353e-006
11356,1.1469e-006
11357,1.169e-006
11358,1.3717e-006
11359,1.1798e-006
11360,1.9758e-006
11361,1.9607e-006
11362,1.5643e-006
11363,1.1814e-006
11364,1.6348e-006
11365,1.2054e-006
11366,1.5588e-006
11367,1.3804e-006
11368,8.3667e-007
11369,1.1847e-006
11370,5.0863e-007
11371,7.7641e-007
11372,4.2012e-007
11373,6.3597e-007
11374,8.0875e-007
11375,2.3035e-006
11376,2.4003e-006
11377,2.0174e-006
11378,2.1408e-006
11379,2.138e-006
11380,1.7824e-006
11381,2.5673e-006
11382,2.2668e-006
11383,1.5886e-006
11384,1.7447e-006
11385,1.9023e-006
11386,1.474e-006
11387,2.1341e-006
11388,2.0106e-006
11389,1.9616e-006
11390,2.3553e-006
11391,2.1241e-006
11392,2.0091e-006
11393,1.196e-006
11394,1.2354e-006
11395,7.4748e-007
11396,5.7482e-007
11397,4.338e-007
11398,8.9994e-007
11399,6.5578e-007
11400,8.1709e-007
11401,6.4367e-007
11402,1.9375e-006
11403,1.603e-006
11404,1.1865e-006
11405,1.3152e-006
11406,9.9491e-007
11407,1.1265e-006
11408,1.5635e-006
11409,1.9661e-006
11410,2.3311e-006
11411,2.2693e-006
11412,1.6904e-006
11413,1.859e-006
11414,1.9862e-006
11415,1.9803e-006
11416,1.9778e-006
11417,1.1843e-006
11418,1.4525e-006
11419,1.3571e-006
11420,1.4698e-006
11421,1.2279e-006
11422,1.2034e-006
11423,8.5717e-007
11424,7.2252e-007
11425,5.9501e-007
11426,5.4349e-007
11427,4.2479e-007
11428,8.0348e-007
11429,1.211e-006
11430,1.5644e-006
11431,1.9041e-006
11432,1.9196e-006
11433,1.2791e-006
11434,1.4458e-006
11435,1.1361e-006
11436,1.231e-006
11437,1.1833e-006
11438,9.0361e-007
11439,1.2215e-006
11440,5.2199e-007
11441,7.5982e-007
11442,6.0808e-007
11443,4.4611e-007
11444,8.6968e-007
11445,8.1564e-007
11446,5.2832e-007
11447,1.2514e-006
11448,1.3102e-006
11449,6.9999e-007
11450,8.0101e-007
11451,5.6972e-007
11452,9.1396e-007
11453,5.6778e-007
11454,1.6141e-006
11455,1.8866e-006
11456,1.8941e-006
11457,1.3065e-006
11458,1.1366e-006
11459,1.4664e-006
11460,1.2593e-006
11461,1.2428e-006
11462,1.9226e-006
11463,1.9339e-006
11464,1.4303e-006
11465,1.0718e-006
11466,1.5283e-006
11467,1.3187e-006
11468,1.2256e-006
11469,2.3191e-006
11470,1.9154e-006
11471,1.8788e-006
11472,1.8222e-006
11473,2.2265e-006
11474,2.3416e-006
11475,2.1268e-006
11476,1.7481e-006
11477,2.2189e-006
11478,2.1946e-006
11479,1.6548e-006
11480,1.8268e-006
11481,1.8213e-006
11482,1.5629e-006
11483,1.9758e-006
11484,2.2715e-006
11485,1.9016e-006
11486,2.0434e-006
11487,1.8323e-006
11488,1.6452e-006
11489,1.8127e-006
11490,1.5281e-006
11491,2.0166e-006
11492,1.7059e-006
11493,1.834e-006
11494,1.918e-006
11495,1.8703e-006
11496,1.8247e-006
11497,2.1124e-006
11498,2.1062e-006
11499,1.8131e-006
11500,1.8695e-006
11501,8.4228e-007
11502,8.3912e-007
11503,1.1866e-006
11504,1.1831e-006
11505,7.9899e-007
11506,5.7569e-007
11507,4.6096e-007
11508,6.5344e-007
11509,1.1827e-006
11510,1.1966e-006
11511,8.5683e-007
11512,9.0353e-007
11513,4.4225e-007
11514,6.5235e-007
11515,5.7198e-007
11516,6.5861e-007
11517,1.1886e-006
11518,1.2011e-006
11519,8.4124e-007
11520,7.2149e-007
11521,6.4695e-007
11522,8.7514e-007
11523,5.7613e-007
11524,5.0047e-007
11525,5.5698e-007
11526,4.8394e-007
11527,1.5437e-006
11528,1.569e-006
11529,1.866e-006
11530,1.9641e-006
11531,1.185e-006
11532,1.294e-006
11533,1.1875e-006
11534,9.0996e-007
11535,1.4983e-006
11536,1.5434e-006
11537,1.9323e-006
11538,1.8521e-006
11539,1.2987e-006
11540,1.1854e-006
11541,1.5517e-006
11542,1.49e-006
11543,1.1657e-006
11544,9.968e-007
11545,1.2009e-006
11546,1.582e-006
11547,1.9796e-006
11548,1.9856e-006
11549,1.1329e-006
11550,1.02e-006
11551,1.3097e-006
11552,1.4534e-006
11553,1.3046e-006
11554,1.2058e-006
11555,1.9308e-006
11556,1.9036e-006
11557,1.5574e-006
11558,1.3134e-006
11559,1.241e-006
11560,1.0069e-006
11561,1.4117e-006
11562,9.0661e-007
11563,1.222e-006
11564,6.3691e-007
11565,8.6793e-007
11566,6.6819e-007
11567,5.1524e-007
11568,2.2635e-006
11569,2.2963e-006
11570,1.9209e-006
11571,1.6931e-006
11572,2.1162e-006
11573,2.0299e-006
11574,1.816e-006
11575,2.2921e-006
11576,1.9378e-006
11577,1.8448e-006
11578,2.1445e-006
11579,1.9005e-006
11580,2.2172e-006
11581,2.0788e-006
11582,1.8657e-006
11583,1.5749e-006
11584,1.7916e-006
11585,8.3335e-007
11586,1.1955e-006
11587,6.4417e-007
11588,7.6145e-007
11589,5.0973e-007
11590,6.6509e-007
11591,8.8526e-007
11592,4.8741e-007
11593,1.2537e-006
11594,1.3139e-006
11595,6.0363e-007
11596,7.1258e-007
11597,6.7668e-007
11598,9.4783e-007
11599,4.8492e-007
11600,4.923e-007
11601,1.8807e-006
11602,1.6156e-006
11603,9.8245e-007
11604,1.2976e-006
11605,1.4963e-006
11606,1.2584e-006
11607,1.9172e-006
11608,2.1996e-006
11609,1.8313e-006
11610,1.6093e-006
11611,1.8466e-006
11612,2.039e-006
11613,1.9455e-006
11614,1.5334e-006
11615,1.0827e-006
11616,1.3709e-006
11617,1.3603e-006
11618,1.8615e-006
11619,1.9885e-006
11620,1.6539e-006
11621,2.1976e-006
11622,8.0814e-007
11623,7.4729e-007
11624,1.1444e-006
11625,1.1661e-006
11626,7.4603e-007
11627,6.233e-007
11628,4.0565e-007
11629,6.915e-007
11630,5.3347e-007
11631,1.1857e-006
11632,1.1898e-006
11633,7.5672e-007
11634,6.3465e-007
11635,5.1443e-007
11636,9.2568e-007
11637,6.4299e-007
11638,1.086e-006
11639,6.2251e-007
11640,4.142e-007
11641,3.6798e-007
11642,6.3021e-007
11643,7.0765e-007
11644,1.5356e-006
11645,1.9032e-006
11646,1.9029e-006
11647,1.1525e-006
11648,1.4188e-006
11649,1.3357e-006
11650,1.0595e-006
11651,1.5571e-006
11652,1.124e-006
11653,1.5728e-006
11654,1.9446e-006
11655,1.9584e-006
11656,1.1822e-006
11657,1.4844e-006
11658,1.0003e-006
11659,1.1696e-006
11660,1.5956e-006
11661,1.3488e-006
11662,1.9657e-006
11663,1.9772e-006
11664,1.4395e-006
11665,1.1474e-006
11666,1.3523e-006
11667,1.3011e-006
11668,2.3325e-006
11669,2.3601e-006
11670,1.8798e-006
11671,1.9162e-006
11672,2.0398e-006
11673,1.9622e-006
11674,1.874e-006
11675,1.7234e-006
11676,2.2521e-006
11677,2.3878e-006
11678,1.8779e-006
11679,1.9305e-006
11680,2.0849e-006
11681,1.723e-006
11682,2.4004e-006
11683,1.8877e-006
11684,2.2293e-006
11685,1.8866e-006
11686,2.1492e-006
11687,1.6797e-006
11688,1.718e-006
11689,1.9443e-006
11690,1.893e-006
11691,2.1519e-006
11692,1.8823e-006
11693,2.2688e-006
11694,3.9035e-008
11695,8.0075e-008
11696,5.2527e-008
11697,8.1872e-008
11698,0.
11699,0.
11700,0.
11701,0.
11702,0.
11703,0.
11704,2.6815e-011
11705,3.7197e-011
11706,1.713e-011
11707,0.
11708,0.
11709,0.
11710,0.
11711,0.
11712,0.
11713,0.
11714,7.1992e-008
11715,4.0857e-008
11716,4.7716e-008
11717,4.4079e-008
11718,5.7345e-008
11719,5.9752e-008
11720,0.
11721,0.
11722,0.
11723,0.
11724,0.
11725,0.
11726,0.
11727,7.4023e-008
11728,5.736e-008
11729,5.5711e-008
11730,3.8399e-008
11731,3.2951e-008
11732,4.3024e-008
11733,0.
11734,0.
11735,0.
11736,0.
11737,0.
11738,0.
11739,0.
11740,1.0641e-012
11741,9.5037e-013
11742,7.0294e-013
11743,5.4307e-013
11744,3.128e-013
11745,0.
11746,0.
11747,0.
11748,0.
11749,0.
11750,0.
11751,0.
11752,7.8541e-010
11753,1.2049e-009
11754,1.7724e-009
11755,1.2433e-009
11756,0.
11757,0.
11758,0.
11759,0.
11760,0.
11761,0.
11762,8.6161e-013
11763,1.916e-012
11764,1.2699e-012
11765,1.108e-012
11766,0.
11767,0.
11768,0.
11769,0.
11770,0.
11771,0.
11772,9.435e-010
11773,5.0488e-010
11774,9.3965e-010
11775,0.
11776,0.
11777,0.
11778,0.
11779,0.
11780,0.
11781,6.0995e-008
11782,4.6906e-008
11783,6.0506e-008
11784,5.918e-008
11785,6.2057e-008
11786,0.
11787,0.
11788,0.
11789,0.
11790,0.
11791,0.
11792,0.
11793,5.1445e-008
11794,5.1026e-008
11795,7.9942e-008
11796,4.6545e-008
11797,5.1003e-008
11798,0.
11799,0.
11800,0.
11801,0.
11802,0.
11803,0.
11804,3.1644e-012
11805,2.0414e-012
11806,5.4547e-012
11807,2.6676e-012
11808,0.
11809,0.
11810,0.
11811,0.
11812,0.
11813,5.351e-014
11814,9.3857e-014
11815,3.5718e-014
11816,3.6947e-014
11817,6.7156e-014
11818,4.5545e-014
11819,0.
11820,0.
11821,0.
11822,0.
11823,0.
11824,0.
11825,1.3326e-008
11826,1.2038e-008
11827,1.9205e-008
11828,7.2807e-009
11829,0.
11830,0.
11831,0.
11832,0.
11833,0.
11834,0.
11835,1.7085e-010
11836,1.6759e-010
11837,1.3773e-010
11838,1.1839e-010
11839,0.
11840,0.
11841,0.
11842,0.
11843,0.
11844,0.
11845,9.9965e-014
11846,1.0346e-013
11847,6.8739e-014
11848,0.
11849,0.
11850,0.
11851,0.
11852,0.
11853,0.
11854,1.1748e-008
11855,1.8851e-008
11856,7.7784e-009
11857,0.
11858,0.
11859,0.
11860,0.
11861,0.
11862,0.
11863,1.6484e-011
11864,2.8623e-011
11865,2.8286e-011
11866,1.0483e-011
11867,2.1465e-011
11868,0.
11869,0.
11870,0.
11871,0.
11872,0.
11873,7.153e-011
11874,1.4646e-010
11875,0.
11876,0.
11877,0.
11878,0.
11879,0.
11880,0.
11881,8.5638e-008
11882,7.6509e-008
11883,5.519e-008
11884,5.6504e-008
11885,3.2371e-008
11886,4.7053e-008
11887,4.1831e-008
11888,6.0469e-008
11889,0.
11890,0.
11891,0.
11892,0.
11893,0.
11894,7.0222e-008
11895,3.6933e-008
11896,5.4257e-008
11897,5.6735e-008
11898,2.6449e-008
11899,0.
11900,0.
11901,0.
11902,0.
11903,0.
11904,0.
11905,8.2972e-008
11906,6.302e-008
11907,6.8917e-008
11908,4.8128e-008
11909,4.1508e-008
11910,6.1792e-008
11911,0.
11912,0.
11913,0.
11914,0.
11915,0.
11916,4.7642e-012
11917,9.3786e-012
11918,7.9299e-012
11919,3.7812e-012
11920,0.
11921,0.
11922,0.
11923,0.
11924,0.
11925,4.4796e-012
11926,8.098e-012
11927,8.9288e-012
11928,4.7066e-012
11929,0.
11930,0.
11931,0.
11932,0.
11933,0.
11934,4.2394e-010
11935,2.2794e-010
11936,2.0867e-010
11937,3.8388e-010
11938,0.
11939,0.
11940,0.
11941,0.
11942,6.161e-008
11943,3.8148e-008
11944,7.1486e-008
11945,5.1158e-008
11946,5.7759e-008
11947,0.
11948,0.
11949,0.
11950,0.
11951,0.
11952,0.
11953,3.7061e-008
11954,6.3614e-008
11955,7.5052e-008
11956,5.7894e-008
11957,7.6599e-008
11958,4.426e-008
11959,9.1103e-008
11960,3.5552e-008
11961,0.
11962,0.
11963,0.
11964,0.
11965,0.
11966,5.4674e-008
11967,4.423e-008
11968,5.2076e-008
11969,4.6008e-008
11970,0.
11971,0.
11972,0.
11973,0.
11974,5.1298e-013
11975,3.841e-013
11976,2.5856e-013
11977,2.7027e-013
11978,6.2695e-013
11979,2.1165e-013
11980,0.
11981,0.
11982,0.
11983,0.
11984,0.
11985,7.7101e-008
11986,6.3432e-008
11987,4.9692e-008
11988,6.2539e-008
11989,4.5231e-008
11990,0.
11991,0.
11992,0.
11993,0.
11994,6.1388e-012
11995,1.2088e-011
11996,3.8982e-012
11997,0.
11998,0.
11999,0.
12000,0.
12001,0.
12002,7.4693e-013
12003,5.0581e-013
12004,2.3568e-013
12005,2.5599e-013
12006,4.4073e-013
12007,0.
12008,0.
12009,0.
12010,0.
12011,1.6391e-008
12012,2.7395e-008
12013,1.8984e-008
12014,3.2523e-008
12015,2.548e-008
12016,0.
12017,0.
12018,0.
12019,0.
12020,1.1632e-008
12021,1.7762e-008
12022,1.6682e-008
12023,5.7876e-009
12024,7.3779e-009
12025,0.
12026,0.
12027,0.
12028,0.
12029,0.
12030,0.
12031,8.2169e-011
12032,6.4519e-011
12033,1.3687e-010
12034,1.0651e-010
12035,0.
12036,0.
12037,0.
12038,0.
12039,2.3659e-012
12040,1.5626e-012
12041,2.4759e-012
12042,1.3987e-012
12043,6.9554e-013
12044,7.9766e-013
12045,0.
12046,0.
12047,0.
12048,0.
12049,0.
12050,1.6332e-009
12051,2.661e-009
12052,1.141e-009
12053,2.9098e-009
12054,1.8224e-009
12055,7.7106e-010
12056,1.3969e-009
12057,0.
12058,0.
12059,0.
12060,0.
12061,2.0485e-014
12062,1.5815e-014
12063,0.
12064,0.
12065,0.
12066,0.
12067,2.047e-014
12068,1.7106e-014
12069,3.1479e-014
12070,2.6179e-014
12071,1.3241e-014
12072,0.
12073,0.
12074,0.
12075,1.9222e-011
12076,1.4532e-011
12077,3.0607e-011
12078,3.8695e-011
12079,1.7794e-011
12080,0.
12081,0.
12082,0.
12083,0.
12084,8.4845e-008
12085,6.1966e-008
12086,3.9651e-008
12087,9.2575e-008
12088,7.3584e-008
12089,4.8968e-008
12090,4.9897e-008
12091,4.6763e-008
12092,0.
12093,0.
12094,0.
12095,0.
12096,0.
12097,1.0602e-009
12098,1.3348e-009
12099,6.9452e-010
12100,2.0288e-009
12101,8.4626e-010
12102,0.
12103,0.
12104,0.
12105,0.
12106,0.
12107,6.8768e-008
12108,5.6748e-008
12109,3.8979e-008
12110,5.3912e-008
12111,2.6048e-008
12112,4.0075e-008
12113,0.
12114,0.
12115,6.334e-008
12116,1.7141e-008
12117,2.1762e-008
12118,5.2663e-008
12119,6.6553e-008
12120,3.1892e-008
12121,7.0666e-008
12122,3.366e-008
12123,0.
12124,0.
12125,4.7299e-008
12126,1.4316e-008
12127,4.59e-008
12128,5.3918e-008
12129,3.644e-008
12130,1.2299e-008
12131,0.
12132,6.1262e-008
12133,2.9213e-008
12134,4.1457e-008
12135,5.4689e-008
12136,6.5867e-008
12137,0.
12138,0.
12139,0.
12140,3.9699e-010
12141,1.9143e-010
12142,1.1321e-010
12143,3.2427e-010
12144,1.5954e-010
12145,0.
12146,0.
12147,0.
12148,0.
12149,5.2994e-008
12150,6.3428e-008
12151,3.7361e-008
12152,0.
12153,0.
12154,4.4972e-008
12155,1.4369e-008
12156,3.5196e-008
12157,2.3271e-008
12158,5.2179e-008
12159,0.
12160,0.
12161,0.
12162,1.6735e-013
12163,2.8903e-013
12164,2.0962e-013
12165,1.1333e-013
12166,1.5859e-013
12167,0.
12168,0.
12169,0.
12170,2.7365e-008
12171,2.5168e-008
12172,1.8161e-008
12173,2.0689e-008
12174,0.
12175,0.
12176,0.
12177,9.1456e-014
12178,7.7896e-014
12179,5.5615e-014
12180,5.1399e-014
12181,6.1502e-014
12182,6.6192e-014
12183,4.2686e-014
12184,0.
12185,0.
12186,0.
12187,0.
12188,5.6029e-014
12189,6.2358e-014
12190,3.7684e-014
12191,3.946e-014
12192,4.9266e-014
12193,2.678e-014
12194,0.
12195,0.
12196,0.
12197,4.1114e-008
12198,4.0875e-008
12199,3.0611e-008
12200,4.8686e-008
12201,0.
12202,0.
12203,0.
12204,0.
12205,2.3945e-010
12206,2.8777e-010
12207,3.198e-010
12208,1.776e-010
12209,1.4341e-010
12210,0.
12211,0.
12212,0.
12213,5.0661e-013
12214,3.3184e-013
12215,6.7477e-013
12216,2.4901e-013
12217,0.
12218,0.
12219,9.4966e-008
12220,6.1706e-008
12221,6.8316e-008
12222,8.6605e-008
12223,4.5985e-008
12224,7.3737e-008
12225,0.
12226,0.
12227,0.
12228,1.2565e-012
12229,1.5567e-012
12230,1.0583e-012
12231,5.0553e-013
12232,6.0071e-013
12233,6.4069e-013
12234,0.
12235,0.
12236,3.2063e-008
12237,3.9966e-008
12238,4.9952e-008
12239,5.4492e-008
12240,0.
12241,0.
12242,3.3055e-010
12243,1.0108e-009
12244,5.3705e-010
12245,5.5226e-010
12246,5.4736e-010
12247,2.8118e-010
12248,0.
12249,0.
12250,0.
12251,2.022e-008
12252,2.6562e-008
12253,3.4397e-008
12254,4.3917e-008
12255,2.8784e-008
12256,0.
12257,1.6712e-008
12258,2.2823e-008
12259,3.9975e-008
12260,3.8235e-008
12261,1.5821e-008
12262,0.
12263,9.4379e-009
12264,3.4374e-008
12265,2.2838e-008
12266,3.395e-008
12267,5.2362e-008
12268,3.5859e-008
12269,0.
12270,0.
12271,2.4184e-010
12272,2.4356e-010
12273,3.3727e-010
12274,1.6548e-010
12275,0.
12276,0.
12277,0.
12278,0.
12279,0.
12280,6.3587e-008
12281,4.1893e-008
12282,3.2969e-008
12283,5.2787e-008
12284,6.9966e-008
12285,0.
12286,0.
12287,0.
12288,1.5344e-009
12289,2.6687e-009
12290,1.389e-009
12291,0.
12292,0.
12293,5.1143e-008
12294,3.5607e-008
12295,2.4915e-008
12296,3.2315e-008
12297,0.
12298,0.
12299,4.2945e-008
12300,3.5831e-008
12301,4.1768e-008
12302,6.3207e-008
12303,0.
12304,0.
12305,0.
12306,4.8312e-013
12307,2.2688e-013
12308,0.
12309,0.
12310,1.8968e-008
12311,2.1659e-008
12312,4.1907e-008
12313,3.2178e-008
12314,5.9766e-008
12315,4.4685e-008
12316,0.
12317,0.
12318,9.388e-008
12319,3.414e-008
12320,6.8267e-008
12321,5.6512e-008
12322,4.9745e-008
12323,5.8992e-008
12324,7.6517e-008
12325,0.
12326,0.
12327,8.0379e-008
12328,5.3714e-008
12329,7.5802e-008
12330,4.5049e-008
12331,7.4012e-008
12332,0.
12333,0.
12334,4.4519e-008
12335,7.1792e-008
12336,6.689e-008
12337,4.3113e-008
12338,4.0234e-008
12339,3.6899e-008
12340,0.
12341,0.
12342,0.
12343,6.6021e-009
12344,3.8307e-009
12345,4.4707e-009
12346,0.
12347,0.
12348,1.2558e-010
12349,5.8399e-011
12350,1.0729e-010
12351,6.4895e-011
12352,0.
12353,0.
12354,4.6765e-008
12355,3.7169e-008
12356,0.
12357,0.
12358,2.359e-012
12359,1.3446e-012
12360,1.9032e-012
12361,7.3691e-013
12362,0.
12363,7.2766e-008
12364,3.8076e-008
12365,6.0816e-008
12366,3.8089e-008
12367,7.452e-008
12368,8.6702e-008
12369,5.3112e-008
12370,0.
12371,7.671e-008
12372,3.117e-008
12373,1.0614e-007
12374,7.9676e-008
12375,5.5525e-008
12376,6.2369e-008
12377,6.486e-008
12378,0.
12379,6.3225e-008
12380,4.4288e-008
12381,4.1602e-008
12382,2.8902e-008
12383,0.
12384,0.
12385,5.0832e-011
12386,1.219e-010
12387,6.2206e-011
12388,6.871e-011
12389,1.3099e-010
12390,8.1741e-011
12391,0.
12392,0.
12393,2.029e-010
12394,2.5202e-010
12395,3.0684e-010
12396,2.2899e-010
12397,4.1824e-010
12398,4.0178e-010
12399,0.
12400,0.
12401,0.
12402,0.
12403,7.7873e-012
12404,3.5466e-012
12405,2.3646e-012
12406,4.9176e-012
12407,2.4767e-008
12408,4.0844e-008
12409,7.1411e-008
12410,4.1631e-008
12411,0.
12412,0.
12413,0.
12414,4.985e-010
12415,1.2568e-010
12416,2.2135e-010
12417,2.6331e-010
12418,0.
12419,0.
12420,0.
12421,3.3634e-011
12422,3.0185e-011
12423,9.7008e-012
12424,1.6704e-011
12425,1.8517e-011
12426,0.
12427,0.
12428,2.9461e-012
12429,2.9033e-012
12430,1.638e-012
12431,9.3204e-013
12432,0.
12433,9.0256e-013
12434,3.4713e-013
12435,3.0256e-013
12436,5.0402e-013
12437,0.
12438,0.
12439,6.5202e-015
12440,3.6622e-015
12441,3.8375e-015
12442,0.
12443,1.5998e-012
12444,2.9366e-012
12445,1.0499e-012
12446,1.8327e-012
12447,0.
12448,0.
12449,4.4136e-008
12450,7.2644e-008
12451,4.4183e-008
12452,7.3258e-008
12453,0.
12454,1.491e-012
12455,5.9165e-011
12456,7.7385e-011
12457,4.09e-011
12458,0.
12459,0.
12460,9.407e-009
12461,5.2979e-009
12462,1.067e-008
12463,0.
12464,4.4594e-008
12465,3.1471e-008
12466,2.9623e-008
12467,3.0415e-008
12468,1.1946e-008
12469,0.
12470,2.3877e-008
12471,1.7194e-008
12472,1.1796e-008
12473,1.0087e-008
12474,0.
12475,0.
12476,7.0065e-008
12477,5.3891e-008
12478,5.0767e-008
12479,3.758e-008
12480,8.9813e-008
12481,4.4779e-008
12482,0.
12483,0.
12484,0.
12485,1.6049e-013
12486,1.8107e-013
12487,7.5742e-014
12488,0.
12489,0.
12490,0.
12491,4.2274e-010
12492,6.5779e-010
12493,2.8359e-010
12494,4.1947e-010
12495,0.
12496,4.0623e-010
12497,6.9944e-010
12498,0.
12499,0.
12500,2.6665e-009
12501,1.8946e-009
12502,3.7891e-009
12503,0.
12504,2.3908e-014
12505,2.4444e-014
12506,3.5159e-014
12507,3.5906e-014
12508,0.
12509,2.5972e-014
12510,3.1516e-014
12511,3.9443e-014
12512,0.
12513,0.
12514,8.7796e-009
12515,5.7434e-009
12516,7.4226e-009
12517,4.2872e-009
12518,6.4642e-009
12519,0.
12520,0.
12521,1.1742e-014
12522,8.8055e-015
12523,4.8393e-015
12524,0.
12525,0.
12526,2.8562e-011
12527,3.0577e-011
12528,1.8526e-011
12529,1.4327e-011
12530,4.3141e-008
12531,3.5781e-008
12532,5.6293e-008
12533,4.737e-011
12534,5.6436e-011
12535,8.2677e-011
12536,7.6626e-011
12537,0.
12538,0.
12539,4.1774e-008
12540,3.4478e-008
12541,3.9737e-008
12542,3.864e-008
12543,4.548e-008
12544,7.8741e-008
12545,4.2975e-008
12546,9.8437e-009
12547,5.3311e-009
12548,1.3043e-008
12549,7.1676e-009
12550,0.
12551,1.8851e-014
12552,1.541e-014
12553,1.0905e-014
12554,5.2927e-015
12555,1.4863e-014
12556,6.5575e-015
12557,0.
12558,0.
12559,5.7034e-008
12560,5.704e-008
12561,9.1386e-008
12562,5.7533e-008
12563,5.4438e-008
12564,4.5824e-008
12565,8.3976e-008
12566,0.
12567,4.9687e-008
12568,3.5978e-008
12569,3.2573e-008
12570,4.6989e-008
12571,4.7568e-008
12572,0.
12573,8.0279e-009
12574,5.1129e-009
12575,3.5753e-009
12576,2.2817e-009
12577,0.
12578,2.3639e-014
12579,2.443e-014
12580,2.6215e-014
12581,1.8217e-014
12582,0.
12583,2.7217e-014
12584,4.7278e-014
12585,1.2541e-014
12586,6.9586e-008
12587,8.737e-008
12588,5.4313e-008
12589,6.4086e-008
12590,4.5203e-008
12591,0.
12592,1.2423e-013
12593,5.9172e-014
12594,8.2181e-014
12595,0.
12596,1.9168e-009
12597,6.2699e-009
12598,3.5152e-009
12599,3.8117e-009
12600,4.1894e-009
12601,2.3821e-010
12602,2.7949e-012
12603,5.5541e-012
12604,1.7918e-013
12605,1.2675e-013
12606,8.9449e-014
12607,0.
12608,2.7122e-008
12609,1.977e-008
12610,1.2408e-008
12611,7.6369e-008
12612,4.0764e-008
12613,7.5762e-008
12614,4.3523e-008
12615,0.
12616,2.0265e-013
12617,1.0086e-013
12618,1.5778e-013
12619,1.0348e-012
12620,4.0677e-013
12621,5.3547e-013
12622,5.5064e-013
12623,1.7433e-011
12624,5.2642e-012
12625,9.2357e-012
12626,1.0697e-011
12627,2.211e-008
12628,3.0526e-008
12629,3.9186e-008
12630,3.7006e-008
12631,3.1684e-008
12632,2.3569e-008
12633,1.0685e-011
12634,8.7314e-012
12635,4.9328e-012
12636,5.1232e-012
12637,0.
12638,9.1875e-008
12639,4.1953e-008
12640,6.6522e-008
12641,5.4244e-008
12642,8.6542e-008
12643,0.
12644,1.6351e-013
12645,1.2264e-013
12646,1.629e-013
12647,3.8551e-008
12648,4.3181e-008
12649,4.2884e-008
12650,5.7722e-008
12651,8.4319e-008
12652,7.0782e-008
12653,4.5304e-008
12654,7.234e-008
12655,4.2837e-011
12656,2.317e-011
12657,5.6567e-015
12658,6.2399e-015
12659,3.648e-015
12660,3.0048e-015
12661,1.8297e-008
12662,3.229e-008
12663,1.9769e-008
12664,8.2868e-008
12665,4.4684e-008
12666,2.2999e-008
12667,5.5279e-008
12668,5.1266e-008
12669,6.5346e-010
12670,1.0936e-009
12671,5.0882e-010
12672,0.
12673,2.2038e-013
12674,7.0139e-010
12675,1.0475e-009
12676,7.2124e-010
12677,5.9846e-010
12678,2.262e-012
12679,3.5903e-012
12680,1.9932e-012
12681,4.203e-012
12682,7.5436e-012
12683,3.6914e-008
12684,5.9295e-008
12685,4.5303e-008
12686,5.0047e-008
12687,4.1636e-008
12688,5.5366e-008
12689,0.
12690,3.9636e-008
12691,6.7846e-008
12692,3.9603e-008
12693,5.0859e-008
12694,0.
12695,6.8243e-010
12696,1.2914e-009
12697,1.7101e-013
12698,3.5651e-013
12699,1.7417e-013
12700,3.0659e-013
12701,0.
12702,4.6766e-008
12703,4.5113e-008
12704,5.9221e-008
12705,7.5955e-008
12706,4.9918e-008
12707,3.6856e-008
12708,2.7138e-008
12709,2.9922e-008
12710,3.9565e-008
12711,2.7222e-014
12712,1.6561e-014
12713,1.9975e-014
12714,3.2103e-014
12715,1.4968e-014
12716,2.7227e-014
12717,8.5921e-013
12718,2.8045e-013
12719,4.2252e-013
12720,4.9719e-013
12721,3.5417e-009
12722,1.1882e-009
12723,2.3287e-009
12724,0.
12725,5.8978e-008
12726,6.3287e-008
12727,6.4489e-008
12728,6.4264e-008
12729,4.4278e-008
12730,2.5363e-010
12731,3.8888e-010
12732,6.0156e-010
12733,2.8306e-010
12734,4.3834e-010
12735,5.4849e-008
12736,4.1439e-008
12737,1.5518e-013
12738,5.4216e-014
12739,6.817e-014
12740,7.8434e-014
12741,1.2682e-004
12742,1.2472e-004
12743,1.129e-004
12744,1.4122e-004
12745,1.4217e-004
12746,1.1295e-004
12747,1.2748e-004
12748,1.3049e-004
12749,1.1454e-004
12750,1.135e-004
12751,8.9018e-006
12752,9.8077e-006
12753,7.2023e-006
12754,1.3522e-005
12755,7.386e-006
12756,1.0933e-005
12757,1.3471e-005
12758,8.0199e-006
12759,9.946e-006
12760,7.7572e-006
12761,8.5931e-006
12762,7.0312e-006
12763,1.125e-005
12764,7.9264e-006
12765,6.6224e-006
12766,1.2783e-005
12767,1.1136e-005
12768,6.7544e-006
12769,8.0168e-006
12770,1.009e-005
12771,8.2871e-006
12772,7.6649e-006
12773,6.9958e-006
12774,8.27e-006
12775,1.1224e-005
12776,2.1386e-004
12777,2.0552e-004
12778,1.7902e-004
12779,1.9337e-004
12780,2.0495e-004
12781,1.8896e-004
12782,1.8134e-004
12783,1.9624e-004
12784,1.8018e-004
12785,1.9038e-004
12786,1.7616e-004
12787,2.039e-004
12788,1.9003e-004
12789,1.8047e-004
12790,2.0106e-004
12791,2.1006e-004
12792,1.9244e-004
12793,2.0173e-004
12794,1.8849e-004
12795,2.0912e-004
12796,5.9599e-005
12797,7.9863e-005
12798,5.2579e-005
12799,6.985e-005
12800,5.7629e-005
12801,6.9511e-005
12802,6.4167e-005
12803,5.9193e-005
12804,7.9155e-005
12805,5.1955e-005
12806,6.8935e-005
12807,5.4731e-005
12808,7.6131e-005
12809,5.3217e-005
12810,7.4321e-005
12811,6.1873e-005
12812,6.3913e-005
12813,6.7398e-005
12814,6.0214e-005
12815,5.5954e-005
12816,6.2102e-005
12817,6.2949e-006
12818,8.6468e-006
12819,7.3252e-006
12820,9.6914e-006
12821,6.5046e-006
12822,8.0068e-006
12823,7.4949e-006
12824,6.5034e-006
12825,6.5711e-006
12826,6.0277e-006
12827,6.8758e-006
12828,5.7952e-006
12829,8.1937e-006
12830,5.3132e-006
12831,8.9315e-006
12832,6.4944e-006
12833,5.4159e-006
12834,6.0761e-006
12835,7.1965e-006
12836,6.0639e-006
12837,5.4269e-006
12838,5.3994e-006
12839,1.972e-004
12840,1.8832e-004
12841,1.982e-004
12842,1.8577e-004
12843,1.7043e-004
12844,1.7142e-004
12845,1.8563e-004
12846,1.7033e-004
12847,1.7129e-004
12848,1.867e-004
12849,1.9373e-004
12850,1.9425e-004
12851,3.0129e-004
12852,2.746e-004
12853,2.8423e-004
12854,2.9593e-004
12855,2.8216e-004
12856,2.8602e-004
12857,2.9857e-004
12858,2.8178e-004
12859,2.6362e-004
12860,2.9424e-004
12861,2.6373e-004
12862,2.8344e-004
12863,2.8034e-004
12864,2.7057e-004
12865,2.7567e-004
12866,2.6328e-004
12867,2.833e-004
12868,2.7022e-004
12869,2.8883e-004
12870,2.6673e-005
12871,2.1106e-005
12872,1.8675e-005
12873,3.2532e-005
12874,2.8172e-005
12875,2.2268e-005
12876,2.4222e-005
12877,2.601e-005
12878,2.0426e-005
12879,1.795e-005
12880,2.3891e-005
12881,2.9847e-005
12882,2.831e-005
12883,2.3064e-005
12884,3.7182e-005
12885,3.6167e-005
12886,3.2149e-005
12887,2.6753e-005
12888,2.2841e-005
12889,3.0282e-005
12890,2.3268e-005
12891,2.632e-005
12892,2.6691e-005
12893,3.171e-005
12894,1.3465e-004
12895,1.4469e-004
12896,1.1986e-004
12897,1.0771e-004
12898,1.129e-004
12899,1.4218e-004
12900,1.3041e-004
12901,1.2127e-004
12902,1.1454e-004
12903,1.1227e-004
12904,7.6357e-006
12905,1.054e-005
12906,1.0173e-005
12907,6.2909e-006
12908,6.2921e-006
12909,7.5617e-006
12910,7.7127e-006
12911,6.0543e-006
12912,7.3169e-006
12913,7.2416e-006
12914,1.4052e-004
12915,1.2533e-004
12916,1.09e-004
12917,1.079e-004
12918,1.3907e-004
12919,1.1092e-004
12920,1.2542e-004
12921,1.2301e-004
12922,1.0783e-004
12923,1.3889e-004
12924,1.1145e-004
12925,7.2612e-006
12926,9.7296e-006
12927,7.18e-006
12928,7.304e-006
12929,1.2445e-005
12930,1.3098e-005
12931,1.1347e-005
12932,8.2962e-006
12933,9.6676e-006
12934,7.6783e-006
12935,7.5447e-006
12936,8.992e-006
12937,7.7346e-006
12938,9.0422e-006
12939,9.467e-006
12940,8.6798e-006
12941,9.871e-006
12942,8.5346e-006
12943,9.2945e-006
12944,9.6209e-006
12945,8.3306e-006
12946,8.1313e-006
12947,8.6475e-006
12948,8.727e-006
12949,9.5718e-006
12950,8.578e-006
12951,9.451e-006
12952,1.0058e-005
12953,8.4457e-006
12954,9.68e-006
12955,8.7213e-006
12956,8.9593e-006
12957,3.0069e-004
12958,3.0907e-004
12959,2.9524e-004
12960,3.0984e-004
12961,2.9906e-004
12962,2.9365e-004
12963,2.9752e-004
12964,3.0042e-004
12965,3.0306e-004
12966,2.3664e-004
12967,2.2814e-004
12968,2.5246e-004
12969,2.3478e-004
12970,2.4786e-004
12971,2.3981e-004
12972,2.3644e-004
12973,2.4446e-004
12974,2.369e-004
12975,2.2431e-004
12976,2.2378e-004
12977,2.4042e-004
12978,2.4732e-004
12979,2.4399e-004
12980,2.1497e-004
12981,2.3256e-004
12982,2.3883e-004
12983,2.4629e-004
12984,1.5281e-004
12985,1.2755e-004
12986,1.5501e-004
12987,1.3665e-004
12988,1.4895e-004
12989,1.3839e-004
12990,1.4272e-004
12991,1.2903e-004
12992,1.5386e-004
12993,6.0769e-006
12994,4.9811e-006
12995,4.8344e-006
12996,5.4386e-006
12997,6.1268e-006
12998,5.4123e-006
12999,4.6726e-006
13000,4.8524e-006
13001,5.2955e-006
13002,5.3467e-006
13003,5.9846e-006
13004,4.5932e-006
13005,5.366e-006
13006,4.8416e-006
13007,4.6281e-006
13008,4.7783e-006
13009,5.2094e-006
13010,4.6498e-006
13011,8.371e-005
13012,8.8522e-005
13013,6.9121e-005
13014,7.8516e-005
13015,7.0997e-005
13016,7.7794e-005
13017,6.874e-005
13018,7.8767e-005
13019,6.7537e-005
13020,2.0364e-004
13021,2.1559e-004
13022,2.2249e-004
13023,2.0662e-004
13024,2.2747e-004
13025,2.241e-004
13026,2.1404e-004
13027,2.2158e-004
13028,2.0069e-004
13029,1.4333e-004
13030,1.7261e-004
13031,1.6319e-004
13032,1.5751e-004
13033,1.7494e-004
13034,1.4104e-004
13035,1.5811e-004
13036,1.5737e-004
13037,1.7105e-004
13038,5.162e-006
13039,4.3315e-006
13040,5.1943e-006
13041,4.2391e-006
13042,4.1816e-006
13043,3.6644e-006
13044,5.9233e-006
13045,3.7332e-006
13046,4.7036e-006
13047,4.0164e-006
13048,5.1515e-006
13049,8.1143e-006
13050,7.1995e-006
13051,6.144e-006
13052,6.6009e-006
13053,6.4137e-006
13054,6.4277e-006
13055,6.0033e-006
13056,6.2858e-006
13057,7.2927e-006
13058,1.7723e-004
13059,1.6054e-004
13060,1.654e-004
13061,1.4851e-004
13062,1.6456e-004
13063,1.6422e-004
13064,1.7426e-004
13065,2.2606e-005
13066,3.4736e-005
13067,3.3683e-005
13068,2.5024e-005
13069,2.7812e-005
13070,2.9865e-005
13071,2.5513e-005
13072,3.1859e-005
13073,2.1281e-004
13074,2.0021e-004
13075,2.2747e-004
13076,2.2097e-004
13077,2.2041e-004
13078,2.1201e-004
13079,2.083e-004
13080,2.2643e-004
13081,2.1948e-004
13082,2.1832e-004
13083,8.037e-006
13084,6.0563e-006
13085,6.7941e-006
13086,6.4973e-006
13087,7.1877e-006
13088,5.8845e-006
13089,5.9244e-006
13090,6.7675e-006
13091,6.4623e-006
13092,4.9003e-006
13093,4.4037e-006
13094,4.3863e-006
13095,4.9411e-006
13096,3.6042e-006
13097,4.175e-006
13098,3.7995e-006
13099,3.6672e-006
13100,3.9081e-006
13101,4.4061e-006
13102,2.7665e-004
13103,3.0205e-004
13104,2.9222e-004
13105,2.9671e-004
13106,2.8293e-004
13107,2.8871e-004
13108,2.9923e-004
13109,2.9025e-004
13110,2.8275e-004
13111,2.8595e-004
13112,1.1156e-004
13113,1.4736e-004
13114,1.1299e-004
13115,1.2578e-004
13116,1.4245e-004
13117,1.2747e-004
13118,1.1096e-004
13119,1.4671e-004
13120,1.5502e-005
13121,1.9543e-005
13122,1.4217e-005
13123,1.6497e-005
13124,1.2279e-005
13125,1.677e-005
13126,1.4701e-005
13127,1.9904e-005
13128,1.5776e-005
13129,1.0107e-004
13130,9.8971e-005
13131,1.2175e-004
13132,1.1433e-004
13133,1.0553e-004
13134,1.0138e-004
13135,1.1423e-004
13136,1.0002e-004
13137,4.7576e-005
13138,4.6669e-005
13139,5.0877e-005
13140,6.4036e-005
13141,5.7306e-005
13142,5.3858e-005
13143,4.5974e-005
13144,5.0145e-005
13145,4.4547e-005
13146,3.0742e-004
13147,3.1407e-004
13148,3.0422e-004
13149,3.1659e-004
13150,3.1183e-004
13151,3.0663e-004
13152,3.1703e-004
13153,3.0978e-004
13154,3.2057e-004
13155,9.4796e-005
13156,8.5129e-005
13157,9.7195e-005
13158,8.4878e-005
13159,1.0938e-004
13160,9.513e-005
13161,9.4665e-005
13162,8.4374e-005
13163,1.1689e-005
13164,1.3022e-005
13165,1.5743e-005
13166,1.1577e-005
13167,1.1106e-005
13168,1.3919e-005
13169,1.6687e-005
13170,1.3782e-005
13171,9.6976e-006
13172,5.96e-006
13173,5.5498e-006
13174,5.7554e-006
13175,7.7918e-006
13176,6.8366e-006
13177,5.1665e-006
13178,3.4994e-005
13179,2.1102e-005
13180,2.2148e-005
13181,3.4031e-005
13182,2.9427e-005
13183,3.1615e-005
13184,2.392e-005
13185,2.5423e-005
13186,5.403e-006
13187,7.3899e-006
13188,5.4663e-006
13189,4.7526e-006
13190,5.5521e-006
13191,4.7246e-006
13192,4.0378e-006
13193,4.2995e-006
13194,3.8335e-006
13195,4.5212e-006
13196,3.9558e-006
13197,5.6945e-006
13198,4.3404e-006
13199,7.3457e-006
13200,4.3592e-006
13201,5.5297e-006
13202,5.2386e-006
13203,4.0751e-006
13204,4.4794e-006
13205,4.2932e-006
13206,2.5164e-004
13207,2.462e-004
13208,2.5845e-004
13209,2.3906e-004
13210,2.5118e-004
13211,2.5809e-004
13212,2.5036e-004
13213,2.0044e-004
13214,2.1042e-004
13215,2.1234e-004
13216,2.1467e-004
13217,2.0645e-004
13218,2.1497e-004
13219,1.7457e-004
13220,2.0334e-004
13221,2.0179e-004
13222,1.7871e-004
13223,2.0189e-004
13224,1.8988e-004
13225,1.8855e-004
13226,1.975e-004
13227,1.2609e-005
13228,8.6138e-006
13229,8.7905e-006
13230,1.0935e-005
13231,7.757e-006
13232,7.4494e-006
13233,9.7127e-006
13234,9.1692e-006
13235,7.9335e-006
13236,6.0987e-005
13237,6.9544e-005
13238,7.0194e-005
13239,6.0967e-005
13240,6.1672e-005
13241,6.0537e-005
13242,5.691e-005
13243,5.7227e-005
13244,2.0834e-005
13245,1.4622e-005
13246,1.7557e-005
13247,1.7634e-005
13248,1.7777e-005
13249,2.0643e-005
13250,1.6677e-005
13251,1.5659e-005
13252,1.8635e-005
13253,1.5144e-005
13254,3.5054e-006
13255,3.7406e-006
13256,3.5387e-006
13257,3.151e-006
13258,2.9621e-006
13259,3.6439e-006
13260,3.6752e-006
13261,3.5157e-006
13262,2.7201e-006
13263,3.1801e-006
13264,3.0757e-006
13265,2.7511e-006
13266,1.3164e-005
13267,9.9683e-006
13268,1.6496e-005
13269,1.0578e-005
13270,1.0451e-005
13271,1.2676e-005
13272,1.3361e-005
13273,9.7099e-006
13274,9.8453e-006
13275,8.2882e-006
13276,7.7513e-006
13277,8.6243e-006
13278,7.7492e-006
13279,7.3252e-006
13280,7.3257e-006
13281,7.6188e-006
13282,7.7347e-006
13283,8.0972e-006
13284,8.3099e-006
13285,9.476e-006
13286,8.9983e-006
13287,8.1208e-006
13288,8.8135e-006
13289,7.9301e-006
13290,8.2654e-006
13291,8.1068e-006
13292,4.5029e-005
13293,4.0764e-005
13294,4.7144e-005
13295,5.4956e-005
13296,5.1304e-005
13297,4.7417e-005
13298,4.2294e-005
13299,4.0273e-005
13300,5.4077e-006
13301,4.6822e-006
13302,5.5619e-006
13303,3.8812e-006
13304,5.4192e-006
13305,4.7682e-006
13306,4.8463e-006
13307,3.723e-006
13308,4.3959e-006
13309,4.0632e-006
13310,4.123e-006
13311,9.6619e-005
13312,8.5638e-005
13313,8.3822e-005
13314,9.3587e-005
13315,9.7065e-005
13316,8.558e-005
13317,8.3316e-005
13318,1.5985e-005
13319,1.0081e-005
13320,1.2814e-005
13321,1.0563e-005
13322,9.3786e-006
13323,3.1118e-004
13324,2.9886e-004
13325,3.0438e-004
13326,3.0441e-004
13327,8.7571e-005
13328,9.4432e-005
13329,7.6594e-005
13330,8.0347e-005
13331,8.3556e-005
13332,9.3736e-005
13333,8.9844e-005
13334,2.5989e-004
13335,2.7078e-004
13336,2.635e-004
13337,2.6971e-004
13338,2.5648e-004
13339,2.7059e-004
13340,4.7189e-006
13341,5.9744e-006
13342,5.5673e-006
13343,3.5885e-006
13344,5.0564e-006
13345,4.2516e-006
13346,4.3655e-006
13347,3.7381e-006
13348,3.7899e-006
13349,8.1124e-006
13350,1.0637e-005
13351,8.5172e-006
13352,7.7534e-006
13353,9.322e-006
13354,8.8793e-006
13355,8.1218e-006
13356,8.5126e-006
13357,1.0404e-005
13358,1.221e-005
13359,9.1472e-006
13360,7.7704e-006
13361,1.0548e-005
13362,7.7889e-006
13363,9.2756e-006
13364,9.6522e-006
13365,8.6719e-006
13366,3.158e-004
13367,3.0195e-004
13368,2.9884e-004
13369,3.1254e-004
13370,3.1439e-004
13371,3.0736e-004
13372,1.9887e-004
13373,2.1957e-004
13374,2.113e-004
13375,2.0693e-004
13376,2.1692e-004
13377,2.2124e-004
13378,2.0747e-004
13379,2.1599e-004
13380,1.7106e-004
13381,1.8631e-004
13382,1.9805e-004
13383,1.7096e-004
13384,1.9438e-004
13385,1.8484e-004
13386,3.0547e-004
13387,3.0996e-004
13388,3.0196e-004
13389,3.1249e-004
13390,3.1439e-004
13391,3.0789e-004
13392,3.1829e-004
13393,2.3e-004
13394,2.6827e-004
13395,2.3915e-004
13396,2.6363e-004
13397,2.5128e-004
13398,2.5139e-004
13399,5.1703e-005
13400,4.2658e-005
13401,3.7581e-005
13402,4.0077e-005
13403,4.6082e-005
13404,5.1817e-005
13405,3.9206e-005
13406,4.6032e-005
13407,3.6301e-005
13408,4.0434e-005
13409,3.1996e-005
13410,4.7077e-005
13411,4.0604e-005
13412,3.8426e-005
13413,1.8774e-004
13414,1.7926e-004
13415,1.6234e-004
13416,1.6674e-004
13417,1.8724e-004
13418,7.2436e-005
13419,7.85e-005
13420,7.279e-005
13421,8.7781e-005
13422,8.6478e-005
13423,9.9482e-005
13424,8.91e-005
13425,8.8406e-005
13426,1.0093e-004
13427,9.8794e-005
13428,8.9425e-005
13429,1.5698e-004
13430,1.4199e-004
13431,1.5583e-004
13432,1.5682e-004
13433,4.0658e-006
13434,3.074e-006
13435,3.482e-006
13436,3.4271e-006
13437,3.0262e-006
13438,4.0593e-006
13439,3.9898e-006
13440,4.0013e-006
13441,4.4852e-006
13442,3.5764e-006
13443,3.1225e-006
13444,2.9294e-006
13445,3.3727e-006
13446,6.9853e-006
13447,6.8629e-006
13448,7.1468e-006
13449,7.4509e-006
13450,7.1618e-006
13451,6.6615e-006
13452,7.697e-006
13453,4.7984e-006
13454,4.7737e-006
13455,5.6789e-006
13456,4.4122e-006
13457,4.1306e-006
13458,4.3491e-006
13459,4.8742e-006
13460,5.7505e-006
13461,2.3137e-004
13462,1.9865e-004
13463,2.0603e-004
13464,2.2357e-004
13465,2.2977e-004
13466,2.1358e-004
13467,2.5503e-004
13468,2.646e-004
13469,2.465e-004
13470,2.6214e-004
13471,2.5401e-004
13472,5.408e-005
13473,6.9614e-005
13474,6.2371e-005
13475,6.0019e-005
13476,5.6401e-005
13477,5.89e-005
13478,1.7514e-004
13479,1.6893e-004
13480,1.9e-004
13481,1.8075e-004
13482,1.9744e-004
13483,7.7617e-006
13484,7.7948e-006
13485,7.5668e-006
13486,7.8921e-006
13487,7.4095e-006
13488,9.7957e-006
13489,1.0361e-005
13490,9.6519e-006
13491,1.0046e-005
13492,9.0855e-006
13493,3.0495e-004
13494,3.1958e-004
13495,3.1916e-004
13496,3.1934e-004
13497,3.2539e-004
13498,3.1015e-004
13499,3.128e-004
13500,3.1037e-004
13501,1.4295e-004
13502,1.4598e-004
13503,1.6196e-004
13504,1.5775e-004
13505,1.7295e-004
13506,4.9821e-006
13507,5.9507e-006
13508,5.1865e-006
13509,4.9132e-006
13510,5.3507e-006
13511,5.6209e-006
13512,4.4034e-006
13513,4.9672e-006
13514,4.1601e-006
13515,4.2318e-006
13516,4.4097e-006
13517,3.9795e-006
13518,4.2876e-006
13519,4.097e-006
13520,4.1507e-006
13521,4.6604e-006
13522,3.9925e-006
13523,4.4166e-006
13524,6.23e-005
13525,8.6404e-005
13526,6.9181e-005
13527,8.4444e-005
13528,7.4138e-005
13529,8.5779e-005
13530,2.7823e-004
13531,2.9098e-004
13532,2.7789e-004
13533,2.8103e-004
13534,2.8955e-004
13535,2.9631e-004
13536,2.9653e-004
13537,8.8435e-005
13538,8.9147e-005
13539,1.0101e-004
13540,9.9971e-005
13541,8.8396e-005
13542,8.9474e-005
13543,4.8885e-006
13544,4.5515e-006
13545,3.9472e-006
13546,4.5423e-006
13547,3.7065e-006
13548,3.6948e-006
13549,5.5369e-006
13550,4.1318e-006
13551,2.9823e-004
13552,3.0996e-004
13553,3.126e-004
13554,3.144e-004
13555,2.9569e-005
13556,4.1449e-005
13557,3.6759e-005
13558,3.9194e-005
13559,3.3196e-005
13560,3.4957e-005
13561,2.2217e-004
13562,2.1375e-004
13563,2.1383e-004
13564,2.2126e-004
13565,2.1763e-004
13566,2.0939e-004
13567,2.2426e-004
13568,4.0558e-005
13569,5.69e-005
13570,4.5369e-005
13571,6.1577e-005
13572,4.9979e-005
13573,3.9593e-005
13574,9.9202e-006
13575,9.1621e-006
13576,8.4447e-006
13577,8.8284e-006
13578,4.6654e-006
13579,5.6452e-006
13580,4.2481e-006
13581,3.7724e-006
13582,3.3479e-006
13583,4.0726e-006
13584,3.5374e-006
13585,5.9138e-006
13586,4.4774e-006
13587,4.5443e-006
13588,5.5991e-006
13589,3.7265e-006
13590,3.9666e-006
13591,3.3407e-006
13592,3.7275e-006
13593,2.5262e-005
13594,2.7571e-005
13595,3.5577e-005
13596,3.0486e-005
13597,2.1759e-004
13598,1.9986e-004
13599,2.2965e-004
13600,2.0802e-004
13601,2.1665e-004
13602,4.3294e-005
13603,3.8637e-005
13604,4.2488e-005
13605,3.5333e-005
13606,3.743e-005
13607,4.2254e-005
13608,5.0449e-005
13609,6.0343e-005
13610,7.3251e-005
13611,2.0644e-005
13612,2.4186e-005
13613,2.7454e-005
13614,2.191e-005
13615,2.919e-005
13616,4.0351e-006
13617,4.7898e-006
13618,4.1045e-006
13619,3.8589e-006
13620,3.6114e-006
13621,3.3716e-006
13622,3.0264e-004
13623,2.9365e-004
13624,2.9803e-004
13625,2.8935e-004
13626,3.9173e-006
13627,3.5519e-006
13628,3.8135e-006
13629,3.7215e-006
13630,3.4501e-006
13631,4.2165e-006
13632,4.0875e-006
13633,5.8412e-006
13634,4.8357e-006
13635,5.2532e-006
13636,5.2657e-006
13637,2.7156e-004
13638,2.5861e-004
13639,2.6951e-004
13640,2.7334e-004
13641,2.691e-004
13642,2.6095e-004
13643,5.6011e-005
13644,5.2285e-005
13645,4.3031e-005
13646,4.5719e-005
13647,5.2558e-005
13648,7.8379e-005
13649,7.5972e-005
13650,6.8912e-005
13651,6.9739e-005
13652,7.7589e-005
13653,7.5421e-005
13654,6.8203e-005
13655,7.8628e-005
13656,5.561e-006
13657,6.734e-006
13658,6.8493e-006
13659,5.3602e-006
13660,9.7592e-006
13661,1.0139e-005
13662,9.4313e-006
13663,1.6676e-005
13664,1.4791e-005
13665,1.1415e-005
13666,1.8062e-005
13667,1.9359e-005
13668,1.4102e-005
13669,1.1954e-005
13670,2.9551e-004
13671,2.7872e-004
13672,2.9081e-004
13673,2.9469e-004
13674,2.9661e-004
13675,3.0725e-004
13676,3.0902e-004
13677,2.8025e-004
13678,2.9859e-004
13679,2.6797e-004
13680,2.8458e-004
13681,3.0043e-004
13682,2.9343e-004
13683,6.0802e-006
13684,6.456e-006
13685,7.4665e-006
13686,5.9837e-006
13687,6.8277e-006
13688,6.0475e-006
13689,7.0391e-005
13690,6.924e-005
13691,7.9305e-005
13692,1.8351e-005
13693,2.2127e-005
13694,1.765e-005
13695,1.442e-005
13696,1.1194e-005
13697,1.0019e-005
13698,1.266e-005
13699,9.4237e-006
13700,1.2273e-005
13701,1.5429e-005
13702,1.8388e-005
13703,3.6404e-006
13704,3.1861e-006
13705,3.201e-004
13706,3.2618e-004
13707,3.1354e-004
13708,3.1356e-004
13709,3.2435e-004
13710,1.1249e-004
13711,9.655e-005
13712,9.7925e-005
13713,7.1535e-006
13714,6.9546e-006
13715,7.3827e-006
13716,7.5524e-006
13717,2.3411e-004
13718,2.2819e-004
13719,2.312e-004
13720,6.944e-006
13721,6.039e-006
13722,5.6675e-006
13723,6.2246e-006
13724,6.5649e-006
13725,3.3909e-006
13726,3.6402e-006
13727,4.1583e-006
13728,3.541e-006
13729,3.7038e-006
13730,3.3223e-006
13731,3.5273e-006
13732,1.3227e-005
13733,8.5387e-006
13734,9.3816e-006
13735,1.2543e-005
13736,1.0142e-005
13737,2.6614e-004
13738,2.472e-004
13739,2.438e-004
13740,2.5886e-004
13741,2.576e-004
13742,2.5186e-004
13743,1.3526e-005
13744,1.4694e-005
13745,1.2028e-005
13746,5.3776e-005
13747,4.6631e-005
13748,4.6404e-005
13749,2.3431e-004
13750,2.5309e-004
13751,2.3377e-004
13752,2.4584e-004
13753,2.3983e-004
13754,2.4501e-004
13755,4.2135e-006
13756,3.6333e-006
13757,3.4076e-006
13758,3.222e-006
13759,3.1569e-006
13760,3.8006e-006
13761,2.3327e-004
13762,2.2511e-004
13763,2.3842e-004
13764,2.2946e-004
13765,6.7291e-005
13766,6.3664e-005
13767,7.3691e-005
13768,6.6572e-005
13769,2.6502e-004
13770,2.6816e-004
13771,2.5726e-004
13772,5.6866e-005
13773,6.1078e-005
13774,5.306e-005
13775,5.9638e-005
13776,5.6677e-005
13777,5.2849e-005
13778,7.4069e-006
13779,7.2296e-006
13780,7.7308e-006
13781,6.914e-006
13782,7.2574e-006
13783,5.6041e-006
13784,6.2691e-006
13785,5.7465e-006
13786,6.0689e-006
13787,1.6151e-004
13788,1.8236e-004
13789,1.5519e-004
13790,1.732e-004
13791,1.665e-004
13792,2.1605e-005
13793,1.5759e-005
13794,1.6349e-005
13795,2.4246e-005
13796,1.4291e-004
13797,1.3675e-004
13798,1.2322e-004
13799,1.2307e-004
13800,1.4909e-004
13801,1.6699e-004
13802,1.5592e-005
13803,1.7643e-005
13804,2.0279e-005
13805,1.3574e-005
13806,1.5079e-005
13807,3.5266e-006
13808,3.0969e-006
13809,4.1643e-006
13810,3.2573e-006
13811,3.5237e-006
13812,4.3923e-006
13813,4.6351e-006
13814,4.072e-006
13815,5.3109e-006
13816,5.3344e-006
13817,2.809e-004
13818,2.8282e-004
13819,2.6977e-004
13820,2.685e-004
13821,2.7687e-004
13822,6.7811e-005
13823,6.0487e-005
13824,7.0775e-005
13825,6.0815e-005
13826,3.9016e-005
13827,5.0582e-005
13828,2.3869e-004
13829,2.3881e-004
13830,2.3273e-004
13831,2.2573e-004
13832,1.4136e-007
13833,6.3819e-008
13834,8.1392e-008
13835,7.8885e-008
13836,1.2058e-007
13837,1.0862e-007
13838,1.3234e-007
13839,1.4362e-007
13840,1.2716e-007
13841,1.0942e-007
13842,7.4514e-008
13843,1.0285e-007
13844,1.2909e-007
13845,6.4016e-008
13846,6.0534e-008
13847,8.2822e-008
13848,1.0139e-007
13849,1.236e-007
13850,1.0979e-007
13851,6.2882e-008
13852,8.7406e-008
13853,9.5524e-008
13854,1.1361e-007
13855,1.1771e-007
13856,5.524e-011
13857,2.6774e-011
13858,6.4891e-011
13859,3.0583e-011
13860,8.6183e-011
13861,8.2788e-011
13862,3.1512e-007
13863,1.6764e-007
13864,2.9876e-007
13865,2.104e-007
13866,2.3995e-007
13867,2.6806e-007
13868,3.1888e-007
13869,2.2234e-007
13870,3.051e-007
13871,2.043e-007
13872,2.4671e-007
13873,2.8938e-007
13874,3.2498e-007
13875,2.7169e-007
13876,3.2517e-007
13877,2.1723e-007
13878,3.4327e-007
13879,2.1635e-007
13880,2.717e-007
13881,2.4245e-007
13882,3.3471e-007
13883,2.8523e-007
13884,2.9892e-007
13885,2.1129e-007
13886,2.8412e-007
13887,2.8267e-007
13888,3.3687e-007
13889,3.2885e-007
13890,3.2496e-007
13891,2.7123e-007
13892,2.6611e-007
13893,4.599e-007
13894,4.1107e-007
13895,4.7455e-007
13896,4.4232e-007
13897,3.7591e-007
13898,2.987e-007
13899,3.3527e-007
13900,3.2713e-007
13901,4.4285e-007
13902,4.5092e-007
13903,3.8277e-007
13904,4.7025e-007
13905,4.9683e-007
13906,3.3605e-007
13907,4.6716e-007
13908,4.0576e-007
13909,4.1081e-007
13910,4.5228e-007
13911,3.484e-007
13912,4.7953e-007
13913,4.0125e-007
13914,4.0453e-007
13915,3.9145e-007
13916,4.3042e-007
13917,4.3121e-007
13918,3.6335e-007
13919,2.7734e-007
13920,3.3162e-007
13921,4.0801e-007
13922,2.6793e-007
13923,3.7242e-007
13924,3.9927e-007
13925,4.1411e-007
13926,3.5199e-007
13927,3.1172e-007
13928,2.9054e-007
13929,3.5779e-007
13930,3.329e-007
13931,4.6994e-007
13932,4.8243e-007
13933,4.5332e-007
13934,4.1242e-007
13935,3.7872e-007
13936,3.9592e-007
13937,4.4126e-007
13938,4.1019e-007
13939,3.5171e-007
13940,4.9089e-007
13941,4.8693e-007
13942,4.4356e-007
13943,5.2862e-007
13944,5.2499e-007
13945,4.2671e-007
13946,4.8392e-007
13947,4.2407e-007
13948,4.6505e-007
13949,4.8827e-007
13950,3.3259e-012
13951,1.7875e-012
13952,3.7004e-012
13953,1.3142e-012
13954,1.0546e-012
13955,2.2557e-012
13956,5.4688e-010
13957,1.5213e-009
13958,4.9554e-010
13959,2.3607e-009
13960,1.576e-009
13961,7.5492e-010
13962,9.1526e-010
13963,7.7573e-013
13964,6.793e-013
13965,2.2699e-012
13966,1.4599e-012
13967,5.2153e-013
13968,1.2656e-012
13969,3.0856e-007
13970,4.4176e-007
13971,4.6686e-007
13972,3.7711e-007
13973,4.0335e-007
13974,4.6857e-007
13975,3.0135e-007
13976,4.3412e-007
13977,4.4148e-007
13978,3.7945e-007
13979,3.8628e-007
13980,1.9445e-009
13981,2.7389e-009
13982,6.6271e-010
13983,1.034e-009
13984,7.5435e-010
13985,1.3772e-009
13986,3.0387e-009
13987,4.4408e-007
13988,3.5486e-007
13989,5.0938e-007
13990,4.2448e-007
13991,4.8044e-007
13992,5.0524e-007
13993,4.3351e-007
13994,3.8703e-007
13995,4.2596e-007
13996,4.7819e-007
13997,3.5736e-007
13998,2.173e-007
13999,3.5411e-007
14000,2.7793e-007
14001,2.8649e-007
14002,3.3627e-007
14003,2.3108e-007
14004,2.6058e-007
14005,2.9943e-007
14006,2.0862e-007
14007,2.8204e-007
14008,3.2903e-007
14009,2.3426e-007
14010,2.1834e-007
14011,1.8647e-007
14012,1.5947e-007
14013,2.4906e-007
14014,2.4977e-007
14015,2.143e-007
14016,1.645e-007
14017,1.7191e-007
14018,2.2145e-007
14019,1.6716e-007
14020,2.4861e-007
14021,2.4755e-007
14022,2.2772e-007
14023,2.0603e-007
14024,2.1493e-007
14025,1.7451e-007
14026,1.9669e-007
14027,1.3937e-007
14028,2.8681e-012
14029,7.8624e-012
14030,3.7282e-012
14031,9.5074e-012
14032,4.5965e-012
14033,2.689e-012
14034,4.5615e-007
14035,4.7548e-007
14036,4.4823e-007
14037,3.3932e-007
14038,4.0592e-007
14039,4.0979e-007
14040,4.3636e-007
14041,3.7993e-007
14042,3.1896e-007
14043,4.3485e-007
14044,3.7023e-007
14045,4.4151e-007
14046,4.6364e-007
14047,4.0809e-007
14048,3.8249e-007
14049,3.2034e-007
14050,4.1573e-007
14051,3.4921e-007
14052,3.8185e-007
14053,8.6791e-014
14054,1.3986e-013
14055,5.138e-014
14056,5.4298e-014
14057,9.6145e-014
14058,9.6186e-014
14059,3.303e-010
14060,4.7436e-010
14061,4.3495e-010
14062,2.6511e-010
14063,2.17e-010
14064,1.8945e-010
14065,1.7281e-008
14066,2.7258e-008
14067,3.3301e-008
14068,9.9938e-009
14069,2.4476e-008
14070,1.3539e-008
14071,3.2509e-008
14072,1.7784e-013
14073,1.4995e-013
14074,3.1962e-013
14075,2.22e-013
14076,1.101e-013
14077,1.1618e-013
14078,1.9274e-013
14079,2.6877e-008
14080,2.5222e-008
14081,8.9031e-009
14082,1.7602e-008
14083,1.5063e-008
14084,1.0215e-008
14085,1.9412e-008
14086,1.5818e-008
14087,7.8057e-011
14088,1.6758e-010
14089,4.4301e-011
14090,1.9289e-010
14091,5.1188e-011
14092,1.8572e-011
14093,4.013e-011
14094,1.0957e-011
14095,4.2529e-011
14096,1.4886e-011
14097,2.9761e-011
14098,1.3189e-007
14099,1.3416e-007
14100,9.5283e-008
14101,1.8387e-007
14102,1.8628e-007
14103,2.0467e-007
14104,1.5939e-007
14105,1.5917e-007
14106,1.1177e-007
14107,1.5902e-007
14108,4.8414e-007
14109,4.8984e-007
14110,4.3558e-007
14111,4.1525e-007
14112,4.9177e-007
14113,3.6417e-007
14114,3.318e-007
14115,3.466e-007
14116,3.6508e-007
14117,4.4677e-007
14118,4.354e-007
14119,4.1882e-007
14120,4.2237e-007
14121,5.0734e-007
14122,4.5492e-007
14123,5.0276e-007
14124,5.1676e-007
14125,3.8605e-007
14126,4.4948e-007
14127,3.866e-007
14128,4.778e-007
14129,4.6268e-007
14130,5.2853e-007
14131,5.4463e-007
14132,4.9598e-007
14133,4.1962e-007
14134,5.5195e-007
14135,4.5115e-007
14136,5.189e-007
14137,4.4498e-007
14138,4.6634e-007
14139,5.0638e-007
14140,4.5105e-007
14141,5.0672e-007
14142,4.8828e-007
14143,3.7677e-007
14144,4.1522e-007
14145,5.1375e-007
14146,5.0954e-007
14147,4.2492e-007
14148,5.1348e-007
14149,4.4641e-007
14150,4.6232e-007
14151,3.625e-007
14152,4.0156e-007
14153,4.9792e-007
14154,4.4593e-007
14155,3.5285e-007
14156,4.9763e-007
14157,3.7867e-007
14158,4.2939e-007
14159,5.1065e-007
14160,3.7393e-007
14161,4.6384e-007
14162,4.1839e-007
14163,4.4785e-007
14164,5.467e-007
14165,5.3746e-007
14166,5.0644e-007
14167,4.3948e-007
14168,4.6518e-007
14169,5.564e-007
14170,4.4393e-007
14171,5.3158e-007
14172,5.0518e-007
14173,4.9809e-007
14174,1.3299e-007
14175,7.971e-008
14176,1.1212e-007
14177,7.7539e-008
14178,1.406e-007
14179,1.3677e-007
14180,9.869e-008
14181,1.4603e-007
14182,9.5852e-008
14183,1.1408e-007
14184,1.3255e-007
14185,2.3673e-007
14186,1.7349e-007
14187,2.8135e-007
14188,2.2962e-007
14189,1.7347e-007
14190,2.5855e-007
14191,2.0302e-007
14192,2.5616e-007
14193,5.4192e-007
14194,5.5164e-007
14195,5.1042e-007
14196,5.5279e-007
14197,5.8133e-007
14198,4.9578e-007
14199,5.2161e-007
14200,5.1395e-007
14201,5.8995e-007
14202,5.8606e-007
14203,5.5624e-007
14204,6.234e-007
14205,5.9063e-007
14206,2.9307e-012
14207,6.0814e-012
14208,1.0839e-011
14209,8.4912e-012
14210,4.1319e-012
14211,4.609e-007
14212,3.0824e-007
14213,4.387e-007
14214,3.55e-007
14215,3.8181e-007
14216,3.6993e-007
14217,4.4425e-007
14218,3.5718e-007
14219,4.2562e-007
14220,4.9641e-007
14221,5.8195e-007
14222,5.818e-007
14223,5.4568e-007
14224,5.8985e-007
14225,6.217e-007
14226,5.442e-007
14227,6.3119e-007
14228,1.2544e-007
14229,1.4841e-007
14230,1.6861e-007
14231,1.9238e-007
14232,2.1327e-007
14233,2.2835e-007
14234,1.8026e-007
14235,2.3218e-007
14236,1.5889e-007
14237,1.4321e-010
14238,2.6038e-010
14239,1.594e-010
14240,3.0952e-010
14241,4.8727e-010
14242,1.6556e-007
14243,2.9751e-007
14244,2.262e-007
14245,2.4016e-007
14246,2.6457e-007
14247,2.0281e-007
14248,2.4631e-007
14249,3.0328e-007
14250,4.9967e-007
14251,4.9799e-007
14252,5.3627e-007
14253,5.2959e-007
14254,4.33e-007
14255,4.4529e-007
14256,5.4133e-007
14257,5.3321e-007
14258,4.3174e-007
14259,4.8366e-007
14260,5.0206e-007
14261,4.428e-007
14262,5.0579e-007
14263,4.9743e-007
14264,4.1965e-007
14265,4.8175e-007
14266,4.6029e-007
14267,3.6733e-007
14268,4.0527e-007
14269,4.4228e-007
14270,4.9702e-007
14271,4.8855e-007
14272,4.5557e-007
14273,4.6332e-007
14274,4.985e-007
14275,5.8907e-007
14276,5.3193e-007
14277,5.9011e-007
14278,4.8073e-007
14279,5.8018e-007
14280,5.8285e-007
14281,6.0053e-007
14282,5.1988e-007
14283,5.4033e-007
14284,4.7297e-007
14285,5.6162e-007
14286,5.5982e-007
14287,5.6516e-007
14288,5.5708e-007
14289,5.0454e-007
14290,4.9221e-007
14291,1.9559e-007
14292,3.2477e-007
14293,3.0377e-007
14294,2.6212e-007
14295,2.548e-007
14296,1.9026e-007
14297,1.9933e-007
14298,2.2039e-007
14299,2.3014e-007
14300,2.6471e-007
14301,2.8524e-007
14302,4.9623e-007
14303,4.5101e-007
14304,4.8893e-007
14305,4.593e-007
14306,5.075e-007
14307,6.1383e-007
14308,5.4429e-007
14309,6.0909e-007
14310,5.712e-007
14311,6.1769e-007
14312,6.2571e-007
14313,5.7742e-007
14314,4.0544e-008
14315,7.1526e-008
14316,2.9836e-008
14317,5.2578e-008
14318,6.7818e-008
14319,6.0201e-008
14320,2.5545e-008
14321,3.8779e-013
14322,6.517e-013
14323,4.2771e-013
14324,9.9152e-013
14325,5.1914e-013
14326,5.6217e-007
14327,4.8321e-007
14328,5.9693e-007
14329,5.7686e-007
14330,5.7732e-007
14331,5.5011e-007
14332,5.2107e-007
14333,5.0275e-007
14334,5.665e-007
14335,6.1415e-007
14336,5.985e-007
14337,6.0783e-007
14338,5.9554e-007
14339,5.0166e-007
14340,5.7504e-007
14341,5.7044e-007
14342,5.6108e-007
14343,5.5893e-007
14344,4.9404e-007
14345,5.9683e-007
14346,5.2617e-007
14347,5.0304e-007
14348,5.69e-007
14349,5.7983e-007
14350,5.2974e-007
14351,5.8224e-007
14352,5.834e-007
14353,5.1338e-007
14354,4.8132e-007
14355,3.1347e-011
14356,8.4572e-012
14357,1.7028e-011
14358,8.6795e-012
14359,2.2038e-012
14360,1.4559e-012
14361,9.1384e-013
14362,1.0258e-012
14363,8.0148e-013
14364,1.3415e-012
14365,1.6329e-007
14366,2.1493e-007
14367,1.7574e-007
14368,1.2171e-007
14369,1.6409e-007
14370,1.1809e-007
14371,1.6303e-007
14372,2.1537e-007
14373,5.496e-007
14374,4.5132e-007
14375,5.6576e-007
14376,5.7456e-007
14377,5.1986e-007
14378,5.7092e-007
14379,4.9747e-007
14380,4.817e-007
14381,5.4614e-007
14382,5.3101e-007
14383,4.7847e-007
14384,5.5578e-007
14385,5.5097e-007
14386,5.8048e-007
14387,5.8681e-007
14388,5.1474e-007
14389,5.0193e-007
14390,5.4973e-007
14391,6.1335e-007
14392,5.52e-007
14393,6.2733e-007
14394,6.0824e-007
14395,6.1955e-007
14396,5.7937e-007
14397,5.4986e-007
14398,6.1058e-007
14399,1.3681e-010
14400,3.8274e-011
14401,2.9085e-011
14402,1.0247e-010
14403,2.6415e-008
14404,9.6558e-009
14405,1.1678e-008
14406,2.4332e-008
14407,1.3098e-008
14408,1.8501e-008
14409,5.3054e-007
14410,5.5111e-007
14411,4.2598e-007
14412,5.1728e-007
14413,5.4946e-007
14414,5.1711e-007
14415,4.9037e-007
14416,4.633e-007
14417,5.1554e-007
14418,4.2611e-007
14419,2.7428e-007
14420,3.6013e-007
14421,2.5726e-007
14422,3.4067e-007
14423,3.1388e-007
14424,3.4858e-007
14425,2.7869e-007
14426,3.3936e-007
14427,2.5936e-007
14428,4.5699e-007
14429,5.3479e-007
14430,5.4428e-007
14431,4.9179e-007
14432,4.3215e-007
14433,5.089e-007
14434,4.6481e-007
14435,3.6969e-009
14436,1.654e-009
14437,4.2098e-009
14438,1.3828e-009
14439,2.7094e-009
14440,2.9933e-009
14441,5.3911e-007
14442,4.6243e-007
14443,5.4569e-007
14444,5.4112e-007
14445,5.5724e-007
14446,5.1752e-007
14447,4.8925e-007
14448,4.5591e-007
14449,5.2785e-008
14450,4.8105e-008
14451,3.6845e-008
14452,4.1731e-008
14453,4.6694e-008
14454,5.6836e-007
14455,4.9764e-007
14456,5.9744e-007
14457,5.6843e-007
14458,5.6927e-007
14459,6.1244e-007
14460,6.1293e-007
14461,5.3253e-007
14462,5.3244e-014
14463,2.9322e-014
14464,3.5001e-014
14465,3.8153e-014
14466,3.5948e-014
14467,3.4163e-014
14468,2.5819e-014
14469,4.6026e-014
14470,3.8466e-014
14471,4.5552e-007
14472,3.4405e-007
14473,4.0849e-007
14474,4.5897e-007
14475,4.2944e-007
14476,4.3406e-007
14477,3.5635e-007
14478,2.4855e-007
14479,1.9341e-007
14480,2.3154e-007
14481,2.0751e-007
14482,2.3974e-007
14483,2.0872e-007
14484,2.4905e-007
14485,4.2113e-007
14486,4.8993e-007
14487,3.4815e-007
14488,4.6351e-007
14489,4.5997e-007
14490,3.4128e-007
14491,3.9678e-007
14492,4.4952e-007
14493,4.0273e-007
14494,5.0166e-007
14495,5.1436e-007
14496,3.8116e-007
14497,3.818e-007
14498,4.6871e-007
14499,5.0221e-007
14500,3.8651e-007
14501,4.4596e-007
14502,4.2027e-007
14503,5.0158e-007
14504,5.1391e-007
14505,3.7288e-007
14506,3.7296e-007
14507,4.7299e-007
14508,4.4149e-007
14509,3.9748e-007
14510,4.3055e-007
14511,4.8462e-014
14512,3.8971e-014
14513,5.1183e-014
14514,1.4685e-009
14515,1.2994e-009
14516,4.0789e-009
14517,2.3578e-009
14518,5.9314e-008
14519,3.188e-008
14520,4.4698e-008
14521,3.0073e-008
14522,2.5462e-008
14523,2.4494e-012
14524,1.6739e-012
14525,1.8025e-012
14526,1.3594e-012
14527,1.4001e-012
14528,5.9053e-007
14529,5.5429e-007
14530,6.0486e-007
14531,6.207e-007
14532,6.3965e-007
14533,5.5406e-007
14534,5.3255e-007
14535,5.2488e-007
14536,4.3734e-007
14537,5.5542e-007
14538,5.6463e-007
14539,4.9697e-007
14540,4.7227e-007
14541,5.3262e-007
14542,4.3314e-007
14543,5.4238e-007
14544,5.405e-007
14545,4.6498e-007
14546,5.6285e-007
14547,5.659e-007
14548,4.937e-007
14549,5.3683e-007
14550,4.9086e-007
14551,1.0874e-007
14552,1.183e-007
14553,6.8965e-008
14554,8.9444e-008
14555,9.7423e-008
14556,1.0787e-007
14557,1.2493e-011
14558,1.3754e-011
14559,4.2997e-012
14560,1.2484e-010
14561,7.7271e-011
14562,7.0548e-011
14563,3.4889e-011
14564,4.5657e-007
14565,4.4668e-007
14566,5.0576e-007
14567,4.5617e-007
14568,5.0326e-007
14569,4.747e-007
14570,5.1373e-007
14571,2.2409e-007
14572,2.858e-007
14573,3.0401e-007
14574,3.4285e-007
14575,2.336e-007
14576,2.5518e-007
14577,3.0516e-007
14578,2.0269e-007
14579,8.4932e-008
14580,1.4388e-007
14581,1.6039e-007
14582,1.5329e-007
14583,1.4059e-007
14584,1.0988e-007
14585,9.933e-008
14586,1.359e-010
14587,3.7668e-010
14588,1.9063e-010
14589,6.054e-007
14590,5.6639e-007
14591,6.4227e-007
14592,5.808e-007
14593,6.2769e-007
14594,5.451e-007
14595,6.0867e-007
14596,5.2574e-007
14597,6.174e-007
14598,5.9902e-007
14599,5.5858e-007
14600,5.7839e-007
14601,5.2101e-007
14602,5.6521e-007
14603,5.6691e-007
14604,5.5884e-007
14605,5.2621e-007
14606,5.1985e-007
14607,5.0302e-007
14608,5.6103e-007
14609,9.9753e-009
14610,2.5739e-009
14611,5.4022e-009
14612,4.9111e-007
14613,5.9436e-007
14614,5.8634e-007
14615,5.5974e-007
14616,4.9617e-007
14617,5.6035e-007
14618,6.0376e-007
14619,5.2483e-007
14620,4.6271e-007
14621,4.1183e-007
14622,3.5929e-007
14623,4.6605e-007
14624,4.2274e-007
14625,3.8447e-007
14626,3.9806e-007
14627,4.3979e-007
14628,3.3562e-007
14629,6.0025e-007
14630,5.5603e-007
14631,6.3132e-007
14632,6.3329e-007
14633,5.896e-007
14634,6.4959e-007
14635,5.6468e-007
14636,5.3292e-007
14637,6.0727e-007
14638,5.9741e-007
14639,6.0647e-007
14640,5.3178e-007
14641,5.4178e-007
14642,4.4395e-010
14643,3.4286e-010
14644,2.1816e-010
14645,5.9585e-007
14646,5.4154e-007
14647,5.7415e-007
14648,5.8118e-007
14649,5.3939e-007
14650,5.1108e-007
14651,5.1422e-007
14652,5.1461e-007
14653,4.3557e-007
14654,5.3665e-007
14655,5.4299e-007
14656,4.8329e-007
14657,4.8739e-007
14658,4.842e-010
14659,3.8794e-010
14660,6.6841e-010
14661,6.3637e-010
14662,4.8641e-010
14663,4.0033e-010
14664,5.6366e-007
14665,5.8274e-007
14666,5.8665e-007
14667,5.8774e-007
14668,5.4775e-007
14669,5.1862e-007
14670,1.0241e-007
14671,5.2284e-008
14672,1.0276e-007
14673,8.563e-008
14674,6.0094e-008
14675,8.927e-008
14676,6.2335e-008
14677,8.5208e-008
14678,7.7859e-010
14679,1.2679e-009
14680,6.3384e-010
14681,1.503e-013
14682,5.5252e-014
14683,1.7013e-013
14684,7.0288e-014
14685,9.2085e-014
14686,1.0689e-013
14687,6.2817e-014
14688,1.0297e-012
14689,3.3727e-013
14690,2.4011e-013
14691,1.8202e-007
14692,2.8127e-007
14693,2.2343e-007
14694,3.0652e-007
14695,1.9175e-007
14696,3.0091e-007
14697,2.8984e-007
14698,2.2666e-007
14699,1.8135e-007
14700,2.3276e-007
14701,2.44e-007
14702,5.0142e-007
14703,3.5212e-007
14704,4.9875e-007
14705,4.7515e-007
14706,3.4158e-007
14707,4.0138e-007
14708,3.835e-007
14709,4.21e-007
14710,2.4586e-007
14711,2.7211e-007
14712,3.2407e-007
14713,2.5634e-007
14714,2.8033e-007
14715,2.7487e-007
14716,2.8541e-007
14717,4.8602e-007
14718,5.2576e-007
14719,5.4558e-007
14720,4.7262e-007
14721,4.9039e-007
14722,5.3731e-007
14723,5.4086e-007
14724,5.3775e-007
14725,4.3144e-007
14726,4.1151e-007
14727,4.9911e-007
14728,4.7366e-007
14729,5.7621e-007
14730,5.4125e-007
14731,5.7399e-007
14732,5.8826e-007
14733,5.4384e-007
14734,6.038e-007
14735,5.1946e-007
14736,5.6467e-007
14737,6.0282e-007
14738,5.4161e-007
14739,5.1955e-007
14740,5.883e-007
14741,6.0669e-007
14742,5.8183e-007
14743,4.5496e-007
14744,1.5661e-007
14745,8.4142e-008
14746,1.6333e-007
14747,8.462e-008
14748,1.2519e-007
14749,1.4201e-007
14750,5.9256e-007
14751,5.9273e-007
14752,5.373e-007
14753,5.1166e-007
14754,5.7167e-007
14755,3.1953e-007
14756,3.2232e-007
14757,2.2198e-007
14758,2.1313e-007
14759,2.2409e-007
14760,2.8165e-007
14761,3.2399e-007
14762,2.8916e-007
14763,8.2683e-008
14764,5.8779e-008
14765,7.1456e-008
14766,8.581e-008
14767,5.6839e-008
14768,5.7004e-007
14769,6.0756e-007
14770,6.18e-007
14771,6.4746e-007
14772,6.0147e-007
14773,5.6833e-007
14774,5.6725e-007
14775,3.8979e-013
14776,6.7561e-013
14777,1.4453e-012
14778,1.6862e-011
14779,2.3353e-011
14780,3.6739e-009
14781,7.1916e-009
14782,6.3353e-009
14783,3.1326e-010
14784,1.8942e-007
14785,1.3752e-007
14786,1.1719e-007
14787,1.5129e-007
14788,1.5246e-007
14789,1.683e-007
14790,1.2284e-007
14791,2.7302e-007
14792,4.3834e-007
14793,4.0767e-007
14794,3.146e-007
14795,3.9619e-007
14796,4.185e-007
14797,2.9246e-007
14798,3.6642e-007
14799,3.5874e-007
14800,4.4359e-007
14801,5.0982e-007
14802,5.237e-007
14803,5.6422e-007
14804,4.3956e-007
14805,3.1451e-013
14806,8.998e-014
14807,1.1866e-013
14808,2.1142e-007
14809,2.1244e-007
14810,1.1858e-007
14811,1.6222e-007
14812,1.5326e-007
14813,1.3961e-007
14814,1.8102e-007
14815,2.0766e-007
14816,2.0346e-007
14817,5.3222e-007
14818,5.9131e-007
14819,5.9534e-007
14820,5.6055e-007
14821,5.328e-007
14822,5.1177e-007
14823,6.3938e-007
14824,6.5145e-007
14825,6.0789e-007
14826,6.6624e-007
14827,6.9453e-012
14828,1.5318e-011
14829,5.3236e-007
14830,4.7348e-007
14831,5.888e-007
14832,5.3852e-007
14833,5.8238e-007
14834,5.4648e-007
14835,5.4099e-007
14836,5.973e-007
14837,4.8325e-007
14838,5.8639e-007
14839,5.9743e-007
14840,5.1222e-007
14841,5.5812e-007
14842,5.5064e-007
14843,5.8735e-007
14844,5.3352e-007
14845,4.5335e-007
14846,5.7662e-007
14847,5.7748e-007
14848,5.8521e-007
14849,5.857e-007
14850,5.1405e-007
14851,5.2307e-007
14852,4.4697e-007
14853,1.6631e-010
14854,4.3421e-011
14855,1.08e-010
14856,5.3467e-010
14857,4.907e-010
14858,1.9266e-010
14859,3.367e-007
14860,2.0996e-007
14861,2.7954e-007
14862,2.6607e-007
14863,3.1236e-007
14864,4.2016e-007
14865,5.1911e-007
14866,5.2507e-007
14867,4.4486e-007
14868,5.0317e-007
14869,4.2434e-007
14870,2.8535e-007
14871,3.834e-007
14872,3.119e-007
14873,3.836e-007
14874,3.9773e-007
14875,3.6568e-007
14876,2.8909e-007
14877,3.4223e-007
14878,3.2207e-012
14879,4.9344e-012
14880,6.6646e-012
14881,2.7582e-012
14882,3.5206e-008
14883,1.8019e-008
14884,4.2782e-008
14885,5.5656e-008
14886,2.5536e-007
14887,2.1736e-007
14888,1.656e-007
14889,1.8797e-007
14890,2.47e-007
14891,2.2903e-007
14892,5.7566e-007
14893,5.7622e-007
14894,5.2157e-007
14895,5.7136e-007
14896,5.7932e-007
14897,5.1909e-007
14898,4.6637e-007
14899,5.7796e-007
14900,5.7289e-007
14901,5.6381e-007
14902,5.2918e-007
14903,5.8645e-007
14904,4.9182e-007
14905,4.8279e-007
14906,4.8278e-007
14907,3.1043e-007
14908,3.4247e-007
14909,4.5706e-007
14910,4.5444e-007
14911,3.3779e-007
14912,3.9681e-007
14913,5.1711e-007
14914,5.5257e-007
14915,5.005e-007
14916,4.5349e-007
14917,5.4646e-007
14918,4.2137e-007
14919,5.0393e-007
14920,4.905e-007
14921,4.8383e-007
14922,2.1313e-012
14923,1.9125e-012
14924,7.1929e-010
14925,5.3477e-007
14926,4.5077e-007
14927,5.0576e-007
14928,4.7012e-007
14929,5.1832e-007
14930,4.6951e-007
14931,5.0632e-007
14932,4.081e-007
14933,3.9295e-007
14934,4.447e-007
14935,3.337e-007
14936,3.8609e-007
14937,1.6234e-014
14938,1.0099e-014
14939,8.3288e-015
14940,1.0834e-014
14941,1.0439e-014
14942,1.4131e-007
14943,1.4023e-007
14944,1.1698e-007
14945,1.925e-007
14946,1.7471e-007
14947,2.1394e-007
14948,1.9457e-007
14949,1.6446e-007
14950,1.4231e-007
14951,5.4099e-007
14952,4.4887e-007
14953,4.3677e-007
14954,5.1478e-007
14955,4.3407e-007
14956,4.873e-007
14957,4.2027e-007
14958,4.4821e-007
14959,5.9621e-007
14960,5.4511e-007
14961,5.738e-007
14962,6.0077e-007
14963,6.0826e-007
14964,5.6481e-007
14965,5.4214e-007
14966,5.9473e-007
14967,5.3012e-007
14968,5.7978e-007
14969,6.0252e-007
14970,5.1358e-007
14971,5.6346e-007
14972,4.1501e-007
14973,4.2308e-007
14974,4.9429e-007
14975,4.6975e-007
14976,4.704e-007
14977,3.2624e-007
14978,3.3724e-007
14979,3.0072e-007
14980,3.3007e-007
14981,2.3956e-007
14982,2.705e-007
14983,4.7965e-007
14984,3.2535e-007
14985,3.386e-007
14986,4.3569e-007
14987,4.2449e-007
14988,4.0624e-007
14989,3.4636e-007
14990,1.9687e-013
14991,9.2346e-014
14992,8.2162e-014
14993,1.6967e-013
14994,1.0839e-013
14995,4.4265e-012
14996,9.1606e-010
14997,1.6746e-009
14998,1.0624e-009
14999,8.0988e-010
15000,1.1484e-009
15001,1.0742e-010
15002,5.4273e-011
15003,1.0495e-012
15004,9.1307e-013
15005,1.1982e-012
15006,1.286e-012
15007,5.943e-008
15008,7.1721e-008
15009,1.7182e-013
15010,2.7444e-013
15011,1.6911e-013
15012,3.9347e-007
15013,3.9514e-007
15014,4.2707e-007
15015,3.7272e-007
15016,5.8769e-007
15017,5.734e-007
15018,5.2026e-007
15019,5.2865e-007
15020,5.1246e-009
15021,1.2659e-009
15022,9.2818e-009
15023,1.8796e-008
15024,1.7514e-008
15025,1.0528e-008
15026,1.5164e-008
15027,3.0182e-014
15028,1.4402e-014
15029,2.1185e-014
15030,1.2813e-014
15031,2.2359e-007
15032,1.8939e-007
15033,1.3567e-007
15034,1.657e-007
15035,2.5485e-007
15036,2.559e-007
15037,1.9631e-007
15038,2.3873e-007
15039,5.7715e-007
15040,5.8423e-007
15041,5.6659e-007
15042,5.1368e-007
15043,5.0016e-007
15044,1.684e-007
15045,1.5169e-007
15046,1.1264e-007
15047,1.4791e-007
15048,1.3982e-007
15049,1.3027e-007
15050,2.9741e-007
15051,3.6358e-007
15052,3.7083e-007
15053,2.978e-007
15054,3.1843e-007
15055,4.9155e-013
15056,1.0672e-012
15057,1.1751e-012
15058,7.6847e-013
15059,6.1158e-013
15060,9.5365e-013
15061,5.6767e-007
15062,5.7871e-007
15063,5.7093e-007
15064,5.0933e-007
15065,5.3715e-007
15066,4.7222e-007
15067,4.5154e-007
15068,4.3606e-007
15069,4.3373e-007
15070,3.8856e-007
15071,4.2484e-007
15072,3.4726e-007
15073,5.4222e-007
15074,5.96e-007
15075,6.0126e-007
15076,5.339e-007
15077,5.7396e-007
15078,5.9339e-007
15079,5.7091e-007
15080,5.8969e-007
15081,5.3563e-007
15082,5.778e-007
15083,6.2589e-007
15084,6.3389e-007
15085,5.723e-007
15086,6.8445e-007
15087,6.431e-007
15088,6.1131e-007
15089,2.5957e-007
15090,1.9723e-007
15091,2.5981e-007
15092,2.6083e-007
15093,1.9812e-007
15094,2.9933e-007
15095,2.2543e-007
15096,3.0232e-007
15097,3.2437e-007
15098,3.3257e-007
15099,3.8129e-007
15100,3.3081e-007
15101,2.7818e-007
15102,3.1282e-007
15103,2.8547e-007
15104,2.6277e-007
15105,3.1917e-007
15106,2.3877e-007
15107,3.3484e-007
15108,3.6193e-007
15109,3.2218e-014
15110,2.6174e-014
15111,1.5347e-014
15112,3.1941e-014
15113,1.6623e-014
15114,4.444e-007
15115,5.6571e-007
15116,5.5181e-007
15117,4.5321e-007
15118,5.5984e-007
15119,5.4903e-007
15120,5.1232e-007
15121,5.8684e-007
15122,5.7741e-007
15123,5.8408e-007
15124,5.8633e-007
15125,5.8382e-007
15126,5.105e-007
15127,5.3446e-007
15128,6.287e-007
15129,5.6599e-007
15130,6.2259e-007
15131,6.3407e-007
15132,5.7751e-007
15133,3.549e-007
15134,4.1694e-007
15135,3.8319e-007
15136,4.0145e-013
15137,5.8781e-013
15138,4.8966e-013
15139,2.9349e-007
15140,3.3505e-007
15141,2.9516e-007
15142,4.7742e-009
15143,8.2987e-009
15144,5.3192e-009
15145,3.4487e-007
15146,2.3592e-007
15147,3.2489e-007
15148,3.0811e-007
15149,2.7898e-007
15150,3.1886e-007
15151,9.9081e-012
15152,4.1351e-007
15153,4.3887e-007
15154,4.6265e-007
15155,3.6768e-007
15156,2.7791e-012
15157,2.7666e-012
15158,2.3611e-012
15159,2.695e-007
15160,3.2401e-007
15161,3.3383e-007
15162,3.6143e-007
15163,2.7841e-007
15164,3.44e-007
15165,2.5671e-007
15166,2.6454e-007
15167,3.0592e-007
15168,3.3562e-007
15169,4.9455e-007
15170,5.6238e-007
15171,5.6302e-007
15172,4.7753e-007
15173,5.061e-007
15174,5.3198e-007
15175,4.6481e-013
15176,2.5914e-013
15177,3.6121e-013
15178,6.1011e-014
15179,7.2375e-014
15180,1.9765e-007
15181,1.7855e-007
15182,1.3561e-007
15183,1.78e-007
15184,2.0667e-007
15185,1.4866e-007
15186,5.7925e-007
15187,6.1039e-007
15188,6.3474e-007
15189,6.2847e-007
15190,5.6463e-007
15191,4.4672e-007
15192,4.691e-007
15193,3.9954e-007
15194,1.3695e-010
15195,4.2025e-009
15196,6.9709e-009
15197,1.0255e-008
15198,1.9829e-011
15199,3.8555e-007
15200,4.2603e-007
15201,4.4643e-007
15202,3.6514e-007
15203,4.6139e-007
15204,3.6741e-014
15205,3.934e-014
15206,6.8041e-014
15207,2.9224e-014
15208,5.8866e-007
15209,5.5378e-007
15210,6.0386e-007
15211,5.2206e-007
15212,2.8095e-007
15213,3.1777e-007
15214,3.9108e-007
15215,4.3947e-007
15216,3.3531e-007
15217,3.1527e-007
15218,3.7771e-007
15219,4.437e-007
15220,4.7499e-007
15221,3.6509e-007
15222,4.3609e-007
15223,3.7583e-007
15224,4.1656e-008
15225,2.7893e-008
15226,3.9057e-007
15227,4.5343e-007
15228,4.0982e-007
15229,4.6083e-007
15230,4.5701e-007
15231,3.8087e-007
15232,3.0897e-007
15233,3.6585e-007
15234,1.7389e-013
15235,1.9214e-013
15236,2.6573e-013
15237,3.9572e-013
15238,6.1543e-007
15239,5.8253e-007
15240,6.1325e-007
15241,6.5067e-007
15242,6.3065e-007
15243,6.2124e-007
15244,6.1938e-007
15245,5.4251e-007
15246,5.838e-007
15247,5.8801e-007
15248,5.4356e-007
15249,5.9116e-007
15250,5.1426e-007
15251,3.5583e-014
15252,6.7658e-014
15253,5.7994e-007
15254,5.2416e-007
15255,5.78e-007
15256,5.2782e-007
15257,7.1948e-008
15258,6.8212e-008
15259,1.5702e-012
15260,8.4888e-013
15261,1.3777e-012
15262,5.7872e-014
15263,3.07e-010
15264,9.7576e-015
15265,2.1506e-007
15266,2.821e-007
15267,2.1478e-007
15268,2.8457e-007
15269,3.2898e-007
15270,2.4734e-007
15271,2.2077e-007
15272,1.7975e-007
15273,2.119e-007
15274,3.0092e-007
15275,2.6988e-007
15276,2.2463e-007
15277,2.4984e-007
15278,1.7439e-007
15279,2.3806e-007
15280,1.6375e-007
15281,2.4335e-007
15282,2.0475e-007
15283,2.6476e-007
15284,2.104e-007
15285,5.7238e-007
15286,5.9068e-007
15287,5.5965e-007
15288,5.3779e-007
15289,5.8991e-007
15290,6.452e-007
15291,6.3561e-007
15292,2.328e-008
15293,1.9846e-008
15294,1.8313e-007
15295,2.3699e-007
15296,1.86e-007
15297,2.2483e-007
15298,1.1276e-012
15299,1.3341e-012
15300,1.4161e-012
15301,3.9158e-007
15302,3.8181e-007
15303,3.7108e-007
15304,3.0889e-007
15305,7.6864e-011
15306,6.1774e-007
15307,6.1122e-007
15308,3.7373e-007
15309,2.2934e-007
15310,2.8162e-007
15311,2.8105e-007
15312,1.7425e-009
15313,1.8806e-009
15314,3.2071e-009
15315,5.3006e-007
15316,5.8353e-007
15317,5.8658e-007
15318,5.6725e-007
15319,5.465e-007
15320,6.3555e-007
15321,6.1194e-007
15322,6.4551e-007
15323,6.7469e-007
15324,5.948e-007
15325,2.809e-007
15326,2.9392e-007
15327,2.2275e-007
15328,2.839e-007
15329,5.4202e-007
15330,5.8945e-007
15331,5.8409e-007
15332,6.0668e-007
15333,6.2109e-007
15334,5.5337e-007
15335,6.1378e-007
15336,6.4989e-007
15337,5.8417e-007
15338,6.2424e-007
15339,5.6084e-007
15340,6.0829e-007
15341,6.1943e-007
15342,6.3462e-007
15343,5.6382e-007
15344,6.5784e-007
15345,5.5687e-007
15346,6.578e-007
15347,6.0972e-007
15348,6.4558e-007
15349,5.6746e-007
15350,3.6239e-007
15351,3.8022e-007
15352,4.1557e-007
15353,2.7327e-007
15354,5.7427e-007
15355,5.7953e-007
15356,6.0166e-007
15357,5.9218e-007
15358,5.8786e-007
15359,6.1169e-007
15360,5.3376e-007
15361,1.7979e-007
15362,1.9005e-007
15363,2.4213e-007
15364,1.7225e-007
15365,2.3772e-007
15366,2.1345e-007
15367,2.2226e-007
15368,1.8045e-007
15369,2.5615e-007
15370,2.4159e-007
15371,4.2361e-007
15372,3.4825e-007
15373,3.9147e-007
15374,4.242e-007
15375,3.8556e-007
15376,4.5305e-007
15377,6.3618e-014
15378,3.785e-014
15379,4.4414e-014
15380,5.3965e-007
15381,4.8648e-007
15382,5.2641e-007
15383,1.2169e-007
15384,1.3062e-007
15385,1.6078e-007
15386,1.6954e-007
15387,1.9461e-007
15388,1.8256e-007
15389,1.4221e-007
15390,2.2763e-007
15391,6.314e-007
15392,6.518e-007
15393,5.6044e-007
15394,6.0053e-007
15395,6.3413e-007
15396,6.2819e-007
15397,6.7743e-007
15398,6.0605e-007
15399,6.2377e-013
15400,4.0858e-013
15401,5.4512e-013
15402,9.0711e-013
15403,7.3411e-010
15404,1.1447e-009
15405,4.6133e-007
15406,5.1585e-007
15407,5.1004e-007
15408,5.153e-007
15409,5.3281e-007
15410,4.8726e-007
15411,5.2546e-007
15412,4.732e-007
15413,5.178e-007
15414,5.1937e-007
15415,5.2852e-007
15416,6.3173e-007
15417,6.2271e-007
15418,6.5093e-007
15419,5.9462e-007
15420,6.2227e-007
15421,5.8598e-007
15422,6.3432e-007
15423,1.2191e-007
15424,8.7413e-008
15425,1.0344e-007
15426,4.9511e-007
15427,5.8058e-007
15428,5.5323e-007
15429,4.8195e-007
15430,5.3112e-007
15431,2.3919e-007
15432,2.9427e-007
15433,2.6986e-007
15434,3.2042e-007
15435,5.3842e-007
15436,6.0201e-007
15437,5.5822e-007
15438,5.7134e-007
15439,4.7282e-007
15440,5.3667e-007
15441,5.542e-006
15442,6.8344e-006
15443,5.7207e-006
15444,9.3771e-006
15445,9.1045e-006
15446,7.1271e-006
15447,6.3936e-006
15448,7.1506e-006
15449,5.7646e-006
15450,9.7799e-006
15451,6.6531e-006
15452,1.273e-005
15453,1.0101e-005
15454,1.0936e-005
15455,8.1507e-006
15456,6.9905e-006
15457,7.3266e-006
15458,7.5387e-006
15459,6.8186e-006
15460,8.2626e-006
15461,1.1304e-005
15462,1.2666e-004
15463,1.3197e-004
15464,1.16e-004
15465,1.4253e-004
15466,1.1495e-004
15467,1.4346e-004
15468,5.1005e-006
15469,4.2678e-006
15470,3.9298e-006
15471,6.5287e-006
15472,5.6711e-006
15473,4.289e-006
15474,5.4149e-006
15475,4.2544e-006
15476,4.5191e-006
15477,4.3313e-006
15478,5.3564e-006
15479,3.8169e-006
15480,4.8187e-006
15481,5.9e-006
15482,4.945e-006
15483,4.0645e-006
15484,3.9589e-006
15485,4.2838e-006
15486,3.5857e-006
15487,4.1516e-006
15488,3.5181e-006
15489,3.9982e-006
15490,2.9495e-006
15491,3.2826e-006
15492,5.1374e-006
15493,3.7307e-006
15494,4.1322e-006
15495,2.9328e-006
15496,3.4755e-006
15497,3.9888e-006
15498,3.2877e-006
15499,3.0886e-006
15500,2.9617e-006
15501,4.0955e-006
15502,2.7947e-006
15503,2.6339e-006
15504,2.5333e-006
15505,3.3961e-006
15506,2.8034e-006
15507,3.3664e-006
15508,2.4608e-006
15509,2.5666e-006
15510,2.7519e-006
15511,2.7264e-006
15512,3.1095e-006
15513,6.5127e-005
15514,7.5532e-005
15515,6.0723e-005
15516,8.542e-005
15517,6.7021e-005
15518,8.1633e-005
15519,3.9448e-006
15520,2.717e-006
15521,2.6402e-006
15522,4.0665e-006
15523,2.7235e-006
15524,3.043e-006
15525,3.2681e-006
15526,2.9949e-006
15527,3.402e-006
15528,2.6667e-006
15529,2.7473e-006
15530,2.1527e-004
15531,2.053e-004
15532,1.8864e-004
15533,2.0538e-004
15534,1.8181e-004
15535,1.9201e-004
15536,4.5765e-006
15537,2.823e-006
15538,3.6896e-006
15539,3.4855e-006
15540,2.8093e-006
15541,3.0861e-006
15542,3.0532e-006
15543,4.3753e-006
15544,3.2181e-006
15545,3.1304e-006
15546,3.6655e-006
15547,2.9348e-006
15548,2.875e-006
15549,1.7472e-004
15550,2.0109e-004
15551,1.7927e-004
15552,1.9995e-004
15553,1.8787e-004
15554,2.0847e-004
15555,5.9574e-005
15556,7.9489e-005
15557,5.2333e-005
15558,6.9519e-005
15559,5.7334e-005
15560,6.9296e-005
15561,1.5832e-006
15562,2.1569e-006
15563,1.6341e-006
15564,1.8753e-006
15565,1.5277e-006
15566,1.9126e-006
15567,1.7355e-006
15568,1.5176e-006
15569,1.8932e-006
15570,1.7083e-006
15571,1.56e-006
15572,1.6617e-006
15573,3.4847e-006
15574,4.2319e-006
15575,3.3733e-006
15576,3.2706e-006
15577,3.9905e-006
15578,5.4356e-006
15579,3.7688e-006
15580,4.2846e-006
15581,3.2969e-006
15582,3.5823e-006
15583,2.2655e-006
15584,2.2647e-006
15585,2.0173e-006
15586,1.9932e-006
15587,2.5671e-006
15588,2.0133e-006
15589,2.0872e-006
15590,1.852e-006
15591,2.2171e-006
15592,4.003e-006
15593,4.133e-006
15594,5.0446e-006
15595,3.7943e-006
15596,5.3177e-006
15597,3.6544e-006
15598,4.9153e-006
15599,4.0783e-006
15600,3.9321e-006
15601,6.628e-006
15602,5.8808e-006
15603,4.9429e-006
15604,3.9615e-006
15605,4.7379e-006
15606,3.8207e-006
15607,4.0331e-006
15608,4.5026e-006
15609,5.5302e-006
15610,4.2095e-006
15611,3.9113e-006
15612,1.9918e-004
15613,1.9978e-004
15614,1.7146e-004
15615,1.7242e-004
15616,1.8782e-004
15617,1.9485e-004
15618,1.8535e-004
15619,1.9509e-004
15620,1.976e-006
15621,1.6264e-006
15622,1.4241e-006
15623,1.4913e-006
15624,1.8147e-006
15625,1.5051e-006
15626,1.431e-006
15627,1.6895e-006
15628,1.5268e-006
15629,1.6286e-006
15630,1.4803e-006
15631,1.5917e-006
15632,4.8038e-006
15633,7.147e-006
15634,5.5803e-006
15635,7.3091e-006
15636,5.592e-006
15637,5.8088e-006
15638,5.5556e-006
15639,4.7791e-006
15640,4.83e-006
15641,2.8709e-004
15642,2.7404e-004
15643,2.9771e-004
15644,2.8094e-004
15645,2.9949e-004
15646,2.7276e-004
15647,2.4667e-006
15648,3.6141e-006
15649,2.8475e-006
15650,2.7302e-006
15651,2.4885e-006
15652,2.5128e-006
15653,2.5261e-006
15654,2.8185e-006
15655,3.0206e-006
15656,2.6715e-005
15657,2.1072e-005
15658,3.2486e-005
15659,1.8511e-005
15660,1.9298e-005
15661,2.779e-005
15662,2.995e-005
15663,2.6362e-004
15664,2.9432e-004
15665,2.6375e-004
15666,2.8362e-004
15667,2.8033e-004
15668,2.7056e-004
15669,2.8895e-004
15670,2.3295e-006
15671,2.3054e-006
15672,2.8555e-006
15673,2.6251e-006
15674,2.3854e-006
15675,3.078e-006
15676,2.6861e-006
15677,2.2231e-006
15678,2.5972e-006
15679,3.5367e-005
15680,2.5548e-005
15681,4.092e-005
15682,3.6112e-005
15683,2.8673e-005
15684,2.9179e-005
15685,3.3601e-005
15686,1.7058e-005
15687,1.1398e-005
15688,1.1583e-005
15689,1.8329e-005
15690,1.9561e-005
15691,1.4337e-005
15692,1.3048e-005
15693,1.151e-005
15694,1.4088e-004
15695,1.2609e-004
15696,1.096e-004
15697,1.0906e-004
15698,1.4013e-004
15699,1.1268e-004
15700,1.506e-004
15701,1.3927e-004
15702,1.2567e-004
15703,1.1889e-004
15704,1.166e-004
15705,1.4651e-004
15706,1.5027e-004
15707,2.1511e-006
15708,1.7786e-006
15709,1.7886e-006
15710,2.0077e-006
15711,1.8298e-006
15712,1.6212e-006
15713,1.8364e-006
15714,1.6783e-006
15715,2.1689e-006
15716,1.7878e-006
15717,1.9251e-006
15718,1.7472e-006
15719,1.7714e-006
15720,2.3356e-006
15721,1.6732e-006
15722,1.9364e-006
15723,1.641e-006
15724,1.8344e-006
15725,1.8832e-006
15726,2.0739e-006
15727,2.2218e-006
15728,2.9941e-006
15729,2.0779e-006
15730,2.7005e-006
15731,2.0808e-006
15732,2.2468e-006
15733,2.3851e-006
15734,1.9719e-006
15735,2.5394e-006
15736,2.1299e-006
15737,2.262e-006
15738,7.878e-006
15739,6.7801e-006
15740,1.0817e-005
15741,1.1367e-005
15742,8.067e-006
15743,6.2686e-006
15744,7.5973e-006
15745,7.4693e-006
15746,2.6662e-006
15747,1.8331e-006
15748,2.0463e-006
15749,1.802e-006
15750,2.0306e-006
15751,1.7682e-006
15752,2.4902e-006
15753,1.9247e-006
15754,1.8855e-006
15755,2.1667e-006
15756,1.9463e-006
15757,1.9575e-006
15758,2.6554e-006
15759,2.2356e-006
15760,2.2165e-006
15761,1.9259e-006
15762,1.9425e-006
15763,2.2464e-006
15764,2.2234e-006
15765,1.9651e-006
15766,2.9006e-006
15767,2.1596e-006
15768,1.9716e-006
15769,1.9603e-006
15770,2.1268e-006
15771,2.4837e-006
15772,2.626e-006
15773,2.5132e-006
15774,2.1011e-006
15775,2.0333e-006
15776,1.8676e-006
15777,2.0218e-006
15778,1.9199e-006
15779,1.6356e-006
15780,1.6109e-006
15781,1.4427e-006
15782,1.485e-006
15783,1.624e-006
15784,1.3246e-006
15785,1.3933e-006
15786,2.0227e-006
15787,1.7457e-006
15788,1.6047e-006
15789,1.8334e-006
15790,1.5548e-006
15791,1.6393e-006
15792,1.4417e-006
15793,1.5255e-006
15794,1.7803e-006
15795,1.4852e-006
15796,3.0037e-004
15797,3.0952e-004
15798,2.9521e-004
15799,3.0968e-004
15800,2.9357e-004
15801,2.9744e-004
15802,3.0034e-004
15803,3.0299e-004
15804,2.0067e-006
15805,1.8359e-006
15806,2.0797e-006
15807,2.33e-006
15808,1.8283e-006
15809,1.8414e-006
15810,1.6968e-006
15811,1.8985e-006
15812,1.887e-006
15813,2.527e-006
15814,2.08e-006
15815,1.9171e-006
15816,1.8586e-006
15817,2.1483e-006
15818,1.9187e-006
15819,1.9089e-006
15820,2.243e-006
15821,2.122e-006
15822,2.3625e-004
15823,2.2612e-004
15824,2.5124e-004
15825,2.3369e-004
15826,2.4401e-004
15827,2.3647e-004
15828,2.2276e-004
15829,2.4785e-004
15830,2.3912e-004
15831,2.2289e-004
15832,2.4657e-004
15833,4.4531e-006
15834,6.6906e-006
15835,6.8237e-006
15836,5.2979e-006
15837,4.4157e-006
15838,4.6343e-006
15839,4.569e-006
15840,4.125e-006
15841,5.4895e-006
15842,5.7701e-006
15843,4.2169e-006
15844,3.7891e-006
15845,5.3016e-006
15846,5.1141e-006
15847,6.2348e-006
15848,4.3501e-006
15849,5.3141e-006
15850,4.3713e-006
15851,5.3475e-006
15852,3.6983e-006
15853,3.7207e-006
15854,4.2032e-006
15855,5.3024e-006
15856,7.2172e-006
15857,5.8958e-006
15858,6.568e-006
15859,5.837e-006
15860,5.9665e-006
15861,5.1216e-006
15862,4.9252e-006
15863,1.9783e-006
15864,2.1928e-006
15865,2.554e-006
15866,3.0733e-006
15867,2.6706e-006
15868,2.1277e-006
15869,2.249e-006
15870,2.0215e-006
15871,1.8489e-006
15872,2.4595e-006
15873,2.4283e-006
15874,2.4518e-006
15875,1.9047e-006
15876,1.8233e-006
15877,2.1375e-006
15878,2.1277e-006
15879,1.8335e-006
15880,1.8672e-006
15881,1.825e-006
15882,1.6957e-006
15883,2.1566e-006
15884,2.2932e-006
15885,2.0248e-006
15886,2.2289e-006
15887,2.1684e-006
15888,2.4519e-006
15889,2.0422e-006
15890,2.8265e-006
15891,2.0011e-006
15892,2.0735e-006
15893,2.1883e-006
15894,2.5713e-006
15895,2.3363e-006
15896,2.9406e-006
15897,3.525e-006
15898,2.5977e-006
15899,3.1281e-006
15900,4.4957e-006
15901,3.6644e-006
15902,2.7523e-006
15903,3.099e-006
15904,2.7503e-006
15905,3.2646e-006
15906,1.8484e-006
15907,2.0062e-006
15908,1.8075e-006
15909,2.3903e-006
15910,1.7987e-006
15911,2.058e-006
15912,1.7506e-006
15913,2.0218e-006
15914,1.6777e-006
15915,1.6866e-006
15916,2.0966e-006
15917,1.8445e-006
15918,2.2999e-006
15919,1.9981e-006
15920,2.0234e-006
15921,3.0407e-006
15922,1.9113e-006
15923,2.3119e-006
15924,1.9846e-006
15925,2.2843e-006
15926,2.3423e-006
15927,2.1159e-006
15928,6.0785e-006
15929,4.3698e-006
15930,3.8598e-006
15931,5.8967e-006
15932,4.0793e-006
15933,4.7098e-006
15934,5.0764e-006
15935,1.7287e-006
15936,1.8969e-006
15937,2.2208e-006
15938,1.7374e-006
15939,1.9962e-006
15940,1.6265e-006
15941,2.0309e-006
15942,1.7237e-006
15943,1.7897e-006
15944,2.0477e-006
15945,2.1283e-004
15946,2.0073e-004
15947,2.2024e-004
15948,1.9939e-004
15949,1.6246e-004
15950,1.777e-004
15951,1.6633e-004
15952,1.7637e-004
15953,2.0496e-006
15954,2.004e-006
15955,1.8561e-006
15956,2.3598e-006
15957,1.8471e-006
15958,1.8933e-006
15959,2.4239e-006
15960,1.9799e-006
15961,1.8812e-006
15962,6.8021e-005
15963,5.9292e-005
15964,5.3745e-005
15965,4.8424e-005
15966,5.2926e-005
15967,5.0664e-005
15968,5.7599e-005
15969,1.4274e-004
15970,1.6237e-004
15971,1.5718e-004
15972,1.7084e-004
15973,1.2989e-004
15974,1.6129e-004
15975,1.298e-004
15976,1.5473e-004
15977,2.0013e-006
15978,2.2058e-006
15979,1.9808e-006
15980,1.876e-006
15981,2.429e-006
15982,1.9757e-006
15983,2.3242e-006
15984,2.0733e-006
15985,2.8995e-006
15986,2.1652e-006
15987,2.5051e-006
15988,1.9603e-006
15989,2.1902e-006
15990,2.1053e-006
15991,2.5926e-006
15992,2.255e-005
15993,3.4676e-005
15994,3.3611e-005
15995,2.5059e-005
15996,2.9935e-005
15997,2.5456e-005
15998,3.1914e-005
15999,2.0668e-004
16000,1.9707e-004
16001,2.2477e-004
16002,2.1783e-004
16003,2.1667e-004
16004,1.6725e-006
16005,1.3489e-006
16006,1.3972e-006
16007,1.3383e-006
16008,1.3288e-006
16009,1.4713e-006
16010,2.7594e-004
16011,2.9952e-004
16012,2.9054e-004
16013,3.014e-004
16014,2.8217e-004
16015,2.8282e-004
16016,2.8604e-004
16017,1.7939e-006
16018,1.554e-006
16019,1.5297e-006
16020,1.4694e-006
16021,1.4329e-006
16022,1.6677e-006
16023,1.6497e-006
16024,1.845e-006
16025,2.3701e-006
16026,1.8638e-006
16027,2.407e-006
16028,1.8401e-006
16029,1.9961e-006
16030,1.8767e-006
16031,1.8183e-006
16032,2.1169e-006
16033,2.1492e-006
16034,1.7645e-006
16035,6.9592e-005
16036,9.0779e-005
16037,8.8693e-005
16038,7.9604e-005
16039,6.7819e-005
16040,1.0769e-004
16041,1.0357e-004
16042,1.1646e-004
16043,8.1074e-006
16044,7.1784e-006
16045,6.9393e-006
16046,8.1653e-006
16047,8.5579e-006
16048,8.0718e-006
16049,7.262e-006
16050,7.1903e-006
16051,1.1129e-004
16052,1.47e-004
16053,1.1277e-004
16054,6.9918e-006
16055,1.0366e-005
16056,5.7973e-006
16057,6.6539e-006
16058,4.7614e-005
16059,4.6704e-005
16060,5.0887e-005
16061,6.4148e-005
16062,5.7267e-005
16063,4.4659e-005
16064,3.0691e-006
16065,3.7624e-006
16066,2.616e-006
16067,2.6052e-006
16068,3.1342e-006
16069,2.6292e-006
16070,2.7712e-006
16071,3.064e-004
16072,3.1064e-004
16073,3.0165e-004
16074,3.1573e-004
16075,3.0583e-004
16076,3.1624e-004
16077,3.0899e-004
16078,3.1978e-004
16079,3.8104e-006
16080,4.5972e-006
16081,3.2777e-006
16082,3.3207e-006
16083,3.3254e-006
16084,3.3217e-006
16085,2.9854e-006
16086,3.8796e-006
16087,3.914e-006
16088,1.4215e-005
16089,1.5196e-005
16090,1.9466e-005
16091,1.6983e-005
16092,1.9813e-005
16093,1.5662e-005
16094,1.8957e-006
16095,1.677e-006
16096,1.668e-006
16097,1.7385e-006
16098,1.5647e-006
16099,1.7313e-006
16100,1.5416e-006
16101,1.9719e-006
16102,3.0069e-006
16103,1.9435e-006
16104,2.2707e-006
16105,1.9952e-006
16106,1.8103e-006
16107,1.9554e-006
16108,2.252e-006
16109,3.3138e-006
16110,4.9274e-006
16111,3.9973e-006
16112,3.1832e-006
16113,2.9671e-006
16114,3.6257e-006
16115,4.5863e-006
16116,3.1257e-006
16117,3.7104e-006
16118,3.5376e-006
16119,3.142e-006
16120,2.9818e-006
16121,9.4914e-005
16122,8.4756e-005
16123,9.6859e-005
16124,8.4645e-005
16125,2.3654e-006
16126,2.7629e-006
16127,2.1489e-006
16128,3.0727e-006
16129,2.3722e-006
16130,2.1852e-006
16131,2.193e-006
16132,2.4671e-006
16133,2.4817e-006
16134,2.3733e-006
16135,4.357e-005
16136,4.9064e-005
16137,2.9289e-005
16138,3.0961e-005
16139,2.5142e-004
16140,2.4528e-004
16141,2.3826e-004
16142,2.5819e-004
16143,2.5022e-004
16144,1.9044e-006
16145,2.1584e-006
16146,1.8693e-006
16147,1.6821e-006
16148,1.6345e-006
16149,1.9264e-006
16150,1.8951e-006
16151,1.7085e-006
16152,1.7291e-006
16153,1.8042e-006
16154,1.6095e-006
16155,1.7487e-006
16156,1.5983e-006
16157,1.9185e-006
16158,1.9493e-006
16159,1.9695e-006
16160,2.2341e-006
16161,1.9306e-006
16162,2.0012e-006
16163,1.9388e-006
16164,2.1914e-006
16165,2.2631e-006
16166,2.1125e-006
16167,1.9961e-006
16168,1.9559e-006
16169,1.9539e-006
16170,1.906e-006
16171,2.0507e-006
16172,2.1614e-006
16173,2.3277e-006
16174,1.0043e-005
16175,9.3233e-006
16176,1.4066e-005
16177,1.1675e-005
16178,9.0769e-006
16179,1.02e-005
16180,9.701e-006
16181,1.2494e-005
16182,1.2377e-005
16183,1.4855e-006
16184,1.5826e-006
16185,1.4294e-006
16186,1.4641e-006
16187,1.7706e-006
16188,1.4878e-006
16189,1.5164e-006
16190,6.1821e-005
16191,7.0653e-005
16192,6.1476e-005
16193,7.1647e-005
16194,5.7635e-005
16195,5.7895e-005
16196,1.8508e-006
16197,1.8315e-006
16198,2.1013e-006
16199,1.9075e-006
16200,1.869e-006
16201,1.7456e-006
16202,1.9547e-006
16203,2.3112e-006
16204,2.1965e-005
16205,2.2208e-005
16206,1.8106e-005
16207,1.5289e-005
16208,1.4877e-005
16209,1.5793e-005
16210,3.1303e-006
16211,2.278e-006
16212,2.7841e-006
16213,2.3119e-006
16214,2.438e-006
16215,2.2796e-006
16216,2.4364e-006
16217,2.7389e-006
16218,4.3853e-006
16219,3.0854e-006
16220,3.2319e-006
16221,3.567e-006
16222,3.0986e-006
16223,3.1484e-006
16224,3.4992e-006
16225,1.8146e-006
16226,1.7585e-006
16227,2.4561e-006
16228,1.9574e-006
16229,1.8671e-006
16230,1.8479e-006
16231,1.8088e-006
16232,2.1334e-006
16233,8.3677e-006
16234,1.3773e-005
16235,9.5608e-006
16236,1.1611e-005
16237,9.3793e-006
16238,1.2617e-005
16239,1.0126e-005
16240,2.3162e-006
16241,1.8708e-006
16242,1.8504e-006
16243,2.1328e-006
16244,2.0949e-006
16245,1.8895e-006
16246,2.0594e-006
16247,9.7841e-005
16248,8.6364e-005
16249,8.4097e-005
16250,2.8612e-006
16251,2.638e-006
16252,2.6659e-006
16253,3.3584e-006
16254,3.2534e-006
16255,2.922e-006
16256,2.8538e-006
16257,3.2958e-006
16258,2.7302e-006
16259,2.9272e-006
16260,1.7594e-006
16261,1.5074e-006
16262,1.4686e-006
16263,1.4348e-006
16264,1.3798e-006
16265,1.6667e-006
16266,1.5175e-006
16267,1.8209e-006
16268,1.6162e-006
16269,1.5702e-006
16270,2.6913e-004
16271,2.6166e-004
16272,2.5567e-004
16273,2.6977e-004
16274,1.7843e-006
16275,2.0051e-006
16276,1.7194e-006
16277,1.707e-006
16278,1.5725e-006
16279,1.5598e-006
16280,1.7403e-006
16281,1.7603e-006
16282,3.1088e-004
16283,2.9863e-004
16284,3.0415e-004
16285,3.042e-004
16286,1.76e-006
16287,1.8707e-006
16288,2.0574e-006
16289,1.6611e-006
16290,1.6168e-006
16291,1.8183e-006
16292,1.7165e-006
16293,1.5566e-006
16294,1.5055e-006
16295,1.4534e-006
16296,1.4476e-006
16297,1.5551e-006
16298,5.4227e-005
16299,7.0497e-005
16300,5.6564e-005
16301,5.9009e-005
16302,3.1629e-004
16303,3.0197e-004
16304,2.9867e-004
16305,3.1433e-004
16306,3.0731e-004
16307,1.6267e-006
16308,1.7833e-006
16309,1.5019e-006
16310,1.538e-006
16311,1.688e-006
16312,1.6001e-006
16313,1.4905e-006
16314,1.6732e-006
16315,2.123e-004
16316,2.0733e-004
16317,2.1732e-004
16318,2.1584e-004
16319,2.0759e-004
16320,2.1612e-004
16321,2.0083e-004
16322,2.2031e-004
16323,2.1644e-004
16324,2.0819e-004
16325,2.2971e-004
16326,2.6806e-004
16327,2.3837e-004
16328,3.0105e-004
16329,3.1194e-004
16330,3.0524e-004
16331,3.1565e-004
16332,1.7269e-006
16333,2.2979e-006
16334,2.2012e-006
16335,1.639e-006
16336,1.6691e-006
16337,1.6073e-006
16338,1.789e-006
16339,1.7138e-006
16340,2.0301e-006
16341,1.8596e-006
16342,2.2731e-006
16343,1.7488e-006
16344,1.7943e-006
16345,1.9556e-006
16346,2.2068e-006
16347,2.0383e-006
16348,1.4049e-006
16349,1.7581e-006
16350,1.3547e-006
16351,1.399e-006
16352,1.577e-006
16353,1.6492e-006
16354,1.4389e-006
16355,4.5063e-006
16356,3.1104e-006
16357,3.2426e-006
16358,3.2456e-006
16359,3.8305e-006
16360,2.9535e-006
16361,3.0282e-006
16362,3.426e-006
16363,1.6697e-006
16364,1.5997e-006
16365,2.2058e-006
16366,1.7685e-006
16367,1.5709e-006
16368,1.8306e-006
16369,1.6882e-006
16370,1.6004e-006
16371,4.5806e-005
16372,3.5802e-005
16373,4.0258e-005
16374,3.8351e-005
16375,1.012e-004
16376,1.0237e-004
16377,9.1803e-005
16378,2.5346e-006
16379,3.3269e-006
16380,2.6085e-006
16381,3.3075e-006
16382,2.8322e-006
16383,2.7038e-006
16384,2.5447e-006
16385,2.7699e-006
16386,2.5757e-006
16387,1.8725e-004
16388,1.2995e-006
16389,1.326e-006
16390,1.1774e-006
16391,1.2537e-006
16392,1.2091e-006
16393,1.1746e-006
16394,1.2981e-006
16395,4.4692e-005
16396,5.57e-005
16397,4.19e-005
16398,2.0351e-006
16399,1.7901e-006
16400,1.7294e-006
16401,1.7887e-006
16402,1.6182e-006
16403,1.77e-006
16404,3.3522e-006
16405,4.7446e-006
16406,3.8827e-006
16407,3.2867e-006
16408,8.483e-006
16409,7.3434e-006
16410,9.7023e-006
16411,7.0405e-006
16412,8.4068e-006
16413,6.9626e-006
16414,7.3078e-006
16415,1.945e-006
16416,1.6566e-006
16417,1.5997e-006
16418,1.5646e-006
16419,1.7675e-006
16420,1.9242e-006
16421,1.6959e-006
16422,1.6606e-006
16423,1.6573e-006
16424,1.9455e-006
16425,6.191e-006
16426,4.1895e-006
16427,4.5219e-006
16428,4.6367e-006
16429,5.7907e-006
16430,3.8863e-006
16431,4.3381e-006
16432,4.2287e-006
16433,1.5734e-004
16434,1.7003e-004
16435,6.8856e-006
16436,8.8263e-006
16437,1.0969e-005
16438,7.1422e-006
16439,8.544e-006
16440,7.4286e-006
16441,2.3664e-006
16442,2.1684e-006
16443,1.7224e-006
16444,1.727e-006
16445,1.9952e-006
16446,1.9261e-006
16447,2.1913e-006
16448,1.7373e-006
16449,1.5457e-006
16450,1.3949e-006
16451,1.3941e-006
16452,8.2589e-006
16453,7.001e-006
16454,6.9303e-006
16455,7.8231e-006
16456,8.2264e-006
16457,7.2839e-006
16458,1.8584e-006
16459,1.8159e-006
16460,1.9182e-006
16461,2.106e-006
16462,2.1308e-006
16463,1.0289e-005
16464,5.2617e-006
16465,5.7286e-006
16466,5.5467e-006
16467,7.6175e-006
16468,6.5862e-006
16469,1.3807e-005
16470,1.0046e-005
16471,9.4003e-006
16472,9.5445e-006
16473,1.5767e-006
16474,1.5785e-006
16475,1.8355e-006
16476,1.3669e-006
16477,1.4648e-006
16478,1.4797e-006
16479,1.8768e-006
16480,1.6325e-006
16481,1.9606e-004
16482,1.7269e-004
16483,2.2909e-004
16484,2.61e-004
16485,2.5289e-004
16486,3.0498e-006
16487,4.3705e-006
16488,3.2125e-006
16489,3.1434e-006
16490,1.621e-006
16491,1.6987e-006
16492,2.0074e-006
16493,1.5624e-006
16494,1.5528e-006
16495,1.823e-006
16496,1.9682e-006
16497,2.4447e-006
16498,1.8983e-006
16499,1.8375e-006
16500,1.9646e-006
16501,2.0054e-006
16502,1.8677e-006
16503,2.3138e-006
16504,2.2688e-006
16505,5.5828e-006
16506,4.6157e-006
16507,5.8352e-006
16508,1.3066e-006
16509,1.26e-006
16510,1.2295e-006
16511,1.3968e-006
16512,1.3549e-006
16513,1.559e-006
16514,1.4219e-006
16515,1.4721e-006
16516,1.444e-006
16517,1.5673e-006
16518,1.492e-006
16519,1.7672e-006
16520,1.5326e-006
16521,1.6185e-006
16522,4.3645e-005
16523,3.2157e-005
16524,4.148e-005
16525,3.5229e-005
16526,3.6916e-005
16527,2.7392e-006
16528,3.8922e-006
16529,2.718e-006
16530,3.0585e-006
16531,3.2518e-006
16532,2.7427e-006
16533,3.1436e-006
16534,2.7176e-006
16535,3.0555e-004
16536,3.2006e-004
16537,3.259e-004
16538,3.107e-004
16539,3.1336e-004
16540,3.1091e-004
16541,2.0491e-006
16542,1.7569e-006
16543,1.7498e-006
16544,2.2854e-006
16545,1.781e-006
16546,1.8351e-006
16547,1.8168e-006
16548,2.1737e-005
16549,1.1197e-005
16550,9.885e-006
16551,1.4939e-006
16552,1.4889e-006
16553,1.4657e-006
16554,1.3775e-006
16555,1.6461e-006
16556,1.6791e-006
16557,1.8266e-006
16558,1.999e-006
16559,1.8808e-006
16560,2.1448e-006
16561,1.724e-006
16562,2.119e-006
16563,1.75e-006
16564,9.5027e-005
16565,2.9346e-004
16566,3.1205e-004
16567,2.0647e-006
16568,2.6177e-006
16569,2.0605e-006
16570,2.7037e-006
16571,2.3013e-006
16572,2.0425e-006
16573,2.2649e-006
16574,1.7066e-006
16575,1.9933e-006
16576,1.7675e-006
16577,1.608e-006
16578,1.6059e-006
16579,1.8227e-006
16580,2.028e-006
16581,1.728e-006
16582,1.7591e-006
16583,1.8564e-006
16584,1.6083e-006
16585,1.6138e-006
16586,1.7401e-006
16587,7.5851e-005
16588,7.4115e-005
16589,1.0344e-004
16590,8.919e-005
16591,1.7429e-006
16592,1.8261e-006
16593,1.6351e-006
16594,1.6745e-006
16595,1.7498e-006
16596,1.6973e-006
16597,2.1144e-006
16598,8.9737e-005
16599,9.0821e-005
16600,2.4593e-006
16601,2.067e-006
16602,1.871e-006
16603,1.8004e-006
16604,1.7625e-006
16605,7.391e-006
16606,8.0738e-006
16607,8.9339e-006
16608,8.6407e-006
16609,7.4502e-006
16610,7.6586e-006
16611,2.4129e-006
16612,2.9829e-006
16613,2.3712e-006
16614,2.3351e-006
16615,2.7238e-006
16616,2.478e-006
16617,2.6692e-006
16618,2.7816e-004
16619,2.8109e-004
16620,2.8961e-004
16621,2.9638e-004
16622,2.9658e-004
16623,6.1994e-005
16624,8.6085e-005
16625,1.7344e-004
16626,1.6572e-006
16627,1.7192e-006
16628,1.9243e-006
16629,1.7356e-006
16630,1.5738e-006
16631,1.5502e-006
16632,1.7343e-006
16633,1.686e-006
16634,1.9656e-006
16635,1.5844e-006
16636,1.7265e-006
16637,1.5858e-006
16638,1.7682e-006
16639,3.0147e-006
16640,3.8758e-006
16641,4.0867e-006
16642,2.9862e-006
16643,3.3691e-006
16644,3.0531e-006
16645,4.0014e-005
16646,1.457e-006
16647,1.4062e-006
16648,1.5923e-006
16649,1.3068e-006
16650,1.7147e-006
16651,1.748e-006
16652,1.7462e-006
16653,1.8213e-006
16654,1.6289e-006
16655,1.6431e-006
16656,1.7595e-006
16657,6.3219e-006
16658,5.5714e-006
16659,6.8393e-006
16660,6.9667e-006
16661,5.4204e-006
16662,4.4195e-006
16663,5.8057e-006
16664,3.9498e-006
16665,5.2072e-006
16666,4.3213e-006
16667,4.5088e-006
16668,5.3497e-006
16669,8.6255e-006
16670,6.149e-006
16671,6.0025e-006
16672,4.9826e-006
16673,1.6412e-006
16674,1.7959e-006
16675,1.626e-006
16676,1.5677e-006
16677,1.5518e-006
16678,1.6676e-006
16679,1.4519e-006
16680,1.685e-006
16681,1.3952e-006
16682,1.5074e-006
16683,1.4171e-006
16684,1.2612e-006
16685,1.2213e-006
16686,1.2966e-006
16687,1.3417e-006
16688,1.8752e-004
16689,1.9616e-004
16690,3.536e-006
16691,4.9806e-006
16692,4.4362e-006
16693,3.8937e-006
16694,3.487e-006
16695,3.7134e-006
16696,2.3384e-005
16697,1.7504e-005
16698,1.6333e-006
16699,1.6829e-006
16700,1.4041e-006
16701,1.557e-006
16702,1.3943e-006
16703,1.6319e-006
16704,1.568e-006
16705,1.4141e-006
16706,1.3975e-006
16707,1.6328e-006
16708,1.5907e-006
16709,2.1672e-004
16710,2.6455e-006
16711,3.2906e-006
16712,3.1129e-006
16713,2.685e-006
16714,2.4501e-006
16715,2.5986e-006
16716,2.6852e-004
16717,1.2814e-006
16718,1.3142e-006
16719,1.4491e-006
16720,1.4734e-006
16721,4.3076e-005
16722,3.526e-005
16723,3.7342e-005
16724,5.988e-006
16725,5.5013e-006
16726,6.1347e-006
16727,6.383e-006
16728,5.5216e-006
16729,1.976e-006
16730,1.7138e-006
16731,1.5221e-006
16732,1.5411e-006
16733,1.7947e-006
16734,1.6486e-006
16735,1.6829e-006
16736,1.6252e-006
16737,1.749e-006
16738,1.5121e-006
16739,1.5176e-006
16740,1.6594e-006
16741,7.6324e-005
16742,6.912e-005
16743,7.9538e-005
16744,2.837e-004
16745,2.9625e-004
16746,2.8757e-004
16747,2.565e-006
16748,2.3756e-006
16749,2.4518e-006
16750,2.7409e-006
16751,2.5833e-006
16752,2.478e-006
16753,2.6008e-006
16754,2.9041e-006
16755,2.9326e-006
16756,1.2817e-006
16757,1.229e-006
16758,1.207e-006
16759,1.3438e-006
16760,2.0403e-006
16761,2.617e-006
16762,2.1348e-006
16763,2.0152e-006
16764,2.2678e-006
16765,3.1059e-006
16766,2.6799e-006
16767,2.1706e-006
16768,2.715e-006
16769,2.179e-006
16770,2.1746e-006
16771,2.1567e-006
16772,3.9544e-006
16773,4.5234e-006
16774,5.4418e-006
16775,1.9687e-006
16776,1.9919e-006
16777,1.7767e-006
16778,1.6124e-006
16779,1.5904e-006
16780,1.5976e-006
16781,1.7956e-006
16782,1.0159e-004
16783,2.7451e-006
16784,2.1946e-006
16785,2.7552e-006
16786,2.2487e-006
16787,2.438e-006
16788,2.5198e-006
16789,2.3122e-006
16790,2.3395e-006
16791,2.586e-006
16792,2.3535e-006
16793,2.8306e-006
16794,1.7708e-006
16795,1.9922e-006
16796,2.8204e-006
16797,2.3938e-006
16798,2.2925e-006
16799,2.5021e-006
16800,2.5742e-006
16801,3.08e-006
16802,1.7932e-006
16803,1.8186e-006
16804,1.6585e-006
16805,1.6476e-006
16806,7.0594e-006
16807,1.1183e-005
16808,7.3303e-006
16809,7.0186e-006
16810,9.3317e-006
16811,1.8175e-006
16812,1.457e-006
16813,1.3856e-006
16814,1.4683e-006
16815,1.62e-006
16816,2.0173e-006
16817,2.4479e-006
16818,2.3303e-006
16819,2.1023e-006
16820,1.5932e-006
16821,1.656e-006
16822,1.803e-006
16823,7.1988e-006
16824,6.6226e-006
16825,8.2206e-006
16826,7.7609e-006
16827,6.7657e-006
16828,5.8808e-006
16829,6.2723e-006
16830,5.7281e-006
16831,5.2378e-006
16832,6.8588e-006
16833,6.0527e-006
16834,5.4308e-006
16835,6.2723e-006
16836,5.0108e-005
16837,4.5732e-005
16838,5.2562e-005
16839,2.6598e-006
16840,2.2377e-006
16841,2.3907e-006
16842,2.463e-006
16843,2.2928e-006
16844,1.4332e-006
16845,1.3795e-006
16846,1.2919e-006
16847,2.7599e-004
16848,2.792e-004
16849,2.1705e-006
16850,2.0325e-006
16851,1.834e-006
16852,1.9062e-006
16853,1.6621e-006
16854,1.7013e-006
16855,1.5564e-006
16856,3.635e-006
16857,3.8771e-006
16858,3.011e-006
16859,3.1752e-006
16860,3.0292e-006
16861,2.9108e-006
16862,3.4e-006
16863,1.7103e-006
16864,1.5354e-006
16865,1.548e-006
16866,1.4684e-006
16867,1.5905e-006
16868,1.7218e-006
16869,2.2388e-004
16870,2.3053e-004
16871,1.9006e-005
16872,2.2097e-005
16873,1.7601e-005
16874,1.8684e-006
16875,1.6338e-006
16876,1.6243e-006
16877,1.4994e-006
16878,2.3572e-006
16879,2.793e-006
16880,2.4746e-006
16881,2.5113e-006
16882,1.2545e-006
16883,1.3354e-006
16884,1.3719e-006
16885,1.1666e-006
16886,1.185e-006
16887,1.2706e-006
16888,1.2997e-006
16889,1.1861e-006
16890,1.7057e-006
16891,1.555e-006
16892,1.5641e-006
16893,2.2033e-006
16894,1.9805e-006
16895,2.001e-006
16896,2.3889e-006
16897,2.2681e-006
16898,6.8796e-006
16899,5.8939e-006
16900,4.8824e-006
16901,5.4747e-006
16902,6.727e-006
16903,7.3558e-006
16904,4.4318e-006
16905,1.9669e-006
16906,1.9997e-006
16907,2.3019e-006
16908,1.934e-004
16909,2.1294e-004
16910,2.0325e-004
16911,3.2608e-004
16912,3.1348e-004
16913,3.1352e-004
16914,3.2429e-004
16915,2.323e-004
16916,2.311e-004
16917,2.5215e-004
16918,2.4419e-004
16919,2.3522e-004
16920,2.0979e-005
16921,2.8124e-005
16922,2.2377e-005
16923,2.9785e-005
16924,1.6771e-006
16925,1.5623e-006
16926,1.647e-006
16927,1.4118e-006
16928,1.4784e-006
16929,1.7361e-006
16930,1.7705e-006
16931,1.7114e-006
16932,2.0995e-006
16933,2.0035e-006
16934,1.7005e-006
16935,6.7133e-006
16936,4.7207e-006
16937,5.8246e-006
16938,5.8006e-006
16939,4.8676e-006
16940,2.4299e-006
16941,3.2897e-006
16942,2.5626e-006
16943,3.0163e-006
16944,2.5629e-006
16945,3.4225e-006
16946,5.3069e-006
16947,3.6306e-006
16948,3.681e-006
16949,3.1565e-006
16950,3.1237e-006
16951,1.6755e-006
16952,1.473e-006
16953,1.6646e-006
16954,1.5518e-006
16955,1.7391e-006
16956,1.406e-005
16957,1.5213e-005
16958,1.4247e-005
16959,1.5205e-005
16960,1.8129e-005
16961,1.4773e-005
16962,1.3032e-006
16963,1.385e-006
16964,5.3482e-005
16965,4.6275e-005
16966,2.8032e-006
16967,2.1796e-006
16968,2.2415e-006
16969,2.0914e-006
16970,2.7429e-006
16971,2.2433e-006
16972,2.5375e-006
16973,4.1607e-006
16974,5.3177e-006
16975,4.0758e-006
16976,4.0063e-006
16977,4.5789e-006
16978,6.7056e-005
16979,2.5178e-006
16980,2.111e-006
16981,2.3824e-006
16982,1.4047e-006
16983,1.6797e-006
16984,1.5501e-006
16985,2.2704e-004
16986,2.2177e-004
16987,2.189e-006
16988,1.9834e-006
16989,2.0241e-006
16990,2.293e-006
16991,8.2981e-006
16992,6.8817e-006
16993,9.8208e-006
16994,6.9519e-006
16995,8.4724e-006
16996,2.6802e-004
16997,2.5711e-004
16998,1.5231e-006
16999,1.4534e-006
17000,5.6473e-005
17001,5.2647e-005
17002,3.1656e-006
17003,3.6826e-006
17004,3.0774e-006
17005,3.1943e-006
17006,2.5084e-006
17007,2.7554e-006
17008,2.7824e-006
17009,3.7143e-006
17010,1.1614e-005
17011,1.7604e-004
17012,3.1065e-006
17013,3.4225e-006
17014,3.0487e-006
17015,1.5565e-006
17016,1.3844e-006
17017,1.4505e-006
17018,1.1518e-005
17019,9.2358e-006
17020,9.8924e-006
17021,1.2688e-005
17022,9.2599e-006
17023,1.2269e-005
17024,1.5923e-006
17025,1.6952e-006
17026,1.506e-006
17027,8.3166e-006
17028,8.1366e-006
17029,1.1945e-005
17030,1.9935e-006
17031,2.0505e-006
17032,2.3206e-006
17033,4.9826e-006
17034,7.5323e-006
17035,5.0453e-006
17036,7.0138e-006
17037,5.668e-006
17038,6.0713e-006
17039,2.115e-006
17040,2.1221e-006
17041,1.8689e-006
17042,1.7811e-006
17043,1.5858e-006
17044,1.603e-006
17045,5.8947e-007
17046,4.8963e-007
17047,7.1246e-007
17048,6.9676e-007
17049,7.2178e-007
17050,7.0999e-007
17051,6.3278e-007
17052,6.6817e-007
17053,6.6491e-007
17054,4.2387e-007
17055,7.944e-007
17056,4.6108e-007
17057,8.8245e-007
17058,6.9551e-007
17059,5.5542e-007
17060,3.881e-007
17061,4.4515e-007
17062,6.725e-007
17063,4.6067e-007
17064,6.544e-007
17065,6.0751e-007
17066,5.0757e-007
17067,5.3585e-007
17068,5.9885e-007
17069,6.1131e-007
17070,6.3773e-007
17071,5.8753e-007
17072,7.1894e-007
17073,3.5016e-007
17074,4.2054e-007
17075,4.9158e-007
17076,5.3909e-007
17077,4.8139e-007
17078,3.6681e-007
17079,4.8746e-007
17080,9.6732e-007
17081,8.1223e-007
17082,7.9391e-007
17083,1.0159e-006
17084,9.0354e-007
17085,7.7052e-007
17086,8.6523e-007
17087,6.9803e-007
17088,8.0338e-007
17089,7.7412e-007
17090,8.5134e-007
17091,7.9176e-007
17092,9.1056e-007
17093,7.533e-007
17094,1.5202e-006
17095,1.2399e-006
17096,1.126e-006
17097,8.4425e-007
17098,1.0232e-006
17099,8.3282e-007
17100,1.6479e-006
17101,8.1614e-007
17102,9.3487e-007
17103,4.0394e-007
17104,4.2977e-007
17105,3.5849e-007
17106,3.2723e-007
17107,5.9781e-007
17108,4.8039e-007
17109,6.9479e-007
17110,6.855e-007
17111,7.063e-007
17112,5.1667e-007
17113,7.1333e-007
17114,6.5692e-007
17115,5.3549e-007
17116,5.7883e-007
17117,6.4213e-007
17118,6.2854e-007
17119,4.4434e-007
17120,8.0467e-007
17121,6.2508e-007
17122,3.9547e-007
17123,8.5309e-007
17124,3.7464e-007
17125,6.6883e-007
17126,7.0059e-007
17127,5.3433e-007
17128,5.2673e-007
17129,6.6953e-007
17130,6.158e-007
17131,5.8823e-007
17132,6.4402e-007
17133,5.9861e-007
17134,7.4153e-007
17135,4.0246e-007
17136,3.3493e-007
17137,5.7001e-007
17138,4.2782e-007
17139,5.4297e-007
17140,3.6225e-007
17141,5.0127e-007
17142,9.7485e-007
17143,8.1559e-007
17144,9.3413e-007
17145,7.6815e-007
17146,9.6303e-007
17147,8.0656e-007
17148,8.1954e-007
17149,8.6153e-007
17150,7.6693e-007
17151,9.403e-007
17152,1.3903e-006
17153,1.1683e-006
17154,8.8338e-007
17155,1.1163e-006
17156,4.5292e-007
17157,3.8984e-007
17158,4.4435e-007
17159,5.3528e-007
17160,4.5765e-007
17161,4.6696e-007
17162,5.0823e-007
17163,8.3817e-007
17164,9.9945e-007
17165,9.3079e-007
17166,7.541e-007
17167,3.8312e-007
17168,4.6149e-007
17169,5.062e-007
17170,3.7948e-007
17171,3.9261e-007
17172,2.9588e-007
17173,3.0717e-007
17174,8.5513e-007
17175,1.6744e-006
17176,8.8056e-007
17177,1.3544e-006
17178,1.0877e-006
17179,1.5121e-006
17180,1.1888e-006
17181,1.3068e-006
17182,1.0007e-006
17183,2.7886e-007
17184,5.1313e-007
17185,5.416e-007
17186,7.9239e-007
17187,2.5239e-007
17188,6.1499e-007
17189,4.4316e-007
17190,1.8141e-006
17191,1.9447e-006
17192,2.5592e-006
17193,1.7424e-006
17194,2.0851e-006
17195,2.2095e-006
17196,3.3546e-007
17197,5.1402e-008
17198,1.1936e-007
17199,2.9417e-007
17200,1.8679e-007
17201,2.6171e-007
17202,7.5699e-007
17203,5.8523e-007
17204,7.516e-007
17205,5.144e-007
17206,6.7862e-007
17207,4.8496e-007
17208,1.2111e-006
17209,1.4324e-006
17210,1.4282e-006
17211,1.7461e-006
17212,2.4422e-008
17213,3.4339e-008
17214,9.9565e-008
17215,4.3727e-008
17216,7.8641e-008
17217,1.1618e-006
17218,1.1536e-006
17219,9.5578e-007
17220,8.7324e-007
17221,8.5423e-007
17222,1.6726e-006
17223,8.8021e-007
17224,1.3534e-006
17225,1.087e-006
17226,1.5457e-006
17227,1.2471e-006
17228,9.9604e-007
17229,1.2025e-006
17230,2.7768e-007
17231,5.1294e-007
17232,8.4487e-007
17233,5.3471e-007
17234,6.1745e-007
17235,3.7315e-007
17236,1.8138e-006
17237,1.9997e-006
17238,2.0259e-006
17239,1.905e-006
17240,2.389e-006
17241,3.3451e-007
17242,5.3049e-008
17243,8.0224e-008
17244,2.304e-007
17245,1.6091e-007
17246,2.0116e-007
17247,7.5719e-007
17248,4.7839e-007
17249,6.6822e-007
17250,4.1371e-007
17251,6.583e-007
17252,5.8464e-007
17253,4.0538e-007
17254,1.2107e-006
17255,1.6657e-006
17256,1.4378e-006
17257,1.6979e-006
17258,1.3261e-006
17259,1.5843e-006
17260,1.9399e-008
17261,1.0488e-007
17262,3.9774e-008
17263,1.167e-006
17264,8.6237e-007
17265,8.4707e-007
17266,1.0638e-006
17267,9.706e-007
17268,2.0893e-007
17269,1.5923e-007
17270,1.6198e-007
17271,1.2721e-007
17272,3.0424e-007
17273,2.1234e-007
17274,2.1432e-007
17275,3.1068e-007
17276,2.6094e-007
17277,3.994e-007
17278,4.3653e-007
17279,4.858e-007
17280,4.5137e-007
17281,2.2209e-007
17282,3.7249e-007
17283,3.5522e-007
17284,3.7936e-007
17285,3.022e-007
17286,2.9334e-007
17287,1.5522e-007
17288,9.6364e-008
17289,1.855e-007
17290,1.998e-007
17291,2.5098e-007
17292,1.9804e-007
17293,3.9698e-007
17294,3.6918e-007
17295,3.881e-007
17296,3.1299e-007
17297,3.8369e-007
17298,2.9521e-007
17299,1.6135e-007
17300,1.5292e-007
17301,1.4012e-007
17302,1.5318e-007
17303,2.3712e-007
17304,1.9461e-007
17305,1.0356e-007
17306,5.7847e-008
17307,2.0062e-007
17308,1.5023e-007
17309,1.5051e-007
17310,5.0987e-007
17311,4.6785e-007
17312,4.6942e-007
17313,1.0953e-007
17314,1.1527e-007
17315,1.5191e-007
17316,2.7548e-006
17317,4.4503e-006
17318,3.2353e-006
17319,2.8293e-006
17320,3.1486e-006
17321,2.604e-006
17322,2.7894e-006
17323,1.7804e-006
17324,2.0952e-006
17325,2.5365e-006
17326,2.0027e-006
17327,1.5087e-006
17328,1.3535e-006
17329,1.7187e-006
17330,1.2307e-006
17331,1.6369e-006
17332,1.4145e-006
17333,3.1859e-006
17334,2.3407e-006
17335,1.9518e-006
17336,2.0074e-006
17337,2.2828e-006
17338,2.0459e-006
17339,2.3161e-006
17340,2.7371e-006
17341,3.2517e-006
17342,4.4324e-006
17343,6.31e-006
17344,3.5805e-006
17345,3.6612e-006
17346,2.0261e-006
17347,2.3642e-006
17348,2.8156e-006
17349,2.0131e-006
17350,2.1373e-006
17351,2.7928e-006
17352,1.6353e-006
17353,1.4401e-006
17354,1.9367e-006
17355,1.681e-006
17356,1.3937e-006
17357,1.6052e-006
17358,1.5007e-006
17359,1.7415e-006
17360,1.5324e-006
17361,1.238e-006
17362,1.2401e-006
17363,1.3559e-006
17364,2.2067e-006
17365,1.8851e-006
17366,1.6139e-006
17367,2.0507e-006
17368,2.2585e-006
17369,1.624e-006
17370,1.6829e-006
17371,1.5589e-006
17372,1.9276e-006
17373,1.896e-006
17374,1.5234e-006
17375,1.8347e-006
17376,1.8154e-006
17377,1.4837e-006
17378,1.428e-006
17379,1.8753e-006
17380,1.3415e-006
17381,1.5061e-006
17382,1.3044e-006
17383,1.6969e-006
17384,1.4766e-006
17385,2.0061e-006
17386,1.2557e-006
17387,1.3164e-006
17388,1.4235e-006
17389,1.3264e-006
17390,1.1779e-006
17391,1.3227e-006
17392,9.1804e-007
17393,8.5761e-007
17394,1.438e-006
17395,8.1106e-007
17396,1.0234e-006
17397,8.6075e-007
17398,1.1283e-006
17399,9.5826e-007
17400,1.1645e-006
17401,9.1474e-007
17402,7.2009e-007
17403,1.7377e-006
17404,1.3108e-006
17405,1.4518e-006
17406,1.146e-006
17407,1.389e-006
17408,1.5549e-006
17409,1.2686e-006
17410,1.5215e-006
17411,1.414e-006
17412,1.3083e-006
17413,1.7098e-006
17414,1.7654e-006
17415,1.86e-006
17416,5.2463e-007
17417,3.7307e-007
17418,1.6497e-007
17419,2.4807e-007
17420,2.9255e-007
17421,5.0508e-007
17422,2.8422e-007
17423,3.9907e-007
17424,4.7245e-007
17425,3.7571e-007
17426,3.1983e-007
17427,5.8917e-007
17428,5.0476e-007
17429,3.866e-007
17430,2.5088e-007
17431,4.0737e-007
17432,3.0637e-007
17433,2.7018e-007
17434,5.4637e-007
17435,2.5636e-007
17436,1.2522e-007
17437,3.7437e-007
17438,2.7802e-007
17439,3.3553e-007
17440,5.6102e-007
17441,2.193e-007
17442,4.084e-007
17443,4.342e-007
17444,1.2824e-006
17445,1.7518e-006
17446,1.9517e-006
17447,1.6337e-006
17448,1.4074e-006
17449,1.3481e-006
17450,1.1943e-006
17451,1.289e-006
17452,1.2389e-006
17453,1.4151e-006
17454,1.3278e-006
17455,1.2002e-006
17456,1.4283e-006
17457,2.0706e-006
17458,1.549e-006
17459,1.6761e-006
17460,1.5125e-006
17461,1.9273e-006
17462,2.1356e-006
17463,1.6574e-006
17464,2.4543e-006
17465,1.773e-006
17466,1.7625e-006
17467,1.5774e-006
17468,1.9571e-006
17469,1.7469e-006
17470,1.4945e-006
17471,2.1591e-006
17472,2.078e-006
17473,1.7899e-006
17474,2.6284e-006
17475,4.729e-007
17476,4.3282e-007
17477,1.8647e-007
17478,7.0929e-007
17479,5.3768e-007
17480,4.6754e-007
17481,3.6828e-007
17482,3.1757e-007
17483,3.5115e-007
17484,3.1124e-007
17485,4.2727e-007
17486,6.2419e-007
17487,4.8909e-007
17488,4.5821e-007
17489,2.9252e-007
17490,6.3782e-007
17491,9.2028e-007
17492,1.0619e-006
17493,6.866e-007
17494,6.6139e-007
17495,6.911e-007
17496,9.8421e-007
17497,6.724e-007
17498,7.9513e-007
17499,8.8464e-007
17500,7.6764e-007
17501,5.4728e-007
17502,5.2797e-007
17503,8.8808e-007
17504,7.3105e-007
17505,5.9462e-007
17506,8.9508e-007
17507,4.5678e-007
17508,2.4179e-007
17509,2.5596e-007
17510,3.5802e-007
17511,3.7938e-007
17512,3.262e-007
17513,4.0571e-007
17514,3.6102e-007
17515,4.5057e-007
17516,3.0926e-007
17517,4.4632e-007
17518,2.924e-007
17519,2.2239e-007
17520,9.953e-007
17521,8.7544e-007
17522,6.0347e-007
17523,1.1954e-006
17524,7.542e-007
17525,6.6746e-007
17526,9.6404e-007
17527,8.409e-007
17528,1.1475e-006
17529,1.0738e-006
17530,8.7216e-007
17531,8.092e-007
17532,7.5448e-007
17533,1.0319e-006
17534,1.2481e-006
17535,9.7886e-007
17536,8.291e-007
17537,1.1103e-006
17538,1.041e-006
17539,8.4263e-007
17540,1.0606e-006
17541,7.7286e-007
17542,1.017e-006
17543,8.646e-007
17544,8.9636e-007
17545,9.5757e-007
17546,1.079e-006
17547,7.5255e-007
17548,1.0303e-006
17549,6.0289e-007
17550,5.7399e-007
17551,6.6021e-007
17552,7.9656e-007
17553,8.2238e-007
17554,7.8755e-007
17555,1.2612e-006
17556,7.0287e-007
17557,9.4883e-007
17558,6.2152e-007
17559,1.6106e-006
17560,2.3284e-006
17561,2.0362e-006
17562,2.3532e-006
17563,1.6494e-006
17564,1.7926e-006
17565,1.5885e-006
17566,1.749e-006
17567,1.8434e-006
17568,1.779e-006
17569,2.2391e-006
17570,2.0741e-006
17571,1.877e-006
17572,9.0816e-007
17573,1.2741e-006
17574,1.2863e-006
17575,1.0311e-006
17576,1.2239e-006
17577,1.2228e-006
17578,1.0047e-006
17579,8.3359e-007
17580,1.0512e-006
17581,9.6848e-007
17582,1.0249e-006
17583,1.1034e-006
17584,1.1535e-006
17585,8.394e-007
17586,1.4314e-006
17587,3.3749e-007
17588,1.3139e-007
17589,2.7102e-007
17590,1.5574e-007
17591,2.4144e-007
17592,3.1308e-007
17593,3.5506e-007
17594,2.8058e-007
17595,3.2381e-007
17596,2.5135e-007
17597,2.1037e-007
17598,2.8851e-007
17599,2.6536e-006
17600,2.2872e-006
17601,2.1342e-006
17602,2.0201e-006
17603,2.4694e-006
17604,1.9277e-006
17605,1.8798e-006
17606,2.1083e-006
17607,2.3415e-006
17608,1.7251e-006
17609,1.8083e-006
17610,1.9433e-006
17611,2.1079e-006
17612,1.6122e-007
17613,1.4218e-007
17614,1.6307e-007
17615,2.5663e-007
17616,2.5501e-007
17617,2.8373e-007
17618,2.3883e-007
17619,3.073e-007
17620,2.9928e-007
17621,2.7055e-007
17622,1.4871e-007
17623,1.5569e-006
17624,1.6794e-006
17625,1.2238e-006
17626,1.6851e-006
17627,1.2604e-006
17628,1.4521e-006
17629,1.1332e-006
17630,1.3254e-006
17631,1.9963e-006
17632,1.4678e-006
17633,1.6559e-006
17634,5.4698e-007
17635,2.7219e-007
17636,2.5837e-007
17637,3.9358e-007
17638,4.0472e-007
17639,4.4735e-007
17640,4.8658e-007
17641,3.8517e-007
17642,4.849e-007
17643,2.267e-007
17644,3.4157e-007
17645,5.3941e-007
17646,4.6056e-007
17647,3.1221e-007
17648,3.0146e-007
17649,1.9917e-007
17650,1.521e-007
17651,3.2489e-007
17652,2.1941e-007
17653,3.4787e-007
17654,3.0836e-007
17655,2.798e-007
17656,2.5983e-007
17657,3.414e-007
17658,3.2314e-007
17659,3.4355e-007
17660,2.001e-007
17661,2.8005e-007
17662,1.1328e-006
17663,1.1617e-006
17664,6.6811e-007
17665,7.4546e-007
17666,9.6208e-007
17667,7.7632e-007
17668,7.9315e-007
17669,5.5941e-007
17670,6.7885e-007
17671,8.5784e-007
17672,7.1114e-007
17673,1.2725e-006
17674,9.4262e-007
17675,6.2665e-007
17676,7.6259e-007
17677,2.0538e-007
17678,1.2422e-007
17679,1.6653e-007
17680,2.3768e-007
17681,1.3016e-007
17682,2.701e-007
17683,2.903e-007
17684,2.5094e-007
17685,3.0564e-007
17686,2.5887e-007
17687,2.8839e-007
17688,3.0315e-007
17689,2.0944e-007
17690,1.236e-007
17691,2.3267e-007
17692,1.9358e-007
17693,3.0621e-007
17694,3.1851e-007
17695,2.7236e-007
17696,1.6255e-007
17697,2.6878e-007
17698,2.2299e-007
17699,2.7779e-007
17700,1.5968e-007
17701,2.0056e-007
17702,1.6211e-006
17703,1.2733e-006
17704,1.2514e-006
17705,1.8308e-006
17706,1.5833e-006
17707,1.2034e-006
17708,1.3996e-006
17709,1.2509e-006
17710,1.471e-006
17711,1.246e-006
17712,1.172e-006
17713,1.1549e-006
17714,1.8434e-006
17715,1.69e-006
17716,1.336e-006
17717,1.4521e-006
17718,1.6313e-006
17719,2.3187e-006
17720,2.171e-006
17721,1.8886e-006
17722,1.5428e-006
17723,1.5551e-006
17724,1.7174e-006
17725,1.6399e-006
17726,1.933e-006
17727,1.8084e-006
17728,2.1076e-006
17729,1.484e-006
17730,1.898e-006
17731,1.854e-006
17732,4.1577e-007
17733,4.9241e-007
17734,4.2139e-007
17735,3.1203e-007
17736,2.8436e-007
17737,4.7981e-007
17738,3.8804e-007
17739,4.1298e-007
17740,4.46e-007
17741,4.3601e-007
17742,3.7986e-007
17743,1.8334e-006
17744,1.6213e-006
17745,2.0204e-006
17746,2.372e-006
17747,1.5666e-006
17748,1.5909e-006
17749,1.6768e-006
17750,1.9694e-006
17751,1.7511e-006
17752,2.2223e-006
17753,1.7581e-006
17754,1.8094e-006
17755,1.6238e-006
17756,5.418e-007
17757,1.0419e-006
17758,9.443e-007
17759,1.0837e-006
17760,5.4246e-007
17761,6.5084e-007
17762,7.6853e-007
17763,8.068e-007
17764,7.881e-007
17765,6.1383e-007
17766,6.2731e-007
17767,6.9246e-007
17768,8.5878e-007
17769,1.8823e-006
17770,1.6095e-006
17771,1.7009e-006
17772,2.0359e-006
17773,1.5417e-006
17774,1.4328e-006
17775,1.5223e-006
17776,1.7277e-006
17777,2.0528e-006
17778,1.5489e-006
17779,1.6489e-006
17780,1.8802e-006
17781,2.3533e-006
17782,1.8407e-006
17783,1.5989e-006
17784,2.4341e-006
17785,2.0681e-006
17786,1.9042e-006
17787,2.0223e-006
17788,1.6884e-006
17789,1.9132e-006
17790,2.0695e-006
17791,1.74e-006
17792,1.6016e-006
17793,1.609e-006
17794,2.4181e-006
17795,1.1051e-006
17796,1.9098e-006
17797,1.6927e-006
17798,2.1416e-006
17799,1.2329e-006
17800,1.2928e-006
17801,1.2855e-006
17802,1.4732e-006
17803,1.5364e-006
17804,1.1751e-006
17805,1.5172e-006
17806,1.2589e-006
17807,1.1134e-006
17808,1.5602e-006
17809,1.7639e-006
17810,1.8218e-006
17811,1.4806e-006
17812,2.1367e-006
17813,2.1608e-006
17814,1.7744e-006
17815,1.8659e-006
17816,1.8745e-006
17817,1.5097e-006
17818,1.6529e-006
17819,1.798e-006
17820,1.6514e-006
17821,1.5424e-006
17822,2.0101e-006
17823,1.7415e-006
17824,2.2982e-006
17825,2.9488e-007
17826,1.2421e-007
17827,1.7465e-007
17828,1.7662e-007
17829,3.0935e-007
17830,2.7971e-007
17831,2.1655e-007
17832,2.8491e-007
17833,2.6017e-007
17834,3.0124e-007
17835,2.1429e-007
17836,1.7517e-007
17837,1.5027e-007
17838,2.195e-007
17839,1.4324e-007
17840,2.805e-007
17841,3.2522e-007
17842,3.27e-007
17843,2.756e-007
17844,2.1597e-007
17845,2.6088e-007
17846,2.673e-007
17847,2.7908e-007
17848,1.3217e-006
17849,1.3049e-006
17850,1.0996e-006
17851,1.4878e-006
17852,1.0937e-006
17853,1.3652e-006
17854,1.1084e-006
17855,1.002e-006
17856,1.2839e-006
17857,1.252e-006
17858,1.2046e-006
17859,1.162e-006
17860,1.239e-006
17861,1.0756e-006
17862,1.1913e-006
17863,8.3958e-007
17864,8.4841e-007
17865,1.053e-006
17866,9.1064e-007
17867,8.9269e-007
17868,8.1012e-007
17869,9.9037e-007
17870,1.1813e-006
17871,4.118e-007
17872,5.5403e-007
17873,3.3397e-007
17874,5.3122e-007
17875,2.1855e-007
17876,4.9084e-007
17877,5.1048e-007
17878,4.5371e-007
17879,3.5702e-007
17880,4.0313e-007
17881,5.1632e-007
17882,3.031e-007
17883,1.6082e-007
17884,1.5776e-007
17885,1.5942e-007
17886,1.4203e-007
17887,3.041e-007
17888,2.5535e-007
17889,3.0646e-007
17890,2.9822e-007
17891,2.2079e-007
17892,3.1074e-007
17893,3.1133e-007
17894,2.4231e-007
17895,2.9782e-007
17896,2.5542e-007
17897,1.2806e-007
17898,2.515e-007
17899,1.2853e-007
17900,1.5329e-007
17901,2.7454e-007
17902,3.2239e-007
17903,2.2499e-007
17904,3.0995e-007
17905,3.1959e-007
17906,2.7578e-007
17907,3.2771e-007
17908,2.533e-007
17909,2.2301e-007
17910,3.2578e-007
17911,2.2008e-007
17912,7.8525e-007
17913,9.1618e-007
17914,7.2667e-007
17915,9.1099e-007
17916,7.109e-007
17917,7.8254e-007
17918,8.012e-007
17919,9.2033e-007
17920,8.8798e-007
17921,1.0084e-006
17922,6.8584e-007
17923,8.2941e-007
17924,7.3066e-007
17925,7.8221e-007
17926,6.9321e-007
17927,7.2928e-007
17928,6.1272e-006
17929,6.528e-006
17930,6.6912e-006
17931,6.4085e-006
17932,6.9632e-006
17933,6.3402e-006
17934,6.73e-006
17935,6.4937e-006
17936,7.1476e-006
17937,4.5104e-007
17938,5.1743e-007
17939,4.4818e-007
17940,5.1121e-007
17941,4.9428e-007
17942,4.5665e-007
17943,5.1054e-007
17944,5.1376e-007
17945,3.4134e-007
17946,3.5872e-007
17947,3.7634e-007
17948,4.4403e-007
17949,7.7718e-006
17950,7.3331e-006
17951,5.6785e-006
17952,6.5427e-006
17953,6.2692e-006
17954,5.433e-006
17955,5.5209e-006
17956,5.2613e-006
17957,5.7606e-006
17958,2.0421e-008
17959,4.4071e-008
17960,7.6563e-008
17961,6.4381e-008
17962,6.6317e-008
17963,2.5936e-008
17964,9.969e-008
17965,1.1354e-007
17966,1.3583e-007
17967,1.2509e-007
17968,1.2339e-007
17969,1.5019e-007
17970,1.6188e-007
17971,3.7639e-006
17972,3.6679e-006
17973,3.0616e-006
17974,3.2398e-006
17975,2.8455e-006
17976,3.1061e-006
17977,3.2336e-006
17978,2.8134e-006
17979,4.126e-006
17980,3.7774e-006
17981,4.4328e-006
17982,4.5543e-006
17983,4.5718e-007
17984,3.8442e-007
17985,3.8443e-007
17986,4.3109e-007
17987,4.2591e-007
17988,4.6135e-007
17989,3.5082e-007
17990,4.2838e-007
17991,3.2496e-007
17992,4.8986e-006
17993,6.072e-006
17994,5.1738e-006
17995,6.2137e-006
17996,3.2765e-007
17997,2.752e-007
17998,4.0186e-007
17999,3.4636e-007
18000,2.6926e-007
18001,3.6392e-007
18002,2.7083e-005
18003,3.3823e-005
18004,1.1475e-007
18005,1.8278e-007
18006,1.2525e-007
18007,1.7621e-007
18008,1.6122e-007
18009,1.5596e-007
18010,1.0879e-007
18011,1.2454e-007
18012,9.5976e-008
18013,8.9498e-006
18014,9.6049e-006
18015,8.2894e-006
18016,9.0273e-006
18017,8.0336e-006
18018,7.8104e-006
18019,1.1397e-005
18020,8.0246e-007
18021,2.4583e-007
18022,7.8106e-007
18023,3.2621e-007
18024,5.1155e-007
18025,3.5886e-007
18026,5.2647e-007
18027,6.829e-007
18028,4.5768e-007
18029,6.7336e-007
18030,7.9384e-007
18031,6.3547e-007
18032,7.4229e-007
18033,6.8444e-007
18034,6.2371e-007
18035,7.5014e-007
18036,7.3366e-007
18037,6.8541e-007
18038,6.2885e-007
18039,6.6337e-007
18040,1.1235e-006
18041,9.7791e-007
18042,9.3421e-007
18043,1.0868e-006
18044,9.8353e-007
18045,1.0238e-006
18046,8.8852e-007
18047,1.1233e-006
18048,1.1574e-006
18049,3.2903e-006
18050,3.087e-006
18051,3.6425e-006
18052,3.45e-006
18053,3.4742e-006
18054,3.7437e-006
18055,1.0161e-006
18056,8.2438e-007
18057,9.9256e-007
18058,9.0444e-007
18059,1.2326e-006
18060,1.1069e-006
18061,1.0847e-006
18062,8.8915e-007
18063,9.2374e-007
18064,1.119e-006
18065,9.9897e-007
18066,9.9506e-007
18067,4.6064e-007
18068,5.1672e-007
18069,5.3488e-007
18070,4.5112e-007
18071,6.9872e-007
18072,4.9301e-007
18073,5.6871e-007
18074,6.4936e-007
18075,6.1937e-007
18076,5.6655e-007
18077,5.4376e-006
18078,6.0267e-006
18079,5.6176e-006
18080,5.3011e-006
18081,6.0003e-006
18082,6.3339e-006
18083,4.3881e-007
18084,3.5603e-007
18085,4.7379e-007
18086,4.6941e-007
18087,4.493e-007
18088,4.7877e-007
18089,4.2179e-007
18090,4.597e-007
18091,3.5946e-007
18092,3.816e-007
18093,4.1145e-006
18094,3.6886e-006
18095,3.4504e-006
18096,3.5718e-006
18097,4.5397e-006
18098,3.348e-006
18099,3.2431e-006
18100,4.3747e-006
18101,3.8993e-006
18102,4.5992e-006
18103,3.7746e-006
18104,1.5197e-007
18105,1.0267e-007
18106,1.8969e-007
18107,1.4445e-007
18108,1.4116e-007
18109,1.4884e-007
18110,1.2602e-006
18111,1.2957e-006
18112,1.3463e-006
18113,1.7409e-006
18114,1.3461e-006
18115,1.5954e-006
18116,1.5124e-006
18117,1.1934e-006
18118,1.668e-006
18119,1.4507e-006
18120,1.304e-006
18121,1.4018e-006
18122,1.2921e-006
18123,1.4992e-006
18124,2.3464e-006
18125,2.3917e-006
18126,2.628e-006
18127,2.8932e-006
18128,2.7147e-006
18129,2.4945e-006
18130,2.5331e-006
18131,2.7928e-006
18132,2.7357e-006
18133,1.9879e-006
18134,2.6457e-006
18135,1.9452e-006
18136,1.9082e-006
18137,2.3357e-006
18138,1.9844e-006
18139,2.2408e-006
18140,2.6873e-006
18141,2.0403e-006
18142,2.3356e-006
18143,5.8608e-007
18144,5.3062e-007
18145,4.8989e-007
18146,5.871e-007
18147,5.3683e-007
18148,5.2601e-007
18149,5.29e-007
18150,5.6466e-007
18151,5.9551e-007
18152,7.8491e-008
18153,7.811e-008
18154,1.0367e-007
18155,1.4685e-007
18156,1.1777e-007
18157,9.324e-008
18158,8.1148e-008
18159,1.119e-007
18160,9.8917e-008
18161,1.8599e-007
18162,1.993e-007
18163,2.7995e-007
18164,3.4229e-007
18165,3.3498e-007
18166,2.576e-007
18167,3.1773e-007
18168,2.8797e-007
18169,2.1382e-007
18170,2.0025e-007
18171,2.7818e-007
18172,8.0509e-007
18173,7.5518e-007
18174,6.8941e-007
18175,7.3286e-007
18176,8.5618e-007
18177,6.8993e-007
18178,6.9124e-007
18179,7.9705e-007
18180,6.9489e-007
18181,6.5653e-007
18182,5.848e-006
18183,5.1952e-006
18184,5.0169e-006
18185,5.0363e-006
18186,7.3865e-006
18187,6.1754e-006
18188,6.2319e-006
18189,4.5475e-006
18190,4.0325e-006
18191,3.967e-006
18192,2.9674e-006
18193,4.9236e-006
18194,2.6803e-006
18195,2.8933e-006
18196,3.0272e-006
18197,3.4151e-006
18198,3.063e-006
18199,3.2895e-006
18200,2.8811e-006
18201,1.1732e-007
18202,1.003e-007
18203,1.2449e-007
18204,1.3365e-007
18205,1.8396e-007
18206,1.6991e-007
18207,1.2617e-007
18208,5.4219e-006
18209,4.4229e-006
18210,5.5161e-006
18211,3.67e-006
18212,3.5253e-006
18213,3.5608e-006
18214,3.4032e-006
18215,4.1662e-006
18216,3.8997e-006
18217,1.0994e-005
18218,7.9485e-006
18219,6.4452e-006
18220,6.7511e-006
18221,1.091e-005
18222,6.9442e-006
18223,5.1844e-006
18224,5.2018e-006
18225,3.5544e-006
18226,4.0879e-006
18227,4.3569e-006
18228,4.6656e-006
18229,4.0809e-006
18230,3.71e-006
18231,3.6321e-006
18232,4.1405e-006
18233,2.0245e-006
18234,1.7464e-006
18235,1.6394e-006
18236,1.7029e-006
18237,1.6023e-006
18238,2.1293e-006
18239,1.6494e-006
18240,1.8052e-006
18241,1.9925e-006
18242,1.8386e-006
18243,2.9491e-006
18244,2.7696e-006
18245,2.8043e-006
18246,2.9157e-006
18247,3.3046e-006
18248,3.303e-006
18249,2.9885e-006
18250,2.7035e-006
18251,3.1688e-006
18252,1.7838e-007
18253,1.5804e-007
18254,1.8516e-007
18255,1.3145e-007
18256,2.2691e-007
18257,1.7843e-007
18258,2.4086e-007
18259,2.1908e-007
18260,2.122e-007
18261,1.6416e-007
18262,1.7241e-007
18263,1.6413e-007
18264,1.1898e-007
18265,2.0719e-007
18266,2.1769e-007
18267,1.4714e-007
18268,1.3311e-006
18269,1.0189e-006
18270,1.0758e-006
18271,1.1329e-006
18272,1.3641e-006
18273,1.1719e-006
18274,1.0437e-006
18275,1.1968e-006
18276,3.0362e-006
18277,5.3483e-006
18278,3.0441e-006
18279,3.1225e-006
18280,4.1739e-006
18281,3.1817e-006
18282,3.3763e-006
18283,3.0813e-006
18284,4.5699e-006
18285,1.551e-007
18286,1.9559e-007
18287,2.9344e-007
18288,3.0448e-007
18289,2.7298e-007
18290,1.6374e-007
18291,1.8242e-007
18292,2.4677e-007
18293,2.3276e-007
18294,2.2507e-007
18295,1.7084e-007
18296,2.2438e-007
18297,4.3241e-006
18298,3.6678e-006
18299,3.5926e-006
18300,4.0044e-006
18301,3.296e-006
18302,3.94e-006
18303,4.0884e-006
18304,3.4633e-006
18305,3.6708e-006
18306,1.0172e-007
18307,2.6116e-007
18308,2.5182e-007
18309,3.3209e-007
18310,4.1145e-007
18311,5.7331e-007
18312,4.61e-007
18313,4.5826e-007
18314,3.2677e-007
18315,1.6688e-005
18316,1.3509e-005
18317,1.3802e-005
18318,4.5235e-006
18319,4.9857e-006
18320,4.4447e-006
18321,4.599e-006
18322,5.0357e-006
18323,5.2969e-006
18324,1.4463e-006
18325,1.8172e-006
18326,1.405e-006
18327,1.4894e-006
18328,1.7544e-006
18329,1.4474e-006
18330,1.3766e-006
18331,1.6999e-006
18332,1.4816e-006
18333,3.4395e-007
18334,3.5313e-007
18335,2.5654e-007
18336,4.121e-007
18337,2.6937e-007
18338,3.4852e-007
18339,2.4729e-007
18340,4.0897e-007
18341,3.0903e-007
18342,3.8467e-006
18343,4.671e-006
18344,3.7135e-006
18345,4.6981e-006
18346,4.1878e-006
18347,4.5326e-006
18348,3.9124e-006
18349,2.839e-006
18350,2.8175e-006
18351,3.1156e-006
18352,2.665e-006
18353,3.0643e-006
18354,3.026e-006
18355,3.2186e-006
18356,6.521e-006
18357,3.7628e-006
18358,5.6231e-006
18359,3.853e-006
18360,3.9996e-006
18361,3.5909e-006
18362,2.4097e-004
18363,2.0888e-006
18364,1.8473e-006
18365,2.0494e-006
18366,1.9004e-006
18367,1.9794e-006
18368,1.9952e-006
18369,2.3109e-006
18370,1.8083e-006
18371,2.2263e-006
18372,1.9378e-006
18373,2.306e-006
18374,2.9066e-007
18375,3.0512e-007
18376,2.785e-007
18377,2.5644e-007
18378,2.7227e-007
18379,3.3955e-007
18380,3.0682e-007
18381,2.9719e-007
18382,3.7489e-007
18383,2.7009e-007
18384,1.8936e-007
18385,2.4057e-007
18386,1.6673e-007
18387,1.231e-007
18388,2.2748e-007
18389,1.5969e-007
18390,1.9191e-007
18391,1.9025e-007
18392,1.5044e-007
18393,1.5374e-007
18394,1.3222e-007
18395,1.4883e-006
18396,1.4155e-006
18397,1.2045e-006
18398,1.3636e-006
18399,1.3243e-006
18400,1.1614e-006
18401,1.5059e-006
18402,1.5242e-006
18403,1.3168e-006
18404,1.2448e-006
18405,6.7668e-006
18406,6.0167e-006
18407,5.0648e-006
18408,5.2339e-006
18409,1.6336e-006
18410,1.5565e-006
18411,1.5566e-006
18412,1.6096e-006
18413,1.4102e-006
18414,1.7732e-006
18415,1.7638e-006
18416,1.3823e-006
18417,1.7324e-006
18418,1.7402e-006
18419,1.5158e-006
18420,1.2959e-007
18421,8.8362e-008
18422,5.4357e-008
18423,2.5908e-008
18424,1.0117e-007
18425,4.5714e-008
18426,1.0675e-007
18427,1.1611e-006
18428,9.6935e-007
18429,1.1163e-006
18430,8.9797e-007
18431,9.4121e-007
18432,1.0006e-006
18433,1.0295e-006
18434,1.1606e-006
18435,9.1767e-007
18436,9.2659e-007
18437,7.6916e-006
18438,9.396e-008
18439,5.8189e-008
18440,9.3719e-008
18441,8.8731e-008
18442,1.1482e-007
18443,5.9105e-008
18444,1.2384e-007
18445,8.0304e-008
18446,2.2105e-006
18447,2.3115e-006
18448,2.5997e-006
18449,2.4893e-006
18450,3.1503e-006
18451,2.8612e-006
18452,2.2882e-006
18453,2.9262e-006
18454,2.7084e-006
18455,2.2813e-006
18456,2.4454e-006
18457,1.5726e-006
18458,1.5191e-006
18459,1.6592e-006
18460,2.3564e-006
18461,1.7198e-006
18462,1.9892e-006
18463,1.5985e-006
18464,1.3644e-006
18465,1.3925e-006
18466,2.0816e-006
18467,9.45e-006
18468,7.8924e-006
18469,8.462e-006
18470,8.8456e-006
18471,8.4723e-006
18472,7.9003e-006
18473,8.2942e-006
18474,9.4083e-006
18475,8.7066e-006
18476,1.1578e-006
18477,1.2972e-006
18478,1.3308e-006
18479,2.0786e-007
18480,1.6185e-007
18481,1.3104e-007
18482,1.664e-007
18483,2.1495e-007
18484,1.4121e-007
18485,1.4654e-006
18486,1.5866e-006
18487,1.7364e-006
18488,1.6513e-006
18489,2.0252e-006
18490,3.2298e-006
18491,3.3178e-006
18492,3.0116e-006
18493,3.0233e-006
18494,4.2006e-006
18495,7.5744e-006
18496,4.082e-006
18497,4.1368e-006
18498,4.7533e-006
18499,5.6385e-006
18500,6.0726e-006
18501,6.0541e-006
18502,6.4398e-006
18503,5.6355e-006
18504,6.739e-006
18505,6.4658e-006
18506,5.9671e-006
18507,5.8001e-006
18508,1.4066e-006
18509,1.5484e-006
18510,1.5265e-006
18511,1.9676e-006
18512,1.6611e-007
18513,1.6167e-007
18514,2.44e-007
18515,1.8139e-007
18516,2.5077e-007
18517,2.3766e-007
18518,1.8837e-007
18519,2.6776e-007
18520,2.7781e-007
18521,1.394e-007
18522,2.2988e-007
18523,2.0291e-007
18524,1.5247e-007
18525,1.7736e-007
18526,2.7447e-007
18527,1.4265e-007
18528,2.073e-007
18529,2.2033e-007
18530,1.3581e-007
18531,4.0742e-007
18532,2.8477e-007
18533,4.2626e-007
18534,3.5735e-007
18535,3.7252e-007
18536,3.9969e-007
18537,3.0109e-007
18538,9.047e-007
18539,1.1368e-006
18540,1.3573e-006
18541,9.8913e-007
18542,1.2713e-006
18543,9.7717e-007
18544,1.2363e-006
18545,1.3145e-006
18546,1.0983e-006
18547,1.0956e-006
18548,1.4711e-006
18549,1.0515e-006
18550,8.0397e-008
18551,1.2977e-007
18552,8.8669e-008
18553,9.6147e-008
18554,1.1278e-007
18555,1.1423e-007
18556,9.232e-008
18557,8.3004e-008
18558,1.4317e-007
18559,1.268e-007
18560,1.0766e-007
18561,1.3495e-007
18562,8.4326e-008
18563,1.0053e-006
18564,8.7656e-007
18565,7.8087e-007
18566,9.9569e-007
18567,9.0674e-007
18568,8.0033e-007
18569,9.2498e-007
18570,8.4152e-007
18571,7.485e-007
18572,8.3855e-007
18573,9.2814e-007
18574,7.4005e-007
18575,5.3222e-007
18576,5.6149e-007
18577,6.2617e-007
18578,5.2406e-007
18579,4.4412e-007
18580,6.0476e-007
18581,4.1167e-007
18582,5.314e-007
18583,3.4098e-007
18584,4.4522e-007
18585,4.8341e-007
18586,4.7633e-007
18587,2.4975e-007
18588,2.5431e-007
18589,1.5561e-007
18590,1.5524e-007
18591,1.6423e-007
18592,1.701e-007
18593,2.1184e-007
18594,2.0664e-007
18595,8.4108e-006
18596,1.046e-005
18597,7.6152e-006
18598,7.6232e-006
18599,9.1384e-006
18600,7.8456e-006
18601,9.3823e-006
18602,8.3513e-006
18603,8.6051e-006
18604,1.1746e-006
18605,1.2873e-006
18606,1.0801e-006
18607,1.0931e-006
18608,1.3723e-006
18609,1.1013e-006
18610,1.1438e-006
18611,1.1902e-006
18612,5.6465e-007
18613,5.5917e-007
18614,6.3577e-007
18615,1.1283e-006
18616,4.4706e-007
18617,1.0642e-006
18618,9.4037e-007
18619,6.8694e-007
18620,9.1546e-007
18621,5.623e-007
18622,6.8867e-007
18623,4.8619e-007
18624,7.0943e-007
18625,6.2707e-007
18626,8.827e-007
18627,6.998e-007
18628,7.2303e-007
18629,2.7556e-010
18630,6.6998e-010
18631,4.6808e-014
18632,9.2719e-014
18633,1.2413e-013
18634,5.2862e-014
18635,8.2699e-013
18636,5.048e-013
18637,7.8798e-013
18638,2.6013e-004
18639,2.7955e-004
18640,5.2014e-006
18641,7.0524e-006
18642,6.2948e-006
18643,7.6935e-006
18644,5.7116e-006
18645,5.1118e-006
18646,3.1094e-004
18647,3.0369e-004
18648,2.9185e-004
18649,2.814e-006
18650,2.361e-006
18651,2.3294e-006
18652,3.235e-006
18653,2.5172e-006
18654,2.4954e-006
18655,2.6413e-006
18656,2.7557e-006
18657,3.0784e-006
18658,8.236e-007
18659,1.051e-006
18660,9.5662e-007
18661,8.4386e-007
18662,2.2084e-006
18663,1.9745e-006
18664,2.1294e-006
18665,2.1586e-006
18666,2.5701e-006
18667,2.6777e-006
18668,2.3717e-006
18669,2.6612e-006
18670,2.0997e-006
18671,3.231e-006
18672,4.0367e-006
18673,3.5097e-006
18674,3.0505e-006
18675,3.9772e-006
18676,3.2791e-006
18677,3.203e-006
18678,4.889e-006
18679,2.4621e-006
18680,2.9289e-006
18681,2.5946e-006
18682,2.9895e-006
18683,2.5073e-006
18684,3.525e-006
18685,2.7458e-006
18686,2.7592e-006
18687,1.0134e-006
18688,9.2619e-007
18689,1.2617e-006
18690,8.7455e-007
18691,9.4464e-007
18692,1.1496e-006
18693,9.7626e-007
18694,8.7709e-007
18695,9.403e-007
18696,9.4611e-007
18697,7.5808e-007
18698,7.8041e-007
18699,8.2562e-007
18700,8.1049e-007
18701,7.4545e-007
18702,8.3221e-007
18703,8.0361e-007
18704,1.5186e-006
18705,1.352e-006
18706,1.6491e-006
18707,1.3685e-006
18708,1.3297e-006
18709,1.9146e-006
18710,1.0795e-006
18711,1.2077e-006
18712,1.0113e-006
18713,9.1148e-007
18714,1.184e-006
18715,7.92e-007
18716,9.7625e-007
18717,7.138e-007
18718,1.3912e-007
18719,1.3875e-007
18720,2.4919e-007
18721,1.3916e-007
18722,2.1924e-007
18723,2.1983e-007
18724,2.1248e-007
18725,1.8874e-007
18726,6.0495e-007
18727,7.0455e-007
18728,6.7791e-007
18729,8.1247e-007
18730,6.2594e-007
18731,5.2856e-007
18732,5.5944e-007
18733,4.8629e-007
18734,7.8406e-007
18735,8.0398e-007
18736,6.1479e-007
18737,2.9209e-006
18738,2.7844e-006
18739,2.5711e-006
18740,3.4613e-006
18741,2.4309e-006
18742,2.5715e-006
18743,2.8163e-006
18744,2.6611e-006
18745,3.0595e-006
18746,7.4371e-007
18747,7.3318e-007
18748,6.9245e-007
18749,6.89e-007
18750,7.6834e-007
18751,7.4544e-007
18752,6.7155e-007
18753,8.3189e-007
18754,9.6547e-007
18755,9.1376e-007
18756,8.8493e-007
18757,9.1451e-007
18758,8.2785e-007
18759,8.8888e-007
18760,8.4641e-007
18761,9.5954e-007
18762,4.9155e-006
18763,5.7166e-006
18764,5.5399e-006
18765,4.6497e-006
18766,5.3474e-006
18767,4.9123e-006
18768,4.6572e-006
18769,4.1626e-006
18770,4.5932e-006
18771,5.0305e-006
18772,3.9868e-006
18773,5.1267e-006
18774,2.1956e-007
18775,2.558e-007
18776,2.6465e-007
18777,3.1745e-007
18778,2.9455e-007
18779,2.6452e-007
18780,1.6877e-007
18781,2.1672e-007
18782,2.0955e-007
18783,1.875e-007
18784,7.4696e-007
18785,6.4058e-007
18786,7.019e-007
18787,6.8367e-007
18788,9.8706e-007
18789,8.6466e-007
18790,1.0386e-006
18791,8.5685e-007
18792,7.7732e-007
18793,8.6328e-007
18794,8.7888e-007
18795,9.8546e-007
18796,7.9815e-007
18797,1.1578e-007
18798,1.1704e-007
18799,1.4989e-007
18800,1.6232e-007
18801,1.5081e-007
18802,1.3564e-006
18803,1.0484e-006
18804,9.1868e-007
18805,1.0883e-006
18806,1.0979e-006
18807,5.6847e-007
18808,5.6133e-007
18809,5.2436e-007
18810,5.9008e-007
18811,5.852e-007
18812,6.3265e-007
18813,9.9109e-008
18814,1.6553e-007
18815,1.5793e-007
18816,8.6239e-008
18817,1.0501e-007
18818,1.0322e-007
18819,1.6961e-007
18820,1.3213e-007
18821,7.573e-008
18822,1.5361e-007
18823,1.3915e-007
18824,8.8016e-008
18825,1.1684e-007
18826,2.4025e-004
18827,4.852e-006
18828,5.1169e-006
18829,4.5813e-006
18830,5.2462e-006
18831,4.9513e-006
18832,5.6256e-006
18833,6.4872e-013
18834,3.1088e-013
18835,4.0084e-013
18836,6.5783e-013
18837,1.4989e-006
18838,1.6412e-006
18839,1.4797e-006
18840,1.7318e-006
18841,2.1896e-006
18842,1.6314e-006
18843,5.7046e-008
18844,6.4543e-008
18845,3.1029e-008
18846,8.4329e-007
18847,9.6948e-007
18848,8.6589e-007
18849,8.0539e-007
18850,3.2529e-006
18851,2.992e-006
18852,3.2485e-006
18853,3.6925e-006
18854,3.6258e-006
18855,3.1394e-006
18856,3.7618e-006
18857,3.4681e-006
18858,6.2402e-007
18859,7.5951e-007
18860,5.7151e-007
18861,6.4509e-007
18862,7.3432e-007
18863,7.7025e-007
18864,6.1931e-007
18865,8.2755e-007
18866,6.7666e-007
18867,6.1477e-007
18868,4.7635e-007
18869,5.1105e-007
18870,3.0637e-007
18871,7.5029e-008
18872,2.0949e-006
18873,2.0596e-006
18874,1.8524e-006
18875,2.0442e-006
18876,2.0709e-006
18877,2.4749e-006
18878,2.304e-006
18879,2.3038e-006
18880,1.9785e-006
18881,2.4592e-006
18882,1.9174e-006
18883,1.5045e-007
18884,1.1096e-007
18885,1.3101e-007
18886,8.7581e-008
18887,9.0782e-008
18888,5.054e-006
18889,5.2982e-006
18890,4.7529e-006
18891,1.1084e-006
18892,8.8975e-007
18893,1.183e-006
18894,1.0413e-006
18895,9.5057e-007
18896,8.9414e-007
18897,9.4146e-007
18898,1.0328e-006
18899,1.0598e-006
18900,9.1505e-007
18901,8.5221e-007
18902,1.3245e-006
18903,9.6637e-007
18904,1.1624e-006
18905,1.0213e-006
18906,1.3046e-006
18907,1.9463e-006
18908,2.1864e-006
18909,2.1074e-006
18910,2.0921e-006
18911,2.3217e-006
18912,1.9753e-006
18913,1.9922e-006
18914,2.5628e-006
18915,2.3091e-006
18916,5.6335e-006
18917,3.4777e-006
18918,5.543e-006
18919,3.5943e-006
18920,4.0856e-006
18921,3.5074e-006
18922,3.9998e-006
18923,3.7613e-006
18924,1.2917e-006
18925,1.0824e-006
18926,1.197e-006
18927,2.7498e-006
18928,2.4075e-006
18929,3.0762e-006
18930,2.6293e-006
18931,3.3116e-006
18932,7.339e-007
18933,7.8882e-007
18934,8.2801e-007
18935,7.4184e-007
18936,8.6084e-007
18937,7.8059e-007
18938,7.3103e-007
18939,9.7924e-007
18940,1.1075e-006
18941,8.9582e-007
18942,9.0387e-007
18943,1.0005e-006
18944,9.773e-007
18945,1.2071e-006
18946,1.0879e-006
18947,9.8743e-007
18948,7.6096e-007
18949,7.1011e-007
18950,8.0609e-007
18951,8.0673e-007
18952,7.4515e-007
18953,7.3797e-007
18954,1.3015e-006
18955,1.0627e-006
18956,1.168e-006
18957,1.1605e-006
18958,1.2842e-006
18959,1.0635e-006
18960,1.1282e-006
18961,1.1211e-006
18962,8.0698e-007
18963,7.5817e-007
18964,6.9976e-007
18965,7.2796e-007
18966,8.2489e-007
18967,7.3666e-007
18968,7.0515e-007
18969,7.8817e-007
18970,1.5149e-006
18971,1.6462e-006
18972,1.2619e-006
18973,1.1823e-006
18974,1.4934e-006
18975,1.3339e-006
18976,1.5188e-006
18977,1.328e-006
18978,3.2796e-006
18979,3.191e-006
18980,2.4994e-006
18981,2.9493e-006
18982,2.9243e-006
18983,2.7321e-006
18984,2.6024e-006
18985,7.4732e-007
18986,7.2585e-007
18987,7.0105e-007
18988,8.4275e-007
18989,6.8503e-007
18990,7.2847e-007
18991,7.9225e-007
18992,7.8063e-007
18993,8.4903e-008
18994,2.0216e-007
18995,1.0486e-007
18996,1.7165e-007
18997,1.6922e-007
18998,2.0234e-007
18999,1.2816e-007
19000,1.8441e-007
19001,1.6672e-007
19002,1.592e-007
19003,7.1551e-008
19004,5.9947e-008
19005,1.3645e-007
19006,6.6422e-008
19007,1.3021e-007
19008,8.0795e-008
19009,2.1417e-007
19010,4.2826e-007
19011,3.1726e-007
19012,1.7451e-007
19013,2.6259e-007
19014,2.4195e-007
19015,1.4833e-007
19016,2.9044e-007
19017,4.7071e-007
19018,4.9117e-007
19019,5.2903e-007
19020,5.0269e-007
19021,1.4084e-007
19022,8.4168e-008
19023,7.8696e-008
19024,1.068e-007
19025,1.3805e-007
19026,1.6797e-007
19027,1.4955e-007
19028,1.2043e-007
19029,1.2362e-007
19030,1.5147e-007
19031,1.4182e-007
19032,9.3047e-008
19033,1.8793e-007
19034,2.3402e-007
19035,2.1114e-007
19036,2.2003e-007
19037,2.5074e-007
19038,8.1858e-008
19039,9.8634e-008
19040,9.3198e-008
19041,9.1963e-008
19042,8.3804e-010
19043,3.5143e-009
19044,1.4655e-007
19045,1.2375e-007
19046,1.3867e-007
19047,7.366e-008
19048,3.4669e-008
19049,2.1186e-007
19050,4.8164e-006
19051,3.3537e-006
19052,5.9015e-006
19053,3.2657e-006
19054,3.4241e-006
19055,3.5721e-006
19056,3.8003e-006
19057,4.1788e-006
19058,3.2805e-014
19059,1.4867e-014
19060,2.1185e-004
19061,2.204e-004
19062,2.2675e-004
19063,3.249e-004
19064,2.9193e-004
19065,2.9483e-004
19066,2.8651e-013
19067,5.2872e-005
19068,4.8067e-005
19069,5.5143e-005
19070,2.2597e-004
19071,2.1215e-004
19072,4.9364e-005
19073,3.4405e-006
19074,3.1561e-006
19075,3.9196e-006
19076,6.3318e-008
19077,2.8398e-008
19078,4.1892e-008
19079,1.0357e-007
19080,1.2972e-007
19081,1.004e-007
19082,1.3673e-007
19083,1.223e-007
19084,1.0181e-007
19085,9.5966e-008
19086,1.3943e-007
19087,1.3756e-007
19088,9.8041e-008
19089,9.7276e-007
19090,8.14e-007
19091,8.3835e-007
19092,9.4337e-007
19093,8.7566e-007
19094,8.4774e-007
19095,7.6313e-007
19096,7.7555e-007
19097,7.7545e-007
19098,1.3244e-006
19099,1.3401e-006
19100,1.1175e-006
19101,1.1723e-006
19102,9.9639e-007
19103,1.0772e-006
19104,1.038e-006
19105,1.2043e-006
19106,1.1195e-006
19107,3.6531e-007
19108,4.8324e-007
19109,4.6366e-007
19110,1.333e-006
19111,1.1252e-006
19112,1.3162e-006
19113,1.0723e-006
19114,1.2035e-006
19115,1.017e-006
19116,1.0924e-006
19117,1.2203e-006
19118,6.3148e-007
19119,4.3763e-007
19120,2.3828e-007
19121,7.4024e-007
19122,4.949e-007
19123,4.3523e-007
19124,6.7221e-007
19125,5.8222e-007
19126,3.7758e-007
19127,4.6349e-007
19128,2.9884e-007
19129,3.0365e-007
19130,4.2918e-007
19131,3.7724e-007
19132,4.6435e-007
19133,4.801e-007
19134,3.5283e-007
19135,1.4942e-007
19136,7.7555e-008
19137,1.7837e-007
19138,1.7991e-007
19139,1.6437e-007
19140,8.3647e-007
19141,8.357e-007
19142,9.4529e-007
19143,8.0637e-007
19144,9.0245e-007
19145,1.2392e-007
19146,1.4926e-007
19147,7.5771e-007
19148,8.1511e-007
19149,8.4257e-007
19150,9.4436e-007
19151,7.8047e-007
19152,7.7017e-007
19153,8.8808e-007
19154,7.7034e-007
19155,8.4158e-007
19156,1.9795e-007
19157,3.0322e-007
19158,2.9337e-007
19159,2.2825e-007
19160,2.7852e-007
19161,1.9036e-007
19162,2.2399e-007
19163,2.0035e-007
19164,1.5983e-007
19165,2.724e-007
19166,3.2502e-007
19167,3.1214e-007
19168,1.9062e-007
19169,2.2957e-007
19170,2.9586e-007
19171,1.9339e-007
19172,2.4778e-007
19173,2.8808e-007
19174,2.8051e-007
19175,5.9842e-007
19176,4.2736e-007
19177,5.151e-007
19178,4.5573e-007
19179,5.8318e-007
19180,5.2899e-007
19181,6.6652e-007
19182,1.2051e-007
19183,1.2614e-007
19184,1.4822e-007
19185,1.2911e-007
19186,1.9607e-007
19187,1.1244e-007
19188,1.2467e-007
19189,1.5445e-007
19190,1.7532e-007
19191,1.0653e-007
19192,1.0088e-007
19193,1.1358e-007
19194,8.2328e-008
19195,7.5082e-008
19196,1.6107e-007
19197,1.1715e-007
19198,2.0551e-007
19199,1.1492e-007
19200,1.2133e-007
19201,1.2199e-008
19202,5.0674e-009
19203,4.5204e-007
19204,4.3197e-007
19205,2.5512e-007
19206,3.1567e-007
19207,4.0027e-007
19208,4.2484e-007
19209,3.3175e-007
19210,4.0703e-007
19211,3.3569e-007
19212,3.6883e-007
19213,3.9178e-007
19214,3.3894e-007
19215,2.9435e-007
19216,3.2425e-007
19217,2.4155e-007
19218,2.7183e-007
19219,3.0117e-007
19220,2.6468e-007
19221,3.1649e-007
19222,1.0046e-007
19223,1.4988e-007
19224,9.2668e-013
19225,1.3169e-013
19226,2.6801e-013
19227,1.395e-006
19228,1.3975e-006
19229,1.2498e-006
19230,1.3093e-006
19231,1.4565e-006
19232,1.5817e-006
19233,1.3163e-006
19234,1.256e-006
19235,1.651e-006
19236,2.2277e-006
19237,1.6633e-006
19238,1.8985e-006
19239,1.7039e-006
19240,1.731e-006
19241,1.9386e-006
19242,2.2888e-006
19243,1.9312e-006
19244,2.252e-006
19245,2.3676e-006
19246,2.7874e-006
19247,2.6245e-006
19248,2.1739e-006
19249,2.2652e-006
19250,2.2644e-006
19251,2.5515e-006
19252,2.3663e-006
19253,2.2039e-006
19254,2.519e-006
19255,1.6381e-006
19256,2.2487e-006
19257,1.4544e-006
19258,1.5406e-006
19259,1.8667e-006
19260,1.6798e-006
19261,1.5288e-006
19262,2.0264e-006
19263,1.1934e-006
19264,1.0907e-006
19265,1.29e-006
19266,1.0567e-006
19267,1.3361e-006
19268,1.1357e-006
19269,1.1495e-006
19270,1.3896e-006
19271,1.538e-006
19272,1.5781e-006
19273,1.3886e-006
19274,1.4293e-006
19275,1.3738e-006
19276,1.7317e-006
19277,1.7449e-006
19278,1.8719e-006
19279,1.6557e-006
19280,1.008e-006
19281,1.4019e-006
19282,1.2146e-006
19283,1.8977e-006
19284,1.2099e-006
19285,1.2323e-006
19286,1.3335e-006
19287,1.1081e-006
19288,1.6865e-006
19289,1.3124e-006
19290,1.0417e-006
19291,9.4145e-007
19292,8.227e-007
19293,1.0451e-006
19294,9.146e-007
19295,8.5636e-007
19296,7.6022e-007
19297,8.4101e-007
19298,9.3277e-007
19299,8.2275e-007
19300,1.0539e-006
19301,1.7253e-006
19302,1.0291e-006
19303,1.5937e-006
19304,1.3632e-006
19305,1.1803e-006
19306,1.1524e-006
19307,1.1964e-006
19308,1.3095e-006
19309,1.0494e-006
19310,1.2514e-006
19311,9.1912e-007
19312,9.5362e-007
19313,1.0394e-006
19314,8.3834e-007
19315,8.5408e-007
19316,9.517e-007
19317,9.051e-007
19318,8.4931e-007
19319,8.7262e-007
19320,9.9272e-007
19321,1.7605e-006
19322,1.1182e-006
19323,1.3019e-006
19324,1.765e-006
19325,1.726e-006
19326,1.3113e-006
19327,1.4305e-006
19328,2.0312e-006
19329,1.3911e-006
19330,2.2125e-006
19331,7.6738e-007
19332,5.4091e-007
19333,6.9706e-007
19334,5.2551e-007
19335,7.3128e-007
19336,5.1427e-007
19337,8.1231e-007
19338,6.1961e-007
19339,1.0398e-006
19340,9.0857e-007
19341,9.2912e-007
19342,8.2996e-007
19343,1.0121e-006
19344,8.4612e-007
19345,9.8001e-007
19346,8.2735e-007
19347,8.307e-007
19348,8.7326e-007
19349,9.2008e-007
19350,1.1307e-006
19351,1.0323e-006
19352,1.0394e-006
19353,9.0762e-007
19354,1.0025e-006
19355,9.5399e-007
19356,9.2755e-007
19357,1.3027e-006
19358,1.3654e-006
19359,1.2004e-006
19360,1.2029e-006
19361,1.2631e-006
19362,1.4827e-006
19363,1.5342e-006
19364,1.1109e-006
19365,1.001e-006
19366,1.2609e-006
19367,1.2875e-006
19368,1.0455e-006
19369,1.047e-006
19370,1.1707e-006
19371,1.0133e-006
19372,1.1906e-006
19373,5.2398e-007
19374,6.0182e-007
19375,6.0156e-007
19376,5.5798e-007
19377,4.7797e-007
19378,5.5329e-007
19379,5.086e-007
19380,5.007e-007
19381,5.6206e-007
19382,1.052e-006
19383,5.2809e-007
19384,8.5084e-007
19385,7.9539e-007
19386,6.517e-007
19387,8.1903e-007
19388,6.4978e-007
19389,7.0286e-007
19390,5.8406e-007
19391,4.8699e-007
19392,7.849e-007
19393,8.1356e-007
19394,7.1458e-007
19395,7.247e-007
19396,7.2745e-007
19397,8.3485e-007
19398,8.5089e-007
19399,6.7894e-007
19400,7.2778e-007
19401,7.5108e-007
19402,8.3503e-007
19403,4.0329e-007
19404,3.458e-007
19405,3.7942e-007
19406,3.6594e-007
19407,3.1835e-007
19408,2.2226e-007
19409,2.7764e-007
19410,3.4214e-007
19411,2.3523e-007
19412,3.357e-007
19413,2.8354e-007
19414,3.8583e-007
19415,8.1278e-007
19416,7.2336e-007
19417,7.3145e-007
19418,6.8335e-007
19419,7.9898e-007
19420,7.3611e-007
19421,7.2191e-007
19422,6.6231e-007
19423,6.6681e-007
19424,5.1946e-007
19425,5.2611e-007
19426,5.4951e-007
19427,4.9477e-007
19428,4.1869e-007
19429,4.841e-007
19430,4.8204e-007
19431,4.6629e-007
19432,4.1653e-007
19433,4.1105e-007
19434,4.1953e-007
19435,4.2706e-007
19436,1.0925e-007
19437,2.6162e-007
19438,3.0069e-007
19439,3.3243e-007
19440,3.2893e-007
19441,2.5767e-007
19442,2.0385e-007
19443,1.5063e-007
19444,3.7523e-007
19445,1.2959e-006
19446,4.6196e-007
19447,6.554e-007
19448,8.7214e-007
19449,6.0378e-007
19450,8.5394e-007
19451,6.4729e-007
19452,8.028e-007
19453,1.2098e-006
19454,9.4854e-007
19455,9.3745e-007
19456,1.1743e-006
19457,1.0579e-006
19458,1.0681e-006
19459,9.2822e-007
19460,9.7812e-007
19461,9.0762e-007
19462,1.1847e-006
19463,1.0189e-006
19464,1.3773e-006
19465,7.8475e-007
19466,9.1072e-007
19467,7.5384e-007
19468,1.0199e-006
19469,1.2095e-006
19470,9.8831e-007
19471,7.8426e-007
19472,1.3413e-006
19473,1.2194e-006
19474,1.2126e-006
19475,1.6703e-006
19476,1.2533e-006
19477,1.3401e-006
19478,1.4328e-006
19479,1.4197e-006
19480,1.1643e-006
19481,1.5096e-006
19482,1.6904e-006
19483,2.2254e-006
19484,1.5963e-006
19485,1.776e-006
19486,1.6046e-006
19487,2.4339e-006
19488,1.5193e-006
19489,1.8365e-006
19490,2.2887e-006
19491,1.8836e-006
19492,1.7137e-006
19493,2.564e-006
19494,1.6499e-006
19495,1.8869e-006
19496,1.9366e-006
19497,2.2127e-006
19498,1.9722e-006
19499,2.7776e-006
19500,1.4844e-006
19501,1.3504e-006
19502,1.3307e-006
19503,1.6964e-006
19504,1.4199e-006
19505,1.2805e-006
19506,1.5821e-006
19507,1.3301e-006
19508,1.4693e-006
19509,1.5298e-006
19510,1.5457e-006
19511,1.7038e-006
19512,1.7045e-006
19513,1.4994e-006
19514,1.5935e-006
19515,1.8779e-006
19516,2.1069e-006
19517,1.0051e-006
19518,1.1412e-006
19519,1.1928e-006
19520,9.7638e-007
19521,1.2089e-006
19522,9.6191e-007
19523,1.1802e-006
19524,5.5476e-007
19525,5.636e-007
19526,5.9511e-007
19527,5.7108e-007
19528,5.6826e-007
19529,5.1489e-007
19530,5.1711e-007
19531,4.9008e-007
19532,5.0487e-007
19533,7.355e-007
19534,6.8992e-007
19535,1.9491e-007
19536,3.6244e-007
19537,2.9555e-007
19538,5.0204e-007
19539,3.7563e-007
19540,3.0908e-007
19541,7.9762e-008
19542,1.4149e-007
19543,1.1397e-007
19544,1.7183e-007
19545,1.461e-007
19546,1.042e-007
19547,1.3772e-007
19548,1.1094e-007
19549,6.9486e-008
19550,3.7345e-008
19551,8.6432e-008
19552,1.258e-006
19553,1.0063e-006
19554,8.445e-007
19555,9.4874e-007
19556,7.9355e-007
19557,1.0268e-006
19558,1.4392e-006
19559,1.2055e-006
19560,5.9852e-007
19561,5.7066e-007
19562,6.1551e-007
19563,5.6243e-007
19564,5.7927e-007
19565,4.9871e-007
19566,4.9693e-007
19567,5.2395e-007
19568,5.7446e-007
19569,4.8993e-007
19570,5.665e-007
19571,8.2302e-007
19572,7.9876e-007
19573,6.8577e-007
19574,7.4895e-007
19575,7.0369e-007
19576,7.4054e-007
19577,7.604e-007
19578,6.6073e-007
19579,6.8659e-007
19580,6.8857e-007
19581,3.847e-007
19582,3.7028e-007
19583,5.6079e-007
19584,5.7473e-007
19585,4.3522e-007
19586,3.8819e-007
19587,4.8098e-007
19588,7.7116e-007
19589,3.569e-007
19590,7.908e-007
19591,8.4689e-007
19592,9.4552e-007
19593,7.8584e-007
19594,8.4597e-007
19595,8.6134e-007
19596,7.3899e-007
19597,7.2219e-007
19598,8.0509e-007
19599,6.837e-007
19600,1.2943e-006
19601,1.2366e-006
19602,1.4712e-006
19603,8.25e-007
19604,1.146e-006
19605,1.0383e-006
19606,1.2313e-006
19607,6.5471e-007
19608,9.4395e-007
19609,1.0485e-006
19610,9.278e-007
19611,9.562e-007
19612,8.4325e-007
19613,8.5922e-007
19614,9.8234e-007
19615,8.4469e-007
19616,1.0001e-006
19617,9.0337e-007
19618,8.5319e-007
19619,9.2156e-007
19620,9.3146e-007
19621,1.0557e-006
19622,1.0611e-006
19623,8.7254e-007
19624,8.9979e-007
19625,1.0645e-006
19626,8.5732e-007
19627,8.9408e-007
19628,3.7666e-007
19629,5.1748e-007
19630,6.0482e-007
19631,6.5091e-007
19632,3.7426e-007
19633,8.e-007
19634,7.3039e-007
19635,7.3998e-007
19636,9.1909e-007
19637,6.6123e-007
19638,7.3245e-007
19639,7.2461e-007
19640,6.4207e-007
19641,6.7664e-007
19642,6.6366e-007
19643,5.9359e-007
19644,6.8069e-007
19645,6.1513e-007
19646,6.3087e-007
19647,6.0971e-007
19648,5.5221e-007
19649,5.9366e-007
19650,5.192e-007
19651,5.6956e-007
19652,4.8371e-007
19653,5.9847e-007
19654,5.3006e-007
19655,5.0402e-007
19656,2.3486e-007
19657,9.6353e-008
19658,1.8196e-007
19659,2.9039e-007
19660,2.4115e-007
19661,3.6225e-007
19662,2.1269e-007
19663,1.5285e-007
19664,9.7848e-008
19665,4.9684e-007
19666,4.8917e-007
19667,5.2223e-007
19668,3.5277e-007
19669,4.8829e-007
19670,4.3008e-007
19671,4.4953e-007
19672,3.8954e-007
19673,4.4717e-007
19674,3.7424e-007
19675,1.0504e-006
19676,8.9322e-007
19677,8.172e-007
19678,9.0798e-007
19679,1.0244e-006
19680,8.2663e-007
19681,9.1761e-007
19682,9.3027e-007
19683,8.1768e-007
19684,8.3007e-007
19685,5.9826e-007
19686,1.2416e-006
19687,1.1621e-006
19688,6.3551e-007
19689,4.8415e-007
19690,5.6072e-007
19691,8.6614e-007
19692,1.02e-006
19693,6.7847e-007
19694,7.7337e-007
19695,1.3215e-006
19696,1.2986e-006
19697,1.025e-006
19698,1.153e-006
19699,1.1579e-006
19700,1.0509e-006
19701,1.2529e-006
19702,1.0303e-006
19703,1.0457e-006
19704,1.1834e-006
19705,1.0978e-006
19706,1.0136e-006
19707,9.2321e-007
19708,1.1316e-006
19709,8.9065e-007
19710,9.728e-007
19711,1.0371e-006
19712,9.3574e-007
19713,1.2078e-006
19714,1.347e-006
19715,1.2713e-006
19716,1.4107e-006
19717,1.2981e-006
19718,1.2453e-006
19719,1.6921e-006
19720,1.4474e-006
19721,7.2978e-007
19722,8.4116e-007
19723,1.1276e-006
19724,1.0046e-006
19725,6.5189e-007
19726,7.4275e-007
19727,8.235e-007
19728,5.8915e-007
19729,8.4228e-007
19730,8.0247e-007
19731,9.1037e-007
19732,9.4114e-007
19733,7.4836e-007
19734,7.6065e-007
19735,7.4775e-007
19736,8.4126e-007
19737,7.4126e-007
19738,8.2261e-007
19739,7.244e-007
19740,7.805e-007
19741,7.7688e-007
19742,8.2239e-007
19743,7.3245e-007
19744,8.4565e-007
19745,7.7308e-007
19746,7.0485e-007
19747,7.4158e-007
19748,7.3228e-007
19749,8.8691e-007
19750,1.0366e-006
19751,8.1266e-007
19752,8.4132e-007
19753,8.9728e-007
19754,9.516e-007
19755,8.3117e-007
19756,7.8958e-007
19757,9.5889e-007
19758,8.3473e-007
19759,8.771e-007
19760,8.9163e-007
19761,1.0355e-006
19762,1.0195e-006
19763,7.8695e-007
19764,8.9903e-007
19765,9.5667e-007
19766,8.7086e-007
19767,8.1501e-007
19768,1.0267e-006
19769,1.7392e-006
19770,1.3991e-006
19771,1.3397e-006
19772,1.2854e-006
19773,1.061e-006
19774,1.6017e-006
19775,9.6873e-007
19776,1.2487e-006
19777,1.2081e-006
19778,1.0873e-006
19779,1.198e-006
19780,4.7889e-007
19781,5.1619e-007
19782,6.795e-007
19783,9.3922e-007
19784,6.3026e-007
19785,8.9079e-007
19786,8.0052e-007
19787,8.5107e-007
19788,8.8378e-007
19789,8.1234e-007
19790,9.244e-007
19791,9.2749e-007
19792,8.4717e-007
19793,7.8123e-007
19794,8.0077e-007
19795,7.8129e-007
19796,2.7038e-006
19797,2.743e-006
19798,1.9871e-006
19799,2.3564e-006
19800,2.1804e-006
19801,2.6132e-006
19802,3.0881e-006
19803,2.2427e-006
19804,2.4261e-006
19805,2.23e-006
19806,1.6812e-006
19807,1.6671e-006
19808,1.7373e-006
19809,1.5164e-006
19810,2.09e-006
19811,1.8165e-006
19812,2.0457e-006
19813,1.8273e-006
19814,1.7552e-006
19815,1.7454e-006
19816,1.8112e-006
19817,1.7676e-006
19818,1.8778e-006
19819,2.1434e-006
19820,2.1214e-006
19821,8.0822e-007
19822,8.4258e-007
19823,8.5215e-007
19824,9.2243e-007
19825,9.5544e-007
19826,8.9857e-007
19827,8.129e-007
19828,8.6155e-007
19829,1.2562e-006
19830,1.3788e-006
19831,1.1502e-006
19832,1.308e-006
19833,1.1391e-006
19834,1.0297e-006
19835,1.5981e-006
19836,1.1931e-006
19837,1.3818e-006
19838,1.2096e-006
19839,1.1253e-006
19840,1.283e-006
19841,1.5977e-006
19842,1.2263e-006
19843,1.4382e-006
19844,5.2148e-007
19845,4.1467e-007
19846,4.9934e-007
19847,5.0377e-007
19848,4.8679e-007
19849,4.384e-007
19850,4.7051e-007
19851,4.4442e-007
19852,3.7819e-007
19853,7.3942e-008
19854,1.4764e-007
19855,8.1833e-008
19856,1.4435e-007
19857,1.6491e-007
19858,1.0766e-007
19859,1.3697e-007
19860,1.2705e-007
19861,7.4442e-008
19862,1.1834e-007
19863,6.3342e-007
19864,6.0665e-007
19865,6.9034e-007
19866,5.802e-007
19867,6.758e-007
19868,6.2441e-007
19869,6.3629e-007
19870,6.3436e-007
19871,1.9674e-006
19872,2.0096e-006
19873,2.1437e-006
19874,1.9521e-006
19875,2.1265e-006
19876,2.3567e-006
19877,2.2747e-006
19878,2.4737e-006
19879,2.7631e-006
19880,2.5944e-006
19881,2.9688e-006
19882,2.959e-006
19883,2.8242e-006
19884,3.5202e-006
19885,2.5757e-006
19886,2.9712e-006
19887,1.6484e-006
19888,1.6268e-006
19889,1.6338e-006
19890,1.8283e-006
19891,1.8865e-006
19892,1.5655e-006
19893,1.6121e-006
19894,1.9458e-006
19895,2.2156e-006
19896,2.0878e-006
19897,2.1464e-006
19898,2.5435e-006
19899,2.1245e-006
19900,2.1869e-006
19901,2.0443e-006
19902,1.8843e-006
19903,2.2563e-006
19904,2.5733e-006
19905,2.3749e-006
19906,1.7266e-006
19907,2.0416e-006
19908,1.6644e-006
19909,1.7016e-006
19910,1.8313e-006
19911,2.0164e-006
19912,1.5544e-006
19913,1.6829e-006
19914,1.7004e-006
19915,1.9945e-006
19916,1.701e-006
19917,1.7445e-006
19918,1.8245e-006
19919,1.9495e-006
19920,2.1401e-006
19921,5.2976e-007
19922,6.2561e-007
19923,6.839e-007
19924,6.0182e-007
19925,6.7314e-007
19926,6.429e-007
19927,6.2585e-007
19928,5.0425e-007
19929,5.4176e-007
19930,6.2832e-007
19931,5.2126e-007
19932,5.9272e-007
19933,5.6387e-007
19934,5.2227e-007
19935,4.9172e-007
19936,3.9824e-007
19937,4.3925e-007
19938,4.5699e-007
19939,4.0789e-007
19940,5.0374e-007
19941,4.371e-007
19942,5.1463e-007
19943,1.1417e-007
19944,1.6448e-007
19945,1.4271e-007
19946,8.0899e-008
19947,2.146e-007
19948,1.2192e-007
19949,2.1037e-007
19950,2.345e-007
19951,1.9816e-007
19952,2.6228e-007
19953,2.3221e-007
19954,2.0145e-007
19955,7.457e-007
19956,8.1218e-007
19957,6.6175e-007
19958,7.2255e-007
19959,7.7367e-007
19960,7.0645e-007
19961,6.9856e-007
19962,6.5032e-007
19963,7.6087e-007
19964,1.3224e-006
19965,1.3314e-006
19966,1.5445e-006
19967,1.352e-006
19968,1.5603e-006
19969,1.7187e-006
19970,1.2108e-006
19971,1.3609e-006
19972,1.1298e-006
19973,1.1079e-006
19974,1.2507e-006
19975,1.1769e-006
19976,2.28e-006
19977,1.3934e-006
19978,1.4137e-006
19979,1.2989e-006
19980,2.1663e-006
19981,1.7594e-006
19982,1.8861e-006
19983,1.5015e-006
19984,1.6311e-006
19985,1.8107e-006
19986,3.3078e-007
19987,9.619e-008
19988,3.1157e-007
19989,2.3579e-007
19990,1.4576e-007
19991,2.2222e-007
19992,1.4638e-007
19993,6.3912e-007
19994,7.335e-007
19995,6.8131e-007
19996,7.6391e-007
19997,5.9398e-007
19998,6.9369e-007
19999,7.1369e-007
20000,6.2435e-007
20001,6.7283e-007
20002,7.1921e-007
20003,6.0348e-007
20004,6.5275e-007
20005,7.2612e-007
20006,6.1764e-007
20007,6.3436e-007
20008,7.2e-007
20009,6.7671e-007
20010,6.2246e-007
20011,6.7875e-007
20012,6.3123e-007
20013,5.9842e-007
20014,6.7257e-007
20015,5.6654e-007
20016,5.943e-007
20017,6.492e-007
20018,5.7781e-007
20019,6.4248e-007
20020,5.1015e-007
20021,6.4471e-007
20022,5.8562e-007
20023,5.2519e-007
20024,5.3702e-007
20025,6.0686e-007
20026,5.351e-007
20027,8.0985e-008
20028,3.443e-007
20029,1.4891e-007
20030,1.8347e-007
20031,3.2197e-007
20032,3.3862e-007
20033,1.6462e-007
20034,2.5646e-007
20035,5.7182e-007
20036,6.1344e-007
20037,5.5675e-007
20038,4.7586e-007
20039,5.0432e-007
20040,5.6744e-007
20041,4.6159e-007
20042,5.5965e-007
20043,4.8502e-007
20044,5.9412e-007
20045,4.604e-007
20046,3.9477e-007
20047,2.4511e-007
20048,2.9916e-007
20049,4.2658e-007
20050,4.015e-007
20051,3.2199e-007
20052,3.7153e-007
20053,3.6901e-007
20054,5.3154e-007
20055,5.3735e-007
20056,5.32e-007
20057,4.4737e-007
20058,4.7695e-007
20059,4.6705e-007
20060,3.9258e-007
20061,4.8005e-007
20062,4.4385e-007
20063,6.9579e-007
20064,6.3406e-007
20065,6.4109e-007
20066,7.4492e-007
20067,6.9756e-007
20068,6.8964e-007
20069,6.4375e-007
20070,6.4226e-007
20071,6.8905e-007
20072,1.0192e-007
20073,1.9488e-007
20074,1.2834e-007
20075,1.4351e-007
20076,1.9096e-007
20077,1.6587e-007
20078,1.9427e-007
20079,1.5257e-007
20080,1.2533e-007
20081,9.9852e-008
20082,7.9347e-007
20083,8.7249e-007
20084,8.6041e-007
20085,9.922e-007
20086,7.8466e-007
20087,9.8413e-007
20088,7.633e-007
20089,8.4638e-007
20090,7.6847e-007
20091,8.7134e-007
20092,1.2864e-006
20093,9.9089e-007
20094,1.2778e-006
20095,1.591e-006
20096,1.8071e-006
20097,1.2314e-006
20098,1.0182e-006
20099,1.3897e-006
20100,1.2945e-006
20101,1.0703e-006
20102,1.2735e-006
20103,1.1559e-006
20104,1.6544e-006
20105,1.6265e-006
20106,1.2979e-006
20107,1.6234e-006
20108,3.2309e-007
20109,3.2646e-007
20110,5.8087e-007
20111,4.0138e-007
20112,6.5917e-007
20113,4.6632e-007
20114,8.0266e-007
20115,4.6267e-007
20116,5.1783e-007
20117,5.8456e-007
20118,5.4782e-007
20119,5.4062e-007
20120,4.4963e-007
20121,4.6623e-007
20122,4.8283e-007
20123,4.8278e-007
20124,4.9288e-007
20125,5.3595e-007
20126,5.3092e-007
20127,3.2139e-007
20128,8.0896e-008
20129,2.6239e-007
20130,2.6281e-007
20131,1.3508e-007
20132,2.3398e-007
20133,3.5796e-007
20134,1.5799e-007
20135,3.9879e-007
20136,4.0026e-007
20137,3.2714e-007
20138,3.4789e-007
20139,3.2335e-007
20140,3.0021e-007
20141,5.9788e-007
20142,7.14e-007
20143,6.6021e-007
20144,6.5672e-007
20145,6.0623e-007
20146,7.2742e-007
20147,5.9577e-007
20148,5.9589e-007
20149,6.5785e-007
20150,6.1409e-007
20151,6.732e-007
20152,6.3001e-007
20153,6.6393e-007
20154,5.3454e-007
20155,5.8065e-007
20156,5.4069e-007
20157,6.332e-007
20158,5.8905e-007
20159,5.5994e-007
20160,1.2084e-007
20161,1.1976e-007
20162,1.3339e-007
20163,7.5592e-008
20164,1.6502e-007
20165,9.593e-008
20166,1.4933e-007
20167,4.7049e-007
20168,4.0959e-007
20169,3.0457e-007
20170,2.8586e-007
20171,1.982e-007
20172,3.4852e-007
20173,4.6946e-007
20174,2.9315e-007
20175,6.5732e-007
20176,5.6872e-007
20177,6.2121e-007
20178,6.4926e-007
20179,5.0278e-007
20180,5.7248e-007
20181,6.2174e-007
20182,5.8823e-007
20183,5.3418e-007
20184,5.209e-007
20185,6.0889e-007
20186,6.4542e-007
20187,7.1302e-007
20188,7.7916e-007
20189,6.5958e-007
20190,7.8212e-007
20191,7.1851e-007
20192,6.4275e-007
20193,7.1065e-007
20194,6.5979e-007
20195,1.0301e-006
20196,1.0585e-006
20197,1.1108e-006
20198,1.1467e-006
20199,1.0239e-006
20200,1.2762e-006
20201,1.1312e-006
20202,1.2338e-006
20203,1.1503e-006
20204,1.0626e-006
20205,1.0838e-006
20206,1.2549e-006
20207,1.1445e-006
20208,1.6022e-006
20209,1.7486e-006
20210,1.6179e-006
20211,2.0629e-006
20212,1.6482e-006
20213,1.4368e-006
20214,1.508e-006
20215,1.8409e-006
20216,2.089e-006
20217,1.5881e-006
20218,2.2321e-006
20219,2.114e-006
20220,1.866e-006
20221,2.526e-006
20222,2.3265e-006
20223,2.2642e-006
20224,2.1467e-006
20225,2.4745e-006
20226,3.0404e-006
20227,2.237e-006
20228,1.417e-006
20229,1.2675e-006
20230,1.3745e-006
20231,1.5623e-006
20232,1.2774e-006
20233,1.4565e-006
20234,1.383e-006
20235,1.6141e-006
20236,1.293e-006
20237,1.6762e-006
20238,5.9171e-007
20239,5.5588e-007
20240,5.1487e-007
20241,5.7833e-007
20242,5.2342e-007
20243,5.2858e-007
20244,5.674e-007
20245,4.873e-007
20246,5.1024e-007
20247,4.4429e-007
20248,7.7194e-007
20249,5.2708e-007
20250,6.615e-007
20251,5.9828e-007
20252,7.6804e-007
20253,6.6989e-007
20254,5.9265e-007
20255,6.6836e-007
20256,5.5023e-007
20257,1.344e-006
20258,1.6205e-006
20259,1.5486e-006
20260,1.3477e-006
20261,1.3146e-006
20262,1.365e-006
20263,1.464e-006
20264,1.3973e-006
20265,1.4894e-006
20266,2.5917e-006
20267,1.7786e-006
20268,1.9693e-006
20269,2.0838e-006
20270,2.1709e-006
20271,1.9361e-006
20272,1.9722e-006
20273,1.0512e-006
20274,9.4369e-007
20275,9.6358e-007
20276,1.0564e-006
20277,1.0168e-006
20278,1.007e-006
20279,9.5094e-007
20280,2.8743e-006
20281,2.5571e-006
20282,2.8036e-006
20283,2.8153e-006
20284,7.6745e-007
20285,1.2447e-006
20286,1.0705e-006
20287,9.2253e-007
20288,1.0496e-006
20289,9.3567e-007
20290,1.362e-006
20291,8.2728e-007
20292,1.3521e-006
20293,8.5664e-007
20294,1.0452e-006
20295,8.9131e-007
20296,9.1036e-007
20297,8.0059e-007
20298,8.4939e-007
20299,1.507e-006
20300,1.8876e-006
20301,1.5099e-006
20302,1.7752e-006
20303,1.5721e-006
20304,1.4841e-006
20305,1.6986e-006
20306,2.0678e-006
20307,1.4882e-006
20308,1.8385e-006
20309,1.7108e-006
20310,1.633e-006
20311,1.557e-006
20312,1.6423e-006
20313,1.9887e-006
20314,2.2698e-006
20315,1.859e-006
20316,2.0921e-006
20317,2.5957e-006
20318,2.5396e-006
20319,2.2484e-006
20320,2.0597e-006
20321,1.812e-006
20322,1.0405e-006
20323,1.114e-006
20324,9.0923e-007
20325,1.173e-006
20326,9.5669e-007
20327,1.169e-006
20328,9.9385e-007
20329,9.7896e-007
20330,1.1584e-006
20331,1.0165e-006
20332,1.6135e-006
20333,1.6253e-006
20334,1.8395e-006
20335,1.635e-006
20336,1.5508e-006
20337,1.7856e-006
20338,1.869e-006
20339,1.7174e-006
20340,2.1051e-006
20341,1.9876e-006
20342,2.5583e-006
20343,2.3778e-006
20344,2.5242e-006
20345,3.1471e-006
20346,2.5798e-006
20347,3.5989e-006
20348,2.7718e-006
20349,2.9901e-006
20350,2.9502e-006
20351,1.6999e-006
20352,1.8919e-006
20353,1.7335e-006
20354,1.8296e-006
20355,1.7054e-006
20356,1.7723e-006
20357,2.1748e-006
20358,1.9752e-006
20359,2.0809e-006
20360,1.0278e-006
20361,1.2035e-006
20362,1.4285e-006
20363,1.0532e-006
20364,1.2031e-006
20365,1.2723e-006
20366,1.0637e-006
20367,1.1507e-006
20368,1.3514e-006
20369,1.3333e-006
20370,1.3767e-006
20371,1.6022e-006
20372,1.5297e-006
20373,1.3708e-006
20374,1.5235e-006
20375,1.7034e-006
20376,1.9124e-006
20377,1.815e-006
20378,1.5081e-006
20379,1.5931e-006
20380,1.463e-006
20381,1.6917e-006
20382,1.8076e-006
20383,1.5258e-006
20384,1.9939e-006
20385,1.6578e-006
20386,1.6177e-006
20387,1.0734e-006
20388,9.2892e-007
20389,9.4113e-007
20390,1.0734e-006
20391,8.924e-007
20392,8.9543e-007
20393,9.3305e-007
20394,8.6532e-007
20395,2.2717e-006
20396,1.5445e-006
20397,1.4731e-006
20398,1.6173e-006
20399,1.8076e-006
20400,1.8554e-006
20401,1.5576e-006
20402,1.4949e-006
20403,1.7332e-006
20404,1.2039e-006
20405,1.069e-006
20406,1.1309e-006
20407,9.6587e-007
20408,9.5655e-007
20409,1.1006e-006
20410,1.0024e-006
20411,9.4166e-007
20412,1.3731e-006
20413,1.2371e-006
20414,1.2614e-006
20415,1.641e-006
20416,1.2669e-006
20417,1.4395e-006
20418,1.2734e-006
20419,1.4247e-006
20420,1.4695e-006
20421,1.5719e-006
20422,1.5562e-006
20423,2.0288e-006
20424,2.1373e-006
20425,2.9858e-006
20426,2.3414e-006
20427,2.5752e-006
20428,2.005e-006
20429,2.5933e-006
20430,2.1422e-006
20431,2.3296e-006
20432,3.2499e-006
20433,2.3895e-006
20434,3.3809e-006
20435,2.7343e-006
20436,2.7477e-006
20437,1.6082e-006
20438,1.4164e-006
20439,1.2827e-006
20440,1.486e-006
20441,1.9444e-006
20442,1.6122e-006
20443,6.461e-007
20444,5.4516e-007
20445,6.0647e-007
20446,5.4414e-007
20447,6.3947e-007
20448,5.7778e-007
20449,5.7818e-007
20450,6.0131e-007
20451,4.7281e-007
20452,8.4557e-008
20453,2.0509e-007
20454,1.5365e-007
20455,2.0545e-007
20456,1.1121e-007
20457,1.6844e-007
20458,1.0012e-007
20459,1.4773e-007
20460,4.496e-007
20461,3.6333e-007
20462,4.1941e-007
20463,3.305e-007
20464,3.923e-007
20465,2.9263e-007
20466,3.5341e-007
20467,3.8489e-007
20468,4.4726e-007
20469,5.7269e-007
20470,6.2956e-007
20471,5.444e-007
20472,6.0156e-007
20473,5.8797e-007
20474,5.1073e-007
20475,5.7697e-007
20476,5.311e-007
20477,6.5741e-007
20478,7.0573e-007
20479,7.8187e-007
20480,6.7208e-007
20481,7.6205e-007
20482,6.9417e-007
20483,6.394e-007
20484,7.0249e-007
20485,6.9832e-007
20486,5.6171e-007
20487,5.7539e-007
20488,5.8349e-007
20489,5.368e-007
20490,4.4746e-007
20491,5.6963e-007
20492,5.3561e-007
20493,4.8105e-007
20494,4.9725e-007
20495,5.2565e-007
20496,5.1648e-007
20497,1.6383e-007
20498,9.3198e-008
20499,1.6043e-007
20500,1.6069e-007
20501,2.0022e-007
20502,2.1383e-007
20503,1.0642e-007
20504,1.1585e-007
20505,2.2004e-007
20506,1.8399e-007
20507,5.8754e-007
20508,6.4814e-007
20509,6.1218e-007
20510,5.2679e-007
20511,6.1077e-007
20512,5.5607e-007
20513,5.315e-007
20514,5.1852e-007
20515,5.9874e-007
20516,6.1574e-007
20517,2.2822e-007
20518,3.5572e-007
20519,4.0103e-007
20520,3.872e-007
20521,3.5223e-007
20522,3.965e-007
20523,2.7343e-007
20524,3.8869e-007
20525,2.6716e-007
20526,2.88e-007
20527,3.3689e-007
20528,3.2489e-007
20529,1.3504e-006
20530,1.154e-006
20531,1.2798e-006
20532,1.5478e-006
20533,1.4614e-006
20534,1.4305e-006
20535,1.2681e-006
20536,1.6765e-006
20537,1.122e-006
20538,1.526e-006
20539,1.1493e-006
20540,1.0464e-006
20541,1.3405e-006
20542,1.6583e-006
20543,1.7728e-006
20544,1.0787e-006
20545,9.3939e-007
20546,9.6166e-007
20547,8.5087e-007
20548,8.3879e-007
20549,1.0604e-006
20550,7.3519e-007
20551,6.7757e-007
20552,9.4234e-007
20553,8.6784e-007
20554,7.0841e-007
20555,7.5742e-007
20556,8.2471e-007
20557,7.199e-007
20558,4.3236e-007
20559,2.3612e-007
20560,1.9197e-007
20561,4.569e-007
20562,4.3997e-007
20563,4.2572e-007
20564,3.5733e-007
20565,3.3449e-007
20566,2.6387e-007
20567,2.4766e-007
20568,4.7971e-007
20569,5.403e-007
20570,5.5692e-007
20571,4.6833e-007
20572,5.2546e-007
20573,4.7237e-007
20574,4.1901e-007
20575,4.3103e-007
20576,2.042e-007
20577,8.6153e-008
20578,2.9613e-007
20579,2.7871e-007
20580,1.6546e-007
20581,2.2225e-007
20582,2.9573e-007
20583,3.1864e-007
20584,2.1829e-007
20585,5.1818e-007
20586,5.1603e-007
20587,4.5131e-007
20588,4.7671e-007
20589,4.403e-007
20590,3.6432e-007
20591,3.6259e-007
20592,4.0337e-007
20593,4.8989e-007
20594,7.3857e-007
20595,6.7818e-007
20596,7.7561e-007
20597,7.3961e-007
20598,6.4466e-007
20599,7.0695e-007
20600,6.7475e-007
20601,6.6e-007
20602,7.36e-007
20603,5.0646e-007
20604,5.1591e-007
20605,5.2281e-007
20606,3.8466e-007
20607,4.4657e-007
20608,4.697e-007
20609,4.641e-007
20610,5.0918e-007
20611,4.2043e-007
20612,4.2168e-007
20613,1.4774e-007
20614,7.5672e-008
20615,1.4908e-007
20616,1.7778e-007
20617,1.746e-007
20618,1.5947e-007
20619,9.1702e-008
20620,7.621e-008
20621,9.5577e-008
20622,1.581e-007
20623,1.4256e-007
20624,6.7169e-007
20625,6.2258e-007
20626,6.916e-007
20627,7.4421e-007
20628,6.3117e-007
20629,7.4148e-007
20630,6.6649e-007
20631,6.2209e-007
20632,6.9513e-007
20633,2.7627e-007
20634,4.0191e-007
20635,5.7458e-007
20636,4.0658e-007
20637,4.048e-007
20638,6.4871e-007
20639,4.4534e-007
20640,2.6921e-007
20641,6.0232e-007
20642,7.2994e-008
20643,1.4687e-007
20644,1.4936e-007
20645,1.9992e-007
20646,9.1804e-008
20647,1.1284e-007
20648,1.441e-007
20649,1.5683e-007
20650,1.666e-007
20651,1.4587e-007
20652,1.0852e-007
20653,5.4676e-007
20654,6.1172e-007
20655,5.6636e-007
20656,4.8125e-007
20657,5.7113e-007
20658,5.8166e-007
20659,5.0874e-007
20660,5.0653e-007
20661,5.164e-007
20662,5.9887e-007
20663,5.6309e-007
20664,6.0818e-007
20665,4.8028e-007
20666,5.7998e-007
20667,5.0698e-007
20668,5.4721e-007
20669,4.5151e-007
20670,7.e-007
20671,7.4088e-007
20672,6.3442e-007
20673,6.7388e-007
20674,6.4829e-007
20675,5.6305e-007
20676,6.6329e-007
20677,6.9296e-007
20678,6.1784e-007
20679,6.2646e-007
20680,5.8986e-007
20681,5.9247e-007
20682,5.23e-007
20683,5.3326e-007
20684,5.7687e-007
20685,6.1842e-007
20686,7.2587e-007
20687,6.6904e-007
20688,7.1329e-007
20689,6.6284e-007
20690,6.5355e-007
20691,5.976e-007
20692,6.28e-007
20693,5.7343e-007
20694,5.8772e-007
20695,5.1405e-007
20696,5.0773e-007
20697,5.6808e-007
20698,5.2381e-007
20699,7.4966e-007
20700,6.5243e-007
20701,7.6729e-007
20702,7.6138e-007
20703,7.1199e-007
20704,6.521e-007
20705,6.2678e-007
20706,6.9966e-007
20707,6.1503e-007
20708,9.275e-007
20709,8.2152e-007
20710,8.0541e-007
20711,7.1985e-007
20712,7.5112e-007
20713,8.2697e-007
20714,5.1427e-007
20715,6.1716e-007
20716,5.6405e-007
20717,5.7578e-007
20718,6.6523e-007
20719,7.9951e-007
20720,8.1343e-007
20721,7.3962e-007
20722,7.2494e-007
20723,7.4909e-007
20724,6.7768e-007
20725,6.9111e-007
20726,6.9851e-007
20727,6.0941e-007
20728,6.4282e-007
20729,6.2771e-007
20730,5.5957e-007
20731,5.773e-007
20732,6.0413e-007
20733,6.4896e-007
20734,5.835e-007
20735,5.0445e-007
20736,5.9994e-007
20737,5.9439e-007
20738,5.0894e-007
20739,6.5898e-007
20740,6.6994e-007
20741,6.7517e-007
20742,6.1186e-007
20743,5.8721e-007
20744,5.2317e-007
20745,6.1697e-007
20746,8.3501e-007
20747,8.5271e-007
20748,8.278e-007
20749,8.4813e-007
20750,7.2014e-007
20751,7.5956e-007
20752,7.5695e-007
20753,8.1928e-007
20754,5.7548e-007
20755,6.7163e-007
20756,6.5654e-007
20757,6.2674e-007
20758,6.2107e-007
20759,5.3811e-007
20760,5.6206e-007
20761,6.28e-007
20762,6.3413e-007
20763,5.731e-007
20764,5.2053e-007
20765,8.2435e-007
20766,8.0153e-007
20767,7.3491e-007
20768,7.6711e-007
20769,7.6021e-007
20770,6.9514e-007
20771,6.822e-007
20772,7.034e-007
20773,7.6773e-007
20774,6.9719e-007
20775,6.157e-007
20776,6.1505e-007
20777,6.2264e-007
20778,5.6381e-007
20779,5.2322e-007
20780,6.2261e-007
20781,5.5302e-007
20782,6.3045e-007
20783,5.7905e-007
20784,6.3616e-007
20785,6.1077e-007
20786,5.8439e-007
20787,6.6083e-007
20788,5.5318e-007
20789,6.1653e-007
20790,6.1771e-007
20791,5.645e-007
20792,6.3756e-007
20793,6.0134e-007
20794,5.9079e-007
20795,5.1618e-007
20796,5.5048e-007
20797,3.1704e-004
20798,7.6909e-007
20799,6.6358e-007
20800,7.1365e-007
20801,7.3955e-007
20802,6.3089e-007
20803,6.1905e-007
20804,6.9291e-007
20805,6.4717e-007
20806,9.6303e-007
20807,9.8996e-007
20808,8.3321e-007
20809,8.1824e-007
20810,8.7394e-007
20811,8.4138e-007
20812,7.6081e-007
20813,7.5484e-007
20814,5.7662e-007
20815,6.0604e-007
20816,5.8994e-007
20817,6.0956e-007
20818,7.1254e-007
20819,6.4818e-007
20820,7.3945e-007
20821,7.094e-007
20822,6.3579e-007
20823,6.1642e-007
20824,5.8239e-007
20825,6.383e-007
20826,6.5787e-007
20827,5.6842e-007
20828,6.9264e-007
20829,7.7059e-007
20830,7.6023e-007
20831,7.0216e-007
20832,6.444e-007
20833,6.9965e-007
20834,6.8976e-007
20835,6.2966e-007
20836,6.6172e-007
20837,5.9463e-007
20838,5.0393e-007
20839,5.4416e-007
20840,5.2552e-007
20841,5.3234e-007
20842,7.4951e-007
20843,6.4953e-007
20844,6.3563e-007
20845,6.9022e-007
20846,6.1794e-007
20847,6.9767e-007
20848,6.7446e-007
20849,7.9093e-007
20850,7.1136e-007
20851,6.363e-007
20852,7.1598e-007
20853,6.9781e-007
20854,7.0274e-007
20855,5.106e-007
20856,5.515e-007
20857,4.7968e-007
20858,4.1e-007
20859,4.5856e-007
20860,5.4261e-007
20861,5.6311e-007
20862,4.9949e-007
20863,4.4395e-007
20864,4.316e-007
20865,5.6791e-007
20866,6.9179e-007
20867,6.0133e-007
20868,6.5269e-007
20869,6.7557e-007
20870,6.1386e-007
20871,5.2658e-007
20872,5.6367e-007
20873,5.4634e-007
20874,4.1109e-007
20875,4.7926e-007
20876,4.4889e-007
20877,5.0475e-007
20878,1.2096e-006
20879,1.2747e-006
20880,1.6127e-006
20881,1.2367e-006
20882,1.3715e-006
20883,1.5326e-006
20884,1.1012e-006
20885,9.6272e-007
20886,9.6764e-007
20887,1.1088e-006
20888,9.6716e-007
20889,1.1169e-006
20890,9.581e-007
20891,9.5019e-007
20892,1.0804e-006
20893,1.1291e-006
20894,9.9142e-007
20895,1.0048e-006
20896,1.3032e-006
20897,1.1425e-006
20898,9.8205e-007
20899,1.2851e-006
20900,1.0311e-006
20901,1.3417e-006
20902,1.1749e-006
20903,1.1685e-006
20904,1.0661e-006
20905,1.3021e-006
20906,1.2308e-006
20907,1.1188e-006
20908,7.9312e-007
20909,8.6811e-007
20910,8.0145e-007
20911,7.9088e-007
20912,9.1319e-007
20913,8.0286e-007
20914,8.5909e-007
20915,7.9294e-007
20916,1.4648e-006
20917,1.3156e-006
20918,1.7227e-006
20919,1.4074e-006
20920,1.363e-006
20921,8.5304e-007
20922,8.943e-007
20923,8.4654e-007
20924,8.9938e-007
20925,7.9747e-007
20926,8.23e-007
20927,7.7472e-007
20928,7.913e-007
20929,1.0409e-006
20930,1.3479e-006
20931,1.1944e-006
20932,1.1161e-006
20933,1.0383e-006
20934,1.3487e-006
20935,1.1643e-006
20936,8.0539e-007
20937,8.8232e-007
20938,9.6712e-007
20939,7.882e-007
20940,8.6505e-007
20941,9.0247e-007
20942,8.7861e-007
20943,1.3187e-006
20944,1.2961e-006
20945,1.2197e-006
20946,1.6617e-006
20947,1.3845e-006
20948,1.296e-006
20949,1.2693e-006
20950,1.0159e-006
20951,1.262e-006
20952,1.0557e-006
20953,1.1452e-006
20954,1.0442e-006
20955,1.1482e-006
20956,1.339e-006
20957,1.4665e-006
20958,1.6828e-006
20959,1.5225e-006
20960,1.3276e-006
20961,1.3613e-006
20962,1.3481e-006
20963,1.3598e-006
20964,1.5631e-006
20965,1.3402e-006
20966,1.3079e-006
20967,1.3058e-006
20968,1.5419e-006
20969,1.6391e-006
20970,1.5192e-006
20971,1.3672e-006
20972,1.5649e-006
20973,1.417e-006
20974,1.3821e-006
20975,1.3001e-006
20976,1.4701e-006
20977,1.3801e-006
20978,1.6172e-006
20979,1.4248e-006
20980,1.2613e-006
20981,1.4317e-006
20982,1.3094e-006
20983,1.6799e-006
20984,1.359e-006
20985,1.4792e-006
20986,1.3899e-006
20987,1.3563e-006
20988,1.5598e-006
20989,1.305e-006
20990,1.0071e-006
20991,1.0973e-006
20992,1.1586e-006
20993,9.4986e-007
20994,1.0557e-006
20995,9.7304e-007
20996,9.5893e-007
20997,1.1473e-006
20998,1.2372e-006
20999,1.2183e-006
21000,1.0562e-006
21001,1.117e-006
21002,1.0731e-006
21003,1.3518e-006
21004,1.3695e-006
21005,7.969e-007
21006,7.4679e-007
21007,8.56e-007
21008,8.5922e-007
21009,7.5534e-007
21010,7.3631e-007
21011,7.9696e-007
21012,1.9925e-006
21013,1.9087e-006
21014,1.8478e-006
21015,1.8448e-006
21016,2.3986e-006
21017,2.4758e-006
21018,2.1227e-006
21019,2.1481e-006
21020,8.3289e-007
21021,7.7748e-007
21022,7.2766e-007
21023,7.0911e-007
21024,7.4981e-007
21025,7.1806e-007
21026,8.4414e-007
21027,7.7856e-007
21028,8.0896e-007
21029,7.7921e-007
21030,7.4378e-007
21031,1.1878e-006
21032,1.1942e-006
21033,1.1622e-006
21034,1.1183e-006
21035,1.1172e-006
21036,1.0796e-006
21037,1.0766e-006
21038,1.0697e-006
21039,9.4438e-007
21040,9.1524e-007
21041,1.0572e-006
21042,1.1e-006
21043,1.0563e-006
21044,1.0133e-006
21045,9.6089e-007
21046,9.3809e-007
21047,1.0093e-006
21048,8.3816e-007
21049,8.9182e-007
21050,9.588e-007
21051,9.0461e-007
21052,8.3519e-007
21053,1.0749e-006
21054,1.0759e-006
21055,1.148e-006
21056,1.313e-006
21057,1.1053e-006
21058,1.132e-006
21059,1.2333e-006
21060,1.2714e-006
21061,6.0429e-007
21062,6.8516e-007
21063,6.4218e-007
21064,6.2591e-007
21065,6.2795e-007
21066,5.7431e-007
21067,6.6789e-007
21068,5.2404e-007
21069,6.0363e-007
21070,5.8112e-007
21071,5.4003e-007
21072,5.7441e-007
21073,5.0171e-007
21074,5.1644e-007
21075,1.1651e-006
21076,9.24e-007
21077,1.0737e-006
21078,8.8754e-007
21079,1.0533e-006
21080,9.2159e-007
21081,9.022e-007
21082,1.0504e-006
21083,9.7607e-007
21084,1.2536e-006
21085,1.4189e-006
21086,1.2204e-006
21087,1.443e-006
21088,1.2535e-006
21089,1.2396e-006
21090,1.2795e-006
21091,1.6672e-006
21092,1.1194e-006
21093,1.076e-006
21094,9.9392e-007
21095,9.6339e-007
21096,1.1401e-006
21097,1.3651e-006
21098,1.5029e-006
21099,1.2243e-006
21100,1.2015e-006
21101,1.3245e-006
21102,1.1898e-006
21103,1.1128e-006
21104,1.5622e-006
21105,1.4383e-006
21106,1.3991e-006
21107,1.5502e-006
21108,1.8183e-006
21109,1.7347e-006
21110,1.7667e-006
21111,2.0293e-006
21112,1.5173e-006
21113,1.2733e-006
21114,1.2662e-006
21115,1.2531e-006
21116,1.3212e-006
21117,1.3966e-006
21118,1.0119e-006
21119,9.3009e-007
21120,9.3364e-007
21121,8.6485e-007
21122,8.6883e-007
21123,9.1765e-007
21124,9.6987e-007
21125,1.0706e-006
21126,9.5183e-007
21127,1.0322e-006
21128,9.4977e-007
21129,9.382e-007
21130,8.9892e-007
21131,1.0107e-006
21132,1.0082e-006
21133,1.1199e-006
21134,1.2074e-006
21135,1.1313e-006
21136,1.0549e-006
21137,1.0466e-006
21138,1.1198e-006
21139,1.2251e-006
21140,1.1197e-006
21141,1.2941e-006
21142,1.2135e-006
21143,1.1448e-006
21144,1.0968e-006
21145,1.2724e-006
21146,6.0123e-007
21147,6.543e-007
21148,5.7693e-007
21149,5.334e-007
21150,5.9181e-007
21151,5.2463e-007
21152,6.0723e-007
21153,5.495e-007
21154,7.0245e-007
21155,6.1905e-007
21156,7.014e-007
21157,6.3017e-007
21158,6.289e-007
21159,6.7721e-007
21160,7.8649e-007
21161,6.6449e-007
21162,7.1809e-007
21163,7.1632e-007
21164,6.6504e-007
21165,7.2367e-007
21166,8.6383e-007
21167,7.7881e-007
21168,8.5982e-007
21169,8.5221e-007
21170,7.8666e-007
21171,7.4903e-007
21172,6.7608e-007
21173,7.1231e-007
21174,7.5569e-007
21175,6.843e-007
21176,7.4656e-007
21177,6.6714e-007
21178,6.8424e-007
21179,6.6489e-007
21180,6.8464e-007
21181,8.0868e-007
21182,7.3652e-007
21183,7.1626e-007
21184,6.4186e-007
21185,6.8326e-007
21186,7.0481e-007
21187,7.5006e-007
21188,7.4562e-007
21189,5.8692e-007
21190,4.8039e-007
21191,5.9255e-007
21192,5.2896e-007
21193,5.1107e-007
21194,4.9683e-007
21195,4.712e-007
21196,5.8074e-007
21197,6.6485e-007
21198,5.3448e-007
21199,5.45e-007
21200,6.1973e-007
21201,5.8968e-007
21202,5.6073e-007
21203,6.8964e-007
21204,7.4209e-007
21205,7.2595e-007
21206,6.8734e-007
21207,7.395e-007
21208,6.3715e-007
21209,7.5002e-007
21210,6.947e-007
21211,5.9642e-007
21212,6.0949e-007
21213,5.5359e-007
21214,6.4819e-007
21215,5.6863e-007
21216,6.2392e-007
21217,6.685e-007
21218,6.0982e-007
21219,5.5595e-007
21220,5.936e-007
21221,6.1559e-007
21222,5.5165e-007
21223,5.6671e-007
21224,5.0724e-007
21225,5.9868e-007
21226,5.539e-007
21227,4.9078e-007
21228,5.3304e-007
21229,4.942e-007
21230,5.4845e-007
21231,4.9045e-007
21232,5.4812e-007
21233,4.8233e-007
21234,7.1615e-007
21235,9.1684e-007
21236,7.6689e-007
21237,7.928e-007
21238,9.0131e-007
21239,6.7444e-007
21240,7.086e-007
21241,7.1095e-007
21242,7.8828e-007
21243,6.6202e-007
21244,6.119e-007
21245,7.3341e-007
21246,7.2462e-007
21247,6.5375e-007
21248,6.01e-007
21249,6.6376e-007
21250,5.9413e-007
21251,7.0667e-007
21252,6.2487e-007
21253,5.9644e-007
21254,6.586e-007
21255,6.1721e-007
21256,6.0915e-007
21257,6.7702e-007
21258,6.5185e-007
21259,5.9769e-007
21260,6.5821e-007
21261,7.2169e-007
21262,5.9299e-007
21263,6.3313e-007
21264,5.8106e-007
21265,4.7328e-007
21266,5.1845e-007
21267,5.6401e-007
21268,5.3403e-007
21269,5.0161e-007
21270,4.9936e-007
21271,5.5682e-007
21272,4.8994e-007
21273,5.5019e-007
21274,8.48e-007
21275,9.8808e-007
21276,7.8308e-007
21277,8.6292e-007
21278,8.4415e-007
21279,7.66e-007
21280,8.3455e-007
21281,9.4068e-007
21282,7.7092e-007
21283,9.6878e-007
21284,7.6297e-007
21285,8.4493e-007
21286,7.5013e-007
21287,8.5609e-007
21288,6.1969e-007
21289,6.2047e-007
21290,6.815e-007
21291,6.8345e-007
21292,7.0577e-007
21293,6.5326e-007
21294,6.3005e-007
21295,5.5502e-007
21296,5.8748e-007
21297,6.8432e-007
21298,7.7131e-007
21299,9.4631e-007
21300,8.2725e-007
21301,8.3539e-007
21302,7.6011e-007
21303,8.3208e-007
21304,8.1319e-007
21305,9.1579e-007
21306,7.7504e-007
21307,6.4793e-007
21308,6.9512e-007
21309,7.5237e-007
21310,7.5933e-007
21311,6.9582e-007
21312,6.2977e-007
21313,6.4789e-007
21314,7.0892e-007
21315,8.4943e-007
21316,9.4729e-007
21317,8.1803e-007
21318,7.6594e-007
21319,7.9289e-007
21320,8.6868e-007
21321,8.0566e-007
21322,7.8031e-007
21323,7.5252e-007
21324,7.9103e-007
21325,7.661e-007
21326,6.0992e-007
21327,5.7697e-007
21328,6.2526e-007
21329,5.5867e-007
21330,5.0581e-007
21331,5.8936e-007
21332,5.0763e-007
21333,4.9221e-007
21334,5.6897e-007
21335,5.9032e-007
21336,5.8416e-007
21337,6.4088e-007
21338,5.2038e-007
21339,5.9575e-007
21340,5.244e-007
21341,5.9357e-007
21342,6.4082e-007
21343,4.9586e-007
21344,5.2765e-007
21345,5.8499e-007
21346,6.0092e-007
21347,5.1117e-007
21348,5.5484e-007
21349,6.4643e-007
21350,5.8722e-007
21351,5.2627e-007
21352,5.666e-007
21353,6.315e-007
21354,7.1854e-007
21355,7.0426e-007
21356,7.6764e-007
21357,6.852e-007
21358,6.6049e-007
21359,7.2285e-007
21360,6.3755e-007
21361,5.9603e-007
21362,5.357e-007
21363,5.8732e-007
21364,6.1539e-007
21365,5.2398e-007
21366,5.9196e-007
21367,5.2092e-007
21368,6.0765e-007
21369,6.4147e-007
21370,5.9707e-007
21371,5.6017e-007
21372,6.5269e-007
21373,6.1117e-007
21374,5.6103e-007
21375,5.7222e-007
21376,5.4856e-007
21377,7.8889e-007
21378,7.414e-007
21379,7.6423e-007
21380,8.5148e-007
21381,7.3141e-007
21382,8.8981e-007
21383,7.3199e-007
21384,8.2189e-007
21385,7.4096e-007
21386,7.6421e-007
21387,7.1751e-007
21388,7.6777e-007
21389,1.1614e-006
21390,1.3698e-006
21391,1.0413e-006
21392,1.19e-006
21393,1.0043e-006
21394,1.0748e-006
21395,1.2167e-006
21396,9.9695e-007
21397,1.027e-006
21398,1.0489e-006
21399,1.1399e-006
21400,1.1982e-006
21401,1.0999e-006
21402,1.3926e-006
21403,1.2496e-006
21404,1.0342e-006
21405,1.547e-006
21406,1.3984e-006
21407,1.4253e-006
21408,1.7662e-006
21409,1.716e-006
21410,1.8335e-006
21411,6.9074e-007
21412,6.1471e-007
21413,6.8477e-007
21414,5.7776e-007
21415,6.4988e-007
21416,5.7963e-007
21417,6.5553e-007
21418,6.4019e-007
21419,6.2935e-007
21420,5.8902e-007
21421,7.5548e-007
21422,7.8608e-007
21423,7.1802e-007
21424,7.0465e-007
21425,6.9812e-007
21426,7.7335e-007
21427,8.0711e-007
21428,7.7549e-007
21429,8.1644e-007
21430,7.4352e-007
21431,7.2548e-007
21432,8.0335e-007
21433,7.0194e-007
21434,7.0383e-007
21435,1.0288e-006
21436,7.8482e-007
21437,8.4508e-007
21438,8.7408e-007
21439,9.45e-007
21440,8.7252e-007
21441,5.5824e-007
21442,6.3213e-007
21443,6.2557e-007
21444,5.8608e-007
21445,5.1128e-007
21446,5.6726e-007
21447,5.8601e-007
21448,8.2023e-007
21449,7.5312e-007
21450,6.8553e-007
21451,7.3088e-007
21452,6.8819e-007
21453,7.6213e-007
21454,1.5044e-006
21455,1.6249e-006
21456,1.2763e-006
21457,1.4705e-006
21458,1.7974e-006
21459,1.5092e-006
21460,1.5519e-006
21461,1.488e-006
21462,1.3586e-006
21463,1.3704e-006
21464,1.5054e-006
21465,1.4962e-006
21466,1.3288e-006
21467,1.3322e-006
21468,1.51e-006
21469,1.3225e-006
21470,1.629e-006
21471,1.3479e-006
21472,1.5255e-006
21473,1.3741e-006
21474,1.6455e-006
21475,1.2812e-006
21476,1.6206e-006
21477,1.3203e-006
21478,1.3765e-006
21479,1.4784e-006
21480,1.467e-006
21481,1.6623e-006
21482,1.3795e-006
21483,1.3544e-006
21484,1.6089e-006
21485,1.4483e-006
21486,1.2994e-006
21487,1.4481e-006
21488,1.3879e-006
21489,1.4328e-006
21490,1.319e-006
21491,1.6091e-006
21492,1.6197e-006
21493,1.8027e-006
21494,1.9335e-006
21495,1.7454e-006
21496,1.6824e-006
21497,1.6209e-006
21498,6.0444e-007
21499,6.0192e-007
21500,6.5574e-007
21501,5.7784e-007
21502,5.8217e-007
21503,6.7295e-007
21504,6.3199e-007
21505,5.8266e-007
21506,5.7542e-007
21507,5.5377e-007
21508,5.5721e-007
21509,5.9576e-007
21510,5.2257e-007
21511,7.1518e-007
21512,7.4593e-007
21513,6.2569e-007
21514,6.776e-007
21515,6.8237e-007
21516,6.459e-007
21517,6.2067e-007
21518,6.9789e-007
21519,7.818e-007
21520,7.9261e-007
21521,7.1602e-007
21522,7.3334e-007
21523,6.7701e-007
21524,6.8994e-007
21525,7.5626e-007
21526,8.014e-007
21527,6.255e-007
21528,6.1253e-007
21529,5.5591e-007
21530,5.3749e-007
21531,5.4725e-007
21532,6.1131e-007
21533,5.677e-007
21534,5.5552e-007
21535,5.2046e-007
21536,8.9309e-007
21537,8.9636e-007
21538,7.4471e-007
21539,8.1293e-007
21540,8.3385e-007
21541,7.6275e-007
21542,8.0703e-007
21543,7.7541e-007
21544,8.8081e-007
21545,7.9712e-007
21546,8.6115e-007
21547,1.5147e-006
21548,1.5099e-006
21549,1.3408e-006
21550,1.3863e-006
21551,1.3228e-006
21552,1.5867e-006
21553,1.2768e-006
21554,1.3695e-006
21555,1.5443e-006
21556,1.2906e-006
21557,1.8866e-006
21558,1.3765e-006
21559,1.3356e-006
21560,1.2287e-006
21561,1.2652e-006
21562,1.5334e-006
21563,1.3297e-006
21564,1.6375e-006
21565,1.4629e-006
21566,1.2808e-006
21567,1.3028e-006
21568,1.4185e-006
21569,1.4323e-006
21570,1.6037e-006
21571,1.1986e-006
21572,1.6103e-006
21573,1.3451e-006
21574,1.3273e-006
21575,1.3364e-006
21576,1.3535e-006
21577,1.4644e-006
21578,1.6456e-006
21579,1.6586e-006
21580,8.0014e-007
21581,7.568e-007
21582,9.1739e-007
21583,8.3712e-007
21584,7.9098e-007
21585,1.033e-006
21586,9.481e-007
21587,7.997e-007
21588,8.3778e-007
21589,8.7366e-007
21590,7.9001e-007
21591,1.0078e-006
21592,8.7729e-007
21593,9.3279e-007
21594,8.1614e-007
21595,7.9499e-007
21596,7.7554e-007
21597,7.2784e-007
21598,6.379e-007
21599,6.3925e-007
21600,6.8978e-007
21601,6.3224e-007
21602,6.8521e-007
21603,6.5992e-007
21604,7.1666e-007
21605,7.358e-007
21606,8.2865e-007
21607,7.3838e-007
21608,8.4051e-007
21609,8.0391e-007
21610,7.8004e-007
21611,7.3911e-007
21612,7.6482e-007
21613,9.6978e-007
21614,9.7253e-007
21615,7.8832e-007
21616,8.1311e-007
21617,8.911e-007
21618,7.6643e-007
21619,8.0026e-007
21620,9.6951e-007
21621,8.5087e-007
21622,8.9948e-007
21623,7.1839e-007
21624,8.1555e-007
21625,7.3753e-007
21626,7.5242e-007
21627,7.3764e-007
21628,7.2801e-007
21629,8.2985e-007
21630,1.0474e-006
21631,1.175e-006
21632,9.2432e-007
21633,1.1346e-006
21634,9.3585e-007
21635,1.1354e-006
21636,9.1679e-007
21637,1.0211e-006
21638,9.2638e-007
21639,9.1368e-007
21640,7.8009e-007
21641,8.3479e-007
21642,9.2632e-007
21643,8.2516e-007
21644,8.2741e-007
21645,1.2481e-006
21646,1.0262e-006
21647,1.0403e-006
21648,1.2042e-006
21649,1.061e-006
21650,1.0505e-006
21651,1.3046e-006
21652,1.1962e-006
21653,1.0853e-006
21654,1.0448e-006
21655,1.1828e-006
21656,9.7031e-007
21657,5.7271e-007
21658,6.0448e-007
21659,5.8686e-007
21660,5.3599e-007
21661,5.4422e-007
21662,4.9251e-007
21663,4.2891e-007
21664,6.6626e-007
21665,6.4809e-007
21666,7.0696e-007
21667,6.1663e-007
21668,7.0007e-007
21669,7.0157e-007
21670,6.4822e-007
21671,6.3648e-007
21672,5.8375e-007
21673,7.137e-007
21674,6.2515e-007
21675,5.9956e-007
21676,6.7948e-007
21677,6.6534e-007
21678,6.0085e-007
21679,5.6461e-007
21680,5.4868e-007
21681,5.2884e-007
21682,4.6542e-007
21683,5.4969e-007
21684,4.8242e-007
21685,6.648e-007
21686,5.3402e-007
21687,6.1362e-007
21688,5.8867e-007
21689,5.4308e-007
21690,5.7909e-007
21691,7.8398e-007
21692,9.164e-007
21693,8.4824e-007
21694,7.491e-007
21695,7.3038e-007
21696,8.1864e-007
21697,7.2352e-007
21698,8.4092e-007
21699,8.0111e-007
21700,7.0595e-007
21701,7.6911e-007
21702,7.2369e-007
21703,6.3846e-007
21704,5.6532e-007
21705,5.875e-007
21706,7.4697e-007
21707,6.5303e-007
21708,6.6374e-007
21709,5.9261e-007
21710,6.7036e-007
21711,1.0641e-006
21712,1.2174e-006
21713,1.2274e-006
21714,1.1993e-006
21715,1.0875e-006
21716,1.1085e-006
21717,8.8741e-007
21718,8.3061e-007
21719,8.3694e-007
21720,9.4599e-007
21721,1.0628e-006
21722,8.3305e-007
21723,9.8622e-007
21724,8.9059e-007
21725,8.7304e-007
21726,9.6118e-007
21727,8.7563e-007
21728,1.0995e-006
21729,9.9713e-007
21730,8.5819e-007
21731,8.9156e-007
21732,9.6262e-007
21733,7.9647e-007
21734,8.1398e-007
21735,9.1912e-007
21736,8.7453e-007
21737,7.3207e-007
21738,5.8826e-007
21739,5.5932e-007
21740,6.4783e-007
21741,6.1631e-007
21742,5.7928e-007
21743,6.3929e-007
21744,6.2563e-007
21745,7.1004e-007
21746,7.689e-007
21747,6.9329e-007
21748,7.659e-007
21749,6.6605e-007
21750,7.6266e-007
21751,7.0087e-007
21752,7.0083e-007
21753,6.6295e-007
21754,6.4863e-007
21755,6.0535e-007
21756,6.7913e-007
21757,6.1601e-007
21758,6.0784e-007
21759,6.6282e-007
21760,5.9473e-007
21761,5.9571e-007
21762,5.3822e-007
21763,7.344e-007
21764,6.4109e-007
21765,6.9215e-007
21766,6.3401e-007
21767,6.824e-007
21768,3.6632e-007
21769,2.9967e-007
21770,3.3424e-007
21771,3.9753e-007
21772,3.4036e-007
21773,3.6756e-007
21774,3.9319e-007
21775,2.7949e-007
21776,3.2144e-007
21777,6.7004e-007
21778,6.2573e-007
21779,6.2291e-007
21780,5.6434e-007
21781,6.7197e-007
21782,6.4814e-007
21783,6.2377e-007
21784,6.7344e-007
21785,1.1806e-006
21786,1.2226e-006
21787,9.3464e-007
21788,1.0567e-006
21789,1.129e-006
21790,9.5127e-007
21791,1.1667e-006
21792,9.2401e-007
21793,1.2448e-006
21794,1.1683e-006
21795,1.0158e-006
21796,1.0367e-006
21797,1.254e-006
21798,1.127e-006
21799,1.3059e-006
21800,1.0389e-006
21801,1.268e-006
21802,1.3571e-006
21803,1.0736e-006
21804,1.0209e-006
21805,1.1131e-006
21806,1.0265e-006
21807,1.156e-006
21808,9.715e-007
21809,1.3371e-006
21810,1.2273e-006
21811,1.228e-006
21812,1.3599e-006
21813,1.341e-006
21814,1.3131e-006
21815,1.5792e-006
21816,1.2095e-006
21817,1.556e-006
21818,1.4213e-006
21819,1.1739e-006
21820,1.1831e-006
21821,1.2949e-006
21822,1.5386e-006
21823,1.1231e-006
21824,1.4597e-006
21825,1.0455e-006
21826,9.3539e-007
21827,1.094e-006
21828,9.258e-007
21829,1.0142e-006
21830,1.0801e-006
21831,9.8761e-007
21832,1.194e-006
21833,1.069e-006
21834,6.5711e-007
21835,6.7216e-007
21836,6.2295e-007
21837,6.1356e-007
21838,5.3746e-007
21839,6.1595e-007
21840,5.4093e-007
21841,5.4782e-007
21842,5.2857e-007
21843,5.7787e-007
21844,6.3963e-007
21845,6.0356e-007
21846,6.0859e-007
21847,6.3238e-007
21848,5.4308e-007
21849,5.9303e-007
21850,5.2874e-007
21851,5.5187e-007
21852,5.1055e-007
21853,5.6449e-007
21854,6.7033e-007
21855,7.7369e-007
21856,7.8176e-007
21857,7.0051e-007
21858,7.2319e-007
21859,6.5044e-007
21860,6.7646e-007
21861,7.7486e-007
21862,7.1664e-007
21863,6.6174e-007
21864,7.7913e-007
21865,6.9118e-007
21866,6.919e-007
21867,5.6767e-007
21868,6.1985e-007
21869,6.2235e-007
21870,6.4385e-007
21871,5.3667e-007
21872,5.2832e-007
21873,4.6618e-007
21874,4.8444e-007
21875,4.5309e-007
21876,4.2532e-007
21877,4.7273e-007
21878,7.1646e-007
21879,7.1645e-007
21880,7.9024e-007
21881,7.2973e-007
21882,8.3669e-007
21883,7.2751e-007
21884,7.916e-007
21885,8.1495e-007
21886,1.011e-006
21887,9.4405e-007
21888,8.2613e-007
21889,8.828e-007
21890,7.346e-007
21891,7.7851e-007
21892,8.2278e-007
21893,7.711e-007
21894,6.5269e-007
21895,7.1892e-007
21896,6.0516e-007
21897,6.6645e-007
21898,5.9788e-007
21899,6.6452e-007
21900,6.0986e-007
21901,6.617e-007
21902,6.6593e-007
21903,5.978e-007
21904,6.2289e-007
21905,5.5079e-007
21906,6.102e-007
21907,1.4912e-006
21908,1.2717e-006
21909,1.7644e-006
21910,1.4217e-006
21911,1.4384e-006
21912,1.299e-006
21913,1.312e-006
21914,1.6238e-006
21915,1.6937e-006
21916,1.3766e-006
21917,1.1387e-006
21918,1.1478e-006
21919,1.2095e-006
21920,1.3234e-006
21921,1.1055e-006
21922,1.473e-006
21923,1.4116e-006
21924,1.0538e-006
21925,1.277e-006
21926,1.2042e-006
21927,1.2676e-006
21928,1.5535e-006
21929,1.2795e-006
21930,1.4818e-006
21931,1.1406e-006
21932,1.0456e-006
21933,9.154e-007
21934,1.1112e-006
21935,9.0332e-007
21936,9.2248e-007
21937,8.9043e-007
21938,9.6329e-007
21939,9.3959e-007
21940,1.2289e-006
21941,9.9261e-007
21942,1.0154e-006
21943,9.408e-007
21944,8.1683e-007
21945,9.4416e-007
21946,9.9776e-007
21947,8.3518e-007
21948,8.6321e-007
21949,9.2346e-007
21950,8.1647e-007
21951,8.6276e-007
21952,7.3079e-007
21953,7.2847e-007
21954,6.6628e-007
21955,7.4695e-007
21956,6.6374e-007
21957,6.7643e-007
21958,7.3641e-007
21959,8.3847e-007
21960,9.0579e-007
21961,8.3549e-007
21962,9.2796e-007
21963,8.6827e-007
21964,8.8467e-007
21965,1.0281e-006
21966,8.4536e-007
21967,8.3281e-007
21968,9.4266e-007
21969,8.9637e-007
21970,8.4078e-007
21971,9.8332e-007
21972,1.0656e-006
21973,8.6129e-007
21974,9.8888e-007
21975,1.0796e-006
21976,1.1083e-006
21977,9.0061e-007
21978,9.7644e-007
21979,9.6099e-007
21980,8.9457e-007
21981,1.0676e-006
21982,1.1586e-006
21983,1.2044e-006
21984,1.2387e-006
21985,1.0595e-006
21986,1.2116e-006
21987,1.1581e-006
21988,1.1059e-006
21989,1.0806e-006
21990,1.381e-006
21991,1.1943e-006
21992,1.1835e-006
21993,1.2384e-006
21994,1.0716e-006
21995,1.0631e-006
21996,9.7445e-007
21997,1.072e-006
21998,9.7258e-007
21999,8.7032e-007
22000,9.6553e-007
22001,1.344e-006
22002,1.4405e-006
22003,1.3296e-006
22004,1.6972e-006
22005,1.3773e-006
22006,1.3721e-006
22007,1.6798e-006
22008,1.4184e-006
22009,1.4889e-006
22010,1.8661e-006
22011,1.6458e-006
22012,9.3887e-007
22013,9.7757e-007
22014,8.9029e-007
22015,1.0223e-006
22016,1.0376e-006
22017,8.6904e-007
22018,9.5268e-007
22019,9.1068e-007
22020,1.2266e-006
22021,1.4157e-006
22022,1.429e-006
22023,1.2068e-006
22024,1.2327e-006
22025,1.6194e-006
22026,1.1346e-006
22027,9.8105e-007
22028,1.0006e-006
22029,1.157e-006
22030,1.1025e-006
22031,9.7893e-007
22032,1.1212e-006
22033,1.0476e-006
22034,1.1993e-006
22035,1.2681e-007
22036,1.9193e-007
22037,1.8177e-007
22038,1.0712e-007
22039,1.833e-007
22040,1.7293e-007
22041,9.979e-008
22042,5.2232e-007
22043,6.0216e-007
22044,5.9034e-007
22045,5.7418e-007
22046,5.3415e-007
22047,5.3922e-007
22048,5.1372e-007
22049,4.9474e-007
22050,4.7568e-007
22051,7.2569e-007
22052,5.9941e-007
22053,6.9166e-007
22054,4.8837e-007
22055,4.5408e-007
22056,5.1476e-007
22057,7.5576e-007
22058,6.2366e-007
22059,5.7219e-007
22060,7.1752e-007
22061,7.7831e-007
22062,8.4041e-007
22063,7.8496e-007
22064,8.9148e-007
22065,8.9256e-007
22066,7.748e-007
22067,7.1364e-007
22068,7.6734e-007
22069,1.2086e-006
22070,9.8221e-007
22071,9.9397e-007
22072,1.0906e-006
22073,1.116e-006
22074,9.404e-007
22075,9.2737e-007
22076,8.5746e-007
22077,9.5768e-007
22078,9.5935e-007
22079,1.0843e-006
22080,9.1048e-007
22081,8.6101e-007
22082,8.9663e-007
22083,1.0538e-006
22084,9.559e-007
22085,9.9771e-007
22086,9.7135e-007
22087,1.1594e-006
22088,1.0453e-006
22089,1.1681e-006
22090,8.0576e-007
22091,6.8919e-007
22092,8.3696e-007
22093,6.9065e-007
22094,7.1331e-007
22095,7.4035e-007
22096,7.4031e-007
22097,4.9727e-007
22098,5.538e-007
22099,5.2898e-007
22100,3.0227e-007
22101,4.0502e-007
22102,3.4835e-007
22103,3.892e-007
22104,3.7337e-007
22105,2.9442e-007
22106,3.5124e-007
22107,3.6533e-007
22108,4.2757e-007
22109,6.851e-007
22110,6.6965e-007
22111,7.1124e-007
22112,7.6313e-007
22113,7.6851e-007
22114,8.5702e-007
22115,7.6397e-007
22116,8.6309e-007
22117,9.2328e-007
22118,7.8357e-007
22119,7.6903e-007
22120,8.5943e-007
22121,6.9292e-007
22122,6.7848e-007
22123,7.5346e-007
22124,6.9657e-007
22125,7.5371e-007
22126,7.7795e-007
22127,6.6636e-007
22128,6.3234e-007
22129,5.5546e-007
22130,6.4944e-007
22131,5.7935e-007
22132,5.9449e-007
22133,9.1514e-007
22134,1.0697e-006
22135,9.7331e-007
22136,8.9733e-007
22137,9.711e-007
22138,1.0307e-006
22139,8.683e-007
22140,8.4385e-007
22141,6.9843e-007
22142,7.7223e-007
22143,7.9389e-007
22144,6.6817e-007
22145,6.9947e-007
22146,7.0773e-007
22147,7.7212e-007
22148,7.9388e-007
22149,6.9887e-007
22150,7.292e-007
22151,6.7996e-007
22152,6.9533e-007
22153,7.629e-007
22154,7.8744e-007
22155,7.2832e-007
22156,7.5003e-007
22157,6.8981e-007
22158,9.6773e-007
22159,8.0015e-007
22160,8.8839e-007
22161,9.1552e-007
22162,8.3089e-007
22163,8.2771e-007
22164,9.2935e-007
22165,8.9172e-007
22166,1.006e-006
22167,8.5137e-007
22168,1.1064e-006
22169,1.1809e-006
22170,9.3375e-007
22171,1.0368e-006
22172,1.2478e-006
22173,1.2812e-006
22174,1.3366e-006
22175,1.028e-006
22176,1.5471e-006
22177,1.4645e-006
22178,1.2463e-006
22179,1.201e-006
22180,1.23e-006
22181,1.3083e-006
22182,8.6883e-007
22183,9.0898e-007
22184,1.0357e-006
22185,9.9763e-007
22186,1.0973e-006
22187,1.8877e-006
22188,1.5952e-006
22189,1.8178e-006
22190,1.8058e-006
22191,1.6915e-006
22192,1.7067e-006
22193,2.1354e-006
22194,2.0304e-006
22195,2.2551e-006
22196,2.2934e-006
22197,1.9341e-006
22198,2.4857e-006
22199,2.2381e-006
22200,1.9563e-006
22201,8.4796e-007
22202,8.5505e-007
22203,9.8397e-007
22204,8.3202e-007
22205,8.7054e-007
22206,4.7869e-007
22207,4.6838e-007
22208,4.6941e-007
22209,3.9793e-007
22210,3.4845e-007
22211,4.322e-007
22212,1.1071e-006
22213,1.1327e-006
22214,1.241e-006
22215,9.3852e-007
22216,9.3894e-007
22217,1.0719e-006
22218,1.043e-006
22219,1.1784e-006
22220,7.9839e-007
22221,7.4388e-007
22222,7.6503e-007
22223,8.4287e-007
22224,7.6637e-007
22225,6.5321e-007
22226,7.9909e-007
22227,7.1487e-007
22228,7.3823e-007
22229,6.7819e-007
22230,6.9928e-007
22231,5.3207e-006
22232,5.9202e-006
22233,5.0701e-006
22234,6.0891e-006
22235,5.0173e-006
22236,5.802e-006
22237,5.74e-006
22238,5.8971e-006
22239,5.4767e-006
22240,5.4021e-006
22241,5.552e-006
22242,4.8218e-006
22243,5.5949e-006
22244,5.5419e-006
22245,5.1279e-006
22246,4.7515e-006
22247,5.2943e-006
22248,7.3251e-007
22249,6.8621e-007
22250,8.2069e-007
22251,7.6572e-007
22252,7.2945e-007
22253,7.834e-007
22254,9.5606e-007
22255,9.8393e-007
22256,1.1329e-006
22257,1.0938e-006
22258,1.0288e-006
22259,1.0716e-006
22260,7.2516e-007
22261,6.9072e-007
22262,7.7649e-007
22263,6.8831e-007
22264,6.9398e-007
22265,7.6709e-007
22266,7.6649e-007
22267,5.8148e-007
22268,5.3915e-007
22269,6.2986e-007
22270,5.5402e-007
22271,4.8012e-007
22272,6.4103e-007
22273,4.8215e-007
22274,4.4881e-007
22275,4.2405e-007
22276,7.1885e-007
22277,8.626e-007
22278,6.6668e-007
22279,8.7607e-007
22280,5.9404e-007
22281,8.5009e-007
22282,8.3903e-007
22283,7.1469e-007
22284,5.7606e-007
22285,8.0189e-007
22286,8.1948e-007
22287,6.3423e-007
22288,9.052e-007
22289,1.2327e-006
22290,1.0457e-006
22291,8.5215e-007
22292,1.0865e-006
22293,1.1278e-006
22294,9.5199e-007
22295,9.7446e-007
22296,7.8083e-007
22297,8.4428e-007
22298,7.863e-007
22299,7.3772e-007
22300,5.1391e-007
22301,5.6931e-007
22302,5.3724e-007
22303,5.3655e-007
22304,3.8639e-007
22305,4.704e-007
22306,5.2473e-007
22307,5.5693e-007
22308,1.2966e-006
22309,1.3959e-006
22310,8.5613e-007
22311,9.3747e-007
22312,1.014e-006
22313,1.0729e-006
22314,1.0381e-006
22315,9.3467e-007
22316,1.2092e-006
22317,1.251e-006
22318,1.0423e-006
22319,9.9516e-007
22320,6.0377e-006
22321,5.9623e-006
22322,6.3592e-006
22323,2.402e-006
22324,2.3033e-006
22325,2.3122e-006
22326,3.4389e-006
22327,2.4532e-006
22328,2.7235e-006
22329,3.216e-006
22330,2.8279e-006
22331,2.7982e-006
22332,2.5832e-006
22333,2.1875e-006
22334,1.885e-006
22335,1.9445e-006
22336,2.0405e-006
22337,2.4495e-006
22338,2.2199e-006
22339,2.196e-006
22340,2.6659e-006
22341,2.0984e-006
22342,1.7147e-006
22343,2.1175e-006
22344,1.9021e-006
22345,1.9629e-006
22346,1.9763e-006
22347,2.4299e-006
22348,2.2336e-006
22349,1.2898e-006
22350,1.1239e-006
22351,1.0883e-006
22352,1.1201e-006
22353,1.2545e-006
22354,1.1855e-006
22355,1.0089e-006
22356,8.2524e-007
22357,9.716e-007
22358,9.1499e-007
22359,8.0248e-007
22360,7.1125e-007
22361,8.2515e-007
22362,7.4334e-007
22363,7.5117e-007
22364,1.5208e-006
22365,1.3026e-006
22366,1.7364e-006
22367,1.3439e-006
22368,1.3907e-006
22369,1.6086e-006
22370,1.1981e-006
22371,1.4148e-006
22372,1.2258e-006
22373,1.3735e-006
22374,1.7361e-006
22375,1.3477e-006
22376,1.7025e-006
22377,1.3883e-006
22378,1.4786e-006
22379,1.2544e-006
22380,9.3395e-007
22381,7.8078e-007
22382,1.2047e-006
22383,8.4429e-007
22384,8.513e-007
22385,1.0053e-006
22386,9.6082e-007
22387,1.1487e-006
22388,9.6992e-007
22389,1.0942e-006
22390,1.0806e-006
22391,2.6831e-007
22392,2.0085e-007
22393,2.3685e-007
22394,2.987e-007
22395,2.313e-007
22396,2.2008e-007
22397,2.5044e-007
22398,2.2177e-007
22399,2.8835e-007
22400,3.2111e-007
22401,2.4843e-007
22402,2.2517e-007
22403,3.1944e-007
22404,2.6925e-007
22405,3.4417e-007
22406,2.3221e-007
22407,2.0672e-006
22408,1.9102e-006
22409,1.815e-006
22410,1.972e-006
22411,2.3044e-006
22412,2.4215e-006
22413,2.2662e-006
22414,2.3111e-006
22415,1.6686e-006
22416,1.75e-006
22417,1.7607e-006
22418,1.529e-006
22419,1.581e-006
22420,1.7023e-006
22421,3.9961e-007
22422,3.4612e-007
22423,2.5889e-007
22424,3.3853e-007
22425,2.6188e-007
22426,4.5338e-007
22427,3.968e-007
22428,2.2155e-007
22429,2.6701e-007
22430,1.0909e-006
22431,9.0825e-007
22432,9.0955e-007
22433,9.7095e-007
22434,9.69e-007
22435,1.9094e-006
22436,2.4173e-006
22437,2.2801e-006
22438,2.5647e-006
22439,2.1747e-006
22440,2.2224e-006
22441,1.9916e-006
22442,1.7742e-006
22443,1.6404e-006
22444,1.4994e-006
22445,1.5399e-006
22446,1.907e-006
22447,1.4658e-006
22448,1.9644e-006
22449,1.7227e-006
22450,4.7147e-007
22451,5.4013e-007
22452,5.5045e-007
22453,5.6898e-007
22454,4.8271e-007
22455,5.1351e-007
22456,3.9975e-007
22457,4.6804e-007
22458,5.6888e-007
22459,3.8707e-007
22460,4.9676e-007
22461,7.8408e-007
22462,9.1457e-007
22463,8.3885e-007
22464,7.338e-007
22465,8.4912e-007
22466,8.8905e-007
22467,8.5891e-007
22468,6.6482e-007
22469,6.9301e-007
22470,8.0136e-007
22471,6.9793e-007
22472,7.7733e-007
22473,9.9332e-008
22474,8.8003e-008
22475,1.064e-007
22476,1.3991e-007
22477,1.3279e-007
22478,1.5727e-007
22479,6.724e-007
22480,5.7358e-007
22481,6.3385e-007
22482,5.6641e-007
22483,6.0454e-007
22484,6.3796e-007
22485,1.6126e-006
22486,1.5074e-006
22487,1.3667e-006
22488,1.9785e-006
22489,1.7428e-006
22490,1.8131e-006
22491,1.4653e-006
22492,1.3996e-006
22493,1.0911e-006
22494,1.2044e-006
22495,1.3703e-006
22496,5.7494e-007
22497,5.2596e-007
22498,5.4865e-007
22499,4.6173e-007
22500,5.5854e-007
22501,5.0192e-007
22502,5.0802e-007
22503,5.1899e-007
22504,5.106e-007
22505,1.2426e-006
22506,1.0495e-006
22507,1.1925e-006
22508,1.0678e-006
22509,1.2317e-006
22510,5.7801e-007
22511,6.2618e-007
22512,5.7152e-007
22513,5.0473e-007
22514,5.2377e-007
22515,5.7785e-007
22516,6.0936e-007
22517,5.748e-007
22518,4.799e-007
22519,4.4565e-007
22520,3.8535e-007
22521,3.58e-007
22522,4.4445e-007
22523,4.3622e-007
22524,5.9354e-007
22525,5.6984e-007
22526,6.5452e-007
22527,6.0178e-007
22528,5.3696e-007
22529,6.0533e-007
22530,6.0776e-007
22531,5.173e-007
22532,4.9711e-007
22533,5.1147e-007
22534,4.6519e-007
22535,3.5535e-007
22536,6.203e-006
22537,6.757e-006
22538,6.2891e-006
22539,6.2834e-006
22540,5.8719e-006
22541,7.6544e-007
22542,6.6988e-007
22543,6.3959e-007
22544,6.7763e-007
22545,7.1527e-007
22546,6.7917e-007
22547,7.7684e-007
22548,7.4223e-007
22549,7.1442e-007
22550,6.5479e-007
22551,7.7475e-007
22552,6.5625e-007
22553,6.5983e-007
22554,5.5928e-007
22555,5.8123e-007
22556,6.2587e-007
22557,5.2855e-007
22558,5.9938e-007
22559,5.2388e-007
22560,4.8068e-007
22561,6.2161e-007
22562,5.0202e-007
22563,5.9363e-007
22564,5.2071e-007
22565,5.1998e-007
22566,5.7113e-007
22567,7.0257e-007
22568,6.1018e-007
22569,6.2033e-007
22570,5.5933e-007
22571,6.5116e-007
22572,6.2865e-007
22573,5.6837e-007
22574,5.1077e-007
22575,1.3403e-006
22576,1.5052e-006
22577,1.261e-006
22578,1.4696e-006
22579,1.4237e-006
22580,1.3378e-006
22581,1.2996e-006
22582,1.8731e-006
22583,1.7793e-006
22584,1.9578e-006
22585,2.4408e-006
22586,2.2332e-006
22587,1.7713e-006
22588,2.2778e-006
22589,1.2148e-006
22590,1.3323e-006
22591,1.1222e-006
22592,1.1504e-006
22593,1.0591e-006
22594,1.2057e-006
22595,1.0312e-006
22596,1.0948e-006
22597,1.1789e-006
22598,9.9732e-007
22599,9.349e-007
22600,1.6892e-006
22601,9.3149e-007
22602,1.3007e-006
22603,1.015e-006
22604,1.4983e-006
22605,1.2787e-006
22606,1.0659e-006
22607,1.7092e-006
22608,1.2016e-006
22609,1.6376e-006
22610,1.5018e-006
22611,1.2633e-006
22612,1.3064e-006
22613,1.3965e-006
22614,6.1441e-007
22615,5.8435e-007
22616,6.0107e-007
22617,6.6938e-007
22618,7.5767e-007
22619,6.8462e-007
22620,6.7907e-007
22621,6.1367e-007
22622,6.2509e-007
22623,6.5102e-007
22624,7.8623e-007
22625,5.9588e-007
22626,7.3346e-007
22627,7.3062e-007
22628,6.4154e-007
22629,7.4967e-007
22630,9.5578e-007
22631,7.7311e-007
22632,8.3648e-007
22633,8.2837e-007
22634,7.0726e-007
22635,9.2575e-007
22636,7.354e-007
22637,7.545e-007
22638,7.1563e-007
22639,7.4055e-007
22640,1.1606e-006
22641,1.2738e-006
22642,1.0047e-006
22643,9.6344e-007
22644,1.0679e-006
22645,1.2065e-006
22646,1.153e-006
22647,1.2979e-006
22648,1.0045e-006
22649,1.1215e-006
22650,1.2804e-006
22651,7.8601e-007
22652,8.1104e-007
22653,9.1778e-007
22654,8.4597e-007
22655,7.9597e-007
22656,9.7566e-007
22657,8.0221e-007
22658,8.6565e-007
22659,8.2091e-007
22660,7.3799e-007
22661,8.8905e-007
22662,7.66e-007
22663,8.8502e-007
22664,7.6112e-007
22665,8.391e-007
22666,7.6232e-007
22667,6.4065e-007
22668,7.9624e-007
22669,9.0425e-007
22670,8.5572e-007
22671,6.5411e-007
22672,5.7372e-007
22673,5.299e-007
22674,6.5631e-007
22675,5.673e-007
22676,4.1796e-007
22677,4.9587e-007
22678,4.8222e-007
22679,7.1329e-007
22680,6.7248e-007
22681,5.1104e-007
22682,5.1595e-007
22683,4.7429e-007
22684,5.5383e-007
22685,4.2415e-007
22686,4.5652e-007
22687,6.5017e-007
22688,6.315e-007
22689,1.2304e-006
22690,1.2903e-006
22691,1.0638e-006
22692,1.1293e-006
22693,1.2379e-006
22694,1.0613e-006
22695,1.1264e-006
22696,1.1044e-006
22697,9.2361e-007
22698,1.1179e-006
22699,9.8266e-007
22700,9.2865e-007
22701,1.1385e-006
22702,1.0061e-006
22703,9.1474e-007
22704,1.3812e-006
22705,1.1327e-006
22706,1.256e-006
22707,1.5615e-006
22708,7.8157e-007
22709,7.2992e-007
22710,8.1724e-007
22711,5.797e-007
22712,6.3635e-007
22713,6.2369e-007
22714,5.8383e-007
22715,6.3641e-007
22716,5.5552e-007
22717,5.3471e-007
22718,9.2624e-007
22719,1.0817e-006
22720,9.4838e-007
22721,9.3691e-007
22722,9.6084e-007
22723,9.1491e-007
22724,1.2405e-006
22725,1.2111e-006
22726,1.1693e-006
22727,1.0717e-006
22728,9.4487e-007
22729,1.2958e-006
22730,1.5759e-006
22731,1.2921e-006
22732,1.5344e-006
22733,6.6452e-007
22734,6.3959e-007
22735,6.4985e-007
22736,6.9101e-007
22737,6.3222e-007
22738,7.5282e-007
22739,6.4092e-007
22740,6.9155e-007
22741,6.0992e-007
22742,6.7043e-007
22743,5.9864e-007
22744,6.8431e-007
22745,6.73e-007
22746,6.6481e-007
22747,6.0745e-007
22748,6.1213e-007
22749,5.5844e-007
22750,5.0404e-007
22751,4.9684e-007
22752,5.7373e-007
22753,7.0525e-007
22754,7.8882e-007
22755,7.7594e-007
22756,7.1205e-007
22757,1.3752e-006
22758,1.2501e-006
22759,1.2782e-006
22760,1.1567e-006
22761,8.6753e-007
22762,1.0124e-006
22763,9.558e-007
22764,8.2941e-007
22765,7.8002e-007
22766,8.7541e-007
22767,7.2697e-007
22768,8.7498e-007
22769,7.921e-007
22770,8.1827e-007
22771,7.342e-007
22772,7.2121e-007
22773,6.6483e-007
22774,8.656e-007
22775,8.5481e-007
22776,9.479e-007
22777,8.8047e-007
22778,8.1459e-007
22779,7.7512e-007
22780,8.1268e-007
22781,8.876e-007
22782,7.4969e-007
22783,8.542e-007
22784,8.2306e-007
22785,7.3953e-007
22786,6.7722e-007
22787,8.4894e-007
22788,7.0713e-007
22789,7.4368e-007
22790,7.2488e-007
22791,7.2953e-007
22792,6.5908e-007
22793,6.5286e-007
22794,7.1288e-007
22795,1.1729e-006
22796,1.1475e-006
22797,1.0116e-006
22798,1.079e-006
22799,1.1998e-006
22800,1.1294e-006
22801,1.026e-006
22802,1.0872e-006
22803,1.2076e-006
22804,1.3136e-006
22805,1.09e-006
22806,1.1896e-006
22807,1.11e-006
22808,1.1178e-006
22809,1.1479e-006
22810,1.1744e-006
22811,1.0718e-006
22812,1.1697e-006
22813,9.8611e-007
22814,7.2973e-007
22815,7.4938e-007
22816,7.0383e-007
22817,7.1947e-007
22818,7.7266e-007
22819,8.3388e-007
22820,7.8043e-007
22821,1.0124e-006
22822,1.0383e-006
22823,9.1195e-007
22824,7.3923e-007
22825,6.5408e-007
22826,6.1719e-007
22827,6.9418e-007
22828,6.9937e-007
22829,6.5636e-007
22830,6.64e-007
22831,6.7134e-007
22832,6.0537e-007
22833,1.4663e-006
22834,1.3394e-006
22835,1.4688e-006
22836,1.3509e-006
22837,1.3516e-006
22838,1.3766e-006
22839,1.6067e-006
22840,1.4811e-006
22841,1.6486e-006
22842,1.3425e-006
22843,1.4371e-006
22844,1.3235e-006
22845,1.7874e-006
22846,1.6231e-006
22847,1.9587e-006
22848,2.1063e-006
22849,1.3614e-006
22850,1.0845e-006
22851,9.981e-007
22852,1.1782e-006
22853,1.1283e-006
22854,6.9369e-007
22855,7.4044e-007
22856,7.5731e-007
22857,6.9947e-007
22858,6.8455e-007
22859,6.8682e-007
22860,6.7628e-007
22861,1.0251e-006
22862,1.0729e-006
22863,1.1753e-006
22864,1.2194e-006
22865,9.5676e-007
22866,5.8884e-007
22867,6.8858e-007
22868,6.7233e-007
22869,6.018e-007
22870,8.4817e-007
22871,8.9507e-007
22872,8.8588e-007
22873,7.9486e-007
22874,7.9723e-007
22875,9.7691e-007
22876,6.9937e-007
22877,6.31e-007
22878,6.5408e-007
22879,7.0163e-007
22880,7.1696e-007
22881,6.4335e-007
22882,5.1302e-007
22883,5.9717e-007
22884,6.1793e-007
22885,5.1373e-007
22886,5.2475e-007
22887,5.5622e-007
22888,6.9928e-007
22889,6.8983e-007
22890,6.4616e-007
22891,6.845e-007
22892,6.2227e-007
22893,7.0732e-007
22894,7.5064e-007
22895,6.3449e-007
22896,6.2412e-007
22897,7.0215e-007
22898,6.6346e-007
22899,7.5473e-007
22900,7.4244e-007
22901,7.9412e-007
22902,7.4202e-007
22903,6.5155e-007
22904,6.9742e-007
22905,7.0899e-007
22906,7.3413e-007
22907,6.5632e-007
22908,6.7812e-007
22909,6.9486e-007
22910,9.285e-007
22911,7.5245e-007
22912,8.3362e-007
22913,7.6185e-007
22914,7.0644e-007
22915,6.1166e-007
22916,6.8868e-007
22917,6.7376e-007
22918,7.3967e-007
22919,5.214e-007
22920,5.49e-007
22921,5.4141e-007
22922,7.9806e-007
22923,8.2957e-007
22924,7.2489e-007
22925,8.0476e-007
22926,6.1563e-007
22927,6.4191e-007
22928,5.7253e-007
22929,5.5239e-007
22930,6.4906e-007
22931,6.2898e-007
22932,6.9374e-007
22933,7.5832e-007
22934,6.7856e-007
22935,6.3531e-007
22936,6.9807e-007
22937,7.421e-007
22938,6.6055e-007
22939,7.9728e-007
22940,8.6835e-007
22941,7.8166e-007
22942,8.6319e-007
22943,7.605e-007
22944,6.6412e-007
22945,7.3116e-007
22946,6.3013e-007
22947,7.2212e-007
22948,6.4304e-007
22949,8.0052e-007
22950,6.5366e-007
22951,7.2248e-007
22952,7.0184e-007
22953,5.2349e-007
22954,5.8211e-007
22955,5.7827e-007
22956,5.1707e-007
22957,4.9506e-007
22958,7.7292e-007
22959,7.9644e-007
22960,6.5139e-007
22961,7.8602e-007
22962,7.2044e-007
22963,7.2079e-007
22964,7.002e-007
22965,6.8121e-007
22966,1.2925e-006
22967,1.27e-006
22968,1.3441e-006
22969,1.4207e-006
22970,1.1117e-006
22971,9.7822e-007
22972,1.1775e-006
22973,1.0945e-006
22974,9.5618e-007
22975,1.2493e-006
22976,1.0006e-006
22977,1.5942e-006
22978,1.2247e-006
22979,1.3891e-006
22980,1.3387e-006
22981,1.002e-006
22982,1.2372e-006
22983,1.0281e-006
22984,1.1494e-006
22985,1.0742e-006
22986,9.3509e-007
22987,1.0709e-006
22988,9.4732e-007
22989,1.1101e-006
22990,4.9819e-007
22991,4.6346e-007
22992,4.7559e-007
22993,3.9457e-007
22994,4.5733e-007
22995,4.1814e-007
22996,1.083e-006
22997,1.1646e-006
22998,1.1216e-006
22999,1.2079e-006
23000,1.0726e-006
23001,1.0205e-006
23002,1.2417e-006
23003,1.2645e-006
23004,1.234e-006
23005,1.1932e-006
23006,1.4032e-006
23007,1.737e-006
23008,1.9228e-006
23009,1.7701e-006
23010,2.1621e-006
23011,2.0808e-006
23012,1.3803e-006
23013,1.5461e-006
23014,1.3964e-006
23015,1.6137e-006
23016,1.2194e-006
23017,1.0588e-006
23018,1.0565e-006
23019,1.2127e-006
23020,1.2094e-006
23021,1.1725e-006
23022,9.5156e-007
23023,9.3334e-007
23024,7.9212e-007
23025,7.7623e-007
23026,8.6407e-007
23027,7.6723e-007
23028,8.8688e-007
23029,7.8645e-007
23030,7.882e-007
23031,7.9133e-007
23032,7.635e-007
23033,6.2928e-007
23034,6.9065e-007
23035,6.3066e-007
23036,6.6257e-007
23037,6.1969e-007
23038,6.4578e-007
23039,5.8339e-007
23040,6.7094e-007
23041,5.9241e-007
23042,4.4859e-007
23043,5.4628e-007
23044,5.1808e-007
23045,4.7781e-007
23046,5.1701e-007
23047,6.8669e-007
23048,5.9602e-007
23049,6.4948e-007
23050,6.7546e-007
23051,6.8202e-007
23052,7.4669e-007
23053,6.7048e-007
23054,7.3351e-007
23055,6.6125e-007
23056,6.8447e-007
23057,7.1095e-007
23058,7.1895e-007
23059,7.8553e-007
23060,5.5316e-007
23061,5.7651e-007
23062,6.4443e-007
23063,6.2757e-007
23064,5.7542e-007
23065,6.5113e-007
23066,5.8348e-007
23067,9.6029e-007
23068,9.7548e-007
23069,9.4784e-007
23070,9.6746e-007
23071,1.0462e-006
23072,9.8956e-007
23073,1.0106e-006
23074,1.0778e-006
23075,1.1143e-006
23076,8.9302e-007
23077,7.6549e-007
23078,8.6938e-007
23079,7.913e-007
23080,8.0034e-007
23081,9.1378e-007
23082,7.9611e-007
23083,1.0335e-006
23084,9.2482e-007
23085,8.8398e-007
23086,9.045e-007
23087,9.8051e-007
23088,8.7466e-007
23089,7.5836e-007
23090,6.576e-007
23091,7.1813e-007
23092,6.6244e-007
23093,5.0623e-007
23094,6.0078e-007
23095,5.3546e-007
23096,5.5056e-007
23097,7.8974e-007
23098,7.174e-007
23099,7.8412e-007
23100,8.4925e-007
23101,8.2398e-007
23102,7.4268e-007
23103,6.9961e-007
23104,7.2657e-007
23105,6.7449e-007
23106,6.4752e-007
23107,6.076e-007
23108,6.2972e-007
23109,6.3089e-007
23110,6.9679e-007
23111,6.8761e-007
23112,7.6246e-007
23113,6.9179e-007
23114,6.6448e-007
23115,5.8619e-007
23116,6.7816e-007
23117,6.0412e-007
23118,6.4798e-007
23119,6.0328e-007
23120,6.8682e-007
23121,1.2005e-006
23122,8.3562e-007
23123,8.191e-007
23124,7.6361e-007
23125,9.9713e-007
23126,1.0618e-006
23127,1.0978e-006
23128,9.655e-007
23129,1.1137e-006
23130,7.5179e-007
23131,7.8897e-007
23132,8.6145e-007
23133,7.8097e-007
23134,7.314e-007
23135,4.952e-007
23136,4.9789e-007
23137,4.8351e-007
23138,4.8682e-007
23139,5.5842e-007
23140,5.6264e-007
23141,6.1788e-007
23142,6.2768e-007
23143,5.7402e-007
23144,6.1058e-007
23145,7.3042e-007
23146,7.1834e-007
23147,8.1527e-007
23148,8.0416e-007
23149,7.5328e-007
23150,8.0212e-007
23151,7.876e-007
23152,7.0862e-007
23153,6.8284e-007
23154,1.005e-006
23155,1.1082e-006
23156,9.3619e-007
23157,9.0782e-007
23158,1.0709e-006
23159,9.0186e-007
23160,8.571e-006
23161,9.2356e-006
23162,8.8593e-006
23163,2.1339e-007
23164,6.5155e-013
23165,3.7278e-005
23166,5.0577e-005
23167,8.7351e-015
23168,3.0132e-004
23169,3.0135e-004
23170,2.5202e-005
23171,3.3103e-005
23172,2.0546e-006
23173,2.1192e-006
23174,1.8189e-006
23175,2.025e-006
23176,1.7888e-006
23177,2.3521e-006
23178,2.5507e-006
23179,1.7556e-007
23180,2.8173e-007
23181,2.0962e-007
23182,2.2868e-007
23183,6.131e-007
23184,5.3339e-007
23185,1.832e-005
23186,7.9437e-006
23187,7.0702e-006
23188,7.5867e-006
23189,6.7816e-006
23190,6.7567e-006
23191,6.9931e-006
23192,6.7143e-006
23193,6.2735e-006
23194,7.0361e-006
23195,4.5735e-006
23196,4.3615e-006
23197,4.2896e-006
23198,5.0409e-006
23199,4.9578e-006
23200,4.7527e-006
23201,4.367e-006
23202,4.9399e-006
23203,1.1794e-007
23204,1.0819e-007
23205,1.8272e-007
23206,1.6498e-007
23207,1.3396e-007
23208,3.8135e-006
23209,4.208e-006
23210,3.5473e-006
23211,3.5221e-006
23212,3.7518e-006
23213,5.2346e-006
23214,5.2898e-006
23215,5.984e-006
23216,1.0003e-005
23217,6.4659e-006
23218,1.0429e-007
23219,1.4101e-007
23220,1.859e-007
23221,1.4883e-007
23222,1.7785e-007
23223,1.0214e-007
23224,1.5077e-007
23225,2.3696e-007
23226,1.5668e-007
23227,2.1935e-007
23228,2.1905e-007
23229,2.6146e-007
23230,1.4104e-007
23231,1.1862e-007
23232,2.1549e-007
23233,2.0339e-007
23234,2.3329e-007
23235,1.3253e-007
23236,1.9708e-007
23237,1.8051e-007
23238,1.38e-007
23239,1.9898e-007
23240,1.7503e-007
23241,1.7018e-007
23242,1.6566e-005
23243,1.0729e-007
23244,9.6175e-008
23245,1.9577e-006
23246,1.925e-006
23247,1.9362e-006
23248,1.8408e-006
23249,2.1637e-006
23250,2.2841e-006
23251,2.0579e-006
23252,2.6008e-006
23253,2.8878e-006
23254,2.5242e-006
23255,2.4311e-006
23256,2.3467e-006
23257,1.1607e-006
23258,1.1197e-006
23259,9.457e-007
23260,1.2177e-006
23261,1.2671e-007
23262,1.0621e-007
23263,2.9214e-006
23264,3.6277e-006
23265,2.9968e-006
23266,2.8997e-006
23267,2.7243e-006
23268,3.3929e-006
23269,7.2502e-006
23270,6.4527e-006
23271,6.9133e-006
23272,6.3281e-006
23273,6.9978e-006
23274,5.8306e-006
23275,7.2753e-006
23276,6.4811e-006
23277,6.7486e-006
23278,5.998e-006
23279,6.6891e-006
23280,7.1194e-006
23281,7.5157e-006
23282,4.9711e-007
23283,4.8038e-007
23284,3.9919e-007
23285,4.1964e-007
23286,3.5374e-007
23287,3.6125e-007
23288,5.7471e-007
23289,4.9136e-007
23290,3.3955e-007
23291,1.8349e-007
23292,1.6044e-007
23293,2.8894e-007
23294,1.9633e-007
23295,2.2496e-007
23296,2.5249e-007
23297,1.3781e-007
23298,3.0799e-007
23299,6.0327e-007
23300,5.2148e-007
23301,4.9069e-007
23302,4.1767e-007
23303,7.1027e-006
23304,8.248e-006
23305,6.4513e-006
23306,7.2935e-006
23307,7.3185e-006
23308,8.7884e-006
23309,8.0514e-006
23310,1.3221e-005
23311,1.0667e-005
23312,6.0604e-006
23313,5.6421e-006
23314,6.3054e-006
23315,5.3791e-006
23316,6.5272e-006
23317,5.8498e-006
23318,1.6683e-006
23319,1.4845e-006
23320,1.3395e-006
23321,1.7074e-006
23322,1.8295e-009
23323,3.0688e-004
23324,3.1763e-004
23325,4.536e-006
23326,6.5728e-006
23327,4.3112e-006
23328,2.8453e-006
23329,2.391e-006
23330,2.5981e-006
23331,3.4667e-006
23332,2.7158e-006
23333,3.4948e-006
23334,2.5289e-006
23335,3.0976e-006
23336,1.7795e-006
23337,1.5343e-006
23338,2.0435e-006
23339,2.3969e-006
23340,1.6106e-006
23341,1.9664e-006
23342,1.8782e-006
23343,1.648e-006
23344,6.1821e-007
23345,5.1208e-007
23346,4.5072e-007
23347,6.2473e-007
23348,5.2595e-007
23349,5.9399e-007
23350,5.5079e-007
23351,9.0214e-007
23352,9.5185e-007
23353,1.0749e-006
23354,1.4687e-006
23355,1.2787e-006
23356,1.087e-006
23357,1.2352e-006
23358,1.5427e-006
23359,1.1736e-006
23360,2.8406e-007
23361,2.172e-007
23362,2.6617e-007
23363,2.9862e-007
23364,1.9873e-007
23365,1.5208e-007
23366,2.0225e-007
23367,2.2047e-007
23368,1.9461e-007
23369,2.1639e-007
23370,1.4678e-007
23371,2.5087e-007
23372,1.7546e-007
23373,1.2097e-007
23374,1.8015e-007
23375,2.0849e-007
23376,2.312e-007
23377,1.5569e-007
23378,2.968e-007
23379,1.1765e-007
23380,2.1481e-007
23381,3.2324e-007
23382,2.8533e-007
23383,2.1544e-007
23384,1.7111e-007
23385,1.4347e-007
23386,1.1706e-008
23387,1.6295e-008
23388,4.1517e-007
23389,4.2719e-007
23390,5.3219e-007
23391,4.5563e-007
23392,5.1453e-007
23393,5.1793e-007
23394,9.3643e-007
23395,7.9177e-007
23396,7.1058e-007
23397,4.8127e-007
23398,4.9105e-006
23399,2.6866e-006
23400,2.7856e-006
23401,2.1692e-006
23402,3.1992e-006
23403,2.7081e-006
23404,2.4256e-006
23405,3.121e-006
23406,2.536e-006
23407,2.5524e-006
23408,2.0893e-006
23409,1.9472e-006
23410,2.1686e-006
23411,2.7475e-006
23412,2.284e-006
23413,2.93e-006
23414,2.5015e-006
23415,2.099e-006
23416,2.3675e-006
23417,1.4712e-006
23418,1.5594e-006
23419,1.4167e-006
23420,1.4045e-006
23421,2.0168e-006
23422,1.7726e-006
23423,1.3303e-006
23424,1.2746e-006
23425,1.218e-006
23426,1.2294e-006
23427,1.4399e-006
23428,1.1078e-006
23429,1.4181e-006
23430,1.4834e-006
23431,1.2318e-006
23432,1.1608e-006
23433,1.1545e-006
23434,1.3603e-006
23435,3.1106e-006
23436,3.0891e-006
23437,3.1311e-006
23438,3.702e-006
23439,2.8858e-006
23440,3.8413e-006
23441,3.7358e-006
23442,3.2502e-006
23443,2.8126e-007
23444,2.5284e-007
23445,2.9245e-007
23446,1.9716e-007
23447,2.4597e-007
23448,2.8429e-007
23449,2.8978e-007
23450,2.3473e-007
23451,3.7904e-007
23452,2.325e-007
23453,2.4179e-007
23454,2.5685e-007
23455,1.3813e-007
23456,2.9227e-007
23457,1.6815e-007
23458,2.5729e-007
23459,1.3342e-007
23460,1.0192e-007
23461,1.4985e-007
23462,9.7631e-008
23463,1.0652e-007
23464,1.6366e-007
23465,1.7551e-007
23466,8.4258e-008
23467,9.949e-008
23468,2.0362e-007
23469,2.2268e-007
23470,2.6371e-007
23471,1.9105e-007
23472,2.3394e-007
23473,2.5143e-007
23474,1.9157e-007
23475,2.1434e-007
23476,2.157e-006
23477,2.1254e-006
23478,2.5248e-006
23479,2.775e-006
23480,2.4401e-006
23481,2.2091e-006
23482,2.6562e-006
23483,2.398e-006
23484,2.9378e-006
23485,2.238e-006
23486,3.0425e-004
23487,3.0182e-004
23488,6.3996e-008
23489,1.8341e-007
23490,1.3896e-007
23491,1.8194e-007
23492,6.2939e-007
23493,2.7666e-007
23494,4.6166e-007
23495,4.1203e-007
23496,5.7017e-007
23497,3.4623e-007
23498,3.3484e-007
23499,4.0238e-007
23500,3.0812e-007
23501,2.1357e-007
23502,2.4187e-007
23503,2.0466e-007
23504,1.8647e-007
23505,1.5273e-007
23506,8.3458e-008
23507,1.5622e-007
23508,7.6151e-007
23509,9.6074e-007
23510,8.966e-007
23511,3.1553e-007
23512,3.6901e-007
23513,3.5009e-007
23514,2.9702e-007
23515,3.1081e-007
23516,2.6853e-007
23517,3.5074e-007
23518,3.4838e-007
23519,3.66e-007
23520,3.4595e-007
23521,2.9706e-007
23522,1.8005e-007
23523,9.8649e-008
23524,1.6135e-007
23525,1.1419e-007
23526,1.4278e-007
23527,1.7932e-007
23528,2.0961e-007
23529,1.5224e-007
23530,2.4947e-007
23531,1.7158e-007
23532,1.7241e-007
23533,2.081e-007
23534,1.5703e-007
23535,1.2145e-006
23536,9.8116e-007
23537,9.29e-007
23538,1.1201e-006
23539,8.6106e-007
23540,7.1772e-007
23541,1.0166e-006
23542,9.6938e-007
23543,8.6135e-007
23544,1.1345e-006
23545,9.6432e-007
23546,8.6237e-007
23547,1.0611e-006
23548,1.1907e-006
23549,1.0807e-006
23550,1.6309e-006
23551,1.0667e-006
23552,8.3817e-007
23553,8.2828e-007
23554,6.3296e-007
23555,6.8393e-007
23556,5.5769e-007
23557,4.7597e-007
23558,9.4803e-007
23559,6.3595e-007
23560,5.7295e-007
23561,6.4693e-007
23562,1.9287e-006
23563,1.6169e-006
23564,1.7177e-006
23565,1.8729e-006
23566,1.7007e-006
23567,2.1114e-006
23568,2.0915e-006
23569,1.7899e-006
23570,1.5658e-006
23571,1.7483e-006
23572,1.8714e-006
23573,1.851e-006
23574,2.4873e-006
23575,2.7173e-006
23576,3.3392e-006
23577,2.4648e-006
23578,2.5283e-006
23579,2.8248e-006
23580,3.1289e-006
23581,2.2342e-006
23582,2.614e-006
23583,2.8754e-006
23584,2.4718e-006
23585,3.4171e-006
23586,2.7052e-006
23587,2.6286e-006
23588,3.1963e-006
23589,6.1973e-007
23590,4.9193e-007
23591,4.1704e-007
23592,8.8109e-007
23593,4.5912e-007
23594,2.9886e-007
23595,4.0737e-007
23596,2.0786e-007
23597,1.7126e-007
23598,1.8119e-007
23599,2.0118e-007
23600,2.0234e-007
23601,1.7698e-007
23602,1.2715e-007
23603,1.2473e-007
23604,1.5341e-007
23605,1.7467e-007
23606,1.0754e-007
23607,2.642e-007
23608,2.2568e-007
23609,3.1817e-007
23610,2.2e-007
23611,3.517e-007
23612,2.9575e-007
23613,2.8544e-007
23614,3.3538e-007
23615,3.6264e-007
23616,2.0248e-007
23617,1.9198e-007
23618,3.5874e-007
23619,1.0347e-007
23620,3.0253e-007
23621,6.8029e-007
23622,5.8742e-007
23623,6.3505e-007
23624,5.4402e-007
23625,7.59e-007
23626,6.1264e-007
23627,5.7893e-007
23628,8.3204e-007
23629,7.2869e-007
23630,2.0039e-007
23631,2.9319e-007
23632,4.1316e-007
23633,3.8344e-007
23634,2.5379e-007
23635,2.2826e-007
23636,1.4461e-006
23637,1.3684e-006
23638,1.8106e-006
23639,1.6505e-006
23640,1.3117e-006
23641,1.2026e-006
23642,1.2034e-006
23643,1.0809e-006
23644,9.1097e-007
23645,9.6223e-007
23646,8.3084e-007
23647,7.9423e-007
23648,1.1427e-006
23649,1.0041e-006
23650,1.0389e-006
23651,1.1539e-006
23652,8.3488e-007
23653,9.0192e-007
23654,9.0151e-007
23655,1.4642e-006
23656,5.8751e-007
23657,9.11e-007
23658,6.0773e-007
23659,7.8517e-007
23660,6.834e-007
23661,6.5696e-007
23662,8.2443e-007
23663,7.4641e-007
23664,6.8301e-007
23665,8.8019e-007
23666,9.2399e-007
23667,7.8482e-007
23668,9.6126e-007
23669,3.0962e-007
23670,3.7491e-007
23671,3.5068e-007
23672,2.5719e-007
23673,2.9058e-007
23674,3.3784e-007
23675,2.0811e-007
23676,3.6513e-007
23677,3.061e-007
23678,2.5162e-007
23679,1.2283e-006
23680,1.1793e-006
23681,1.0663e-006
23682,1.1791e-006
23683,1.259e-006
23684,1.4654e-006
23685,1.2938e-006
23686,1.1945e-006
23687,1.5244e-006
23688,1.0935e-006
23689,1.0797e-006
23690,1.3941e-006
23691,3.9847e-007
23692,3.8768e-007
23693,4.1194e-007
23694,3.343e-007
23695,3.3317e-007
23696,2.9463e-007
23697,2.5305e-007
23698,1.6064e-006
23699,1.6481e-006
23700,1.7903e-006
23701,1.4743e-006
23702,1.6844e-006
23703,2.0621e-006
23704,2.4789e-006
23705,2.7274e-006
23706,3.4226e-006
23707,2.7398e-006
23708,3.1933e-006
23709,2.8061e-006
23710,2.596e-006
23711,2.815e-006
23712,1.9205e-006
23713,1.8569e-006
23714,2.3257e-006
23715,2.4885e-006
23716,2.0643e-006
23717,2.2577e-006
23718,2.4403e-006
23719,3.0103e-007
23720,2.7934e-007
23721,2.8404e-007
23722,2.8027e-007
23723,3.1008e-007
23724,1.6666e-007
23725,1.8619e-007
23726,2.0184e-007
23727,2.2074e-007
23728,1.0916e-007
23729,2.3092e-007
23730,9.7864e-007
23731,6.7347e-007
23732,8.0985e-007
23733,1.0275e-006
23734,8.1875e-007
23735,9.1519e-007
23736,8.916e-007
23737,1.0572e-006
23738,8.7412e-007
23739,7.2746e-007
23740,8.7122e-007
23741,1.1856e-006
23742,8.1165e-007
23743,1.0056e-006
23744,8.8259e-007
23745,1.047e-006
23746,9.1111e-007
23747,7.3416e-007
23748,1.0874e-006
23749,1.1825e-006
23750,7.6426e-007
23751,7.929e-007
23752,1.7952e-007
23753,1.924e-007
23754,1.5485e-007
23755,1.0808e-007
23756,1.2653e-007
23757,1.262e-007
23758,3.6689e-007
23759,6.358e-007
23760,5.003e-007
23761,4.4918e-007
23762,5.3916e-007
23763,5.3658e-007
23764,4.2822e-007
23765,4.9279e-007
23766,5.9799e-007
23767,3.5047e-007
23768,4.7718e-007
23769,4.9396e-007
23770,4.5607e-007
23771,4.7738e-007
23772,4.5279e-007
23773,4.5511e-007
23774,4.646e-007
23775,4.3423e-007
23776,3.916e-007
23777,3.6196e-007
23778,3.9085e-007
23779,3.5741e-007
23780,3.6274e-007
23781,3.5317e-007
23782,3.0242e-007
23783,2.8869e-007
23784,3.0213e-007
23785,2.2219e-007
23786,3.2414e-007
23787,3.4815e-007
23788,3.126e-007
23789,4.3844e-007
23790,4.0057e-007
23791,3.6092e-007
23792,4.2086e-007
23793,3.366e-007
23794,3.8186e-007
23795,4.1144e-007
23796,1.6719e-007
23797,1.9276e-007
23798,2.1226e-007
23799,2.0406e-007
23800,2.3188e-007
23801,1.7664e-007
23802,2.456e-007
23803,5.0985e-007
23804,5.2917e-007
23805,6.4259e-007
23806,4.7558e-007
23807,7.0369e-007
23808,1.6703e-006
23809,1.4809e-006
23810,1.2785e-006
23811,1.3009e-006
23812,1.367e-006
23813,1.2343e-006
23814,1.0812e-006
23815,1.0477e-006
23816,1.0578e-006
23817,1.1727e-006
23818,1.5515e-006
23819,1.2288e-006
23820,1.5822e-006
23821,1.5586e-006
23822,1.3033e-006
23823,9.1504e-007
23824,1.3145e-006
23825,9.7022e-007
23826,1.1163e-006
23827,1.1782e-006
23828,1.1391e-006
23829,1.5049e-006
23830,9.7902e-007
23831,9.9052e-007
23832,8.6645e-007
23833,1.4138e-006
23834,1.251e-006
23835,1.111e-006
23836,1.0437e-006
23837,1.4726e-006
23838,8.9884e-007
23839,5.1889e-007
23840,5.823e-007
23841,7.7508e-007
23842,6.9428e-007
23843,6.7228e-007
23844,6.9092e-007
23845,8.1288e-007
23846,5.6965e-007
23847,4.4282e-007
23848,3.846e-007
23849,3.9095e-007
23850,4.4568e-007
23851,3.8035e-007
23852,4.5398e-007
23853,4.6535e-007
23854,4.0534e-007
23855,3.314e-007
23856,4.0363e-007
23857,4.2931e-007
23858,3.8404e-007
23859,4.5374e-007
23860,3.8423e-007
23861,4.2893e-007
23862,2.934e-007
23863,3.5698e-007
23864,4.3285e-007
23865,3.5408e-007
23866,4.366e-007
23867,4.4283e-007
23868,3.713e-007
23869,4.7542e-007
23870,4.4639e-007
23871,5.0641e-007
23872,4.7234e-007
23873,3.5534e-007
23874,4.6078e-007
23875,4.8933e-007
23876,4.1421e-007
23877,4.0955e-007
23878,3.1201e-007
23879,2.7851e-007
23880,2.5758e-007
23881,1.3927e-007
23882,2.5932e-007
23883,2.2854e-007
23884,3.1019e-007
23885,2.7894e-007
23886,2.5756e-007
23887,2.2952e-007
23888,2.8056e-007
23889,4.575e-007
23890,6.1295e-007
23891,5.9549e-007
23892,6.1352e-007
23893,8.1966e-007
23894,5.1024e-007
23895,5.5147e-007
23896,6.9397e-007
23897,4.7073e-007
23898,7.334e-007
23899,6.275e-007
23900,4.3458e-007
23901,3.9488e-007
23902,3.1305e-007
23903,4.1941e-007
23904,4.9617e-007
23905,4.8494e-007
23906,6.2201e-007
23907,3.9247e-007
23908,5.3616e-007
23909,5.8738e-007
23910,5.494e-007
23911,5.5412e-007
23912,6.6209e-007
23913,7.5087e-007
23914,8.392e-007
23915,7.1909e-007
23916,8.1507e-007
23917,8.2447e-007
23918,1.3643e-006
23919,1.3844e-006
23920,1.4391e-006
23921,1.2157e-006
23922,1.229e-006
23923,1.337e-006
23924,1.2639e-006
23925,1.6645e-006
23926,1.1702e-006
23927,1.2543e-006
23928,1.2898e-006
23929,1.5345e-006
23930,1.5646e-006
23931,1.2461e-006
23932,1.3063e-006
23933,1.2287e-006
23934,1.1751e-006
23935,1.1531e-006
23936,1.0818e-006
23937,1.2369e-006
23938,1.4338e-006
23939,1.1336e-006
23940,1.2479e-006
23941,1.5052e-006
23942,1.5516e-006
23943,1.3842e-006
23944,1.7576e-006
23945,2.0335e-006
23946,1.7901e-006
23947,2.2581e-006
23948,2.2567e-006
23949,2.0211e-006
23950,2.1032e-006
23951,2.226e-006
23952,1.9738e-006
23953,1.852e-006
23954,2.4764e-006
23955,1.9417e-006
23956,1.7987e-006
23957,1.5985e-006
23958,1.5043e-006
23959,1.4746e-006
23960,1.8792e-006
23961,1.6149e-006
23962,1.8402e-006
23963,2.2499e-006
23964,2.0693e-006
23965,1.9725e-006
23966,1.6061e-006
23967,1.7404e-006
23968,1.4601e-006
23969,7.7999e-007
23970,9.0066e-007
23971,8.2082e-007
23972,8.9381e-007
23973,9.2916e-007
23974,7.8328e-007
23975,1.6682e-006
23976,1.8797e-006
23977,1.5716e-006
23978,1.6011e-006
23979,2.381e-006
23980,1.4175e-006
23981,1.4876e-006
23982,1.36e-006
23983,1.9509e-006
23984,1.5758e-006
23985,1.6261e-006
23986,1.9534e-006
23987,1.5671e-006
23988,1.5496e-006
23989,1.9429e-006
23990,1.5216e-006
23991,1.6911e-006
23992,1.6746e-006
23993,2.0895e-006
23994,1.747e-006
23995,2.3261e-006
23996,1.8009e-006
23997,1.79e-006
23998,2.9507e-006
23999,3.8744e-006
24000,3.1296e-006
24001,3.2392e-006
24002,3.5482e-006
24003,1.6668e-006
24004,2.0446e-006
24005,1.6962e-006
24006,1.6179e-006
24007,1.8238e-006
24008,2.2871e-006
24009,2.3556e-006
24010,3.6203e-007
24011,3.73e-007
24012,2.9358e-007
24013,2.9492e-007
24014,4.6027e-007
24015,3.0587e-007
24016,5.2554e-007
24017,1.5993e-007
24018,2.064e-007
24019,1.6367e-007
24020,1.7397e-007
24021,1.5911e-007
24022,1.8975e-007
24023,1.0796e-007
24024,1.1356e-007
24025,4.4219e-007
24026,4.3149e-007
24027,4.0777e-007
24028,4.1536e-007
24029,3.9148e-007
24030,3.5996e-007
24031,2.9683e-007
24032,3.6871e-007
24033,3.401e-007
24034,2.2721e-007
24035,3.2922e-007
24036,4.2482e-007
24037,9.3791e-007
24038,8.5962e-007
24039,1.1254e-006
24040,9.9268e-007
24041,9.244e-007
24042,7.3135e-007
24043,9.0329e-007
24044,8.1482e-007
24045,8.6345e-007
24046,8.0716e-007
24047,6.4087e-007
24048,6.0141e-007
24049,5.9287e-007
24050,6.7247e-007
24051,7.0152e-007
24052,1.0436e-006
24053,1.1492e-006
24054,1.0196e-006
24055,1.3935e-006
24056,1.1833e-006
24057,1.2902e-006
24058,8.9101e-007
24059,1.0697e-006
24060,1.1692e-006
24061,9.3712e-007
24062,9.69e-007
24063,9.9671e-007
24064,1.1998e-006
24065,1.1351e-006
24066,1.0801e-006
24067,1.0876e-006
24068,5.5229e-007
24069,4.8266e-007
24070,5.411e-007
24071,4.4101e-007
24072,5.1631e-007
24073,4.5718e-007
24074,4.4271e-007
24075,5.3012e-007
24076,6.2852e-007
24077,6.2023e-007
24078,5.1624e-007
24079,5.6134e-007
24080,4.492e-007
24081,4.4185e-007
24082,5.6264e-007
24083,4.4791e-007
24084,4.4099e-007
24085,3.7696e-007
24086,3.6876e-007
24087,3.5939e-007
24088,3.3722e-007
24089,3.9922e-007
24090,3.7559e-007
24091,3.8381e-007
24092,4.0772e-007
24093,3.7002e-007
24094,2.946e-007
24095,3.3099e-007
24096,3.6503e-007
24097,3.4204e-007
24098,3.1282e-007
24099,2.9498e-007
24100,3.46e-007
24101,2.8702e-007
24102,2.6084e-007
24103,2.5534e-007
24104,3.6685e-007
24105,3.1665e-007
24106,3.2006e-007
24107,2.7047e-007
24108,2.2809e-007
24109,2.48e-007
24110,2.7397e-007
24111,1.522e-007
24112,1.6224e-007
24113,2.828e-007
24114,4.1191e-007
24115,4.3217e-007
24116,5.1753e-007
24117,4.9157e-007
24118,3.2895e-007
24119,4.538e-007
24120,2.6226e-007
24121,5.8704e-007
24122,5.8065e-007
24123,3.2339e-007
24124,3.3509e-007
24125,2.8568e-007
24126,2.2592e-007
24127,3.187e-007
24128,2.9892e-007
24129,2.999e-007
24130,2.3175e-007
24131,3.3675e-007
24132,2.3374e-007
24133,4.4706e-007
24134,4.4485e-007
24135,3.9783e-007
24136,3.6137e-007
24137,4.5402e-007
24138,3.3273e-007
24139,3.8389e-007
24140,5.25e-007
24141,6.187e-007
24142,5.9248e-007
24143,5.2449e-007
24144,6.4473e-007
24145,4.6276e-007
24146,4.3613e-007
24147,4.785e-007
24148,3.6111e-007
24149,4.2068e-007
24150,4.5481e-007
24151,4.9415e-007
24152,5.0456e-007
24153,4.638e-007
24154,4.5278e-007
24155,4.0374e-007
24156,3.4413e-007
24157,4.1641e-007
24158,5.0587e-007
24159,4.1605e-007
24160,4.9884e-007
24161,4.5078e-007
24162,4.2447e-007
24163,4.6587e-007
24164,4.3323e-007
24165,3.3691e-007
24166,3.9614e-007
24167,5.987e-007
24168,7.1588e-007
24169,6.0657e-007
24170,6.9324e-007
24171,7.7009e-007
24172,6.836e-007
24173,7.4762e-007
24174,5.4026e-007
24175,6.3523e-007
24176,7.2335e-007
24177,6.6344e-007
24178,9.1994e-007
24179,9.963e-007
24180,9.9403e-007
24181,9.2788e-007
24182,9.459e-007
24183,8.9242e-007
24184,4.9478e-007
24185,4.131e-007
24186,4.7589e-007
24187,4.7009e-007
24188,5.3929e-007
24189,4.6092e-007
24190,6.4992e-007
24191,7.3738e-007
24192,8.2141e-007
24193,7.3725e-007
24194,7.6027e-007
24195,8.3679e-007
24196,7.7783e-007
24197,7.312e-007
24198,7.4037e-007
24199,6.8289e-007
24200,5.872e-007
24201,5.6743e-007
24202,6.2029e-007
24203,5.4408e-007
24204,5.5314e-007
24205,6.6209e-007
24206,6.4416e-007
24207,5.7779e-007
24208,4.8761e-007
24209,5.8047e-007
24210,6.0988e-007
24211,5.3457e-007
24212,6.3388e-007
24213,6.1613e-007
24214,5.7429e-007
24215,5.6559e-007
24216,4.9352e-007
24217,5.1649e-007
24218,5.3433e-007
24219,6.2086e-007
24220,4.6023e-007
24221,1.1476e-006
24222,1.0567e-006
24223,1.2989e-006
24224,1.1647e-006
24225,1.0067e-006
24226,9.9826e-007
24227,9.5949e-007
24228,1.1229e-006
24229,1.3739e-006
24230,1.0511e-006
24231,8.7694e-007
24232,9.3102e-007
24233,1.022e-006
24234,8.2894e-007
24235,9.2139e-007
24236,8.9374e-007
24237,8.5422e-007
24238,7.7499e-007
24239,1.3836e-006
24240,1.4951e-006
24241,1.3038e-006
24242,1.6742e-006
24243,1.7877e-006
24244,1.1493e-006
24245,1.0431e-006
24246,1.3514e-006
24247,1.0005e-006
24248,1.3176e-006
24249,1.02e-006
24250,9.7001e-007
24251,1.0913e-006
24252,9.4338e-007
24253,1.6012e-006
24254,1.7684e-006
24255,2.0706e-006
24256,1.5103e-006
24257,1.7397e-006
24258,1.6575e-006
24259,2.1742e-006
24260,1.9932e-006
24261,1.2256e-006
24262,1.1185e-006
24263,1.2577e-006
24264,1.4825e-006
24265,1.4196e-006
24266,1.1609e-006
24267,1.2207e-006
24268,1.4007e-006
24269,1.665e-006
24270,1.7517e-006
24271,1.6925e-006
24272,1.8598e-006
24273,1.6044e-006
24274,1.5524e-006
24275,2.0131e-006
24276,1.5301e-006
24277,2.108e-006
24278,1.9336e-006
24279,1.4001e-006
24280,1.6094e-006
24281,1.678e-006
24282,1.4047e-006
24283,1.5613e-006
24284,1.389e-006
24285,1.4364e-006
24286,1.8256e-006
24287,1.4109e-006
24288,1.6463e-006
24289,1.304e-006
24290,1.7374e-006
24291,1.3888e-006
24292,1.5866e-006
24293,1.5262e-006
24294,1.3022e-006
24295,1.4812e-006
24296,8.9657e-007
24297,8.8384e-007
24298,8.2119e-007
24299,1.1801e-006
24300,1.2792e-006
24301,1.1338e-006
24302,1.4744e-006
24303,1.2818e-006
24304,1.4052e-006
24305,1.4159e-006
24306,8.9439e-007
24307,1.082e-006
24308,8.7372e-007
24309,7.4678e-007
24310,9.8676e-007
24311,7.9265e-007
24312,7.5385e-007
24313,1.0352e-006
24314,1.0707e-006
24315,8.092e-007
24316,8.3291e-007
24317,6.8315e-007
24318,1.6433e-006
24319,1.7532e-006
24320,1.5585e-006
24321,1.893e-006
24322,1.6684e-006
24323,1.5856e-006
24324,2.1968e-006
24325,1.9817e-006
24326,1.735e-006
24327,1.4851e-006
24328,1.2628e-006
24329,1.2736e-006
24330,1.3771e-006
24331,1.6875e-006
24332,1.412e-006
24333,1.5411e-006
24334,6.1131e-007
24335,5.5944e-007
24336,6.5065e-007
24337,6.8446e-007
24338,5.9789e-007
24339,5.8817e-007
24340,6.5221e-007
24341,5.3937e-007
24342,6.1568e-007
24343,1.3204e-006
24344,1.2457e-006
24345,1.0013e-006
24346,1.1213e-006
24347,1.0409e-006
24348,9.5078e-007
24349,1.1312e-006
24350,1.6913e-006
24351,1.1264e-006
24352,8.9129e-007
24353,1.1586e-006
24354,1.4505e-006
24355,1.3157e-006
24356,1.3877e-006
24357,1.7246e-006
24358,1.2461e-006
24359,1.6741e-006
24360,1.9423e-006
24361,1.355e-006
24362,1.6899e-006
24363,1.7359e-006
24364,1.535e-006
24365,1.8795e-006
24366,1.9881e-006
24367,2.1684e-006
24368,1.7101e-006
24369,2.7273e-006
24370,1.8967e-006
24371,2.1621e-006
24372,1.9426e-006
24373,1.6549e-006
24374,1.1007e-006
24375,1.168e-006
24376,9.4631e-007
24377,9.7535e-007
24378,9.2274e-007
24379,8.7117e-007
24380,8.5697e-007
24381,9.6408e-007
24382,9.7984e-007
24383,1.0424e-006
24384,9.0904e-007
24385,8.695e-007
24386,8.6562e-007
24387,8.6423e-007
24388,9.2026e-007
24389,9.792e-007
24390,9.8147e-007
24391,9.7019e-007
24392,1.2635e-006
24393,1.0093e-006
24394,1.01e-006
24395,9.9247e-007
24396,1.184e-006
24397,1.122e-006
24398,1.2762e-006
24399,1.055e-006
24400,1.0657e-006
24401,4.7547e-007
24402,4.5631e-007
24403,4.9836e-007
24404,4.2193e-007
24405,4.1659e-007
24406,4.8313e-007
24407,4.5349e-007
24408,3.4275e-007
24409,4.4181e-007
24410,3.5724e-007
24411,4.1915e-007
24412,3.1567e-007
24413,3.9201e-007
24414,5.1629e-007
24415,5.0209e-007
24416,3.647e-007
24417,4.486e-007
24418,3.8804e-007
24419,4.3916e-007
24420,6.2249e-007
24421,7.5194e-007
24422,7.358e-007
24423,6.4123e-007
24424,6.8799e-007
24425,6.3495e-007
24426,7.0064e-007
24427,6.5541e-007
24428,4.1348e-007
24429,5.0778e-007
24430,5.2459e-007
24431,3.7594e-007
24432,4.614e-007
24433,5.2343e-007
24434,5.1487e-007
24435,3.5702e-007
24436,4.2292e-007
24437,4.4974e-007
24438,4.8031e-007
24439,8.3133e-007
24440,8.0623e-007
24441,7.3363e-007
24442,7.7511e-007
24443,4.9098e-007
24444,4.6541e-007
24445,4.5125e-007
24446,5.1693e-007
24447,5.2882e-007
24448,4.2266e-007
24449,4.0583e-007
24450,7.2211e-007
24451,6.485e-007
24452,6.7857e-007
24453,6.0834e-007
24454,6.9156e-007
24455,8.21e-007
24456,6.656e-007
24457,6.9673e-007
24458,7.9023e-007
24459,7.4443e-007
24460,6.4565e-007
24461,7.0941e-007
24462,7.7946e-007
24463,6.5772e-007
24464,1.1416e-006
24465,1.2626e-006
24466,1.411e-006
24467,1.5776e-006
24468,1.3443e-006
24469,1.0077e-006
24470,1.2792e-006
24471,1.0445e-006
24472,1.1907e-006
24473,1.0717e-006
24474,5.2881e-007
24475,5.6937e-007
24476,4.3488e-007
24477,5.3903e-007
24478,4.6801e-007
24479,7.4846e-007
24480,7.719e-007
24481,6.8739e-007
24482,6.8022e-007
24483,7.737e-007
24484,6.2935e-007
24485,6.7822e-007
24486,6.7701e-007
24487,6.6431e-007
24488,5.6942e-007
24489,7.3499e-007
24490,8.3033e-007
24491,7.1903e-007
24492,7.1115e-007
24493,8.2432e-007
24494,7.9647e-007
24495,9.2431e-007
24496,8.5764e-007
24497,8.9762e-007
24498,8.7266e-007
24499,7.4876e-007
24500,7.4772e-007
24501,8.1732e-007
24502,6.1903e-007
24503,6.6105e-007
24504,6.5344e-007
24505,6.5462e-007
24506,5.4016e-007
24507,7.2511e-007
24508,6.1304e-007
24509,6.6021e-007
24510,5.9517e-007
24511,1.6012e-006
24512,1.4032e-006
24513,1.4073e-006
24514,1.3745e-006
24515,1.6549e-006
24516,1.3257e-006
24517,1.5711e-006
24518,1.8117e-006
24519,1.1374e-006
24520,1.4065e-006
24521,1.7238e-006
24522,1.1492e-006
24523,1.4027e-006
24524,1.3171e-006
24525,1.2892e-006
24526,1.2103e-006
24527,1.1992e-006
24528,1.5252e-006
24529,1.3407e-006
24530,5.3259e-007
24531,5.6957e-007
24532,5.8118e-007
24533,4.976e-007
24534,5.7956e-007
24535,4.685e-007
24536,5.0326e-007
24537,5.3299e-007
24538,5.2338e-007
24539,5.6956e-007
24540,4.3195e-007
24541,5.1891e-007
24542,4.7394e-007
24543,5.3715e-007
24544,5.0186e-007
24545,4.5449e-007
24546,4.5824e-007
24547,4.8709e-007
24548,6.4772e-007
24549,6.6238e-007
24550,7.3212e-007
24551,7.4979e-007
24552,7.2739e-007
24553,6.011e-007
24554,6.6151e-007
24555,6.2386e-007
24556,7.6966e-007
24557,6.8566e-007
24558,6.5332e-007
24559,6.9989e-007
24560,6.7584e-007
24561,6.7375e-007
24562,7.4045e-007
24563,1.3703e-006
24564,1.461e-006
24565,1.4234e-006
24566,1.6353e-006
24567,2.1352e-006
24568,1.3899e-006
24569,1.9864e-006
24570,1.9438e-006
24571,1.7652e-006
24572,7.5515e-007
24573,7.0934e-007
24574,6.5891e-007
24575,6.4456e-007
24576,5.9566e-007
24577,6.518e-007
24578,7.1618e-007
24579,7.0106e-007
24580,6.9924e-007
24581,7.1655e-007
24582,7.4739e-007
24583,7.3324e-007
24584,9.4768e-007
24585,9.4292e-007
24586,1.0944e-006
24587,1.0018e-006
24588,9.9553e-007
24589,8.5026e-007
24590,8.3253e-007
24591,8.533e-007
24592,8.425e-007
24593,7.8545e-007
24594,6.2632e-007
24595,6.1168e-007
24596,4.6984e-007
24597,5.8044e-007
24598,5.1351e-007
24599,5.2375e-007
24600,4.8514e-007
24601,5.5345e-007
24602,5.6869e-007
24603,4.9086e-007
24604,7.1254e-007
24605,6.943e-007
24606,7.7681e-007
24607,6.4551e-007
24608,7.0094e-007
24609,5.7913e-007
24610,6.6151e-007
24611,6.5241e-007
24612,6.1808e-007
24613,5.984e-007
24614,5.6417e-007
24615,8.6705e-007
24616,6.7382e-007
24617,7.7008e-007
24618,8.2829e-007
24619,6.9668e-007
24620,8.2155e-007
24621,7.0694e-007
24622,8.0937e-007
24623,1.0944e-006
24624,1.0197e-006
24625,9.3154e-007
24626,1.0029e-006
24627,9.2256e-007
24628,1.1182e-006
24629,9.0556e-007
24630,6.0142e-007
24631,5.4147e-007
24632,5.4453e-007
24633,5.9594e-007
24634,6.4436e-007
24635,6.2192e-007
24636,5.3153e-007
24637,6.4971e-007
24638,5.1624e-007
24639,5.4533e-007
24640,5.9662e-007
24641,5.9651e-007
24642,7.3987e-007
24643,6.4316e-007
24644,6.4311e-007
24645,6.9162e-007
24646,7.0654e-007
24647,4.0531e-007
24648,2.9965e-007
24649,4.2738e-007
24650,4.3224e-007
24651,4.1064e-007
24652,4.176e-007
24653,4.1848e-007
24654,3.4243e-007
24655,3.806e-007
24656,3.4906e-007
24657,3.1688e-007
24658,5.8786e-007
24659,5.3874e-007
24660,5.2849e-007
24661,5.9588e-007
24662,9.999e-007
24663,9.1307e-007
24664,8.0449e-007
24665,8.737e-007
24666,7.8327e-007
24667,1.197e-006
24668,1.488e-006
24669,1.235e-006
24670,1.2938e-006
24671,1.0271e-006
24672,9.7584e-007
24673,1.2433e-006
24674,1.1444e-006
24675,1.3096e-006
24676,1.1594e-006
24677,1.2717e-006
24678,1.0754e-006
24679,9.6232e-007
24680,1.2191e-006
24681,1.3672e-006
24682,8.5162e-007
24683,1.1196e-006
24684,8.2541e-007
24685,8.906e-007
24686,1.0035e-006
24687,8.8129e-007
24688,9.6344e-007
24689,8.4027e-007
24690,4.826e-007
24691,4.8766e-007
24692,4.7221e-007
24693,4.0738e-007
24694,4.6537e-007
24695,3.7141e-007
24696,4.1301e-007
24697,5.1334e-007
24698,7.1423e-007
24699,7.007e-007
24700,6.4257e-007
24701,6.7118e-007
24702,5.975e-007
24703,5.434e-007
24704,5.4852e-007
24705,4.1086e-007
24706,4.5192e-007
24707,4.8713e-007
24708,5.0465e-007
24709,5.2745e-007
24710,5.2374e-007
24711,4.8211e-007
24712,4.1215e-007
24713,5.1272e-007
24714,4.7939e-007
24715,5.5482e-007
24716,5.6589e-007
24717,4.8973e-007
24718,7.7697e-007
24719,6.723e-007
24720,6.1043e-007
24721,6.349e-007
24722,6.7977e-007
24723,7.4295e-007
24724,6.8463e-007
24725,7.8375e-007
24726,5.5847e-007
24727,1.0988e-006
24728,1.0005e-006
24729,1.3944e-006
24730,1.4341e-006
24731,1.4017e-006
24732,1.091e-006
24733,1.0453e-006
24734,1.3324e-006
24735,1.0799e-006
24736,1.1622e-006
24737,1.7862e-006
24738,1.1841e-006
24739,1.2924e-006
24740,1.5934e-006
24741,1.5588e-006
24742,1.4978e-006
24743,1.3112e-006
24744,7.6511e-007
24745,7.0454e-007
24746,7.2342e-007
24747,7.6785e-007
24748,8.0742e-007
24749,8.3111e-007
24750,7.6578e-007
24751,8.8777e-007
24752,8.2833e-007
24753,7.2776e-007
24754,7.6217e-007
24755,1.2062e-006
24756,1.2908e-006
24757,1.1991e-006
24758,1.1835e-006
24759,9.3479e-007
24760,8.7486e-007
24761,9.6482e-007
24762,1.1198e-006
24763,8.6736e-007
24764,1.0512e-006
24765,9.0076e-007
24766,1.0658e-006
24767,1.019e-006
24768,1.0052e-006
24769,1.2646e-006
24770,1.2054e-006
24771,1.3127e-006
24772,1.302e-006
24773,1.6037e-006
24774,1.6686e-006
24775,1.6431e-006
24776,1.3269e-006
24777,1.3348e-006
24778,1.5988e-006
24779,1.9284e-006
24780,1.8789e-006
24781,1.6086e-006
24782,1.9791e-006
24783,1.7609e-006
24784,1.9866e-006
24785,1.3439e-006
24786,1.2571e-006
24787,1.1336e-006
24788,1.1964e-006
24789,1.1259e-006
24790,1.3815e-006
24791,1.6141e-006
24792,1.0822e-006
24793,1.1486e-006
24794,1.3472e-006
24795,1.5197e-006
24796,1.2483e-006
24797,1.2404e-006
24798,1.4197e-006
24799,1.5695e-006
24800,1.291e-006
24801,1.6147e-006
24802,1.3919e-006
24803,1.3309e-006
24804,1.7462e-006
24805,1.7344e-006
24806,1.3252e-006
24807,1.6965e-006
24808,9.0575e-007
24809,1.0114e-006
24810,8.4469e-007
24811,8.9243e-007
24812,8.6742e-007
24813,1.0798e-006
24814,7.9193e-007
24815,8.1605e-007
24816,9.0774e-007
24817,8.6452e-007
24818,4.2223e-007
24819,4.5298e-007
24820,2.9032e-007
24821,3.7507e-007
24822,4.6245e-007
24823,3.7833e-007
24824,3.709e-007
24825,4.2329e-007
24826,3.2126e-007
24827,3.8889e-007
24828,3.6025e-007
24829,2.8991e-007
24830,3.3922e-007
24831,3.6651e-007
24832,2.2369e-007
24833,9.413e-007
24834,9.7008e-007
24835,8.1904e-007
24836,8.1089e-007
24837,9.2333e-007
24838,8.9214e-007
24839,1.0944e-006
24840,1.0644e-006
24841,8.1843e-007
24842,8.9548e-007
24843,9.2227e-007
24844,4.3029e-007
24845,4.8429e-007
24846,4.6716e-007
24847,4.1027e-007
24848,4.0319e-007
24849,4.7746e-007
24850,3.6272e-007
24851,2.9254e-007
24852,3.5215e-007
24853,2.7986e-007
24854,2.6656e-007
24855,3.4309e-007
24856,2.8841e-007
24857,9.3718e-007
24858,7.8351e-007
24859,8.1179e-007
24860,8.7678e-007
24861,7.6406e-007
24862,9.0023e-007
24863,8.4171e-007
24864,8.4983e-007
24865,1.1407e-006
24866,1.0755e-006
24867,9.3371e-007
24868,9.2811e-007
24869,6.7969e-007
24870,5.4169e-007
24871,6.2681e-007
24872,6.3124e-007
24873,5.2646e-007
24874,6.423e-007
24875,6.8107e-007
24876,5.5651e-007
24877,8.9113e-007
24878,7.6636e-007
24879,8.8853e-007
24880,7.8878e-007
24881,9.5342e-007
24882,9.3654e-007
24883,1.0489e-006
24884,1.0777e-006
24885,1.1503e-006
24886,1.9124e-006
24887,2.1452e-006
24888,7.8301e-007
24889,8.6293e-007
24890,8.3609e-007
24891,9.1906e-007
24892,7.7696e-007
24893,7.3749e-007
24894,1.0375e-006
24895,7.3678e-007
24896,7.7902e-007
24897,7.9131e-007
24898,7.1507e-007
24899,8.3125e-007
24900,7.597e-007
24901,1.0911e-006
24902,1.1109e-006
24903,9.1909e-007
24904,1.0131e-006
24905,9.5911e-007
24906,5.5687e-007
24907,5.0089e-007
24908,5.3376e-007
24909,5.6478e-007
24910,4.2026e-007
24911,6.3611e-007
24912,5.2351e-006
24913,4.7448e-006
24914,4.0351e-006
24915,4.462e-006
24916,4.9163e-006
24917,4.3135e-006
24918,4.6562e-006
24919,3.7704e-006
24920,4.1401e-006
24921,4.3396e-006
24922,4.2905e-006
24923,4.9698e-006
24924,3.8777e-006
24925,9.0504e-007
24926,8.1731e-007
24927,1.075e-006
24928,8.4364e-007
24929,8.4644e-007
24930,9.4132e-007
24931,9.3736e-007
24932,8.2481e-007
24933,1.0512e-006
24934,9.0618e-007
24935,9.7678e-007
24936,1.0148e-006
24937,8.2098e-007
24938,1.0838e-006
24939,1.1872e-006
24940,1.3425e-006
24941,1.197e-006
24942,1.1201e-006
24943,1.17e-006
24944,8.1324e-007
24945,7.3841e-007
24946,6.2494e-007
24947,6.9717e-007
24948,6.5254e-007
24949,3.8434e-007
24950,3.8367e-007
24951,4.5194e-007
24952,3.7672e-007
24953,4.4748e-007
24954,4.7723e-007
24955,5.4569e-007
24956,5.826e-007
24957,5.136e-007
24958,5.4545e-007
24959,4.7418e-007
24960,3.9661e-007
24961,7.6554e-007
24962,6.4285e-007
24963,6.6191e-007
24964,8.7377e-007
24965,6.0114e-006
24966,6.4067e-006
24967,1.4708e-006
24968,1.6783e-006
24969,1.8362e-006
24970,1.8177e-006
24971,1.9655e-006
24972,1.9675e-006
24973,1.9402e-006
24974,2.2092e-006
24975,2.4976e-006
24976,2.6716e-006
24977,1.2318e-006
24978,1.3356e-006
24979,7.1479e-007
24980,7.629e-007
24981,1.2295e-006
24982,5.6693e-007
24983,6.5365e-007
24984,4.9786e-007
24985,5.2088e-007
24986,1.3844e-006
24987,1.2081e-006
24988,1.4205e-006
24989,1.5622e-006
24990,1.5856e-006
24991,1.3666e-006
24992,1.303e-006
24993,1.4997e-007
24994,1.9913e-007
24995,1.7633e-007
24996,1.3099e-007
24997,2.1908e-007
24998,1.5258e-007
24999,1.5713e-007
25000,1.8193e-007
25001,1.6308e-006
25002,1.7947e-006
25003,1.6344e-006
25004,2.832e-007
25005,3.6336e-007
25006,3.309e-007
25007,3.7047e-007
25008,4.6245e-007
25009,3.0916e-007
25010,4.5136e-007
25011,2.839e-007
25012,2.8295e-007
25013,1.2762e-007
25014,1.7518e-007
25015,2.1384e-007
25016,1.4699e-007
25017,2.2009e-007
25018,3.302e-007
25019,2.9261e-007
25020,3.7205e-007
25021,4.7869e-007
25022,4.2851e-007
25023,2.4257e-007
25024,2.8331e-007
25025,2.678e-007
25026,9.5257e-007
25027,1.0037e-006
25028,1.0923e-006
25029,8.4546e-007
25030,9.9377e-007
25031,8.9346e-007
25032,8.414e-007
25033,8.8894e-007
25034,2.9242e-006
25035,2.754e-006
25036,2.8287e-006
25037,2.4237e-006
25038,2.4879e-006
25039,3.1203e-006
25040,6.4465e-007
25041,4.5216e-007
25042,4.8458e-007
25043,6.3404e-007
25044,6.0204e-007
25045,5.2983e-007
25046,5.4554e-007
25047,6.9314e-007
25048,4.2769e-007
25049,5.5432e-007
25050,7.1584e-007
25051,7.3392e-007
25052,6.4311e-007
25053,6.6028e-007
25054,6.038e-007
25055,6.3609e-007
25056,6.5923e-007
25057,6.7017e-007
25058,6.1248e-007
25059,6.181e-007
25060,5.4726e-007
25061,5.6461e-007
25062,5.0512e-007
25063,6.2199e-007
25064,5.2633e-007
25065,1.8948e-007
25066,1.2194e-007
25067,1.134e-007
25068,1.4759e-007
25069,1.8317e-007
25070,1.3013e-007
25071,1.7097e-007
25072,6.417e-007
25073,5.6836e-007
25074,6.0642e-007
25075,1.7428e-006
25076,1.5333e-006
25077,1.3726e-006
25078,1.7515e-006
25079,5.3401e-007
25080,5.4951e-007
25081,6.2066e-007
25082,5.3694e-007
25083,5.9965e-007
25084,5.4323e-007
25085,4.4544e-007
25086,4.5029e-007
25087,4.6196e-007
25088,3.4079e-007
25089,3.7801e-007
25090,3.892e-007
25091,3.7079e-007
25092,4.5838e-007
25093,4.5449e-007
25094,4.5469e-007
25095,3.6428e-007
25096,3.2255e-007
25097,3.9772e-007
25098,6.5164e-007
25099,6.5232e-007
25100,6.5537e-007
25101,6.784e-007
25102,6.7199e-006
25103,7.532e-006
25104,6.7324e-006
25105,7.3718e-006
25106,7.0327e-006
25107,6.2546e-006
25108,5.8419e-006
25109,6.2251e-006
25110,6.5647e-006
25111,6.2461e-007
25112,5.3735e-007
25113,5.6255e-007
25114,5.893e-007
25115,5.3512e-007
25116,6.0383e-007
25117,5.4046e-007
25118,6.0629e-007
25119,5.3553e-007
25120,4.8075e-007
25121,3.6106e-007
25122,3.9885e-007
25123,4.6743e-007
25124,5.3857e-007
25125,1.4642e-006
25126,1.6315e-006
25127,1.5892e-006
25128,1.6083e-006
25129,1.8898e-006
25130,1.4078e-006
25131,1.4522e-006
25132,1.4888e-006
25133,1.5265e-006
25134,1.8273e-006
25135,8.2069e-007
25136,8.3046e-007
25137,7.07e-007
25138,9.5934e-007
25139,7.1096e-007
25140,7.554e-007
25141,6.9398e-007
25142,6.2964e-007
25143,6.2017e-007
25144,6.7732e-007
25145,6.9718e-007
25146,7.8095e-007
25147,6.4437e-007
25148,6.0096e-007
25149,6.9767e-007
25150,7.0551e-007
25151,7.1291e-007
25152,8.2786e-007
25153,8.6021e-007
25154,7.77e-007
25155,9.5442e-007
25156,7.8212e-007
25157,8.6348e-007
25158,6.893e-007
25159,7.1068e-007
25160,8.0168e-007
25161,8.2641e-007
25162,7.757e-007
25163,7.0771e-007
25164,7.548e-007
25165,9.0122e-007
25166,9.2959e-007
25167,1.0417e-006
25168,1.0339e-006
25169,1.0179e-006
25170,6.7307e-007
25171,5.8894e-007
25172,6.5406e-007
25173,4.95e-007
25174,5.3704e-007
25175,6.4907e-007
25176,5.4361e-007
25177,3.9225e-007
25178,4.7016e-007
25179,4.5739e-007
25180,4.8581e-007
25181,4.2266e-007
25182,7.5991e-007
25183,8.5698e-007
25184,6.7091e-007
25185,7.3847e-007
25186,8.1996e-007
25187,7.8178e-007
25188,7.3355e-007
25189,5.454e-007
25190,5.5606e-007
25191,5.0502e-007
25192,6.0994e-007
25193,6.1874e-007
25194,6.1669e-007
25195,5.0865e-007
25196,6.1494e-007
25197,5.5607e-007
25198,1.1557e-006
25199,1.0504e-006
25200,1.5267e-006
25201,1.2581e-006
25202,1.4559e-006
25203,1.3903e-006
25204,4.3642e-007
25205,4.4507e-007
25206,4.694e-007
25207,4.1339e-007
25208,3.779e-007
25209,4.3932e-007
25210,1.2574e-006
25211,1.3599e-006
25212,1.1364e-006
25213,1.2442e-006
25214,1.2641e-006
25215,1.5227e-006
25216,1.3715e-006
25217,1.3954e-006
25218,1.1575e-006
25219,1.1768e-006
25220,1.3664e-006
25221,1.282e-006
25222,1.1889e-006
25223,1.0618e-006
25224,1.1532e-006
25225,9.7349e-007
25226,1.1922e-006
25227,9.6723e-007
25228,8.3945e-007
25229,8.6516e-007
25230,1.0628e-006
25231,9.4485e-007
25232,8.5382e-007
25233,8.3367e-007
25234,7.7927e-007
25235,7.8307e-007
25236,8.1049e-007
25237,6.976e-007
25238,7.1656e-007
25239,7.5317e-007
25240,6.9507e-007
25241,6.3971e-007
25242,6.98e-007
25243,9.412e-007
25244,8.6243e-007
25245,8.2873e-007
25246,1.0602e-006
25247,8.0626e-007
25248,7.4259e-007
25249,8.597e-007
25250,8.2892e-007
25251,1.0031e-006
25252,8.7499e-007
25253,1.1185e-006
25254,8.967e-007
25255,1.0098e-006
25256,9.9183e-007
25257,1.034e-006
25258,1.0875e-006
25259,9.0363e-007
25260,8.3623e-007
25261,8.4025e-007
25262,9.1468e-007
25263,1.0344e-006
25264,9.0875e-007
25265,8.3915e-007
25266,1.0745e-006
25267,1.1747e-006
25268,1.0414e-006
25269,9.855e-007
25270,1.0743e-006
25271,9.487e-007
25272,9.7762e-007
25273,1.3366e-006
25274,1.1239e-006
25275,1.2227e-006
25276,1.6977e-006
25277,1.5993e-006
25278,1.6253e-006
25279,1.9298e-006
25280,2.1569e-006
25281,1.5927e-006
25282,1.7088e-006
25283,9.2374e-007
25284,9.6744e-007
25285,1.0462e-006
25286,7.2296e-007
25287,6.3247e-007
25288,7.0363e-007
25289,6.6128e-007
25290,4.5105e-007
25291,4.3848e-007
25292,3.7667e-007
25293,4.6102e-007
25294,3.6381e-007
25295,4.2918e-007
25296,6.8459e-007
25297,7.8028e-007
25298,6.8653e-007
25299,7.6401e-007
25300,6.5439e-007
25301,6.2408e-007
25302,6.275e-007
25303,6.4293e-007
25304,5.2224e-007
25305,5.643e-007
25306,5.8532e-007
25307,7.6584e-007
25308,6.8351e-007
25309,6.2019e-007
25310,6.2571e-007
25311,6.9256e-007
25312,7.7729e-007
25313,7.0125e-007
25314,6.6299e-007
25315,8.2131e-007
25316,7.0543e-007
25317,7.1814e-007
25318,6.3826e-007
25319,5.143e-007
25320,5.3478e-007
25321,6.038e-007
25322,6.2156e-007
25323,4.6027e-007
25324,5.9051e-007
25325,5.5814e-007
25326,5.0594e-007
25327,5.9235e-007
25328,8.5886e-007
25329,7.8532e-007
25330,8.8716e-007
25331,8.6625e-007
25332,7.6234e-007
25333,7.6177e-007
25334,5.858e-007
25335,5.1496e-007
25336,6.4423e-007
25337,6.0001e-007
25338,5.6277e-007
25339,6.2712e-007
25340,5.5496e-007
25341,6.2544e-007
25342,5.1652e-007
25343,4.7301e-007
25344,5.7494e-007
25345,6.2852e-007
25346,5.5675e-007
25347,5.0041e-007
25348,6.1173e-007
25349,7.7497e-007
25350,8.7569e-007
25351,8.3233e-007
25352,7.7555e-007
25353,8.7857e-007
25354,8.6692e-007
25355,7.9266e-007
25356,9.3202e-007
25357,7.773e-007
25358,1.0439e-006
25359,8.0168e-007
25360,1.2452e-006
25361,1.2021e-006
25362,1.1608e-006
25363,1.2049e-006
25364,1.4403e-006
25365,1.1593e-006
25366,1.398e-006
25367,1.1927e-006
25368,1.401e-006
25369,1.2719e-006
25370,1.1606e-006
25371,1.2584e-006
25372,1.1668e-006
25373,1.1228e-006
25374,1.1141e-006
25375,1.3627e-006
25376,1.2816e-006
25377,1.067e-006
25378,7.1468e-007
25379,7.1556e-007
25380,6.8249e-007
25381,6.5662e-007
25382,7.2128e-007
25383,7.9849e-007
25384,6.9844e-007
25385,6.3869e-007
25386,7.9178e-007
25387,1.0221e-006
25388,8.2968e-007
25389,9.2745e-007
25390,8.3447e-007
25391,6.1857e-007
25392,5.582e-007
25393,6.2426e-007
25394,5.6561e-007
25395,5.4394e-007
25396,6.1657e-007
25397,6.4321e-007
25398,4.7863e-007
25399,5.3536e-007
25400,5.8372e-007
25401,6.3547e-007
25402,6.5505e-007
25403,5.718e-007
25404,6.4821e-007
25405,7.8487e-007
25406,8.7798e-007
25407,8.174e-007
25408,8.9827e-007
25409,9.1999e-007
25410,7.8786e-007
25411,8.4463e-007
25412,7.1663e-007
25413,7.061e-007
25414,7.7133e-007
25415,6.4283e-007
25416,5.5653e-007
25417,6.5631e-007
25418,6.5608e-007
25419,7.4184e-007
25420,7.1554e-007
25421,6.0018e-007
25422,6.637e-007
25423,5.6385e-007
25424,6.6826e-007
25425,5.3699e-007
25426,5.7936e-007
25427,6.083e-007
25428,5.398e-007
25429,4.6436e-007
25430,5.3776e-007
25431,4.3484e-007
25432,4.9372e-007
25433,6.2479e-007
25434,7.1495e-007
25435,7.0727e-007
25436,8.5935e-007
25437,9.3511e-007
25438,7.8974e-007
25439,7.3386e-007
25440,8.3739e-007
25441,7.4108e-007
25442,7.3562e-007
25443,7.131e-007
25444,7.6676e-007
25445,1.0033e-006
25446,8.5061e-007
25447,9.6202e-007
25448,6.5529e-007
25449,5.6129e-007
25450,5.9819e-007
25451,6.5434e-007
25452,7.0337e-007
25453,5.905e-007
25454,6.2203e-007
25455,1.011e-006
25456,1.237e-006
25457,9.9015e-007
25458,9.1485e-007
25459,1.2841e-006
25460,1.2995e-006
25461,1.0194e-006
25462,7.4183e-007
25463,7.6681e-007
25464,8.3112e-007
25465,7.6184e-007
25466,5.7187e-007
25467,6.0957e-007
25468,6.5387e-007
25469,5.5415e-007
25470,7.2628e-007
25471,6.689e-007
25472,7.0823e-007
25473,7.7914e-007
25474,6.3184e-007
25475,1.1905e-006
25476,7.4091e-007
25477,1.038e-006
25478,7.5305e-007
25479,1.0613e-006
25480,8.4279e-007
25481,1.1217e-006
25482,8.1956e-007
25483,6.8301e-007
25484,6.9714e-007
25485,8.8923e-007
25486,1.8916e-006
25487,1.5802e-006
25488,1.3958e-006
25489,1.3978e-006
25490,1.4845e-006
25491,1.7628e-006
25492,1.2399e-006
25493,6.3677e-007
25494,7.5662e-007
25495,7.4819e-007
25496,6.4826e-007
25497,6.3064e-007
25498,6.6328e-007
25499,7.3228e-007
25500,6.9698e-007
25501,7.2686e-007
25502,5.4561e-007
25503,4.8903e-007
25504,5.3551e-007
25505,4.919e-007
25506,4.2612e-007
25507,5.6565e-007
25508,4.7051e-007
25509,5.3863e-007
25510,3.602e-007
25511,5.6663e-007
25512,4.0768e-007
25513,6.4009e-007
25514,4.7366e-007
25515,5.2785e-007
25516,6.7432e-007
25517,5.1568e-007
25518,6.0235e-007
25519,5.2168e-007
25520,5.9048e-007
25521,5.7275e-007
25522,7.4527e-007
25523,6.9472e-007
25524,7.4894e-007
25525,6.6058e-007
25526,7.4564e-007
25527,9.2902e-007
25528,9.8474e-007
25529,1.0797e-006
25530,1.047e-006
25531,8.7981e-007
25532,1.375e-006
25533,1.2002e-006
25534,1.2819e-006
25535,9.985e-007
25536,9.0804e-007
25537,9.1809e-007
25538,8.8992e-007
25539,7.3977e-007
25540,6.8025e-007
25541,7.2988e-007
25542,7.5087e-007
25543,7.0927e-007
25544,7.8641e-007
25545,7.7218e-007
25546,6.4906e-007
25547,6.1695e-007
25548,6.2255e-007
25549,6.7933e-007
25550,6.5774e-007
25551,6.1194e-007
25552,7.0644e-007
25553,1.0649e-006
25554,8.6491e-007
25555,7.431e-007
25556,8.9257e-007
25557,8.8145e-007
25558,8.0924e-007
25559,6.3392e-007
25560,6.6159e-007
25561,5.5485e-007
25562,4.4762e-007
25563,6.327e-007
25564,4.8227e-007
25565,4.0893e-007
25566,3.8547e-007
25567,4.3821e-007
25568,3.5701e-007
25569,3.4782e-007
25570,5.4771e-007
25571,5.2498e-007
25572,5.0115e-007
25573,3.4887e-007
25574,4.4025e-007
25575,4.6366e-007
25576,4.0867e-007
25577,4.6622e-007
25578,3.3993e-007
25579,3.9709e-007
25580,4.5584e-007
25581,8.4069e-007
25582,1.3037e-006
25583,9.6564e-007
25584,9.5776e-007
25585,8.1706e-007
25586,9.2164e-007
25587,8.4664e-007
25588,1.2431e-006
25589,1.142e-006
25590,1.0058e-006
25591,5.9709e-007
25592,8.6855e-007
25593,7.0762e-007
25594,7.1454e-007
25595,7.224e-007
25596,6.0184e-007
25597,7.2749e-007
25598,8.2934e-007
25599,6.3868e-007
25600,9.085e-007
25601,7.9974e-007
25602,7.834e-007
25603,7.0444e-007
25604,5.9157e-007
25605,6.0339e-007
25606,6.7338e-007
25607,5.4659e-007
25608,6.5266e-007
25609,7.3784e-007
25610,6.7111e-007
25611,7.3179e-007
25612,6.1943e-007
25613,5.334e-007
25614,6.6663e-007
25615,6.8327e-007
25616,7.2571e-007
25617,5.5857e-007
25618,6.7354e-007
25619,6.6374e-007
25620,7.9908e-007
25621,9.1259e-007
25622,8.6803e-007
25623,7.4528e-007
25624,8.2234e-007
25625,7.5214e-007
25626,8.3604e-007
25627,7.1535e-007
25628,7.3522e-007
25629,7.4402e-007
25630,8.277e-007
25631,7.1667e-007
25632,9.7387e-007
25633,8.1075e-007
25634,9.7014e-007
25635,9.4188e-007
25636,8.0678e-007
25637,1.0058e-006
25638,8.677e-007
25639,9.2239e-007
25640,8.7103e-007
25641,8.2019e-007
25642,8.5381e-007
25643,8.7881e-007
25644,7.4945e-007
25645,8.0773e-007
25646,5.7363e-007
25647,5.156e-007
25648,4.9641e-007
25649,4.9679e-007
25650,5.8552e-007
25651,4.369e-007
25652,5.0547e-007
25653,6.3941e-007
25654,6.3552e-007
25655,5.5658e-007
25656,5.3622e-007
25657,6.7774e-007
25658,6.1387e-007
25659,6.1032e-007
25660,5.7945e-007
25661,6.3854e-007
25662,7.1719e-007
25663,7.0877e-007
25664,6.5525e-007
25665,5.7348e-007
25666,6.5021e-007
25667,5.9742e-007
25668,4.3732e-007
25669,3.946e-007
25670,3.7706e-007
25671,4.3122e-007
25672,4.1541e-007
25673,3.7286e-007
25674,2.8008e-007
25675,2.8779e-007
25676,2.2797e-007
25677,3.5623e-007
25678,3.0477e-007
25679,3.8792e-007
25680,6.1985e-007
25681,8.1773e-007
25682,7.2886e-007
25683,6.7238e-007
25684,6.1712e-007
25685,7.6505e-007
25686,6.7441e-007
25687,7.0743e-007
25688,7.2001e-007
25689,5.8802e-007
25690,5.247e-007
25691,4.9386e-007
25692,4.7148e-007
25693,5.3934e-007
25694,5.9023e-007
25695,6.1565e-007
25696,4.5692e-007
25697,5.1229e-007
25698,8.2667e-007
25699,9.2459e-007
25700,8.3277e-007
25701,1.2698e-006
25702,1.0373e-006
25703,1.0737e-006
25704,9.224e-007
25705,1.3433e-006
25706,8.0826e-007
25707,1.3603e-006
25708,9.1338e-007
25709,1.0205e-006
25710,1.3196e-006
25711,1.3736e-006
25712,9.929e-007
25713,1.074e-006
25714,8.2723e-007
25715,7.4193e-007
25716,8.0095e-007
25717,7.6405e-007
25718,7.4518e-007
25719,7.2009e-007
25720,7.3442e-007
25721,6.5855e-007
25722,6.8555e-007
25723,6.9513e-007
25724,6.7439e-007
25725,8.6806e-007
25726,8.2945e-007
25727,7.6531e-007
25728,8.7386e-007
25729,9.683e-007
25730,1.0092e-006
25731,6.4433e-007
25732,6.5081e-007
25733,7.6303e-007
25734,7.9777e-007
25735,7.0702e-007
25736,7.4192e-007
25737,6.7758e-007
25738,6.2657e-007
25739,7.7599e-007
25740,6.211e-007
25741,6.7403e-007
25742,6.4556e-007
25743,6.7455e-007
25744,5.995e-007
25745,7.8301e-007
25746,6.8521e-007
25747,6.2767e-007
25748,7.5209e-007
25749,7.5132e-007
25750,6.9447e-007
25751,5.253e-007
25752,7.6175e-007
25753,8.9883e-007
25754,6.6598e-007
25755,6.0181e-007
25756,6.0277e-007
25757,6.0075e-007
25758,6.5037e-007
25759,5.9888e-007
25760,5.5069e-007
25761,5.7572e-007
25762,5.7117e-007
25763,1.2088e-006
25764,1.0285e-006
25765,1.1101e-006
25766,9.7731e-007
25767,1.171e-006
25768,1.2127e-006
25769,1.4229e-006
25770,1.3272e-006
25771,1.4845e-006
25772,1.0896e-006
25773,1.1434e-006
25774,1.0882e-006
25775,1.0765e-006
25776,1.3289e-006
25777,1.0227e-006
25778,1.0404e-006
25779,1.1349e-006
25780,1.0689e-006
25781,9.8413e-007
25782,9.6455e-007
25783,1.082e-006
25784,1.0321e-006
25785,9.8622e-007
25786,1.0833e-006
25787,1.0205e-006
25788,1.0485e-006
25789,1.0849e-006
25790,1.3654e-006
25791,1.0334e-006
25792,1.0186e-006
25793,1.0954e-006
25794,1.0575e-006
25795,1.1239e-006
25796,1.0512e-006
25797,1.3927e-006
25798,1.2073e-006
25799,1.0789e-006
25800,1.08e-006
25801,1.2659e-006
25802,8.167e-007
25803,9.4129e-007
25804,6.7316e-007
25805,8.2e-007
25806,8.2647e-007
25807,7.4429e-007
25808,8.3077e-007
25809,7.1746e-007
25810,7.1401e-007
25811,9.268e-007
25812,8.2763e-007
25813,7.2931e-007
25814,9.5257e-007
25815,8.824e-007
25816,7.0263e-007
25817,7.3459e-007
25818,7.6837e-007
25819,7.5172e-007
25820,7.593e-007
25821,9.7618e-007
25822,8.3843e-007
25823,7.677e-007
25824,8.6288e-007
25825,7.7466e-007
25826,7.3456e-007
25827,1.0119e-006
25828,1.2384e-006
25829,1.1576e-006
25830,1.5924e-006
25831,1.2842e-006
25832,8.0736e-007
25833,7.668e-007
25834,7.1044e-007
25835,7.1359e-007
25836,6.9255e-007
25837,6.1553e-007
25838,6.6832e-007
25839,6.9576e-007
25840,6.7449e-007
25841,8.6825e-007
25842,1.0288e-006
25843,1.0367e-006
25844,8.9414e-007
25845,8.0956e-007
25846,7.8787e-007
25847,8.5985e-007
25848,1.1012e-006
25849,4.1034e-007
25850,5.2812e-007
25851,3.9562e-007
25852,4.9349e-007
25853,4.8638e-007
25854,4.3999e-007
25855,4.1075e-007
25856,4.7842e-007
25857,4.754e-007
25858,3.6274e-007
25859,4.031e-007
25860,4.6206e-007
25861,3.3946e-007
25862,4.4454e-007
25863,4.0142e-007
25864,3.8691e-007
25865,4.0602e-007
25866,3.2795e-007
25867,5.8115e-007
25868,5.727e-007
25869,6.3371e-007
25870,5.4573e-007
25871,5.9173e-007
25872,5.0202e-007
25873,5.9996e-007
25874,6.6064e-007
25875,7.8607e-007
25876,7.7912e-007
25877,7.1838e-007
25878,6.2189e-007
25879,6.9207e-007
25880,7.4571e-007
25881,6.6023e-007
25882,6.9332e-007
25883,5.8232e-007
25884,6.6732e-007
25885,5.7701e-007
25886,5.5851e-007
25887,6.0966e-007
25888,5.48e-007
25889,4.1419e-007
25890,5.0531e-007
25891,5.0652e-007
25892,3.4702e-007
25893,4.1832e-007
25894,4.5818e-007
25895,4.864e-007
25896,4.1076e-007
25897,4.3203e-007
25898,5.0347e-007
25899,4.6584e-007
25900,5.5669e-007
25901,5.7306e-007
25902,4.7672e-007
25903,4.6852e-007
25904,5.1324e-007
25905,4.5102e-007
25906,5.5842e-007
25907,3.7832e-007
25908,6.6156e-007
25909,6.8983e-007
25910,5.95e-007
25911,5.9508e-007
25912,6.9908e-007
25913,6.4662e-007
25914,7.2581e-007
25915,8.0266e-007
25916,7.2204e-007
25917,7.5186e-007
25918,6.4807e-007
25919,6.1342e-007
25920,7.2077e-007
25921,6.4943e-007
25922,6.6789e-007
25923,4.7993e-007
25924,4.5165e-007
25925,3.0219e-007
25926,4.0974e-007
25927,4.3958e-007
25928,3.8603e-007
25929,2.36e-007
25930,3.3381e-007
25931,3.1163e-007
25932,4.6868e-007
25933,2.7552e-007
25934,5.2331e-007
25935,5.8786e-007
25936,6.4497e-007
25937,6.4717e-007
25938,5.8102e-007
25939,5.92e-007
25940,5.8188e-007
25941,6.1689e-007
25942,5.6554e-007
25943,7.4807e-007
25944,6.7917e-007
25945,7.6569e-007
25946,6.4364e-007
25947,6.5491e-007
25948,4.4229e-007
25949,5.8657e-007
25950,4.6612e-007
25951,5.6151e-007
25952,5.4104e-007
25953,5.1291e-007
25954,5.1623e-007
25955,6.1834e-007
25956,5.2223e-007
25957,5.2931e-007
25958,6.2621e-007
25959,5.9324e-007
25960,6.6369e-007
25961,6.9191e-007
25962,6.243e-007
25963,5.8198e-007
25964,6.3741e-007
25965,6.7805e-007
25966,7.1054e-007
25967,5.9693e-007
25968,7.5743e-007
25969,6.4834e-007
25970,6.192e-007
25971,6.5689e-007
25972,4.3892e-007
25973,4.5599e-007
25974,4.828e-007
25975,3.5385e-007
25976,3.726e-007
25977,4.3524e-007
25978,5.0224e-007
25979,4.3655e-007
25980,4.2023e-007
25981,3.4679e-007
25982,3.5344e-007
25983,3.6875e-007
25984,4.2881e-007
25985,7.4555e-007
25986,7.208e-007
25987,6.7566e-007
25988,5.496e-007
25989,5.2089e-007
25990,5.885e-007
25991,6.302e-007
25992,5.7649e-007
25993,5.245e-007
25994,5.012e-007
25995,5.9101e-007
25996,9.0317e-007
25997,1.0164e-006
25998,7.5569e-007
25999,8.7167e-007
26000,8.5056e-007
26001,7.4385e-007
26002,7.3865e-007
26003,9.7857e-007
26004,8.5396e-007
26005,9.1629e-007
26006,1.0924e-006
26007,7.9088e-007
26008,9.1345e-007
26009,9.8812e-007
26010,1.0519e-006
26011,1.0246e-006
26012,8.6479e-007
26013,1.5667e-006
26014,2.0981e-006
26015,1.4367e-006
26016,1.4467e-006
26017,1.5424e-006
26018,1.4515e-006
26019,1.3905e-006
26020,1.8517e-006
26021,1.7711e-006
26022,1.2333e-006
26023,1.3314e-006
26024,1.4512e-006
26025,1.2486e-006
26026,1.5681e-006
26027,1.2208e-006
26028,1.2686e-006
26029,1.4614e-006
26030,1.3817e-006
26031,2.3398e-006
26032,1.882e-006
26033,2.3522e-006
26034,2.4252e-006
26035,2.2146e-006
26036,2.4215e-006
26037,2.7095e-006
26038,2.3221e-006
26039,3.0331e-006
26040,2.6619e-006
26041,8.8783e-007
26042,1.0464e-006
26043,1.1214e-006
26044,1.0489e-006
26045,9.2689e-007
26046,9.5061e-007
26047,1.0258e-006
26048,1.0651e-006
26049,9.0218e-007
26050,8.4409e-007
26051,9.0939e-007
26052,8.9394e-007
26053,9.2554e-007
26054,9.5232e-007
26055,1.1484e-006
26056,1.3297e-006
26057,1.1401e-006
26058,9.5733e-007
26059,9.2134e-007
26060,8.8742e-007
26061,1.1078e-006
26062,9.3321e-007
26063,7.8111e-007
26064,7.1898e-007
26065,7.9898e-007
26066,7.8856e-007
26067,7.7558e-007
26068,9.6989e-007
26069,7.5154e-007
26070,7.2512e-007
26071,6.9224e-007
26072,7.9779e-007
26073,7.3424e-007
26074,6.7887e-007
26075,8.9028e-007
26076,6.7741e-007
26077,7.32e-007
26078,1.3524e-006
26079,1.0228e-006
26080,1.1382e-006
26081,1.1882e-006
26082,1.5446e-006
26083,6.6522e-007
26084,6.5641e-007
26085,6.7324e-007
26086,7.1633e-007
26087,7.9857e-007
26088,8.1882e-007
26089,6.8703e-007
26090,7.0525e-007
26091,7.0488e-007
26092,6.3516e-007
26093,7.7617e-007
26094,8.5841e-007
26095,8.0102e-007
26096,6.896e-007
26097,6.9034e-007
26098,8.8077e-007
26099,1.1133e-006
26100,1.1062e-006
26101,9.3185e-007
26102,9.0478e-007
26103,1.1406e-006
26104,8.9499e-007
26105,1.1251e-006
26106,7.8404e-007
26107,7.1943e-007
26108,7.0797e-007
26109,6.751e-007
26110,8.083e-007
26111,7.8313e-007
26112,7.5958e-007
26113,7.7455e-007
26114,7.2728e-007
26115,7.2044e-007
26116,7.7871e-007
26117,1.0873e-006
26118,1.57e-006
26119,9.9586e-007
26120,1.0531e-006
26121,1.5284e-006
26122,1.3141e-006
26123,1.1122e-006
26124,1.2459e-006
26125,1.2289e-006
26126,1.4888e-006
26127,1.0184e-006
26128,1.0536e-006
26129,1.2384e-006
26130,1.2398e-006
26131,1.047e-006
26132,9.635e-007
26133,1.1627e-006
26134,9.4871e-007
26135,1.0774e-006
26136,4.6641e-007
26137,5.1028e-007
26138,5.0987e-007
26139,4.5195e-007
26140,4.1031e-007
26141,3.6749e-007
26142,4.3121e-007
26143,3.8088e-007
26144,4.7722e-007
26145,3.4565e-007
26146,4.3545e-007
26147,2.7306e-007
26148,3.0848e-007
26149,2.698e-007
26150,2.7118e-007
26151,2.4422e-007
26152,1.831e-007
26153,2.2263e-007
26154,2.0734e-007
26155,2.7396e-007
26156,1.524e-006
26157,1.7205e-006
26158,2.112e-006
26159,1.7978e-006
26160,1.7755e-006
26161,1.6646e-006
26162,2.0448e-006
26163,4.772e-007
26164,5.7765e-007
26165,5.7985e-007
26166,5.7625e-007
26167,5.3197e-007
26168,4.5899e-007
26169,6.7092e-007
26170,8.2125e-007
26171,7.2673e-007
26172,7.7964e-007
26173,7.3938e-007
26174,9.4106e-007
26175,8.3222e-007
26176,1.0561e-006
26177,1.0288e-006
26178,5.7115e-007
26179,4.9156e-007
26180,6.3699e-007
26181,5.2704e-007
26182,5.3663e-007
26183,6.4968e-007
26184,2.6821e-007
26185,3.0369e-007
26186,3.674e-007
26187,3.5275e-007
26188,3.2006e-007
26189,2.5581e-007
26190,2.3733e-007
26191,2.4052e-007
26192,8.6549e-007
26193,9.6635e-007
26194,9.0617e-007
26195,7.4191e-007
26196,9.579e-007
26197,8.1124e-007
26198,7.8723e-007
26199,7.0898e-007
26200,9.2266e-007
26201,7.7446e-007
26202,9.9674e-007
26203,8.346e-007
26204,8.3053e-007
26205,7.6481e-007
26206,1.0065e-006
26207,9.7018e-007
26208,9.5242e-007
26209,8.8737e-007
26210,1.119e-006
26211,1.1039e-006
26212,1.284e-006
26213,1.0858e-006
26214,1.0581e-006
26215,7.7456e-007
26216,7.1499e-007
26217,8.0534e-007
26218,7.0825e-007
26219,8.4629e-007
26220,9.4933e-007
26221,7.5173e-007
26222,7.4695e-007
26223,9.5332e-007
26224,7.679e-007
26225,7.4611e-007
26226,9.278e-007
26227,7.706e-007
26228,7.6074e-007
26229,8.8057e-007
26230,9.6691e-007
26231,8.4583e-007
26232,7.6551e-007
26233,7.7672e-007
26234,7.8199e-007
26235,8.8918e-007
26236,5.7789e-007
26237,5.0142e-007
26238,5.4282e-007
26239,6.2627e-007
26240,6.4492e-007
26241,5.1795e-007
26242,4.7223e-007
26243,9.1997e-007
26244,9.6817e-007
26245,7.9025e-007
26246,7.0136e-007
26247,7.3838e-007
26248,9.2509e-007
26249,7.6519e-007
26250,2.5301e-006
26251,1.8052e-006
26252,2.1372e-006
26253,2.0528e-006
26254,2.2432e-006
26255,1.5698e-006
26256,1.5614e-006
26257,1.8625e-006
26258,1.4976e-006
26259,1.6107e-006
26260,1.8811e-006
26261,1.4352e-006
26262,6.0319e-007
26263,5.2818e-007
26264,6.0694e-007
26265,5.8318e-007
26266,6.259e-007
26267,6.4464e-007
26268,5.06e-007
26269,4.8757e-007
26270,4.0376e-007
26271,4.7374e-007
26272,4.2195e-007
26273,5.4427e-007
26274,4.9507e-007
26275,6.368e-007
26276,7.0049e-007
26277,5.779e-007
26278,6.281e-007
26279,4.6821e-007
26280,4.4115e-007
26281,4.8935e-007
26282,5.1574e-007
26283,3.7284e-007
26284,4.2516e-007
26285,4.0839e-007
26286,4.0153e-007
26287,6.2594e-007
26288,4.348e-007
26289,5.168e-007
26290,5.4631e-007
26291,5.1457e-007
26292,4.8545e-007
26293,4.4495e-007
26294,4.2439e-007
26295,4.064e-007
26296,4.7212e-007
26297,4.3391e-007
26298,4.1239e-007
26299,3.6276e-007
26300,3.7808e-007
26301,3.7028e-007
26302,4.2755e-007
26303,3.0868e-007
26304,4.3318e-007
26305,4.9998e-007
26306,5.0943e-007
26307,4.3827e-007
26308,5.1512e-007
26309,2.6996e-007
26310,2.8879e-007
26311,3.1306e-007
26312,2.0172e-007
26313,3.0825e-007
26314,1.6974e-006
26315,1.9333e-006
26316,2.4085e-006
26317,2.164e-006
26318,2.1844e-006
26319,1.8749e-006
26320,5.4106e-007
26321,4.2708e-007
26322,4.6902e-007
26323,4.8539e-007
26324,6.0781e-007
26325,4.8331e-007
26326,4.8201e-007
26327,5.4137e-007
26328,5.9449e-007
26329,5.0402e-007
26330,5.4137e-007
26331,4.7549e-007
26332,6.7897e-007
26333,7.0796e-007
26334,8.3934e-007
26335,8.3589e-007
26336,1.0895e-006
26337,8.4302e-007
26338,9.9028e-007
26339,1.0948e-006
26340,8.8684e-007
26341,1.0495e-006
26342,8.3775e-007
26343,9.895e-007
26344,1.1438e-006
26345,1.0214e-006
26346,1.0472e-006
26347,1.2529e-006
26348,9.3507e-007
26349,1.1769e-006
26350,9.3834e-007
26351,9.8764e-007
26352,9.3745e-007
26353,1.1843e-006
26354,1.4523e-006
26355,1.129e-006
26356,1.2854e-006
26357,1.2465e-006
26358,1.2752e-006
26359,6.9083e-007
26360,6.8063e-007
26361,6.352e-007
26362,7.1003e-007
26363,7.9163e-007
26364,7.4586e-007
26365,7.8752e-007
26366,3.1145e-007
26367,3.4752e-007
26368,1.7054e-007
26369,2.0491e-007
26370,1.05e-007
26371,2.5538e-007
26372,3.3539e-007
26373,2.1004e-007
26374,2.4093e-007
26375,2.8059e-007
26376,2.7839e-007
26377,4.0759e-007
26378,2.3502e-007
26379,2.326e-007
26380,2.6217e-007
26381,3.155e-007
26382,3.9822e-007
26383,4.534e-007
26384,1.8918e-006
26385,2.1828e-006
26386,2.1106e-006
26387,1.5246e-007
26388,1.1145e-007
26389,1.9445e-007
26390,1.3409e-007
26391,1.7588e-007
26392,1.1561e-007
26393,1.5724e-007
26394,2.4353e-007
26395,1.7752e-007
26396,1.8035e-007
26397,2.2066e-007
26398,2.042e-007
26399,1.3355e-007
26400,2.2472e-007
26401,1.3365e-007
26402,1.818e-007
26403,1.1474e-007
26404,1.397e-006
26405,1.5411e-006
26406,1.302e-006
26407,1.275e-006
26408,1.5772e-006
26409,1.1623e-006
26410,9.8687e-007
26411,1.0956e-006
26412,3.733e-007
26413,4.3861e-007
26414,3.8285e-007
26415,3.6808e-007
26416,3.1587e-007
26417,1.7442e-006
26418,1.7052e-006
26419,1.8699e-006
26420,2.0484e-006
26421,1.5164e-006
26422,1.5177e-006
26423,1.8153e-006
26424,2.2952e-006
26425,1.4098e-006
26426,1.205e-006
26427,1.0742e-006
26428,1.1337e-006
26429,1.0262e-006
26430,1.0647e-006
26431,1.5944e-006
26432,1.3757e-006
26433,1.2108e-006
26434,1.6566e-006
26435,1.6046e-006
26436,1.2681e-006
26437,1.7745e-006
26438,1.519e-006
26439,1.8947e-006
26440,1.826e-006
26441,6.3325e-006
26442,6.6455e-006
26443,6.387e-006
26444,5.6209e-006
26445,5.7182e-006
26446,6.7564e-006
26447,7.0225e-006
26448,7.1346e-006
26449,3.6568e-007
26450,4.3366e-007
26451,4.1014e-007
26452,4.1293e-007
26453,3.381e-007
26454,4.202e-007
26455,3.5351e-007
26456,2.3714e-007
26457,3.5939e-007
26458,3.5202e-007
26459,2.8155e-007
26460,3.2873e-007
26461,3.2037e-007
26462,3.8379e-007
26463,4.4075e-007
26464,6.5479e-007
26465,6.3808e-007
26466,5.5107e-007
26467,5.5989e-007
26468,6.3987e-007
26469,6.6258e-007
26470,5.6431e-007
26471,6.6226e-007
26472,1.3169e-006
26473,1.1934e-006
26474,1.2375e-006
26475,1.1662e-006
26476,1.0885e-006
26477,1.1638e-006
26478,1.0892e-006
26479,1.3654e-006
26480,1.4009e-006
26481,1.3269e-006
26482,1.7317e-006
26483,1.4872e-006
26484,1.6413e-006
26485,8.5883e-007
26486,1.0992e-006
26487,8.4036e-007
26488,1.0651e-006
26489,9.2121e-007
26490,1.0092e-006
26491,8.8234e-007
26492,9.8937e-007
26493,9.9689e-007
26494,8.363e-007
26495,8.773e-007
26496,4.792e-006
26497,4.7465e-006
26498,5.4553e-006
26499,5.2868e-006
26500,9.7416e-007
26501,1.0247e-006
26502,1.0542e-006
26503,9.9166e-007
26504,1.1589e-006
26505,7.2757e-007
26506,7.0425e-007
26507,8.6778e-007
26508,8.1959e-007
26509,7.2989e-007
26510,8.1349e-007
26511,6.8987e-007
26512,7.4562e-007
26513,7.7564e-007
26514,5.4084e-007
26515,7.0422e-007
26516,5.4321e-007
26517,5.9749e-007
26518,5.9415e-007
26519,7.0656e-007
26520,4.6924e-007
26521,6.9972e-007
26522,4.5407e-007
26523,5.2528e-007
26524,5.9871e-007
26525,6.7216e-007
26526,5.6223e-007
26527,7.469e-007
26528,6.8543e-007
26529,7.8299e-007
26530,7.8603e-007
26531,6.5016e-007
26532,6.9278e-007
26533,9.2516e-007
26534,6.7008e-007
26535,5.5275e-007
26536,6.9714e-007
26537,7.836e-007
26538,7.1095e-007
26539,7.5424e-007
26540,7.926e-007
26541,7.1009e-007
26542,6.1453e-007
26543,8.3261e-007
26544,7.7821e-007
26545,5.5614e-007
26546,4.6242e-007
26547,4.434e-007
26548,4.9361e-007
26549,4.8946e-007
26550,4.6943e-007
26551,3.5406e-007
26552,4.029e-007
26553,5.198e-007
26554,5.3676e-007
26555,5.8558e-007
26556,6.5406e-007
26557,6.9378e-007
26558,5.6627e-007
26559,5.7564e-007
26560,6.5706e-007
26561,5.7048e-007
26562,7.2051e-007
26563,1.6043e-006
26564,1.3719e-006
26565,1.2235e-006
26566,1.0676e-006
26567,1.2147e-006
26568,1.5716e-006
26569,4.7269e-007
26570,3.6738e-007
26571,4.4946e-007
26572,4.2731e-007
26573,4.3365e-007
26574,3.807e-007
26575,3.6591e-007
26576,3.7332e-007
26577,3.0331e-007
26578,6.5967e-007
26579,7.0923e-007
26580,6.02e-007
26581,7.8212e-007
26582,8.0971e-007
26583,6.8074e-007
26584,6.9406e-007
26585,6.4871e-007
26586,6.2206e-007
26587,6.1123e-007
26588,6.05e-007
26589,5.9713e-007
26590,4.9264e-007
26591,5.5202e-007
26592,5.0967e-007
26593,4.5291e-007
26594,6.1191e-007
26595,6.3862e-007
26596,6.2711e-007
26597,8.1597e-007
26598,7.292e-007
26599,5.1868e-007
26600,7.01e-007
26601,5.3091e-007
26602,6.9774e-007
26603,5.1914e-007
26604,6.3461e-007
26605,7.4721e-007
26606,7.2052e-007
26607,6.1199e-007
26608,5.9615e-007
26609,6.1679e-007
26610,5.2479e-007
26611,8.2045e-007
26612,4.6764e-007
26613,7.2871e-007
26614,5.3421e-007
26615,7.9898e-007
26616,1.9144e-006
26617,1.8271e-006
26618,1.7539e-006
26619,2.0345e-006
26620,2.1968e-006
26621,1.8493e-006
26622,1.7905e-006
26623,2.0411e-006
26624,1.7627e-006
26625,2.1143e-006
26626,1.9306e-006
26627,2.4024e-006
26628,2.5661e-006
26629,1.2508e-006
26630,1.4883e-006
26631,1.2741e-006
26632,1.4237e-006
26633,1.2258e-006
26634,1.1708e-006
26635,1.4339e-006
26636,1.3843e-006
26637,1.0355e-006
26638,8.7575e-007
26639,9.7309e-007
26640,9.3661e-007
26641,9.9624e-007
26642,8.3647e-007
26643,1.8182e-006
26644,2.1016e-006
26645,1.7496e-006
26646,2.1869e-006
26647,1.7047e-006
26648,2.0685e-006
26649,2.3294e-006
26650,2.1173e-006
26651,2.0705e-006
26652,1.4649e-006
26653,1.261e-006
26654,1.411e-006
26655,1.1933e-006
26656,1.2156e-006
26657,1.1642e-006
26658,1.1446e-006
26659,1.6413e-006
26660,1.9831e-006
26661,1.8694e-006
26662,5.6955e-007
26663,6.0906e-007
26664,5.0343e-007
26665,5.5895e-007
26666,5.7156e-007
26667,4.8298e-007
26668,4.9886e-007
26669,5.0649e-007
26670,5.2491e-007
26671,6.3621e-007
26672,6.5339e-007
26673,6.4529e-007
26674,5.1946e-007
26675,6.2232e-007
26676,7.417e-007
26677,6.5703e-007
26678,7.5909e-007
26679,6.4019e-007
26680,6.2906e-007
26681,5.3717e-007
26682,5.7762e-007
26683,6.3729e-007
26684,3.6449e-007
26685,4.0196e-007
26686,3.999e-007
26687,4.3353e-007
26688,4.297e-007
26689,2.8187e-007
26690,4.0366e-007
26691,3.1036e-007
26692,3.3479e-007
26693,2.4199e-007
26694,3.4548e-007
26695,4.8202e-007
26696,4.5911e-007
26697,4.1474e-007
26698,8.0595e-007
26699,7.6557e-007
26700,9.1243e-007
26701,7.6528e-007
26702,7.177e-007
26703,8.1305e-007
26704,7.3584e-007
26705,6.8236e-007
26706,8.9308e-007
26707,7.0327e-007
26708,7.9721e-007
26709,7.7815e-007
26710,8.1075e-007
26711,6.4761e-007
26712,6.7304e-007
26713,6.1064e-007
26714,6.8106e-007
26715,8.5613e-007
26716,5.4587e-007
26717,1.0222e-006
26718,9.2834e-007
26719,5.7635e-007
26720,7.3973e-007
26721,8.137e-007
26722,1.4029e-006
26723,1.5425e-006
26724,1.2145e-006
26725,1.1719e-006
26726,1.4459e-006
26727,1.3248e-006
26728,1.5965e-006
26729,1.4336e-006
26730,6.6632e-007
26731,7.1373e-007
26732,8.0056e-007
26733,7.9208e-007
26734,6.8705e-007
26735,7.5488e-007
26736,7.246e-007
26737,1.297e-006
26738,1.1534e-006
26739,1.0058e-006
26740,9.313e-007
26741,9.8424e-007
26742,1.0042e-006
26743,1.2014e-006
26744,1.1307e-006
26745,1.248e-006
26746,1.3793e-006
26747,1.3241e-006
26748,1.4579e-006
26749,1.3654e-006
26750,1.5296e-006
26751,1.6017e-006
26752,1.3713e-006
26753,8.8981e-007
26754,1.1421e-006
26755,9.718e-007
26756,1.1593e-006
26757,9.1799e-007
26758,1.309e-006
26759,1.064e-006
26760,1.4169e-006
26761,1.4681e-006
26762,1.847e-006
26763,2.0341e-006
26764,1.5805e-006
26765,2.0637e-006
26766,8.7291e-007
26767,7.8536e-007
26768,7.8009e-007
26769,6.1973e-007
26770,6.9643e-007
26771,6.82e-007
26772,7.3132e-007
26773,7.4876e-007
26774,6.1824e-007
26775,6.4763e-007
26776,4.8988e-007
26777,4.6518e-007
26778,5.6105e-007
26779,4.7696e-007
26780,4.7644e-007
26781,5.3979e-007
26782,4.0352e-007
26783,4.9297e-007
26784,4.6672e-007
26785,5.4028e-007
26786,4.8042e-007
26787,4.3379e-007
26788,4.5629e-007
26789,3.7823e-007
26790,4.1144e-007
26791,4.3582e-007
26792,6.1768e-007
26793,5.9111e-007
26794,5.2764e-007
26795,5.5872e-007
26796,6.5077e-007
26797,6.0407e-007
26798,6.6711e-007
26799,6.9326e-007
26800,7.4472e-007
26801,9.5803e-007
26802,8.6877e-007
26803,8.3489e-007
26804,5.8498e-007
26805,4.5488e-007
26806,4.7073e-007
26807,5.3642e-007
26808,5.2486e-007
26809,5.0607e-007
26810,4.072e-007
26811,6.3464e-007
26812,7.5891e-007
26813,6.1285e-007
26814,6.6983e-007
26815,7.246e-007
26816,6.306e-007
26817,6.2384e-007
26818,6.5322e-007
26819,6.2254e-007
26820,7.0298e-007
26821,5.913e-007
26822,5.7017e-007
26823,4.3572e-007
26824,4.1051e-007
26825,4.7085e-007
26826,3.5521e-007
26827,3.2245e-007
26828,4.2687e-007
26829,4.1577e-007
26830,3.4988e-007
26831,5.3974e-007
26832,6.5362e-007
26833,5.5216e-007
26834,5.9802e-007
26835,5.739e-007
26836,1.1084e-006
26837,1.0098e-006
26838,8.4431e-007
26839,9.0721e-007
26840,8.6544e-007
26841,1.0239e-006
26842,1.0791e-006
26843,1.0071e-006
26844,8.5485e-007
26845,8.9026e-007
26846,6.1807e-007
26847,5.5213e-007
26848,5.4138e-007
26849,5.722e-007
26850,6.7131e-007
26851,6.8651e-007
26852,6.716e-007
26853,6.345e-007
26854,5.776e-007
26855,5.053e-007
26856,5.9664e-007
26857,5.3931e-007
26858,5.5924e-007
26859,6.1058e-007
26860,5.2262e-007
26861,4.6554e-007
26862,5.1796e-007
26863,5.9225e-007
26864,5.6311e-007
26865,5.0118e-007
26866,4.3324e-007
26867,4.8984e-007
26868,4.0887e-007
26869,3.9073e-007
26870,1.3829e-006
26871,1.1968e-006
26872,1.0309e-006
26873,1.0089e-006
26874,1.4134e-006
26875,1.1767e-006
26876,1.136e-006
26877,1.0267e-006
26878,1.6105e-006
26879,1.2318e-006
26880,1.6054e-006
26881,1.6511e-006
26882,1.3748e-006
26883,1.3884e-006
26884,1.6708e-006
26885,1.5862e-006
26886,1.9407e-006
26887,5.5904e-007
26888,6.5054e-007
26889,5.8449e-007
26890,6.9901e-007
26891,7.0851e-007
26892,6.2763e-007
26893,6.3506e-007
26894,4.4119e-007
26895,3.8088e-007
26896,4.7214e-007
26897,4.1861e-007
26898,4.3951e-007
26899,3.4647e-007
26900,3.7579e-007
26901,1.3539e-006
26902,1.2554e-006
26903,1.5806e-006
26904,1.4135e-006
26905,1.308e-006
26906,1.2678e-006
26907,1.531e-006
26908,1.1534e-006
26909,1.1713e-006
26910,1.1345e-006
26911,1.007e-006
26912,1.2527e-006
26913,1.0927e-006
26914,1.3797e-006
26915,1.1879e-006
26916,1.0691e-006
26917,1.2333e-006
26918,1.1942e-006
26919,1.4477e-006
26920,1.6455e-006
26921,1.1697e-006
26922,1.0249e-006
26923,1.1412e-006
26924,1.2623e-006
26925,1.2063e-006
26926,1.1796e-006
26927,1.4645e-006
26928,1.0019e-006
26929,1.1498e-006
26930,1.0072e-006
26931,1.3849e-006
26932,1.0675e-006
26933,6.4375e-007
26934,6.5653e-007
26935,6.5218e-007
26936,5.952e-007
26937,5.5214e-007
26938,7.1565e-007
26939,3.0935e-007
26940,3.759e-007
26941,3.8415e-007
26942,3.1692e-007
26943,3.5244e-007
26944,3.6936e-007
26945,6.2748e-007
26946,5.6938e-007
26947,5.6427e-007
26948,5.8071e-007
26949,6.3785e-007
26950,5.3846e-007
26951,5.8877e-007
26952,7.0034e-007
26953,5.9015e-007
26954,6.0791e-007
26955,6.3551e-007
26956,4.7464e-007
26957,4.0245e-007
26958,4.1043e-007
26959,4.1782e-007
26960,4.4229e-007
26961,4.0945e-007
26962,4.6459e-007
26963,3.825e-007
26964,3.731e-007
26965,8.7213e-007
26966,8.094e-007
26967,7.3655e-007
26968,5.3e-007
26969,5.9977e-007
26970,6.4275e-007
26971,5.9301e-007
26972,5.6029e-007
26973,6.1357e-007
26974,5.5303e-007
26975,6.5315e-007
26976,3.7963e-007
26977,2.8996e-007
26978,2.9492e-007
26979,3.3933e-007
26980,3.6419e-007
26981,4.9288e-007
26982,3.6234e-007
26983,4.2872e-007
26984,4.8587e-007
26985,6.4081e-007
26986,5.9002e-007
26987,6.3563e-007
26988,6.5839e-007
26989,7.2469e-007
26990,6.9906e-007
26991,3.5127e-007
26992,3.0428e-007
26993,2.8041e-007
26994,2.4655e-007
26995,3.4812e-007
26996,2.5483e-007
26997,3.1301e-007
26998,4.2795e-007
26999,4.8202e-007
27000,4.8208e-007
27001,4.7336e-007
27002,4.08e-007
27003,4.817e-007
27004,4.2248e-007
27005,4.7756e-007
27006,2.9308e-007
27007,3.7202e-007
27008,3.6533e-007
27009,4.4819e-007
27010,1.0339e-006
27011,8.8975e-007
27012,1.1902e-006
27013,1.0639e-006
27014,1.0478e-006
27015,9.4307e-007
27016,1.0091e-006
27017,1.2516e-006
27018,1.3643e-006
27019,1.2903e-006
27020,1.3836e-006
27021,1.3063e-006
27022,1.4522e-006
27023,1.6962e-006
27024,1.5405e-006
27025,1.4647e-006
27026,1.6301e-006
27027,1.4012e-006
27028,1.3014e-006
27029,9.1469e-007
27030,9.8555e-007
27031,8.7458e-007
27032,8.6414e-007
27033,1.0411e-006
27034,8.5102e-007
27035,9.232e-007
27036,9.8133e-007
27037,8.4602e-007
27038,9.7306e-007
27039,9.1288e-007
27040,9.844e-007
27041,9.1174e-007
27042,8.502e-007
27043,1.0995e-006
27044,9.6403e-007
27045,8.1764e-007
27046,9.7259e-007
27047,8.5356e-007
27048,8.5825e-007
27049,8.3672e-007
27050,9.5431e-007
27051,8.2234e-007
27052,1.1831e-006
27053,9.6725e-007
27054,9.9067e-007
27055,1.056e-006
27056,1.1559e-006
27057,1.5762e-006
27058,1.027e-006
27059,1.0514e-006
27060,1.3242e-006
27061,1.0807e-006
27062,1.0867e-006
27063,9.7668e-007
27064,9.4772e-007
27065,8.7578e-007
27066,1.0598e-006
27067,1.2321e-006
27068,1.0265e-006
27069,1.4519e-006
27070,1.1828e-006
27071,2.0772e-006
27072,1.5723e-006
27073,2.0617e-006
27074,1.7842e-006
27075,1.8084e-006
27076,1.5204e-006
27077,1.9447e-006
27078,1.4495e-006
27079,1.5999e-006
27080,1.876e-006
27081,1.9613e-006
27082,1.4338e-006
27083,1.6538e-006
27084,2.0339e-006
27085,1.7072e-006
27086,1.5724e-006
27087,2.0127e-006
27088,1.5751e-006
27089,2.2103e-006
27090,1.9376e-006
27091,2.3867e-006
27092,1.8611e-006
27093,1.7803e-006
27094,1.4988e-006
27095,1.4718e-006
27096,1.6732e-006
27097,1.9006e-006
27098,2.092e-006
27099,2.1882e-006
27100,2.0053e-006
27101,2.7889e-006
27102,2.7856e-006
27103,3.8465e-006
27104,2.922e-006
27105,3.0578e-006
27106,3.015e-006
27107,3.0834e-006
27108,2.6961e-006
27109,3.1002e-006
27110,3.238e-006
27111,4.6721e-006
27112,1.8786e-006
27113,1.9283e-006
27114,2.1406e-006
27115,2.2637e-006
27116,2.1919e-006
27117,1.0046e-006
27118,9.9054e-007
27119,1.3454e-006
27120,1.0961e-006
27121,1.0932e-006
27122,1.1414e-006
27123,1.2001e-006
27124,1.0339e-006
27125,8.1014e-007
27126,8.8838e-007
27127,8.4776e-007
27128,8.885e-007
27129,7.7005e-007
27130,1.3409e-006
27131,1.5824e-006
27132,1.1667e-006
27133,1.6925e-006
27134,1.7941e-006
27135,1.8635e-006
27136,1.4523e-006
27137,1.0138e-006
27138,1.3795e-006
27139,5.9906e-007
27140,5.1736e-007
27141,4.6092e-007
27142,5.9741e-007
27143,4.2082e-007
27144,4.7804e-007
27145,4.8261e-007
27146,4.214e-007
27147,5.6728e-007
27148,5.7235e-007
27149,5.5393e-007
27150,5.5036e-007
27151,5.4326e-007
27152,5.1785e-007
27153,4.8222e-007
27154,3.994e-007
27155,6.0218e-007
27156,6.8765e-007
27157,6.5561e-007
27158,5.9117e-007
27159,6.8221e-007
27160,6.252e-007
27161,5.0316e-007
27162,6.0305e-007
27163,6.4177e-007
27164,5.9241e-007
27165,5.9349e-007
27166,5.1495e-007
27167,4.4833e-007
27168,4.7223e-007
27169,5.0032e-007
27170,3.6143e-007
27171,5.0328e-007
27172,5.525e-007
27173,4.9835e-007
27174,4.4398e-007
27175,5.9445e-007
27176,5.0415e-007
27177,5.1893e-007
27178,6.283e-007
27179,5.0766e-007
27180,5.5189e-007
27181,4.9686e-007
27182,5.6459e-007
27183,4.957e-007
27184,6.245e-007
27185,6.1998e-007
27186,5.1361e-007
27187,5.8463e-007
27188,4.6801e-007
27189,3.8569e-007
27190,3.2915e-007
27191,4.4946e-007
27192,4.6502e-007
27193,4.0031e-007
27194,3.7568e-007
27195,4.0048e-007
27196,4.7923e-007
27197,4.0337e-007
27198,4.9205e-007
27199,5.8064e-007
27200,4.511e-007
27201,4.6758e-007
27202,6.7379e-007
27203,7.3193e-007
27204,6.521e-007
27205,7.3513e-007
27206,5.7316e-007
27207,7.8412e-007
27208,4.504e-007
27209,3.6776e-007
27210,4.7286e-007
27211,4.0028e-007
27212,3.4443e-007
27213,4.1222e-007
27214,4.0301e-007
27215,2.784e-007
27216,3.2877e-007
27217,3.5027e-007
27218,5.0735e-007
27219,4.5761e-007
27220,3.8123e-007
27221,4.1785e-007
27222,6.0416e-007
27223,5.1582e-007
27224,5.0564e-007
27225,5.0694e-007
27226,4.49e-007
27227,6.9029e-007
27228,6.3365e-007
27229,5.5096e-007
27230,6.8943e-007
27231,5.7744e-007
27232,7.6431e-007
27233,6.8071e-007
27234,4.6891e-007
27235,7.0374e-007
27236,5.5383e-007
27237,1.1757e-006
27238,1.1013e-006
27239,1.7509e-006
27240,1.2609e-006
27241,9.0882e-007
27242,9.5065e-007
27243,9.0322e-007
27244,1.0623e-006
27245,9.0056e-007
27246,1.0069e-006
27247,2.621e-007
27248,1.3184e-007
27249,3.4824e-007
27250,2.5458e-007
27251,4.2997e-007
27252,4.9131e-007
27253,4.844e-007
27254,3.9207e-007
27255,4.1391e-007
27256,4.3015e-007
27257,4.897e-007
27258,3.5682e-007
27259,3.4082e-007
27260,3.9358e-007
27261,3.9974e-007
27262,2.7979e-007
27263,1.0289e-006
27264,8.1684e-007
27265,1.2238e-006
27266,9.2983e-007
27267,8.876e-007
27268,1.1584e-006
27269,9.2637e-007
27270,1.1554e-006
27271,8.1454e-007
27272,3.2807e-007
27273,3.0408e-007
27274,2.7641e-007
27275,2.3877e-007
27276,2.928e-007
27277,1.5867e-007
27278,3.1087e-007
27279,3.0438e-007
27280,2.7537e-007
27281,3.4557e-007
27282,3.2751e-007
27283,3.3208e-007
27284,2.7122e-007
27285,1.18e-006
27286,1.046e-006
27287,1.477e-006
27288,1.1543e-006
27289,1.5406e-006
27290,1.4835e-006
27291,1.0562e-006
27292,1.3921e-006
27293,2.0215e-006
27294,1.793e-006
27295,1.7612e-006
27296,1.7052e-006
27297,2.0365e-006
27298,1.7919e-006
27299,1.6232e-006
27300,3.1145e-007
27301,3.944e-007
27302,4.0469e-007
27303,3.2367e-007
27304,1.2957e-007
27305,9.5486e-008
27306,7.1514e-008
27307,2.8616e-007
27308,2.0486e-007
27309,2.6929e-007
27310,1.7747e-007
27311,2.3509e-006
27312,1.0842e-005
27313,8.5893e-006
27314,1.1666e-005
27315,1.6602e-006
27316,2.1308e-006
27317,1.8399e-006
27318,3.0033e-006
27319,3.5379e-006
27320,3.3701e-006
27321,3.0982e-006
27322,3.0066e-006
27323,3.6443e-006
27324,3.7119e-006
27325,8.1912e-006
27326,7.4983e-006
27327,7.7559e-006
27328,3.3656e-007
27329,2.8476e-007
27330,2.4154e-007
27331,2.9261e-007
27332,3.4547e-007
27333,2.3396e-007
27334,5.5998e-007
27335,4.634e-007
27336,5.6422e-007
27337,6.2168e-007
27338,5.4886e-007
27339,4.4541e-007
27340,4.7936e-007
27341,3.9745e-007
27342,4.5714e-007
27343,4.6112e-007
27344,5.1815e-007
27345,3.4308e-007
27346,2.7301e-007
27347,9.8226e-007
27348,7.238e-007
27349,8.6202e-007
27350,9.4198e-007
27351,7.557e-007
27352,9.1849e-007
27353,1.0019e-006
27354,8.5259e-007
27355,1.0941e-006
27356,8.2191e-007
27357,8.9233e-007
27358,9.6555e-007
27359,1.0539e-006
27360,1.0879e-006
27361,1.2033e-006
27362,9.8449e-007
27363,1.305e-006
27364,5.2279e-007
27365,4.3081e-007
27366,4.0028e-007
27367,4.1611e-007
27368,4.1411e-007
27369,3.4771e-007
27370,4.4232e-007
27371,5.0715e-007
27372,4.3704e-007
27373,3.3964e-007
27374,3.9931e-007
27375,3.9967e-007
27376,4.0272e-007
27377,3.7371e-007
27378,1.1416e-006
27379,8.8968e-007
27380,1.0404e-006
27381,1.1537e-006
27382,9.355e-007
27383,1.1769e-006
27384,7.3015e-007
27385,5.763e-007
27386,6.4461e-007
27387,6.9536e-007
27388,5.5485e-007
27389,7.2907e-007
27390,5.3476e-007
27391,5.5241e-007
27392,6.2869e-007
27393,1.1223e-006
27394,1.3786e-006
27395,1.3172e-006
27396,1.6558e-006
27397,1.8467e-006
27398,1.3938e-006
27399,1.6454e-006
27400,7.4326e-007
27401,8.283e-007
27402,8.5575e-007
27403,9.9896e-007
27404,7.472e-007
27405,6.4104e-007
27406,8.699e-007
27407,8.3809e-007
27408,7.1968e-007
27409,5.0659e-007
27410,6.8831e-007
27411,6.1664e-007
27412,5.3389e-007
27413,5.9856e-007
27414,5.9307e-007
27415,7.8361e-007
27416,4.8771e-007
27417,6.0459e-007
27418,4.4589e-007
27419,4.896e-007
27420,5.7066e-007
27421,5.4291e-007
27422,4.1821e-007
27423,5.5023e-007
27424,4.2548e-007
27425,5.8492e-007
27426,5.8993e-007
27427,5.9921e-007
27428,5.626e-007
27429,5.84e-007
27430,6.0211e-007
27431,4.817e-007
27432,4.0972e-007
27433,4.5279e-007
27434,4.3572e-007
27435,4.5172e-007
27436,4.5412e-007
27437,4.3348e-007
27438,3.6998e-007
27439,3.6996e-007
27440,2.9962e-007
27441,3.5869e-007
27442,3.4117e-007
27443,4.4331e-007
27444,4.4621e-007
27445,3.5655e-007
27446,4.8353e-007
27447,4.5278e-007
27448,4.0999e-007
27449,3.5043e-007
27450,5.2163e-007
27451,5.0839e-007
27452,5.6138e-007
27453,4.6147e-007
27454,5.5126e-007
27455,6.461e-007
27456,5.8913e-007
27457,6.5295e-007
27458,4.2219e-007
27459,5.6776e-007
27460,7.9373e-007
27461,6.6619e-007
27462,9.0007e-007
27463,9.7674e-007
27464,8.3663e-007
27465,8.8803e-007
27466,7.6129e-007
27467,7.2535e-007
27468,7.1406e-007
27469,8.3304e-007
27470,9.0678e-007
27471,9.1063e-007
27472,9.3026e-007
27473,8.5044e-007
27474,8.4925e-007
27475,1.0318e-006
27476,7.9627e-007
27477,8.7248e-007
27478,9.7109e-007
27479,9.6119e-007
27480,8.1719e-007
27481,1.2745e-006
27482,1.2059e-006
27483,1.1475e-006
27484,1.1264e-006
27485,1.2124e-006
27486,1.1356e-006
27487,1.3622e-006
27488,1.2195e-006
27489,1.093e-006
27490,9.072e-007
27491,9.7263e-007
27492,1.2585e-006
27493,1.0432e-006
27494,1.0201e-006
27495,9.7399e-007
27496,9.3704e-007
27497,1.1293e-006
27498,7.1454e-007
27499,9.4074e-007
27500,7.9973e-007
27501,7.0083e-007
27502,7.6614e-007
27503,6.5129e-007
27504,8.9772e-007
27505,8.367e-007
27506,9.7579e-007
27507,1.0342e-006
27508,9.8841e-007
27509,8.8518e-007
27510,1.2268e-006
27511,1.0774e-006
27512,1.1885e-006
27513,9.1503e-007
27514,5.6088e-007
27515,5.4842e-007
27516,6.953e-007
27517,6.2842e-007
27518,6.0026e-007
27519,8.2185e-007
27520,7.6949e-007
27521,6.9143e-007
27522,4.8205e-007
27523,4.7836e-007
27524,5.661e-007
27525,5.1725e-007
27526,4.0648e-007
27527,4.1962e-007
27528,4.3413e-007
27529,4.9266e-007
27530,5.0307e-007
27531,5.7191e-007
27532,6.9644e-007
27533,5.8585e-007
27534,5.9577e-007
27535,6.7081e-007
27536,5.396e-007
27537,6.3578e-007
27538,6.8871e-007
27539,5.9206e-007
27540,4.5679e-007
27541,4.0416e-007
27542,5.3137e-007
27543,5.3224e-007
27544,5.9658e-007
27545,5.166e-007
27546,4.052e-007
27547,6.0771e-007
27548,3.9966e-007
27549,4.7578e-007
27550,5.3118e-007
27551,5.2606e-007
27552,4.9768e-007
27553,5.5481e-007
27554,3.8976e-007
27555,4.0236e-007
27556,3.8314e-007
27557,4.5969e-007
27558,4.3398e-007
27559,4.1515e-007
27560,3.2387e-007
27561,3.3669e-007
27562,4.1826e-007
27563,4.9212e-007
27564,6.4947e-007
27565,6.3281e-007
27566,5.1821e-007
27567,6.0614e-007
27568,6.8635e-007
27569,5.0842e-007
27570,5.5107e-007
27571,6.3244e-007
27572,5.2937e-007
27573,6.4411e-007
27574,6.8532e-007
27575,6.0464e-007
27576,7.2476e-007
27577,7.5364e-007
27578,6.7734e-007
27579,6.3833e-007
27580,5.6141e-007
27581,6.3844e-007
27582,6.8648e-007
27583,6.6702e-007
27584,6.9297e-007
27585,5.5716e-007
27586,6.8258e-007
27587,4.6472e-007
27588,4.8617e-007
27589,3.9126e-007
27590,3.5364e-007
27591,5.0688e-007
27592,4.5508e-007
27593,5.7055e-007
27594,8.005e-007
27595,6.724e-007
27596,7.7018e-007
27597,7.0136e-007
27598,6.1611e-007
27599,4.0367e-007
27600,4.8261e-007
27601,5.5977e-007
27602,5.5285e-007
27603,5.7428e-007
27604,4.7079e-007
27605,3.8256e-007
27606,3.3882e-007
27607,4.71e-007
27608,4.9824e-007
27609,4.0814e-007
27610,3.0333e-007
27611,3.7687e-007
27612,2.9688e-007
27613,4.4363e-007
27614,4.2693e-007
27615,3.4879e-007
27616,3.3785e-007
27617,4.6572e-007
27618,4.8568e-007
27619,5.741e-007
27620,5.4593e-007
27621,5.4364e-007
27622,4.4181e-007
27623,5.0646e-007
27624,4.0291e-007
27625,5.0012e-007
27626,5.6476e-007
27627,6.0721e-007
27628,6.0857e-007
27629,5.3991e-007
27630,4.3006e-007
27631,7.2089e-007
27632,6.9688e-007
27633,6.58e-007
27634,6.0942e-007
27635,6.7184e-007
27636,5.2774e-007
27637,6.3901e-007
27638,4.4763e-007
27639,5.4657e-007
27640,6.3495e-007
27641,4.894e-007
27642,5.7876e-007
27643,5.1134e-007
27644,6.9563e-007
27645,7.2019e-007
27646,7.8348e-007
27647,6.6511e-007
27648,7.8501e-007
27649,7.5611e-007
27650,7.2111e-007
27651,5.9859e-007
27652,7.2442e-007
27653,6.3662e-007
27654,6.504e-007
27655,6.9237e-007
27656,6.414e-007
27657,7.048e-007
27658,6.8604e-007
27659,6.2094e-007
27660,6.1767e-007
27661,6.104e-007
27662,7.1142e-007
27663,6.1674e-007
27664,6.9655e-007
27665,5.8598e-007
27666,8.6544e-007
27667,7.905e-007
27668,7.6266e-007
27669,8.3598e-007
27670,7.6951e-007
27671,9.1963e-007
27672,1.0122e-006
27673,1.0158e-006
27674,1.1673e-006
27675,1.003e-006
27676,1.4986e-006
27677,1.2814e-006
27678,1.5838e-006
27679,1.3128e-006
27680,1.8563e-006
27681,1.9093e-006
27682,7.9791e-007
27683,7.9758e-007
27684,6.3362e-007
27685,7.8561e-007
27686,6.2596e-007
27687,6.8732e-007
27688,6.1688e-007
27689,7.559e-007
27690,7.5672e-007
27691,9.5744e-007
27692,6.9001e-007
27693,8.0796e-007
27694,1.1418e-006
27695,7.1618e-007
27696,7.5668e-007
27697,7.1413e-007
27698,6.9163e-007
27699,7.5557e-007
27700,8.1499e-007
27701,8.4391e-007
27702,7.1047e-007
27703,7.3134e-007
27704,9.4711e-007
27705,1.9035e-006
27706,2.2904e-006
27707,2.5211e-006
27708,2.4746e-006
27709,2.1764e-006
27710,2.5377e-006
27711,2.2316e-006
27712,1.3075e-006
27713,1.4073e-006
27714,1.203e-006
27715,1.1406e-006
27716,1.2461e-006
27717,1.2862e-006
27718,1.3456e-006
27719,1.5159e-006
27720,1.2928e-006
27721,1.4132e-006
27722,1.405e-006
27723,1.8223e-006
27724,1.0607e-006
27725,1.2397e-006
27726,1.0089e-006
27727,1.1911e-006
27728,8.1105e-007
27729,8.2536e-007
27730,7.04e-007
27731,7.6007e-007
27732,9.2937e-007
27733,7.6395e-007
27734,9.7699e-007
27735,7.2823e-007
27736,1.2898e-006
27737,9.833e-007
27738,6.2557e-007
27739,6.5282e-007
27740,2.1133e-006
27741,1.6579e-006
27742,2.6596e-006
27743,1.843e-006
27744,2.2672e-006
27745,7.546e-007
27746,8.5585e-007
27747,7.7114e-007
27748,7.2739e-007
27749,7.3285e-007
27750,8.8856e-007
27751,7.6224e-007
27752,8.9224e-007
27753,6.5945e-007
27754,7.5173e-007
27755,7.9882e-007
27756,9.4632e-007
27757,7.3224e-007
27758,9.994e-007
27759,8.1004e-007
27760,7.8879e-007
27761,7.8537e-007
27762,7.0877e-007
27763,7.4941e-007
27764,7.3656e-007
27765,8.9872e-007
27766,7.6925e-007
27767,6.9932e-007
27768,7.8644e-007
27769,1.1421e-006
27770,1.2946e-006
27771,1.3772e-006
27772,1.1454e-006
27773,1.6164e-006
27774,1.3217e-006
27775,1.3137e-006
27776,1.1518e-006
27777,8.5194e-007
27778,1.0138e-006
27779,8.9097e-007
27780,8.0189e-007
27781,7.1113e-007
27782,7.8275e-007
27783,7.9928e-007
27784,8.5453e-007
27785,9.0233e-007
27786,8.4037e-007
27787,1.1679e-006
27788,1.3127e-006
27789,1.0918e-006
27790,1.0799e-006
27791,1.0941e-006
27792,1.1747e-006
27793,1.2498e-006
27794,1.4985e-006
27795,1.4009e-006
27796,1.5768e-006
27797,1.3648e-006
27798,1.2432e-006
27799,6.3771e-007
27800,6.1805e-007
27801,7.1117e-007
27802,6.697e-007
27803,6.2617e-007
27804,6.23e-007
27805,5.6658e-007
27806,7.1261e-007
27807,7.5903e-007
27808,8.136e-007
27809,7.2849e-007
27810,4.2879e-007
27811,4.4755e-007
27812,4.2497e-007
27813,4.8362e-007
27814,4.5011e-007
27815,4.8669e-007
27816,4.2289e-007
27817,6.0574e-007
27818,5.9209e-007
27819,5.326e-007
27820,4.6135e-007
27821,5.1131e-007
27822,5.5745e-007
27823,5.3541e-007
27824,5.9536e-007
27825,5.429e-007
27826,4.761e-007
27827,5.3654e-007
27828,5.2014e-007
27829,6.096e-007
27830,6.1682e-007
27831,7.3915e-007
27832,4.9182e-007
27833,5.1558e-007
27834,6.9607e-007
27835,5.4734e-007
27836,6.7585e-007
27837,5.673e-007
27838,5.4272e-007
27839,4.7467e-007
27840,5.7452e-007
27841,4.5854e-007
27842,5.1526e-007
27843,2.886e-007
27844,3.4289e-007
27845,3.2674e-007
27846,3.2073e-007
27847,2.0325e-007
27848,2.6208e-007
27849,5.6013e-007
27850,6.3176e-007
27851,6.9093e-007
27852,5.6325e-007
27853,6.005e-007
27854,6.5036e-007
27855,5.3073e-007
27856,5.0986e-007
27857,6.4935e-007
27858,6.8487e-007
27859,7.8276e-007
27860,6.7728e-007
27861,5.466e-007
27862,5.0707e-007
27863,4.8493e-007
27864,5.7199e-007
27865,4.3332e-007
27866,4.0033e-007
27867,4.7561e-007
27868,5.9921e-007
27869,5.2116e-007
27870,6.8245e-007
27871,5.7624e-007
27872,4.9789e-007
27873,5.8854e-007
27874,5.8735e-007
27875,4.4484e-007
27876,6.2853e-007
27877,6.4362e-007
27878,6.3853e-007
27879,7.2945e-007
27880,5.2668e-007
27881,6.3927e-007
27882,5.8156e-007
27883,5.403e-007
27884,7.0158e-007
27885,7.7261e-007
27886,6.497e-007
27887,5.5627e-007
27888,7.2787e-007
27889,5.3297e-007
27890,1.6414e-006
27891,1.9046e-006
27892,2.0367e-006
27893,2.0843e-006
27894,8.7248e-007
27895,1.0266e-006
27896,7.4997e-007
27897,9.9316e-007
27898,9.6039e-007
27899,8.4355e-007
27900,7.6722e-007
27901,7.8422e-007
27902,7.3093e-007
27903,7.3095e-007
27904,9.6874e-007
27905,7.0237e-007
27906,8.3957e-007
27907,9.277e-007
27908,8.3617e-007
27909,1.1441e-006
27910,9.3972e-007
27911,1.0962e-006
27912,1.0653e-006
27913,9.0254e-007
27914,1.5891e-006
27915,1.3518e-006
27916,1.2481e-006
27917,1.3156e-006
27918,1.2777e-006
27919,1.0779e-006
27920,9.1725e-007
27921,9.4789e-007
27922,1.3822e-006
27923,1.0679e-006
27924,9.2995e-007
27925,1.2313e-006
27926,9.5624e-007
27927,9.1777e-007
27928,9.365e-007
27929,1.2461e-006
27930,1.1539e-006
27931,1.089e-006
27932,9.661e-007
27933,3.8272e-007
27934,4.0943e-007
27935,3.3229e-007
27936,3.1895e-007
27937,2.8245e-007
27938,4.8143e-007
27939,5.7048e-007
27940,4.9998e-007
27941,5.8209e-007
27942,8.2911e-007
27943,8.1234e-007
27944,8.4942e-007
27945,7.7831e-007
27946,6.9233e-007
27947,7.8653e-007
27948,7.573e-007
27949,6.8249e-007
27950,9.4539e-007
27951,6.8323e-007
27952,8.2207e-007
27953,7.2912e-007
27954,7.152e-007
27955,6.7829e-007
27956,6.7377e-007
27957,7.4419e-007
27958,6.3683e-007
27959,7.7547e-007
27960,7.3088e-007
27961,8.0434e-007
27962,6.8931e-007
27963,6.5492e-007
27964,7.8703e-007
27965,7.6439e-007
27966,8.1066e-007
27967,6.95e-007
27968,7.1927e-007
27969,7.1586e-007
27970,8.149e-007
27971,8.3071e-007
27972,7.9694e-007
27973,6.3899e-007
27974,7.3449e-007
27975,7.5795e-007
27976,7.5298e-007
27977,6.7471e-007
27978,7.0029e-007
27979,7.8635e-007
27980,8.2195e-007
27981,8.2726e-007
27982,7.2736e-007
27983,9.7028e-007
27984,4.5993e-007
27985,5.7831e-007
27986,5.4177e-007
27987,4.0163e-007
27988,5.868e-007
27989,6.0848e-007
27990,5.44e-007
27991,5.2068e-007
27992,4.6463e-007
27993,4.8596e-007
27994,4.8521e-007
27995,3.6501e-007
27996,4.555e-007
27997,3.6029e-007
27998,5.0017e-007
27999,4.2761e-007
28000,8.8617e-007
28001,1.0539e-006
28002,7.5915e-007
28003,8.2217e-007
28004,7.0706e-007
28005,5.2229e-007
28006,5.6926e-007
28007,5.5196e-007
28008,6.2199e-007
28009,6.7987e-007
28010,6.7033e-007
28011,6.3174e-007
28012,5.0169e-007
28013,5.8122e-007
28014,5.5852e-007
28015,6.3419e-007
28016,6.5062e-007
28017,6.144e-007
28018,5.1203e-007
28019,5.3198e-007
28020,3.9925e-007
28021,3.9616e-007
28022,4.9858e-007
28023,3.5897e-007
28024,5.4096e-007
28025,4.5199e-007
28026,4.8776e-007
28027,3.8189e-007
28028,5.2918e-007
28029,5.1187e-007
28030,4.0527e-007
28031,3.9422e-007
28032,4.4849e-007
28033,4.8255e-007
28034,3.7342e-007
28035,3.314e-007
28036,3.1492e-007
28037,2.5525e-007
28038,2.4175e-007
28039,3.4782e-007
28040,3.2529e-007
28041,3.3175e-007
28042,5.8511e-007
28043,6.4699e-007
28044,6.766e-007
28045,6.1316e-007
28046,5.5565e-007
28047,7.1304e-007
28048,5.8728e-007
28049,5.8748e-007
28050,1.2408e-006
28051,9.8807e-007
28052,1.3791e-006
28053,1.1401e-006
28054,1.6009e-006
28055,6.1572e-007
28056,5.8929e-007
28057,6.7248e-007
28058,7.7334e-007
28059,8.3238e-007
28060,6.9923e-007
28061,6.3255e-007
28062,7.9525e-007
28063,7.7323e-007
28064,1.0025e-006
28065,5.0583e-007
28066,7.2808e-007
28067,7.3812e-007
28068,8.6512e-007
28069,9.0937e-007
28070,1.1591e-006
28071,8.8388e-007
28072,5.8783e-007
28073,5.2077e-007
28074,6.3511e-007
28075,5.0789e-007
28076,5.8996e-007
28077,5.1763e-007
28078,6.6046e-007
28079,7.4963e-007
28080,6.8569e-007
28081,6.66e-007
28082,6.7488e-007
28083,4.2865e-007
28084,4.9049e-007
28085,4.7404e-007
28086,3.9973e-007
28087,3.4156e-007
28088,2.8283e-007
28089,3.5618e-007
28090,3.8067e-007
28091,3.8122e-007
28092,3.9505e-007
28093,3.3987e-007
28094,4.4537e-007
28095,4.5757e-007
28096,5.31e-007
28097,4.5367e-007
28098,4.815e-007
28099,4.1986e-007
28100,3.1496e-007
28101,4.6313e-007
28102,3.705e-007
28103,4.4677e-007
28104,4.9949e-007
28105,5.3974e-007
28106,4.7992e-007
28107,4.8912e-007
28108,5.13e-007
28109,3.8353e-007
28110,4.1317e-007
28111,6.0305e-007
28112,5.3945e-007
28113,5.8614e-007
28114,4.9488e-007
28115,8.589e-007
28116,8.9169e-007
28117,8.3054e-007
28118,7.0857e-007
28119,9.9029e-007
28120,7.0232e-007
28121,7.9182e-007
28122,7.5113e-007
28123,7.8646e-007
28124,6.9352e-007
28125,5.6156e-007
28126,7.6544e-007
28127,7.1248e-007
28128,1.5554e-006
28129,1.9538e-006
28130,1.4496e-006
28131,1.7458e-006
28132,1.8846e-006
28133,1.8464e-006
28134,1.294e-006
28135,1.0877e-006
28136,1.0861e-006
28137,1.0794e-006
28138,1.2012e-006
28139,1.0126e-006
28140,1.1977e-006
28141,2.6192e-006
28142,2.5418e-006
28143,2.3521e-006
28144,2.312e-006
28145,1.274e-006
28146,1.0474e-006
28147,8.6984e-007
28148,7.6274e-007
28149,6.8604e-007
28150,6.8019e-007
28151,7.688e-007
28152,8.3492e-007
28153,7.4502e-007
28154,8.7883e-007
28155,8.5295e-007
28156,9.3094e-007
28157,1.2294e-006
28158,1.4351e-006
28159,1.6024e-006
28160,1.8911e-006
28161,1.6752e-006
28162,2.0221e-006
28163,2.1707e-006
28164,1.8401e-006
28165,1.595e-006
28166,2.4601e-006
28167,1.9032e-006
28168,2.3724e-006
28169,2.1336e-006
28170,7.8413e-007
28171,1.0981e-006
28172,9.7242e-007
28173,7.9533e-007
28174,4.86e-007
28175,4.1868e-007
28176,4.1322e-007
28177,5.8261e-007
28178,5.0495e-007
28179,5.3388e-007
28180,4.9089e-007
28181,4.173e-007
28182,6.0121e-007
28183,5.875e-007
28184,6.3241e-007
28185,5.4021e-007
28186,5.1793e-007
28187,4.7529e-007
28188,4.511e-007
28189,4.9264e-007
28190,7.1219e-007
28191,7.4827e-007
28192,5.8057e-007
28193,7.4568e-007
28194,7.9403e-007
28195,5.4226e-007
28196,6.0292e-007
28197,5.204e-007
28198,5.7422e-007
28199,5.5413e-007
28200,4.5485e-007
28201,4.3459e-007
28202,6.0049e-007
28203,6.5714e-007
28204,5.7129e-007
28205,6.2037e-007
28206,6.7433e-007
28207,8.6032e-007
28208,8.9647e-007
28209,1.0336e-006
28210,1.0524e-006
28211,9.0935e-007
28212,8.2132e-007
28213,9.0287e-007
28214,7.7894e-007
28215,1.0784e-006
28216,1.1008e-006
28217,8.4131e-007
28218,8.3941e-007
28219,9.531e-007
28220,9.5414e-007
28221,7.9986e-007
28222,5.9727e-007
28223,6.8276e-007
28224,6.9905e-007
28225,6.6707e-007
28226,7.0165e-007
28227,5.6729e-007
28228,6.3392e-007
28229,6.5755e-007
28230,5.7971e-007
28231,6.8239e-007
28232,4.0569e-007
28233,4.9507e-007
28234,4.2354e-007
28235,5.467e-007
28236,4.991e-007
28237,3.9244e-007
28238,3.478e-007
28239,2.3014e-007
28240,4.1481e-007
28241,3.2424e-007
28242,9.556e-007
28243,8.3129e-007
28244,9.0958e-007
28245,9.5235e-007
28246,8.4265e-007
28247,1.2456e-006
28248,1.0231e-006
28249,4.127e-007
28250,5.2527e-007
28251,8.7878e-007
28252,8.3136e-007
28253,7.2748e-007
28254,7.8579e-007
28255,9.2604e-007
28256,1.0872e-006
28257,5.5821e-007
28258,7.2763e-007
28259,5.9959e-007
28260,6.2263e-007
28261,5.7591e-007
28262,5.1464e-007
28263,3.9802e-007
28264,5.0856e-007
28265,2.2185e-006
28266,2.1267e-006
28267,6.1917e-007
28268,5.3775e-007
28269,6.3601e-007
28270,4.7247e-007
28271,1.0578e-006
28272,1.1058e-006
28273,1.0324e-006
28274,9.063e-007
28275,1.05e-006
28276,6.6976e-007
28277,6.6684e-007
28278,3.9559e-007
28279,4.367e-007
28280,3.7765e-007
28281,4.4405e-007
28282,7.4842e-007
28283,6.606e-007
28284,7.4611e-007
28285,7.454e-007
28286,7.0788e-007
28287,2.0447e-006
28288,1.4858e-006
28289,2.2672e-006
28290,1.7557e-006
28291,1.5888e-006
28292,3.623e-007
28293,3.0953e-007
28294,2.8201e-007
28295,2.8098e-007
28296,3.7223e-007
28297,4.9071e-007
28298,4.9502e-007
28299,4.2672e-007
28300,4.8148e-007
28301,4.2663e-007
28302,3.3769e-007
28303,4.3251e-007
28304,2.9521e-007
28305,3.9047e-007
28306,4.3109e-007
28307,3.9028e-007
28308,3.0045e-007
28309,2.9436e-007
28310,7.5285e-007
28311,8.6705e-007
28312,9.8261e-007
28313,8.3275e-007
28314,6.9755e-007
28315,6.9509e-007
28316,7.7785e-007
28317,8.6309e-007
28318,8.8133e-007
28319,9.3886e-007
28320,1.0442e-006
28321,8.0967e-007
28322,6.3231e-007
28323,5.8419e-007
28324,5.6977e-007
28325,6.979e-007
28326,6.1807e-007
28327,7.0934e-007
28328,6.0785e-007
28329,6.4819e-007
28330,5.8422e-007
28331,6.3377e-007
28332,6.4624e-007
28333,6.4651e-007
28334,9.5684e-007
28335,9.1173e-007
28336,9.055e-007
28337,8.3756e-007
28338,9.4583e-007
28339,1.3707e-006
28340,1.5509e-006
28341,1.205e-006
28342,1.1741e-006
28343,6.5314e-007
28344,6.6612e-007
28345,5.9722e-007
28346,5.4325e-007
28347,6.2697e-007
28348,7.1431e-007
28349,6.4043e-007
28350,6.5646e-007
28351,5.6853e-007
28352,4.9406e-007
28353,5.5467e-007
28354,6.9473e-007
28355,6.4971e-007
28356,5.5066e-007
28357,5.7986e-007
28358,6.0557e-007
28359,6.3154e-007
28360,5.4564e-007
28361,4.5636e-007
28362,5.2871e-007
28363,5.7754e-007
28364,5.9972e-007
28365,3.0721e-007
28366,3.4219e-007
28367,2.8915e-007
28368,2.609e-007
28369,3.0508e-007
28370,2.3309e-007
28371,3.1633e-007
28372,6.6525e-007
28373,5.362e-007
28374,6.5784e-007
28375,4.5098e-007
28376,5.2317e-007
28377,5.7858e-007
28378,6.075e-007
28379,5.3446e-007
28380,5.9647e-007
28381,6.7278e-007
28382,6.5569e-007
28383,4.8113e-007
28384,5.7639e-007
28385,5.9987e-007
28386,5.2844e-007
28387,4.8684e-007
28388,4.1127e-007
28389,5.8095e-007
28390,3.9254e-007
28391,7.4623e-007
28392,9.2447e-007
28393,8.5982e-007
28394,9.1981e-007
28395,8.3949e-007
28396,7.8354e-007
28397,9.5317e-007
28398,1.1332e-006
28399,1.0814e-006
28400,9.8168e-007
28401,9.9965e-007
28402,9.8775e-007
28403,1.0333e-006
28404,9.6855e-007
28405,1.0068e-006
28406,1.8328e-006
28407,1.5927e-006
28408,1.6124e-006
28409,8.9662e-007
28410,7.6762e-007
28411,7.8401e-007
28412,1.0173e-006
28413,7.6902e-007
28414,8.7113e-007
28415,9.0221e-007
28416,6.7418e-007
28417,6.8719e-007
28418,5.9023e-007
28419,4.9762e-007
28420,6.0364e-007
28421,6.2855e-007
28422,9.5684e-007
28423,1.061e-006
28424,1.0602e-006
28425,1.0497e-006
28426,9.106e-007
28427,9.6672e-007
28428,1.1249e-006
28429,1.077e-006
28430,7.7991e-007
28431,8.7549e-007
28432,8.0125e-007
28433,9.5008e-007
28434,6.9263e-007
28435,5.7247e-007
28436,6.8599e-007
28437,5.8051e-007
28438,8.3974e-007
28439,8.5078e-007
28440,7.5125e-007
28441,6.8773e-007
28442,5.8133e-007
28443,8.442e-007
28444,6.7495e-007
28445,7.2067e-007
28446,5.8817e-007
28447,7.6767e-007
28448,7.7534e-007
28449,8.0144e-007
28450,8.0037e-007
28451,8.5446e-007
28452,6.0037e-007
28453,4.4021e-007
28454,6.6802e-007
28455,6.6069e-007
28456,5.0304e-007
28457,6.8191e-007
28458,5.423e-007
28459,2.6054e-007
28460,3.1742e-007
28461,3.6705e-007
28462,1.6222e-007
28463,7.2756e-008
28464,1.9641e-007
28465,4.0865e-007
28466,5.4379e-007
28467,4.504e-007
28468,4.8162e-007
28469,1.0293e-006
28470,1.3326e-006
28471,1.326e-006
28472,1.6423e-006
28473,7.5398e-007
28474,1.0828e-006
28475,6.7117e-007
28476,8.5203e-007
28477,7.7467e-007
28478,6.3185e-007
28479,8.1574e-007
28480,1.6956e-006
28481,1.6217e-006
28482,1.3966e-006
28483,1.144e-006
28484,3.362e-007
28485,3.8484e-007
28486,2.5544e-007
28487,6.9982e-007
28488,7.1378e-007
28489,7.5621e-007
28490,5.3121e-007
28491,6.5496e-007
28492,2.9377e-007
28493,3.8168e-007
28494,3.8064e-007
28495,4.143e-007
28496,2.3685e-007
28497,9.0016e-007
28498,7.693e-007
28499,8.3989e-007
28500,8.0174e-007
28501,7.3249e-007
28502,9.2309e-007
28503,9.8257e-007
28504,1.1129e-006
28505,1.0401e-006
28506,1.0302e-006
28507,9.7856e-007
28508,1.1316e-006
28509,9.2178e-007
28510,7.9602e-007
28511,7.5835e-007
28512,8.544e-007
28513,9.1191e-007
28514,8.4427e-007
28515,7.3726e-007
28516,7.5732e-007
28517,7.9631e-007
28518,9.7014e-007
28519,9.5966e-007
28520,9.0153e-007
28521,1.0499e-006
28522,5.9345e-007
28523,8.5819e-007
28524,5.9491e-007
28525,7.7876e-007
28526,6.3677e-007
28527,6.9002e-007
28528,6.9452e-007
28529,5.7535e-007
28530,5.817e-007
28531,4.873e-007
28532,7.9309e-007
28533,1.043e-006
28534,1.0309e-006
28535,1.1942e-006
28536,1.1463e-006
28537,8.958e-007
28538,8.4209e-007
28539,8.1325e-007
28540,5.9648e-007
28541,6.5542e-007
28542,6.4262e-007
28543,8.8628e-007
28544,9.9755e-007
28545,8.3415e-007
28546,7.9754e-007
28547,6.0453e-007
28548,4.3431e-007
28549,4.5254e-007
28550,5.0407e-007
28551,1.4842e-006
28552,1.3045e-006
28553,1.4982e-006
28554,5.8e-007
28555,6.1303e-007
28556,7.8537e-007
28557,7.3206e-007
28558,6.3403e-007
28559,8.6064e-007
28560,1.0435e-006
28561,8.7863e-007
28562,9.7429e-007
28563,5.9809e-007
28564,6.5241e-007
28565,6.3878e-007
28566,9.3578e-007
28567,8.5164e-007
28568,8.7881e-007
28569,8.5074e-007
28570,9.5806e-007
28571,8.9758e-007
28572,8.6985e-007
28573,9.767e-007
28574,5.3174e-007
28575,6.9977e-007
28576,4.3038e-007
28577,6.688e-007
28578,4.431e-007
28579,6.2434e-007
28580,4.842e-007
28581,4.0666e-007
28582,5.3165e-007
28583,7.1439e-007
28584,6.2901e-007
28585,8.1342e-007
28586,7.0485e-007
28587,1.0123e-006
28588,9.3995e-007
28589,8.3394e-007
28590,7.5157e-007
28591,7.1621e-007
28592,7.2889e-007
28593,7.1037e-007
28594,7.396e-007
28595,6.702e-007
28596,8.4313e-007
28597,1.0184e-006
28598,9.4583e-007
28599,7.5781e-007
28600,4.3852e-007
28601,3.6845e-007
28602,4.2547e-007
28603,5.2713e-007
28604,3.1415e-007
28605,6.6872e-007
28606,6.9271e-007
28607,7.084e-007
28608,8.1552e-007
28609,6.2485e-007
28610,6.0311e-007
28611,5.6015e-007
28612,5.0054e-007
28613,4.1669e-007
28614,4.8966e-007
28615,4.1878e-007
28616,4.3565e-007
28617,3.4048e-007
28618,6.531e-007
28619,6.8609e-007
28620,5.3118e-007
28621,6.0717e-007
28622,6.1682e-007
28623,5.0771e-007
28624,5.9959e-007
28625,5.148e-007
28626,5.5912e-007
28627,4.5915e-007
28628,4.9049e-007
28629,3.8125e-007
28630,7.0413e-007
28631,7.8834e-007
28632,7.9976e-007
28633,7.1132e-007
28634,8.9359e-007
28635,7.5468e-007
28636,5.2396e-007
28637,5.9663e-007
28638,5.1754e-007
28639,6.4447e-007
28640,7.4636e-007
28641,5.3643e-007
28642,5.8453e-007
28643,7.1748e-007
28644,6.6909e-007
28645,7.3434e-007
28646,5.5712e-007
28647,6.5755e-007
28648,5.3831e-007
28649,8.2375e-007
28650,9.6882e-007
28651,8.1863e-007
28652,1.1534e-006
28653,9.8436e-007
28654,9.5757e-007
28655,1.1107e-006
28656,1.0716e-006
28657,9.2143e-007
28658,1.2449e-006
28659,9.6116e-007
28660,1.0095e-006
28661,9.7616e-007
28662,8.3155e-007
28663,8.2904e-007
28664,6.2205e-007
28665,5.8156e-007
28666,4.9024e-007
28667,5.337e-007
28668,4.899e-007
28669,6.6114e-007
28670,3.4238e-007
28671,1.8913e-007
28672,2.1925e-006
28673,2.6309e-006
28674,2.6252e-006
28675,2.6867e-006
28676,2.3566e-006
28677,2.8754e-006
28678,3.2176e-006
28679,1.1639e-006
28680,1.3425e-006
28681,7.9892e-007
28682,8.3834e-007
28683,1.072e-006
28684,8.2363e-007
28685,5.6353e-007
28686,4.6781e-007
28687,5.493e-007
28688,4.5022e-007
28689,4.7685e-007
28690,1.1481e-006
28691,9.6537e-007
28692,5.3295e-007
28693,5.1699e-007
28694,4.8853e-007
28695,5.6833e-007
28696,5.8609e-007
28697,5.6561e-007
28698,5.1356e-007
28699,4.1781e-007
28700,2.5165e-007
28701,3.5033e-007
28702,3.608e-007
28703,6.3451e-007
28704,5.5787e-007
28705,6.4895e-007
28706,7.0638e-007
28707,6.4106e-007
28708,5.8764e-007
28709,6.8296e-007
28710,6.8629e-007
28711,7.0891e-007
28712,1.0248e-006
28713,7.1994e-007
28714,4.7949e-007
28715,6.3379e-007
28716,4.5616e-007
28717,3.5644e-007
28718,5.392e-007
28719,5.5449e-007
28720,5.3281e-007
28721,2.0352e-006
28722,2.163e-006
28723,9.6899e-007
28724,8.702e-007
28725,1.2204e-006
28726,7.1794e-007
28727,5.1144e-007
28728,6.0325e-007
28729,6.2832e-007
28730,5.2584e-007
28731,5.2752e-007
28732,4.1738e-007
28733,4.2509e-007
28734,5.1421e-007
28735,5.6821e-007
28736,7.0283e-007
28737,7.5935e-007
28738,1.1383e-006
28739,1.0435e-006
28740,9.3035e-007
28741,8.7389e-007
28742,1.1206e-006
28743,6.4686e-007
28744,6.7929e-007
28745,7.1569e-007
28746,9.3311e-007
28747,6.842e-007
28748,4.6191e-007
28749,5.63e-007
28750,5.4641e-007
28751,5.3391e-007
28752,5.2822e-007
28753,6.5897e-007
28754,6.7143e-007
28755,7.5663e-007
28756,7.2463e-007
28757,6.5754e-007
28758,2.7847e-007
28759,2.0059e-007
28760,4.1922e-007
28761,3.7059e-007
28762,7.0645e-007
28763,6.4924e-007
28764,7.6923e-007
28765,6.3902e-007
28766,6.4175e-007
28767,5.2677e-007
28768,7.0808e-007
28769,6.0646e-007
28770,7.3742e-007
28771,4.8742e-007
28772,5.1665e-007
28773,4.4404e-007
28774,5.4431e-007
28775,1.1388e-006
28776,1.1364e-006
28777,9.6843e-007
28778,6.0526e-007
28779,5.4298e-007
28780,4.8339e-007
28781,1.3437e-006
28782,1.0405e-006
28783,4.7986e-007
28784,3.7689e-007
28785,3.4162e-007
28786,4.2584e-007
28787,6.3477e-007
28788,5.877e-007
28789,4.3554e-007
28790,4.858e-007
28791,5.0041e-007
28792,3.6689e-007
28793,4.5887e-007
28794,2.8802e-007
28795,7.3181e-007
28796,6.4746e-007
28797,5.2518e-007
28798,6.1923e-007
28799,6.3801e-007
28800,8.183e-007
28801,6.8871e-007
28802,4.101e-007
28803,4.2353e-007
28804,2.7163e-007
28805,4.5226e-007
28806,5.2699e-007
28807,4.1115e-007
28808,3.3324e-007
28809,1.1034e-006
28810,1.0955e-006
28811,1.3315e-006
28812,1.1839e-006
28813,1.2578e-006
28814,1.7108e-006
28815,1.4864e-006
28816,1.3458e-006
28817,1.448e-006
28818,8.9136e-007
28819,9.2695e-007
28820,1.0168e-006
28821,9.1958e-007
28822,1.2158e-006
28823,6.3457e-007
28824,5.1954e-007
28825,7.7677e-007
28826,8.3395e-007
28827,6.8712e-007
28828,5.5356e-007
28829,6.8505e-007
28830,8.0195e-007
28831,5.4314e-007
28832,8.4604e-007
28833,1.1599e-006
28834,1.092e-006
28835,1.2901e-006
28836,1.2961e-006
28837,4.9128e-007
28838,5.1053e-007
28839,4.1066e-007
28840,6.9665e-007
28841,6.4079e-007
28842,6.2457e-007
28843,6.6486e-007
28844,8.1369e-007
28845,5.243e-007
28846,7.0259e-007
28847,4.7992e-007
28848,4.3887e-007
28849,4.1255e-007
28850,3.8721e-007
28851,8.2216e-007
28852,1.1065e-006
28853,8.3551e-007
28854,2.9918e-007
28855,8.1126e-007
28856,7.2846e-007
28857,7.5533e-007
28858,5.2437e-007
28859,4.5138e-007
28860,3.8729e-007
28861,5.6577e-007
28862,4.2497e-007
28863,4.1378e-007
28864,3.8494e-007
28865,6.9328e-007
28866,7.8608e-007
28867,6.3119e-007
28868,7.8203e-007
28869,2.3967e-006
28870,1.8009e-006
28871,1.7222e-006
28872,2.3954e-006
28873,1.9008e-006
28874,1.0204e-006
28875,1.0255e-006
28876,1.0988e-006
28877,7.2233e-007
28878,9.2778e-007
28879,9.3722e-007
28880,9.4811e-007
28881,6.0831e-007
28882,5.6171e-007
28883,6.4583e-007
28884,4.1308e-007
28885,3.817e-007
28886,5.6387e-007
28887,4.594e-007
28888,6.9419e-007
28889,5.3343e-007
28890,7.2066e-007
28891,5.7066e-007
28892,7.1263e-007
28893,5.9674e-007
28894,5.3629e-007
28895,6.9085e-007
28896,7.1843e-007
28897,1.2113e-006
28898,7.4279e-007
28899,6.6681e-007
28900,8.9995e-007
28901,6.9507e-007
28902,6.1791e-007
28903,7.1629e-007
28904,3.7159e-007
28905,4.0656e-007
28906,3.8482e-007
28907,4.3919e-007
28908,4.2276e-007
28909,2.9194e-006
28910,2.8388e-006
28911,3.4409e-006
28912,4.9307e-007
28913,4.8105e-007
28914,9.3785e-007
28915,8.2278e-007
28916,1.2344e-006
28917,1.5599e-006
28918,5.1857e-007
28919,5.9657e-007
28920,5.2401e-007
28921,5.8395e-007
28922,5.2089e-007
28923,3.8798e-007
28924,3.618e-007
28925,3.5832e-007
28926,4.8394e-007
28927,4.9782e-007
28928,6.1883e-007
28929,6.4487e-007
28930,4.2816e-007
28931,5.7798e-007
28932,6.4745e-007
28933,6.4222e-007
28934,6.0314e-007
28935,2.063e-006
28936,1.9613e-006
28937,2.0525e-006
28938,2.3127e-006
28939,2.1378e-006
28940,1.5949e-006
28941,1.8197e-006
28942,1.9501e-006
28943,8.7038e-007
28944,7.934e-007
28945,1.0518e-006
28946,8.4768e-007
28947,4.7769e-007
28948,5.5463e-007
28949,4.6045e-007
28950,2.2128e-006
28951,2.2585e-006
28952,2.3488e-006
28953,2.5382e-006
28954,2.5243e-006
28955,2.3348e-006
28956,2.3342e-006
28957,2.1811e-006
28958,2.5114e-006
28959,2.0186e-006
28960,2.7149e-006
28961,3.8023e-007
28962,6.0893e-007
28963,8.009e-007
28964,5.4765e-007
28965,6.3539e-007
28966,9.0971e-007
28967,1.0223e-006
28968,1.0031e-006
28969,1.2934e-006
28970,8.3358e-007
28971,4.6204e-007
28972,6.978e-007
28973,6.0119e-007
28974,7.0725e-006
28975,7.4459e-006
28976,7.584e-006
28977,7.8398e-006
28978,2.6475e-006
28979,2.8e-006
28980,3.1745e-006
28981,3.1846e-006
28982,2.8418e-006
28983,3.2857e-007
28984,3.8514e-007
28985,2.6784e-007
28986,9.9647e-007
28987,9.0141e-007
28988,8.4337e-007
28989,2.2748e-006
28990,2.0426e-006
28991,2.4468e-006
28992,2.2701e-006
28993,2.7912e-006
28994,2.0538e-006
28995,9.5909e-008
28996,7.949e-008
28997,2.8837e-006
28998,2.6556e-006
28999,2.4965e-006
29000,2.8202e-006
29001,3.4554e-006
29002,3.4252e-006
29003,1.393e-006
29004,1.4525e-006
29005,1.5628e-006
29006,1.1266e-006
29007,3.2995e-006
29008,2.4341e-006
29009,3.2082e-006
29010,2.6431e-006
29011,2.8333e-006
29012,2.6809e-006
29013,2.0311e-006
29014,2.3551e-006
29015,2.109e-006
29016,4.4072e-007
29017,4.6315e-007
29018,6.0021e-007
29019,5.7119e-007
29020,5.2668e-007
29021,3.4558e-006
29022,4.0178e-006
29023,3.6446e-006
29024,2.7381e-007
29025,2.6708e-007
29026,3.2887e-007
29027,3.2097e-007
29028,3.8823e-007
29029,2.7445e-007
29030,2.9801e-007
29031,3.1015e-007
29032,1.8225e-007
29033,2.658e-007
29034,1.6957e-007
29035,2.0714e-007
29036,2.1966e-007
29037,2.8246e-007
29038,2.9669e-007
29039,3.3841e-007
29040,2.6648e-007
29041,2.965e-007
29042,1.9643e-007
29043,3.0415e-007
29044,2.989e-007
29045,2.3516e-007
29046,2.0407e-007
29047,3.3017e-006
29048,2.9177e-006
29049,2.7719e-006
29050,3.6289e-007
29051,5.0132e-007
29052,4.6643e-007
29053,5.3409e-007
29054,1.7519e-007
29055,1.4614e-007
29056,1.7223e-007
29057,1.5502e-007
29058,1.027e-007
29059,1.3951e-007
29060,1.0638e-007
29061,1.0657e-007
29062,1.5403e-007
29063,6.8677e-007
29064,6.0953e-007
29065,4.6651e-007
29066,2.0616e-006
29067,2.6629e-006
29068,2.6452e-006
29069,2.0836e-006
29070,4.2547e-006
29071,4.2559e-006
29072,5.1597e-006
29073,5.924e-006
29074,4.5644e-006
29075,5.151e-006
29076,1.4268e-006
29077,1.7997e-006
29078,1.1975e-007
29079,1.1927e-007
29080,1.0843e-007
29081,1.7184e-006
29082,2.3086e-006
29083,1.9218e-006
29084,2.0403e-006
29085,2.2365e-006
29086,2.0182e-006
29087,3.1117e-007
29088,2.5564e-007
29089,1.6176e-007
29090,2.5534e-007
29091,8.3241e-008
29092,8.4444e-008
29093,1.5866e-007
29094,1.8162e-007
29095,1.041e-007
29096,2.3401e-006
29097,2.5991e-006
29098,6.6118e-007
29099,9.3414e-007
29100,7.6366e-007
29101,8.2258e-007
29102,1.1128e-006
29103,7.7405e-006
29104,5.41e-006
29105,5.7271e-006
29106,6.5459e-006
29107,5.9909e-006
29108,5.874e-006
29109,7.0349e-006
29110,1.9798e-007
29111,2.8907e-007
29112,3.2073e-007
29113,2.2185e-007
29114,2.1315e-007
29115,1.3695e-007
29116,1.9294e-007
29117,1.3913e-007
29118,2.022e-007
29119,1.8243e-006
29120,1.2832e-006
29121,1.9147e-006
29122,2.5026e-006
29123,2.6126e-006
29124,2.6745e-006
29125,2.4158e-006
29126,1.3442e-006
29127,1.1295e-006
29128,1.7945e-006
29129,5.9953e-006
29130,4.8487e-006
29131,5.0253e-006
29132,5.6784e-006
29133,4.6866e-006
29134,4.5117e-006
29135,5.2588e-006
29136,3.2123e-006
29137,4.0632e-006
29138,3.6026e-006
29139,3.8557e-007
29140,2.843e-006
29141,2.5337e-006
29142,2.3667e-006
29143,2.7997e-004
29144,6.4999e-006
29145,5.8314e-006
29146,6.5277e-006
29147,6.0444e-006
29148,2.4503e-006
29149,4.0154e-006
29150,4.465e-006
29151,3.8414e-006
29152,2.6344e-006
29153,2.6087e-006
29154,2.9768e-006
29155,2.4737e-006
29156,1.9318e-006
29157,2.5269e-006
29158,2.0633e-006
29159,3.8603e-007
29160,3.7116e-007
29161,2.1543e-007
29162,3.8717e-007
29163,2.8159e-007
29164,3.2558e-007
29165,2.5807e-007
29166,2.7397e-007
29167,3.7312e-007
29168,3.1441e-006
29169,3.6451e-006
29170,2.988e-006
29171,3.0443e-006
29172,3.4337e-006
29173,3.3786e-007
29174,2.965e-007
29175,3.002e-007
29176,1.6021e-007
29177,2.9485e-007
29178,3.744e-007
29179,6.721e-007
29180,3.9599e-007
29181,3.1333e-007
29182,2.6549e-007
29183,3.4915e-007
29184,2.38e-007
29185,3.2253e-007
29186,3.3745e-007
29187,4.4673e-007
29188,3.0717e-007
29189,3.4352e-007
29190,2.4633e-006
29191,2.6973e-006
29192,2.899e-006
29193,3.6616e-006
29194,2.4842e-006
29195,3.3398e-006
29196,2.5494e-006
29197,3.2012e-006
29198,4.0512e-007
29199,4.0167e-007
29200,4.991e-007
29201,1.9903e-006
29202,1.3876e-006
29203,1.756e-006
29204,1.8778e-006
29205,2.3623e-006
29206,2.3823e-006
29207,2.149e-006
29208,1.913e-006
29209,3.6464e-006
29210,4.214e-006
29211,3.8412e-006
29212,3.9068e-006
29213,2.6204e-007
29214,3.1602e-007
29215,3.1247e-007
29216,1.3944e-006
29217,1.2547e-006
29218,1.8291e-006
29219,1.766e-006
29220,2.5049e-006
29221,2.4518e-006
29222,2.8961e-006
29223,2.9485e-006
29224,2.6434e-006
29225,2.3748e-006
29226,2.5341e-007
29227,1.8896e-007
29228,2.1918e-007
29229,3.2533e-007
29230,1.6872e-007
29231,2.494e-007
29232,2.8598e-007
29233,2.2298e-007
29234,2.2843e-007
29235,1.2762e-007
29236,1.7279e-007
29237,2.0627e-007
29238,1.5058e-007
29239,2.0867e-007
29240,3.4885e-006
29241,2.6704e-006
29242,2.7053e-006
29243,2.9818e-006
29244,3.4992e-006
29245,3.0745e-006
29246,3.5421e-006
29247,4.9053e-007
29248,4.3401e-007
29249,2.8291e-007
29250,5.6597e-007
29251,3.5477e-007
29252,3.2902e-007
29253,1.2747e-006
29254,1.2848e-006
29255,1.9701e-006
29256,1.857e-006
29257,1.5539e-006
29258,2.284e-007
29259,3.3414e-007
29260,4.4391e-007
29261,2.9437e-007
29262,4.6069e-007
29263,3.3231e-007
29264,2.3827e-007
29265,1.9459e-006
29266,2.4229e-006
29267,2.1768e-006
29268,3.5888e-007
29269,3.4888e-007
29270,3.2079e-007
29271,1.6616e-007
29272,2.2204e-007
29273,1.2204e-007
29274,6.9337e-007
29275,5.7627e-007
29276,7.8767e-007
29277,2.6334e-006
29278,2.4463e-006
29279,2.871e-006
29280,2.5386e-006
29281,1.84e-007
29282,1.2863e-007
29283,1.3358e-006
29284,1.3093e-006
29285,1.3104e-006
29286,6.3791e-007
29287,1.184e-007
29288,1.1657e-007
29289,1.2339e-007
29290,1.0419e-007
29291,1.5404e-007
29292,1.5718e-007
29293,1.419e-007
29294,3.0393e-006
29295,2.6162e-006
29296,3.1597e-006
29297,3.0342e-006
29298,3.1472e-006
29299,2.648e-006
29300,7.7919e-007
29301,8.6668e-007
29302,8.9577e-007
29303,8.9481e-007
29304,2.2317e-007
29305,2.5577e-007
29306,1.7197e-007
29307,1.467e-007
29308,2.9488e-007
29309,2.5835e-007
29310,2.811e-007
29311,2.3598e-007
29312,1.9806e-007
29313,7.0857e-006
29314,7.2513e-006
29315,7.7095e-006
29316,7.3587e-006
29317,1.0465e-006
29318,6.9106e-007
29319,7.9516e-007
29320,9.3028e-007
29321,7.512e-007
29322,6.8554e-007
29323,2.877e-007
29324,1.9348e-007
29325,2.5419e-007
29326,2.0646e-007
29327,2.7606e-007
29328,2.4994e-007
29329,3.2974e-007
29330,3.1904e-007
29331,3.077e-007
29332,1.6494e-007
29333,5.8536e-006
29334,5.7947e-006
29335,6.4592e-006
29336,6.234e-006
29337,5.7678e-006
29338,6.565e-006
29339,1.8601e-007
29340,1.1852e-007
29341,1.6499e-007
29342,1.2084e-007
29343,7.6955e-008
29344,1.1418e-006
29345,1.1328e-006
29346,1.7332e-006
29347,1.5078e-006
29348,3.4513e-006
29349,3.8584e-006
29350,3.4735e-006
29351,7.2378e-007
29352,4.3602e-007
29353,5.6965e-007
29354,2.4567e-007
29355,6.5159e-007
29356,1.0383e-006
29357,7.0968e-007
29358,3.268e-006
29359,3.3446e-006
29360,2.4661e-006
29361,2.8524e-006
29362,2.4791e-006
29363,2.4229e-006
29364,2.2286e-006
29365,1.1499e-006
29366,1.5656e-006
29367,1.3491e-006
29368,1.1027e-006
29369,6.9367e-007
29370,9.3686e-007
29371,7.2828e-007
29372,2.115e-006
29373,1.4359e-006
29374,1.5311e-006
29375,4.2853e-006
29376,4.2012e-006
29377,4.6562e-006
29378,4.102e-006
29379,3.6063e-006
29380,4.8938e-006
29381,3.8241e-006
29382,2.6356e-006
29383,2.5032e-006
29384,1.0491e-006
29385,1.0467e-006
29386,8.7157e-007
29387,6.9742e-007
29388,4.9386e-007
29389,4.3095e-007
29390,6.2084e-007
29391,1.0655e-006
29392,6.7512e-007
29393,1.0798e-006
29394,5.7589e-007
29395,8.0397e-007
29396,2.6096e-006
29397,7.9548e-007
29398,1.3499e-006
29399,2.3056e-006
29400,2.4279e-006
29401,2.7756e-006
29402,1.718e-007
29403,1.5636e-007
29404,1.813e-007
29405,1.7257e-007
29406,2.3025e-006
29407,2.6393e-006
29408,2.745e-006
29409,2.1874e-006
29410,3.3864e-007
29411,1.9665e-007
29412,2.0298e-006
29413,2.21e-006
29414,6.3406e-007
29415,4.796e-007
29416,5.2833e-007
29417,8.9962e-008
29418,1.4594e-007
29419,9.6189e-008
29420,6.5048e-008
29421,4.9611e-007
29422,4.6364e-007
29423,1.8601e-006
29424,2.7092e-006
29425,2.1752e-006
29426,2.2049e-006
29427,2.324e-006
29428,2.879e-006
29429,4.8621e-007
29430,6.391e-007
29431,4.201e-007
29432,1.7734e-007
29433,2.1675e-007
29434,1.1688e-007
29435,7.8941e-007
29436,7.1048e-007
29437,9.0493e-007
29438,1.4839e-006
29439,1.2121e-006
29440,1.6e-006
29441,1.9225e-007
29442,2.9316e-007
29443,2.0867e-007
29444,1.9192e-007
29445,2.3684e-006
29446,2.4571e-006
29447,4.3925e-006
29448,4.0185e-006
29449,4.0827e-006
29450,4.5685e-006
29451,3.7706e-006
29452,5.391e-007
29453,3.3824e-006
29454,3.6445e-006
29455,5.1783e-006
29456,3.6242e-006
29457,3.9151e-007
29458,2.4993e-007
29459,2.1839e-007
29460,2.4454e-007
29461,2.0746e-006
29462,2.7124e-006
29463,2.5595e-006
29464,2.6978e-006
29465,2.2141e-006
29466,2.1895e-006
29467,1.925e-007
29468,1.1638e-007
29469,1.5056e-007
29470,1.2614e-007
29471,1.5661e-007
29472,1.1494e-006
29473,1.6947e-006
29474,9.6531e-007
29475,1.2381e-007
29476,1.5852e-007
29477,1.7734e-006
29478,3.0162e-006
29479,7.4162e-006
29480,7.5285e-006
29481,7.9945e-007
29482,4.3912e-007
29483,7.0333e-007
29484,8.1838e-007
29485,4.8804e-006
29486,4.4749e-006
29487,3.8842e-006
29488,3.805e-006
29489,5.13e-006
29490,5.0022e-006
29491,4.0432e-006
29492,2.6773e-007
29493,3.1905e-007
29494,3.1751e-007
29495,1.7155e-007
29496,2.2093e-007
29497,2.6203e-007
29498,7.4419e-007
29499,8.1779e-007
29500,9.2053e-007
29501,1.7601e-006
29502,2.0235e-006
29503,1.8454e-006
29504,1.6733e-006
29505,7.2766e-007
29506,9.1908e-007
29507,3.5557e-006
29508,3.2024e-006
29509,3.8184e-006
29510,2.8543e-006
29511,2.7963e-006
29512,2.48e-006
29513,6.4652e-007
29514,6.2968e-007
29515,2.0069e-006
29516,1.592e-006
29517,4.1623e-007
29518,2.6952e-007
29519,3.1384e-007
29520,2.3652e-007
29521,2.9931e-007
29522,2.8232e-007
29523,1.8035e-007
29524,3.0568e-007
29525,2.8413e-007
29526,2.7842e-007
29527,2.6233e-007
29528,1.9037e-007
29529,1.4075e-007
29530,2.201e-007
29531,2.7927e-007
29532,2.7794e-007
29533,1.6343e-007
29534,2.4918e-007
29535,6.5437e-006
29536,5.4746e-006
29537,5.2851e-006
29538,5.7812e-006
29539,3.1451e-007
29540,4.8226e-007
29541,4.8506e-007
29542,9.0425e-007
29543,1.2101e-006
29544,2.1545e-007
29545,1.9291e-007
29546,1.7276e-007
29547,1.3238e-007
29548,1.1521e-006
29549,1.2954e-006
29550,1.5768e-006
29551,1.5842e-006
29552,3.9069e-007
29553,1.7625e-007
29554,2.3604e-007
29555,2.6474e-007
29556,3.029e-007
29557,8.5169e-007
29558,1.0901e-006
29559,6.8924e-008
29560,2.9012e-006
29561,2.5543e-006
29562,3.6111e-006
29563,3.4131e-006
29564,3.2708e-006
29565,1.1289e-006
29566,4.7702e-006
29567,4.2341e-006
29568,1.7589e-006
29569,1.5293e-006
29570,1.0372e-006
29571,1.1211e-006
29572,8.7268e-007
29573,8.9822e-007
29574,1.0826e-006
29575,5.6452e-007
29576,1.3484e-007
29577,5.3489e-006
29578,5.1334e-006
29579,5.82e-006
29580,5.3224e-006
29581,2.1847e-006
29582,2.2094e-006
29583,5.4578e-007
29584,3.9438e-007
29585,2.7407e-007
29586,3.9484e-007
29587,2.6134e-007
29588,5.5447e-007
29589,1.626e-006
29590,2.0201e-006
29591,2.7682e-006
29592,2.6382e-006
29593,2.4509e-006
29594,2.5447e-006
29595,3.0279e-006
29596,2.3059e-007
29597,3.5532e-007
29598,2.7823e-007
29599,3.5789e-007
29600,3.3374e-007
29601,3.9742e-006
29602,3.4317e-006
29603,3.8329e-006
29604,3.5662e-006
29605,1.1855e-006
29606,6.8707e-007
29607,3.3314e-007
29608,5.2114e-007
29609,3.4983e-007
29610,4.0412e-007
29611,8.0088e-007
29612,1.3774e-007
29613,1.0541e-006
29614,7.9233e-007
29615,3.6494e-007
29616,3.6972e-007
29617,4.1128e-007
29618,9.8199e-007
29619,1.087e-006
29620,1.0747e-006
29621,1.2851e-006
29622,6.266e-007
29623,6.9951e-007
29624,2.5565e-006
29625,4.0674e-007
29626,4.3547e-007
29627,1.6736e-007
29628,1.5626e-007
29629,1.9455e-007
29630,1.1878e-006
29631,4.0935e-007
29632,5.935e-007
29633,4.6671e-006
29634,5.5223e-006
29635,4.6628e-006
29636,1.9165e-007
29637,3.805e-006
29638,4.9398e-006
29639,3.9805e-006
29640,1.5228e-007
29641,2.0402e-007
29642,1.5456e-007
29643,2.2122e-007
29644,9.3781e-007
29645,1.0015e-006
29646,9.1964e-007
29647,1.4773e-006
29648,1.6496e-006
29649,1.6448e-006
29650,1.3358e-006
29651,3.6213e-007
29652,3.127e-007
29653,4.1656e-007
29654,2.8488e-007
29655,5.5349e-007
29656,4.0427e-007
29657,1.6231e-007
29658,2.6165e-007
29659,1.6046e-007
29660,7.5189e-007
29661,6.5963e-007
29662,8.4541e-007
29663,6.9911e-007
29664,1.4595e-006
29665,1.5866e-006
29666,1.0284e-006
29667,2.1087e-006
29668,2.1452e-006
29669,2.4325e-006
29670,2.2047e-006
29671,1.737e-006
29672,1.9586e-006
29673,2.9432e-007
29674,2.0061e-007
29675,2.5264e-007
29676,1.5116e-007
29677,2.037e-007
29678,1.2346e-007
29679,1.773e-007
29680,9.0218e-008
29681,5.6333e-007
29682,3.4924e-007
29683,3.4445e-007
29684,3.1532e-006
29685,1.0327e-006
29686,1.5884e-006
29687,1.6065e-006
29688,4.1522e-007
29689,4.6885e-007
29690,5.2503e-007
29691,7.2681e-007
29692,9.2509e-007
29693,9.0969e-007
29694,7.6838e-007
29695,2.1264e-007
29696,2.0417e-007
29697,2.8424e-006
29698,2.4206e-006
29699,1.5377e-007
29700,2.3552e-006
29701,2.7085e-006
29702,2.2815e-006
29703,4.5773e-007
29704,3.5506e-007
29705,2.3574e-006
29706,2.1756e-006
29707,9.9468e-007
29708,2.8405e-007
29709,2.5335e-007
29710,1.2539e-007
29711,1.3733e-007
29712,1.0942e-007
29713,9.1018e-008
29714,8.1737e-007
29715,7.9744e-007
29716,7.2487e-007
29717,1.5383e-006
29718,7.3979e-007
29719,7.1656e-007
29720,6.2757e-007
29721,2.2818e-007
29722,3.2919e-007
29723,2.9272e-007
29724,3.4866e-006
29725,4.9385e-007
29726,7.4056e-007
29727,6.2839e-006
29728,6.148e-006
29729,7.3336e-006
29730,7.5868e-006
29731,2.9289e-006
29732,2.2672e-006
29733,2.7957e-006
29734,1.6617e-006
29735,2.11e-006
29736,1.8556e-006
29737,3.3605e-006
29738,3.4193e-006
29739,3.2734e-006
29740,3.433e-006
29741,2.9065e-006
29742,2.4128e-007
29743,2.9863e-007
29744,3.6008e-007
29745,2.8479e-007
29746,3.6573e-007
29747,1.429e-007
29748,9.9593e-008
29749,1.5615e-007
29750,7.4131e-007
29751,2.6199e-006
29752,6.0016e-006
29753,4.7022e-006
29754,5.2912e-006
29755,6.0035e-006
29756,2.0109e-007
29757,1.5229e-007
29758,1.5035e-007
29759,1.061e-007
29760,7.8224e-008
29761,4.5049e-006
29762,4.2599e-006
29763,4.9397e-006
29764,5.1219e-006
29765,5.5163e-006
29766,4.5421e-006
29767,4.3534e-006
29768,5.0507e-006
29769,4.2088e-006
29770,5.6998e-006
29771,6.539e-006
29772,1.7408e-006
29773,2.8816e-007
29774,2.3508e-007
29775,2.341e-007
29776,2.1839e-007
29777,2.2385e-006
29778,2.3755e-006
29779,4.1075e-006
29780,2.7611e-006
29781,3.2124e-006
29782,3.4232e-006
29783,2.8928e-006
29784,1.0089e-006
29785,2.156e-007
29786,1.3006e-007
29787,1.3601e-007
29788,1.0911e-007
29789,1.842e-007
29790,6.0432e-007
29791,1.602e-007
29792,2.2921e-007
29793,4.4423e-007
29794,2.7341e-006
29795,2.6879e-006
29796,2.0647e-006
29797,2.3036e-006
29798,2.0881e-006
29799,1.4301e-007
29800,2.5768e-006
29801,2.2879e-006
29802,2.9734e-006
29803,1.539e-007
29804,2.4356e-007
29805,2.0997e-007
29806,2.5419e-007
29807,3.4838e-007
29808,4.2002e-006
29809,4.693e-006
29810,2.1585e-007
29811,2.4123e-007
29812,3.6457e-007
29813,3.3725e-006
29814,1.9749e-007
29815,3.4107e-007
29816,2.388e-007
29817,1.8943e-006
29818,2.0374e-006
29819,2.7454e-007
29820,1.6033e-007
29821,4.0868e-006
29822,4.7811e-006
29823,3.9151e-006
29824,2.2511e-006
29825,2.369e-006
29826,2.8345e-006
29827,2.1716e-006
29828,2.6481e-007
29829,2.3217e-007
29830,5.6274e-006
29831,6.7882e-006
29832,2.0036e-007
29833,1.3783e-007
29834,9.7504e-008
29835,6.4615e-008
29836,8.0122e-007
29837,1.0129e-007
29838,2.4853e-007
29839,1.161e-007
29840,2.9679e-006
29841,3.0917e-006
29842,2.6266e-006
29843,2.5833e-006
29844,3.0131e-006
29845,2.6223e-006
29846,4.5872e-006
29847,3.7501e-006
29848,3.8944e-007
29849,2.7975e-007
29850,3.9834e-007
29851,1.2078e-007
29852,4.3411e-007
29853,3.7871e-007
29854,2.0524e-006
29855,3.2558e-007
29856,1.5985e-007
29857,3.7079e-007
29858,1.4801e-006
29859,1.8002e-006
29860,1.7088e-006
29861,5.9955e-007
29862,1.2183e-006
29863,8.6594e-007
29864,6.8108e-007
29865,1.6565e-006
29866,3.4747e-007
29867,1.1862e-006
29868,2.824e-006
29869,2.2539e-006
29870,1.6342e-006
29871,7.945e-006
29872,2.4289e-006
29873,2.1692e-006
29874,6.4335e-007
29875,5.9794e-007
29876,3.6644e-007
29877,9.1062e-007
29878,8.3293e-007
29879,8.1843e-007
29880,3.2124e-007
29881,4.0504e-007
29882,4.3222e-007
29883,2.1006e-007
29884,5.8638e-007
29885,2.0357e-006
29886,2.106e-006
29887,2.3798e-007
29888,3.572e-007
29889,1.2227e-006
29890,5.0632e-007
29891,1.6939e-006
29892,5.4307e-006
29893,3.7655e-007
29894,8.8235e-006
29895,9.0749e-006
29896,1.736e-006
29897,7.4859e-007
29898,6.2382e-006
29899,3.0958e-007
29900,2.5729e-006
29901,8.0995e-006
