NodeNumber,Total Deformation (m)
1,1.7262e-003
2,1.7264e-003
3,1.8318e-003
4,1.9094e-003
5,1.938e-003
6,1.9095e-003
7,1.8319e-003
8,1.7254e-003
9,1.7256e-003
10,1.831e-003
11,1.9088e-003
12,1.9373e-003
13,1.9089e-003
14,1.8312e-003
15,1.9747e-004
16,1.9744e-004
17,2.635e-004
18,3.1521e-004
19,3.348e-004
20,3.1512e-004
21,2.6348e-004
22,1.9368e-004
23,1.9353e-004
24,2.5999e-004
25,3.1197e-004
26,3.3175e-004
27,3.1199e-004
28,2.5998e-004
29,0.
30,0.
31,0.
32,0.
33,0.
34,0.
35,0.
36,2.9693e-009
37,1.5987e-006
38,9.7239e-009
39,3.7675e-008
40,1.2496e-007
41,3.7495e-007
42,9.437e-007
43,1.1652e-006
44,0.
45,0.
46,0.
47,0.
48,0.
49,0.
50,0.
51,7.3868e-014
52,1.0899e-011
53,1.4366e-013
54,4.608e-013
55,1.4676e-012
56,4.1905e-012
57,8.3587e-012
58,1.6215e-003
59,1.5454e-003
60,1.5175e-003
61,1.5453e-003
62,1.6214e-003
63,1.3645e-004
64,9.6381e-005
65,8.2378e-005
66,9.6611e-005
67,1.3664e-004
68,3.2776e-005
69,3.278e-005
70,4.0109e-005
71,4.582e-005
72,4.89e-005
73,4.6875e-005
74,4.2277e-005
75,3.7672e-005
76,1.7636e-005
77,2.5841e-005
78,2.1124e-005
79,1.9958e-005
80,1.841e-005
81,1.9776e-005
82,2.0988e-005
83,2.1915e-005
84,2.2488e-005
85,2.2666e-005
86,2.2345e-005
87,2.1388e-005
88,2.2851e-003
89,2.0598e-003
90,1.8347e-003
91,1.6106e-003
92,1.3891e-003
93,1.1717e-003
94,9.6065e-004
95,7.589e-004
96,5.7019e-004
97,3.9954e-004
98,2.5289e-004
99,1.382e-004
100,6.9483e-005
101,3.7157e-005
102,2.2844e-003
103,2.2869e-003
104,2.2891e-003
105,2.2907e-003
106,2.2914e-003
107,2.2909e-003
108,2.2895e-003
109,2.2875e-003
110,1.981e-005
111,3.1837e-005
112,5.7924e-005
113,1.2104e-004
114,2.2576e-004
115,3.6284e-004
116,5.2644e-004
117,7.09e-004
118,9.0786e-004
119,1.1169e-003
120,1.3329e-003
121,1.5536e-003
122,1.7913e-003
123,2.0377e-003
124,1.7649e-005
125,2.1189e-005
126,2.2162e-005
127,2.2503e-005
128,2.2338e-005
129,2.1783e-005
130,2.0885e-005
131,1.9722e-005
132,1.8406e-005
133,2.5862e-005
134,2.1122e-005
135,0.
136,1.2949e-005
137,7.6976e-006
138,0.
139,0.
140,0.
141,0.
142,0.
143,0.
144,0.
145,0.
146,0.
147,0.
148,1.2974e-005
149,6.7637e-006
150,0.
151,0.
152,0.
153,0.
154,0.
155,0.
156,0.
157,0.
158,0.
159,0.
160,0.
161,0.
162,0.
163,0.
164,0.
165,0.
166,0.
167,0.
168,0.
169,0.
170,0.
171,0.
172,0.
173,0.
174,0.
175,0.
176,0.
177,0.
178,0.
179,0.
180,0.
181,0.
182,0.
183,0.
184,0.
185,0.
186,0.
187,0.
188,0.
189,0.
190,0.
191,0.
192,0.
193,0.
194,0.
195,0.
196,0.
197,0.
198,0.
199,0.
200,0.
201,0.
202,0.
203,0.
204,0.
205,0.
206,0.
207,0.
208,0.
209,0.
210,0.
211,0.
212,0.
213,0.
214,0.
215,0.
216,7.7528e-006
217,6.606e-006
218,8.1666e-006
219,8.4895e-006
220,8.7377e-006
221,8.9945e-006
222,9.2121e-006
223,9.4516e-006
224,9.6222e-006
225,9.7639e-006
226,9.8965e-006
227,1.0043e-005
228,1.0193e-005
229,1.0313e-005
230,1.033e-005
231,1.0445e-005
232,1.0529e-005
233,1.0545e-005
234,1.0542e-005
235,1.0604e-005
236,1.0612e-005
237,1.0585e-005
238,1.0644e-005
239,1.0604e-005
240,1.0579e-005
241,1.0516e-005
242,1.047e-005
243,1.0441e-005
244,1.0368e-005
245,1.0317e-005
246,1.0257e-005
247,1.0165e-005
248,1.0092e-005
249,1.0011e-005
250,9.9073e-006
251,9.8322e-006
252,9.7383e-006
253,9.6243e-006
254,9.5043e-006
255,9.3626e-006
256,9.2374e-006
257,9.0944e-006
258,8.9564e-006
259,8.8205e-006
260,8.6695e-006
261,8.5437e-006
262,8.371e-006
263,8.209e-006
264,8.0441e-006
265,7.9161e-006
266,7.7151e-006
267,7.5429e-006
268,7.3698e-006
269,7.1793e-006
270,6.9644e-006
271,4.479e-006
272,5.7955e-006
273,5.0257e-006
274,4.1096e-006
275,4.3999e-006
276,4.3675e-006
277,4.3401e-006
278,4.3275e-006
279,4.3111e-006
280,4.3058e-006
281,4.3034e-006
282,4.3096e-006
283,4.3125e-006
284,4.339e-006
285,4.3439e-006
286,4.3651e-006
287,4.3934e-006
288,4.4169e-006
289,4.4171e-006
290,4.4666e-006
291,4.4545e-006
292,4.5089e-006
293,4.5523e-006
294,4.5612e-006
295,4.6133e-006
296,4.5597e-006
297,4.5892e-006
298,4.5982e-006
299,4.6092e-006
300,4.6507e-006
301,4.6222e-006
302,4.6396e-006
303,4.6574e-006
304,4.7169e-006
305,4.6641e-006
306,4.6599e-006
307,4.6276e-006
308,4.6797e-006
309,4.6413e-006
310,4.6058e-006
311,4.5953e-006
312,4.5623e-006
313,4.552e-006
314,4.5322e-006
315,4.5136e-006
316,4.5384e-006
317,4.4465e-006
318,4.3657e-006
319,4.3318e-006
320,4.2096e-006
321,4.1418e-006
322,4.0734e-006
323,4.0093e-006
324,3.9317e-006
325,3.8831e-006
326,3.8311e-006
327,3.8681e-006
328,5.0447e-006
329,6.2757e-006
330,2.2845e-003
331,7.8007e-006
332,2.0591e-003
333,1.8339e-003
334,1.6098e-003
335,1.3882e-003
336,1.1707e-003
337,9.5938e-004
338,7.5732e-004
339,5.6823e-004
340,3.9704e-004
341,2.5878e-004
342,1.4933e-004
343,7.7612e-005
344,4.3168e-005
345,2.2338e-005
346,1.4971e-005
347,1.1012e-005
348,7.2039e-006
349,7.6337e-006
350,1.0062e-005
351,2.2838e-003
352,2.2864e-003
353,2.2886e-003
354,2.2902e-003
355,2.2908e-003
356,2.2903e-003
357,2.2889e-003
358,2.2869e-003
359,9.7481e-006
360,1.284e-005
361,1.7425e-005
362,2.7559e-005
363,5.0272e-005
364,1.0293e-004
365,2.0226e-004
366,3.3892e-004
367,5.0188e-004
368,6.8484e-004
369,8.8254e-004
370,1.0907e-003
371,1.3063e-003
372,1.5266e-003
373,1.75e-003
374,2.0062e-003
375,7.1531e-006
376,7.4418e-006
377,9.9388e-006
378,1.6208e-003
379,1.5445e-003
380,1.5167e-003
381,1.5444e-003
382,1.6206e-003
383,1.3233e-004
384,9.144e-005
385,7.6928e-005
386,9.1385e-005
387,1.3277e-004
388,6.6153e-006
389,6.9797e-006
390,7.1883e-006
391,7.374e-006
392,7.5516e-006
393,7.7178e-006
394,7.9035e-006
395,8.0724e-006
396,8.2153e-006
397,8.3854e-006
398,8.5399e-006
399,8.6933e-006
400,8.8311e-006
401,8.9742e-006
402,9.1131e-006
403,9.2753e-006
404,9.4104e-006
405,9.4965e-006
406,9.5985e-006
407,9.742e-006
408,9.8007e-006
409,9.9167e-006
410,1.0034e-005
411,1.011e-005
412,1.0204e-005
413,1.0304e-005
414,1.0367e-005
415,1.042e-005
416,1.0481e-005
417,1.0572e-005
418,1.0571e-005
419,1.057e-005
420,1.0639e-005
421,1.0709e-005
422,1.0647e-005
423,1.0648e-005
424,1.0633e-005
425,1.0589e-005
426,1.0604e-005
427,1.0524e-005
428,1.0471e-005
429,1.0427e-005
430,1.0315e-005
431,1.0183e-005
432,1.0096e-005
433,9.9643e-006
434,9.8383e-006
435,9.6657e-006
436,9.4772e-006
437,9.2581e-006
438,9.0493e-006
439,8.7927e-006
440,8.5432e-006
441,8.2286e-006
442,7.7151e-006
443,1.0164e-005
444,1.3369e-005
445,2.1184e-005
446,2.8696e-005
447,3.2772e-005
448,2.9228e-005
449,2.1241e-005
450,1.3089e-005
451,8.309e-006
452,4.1362e-006
453,3.6234e-006
454,2.3389e-006
455,3.1042e-007
456,6.3405e-006
457,5.0838e-006
458,3.6038e-006
459,2.5075e-006
460,2.6118e-007
461,6.6397e-006
462,1.2816e-005
463,1.2933e-005
464,7.6833e-006
465,4.4833e-006
466,3.8926e-006
467,3.8677e-006
468,3.9119e-006
469,3.9612e-006
470,4.0687e-006
471,4.1355e-006
472,4.2264e-006
473,4.2733e-006
474,4.397e-006
475,4.45e-006
476,4.5416e-006
477,4.5654e-006
478,4.5898e-006
479,4.5749e-006
480,4.5997e-006
481,4.6184e-006
482,4.642e-006
483,4.654e-006
484,4.7119e-006
485,4.6638e-006
486,4.6853e-006
487,4.706e-006
488,4.6607e-006
489,4.6706e-006
490,4.675e-006
491,4.6746e-006
492,4.6424e-006
493,4.6412e-006
494,4.6427e-006
495,4.6218e-006
496,4.5874e-006
497,4.5749e-006
498,4.5528e-006
499,4.5238e-006
500,4.5134e-006
501,4.5022e-006
502,4.4915e-006
503,4.4977e-006
504,4.4378e-006
505,4.4213e-006
506,4.4089e-006
507,4.3893e-006
508,4.3908e-006
509,4.3628e-006
510,4.3358e-006
511,4.332e-006
512,4.3201e-006
513,4.3313e-006
514,4.3389e-006
515,4.3326e-006
516,4.3456e-006
517,4.3739e-006
518,4.4109e-006
519,5.0324e-006
520,5.8011e-006
521,1.912e-013
522,3.7784e-013
523,1.7091e-012
524,7.5851e-012
525,3.3527e-011
526,1.4551e-010
527,6.6566e-010
528,2.5633e-009
529,1.1229e-008
530,5.0139e-008
531,1.7315e-007
532,6.0412e-007
533,1.2204e-006
534,2.017e-006
535,2.7462e-006
536,3.2807e-006
537,3.6631e-006
538,1.8828e-013
539,3.5484e-006
540,3.0457e-006
541,2.2803e-006
542,1.5949e-006
543,8.4851e-007
544,3.3274e-007
545,8.3138e-008
546,2.1344e-008
547,5.066e-009
548,1.0746e-009
549,2.5183e-010
550,5.9041e-011
551,1.3848e-011
552,2.9437e-012
553,5.0676e-013
554,9.4247e-007
555,3.7882e-007
556,1.2472e-007
557,3.7099e-008
558,8.7465e-009
559,8.4416e-012
560,4.2002e-012
561,1.4463e-012
562,4.6789e-013
563,1.5111e-013
564,4.1076e-006
565,3.7909e-006
566,3.4082e-006
567,3.1034e-006
568,2.8997e-006
569,2.8399e-006
570,2.8638e-006
571,2.8466e-006
572,2.9526e-006
573,3.3822e-006
574,3.9132e-006
575,1.7596e-013
576,1.9577e-013
577,1.4903e-013
578,7.4102e-014
579,1.4895e-013
580,1.9811e-013
581,1.9484e-013
582,2.4746e-005
583,1.8685e-005
584,1.3829e-005
585,1.0122e-005
586,7.3384e-006
587,5.0822e-006
588,3.2198e-006
589,1.8823e-006
590,1.1139e-006
591,7.3291e-007
592,4.0934e-007
593,4.0861e-007
594,7.3942e-007
595,1.1131e-006
596,1.8761e-006
597,3.2373e-006
598,5.1061e-006
599,7.3671e-006
600,1.0161e-005
601,1.3841e-005
602,1.8672e-005
603,2.4717e-005
604,5.5746e-006
605,5.2661e-006
606,5.3518e-006
607,6.5776e-006
608,8.0127e-006
609,6.5994e-006
610,5.1213e-006
611,9.4705e-006
612,6.7416e-006
613,5.0014e-006
614,6.3861e-006
615,8.7668e-006
616,6.7143e-006
617,1.084e-005
618,1.3693e-005
619,7.0359e-006
620,1.9015e-005
621,1.0145e-005
622,6.9306e-006
623,1.0767e-005
624,1.4095e-005
625,2.3496e-005
626,1.7718e-005
627,1.0509e-005
628,2.1532e-005
629,1.4175e-005
630,1.3612e-005
631,1.6563e-005
632,1.0414e-005
633,7.0541e-006
634,7.0688e-006
635,6.521e-006
636,9.9135e-006
637,6.3819e-007
638,3.0205e-005
639,3.5169e-005
640,6.9597e-007
641,1.3145e-006
642,1.185e-006
643,2.7944e-005
644,2.2021e-005
645,3.3542e-005
646,3.9607e-005
647,1.2154e-006
648,4.0159e-005
649,3.2641e-005
650,2.6592e-005
651,6.3358e-007
652,2.1778e-005
653,4.7684e-007
654,4.7814e-007
655,8.9105e-007
656,7.1335e-007
657,9.2719e-007
658,1.4043e-006
659,4.2446e-005
660,3.7449e-005
661,3.9953e-005
662,3.391e-005
663,1.4179e-006
664,1.8144e-006
665,1.925e-006
666,1.9091e-006
667,2.553e-005
668,2.0244e-005
669,7.6936e-007
670,1.5955e-006
671,1.0272e-006
672,1.6478e-006
673,2.0603e-006
674,2.3618e-006
675,2.5303e-006
676,2.6083e-006
677,2.6725e-006
678,3.1092e-006
679,3.452e-006
680,2.3483e-006
681,4.0241e-006
682,4.7623e-006
683,3.2465e-006
684,2.2754e-006
685,2.87e-006
686,3.9434e-006
687,5.1316e-006
688,6.3362e-006
689,5.4377e-006
690,7.3842e-006
691,3.6229e-006
692,4.0856e-006
693,6.1563e-006
694,8.2391e-006
695,7.0218e-006
696,8.8564e-006
697,9.3686e-006
698,1.0455e-005
699,1.1723e-005
700,1.2789e-005
701,7.9597e-006
702,9.6633e-006
703,1.1408e-005
704,6.3395e-006
705,4.6906e-006
706,3.3818e-006
707,2.0134e-006
708,3.4895e-006
709,5.6207e-006
710,7.7652e-006
711,4.66e-006
712,6.9404e-006
713,9.2383e-006
714,1.4385e-005
715,1.126e-005
716,1.3187e-005
717,1.5348e-005
718,1.8275e-005
719,1.5789e-005
720,2.1337e-005
721,1.7315e-005
722,1.454e-005
723,1.4877e-005
724,1.264e-005
725,1.8093e-005
726,1.6226e-005
727,1.244e-005
728,9.8078e-006
729,2.9335e-005
730,5.7399e-006
731,7.035e-006
732,6.0408e-006
733,6.9737e-006
734,5.0532e-006
735,6.3207e-006
736,7.6192e-006
737,7.5651e-006
738,4.7589e-006
739,6.2989e-006
740,8.6617e-006
741,8.5558e-006
742,8.666e-006
743,6.9821e-006
744,6.6106e-006
745,6.5508e-006
746,8.5962e-006
747,6.486e-006
748,8.5275e-006
749,6.4446e-006
750,8.52e-006
751,6.357e-006
752,8.2304e-006
753,6.2845e-006
754,7.9005e-006
755,6.2385e-006
756,8.1864e-006
757,6.3685e-006
758,8.628e-006
759,9.3088e-006
760,9.2961e-006
761,6.4108e-006
762,8.4166e-006
763,6.3061e-006
764,8.1796e-006
765,6.2142e-006
766,8.069e-006
767,6.0417e-006
768,7.5046e-006
769,5.8676e-006
770,7.7917e-006
771,5.9599e-006
772,7.7916e-006
773,8.8639e-006
774,8.7598e-006
775,8.7098e-006
776,7.0453e-006
777,6.6495e-006
778,6.593e-006
779,6.465e-006
780,8.6355e-006
781,6.4052e-006
782,8.4573e-006
783,6.017e-006
784,6.859e-006
785,8.74e-006
786,8.7583e-006
787,8.6311e-006
788,6.5936e-006
789,6.4864e-006
790,6.3973e-006
791,8.5202e-006
792,6.2877e-006
793,8.3715e-006
794,6.0686e-006
795,7.2748e-006
796,8.414e-006
797,8.4327e-006
798,8.1728e-006
799,6.7475e-006
800,6.2276e-006
801,6.1508e-006
802,8.6434e-006
803,5.9396e-006
804,7.9636e-006
805,5.8004e-006
806,7.7475e-006
807,5.5814e-006
808,6.8493e-006
809,7.6098e-006
810,7.9115e-006
811,7.2696e-006
812,5.5241e-006
813,5.8424e-006
814,5.1795e-006
815,7.2062e-006
816,7.312e-006
817,7.0307e-006
818,6.0723e-006
819,5.7087e-006
820,5.7905e-006
821,7.3396e-006
822,5.682e-006
823,7.3755e-006
824,5.6912e-006
825,7.284e-006
826,5.448e-006
827,5.8839e-006
828,5.5041e-006
829,6.853e-006
830,5.4001e-006
831,6.5841e-006
832,5.2316e-006
833,5.8391e-006
834,5.9091e-006
835,7.7683e-006
836,5.2268e-006
837,5.2152e-006
838,6.449e-006
839,6.4717e-006
840,6.322e-006
841,5.171e-006
842,6.2278e-006
843,5.12e-006
844,6.1363e-006
845,5.2948e-006
846,6.0343e-006
847,5.0338e-006
848,5.1706e-006
849,5.4869e-006
850,5.9964e-006
851,7.1222e-006
852,7.1622e-006
853,4.7891e-006
854,6.0353e-006
855,8.745e-006
856,8.6756e-006
857,8.686e-006
858,7.0788e-006
859,6.5733e-006
860,6.5302e-006
861,8.482e-006
862,6.2102e-006
863,8.2533e-006
864,6.2268e-006
865,8.223e-006
866,5.9374e-006
867,7.1176e-006
868,6.3751e-006
869,8.6705e-006
870,6.3604e-006
871,8.3979e-006
872,5.9382e-006
873,6.9219e-006
874,8.7234e-006
875,6.6101e-006
876,8.7027e-006
877,6.4267e-006
878,8.6377e-006
879,6.3754e-006
880,8.5038e-006
881,6.1546e-006
882,8.0465e-006
883,5.8661e-006
884,7.2774e-006
885,9.1562e-006
886,8.8966e-006
887,6.6702e-006
888,8.7788e-006
889,6.4863e-006
890,8.586e-006
891,6.3649e-006
892,8.4334e-006
893,6.0634e-006
894,7.9386e-006
895,6.02e-006
896,7.0722e-006
897,8.9231e-006
898,8.6559e-006
899,6.5917e-006
900,8.4833e-006
901,6.3132e-006
902,8.0982e-006
903,6.088e-006
904,7.5659e-006
905,5.8364e-006
906,7.4085e-006
907,7.1849e-006
908,7.1703e-006
909,7.3746e-006
910,5.102e-006
911,5.7655e-006
912,5.506e-006
913,7.4128e-006
914,5.4824e-006
915,7.584e-006
916,5.6718e-006
917,7.5046e-006
918,5.6832e-006
919,6.8207e-006
920,8.0496e-006
921,6.0034e-006
922,8.0281e-006
923,5.8279e-006
924,7.1238e-006
925,8.5789e-006
926,5.8639e-006
927,8.5678e-006
928,5.8023e-006
929,7.2843e-006
930,7.8849e-006
931,7.8209e-006
932,6.3939e-006
933,5.6794e-006
934,6.0013e-006
935,7.6929e-006
936,5.7892e-006
937,7.5166e-006
938,5.7488e-006
939,7.3448e-006
940,5.6541e-006
941,6.567e-006
942,7.544e-006
943,7.3244e-006
944,5.8938e-006
945,7.133e-006
946,5.7204e-006
947,5.5912e-006
948,7.0017e-006
949,5.5039e-006
950,6.8465e-006
951,5.4061e-006
952,6.67e-006
953,5.1966e-006
954,6.2511e-006
955,5.0354e-006
956,5.7369e-006
957,6.9715e-006
958,6.715e-006
959,6.4552e-006
960,5.3844e-006
961,5.2392e-006
962,6.2346e-006
963,5.1052e-006
964,5.7207e-006
965,6.308e-006
966,6.0263e-006
967,5.2131e-006
968,5.0337e-006
969,7.8513e-005
970,7.8402e-005
971,1.4754e-004
972,1.141e-004
973,4.6114e-007
974,5.7298e-006
975,5.812e-006
976,5.6471e-006
977,1.0611e-005
978,1.0594e-005
979,1.0709e-005
980,1.0763e-005
981,5.6859e-006
982,1.6743e-005
983,1.5207e-005
984,1.65e-005
985,5.9061e-006
986,1.0806e-005
987,1.6053e-005
988,1.1251e-005
989,5.8439e-006
990,1.0738e-005
991,6.0005e-006
992,6.4716e-006
993,1.0697e-005
994,1.1314e-005
995,1.6177e-005
996,1.494e-005
997,1.5409e-005
998,1.4804e-005
999,1.5881e-005
1000,1.6082e-005
1001,5.8398e-006
1002,5.8564e-006
1003,5.8554e-006
1004,1.0773e-005
1005,1.0622e-005
1006,1.1003e-005
1007,1.0681e-005
1008,6.01e-006
1009,1.6164e-005
1010,1.5166e-005
1011,1.5491e-005
1012,5.8079e-006
1013,6.5395e-006
1014,1.0716e-005
1015,1.4837e-005
1016,1.1328e-005
1017,1.4939e-005
1018,5.5414e-006
1019,5.7286e-006
1020,4.929e-006
1021,1.0411e-005
1022,1.0853e-005
1023,1.0931e-005
1024,1.621e-005
1025,1.6052e-005
1026,1.6517e-005
1027,1.6682e-005
1028,1.6707e-005
1029,4.5968e-007
1030,0.
1031,0.
1032,0.
1033,0.
1034,0.
1035,0.
1036,0.
1037,0.
1038,0.
1039,0.
1040,0.
1041,0.
1042,0.
1043,0.
1044,0.
1045,0.
1046,0.
1047,0.
1048,0.
1049,0.
1050,0.
1051,0.
1052,0.
1053,0.
1054,0.
1055,0.
1056,0.
1057,0.
1058,0.
1059,0.
1060,0.
1061,0.
1062,0.
1063,0.
1064,0.
1065,0.
1066,0.
1067,0.
1068,0.
1069,0.
1070,0.
1071,0.
1072,0.
1073,0.
1074,0.
1075,0.
1076,0.
1077,0.
1078,0.
1079,0.
1080,0.
1081,0.
1082,0.
1083,0.
1084,0.
1085,0.
1086,0.
1087,0.
1088,0.
1089,0.
1090,0.
1091,0.
1092,0.
1093,0.
1094,0.
1095,0.
1096,0.
1097,0.
1098,0.
1099,0.
1100,0.
1101,0.
1102,0.
1103,0.
1104,0.
1105,0.
1106,0.
1107,0.
1108,0.
1109,0.
1110,0.
1111,0.
1112,0.
1113,0.
1114,0.
1115,0.
1116,0.
1117,0.
1118,0.
1119,0.
1120,0.
1121,0.
1122,0.
1123,0.
1124,0.
1125,0.
1126,0.
1127,0.
1128,0.
1129,0.
1130,0.
1131,0.
1132,0.
1133,0.
1134,0.
1135,0.
1136,0.
1137,0.
1138,0.
1139,0.
1140,0.
1141,0.
1142,0.
1143,0.
1144,0.
1145,0.
1146,0.
1147,0.
1148,0.
1149,0.
1150,0.
1151,0.
1152,0.
1153,0.
1154,0.
1155,0.
1156,0.
1157,0.
1158,0.
1159,0.
1160,0.
1161,0.
1162,0.
1163,0.
1164,0.
1165,0.
1166,0.
1167,0.
1168,0.
1169,0.
1170,0.
1171,0.
1172,0.
1173,0.
1174,0.
1175,0.
1176,0.
1177,0.
1178,0.
1179,0.
1180,0.
1181,0.
1182,0.
1183,0.
1184,0.
1185,8.5561e-004
1186,6.9733e-005
1187,6.2335e-005
1188,1.3075e-003
1189,1.2977e-003
1190,4.4317e-004
1191,4.3402e-004
1192,5.4511e-005
1193,4.8433e-005
1194,1.2412e-003
1195,1.9144e-003
1196,1.8388e-003
1197,1.717e-004
1198,2.0087e-004
1199,8.5535e-004
1200,5.5818e-005
1201,8.277e-004
1202,6.6142e-005
1203,6.6062e-005
1204,6.7052e-005
1205,1.9941e-003
1206,1.6063e-003
1207,1.5554e-003
1208,9.6004e-004
1209,3.8127e-005
1210,3.6388e-005
1211,5.3102e-004
1212,1.4443e-003
1213,1.0687e-003
1214,3.4838e-005
1215,4.767e-005
1216,1.0959e-003
1217,1.9636e-004
1218,1.4331e-003
1219,4.7121e-005
1220,3.3319e-005
1221,1.9246e-003
1222,8.6324e-004
1223,1.2106e-004
1224,7.6359e-004
1225,3.7235e-004
1226,2.0826e-003
1227,6.4971e-004
1228,9.815e-005
1229,5.0262e-005
1230,1.884e-004
1231,3.768e-005
1232,3.72e-005
1233,1.6793e-003
1234,1.4015e-003
1235,1.2834e-003
1236,6.8417e-005
1237,4.2119e-004
1238,1.2266e-004
1239,2.2025e-005
1240,2.2045e-005
1241,9.3864e-005
1242,5.5406e-005
1243,6.0649e-005
1244,3.1793e-004
1245,3.6827e-005
1246,6.3611e-004
1247,8.8137e-005
1248,2.0118e-003
1249,6.0761e-004
1250,1.7647e-003
1251,3.4772e-005
1252,6.6176e-005
1253,6.6633e-005
1254,2.0826e-003
1255,1.4149e-003
1256,1.2498e-003
1257,2.0991e-003
1258,1.6805e-003
1259,3.0027e-004
1260,2.8412e-004
1261,1.1242e-003
1262,5.8121e-004
1263,6.7387e-004
1264,1.0488e-003
1265,2.7667e-005
1266,2.5606e-005
1267,5.3082e-005
1268,3.8451e-005
1269,1.4368e-003
1270,1.6563e-003
1271,4.1389e-004
1272,1.2252e-003
1273,5.5549e-005
1274,7.195e-005
1275,2.1222e-003
1276,1.0616e-003
1277,3.8579e-005
1278,3.13e-005
1279,3.0906e-005
1280,5.0963e-004
1281,1.94e-003
1282,6.746e-004
1283,3.4033e-005
1284,2.099e-003
1285,2.4396e-004
1286,1.4403e-003
1287,3.4746e-004
1288,6.5276e-005
1289,3.1102e-005
1290,3.4102e-005
1291,2.1734e-004
1292,1.3956e-003
1293,2.7129e-004
1294,4.1089e-004
1295,1.6767e-004
1296,2.9339e-005
1297,1.9695e-003
1298,2.7941e-005
1299,3.7901e-005
1300,1.7478e-003
1301,3.2991e-004
1302,5.2925e-004
1303,4.9499e-005
1304,7.3404e-005
1305,1.0995e-004
1306,1.8742e-003
1307,2.0285e-003
1308,1.8991e-003
1309,4.7934e-005
1310,5.383e-004
1311,1.4931e-004
1312,8.2225e-005
1313,1.1975e-004
1314,2.5676e-005
1315,2.1323e-003
1316,6.678e-004
1317,5.3018e-005
1318,1.5314e-003
1319,4.3881e-005
1320,2.5127e-005
1321,2.9165e-005
1322,7.8288e-005
1323,1.7036e-003
1324,1.0574e-004
1325,3.2583e-004
1326,1.609e-003
1327,2.9366e-005
1328,1.5227e-003
1329,5.0616e-004
1330,1.7705e-003
1331,4.1344e-004
1332,5.3472e-005
1333,4.4742e-005
1334,1.1258e-003
1335,1.3697e-004
1336,8.8134e-004
1337,1.0444e-003
1338,1.2099e-004
1339,2.884e-005
1340,3.7384e-005
1341,1.8472e-003
1342,4.3906e-004
1343,2.8545e-004
1344,1.5154e-003
1345,6.6609e-007
1346,5.8547e-007
1347,3.3363e-010
1348,1.6255e-006
1349,1.7789e-006
1350,1.8347e-006
1351,2.5543e-006
1352,2.7614e-006
1353,2.3589e-006
1354,2.7347e-006
1355,3.1345e-006
1356,1.4115e-011
1357,6.4456e-009
1358,7.2198e-012
1359,2.5181e-006
1360,9.074e-009
1361,2.8947e-006
1362,1.8573e-006
1363,1.2596e-006
1364,1.2861e-006
1365,3.0941e-011
1366,2.6183e-006
1367,2.5055e-006
1368,5.6439e-013
1369,1.8553e-009
1370,1.1918e-007
1371,1.2472e-012
1372,1.018e-007
1373,6.1306e-010
1374,1.5821e-010
1375,9.6677e-007
1376,2.774e-006
1377,3.0097e-006
1378,3.2022e-006
1379,2.9706e-006
1380,2.8869e-006
1381,3.2402e-006
1382,7.0039e-007
1383,1.4117e-006
1384,3.6302e-006
1385,3.8612e-006
1386,3.6916e-011
1387,2.5304e-006
1388,3.8154e-006
1389,1.1111e-006
1390,1.9014e-009
1391,1.5733e-006
1392,3.1899e-006
1393,2.8828e-006
1394,3.0967e-006
1395,3.632e-006
1396,3.6192e-006
1397,1.7064e-006
1398,3.2735e-006
1399,3.8353e-006
1400,2.8629e-007
1401,4.1953e-012
1402,3.6417e-006
1403,3.9698e-006
1404,3.6546e-006
1405,3.7e-006
1406,1.03e-010
1407,1.0598e-011
1408,1.0615e-006
1409,3.3391e-006
1410,3.45e-006
1411,3.8211e-006
1412,4.3373e-010
1413,1.0856e-007
1414,3.2168e-006
1415,1.9966e-006
1416,3.2789e-006
1417,1.5157e-008
1418,3.4456e-006
1419,2.6014e-007
1420,3.7057e-006
1421,2.3849e-013
1422,2.2355e-013
1423,2.7087e-006
1424,1.4032e-006
1425,2.7594e-006
1426,2.938e-006
1427,2.9206e-006
1428,2.5703e-013
1429,1.6494e-008
1430,2.5974e-007
1431,1.3303e-011
1432,3.9366e-006
1433,3.2854e-006
1434,3.3677e-006
1435,5.7133e-007
1436,4.6902e-011
1437,4.3198e-010
1438,3.2056e-006
1439,1.8494e-006
1440,7.6429e-007
1441,1.5307e-009
1442,4.0109e-006
1443,3.7261e-006
1444,3.596e-006
1445,3.2351e-008
1446,3.6123e-006
1447,2.7302e-006
1448,3.9884e-006
1449,3.6781e-006
1450,1.9369e-009
1451,3.8998e-006
1452,3.2821e-006
1453,3.0231e-009
1454,3.5899e-006
1455,4.7438e-007
1456,5.2641e-009
1457,6.782e-013
1458,3.2224e-012
1459,1.5935e-006
1460,2.8277e-006
1461,1.6604e-006
1462,3.302e-006
1463,3.2395e-006
1464,3.9473e-006
1465,3.6712e-006
1466,7.6201e-007
1467,3.5572e-006
1468,1.7164e-006
1469,3.8174e-007
1470,3.8605e-006
1471,5.781e-012
1472,1.4466e-010
1473,3.4279e-008
1474,4.246e-009
1475,9.2899e-007
1476,2.3375e-006
1477,3.2947e-006
1478,1.2848e-012
1479,1.0314e-006
1480,3.6516e-006
1481,4.1946e-006
1482,9.6154e-011
1483,3.6083e-006
1484,3.6365e-006
1485,3.5318e-006
1486,6.1113e-010
1487,1.9935e-009
1488,1.8228e-006
1489,3.1971e-006
1490,2.3164e-006
1491,3.3233e-011
1492,1.2939e-007
1493,2.0831e-007
1494,1.3617e-006
1495,3.6482e-006
1496,3.668e-006
1497,2.674e-006
1498,3.6196e-006
1499,3.2453e-006
1500,2.2332e-011
1501,2.5622e-009
1502,3.2601e-006
1503,2.4958e-006
1504,8.3231e-014
1505,7.4412e-007
1506,1.1302e-006
1507,3.2325e-006
1508,3.6983e-006
1509,1.8583e-010
1510,3.6066e-006
1511,3.1937e-006
1512,1.8478e-006
1513,2.6478e-006
1514,9.1868e-013
1515,1.4422e-011
1516,6.505e-009
1517,5.113e-010
1518,1.0319e-011
1519,3.9781e-007
1520,1.7113e-012
1521,2.667e-006
1522,3.6079e-006
1523,8.8931e-009
1524,1.6879e-008
1525,9.1774e-008
1526,1.3554e-013
1527,1.1522e-006
1528,1.48e-006
1529,3.7295e-006
1530,8.7714e-007
1531,2.2487e-006
1532,5.4276e-012
1533,3.713e-006
1534,2.544e-006
1535,3.8548e-006
1536,3.8361e-006
1537,3.7956e-006
1538,4.0174e-006
1539,1.5137e-006
1540,2.1056e-006
1541,2.0325e-006
1542,1.6994e-013
1543,3.3977e-006
1544,3.8243e-006
1545,6.4066e-008
1546,3.9276e-006
1547,2.6613e-006
1548,3.9843e-012
1549,2.0073e-006
1550,4.8256e-008
1551,1.8585e-006
1552,1.3182e-010
1553,2.7967e-006
1554,3.3796e-011
1555,2.1184e-006
1556,2.0305e-006
1557,3.4149e-006
1558,2.1353e-012
1559,4.9451e-013
1560,1.019e-006
1561,3.9426e-006
1562,2.9475e-006
1563,1.0676e-009
1564,3.9907e-008
1565,6.2853e-011
1566,2.6702e-006
1567,2.4747e-013
1568,2.7739e-013
1569,3.7161e-006
1570,2.4652e-006
1571,2.7171e-006
1572,8.6671e-013
1573,2.3033e-007
1574,2.5862e-006
1575,2.2223e-012
1576,3.9269e-006
1577,3.9245e-006
1578,3.871e-006
1579,3.5737e-013
1580,3.7523e-006
1581,3.6822e-007
1582,1.1256e-011
1583,3.2992e-013
1584,3.9586e-009
1585,7.9369e-014
1586,1.843e-006
1587,1.4983e-006
1588,1.3275e-006
1589,5.2667e-009
1590,3.6349e-006
1591,3.9612e-006
1592,1.5859e-007
1593,1.347e-006
1594,1.1798e-011
1595,2.4607e-006
1596,1.7836e-011
1597,9.8024e-010
1598,4.0346e-006
1599,1.563e-006
1600,1.8626e-008
1601,3.8579e-006
1602,3.9872e-006
1603,1.6859e-006
1604,3.8268e-006
1605,2.7392e-010
1606,3.9486e-006
1607,4.069e-006
1608,3.894e-006
1609,3.8415e-006
1610,2.4531e-006
1611,3.7692e-006
1612,3.8351e-006
1613,8.9815e-010
1614,1.2001e-006
1615,1.3738e-006
1616,2.6133e-006
1617,3.3223e-013
1618,3.3317e-006
1619,9.0749e-007
1620,1.1124e-006
1621,4.0687e-006
1622,4.0525e-006
1623,5.0059e-012
1624,6.6847e-009
1625,3.3007e-006
1626,3.4383e-006
1627,3.3092e-006
1628,4.0478e-006
1629,3.9635e-006
1630,5.9138e-007
1631,3.3405e-006
1632,1.7298e-006
1633,5.4568e-013
1634,3.6296e-006
1635,5.0697e-005
1636,6.2028e-005
1637,8.7e-004
1638,3.4909e-005
1639,3.2191e-005
1640,2.5571e-005
1641,2.1857e-005
1642,4.9394e-004
1643,2.2385e-005
1644,1.3253e-003
1645,2.4524e-005
1646,1.2856e-003
1647,4.4092e-004
1648,1.2174e-005
1649,2.8625e-005
1650,1.5879e-005
1651,3.3403e-005
1652,3.3846e-005
1653,1.2522e-003
1654,1.1114e-005
1655,4.0727e-005
1656,1.9006e-003
1657,2.0613e-005
1658,1.7195e-004
1659,1.8404e-003
1660,1.8445e-005
1661,2.2646e-004
1662,1.0427e-004
1663,8.3891e-004
1664,9.0912e-004
1665,1.2926e-005
1666,1.3707e-005
1667,1.7131e-005
1668,6.101e-005
1669,1.4572e-005
1670,1.5442e-005
1671,1.6403e-005
1672,1.1324e-005
1673,1.2052e-005
1674,1.9929e-003
1675,1.4109e-005
1676,1.483e-005
1677,1.6007e-003
1678,1.556e-003
1679,3.6812e-005
1680,3.3092e-005
1681,4.0565e-005
1682,1.644e-005
1683,1.4183e-005
1684,1.6465e-005
1685,2.313e-005
1686,1.4424e-005
1687,1.6491e-005
1688,3.4193e-005
1689,1.3488e-005
1690,1.4233e-003
1691,1.1193e-003
1692,1.4783e-005
1693,3.9647e-004
1694,1.0618e-003
1695,9.6655e-004
1696,1.5749e-005
1697,1.6673e-005
1698,1.9655e-004
1699,1.4081e-003
1700,9.5871e-006
1701,1.9259e-003
1702,1.1186e-005
1703,1.4637e-005
1704,5.3538e-004
1705,7.875e-004
1706,5.9196e-005
1707,8.6224e-004
1708,4.9494e-005
1709,3.742e-004
1710,2.0916e-005
1711,2.0722e-003
1712,2.7466e-005
1713,1.201e-004
1714,1.2308e-005
1715,1.6019e-005
1716,2.5595e-005
1717,6.4707e-004
1718,1.7978e-005
1719,2.5963e-004
1720,1.6776e-003
1721,1.2953e-005
1722,1.2662e-005
1723,1.5451e-005
1724,1.5829e-005
1725,7.9678e-005
1726,1.1182e-005
1727,4.3062e-004
1728,1.4468e-005
1729,1.3289e-004
1730,1.7928e-005
1731,2.4952e-005
1732,1.4152e-005
1733,7.8739e-005
1734,1.4616e-005
1735,6.4037e-004
1736,2.2172e-005
1737,1.0751e-005
1738,1.1895e-005
1739,1.7541e-003
1740,1.2594e-005
1741,2.0086e-003
1742,1.2602e-005
1743,1.0943e-005
1744,4.1574e-004
1745,2.082e-003
1746,1.164e-005
1747,1.2025e-005
1748,1.4167e-003
1749,1.4246e-003
1750,1.6793e-003
1751,2.0644e-003
1752,1.3206e-005
1753,1.4478e-005
1754,1.0169e-005
1755,2.6341e-005
1756,1.2751e-005
1757,2.8286e-004
1758,7.0009e-004
1759,2.1328e-005
1760,1.1203e-003
1761,8.3932e-006
1762,3.4135e-004
1763,1.2745e-005
1764,2.6074e-005
1765,5.8181e-005
1766,1.2278e-005
1767,1.2647e-005
1768,3.5713e-005
1769,1.0514e-003
1770,6.023e-005
1771,1.4102e-005
1772,1.0733e-005
1773,5.5748e-005
1774,1.4934e-005
1775,4.8221e-005
1776,9.1285e-005
1777,1.1311e-005
1778,1.2035e-003
1779,1.6385e-003
1780,2.4456e-005
1781,1.2411e-005
1782,1.5604e-005
1783,3.7663e-005
1784,9.2817e-006
1785,1.4245e-003
1786,1.0711e-005
1787,1.1488e-005
1788,2.7259e-004
1789,2.258e-005
1790,2.1293e-003
1791,1.3169e-005
1792,1.3776e-005
1793,9.9606e-005
1794,1.1046e-005
1795,1.3734e-005
1796,6.7098e-004
1797,2.0658e-003
1798,1.6553e-005
1799,1.2731e-005
1800,1.2654e-005
1801,4.2139e-004
1802,6.1756e-004
1803,1.2887e-005
1804,6.867e-004
1805,1.3764e-005
1806,6.1533e-005
1807,1.8547e-005
1808,1.9408e-003
1809,5.0739e-004
1810,1.0639e-003
1811,1.2071e-005
1812,1.2321e-005
1813,2.6875e-005
1814,3.4571e-004
1815,1.092e-005
1816,1.2919e-005
1817,5.1844e-005
1818,3.7404e-005
1819,4.503e-005
1820,1.1979e-005
1821,1.1605e-005
1822,8.8653e-006
1823,1.2659e-003
1824,3.08e-005
1825,1.5199e-004
1826,1.18e-005
1827,1.0712e-005
1828,1.0297e-005
1829,1.3931e-003
1830,2.1194e-004
1831,1.9177e-005
1832,1.8446e-003
1833,9.6744e-006
1834,2.7004e-004
1835,4.316e-005
1836,1.2017e-005
1837,1.2559e-005
1838,5.346e-004
1839,1.9461e-003
1840,1.9605e-005
1841,2.0604e-005
1842,8.5562e-006
1843,2.0892e-003
1844,1.6556e-005
1845,1.8805e-005
1846,3.278e-005
1847,1.2678e-005
1848,7.8597e-004
1849,1.9206e-005
1850,1.7912e-005
1851,1.3895e-005
1852,2.0659e-005
1853,1.3161e-005
1854,6.2782e-005
1855,1.7164e-004
1856,1.108e-005
1857,1.6331e-005
1858,1.2354e-005
1859,5.1986e-005
1860,4.2278e-005
1861,3.2982e-004
1862,1.8081e-005
1863,1.8975e-003
1864,9.8615e-006
1865,1.8359e-003
1866,1.3993e-005
1867,1.2207e-005
1868,2.5908e-005
1869,1.196e-005
1870,1.2407e-005
1871,1.5226e-003
1872,1.4976e-004
1873,1.2834e-005
1874,1.9794e-005
1875,9.032e-006
1876,8.2144e-006
1877,1.207e-005
1878,1.556e-005
1879,4.1169e-005
1880,1.6242e-005
1881,1.3592e-003
1882,1.2333e-003
1883,2.1314e-003
1884,1.5985e-003
1885,6.6597e-004
1886,1.7605e-004
1887,1.5065e-003
1888,1.1905e-005
1889,1.1143e-005
1890,1.3994e-005
1891,1.7373e-003
1892,3.9184e-005
1893,2.084e-005
1894,2.7144e-005
1895,1.1652e-005
1896,1.2338e-005
1897,1.1394e-004
1898,1.1738e-004
1899,1.0161e-005
1900,3.2423e-004
1901,1.8679e-005
1902,3.7541e-005
1903,5.0556e-004
1904,1.6795e-005
1905,1.0274e-005
1906,1.2205e-005
1907,1.491e-003
1908,1.5927e-005
1909,5.5701e-005
1910,1.7687e-003
1911,1.1198e-005
1912,4.1098e-004
1913,2.5376e-005
1914,2.0631e-005
1915,5.4841e-004
1916,9.4888e-005
1917,1.1148e-003
1918,2.3985e-005
1919,1.1662e-005
1920,8.2217e-005
1921,1.1788e-005
1922,7.7908e-005
1923,1.5917e-005
1924,4.8852e-005
1925,1.4727e-005
1926,1.2366e-005
1927,1.2482e-003
1928,4.2042e-006
1929,3.7484e-006
1930,3.9576e-006
1931,2.5295e-006
1932,5.5848e-006
1933,5.4765e-006
1934,7.8507e-006
1935,5.621e-006
1936,2.4432e-006
1937,4.0391e-006
1938,3.8854e-006
1939,4.2805e-006
1940,2.6691e-006
1941,5.6493e-006
1942,5.5383e-006
1943,7.9832e-006
1944,3.1722e-006
1945,5.6576e-006
1946,3.0509e-006
1947,2.1832e-006
1948,8.5499e-006
1949,3.5776e-006
1950,1.4436e-005
1951,9.1397e-007
1952,3.8006e-006
1953,9.8624e-006
1954,1.8308e-007
1955,6.383e-006
1956,8.5325e-006
1957,3.5712e-006
1958,1.4402e-005
1959,9.0608e-007
1960,3.7934e-006
1961,9.8417e-006
1962,1.6659e-007
1963,6.3588e-006
1964,1.0342e-006
1965,1.7549e-006
1966,3.1194e-006
1967,2.2251e-006
1968,8.5538e-007
1969,2.1577e-006
1970,1.2494e-006
1971,6.0399e-007
1972,3.2271e-006
1973,7.6877e-007
1974,2.4038e-005
1975,1.5044e-005
1976,9.8809e-006
1977,1.6296e-005
1978,2.9231e-005
1979,1.7407e-005
1980,1.125e-005
1981,1.2017e-005
1982,9.0808e-006
1983,1.2875e-005
1984,1.0747e-005
1985,7.0288e-006
1986,1.0825e-005
1987,2.3065e-006
1988,2.0904e-006
1989,1.0613e-005
1990,1.368e-005
1991,2.794e-006
1992,5.168e-006
1993,2.1065e-006
1994,6.1626e-006
1995,6.8342e-006
1996,5.3705e-006
1997,1.3743e-005
1998,7.5153e-006
1999,1.4222e-006
2000,1.5277e-005
2001,1.2849e-006
2002,1.0353e-005
2003,2.3573e-006
2004,1.6118e-006
2005,5.833e-006
2006,1.3014e-006
2007,1.2098e-006
2008,9.9736e-006
2009,1.3684e-005
2010,2.5231e-006
2011,1.2392e-005
2012,5.3627e-006
2013,1.232e-005
2014,1.3526e-005
2015,1.0519e-005
2016,1.3123e-005
2017,1.2893e-006
2018,1.3881e-006
2019,8.4115e-006
2020,6.382e-006
2021,2.4434e-006
2022,1.2769e-006
2023,1.2765e-006
2024,5.5462e-006
2025,5.2715e-006
2026,4.6923e-005
2027,2.9142e-006
2028,4.3859e-005
2029,1.341e-007
2030,8.1056e-007
2031,2.5162e-005
2032,2.6879e-006
2033,4.3455e-005
2034,2.028e-006
2035,2.1878e-004
2036,7.0552e-007
2037,6.586e-005
2038,3.7743e-006
2039,4.6032e-006
2040,7.484e-006
2041,2.237e-005
2042,6.2439e-006
2043,3.5171e-006
2044,4.034e-005
2045,2.7953e-006
2046,2.6981e-005
2047,8.8882e-007
2048,9.7804e-006
2049,1.6815e-005
2050,1.5763e-005
2051,3.6455e-006
2052,5.077e-007
2053,1.7221e-006
2054,5.2238e-006
2055,4.2718e-005
2056,2.4308e-005
2057,8.3853e-007
2058,3.0388e-005
2059,5.931e-005
2060,2.8899e-005
2061,1.2303e-005
2062,2.0322e-005
2063,1.2466e-006
2064,1.0271e-006
2065,8.3826e-006
2066,2.552e-005
2067,1.4793e-006
2068,2.5765e-005
2069,2.3932e-006
2070,9.6338e-005
2071,3.3481e-005
2072,1.1262e-005
2073,1.8923e-006
2074,2.9162e-005
2075,1.891e-005
2076,3.2369e-005
2077,1.6596e-003
2078,1.3508e-005
2079,1.9794e-006
2080,1.1084e-006
2081,8.6019e-006
2082,4.6399e-005
2083,1.0369e-005
2084,2.5291e-007
2085,2.1044e-003
2086,7.2643e-006
2087,6.1111e-005
2088,5.0764e-007
2089,1.8967e-005
2090,1.3089e-005
2091,6.3735e-005
2092,9.1004e-006
2093,1.0637e-006
2094,1.2454e-005
2095,2.3145e-005
2096,3.8722e-005
2097,4.2887e-005
2098,1.1715e-005
2099,1.3189e-006
2100,1.2005e-006
2101,2.2044e-006
2102,7.6872e-006
2103,5.3224e-007
2104,5.1019e-007
2105,5.8414e-006
2106,3.1131e-006
2107,1.3342e-006
2108,6.298e-005
2109,8.2484e-006
2110,4.2307e-006
2111,4.9287e-006
2112,2.8363e-009
2113,5.5826e-013
2114,4.4219e-012
2115,1.8078e-003
2116,4.3796e-005
2117,2.0018e-003
2118,1.9614e-005
2119,6.6092e-006
2120,1.611e-005
2121,2.6395e-005
2122,2.1405e-005
2123,6.5345e-006
2124,5.8546e-006
2125,1.1013e-005
2126,7.3897e-006
2127,1.092e-006
2128,4.1913e-006
2129,2.0422e-005
2130,4.9235e-006
2131,5.9703e-006
2132,3.3254e-005
2133,1.717e-006
2134,5.1235e-006
2135,6.4258e-006
2136,6.6544e-007
2137,8.8774e-006
2138,4.0153e-006
2139,6.5954e-007
2140,5.5351e-007
2141,1.5834e-013
2142,5.5766e-014
2143,1.6644e-003
2144,3.516e-005
2145,3.099e-012
2146,1.2283e-005
2147,2.8107e-007
2148,6.4721e-006
2149,2.2134e-005
2150,4.2521e-006
2151,3.3272e-006
2152,2.3288e-006
2153,3.2888e-007
2154,1.4228e-005
2155,1.4306e-005
2156,5.0446e-007
2157,4.1399e-005
2158,6.812e-006
2159,8.1846e-006
2160,1.4368e-005
2161,3.1647e-005
2162,8.3335e-006
2163,2.1658e-005
2164,5.301e-006
2165,7.0174e-006
2166,5.2308e-006
2167,8.4229e-006
2168,5.1037e-006
2169,9.1896e-006
2170,2.0368e-005
2171,5.0697e-006
2172,7.4861e-007
2173,1.4376e-007
2174,1.6784e-006
2175,3.556e-006
2176,4.6889e-007
2177,6.6759e-007
2178,1.4093e-006
2179,4.7651e-007
2180,1.1942e-008
2181,4.9238e-007
2182,6.9442e-005
2183,2.9567e-005
2184,1.8674e-013
2185,1.4722e-003
2186,2.1389e-003
2187,1.9199e-003
2188,7.6545e-013
2189,1.3753e-012
2190,3.6149e-004
2191,1.5458e-003
2192,1.3635e-003
2193,3.6511e-004
2194,2.3565e-005
2195,4.8118e-005
2196,2.6012e-007
2197,6.4422e-007
2198,6.2779e-007
2199,5.9835e-006
2200,8.4425e-006
2201,2.9574e-006
2202,8.6016e-006
2203,3.6736e-006
2204,2.4184e-006
2205,4.0313e-007
2206,6.341e-006
2207,6.9218e-007
2208,5.8283e-006
2209,1.5891e-006
2210,1.6005e-006
2211,3.4772e-006
2212,7.5361e-007
2213,4.4354e-007
2214,8.0422e-007
2215,5.3212e-008
2216,2.4148e-006
2217,1.9358e-006
2218,4.7504e-007
2219,7.391e-007
2220,2.6348e-009
2221,5.9506e-012
2222,1.4091e-012
2223,6.7404e-012
2224,9.8581e-006
2225,1.3556e-005
2226,1.7673e-005
2227,1.2957e-005
2228,8.2724e-006
2229,1.13e-005
2230,9.8576e-006
2231,6.4136e-006
2232,9.0425e-006
2233,6.6289e-006
2234,1.126e-005
2235,5.6427e-006
2236,6.5714e-006
2237,7.1664e-006
2238,9.6001e-006
2239,8.2227e-006
2240,3.6481e-006
2241,4.9556e-006
2242,5.2837e-006
2243,2.131e-006
2244,4.8338e-006
2245,3.0895e-006
2246,1.5037e-006
2247,5.6712e-006
2248,7.3715e-006
2249,7.469e-006
2250,9.7782e-006
2251,1.3407e-005
2252,1.6031e-005
2253,1.0849e-005
2254,1.2538e-005
2255,7.8339e-006
2256,3.5657e-006
2257,3.1318e-006
2258,2.3995e-007
2259,7.1082e-006
2260,3.6621e-006
2261,4.8868e-006
2262,3.5903e-006
2263,5.7497e-006
2264,7.4108e-006
2265,6.7305e-006
2266,6.8459e-006
2267,4.5176e-006
2268,4.4338e-006
2269,3.7646e-006
2270,1.063e-006
2271,2.9521e-006
2272,6.4515e-006
2273,5.8391e-006
2274,8.2948e-006
2275,6.917e-006
2276,1.0094e-005
2277,6.4745e-006
2278,5.5328e-006
2279,5.1502e-006
2280,6.4501e-006
2281,6.5619e-006
2282,9.6122e-006
2283,5.1346e-006
2284,6.0448e-006
2285,1.8984e-005
2286,1.3173e-005
2287,1.4219e-005
2288,5.7988e-006
2289,9.7177e-006
2290,9.7311e-006
2291,3.0799e-006
2292,3.3164e-007
2293,4.1984e-006
2294,1.5518e-005
2295,2.2185e-005
2296,1.2941e-005
2297,1.6772e-005
2298,1.4898e-005
2299,1.3449e-005
2300,3.9178e-006
2301,2.9613e-006
2302,8.6936e-007
2303,4.8521e-006
2304,1.0798e-005
2305,8.8338e-006
2306,1.2995e-005
2307,1.2988e-006
2308,4.4283e-006
2309,4.2675e-006
2310,3.7946e-006
2311,1.182e-006
2312,3.595e-006
2313,2.4465e-006
2314,3.168e-006
2315,4.5466e-006
2316,6.6469e-007
2317,6.1893e-006
2318,9.821e-006
2319,1.0332e-005
2320,3.4921e-006
2321,3.3386e-006
2322,1.1701e-006
2323,2.3097e-006
2324,4.2826e-006
2325,3.9793e-006
2326,4.6881e-007
2327,2.5508e-006
2328,3.8593e-006
2329,4.663e-006
2330,7.5652e-006
2331,1.2813e-005
2332,1.8731e-005
2333,1.0149e-005
2334,3.5947e-006
2335,4.0352e-006
2336,9.6047e-006
2337,1.4995e-005
2338,6.5721e-006
2339,2.0369e-005
2340,7.4921e-006
2341,6.5693e-006
2342,1.1884e-005
2343,1.5347e-005
2344,7.1007e-006
2345,1.2779e-005
2346,2.0766e-005
2347,1.3514e-005
2348,8.7397e-006
2349,1.1159e-005
2350,1.2416e-005
2351,6.8993e-006
2352,1.2416e-005
2353,7.5624e-006
2354,9.8912e-006
2355,1.6996e-005
2356,2.0011e-005
2357,1.1891e-005
2358,3.7363e-006
2359,4.8809e-007
2360,2.5521e-006
2361,3.7165e-006
2362,4.6743e-006
2363,3.4275e-006
2364,5.4262e-007
2365,3.7513e-006
2366,2.199e-006
2367,9.1144e-006
2368,9.052e-006
2369,6.3326e-006
2370,5.0232e-006
2371,1.9678e-006
2372,3.1948e-006
2373,1.0701e-006
2374,2.9514e-006
2375,4.6408e-006
2376,3.0826e-006
2377,4.0475e-007
2378,4.5236e-006
2379,2.7725e-006
2380,4.1966e-007
2381,3.6025e-006
2382,3.5785e-006
2383,4.5189e-006
2384,3.8445e-006
2385,4.3342e-006
2386,3.7077e-006
2387,4.6133e-006
2388,5.5576e-006
2389,3.8148e-006
2390,5.0177e-006
2391,4.0573e-006
2392,3.7519e-006
2393,3.9808e-006
2394,5.2917e-006
2395,3.94e-006
2396,4.9962e-006
2397,3.7981e-006
2398,3.9723e-006
2399,3.8648e-006
2400,2.2095e-003
2401,4.5173e-006
2402,6.0065e-006
2403,3.976e-006
2404,4.307e-006
2405,4.6338e-006
2406,3.6132e-006
2407,4.4952e-006
2408,4.7662e-006
2409,3.2901e-006
2410,4.0569e-006
2411,3.2551e-006
2412,9.5553e-006
2413,7.5989e-006
2414,7.927e-006
2415,8.5382e-006
2416,6.1683e-006
2417,1.0639e-005
2418,6.0816e-006
2419,8.624e-006
2420,6.402e-006
2421,1.0363e-005
2422,8.5211e-006
2423,1.0561e-005
2424,1.0821e-005
2425,1.0354e-005
2426,1.0538e-005
2427,6.9257e-006
2428,8.1051e-006
2429,1.3914e-013
2430,5.5605e-006
2431,1.4736e-005
2432,5.1287e-006
2433,7.4397e-006
2434,6.6355e-006
2435,5.9473e-006
2436,7.9429e-006
2437,4.2471e-006
2438,3.7351e-006
2439,7.2402e-006
2440,1.0014e-005
2441,7.9175e-006
2442,9.373e-006
2443,1.2093e-005
2444,1.0274e-005
2445,6.2245e-006
2446,6.5629e-006
2447,7.2498e-006
2448,7.8017e-006
2449,3.8218e-006
2450,4.4387e-006
2451,4.7348e-006
2452,6.0006e-006
2453,4.7322e-006
2454,4.778e-006
2455,3.5113e-006
2456,3.9857e-006
2457,4.8657e-006
2458,4.1977e-006
2459,3.8583e-006
2460,3.5145e-006
2461,5.3868e-006
2462,4.351e-006
2463,4.3633e-006
2464,4.2481e-006
2465,3.6883e-006
2466,3.6029e-006
2467,6.1503e-006
2468,5.9399e-006
2469,4.3461e-006
2470,5.856e-006
2471,4.6432e-006
2472,5.6747e-006
2473,3.7442e-006
2474,3.8332e-006
2475,3.9039e-006
2476,3.8066e-006
2477,4.6253e-006
2478,3.6102e-006
2479,3.8892e-006
2480,5.4289e-006
2481,5.4049e-006
2482,8.3218e-006
2483,8.454e-006
2484,1.1448e-005
2485,4.0809e-006
2486,5.1332e-006
2487,4.9566e-006
2488,6.3373e-006
2489,3.8271e-006
2490,4.8672e-006
2491,1.069e-005
2492,1.0719e-005
2493,1.0943e-005
2494,1.063e-005
2495,1.032e-005
2496,1.2622e-005
2497,4.163e-006
2498,3.796e-006
2499,4.51e-006
2500,4.9789e-006
2501,3.7877e-006
2502,5.4495e-006
2503,5.5537e-006
2504,1.0946e-005
2505,1.0819e-005
2506,1.0274e-005
2507,1.0764e-005
2508,5.8356e-006
2509,6.481e-006
2510,6.1169e-006
2511,4.4982e-006
2512,5.231e-006
2513,5.978e-006
2514,5.3576e-006
2515,6.967e-006
2516,6.3702e-006
2517,8.206e-006
2518,8.3309e-006
2519,3.5244e-006
2520,4.5484e-006
2521,4.1973e-006
2522,3.4299e-006
2523,3.9965e-006
2524,5.4226e-006
2525,5.2814e-006
2526,3.8972e-006
2527,4.342e-006
2528,8.3898e-006
2529,6.5136e-006
2530,6.9612e-006
2531,5.9963e-006
2532,4.0235e-006
2533,5.0092e-006
2534,4.2567e-006
2535,3.8386e-006
2536,4.5155e-006
2537,2.3171e-006
2538,4.3108e-006
2539,7.6316e-006
2540,8.4745e-006
2541,9.2583e-006
2542,8.2079e-006
2543,9.605e-006
2544,9.0625e-006
2545,7.393e-006
2546,7.4715e-006
2547,3.8717e-006
2548,3.7023e-006
2549,4.6135e-006
2550,4.7158e-006
2551,4.0032e-006
2552,3.2425e-006
2553,5.3003e-006
2554,5.7832e-006
2555,4.3146e-006
2556,4.3081e-006
2557,1.0593e-005
2558,8.69e-006
2559,9.5109e-006
2560,7.2404e-006
2561,7.4182e-006
2562,6.3362e-006
2563,4.6389e-006
2564,6.6856e-006
2565,6.4784e-006
2566,7.0584e-006
2567,8.3548e-006
2568,8.5672e-006
2569,6.998e-006
2570,1.064e-005
2571,1.1239e-005
2572,6.5703e-006
2573,9.4332e-006
2574,7.4196e-006
2575,8.2621e-006
2576,5.1078e-007
2577,3.5329e-006
2578,4.1512e-006
2579,5.8783e-006
2580,7.5486e-006
2581,7.1719e-006
2582,7.785e-006
2583,5.3892e-006
2584,3.412e-006
2585,2.3446e-006
2586,4.836e-006
2587,5.8992e-006
2588,4.918e-006
2589,4.1006e-006
2590,6.963e-006
2591,5.0671e-006
2592,4.8959e-006
2593,5.9943e-006
2594,7.5562e-006
2595,9.931e-006
2596,6.9958e-006
2597,1.0925e-005
2598,1.3805e-005
2599,6.1102e-006
2600,2.8864e-006
2601,7.7608e-006
2602,5.7471e-006
2603,5.3633e-006
2604,3.8253e-005
2605,3.5368e-005
2606,5.1063e-006
2607,6.9265e-006
2608,4.9411e-006
2609,3.6482e-006
2610,4.8154e-006
2611,4.3877e-006
2612,6.2772e-006
2613,5.1792e-006
2614,3.2011e-006
2615,7.1179e-006
2616,7.0196e-006
2617,4.1596e-005
2618,1.9406e-005
2619,1.5342e-005
2620,1.4469e-005
2621,8.5754e-006
2622,5.4751e-006
2623,9.6946e-006
2624,9.7397e-006
2625,6.5234e-006
2626,1.5296e-006
2627,1.6574e-006
2628,1.3664e-005
2629,1.0652e-005
2630,1.9252e-006
2631,7.2778e-006
2632,1.423e-005
2633,1.0937e-005
2634,3.077e-006
2635,6.07e-006
2636,5.2557e-006
2637,4.3553e-007
2638,7.6815e-007
2639,4.1916e-006
2640,1.1954e-005
2641,8.2036e-006
2642,3.3464e-006
2643,8.5293e-006
2644,3.8313e-006
2645,2.8551e-006
2646,4.0013e-006
2647,3.0549e-006
2648,4.3991e-005
2649,4.9539e-006
2650,4.9372e-006
2651,3.8504e-006
2652,3.3673e-006
2653,3.7786e-006
2654,4.2167e-006
2655,3.4818e-006
2656,9.4131e-006
2657,1.3363e-005
2658,8.0185e-006
2659,7.1288e-006
2660,8.197e-006
2661,9.7293e-006
2662,3.8526e-006
2663,4.6254e-006
2664,4.6417e-006
2665,5.8851e-006
2666,5.1424e-006
2667,8.2513e-006
2668,8.5691e-006
2669,6.0413e-006
2670,5.8962e-006
2671,5.7735e-006
2672,5.1596e-006
2673,3.6506e-006
2674,3.1999e-006
2675,4.2224e-006
2676,8.4343e-006
2677,8.4118e-006
2678,7.2739e-006
2679,9.6099e-006
2680,5.3439e-006
2681,3.9841e-006
2682,7.3192e-006
2683,7.472e-006
2684,9.3113e-006
2685,4.5519e-006
2686,4.3167e-006
2687,3.7343e-006
2688,5.2714e-006
2689,9.2279e-006
2690,6.3924e-006
2691,5.7681e-006
2692,4.8585e-006
2693,6.8413e-006
2694,5.7046e-006
2695,5.214e-006
2696,4.6863e-006
2697,8.3696e-006
2698,8.5094e-006
2699,9.0746e-006
2700,8.5532e-006
2701,5.1679e-006
2702,6.5907e-006
2703,4.459e-006
2704,4.5025e-006
2705,1.0527e-005
2706,1.0645e-005
2707,1.0435e-005
2708,1.3196e-005
2709,8.5107e-006
2710,5.0416e-006
2711,4.8566e-006
2712,8.0314e-006
2713,4.2929e-006
2714,6.047e-006
2715,4.5081e-006
2716,3.8491e-006
2717,4.5582e-006
2718,4.5148e-006
2719,5.5471e-006
2720,4.6774e-006
2721,4.7273e-006
2722,5.7553e-006
2723,4.5591e-006
2724,3.7079e-006
2725,5.6464e-006
2726,4.0802e-006
2727,4.9719e-006
2728,4.6169e-006
2729,6.0686e-006
2730,4.7215e-006
2731,4.8569e-006
2732,3.6787e-006
2733,4.8519e-006
2734,8.8039e-006
2735,7.9788e-006
2736,1.01e-005
2737,8.0411e-006
2738,7.4787e-006
2739,3.1665e-006
2740,7.5414e-006
2741,8.485e-006
2742,1.3556e-005
2743,1.1358e-005
2744,8.592e-006
2745,6.0906e-006
2746,5.8655e-006
2747,4.6274e-006
2748,4.0762e-006
2749,3.477e-006
2750,4.1781e-006
2751,4.7545e-006
2752,5.291e-006
2753,4.1626e-006
2754,4.0935e-006
2755,6.9453e-006
2756,5.8532e-006
2757,6.0582e-006
2758,4.7787e-006
2759,3.699e-006
2760,5.4963e-006
2761,4.4691e-006
2762,4.4348e-006
2763,4.8048e-006
2764,4.3238e-006
2765,9.1275e-006
2766,5.7169e-006
2767,8.1667e-006
2768,5.3211e-006
2769,3.6103e-006
2770,4.2371e-006
2771,5.5028e-006
2772,5.3445e-006
2773,7.3436e-006
2774,6.9039e-006
2775,5.6726e-013
2776,6.901e-005
2777,1.253e-006
2778,2.9079e-012
2779,3.0148e-004
2780,6.1161e-014
2781,2.6393e-012
2782,1.4761e-003
2783,1.1247e-007
2784,1.5599e-003
2785,1.9707e-003
2786,7.3606e-012
2787,2.162e-004
2788,7.2011e-012
2789,1.535e-005
2790,9.9354e-007
2791,3.4257e-006
2792,1.5778e-004
2793,2.4688e-004
2794,5.1104e-005
2795,3.187e-005
2796,1.007e-006
2797,3.049e-005
2798,5.1798e-005
2799,8.1343e-007
2800,1.127e-006
2801,9.5358e-007
2802,5.3589e-007
2803,9.9409e-007
2804,1.3667e-004
2805,5.6289e-007
2806,1.2641e-005
2807,1.8483e-005
2808,7.2219e-006
2809,6.0644e-007
2810,2.1356e-005
2811,4.6859e-005
2812,2.7622e-006
2813,1.2266e-006
2814,3.0064e-006
2815,5.5583e-005
2816,8.4172e-005
2817,4.4364e-005
2818,1.1018e-005
2819,6.6854e-009
2820,2.6155e-013
2821,2.0434e-003
2822,3.7787e-005
2823,2.0744e-005
2824,1.346e-005
2825,3.2152e-006
2826,8.0636e-006
2827,9.7143e-006
2828,1.326e-006
2829,9.9927e-007
2830,1.2246e-006
2831,1.2475e-007
2832,2.9044e-006
2833,4.9974e-006
2834,4.664e-005
2835,1.9738e-005
2836,1.6852e-005
2837,1.2404e-005
2838,8.7393e-006
2839,2.2664e-005
2840,1.5046e-006
2841,1.1283e-006
2842,6.9553e-007
2843,1.4405e-006
2844,1.818e-005
2845,6.2114e-014
2846,2.009e-003
2847,3.9476e-004
2848,3.0197e-007
2849,1.1387e-006
2850,2.3515e-006
2851,5.2619e-007
2852,6.5645e-006
2853,1.798e-006
2854,5.05e-007
2855,1.2136e-006
2856,7.2622e-006
2857,9.3274e-006
2858,4.749e-006
2859,1.3769e-005
2860,2.0135e-005
2861,2.0871e-005
2862,3.5749e-006
2863,6.0045e-007
2864,1.5381e-006
2865,4.4071e-006
2866,1.6527e-006
2867,1.0374e-005
2868,9.5994e-006
2869,6.9436e-006
2870,5.1991e-006
2871,1.9629e-006
2872,8.6661e-006
2873,2.3601e-006
2874,1.3502e-005
2875,2.0301e-005
2876,1.505e-005
2877,1.7062e-006
2878,6.6192e-007
2879,6.5743e-006
2880,6.7545e-006
2881,4.5132e-007
2882,2.9966e-006
2883,2.8113e-006
2884,1.9032e-006
2885,2.7016e-006
2886,9.2186e-007
2887,4.459e-006
2888,9.3691e-006
2889,7.9441e-006
2890,4.827e-006
2891,2.4368e-006
2892,2.4693e-006
2893,2.6839e-006
2894,3.0384e-006
2895,1.2677e-006
2896,4.1545e-006
2897,3.1392e-006
2898,4.8771e-006
2899,9.3345e-006
2900,9.0214e-006
2901,1.2736e-005
2902,1.3967e-005
2903,1.1578e-005
2904,5.8308e-006
2905,1.3162e-005
2906,1.1728e-005
2907,1.3405e-005
2908,2.6195e-005
2909,1.4009e-005
2910,2.0506e-006
2911,6.269e-007
2912,2.4031e-006
2913,6.3397e-006
2914,4.1457e-006
2915,7.6965e-006
2916,6.6747e-006
2917,3.4054e-006
2918,3.0495e-006
2919,2.0885e-006
2920,2.0541e-006
2921,1.5636e-006
2922,2.6367e-006
2923,1.5917e-006
2924,2.7703e-006
2925,3.9242e-006
2926,3.0571e-006
2927,2.9807e-006
2928,2.7639e-006
2929,4.376e-006
2930,6.261e-006
2931,3.1039e-006
2932,4.0299e-006
2933,5.5909e-006
2934,5.3245e-006
2935,4.0696e-006
2936,3.8676e-006
2937,3.755e-006
2938,8.0458e-006
2939,6.466e-006
2940,1.0783e-005
2941,8.5015e-006
2942,7.4642e-006
2943,1.3326e-005
2944,9.4331e-006
2945,1.2639e-005
2946,1.1016e-005
2947,1.0695e-005
2948,5.828e-006
2949,8.8049e-006
2950,6.0871e-006
2951,1.2423e-005
2952,9.9392e-006
2953,4.0392e-006
2954,8.101e-006
2955,1.0681e-005
2956,1.4354e-005
2957,7.9083e-006
2958,6.1299e-006
2959,6.2179e-006
2960,7.2929e-006
2961,3.1582e-006
2962,2.7619e-006
2963,3.5455e-006
2964,2.8832e-006
2965,4.625e-006
2966,3.0282e-006
2967,5.7291e-006
2968,3.3169e-006
2969,4.5585e-006
2970,5.0391e-006
2971,8.7203e-006
2972,3.3682e-006
2973,4.7169e-006
2974,5.4639e-006
2975,5.9394e-006
2976,4.4096e-006
2977,4.3122e-006
2978,1.1037e-005
2979,9.5898e-006
2980,3.4682e-006
2981,3.526e-006
2982,3.2819e-006
2983,4.5427e-006
2984,4.7486e-006
2985,1.1869e-005
2986,4.6262e-006
2987,5.1176e-006
2988,6.4601e-006
2989,3.6957e-006
2990,4.7797e-006
2991,4.3355e-006
2992,5.2777e-006
2993,6.9483e-006
2994,3.9691e-006
2995,3.9856e-006
2996,4.6601e-006
2997,2.4352e-006
2998,3.9198e-006
2999,6.3775e-006
3000,9.3881e-006
3001,7.9396e-006
3002,6.2521e-006
3003,3.0807e-006
3004,4.4822e-006
3005,3.2926e-006
3006,3.7051e-006
3007,4.5315e-006
3008,8.2397e-006
3009,9.9033e-006
3010,5.2823e-006
3011,5.7315e-006
3012,9.4424e-006
3013,6.8516e-006
3014,9.9171e-006
3015,1.2757e-005
3016,9.1358e-006
3017,1.0054e-005
3018,1.0412e-005
3019,6.0103e-006
3020,6.2788e-006
3021,2.1206e-006
3022,6.497e-006
3023,6.5236e-006
3024,2.9097e-006
3025,2.1079e-006
3026,6.1169e-006
3027,7.125e-006
3028,4.0848e-006
3029,5.7636e-006
3030,7.7373e-006
3031,1.2688e-005
3032,5.9465e-006
3033,5.4223e-006
3034,7.2583e-006
3035,3.3516e-006
3036,4.6078e-006
3037,3.1034e-005
3038,2.8544e-005
3039,5.8238e-006
3040,6.2056e-006
3041,8.1926e-006
3042,4.5541e-006
3043,2.9774e-006
3044,4.7099e-006
3045,4.2244e-005
3046,1.2145e-005
3047,1.5424e-005
3048,9.1426e-006
3049,5.7664e-006
3050,7.6454e-006
3051,3.8487e-006
3052,9.2947e-006
3053,1.0462e-006
3054,1.137e-005
3055,2.1779e-006
3056,1.2472e-006
3057,2.2601e-006
3058,6.6672e-006
3059,1.7609e-005
3060,3.4885e-006
3061,4.3226e-006
3062,3.9655e-006
3063,9.2438e-007
3064,4.2834e-006
3065,1.0393e-005
3066,3.7981e-006
3067,2.6692e-006
3068,2.865e-006
3069,4.9117e-006
3070,5.0235e-005
3071,4.3521e-005
3072,4.0438e-006
3073,3.9687e-006
3074,3.1697e-006
3075,1.1261e-005
3076,1.1564e-005
3077,5.8528e-006
3078,4.3528e-006
3079,4.7826e-006
3080,6.2481e-006
3081,5.2473e-006
3082,6.929e-006
3083,3.8899e-006
3084,3.2908e-006
3085,5.0481e-006
3086,3.9089e-006
3087,8.6305e-006
3088,2.9238e-006
3089,8.8719e-006
3090,9.1827e-006
3091,7.9094e-006
3092,6.4478e-006
3093,5.3998e-006
3094,4.7775e-006
3095,6.1856e-006
3096,7.1005e-006
3097,6.9935e-006
3098,7.102e-006
3099,7.0061e-006
3100,8.8193e-006
3101,1.2454e-005
3102,7.1218e-006
3103,4.5494e-006
3104,2.9507e-006
3105,4.6246e-006
3106,4.0341e-006
3107,4.7063e-006
3108,5.9503e-004
3109,5.4501e-006
3110,4.1059e-006
3111,3.7917e-006
3112,6.0278e-006
3113,3.9095e-006
3114,3.8831e-006
3115,5.8687e-006
3116,6.2906e-006
3117,8.5067e-006
3118,8.0899e-006
3119,7.4921e-006
3120,4.948e-006
3121,6.5864e-006
3122,3.9217e-006
3123,4.2284e-006
3124,5.7038e-006
3125,5.284e-006
3126,4.4603e-006
3127,4.0619e-006
3128,3.4212e-006
3129,4.6365e-006
3130,5.3223e-006
3131,6.3485e-006
3132,4.0598e-006
3133,8.2735e-006
3134,5.8641e-006
3135,4.4167e-006
3136,4.7716e-006
3137,5.9763e-006
3138,1.0892e-005
3139,4.6082e-006
3140,3.361e-006
3141,3.4272e-006
3142,3.8278e-006
3143,4.5991e-006
3144,7.3727e-006
3145,5.225e-006
3146,4.5089e-006
3147,5.9357e-006
3148,3.6389e-006
3149,2.6585e-006
3150,3.0691e-006
3151,6.9035e-006
3152,5.2637e-006
3153,4.3337e-006
3154,4.3186e-006
3155,5.6137e-006
3156,5.21e-006
3157,4.7592e-006
3158,5.9757e-006
3159,5.1641e-006
3160,3.4667e-006
3161,4.1666e-006
3162,4.4382e-006
3163,2.2509e-006
3164,4.7893e-006
3165,3.5829e-006
3166,7.3343e-006
3167,7.8304e-006
3168,5.051e-006
3169,6.4079e-006
3170,4.7418e-006
3171,4.7386e-006
3172,4.5359e-006
3173,3.9532e-006
3174,7.4269e-006
3175,8.8059e-006
3176,7.5525e-006
3177,6.9346e-006
3178,7.0064e-006
3179,7.6602e-006
3180,5.4857e-006
3181,5.6161e-006
3182,5.8789e-006
3183,9.5873e-006
3184,4.8231e-006
3185,6.2599e-006
3186,3.0013e-006
3187,2.4577e-006
3188,3.7675e-006
3189,4.8162e-006
3190,4.1162e-006
3191,3.0991e-006
3192,3.3526e-006
3193,4.307e-006
3194,4.6015e-006
3195,2.4092e-006
3196,4.2986e-006
3197,4.5705e-006
3198,3.7257e-006
3199,4.3244e-006
3200,4.5526e-006
3201,2.9438e-006
3202,2.7901e-006
3203,4.9674e-006
3204,3.7665e-006
3205,5.9536e-006
3206,6.5749e-006
3207,1.1617e-005
3208,1.0224e-005
3209,1.0648e-005
3210,1.4904e-005
3211,1.8252e-005
3212,7.2114e-006
3213,6.1805e-006
3214,7.5862e-006
3215,5.7614e-006
3216,5.2849e-006
3217,8.8035e-006
3218,4.9638e-006
3219,5.2329e-006
3220,5.257e-006
3221,7.018e-006
3222,5.2077e-006
3223,5.5808e-006
3224,8.4737e-006
3225,8.3207e-006
3226,7.5028e-006
3227,2.8699e-006
3228,1.5082e-006
3229,1.2572e-005
3230,3.4461e-006
3231,5.066e-006
3232,6.3156e-006
3233,3.868e-006
3234,1.9282e-006
3235,5.767e-006
3236,6.1634e-006
3237,7.805e-006
3238,5.3639e-006
3239,5.7516e-006
3240,5.97e-006
3241,3.9004e-006
3242,5.7791e-006
3243,1.5654e-005
3244,1.0695e-005
3245,4.1033e-006
3246,3.2347e-006
3247,4.2066e-006
3248,3.0718e-006
3249,4.129e-006
3250,3.0627e-006
3251,2.6567e-006
3252,3.3934e-006
3253,1.7136e-006
3254,1.2774e-005
3255,3.3987e-006
3256,3.9028e-006
3257,3.5971e-006
3258,4.3949e-006
3259,5.7039e-006
3260,6.6295e-006
3261,7.3525e-006
3262,8.8058e-006
3263,5.1165e-006
3264,1.3639e-006
3265,1.7997e-006
3266,2.2773e-006
3267,1.2329e-005
3268,7.936e-007
3269,1.3467e-006
3270,1.0696e-006
3271,5.3422e-007
3272,8.9866e-006
3273,6.6144e-006
3274,2.6079e-006
3275,1.2588e-005
3276,8.6024e-006
3277,1.1215e-005
3278,4.1512e-005
3279,4.6898e-005
3280,2.2784e-006
3281,2.0692e-006
3282,4.1924e-006
3283,7.6914e-006
3284,9.907e-006
3285,6.4159e-006
3286,3.5393e-005
3287,7.7852e-006
3288,5.1871e-006
3289,3.9042e-006
3290,4.5464e-006
3291,5.1313e-006
3292,3.1243e-006
3293,4.2597e-006
3294,4.3107e-006
3295,9.1035e-006
3296,2.5786e-006
3297,4.8387e-006
3298,3.7957e-006
3299,4.1169e-006
3300,4.2157e-006
3301,1.3493e-005
3302,1.4993e-005
3303,1.003e-005
3304,6.8037e-006
3305,1.3984e-005
3306,8.9861e-006
3307,1.1998e-005
3308,3.6208e-006
3309,3.9443e-006
3310,4.5045e-006
3311,3.9896e-006
3312,2.1639e-006
3313,3.1969e-006
3314,5.6074e-006
3315,5.3353e-006
3316,5.0394e-006
3317,9.2521e-006
3318,4.9864e-006
3319,8.0159e-006
3320,1.0406e-005
3321,7.663e-006
3322,1.1705e-005
3323,6.4942e-006
3324,4.8688e-006
3325,3.1876e-006
3326,3.2355e-006
3327,2.8922e-006
3328,3.905e-006
3329,4.5904e-006
3330,6.1938e-006
3331,3.4366e-006
3332,4.5728e-006
3333,4.4149e-006
3334,2.6234e-006
3335,4.0889e-006
3336,6.6503e-006
3337,6.6428e-006
3338,4.1878e-006
3339,4.0038e-006
3340,2.8467e-006
3341,8.6009e-006
3342,1.0294e-005
3343,1.1255e-005
3344,4.1864e-006
3345,2.6839e-006
3346,1.0116e-005
3347,8.9255e-006
3348,8.5741e-006
3349,9.0772e-006
3350,8.88e-006
3351,8.384e-006
3352,4.4177e-006
3353,2.1821e-006
3354,4.0004e-006
3355,4.3785e-006
3356,2.9864e-006
3357,2.6814e-006
3358,5.7717e-006
3359,4.0134e-006
3360,2.0058e-006
3361,3.0865e-006
3362,3.9922e-006
3363,4.6168e-006
3364,1.8563e-006
3365,2.8347e-006
3366,2.0642e-006
3367,3.1058e-006
3368,7.324e-006
3369,9.6729e-006
3370,6.2059e-006
3371,6.1853e-006
3372,5.9727e-006
3373,7.7906e-006
3374,8.7558e-006
3375,7.6866e-006
3376,1.2698e-005
3377,1.1835e-005
3378,1.3093e-005
3379,1.1685e-005
3380,1.3854e-005
3381,2.3645e-005
3382,1.6031e-005
3383,8.2536e-006
3384,6.3493e-006
3385,1.0733e-005
3386,8.1346e-006
3387,3.754e-006
3388,3.9672e-006
3389,3.3811e-006
3390,4.291e-006
3391,3.9201e-006
3392,3.1505e-006
3393,3.6102e-006
3394,3.7626e-006
3395,3.771e-006
3396,2.8298e-006
3397,3.5695e-006
3398,5.1656e-006
3399,2.8029e-006
3400,2.2894e-006
3401,2.8987e-006
3402,4.2219e-006
3403,8.7836e-006
3404,6.5654e-006
3405,1.3054e-006
3406,2.9898e-006
3407,2.4323e-006
3408,7.0904e-006
3409,1.5702e-006
3410,1.7642e-006
3411,8.7196e-006
3412,1.2493e-005
3413,2.339e-006
3414,4.2458e-008
3415,2.8665e-007
3416,1.3309e-006
3417,2.039e-005
3418,5.5182e-005
3419,9.9208e-005
3420,1.2212e-005
3421,4.6994e-007
3422,2.1202e-005
3423,6.1221e-005
3424,1.5872e-006
3425,2.3981e-004
3426,2.9424e-006
3427,3.0594e-006
3428,1.7717e-006
3429,5.9811e-006
3430,7.4714e-006
3431,2.8376e-006
3432,2.815e-006
3433,7.2032e-006
3434,4.2592e-006
3435,1.0275e-005
3436,5.6925e-006
3437,3.7476e-006
3438,3.1644e-006
3439,3.401e-006
3440,2.505e-006
3441,2.4159e-006
3442,3.2908e-006
3443,5.5673e-006
3444,6.1086e-006
3445,8.2804e-006
3446,6.9749e-006
3447,5.2715e-006
3448,7.2476e-006
3449,4.4401e-006
3450,3.3405e-006
3451,4.0068e-006
3452,3.1787e-006
3453,3.0839e-006
3454,2.2915e-006
3455,3.001e-006
3456,3.8518e-006
3457,4.8403e-006
3458,4.5988e-006
3459,4.5547e-006
3460,3.1782e-006
3461,4.7323e-006
3462,3.0553e-006
3463,2.3658e-006
3464,2.689e-006
3465,3.0587e-006
3466,3.4558e-006
3467,4.1991e-006
3468,3.6755e-006
3469,4.8198e-006
3470,4.3952e-006
3471,4.262e-006
3472,4.3441e-006
3473,5.963e-006
3474,8.1279e-006
3475,1.1495e-005
3476,4.8963e-006
3477,6.013e-006
3478,5.3928e-006
3479,5.8445e-006
3480,1.5897e-005
3481,9.5149e-006
3482,8.7921e-006
3483,1.0996e-005
3484,7.5933e-006
3485,5.7768e-006
3486,5.7532e-006
3487,1.354e-005
3488,5.7578e-006
3489,5.7625e-006
3490,5.4473e-006
3491,5.1687e-006
3492,8.6378e-006
3493,6.7306e-006
3494,5.2968e-006
3495,7.6893e-006
3496,8.9351e-006
3497,4.7043e-006
3498,2.8502e-006
3499,2.8571e-006
3500,3.5797e-006
3501,3.5965e-006
3502,3.9362e-006
3503,3.4678e-006
3504,1.734e-006
3505,4.3809e-006
3506,3.304e-006
3507,5.0952e-006
3508,3.5003e-006
3509,3.7964e-006
3510,4.5811e-006
3511,4.2421e-006
3512,4.5004e-006
3513,1.2653e-005
3514,6.1343e-006
3515,5.7835e-006
3516,7.2275e-006
3517,1.0252e-005
3518,7.4446e-006
3519,7.4248e-006
3520,2.2737e-006
3521,3.5306e-006
3522,5.0795e-006
3523,5.4474e-006
3524,4.8183e-006
3525,5.0497e-006
3526,5.2763e-006
3527,5.7222e-006
3528,5.0565e-006
3529,5.8615e-006
3530,3.3578e-006
3531,2.8164e-006
3532,5.8447e-006
3533,3.7065e-006
3534,4.2595e-006
3535,3.9035e-006
3536,3.0656e-006
3537,3.0528e-006
3538,2.0056e-006
3539,2.4876e-006
3540,3.9568e-006
3541,4.4016e-006
3542,8.4486e-006
3543,1.0309e-005
3544,4.8842e-006
3545,5.708e-006
3546,6.9091e-006
3547,4.1542e-006
3548,4.8065e-006
3549,2.9629e-006
3550,2.6845e-006
3551,2.7386e-006
3552,3.1501e-006
3553,3.771e-006
3554,5.4429e-006
3555,4.5965e-006
3556,4.8364e-006
3557,1.1279e-005
3558,7.871e-006
3559,1.7314e-005
3560,7.6949e-006
3561,5.3744e-006
3562,6.7046e-006
3563,1.0282e-005
3564,1.3639e-005
3565,6.287e-006
3566,3.1555e-006
3567,3.4057e-006
3568,3.6128e-006
3569,4.548e-006
3570,5.0927e-006
3571,3.4377e-006
3572,4.2083e-006
3573,6.0803e-006
3574,6.4832e-006
3575,7.82e-006
3576,5.88e-006
3577,4.7318e-006
3578,4.4589e-006
3579,3.2796e-006
3580,2.1719e-006
3581,6.8562e-006
3582,2.9188e-006
3583,5.7666e-006
3584,5.7113e-006
3585,8.2498e-006
3586,4.4421e-006
3587,3.1637e-006
3588,1.3377e-005
3589,3.7302e-006
3590,7.1171e-006
3591,7.6698e-006
3592,7.5006e-006
3593,5.0194e-006
3594,2.8224e-006
3595,2.6465e-006
3596,4.6125e-006
3597,1.1542e-005
3598,1.9821e-006
3599,2.7903e-006
3600,2.1711e-006
3601,6.0512e-006
3602,5.5268e-006
3603,4.155e-006
3604,4.3493e-006
3605,4.7105e-006
3606,5.9118e-006
3607,1.2006e-005
3608,8.9999e-006
3609,4.0477e-006
3610,4.677e-006
3611,3.7431e-006
3612,4.6467e-006
3613,3.7108e-006
3614,3.6949e-006
3615,1.6411e-006
3616,4.9183e-006
3617,3.635e-006
3618,4.5226e-006
3619,3.5319e-006
3620,2.8019e-006
3621,6.061e-006
3622,5.9238e-006
3623,6.9625e-006
3624,7.5689e-006
3625,6.8123e-006
3626,1.0321e-005
3627,9.2334e-006
3628,5.7154e-006
3629,6.0695e-006
3630,4.3319e-006
3631,4.0279e-006
3632,6.2365e-006
3633,6.5388e-006
3634,6.1873e-006
3635,4.4983e-006
3636,5.4901e-006
3637,4.4567e-006
3638,5.7968e-006
3639,4.7628e-006
3640,5.3466e-006
3641,3.7458e-006
3642,1.3634e-006
3643,3.097e-006
3644,8.9132e-006
3645,5.5653e-006
3646,4.7498e-006
3647,9.6758e-006
3648,1.0156e-005
3649,2.262e-006
3650,4.1685e-006
3651,2.1042e-006
3652,5.1486e-006
3653,7.0357e-006
3654,5.3111e-006
3655,5.3127e-006
3656,6.0486e-006
3657,4.752e-006
3658,3.9929e-006
3659,3.1733e-006
3660,6.0065e-006
3661,7.4274e-006
3662,5.575e-006
3663,4.0528e-006
3664,4.563e-006
3665,5.1332e-006
3666,3.6629e-006
3667,8.1488e-006
3668,4.5496e-006
3669,6.2449e-006
3670,4.5517e-006
3671,6.0863e-006
3672,6.3343e-006
3673,3.1792e-006
3674,4.1962e-006
3675,5.4459e-006
3676,5.5252e-006
3677,2.4689e-006
3678,2.9523e-006
3679,4.8147e-006
3680,3.8019e-006
3681,2.8315e-006
3682,4.9019e-006
3683,3.9392e-006
3684,3.2249e-006
3685,5.2134e-006
3686,4.0286e-006
3687,4.3845e-006
3688,3.9893e-006
3689,5.1305e-006
3690,6.2115e-006
3691,7.3259e-006
3692,5.9133e-006
3693,3.5163e-006
3694,1.6507e-006
3695,1.6794e-005
3696,8.8506e-006
3697,6.6349e-006
3698,3.376e-006
3699,7.1792e-006
3700,3.1139e-006
3701,3.4403e-006
3702,2.38e-006
3703,4.1409e-006
3704,4.5433e-006
3705,4.813e-006
3706,6.8174e-006
3707,4.1205e-006
3708,3.3618e-006
3709,3.7653e-006
3710,1.3517e-005
3711,7.0606e-006
3712,4.6992e-006
3713,5.6819e-006
3714,4.0516e-006
3715,3.0915e-006
3716,4.2717e-006
3717,6.5157e-006
3718,5.4226e-006
3719,5.4701e-006
3720,3.5878e-006
3721,4.5335e-006
3722,4.7615e-006
3723,4.6059e-006
3724,2.0488e-006
3725,5.205e-006
3726,4.9269e-006
3727,4.3539e-006
3728,2.8105e-006
3729,8.1387e-006
3730,4.2819e-006
3731,7.7339e-006
3732,2.9094e-006
3733,4.1821e-006
3734,2.6192e-006
3735,4.3258e-006
3736,2.637e-006
3737,3.198e-006
3738,7.8728e-006
3739,1.0029e-005
3740,6.9151e-006
3741,4.2861e-006
3742,4.5902e-006
3743,7.1791e-006
3744,8.8597e-006
3745,5.9849e-006
3746,3.537e-006
3747,4.0256e-006
3748,5.6054e-006
3749,4.2273e-006
3750,2.8217e-006
3751,4.854e-006
3752,6.2344e-006
3753,2.4324e-006
3754,6.4423e-006
3755,5.2815e-006
3756,5.2271e-006
3757,3.0595e-006
3758,4.3279e-006
3759,5.0324e-006
3760,1.3409e-005
3761,6.8523e-006
3762,6.72e-006
3763,5.6797e-006
3764,3.963e-006
3765,3.9282e-006
3766,3.5247e-006
3767,3.8887e-006
3768,4.1361e-006
3769,4.24e-006
3770,3.7235e-006
3771,9.025e-006
3772,4.952e-006
3773,5.092e-006
3774,2.7744e-006
3775,2.0354e-005
3776,2.9108e-006
3777,7.6644e-006
3778,5.4294e-006
3779,9.8958e-006
3780,3.9887e-006
3781,3.6952e-006
3782,4.4112e-006
3783,2.9252e-006
3784,3.6572e-006
3785,3.3572e-006
3786,4.1503e-006
3787,4.5685e-006
3788,1.3221e-005
3789,5.7138e-006
3790,1.0408e-005
3791,4.6374e-006
3792,6.005e-006
3793,2.8744e-006
3794,1.4224e-005
3795,1.5977e-005
3796,4.1251e-006
3797,2.9798e-006
3798,3.9497e-006
3799,7.6018e-006
3800,4.2477e-006
3801,5.865e-006
3802,5.1286e-005
3803,1.8204e-005
3804,2.0798e-006
3805,5.8395e-006
3806,1.5883e-005
3807,3.1945e-007
3808,1.9444e-005
3809,8.8431e-006
3810,2.0471e-005
3811,1.6059e-005
3812,3.0226e-006
3813,3.0317e-005
3814,1.9364e-006
3815,2.1242e-006
3816,2.1026e-008
3817,1.5529e-006
3818,4.2262e-006
3819,1.6395e-006
3820,2.2064e-005
3821,2.9837e-006
3822,9.3499e-007
3823,6.4665e-007
3824,3.5756e-006
3825,1.5638e-005
3826,3.5381e-005
3827,7.3864e-006
3828,1.2558e-005
3829,6.2297e-007
3830,1.356e-005
3831,1.3506e-006
3832,5.2993e-007
3833,7.6027e-007
3834,1.8093e-005
3835,4.1414e-006
3836,5.724e-006
3837,4.4334e-005
3838,1.8617e-006
3839,1.0191e-006
3840,1.1218e-005
3841,3.0604e-006
3842,1.5849e-005
3843,9.9049e-006
3844,3.5944e-005
3845,6.5005e-005
3846,2.8218e-005
3847,2.3273e-006
3848,1.6877e-005
3849,1.8453e-003
3850,4.8015e-005
3851,1.7372e-005
3852,2.7778e-005
3853,1.8665e-005
3854,1.5902e-005
3855,2.8971e-006
3856,2.007e-006
3857,2.6371e-005
3858,2.631e-006
3859,1.8996e-006
3860,4.4509e-006
3861,2.2296e-006
3862,2.3226e-006
3863,1.9087e-005
3864,2.9067e-006
3865,1.2081e-005
3866,1.4492e-005
3867,3.302e-005
3868,1.785e-006
3869,1.0312e-005
3870,7.3527e-006
3871,1.9052e-005
3872,8.9615e-007
3873,8.1006e-006
3874,1.6516e-006
3875,7.7496e-007
3876,2.0328e-005
3877,2.801e-006
3878,4.0715e-006
3879,1.0676e-005
3880,1.5271e-006
3881,2.2122e-006
3882,1.5383e-005
3883,2.1303e-006
3884,1.1169e-006
3885,3.7244e-006
3886,1.6404e-005
3887,8.5067e-007
3888,9.5333e-006
3889,3.1482e-006
3890,2.0438e-003
3891,6.4087e-007
3892,1.8045e-005
3893,6.2266e-006
3894,5.0074e-006
3895,1.3447e-006
3896,2.008e-006
3897,4.7404e-006
3898,5.522e-005
3899,5.3391e-006
3900,1.6953e-006
3901,1.836e-006
3902,4.3861e-005
3903,8.1593e-007
3904,9.2271e-006
3905,8.0373e-006
3906,1.0971e-005
3907,2.2304e-005
3908,3.8846e-006
3909,1.1166e-006
3910,5.9384e-006
3911,2.8182e-005
3912,5.151e-006
3913,1.8548e-005
3914,9.8271e-006
3915,5.7909e-006
3916,4.7243e-006
3917,1.1025e-005
3918,2.7782e-005
3919,1.8682e-005
3920,7.8664e-006
3921,7.09e-006
3922,3.607e-006
3923,6.0396e-006
3924,1.7542e-005
3925,7.3231e-006
3926,1.6309e-005
3927,8.7852e-007
3928,7.8292e-006
3929,1.7855e-005
3930,1.6006e-006
3931,1.3063e-005
3932,3.9492e-006
3933,4.7397e-007
3934,3.5576e-006
3935,1.7329e-005
3936,1.7488e-005
3937,1.6614e-006
3938,3.7224e-006
3939,9.1434e-007
3940,4.2753e-006
3941,3.3791e-006
3942,9.3063e-006
3943,1.5914e-006
3944,1.7454e-005
3945,2.6622e-005
3946,3.56e-006
3947,1.5017e-005
3948,2.8688e-005
3949,3.2929e-006
3950,1.5659e-006
3951,1.6125e-005
3952,9.0624e-005
3953,8.1443e-007
3954,1.5719e-005
3955,8.6056e-006
3956,7.6713e-007
3957,1.1467e-005
3958,2.4428e-005
3959,6.1351e-005
3960,4.1727e-006
3961,3.1323e-005
3962,1.7235e-006
3963,1.3214e-006
3964,5.5846e-006
3965,1.2636e-005
3966,6.0208e-006
3967,2.3888e-005
3968,1.6204e-005
3969,3.3532e-006
3970,1.2094e-005
3971,2.2595e-006
3972,1.611e-006
3973,1.3555e-006
3974,1.4234e-006
3975,4.4457e-005
3976,2.0419e-006
3977,2.5593e-006
3978,6.8146e-006
3979,7.4895e-007
3980,8.86e-006
3981,1.1484e-005
3982,5.5069e-006
3983,1.668e-006
3984,7.3202e-006
3985,8.5863e-007
3986,2.0099e-005
3987,8.4633e-006
3988,2.9767e-005
3989,1.1349e-005
3990,2.1625e-006
3991,6.7175e-006
3992,4.5132e-006
3993,8.4628e-007
3994,3.7648e-005
3995,1.464e-005
3996,2.9145e-006
3997,2.2395e-006
3998,3.3509e-006
3999,1.2934e-005
4000,2.0033e-005
4001,6.941e-006
4002,2.224e-006
4003,2.3988e-005
4004,2.7459e-006
4005,6.4718e-006
4006,5.2848e-006
4007,2.4651e-006
4008,2.2271e-006
4009,7.8405e-006
4010,2.9581e-006
4011,1.2636e-005
4012,8.2462e-007
4013,5.5047e-006
4014,2.5235e-006
4015,7.6732e-006
4016,4.5694e-006
4017,1.8946e-005
4018,7.5673e-006
4019,3.0767e-006
4020,8.1728e-007
4021,7.4179e-006
4022,3.5755e-006
4023,3.6502e-005
4024,1.1624e-006
4025,3.0153e-005
4026,1.3285e-006
4027,7.1256e-006
4028,5.4121e-006
4029,7.1279e-006
4030,1.233e-005
4031,1.1311e-005
4032,9.9635e-006
4033,2.3258e-006
4034,2.2822e-006
4035,3.2145e-006
4036,8.4753e-007
4037,1.3719e-006
4038,4.5235e-006
4039,9.0958e-006
4040,9.0499e-006
4041,1.4615e-005
4042,2.3061e-006
4043,1.3655e-006
4044,1.0724e-006
4045,2.9065e-006
4046,2.5051e-005
4047,8.9706e-006
4048,3.1808e-006
4049,5.4692e-006
4050,9.2594e-007
4051,1.9094e-005
4052,1.4162e-006
4053,1.6427e-005
4054,3.9662e-006
4055,2.9409e-006
4056,1.6201e-005
4057,5.403e-006
4058,1.3784e-006
4059,4.9107e-007
4060,4.8186e-006
4061,2.2621e-006
4062,1.05e-005
4063,4.5714e-006
4064,5.4081e-006
4065,3.376e-006
4066,1.9328e-006
4067,2.0391e-005
4068,4.4991e-006
4069,5.8337e-006
4070,4.7757e-005
4071,1.8746e-005
4072,1.5985e-005
4073,1.015e-005
4074,1.7135e-005
4075,1.2806e-005
4076,2.6203e-005
4077,2.1189e-005
4078,1.5962e-006
4079,2.321e-006
4080,5.8585e-007
4081,4.5805e-006
4082,1.923e-005
4083,3.6829e-005
4084,4.7783e-005
4085,7.1351e-007
4086,6.0193e-007
4087,1.509e-005
4088,3.2619e-005
4089,3.3511e-005
4090,4.3293e-005
4091,1.1182e-005
4092,1.5716e-006
4093,1.4416e-005
4094,1.5406e-005
4095,2.8255e-005
4096,1.5384e-005
4097,1.5189e-005
4098,2.2177e-005
4099,6.4806e-006
4100,6.376e-006
4101,1.9994e-006
4102,7.6651e-007
4103,4.0694e-006
4104,1.2901e-006
4105,2.1677e-006
4106,3.8221e-006
4107,1.955e-005
4108,2.2265e-005
4109,1.6683e-005
4110,6.1479e-006
4111,3.5841e-006
4112,2.1934e-006
4113,4.7991e-006
4114,1.1442e-005
4115,1.1019e-006
4116,1.9704e-005
4117,6.8591e-007
4118,2.6096e-006
4119,1.8603e-006
4120,8.8275e-007
4121,2.2038e-006
4122,2.8106e-005
4123,7.3213e-007
4124,1.1433e-006
4125,2.2656e-006
4126,2.1066e-006
4127,2.119e-005
4128,2.0101e-006
4129,5.358e-006
4130,1.7382e-006
4131,1.3088e-005
4132,1.465e-006
4133,2.9873e-005
4134,1.2429e-005
4135,9.3939e-006
4136,9.7264e-006
4137,1.7558e-005
4138,1.712e-005
4139,1.1748e-006
4140,4.0298e-005
4141,1.0897e-006
4142,5.7631e-007
4143,5.4647e-006
4144,1.8524e-006
4145,6.4761e-007
4146,1.1481e-006
4147,1.992e-006
4148,8.2539e-007
4149,3.81e-005
4150,2.3473e-005
4151,1.1457e-005
4152,2.1964e-005
4153,2.0017e-005
4154,2.6704e-005
4155,3.6816e-005
4156,2.2062e-006
4157,2.4038e-005
4158,9.5304e-007
4159,2.371e-006
4160,1.3494e-005
4161,2.3159e-006
4162,5.7249e-007
4163,5.3972e-007
4164,2.8711e-006
4165,5.9804e-006
4166,1.0845e-005
4167,4.8687e-007
4168,3.5128e-006
4169,1.2868e-005
4170,3.199e-006
4171,5.4492e-007
4172,1.1369e-005
4173,4.9353e-006
4174,8.3297e-006
4175,3.2209e-006
4176,5.5446e-006
4177,5.9042e-008
4178,8.4308e-006
4179,8.3046e-006
4180,4.2238e-006
4181,1.2888e-005
4182,1.678e-006
4183,9.1646e-008
4184,2.6304e-006
4185,2.4826e-006
4186,8.9713e-006
4187,5.1774e-006
4188,1.6788e-005
4189,7.8731e-006
4190,1.1973e-005
4191,8.6392e-006
4192,1.0698e-005
4193,1.733e-005
4194,3.226e-006
4195,3.5908e-006
4196,9.9466e-006
4197,5.2849e-005
4198,2.1019e-006
4199,1.4753e-006
4200,8.072e-006
4201,1.4829e-005
4202,4.2629e-006
4203,4.2315e-006
4204,3.4586e-006
4205,2.0475e-005
4206,2.3579e-006
4207,3.9434e-006
4208,6.2057e-006
4209,5.9999e-006
4210,3.6117e-006
4211,2.5042e-006
4212,1.6407e-006
4213,2.8921e-006
4214,4.7468e-006
4215,2.9836e-006
4216,5.294e-006
4217,1.3527e-006
4218,2.239e-005
4219,2.3303e-006
4220,7.8883e-006
4221,1.3958e-006
4222,6.054e-007
4223,3.8054e-006
4224,1.6073e-005
4225,1.3104e-005
4226,1.2852e-005
4227,1.7763e-005
4228,1.5149e-005
4229,2.3584e-006
4230,6.4231e-006
4231,1.4232e-006
4232,8.2237e-006
4233,1.6167e-005
4234,3.033e-006
4235,6.8448e-006
4236,6.678e-006
4237,1.3399e-006
4238,5.684e-006
4239,2.9562e-006
4240,1.8985e-006
4241,1.2942e-005
4242,2.3338e-006
4243,3.2304e-007
4244,3.7039e-005
4245,1.5149e-005
4246,1.8093e-006
4247,1.3723e-005
4248,2.435e-005
4249,1.9898e-006
4250,4.7792e-006
4251,9.5444e-006
4252,2.2799e-005
4253,1.4827e-005
4254,4.4751e-006
4255,4.975e-006
4256,3.1877e-006
4257,4.1846e-006
4258,1.7159e-006
4259,9.5559e-006
4260,1.0515e-005
4261,2.0118e-003
4262,3.3118e-006
4263,1.8876e-003
4264,2.2684e-006
4265,9.4522e-005
4266,6.8635e-005
4267,4.8015e-005
4268,1.242e-005
4269,3.1446e-004
4270,2.1855e-003
4271,1.1535e-006
4272,1.5844e-005
4273,4.7784e-006
4274,1.1391e-006
4275,7.7497e-006
4276,1.0646e-005
4277,5.289e-006
4278,3.3809e-006
4279,4.3563e-005
4280,9.118e-006
4281,1.1814e-005
4282,3.6391e-006
4283,3.1927e-006
4284,4.7665e-006
4285,3.3565e-006
4286,2.9746e-006
4287,4.8525e-006
4288,4.8757e-007
4289,3.5215e-006
4290,1.5605e-005
4291,1.6897e-005
4292,1.4433e-005
4293,4.5025e-005
4294,7.1324e-006
4295,1.9726e-005
4296,5.4953e-005
4297,1.2592e-006
4298,2.8486e-005
4299,2.3607e-005
4300,1.7201e-005
4301,3.7165e-006
4302,3.8955e-005
4303,2.6478e-006
4304,5.8491e-005
4305,1.221e-005
4306,5.2883e-006
4307,1.3395e-006
4308,1.7807e-003
4309,1.7243e-003
4310,1.6718e-003
4311,1.6661e-003
4312,1.7454e-003
4313,1.6925e-003
4314,1.7809e-003
4315,1.7245e-003
4316,1.672e-003
4317,1.6676e-003
4318,1.7484e-003
4319,1.7667e-003
4320,1.695e-003
4321,1.8757e-003
4322,1.779e-003
4323,1.83e-003
4324,1.8782e-003
4325,1.7982e-003
4326,1.9006e-003
4327,1.8325e-003
4328,1.8383e-003
4329,1.8593e-003
4330,1.9307e-003
4331,1.874e-003
4332,1.9078e-003
4333,1.996e-003
4334,1.9395e-003
4335,1.9553e-003
4336,1.8982e-003
4337,1.9308e-003
4338,1.9291e-003
4339,1.9364e-003
4340,2.0103e-003
4341,1.9749e-003
4342,1.9697e-003
4343,1.9541e-003
4344,1.9903e-003
4345,1.8758e-003
4346,1.9292e-003
4347,1.9079e-003
4348,1.9518e-003
4349,1.9606e-003
4350,1.9144e-003
4351,1.9398e-003
4352,1.7791e-003
4353,1.8741e-003
4354,1.8302e-003
4355,1.9129e-003
4356,1.886e-003
4357,1.8012e-003
4358,1.8195e-003
4359,1.8755e-003
4360,1.78e-003
4361,1.6699e-003
4362,1.6711e-003
4363,1.7436e-003
4364,1.6629e-003
4365,1.7398e-003
4366,1.7806e-003
4367,1.692e-003
4368,1.7802e-003
4369,1.6701e-003
4370,1.6712e-003
4371,1.6619e-003
4372,1.7472e-003
4373,1.7663e-003
4374,1.6945e-003
4375,1.875e-003
4376,1.8885e-003
4377,1.8335e-003
4378,1.859e-003
4379,1.93e-003
4380,1.9905e-003
4381,1.9275e-003
4382,1.9549e-003
4383,1.8979e-003
4384,1.9301e-003
4385,2.0048e-003
4386,1.973e-003
4387,1.9693e-003
4388,1.9538e-003
4389,1.99e-003
4390,1.8751e-003
4391,1.9509e-003
4392,1.9587e-003
4393,1.9141e-003
4394,1.9395e-003
4395,1.912e-003
4396,1.886e-003
4397,1.7999e-003
4398,1.8192e-003
4399,1.8752e-003
4400,2.3089e-004
4401,1.9021e-004
4402,1.6542e-004
4403,1.5828e-004
4404,2.2085e-004
4405,1.8215e-004
4406,2.0547e-004
4407,1.6433e-004
4408,2.3088e-004
4409,1.9011e-004
4410,1.652e-004
4411,1.7035e-004
4412,1.9735e-004
4413,2.3406e-004
4414,1.7206e-004
4415,2.066e-004
4416,1.7562e-004
4417,2.9241e-004
4418,2.2378e-004
4419,2.5658e-004
4420,2.8575e-004
4421,2.5345e-004
4422,2.9636e-004
4423,2.8074e-004
4424,2.3786e-004
4425,3.2983e-004
4426,3.088e-004
4427,3.6395e-004
4428,3.226e-004
4429,3.3658e-004
4430,3.0682e-004
4431,3.5361e-004
4432,3.2981e-004
4433,3.2347e-004
4434,3.2862e-004
4435,3.7777e-004
4436,3.7417e-004
4437,3.4671e-004
4438,3.4868e-004
4439,2.9234e-004
4440,3.2348e-004
4441,3.0875e-004
4442,2.8573e-004
4443,3.6738e-004
4444,3.2051e-004
4445,3.6404e-004
4446,3.3864e-004
4447,3.1354e-004
4448,2.2379e-004
4449,2.5665e-004
4450,2.6754e-004
4451,2.9434e-004
4452,2.3894e-004
4453,2.8707e-004
4454,2.2736e-004
4455,1.616e-004
4456,2.3278e-004
4457,1.8488e-004
4458,2.0352e-004
4459,1.6159e-004
4460,2.2733e-004
4461,1.613e-004
4462,1.6837e-004
4463,1.9563e-004
4464,2.3153e-004
4465,1.7065e-004
4466,2.0499e-004
4467,1.7322e-004
4468,2.8902e-004
4469,2.6649e-004
4470,2.944e-004
4471,2.7941e-004
4472,2.3605e-004
4473,3.2675e-004
4474,3.6337e-004
4475,3.2095e-004
4476,3.3544e-004
4477,3.0554e-004
4478,3.2675e-004
4479,3.8093e-004
4480,3.7361e-004
4481,3.4556e-004
4482,3.4715e-004
4483,2.8915e-004
4484,3.7044e-004
4485,3.1818e-004
4486,3.6131e-004
4487,3.3705e-004
4488,3.1201e-004
4489,2.6105e-004
4490,2.6522e-004
4491,2.9183e-004
4492,2.375e-004
4493,2.8545e-004
4494,0.
4495,1.9429e-009
4496,0.
4497,0.
4498,0.
4499,0.
4500,9.8538e-010
4501,1.0049e-009
4502,0.
4503,7.1412e-007
4504,0.
4505,0.
4506,0.
4507,0.
4508,0.
4509,3.2039e-007
4510,3.9288e-007
4511,2.6962e-007
4512,0.
4513,2.6688e-009
4514,5.3962e-009
4515,1.1557e-008
4516,0.
4517,0.
4518,4.9902e-009
4519,1.7408e-009
4520,0.
4521,2.3489e-008
4522,4.7352e-008
4523,0.
4524,0.
4525,9.0492e-009
4526,2.0659e-008
4527,0.
4528,8.7792e-008
4529,1.6458e-007
4530,0.
4531,0.
4532,6.9456e-008
4533,3.4287e-008
4534,0.
4535,2.7281e-007
4536,2.2026e-007
4537,0.
4538,0.
4539,0.
4540,1.5317e-007
4541,1.0574e-007
4542,7.1123e-007
4543,6.3468e-007
4544,3.3688e-007
4545,0.
4546,0.
4547,5.3694e-007
4548,3.628e-007
4549,3.6134e-007
4550,4.9506e-009
4551,2.6528e-009
4552,4.6977e-009
4553,3.2212e-009
4554,4.1703e-009
4555,4.2666e-009
4556,3.0977e-009
4557,2.9745e-009
4558,1.3644e-006
4559,1.4289e-006
4560,1.3638e-006
4561,1.501e-006
4562,1.5395e-006
4563,1.4613e-006
4564,1.3702e-006
4565,1.4665e-006
4566,1.3918e-006
4567,2.0484e-008
4568,1.5371e-008
4569,7.2901e-009
4570,1.2163e-008
4571,5.0414e-009
4572,7.2179e-008
4573,2.5135e-008
4574,6.7038e-008
4575,4.5804e-008
4576,2.2619e-008
4577,4.4759e-008
4578,2.2687e-007
4579,1.0657e-007
4580,1.4802e-007
4581,1.3886e-007
4582,7.6525e-008
4583,6.1532e-007
4584,4.4763e-007
4585,2.837e-007
4586,4.601e-007
4587,2.2929e-007
4588,3.5038e-007
4589,2.2521e-007
4590,1.2375e-006
4591,7.1228e-007
4592,1.1927e-006
4593,6.6959e-007
4594,9.5867e-007
4595,1.0656e-006
4596,7.781e-007
4597,6.3665e-007
4598,1.2356e-006
4599,8.9565e-007
4600,1.126e-006
4601,1.244e-006
4602,9.6198e-007
4603,1.1715e-006
4604,8.1456e-007
4605,0.
4606,4.3695e-014
4607,0.
4608,0.
4609,0.
4610,2.514e-014
4611,0.
4612,6.8255e-012
4613,6.5779e-012
4614,0.
4615,6.5789e-012
4616,0.
4617,0.
4618,3.16e-012
4619,3.5143e-012
4620,0.
4621,5.2359e-014
4622,8.9877e-014
4623,1.6948e-013
4624,0.
4625,0.
4626,0.
4627,9.4174e-014
4628,5.7581e-014
4629,7.474e-014
4630,3.4949e-014
4631,0.
4632,3.2434e-013
4633,0.
4634,0.
4635,2.7163e-013
4636,0.
4637,6.1287e-013
4638,1.1025e-012
4639,0.
4640,0.
4641,7.48e-013
4642,4.2165e-013
4643,0.
4644,1.897e-012
4645,2.9084e-012
4646,4.3376e-012
4647,0.
4648,0.
4649,1.4938e-012
4650,1.0698e-012
4651,5.6094e-012
4652,0.
4653,0.
4654,0.
4655,1.9451e-012
4656,2.7633e-012
4657,9.001e-014
4658,5.5161e-014
4659,9.2673e-014
4660,4.1308e-014
4661,7.704e-014
4662,7.4648e-014
4663,6.945e-014
4664,9.9838e-012
4665,1.0047e-011
4666,1.0613e-011
4667,9.7356e-012
4668,1.0185e-011
4669,8.5624e-012
4670,8.9752e-012
4671,2.7216e-013
4672,1.4965e-013
4673,2.6918e-013
4674,1.0014e-013
4675,1.6852e-013
4676,8.5367e-013
4677,2.703e-013
4678,7.3613e-013
4679,4.2269e-013
4680,2.8063e-013
4681,5.9069e-013
4682,2.6547e-012
4683,1.131e-012
4684,1.7817e-012
4685,1.6165e-012
4686,9.6848e-013
4687,6.2278e-012
4688,2.7126e-012
4689,4.2939e-012
4690,4.0391e-012
4691,2.5397e-012
4692,8.5273e-012
4693,5.9868e-012
4694,5.5517e-012
4695,7.7079e-012
4696,1.5784e-003
4697,1.6196e-003
4698,1.5764e-003
4699,1.6154e-003
4700,1.572e-003
4701,1.6426e-003
4702,1.5832e-003
4703,1.5246e-003
4704,1.5434e-003
4705,1.48e-003
4706,1.5341e-003
4707,1.5452e-003
4708,1.5103e-003
4709,1.5246e-003
4710,1.5227e-003
4711,1.5156e-003
4712,1.5226e-003
4713,1.4595e-003
4714,1.4663e-003
4715,1.4945e-003
4716,1.4965e-003
4717,1.5782e-003
4718,1.5433e-003
4719,1.5763e-003
4720,1.4732e-003
4721,1.4928e-003
4722,1.5384e-003
4723,1.5083e-003
4724,1.5522e-003
4725,1.6195e-003
4726,1.6139e-003
4727,1.5763e-003
4728,1.6402e-003
4729,1.5902e-003
4730,1.1339e-004
4731,1.4057e-004
4732,1.2373e-004
4733,1.4349e-004
4734,1.2064e-004
4735,8.6195e-005
4736,9.071e-005
4737,8.5325e-005
4738,1.0305e-004
4739,8.0836e-005
4740,8.1237e-005
4741,8.373e-005
4742,1.0144e-004
4743,7.8856e-005
4744,8.9713e-005
4745,8.1886e-005
4746,8.6275e-005
4747,7.9371e-005
4748,7.9341e-005
4749,7.7217e-005
4750,7.7935e-005
4751,7.3089e-005
4752,7.5618e-005
4753,1.1357e-004
4754,9.0775e-005
4755,8.5315e-005
4756,8.0412e-005
4757,9.7629e-005
4758,8.1145e-005
4759,8.29e-005
4760,8.0533e-005
4761,8.191e-005
4762,9.4949e-005
4763,1.073e-004
4764,1.3014e-004
4765,1.1629e-004
4766,1.53e-004
4767,1.2847e-004
4768,1.3607e-004
4769,1.1353e-004
4770,3.6511e-005
4771,2.9023e-005
4772,2.8492e-005
4773,3.1092e-005
4774,3.5735e-005
4775,3.1831e-005
4776,2.9068e-005
4777,3.3147e-005
4778,3.5235e-005
4779,2.9037e-005
4780,2.8516e-005
4781,3.1493e-005
4782,3.2052e-005
4783,3.5403e-005
4784,3.0949e-005
4785,3.3971e-005
4786,4.3131e-005
4787,4.003e-005
4788,3.6988e-005
4789,3.4531e-005
4790,3.9297e-005
4791,4.2397e-005
4792,3.6685e-005
4793,3.7519e-005
4794,4.7856e-005
4795,4.4143e-005
4796,4.2866e-005
4797,5.0474e-005
4798,4.9248e-005
4799,4.5225e-005
4800,4.4154e-005
4801,4.3637e-005
4802,4.6244e-005
4803,4.8545e-005
4804,4.451e-005
4805,4.57e-005
4806,5.2024e-005
4807,5.089e-005
4808,4.771e-005
4809,4.6364e-005
4810,4.5467e-005
4811,4.7739e-005
4812,4.4761e-005
4813,4.3219e-005
4814,4.3565e-005
4815,5.1056e-005
4816,4.9906e-005
4817,4.531e-005
4818,4.993e-005
4819,4.3499e-005
4820,4.5389e-005
4821,4.8314e-005
4822,4.5078e-005
4823,4.7278e-005
4824,4.0033e-005
4825,3.8679e-005
4826,4.0942e-005
4827,4.3081e-005
4828,4.1234e-005
4829,3.8612e-005
4830,3.3839e-005
4831,3.6445e-005
4832,3.7781e-005
4833,4.0767e-005
4834,3.6369e-005
4835,1.9181e-005
4836,1.7841e-005
4837,1.5345e-005
4838,1.6268e-005
4839,1.9431e-005
4840,1.3044e-005
4841,1.6159e-005
4842,1.4664e-005
4843,1.6302e-005
4844,2.3266e-005
4845,2.2062e-005
4846,2.5251e-005
4847,2.8228e-005
4848,2.5457e-005
4849,2.4635e-005
4850,1.9948e-005
4851,2.1462e-005
4852,2.2849e-005
4853,1.7752e-005
4854,2.0605e-005
4855,2.2088e-005
4856,2.0659e-005
4857,2.7078e-005
4858,1.6389e-005
4859,1.4868e-005
4860,1.8008e-005
4861,2.4088e-005
4862,1.3718e-005
4863,1.8164e-005
4864,1.5322e-005
4865,2.0112e-005
4866,1.584e-005
4867,1.7806e-005
4868,1.9073e-005
4869,1.6676e-005
4870,1.6603e-005
4871,2.0035e-005
4872,2.2197e-005
4873,1.4161e-005
4874,1.6902e-005
4875,1.6754e-005
4876,1.5731e-005
4877,2.0402e-005
4878,1.7646e-005
4879,1.7168e-005
4880,2.533e-005
4881,2.3165e-005
4882,1.5947e-005
4883,1.6645e-005
4884,1.4626e-005
4885,1.7532e-005
4886,1.9911e-005
4887,1.9092e-005
4888,1.6196e-005
4889,2.1485e-005
4890,1.8567e-005
4891,1.8113e-005
4892,2.6257e-005
4893,2.6814e-005
4894,1.5632e-005
4895,1.7101e-005
4896,1.8846e-005
4897,1.6399e-005
4898,1.9644e-005
4899,2.2241e-005
4900,1.8934e-005
4901,1.8465e-005
4902,1.932e-005
4903,2.7466e-005
4904,2.5976e-005
4905,1.7303e-005
4906,1.9194e-005
4907,1.9257e-005
4908,1.6682e-005
4909,1.8461e-005
4910,2.0031e-005
4911,2.2643e-005
4912,1.9559e-005
4913,1.953e-005
4914,2.6336e-005
4915,2.7549e-005
4916,1.8493e-005
4917,2.1877e-005
4918,1.9434e-005
4919,1.864e-005
4920,1.7879e-005
4921,1.8697e-005
4922,2.2565e-005
4923,1.9536e-005
4924,1.96e-005
4925,2.7666e-005
4926,2.7708e-005
4927,1.786e-005
4928,1.5693e-005
4929,2.0545e-005
4930,1.8692e-005
4931,2.0269e-005
4932,1.7415e-005
4933,2.1936e-005
4934,1.9194e-005
4935,1.9385e-005
4936,2.745e-005
4937,2.5556e-005
4938,2.0383e-005
4939,1.5949e-005
4940,2.0424e-005
4941,1.728e-005
4942,1.6943e-005
4943,1.729e-005
4944,1.8782e-005
4945,1.8626e-005
4946,2.492e-005
4947,1.5234e-005
4948,1.9967e-005
4949,1.6551e-005
4950,1.8518e-005
4951,2.1724e-003
4952,2.2863e-003
4953,2.2837e-003
4954,1.9471e-003
4955,2.1737e-003
4956,2.171e-003
4957,2.0582e-003
4958,1.9455e-003
4959,2.0712e-003
4960,1.9794e-003
4961,2.0818e-003
4962,1.7224e-003
4963,1.8329e-003
4964,1.7206e-003
4965,1.7574e-003
4966,1.8669e-003
4967,1.7554e-003
4968,1.4995e-003
4969,1.6087e-003
4970,1.6457e-003
4971,1.5026e-003
4972,1.6435e-003
4973,1.2798e-003
4974,1.4974e-003
4975,1.3869e-003
4976,1.3925e-003
4977,1.0652e-003
4978,1.2774e-003
4979,1.1691e-003
4980,1.148e-003
4981,1.2834e-003
4982,1.144e-003
4983,1.2802e-003
4984,8.5838e-004
4985,1.0624e-003
4986,9.5767e-004
4987,8.5517e-004
4988,9.1192e-004
4989,1.0423e-003
4990,9.0903e-004
4991,1.0382e-003
4992,6.6259e-004
4993,7.554e-004
4994,6.5884e-004
4995,8.1135e-004
4996,7.1308e-004
4997,8.0818e-004
4998,7.0939e-004
4999,4.8221e-004
5000,5.6608e-004
5001,4.778e-004
5002,5.3998e-004
5003,6.1882e-004
5004,5.3569e-004
5005,6.1484e-004
5006,3.2271e-004
5007,3.9471e-004
5008,3.226e-004
5009,4.5392e-004
5010,3.737e-004
5011,4.4928e-004
5012,3.6922e-004
5013,1.9144e-004
5014,2.5183e-004
5015,1.9435e-004
5016,2.9928e-004
5017,2.3558e-004
5018,2.2879e-004
5019,1.0071e-004
5020,1.3934e-004
5021,1.0206e-004
5022,1.1204e-004
5023,1.766e-004
5024,1.3867e-004
5025,1.147e-004
5026,1.6954e-004
5027,9.5572e-005
5028,5.1635e-005
5029,6.8772e-005
5030,5.1616e-005
5031,5.965e-005
5032,7.9231e-005
5033,4.6941e-005
5034,6.4516e-005
5035,4.3676e-005
5036,3.3188e-005
5037,3.2198e-005
5038,2.6329e-005
5039,3.3742e-005
5040,4.6741e-005
5041,2.8793e-005
5042,2.2857e-003
5043,2.161e-003
5044,2.283e-003
5045,2.1917e-003
5046,2.2881e-003
5047,2.2843e-003
5048,2.2855e-003
5049,2.2867e-003
5050,2.193e-003
5051,2.29e-003
5052,2.2878e-003
5053,2.2887e-003
5054,2.1941e-003
5055,2.1941e-003
5056,2.1588e-003
5057,2.188e-003
5058,2.2912e-003
5059,2.2894e-003
5060,2.2898e-003
5061,2.1867e-003
5062,2.1949e-003
5063,2.2146e-003
5064,2.238e-003
5065,2.2913e-003
5066,2.29e-003
5067,2.2899e-003
5068,2.187e-003
5069,2.2119e-003
5070,2.2382e-003
5071,2.2903e-003
5072,2.2895e-003
5073,2.2889e-003
5074,2.2066e-003
5075,2.2116e-003
5076,2.25e-003
5077,2.2885e-003
5078,2.2881e-003
5079,2.2872e-003
5080,2.1861e-003
5081,2.2058e-003
5082,2.2493e-003
5083,2.1504e-003
5084,2.2849e-003
5085,2.1722e-003
5086,2.2861e-003
5087,2.185e-003
5088,2.1957e-003
5089,2.4887e-005
5090,2.0449e-005
5091,1.4726e-005
5092,1.6227e-005
5093,1.7919e-005
5094,1.3557e-005
5095,2.0417e-005
5096,1.6385e-005
5097,1.7639e-005
5098,4.3519e-005
5099,2.581e-005
5100,3.4699e-005
5101,2.7279e-005
5102,2.5932e-005
5103,2.3053e-005
5104,8.6323e-005
5105,4.9623e-005
5106,7.343e-005
5107,4.6958e-005
5108,6.3659e-005
5109,3.9104e-005
5110,4.7068e-005
5111,6.2038e-005
5112,1.6951e-004
5113,1.076e-004
5114,1.5449e-004
5115,1.5409e-004
5116,9.2982e-005
5117,1.1647e-004
5118,1.3233e-004
5119,1.0403e-004
5120,9.2748e-005
5121,2.9089e-004
5122,2.0986e-004
5123,2.7572e-004
5124,2.0766e-004
5125,2.553e-004
5126,4.4195e-004
5127,3.4713e-004
5128,4.2667e-004
5129,3.8712e-004
5130,3.2354e-004
5131,6.1572e-004
5132,5.1086e-004
5133,6.0091e-004
5134,5.5429e-004
5135,4.678e-004
5136,5.5982e-004
5137,8.0695e-004
5138,6.9408e-004
5139,7.9188e-004
5140,7.3704e-004
5141,6.4462e-004
5142,7.9441e-004
5143,7.4481e-004
5144,6.5085e-004
5145,1.0113e-003
5146,8.9274e-004
5147,9.9615e-004
5148,8.9471e-004
5149,9.7598e-004
5150,1.2242e-003
5151,1.1017e-003
5152,1.209e-003
5153,1.1711e-003
5154,1.0806e-003
5155,1.1583e-003
5156,1.4428e-003
5157,1.3177e-003
5158,1.4277e-003
5159,1.385e-003
5160,1.2789e-003
5161,1.3771e-003
5162,1.6722e-003
5163,1.5385e-003
5164,1.6501e-003
5165,1.4951e-003
5166,1.6051e-003
5167,1.5946e-003
5168,1.9144e-003
5169,1.7692e-003
5170,1.8973e-003
5171,1.7237e-003
5172,1.8328e-003
5173,1.8167e-003
5174,2.1596e-003
5175,2.0207e-003
5176,2.0684e-003
5177,1.9559e-003
5178,1.7837e-005
5179,1.9188e-005
5180,1.5339e-005
5181,1.6194e-005
5182,1.9348e-005
5183,1.3033e-005
5184,1.616e-005
5185,1.5002e-005
5186,1.7434e-005
5187,2.1749e-005
5188,1.861e-005
5189,1.8553e-005
5190,2.797e-005
5191,1.7235e-005
5192,1.7098e-005
5193,1.8661e-005
5194,1.5198e-005
5195,2.0488e-005
5196,1.6199e-005
5197,1.8477e-005
5198,2.1855e-005
5199,2.2395e-005
5200,1.9285e-005
5201,1.9029e-005
5202,2.8886e-005
5203,2.8619e-005
5204,1.6106e-005
5205,1.9065e-005
5206,1.7456e-005
5207,2.0783e-005
5208,1.6347e-005
5209,2.234e-005
5210,2.246e-005
5211,1.9566e-005
5212,1.9449e-005
5213,2.9003e-005
5214,2.5558e-005
5215,1.6608e-005
5216,1.7572e-005
5217,2.0977e-005
5218,1.9992e-005
5219,2.1396e-005
5220,2.2111e-005
5221,1.9529e-005
5222,1.868e-005
5223,1.9165e-005
5224,2.5405e-005
5225,2.5288e-005
5226,2.1271e-005
5227,1.8777e-005
5228,1.7646e-005
5229,2.1314e-005
5230,2.137e-005
5231,1.8947e-005
5232,1.8727e-005
5233,2.8181e-005
5234,2.4974e-005
5235,2.0124e-005
5236,1.8558e-005
5237,1.9492e-005
5238,1.7517e-005
5239,2.0335e-005
5240,1.8036e-005
5241,1.8384e-005
5242,2.6816e-005
5243,2.7548e-005
5244,1.5723e-005
5245,1.9715e-005
5246,1.6825e-005
5247,1.9524e-005
5248,2.073e-005
5249,1.7196e-005
5250,1.7894e-005
5251,1.9054e-005
5252,1.7207e-005
5253,1.7587e-005
5254,2.5901e-005
5255,2.2348e-005
5256,1.6223e-005
5257,1.8309e-005
5258,1.6408e-005
5259,1.4456e-005
5260,1.7311e-005
5261,1.8952e-005
5262,1.5739e-005
5263,1.672e-005
5264,1.6529e-005
5265,1.9988e-005
5266,2.1424e-005
5267,1.5454e-005
5268,1.5306e-005
5269,1.3944e-005
5270,1.6717e-005
5271,1.9082e-005
5272,1.794e-005
5273,1.5297e-005
5274,2.3267e-005
5275,2.5277e-005
5276,2.2068e-005
5277,2.8433e-005
5278,2.5747e-005
5279,2.4416e-005
5280,1.9947e-005
5281,2.145e-005
5282,2.3085e-005
5283,1.7756e-005
5284,2.189e-005
5285,1.9281e-005
5286,5.1525e-006
5287,0.
5288,0.
5289,2.0692e-006
5290,1.012e-006
5291,5.5514e-007
5292,2.0246e-006
5293,6.5713e-007
5294,1.0416e-005
5295,1.2119e-005
5296,1.3878e-005
5297,1.0786e-005
5298,1.2186e-005
5299,1.0171e-005
5300,4.9304e-006
5301,7.2082e-006
5302,9.5324e-006
5303,7.6406e-006
5304,5.5908e-006
5305,5.674e-006
5306,7.2103e-006
5307,0.
5308,4.0893e-006
5309,0.
5310,7.6529e-007
5311,2.9506e-006
5312,2.093e-006
5313,3.2315e-007
5314,4.2445e-007
5315,1.0169e-006
5316,0.
5317,0.
5318,3.9529e-006
5319,0.
5320,0.
5321,2.2425e-007
5322,1.8638e-006
5323,5.8183e-007
5324,4.5785e-007
5325,7.459e-007
5326,2.75e-007
5327,7.7811e-007
5328,0.
5329,3.7402e-006
5330,4.0129e-006
5331,0.
5332,0.
5333,1.5607e-006
5334,3.928e-007
5335,3.9219e-007
5336,1.0363e-006
5337,6.5442e-007
5338,0.
5339,3.5526e-006
5340,3.709e-006
5341,0.
5342,0.
5343,6.6244e-007
5344,1.2728e-007
5345,1.7748e-006
5346,3.6479e-007
5347,5.3437e-007
5348,9.7088e-007
5349,0.
5350,3.534e-006
5351,3.5407e-006
5352,0.
5353,0.
5354,6.0624e-007
5355,8.1865e-008
5356,2.0694e-007
5357,1.2988e-007
5358,1.8793e-007
5359,7.209e-007
5360,1.7793e-006
5361,0.
5362,3.518e-006
5363,3.5148e-006
5364,0.
5365,0.
5366,2.2004e-007
5367,1.2479e-006
5368,2.9476e-007
5369,7.2958e-008
5370,7.3012e-007
5371,3.0822e-007
5372,7.9388e-007
5373,0.
5374,3.5596e-006
5375,3.46e-006
5376,0.
5377,2.9709e-007
5378,4.9051e-008
5379,3.0224e-007
5380,8.8189e-007
5381,6.9856e-007
5382,0.
5383,3.5264e-006
5384,3.4128e-006
5385,0.
5386,0.
5387,0.
5388,2.9236e-007
5389,5.5326e-008
5390,6.5818e-007
5391,8.2932e-007
5392,1.035e-007
5393,1.8254e-006
5394,0.
5395,3.2691e-006
5396,3.4723e-006
5397,0.
5398,0.
5399,4.5629e-007
5400,1.6625e-006
5401,1.6817e-007
5402,6.5627e-007
5403,6.2319e-007
5404,1.1805e-007
5405,2.3676e-007
5406,1.1157e-007
5407,1.8112e-006
5408,0.
5409,3.3129e-006
5410,2.865e-006
5411,0.
5412,9.8492e-008
5413,2.9199e-007
5414,1.0177e-006
5415,1.9729e-007
5416,5.9608e-007
5417,9.7447e-006
5418,1.1704e-005
5419,1.4443e-005
5420,8.0828e-006
5421,1.0424e-005
5422,1.1733e-005
5423,1.047e-005
5424,5.9106e-006
5425,8.5216e-006
5426,5.2936e-006
5427,7.0364e-006
5428,5.9637e-006
5429,0.
5430,7.1537e-007
5431,3.3747e-007
5432,0.
5433,0.
5434,0.
5435,3.5937e-007
5436,5.9657e-007
5437,2.1574e-007
5438,0.
5439,2.753e-007
5440,2.2049e-007
5441,0.
5442,0.
5443,1.4838e-007
5444,9.1238e-008
5445,0.
5446,1.6178e-007
5447,8.7506e-008
5448,0.
5449,0.
5450,0.
5451,3.8972e-008
5452,5.774e-008
5453,0.
5454,4.6962e-008
5455,2.3635e-008
5456,0.
5457,0.
5458,2.3051e-008
5459,1.2925e-008
5460,1.1822e-008
5461,5.2861e-009
5462,0.
5463,0.
5464,1.7789e-009
5465,3.4624e-009
5466,7.267e-009
5467,0.
5468,5.6797e-012
5469,0.
5470,0.
5471,2.347e-012
5472,3.373e-012
5473,0.
5474,4.2727e-012
5475,2.9537e-012
5476,1.9155e-012
5477,0.
5478,0.
5479,0.
5480,1.9593e-012
5481,9.9406e-013
5482,1.4158e-012
5483,0.
5484,1.0936e-012
5485,6.2056e-013
5486,0.
5487,0.
5488,4.1774e-013
5489,6.9752e-013
5490,0.
5491,3.3837e-013
5492,0.
5493,0.
5494,0.
5495,2.708e-013
5496,1.4231e-013
5497,1.6926e-013
5498,9.0599e-014
5499,0.
5500,0.
5501,0.
5502,7.8933e-014
5503,3.7962e-014
5504,0.
5505,0.
5506,2.2074e-007
5507,3.6745e-007
5508,0.
5509,0.
5510,3.3209e-007
5511,2.4685e-007
5512,0.
5513,1.7269e-007
5514,0.
5515,0.
5516,1.4468e-007
5517,1.0259e-007
5518,1.5519e-007
5519,0.
5520,2.1665e-007
5521,7.1779e-008
5522,2.4863e-007
5523,7.9071e-008
5524,0.
5525,0.
5526,2.2073e-007
5527,3.0382e-007
5528,0.
5529,0.
5530,2.5447e-007
5531,0.
5532,4.0439e-007
5533,4.8713e-007
5534,4.3079e-007
5535,0.
5536,0.
5537,2.7422e-007
5538,2.8399e-007
5539,0.
5540,2.7303e-007
5541,3.8843e-007
5542,0.
5543,0.
5544,2.9758e-007
5545,2.5061e-007
5546,3.0959e-007
5547,0.
5548,2.5914e-007
5549,2.6814e-007
5550,0.
5551,0.
5552,0.
5553,2.9303e-007
5554,2.5916e-007
5555,2.5573e-007
5556,0.
5557,3.4826e-007
5558,2.7577e-007
5559,0.
5560,0.
5561,2.4937e-007
5562,3.0197e-007
5563,2.7603e-007
5564,0.
5565,3.7614e-007
5566,3.6022e-007
5567,0.
5568,0.
5569,2.6113e-007
5570,2.8933e-007
5571,3.3771e-007
5572,3.6439e-007
5573,0.
5574,0.
5575,2.7868e-007
5576,2.4369e-007
5577,0.
5578,0.
5579,5.1247e-006
5580,2.142e-006
5581,9.5984e-007
5582,5.4363e-007
5583,5.0359e-007
5584,1.9549e-006
5585,1.1526e-006
5586,0.
5587,1.7428e-007
5588,0.
5589,0.
5590,2.2787e-007
5591,1.4072e-007
5592,0.
5593,1.5617e-007
5594,1.0215e-007
5595,0.
5596,1.9658e-007
5597,1.7432e-007
5598,7.4625e-008
5599,0.
5600,0.
5601,6.3718e-007
5602,4.0424e-006
5603,2.0612e-006
5604,2.781e-007
5605,1.2056e-006
5606,3.6048e-007
5607,0.
5608,0.
5609,3.941e-006
5610,3.3602e-006
5611,0.
5612,3.4672e-007
5613,1.1525e-006
5614,2.4606e-007
5615,6.3083e-007
5616,2.0508e-007
5617,0.
5618,3.2918e-006
5619,3.4444e-006
5620,0.
5621,0.
5622,5.9582e-007
5623,6.0574e-007
5624,1.6512e-006
5625,1.581e-007
5626,2.4325e-007
5627,1.3975e-007
5628,1.3231e-007
5629,0.
5630,3.2632e-006
5631,3.3012e-006
5632,0.
5633,0.
5634,9.2409e-007
5635,6.5884e-007
5636,5.97e-007
5637,1.5489e-007
5638,1.3176e-007
5639,0.
5640,3.0914e-006
5641,3.2567e-006
5642,0.
5643,6.5284e-007
5644,2.1716e-007
5645,1.9965e-007
5646,8.6457e-007
5647,1.5546e-007
5648,0.
5649,3.0952e-006
5650,3.354e-006
5651,0.
5652,0.
5653,3.4598e-007
5654,4.7824e-007
5655,1.8888e-007
5656,9.6486e-007
5657,3.0125e-008
5658,4.4475e-008
5659,6.382e-008
5660,0.
5661,3.3109e-006
5662,3.5038e-006
5663,0.
5664,0.
5665,5.4609e-007
5666,2.6871e-007
5667,4.8979e-007
5668,6.4498e-008
5669,0.
5670,3.4809e-006
5671,3.6501e-006
5672,0.
5673,0.
5674,4.9469e-007
5675,2.2842e-007
5676,1.3646e-006
5677,2.4582e-007
5678,5.5889e-007
5679,4.9597e-008
5680,5.8611e-007
5681,0.
5682,3.6744e-006
5683,3.9625e-006
5684,0.
5685,0.
5686,3.6387e-007
5687,3.1483e-007
5688,6.3227e-007
5689,1.1365e-006
5690,8.6476e-007
5691,4.9039e-006
5692,4.0269e-006
5693,0.
5694,0.
5695,4.0052e-007
5696,1.7676e-006
5697,4.029e-007
5698,1.1942e-006
5699,4.3558e-007
5700,1.9893e-007
5701,1.0477e-006
5702,0.
5703,0.
5704,1.2681e-013
5705,0.
5706,0.
5707,0.
5708,5.6226e-007
5709,3.6968e-007
5710,4.8825e-007
5711,1.9458e-007
5712,4.054e-007
5713,0.
5714,5.5404e-007
5715,3.4259e-007
5716,0.
5717,0.
5718,0.
5719,4.3999e-007
5720,2.0808e-007
5721,3.1932e-007
5722,0.
5723,2.2148e-007
5724,1.201e-007
5725,0.
5726,0.
5727,5.2118e-008
5728,2.6386e-008
5729,0.
5730,0.
5731,0.
5732,3.0929e-008
5733,0.
5734,1.3365e-008
5735,6.5571e-009
5736,0.
5737,0.
5738,8.1372e-009
5739,0.
5740,3.1266e-009
5741,1.6604e-009
5742,0.
5743,0.
5744,0.
5745,6.7661e-010
5746,3.6482e-010
5747,0.
5748,0.
5749,0.
5750,0.
5751,1.6888e-010
5752,7.833e-011
5753,0.
5754,0.
5755,1.2885e-010
5756,0.
5757,3.6964e-011
5758,1.8658e-011
5759,0.
5760,0.
5761,2.0773e-011
5762,0.
5763,9.3345e-012
5764,4.0808e-012
5765,0.
5766,0.
5767,5.3401e-012
5768,9.6561e-012
5769,0.
5770,1.7678e-012
5771,8.6635e-013
5772,0.
5773,0.
5774,1.7892e-013
5775,3.5882e-013
5776,0.
5777,0.
5778,2.6796e-013
5779,0.
5780,0.
5781,1.305e-013
5782,1.3144e-013
5783,0.
5784,6.4453e-014
5785,0.
5786,1.2647e-013
5787,1.2079e-013
5788,1.2743e-013
5789,0.
5790,0.
5791,1.2129e-013
5792,0.
5793,1.2853e-013
5794,1.1931e-013
5795,0.
5796,0.
5797,1.1629e-013
5798,1.2686e-013
5799,0.
5800,9.8139e-014
5801,6.9817e-014
5802,0.
5803,0.
5804,1.0575e-013
5805,8.0158e-014
5806,3.3887e-014
5807,0.
5808,5.0836e-014
5809,7.2323e-014
5810,0.
5811,0.
5812,0.
5813,4.2651e-014
5814,2.3752e-014
5815,2.2295e-014
5816,0.
5817,9.5989e-014
5818,1.1904e-013
5819,0.
5820,0.
5821,0.
5822,1.0439e-013
5823,3.6559e-014
5824,0.
5825,1.2753e-013
5826,1.3184e-013
5827,0.
5828,0.
5829,1.173e-013
5830,1.2461e-013
5831,1.3099e-013
5832,0.
5833,0.
5834,1.2641e-013
5835,1.2649e-013
5836,6.2484e-014
5837,0.
5838,1.6552e-013
5839,2.8567e-013
5840,0.
5841,0.
5842,1.0611e-013
5843,0.
5844,6.5834e-013
5845,1.2798e-012
5846,0.
5847,0.
5848,1.6302e-012
5849,0.
5850,2.7161e-012
5851,5.8295e-012
5852,0.
5853,0.
5854,3.2427e-012
5855,7.0955e-012
5856,0.
5857,1.1494e-011
5858,2.4031e-011
5859,0.
5860,0.
5861,1.5283e-011
5862,0.
5863,5.1173e-011
5864,1.1169e-010
5865,0.
5866,0.
5867,0.
5868,6.5381e-011
5869,1.3306e-010
5870,0.
5871,2.244e-010
5872,4.6156e-010
5873,0.
5874,2.8542e-010
5875,0.
5876,9.2591e-010
5877,1.8293e-009
5878,0.
5879,0.
5880,0.
5881,1.1614e-009
5882,0.
5883,4.4637e-009
5884,8.3398e-009
5885,0.
5886,0.
5887,0.
5888,1.8751e-008
5889,3.3983e-008
5890,6.8613e-008
5891,0.
5892,0.
5893,3.7468e-008
5894,0.
5895,1.3316e-007
5896,2.6408e-007
5897,0.
5898,0.
5899,0.
5900,1.4029e-007
5901,0.
5902,4.6008e-007
5903,0.
5904,3.7031e-007
5905,0.
5906,0.
5907,6.0707e-007
5908,3.3746e-007
5909,4.7088e-007
5910,3.4834e-007
5911,3.2715e-007
5912,2.1358e-007
5913,7.9891e-006
5914,6.986e-006
5915,8.7294e-006
5916,7.3485e-006
5917,7.4517e-006
5918,6.4631e-006
5919,7.084e-006
5920,6.8556e-006
5921,6.2029e-006
5922,7.4226e-006
5923,5.8834e-006
5924,6.5356e-006
5925,6.5828e-006
5926,7.0135e-006
5927,6.7545e-006
5928,6.3233e-006
5929,6.4215e-006
5930,6.8035e-006
5931,6.7608e-006
5932,8.3325e-006
5933,8.9694e-006
5934,7.5901e-006
5935,7.6381e-006
5936,7.7134e-006
5937,9.4391e-006
5938,7.6578e-006
5939,8.5675e-006
5940,7.2834e-006
5941,8.5731e-006
5942,8.6195e-006
5943,7.8092e-006
5944,7.8095e-006
5945,1.0237e-005
5946,9.6097e-006
5947,9.31e-006
5948,7.7974e-006
5949,8.4783e-006
5950,7.1873e-006
5951,7.6211e-006
5952,8.7457e-006
5953,8.8692e-006
5954,8.0112e-006
5955,7.9588e-006
5956,9.4562e-006
5957,8.601e-006
5958,9.1838e-006
5959,7.956e-006
5960,7.7443e-006
5961,9.1095e-006
5962,8.1713e-006
5963,8.2648e-006
5964,1.0839e-005
5965,9.5825e-006
5966,9.3125e-006
5967,8.0625e-006
5968,9.3352e-006
5969,8.3516e-006
5970,8.4176e-006
5971,1.0965e-005
5972,1.0182e-005
5973,8.335e-006
5974,9.4355e-006
5975,8.1698e-006
5976,9.6467e-006
5977,9.5815e-006
5978,8.4866e-006
5979,8.5149e-006
5980,1.0303e-005
5981,8.4448e-006
5982,9.295e-006
5983,9.7529e-006
5984,9.692e-006
5985,8.6105e-006
5986,8.6856e-006
5987,1.1076e-005
5988,1.0378e-005
5989,8.6616e-006
5990,9.3897e-006
5991,9.3814e-006
5992,9.82e-006
5993,8.7831e-006
5994,9.0181e-006
5995,1.1141e-005
5996,1.0707e-005
5997,8.739e-006
5998,9.055e-006
5999,9.4659e-006
6000,9.9814e-006
6001,9.1142e-006
6002,9.0809e-006
6003,1.079e-005
6004,1.029e-005
6005,9.1195e-006
6006,1.0118e-005
6007,9.1127e-006
6008,9.3667e-006
6009,1.1161e-005
6010,1.086e-005
6011,1.0367e-005
6012,9.1785e-006
6013,8.9943e-006
6014,1.0268e-005
6015,9.3233e-006
6016,1.2116e-005
6017,1.1233e-005
6018,1.119e-005
6019,1.0431e-005
6020,1.0201e-005
6021,9.0725e-006
6022,8.5965e-006
6023,1.0319e-005
6024,9.3154e-006
6025,9.3707e-006
6026,1.1246e-005
6027,1.0238e-005
6028,8.6662e-006
6029,8.8453e-006
6030,1.04e-005
6031,9.4709e-006
6032,9.3792e-006
6033,1.1295e-005
6034,1.1138e-005
6035,1.1276e-005
6036,1.0276e-005
6037,9.298e-006
6038,8.8761e-006
6039,1.0559e-005
6040,1.0486e-005
6041,9.5731e-006
6042,9.453e-006
6043,1.1204e-005
6044,1.1166e-005
6045,9.4872e-006
6046,9.3488e-006
6047,1.0598e-005
6048,1.0606e-005
6049,9.5905e-006
6050,9.5778e-006
6051,1.1237e-005
6052,9.5212e-006
6053,1.0629e-005
6054,1.0548e-005
6055,1.0551e-005
6056,9.6905e-006
6057,9.6117e-006
6058,1.1254e-005
6059,1.223e-005
6060,1.0741e-005
6061,9.485e-006
6062,9.3282e-006
6063,1.0558e-005
6064,1.0579e-005
6065,9.7378e-006
6066,9.6979e-006
6067,1.1735e-005
6068,1.2248e-005
6069,1.0752e-005
6070,9.4867e-006
6071,1.0585e-005
6072,1.0606e-005
6073,9.6407e-006
6074,9.6358e-006
6075,1.1755e-005
6076,9.5891e-006
6077,9.5073e-006
6078,1.0596e-005
6079,8.9631e-006
6080,1.0611e-005
6081,9.6065e-006
6082,9.4862e-006
6083,1.1771e-005
6084,1.2501e-005
6085,9.6157e-006
6086,9.3581e-006
6087,1.0945e-005
6088,1.0603e-005
6089,8.7177e-006
6090,9.4904e-006
6091,1.0619e-005
6092,9.552e-006
6093,9.7068e-006
6094,1.2508e-005
6095,1.1478e-005
6096,1.0639e-005
6097,9.338e-006
6098,1.0944e-005
6099,1.0611e-005
6100,9.6341e-006
6101,9.6341e-006
6102,1.149e-005
6103,1.0647e-005
6104,9.3439e-006
6105,9.4151e-006
6106,8.5983e-006
6107,1.1074e-005
6108,1.0597e-005
6109,9.703e-006
6110,9.6634e-006
6111,1.1727e-005
6112,1.1472e-005
6113,9.4159e-006
6114,1.105e-005
6115,9.875e-006
6116,1.0552e-005
6117,9.6219e-006
6118,9.5571e-006
6119,1.1715e-005
6120,9.3861e-006
6121,1.0601e-005
6122,9.187e-006
6123,1.1046e-005
6124,9.8734e-006
6125,1.0494e-005
6126,9.5648e-006
6127,9.3874e-006
6128,9.8569e-006
6129,1.1715e-005
6130,1.1699e-005
6131,9.3665e-006
6132,1.0582e-005
6133,1.0883e-005
6134,9.4669e-006
6135,1.0455e-005
6136,9.8452e-006
6137,9.7385e-006
6138,1.1697e-005
6139,1.0449e-005
6140,1.0863e-005
6141,9.4463e-006
6142,9.7675e-006
6143,1.041e-005
6144,9.7198e-006
6145,9.6261e-006
6146,1.1667e-005
6147,1.1571e-005
6148,1.0434e-005
6149,1.0419e-005
6150,9.3205e-006
6151,9.7489e-006
6152,1.033e-005
6153,9.616e-006
6154,9.5238e-006
6155,1.1535e-005
6156,1.1152e-005
6157,1.0393e-005
6158,9.287e-006
6159,9.3577e-006
6160,9.7998e-006
6161,1.0291e-005
6162,9.4839e-006
6163,9.3942e-006
6164,1.1291e-005
6165,1.1121e-005
6166,9.3282e-006
6167,1.025e-005
6168,9.3308e-006
6169,9.7756e-006
6170,1.021e-005
6171,9.3549e-006
6172,9.162e-006
6173,9.6031e-006
6174,1.1263e-005
6175,1.1009e-005
6176,9.3019e-006
6177,1.0224e-005
6178,9.2721e-006
6179,1.0043e-005
6180,1.0134e-005
6181,9.5799e-006
6182,9.4573e-006
6183,1.14e-005
6184,1.098e-005
6185,9.2809e-006
6186,1.0628e-005
6187,9.223e-006
6188,1.001e-005
6189,1.0057e-005
6190,9.4419e-006
6191,9.3735e-006
6192,1.1356e-005
6193,1.0596e-005
6194,9.2475e-006
6195,1.0594e-005
6196,9.9564e-006
6197,9.3118e-006
6198,9.1758e-006
6199,1.1291e-005
6200,1.1309e-005
6201,1.0555e-005
6202,9.2098e-006
6203,9.1481e-006
6204,9.8761e-006
6205,9.1242e-006
6206,8.7954e-006
6207,8.6955e-006
6208,1.1241e-005
6209,8.6291e-006
6210,1.0505e-005
6211,1.0208e-005
6212,9.1134e-006
6213,9.3029e-006
6214,9.7973e-006
6215,8.6421e-006
6216,9.2246e-006
6217,1.085e-005
6218,1.1184e-005
6219,1.1912e-005
6220,8.5932e-006
6221,1.0145e-005
6222,1.0168e-005
6223,9.2598e-006
6224,9.6856e-006
6225,9.1644e-006
6226,8.5169e-006
6227,1.0792e-005
6228,1.0092e-005
6229,8.5639e-006
6230,8.6595e-006
6231,9.2343e-006
6232,9.606e-006
6233,8.4753e-006
6234,8.7678e-006
6235,1.0728e-005
6236,1.0388e-005
6237,1.0041e-005
6238,8.5159e-006
6239,9.52e-006
6240,9.4e-006
6241,8.7263e-006
6242,8.7431e-006
6243,1.039e-005
6244,1.032e-005
6245,8.7911e-006
6246,9.4644e-006
6247,9.3061e-006
6248,8.6872e-006
6249,8.533e-006
6250,1.0336e-005
6251,8.7279e-006
6252,8.3026e-006
6253,9.4855e-006
6254,9.1681e-006
6255,8.4631e-006
6256,8.3774e-006
6257,1.0255e-005
6258,1.0152e-005
6259,8.1237e-006
6260,8.8524e-006
6261,8.2464e-006
6262,9.4371e-006
6263,9.0252e-006
6264,8.3172e-006
6265,8.2299e-006
6266,1.0061e-005
6267,8.0728e-006
6268,8.7948e-006
6269,8.0787e-006
6270,8.8952e-006
6271,8.1842e-006
6272,8.2581e-006
6273,9.9386e-006
6274,9.9984e-006
6275,9.238e-006
6276,8.7382e-006
6277,8.0223e-006
6278,8.7453e-006
6279,8.1898e-006
6280,8.0908e-006
6281,9.863e-006
6282,9.5466e-006
6283,9.1741e-006
6284,9.1148e-006
6285,7.9615e-006
6286,7.9377e-006
6287,8.6289e-006
6288,8.0359e-006
6289,7.9259e-006
6290,9.264e-006
6291,9.4638e-006
6292,9.0413e-006
6293,8.3985e-006
6294,7.8738e-006
6295,8.4713e-006
6296,7.8646e-006
6297,7.7907e-006
6298,9.1717e-006
6299,8.3352e-006
6300,8.2904e-006
6301,7.6712e-006
6302,7.6055e-006
6303,9.5463e-006
6304,9.6906e-006
6305,9.0902e-006
6306,9.064e-006
6307,7.7865e-006
6308,8.2752e-006
6309,7.1717e-006
6310,8.1302e-006
6311,7.5786e-006
6312,7.4425e-006
6313,9.452e-006
6314,7.4311e-006
6315,8.9831e-006
6316,8.7897e-006
6317,7.7228e-006
6318,7.9822e-006
6319,7.3823e-006
6320,7.1819e-006
6321,7.5088e-006
6322,9.3523e-006
6323,8.5491e-006
6324,7.3636e-006
6325,8.1169e-006
6326,8.7066e-006
6327,7.8127e-006
6328,7.4167e-006
6329,7.2777e-006
6330,8.4566e-006
6331,7.3122e-006
6332,8.042e-006
6333,7.1368e-006
6334,6.9511e-006
6335,7.6345e-006
6336,7.2225e-006
6337,7.0825e-006
6338,8.1414e-006
6339,8.3585e-006
6340,7.9652e-006
6341,7.8007e-006
6342,7.0661e-006
6343,7.0853e-006
6344,7.4589e-006
6345,7.0159e-006
6346,6.8891e-006
6347,8.0418e-006
6348,7.7176e-006
6349,7.0191e-006
6350,7.1696e-006
6351,7.2901e-006
6352,6.8329e-006
6353,6.8399e-006
6354,7.8931e-006
6355,8.301e-006
6356,7.9411e-006
6357,7.6353e-006
6358,7.4306e-006
6359,7.0997e-006
6360,7.079e-006
6361,6.7556e-006
6362,6.6018e-006
6363,7.7782e-006
6364,6.8635e-006
6365,7.34e-006
6366,7.3283e-006
6367,6.3797e-006
6368,7.738e-006
6369,6.503e-006
6370,7.6506e-006
6371,6.7322e-006
6372,7.188e-006
6373,6.7856e-006
6374,6.4143e-006
6375,7.7212e-006
6376,7.2191e-006
6377,6.8259e-006
6378,4.7111e-006
6379,4.4283e-006
6380,4.165e-006
6381,4.8692e-006
6382,4.8919e-006
6383,4.1179e-006
6384,4.4836e-006
6385,4.3993e-006
6386,4.3853e-006
6387,4.6411e-006
6388,5.3897e-006
6389,5.4882e-006
6390,5.6637e-006
6391,5.9583e-006
6392,6.1723e-006
6393,5.5297e-006
6394,5.4493e-006
6395,5.8783e-006
6396,5.9095e-006
6397,6.0204e-006
6398,5.9112e-006
6399,5.686e-006
6400,4.7081e-006
6401,5.1154e-006
6402,5.2529e-006
6403,5.0512e-006
6404,5.1558e-006
6405,5.0714e-006
6406,4.7558e-006
6407,4.641e-006
6408,4.9112e-006
6409,5.3134e-006
6410,3.9418e-006
6411,4.5211e-006
6412,3.8944e-006
6413,3.8102e-006
6414,4.1941e-006
6415,3.6612e-006
6416,4.3849e-006
6417,4.0535e-006
6418,4.6811e-006
6419,4.1199e-006
6420,4.2974e-006
6421,4.0951e-006
6422,4.4803e-006
6423,3.956e-006
6424,4.3476e-006
6425,4.7348e-006
6426,4.6674e-006
6427,4.0398e-006
6428,4.0946e-006
6429,4.306e-006
6430,4.2931e-006
6431,4.079e-006
6432,3.9464e-006
6433,4.5994e-006
6434,4.3355e-006
6435,4.6917e-006
6436,4.7518e-006
6437,4.0703e-006
6438,4.0254e-006
6439,4.2951e-006
6440,4.0714e-006
6441,4.063e-006
6442,4.2273e-006
6443,4.3152e-006
6444,4.741e-006
6445,4.6903e-006
6446,4.0591e-006
6447,4.4587e-006
6448,4.0646e-006
6449,4.4205e-006
6450,4.2287e-006
6451,4.3086e-006
6452,4.8091e-006
6453,4.7506e-006
6454,4.0536e-006
6455,4.078e-006
6456,4.4994e-006
6457,4.0821e-006
6458,4.0659e-006
6459,4.4185e-006
6460,4.3082e-006
6461,4.6443e-006
6462,4.9859e-006
6463,4.8222e-006
6464,4.0749e-006
6465,4.0552e-006
6466,4.4998e-006
6467,4.3397e-006
6468,4.086e-006
6469,4.0386e-006
6470,4.3058e-006
6471,4.7437e-006
6472,4.665e-006
6473,3.9291e-006
6474,4.0564e-006
6475,3.9874e-006
6476,3.7551e-006
6477,4.3397e-006
6478,4.0461e-006
6479,4.3059e-006
6480,4.8327e-006
6481,4.7458e-006
6482,3.9302e-006
6483,3.9928e-006
6484,4.3529e-006
6485,4.3359e-006
6486,4.0049e-006
6487,4.3283e-006
6488,4.8853e-006
6489,4.8493e-006
6490,3.9317e-006
6491,4.0397e-006
6492,4.0924e-006
6493,4.3378e-006
6494,4.4115e-006
6495,4.0096e-006
6496,4.3362e-006
6497,4.9393e-006
6498,4.9086e-006
6499,4.0475e-006
6500,3.9637e-006
6501,4.4747e-006
6502,4.0973e-006
6503,4.4263e-006
6504,4.196e-006
6505,4.5888e-006
6506,4.3749e-006
6507,5.0035e-006
6508,4.9567e-006
6509,3.9691e-006
6510,4.0532e-006
6511,3.9751e-006
6512,4.4798e-006
6513,4.6156e-006
6514,4.2247e-006
6515,4.3721e-006
6516,5.0966e-006
6517,5.0088e-006
6518,3.9747e-006
6519,4.0843e-006
6520,3.9643e-006
6521,4.4489e-006
6522,4.6307e-006
6523,4.2349e-006
6524,4.4036e-006
6525,4.962e-006
6526,5.0905e-006
6527,4.0879e-006
6528,3.9686e-006
6529,4.4023e-006
6530,4.0954e-006
6531,4.4777e-006
6532,4.9573e-006
6533,4.4133e-006
6534,5.0582e-006
6535,5.0156e-006
6536,3.9815e-006
6537,4.0934e-006
6538,4.5054e-006
6539,4.3984e-006
6540,4.1033e-006
6541,4.4375e-006
6542,5.0856e-006
6543,5.0839e-006
6544,3.9895e-006
6545,4.0917e-006
6546,4.5061e-006
6547,4.0558e-006
6548,4.5621e-006
6549,4.1133e-006
6550,4.2166e-006
6551,4.4763e-006
6552,5.205e-006
6553,5.116e-006
6554,4.0881e-006
6555,4.5884e-006
6556,4.2264e-006
6557,4.7069e-006
6558,4.4707e-006
6559,5.3752e-006
6560,5.0838e-006
6561,5.2038e-006
6562,3.9985e-006
6563,4.1008e-006
6564,4.0892e-006
6565,4.5481e-006
6566,4.231e-006
6567,4.7091e-006
6568,4.5785e-006
6569,5.0541e-006
6570,4.0051e-006
6571,4.2511e-006
6572,4.0983e-006
6573,4.5786e-006
6574,4.3378e-006
6575,4.5529e-006
6576,5.0926e-006
6577,5.0464e-006
6578,4.2784e-006
6579,4.5408e-006
6580,4.3601e-006
6581,5.1266e-006
6582,4.1553e-006
6583,4.6333e-006
6584,5.135e-006
6585,5.1079e-006
6586,4.0053e-006
6587,4.1745e-006
6588,4.2999e-006
6589,4.5489e-006
6590,5.0289e-006
6591,4.1632e-006
6592,4.4626e-006
6593,4.5768e-006
6594,5.3135e-006
6595,5.198e-006
6596,4.1777e-006
6597,4.2096e-006
6598,4.4627e-006
6599,4.6349e-006
6600,4.2866e-006
6601,4.5659e-006
6602,4.5742e-006
6603,5.3906e-006
6604,5.3047e-006
6605,4.0186e-006
6606,4.21e-006
6607,4.2156e-006
6608,4.793e-006
6609,4.6273e-006
6610,4.3009e-006
6611,4.5937e-006
6612,5.5167e-006
6613,5.4181e-006
6614,4.1984e-006
6615,4.0254e-006
6616,4.2238e-006
6617,4.8049e-006
6618,4.3631e-006
6619,4.6116e-006
6620,5.2668e-006
6621,5.761e-006
6622,5.537e-006
6623,4.1883e-006
6624,4.8236e-006
6625,4.8109e-006
6626,4.3729e-006
6627,4.6855e-006
6628,5.2694e-006
6629,5.2812e-006
6630,4.0263e-006
6631,4.2116e-006
6632,4.8281e-006
6633,4.1134e-006
6634,4.7346e-006
6635,4.3777e-006
6636,4.2786e-006
6637,4.4174e-006
6638,4.6301e-006
6639,5.4483e-006
6640,5.2842e-006
6641,4.0167e-006
6642,4.2427e-006
6643,4.8878e-006
6644,4.1223e-006
6645,4.2883e-006
6646,4.4685e-006
6647,4.4248e-006
6648,4.6273e-006
6649,5.5071e-006
6650,5.4338e-006
6651,4.2317e-006
6652,4.8822e-006
6653,4.1245e-006
6654,4.9219e-006
6655,4.3211e-006
6656,5.0383e-006
6657,4.4698e-006
6658,4.662e-006
6659,5.5945e-006
6660,5.5373e-006
6661,4.1552e-006
6662,4.2269e-006
6663,4.2412e-006
6664,4.9391e-006
6665,4.3241e-006
6666,4.6417e-006
6667,4.7262e-006
6668,5.2014e-006
6669,5.8499e-006
6670,5.5572e-006
6671,4.1638e-006
6672,4.2473e-006
6673,5.0189e-006
6674,4.2427e-006
6675,4.3757e-006
6676,4.6572e-006
6677,4.6814e-006
6678,5.4051e-006
6679,5.2367e-006
6680,4.2466e-006
6681,4.8507e-006
6682,4.3717e-006
6683,4.6657e-006
6684,5.4335e-006
6685,5.3703e-006
6686,4.2533e-006
6687,4.0634e-006
6688,4.6939e-006
6689,4.8253e-006
6690,4.2642e-006
6691,4.3858e-006
6692,5.1323e-006
6693,4.6372e-006
6694,5.4841e-006
6695,5.4367e-006
6696,4.0676e-006
6697,4.3319e-006
6698,4.1949e-006
6699,4.688e-006
6700,4.8652e-006
6701,4.2668e-006
6702,4.662e-006
6703,5.5951e-006
6704,5.5385e-006
6705,4.3106e-006
6706,4.927e-006
6707,4.1962e-006
6708,4.8401e-006
6709,4.3429e-006
6710,4.7178e-006
6711,5.2597e-006
6712,5.6932e-006
6713,5.5243e-006
6714,4.2577e-006
6715,4.3191e-006
6716,4.9429e-006
6717,4.3418e-006
6718,4.5803e-006
6719,4.6133e-006
6720,5.4498e-006
6721,5.2593e-006
6722,4.0303e-006
6723,4.2604e-006
6724,4.0932e-006
6725,4.6583e-006
6726,4.5804e-006
6727,4.5974e-006
6728,5.468e-006
6729,5.4429e-006
6730,4.1444e-006
6731,4.0225e-006
6732,4.7803e-006
6733,4.0886e-006
6734,4.6483e-006
6735,4.2754e-006
6736,4.5853e-006
6737,5.5591e-006
6738,5.4877e-006
6739,4.1301e-006
6740,4.7692e-006
6741,4.6949e-006
6742,4.2697e-006
6743,4.3434e-006
6744,4.5519e-006
6745,5.6757e-006
6746,5.543e-006
6747,5.4689e-006
6748,4.1335e-006
6749,4.0174e-006
6750,4.642e-006
6751,4.0225e-006
6752,4.6891e-006
6753,4.3354e-006
6754,4.5464e-006
6755,5.4307e-006
6756,5.3173e-006
6757,4.0034e-006
6758,4.1294e-006
6759,4.6324e-006
6760,4.0146e-006
6761,4.5582e-006
6762,4.5235e-006
6763,5.3038e-006
6764,5.3216e-006
6765,3.9796e-006
6766,3.991e-006
6767,4.1164e-006
6768,4.1239e-006
6769,4.5528e-006
6770,4.5797e-006
6771,4.5541e-006
6772,5.2897e-006
6773,5.178e-006
6774,3.9604e-006
6775,4.113e-006
6776,4.5022e-006
6777,4.1072e-006
6778,4.5722e-006
6779,4.8687e-006
6780,4.5021e-006
6781,5.1588e-006
6782,5.107e-006
6783,4.1034e-006
6784,4.0904e-006
6785,4.4846e-006
6786,4.3904e-006
6787,4.3931e-006
6788,5.076e-006
6789,4.0931e-006
6790,4.1254e-006
6791,4.3525e-006
6792,4.5467e-006
6793,4.3552e-006
6794,5.0445e-006
6795,5.0768e-006
6796,4.0723e-006
6797,3.8015e-006
6798,4.363e-006
6799,4.1053e-006
6800,3.9845e-006
6801,4.512e-006
6802,4.2681e-006
6803,5.0529e-006
6804,4.9841e-006
6805,3.9213e-006
6806,3.7796e-006
6807,4.3592e-006
6808,5.1095e-006
6809,3.9695e-006
6810,4.5186e-006
6811,3.9612e-006
6812,4.173e-006
6813,4.9252e-006
6814,5.052e-006
6815,3.8846e-006
6816,3.7362e-006
6817,4.29e-006
6818,3.944e-006
6819,4.4546e-006
6820,4.1087e-006
6821,4.9138e-006
6822,4.936e-006
6823,3.8588e-006
6824,3.6614e-006
6825,3.7048e-006
6826,4.3149e-006
6827,4.2525e-006
6828,3.8674e-006
6829,4.0392e-006
6830,4.7596e-006
6831,4.8228e-006
6832,3.6154e-006
6833,3.6267e-006
6834,4.2408e-006
6835,4.2668e-006
6836,3.8383e-006
6837,3.9726e-006
6838,4.721e-006
6839,4.7104e-006
6840,3.5801e-006
6841,4.2e-006
6842,3.7581e-006
6843,4.2486e-006
6844,3.8012e-006
6845,3.8984e-006
6846,4.4893e-006
6847,4.7448e-006
6848,4.6399e-006
6849,3.5531e-006
6850,3.5892e-006
6851,3.9388e-006
6852,3.7234e-006
6853,4.2071e-006
6854,3.6254e-006
6855,3.8519e-006
6856,4.4266e-006
6857,3.4875e-006
6858,3.5667e-006
6859,3.9108e-006
6860,4.1077e-006
6861,3.6044e-006
6862,3.8424e-006
6863,4.2362e-006
6864,4.3682e-006
6865,3.5095e-006
6866,3.4826e-006
6867,3.7918e-006
6868,3.5472e-006
6869,4.069e-006
6870,3.5936e-006
6871,4.3487e-006
6872,3.6658e-006
6873,4.2495e-006
6874,3.5378e-006
6875,3.8014e-006
6876,4.1018e-006
6877,3.58e-006
6878,5.6489e-006
6879,4.1774e-006
6880,5.4175e-006
6881,4.8534e-006
6882,4.5256e-006
6883,5.1817e-006
6884,4.5794e-006
6885,6.1899e-006
6886,6.692e-006
6887,4.8988e-006
6888,5.8268e-006
6889,5.7469e-006
6890,6.3815e-006
6891,2.1718e-003
6892,2.2857e-003
6893,9.3789e-006
6894,7.359e-006
6895,8.0379e-006
6896,7.0272e-006
6897,7.4341e-006
6898,6.5262e-006
6899,8.3036e-006
6900,7.1868e-006
6901,8.0196e-006
6902,1.9464e-003
6903,2.173e-003
6904,1.9778e-003
6905,2.0706e-003
6906,1.9782e-003
6907,2.0814e-003
6908,1.7217e-003
6909,1.8652e-003
6910,1.7564e-003
6911,1.8658e-003
6912,1.4986e-003
6913,1.5005e-003
6914,1.6447e-003
6915,1.5009e-003
6916,1.2788e-003
6917,1.3902e-003
6918,1.3907e-003
6919,1.064e-003
6920,1.1456e-003
6921,1.2816e-003
6922,8.5702e-004
6923,9.1079e-004
6924,1.0398e-003
6925,6.6093e-004
6926,8.1006e-004
6927,7.1139e-004
6928,4.8011e-004
6929,5.379e-004
6930,6.1694e-004
6931,3.2504e-004
6932,4.5159e-004
6933,3.7159e-004
6934,2.0079e-004
6935,2.9885e-004
6936,3.0161e-004
6937,2.3549e-004
6938,1.1083e-004
6939,1.2375e-004
6940,1.8026e-004
6941,5.9232e-005
6942,6.2231e-005
6943,8.9066e-005
6944,6.7831e-005
6945,3.2034e-005
6946,4.5917e-005
6947,3.4641e-005
6948,3.472e-005
6949,3.6623e-005
6950,5.0749e-005
6951,1.8531e-005
6952,1.9118e-005
6953,2.4642e-005
6954,1.892e-005
6955,2.467e-005
6956,1.2954e-005
6957,1.5519e-005
6958,1.3262e-005
6959,1.5349e-005
6960,1.3398e-005
6961,1.3537e-005
6962,9.5914e-006
6963,1.1318e-005
6964,1.1439e-005
6965,9.9355e-006
6966,9.6082e-006
6967,7.3002e-006
6968,6.3283e-006
6969,6.3481e-006
6970,8.1222e-006
6971,6.5154e-006
6972,7.7307e-006
6973,6.8864e-006
6974,7.7674e-006
6975,8.6286e-006
6976,6.4814e-006
6977,6.5945e-006
6978,9.3748e-006
6979,8.1777e-006
6980,7.8976e-006
6981,7.372e-006
6982,9.3216e-006
6983,7.7162e-006
6984,8.7117e-006
6985,1.3457e-005
6986,1.0314e-005
6987,1.0427e-005
6988,8.4414e-006
6989,1.0308e-005
6990,1.1253e-005
6991,8.6299e-006
6992,2.2851e-003
6993,2.145e-003
6994,2.1903e-003
6995,2.2875e-003
6996,2.1463e-003
6997,2.1915e-003
6998,2.176e-003
6999,2.2895e-003
7000,2.1927e-003
7001,2.1772e-003
7002,2.1889e-003
7003,2.2906e-003
7004,2.1935e-003
7005,2.1812e-003
7006,2.1772e-003
7007,2.1897e-003
7008,2.2142e-003
7009,2.2377e-003
7010,2.2907e-003
7011,2.2104e-003
7012,2.1815e-003
7013,2.2111e-003
7014,2.2379e-003
7015,2.2897e-003
7016,2.2102e-003
7017,2.2098e-003
7018,2.2109e-003
7019,2.2495e-003
7020,2.288e-003
7021,2.1846e-003
7022,2.1855e-003
7023,2.2091e-003
7024,2.2488e-003
7025,2.1501e-003
7026,2.1836e-003
7027,2.1844e-003
7028,2.1953e-003
7029,1.1269e-005
7030,8.3431e-006
7031,1.0247e-005
7032,9.5491e-006
7033,9.3617e-006
7034,1.5076e-005
7035,1.178e-005
7036,1.3373e-005
7037,1.3595e-005
7038,1.1061e-005
7039,1.1966e-005
7040,1.0871e-005
7041,1.3461e-005
7042,2.2264e-005
7043,1.709e-005
7044,2.0911e-005
7045,1.5635e-005
7046,1.5857e-005
7047,1.5726e-005
7048,1.8557e-005
7049,3.8169e-005
7050,2.6066e-005
7051,3.2554e-005
7052,2.4224e-005
7053,2.0523e-005
7054,2.3474e-005
7055,7.4443e-005
7056,5.6691e-005
7057,4.3786e-005
7058,3.4261e-005
7059,4.3471e-005
7060,5.8746e-005
7061,1.4884e-004
7062,1.2716e-004
7063,8.1827e-005
7064,9.943e-005
7065,8.4485e-005
7066,2.6688e-004
7067,1.9213e-004
7068,2.3908e-004
7069,2.3117e-004
7070,1.7678e-004
7071,4.175e-004
7072,3.7129e-004
7073,3.0816e-004
7074,2.9905e-004
7075,3.8006e-004
7076,5.912e-004
7077,4.525e-004
7078,4.616e-004
7079,5.5953e-004
7080,5.4718e-004
7081,7.8211e-004
7082,6.5144e-004
7083,7.3533e-004
7084,6.3884e-004
7085,9.8555e-004
7086,8.7962e-004
7087,9.6085e-004
7088,9.2494e-004
7089,8.34e-004
7090,1.1978e-003
7091,1.0654e-003
7092,1.0284e-003
7093,1.1473e-003
7094,1.416e-003
7095,1.2637e-003
7096,1.2547e-003
7097,1.3655e-003
7098,1.638e-003
7099,1.4799e-003
7100,1.5827e-003
7101,1.4755e-003
7102,1.8779e-003
7103,1.7016e-003
7104,1.6941e-003
7105,1.7974e-003
7106,2.0514e-003
7107,1.9388e-003
7108,2.0361e-003
7109,1.9253e-003
7110,7.1749e-006
7111,6.2749e-006
7112,6.2834e-006
7113,8.461e-006
7114,7.2625e-006
7115,8.123e-006
7116,6.8049e-006
7117,7.178e-006
7118,8.4333e-006
7119,6.3372e-006
7120,6.4885e-006
7121,8.5893e-006
7122,7.7799e-006
7123,7.3127e-006
7124,8.5801e-006
7125,7.6276e-006
7126,8.5935e-006
7127,1.5985e-005
7128,1.1689e-005
7129,9.3631e-006
7130,9.0257e-006
7131,1.1094e-005
7132,9.4751e-006
7133,1.283e-005
7134,1.5776e-003
7135,1.6097e-003
7136,1.5557e-003
7137,1.6422e-003
7138,1.5828e-003
7139,1.5238e-003
7140,1.4805e-003
7141,1.5178e-003
7142,1.5448e-003
7143,1.5099e-003
7144,1.5238e-003
7145,1.4667e-003
7146,1.4707e-003
7147,1.4942e-003
7148,1.4961e-003
7149,1.5774e-003
7150,1.4844e-003
7151,1.5336e-003
7152,1.5079e-003
7153,1.5518e-003
7154,1.6107e-003
7155,1.5715e-003
7156,1.6397e-003
7157,1.5898e-003
7158,1.0889e-004
7159,1.3856e-004
7160,1.2151e-004
7161,1.4167e-004
7162,1.2315e-004
7163,8.0777e-005
7164,8.2619e-005
7165,1.0071e-004
7166,7.4588e-005
7167,8.6019e-005
7168,1.0271e-004
7169,7.322e-005
7170,7.5836e-005
7171,8.7342e-005
7172,8.0886e-005
7173,7.6627e-005
7174,7.6604e-005
7175,6.7967e-005
7176,6.6437e-005
7177,6.8908e-005
7178,6.8893e-005
7179,6.5903e-005
7180,6.8624e-005
7181,1.0913e-004
7182,8.2609e-005
7183,8.6089e-005
7184,7.6045e-005
7185,7.75e-005
7186,7.485e-005
7187,9.2243e-005
7188,1.0419e-004
7189,1.5514e-004
7190,1.2545e-004
7191,1.1261e-004
7192,1.333e-004
7193,1.1106e-004
7194,6.8529e-006
7195,7.1551e-006
7196,6.2112e-006
7197,6.067e-006
7198,6.5679e-006
7199,6.2859e-006
7200,6.4298e-006
7201,6.9188e-006
7202,6.7533e-006
7203,6.3972e-006
7204,7.1427e-006
7205,6.7029e-006
7206,7.0906e-006
7207,7.4358e-006
7208,6.3962e-006
7209,6.3471e-006
7210,6.5183e-006
7211,7.5731e-006
7212,7.2463e-006
7213,6.5574e-006
7214,6.7616e-006
7215,7.0836e-006
7216,6.5117e-006
7217,7.3689e-006
7218,7.2841e-006
7219,6.6883e-006
7220,6.6107e-006
7221,7.9968e-006
7222,7.7068e-006
7223,7.3526e-006
7224,6.8339e-006
7225,7.4676e-006
7226,7.4613e-006
7227,6.8268e-006
7228,6.7517e-006
7229,8.1154e-006
7230,7.11e-006
7231,6.9052e-006
7232,7.5558e-006
7233,8.0706e-006
7234,7.6366e-006
7235,6.9611e-006
7236,6.906e-006
7237,8.5439e-006
7238,8.2253e-006
7239,7.2914e-006
7240,7.1785e-006
7241,8.1674e-006
7242,7.8113e-006
7243,7.1274e-006
7244,7.0518e-006
7245,8.6468e-006
7246,7.3563e-006
7247,8.2581e-006
7248,8.1961e-006
7249,7.9916e-006
7250,7.1592e-006
7251,7.1516e-006
7252,8.7512e-006
7253,8.7684e-006
7254,7.419e-006
7255,7.97e-006
7256,6.7658e-006
7257,8.2814e-006
7258,7.0527e-006
7259,9.2802e-006
7260,8.1433e-006
7261,7.3195e-006
7262,7.232e-006
7263,8.8506e-006
7264,7.4439e-006
7265,8.0381e-006
7266,7.1167e-006
7267,8.3024e-006
7268,7.5599e-006
7269,7.4073e-006
7270,9.4553e-006
7271,8.9505e-006
7272,7.5027e-006
7273,8.1131e-006
7274,8.3505e-006
7275,8.4666e-006
7276,7.7336e-006
7277,7.6278e-006
7278,9.5596e-006
7279,9.3176e-006
7280,7.5648e-006
7281,7.6009e-006
7282,8.8111e-006
7283,8.4187e-006
7284,8.6141e-006
7285,7.9327e-006
7286,7.798e-006
7287,9.4115e-006
7288,7.6675e-006
7289,9.0031e-006
7290,7.9287e-006
7291,8.8838e-006
7292,8.7642e-006
7293,8.0048e-006
7294,8.0329e-006
7295,9.913e-006
7296,9.4907e-006
7297,9.0777e-006
7298,7.9956e-006
7299,7.9842e-006
7300,8.9089e-006
7301,8.1252e-006
7302,8.1271e-006
7303,1.0002e-005
7304,9.7503e-006
7305,8.0353e-006
7306,9.1434e-006
7307,8.889e-006
7308,8.0499e-006
7309,9.0484e-006
7310,8.2001e-006
7311,8.224e-006
7312,9.8325e-006
7313,8.092e-006
7314,8.9508e-006
7315,9.1951e-006
7316,8.2631e-006
7317,8.2369e-006
7318,1.0288e-005
7319,9.9215e-006
7320,8.1431e-006
7321,9.3785e-006
7322,9.0113e-006
7323,8.1632e-006
7324,1.0252e-005
7325,9.3479e-006
7326,8.2821e-006
7327,8.5015e-006
7328,1.0359e-005
7329,9.4401e-006
7330,8.2236e-006
7331,8.2319e-006
7332,9.7514e-006
7333,9.4507e-006
7334,8.5611e-006
7335,1.0496e-005
7336,1.0429e-005
7337,8.5518e-006
7338,8.2905e-006
7339,9.8133e-006
7340,9.5527e-006
7341,8.6699e-006
7342,8.6994e-006
7343,1.0561e-005
7344,9.5866e-006
7345,8.4708e-006
7346,8.5897e-006
7347,9.867e-006
7348,9.6724e-006
7349,8.7574e-006
7350,8.7246e-006
7351,1.0631e-005
7352,1.1665e-005
7353,1.0627e-005
7354,9.6397e-006
7355,9.5011e-006
7356,8.5141e-006
7357,1.0965e-005
7358,1.0838e-005
7359,9.7804e-006
7360,8.8988e-006
7361,8.6774e-006
7362,8.7861e-006
7363,1.068e-005
7364,8.606e-006
7365,9.5508e-006
7366,8.5686e-006
7367,9.8533e-006
7368,9.1332e-006
7369,8.9581e-006
7370,1.0808e-005
7371,1.0751e-005
7372,1.1026e-005
7373,8.641e-006
7374,9.5846e-006
7375,9.0868e-006
7376,9.985e-006
7377,9.2272e-006
7378,9.1789e-006
7379,1.0847e-005
7380,9.1516e-006
7381,1.0223e-005
7382,9.0159e-006
7383,1.0077e-005
7384,9.3344e-006
7385,9.284e-006
7386,1.1039e-005
7387,1.0899e-005
7388,1.0279e-005
7389,9.0461e-006
7390,1.0161e-005
7391,9.3991e-006
7392,9.3632e-006
7393,1.1092e-005
7394,9.1241e-006
7395,1.032e-005
7396,1.0148e-005
7397,9.0828e-006
7398,1.0257e-005
7399,9.4722e-006
7400,9.4177e-006
7401,1.113e-005
7402,1.1419e-005
7403,9.1673e-006
7404,1.019e-005
7405,9.192e-006
7406,1.0248e-005
7407,1.034e-005
7408,9.5096e-006
7409,9.5247e-006
7410,1.1288e-005
7411,1.146e-005
7412,1.0386e-005
7413,9.2422e-006
7414,9.2823e-006
7415,1.0281e-005
7416,9.4179e-006
7417,1.04e-005
7418,9.5622e-006
7419,9.5299e-006
7420,1.1332e-005
7421,1.0417e-005
7422,9.301e-006
7423,9.7327e-006
7424,1.0445e-005
7425,1.0449e-005
7426,9.5768e-006
7427,9.5547e-006
7428,1.1362e-005
7429,1.1238e-005
7430,9.7612e-006
7431,1.0428e-005
7432,1.0473e-005
7433,9.5788e-006
7434,1.0525e-005
7435,9.5437e-006
7436,9.4284e-006
7437,9.8721e-006
7438,1.1562e-005
7439,1.1265e-005
7440,9.4935e-006
7441,1.0501e-005
7442,1.0459e-005
7443,9.6157e-006
7444,1.0569e-005
7445,9.883e-006
7446,9.8724e-006
7447,1.1583e-005
7448,1.1439e-005
7449,9.4104e-006
7450,9.5137e-006
7451,1.0537e-005
7452,9.0873e-006
7453,1.0574e-005
7454,9.4518e-006
7455,9.6097e-006
7456,9.9206e-006
7457,1.1724e-005
7458,1.1465e-005
7459,9.41e-006
7460,1.0547e-005
7461,1.067e-005
7462,9.4366e-006
7463,1.0614e-005
7464,9.6607e-006
7465,9.7332e-006
7466,1.1749e-005
7467,1.1492e-005
7468,1.0572e-005
7469,1.0676e-005
7470,9.4389e-006
7471,1.0669e-005
7472,9.75e-006
7473,9.7159e-006
7474,1.1643e-005
7475,1.1512e-005
7476,1.0588e-005
7477,1.062e-005
7478,9.5224e-006
7479,9.4771e-006
7480,1.0714e-005
7481,9.7603e-006
7482,9.7009e-006
7483,1.1639e-005
7484,1.0621e-005
7485,9.5512e-006
7486,1.0595e-005
7487,9.7067e-006
7488,9.7372e-006
7489,1.1632e-005
7490,1.1732e-005
7491,1.0617e-005
7492,9.8125e-006
7493,1.0647e-005
7494,9.6723e-006
7495,9.5076e-006
7496,1.1742e-005
7497,1.0682e-005
7498,9.7946e-006
7499,9.277e-006
7500,8.8155e-006
7501,1.061e-005
7502,9.5545e-006
7503,9.722e-006
7504,1.1871e-005
7505,1.1713e-005
7506,1.0686e-005
7507,9.3633e-006
7508,9.2672e-006
7509,1.0601e-005
7510,9.7444e-006
7511,9.742e-006
7512,1.1674e-005
7513,1.1873e-005
7514,1.0666e-005
7515,1.0613e-005
7516,9.3541e-006
7517,1.0559e-005
7518,9.6545e-006
7519,9.6104e-006
7520,1.1663e-005
7521,1.0604e-005
7522,9.3571e-006
7523,9.4275e-006
7524,8.7356e-006
7525,1.0511e-005
7526,9.6602e-006
7527,9.5757e-006
7528,1.1651e-005
7529,1.1445e-005
7530,1.0316e-005
7531,1.0579e-005
7532,9.3244e-006
7533,9.3993e-006
7534,1.1615e-005
7535,1.0452e-005
7536,9.5399e-006
7537,9.4598e-006
7538,1.154e-005
7539,1.1396e-005
7540,1.0296e-005
7541,9.299e-006
7542,1.0187e-005
7543,1.0385e-005
7544,9.402e-006
7545,9.496e-006
7546,1.1489e-005
7547,9.012e-006
7548,9.2714e-006
7549,1.0151e-005
7550,1.0249e-005
7551,9.5e-006
7552,9.4791e-006
7553,1.1455e-005
7554,1.1744e-005
7555,1.1128e-005
7556,8.982e-006
7557,9.3462e-006
7558,1.0106e-005
7559,1.0139e-005
7560,9.393e-006
7561,9.4239e-006
7562,1.1689e-005
7563,1.1208e-005
7564,1.108e-005
7565,1.0169e-005
7566,9.2902e-006
7567,8.9596e-006
7568,1.004e-005
7569,9.3291e-006
7570,9.191e-006
7571,1.1143e-005
7572,1.0113e-005
7573,8.9046e-006
7574,8.8868e-006
7575,9.9048e-006
7576,9.1432e-006
7577,9.0486e-006
7578,1.205e-005
7579,1.1002e-005
7580,1.1075e-005
7581,9.91e-006
7582,1.0063e-005
7583,8.8221e-006
7584,9.7642e-006
7585,8.9434e-006
7586,8.8117e-006
7587,1.0918e-005
7588,9.8386e-006
7589,8.5492e-006
7590,8.7637e-006
7591,9.5746e-006
7592,8.7259e-006
7593,8.8359e-006
7594,1.1026e-005
7595,1.0829e-005
7596,9.8159e-006
7597,9.7626e-006
7598,8.6805e-006
7599,8.4747e-006
7600,9.3507e-006
7601,8.6456e-006
7602,8.7771e-006
7603,1.092e-005
7604,1.0198e-005
7605,9.7161e-006
7606,8.5856e-006
7607,8.677e-006
7608,9.1665e-006
7609,8.5574e-006
7610,8.3114e-006
7611,1.0087e-005
7612,8.1614e-006
7613,9.2542e-006
7614,8.5812e-006
7615,8.9285e-006
7616,8.3265e-006
7617,8.2219e-006
7618,1.0525e-005
7619,9.974e-006
7620,8.0449e-006
7621,9.1444e-006
7622,8.6426e-006
7623,8.2745e-006
7624,8.1883e-006
7625,1.0056e-005
7626,1.0391e-005
7627,7.9345e-006
7628,9.0199e-006
7629,8.212e-006
7630,8.3866e-006
7631,7.7255e-006
7632,8.0838e-006
7633,9.9131e-006
7634,1.0052e-005
7635,7.6873e-006
7636,7.0762e-006
7637,8.0813e-006
7638,8.5594e-006
7639,7.6213e-006
7640,7.6308e-006
7641,9.8759e-006
7642,7.372e-006
7643,8.228e-006
7644,7.5432e-006
7645,8.3994e-006
7646,8.8898e-006
7647,7.089e-006
7648,7.8485e-006
7649,8.9845e-006
7650,8.0362e-006
7651,7.4574e-006
7652,7.2937e-006
7653,7.9155e-006
7654,7.6699e-006
7655,8.2945e-006
7656,7.7622e-006
7657,1.1715e-005
7658,9.0286e-006
7659,9.7802e-006
7660,1.035e-005
7661,1.2268e-005
7662,9.8467e-006
7663,9.0578e-006
7664,1.1336e-005
7665,8.7916e-006
7666,9.8168e-006
7667,9.4941e-006
7668,1.1201e-005
7669,1.6952e-005
7670,1.1263e-005
7671,1.3733e-005
7672,1.7348e-005
7673,1.4039e-005
7674,1.1252e-005
7675,1.4591e-005
7676,1.3242e-005
7677,1.284e-005
7678,1.64e-005
7679,1.277e-005
7680,2.5055e-005
7681,1.7616e-005
7682,2.0608e-005
7683,2.7344e-005
7684,2.1397e-005
7685,3.0262e-005
7686,2.4225e-005
7687,1.6394e-005
7688,2.0141e-005
7689,1.7894e-005
7690,2.126e-005
7691,2.028e-005
7692,1.8571e-005
7693,3.1418e-005
7694,2.4166e-005
7695,2.6777e-005
7696,3.5561e-005
7697,3.4275e-005
7698,2.7885e-005
7699,2.3772e-005
7700,2.999e-005
7701,3.5675e-005
7702,2.1519e-005
7703,2.8901e-005
7704,2.5231e-005
7705,2.4712e-005
7706,2.167e-005
7707,3.1888e-005
7708,2.8736e-005
7709,2.7275e-005
7710,3.827e-005
7711,3.7788e-005
7712,2.5602e-005
7713,3.1855e-005
7714,3.339e-005
7715,2.7484e-005
7716,2.7086e-005
7717,2.4937e-005
7718,2.558e-005
7719,2.5607e-005
7720,2.2774e-005
7721,3.5312e-005
7722,3.6345e-005
7723,2.4179e-005
7724,2.1255e-005
7725,3.1408e-005
7726,2.5917e-005
7727,3.619e-005
7728,2.3588e-005
7729,2.36e-005
7730,2.7652e-005
7731,2.8892e-005
7732,3.18e-005
7733,1.7034e-005
7734,1.555e-005
7735,1.9156e-005
7736,3.0758e-005
7737,2.8117e-005
7738,2.1178e-005
7739,1.5841e-005
7740,1.6813e-005
7741,1.7894e-005
7742,1.9374e-005
7743,2.0307e-005
7744,2.6331e-005
7745,1.6857e-005
7746,2.4762e-005
7747,2.3032e-005
7748,1.054e-005
7749,1.0754e-005
7750,1.2009e-005
7751,1.3742e-005
7752,1.7009e-005
7753,1.244e-005
7754,1.3853e-005
7755,1.0951e-005
7756,1.1502e-005
7757,1.1602e-005
7758,1.5555e-005
7759,1.0971e-005
7760,1.3472e-005
7761,7.3551e-006
7762,8.4922e-006
7763,9.7799e-006
7764,8.4924e-006
7765,1.0969e-005
7766,7.8581e-006
7767,8.8311e-006
7768,8.4228e-006
7769,7.5886e-006
7770,8.3493e-006
7771,7.6122e-006
7772,7.807e-006
7773,9.3048e-006
7774,8.0562e-006
7775,3.922e-006
7776,4.5499e-006
7777,3.9587e-006
7778,3.8825e-006
7779,4.0905e-006
7780,3.8174e-006
7781,2.9986e-006
7782,4.2098e-006
7783,3.7259e-006
7784,3.996e-006
7785,3.4619e-006
7786,3.4196e-006
7787,3.7957e-006
7788,3.6043e-006
7789,3.3062e-006
7790,9.5479e-007
7791,2.7374e-006
7792,2.2646e-006
7793,2.3154e-006
7794,2.8623e-006
7795,2.5768e-006
7796,2.7214e-006
7797,1.9836e-006
7798,1.408e-006
7799,8.9602e-007
7800,8.0517e-007
7801,1.2081e-006
7802,4.1531e-007
7803,7.7877e-008
7804,7.0008e-007
7805,7.5359e-007
7806,7.6947e-007
7807,5.6862e-006
7808,6.6776e-006
7809,6.2186e-006
7810,5.1266e-006
7811,5.8763e-006
7812,6.4775e-006
7813,5.6624e-006
7814,4.3981e-006
7815,5.4827e-006
7816,4.9985e-006
7817,4.7116e-006
7818,5.1473e-006
7819,4.4533e-006
7820,4.8047e-006
7821,3.0654e-006
7822,3.6613e-006
7823,3.8634e-006
7824,3.1183e-006
7825,3.354e-006
7826,3.5702e-006
7827,3.8678e-006
7828,3.4596e-006
7829,3.1932e-006
7830,3.4656e-006
7831,1.3469e-006
7832,2.4896e-006
7833,2.9062e-006
7834,2.4058e-006
7835,2.7148e-006
7836,2.8866e-006
7837,2.378e-006
7838,2.0961e-006
7839,1.2396e-006
7840,1.1084e-006
7841,1.2416e-006
7842,1.4641e-006
7843,6.7947e-007
7844,9.8545e-007
7845,3.4995e-007
7846,9.952e-007
7847,1.2347e-006
7848,1.1369e-006
7849,1.0097e-006
7850,9.5929e-006
7851,6.3368e-006
7852,8.8465e-006
7853,5.1583e-006
7854,4.3295e-006
7855,5.942e-006
7856,1.2057e-005
7857,1.4376e-005
7858,7.9349e-006
7859,1.0276e-005
7860,1.2419e-005
7861,1.0762e-005
7862,9.0811e-006
7863,1.041e-005
7864,1.2107e-005
7865,1.3805e-005
7866,1.0783e-005
7867,1.2351e-005
7868,1.0574e-005
7869,7.1804e-006
7870,9.5257e-006
7871,7.6251e-006
7872,5.576e-006
7873,7.5835e-006
7874,5.5771e-006
7875,4.4377e-006
7876,4.7155e-006
7877,4.282e-006
7878,5.0247e-006
7879,4.9008e-006
7880,4.1857e-006
7881,4.0156e-006
7882,4.3576e-006
7883,4.7984e-006
7884,4.5575e-006
7885,4.2586e-006
7886,3.8767e-006
7887,3.7376e-006
7888,4.3627e-006
7889,3.6475e-006
7890,3.9841e-006
7891,3.7215e-006
7892,3.64e-006
7893,3.8974e-006
7894,3.8866e-006
7895,4.3876e-006
7896,4.2676e-006
7897,3.6187e-006
7898,3.5579e-006
7899,3.618e-006
7900,3.9927e-006
7901,3.8897e-006
7902,3.6809e-006
7903,3.9362e-006
7904,4.2991e-006
7905,3.5429e-006
7906,3.5673e-006
7907,3.6247e-006
7908,4.0182e-006
7909,4.1097e-006
7910,3.692e-006
7911,4.0076e-006
7912,4.0215e-006
7913,4.3392e-006
7914,4.5208e-006
7915,3.5672e-006
7916,3.7863e-006
7917,4.1903e-006
7918,3.6529e-006
7919,4.1408e-006
7920,3.9277e-006
7921,3.561e-006
7922,4.0986e-006
7923,4.7387e-006
7924,4.5903e-006
7925,3.8329e-006
7926,4.2317e-006
7927,3.8183e-006
7928,4.1182e-006
7929,3.9694e-006
7930,3.7409e-006
7931,4.1762e-006
7932,4.8111e-006
7933,4.9367e-006
7934,3.5822e-006
7935,3.8953e-006
7936,3.8645e-006
7937,3.9123e-006
7938,3.8464e-006
7939,4.3755e-006
7940,4.1515e-006
7941,4.2579e-006
7942,4.8729e-006
7943,4.9815e-006
7944,3.937e-006
7945,3.9559e-006
7946,4.4642e-006
7947,4.4097e-006
7948,4.0614e-006
7949,4.4032e-006
7950,4.9509e-006
7951,4.9121e-006
7952,3.8865e-006
7953,3.6785e-006
7954,3.965e-006
7955,4.5006e-006
7956,3.7409e-006
7957,4.1089e-006
7958,4.1184e-006
7959,4.4014e-006
7960,5.1434e-006
7961,5.0206e-006
7962,3.9081e-006
7963,4.0183e-006
7964,4.6348e-006
7965,4.5735e-006
7966,4.1565e-006
7967,4.5438e-006
7968,5.2506e-006
7969,5.1764e-006
7970,3.9445e-006
7971,4.1073e-006
7972,4.0437e-006
7973,4.6735e-006
7974,4.2204e-006
7975,4.5668e-006
7976,5.5195e-006
7977,5.2668e-006
7978,5.2321e-006
7979,4.1424e-006
7980,4.2384e-006
7981,4.8731e-006
7982,4.4398e-006
7983,4.583e-006
7984,5.2951e-006
7985,4.0334e-006
7986,4.166e-006
7987,4.1419e-006
7988,4.4727e-006
7989,4.5725e-006
7990,5.2446e-006
7991,5.2734e-006
7992,4.0524e-006
7993,4.0068e-006
7994,4.6798e-006
7995,4.1613e-006
7996,4.2373e-006
7997,5.2119e-006
7998,4.516e-006
7999,4.5968e-006
8000,5.3823e-006
8001,5.3086e-006
8002,4.1757e-006
8003,4.0268e-006
8004,4.6631e-006
8005,4.5904e-006
8006,4.2502e-006
8007,4.0069e-006
8008,4.6148e-006
8009,5.4413e-006
8010,5.3569e-006
8011,4.1791e-006
8012,4.2681e-006
8013,4.6208e-006
8014,4.7447e-006
8015,5.1381e-006
8016,4.0161e-006
8017,4.6243e-006
8018,5.5259e-006
8019,5.5041e-006
8020,4.1816e-006
8021,4.0614e-006
8022,4.1194e-006
8023,4.2711e-006
8024,4.7004e-006
8025,4.7535e-006
8026,4.6423e-006
8027,5.5801e-006
8028,5.5379e-006
8029,4.0715e-006
8030,4.3072e-006
8031,4.8898e-006
8032,4.1191e-006
8033,4.7154e-006
8034,4.7103e-006
8035,5.2982e-006
8036,5.7132e-006
8037,5.5979e-006
8038,4.2846e-006
8039,4.3081e-006
8040,4.6622e-006
8041,4.876e-006
8042,4.1375e-006
8043,4.0913e-006
8044,4.3834e-006
8045,4.6768e-006
8046,5.4954e-006
8047,5.3309e-006
8048,4.2966e-006
8049,4.6692e-006
8050,4.3257e-006
8051,4.9238e-006
8052,4.6686e-006
8053,5.5411e-006
8054,5.5063e-006
8055,4.2998e-006
8056,4.2331e-006
8057,4.2324e-006
8058,4.3238e-006
8059,4.8218e-006
8060,4.9109e-006
8061,4.6916e-006
8062,5.6487e-006
8063,5.5555e-006
8064,4.2392e-006
8065,4.3317e-006
8066,4.2287e-006
8067,4.9985e-006
8068,4.8358e-006
8069,4.7102e-006
8070,5.8281e-006
8071,5.6468e-006
8072,5.553e-006
8073,4.3325e-006
8074,4.2443e-006
8075,4.9847e-006
8076,4.5829e-006
8077,4.9652e-006
8078,4.661e-006
8079,5.4988e-006
8080,5.5737e-006
8081,4.1147e-006
8082,4.3177e-006
8083,4.8009e-006
8084,4.1992e-006
8085,4.5811e-006
8086,4.9606e-006
8087,4.6701e-006
8088,5.443e-006
8089,5.5066e-006
8090,4.2889e-006
8091,4.1119e-006
8092,4.8038e-006
8093,4.3453e-006
8094,4.8643e-006
8095,4.1983e-006
8096,4.5471e-006
8097,4.6632e-006
8098,5.4286e-006
8099,5.4151e-006
8100,4.293e-006
8101,4.3454e-006
8102,4.8673e-006
8103,4.7914e-006
8104,4.2283e-006
8105,4.6521e-006
8106,5.4769e-006
8107,5.429e-006
8108,4.1663e-006
8109,4.2929e-006
8110,4.4135e-006
8111,4.8348e-006
8112,4.2948e-006
8113,4.791e-006
8114,4.4428e-006
8115,4.2243e-006
8116,4.6386e-006
8117,5.5369e-006
8118,5.4891e-006
8119,4.3954e-006
8120,4.8158e-006
8121,4.2953e-006
8122,4.9004e-006
8123,4.4158e-006
8124,4.6446e-006
8125,5.58e-006
8126,5.5359e-006
8127,4.3965e-006
8128,4.2357e-006
8129,4.8873e-006
8130,4.4187e-006
8131,4.341e-006
8132,4.634e-006
8133,5.7889e-006
8134,5.5334e-006
8135,5.5632e-006
8136,4.0759e-006
8137,4.2395e-006
8138,4.7332e-006
8139,4.8893e-006
8140,5.0496e-006
8141,4.3325e-006
8142,4.3454e-006
8143,4.6091e-006
8144,5.5072e-006
8145,5.4658e-006
8146,4.0824e-006
8147,4.0251e-006
8148,4.7145e-006
8149,4.6472e-006
8150,4.3349e-006
8151,4.5711e-006
8152,5.4873e-006
8153,5.4861e-006
8154,4.0174e-006
8155,4.2912e-006
8156,4.1868e-006
8157,4.7411e-006
8158,4.6357e-006
8159,4.3278e-006
8160,4.5804e-006
8161,5.4847e-006
8162,5.433e-006
8163,4.2772e-006
8164,4.1831e-006
8165,4.7288e-006
8166,4.3956e-006
8167,4.8374e-006
8168,4.5353e-006
8169,5.4314e-006
8170,5.3905e-006
8171,4.1913e-006
8172,4.2592e-006
8173,4.2462e-006
8174,4.784e-006
8175,4.3847e-006
8176,4.8225e-006
8177,4.6929e-006
8178,4.5184e-006
8179,5.3621e-006
8180,5.2969e-006
8181,3.9547e-006
8182,4.1879e-006
8183,4.2038e-006
8184,4.2393e-006
8185,4.6825e-006
8186,4.248e-006
8187,4.6767e-006
8188,4.4997e-006
8189,5.2862e-006
8190,5.2011e-006
8191,4.1963e-006
8192,4.6479e-006
8193,4.1359e-006
8194,4.6752e-006
8195,4.2408e-006
8196,4.4989e-006
8197,5.1979e-006
8198,5.2439e-006
8199,4.2078e-006
8200,4.1926e-006
8201,4.6476e-006
8202,4.1243e-006
8203,4.7474e-006
8204,4.5004e-006
8205,5.2229e-006
8206,5.1659e-006
8207,4.2035e-006
8208,4.0932e-006
8209,4.1263e-006
8210,4.5147e-006
8211,4.7303e-006
8212,4.0396e-006
8213,4.473e-006
8214,5.1191e-006
8215,5.1633e-006
8216,4.0818e-006
8217,4.4962e-006
8218,4.5262e-006
8219,4.0418e-006
8220,4.7193e-006
8221,4.2134e-006
8222,4.4313e-006
8223,4.9344e-006
8224,5.1e-006
8225,4.015e-006
8226,4.0714e-006
8227,4.0093e-006
8228,4.593e-006
8229,4.1711e-006
8230,4.5033e-006
8231,4.2031e-006
8232,4.4117e-006
8233,5.0517e-006
8234,4.9225e-006
8235,4.0026e-006
8236,4.1088e-006
8237,4.5248e-006
8238,4.5802e-006
8239,4.1629e-006
8240,4.4009e-006
8241,5.0276e-006
8242,5.0309e-006
8243,4.1004e-006
8244,4.5168e-006
8245,4.1199e-006
8246,4.1521e-006
8247,4.5887e-006
8248,4.3887e-006
8249,5.0492e-006
8250,5.0096e-006
8251,4.0097e-006
8252,4.0969e-006
8253,4.4005e-006
8254,4.1135e-006
8255,4.1252e-006
8256,4.5782e-006
8257,4.3812e-006
8258,5.1577e-006
8259,5.021e-006
8260,5.0267e-006
8261,3.9988e-006
8262,4.392e-006
8263,4.1176e-006
8264,4.6094e-006
8265,4.3489e-006
8266,5.0062e-006
8267,4.9252e-006
8268,3.9969e-006
8269,4.0209e-006
8270,4.0611e-006
8271,4.1091e-006
8272,4.5009e-006
8273,4.5889e-006
8274,4.2641e-006
8275,4.3313e-006
8276,4.8986e-006
8277,4.8551e-006
8278,3.954e-006
8279,4.0143e-006
8280,4.0527e-006
8281,4.3559e-006
8282,4.4887e-006
8283,3.9828e-006
8284,4.3274e-006
8285,4.8262e-006
8286,4.7404e-006
8287,3.9501e-006
8288,4.3342e-006
8289,4.3567e-006
8290,4.0355e-006
8291,3.9755e-006
8292,4.6462e-006
8293,4.3237e-006
8294,4.7464e-006
8295,4.7275e-006
8296,3.9477e-006
8297,3.9987e-006
8298,4.0073e-006
8299,4.3197e-006
8300,4.4538e-006
8301,4.0312e-006
8302,4.3385e-006
8303,4.7455e-006
8304,4.7169e-006
8305,4.0006e-006
8306,4.0015e-006
8307,4.0816e-006
8308,4.4543e-006
8309,4.191e-006
8310,4.3401e-006
8311,4.7339e-006
8312,4.7409e-006
8313,3.851e-006
8314,4.0013e-006
8315,4.4634e-006
8316,4.0819e-006
8317,4.1828e-006
8318,4.1881e-006
8319,4.3355e-006
8320,4.7242e-006
8321,4.7275e-006
8322,3.8572e-006
8323,3.9499e-006
8324,3.9561e-006
8325,4.0821e-006
8326,4.3628e-006
8327,4.1799e-006
8328,4.5039e-006
8329,4.3605e-006
8330,4.7275e-006
8331,4.7078e-006
8332,4.1324e-006
8333,3.96e-006
8334,3.9584e-006
8335,4.3594e-006
8336,4.4935e-006
8337,4.1652e-006
8338,4.3927e-006
8339,4.7043e-006
8340,4.7946e-006
8341,4.6803e-006
8342,4.1511e-006
8343,4.0579e-006
8344,4.4974e-006
8345,4.3343e-006
8346,4.1683e-006
8347,4.7171e-006
8348,4.6868e-006
8349,4.137e-006
8350,4.1717e-006
8351,3.9891e-006
8352,4.3458e-006
8353,4.0688e-006
8354,4.3419e-006
8355,5.3997e-006
8356,5.283e-006
8357,5.3749e-006
8358,5.0552e-006
8359,4.6226e-006
8360,4.936e-006
8361,5.0641e-006
8362,4.5079e-006
8363,4.8015e-006
8364,4.8086e-006
8365,5.1859e-006
8366,5.169e-006
8367,5.6664e-006
8368,5.7993e-006
8369,5.8751e-006
8370,6.0109e-006
8371,5.4391e-006
8372,5.9989e-006
8373,5.564e-006
8374,5.5413e-006
8375,2.2967e-013
8376,1.9971e-013
8377,2.0455e-013
8378,1.7022e-013
8379,8.5048e-013
8380,2.344e-013
8381,4.4032e-013
8382,3.1715e-013
8383,5.7173e-013
8384,2.401e-013
8385,3.7389e-012
8386,8.8466e-013
8387,2.2843e-012
8388,1.1791e-012
8389,1.6455e-011
8390,4.7244e-012
8391,9.8322e-012
8392,7.233e-011
8393,2.8312e-011
8394,2.1228e-011
8395,4.4885e-011
8396,3.2365e-010
8397,9.0899e-011
8398,1.8952e-010
8399,1.329e-009
8400,4.2064e-010
8401,7.6317e-010
8402,4.1186e-010
8403,5.7799e-009
8404,1.6196e-009
8405,2.7324e-009
8406,3.0773e-009
8407,1.6164e-009
8408,2.663e-008
8409,9.6766e-009
8410,5.667e-009
8411,1.3013e-008
8412,6.5366e-009
8413,9.5617e-008
8414,2.0749e-008
8415,2.8055e-008
8416,5.4003e-008
8417,3.3195e-007
8418,7.2426e-008
8419,1.8125e-007
8420,1.0091e-007
8421,8.5629e-007
8422,3.8447e-007
8423,7.4054e-007
8424,3.3889e-007
8425,5.5022e-007
8426,7.4571e-007
8427,6.7261e-007
8428,1.5764e-006
8429,1.0648e-006
8430,1.4585e-006
8431,1.3698e-006
8432,1.046e-006
8433,9.6082e-007
8434,1.2621e-006
8435,2.3615e-006
8436,1.8799e-006
8437,2.2459e-006
8438,1.6948e-006
8439,2.0146e-006
8440,1.5917e-006
8441,3.0031e-006
8442,2.8895e-006
8443,2.6785e-006
8444,2.2111e-006
8445,2.5537e-006
8446,2.863e-006
8447,2.3222e-006
8448,3.4653e-006
8449,3.1545e-006
8450,3.3316e-006
8451,2.756e-006
8452,3.3156e-006
8453,3.118e-006
8454,3.5219e-006
8455,3.4933e-006
8456,3.6159e-006
8457,3.2862e-006
8458,2.6368e-013
8459,1.7764e-013
8460,1.4438e-013
8461,2.0494e-013
8462,3.281e-006
8463,3.3797e-006
8464,3.3778e-006
8465,3.438e-006
8466,2.6418e-006
8467,3.1334e-006
8468,2.8201e-006
8469,3.1325e-006
8470,2.7224e-006
8471,2.8623e-006
8472,2.6575e-006
8473,1.9024e-006
8474,2.4396e-006
8475,2.1068e-006
8476,2.0719e-006
8477,2.4144e-006
8478,2.3193e-006
8479,1.1684e-006
8480,1.4213e-006
8481,1.7559e-006
8482,1.3886e-006
8483,1.7525e-006
8484,1.4531e-006
8485,1.1068e-006
8486,1.7023e-006
8487,5.3477e-007
8488,7.4271e-007
8489,1.0244e-006
8490,1.051e-006
8491,5.5833e-007
8492,8.2704e-007
8493,1.7728e-007
8494,1.7851e-007
8495,4.6565e-007
8496,1.9343e-007
8497,3.2782e-007
8498,3.5592e-007
8499,4.3058e-008
8500,5.1568e-008
8501,9.2384e-008
8502,4.909e-008
8503,9.6957e-008
8504,1.069e-008
8505,1.3798e-008
8506,2.3871e-008
8507,1.3134e-008
8508,2.5655e-009
8509,3.4538e-009
8510,2.0996e-009
8511,3.3297e-009
8512,6.2841e-009
8513,5.7195e-010
8514,6.0764e-010
8515,9.731e-010
8516,3.6782e-010
8517,7.6034e-010
8518,1.5958e-009
8519,4.4263e-010
8520,1.2436e-010
8521,1.6923e-010
8522,1.9826e-010
8523,2.9897e-011
8524,4.5467e-011
8525,4.9667e-011
8526,1.0124e-010
8527,3.2606e-011
8528,6.5542e-012
8529,8.3865e-012
8530,1.4882e-011
8531,1.3253e-012
8532,2.4158e-012
8533,1.3187e-012
8534,3.9799e-012
8535,1.8357e-012
8536,5.5886e-013
8537,7.6516e-013
8538,3.978e-013
8539,6.1629e-007
8540,7.1168e-007
8541,6.0018e-007
8542,1.1219e-006
8543,8.7253e-007
8544,8.0214e-007
8545,1.0797e-006
8546,2.2643e-007
8547,4.504e-007
8548,4.1038e-007
8549,2.7879e-007
8550,3.3796e-007
8551,2.2364e-007
8552,7.2192e-008
8553,1.2078e-007
8554,7.4759e-008
8555,1.8157e-007
8556,8.7199e-008
8557,1.3554e-007
8558,2.0223e-008
8559,4.6994e-008
8560,2.5848e-008
8561,5.0707e-008
8562,3.0784e-008
8563,1.4859e-008
8564,7.7463e-009
8565,5.3736e-009
8566,9.3226e-009
8567,1.7711e-008
8568,6.2729e-012
8569,6.3377e-012
8570,9.1002e-012
8571,6.5046e-012
8572,8.361e-012
8573,2.6441e-012
8574,4.5498e-012
8575,2.8219e-012
8576,4.9476e-012
8577,2.6405e-012
8578,3.573e-012
8579,8.6057e-013
8580,9.5562e-013
8581,1.8396e-012
8582,9.6146e-013
8583,1.6689e-012
8584,2.7642e-013
8585,6.4761e-013
8586,3.9625e-013
8587,6.0105e-013
8588,3.1243e-013
8589,1.0463e-013
8590,1.7583e-013
8591,2.507e-013
8592,1.8251e-013
8593,1.0337e-013
8594,3.9399e-006
8595,4.7361e-006
8596,4.5405e-006
8597,3.9797e-006
8598,3.8255e-006
8599,4.3852e-006
8600,4.0628e-006
8601,3.6835e-006
8602,4.0075e-006
8603,3.588e-006
8604,4.4062e-006
8605,3.7899e-006
8606,3.4206e-006
8607,3.6526e-006
8608,4.2316e-006
8609,3.7495e-006
8610,3.5439e-006
8611,3.2518e-006
8612,3.2175e-006
8613,4.2281e-006
8614,4.9642e-006
8615,3.1929e-006
8616,2.7539e-006
8617,2.691e-006
8618,3.8794e-006
8619,3.5912e-006
8620,2.6734e-006
8621,3.0799e-006
8622,4.6844e-006
8623,2.9876e-006
8624,4.8739e-006
8625,5.1806e-006
8626,1.98e-006
8627,2.5074e-006
8628,2.1427e-006
8629,3.7724e-006
8630,2.6646e-006
8631,2.817e-006
8632,2.5988e-006
8633,3.5409e-006
8634,2.1647e-006
8635,2.8845e-006
8636,5.086e-006
8637,5.1733e-006
8638,1.8301e-006
8639,2.0153e-006
8640,2.6756e-006
8641,2.3091e-006
8642,3.4991e-006
8643,2.1528e-006
8644,3.2906e-006
8645,2.8806e-006
8646,5.018e-006
8647,4.9458e-006
8648,2.091e-006
8649,2.0156e-006
8650,1.7489e-006
8651,3.407e-006
8652,2.4723e-006
8653,2.0498e-006
8654,2.3575e-006
8655,2.7167e-006
8656,4.3406e-006
8657,2.2652e-006
8658,2.9293e-006
8659,3.2551e-006
8660,2.8363e-006
8661,4.8133e-006
8662,2.0403e-006
8663,2.0506e-006
8664,3.366e-006
8665,2.4552e-006
8666,2.9516e-006
8667,2.6023e-006
8668,2.1761e-006
8669,2.9809e-006
8670,3.9315e-006
8671,2.9223e-006
8672,5.0038e-006
8673,5.0692e-006
8674,1.5729e-006
8675,2.0261e-006
8676,2.8976e-006
8677,2.2013e-006
8678,3.9237e-006
8679,3.1966e-006
8680,3.1316e-006
8681,5.1786e-006
8682,5.1924e-006
8683,1.6442e-006
8684,2.1856e-006
8685,1.7386e-006
8686,3.7914e-006
8687,2.3655e-006
8688,2.1722e-006
8689,2.7392e-006
8690,4.5772e-006
8691,2.2101e-006
8692,3.1939e-006
8693,3.5275e-006
8694,2.4581e-006
8695,3.5854e-006
8696,4.2624e-006
8697,5.0331e-006
8698,5.2883e-006
8699,2.4809e-006
8700,3.1524e-006
8701,2.8205e-006
8702,3.8707e-006
8703,2.3979e-006
8704,3.5551e-006
8705,5.0233e-006
8706,2.9494e-006
8707,3.0903e-006
8708,2.7479e-006
8709,2.6303e-006
8710,4.596e-006
8711,4.5153e-006
8712,3.5389e-006
8713,3.8075e-006
8714,3.8233e-006
8715,3.7998e-006
8716,4.1277e-006
8717,3.5472e-006
8718,3.6742e-006
8719,4.3102e-006
8720,3.2122e-006
8721,3.4599e-006
8722,1.91e-013
8723,1.3439e-013
8724,1.9445e-013
8725,2.0707e-013
8726,1.7978e-013
8727,1.9202e-013
8728,2.0164e-013
8729,1.0632e-013
8730,1.6991e-013
8731,1.3278e-013
8732,9.8273e-014
8733,1.0713e-013
8734,7.4844e-014
8735,8.8077e-014
8736,7.1934e-014
8737,6.6417e-014
8738,1.8333e-013
8739,9.0087e-014
8740,1.7244e-013
8741,1.1108e-013
8742,1.4176e-013
8743,1.0367e-013
8744,1.9777e-013
8745,1.969e-013
8746,2.0001e-013
8747,1.983e-013
8748,2.0284e-013
8749,1.6478e-013
8750,2.1504e-005
8751,2.7373e-005
8752,2.3388e-005
8753,2.7936e-005
8754,2.689e-005
8755,2.3932e-005
8756,1.612e-005
8757,2.024e-005
8758,1.7411e-005
8759,1.6246e-005
8760,2.0865e-005
8761,1.9862e-005
8762,1.8111e-005
8763,1.806e-005
8764,1.1839e-005
8765,1.496e-005
8766,1.2984e-005
8767,1.4002e-005
8768,1.1671e-005
8769,1.2136e-005
8770,1.3309e-005
8771,1.5699e-005
8772,1.5576e-005
8773,1.4377e-005
8774,8.6352e-006
8775,1.1223e-005
8776,9.7217e-006
8777,9.9111e-006
8778,9.6867e-006
8779,1.0473e-005
8780,1.1392e-005
8781,6.1616e-006
8782,7.0115e-006
8783,8.4804e-006
8784,8.3605e-006
8785,6.7554e-006
8786,8.2181e-006
8787,9.0396e-006
8788,7.0266e-006
8789,8.0599e-006
8790,4.1025e-006
8791,4.8148e-006
8792,5.9561e-006
8793,4.2679e-006
8794,5.5393e-006
8795,5.3028e-006
8796,4.9859e-006
8797,4.6254e-006
8798,5.8664e-006
8799,2.4746e-006
8800,3.3197e-006
8801,3.9172e-006
8802,1.8986e-006
8803,3.2591e-006
8804,2.5729e-006
8805,3.6716e-006
8806,3.5578e-006
8807,1.4244e-006
8808,1.9189e-006
8809,2.6572e-006
8810,1.253e-006
8811,1.8893e-006
8812,1.5025e-006
8813,2.819e-006
8814,2.287e-006
8815,2.4254e-006
8816,9.0014e-007
8817,1.5631e-006
8818,7.8105e-007
8819,4.4533e-007
8820,1.1845e-006
8821,5.6992e-007
8822,9.8185e-007
8823,1.3183e-006
8824,1.2975e-006
8825,3.5102e-007
8826,6.5812e-007
8827,9.5215e-007
8828,4.7966e-007
8829,1.0493e-006
8830,5.3046e-007
8831,7.7019e-007
8832,1.8572e-007
8833,4.8212e-007
8834,4.7726e-007
8835,3.4624e-007
8836,5.7132e-007
8837,5.8688e-007
8838,6.9203e-007
8839,1.8623e-007
8840,5.4317e-007
8841,3.6174e-007
8842,9.0293e-007
8843,8.8943e-007
8844,1.1698e-006
8845,3.4844e-007
8846,1.2863e-006
8847,1.019e-006
8848,5.0642e-007
8849,7.6669e-007
8850,1.4247e-006
8851,1.3979e-006
8852,1.7198e-006
8853,7.8755e-007
8854,4.4549e-007
8855,1.556e-006
8856,1.1728e-006
8857,9.6442e-007
8858,2.4815e-006
8859,2.1071e-006
8860,2.7412e-006
8861,2.8921e-006
8862,1.2541e-006
8863,2.4734e-006
8864,1.9058e-006
8865,2.1671e-006
8866,1.6115e-006
8867,2.5262e-006
8868,4.1148e-006
8869,3.6438e-006
8870,1.905e-006
8871,3.2698e-006
8872,3.1925e-006
8873,3.5966e-006
8874,2.9983e-006
8875,4.0474e-006
8876,6.1841e-006
8877,4.5138e-006
8878,5.5724e-006
8879,6.033e-006
8880,4.2863e-006
8881,5.5564e-006
8882,4.5686e-006
8883,5.6705e-006
8884,4.976e-006
8885,5.6979e-006
8886,8.6738e-006
8887,7.1202e-006
8888,8.0503e-006
8889,8.3934e-006
8890,6.7816e-006
8891,8.1989e-006
8892,6.8588e-006
8893,7.7519e-006
8894,8.8101e-006
8895,1.1861e-005
8896,9.3015e-006
8897,1.0863e-005
8898,9.9411e-006
8899,1.2033e-005
8900,9.6694e-006
8901,1.0223e-005
8902,1.1673e-005
8903,1.6112e-005
8904,1.2505e-005
8905,1.4747e-005
8906,1.4014e-005
8907,1.1687e-005
8908,1.3945e-005
8909,1.3633e-005
8910,1.6044e-005
8911,1.5045e-005
8912,2.1489e-005
8913,1.7148e-005
8914,1.9915e-005
8915,1.6255e-005
8916,1.9569e-005
8917,2.1041e-005
8918,1.585e-005
8919,1.8603e-005
8920,1.7455e-005
8921,2.302e-005
8922,2.6946e-005
8923,2.7724e-005
8924,2.5221e-005
8925,2.4143e-005
8926,5.4458e-006
8927,6.0584e-006
8928,5.7896e-006
8929,5.345e-006
8930,5.7071e-006
8931,5.912e-006
8932,5.1603e-006
8933,5.2819e-006
8934,5.5624e-006
8935,5.6633e-006
8936,4.7822e-006
8937,5.0193e-006
8938,5.9487e-006
8939,6.0238e-006
8940,5.1557e-006
8941,5.6824e-006
8942,5.2093e-006
8943,4.99e-006
8944,5.585e-006
8945,5.3225e-006
8946,7.2793e-006
8947,6.6323e-006
8948,6.2745e-006
8949,6.2951e-006
8950,6.7714e-006
8951,6.2038e-006
8952,6.9884e-006
8953,8.7173e-006
8954,7.3514e-006
8955,7.4678e-006
8956,8.1687e-006
8957,7.7183e-006
8958,5.8341e-006
8959,7.6603e-006
8960,6.6157e-006
8961,6.7883e-006
8962,6.2382e-006
8963,6.3094e-006
8964,5.9031e-006
8965,4.3157e-006
8966,5.4771e-006
8967,4.6762e-006
8968,4.8628e-006
8969,8.0812e-006
8970,7.8422e-006
8971,1.1583e-005
8972,9.8103e-006
8973,9.7042e-006
8974,8.2423e-006
8975,8.8337e-006
8976,7.5992e-006
8977,9.1738e-006
8978,8.4184e-006
8979,5.8527e-006
8980,6.525e-006
8981,6.3647e-006
8982,6.2902e-006
8983,7.0749e-006
8984,6.007e-006
8985,5.6768e-006
8986,4.7885e-006
8987,4.2591e-006
8988,5.4291e-006
8989,5.1446e-006
8990,8.2564e-006
8991,6.7039e-006
8992,7.0393e-006
8993,6.6994e-006
8994,5.1881e-006
8995,6.0901e-006
8996,7.6075e-006
8997,6.1935e-006
8998,7.6917e-006
8999,9.8078e-006
9000,7.6133e-006
9001,9.1756e-006
9002,7.8371e-006
9003,7.2735e-006
9004,9.2432e-006
9005,8.3895e-006
9006,8.3794e-006
9007,8.7528e-006
9008,6.8661e-006
9009,5.056e-006
9010,6.6396e-006
9011,6.2361e-006
9012,5.6038e-006
9013,8.8416e-006
9014,1.0873e-005
9015,1.3632e-005
9016,1.1726e-005
9017,8.6415e-006
9018,1.0126e-005
9019,1.0214e-005
9020,1.0945e-005
9021,1.1309e-005
9022,9.6332e-006
9023,9.3965e-006
9024,1.6366e-005
9025,1.183e-005
9026,1.3955e-005
9027,1.1672e-005
9028,1.3685e-005
9029,1.368e-005
9030,1.1171e-005
9031,1.1949e-005
9032,1.2536e-005
9033,1.5478e-005
9034,8.898e-006
9035,7.1437e-006
9036,5.4975e-006
9037,6.744e-006
9038,6.3958e-006
9039,7.742e-006
9040,6.5744e-006
9041,1.6306e-005
9042,2.1508e-005
9043,1.8487e-005
9044,1.5993e-005
9045,1.7784e-005
9046,1.8083e-005
9047,8.4535e-006
9048,1.2115e-005
9049,1.0418e-005
9050,8.8858e-006
9051,9.4977e-006
9052,1.0809e-005
9053,8.7192e-006
9054,7.123e-006
9055,7.3039e-006
9056,5.4555e-006
9057,5.1185e-006
9058,5.886e-006
9059,6.623e-006
9060,1.262e-005
9061,1.3405e-005
9062,8.8194e-006
9063,1.0444e-005
9064,1.0231e-005
9065,1.0886e-005
9066,9.5979e-006
9067,1.5946e-005
9068,1.2213e-005
9069,1.3931e-005
9070,1.3826e-005
9071,1.3113e-005
9072,1.273e-005
9073,2.0336e-005
9074,2.262e-005
9075,2.2221e-005
9076,1.9655e-005
9077,2.1158e-005
9078,1.8792e-005
9079,1.9655e-005
9080,1.5944e-005
9081,1.5516e-005
9082,1.5427e-005
9083,1.5921e-005
9084,1.488e-005
9085,1.4652e-005
9086,1.7145e-005
9087,1.6418e-005
9088,1.2085e-005
9089,1.06e-005
9090,8.7168e-006
9091,9.0711e-006
9092,1.013e-005
9093,1.1376e-005
9094,9.2374e-006
9095,9.9222e-006
9096,8.3184e-006
9097,1.0982e-005
9098,1.735e-005
9099,1.9207e-005
9100,1.7479e-005
9101,2.0486e-005
9102,1.8e-005
9103,1.405e-005
9104,1.5457e-005
9105,1.2315e-005
9106,1.1981e-005
9107,1.4324e-005
9108,1.1843e-005
9109,1.1886e-005
9110,1.3409e-005
9111,1.2538e-005
9112,1.1998e-005
9113,1.1613e-005
9114,1.3135e-005
9115,1.2908e-005
9116,1.4291e-005
9117,1.5437e-005
9118,1.6284e-005
9119,1.3509e-005
9120,1.3855e-005
9121,1.8075e-005
9122,8.7312e-006
9123,8.3888e-006
9124,1.0284e-005
9125,1.0103e-005
9126,1.0102e-005
9127,9.1891e-006
9128,6.9501e-006
9129,5.4829e-006
9130,5.2661e-006
9131,6.1356e-006
9132,7.5504e-006
9133,4.8223e-006
9134,6.7305e-006
9135,6.9754e-006
9136,8.5076e-006
9137,6.7712e-006
9138,5.6549e-006
9139,6.4117e-006
9140,7.763e-006
9141,5.6859e-006
9142,4.7082e-006
9143,8.1691e-006
9144,4.7242e-006
9145,6.5422e-006
9146,5.9032e-006
9147,7.2934e-006
9148,5.4853e-006
9149,8.1257e-006
9150,9.8283e-006
9151,8.97e-006
9152,7.7761e-006
9153,9.2306e-006
9154,6.8284e-007
9155,9.8355e-007
9156,9.1233e-007
9157,5.5609e-007
9158,5.5627e-007
9159,9.3856e-007
9160,3.2656e-005
9161,2.9073e-005
9162,2.5835e-005
9163,2.9659e-005
9164,3.2642e-005
9165,2.8882e-005
9166,3.1453e-005
9167,3.4388e-005
9168,3.7363e-005
9169,3.7703e-005
9170,3.5136e-005
9171,3.3291e-005
9172,3.1257e-005
9173,3.6244e-005
9174,1.0063e-006
9175,9.8543e-007
9176,6.8497e-007
9177,9.5045e-007
9178,5.6635e-007
9179,9.5693e-007
9180,5.9964e-007
9181,1.2789e-006
9182,1.2937e-006
9183,1.5968e-006
9184,1.619e-006
9185,1.249e-006
9186,1.7524e-006
9187,1.2502e-006
9188,1.5805e-006
9189,1.5373e-006
9190,1.5339e-006
9191,8.1683e-007
9192,8.16e-007
9193,1.2215e-006
9194,1.2361e-006
9195,1.1341e-006
9196,2.4811e-005
9197,3.0713e-005
9198,2.7283e-005
9199,2.4725e-005
9200,2.9766e-005
9201,2.7807e-005
9202,2.7137e-005
9203,2.1892e-005
9204,1.995e-005
9205,1.8902e-005
9206,2.5451e-005
9207,2.257e-005
9208,2.1914e-005
9209,2.1676e-005
9210,1.951e-005
9211,2.475e-005
9212,2.4052e-005
9213,3.6572e-005
9214,3.68e-005
9215,3.3117e-005
9216,2.9957e-005
9217,3.5757e-005
9218,3.2547e-005
9219,3.1952e-005
9220,3.5469e-005
9221,3.9908e-005
9222,3.9897e-005
9223,4.1741e-005
9224,4.1475e-005
9225,3.8444e-005
9226,9.2903e-007
9227,1.0702e-006
9228,1.3638e-006
9229,1.5177e-006
9230,1.1971e-006
9231,1.3693e-006
9232,1.047e-006
9233,1.1934e-006
9234,3.6379e-005
9235,4.1358e-005
9236,3.882e-005
9237,3.9027e-005
9238,4.2006e-005
9239,4.1125e-005
9240,3.8666e-005
9241,2.9564e-005
9242,3.5011e-005
9243,3.3327e-005
9244,2.8961e-005
9245,3.5311e-005
9246,3.388e-005
9247,3.1581e-005
9248,2.4085e-005
9249,2.6082e-005
9250,2.3223e-005
9251,2.4219e-005
9252,2.9068e-005
9253,2.8609e-005
9254,2.6429e-005
9255,2.4836e-005
9256,2.6962e-005
9257,5.6988e-007
9258,7.9316e-007
9259,9.2092e-007
9260,7.7839e-007
9261,5.639e-007
9262,2.1011e-005
9263,1.9368e-005
9264,1.9843e-005
9265,2.1933e-005
9266,2.1871e-005
9267,2.1211e-005
9268,2.4079e-005
9269,4.9437e-007
9270,6.91e-007
9271,4.7931e-007
9272,4.5121e-007
9273,4.5489e-007
9274,6.2857e-007
9275,7.0627e-007
9276,5.0969e-007
9277,6.9343e-007
9278,6.0983e-007
9279,4.9625e-007
9280,4.4343e-007
9281,6.2967e-007
9282,6.6532e-007
9283,8.3443e-007
9284,1.1625e-006
9285,8.1864e-007
9286,8.9557e-007
9287,1.0136e-006
9288,8.3494e-007
9289,1.0648e-006
9290,5.9465e-007
9291,7.5613e-007
9292,8.7398e-007
9293,6.0413e-007
9294,7.7506e-007
9295,9.3926e-007
9296,1.1948e-006
9297,1.173e-006
9298,8.6655e-007
9299,6.8508e-007
9300,1.2976e-006
9301,9.864e-007
9302,9.8055e-007
9303,7.0947e-007
9304,1.4483e-006
9305,1.6425e-006
9306,1.7413e-006
9307,1.4672e-006
9308,1.5183e-006
9309,1.2012e-006
9310,1.2617e-006
9311,3.9924e-005
9312,4.1208e-005
9313,4.1946e-005
9314,4.2268e-005
9315,4.456e-005
9316,3.8709e-005
9317,3.5693e-005
9318,3.7672e-005
9319,3.6255e-005
9320,3.9466e-005
9321,3.977e-005
9322,3.6889e-005
9323,4.2313e-005
9324,4.129e-005
9325,3.7474e-005
9326,4.0723e-005
9327,3.752e-005
9328,2.9566e-005
9329,3.1603e-005
9330,3.4507e-005
9331,3.1038e-005
9332,3.4569e-005
9333,3.1585e-005
9334,1.1044e-006
9335,1.5172e-006
9336,1.7584e-006
9337,1.5457e-006
9338,1.3448e-006
9339,1.8194e-006
9340,1.2162e-006
9341,1.9034e-006
9342,1.9886e-006
9343,2.0469e-006
9344,1.4961e-006
9345,1.9893e-006
9346,1.6658e-006
9347,1.7797e-006
9348,1.9459e-006
9349,2.1707e-006
9350,1.9415e-006
9351,2.2259e-006
9352,2.1342e-006
9353,1.889e-006
9354,2.0701e-006
9355,1.5532e-006
9356,2.2563e-006
9357,2.3653e-006
9358,1.9628e-006
9359,1.9066e-006
9360,2.1242e-006
9361,2.5237e-006
9362,1.5831e-006
9363,2.2754e-005
9364,2.1574e-005
9365,2.3317e-005
9366,2.7398e-005
9367,3.0215e-005
9368,2.7993e-005
9369,2.6954e-005
9370,2.3787e-005
9371,2.4341e-005
9372,2.7575e-005
9373,1.7422e-005
9374,1.9232e-005
9375,1.8707e-005
9376,2.1187e-005
9377,1.9001e-005
9378,2.1871e-005
9379,1.1745e-006
9380,9.0823e-007
9381,6.9647e-007
9382,6.2451e-007
9383,1.0437e-006
9384,9.3645e-007
9385,1.3191e-006
9386,1.6394e-006
9387,1.8792e-006
9388,1.9781e-006
9389,1.7872e-006
9390,1.4426e-006
9391,1.3854e-006
9392,1.9618e-006
9393,1.3247e-006
9394,8.3167e-007
9395,1.2108e-006
9396,1.1264e-006
9397,6.2068e-007
9398,2.0519e-006
9399,2.125e-006
9400,1.9637e-006
9401,1.8581e-006
9402,1.759e-006
9403,1.43e-006
9404,2.2275e-006
9405,2.3695e-006
9406,2.2137e-006
9407,1.8561e-006
9408,2.1421e-006
9409,2.289e-006
9410,2.4817e-006
9411,2.5679e-006
9412,2.717e-006
9413,2.1865e-006
9414,2.6008e-006
9415,2.3559e-006
9416,2.5199e-006
9417,2.8472e-006
9418,2.6623e-006
9419,2.8796e-006
9420,2.4138e-006
9421,2.6961e-006
9422,2.2157e-006
9423,2.3904e-006
9424,2.8351e-006
9425,2.7765e-006
9426,2.4381e-006
9427,2.8887e-006
9428,2.9985e-006
9429,2.4944e-006
9430,2.3069e-006
9431,3.3561e-006
9432,2.9808e-006
9433,2.2463e-006
9434,2.7675e-006
9435,2.8902e-006
9436,2.9488e-006
9437,2.4839e-006
9438,2.8532e-006
9439,2.6483e-006
9440,2.9951e-006
9441,3.2821e-006
9442,3.54e-006
9443,3.2415e-006
9444,3.6304e-006
9445,3.0201e-006
9446,3.5895e-006
9447,3.2646e-006
9448,2.9206e-006
9449,3.7966e-006
9450,4.0684e-006
9451,3.5441e-006
9452,3.8481e-006
9453,3.4552e-006
9454,2.9274e-006
9455,2.8889e-006
9456,2.1223e-006
9457,2.6932e-006
9458,4.3947e-006
9459,3.6216e-006
9460,4.0585e-006
9461,4.5584e-006
9462,5.052e-006
9463,4.1585e-006
9464,4.5968e-006
9465,4.0726e-006
9466,5.0312e-006
9467,5.5284e-006
9468,5.1046e-006
9469,4.2365e-006
9470,5.4892e-006
9471,4.5011e-006
9472,4.0944e-006
9473,4.9504e-006
9474,4.8794e-006
9475,5.5733e-006
9476,3.1144e-006
9477,3.5769e-006
9478,3.261e-006
9479,3.1566e-006
9480,3.6467e-006
9481,3.3455e-006
9482,2.239e-006
9483,2.5994e-006
9484,2.4293e-006
9485,3.3786e-006
9486,3.1052e-006
9487,2.4941e-006
9488,2.6353e-006
9489,3.0529e-006
9490,3.6166e-006
9491,3.1877e-006
9492,4.5261e-006
9493,4.3059e-006
9494,3.7061e-006
9495,5.0156e-006
9496,4.5539e-006
9497,3.5803e-006
9498,4.2525e-006
9499,4.0359e-006
9500,5.7392e-006
9501,5.7273e-006
9502,4.991e-006
9503,5.696e-006
9504,5.7077e-006
9505,5.1707e-006
9506,6.3265e-006
9507,5.9637e-006
9508,6.8777e-006
9509,7.1455e-006
9510,6.4415e-006
9511,6.293e-006
9512,7.1592e-006
9513,6.9937e-006
9514,6.4217e-006
9515,6.3911e-006
9516,4.4792e-006
9517,4.7887e-006
9518,5.7962e-006
9519,6.1833e-006
9520,5.2799e-006
9521,5.9343e-006
9522,6.8236e-006
9523,7.827e-006
9524,8.368e-006
9525,7.782e-006
9526,7.1864e-006
9527,7.6973e-006
9528,8.2912e-006
9529,6.904e-006
9530,3.833e-006
9531,3.5395e-006
9532,4.3376e-006
9533,3.3623e-006
9534,4.2825e-006
9535,5.0871e-006
9536,3.5648e-006
9537,4.6092e-006
9538,4.4499e-006
9539,3.5768e-006
9540,7.1892e-006
9541,6.5705e-006
9542,6.8066e-006
9543,6.5596e-006
9544,5.6198e-006
9545,5.4591e-006
9546,6.1126e-006
9547,6.0293e-006
9548,7.6349e-006
9549,8.5269e-006
9550,8.8758e-006
9551,9.3461e-006
9552,7.8477e-006
9553,7.5915e-006
9554,9.3838e-006
9555,9.6894e-006
9556,8.7203e-006
9557,9.0843e-006
9558,7.9281e-006
9559,6.5213e-006
9560,7.2609e-006
9561,7.572e-006
9562,6.6327e-006
9563,9.6636e-006
9564,1.0234e-005
9565,8.1671e-006
9566,8.5042e-006
9567,1.0024e-005
9568,9.5338e-006
9569,9.4023e-006
9570,9.949e-006
9571,8.6942e-006
9572,9.6266e-006
9573,1.0401e-005
9574,9.8632e-006
9575,9.9796e-006
9576,8.6716e-006
9577,1.0807e-005
9578,9.3046e-006
9579,1.1004e-005
9580,1.1648e-005
9581,1.1038e-005
9582,1.051e-005
9583,1.0816e-005
9584,1.1349e-005
9585,1.2261e-005
9586,1.3034e-005
9587,1.3492e-005
9588,1.2844e-005
9589,1.2586e-005
9590,1.1453e-005
9591,1.1058e-005
9592,1.2148e-005
9593,1.3467e-005
9594,1.3102e-005
9595,1.4e-005
9596,1.3118e-005
9597,1.2038e-005
9598,1.2542e-005
9599,1.4199e-005
9600,1.4325e-005
9601,1.3884e-005
9602,8.811e-006
9603,7.1625e-006
9604,7.9671e-006
9605,9.1421e-006
9606,8.0029e-006
9607,7.8018e-006
9608,1.0583e-005
9609,8.737e-006
9610,9.5168e-006
9611,1.0479e-005
9612,1.0013e-005
9613,1.028e-005
9614,1.1141e-005
9615,1.1451e-005
9616,1.2333e-005
9617,1.0883e-005
9618,1.2029e-005
9619,1.1849e-005
9620,5.5041e-006
9621,6.0572e-006
9622,7.0446e-006
9623,6.3087e-006
9624,6.7363e-006
9625,6.9898e-006
9626,4.0016e-006
9627,4.1385e-006
9628,5.1421e-006
9629,4.5323e-006
9630,5.4614e-006
9631,5.8315e-006
9632,4.6224e-006
9633,5.3651e-006
9634,2.6776e-006
9635,3.4368e-006
9636,2.8557e-006
9637,3.8425e-006
9638,3.9572e-006
9639,3.1327e-006
9640,3.4844e-006
9641,2.6354e-006
9642,2.2345e-006
9643,1.5763e-006
9644,1.648e-006
9645,2.421e-006
9646,4.5101e-006
9647,4.0289e-006
9648,4.1108e-006
9649,3.9311e-006
9650,3.6207e-006
9651,3.1814e-006
9652,6.6884e-006
9653,5.1528e-006
9654,6.2636e-006
9655,5.1834e-006
9656,4.9527e-006
9657,6.3445e-006
9658,6.0706e-006
9659,5.8494e-006
9660,7.4105e-006
9661,8.4944e-006
9662,8.1549e-006
9663,9.061e-006
9664,9.2895e-006
9665,8.6857e-006
9666,7.4279e-006
9667,7.7106e-006
9668,7.1516e-006
9669,5.7655e-006
9670,5.0602e-006
9671,4.7243e-006
9672,4.3123e-006
9673,4.2295e-006
9674,5.5868e-006
9675,8.1062e-006
9676,8.3498e-006
9677,6.1914e-006
9678,7.7238e-006
9679,6.6521e-006
9680,7.8855e-006
9681,6.7401e-006
9682,7.3294e-006
9683,1.0263e-005
9684,9.5235e-006
9685,8.8808e-006
9686,1.0047e-005
9687,8.9985e-006
9688,1.0242e-005
9689,1.4918e-005
9690,1.6109e-005
9691,1.4975e-005
9692,1.6387e-005
9693,1.4209e-005
9694,1.3954e-005
9695,1.4948e-005
9696,1.5106e-005
9697,1.6034e-005
9698,1.5212e-005
9699,1.2284e-005
9700,1.1942e-005
9701,1.0598e-005
9702,1.1079e-005
9703,1.2439e-005
9704,1.1948e-005
9705,1.1277e-005
9706,1.1455e-005
9707,1.4169e-005
9708,1.3821e-005
9709,1.3013e-005
9710,1.3435e-005
9711,1.294e-005
9712,1.2777e-005
9713,1.4392e-005
9714,1.4087e-005
9715,1.6609e-005
9716,1.6274e-005
9717,1.4989e-005
9718,1.6628e-005
9719,1.5511e-005
9720,1.6497e-005
9721,1.6966e-005
9722,1.9711e-005
9723,1.855e-005
9724,1.7945e-005
9725,1.8011e-005
9726,2.0186e-005
9727,2.072e-005
9728,1.8334e-005
9729,1.7228e-005
9730,1.5006e-005
9731,1.7207e-005
9732,1.5868e-005
9733,2.5044e-005
9734,2.3504e-005
9735,1.9951e-005
9736,2.2447e-005
9737,2.4688e-005
9738,1.9941e-005
9739,2.1701e-005
9740,2.1086e-005
9741,2.2402e-005
9742,1.5739e-005
9743,1.6064e-005
9744,1.7686e-005
9745,1.9636e-005
9746,1.6937e-005
9747,1.9051e-005
9748,1.7626e-005
9749,1.4691e-005
9750,1.3586e-005
9751,1.5536e-005
9752,1.4059e-005
9753,1.6123e-005
9754,1.5081e-005
9755,1.3594e-005
9756,1.6331e-005
9757,1.5458e-005
9758,1.3637e-005
9759,1.5727e-005
9760,1.45e-005
9761,1.6153e-005
9762,1.4946e-005
9763,1.246e-005
9764,1.1256e-005
9765,1.4459e-005
9766,1.314e-005
9767,1.3282e-005
9768,1.2198e-005
9769,1.7124e-005
9770,1.7166e-005
9771,2.0008e-005
9772,1.7806e-005
9773,1.9358e-005
9774,1.4142e-005
9775,1.8682e-005
9776,1.6818e-005
9777,1.6892e-005
9778,1.5688e-005
9779,1.0962e-005
9780,1.3229e-005
9781,1.1696e-005
9782,1.3713e-005
9783,1.1997e-005
9784,1.0235e-005
9785,9.3637e-006
9786,1.054e-005
9787,1.0761e-005
9788,2.7423e-005
9789,3.1384e-005
9790,2.8805e-005
9791,3.2195e-005
9792,5.8863e-006
9793,5.3851e-006
9794,5.3902e-006
9795,5.9747e-006
9796,5.2582e-006
9797,5.9168e-006
9798,5.4531e-006
9799,5.5086e-006
9800,6.5367e-006
9801,6.9962e-006
9802,6.8007e-006
9803,5.9491e-006
9804,6.9752e-006
9805,6.1151e-006
9806,6.4978e-006
9807,5.5206e-006
9808,5.5297e-006
9809,5.6617e-006
9810,5.1941e-006
9811,5.9776e-006
9812,6.6604e-006
9813,7.319e-006
9814,6.9593e-006
9815,6.0524e-006
9816,6.3335e-006
9817,5.8025e-006
9818,5.6733e-006
9819,4.8801e-006
9820,4.3663e-006
9821,5.2856e-006
9822,4.4125e-006
9823,4.2966e-006
9824,4.8183e-006
9825,5.0014e-006
9826,4.5405e-006
9827,7.0015e-006
9828,6.9853e-006
9829,5.5669e-006
9830,6.3107e-006
9831,5.4984e-006
9832,6.0782e-006
9833,5.4822e-006
9834,6.0183e-006
9835,7.5866e-006
9836,6.6283e-006
9837,7.6317e-006
9838,6.5868e-006
9839,6.9292e-006
9840,7.4677e-006
9841,7.3326e-006
9842,7.6179e-006
9843,6.5461e-006
9844,5.4947e-006
9845,5.0139e-006
9846,4.3163e-006
9847,4.9097e-006
9848,4.4441e-006
9849,4.9047e-006
9850,4.297e-006
9851,6.7301e-006
9852,5.7407e-006
9853,6.8423e-006
9854,5.4769e-006
9855,5.0248e-006
9856,5.7509e-006
9857,6.0471e-006
9858,8.6052e-006
9859,8.6446e-006
9860,7.9241e-006
9861,7.7126e-006
9862,8.4379e-006
9863,7.6838e-006
9864,7.6226e-006
9865,8.6347e-006
9866,7.6579e-006
9867,7.5893e-006
9868,8.5412e-006
9869,8.3811e-006
9870,7.3243e-006
9871,8.3965e-006
9872,7.59e-006
9873,7.9505e-006
9874,7.753e-006
9875,8.627e-006
9876,7.5806e-006
9877,8.4798e-006
9878,7.7043e-006
9879,8.6462e-006
9880,6.8041e-006
9881,6.7766e-006
9882,6.877e-006
9883,6.9997e-006
9884,6.018e-006
9885,6.932e-006
9886,6.0596e-006
9887,6.5524e-006
9888,5.3846e-006
9889,5.8313e-006
9890,6.7855e-006
9891,5.3288e-006
9892,5.9101e-006
9893,5.8028e-006
9894,7.703e-006
9895,6.4911e-006
9896,6.7298e-006
9897,5.6667e-006
9898,5.8359e-006
9899,7.6326e-006
9900,8.5208e-006
9901,7.5501e-006
9902,8.4465e-006
9903,7.4645e-006
9904,8.8886e-006
9905,8.711e-006
9906,7.8305e-006
9907,7.603e-006
9908,6.4043e-006
9909,5.4357e-006
9910,6.4653e-006
9911,6.7299e-006
9912,5.2961e-006
9913,5.7571e-006
9914,7.5633e-006
9915,8.4709e-006
9916,8.3678e-006
9917,7.3133e-006
9918,8.3195e-006
9919,7.5904e-006
9920,6.4092e-006
9921,5.5144e-006
9922,6.6973e-006
9923,6.5495e-006
9924,5.6185e-006
9925,7.5246e-006
9926,8.403e-006
9927,8.5246e-006
9928,7.4299e-006
9929,7.5955e-006
9930,8.6767e-006
9931,7.348e-006
9932,6.3435e-006
9933,5.4712e-006
9934,6.5204e-006
9935,6.203e-006
9936,5.4061e-006
9937,6.8175e-006
9938,7.3265e-006
9939,8.0799e-006
9940,8.81e-006
9941,8.4156e-006
9942,7.0525e-006
9943,7.9882e-006
9944,7.4782e-006
9945,6.974e-006
9946,7.1491e-006
9947,6.2644e-006
9948,6.0108e-006
9949,6.1731e-006
9950,5.3499e-006
9951,7.1646e-006
9952,8.052e-006
9953,8.6979e-006
9954,8.6855e-006
9955,6.7085e-006
9956,6.8934e-006
9957,7.8665e-006
9958,7.2933e-006
9959,6.3095e-006
9960,5.9997e-006
9961,5.4262e-006
9962,5.3376e-006
9963,6.1532e-006
9964,7.3336e-006
9965,8.4395e-006
9966,8.8111e-006
9967,8.323e-006
9968,6.8464e-006
9969,7.1469e-006
9970,7.9706e-006
9971,6.9005e-006
9972,7.5657e-006
9973,7.5593e-006
9974,6.4539e-006
9975,5.4376e-006
9976,5.4918e-006
9977,6.4022e-006
9978,6.1959e-006
9979,8.6781e-006
9980,7.6552e-006
9981,8.4807e-006
9982,7.337e-006
9983,8.5261e-006
9984,7.7181e-006
9985,9.2859e-006
9986,8.7795e-006
9987,8.4617e-006
9988,8.8749e-006
9989,8.4589e-006
9990,7.5185e-006
9991,6.3426e-006
9992,6.4858e-006
9993,5.4194e-006
9994,6.4262e-006
9995,5.5812e-006
9996,5.6787e-006
9997,7.4886e-006
9998,8.2995e-006
9999,7.3099e-006
10000,8.4246e-006
10001,7.2781e-006
10002,8.2731e-006
10003,7.3744e-006
10004,6.2496e-006
10005,6.4576e-006
10006,5.4791e-006
10007,5.551e-006
10008,7.2783e-006
10009,8.118e-006
10010,7.2134e-006
10011,8.3296e-006
10012,7.0622e-006
10013,7.2287e-006
10014,6.1079e-006
10015,6.4004e-006
10016,6.2323e-006
10017,5.4434e-006
10018,5.3205e-006
10019,7.1545e-006
10020,7.8126e-006
10021,7.7676e-006
10022,8.2627e-006
10023,6.9926e-006
10024,6.8352e-006
10025,5.9608e-006
10026,6.1611e-006
10027,5.2837e-006
10028,6.0825e-006
10029,5.2575e-006
10030,6.7857e-006
10031,7.6549e-006
10032,7.5349e-006
10033,6.7418e-006
10034,6.6437e-006
10035,6.9508e-006
10036,5.9127e-006
10037,5.1657e-006
10038,5.2154e-006
10039,6.009e-006
10040,6.9434e-006
10041,7.7791e-006
10042,7.6554e-006
10043,7.655e-006
10044,6.7607e-006
10045,6.7874e-006
10046,6.8287e-006
10047,6.001e-006
10048,5.1908e-006
10049,6.0228e-006
10050,6.0592e-006
10051,5.343e-006
10052,6.8623e-006
10053,7.7246e-006
10054,7.645e-006
10055,7.7733e-006
10056,6.7595e-006
10057,6.1415e-006
10058,6.7247e-006
10059,8.7975e-006
10060,8.7814e-006
10061,8.0329e-006
10062,7.8016e-006
10063,7.7063e-006
10064,7.533e-006
10065,8.671e-006
10066,7.9238e-006
10067,7.6815e-006
10068,7.6681e-006
10069,7.3959e-006
10070,8.6245e-006
10071,8.5937e-006
10072,6.8557e-006
10073,7.7688e-006
10074,7.6177e-006
10075,8.6873e-006
10076,7.1973e-006
10077,9.7194e-006
10078,7.5046e-006
10079,8.8434e-006
10080,8.5811e-006
10081,7.6572e-006
10082,6.8216e-006
10083,6.8741e-006
10084,6.9734e-006
10085,5.8849e-006
10086,6.1298e-006
10087,6.033e-006
10088,6.5442e-006
10089,6.8368e-006
10090,5.7431e-006
10091,5.5714e-006
10092,6.5942e-006
10093,5.843e-006
10094,5.4899e-006
10095,6.4818e-006
10096,5.9419e-006
10097,5.7747e-006
10098,7.5869e-006
10099,6.4523e-006
10100,6.2718e-006
10101,5.4941e-006
10102,6.5444e-006
10103,5.5993e-006
10104,7.5563e-006
10105,8.609e-006
10106,7.1537e-006
10107,8.824e-006
10108,7.616e-006
10109,7.7662e-006
10110,7.3877e-006
10111,6.2389e-006
10112,6.2457e-006
10113,5.2511e-006
10114,6.1189e-006
10115,5.5714e-006
10116,6.9417e-006
10117,7.2391e-006
10118,7.671e-006
10119,8.5942e-006
10120,7.3493e-006
10121,6.9623e-006
10122,8.2554e-006
10123,7.6767e-006
10124,6.4523e-006
10125,5.1274e-006
10126,5.4275e-006
10127,5.9651e-006
10128,7.8721e-006
10129,6.7107e-006
10130,6.7167e-006
10131,5.7533e-006
10132,6.2829e-006
10133,8.7491e-006
10134,8.7458e-006
10135,7.6997e-006
10136,7.6462e-006
10137,7.4855e-006
10138,7.2423e-006
10139,8.4928e-006
10140,7.783e-006
10141,7.7448e-006
10142,7.499e-006
10143,8.4895e-006
10144,8.3844e-006
10145,7.6145e-006
10146,7.6e-006
10147,8.5368e-006
10148,7.3878e-006
10149,8.5116e-006
10150,7.7346e-006
10151,6.5833e-006
10152,6.6199e-006
10153,5.6612e-006
10154,6.3688e-006
10155,5.3848e-006
10156,6.4232e-006
10157,6.505e-006
10158,6.3183e-006
10159,5.3557e-006
10160,5.4674e-006
10161,6.9519e-006
10162,5.3373e-006
10163,7.4718e-006
10164,6.4265e-006
10165,6.4838e-006
10166,5.41e-006
10167,5.7798e-006
10168,7.399e-006
10169,8.4382e-006
10170,7.3331e-006
10171,7.1229e-006
10172,8.355e-006
10173,8.4878e-006
10174,6.6514e-006
10175,7.1651e-006
10176,7.3608e-006
10177,6.1788e-006
10178,5.2802e-006
10179,5.1437e-006
10180,6.1799e-006
10181,5.7452e-006
10182,7.2466e-006
10183,7.8359e-006
10184,8.5429e-006
10185,7.0271e-006
10186,8.0263e-006
10187,8.2981e-006
10188,6.7167e-006
10189,6.1879e-006
10190,5.1842e-006
10191,6.0763e-006
10192,5.8106e-006
10193,6.7667e-006
10194,7.9896e-006
10195,6.7996e-006
10196,6.5706e-006
10197,7.6333e-006
10198,6.3353e-006
10199,8.4366e-006
10200,8.3031e-006
10201,7.634e-006
10202,7.4054e-006
10203,7.0771e-006
10204,8.103e-006
10205,7.6191e-006
10206,7.4061e-006
10207,8.5316e-006
10208,7.3342e-006
10209,7.1481e-006
10210,7.0503e-006
10211,8.4538e-006
10212,8.1234e-006
10213,6.9076e-006
10214,7.2846e-006
10215,7.208e-006
10216,8.0523e-006
10217,7.0344e-006
10218,6.9859e-006
10219,8.0245e-006
10220,7.9951e-006
10221,6.4762e-006
10222,6.5677e-006
10223,6.4287e-006
10224,6.2262e-006
10225,5.8723e-006
10226,5.4733e-006
10227,6.0742e-006
10228,6.2874e-006
10229,5.3573e-006
10230,4.7518e-006
10231,6.226e-006
10232,5.6469e-006
10233,5.3254e-006
10234,7.4998e-006
10235,6.3768e-006
10236,5.9668e-006
10237,5.5693e-006
10238,5.8401e-006
10239,5.0237e-006
10240,7.3665e-006
10241,8.1272e-006
10242,8.5469e-006
10243,7.0927e-006
10244,5.8521e-006
10245,6.1709e-006
10246,5.2496e-006
10247,5.17e-006
10248,6.9939e-006
10249,7.8628e-006
10250,6.9276e-006
10251,6.8344e-006
10252,7.696e-006
10253,7.9142e-006
10254,6.874e-006
10255,5.682e-006
10256,6.0996e-006
10257,5.0987e-006
10258,5.9447e-006
10259,5.1062e-006
10260,4.5752e-006
10261,6.7351e-006
10262,7.3145e-006
10263,7.8419e-006
10264,6.7084e-006
10265,6.6124e-006
10266,7.5869e-006
10267,6.2614e-006
10268,5.6978e-006
10269,5.0215e-006
10270,4.9329e-006
10271,5.85e-006
10272,5.745e-006
10273,7.3929e-006
10274,6.3968e-006
10275,6.2178e-006
10276,7.7325e-006
10277,7.4215e-006
10278,6.6324e-006
10279,6.7944e-006
10280,6.6943e-006
10281,7.7172e-006
10282,6.3706e-006
10283,6.6593e-006
10284,7.7935e-006
10285,6.6435e-006
10286,6.9814e-006
10287,6.7927e-006
10288,7.8557e-006
10289,6.7165e-006
10290,7.6502e-006
10291,6.5134e-006
10292,6.2625e-006
10293,7.2341e-006
10294,6.4954e-006
10295,7.6534e-006
10296,6.1751e-006
10297,5.7203e-006
10298,5.3387e-006
10299,4.8057e-006
10300,5.5022e-006
10301,5.8135e-006
10302,4.5776e-006
10303,5.963e-006
10304,5.0236e-006
10305,5.6331e-006
10306,5.8215e-006
10307,4.6761e-006
10308,5.2539e-006
10309,4.6633e-006
10310,4.6018e-006
10311,5.6592e-006
10312,5.3339e-006
10313,7.2559e-006
10314,7.1174e-006
10315,6.7028e-006
10316,6.486e-006
10317,6.2563e-006
10318,6.493e-006
10319,7.2839e-006
10320,6.7053e-006
10321,6.5578e-006
10322,7.3229e-006
10323,6.372e-006
10324,6.5295e-006
10325,7.3283e-006
10326,7.324e-006
10327,6.0766e-006
10328,6.4257e-006
10329,6.2872e-006
10330,6.9451e-006
10331,6.1749e-006
10332,6.0929e-006
10333,6.9487e-006
10334,7.2038e-006
10335,5.8714e-006
10336,5.9544e-006
10337,4.9758e-006
10338,6.0189e-006
10339,5.2658e-006
10340,5.5124e-006
10341,5.6007e-006
10342,5.6177e-006
10343,5.8763e-006
10344,5.0085e-006
10345,5.1381e-006
10346,6.6129e-006
10347,5.7168e-006
10348,4.8561e-006
10349,5.7323e-006
10350,5.1275e-006
10351,5.4122e-006
10352,5.1641e-006
10353,6.5355e-006
10354,7.3631e-006
10355,7.3058e-006
10356,6.3718e-006
10357,7.3411e-006
10358,6.3444e-006
10359,6.5433e-006
10360,5.6928e-006
10361,4.9838e-006
10362,5.7092e-006
10363,5.6275e-006
10364,5.0913e-006
10365,6.5967e-006
10366,7.3185e-006
10367,7.317e-006
10368,6.4965e-006
10369,7.3373e-006
10370,6.345e-006
10371,6.5597e-006
10372,5.5558e-006
10373,4.9979e-006
10374,5.8229e-006
10375,5.0781e-006
10376,5.6413e-006
10377,6.4225e-006
10378,6.5547e-006
10379,7.5661e-006
10380,6.442e-006
10381,7.3112e-006
10382,7.3072e-006
10383,6.4044e-006
10384,5.6407e-006
10385,5.7465e-006
10386,4.9749e-006
10387,4.8706e-006
10388,5.6413e-006
10389,5.8668e-006
10390,6.7742e-006
10391,6.7815e-006
10392,4.9973e-006
10393,5.2444e-006
10394,5.8187e-006
10395,5.9076e-006
10396,6.2111e-006
10397,5.4545e-006
10398,5.5364e-006
10399,5.4357e-006
10400,4.7674e-006
10401,4.9463e-006
10402,6.1509e-006
10403,6.7078e-006
10404,6.8333e-006
10405,6.0195e-006
10406,6.8717e-006
10407,6.1931e-006
10408,6.0287e-006
10409,5.3155e-006
10410,5.3897e-006
10411,4.7302e-006
10412,5.5813e-006
10413,5.0434e-006
10414,5.9043e-006
10415,6.2007e-006
10416,6.5489e-006
10417,6.7061e-006
10418,6.0761e-006
10419,5.8578e-006
10420,6.4e-006
10421,5.5669e-006
10422,5.1931e-006
10423,4.6212e-006
10424,4.8083e-006
10425,5.5083e-006
10426,5.2877e-006
10427,4.976e-006
10428,4.824e-006
10429,6.1489e-006
10430,5.5218e-006
10431,5.531e-006
10432,5.5372e-006
10433,6.0943e-006
10434,6.9374e-006
10435,4.9998e-006
10436,5.3241e-006
10437,5.296e-006
10438,6.0055e-006
10439,5.9155e-006
10440,5.0537e-006
10441,7.7575e-006
10442,7.5013e-006
10443,6.7612e-006
10444,6.6581e-006
10445,5.2308e-006
10446,5.8521e-006
10447,5.8435e-006
10448,5.2018e-006
10449,5.2703e-006
10450,4.802e-006
10451,4.8225e-006
10452,5.2208e-006
10453,5.5558e-006
10454,4.4743e-006
10455,4.9141e-006
10456,5.851e-006
10457,5.797e-006
10458,5.2051e-006
10459,5.1791e-006
10460,4.8089e-006
10461,5.2104e-006
10462,4.4694e-006
10463,4.8616e-006
10464,6.4803e-006
10465,6.3744e-006
10466,6.7349e-006
10467,5.746e-006
10468,6.0766e-006
10469,5.8241e-006
10470,5.8058e-006
10471,6.067e-006
10472,6.3495e-006
10473,5.7626e-006
10474,6.2833e-006
10475,5.6573e-006
10476,6.6797e-006
10477,6.5936e-006
10478,5.7198e-006
10479,6.02e-006
10480,6.1237e-006
10481,5.7065e-006
10482,5.1434e-006
10483,5.1491e-006
10484,5.1952e-006
10485,4.6731e-006
10486,4.8407e-006
10487,4.8341e-006
10488,5.6809e-006
10489,6.1843e-006
10490,5.6313e-006
10491,6.5408e-006
10492,5.6569e-006
10493,5.9852e-006
10494,6.008e-006
10495,5.6411e-006
10496,5.2135e-006
10497,5.1738e-006
10498,4.6656e-006
10499,4.8019e-006
10500,5.7115e-006
10501,6.0835e-006
10502,6.5006e-006
10503,6.323e-006
10504,5.6372e-006
10505,5.9833e-006
10506,5.7223e-006
10507,5.667e-006
10508,5.1629e-006
10509,5.1635e-006
10510,5.2508e-006
10511,4.8793e-006
10512,5.3484e-006
10513,5.5209e-006
10514,5.5113e-006
10515,6.2754e-006
10516,6.0552e-006
10517,5.6911e-006
10518,5.0521e-006
10519,4.6029e-006
10520,4.9319e-006
10521,4.776e-006
10522,4.6029e-006
10523,5.2553e-006
10524,4.7877e-006
10525,5.2708e-006
10526,5.7456e-006
10527,5.2607e-006
10528,5.2724e-006
10529,5.7121e-006
10530,5.3081e-006
10531,4.9577e-006
10532,6.5664e-006
10533,6.6073e-006
10534,5.3793e-006
10535,6.0114e-006
10536,5.6021e-006
10537,4.9282e-006
10538,5.3984e-006
10539,5.8805e-006
10540,5.0257e-006
10541,7.1314e-006
10542,6.1092e-006
10543,7.1421e-006
10544,6.7656e-006
10545,6.3529e-006
10546,6.6278e-006
10547,7.1842e-006
10548,7.1735e-006
10549,6.5477e-006
10550,6.3765e-006
10551,5.3835e-006
10552,4.9723e-006
10553,4.0721e-006
10554,4.4453e-006
10555,4.4554e-006
10556,4.9341e-006
10557,4.613e-006
10558,6.6036e-006
10559,5.5837e-006
10560,5.5695e-006
10561,6.0763e-006
10562,4.929e-006
10563,5.4109e-006
10564,5.9157e-006
10565,8.7144e-006
10566,8.6923e-006
10567,7.9449e-006
10568,7.6975e-006
10569,7.6631e-006
10570,8.6418e-006
10571,7.4332e-006
10572,8.4616e-006
10573,7.0702e-006
10574,7.8873e-006
10575,7.6364e-006
10576,8.5639e-006
10577,8.6413e-006
10578,7.6377e-006
10579,7.2515e-006
10580,7.2256e-006
10581,8.4366e-006
10582,7.0501e-006
10583,9.6713e-006
10584,7.6926e-006
10585,7.5536e-006
10586,8.6984e-006
10587,8.6131e-006
10588,7.3858e-006
10589,7.2316e-006
10590,7.9736e-006
10591,6.8594e-006
10592,6.8432e-006
10593,6.9957e-006
10594,5.4728e-006
10595,5.5593e-006
10596,6.2991e-006
10597,6.3124e-006
10598,6.4738e-006
10599,5.5124e-006
10600,6.5225e-006
10601,5.4113e-006
10602,6.1445e-006
10603,7.5972e-006
10604,6.3734e-006
10605,6.3172e-006
10606,5.2733e-006
10607,5.1908e-006
10608,6.1074e-006
10609,5.4725e-006
10610,7.4573e-006
10611,8.341e-006
10612,8.5881e-006
10613,7.1343e-006
10614,7.3227e-006
10615,6.2289e-006
10616,6.1835e-006
10617,5.1006e-006
10618,6.065e-006
10619,5.1541e-006
10620,5.2195e-006
10621,5.39e-006
10622,7.2917e-006
10623,8.2107e-006
10624,8.4787e-006
10625,7.0464e-006
10626,8.3294e-006
10627,7.0096e-006
10628,6.921e-006
10629,7.2402e-006
10630,7.2833e-006
10631,6.0814e-006
10632,6.1664e-006
10633,6.0639e-006
10634,5.127e-006
10635,5.4481e-006
10636,7.1891e-006
10637,7.7406e-006
10638,8.4414e-006
10639,8.3321e-006
10640,7.6182e-006
10641,6.9673e-006
10642,7.869e-006
10643,6.5769e-006
10644,5.96e-006
10645,4.9777e-006
10646,5.6662e-006
10647,4.8922e-006
10648,6.0606e-006
10649,5.3723e-006
10650,7.914e-006
10651,6.5141e-006
10652,6.6885e-006
10653,6.1317e-006
10654,7.195e-006
10655,6.5025e-006
10656,7.537e-006
10657,6.3678e-006
10658,5.44e-006
10659,6.4534e-006
10660,5.2393e-006
10661,6.2627e-006
10662,7.5002e-006
10663,8.5578e-006
10664,8.6626e-006
10665,7.0773e-006
10666,7.1958e-006
10667,7.9549e-006
10668,7.7348e-006
10669,7.4074e-006
10670,6.1601e-006
10671,5.212e-006
10672,6.1318e-006
10673,6.2628e-006
10674,7.2529e-006
10675,7.7179e-006
10676,8.5283e-006
10677,8.3127e-006
10678,6.978e-006
10679,7.0118e-006
10680,7.6408e-006
10681,6.4494e-006
10682,5.4617e-006
10683,5.1017e-006
10684,5.9775e-006
10685,5.0127e-006
10686,7.8439e-006
10687,6.8243e-006
10688,5.7883e-006
10689,6.3078e-006
10690,6.4396e-006
10691,6.0579e-006
10692,7.7041e-006
10693,8.7022e-006
10694,8.4555e-006
10695,7.6026e-006
10696,7.1435e-006
10697,6.8787e-006
10698,7.8001e-006
10699,6.4954e-006
10700,5.6631e-006
10701,6.7407e-006
10702,5.5794e-006
10703,5.9738e-006
10704,7.6831e-006
10705,8.6791e-006
10706,7.4885e-006
10707,8.5191e-006
10708,7.5989e-006
10709,7.6674e-006
10710,6.399e-006
10711,6.5695e-006
10712,5.2728e-006
10713,6.6874e-006
10714,5.5458e-006
10715,5.6278e-006
10716,7.6276e-006
10717,8.6159e-006
10718,7.4545e-006
10719,8.4931e-006
10720,8.2643e-006
10721,8.9531e-006
10722,7.5158e-006
10723,6.2709e-006
10724,6.5404e-006
10725,6.419e-006
10726,5.241e-006
10727,5.7437e-006
10728,5.5958e-006
10729,7.4525e-006
10730,8.2603e-006
10731,8.4207e-006
10732,7.3906e-006
10733,7.27e-006
10734,8.2178e-006
10735,7.1817e-006
10736,6.0346e-006
10737,6.3352e-006
10738,5.4028e-006
10739,5.6563e-006
10740,5.9645e-006
10741,7.0438e-006
10742,7.6624e-006
10743,8.6256e-006
10744,8.2495e-006
10745,7.0794e-006
10746,7.6144e-006
10747,6.7127e-006
10748,6.6357e-006
10749,5.5224e-006
10750,5.3005e-006
10751,4.7177e-006
10752,5.8684e-006
10753,8.2815e-006
10754,8.1413e-006
10755,7.0023e-006
10756,6.0703e-006
10757,7.1846e-006
10758,7.3033e-006
10759,6.3662e-006
10760,6.3884e-006
10761,9.0375e-006
10762,8.6907e-006
10763,8.1101e-006
10764,8.7923e-006
10765,7.9196e-006
10766,8.8097e-006
10767,7.8835e-006
10768,7.9907e-006
10769,8.6849e-006
10770,8.9952e-006
10771,7.8354e-006
10772,6.5687e-006
10773,5.8253e-006
10774,6.7079e-006
10775,6.9549e-006
10776,5.727e-006
10777,6.1585e-006
10778,5.3031e-006
10779,7.7265e-006
10780,8.6586e-006
10781,7.5809e-006
10782,7.821e-006
10783,8.5108e-006
10784,8.9431e-006
10785,7.6348e-006
10786,6.4278e-006
10787,6.6381e-006
10788,5.6481e-006
10789,5.8105e-006
10790,7.5579e-006
10791,8.4703e-006
10792,7.489e-006
10793,7.4081e-006
10794,8.4331e-006
10795,8.4817e-006
10796,7.8552e-006
10797,7.4746e-006
10798,6.2001e-006
10799,6.5977e-006
10800,5.5302e-006
10801,6.4923e-006
10802,5.7507e-006
10803,7.2896e-006
10804,8.1789e-006
10805,8.3894e-006
10806,7.3322e-006
10807,7.0853e-006
10808,8.3999e-006
10809,7.5323e-006
10810,7.0659e-006
10811,6.0058e-006
10812,5.4475e-006
10813,6.3836e-006
10814,6.1012e-006
10815,5.2806e-006
10816,4.8269e-006
10817,7.0084e-006
10818,7.5538e-006
10819,8.4381e-006
10820,8.2003e-006
10821,7.3771e-006
10822,6.8553e-006
10823,7.3307e-006
10824,6.5712e-006
10825,5.3717e-006
10826,6.0678e-006
10827,5.2001e-006
10828,5.4111e-006
10829,8.1061e-006
10830,7.9522e-006
10831,6.8447e-006
10832,5.8434e-006
10833,7.0628e-006
10834,7.0314e-006
10835,6.5032e-006
10836,5.9989e-006
10837,5.7933e-006
10838,8.7968e-006
10839,8.6159e-006
10840,7.8128e-006
10841,8.6027e-006
10842,7.7171e-006
10843,8.562e-006
10844,8.5485e-006
10845,7.7109e-006
10846,7.6872e-006
10847,8.4986e-006
10848,7.6372e-006
10849,6.4304e-006
10850,5.5869e-006
10851,6.5284e-006
10852,6.8708e-006
10853,5.5818e-006
10854,5.8249e-006
10855,7.553e-006
10856,8.2937e-006
10857,7.3274e-006
10858,8.4941e-006
10859,7.634e-006
10860,8.434e-006
10861,7.2857e-006
10862,6.2629e-006
10863,6.4335e-006
10864,5.4777e-006
10865,5.2538e-006
10866,5.9187e-006
10867,7.1341e-006
10868,7.8257e-006
10869,7.1515e-006
10870,8.271e-006
10871,7.0669e-006
10872,6.657e-006
10873,6.8672e-006
10874,5.9593e-006
10875,5.1882e-006
10876,5.942e-006
10877,5.829e-006
10878,4.9911e-006
10879,6.7947e-006
10880,7.4657e-006
10881,7.4994e-006
10882,8.0283e-006
10883,6.5323e-006
10884,6.8453e-006
10885,6.3727e-006
10886,6.6893e-006
10887,5.9141e-006
10888,5.5242e-006
10889,4.919e-006
10890,5.8396e-006
10891,4.9375e-006
10892,8.0213e-006
10893,6.5761e-006
10894,7.4024e-006
10895,7.4404e-006
10896,6.1694e-006
10897,6.8153e-006
10898,6.4522e-006
10899,7.1991e-006
10900,7.2772e-006
10901,6.1874e-006
10902,6.5199e-006
10903,6.0857e-006
10904,6.167e-006
10905,6.0925e-006
10906,7.2349e-006
10907,7.0317e-006
10908,6.1732e-006
10909,6.0574e-006
10910,6.5549e-006
10911,7.0008e-006
10912,6.6342e-006
10913,6.5277e-006
10914,7.4023e-006
10915,6.2464e-006
10916,7.4887e-006
10917,7.3221e-006
10918,5.4418e-006
10919,5.2294e-006
10920,4.3103e-006
10921,5.2354e-006
10922,4.5593e-006
10923,4.6455e-006
10924,5.6277e-006
10925,4.5365e-006
10926,5.5641e-006
10927,4.9125e-006
10928,5.5085e-006
10929,6.5302e-006
10930,5.4929e-006
10931,4.7763e-006
10932,5.4888e-006
10933,4.8122e-006
10934,5.6328e-006
10935,6.5651e-006
10936,7.4947e-006
10937,6.2749e-006
10938,7.515e-006
10939,6.4239e-006
10940,6.621e-006
10941,5.5683e-006
10942,4.7836e-006
10943,4.8123e-006
10944,5.643e-006
10945,5.5263e-006
10946,6.6745e-006
10947,7.5771e-006
10948,7.6864e-006
10949,7.58e-006
10950,8.4003e-006
10951,6.5259e-006
10952,6.4131e-006
10953,6.3462e-006
10954,6.5822e-006
10955,5.71e-006
10956,4.8622e-006
10957,4.8594e-006
10958,5.5992e-006
10959,4.8043e-006
10960,6.5559e-006
10961,7.1802e-006
10962,7.8301e-006
10963,7.6745e-006
10964,7.0188e-006
10965,5.6927e-006
10966,6.6163e-006
10967,6.3818e-006
10968,6.4077e-006
10969,5.4457e-006
10970,5.4656e-006
10971,6.3794e-006
10972,6.2666e-006
10973,5.841e-006
10974,4.8866e-006
10975,4.9973e-006
10976,5.6134e-006
10977,7.4957e-006
10978,6.4082e-006
10979,6.6975e-006
10980,6.0491e-006
10981,7.1088e-006
10982,8.0034e-006
10983,7.9101e-006
10984,7.2224e-006
10985,8.2156e-006
10986,7.0466e-006
10987,5.9785e-006
10988,6.3819e-006
10989,5.7699e-006
10990,5.0975e-006
10991,5.744e-006
10992,6.9964e-006
10993,7.6284e-006
10994,8.29e-006
10995,7.2289e-006
10996,6.6481e-006
10997,8.2062e-006
10998,8.0526e-006
10999,7.011e-006
11000,7.1066e-006
11001,6.506e-006
11002,5.8858e-006
11003,4.8245e-006
11004,5.7083e-006
11005,5.6371e-006
11006,5.0289e-006
11007,7.8801e-006
11008,6.5139e-006
11009,6.699e-006
11010,6.2003e-006
11011,6.1244e-006
11012,6.7397e-006
11013,7.2679e-006
11014,7.4001e-006
11015,8.2768e-006
11016,7.7822e-006
11017,7.3231e-006
11018,6.1893e-006
11019,5.6694e-006
11020,5.6299e-006
11021,4.8353e-006
11022,5.0309e-006
11023,7.9428e-006
11024,7.9397e-006
11025,7.9897e-006
11026,7.3494e-006
11027,8.0878e-006
11028,8.644e-006
11029,6.5678e-006
11030,5.8418e-006
11031,4.9267e-006
11032,5.6233e-006
11033,5.5304e-006
11034,6.2207e-006
11035,7.6031e-006
11036,6.5706e-006
11037,6.459e-006
11038,6.2281e-006
11039,7.4363e-006
11040,6.7678e-006
11041,7.8559e-006
11042,7.1889e-006
11043,6.9081e-006
11044,6.7751e-006
11045,7.9956e-006
11046,6.8144e-006
11047,7.6673e-006
11048,8.6908e-006
11049,7.0067e-006
11050,7.1729e-006
11051,6.9892e-006
11052,7.7304e-006
11053,7.9694e-006
11054,6.7621e-006
11055,6.0371e-006
11056,6.1885e-006
11057,6.101e-006
11058,5.2164e-006
11059,6.1302e-006
11060,5.462e-006
11061,5.8167e-006
11062,4.9793e-006
11063,4.703e-006
11064,5.5659e-006
11065,5.1666e-006
11066,6.9185e-006
11067,5.8961e-006
11068,5.1527e-006
11069,5.9703e-006
11070,5.9087e-006
11071,5.3061e-006
11072,6.7702e-006
11073,7.6086e-006
11074,7.888e-006
11075,6.5233e-006
11076,7.5007e-006
11077,6.724e-006
11078,6.6264e-006
11079,6.8791e-006
11080,6.713e-006
11081,5.7788e-006
11082,5.0035e-006
11083,5.0827e-006
11084,5.6915e-006
11085,5.8266e-006
11086,6.674e-006
11087,7.4361e-006
11088,7.2845e-006
11089,6.471e-006
11090,7.4244e-006
11091,6.3653e-006
11092,6.4311e-006
11093,6.624e-006
11094,5.7023e-006
11095,5.0025e-006
11096,4.8528e-006
11097,5.6793e-006
11098,5.6351e-006
11099,6.5192e-006
11100,6.9399e-006
11101,7.4775e-006
11102,7.2165e-006
11103,7.2417e-006
11104,6.2753e-006
11105,6.1966e-006
11106,6.1594e-006
11107,5.8026e-006
11108,4.8088e-006
11109,5.5942e-006
11110,5.4549e-006
11111,7.0572e-006
11112,6.2492e-006
11113,6.1577e-006
11114,6.9441e-006
11115,5.857e-006
11116,7.4299e-006
11117,6.7144e-006
11118,6.5799e-006
11119,7.32e-006
11120,6.6485e-006
11121,7.2298e-006
11122,6.5372e-006
11123,6.5054e-006
11124,7.2316e-006
11125,7.2372e-006
11126,6.2746e-006
11127,5.8025e-006
11128,5.8932e-006
11129,5.0418e-006
11130,5.253e-006
11131,5.5553e-006
11132,6.4677e-006
11133,6.4174e-006
11134,7.0313e-006
11135,6.3749e-006
11136,7.6644e-006
11137,7.1516e-006
11138,6.2072e-006
11139,5.6559e-006
11140,5.8219e-006
11141,4.9722e-006
11142,5.1846e-006
11143,5.6107e-006
11144,6.3684e-006
11145,5.5283e-006
11146,4.9423e-006
11147,5.7188e-006
11148,5.5606e-006
11149,5.0674e-006
11150,6.2631e-006
11151,6.9469e-006
11152,5.9894e-006
11153,6.3222e-006
11154,7.5839e-006
11155,6.5065e-006
11156,6.2193e-006
11157,5.446e-006
11158,5.3814e-006
11159,5.6716e-006
11160,4.7544e-006
11161,4.8532e-006
11162,5.0973e-006
11163,5.0352e-006
11164,6.148e-006
11165,6.7576e-006
11166,5.9354e-006
11167,7.045e-006
11168,6.2866e-006
11169,6.4485e-006
11170,6.0607e-006
11171,5.3e-006
11172,5.3396e-006
11173,5.3529e-006
11174,4.7278e-006
11175,5.9782e-006
11176,6.4501e-006
11177,6.6938e-006
11178,5.8689e-006
11179,5.8779e-006
11180,6.9668e-006
11181,6.22e-006
11182,5.7715e-006
11183,5.1156e-006
11184,5.2714e-006
11185,4.6775e-006
11186,4.6678e-006
11187,5.3031e-006
11188,5.675e-006
11189,6.0188e-006
11190,6.6076e-006
11191,6.521e-006
11192,5.7117e-006
11193,5.7483e-006
11194,5.3915e-006
11195,4.7997e-006
11196,4.6148e-006
11197,5.2298e-006
11198,6.3489e-006
11199,6.251e-006
11200,5.5463e-006
11201,5.0878e-006
11202,5.9374e-006
11203,5.5165e-006
11204,6.8339e-006
11205,6.8434e-006
11206,6.4892e-006
11207,6.0942e-006
11208,6.5826e-006
11209,6.037e-006
11210,6.5684e-006
11211,6.3756e-006
11212,5.9645e-006
11213,5.9408e-006
11214,5.8425e-006
11215,6.3456e-006
11216,5.8828e-006
11217,6.4655e-006
11218,6.4824e-006
11219,5.8568e-006
11220,5.3032e-006
11221,4.9416e-006
11222,5.7839e-006
11223,4.835e-006
11224,5.3936e-006
11225,5.7607e-006
11226,5.1695e-006
11227,4.8111e-006
11228,5.3465e-006
11229,4.785e-006
11230,5.3323e-006
11231,4.9483e-006
11232,5.6657e-006
11233,5.9781e-006
11234,6.272e-006
11235,5.9735e-006
11236,5.5193e-006
11237,5.7974e-006
11238,6.3895e-006
11239,6.5505e-006
11240,5.4397e-006
11241,5.1705e-006
11242,4.5888e-006
11243,4.7811e-006
11244,5.0386e-006
11245,5.2939e-006
11246,4.5036e-006
11247,6.0286e-006
11248,5.4637e-006
11249,5.7338e-006
11250,5.2916e-006
11251,5.6088e-006
11252,6.1678e-006
11253,5.7713e-006
11254,6.0233e-006
11255,6.4525e-006
11256,5.8849e-006
11257,6.9087e-006
11258,6.6029e-006
11259,6.1822e-006
11260,5.6256e-006
11261,5.509e-006
11262,6.3129e-006
11263,5.9684e-006
11264,5.7726e-006
11265,5.5475e-006
11266,5.3452e-006
11267,5.89e-006
11268,5.1383e-006
11269,4.632e-006
11270,5.085e-006
11271,5.386e-006
11272,4.9533e-006
11273,4.5557e-006
11274,5.1008e-006
11275,4.7487e-006
11276,4.8823e-006
11277,7.6923e-005
11278,7.4997e-005
11279,6.8064e-005
11280,7.0834e-005
11281,7.0853e-005
11282,6.7085e-005
11283,7.3307e-005
11284,7.2243e-005
11285,7.0791e-005
11286,7.3492e-005
11287,6.9878e-005
11288,1.2972e-004
11289,1.4726e-004
11290,1.4766e-004
11291,1.2876e-004
11292,1.5315e-004
11293,1.2171e-004
11294,1.3049e-004
11295,1.0883e-004
11296,1.1305e-004
11297,9.8488e-005
11298,1.07e-004
11299,2.4014e-007
11300,4.5072e-007
11301,3.2125e-007
11302,5.2717e-007
11303,5.7417e-006
11304,5.6744e-006
11305,8.1003e-006
11306,8.076e-006
11307,5.3589e-006
11308,1.8344e-006
11309,4.8257e-006
11310,3.4878e-006
11311,3.3253e-006
11312,4.7022e-006
11313,8.1285e-006
11314,8.22e-006
11315,5.8744e-006
11316,4.9381e-006
11317,2.7777e-006
11318,3.5959e-006
11319,4.761e-006
11320,3.0178e-006
11321,6.5269e-006
11322,8.0519e-006
11323,8.1431e-006
11324,5.687e-006
11325,3.5183e-006
11326,2.9372e-006
11327,4.8074e-006
11328,3.3807e-006
11329,5.5332e-006
11330,6.529e-006
11331,4.296e-006
11332,1.0608e-005
11333,1.0662e-005
11334,1.2836e-005
11335,1.3334e-005
11336,9.4834e-006
11337,8.0368e-006
11338,7.2459e-006
11339,7.7332e-006
11340,9.3315e-006
11341,1.0698e-005
11342,1.3571e-005
11343,1.2849e-005
11344,8.4633e-006
11345,1.039e-005
11346,8.0144e-006
11347,7.4723e-006
11348,9.397e-006
11349,8.2023e-006
11350,1.0727e-005
11351,1.3345e-005
11352,1.3266e-005
11353,9.9756e-006
11354,7.4708e-006
11355,9.8321e-006
11356,7.823e-006
11357,8.0025e-006
11358,9.4102e-006
11359,8.1517e-006
11360,1.3673e-005
11361,1.3564e-005
11362,1.0799e-005
11363,8.0997e-006
11364,1.125e-005
11365,8.2752e-006
11366,1.0723e-005
11367,9.4916e-006
11368,5.8223e-006
11369,8.1791e-006
11370,3.5388e-006
11371,5.3186e-006
11372,2.9435e-006
11373,4.418e-006
11374,5.5633e-006
11375,1.5973e-005
11376,1.6656e-005
11377,1.3939e-005
11378,1.481e-005
11379,1.4791e-005
11380,1.2289e-005
11381,1.7829e-005
11382,1.5705e-005
11383,1.0915e-005
11384,1.2012e-005
11385,1.3126e-005
11386,1.0119e-005
11387,1.4759e-005
11388,1.3889e-005
11389,1.3563e-005
11390,1.6315e-005
11391,1.4687e-005
11392,1.3873e-005
11393,8.2602e-006
11394,8.5384e-006
11395,5.1138e-006
11396,4.0319e-006
11397,3.0555e-006
11398,6.167e-006
11399,4.5571e-006
11400,5.6429e-006
11401,4.4019e-006
11402,1.3383e-005
11403,1.1059e-005
11404,8.135e-006
11405,9.0228e-006
11406,6.8233e-006
11407,7.696e-006
11408,1.0752e-005
11409,1.3566e-005
11410,1.6098e-005
11411,1.5678e-005
11412,1.1619e-005
11413,1.2785e-005
11414,1.37e-005
11415,1.3644e-005
11416,1.3629e-005
11417,8.0975e-006
11418,9.9523e-006
11419,9.3073e-006
11420,1.0067e-005
11421,8.4233e-006
11422,8.2796e-006
11423,5.9322e-006
11424,4.9611e-006
11425,4.1411e-006
11426,3.7262e-006
11427,3.01e-006
11428,5.5072e-006
11429,8.3139e-006
11430,1.0708e-005
11431,1.3064e-005
11432,1.3212e-005
11433,8.7008e-006
11434,9.8865e-006
11435,7.7244e-006
11436,8.41e-006
11437,8.0876e-006
11438,6.2498e-006
11439,8.371e-006
11440,3.5829e-006
11441,5.2091e-006
11442,4.2242e-006
11443,3.1706e-006
11444,5.9523e-006
11445,5.6011e-006
11446,3.7188e-006
11447,8.5656e-006
11448,8.9583e-006
11449,4.9111e-006
11450,5.5048e-006
11451,4.0161e-006
11452,6.2547e-006
11453,4.0285e-006
11454,1.0988e-005
11455,1.2847e-005
11456,1.295e-005
11457,8.8466e-006
11458,7.7243e-006
11459,9.9584e-006
11460,8.5581e-006
11461,8.4739e-006
11462,1.3043e-005
11463,1.3085e-005
11464,9.6975e-006
11465,7.3213e-006
11466,1.0329e-005
11467,8.9572e-006
11468,8.3097e-006
11469,1.6047e-005
11470,1.3206e-005
11471,1.2941e-005
11472,1.2552e-005
11473,1.5405e-005
11474,1.6209e-005
11475,1.4682e-005
11476,1.2034e-005
11477,1.5157e-005
11478,1.485e-005
11479,1.119e-005
11480,1.2397e-005
11481,1.2302e-005
11482,1.0581e-005
11483,1.3376e-005
11484,1.5647e-005
11485,1.3021e-005
11486,1.3984e-005
11487,1.249e-005
11488,1.1211e-005
11489,1.2414e-005
11490,1.0419e-005
11491,1.3537e-005
11492,1.1494e-005
11493,1.2349e-005
11494,1.3175e-005
11495,1.2865e-005
11496,1.2531e-005
11497,1.4557e-005
11498,1.4467e-005
11499,1.2432e-005
11500,1.2838e-005
11501,5.888e-006
11502,5.8977e-006
11503,8.2289e-006
11504,8.1978e-006
11505,5.5002e-006
11506,4.0425e-006
11507,3.2882e-006
11508,4.5634e-006
11509,8.1804e-006
11510,8.255e-006
11511,5.965e-006
11512,6.1902e-006
11513,3.1342e-006
11514,4.5344e-006
11515,3.9162e-006
11516,4.5847e-006
11517,8.2559e-006
11518,8.3466e-006
11519,5.8977e-006
11520,4.9485e-006
11521,4.4934e-006
11522,6.0131e-006
11523,4.0439e-006
11524,3.4619e-006
11525,3.8343e-006
11526,3.4567e-006
11527,1.0688e-005
11528,1.0885e-005
11529,1.294e-005
11530,1.3635e-005
11531,8.1348e-006
11532,8.9096e-006
11533,8.1737e-006
11534,6.2664e-006
11535,1.0338e-005
11536,1.0647e-005
11537,1.336e-005
11538,1.2825e-005
11539,8.9163e-006
11540,8.1504e-006
11541,1.0674e-005
11542,1.0268e-005
11543,7.9747e-006
11544,6.8505e-006
11545,8.3429e-006
11546,1.0977e-005
11547,1.3754e-005
11548,1.3793e-005
11549,7.7804e-006
11550,7.016e-006
11551,9.02e-006
11552,1.0027e-005
11553,9.0038e-006
11554,8.2933e-006
11555,1.3313e-005
11556,1.3078e-005
11557,1.0673e-005
11558,8.9972e-006
11559,8.4804e-006
11560,6.8867e-006
11561,9.6555e-006
11562,6.2911e-006
11563,8.375e-006
11564,4.4491e-006
11565,5.9387e-006
11566,4.6403e-006
11567,3.6326e-006
11568,1.5691e-005
11569,1.5835e-005
11570,1.3215e-005
11571,1.1635e-005
11572,1.4558e-005
11573,1.4012e-005
11574,1.2473e-005
11575,1.5932e-005
11576,1.3389e-005
11577,1.2753e-005
11578,1.4861e-005
11579,1.3001e-005
11580,1.5144e-005
11581,1.4238e-005
11582,1.2724e-005
11583,1.0742e-005
11584,1.2259e-005
11585,5.8273e-006
11586,8.307e-006
11587,4.4648e-006
11588,5.2767e-006
11589,3.6397e-006
11590,4.5827e-006
11591,6.1068e-006
11592,3.484e-006
11593,8.5862e-006
11594,8.993e-006
11595,4.1681e-006
11596,4.9943e-006
11597,4.7208e-006
11598,6.4727e-006
11599,3.4157e-006
11600,3.5248e-006
11601,1.2808e-005
11602,1.1001e-005
11603,6.7053e-006
11604,8.8202e-006
11605,1.0171e-005
11606,8.576e-006
11607,1.3003e-005
11608,1.4875e-005
11609,1.2362e-005
11610,1.0898e-005
11611,1.2533e-005
11612,1.3819e-005
11613,1.3158e-005
11614,1.0352e-005
11615,7.4005e-006
11616,9.298e-006
11617,9.2307e-006
11618,1.2522e-005
11619,1.3358e-005
11620,1.1142e-005
11621,1.4745e-005
11622,5.677e-006
11623,5.2997e-006
11624,7.9659e-006
11625,8.1039e-006
11626,5.1375e-006
11627,4.3597e-006
11628,2.9164e-006
11629,4.8157e-006
11630,3.7081e-006
11631,8.2329e-006
11632,8.2657e-006
11633,5.2451e-006
11634,4.4355e-006
11635,3.6682e-006
11636,6.3929e-006
11637,4.5188e-006
11638,7.5879e-006
11639,4.436e-006
11640,2.9987e-006
11641,2.6806e-006
11642,4.4205e-006
11643,4.9957e-006
11644,1.0645e-005
11645,1.3185e-005
11646,1.3169e-005
11647,7.9287e-006
11648,9.7709e-006
11649,9.2194e-006
11650,7.313e-006
11651,1.0737e-005
11652,7.7808e-006
11653,1.0909e-005
11654,1.3487e-005
11655,1.3593e-005
11656,8.1327e-006
11657,1.0237e-005
11658,6.8946e-006
11659,8.0401e-006
11660,1.1013e-005
11661,9.3164e-006
11662,1.3651e-005
11663,1.3736e-005
11664,9.923e-006
11665,7.9111e-006
11666,9.3388e-006
11667,8.9783e-006
11668,1.6168e-005
11669,1.6405e-005
11670,1.2979e-005
11671,1.3251e-005
11672,1.4112e-005
11673,1.352e-005
11674,1.292e-005
11675,1.1873e-005
11676,1.5555e-005
11677,1.6623e-005
11678,1.2997e-005
11679,1.3363e-005
11680,1.4455e-005
11681,1.1915e-005
11682,1.6712e-005
11683,1.307e-005
11684,1.5486e-005
11685,1.3065e-005
11686,1.4917e-005
11687,1.1611e-005
11688,1.1869e-005
11689,1.3462e-005
11690,1.3107e-005
11691,1.4932e-005
11692,1.3021e-005
11693,1.5751e-005
11694,2.4438e-007
11695,5.0612e-007
11696,3.3178e-007
11697,5.1329e-007
11698,0.
11699,0.
11700,0.
11701,0.
11702,0.
11703,0.
11704,1.8282e-010
11705,2.5238e-010
11706,1.1703e-010
11707,0.
11708,0.
11709,0.
11710,0.
11711,0.
11712,0.
11713,0.
11714,4.6403e-007
11715,2.6158e-007
11716,3.0706e-007
11717,2.8058e-007
11718,3.6801e-007
11719,3.8359e-007
11720,0.
11721,0.
11722,0.
11723,0.
11724,0.
11725,0.
11726,0.
11727,4.7623e-007
11728,3.6965e-007
11729,3.5715e-007
11730,2.456e-007
11731,2.1225e-007
11732,2.7579e-007
11733,0.
11734,0.
11735,0.
11736,0.
11737,0.
11738,0.
11739,0.
11740,7.425e-012
11741,6.6529e-012
11742,4.9138e-012
11743,3.8159e-012
11744,2.2009e-012
11745,0.
11746,0.
11747,0.
11748,0.
11749,0.
11750,0.
11751,0.
11752,5.1665e-009
11753,7.8948e-009
11754,1.16e-008
11755,8.1648e-009
11756,0.
11757,0.
11758,0.
11759,0.
11760,0.
11761,0.
11762,6.0112e-012
11763,1.3279e-011
11764,8.8282e-012
11765,7.733e-012
11766,0.
11767,0.
11768,0.
11769,0.
11770,0.
11771,0.
11772,6.2234e-009
11773,3.3473e-009
11774,6.1976e-009
11775,0.
11776,0.
11777,0.
11778,0.
11779,0.
11780,0.
11781,3.8239e-007
11782,2.9606e-007
11783,3.7551e-007
11784,3.7453e-007
11785,3.8686e-007
11786,0.
11787,0.
11788,0.
11789,0.
11790,0.
11791,0.
11792,0.
11793,3.2256e-007
11794,3.1793e-007
11795,4.9654e-007
11796,2.8639e-007
11797,3.222e-007
11798,0.
11799,0.
11800,0.
11801,0.
11802,0.
11803,0.
11804,2.1977e-011
11805,1.4249e-011
11806,3.7653e-011
11807,1.8546e-011
11808,0.
11809,0.
11810,0.
11811,0.
11812,0.
11813,3.814e-013
11814,6.6677e-013
11815,2.5566e-013
11816,2.6414e-013
11817,4.7736e-013
11818,3.2423e-013
11819,0.
11820,0.
11821,0.
11822,0.
11823,0.
11824,0.
11825,8.6377e-008
11826,7.7903e-008
11827,1.2418e-007
11828,4.7294e-008
11829,0.
11830,0.
11831,0.
11832,0.
11833,0.
11834,0.
11835,1.1448e-009
11836,1.1232e-009
11837,9.2328e-010
11838,7.9675e-010
11839,0.
11840,0.
11841,0.
11842,0.
11843,0.
11844,0.
11845,7.1136e-013
11846,7.3507e-013
11847,4.9068e-013
11848,0.
11849,0.
11850,0.
11851,0.
11852,0.
11853,0.
11854,7.6132e-008
11855,1.2218e-007
11856,5.0281e-008
11857,0.
11858,0.
11859,0.
11860,0.
11861,0.
11862,0.
11863,1.1206e-010
11864,1.9392e-010
11865,1.9154e-010
11866,7.1494e-011
11867,1.4549e-010
11868,0.
11869,0.
11870,0.
11871,0.
11872,0.
11873,4.8098e-010
11874,9.7917e-010
11875,0.
11876,0.
11877,0.
11878,0.
11879,0.
11880,0.
11881,5.4737e-007
11882,4.8859e-007
11883,3.5438e-007
11884,3.5843e-007
11885,2.068e-007
11886,2.9786e-007
11887,2.6778e-007
11888,3.8337e-007
11889,0.
11890,0.
11891,0.
11892,0.
11893,0.
11894,4.3108e-007
11895,2.2595e-007
11896,3.3258e-007
11897,3.4757e-007
11898,1.618e-007
11899,0.
11900,0.
11901,0.
11902,0.
11903,0.
11904,0.
11905,5.3105e-007
11906,4.0524e-007
11907,4.3642e-007
11908,3.0768e-007
11909,2.6439e-007
11910,3.9131e-007
11911,0.
11912,0.
11913,0.
11914,0.
11915,0.
11916,3.2892e-011
11917,6.4323e-011
11918,5.454e-011
11919,2.6206e-011
11920,0.
11921,0.
11922,0.
11923,0.
11924,0.
11925,3.1001e-011
11926,5.5595e-011
11927,6.1356e-011
11928,3.2521e-011
11929,0.
11930,0.
11931,0.
11932,0.
11933,0.
11934,2.8036e-009
11935,1.5156e-009
11936,1.3886e-009
11937,2.5412e-009
11938,0.
11939,0.
11940,0.
11941,0.
11942,3.7784e-007
11943,2.335e-007
11944,4.3887e-007
11945,3.1344e-007
11946,3.5396e-007
11947,0.
11948,0.
11949,0.
11950,0.
11951,0.
11952,0.
11953,2.2021e-007
11954,3.8613e-007
11955,4.4914e-007
11956,3.4847e-007
11957,4.665e-007
11958,2.6293e-007
11959,5.5087e-007
11960,2.1377e-007
11961,0.
11962,0.
11963,0.
11964,0.
11965,0.
11966,3.3002e-007
11967,2.6464e-007
11968,3.0652e-007
11969,2.7054e-007
11970,0.
11971,0.
11972,0.
11973,0.
11974,3.6001e-012
11975,2.7034e-012
11976,1.8256e-012
11977,1.9103e-012
11978,4.4018e-012
11979,1.4917e-012
11980,0.
11981,0.
11982,0.
11983,0.
11984,0.
11985,4.914e-007
11986,3.9986e-007
11987,3.1647e-007
11988,3.9496e-007
11989,2.81e-007
11990,0.
11991,0.
11992,0.
11993,0.
11994,4.2116e-011
11995,8.2424e-011
11996,2.6817e-011
11997,0.
11998,0.
11999,0.
12000,0.
12001,0.
12002,5.2492e-012
12003,3.5654e-012
12004,1.6606e-012
12005,1.8033e-012
12006,3.0921e-012
12007,0.
12008,0.
12009,0.
12010,0.
12011,1.0633e-007
12012,1.7734e-007
12013,1.2296e-007
12014,2.0974e-007
12015,1.6436e-007
12016,0.
12017,0.
12018,0.
12019,0.
12020,7.4932e-008
12021,1.1441e-007
12022,1.07e-007
12023,3.7183e-008
12024,4.7274e-008
12025,0.
12026,0.
12027,0.
12028,0.
12029,0.
12030,0.
12031,5.5207e-010
12032,4.3516e-010
12033,9.159e-010
12034,7.1435e-010
12035,0.
12036,0.
12037,0.
12038,0.
12039,1.648e-011
12040,1.0935e-011
12041,1.7224e-011
12042,9.7897e-012
12043,4.8766e-012
12044,5.5792e-012
12045,0.
12046,0.
12047,0.
12048,0.
12049,0.
12050,1.0677e-008
12051,1.7339e-008
12052,7.4876e-009
12053,1.8937e-008
12054,1.1913e-008
12055,5.0421e-009
12056,9.0967e-009
12057,0.
12058,0.
12059,0.
12060,0.
12061,1.4779e-013
12062,1.137e-013
12063,0.
12064,0.
12065,0.
12066,0.
12067,1.4785e-013
12068,1.2384e-013
12069,2.2654e-013
12070,1.8873e-013
12071,9.543e-014
12072,0.
12073,0.
12074,0.
12075,1.3069e-010
12076,9.9207e-011
12077,2.0733e-010
12078,2.6188e-010
12079,1.2135e-010
12080,0.
12081,0.
12082,0.
12083,0.
12084,5.3583e-007
12085,3.9585e-007
12086,2.3358e-007
12087,5.8267e-007
12088,4.6667e-007
12089,3.0242e-007
12090,3.0668e-007
12091,2.9293e-007
12092,0.
12093,0.
12094,0.
12095,0.
12096,0.
12097,6.9645e-009
12098,8.7478e-009
12099,4.5842e-009
12100,1.3256e-008
12101,5.5434e-009
12102,0.
12103,0.
12104,0.
12105,0.
12106,0.
12107,4.1935e-007
12108,3.4576e-007
12109,2.3691e-007
12110,3.2973e-007
12111,1.589e-007
12112,2.4299e-007
12113,0.
12114,0.
12115,3.8375e-007
12116,7.7956e-008
12117,9.8388e-008
12118,3.0826e-007
12119,4.0291e-007
12120,1.816e-007
12121,4.2058e-007
12122,1.7687e-007
12123,0.
12124,0.
12125,2.811e-007
12126,5.4484e-008
12127,2.7345e-007
12128,3.133e-007
12129,2.0281e-007
12130,5.2352e-008
12131,0.
12132,3.7926e-007
12133,1.6232e-007
12134,2.5107e-007
12135,3.3081e-007
12136,4.1359e-007
12137,0.
12138,0.
12139,0.
12140,2.6298e-009
12141,1.275e-009
12142,7.5686e-010
12143,2.1511e-009
12144,1.0652e-009
12145,0.
12146,0.
12147,0.
12148,0.
12149,3.267e-007
12150,3.9345e-007
12151,2.3035e-007
12152,0.
12153,0.
12154,2.7173e-007
12155,5.405e-008
12156,1.978e-007
12157,1.1109e-007
12158,3.0903e-007
12159,0.
12160,0.
12161,0.
12162,1.187e-012
12163,2.041e-012
12164,1.4854e-012
12165,8.0298e-013
12166,1.1197e-012
12167,0.
12168,0.
12169,0.
12170,1.7634e-007
12171,1.6161e-007
12172,1.1621e-007
12173,1.3317e-007
12174,0.
12175,0.
12176,0.
12177,6.5201e-013
12178,5.5609e-013
12179,3.9818e-013
12180,3.6857e-013
12181,4.3968e-013
12182,4.7125e-013
12183,3.0449e-013
12184,0.
12185,0.
12186,0.
12187,0.
12188,4.0017e-013
12189,4.4572e-013
12190,2.701e-013
12191,2.8143e-013
12192,3.5097e-013
12193,1.916e-013
12194,0.
12195,0.
12196,0.
12197,2.5807e-007
12198,2.5367e-007
12199,1.9311e-007
12200,3.0392e-007
12201,0.
12202,0.
12203,0.
12204,0.
12205,1.5987e-009
12206,1.9155e-009
12207,2.1282e-009
12208,1.1811e-009
12209,9.5341e-010
12210,0.
12211,0.
12212,0.
12213,3.5452e-012
12214,2.3236e-012
12215,4.7035e-012
12216,1.7543e-012
12217,0.
12218,0.
12219,5.8614e-007
12220,3.7947e-007
12221,4.2349e-007
12222,5.3317e-007
12223,2.8265e-007
12224,4.5588e-007
12225,0.
12226,0.
12227,0.
12228,8.8154e-012
12229,1.0887e-011
12230,7.4315e-012
12231,3.5535e-012
12232,4.2197e-012
12233,4.4938e-012
12234,0.
12235,0.
12236,2.0218e-007
12237,2.5166e-007
12238,3.1206e-007
12239,3.4003e-007
12240,0.
12241,0.
12242,2.1995e-009
12243,6.6594e-009
12244,3.5578e-009
12245,3.6506e-009
12246,3.6095e-009
12247,1.8666e-009
12248,0.
12249,0.
12250,0.
12251,1.3061e-007
12252,1.708e-007
12253,2.2123e-007
12254,2.8161e-007
12255,1.8464e-007
12256,0.
12257,8.3774e-008
12258,1.1956e-007
12259,2.1854e-007
12260,2.1481e-007
12261,7.0541e-008
12262,0.
12263,5.5419e-008
12264,1.9e-007
12265,1.1741e-007
12266,1.886e-007
12267,2.9134e-007
12268,1.8463e-007
12269,0.
12270,0.
12271,1.6112e-009
12272,1.6212e-009
12273,2.2405e-009
12274,1.1076e-009
12275,0.
12276,0.
12277,0.
12278,0.
12279,0.
12280,3.8977e-007
12281,2.5578e-007
12282,2.0139e-007
12283,3.2309e-007
12284,4.2775e-007
12285,0.
12286,0.
12287,0.
12288,1.0076e-008
12289,1.7492e-008
12290,9.1493e-009
12291,0.
12292,0.
12293,3.2873e-007
12294,2.2842e-007
12295,1.5843e-007
12296,2.0571e-007
12297,0.
12298,0.
12299,2.6224e-007
12300,2.1855e-007
12301,2.5507e-007
12302,3.8674e-007
12303,0.
12304,0.
12305,0.
12306,3.3845e-012
12307,1.5999e-012
12308,0.
12309,0.
12310,7.1604e-008
12311,1.0617e-007
12312,2.4378e-007
12313,1.6197e-007
12314,3.6018e-007
12315,2.7213e-007
12316,0.
12317,0.
12318,5.8878e-007
12319,1.9571e-007
12320,4.2729e-007
12321,3.3907e-007
12322,3.1265e-007
12323,3.595e-007
12324,4.6964e-007
12325,0.
12326,0.
12327,5.0007e-007
12328,3.2222e-007
12329,4.6707e-007
12330,2.6596e-007
12331,4.6203e-007
12332,0.
12333,0.
12334,2.8786e-007
12335,4.6232e-007
12336,4.2903e-007
12337,2.775e-007
12338,2.5877e-007
12339,2.361e-007
12340,0.
12341,0.
12342,0.
12343,4.28e-008
12344,2.4961e-008
12345,2.9008e-008
12346,0.
12347,0.
12348,8.3949e-010
12349,3.9311e-010
12350,7.1818e-010
12351,4.3638e-010
12352,0.
12353,0.
12354,2.8479e-007
12355,2.2651e-007
12356,0.
12357,0.
12358,1.6394e-011
12359,9.3931e-012
12360,1.3274e-011
12361,5.1572e-012
12362,0.
12363,4.4888e-007
12364,2.2031e-007
12365,3.8004e-007
12366,2.2449e-007
12367,4.631e-007
12368,5.3676e-007
12369,3.2202e-007
12370,0.
12371,4.7995e-007
12372,1.7463e-007
12373,6.6165e-007
12374,4.9461e-007
12375,3.3631e-007
12376,3.7606e-007
12377,3.9936e-007
12378,0.
12379,3.8502e-007
12380,2.6891e-007
12381,2.5357e-007
12382,1.7622e-007
12383,0.
12384,0.
12385,3.4418e-010
12386,8.1591e-010
12387,4.1883e-010
12388,4.6283e-010
12389,8.7713e-010
12390,5.5097e-010
12391,0.
12392,0.
12393,1.3569e-009
12394,1.6762e-009
12395,2.0409e-009
12396,1.5253e-009
12397,2.7683e-009
12398,2.6598e-009
12399,0.
12400,0.
12401,0.
12402,0.
12403,5.3279e-011
12404,2.4428e-011
12405,1.6337e-011
12406,3.3753e-011
12407,1.2939e-007
12408,2.4502e-007
12409,4.4881e-007
12410,2.4762e-007
12411,0.
12412,0.
12413,0.
12414,3.301e-009
12415,8.4169e-010
12416,1.4736e-009
12417,1.7539e-009
12418,0.
12419,0.
12420,0.
12421,2.2777e-010
12422,2.0475e-010
12423,6.6361e-011
12424,1.1377e-010
12425,1.2582e-010
12426,0.
12427,0.
12428,2.0381e-011
12429,2.0128e-011
12430,1.1411e-011
12431,6.5016e-012
12432,0.
12433,6.33e-012
12434,2.4412e-012
12435,2.1288e-012
12436,3.533e-012
12437,0.
12438,0.
12439,4.7347e-014
12440,2.6661e-014
12441,2.7849e-014
12442,0.
12443,1.11e-011
12444,2.0261e-011
12445,7.3075e-012
12446,1.2691e-011
12447,0.
12448,0.
12449,2.6846e-007
12450,4.4193e-007
12451,2.6788e-007
12452,4.4663e-007
12453,0.
12454,1.0336e-011
12455,3.9809e-010
12456,5.1968e-010
12457,2.7624e-010
12458,0.
12459,0.
12460,6.116e-008
12461,3.4582e-008
12462,6.9269e-008
12463,0.
12464,2.881e-007
12465,2.0381e-007
12466,1.9124e-007
12467,1.9653e-007
12468,7.7053e-008
12469,0.
12470,1.5329e-007
12471,1.0964e-007
12472,7.5398e-008
12473,6.4816e-008
12474,0.
12475,0.
12476,4.3497e-007
12477,3.3187e-007
12478,3.0484e-007
12479,2.1831e-007
12480,5.5423e-007
12481,2.6919e-007
12482,0.
12483,0.
12484,0.
12485,1.1372e-012
12486,1.2832e-012
12487,5.3795e-013
12488,0.
12489,0.
12490,0.
12491,2.8015e-009
12492,4.342e-009
12493,1.8744e-009
12494,2.7657e-009
12495,0.
12496,2.6961e-009
12497,4.6269e-009
12498,0.
12499,0.
12500,1.7438e-008
12501,1.2417e-008
12502,2.4734e-008
12503,0.
12504,1.725e-013
12505,1.761e-013
12506,2.5262e-013
12507,2.5786e-013
12508,0.
12509,1.8682e-013
12510,2.2606e-013
12511,2.8256e-013
12512,0.
12513,0.
12514,5.6634e-008
12515,3.7179e-008
12516,4.7669e-008
12517,2.7688e-008
12518,4.1601e-008
12519,0.
12520,0.
12521,8.5178e-014
12522,6.3765e-014
12523,3.5082e-014
12524,0.
12525,0.
12526,1.9442e-010
12527,2.0765e-010
12528,1.2628e-010
12529,9.8061e-011
12530,2.6359e-007
12531,2.1843e-007
12532,3.4446e-007
12533,3.211e-010
12534,3.811e-010
12535,5.5723e-010
12536,5.1707e-010
12537,0.
12538,0.
12539,2.4854e-007
12540,2.0639e-007
12541,2.3863e-007
12542,2.2712e-007
12543,2.6276e-007
12544,4.6506e-007
12545,2.4872e-007
12546,6.383e-008
12547,3.4706e-008
12548,8.4347e-008
12549,4.6564e-008
12550,0.
12551,1.361e-013
12552,1.1137e-013
12553,7.8727e-014
12554,3.8359e-014
12555,1.0698e-013
12556,4.7429e-014
12557,0.
12558,0.
12559,3.5433e-007
12560,3.5089e-007
12561,5.6355e-007
12562,3.5167e-007
12563,3.335e-007
12564,2.7903e-007
12565,5.1388e-007
12566,0.
12567,2.9076e-007
12568,2.1255e-007
12569,1.8374e-007
12570,2.7837e-007
12571,2.7629e-007
12572,0.
12573,5.1787e-008
12574,3.3134e-008
12575,2.3085e-008
12576,1.4797e-008
12577,0.
12578,1.7038e-013
12579,1.7582e-013
12580,1.8828e-013
12581,1.308e-013
12582,0.
12583,1.9496e-013
12584,3.3688e-013
12585,9.0009e-014
12586,4.391e-007
12587,5.5585e-007
12588,3.4695e-007
12589,4.0137e-007
12590,2.8442e-007
12591,0.
12592,8.8011e-013
12593,4.215e-013
12594,5.8495e-013
12595,0.
12596,1.2557e-008
12597,4.0732e-008
12598,2.2955e-008
12599,2.4783e-008
12600,2.7115e-008
12601,1.5894e-009
12602,1.926e-011
12603,3.8074e-011
12604,1.2627e-012
12605,8.9709e-013
12606,6.3393e-013
12607,0.
12608,1.7313e-007
12609,1.2562e-007
12610,7.8931e-008
12611,4.6739e-007
12612,2.3664e-007
12613,4.6996e-007
12614,2.5766e-007
12615,0.
12616,1.4366e-012
12617,7.1461e-013
12618,1.1153e-012
12619,7.2715e-012
12620,2.8619e-012
12621,3.7653e-012
12622,3.8634e-012
12623,1.1914e-010
12624,3.6415e-011
12625,6.3445e-011
12626,7.3422e-011
12627,1.43e-007
12628,1.972e-007
12629,2.5308e-007
12630,2.3855e-007
12631,2.0359e-007
12632,1.5194e-007
12633,7.3039e-011
12634,5.9816e-011
12635,3.3931e-011
12636,3.5311e-011
12637,0.
12638,5.7662e-007
12639,2.4847e-007
12640,4.1718e-007
12641,3.2675e-007
12642,5.4427e-007
12643,0.
12644,1.1556e-012
12645,8.6944e-013
12646,1.1518e-012
12647,2.3191e-007
12648,2.611e-007
12649,2.5861e-007
12650,3.5386e-007
12651,5.1886e-007
12652,4.36e-007
12653,2.7797e-007
12654,4.4765e-007
12655,2.8932e-010
12656,1.5714e-010
12657,4.1111e-014
12658,4.535e-014
12659,2.6521e-014
12660,2.1783e-014
12661,1.1824e-007
12662,2.079e-007
12663,1.2722e-007
12664,5.1152e-007
12665,2.5338e-007
12666,1.0437e-007
12667,3.2566e-007
12668,3.1763e-007
12669,4.3119e-009
12670,7.1949e-009
12671,3.3663e-009
12672,0.
12673,1.5548e-012
12674,4.617e-009
12675,6.8735e-009
12676,4.7542e-009
12677,3.9472e-009
12678,1.5696e-011
12679,2.4796e-011
12680,1.3853e-011
12681,2.895e-011
12682,5.1756e-011
12683,2.3695e-007
12684,3.7866e-007
12685,2.8994e-007
12686,3.1685e-007
12687,2.6468e-007
12688,3.5291e-007
12689,0.
12690,2.377e-007
12691,4.1135e-007
12692,2.3903e-007
12693,3.0584e-007
12694,0.
12695,4.4841e-009
12696,8.4324e-009
12697,1.2115e-012
12698,2.5044e-012
12699,1.2311e-012
12700,2.1604e-012
12701,0.
12702,2.9241e-007
12703,2.7878e-007
12704,3.7571e-007
12705,4.7968e-007
12706,3.1733e-007
12707,2.3355e-007
12708,1.7276e-007
12709,1.9179e-007
12710,2.5289e-007
12711,1.9497e-013
12712,1.1915e-013
12713,1.4331e-013
12714,2.309e-013
12715,1.0792e-013
12716,1.9542e-013
12717,6.0451e-012
12718,1.9758e-012
12719,2.9714e-012
12720,3.4916e-012
12721,2.3063e-008
12722,7.773e-009
12723,1.5139e-008
12724,0.
12725,3.6157e-007
12726,3.8854e-007
12727,3.9393e-007
12728,3.9291e-007
12729,2.7209e-007
12730,1.6841e-009
12731,2.5715e-009
12732,3.9707e-009
12733,1.8824e-009
12734,2.9023e-009
12735,3.3678e-007
12736,2.5485e-007
12737,1.1026e-012
12738,3.8606e-013
12739,4.847e-013
12740,5.5639e-013
12741,8.5592e-004
12742,8.4206e-004
12743,7.6361e-004
12744,9.5133e-004
12745,9.5758e-004
12746,7.6396e-004
12747,8.6033e-004
12748,8.8028e-004
12749,7.7453e-004
12750,7.6764e-004
12751,6.209e-005
12752,6.8405e-005
12753,5.0247e-005
12754,9.3995e-005
12755,5.157e-005
12756,7.6038e-005
12757,9.3645e-005
12758,5.6079e-005
12759,6.944e-005
12760,5.4174e-005
12761,5.9961e-005
12762,4.9132e-005
12763,7.8334e-005
12764,5.5324e-005
12765,4.6274e-005
12766,8.8785e-005
12767,7.7586e-005
12768,4.7156e-005
12769,5.6001e-005
12770,7.0235e-005
12771,5.7931e-005
12772,5.3534e-005
12773,4.8867e-005
12774,5.7749e-005
12775,7.8095e-005
12776,1.4308e-003
12777,1.3759e-003
12778,1.201e-003
12779,1.2957e-003
12780,1.372e-003
12781,1.2665e-003
12782,1.2162e-003
12783,1.3146e-003
12784,1.2087e-003
12785,1.276e-003
12786,1.1823e-003
12787,1.3654e-003
12788,1.2739e-003
12789,1.2108e-003
12790,1.3466e-003
12791,1.406e-003
12792,1.2898e-003
12793,1.3511e-003
12794,1.2637e-003
12795,1.3998e-003
12796,4.0783e-004
12797,5.4357e-004
12798,3.6047e-004
12799,4.765e-004
12800,3.9441e-004
12801,4.7436e-004
12802,4.3853e-004
12803,4.0519e-004
12804,5.3891e-004
12805,3.5634e-004
12806,4.7059e-004
12807,3.7498e-004
12808,5.1855e-004
12809,3.6468e-004
12810,5.0632e-004
12811,4.2286e-004
12812,4.3676e-004
12813,4.6015e-004
12814,4.1203e-004
12815,3.8327e-004
12816,4.245e-004
12817,4.3923e-005
12818,6.0312e-005
12819,5.1149e-005
12820,6.7489e-005
12821,4.5451e-005
12822,5.5914e-005
12823,5.2323e-005
12824,4.5376e-005
12825,4.5871e-005
12826,4.2107e-005
12827,4.8026e-005
12828,4.041e-005
12829,5.7168e-005
12830,3.7014e-005
12831,6.2248e-005
12832,4.5326e-005
12833,3.7721e-005
12834,4.2391e-005
12835,5.0274e-005
12836,4.2263e-005
12837,3.7711e-005
12838,3.7549e-005
12839,1.3211e-003
12840,1.2625e-003
12841,1.3277e-003
12842,1.2457e-003
12843,1.1444e-003
12844,1.1509e-003
12845,1.2448e-003
12846,1.1438e-003
12847,1.1501e-003
12848,1.2518e-003
12849,1.2982e-003
12850,1.3017e-003
12851,2.0067e-003
12852,1.831e-003
12853,1.8944e-003
12854,1.9715e-003
12855,1.8808e-003
12856,1.9062e-003
12857,1.9888e-003
12858,1.8782e-003
12859,1.7589e-003
12860,1.9606e-003
12861,1.7597e-003
12862,1.8894e-003
12863,1.869e-003
12864,1.8047e-003
12865,1.8383e-003
12866,1.7567e-003
12867,1.8885e-003
12868,1.8024e-003
12869,1.9249e-003
12870,1.8415e-004
12871,1.4594e-004
12872,1.2952e-004
12873,2.243e-004
12874,1.9464e-004
12875,1.5425e-004
12876,1.676e-004
12877,1.7965e-004
12878,1.414e-004
12879,1.2463e-004
12880,1.6498e-004
12881,2.0593e-004
12882,1.9567e-004
12883,1.5956e-004
12884,2.5619e-004
12885,2.492e-004
12886,2.2184e-004
12887,1.8474e-004
12888,1.5815e-004
12889,2.0912e-004
12890,1.6112e-004
12891,1.8212e-004
12892,1.8445e-004
12893,2.1878e-004
12894,9.0764e-004
12895,9.7414e-004
12896,8.0963e-004
12897,7.2898e-004
12898,7.6357e-004
12899,9.5758e-004
12900,8.7969e-004
12901,8.1905e-004
12902,7.7445e-004
12903,7.5932e-004
12904,5.339e-005
12905,7.3524e-005
12906,7.1009e-005
12907,4.3998e-005
12908,4.401e-005
12909,5.2864e-005
12910,5.3986e-005
12911,4.241e-005
12912,5.1179e-005
12913,5.0646e-005
12914,9.4666e-004
12915,8.4603e-004
12916,7.3766e-004
12917,7.3044e-004
12918,9.3711e-004
12919,7.5048e-004
12920,8.467e-004
12921,8.3077e-004
12922,7.3003e-004
12923,9.3594e-004
12924,7.5404e-004
12925,5.0753e-005
12926,6.7937e-005
12927,5.0169e-005
12928,5.1043e-005
12929,8.6758e-005
12930,9.1195e-005
12931,7.9212e-005
12932,5.803e-005
12933,6.7547e-005
12934,5.3666e-005
12935,5.2715e-005
12936,6.2811e-005
12937,5.4048e-005
12938,6.3174e-005
12939,6.6021e-005
12940,6.0637e-005
12941,6.8939e-005
12942,5.9617e-005
12943,6.4961e-005
12944,6.723e-005
12945,5.8255e-005
12946,5.6837e-005
12947,6.0454e-005
12948,6.0957e-005
12949,6.6705e-005
12950,5.9901e-005
12951,6.6006e-005
12952,7.0201e-005
12953,5.902e-005
12954,6.7594e-005
12955,6.0921e-005
12956,6.2611e-005
12957,2.003e-003
12958,2.0581e-003
12959,1.9671e-003
12960,2.0632e-003
12961,1.9922e-003
12962,1.9566e-003
12963,1.9821e-003
12964,2.0012e-003
12965,2.0186e-003
12966,1.581e-003
12967,1.525e-003
12968,1.6853e-003
12969,1.5688e-003
12970,1.6549e-003
12971,1.6019e-003
12972,1.5797e-003
12973,1.6326e-003
12974,1.5828e-003
12975,1.4998e-003
12976,1.4962e-003
12977,1.6058e-003
12978,1.6513e-003
12979,1.6294e-003
12980,1.4382e-003
12981,1.5541e-003
12982,1.5954e-003
12983,1.6446e-003
12984,1.0278e-003
12985,8.6055e-004
12986,1.0423e-003
12987,9.2078e-004
12988,1.0022e-003
12989,9.3244e-004
12990,9.61e-004
12991,8.7042e-004
12992,1.0347e-003
12993,4.2491e-005
12994,3.4605e-005
12995,3.3499e-005
12996,3.7953e-005
12997,4.2843e-005
12998,3.7723e-005
12999,3.2155e-005
13000,3.3516e-005
13001,3.6728e-005
13002,3.711e-005
13003,4.1818e-005
13004,3.1766e-005
13005,3.7407e-005
13006,3.3578e-005
13007,3.1994e-005
13008,3.3004e-005
13009,3.6098e-005
13010,3.2045e-005
13011,5.6928e-004
13012,6.0143e-004
13013,4.7185e-004
13014,5.3469e-004
13015,4.8436e-004
13016,5.2992e-004
13017,4.694e-004
13018,5.3646e-004
13019,4.6129e-004
13020,1.3635e-003
13021,1.4423e-003
13022,1.4878e-003
13023,1.3831e-003
13024,1.5206e-003
13025,1.4984e-003
13026,1.4321e-003
13027,1.4818e-003
13028,1.344e-003
13029,9.6525e-004
13030,1.1588e-003
13031,1.0966e-003
13032,1.0591e-003
13033,1.1743e-003
13034,9.5017e-004
13035,1.0631e-003
13036,1.0582e-003
13037,1.1486e-003
13038,3.6008e-005
13039,2.996e-005
13040,3.6132e-005
13041,2.9355e-005
13042,2.907e-005
13043,2.5327e-005
13044,4.1312e-005
13045,2.5868e-005
13046,3.2789e-005
13047,2.7914e-005
13048,3.5837e-005
13049,5.6638e-005
13050,5.0295e-005
13051,4.2951e-005
13052,4.6128e-005
13053,4.4762e-005
13054,4.4862e-005
13055,4.1808e-005
13056,4.383e-005
13057,5.094e-005
13058,1.1892e-003
13059,1.079e-003
13060,1.111e-003
13061,9.9948e-004
13062,1.1056e-003
13063,1.1033e-003
13064,1.1696e-003
13065,1.5615e-004
13066,2.394e-004
13067,2.3217e-004
13068,1.7262e-004
13069,1.9183e-004
13070,2.0585e-004
13071,1.7589e-004
13072,2.196e-004
13073,1.4241e-003
13074,1.341e-003
13075,1.5208e-003
13076,1.4779e-003
13077,1.4742e-003
13078,1.4189e-003
13079,1.3944e-003
13080,1.5139e-003
13081,1.4681e-003
13082,1.4604e-003
13083,5.6123e-005
13084,4.235e-005
13085,4.7482e-005
13086,4.5409e-005
13087,5.0226e-005
13088,4.0999e-005
13089,4.1254e-005
13090,4.7261e-005
13091,4.5099e-005
13092,3.4148e-005
13093,3.052e-005
13094,3.0478e-005
13095,3.4418e-005
13096,2.4977e-005
13097,2.9105e-005
13098,2.6242e-005
13099,2.5443e-005
13100,2.7177e-005
13101,3.0548e-005
13102,1.8446e-003
13103,2.0118e-003
13104,1.9471e-003
13105,1.9766e-003
13106,1.8859e-003
13107,1.9239e-003
13108,1.9932e-003
13109,1.9341e-003
13110,1.8847e-003
13111,1.9058e-003
13112,7.5468e-004
13113,9.9197e-004
13114,7.6412e-004
13115,8.491e-004
13116,9.5949e-004
13117,8.6025e-004
13118,7.5073e-004
13119,9.8771e-004
13120,1.0759e-004
13121,1.3491e-004
13122,9.8479e-005
13123,1.14e-004
13124,8.5474e-005
13125,1.1616e-004
13126,1.022e-004
13127,1.3738e-004
13128,1.0914e-004
13129,6.8479e-004
13130,6.7073e-004
13131,8.2204e-004
13132,7.7288e-004
13133,7.1446e-004
13134,6.8685e-004
13135,7.722e-004
13136,6.7773e-004
13137,3.2673e-004
13138,3.207e-004
13139,3.4919e-004
13140,4.3772e-004
13141,3.9254e-004
13142,3.6936e-004
13143,3.1609e-004
13144,3.4437e-004
13145,3.0633e-004
13146,2.0473e-003
13147,2.091e-003
13148,2.0261e-003
13149,2.1076e-003
13150,2.0762e-003
13151,2.042e-003
13152,2.1105e-003
13153,2.0627e-003
13154,2.1338e-003
13155,6.4323e-004
13156,5.7868e-004
13157,6.5911e-004
13158,5.7711e-004
13159,7.4026e-004
13160,6.4546e-004
13161,6.4242e-004
13162,5.7382e-004
13163,8.1114e-005
13164,9.0168e-005
13165,1.0874e-004
13166,8.0474e-005
13167,7.7267e-005
13168,9.6342e-005
13169,1.1509e-004
13170,9.5336e-005
13171,6.7691e-005
13172,4.1645e-005
13173,3.8779e-005
13174,4.0251e-005
13175,5.4395e-005
13176,4.7786e-005
13177,3.6141e-005
13178,2.4125e-004
13179,1.4644e-004
13180,1.5354e-004
13181,2.3474e-004
13182,2.034e-004
13183,2.1838e-004
13184,1.6587e-004
13185,1.761e-004
13186,3.7752e-005
13187,5.1629e-005
13188,3.8191e-005
13189,3.3226e-005
13190,3.8862e-005
13191,3.3095e-005
13192,2.8234e-005
13193,3.0102e-005
13194,2.6803e-005
13195,3.1681e-005
13196,2.7698e-005
13197,3.9828e-005
13198,3.0338e-005
13199,5.132e-005
13200,3.0357e-005
13201,3.8669e-005
13202,3.6588e-005
13203,2.8386e-005
13204,3.1305e-005
13205,2.9956e-005
13206,1.68e-003
13207,1.6442e-003
13208,1.7249e-003
13209,1.5971e-003
13210,1.677e-003
13211,1.7225e-003
13212,1.6716e-003
13213,1.3424e-003
13214,1.4083e-003
13215,1.4209e-003
13216,1.4363e-003
13217,1.3821e-003
13218,1.4384e-003
13219,1.1717e-003
13220,1.3616e-003
13221,1.3513e-003
13222,1.1991e-003
13223,1.352e-003
13224,1.2728e-003
13225,1.264e-003
13226,1.3231e-003
13227,8.7916e-005
13228,6.0242e-005
13229,6.1453e-005
13230,7.6377e-005
13231,5.422e-005
13232,5.2055e-005
13233,6.7807e-005
13234,6.4054e-005
13235,5.5432e-005
13236,4.1736e-004
13237,4.7472e-004
13238,4.7907e-004
13239,4.1721e-004
13240,4.2207e-004
13241,4.1445e-004
13242,3.9007e-004
13243,3.9219e-004
13244,1.4406e-004
13245,1.0135e-004
13246,1.2154e-004
13247,1.2236e-004
13248,1.2332e-004
13249,1.4285e-004
13250,1.1555e-004
13251,1.0844e-004
13252,1.2885e-004
13253,1.0507e-004
13254,2.3735e-005
13255,2.5331e-005
13256,2.374e-005
13257,2.1152e-005
13258,1.9738e-005
13259,2.468e-005
13260,2.4744e-005
13261,2.3495e-005
13262,1.8087e-005
13263,2.1216e-005
13264,2.0673e-005
13265,1.8386e-005
13266,9.1698e-005
13267,6.9537e-005
13268,1.1465e-004
13269,7.382e-005
13270,7.299e-005
13271,8.8362e-005
13272,9.3149e-005
13273,6.7759e-005
13274,6.8722e-005
13275,5.7927e-005
13276,5.4142e-005
13277,6.0266e-005
13278,5.415e-005
13279,5.1103e-005
13280,5.112e-005
13281,5.3212e-005
13282,5.4004e-005
13283,5.6588e-005
13284,5.8059e-005
13285,6.6228e-005
13286,6.2892e-005
13287,5.6757e-005
13288,6.162e-005
13289,5.5391e-005
13290,5.7766e-005
13291,5.6628e-005
13292,3.0941e-004
13293,2.8061e-004
13294,3.2393e-004
13295,3.7661e-004
13296,3.5211e-004
13297,3.2573e-004
13298,2.9112e-004
13299,2.773e-004
13300,3.7792e-005
13301,3.2699e-005
13302,3.8916e-005
13303,2.7073e-005
13304,3.7885e-005
13305,3.3331e-005
13306,3.386e-005
13307,2.5968e-005
13308,3.0728e-005
13309,2.8397e-005
13310,2.8753e-005
13311,6.5541e-004
13312,5.8225e-004
13313,5.7011e-004
13314,6.3528e-004
13315,6.5845e-004
13316,5.8194e-004
13317,5.6681e-004
13318,1.1119e-004
13319,7.0435e-005
13320,8.9376e-005
13321,7.3706e-005
13322,6.5495e-005
13323,2.072e-003
13324,1.9909e-003
13325,2.0272e-003
13326,2.0274e-003
13327,5.9486e-004
13328,6.4076e-004
13329,5.2172e-004
13330,5.4682e-004
13331,5.6832e-004
13332,6.3611e-004
13333,6.1008e-004
13334,1.7342e-003
13335,1.8059e-003
13336,1.758e-003
13337,1.7989e-003
13338,1.7118e-003
13339,1.8047e-003
13340,3.2971e-005
13341,4.1727e-005
13342,3.8938e-005
13343,2.5026e-005
13344,3.5321e-005
13345,2.9715e-005
13346,3.0559e-005
13347,2.6032e-005
13348,2.6488e-005
13349,5.6638e-005
13350,7.3964e-005
13351,5.9463e-005
13352,5.42e-005
13353,6.51e-005
13354,6.2005e-005
13355,5.6746e-005
13356,5.9409e-005
13357,7.2317e-005
13358,8.4575e-005
13359,6.3874e-005
13360,5.4296e-005
13361,7.3431e-005
13362,5.445e-005
13363,6.472e-005
13364,6.731e-005
13365,6.0535e-005
13366,2.1025e-003
13367,2.0113e-003
13368,1.9908e-003
13369,2.0811e-003
13370,2.0932e-003
13371,2.0469e-003
13372,1.3322e-003
13373,1.4687e-003
13374,1.4141e-003
13375,1.3853e-003
13376,1.4512e-003
13377,1.4797e-003
13378,1.3889e-003
13379,1.4451e-003
13380,1.1486e-003
13381,1.2493e-003
13382,1.3268e-003
13383,1.148e-003
13384,1.3025e-003
13385,1.2396e-003
13386,2.0343e-003
13387,2.0639e-003
13388,2.0112e-003
13389,2.0806e-003
13390,2.093e-003
13391,2.0503e-003
13392,2.1188e-003
13393,1.5375e-003
13394,1.7896e-003
13395,1.5977e-003
13396,1.759e-003
13397,1.6777e-003
13398,1.6784e-003
13399,3.544e-004
13400,2.9327e-004
13401,2.5892e-004
13402,2.7587e-004
13403,3.166e-004
13404,3.5526e-004
13405,2.6995e-004
13406,3.1614e-004
13407,2.5007e-004
13408,2.7826e-004
13409,2.2074e-004
13410,3.2345e-004
13411,2.7944e-004
13412,2.6461e-004
13413,1.2588e-003
13414,1.2028e-003
13415,1.091e-003
13416,1.1201e-003
13417,1.2555e-003
13418,4.9363e-004
13419,5.3436e-004
13420,4.9609e-004
13421,5.9624e-004
13422,5.8749e-004
13423,6.7444e-004
13424,6.0531e-004
13425,6.0073e-004
13426,6.841e-004
13427,6.6985e-004
13428,6.0755e-004
13429,1.0556e-003
13430,9.5646e-004
13431,1.048e-003
13432,1.0545e-003
13433,2.7803e-005
13434,2.0897e-005
13435,2.3826e-005
13436,2.3332e-005
13437,2.0423e-005
13438,2.7779e-005
13439,2.7379e-005
13440,2.7427e-005
13441,3.101e-005
13442,2.446e-005
13443,2.1354e-005
13444,1.9927e-005
13445,2.2894e-005
13446,4.8801e-005
13447,4.7904e-005
13448,4.9887e-005
13449,5.2045e-005
13450,5.0028e-005
13451,4.6491e-005
13452,5.3777e-005
13453,3.3551e-005
13454,3.3367e-005
13455,3.9744e-005
13456,3.0936e-005
13457,2.8893e-005
13458,3.0452e-005
13459,3.4102e-005
13460,4.0231e-005
13461,1.5462e-003
13462,1.3304e-003
13463,1.3792e-003
13464,1.4948e-003
13465,1.5357e-003
13466,1.4289e-003
13467,1.7021e-003
13468,1.7651e-003
13469,1.6459e-003
13470,1.7489e-003
13471,1.6954e-003
13472,3.7088e-004
13473,4.7518e-004
13474,4.2658e-004
13475,4.1095e-004
13476,3.8663e-004
13477,4.0338e-004
13478,1.1753e-003
13479,1.1343e-003
13480,1.2734e-003
13481,1.2124e-003
13482,1.3225e-003
13483,5.4216e-005
13484,5.446e-005
13485,5.2839e-005
13486,5.5154e-005
13487,5.1745e-005
13488,6.8483e-005
13489,7.2436e-005
13490,6.7469e-005
13491,7.0205e-005
13492,6.3512e-005
13493,2.0311e-003
13494,2.1273e-003
13495,2.1246e-003
13496,2.1257e-003
13497,2.1656e-003
13498,2.0653e-003
13499,2.0827e-003
13500,2.0668e-003
13501,9.6274e-004
13502,9.828e-004
13503,1.0884e-003
13504,1.0606e-003
13505,1.161e-003
13506,3.4626e-005
13507,4.1599e-005
13508,3.5987e-005
13509,3.3983e-005
13510,3.7101e-005
13511,3.9067e-005
13512,3.0259e-005
13513,3.4525e-005
13514,2.8344e-005
13515,2.888e-005
13516,3.0208e-005
13517,2.6947e-005
13518,2.9363e-005
13519,2.7832e-005
13520,2.8209e-005
13521,3.2114e-005
13522,2.701e-005
13523,3.0291e-005
13524,4.2579e-004
13525,5.8715e-004
13526,4.7209e-004
13527,5.7418e-004
13528,5.0524e-004
13529,5.8304e-004
13530,1.8551e-003
13531,1.9391e-003
13532,1.8529e-003
13533,1.8736e-003
13534,1.9296e-003
13535,1.9742e-003
13536,1.9756e-003
13537,6.0091e-004
13538,6.0565e-004
13539,6.8469e-004
13540,6.7778e-004
13541,6.0072e-004
13542,6.079e-004
13543,3.422e-005
13544,3.1822e-005
13545,2.7683e-005
13546,3.1852e-005
13547,2.5938e-005
13548,2.5821e-005
13549,3.8764e-005
13550,2.8914e-005
13551,1.9866e-003
13552,2.0638e-003
13553,2.0812e-003
13554,2.093e-003
13555,2.0413e-004
13556,2.8538e-004
13557,2.5345e-004
13558,2.7012e-004
13559,2.2896e-004
13560,2.4101e-004
13561,1.4857e-003
13562,1.4302e-003
13563,1.4307e-003
13564,1.4797e-003
13565,1.4558e-003
13566,1.4015e-003
13567,1.4995e-003
13568,2.7903e-004
13569,3.896e-004
13570,3.1173e-004
13571,4.2101e-004
13572,3.4288e-004
13573,2.7257e-004
13574,6.93e-005
13575,6.4058e-005
13576,5.9009e-005
13577,6.1705e-005
13578,3.2655e-005
13579,3.9474e-005
13580,2.9768e-005
13581,2.6397e-005
13582,2.3405e-005
13583,2.8532e-005
13584,2.4745e-005
13585,4.1346e-005
13586,3.1395e-005
13587,3.1871e-005
13588,3.9221e-005
13589,2.6096e-005
13590,2.7778e-005
13591,2.3373e-005
13592,2.6137e-005
13593,1.7484e-004
13594,1.9063e-004
13595,2.4522e-004
13596,2.1062e-004
13597,1.4556e-003
13598,1.3388e-003
13599,1.5352e-003
13600,1.3926e-003
13601,1.4495e-003
13602,2.9786e-004
13603,2.6618e-004
13604,2.925e-004
13605,2.4353e-004
13606,2.5786e-004
13607,2.9091e-004
13608,3.4591e-004
13609,4.1261e-004
13610,4.9911e-004
13611,1.4263e-004
13612,1.6705e-004
13613,1.8936e-004
13614,1.5119e-004
13615,2.014e-004
13616,2.7445e-005
13617,3.3172e-005
13618,2.801e-005
13619,2.612e-005
13620,2.4503e-005
13621,2.265e-005
13622,2.0157e-003
13623,1.9566e-003
13624,1.9854e-003
13625,1.9282e-003
13626,2.6505e-005
13627,2.3874e-005
13628,2.5719e-005
13629,2.5143e-005
13630,2.3335e-005
13631,2.8802e-005
13632,2.7886e-005
13633,4.0837e-005
13634,3.3409e-005
13635,3.6501e-005
13636,3.649e-005
13637,1.8109e-003
13638,1.7257e-003
13639,1.7975e-003
13640,1.8227e-003
13641,1.7948e-003
13642,1.7411e-003
13643,3.838e-004
13644,3.5883e-004
13645,2.9624e-004
13646,3.1451e-004
13647,3.6069e-004
13648,5.338e-004
13649,5.177e-004
13650,4.7048e-004
13651,4.7612e-004
13652,5.2862e-004
13653,5.1411e-004
13654,4.6583e-004
13655,5.3556e-004
13656,3.8957e-005
13657,4.708e-005
13658,4.7906e-005
13659,3.7549e-005
13660,6.8214e-005
13661,7.0812e-005
13662,6.5905e-005
13663,1.1593e-004
13664,1.0308e-004
13665,7.9717e-005
13666,1.2567e-004
13667,1.3453e-004
13668,9.8348e-005
13669,8.3396e-005
13670,1.9687e-003
13671,1.8581e-003
13672,1.9378e-003
13673,1.9633e-003
13674,1.9759e-003
13675,2.0459e-003
13676,2.0577e-003
13677,1.8685e-003
13678,1.9893e-003
13679,1.7876e-003
13680,1.897e-003
13681,2.0014e-003
13682,1.9552e-003
13683,4.2483e-005
13684,4.5066e-005
13685,5.2172e-005
13686,4.1691e-005
13687,4.7681e-005
13688,4.2141e-005
13689,4.8048e-004
13690,4.7277e-004
13691,5.4007e-004
13692,1.2638e-004
13693,1.5241e-004
13694,1.217e-004
13695,9.9873e-005
13696,7.7985e-005
13697,6.9812e-005
13698,8.7869e-005
13699,6.5719e-005
13700,8.5318e-005
13701,1.0672e-004
13702,1.269e-004
13703,2.4393e-005
13704,2.1219e-005
13705,2.1307e-003
13706,2.1708e-003
13707,2.0876e-003
13708,2.0877e-003
13709,2.1587e-003
13710,7.6084e-004
13711,6.5488e-004
13712,6.64e-004
13713,4.9888e-005
13714,4.849e-005
13715,5.152e-005
13716,5.2714e-005
13717,1.5644e-003
13718,1.5254e-003
13719,1.5453e-003
13720,4.8519e-005
13721,4.2076e-005
13722,3.9447e-005
13723,4.3391e-005
13724,4.5807e-005
13725,2.2613e-005
13726,2.4342e-005
13727,2.9059e-005
13728,2.4729e-005
13729,2.5904e-005
13730,2.3192e-005
13731,2.4622e-005
13732,9.148e-005
13733,5.9609e-005
13734,6.5443e-005
13735,8.7018e-005
13736,7.0651e-005
13737,1.7753e-003
13738,1.6506e-003
13739,1.6282e-003
13740,1.7274e-003
13741,1.719e-003
13742,1.6813e-003
13743,9.3571e-005
13744,1.0152e-004
13745,8.3469e-005
13746,3.6882e-004
13747,3.2067e-004
13748,3.1913e-004
13749,1.5658e-003
13750,1.6896e-003
13751,1.5623e-003
13752,1.6418e-003
13753,1.6022e-003
13754,1.6363e-003
13755,2.9427e-005
13756,2.53e-005
13757,2.3741e-005
13758,2.2455e-005
13759,2.194e-005
13760,2.6529e-005
13761,1.559e-003
13762,1.5052e-003
13763,1.593e-003
13764,1.5339e-003
13765,4.5959e-004
13766,4.3531e-004
13767,5.025e-004
13768,4.5487e-004
13769,1.7681e-003
13770,1.7888e-003
13771,1.7171e-003
13772,3.8969e-004
13773,4.1807e-004
13774,3.6411e-004
13775,4.0838e-004
13776,3.8847e-004
13777,3.6267e-004
13778,5.1772e-005
13779,5.0513e-005
13780,5.4029e-005
13781,4.8283e-005
13782,5.0692e-005
13783,3.8998e-005
13784,4.3689e-005
13785,3.9932e-005
13786,4.2271e-005
13787,1.0852e-003
13788,1.223e-003
13789,1.0435e-003
13790,1.1625e-003
13791,1.1183e-003
13792,1.4981e-004
13793,1.0967e-004
13794,1.1379e-004
13795,1.6799e-004
13796,9.6216e-004
13797,9.2145e-004
13798,8.3181e-004
13799,8.3082e-004
13800,1.0031e-003
13801,1.1214e-003
13802,1.0853e-004
13803,1.2254e-004
13804,1.4076e-004
13805,9.4517e-005
13806,1.0476e-004
13807,2.4615e-005
13808,2.1582e-005
13809,2.9095e-005
13810,2.27e-005
13811,2.4612e-005
13812,3.0325e-005
13813,3.1944e-005
13814,2.7925e-005
13815,3.6872e-005
13816,3.7064e-005
13817,1.8725e-003
13818,1.8852e-003
13819,1.7992e-003
13820,1.7908e-003
13821,1.846e-003
13822,4.6302e-004
13823,4.1397e-004
13824,4.8296e-004
13825,4.1618e-004
13826,2.6868e-004
13827,3.469e-004
13828,1.5947e-003
13829,1.5955e-003
13830,1.5554e-003
13831,1.5093e-003
13832,9.0881e-007
13833,4.1256e-007
13834,5.2284e-007
13835,5.0996e-007
13836,7.7268e-007
13837,7.0017e-007
13838,8.5286e-007
13839,9.2418e-007
13840,8.1779e-007
13841,7.0371e-007
13842,4.796e-007
13843,6.6082e-007
13844,8.3131e-007
13845,4.1569e-007
13846,3.9146e-007
13847,5.3157e-007
13848,6.5624e-007
13849,7.9864e-007
13850,7.0477e-007
13851,4.0373e-007
13852,5.6108e-007
13853,6.1718e-007
13854,7.3118e-007
13855,7.5978e-007
13856,3.7686e-010
13857,1.8404e-010
13858,4.4231e-010
13859,2.0988e-010
13860,5.852e-010
13861,5.6373e-010
13862,2.046e-006
13863,1.0845e-006
13864,1.9377e-006
13865,1.3624e-006
13866,1.5534e-006
13867,1.7392e-006
13868,2.0705e-006
13869,1.4339e-006
13870,1.9728e-006
13871,1.317e-006
13872,1.5905e-006
13873,1.8693e-006
13874,2.1049e-006
13875,1.7538e-006
13876,2.1037e-006
13877,1.4017e-006
13878,2.2229e-006
13879,1.3952e-006
13880,1.7571e-006
13881,1.5601e-006
13882,2.1569e-006
13883,1.8338e-006
13884,1.9269e-006
13885,1.3568e-006
13886,1.8291e-006
13887,1.8236e-006
13888,2.1729e-006
13889,2.1226e-006
13890,2.0815e-006
13891,1.7373e-006
13892,1.6997e-006
13893,2.9686e-006
13894,2.6561e-006
13895,3.0641e-006
13896,2.8587e-006
13897,2.4357e-006
13898,1.933e-006
13899,2.1683e-006
13900,2.1027e-006
13901,2.8473e-006
13902,2.9001e-006
13903,2.4617e-006
13904,3.034e-006
13905,3.2049e-006
13906,2.1707e-006
13907,3.0152e-006
13908,2.624e-006
13909,2.653e-006
13910,2.9072e-006
13911,2.2375e-006
13912,3.0807e-006
13913,2.5781e-006
13914,2.6003e-006
13915,2.5282e-006
13916,2.7739e-006
13917,2.7777e-006
13918,2.3404e-006
13919,1.786e-006
13920,2.143e-006
13921,2.6271e-006
13922,1.713e-006
13923,2.3906e-006
13924,2.5584e-006
13925,2.655e-006
13926,2.2541e-006
13927,2.0024e-006
13928,1.855e-006
13929,2.29e-006
13930,2.1425e-006
13931,3.0631e-006
13932,3.1453e-006
13933,2.9428e-006
13934,2.6803e-006
13935,2.437e-006
13936,2.562e-006
13937,2.8686e-006
13938,2.6647e-006
13939,2.2722e-006
13940,3.1959e-006
13941,3.1787e-006
13942,2.8765e-006
13943,3.4561e-006
13944,3.4302e-006
13945,2.7701e-006
13946,3.1548e-006
13947,2.752e-006
13948,3.0323e-006
13949,3.1888e-006
13950,2.3183e-011
13951,1.2551e-011
13952,2.5711e-011
13953,9.2155e-012
13954,7.413e-012
13955,1.5722e-011
13956,3.6414e-009
13957,1.0043e-008
13958,3.3016e-009
13959,1.5563e-008
13960,1.0416e-008
13961,5.0131e-009
13962,6.0637e-009
13963,5.4714e-012
13964,4.783e-012
13965,1.5855e-011
13966,1.0207e-011
13967,3.6845e-012
13968,8.8867e-012
13969,1.9863e-006
13970,2.8446e-006
13971,3.005e-006
13972,2.4297e-006
13973,2.5995e-006
13974,3.0157e-006
13975,1.9421e-006
13976,2.7824e-006
13977,2.8299e-006
13978,2.4317e-006
13979,2.4766e-006
13980,1.2829e-008
13981,1.8052e-008
13982,4.4129e-009
13983,6.8556e-009
13984,5.0161e-009
13985,9.1304e-009
13986,1.9967e-008
13987,2.8643e-006
13988,2.2895e-006
13989,3.2748e-006
13990,2.7387e-006
13991,3.093e-006
13992,3.2451e-006
13993,2.779e-006
13994,2.4788e-006
13995,2.7278e-006
13996,3.0647e-006
13997,2.3064e-006
13998,1.3967e-006
13999,2.2846e-006
14000,1.7917e-006
14001,1.8453e-006
14002,2.1704e-006
14003,1.4873e-006
14004,1.664e-006
14005,1.9214e-006
14006,1.3332e-006
14007,1.8066e-006
14008,2.1124e-006
14009,1.5163e-006
14010,1.4044e-006
14011,1.2046e-006
14012,1.0212e-006
14013,1.6103e-006
14014,1.6174e-006
14015,1.384e-006
14016,1.0581e-006
14017,1.1084e-006
14018,1.4292e-006
14019,1.0698e-006
14020,1.6058e-006
14021,1.6e-006
14022,1.4659e-006
14023,1.3288e-006
14024,1.3849e-006
14025,1.1225e-006
14026,1.2648e-006
14027,8.9389e-007
14028,2.011e-011
14029,5.4617e-011
14030,2.6056e-011
14031,6.5919e-011
14032,3.2067e-011
14033,1.8867e-011
14034,2.964e-006
14035,3.0867e-006
14036,2.9112e-006
14037,2.2054e-006
14038,2.638e-006
14039,2.6654e-006
14040,2.828e-006
14041,2.4587e-006
14042,2.062e-006
14043,2.8154e-006
14044,2.3985e-006
14045,2.8676e-006
14046,3.0076e-006
14047,2.6469e-006
14048,2.4859e-006
14049,2.0768e-006
14050,2.6873e-006
14051,2.2544e-006
14052,2.471e-006
14053,6.2305e-013
14054,9.9878e-013
14055,3.6987e-013
14056,3.8992e-013
14057,6.8743e-013
14058,6.8696e-013
14059,2.2199e-009
14060,3.1744e-009
14061,2.9139e-009
14062,1.7861e-009
14063,1.4631e-009
14064,1.2796e-009
14065,1.1245e-007
14066,1.7721e-007
14067,2.162e-007
14068,6.5291e-008
14069,1.5882e-007
14070,8.8304e-008
14071,2.1104e-007
14072,1.2688e-012
14073,1.0743e-012
14074,2.273e-012
14075,1.5845e-012
14076,7.8981e-013
14077,8.318e-013
14078,1.3722e-012
14079,1.7518e-007
14080,1.6378e-007
14081,5.823e-008
14082,1.1497e-007
14083,9.7747e-008
14084,6.6576e-008
14085,1.2585e-007
14086,1.0248e-007
14087,5.2895e-010
14088,1.1292e-009
14089,3.0192e-010
14090,1.2973e-009
14091,3.4808e-010
14092,1.2737e-010
14093,2.7333e-010
14094,7.5427e-011
14095,2.8954e-010
14096,1.0199e-010
14097,2.0289e-010
14098,8.5086e-007
14099,8.6116e-007
14100,6.141e-007
14101,1.1857e-006
14102,1.1987e-006
14103,1.3195e-006
14104,1.0207e-006
14105,1.0235e-006
14106,7.1841e-007
14107,1.0168e-006
14108,3.1656e-006
14109,3.2019e-006
14110,2.8446e-006
14111,2.7069e-006
14112,3.2146e-006
14113,2.3697e-006
14114,2.1524e-006
14115,2.2494e-006
14116,2.3733e-006
14117,2.9143e-006
14118,2.8401e-006
14119,2.7297e-006
14120,2.7555e-006
14121,3.3158e-006
14122,2.9727e-006
14123,3.2878e-006
14124,3.3793e-006
14125,2.516e-006
14126,2.9343e-006
14127,2.5176e-006
14128,3.1204e-006
14129,3.0213e-006
14130,3.4086e-006
14131,3.5049e-006
14132,3.1999e-006
14133,2.7202e-006
14134,3.5518e-006
14135,2.9235e-006
14136,3.3354e-006
14137,2.8677e-006
14138,3.0084e-006
14139,3.2621e-006
14140,2.9455e-006
14141,3.3028e-006
14142,3.179e-006
14143,2.4539e-006
14144,2.7055e-006
14145,3.3474e-006
14146,3.3118e-006
14147,2.7603e-006
14148,3.3317e-006
14149,2.9044e-006
14150,3.0074e-006
14151,2.3521e-006
14152,2.6127e-006
14153,3.2429e-006
14154,2.9118e-006
14155,2.2981e-006
14156,3.2446e-006
14157,2.4687e-006
14158,2.7993e-006
14159,3.3279e-006
14160,2.4296e-006
14161,3.0178e-006
14162,2.7229e-006
14163,2.9118e-006
14164,3.5186e-006
14165,3.4655e-006
14166,3.2675e-006
14167,2.8432e-006
14168,3.0096e-006
14169,3.5815e-006
14170,2.8579e-006
14171,3.4123e-006
14172,3.2461e-006
14173,3.2044e-006
14174,8.5365e-007
14175,5.1497e-007
14176,7.2188e-007
14177,4.997e-007
14178,9.0397e-007
14179,8.8014e-007
14180,6.334e-007
14181,9.3614e-007
14182,6.1518e-007
14183,7.3193e-007
14184,8.4895e-007
14185,1.4976e-006
14186,1.0961e-006
14187,1.771e-006
14188,1.4259e-006
14189,1.0866e-006
14190,1.6181e-006
14191,1.267e-006
14192,1.5871e-006
14193,3.4598e-006
14194,3.5184e-006
14195,3.2689e-006
14196,3.5058e-006
14197,3.6738e-006
14198,3.1613e-006
14199,3.3212e-006
14200,3.3044e-006
14201,3.7658e-006
14202,3.7413e-006
14203,3.5386e-006
14204,3.9337e-006
14205,3.7397e-006
14206,2.0497e-011
14207,4.2152e-011
14208,7.478e-011
14209,5.8835e-011
14210,2.8844e-011
14211,3.011e-006
14212,1.9916e-006
14213,2.8603e-006
14214,2.3079e-006
14215,2.4782e-006
14216,2.4025e-006
14217,2.8977e-006
14218,2.3207e-006
14219,2.7747e-006
14220,3.1929e-006
14221,3.7103e-006
14222,3.7087e-006
14223,3.4763e-006
14224,3.7361e-006
14225,3.9186e-006
14226,3.4631e-006
14227,3.9699e-006
14228,7.9196e-007
14229,9.3581e-007
14230,1.0565e-006
14231,1.2046e-006
14232,1.3268e-006
14233,1.4164e-006
14234,1.1223e-006
14235,1.4335e-006
14236,9.9173e-007
14237,9.649e-010
14238,1.7434e-009
14239,1.0743e-009
14240,2.072e-009
14241,3.2492e-009
14242,1.0606e-006
14243,1.9141e-006
14244,1.4524e-006
14245,1.5441e-006
14246,1.6907e-006
14247,1.294e-006
14248,1.5718e-006
14249,1.9431e-006
14250,3.2224e-006
14251,3.2089e-006
14252,3.4393e-006
14253,3.4045e-006
14254,2.8004e-006
14255,2.8811e-006
14256,3.4555e-006
14257,3.4077e-006
14258,2.7736e-006
14259,3.1011e-006
14260,3.2231e-006
14261,2.8565e-006
14262,3.2521e-006
14263,3.2017e-006
14264,2.7092e-006
14265,3.1028e-006
14266,2.9532e-006
14267,2.3561e-006
14268,2.6004e-006
14269,2.8905e-006
14270,3.2602e-006
14271,3.1907e-006
14272,2.966e-006
14273,3.0369e-006
14274,3.2571e-006
14275,3.7755e-006
14276,3.434e-006
14277,3.78e-006
14278,3.1142e-006
14279,3.7106e-006
14280,3.7235e-006
14281,3.8237e-006
14282,3.3434e-006
14283,3.472e-006
14284,3.0905e-006
14285,3.673e-006
14286,3.6645e-006
14287,3.6956e-006
14288,3.6431e-006
14289,3.3e-006
14290,3.2167e-006
14291,1.2461e-006
14292,2.0952e-006
14293,1.94e-006
14294,1.6834e-006
14295,1.6164e-006
14296,1.2094e-006
14297,1.2566e-006
14298,1.4123e-006
14299,1.469e-006
14300,1.6896e-006
14301,1.8319e-006
14302,3.2259e-006
14303,2.9475e-006
14304,3.2166e-006
14305,2.9889e-006
14306,3.3172e-006
14307,3.9096e-006
14308,3.5002e-006
14309,3.8902e-006
14310,3.6479e-006
14311,3.9143e-006
14312,3.9602e-006
14313,3.6816e-006
14314,2.6352e-007
14315,4.6429e-007
14316,1.9411e-007
14317,3.4116e-007
14318,4.3903e-007
14319,3.8931e-007
14320,1.658e-007
14321,2.7504e-012
14322,4.6142e-012
14323,3.0364e-012
14324,6.9927e-012
14325,3.6666e-012
14326,3.6392e-006
14327,3.1443e-006
14328,3.8482e-006
14329,3.7355e-006
14330,3.727e-006
14331,3.557e-006
14332,3.3807e-006
14333,3.2608e-006
14334,3.6721e-006
14335,3.9568e-006
14336,3.8676e-006
14337,3.9063e-006
14338,3.8342e-006
14339,3.2768e-006
14340,3.7442e-006
14341,3.7231e-006
14342,3.6584e-006
14343,3.6431e-006
14344,3.2262e-006
14345,3.8794e-006
14346,3.4347e-006
14347,3.2871e-006
14348,3.7138e-006
14349,3.7764e-006
14350,3.4544e-006
14351,3.787e-006
14352,3.7994e-006
14353,3.3511e-006
14354,3.1396e-006
14355,2.1405e-010
14356,5.8415e-011
14357,1.1724e-010
14358,6.0049e-011
14359,1.5465e-011
14360,1.0264e-011
14361,6.4477e-012
14362,7.2513e-012
14363,5.649e-012
14364,9.4239e-012
14365,1.0448e-006
14366,1.3801e-006
14367,1.1282e-006
14368,7.8006e-007
14369,1.0463e-006
14370,7.557e-007
14371,1.0417e-006
14372,1.3782e-006
14373,3.5279e-006
14374,2.9139e-006
14375,3.6226e-006
14376,3.6784e-006
14377,3.3418e-006
14378,3.6397e-006
14379,3.1897e-006
14380,3.0894e-006
14381,3.4931e-006
14382,3.3961e-006
14383,3.0829e-006
14384,3.5621e-006
14385,3.5282e-006
14386,3.7092e-006
14387,3.7462e-006
14388,3.2938e-006
14389,3.213e-006
14390,3.5077e-006
14391,3.9105e-006
14392,3.5479e-006
14393,3.9998e-006
14394,3.891e-006
14395,3.9304e-006
14396,3.6995e-006
14397,3.52e-006
14398,3.8804e-006
14399,9.2285e-010
14400,2.6133e-010
14401,1.9926e-010
14402,6.942e-010
14403,1.7106e-007
14404,6.2907e-008
14405,7.5725e-008
14406,1.569e-007
14407,8.4465e-008
14408,1.1886e-007
14409,3.3996e-006
14410,3.5222e-006
14411,2.7425e-006
14412,3.3162e-006
14413,3.5146e-006
14414,3.2998e-006
14415,3.1333e-006
14416,2.9645e-006
14417,3.2881e-006
14418,2.7262e-006
14419,1.754e-006
14420,2.3068e-006
14421,1.6282e-006
14422,2.1874e-006
14423,1.982e-006
14424,2.237e-006
14425,1.7502e-006
14426,2.1585e-006
14427,1.6475e-006
14428,2.9597e-006
14429,3.493e-006
14430,3.5549e-006
14431,3.205e-006
14432,2.8011e-006
14433,3.3167e-006
14434,3.0163e-006
14435,2.4236e-008
14436,1.0914e-008
14437,2.7545e-008
14438,9.1382e-009
14439,1.7802e-008
14440,1.9569e-008
14441,3.5294e-006
14442,3.0175e-006
14443,3.5727e-006
14444,3.5441e-006
14445,3.6485e-006
14446,3.3877e-006
14447,3.1952e-006
14448,2.9736e-006
14449,3.398e-007
14450,3.1191e-007
14451,2.3765e-007
14452,2.6801e-007
14453,3.011e-007
14454,3.6583e-006
14455,3.2189e-006
14456,3.8318e-006
14457,3.6423e-006
14458,3.642e-006
14459,3.8976e-006
14460,3.9024e-006
14461,3.421e-006
14462,3.841e-013
14463,2.1247e-013
14464,2.5318e-013
14465,2.7588e-013
14466,2.5915e-013
14467,2.4754e-013
14468,1.876e-013
14469,3.3288e-013
14470,2.7866e-013
14471,2.9577e-006
14472,2.2364e-006
14473,2.6531e-006
14474,2.9912e-006
14475,2.7874e-006
14476,2.8334e-006
14477,2.3111e-006
14478,1.5505e-006
14479,1.2109e-006
14480,1.4449e-006
14481,1.2893e-006
14482,1.4874e-006
14483,1.2928e-006
14484,1.542e-006
14485,2.7174e-006
14486,3.1522e-006
14487,2.249e-006
14488,2.9704e-006
14489,2.9531e-006
14490,2.1887e-006
14491,2.5498e-006
14492,2.8836e-006
14493,2.5833e-006
14494,3.2739e-006
14495,3.3571e-006
14496,2.4853e-006
14497,2.4896e-006
14498,3.0548e-006
14499,3.2739e-006
14500,2.5166e-006
14501,2.9092e-006
14502,2.7375e-006
14503,3.2734e-006
14504,3.3566e-006
14505,2.429e-006
14506,2.4297e-006
14507,3.083e-006
14508,2.8745e-006
14509,2.5874e-006
14510,2.8059e-006
14511,3.5022e-013
14512,2.8134e-013
14513,3.6907e-013
14514,9.7343e-009
14515,8.603e-009
14516,2.6738e-008
14517,1.5487e-008
14518,3.8053e-007
14519,2.0553e-007
14520,2.8638e-007
14521,1.9299e-007
14522,1.6428e-007
14523,1.721e-011
14524,1.18e-011
14525,1.2701e-011
14526,9.5662e-012
14527,9.8576e-012
14528,3.7891e-006
14529,3.5731e-006
14530,3.8609e-006
14531,3.958e-006
14532,4.0601e-006
14533,3.5673e-006
14534,3.4457e-006
14535,3.4057e-006
14536,2.8452e-006
14537,3.591e-006
14538,3.6479e-006
14539,3.214e-006
14540,3.0523e-006
14541,3.4368e-006
14542,2.8042e-006
14543,3.5065e-006
14544,3.4991e-006
14545,3.0247e-006
14546,3.6369e-006
14547,3.6538e-006
14548,3.1964e-006
14549,3.4666e-006
14550,3.1758e-006
14551,6.9113e-007
14552,7.4734e-007
14553,4.3836e-007
14554,5.6776e-007
14555,6.1468e-007
14556,6.8029e-007
14557,8.5975e-011
14558,9.4461e-011
14559,2.9842e-011
14560,8.4183e-010
14561,5.2385e-010
14562,4.7786e-010
14563,2.3851e-010
14564,2.9563e-006
14565,2.9071e-006
14566,3.2616e-006
14567,2.9535e-006
14568,3.2642e-006
14569,3.0533e-006
14570,3.3043e-006
14571,1.4514e-006
14572,1.8565e-006
14573,1.9761e-006
14574,2.2315e-006
14575,1.5085e-006
14576,1.6514e-006
14577,1.9794e-006
14578,1.3087e-006
14579,5.4873e-007
14580,9.3053e-007
14581,1.0358e-006
14582,9.8885e-007
14583,9.0626e-007
14584,7.0923e-007
14585,6.4055e-007
14586,9.1536e-010
14587,2.5164e-009
14588,1.2791e-009
14589,3.8664e-006
14590,3.6346e-006
14591,4.0564e-006
14592,3.7e-006
14593,3.9738e-006
14594,3.5043e-006
14595,3.8831e-006
14596,3.3653e-006
14597,3.9121e-006
14598,3.8053e-006
14599,3.5686e-006
14600,3.6898e-006
14601,3.4094e-006
14602,3.6939e-006
14603,3.7094e-006
14604,3.6535e-006
14605,3.4417e-006
14606,3.3973e-006
14607,3.2882e-006
14608,3.6647e-006
14609,6.5209e-008
14610,1.6975e-008
14611,3.5421e-008
14612,3.178e-006
14613,3.8216e-006
14614,3.7562e-006
14615,3.5947e-006
14616,3.1995e-006
14617,3.6021e-006
14618,3.8523e-006
14619,3.3759e-006
14620,2.9831e-006
14621,2.6758e-006
14622,2.3292e-006
14623,3.0111e-006
14624,2.7329e-006
14625,2.4927e-006
14626,2.5597e-006
14627,2.8297e-006
14628,2.1633e-006
14629,3.8284e-006
14630,3.5691e-006
14631,3.9902e-006
14632,4.0009e-006
14633,3.7532e-006
14634,4.0904e-006
14635,3.6028e-006
14636,3.4272e-006
14637,3.8655e-006
14638,3.7904e-006
14639,3.842e-006
14640,3.3984e-006
14641,3.4627e-006
14642,2.9655e-009
14643,2.2955e-009
14644,1.4673e-009
14645,3.912e-006
14646,3.5353e-006
14647,3.7719e-006
14648,3.8196e-006
14649,3.5336e-006
14650,3.3354e-006
14651,3.2938e-006
14652,3.3041e-006
14653,2.7931e-006
14654,3.4182e-006
14655,3.4519e-006
14656,3.0953e-006
14657,3.1177e-006
14658,3.2373e-009
14659,2.6e-009
14660,4.4536e-009
14661,4.2376e-009
14662,3.2353e-009
14663,2.6644e-009
14664,3.5992e-006
14665,3.7115e-006
14666,3.7118e-006
14667,3.7163e-006
14668,3.483e-006
14669,3.3063e-006
14670,6.52e-007
14671,3.3465e-007
14672,6.5153e-007
14673,5.4307e-007
14674,3.8272e-007
14675,5.6408e-007
14676,3.9947e-007
14677,5.4372e-007
14678,5.1805e-009
14679,8.3826e-009
14680,4.215e-009
14681,1.0739e-012
14682,3.9803e-013
14683,1.217e-012
14684,5.0623e-013
14685,6.5913e-013
14686,7.6388e-013
14687,4.5098e-013
14688,7.2103e-012
14689,2.3849e-012
14690,1.7018e-012
14691,1.1607e-006
14692,1.8171e-006
14693,1.4213e-006
14694,1.9739e-006
14695,1.2242e-006
14696,1.9423e-006
14697,1.8732e-006
14698,1.4526e-006
14699,1.1627e-006
14700,1.4865e-006
14701,1.5721e-006
14702,3.2246e-006
14703,2.2711e-006
14704,3.2049e-006
14705,3.0439e-006
14706,2.1872e-006
14707,2.5751e-006
14708,2.4564e-006
14709,2.6967e-006
14710,1.5332e-006
14711,1.6872e-006
14712,1.98e-006
14713,1.5871e-006
14714,1.7237e-006
14715,1.6867e-006
14716,1.7584e-006
14717,3.1196e-006
14718,3.3455e-006
14719,3.4648e-006
14720,3.0191e-006
14721,3.1323e-006
14722,3.5164e-006
14723,3.5395e-006
14724,3.52e-006
14725,2.8071e-006
14726,2.6782e-006
14727,3.2631e-006
14728,3.0926e-006
14729,3.7786e-006
14730,3.5376e-006
14731,3.769e-006
14732,3.8671e-006
14733,3.5648e-006
14734,3.9725e-006
14735,3.3992e-006
14736,3.6125e-006
14737,3.8425e-006
14738,3.4536e-006
14739,3.3204e-006
14740,3.731e-006
14741,3.8365e-006
14742,3.6943e-006
14743,2.9138e-006
14744,1.0038e-006
14745,5.4058e-007
14746,1.0474e-006
14747,5.4187e-007
14748,7.9981e-007
14749,9.0713e-007
14750,3.7806e-006
14751,3.7827e-006
14752,3.4471e-006
14753,3.2709e-006
14754,3.6409e-006
14755,2.0647e-006
14756,2.0824e-006
14757,1.4297e-006
14758,1.3735e-006
14759,1.4355e-006
14760,1.8083e-006
14761,2.0797e-006
14762,1.8567e-006
14763,5.341e-007
14764,3.8031e-007
14765,4.6005e-007
14766,5.5253e-007
14767,3.6709e-007
14768,3.63e-006
14769,3.8535e-006
14770,3.8864e-006
14771,4.0594e-006
14772,3.7926e-006
14773,3.6047e-006
14774,3.5964e-006
14775,2.7526e-012
14776,4.7638e-012
14777,1.0103e-011
14778,1.1611e-010
14779,1.5976e-010
14780,2.4145e-008
14781,4.7034e-008
14782,4.1326e-008
14783,2.0987e-009
14784,1.2099e-006
14785,8.6891e-007
14786,7.4224e-007
14787,9.6174e-007
14788,9.6227e-007
14789,1.0762e-006
14790,7.8385e-007
14791,1.7558e-006
14792,2.8213e-006
14793,2.6242e-006
14794,2.0112e-006
14795,2.5393e-006
14796,2.6809e-006
14797,1.8659e-006
14798,2.3467e-006
14799,2.2959e-006
14800,2.8674e-006
14801,3.2733e-006
14802,3.3578e-006
14803,3.6068e-006
14804,2.8249e-006
14805,2.2329e-012
14806,6.4364e-013
14807,8.4818e-013
14808,1.3566e-006
14809,1.3664e-006
14810,7.5842e-007
14811,1.0341e-006
14812,9.7729e-007
14813,8.9295e-007
14814,1.1605e-006
14815,1.3293e-006
14816,1.2989e-006
14817,3.4419e-006
14818,3.8006e-006
14819,3.8123e-006
14820,3.6071e-006
14821,3.4354e-006
14822,3.3049e-006
14823,4.0756e-006
14824,4.1118e-006
14825,3.866e-006
14826,4.2051e-006
14827,4.828e-011
14828,1.0588e-010
14829,3.4127e-006
14830,3.0518e-006
14831,3.7504e-006
14832,3.4523e-006
14833,3.6923e-006
14834,3.4835e-006
14835,3.449e-006
14836,3.7782e-006
14837,3.1428e-006
14838,3.7757e-006
14839,3.8422e-006
14840,3.3159e-006
14841,3.5979e-006
14842,3.5565e-006
14843,3.7744e-006
14844,3.4641e-006
14845,2.95e-006
14846,3.7224e-006
14847,3.7349e-006
14848,3.7636e-006
14849,3.7699e-006
14850,3.3254e-006
14851,3.3876e-006
14852,2.8965e-006
14853,1.123e-009
14854,2.9682e-010
14855,7.3265e-010
14856,3.5678e-009
14857,3.2748e-009
14858,1.3007e-009
14859,2.1709e-006
14860,1.3383e-006
14861,1.7891e-006
14862,1.6993e-006
14863,2.001e-006
14864,2.72e-006
14865,3.3326e-006
14866,3.3655e-006
14867,2.8653e-006
14868,3.23e-006
14869,2.7292e-006
14870,1.8483e-006
14871,2.4878e-006
14872,2.0082e-006
14873,2.4725e-006
14874,2.5717e-006
14875,2.355e-006
14876,1.8619e-006
14877,2.209e-006
14878,2.2376e-011
14879,3.4312e-011
14880,4.6016e-011
14881,1.9241e-011
14882,2.2809e-007
14883,1.1702e-007
14884,2.7627e-007
14885,3.5836e-007
14886,1.6474e-006
14887,1.391e-006
14888,1.0588e-006
14889,1.1991e-006
14890,1.5877e-006
14891,1.4632e-006
14892,3.7402e-006
14893,3.739e-006
14894,3.3947e-006
14895,3.7062e-006
14896,3.7551e-006
14897,3.3748e-006
14898,3.0369e-006
14899,3.7595e-006
14900,3.7193e-006
14901,3.6629e-006
14902,3.4454e-006
14903,3.8046e-006
14904,3.2035e-006
14905,3.108e-006
14906,3.106e-006
14907,2.0022e-006
14908,2.2115e-006
14909,2.9283e-006
14910,2.9128e-006
14911,2.1638e-006
14912,2.5451e-006
14913,3.3758e-006
14914,3.6217e-006
14915,3.27e-006
14916,2.9428e-006
14917,3.511e-006
14918,2.7241e-006
14919,3.2498e-006
14920,3.1632e-006
14921,3.126e-006
14922,1.4982e-011
14923,1.3394e-011
14924,4.789e-009
14925,3.4395e-006
14926,2.9176e-006
14927,3.276e-006
14928,3.0366e-006
14929,3.3302e-006
14930,3.0262e-006
14931,3.253e-006
14932,2.6425e-006
14933,2.531e-006
14934,2.8632e-006
14935,2.1444e-006
14936,2.4839e-006
14937,1.1799e-013
14938,7.3516e-014
14939,6.0662e-014
14940,7.8765e-014
14941,7.5774e-014
14942,9.1033e-007
14943,9.0289e-007
14944,7.5178e-007
14945,1.2418e-006
14946,1.1259e-006
14947,1.3808e-006
14948,1.2521e-006
14949,1.0575e-006
14950,9.1373e-007
14951,3.4643e-006
14952,2.8913e-006
14953,2.8167e-006
14954,3.2952e-006
14955,2.7879e-006
14956,3.1253e-006
14957,2.6952e-006
14958,2.8806e-006
14959,3.7944e-006
14960,3.4942e-006
14961,3.6637e-006
14962,3.7985e-006
14963,3.8428e-006
14964,3.5925e-006
14965,3.457e-006
14966,3.7881e-006
14967,3.3834e-006
14968,3.6785e-006
14969,3.8105e-006
14970,3.2826e-006
14971,3.5858e-006
14972,2.6693e-006
14973,2.7388e-006
14974,3.222e-006
14975,3.0579e-006
14976,3.0534e-006
14977,2.1101e-006
14978,2.1865e-006
14979,1.9458e-006
14980,2.1271e-006
14981,1.5449e-006
14982,1.7379e-006
14983,3.1334e-006
14984,2.106e-006
14985,2.1942e-006
14986,2.8401e-006
14987,2.7665e-006
14988,2.6418e-006
14989,2.2417e-006
14990,1.4084e-012
14991,6.642e-013
14992,5.9183e-013
14993,1.2112e-012
14994,7.7645e-013
14995,3.0576e-011
14996,6.0779e-009
14997,1.1069e-008
14998,7.0529e-009
14999,5.3644e-009
15000,7.5771e-009
15001,7.2532e-010
15002,3.6804e-010
15003,7.4225e-012
15004,6.4427e-012
15005,8.4427e-012
15006,9.0456e-012
15007,3.8157e-007
15008,4.6184e-007
15009,1.2232e-012
15010,1.9536e-012
15011,1.2022e-012
15012,2.5418e-006
15013,2.5517e-006
15014,2.7583e-006
15015,2.3863e-006
15016,3.7203e-006
15017,3.6333e-006
15018,3.316e-006
15019,3.3692e-006
15020,3.3632e-008
15021,8.3887e-009
15022,6.0381e-008
15023,1.2134e-007
15024,1.1271e-007
15025,6.8093e-008
15026,9.789e-008
15027,2.1908e-013
15028,1.0497e-013
15029,1.5366e-013
15030,9.3297e-014
15031,1.4486e-006
15032,1.2225e-006
15033,8.7555e-007
15034,1.0692e-006
15035,1.6466e-006
15036,1.6468e-006
15037,1.2638e-006
15038,1.537e-006
15039,3.7669e-006
15040,3.8091e-006
15041,3.7024e-006
15042,3.3565e-006
15043,3.2692e-006
15044,1.0661e-006
15045,9.6524e-007
15046,7.1625e-007
15047,9.3352e-007
15048,8.9414e-007
15049,8.2157e-007
15050,1.8783e-006
15051,2.334e-006
15052,2.3605e-006
15053,1.8961e-006
15054,2.043e-006
15055,3.4883e-012
15056,7.5302e-012
15057,8.2983e-012
15058,5.4254e-012
15059,4.3203e-012
15060,6.7205e-012
15061,3.7179e-006
15062,3.7896e-006
15063,3.7371e-006
15064,3.3325e-006
15065,3.5191e-006
15066,3.0847e-006
15067,2.9142e-006
15068,2.8025e-006
15069,2.785e-006
15070,2.4944e-006
15071,2.7248e-006
15072,2.2296e-006
15073,3.5305e-006
15074,3.8684e-006
15075,3.8968e-006
15076,3.4768e-006
15077,3.7308e-006
15078,3.8459e-006
15079,3.7215e-006
15080,3.842e-006
15081,3.4973e-006
15082,3.7688e-006
15083,3.9743e-006
15084,4.0293e-006
15085,3.6628e-006
15086,4.3075e-006
15087,4.0474e-006
15088,3.8653e-006
15089,1.6737e-006
15090,1.261e-006
15091,1.6617e-006
15092,1.6712e-006
15093,1.2659e-006
15094,1.9185e-006
15095,1.4355e-006
15096,1.9396e-006
15097,2.1093e-006
15098,2.1603e-006
15099,2.4826e-006
15100,2.1477e-006
15101,1.8006e-006
15102,2.0308e-006
15103,1.8466e-006
15104,1.698e-006
15105,2.0698e-006
15106,1.5393e-006
15107,2.1744e-006
15108,2.3536e-006
15109,2.3323e-013
15110,1.8918e-013
15111,1.1125e-013
15112,2.3052e-013
15113,1.2053e-013
15114,2.8932e-006
15115,3.6628e-006
15116,3.5805e-006
15117,2.9417e-006
15118,3.6178e-006
15119,3.5548e-006
15120,3.3214e-006
15121,3.8445e-006
15122,3.7837e-006
15123,3.8324e-006
15124,3.8441e-006
15125,3.8304e-006
15126,3.3399e-006
15127,3.5043e-006
15128,3.9918e-006
15129,3.6227e-006
15130,3.9389e-006
15131,4.0016e-006
15132,3.6784e-006
15133,2.309e-006
15134,2.7109e-006
15135,2.4976e-006
15136,2.8531e-012
15137,4.166e-012
15138,3.4605e-012
15139,1.9058e-006
15140,2.1766e-006
15141,1.9067e-006
15142,3.1233e-008
15143,5.3755e-008
15144,3.4604e-008
15145,2.2443e-006
15146,1.5233e-006
15147,2.1031e-006
15148,1.9968e-006
15149,1.8011e-006
15150,2.0645e-006
15151,6.8559e-011
15152,2.6654e-006
15153,2.8322e-006
15154,2.983e-006
15155,2.3716e-006
15156,1.942e-011
15157,1.9383e-011
15158,1.6483e-011
15159,1.7452e-006
15160,2.1033e-006
15161,2.169e-006
15162,2.3504e-006
15163,1.8031e-006
15164,2.237e-006
15165,1.6616e-006
15166,1.7097e-006
15167,1.9815e-006
15168,2.1795e-006
15169,3.1733e-006
15170,3.5634e-006
15171,3.5684e-006
15172,3.0508e-006
15173,3.2272e-006
15174,3.3856e-006
15175,3.3037e-012
15176,1.8437e-012
15177,2.5617e-012
15178,4.4013e-013
15179,5.2075e-013
15180,1.2378e-006
15181,1.1119e-006
15182,8.4896e-007
15183,1.1059e-006
15184,1.2819e-006
15185,9.2808e-007
15186,3.6962e-006
15187,3.8749e-006
15188,4.0126e-006
15189,3.9874e-006
15190,3.6162e-006
15191,2.8581e-006
15192,2.9995e-006
15193,2.5556e-006
15194,9.2808e-010
15195,2.7426e-008
15196,4.5252e-008
15197,6.6472e-008
15198,1.3546e-010
15199,2.4918e-006
15200,2.7547e-006
15201,2.8827e-006
15202,2.3584e-006
15203,2.9833e-006
15204,2.6491e-013
15205,2.8337e-013
15206,4.8724e-013
15207,2.1014e-013
15208,3.7358e-006
15209,3.5327e-006
15210,3.8335e-006
15211,3.3424e-006
15212,1.821e-006
15213,2.0615e-006
15214,2.5361e-006
15215,2.8509e-006
15216,2.1719e-006
15217,2.0385e-006
15218,2.4479e-006
15219,2.8791e-006
15220,3.0817e-006
15221,2.3695e-006
15222,2.8322e-006
15223,2.4373e-006
15224,2.6598e-007
15225,1.7836e-007
15226,2.5213e-006
15227,2.9223e-006
15228,2.6284e-006
15229,2.9549e-006
15230,2.9297e-006
15231,2.4406e-006
15232,1.9745e-006
15233,2.3437e-006
15234,1.2394e-012
15235,1.3674e-012
15236,1.8879e-012
15237,2.8036e-012
15238,3.9444e-006
15239,3.7438e-006
15240,3.9216e-006
15241,4.1337e-006
15242,4.0215e-006
15243,3.985e-006
15244,3.9678e-006
15245,3.5031e-006
15246,3.7513e-006
15247,3.8488e-006
15248,3.559e-006
15249,3.8739e-006
15250,3.3652e-006
15251,2.5704e-013
15252,4.8624e-013
15253,3.8009e-006
15254,3.4282e-006
15255,3.7915e-006
15256,3.458e-006
15257,4.6302e-007
15258,4.385e-007
15259,1.1054e-011
15260,5.9748e-012
15261,9.6658e-012
15262,4.1672e-013
15263,2.0536e-009
15264,7.1042e-014
15265,1.3764e-006
15266,1.8122e-006
15267,1.3808e-006
15268,1.8256e-006
15269,2.1153e-006
15270,1.582e-006
15271,1.375e-006
15272,1.1246e-006
15273,1.3125e-006
15274,1.8356e-006
15275,1.6591e-006
15276,1.387e-006
15277,1.5323e-006
15278,1.093e-006
15279,1.4765e-006
15280,1.0204e-006
15281,1.5011e-006
15282,1.2739e-006
15283,1.6265e-006
15284,1.3043e-006
15285,3.6381e-006
15286,3.7695e-006
15287,3.5742e-006
15288,3.436e-006
15289,3.7623e-006
15290,4.0837e-006
15291,4.0291e-006
15292,1.4942e-007
15293,1.2787e-007
15294,1.1602e-006
15295,1.4834e-006
15296,1.1651e-006
15297,1.4224e-006
15298,7.9414e-012
15299,9.3967e-012
15300,9.9494e-012
15301,2.5339e-006
15302,2.4547e-006
15303,2.3791e-006
15304,1.9805e-006
15305,5.1889e-010
15306,3.8971e-006
15307,3.8615e-006
15308,2.2624e-006
15309,1.4138e-006
15310,1.7312e-006
15311,1.722e-006
15312,1.1529e-008
15313,1.2374e-008
15314,2.0983e-008
15315,3.4682e-006
15316,3.8304e-006
15317,3.8533e-006
15318,3.7229e-006
15319,3.578e-006
15320,4.0282e-006
15321,3.8658e-006
15322,4.0608e-006
15323,4.2382e-006
15324,3.7698e-006
15325,1.8141e-006
15326,1.9017e-006
15327,1.4328e-006
15328,1.8298e-006
15329,3.5482e-006
15330,3.8609e-006
15331,3.8278e-006
15332,3.8997e-006
15333,3.9825e-006
15334,3.5783e-006
15335,3.9413e-006
15336,4.1507e-006
15337,3.7624e-006
15338,3.9843e-006
15339,3.586e-006
15340,3.8419e-006
15341,3.9055e-006
15342,3.9957e-006
15343,3.5872e-006
15344,4.1387e-006
15345,3.5484e-006
15346,4.1282e-006
15347,3.8434e-006
15348,4.0486e-006
15349,3.6008e-006
15350,2.3474e-006
15351,2.4585e-006
15352,2.7004e-006
15353,1.748e-006
15354,3.7241e-006
15355,3.7444e-006
15356,3.8937e-006
15357,3.8213e-006
15358,3.8037e-006
15359,3.9413e-006
15360,3.466e-006
15361,1.1565e-006
15362,1.217e-006
15363,1.5539e-006
15364,1.1017e-006
15365,1.5369e-006
15366,1.3746e-006
15367,1.4333e-006
15368,1.1611e-006
15369,1.6552e-006
15370,1.5589e-006
15371,2.7384e-006
15372,2.2507e-006
15373,2.5201e-006
15374,2.7326e-006
15375,2.4831e-006
15376,2.9186e-006
15377,4.5688e-013
15378,2.7295e-013
15379,3.1976e-013
15380,3.44e-006
15381,3.1207e-006
15382,3.3694e-006
15383,7.6518e-007
15384,8.1848e-007
15385,1.0055e-006
15386,1.0575e-006
15387,1.2508e-006
15388,1.1702e-006
15389,9.1185e-007
15390,1.4622e-006
15391,3.9807e-006
15392,4.095e-006
15393,3.5689e-006
15394,3.8064e-006
15395,4.0035e-006
15396,3.9762e-006
15397,4.2771e-006
15398,3.8483e-006
15399,4.4109e-012
15400,2.8988e-012
15401,3.8546e-012
15402,6.3982e-012
15403,4.8712e-009
15404,7.5708e-009
15405,2.9545e-006
15406,3.2996e-006
15407,3.2646e-006
15408,3.3621e-006
15409,3.5016e-006
15410,3.1967e-006
15411,3.434e-006
15412,3.0683e-006
15413,3.3639e-006
15414,3.3446e-006
15415,3.4138e-006
15416,4.0332e-006
15417,3.9717e-006
15418,4.1431e-006
15419,3.8125e-006
15420,3.9701e-006
15421,3.7617e-006
15422,4.0388e-006
15423,7.7752e-007
15424,5.5994e-007
15425,6.613e-007
15426,3.1717e-006
15427,3.6918e-006
15428,3.5279e-006
15429,3.0891e-006
15430,3.3958e-006
15431,1.5404e-006
15432,1.8992e-006
15433,1.7413e-006
15434,2.0725e-006
15435,3.4334e-006
15436,3.8063e-006
15437,3.5555e-006
15438,3.6333e-006
15439,3.0268e-006
15440,3.4253e-006
15441,3.8963e-005
15442,4.7989e-005
15443,4.0201e-005
15444,6.5552e-005
15445,6.3686e-005
15446,4.9971e-005
15447,4.4821e-005
15448,5.0085e-005
15449,4.0426e-005
15450,6.8312e-005
15451,4.671e-005
15452,8.8618e-005
15453,7.0499e-005
15454,7.635e-005
15455,5.7135e-005
15456,4.9025e-005
15457,5.1348e-005
15458,5.2774e-005
15459,4.7758e-005
15460,5.7805e-005
15461,7.8753e-005
15462,8.549e-004
15463,8.8999e-004
15464,7.8418e-004
15465,9.5999e-004
15466,7.7726e-004
15467,9.6609e-004
15468,3.5949e-005
15469,3.0125e-005
15470,2.7808e-005
15471,4.5877e-005
15472,3.9894e-005
15473,3.0302e-005
15474,3.8059e-005
15475,3.0002e-005
15476,3.1836e-005
15477,3.0483e-005
15478,3.7645e-005
15479,2.7009e-005
15480,3.3997e-005
15481,4.1504e-005
15482,3.4857e-005
15483,2.8716e-005
15484,2.8022e-005
15485,3.0199e-005
15486,2.5346e-005
15487,2.927e-005
15488,2.4888e-005
15489,2.8235e-005
15490,2.0886e-005
15491,2.3241e-005
15492,3.6143e-005
15493,2.6289e-005
15494,2.9156e-005
15495,2.0789e-005
15496,2.4533e-005
15497,2.8047e-005
15498,2.3149e-005
15499,2.1817e-005
15500,2.0915e-005
15501,2.8977e-005
15502,1.9907e-005
15503,1.8779e-005
15504,1.8082e-005
15505,2.4093e-005
15506,1.9967e-005
15507,2.3887e-005
15508,1.7534e-005
15509,1.8237e-005
15510,1.9573e-005
15511,1.9382e-005
15512,2.2036e-005
15513,4.4498e-004
15514,5.1466e-004
15515,4.1531e-004
15516,5.8062e-004
15517,4.5749e-004
15518,5.5524e-004
15519,2.7939e-005
15520,1.9368e-005
15521,1.8839e-005
15522,2.8775e-005
15523,1.9424e-005
15524,2.1633e-005
15525,2.3216e-005
15526,2.1269e-005
15527,2.4099e-005
15528,1.8971e-005
15529,1.9553e-005
15530,1.4401e-003
15531,1.3744e-003
15532,1.2644e-003
15533,1.3749e-003
15534,1.2193e-003
15535,1.2867e-003
15536,3.2263e-005
15537,1.9986e-005
15538,2.6066e-005
15539,2.4585e-005
15540,1.9915e-005
15541,2.1856e-005
15542,2.1572e-005
15543,3.079e-005
15544,2.2658e-005
15545,2.2087e-005
15546,2.5795e-005
15547,2.0726e-005
15548,2.0282e-005
15549,1.1728e-003
15550,1.3468e-003
15551,1.2028e-003
15552,1.3393e-003
15553,1.2596e-003
15554,1.3955e-003
15555,4.077e-004
15556,5.4109e-004
15557,3.5884e-004
15558,4.743e-004
15559,3.9246e-004
15560,4.7295e-004
15561,1.0885e-005
15562,1.4902e-005
15563,1.1168e-005
15564,1.2969e-005
15565,1.0454e-005
15566,1.3124e-005
15567,1.1904e-005
15568,1.0383e-005
15569,1.2981e-005
15570,1.1658e-005
15571,1.0643e-005
15572,1.1429e-005
15573,2.455e-005
15574,2.9783e-005
15575,2.3685e-005
15576,2.3009e-005
15577,2.8023e-005
15578,3.815e-005
15579,2.6383e-005
15580,3.0055e-005
15581,2.3127e-005
15582,2.5164e-005
15583,1.6222e-005
15584,1.6226e-005
15585,1.451e-005
15586,1.4344e-005
15587,1.8325e-005
15588,1.4442e-005
15589,1.4952e-005
15590,1.3335e-005
15591,1.5847e-005
15592,2.8136e-005
15593,2.9101e-005
15594,3.5479e-005
15595,2.669e-005
15596,3.7325e-005
15597,2.5689e-005
15598,3.4466e-005
15599,2.8646e-005
15600,2.757e-005
15601,4.6571e-005
15602,4.1379e-005
15603,3.4875e-005
15604,2.8036e-005
15605,3.3411e-005
15606,2.7061e-005
15607,2.8464e-005
15608,3.1733e-005
15609,3.8864e-005
15610,2.9714e-005
15611,2.7648e-005
15612,1.3341e-003
15613,1.3381e-003
15614,1.1512e-003
15615,1.1575e-003
15616,1.2592e-003
15617,1.3056e-003
15618,1.2429e-003
15619,1.3072e-003
15620,1.3636e-005
15621,1.1182e-005
15622,9.6902e-006
15623,1.0193e-005
15624,1.2423e-005
15625,1.0208e-005
15626,9.6964e-006
15627,1.1497e-005
15628,1.0421e-005
15629,1.1046e-005
15630,1.0071e-005
15631,1.0806e-005
15632,3.385e-005
15633,5.0205e-005
15634,3.9258e-005
15635,5.1256e-005
15636,3.929e-005
15637,4.0766e-005
15638,3.8968e-005
15639,3.358e-005
15640,3.3974e-005
15641,1.9133e-003
15642,1.8273e-003
15643,1.9831e-003
15644,1.8727e-003
15645,1.9949e-003
15646,1.8188e-003
15647,1.7462e-005
15648,2.5491e-005
15649,2.0132e-005
15650,1.9251e-005
15651,1.7583e-005
15652,1.7704e-005
15653,1.7831e-005
15654,1.9866e-005
15655,2.1266e-005
15656,1.8453e-004
15657,1.4594e-004
15658,2.241e-004
15659,1.2852e-004
15660,1.3404e-004
15661,1.9214e-004
15662,2.0669e-004
15663,1.7589e-003
15664,1.9611e-003
15665,1.7598e-003
15666,1.8906e-003
15667,1.869e-003
15668,1.8046e-003
15669,1.9257e-003
15670,1.6586e-005
15671,1.6428e-005
15672,2.0292e-005
15673,1.8639e-005
15674,1.6998e-005
15675,2.1823e-005
15676,1.9039e-005
15677,1.5797e-005
15678,1.8442e-005
15679,2.4385e-004
15680,1.7679e-004
15681,2.8161e-004
15682,2.4897e-004
15683,1.9822e-004
15684,2.0154e-004
15685,2.3177e-004
15686,1.1863e-004
15687,7.9644e-005
15688,8.0962e-005
15689,1.275e-004
15690,1.359e-004
15691,9.9993e-005
15692,9.1003e-005
15693,8.0401e-005
15694,9.4905e-004
15695,8.511e-004
15696,7.417e-004
15697,7.3813e-004
15698,9.4412e-004
15699,7.622e-004
15700,1.0132e-003
15701,9.3821e-004
15702,8.4813e-004
15703,8.033e-004
15704,7.8805e-004
15705,9.8621e-004
15706,1.011e-003
15707,1.5412e-005
15708,1.2831e-005
15709,1.2912e-005
15710,1.4411e-005
15711,1.3138e-005
15712,1.1726e-005
15713,1.3189e-005
15714,1.2124e-005
15715,1.5096e-005
15716,1.242e-005
15717,1.3479e-005
15718,1.2181e-005
15719,1.2374e-005
15720,1.6335e-005
15721,1.1645e-005
15722,1.3422e-005
15723,1.1392e-005
15724,1.2785e-005
15725,1.3073e-005
15726,1.449e-005
15727,1.546e-005
15728,2.1242e-005
15729,1.4834e-005
15730,1.9204e-005
15731,1.4867e-005
15732,1.6037e-005
15733,1.697e-005
15734,1.4077e-005
15735,1.8007e-005
15736,1.5161e-005
15737,1.6093e-005
15738,5.5261e-005
15739,4.7626e-005
15740,7.559e-005
15741,7.9411e-005
15742,5.6583e-005
15743,4.4014e-005
15744,5.3226e-005
15745,5.2334e-005
15746,1.8676e-005
15747,1.287e-005
15748,1.4387e-005
15749,1.2603e-005
15750,1.4177e-005
15751,1.239e-005
15752,1.7506e-005
15753,1.3428e-005
15754,1.3186e-005
15755,1.5151e-005
15756,1.3996e-005
15757,1.4081e-005
15758,1.8925e-005
15759,1.6005e-005
15760,1.5856e-005
15761,1.3859e-005
15762,1.391e-005
15763,1.6011e-005
15764,1.5859e-005
15765,1.4091e-005
15766,2.05e-005
15767,1.5265e-005
15768,1.3991e-005
15769,1.3888e-005
15770,1.5099e-005
15771,1.7598e-005
15772,1.8528e-005
15773,1.7724e-005
15774,1.483e-005
15775,1.4361e-005
15776,1.3238e-005
15777,1.4329e-005
15778,1.3619e-005
15779,1.1677e-005
15780,1.147e-005
15781,1.0314e-005
15782,1.056e-005
15783,1.1532e-005
15784,9.5037e-006
15785,9.9555e-006
15786,1.4309e-005
15787,1.2417e-005
15788,1.1394e-005
15789,1.2973e-005
15790,1.1106e-005
15791,1.1593e-005
15792,1.0273e-005
15793,1.0861e-005
15794,1.2564e-005
15795,1.0536e-005
15796,2.0008e-003
15797,2.0611e-003
15798,1.9669e-003
15799,2.0622e-003
15800,1.9561e-003
15801,1.9815e-003
15802,2.0007e-003
15803,2.0181e-003
15804,1.4382e-005
15805,1.3191e-005
15806,1.4867e-005
15807,1.6617e-005
15808,1.3152e-005
15809,1.318e-005
15810,1.2205e-005
15811,1.3539e-005
15812,1.3555e-005
15813,1.801e-005
15814,1.4886e-005
15815,1.3773e-005
15816,1.3365e-005
15817,1.5373e-005
15818,1.3748e-005
15819,1.3656e-005
15820,1.6005e-005
15821,1.5155e-005
15822,1.5785e-003
15823,1.5117e-003
15824,1.6772e-003
15825,1.5616e-003
15826,1.6296e-003
15827,1.5799e-003
15828,1.4895e-003
15829,1.6548e-003
15830,1.5972e-003
15831,1.4903e-003
15832,1.6464e-003
15833,3.1445e-005
15834,4.7004e-005
15835,4.7954e-005
15836,3.7318e-005
15837,3.1197e-005
15838,3.2642e-005
15839,3.2195e-005
15840,2.912e-005
15841,3.8573e-005
15842,4.0561e-005
15843,2.9499e-005
15844,2.6463e-005
15845,3.7172e-005
15846,3.5932e-005
15847,4.3784e-005
15848,3.0283e-005
15849,3.7151e-005
15850,3.0448e-005
15851,3.7422e-005
15852,2.5588e-005
15853,2.5811e-005
15854,2.9172e-005
15855,3.7263e-005
15856,5.0751e-005
15857,4.1705e-005
15858,4.6169e-005
15859,4.0903e-005
15860,4.1907e-005
15861,3.5829e-005
15862,3.4518e-005
15863,1.3706e-005
15864,1.514e-005
15865,1.783e-005
15866,2.145e-005
15867,1.8539e-005
15868,1.4712e-005
15869,1.546e-005
15870,1.3885e-005
15871,1.2738e-005
15872,1.7003e-005
15873,1.6859e-005
15874,1.7467e-005
15875,1.3685e-005
15876,1.3094e-005
15877,1.5264e-005
15878,1.5217e-005
15879,1.3192e-005
15880,1.3329e-005
15881,1.3086e-005
15882,1.2196e-005
15883,1.536e-005
15884,1.6277e-005
15885,1.4541e-005
15886,1.5966e-005
15887,1.5539e-005
15888,1.7508e-005
15889,1.4672e-005
15890,2.0127e-005
15891,1.4382e-005
15892,1.4851e-005
15893,1.5646e-005
15894,1.8315e-005
15895,1.6679e-005
15896,2.0505e-005
15897,2.4635e-005
15898,1.8135e-005
15899,2.1953e-005
15900,3.1525e-005
15901,2.5551e-005
15902,1.9127e-005
15903,2.153e-005
15904,1.9219e-005
15905,2.2818e-005
15906,1.3168e-005
15907,1.4269e-005
15908,1.2849e-005
15909,1.6952e-005
15910,1.2812e-005
15911,1.4587e-005
15912,1.2461e-005
15913,1.4334e-005
15914,1.1938e-005
15915,1.1965e-005
15916,1.4836e-005
15917,1.3039e-005
15918,1.6298e-005
15919,1.4215e-005
15920,1.4419e-005
15921,2.1475e-005
15922,1.3628e-005
15923,1.6438e-005
15924,1.4076e-005
15925,1.6156e-005
15926,1.6571e-005
15927,1.5024e-005
15928,4.2672e-005
15929,3.062e-005
15930,2.6965e-005
15931,4.1379e-005
15932,2.8317e-005
15933,3.2863e-005
15934,3.546e-005
15935,1.22e-005
15936,1.3356e-005
15937,1.5654e-005
15938,1.2282e-005
15939,1.4105e-005
15940,1.1469e-005
15941,1.429e-005
15942,1.2108e-005
15943,1.2613e-005
15944,1.4381e-005
15945,1.4241e-003
15946,1.3443e-003
15947,1.473e-003
15948,1.3354e-003
15949,1.0917e-003
15950,1.1924e-003
15951,1.1172e-003
15952,1.1835e-003
15953,1.4629e-005
15954,1.4282e-005
15955,1.3273e-005
15956,1.6774e-005
15957,1.3191e-005
15958,1.3493e-005
15959,1.7192e-005
15960,1.4073e-005
15961,1.3396e-005
15962,4.6446e-004
15963,4.0596e-004
15964,3.6847e-004
15965,3.3266e-004
15966,3.6311e-004
15967,3.4791e-004
15968,3.9461e-004
15969,9.6135e-004
15970,1.0912e-003
15971,1.0569e-003
15972,1.1472e-003
15973,8.7603e-004
15974,1.0838e-003
15975,8.7537e-004
15976,1.0404e-003
15977,1.4238e-005
15978,1.5698e-005
15979,1.4127e-005
15980,1.3387e-005
15981,1.7209e-005
15982,1.4031e-005
15983,1.6457e-005
15984,1.4694e-005
15985,2.043e-005
15986,1.5278e-005
15987,1.7692e-005
15988,1.3828e-005
15989,1.541e-005
15990,1.4836e-005
15991,1.8198e-005
15992,1.5581e-004
15993,2.3908e-004
15994,2.3177e-004
15995,1.7301e-004
15996,2.0636e-004
15997,1.756e-004
15998,2.2001e-004
15999,1.3837e-003
16000,1.3203e-003
16001,1.5029e-003
16002,1.4572e-003
16003,1.4496e-003
16004,1.1573e-005
16005,9.2275e-006
16006,9.6398e-006
16007,9.1499e-006
16008,9.0967e-006
16009,1.0118e-005
16010,1.8399e-003
16011,1.9951e-003
16012,1.936e-003
16013,2.0075e-003
16014,1.8809e-003
16015,1.8852e-003
16016,1.9064e-003
16017,1.2638e-005
16018,1.0954e-005
16019,1.0738e-005
16020,1.0301e-005
16021,1.0085e-005
16022,1.1693e-005
16023,1.1548e-005
16024,1.3297e-005
16025,1.6901e-005
16026,1.3406e-005
16027,1.7174e-005
16028,1.3254e-005
16029,1.4326e-005
16030,1.3436e-005
16031,1.3028e-005
16032,1.5078e-005
16033,1.5344e-005
16034,1.2708e-005
16035,4.7503e-004
16036,6.1648e-004
16037,6.0252e-004
16038,5.4198e-004
16039,4.632e-004
16040,7.2883e-004
16041,7.0133e-004
16042,7.8696e-004
16043,5.7047e-005
16044,5.0556e-005
16045,4.8849e-005
16046,5.729e-005
16047,6.0025e-005
16048,5.6713e-005
16049,5.1079e-005
16050,5.0511e-005
16051,7.5284e-004
16052,9.8953e-004
16053,7.6265e-004
16054,4.907e-005
16055,7.2492e-005
16056,4.0775e-005
16057,4.6659e-005
16058,3.2704e-004
16059,3.2099e-004
16060,3.4932e-004
16061,4.385e-004
16062,3.9233e-004
16063,3.0711e-004
16064,2.1783e-005
16065,2.6624e-005
16066,1.8604e-005
16067,1.855e-005
16068,2.2166e-005
16069,1.8664e-005
16070,1.9624e-005
16071,2.0405e-003
16072,2.0684e-003
16073,2.0092e-003
16074,2.1019e-003
16075,2.0367e-003
16076,2.1052e-003
16077,2.0576e-003
16078,2.1286e-003
16079,2.6949e-005
16080,3.245e-005
16081,2.3226e-005
16082,2.3539e-005
16083,2.3518e-005
16084,2.3458e-005
16085,2.1143e-005
16086,2.7329e-005
16087,2.7606e-005
16088,9.8722e-005
16089,1.0564e-004
16090,1.3462e-004
16091,1.1761e-004
16092,1.3688e-004
16093,1.0848e-004
16094,1.361e-005
16095,1.2131e-005
16096,1.2048e-005
16097,1.2494e-005
16098,1.1306e-005
16099,1.2407e-005
16100,1.1124e-005
16101,1.3999e-005
16102,2.1203e-005
16103,1.3766e-005
16104,1.5958e-005
16105,1.4079e-005
16106,1.2817e-005
16107,1.384e-005
16108,1.5895e-005
16109,2.3478e-005
16110,3.4706e-005
16111,2.82e-005
16112,2.2531e-005
16113,2.1035e-005
16114,2.5601e-005
16115,3.2255e-005
16116,2.2101e-005
16117,2.6121e-005
16118,2.4921e-005
16119,2.2176e-005
16120,2.11e-005
16121,6.4402e-004
16122,5.762e-004
16123,6.5688e-004
16124,5.7557e-004
16125,1.6909e-005
16126,1.9671e-005
16127,1.5403e-005
16128,2.1838e-005
16129,1.6944e-005
16130,1.5618e-005
16131,1.5675e-005
16132,1.7577e-005
16133,1.7683e-005
16134,1.6915e-005
16135,2.9953e-004
16136,3.3663e-004
16137,2.0253e-004
16138,2.1389e-004
16139,1.6786e-003
16140,1.6381e-003
16141,1.5918e-003
16142,1.7231e-003
16143,1.6707e-003
16144,1.3717e-005
16145,1.5465e-005
16146,1.3478e-005
16147,1.2156e-005
16148,1.1822e-005
16149,1.3827e-005
16150,1.3636e-005
16151,1.2367e-005
16152,1.2515e-005
16153,1.2972e-005
16154,1.164e-005
16155,1.2589e-005
16156,1.159e-005
16157,1.3756e-005
16158,1.4043e-005
16159,1.4174e-005
16160,1.6008e-005
16161,1.391e-005
16162,1.4353e-005
16163,1.3908e-005
16164,1.5648e-005
16165,1.6171e-005
16166,1.516e-005
16167,1.435e-005
16168,1.4074e-005
16169,1.3986e-005
16170,1.3698e-005
16171,1.4669e-005
16172,1.5392e-005
16173,1.6613e-005
16174,7.0149e-005
16175,6.5187e-005
16176,9.7722e-005
16177,8.1256e-005
16178,6.3514e-005
16179,7.1215e-005
16180,6.7777e-005
16181,8.6782e-005
16182,8.5957e-005
16183,1.0206e-005
16184,1.0973e-005
16185,9.8252e-006
16186,1.0103e-005
16187,1.2201e-005
16188,1.0261e-005
16189,1.0399e-005
16190,4.23e-004
16191,4.8217e-004
16192,4.2068e-004
16193,4.8883e-004
16194,3.9496e-004
16195,3.9671e-004
16196,1.3267e-005
16197,1.3116e-005
16198,1.5015e-005
16199,1.3637e-005
16200,1.3336e-005
16201,1.2505e-005
16202,1.3911e-005
16203,1.6443e-005
16204,1.523e-004
16205,1.5377e-004
16206,1.256e-004
16207,1.0637e-004
16208,1.0352e-004
16209,1.0972e-004
16210,2.1814e-005
16211,1.581e-005
16212,1.9296e-005
16213,1.5945e-005
16214,1.6728e-005
16215,1.5706e-005
16216,1.6816e-005
16217,1.8907e-005
16218,3.0904e-005
16219,2.1817e-005
16220,2.28e-005
16221,2.5215e-005
16222,2.1827e-005
16223,2.2233e-005
16224,2.4621e-005
16225,1.2829e-005
16226,1.2411e-005
16227,1.7305e-005
16228,1.378e-005
16229,1.3117e-005
16230,1.2966e-005
16231,1.2751e-005
16232,1.4962e-005
16233,5.8576e-005
16234,9.5523e-005
16235,6.6755e-005
16236,8.0705e-005
16237,6.5535e-005
16238,8.7615e-005
16239,7.0653e-005
16240,1.6561e-005
16241,1.346e-005
16242,1.3326e-005
16243,1.5275e-005
16244,1.4983e-005
16245,1.356e-005
16246,1.4737e-005
16247,6.6356e-004
16248,5.8711e-004
16249,5.7197e-004
16250,2.0353e-005
16251,1.878e-005
16252,1.8988e-005
16253,2.3802e-005
16254,2.3089e-005
16255,2.0708e-005
16256,2.0248e-005
16257,2.3344e-005
16258,1.9406e-005
16259,2.0777e-005
16260,1.2245e-005
16261,1.0532e-005
16262,1.0204e-005
16263,9.9902e-006
16264,9.5694e-006
16265,1.1585e-005
16266,1.0512e-005
16267,1.2992e-005
16268,1.1545e-005
16269,1.1199e-005
16270,1.795e-003
16271,1.7458e-003
16272,1.7064e-003
16273,1.7993e-003
16274,1.2885e-005
16275,1.439e-005
16276,1.2468e-005
16277,1.229e-005
16278,1.1415e-005
16279,1.1307e-005
16280,1.2492e-005
16281,1.2676e-005
16282,2.07e-003
16283,1.9894e-003
16284,2.0257e-003
16285,2.026e-003
16286,1.2628e-005
16287,1.3358e-005
16288,1.4679e-005
16289,1.1883e-005
16290,1.1574e-005
16291,1.2963e-005
16292,1.2081e-005
16293,1.101e-005
16294,1.0608e-005
16295,1.0238e-005
16296,1.0167e-005
16297,1.0908e-005
16298,3.7194e-004
16299,4.8112e-004
16300,3.8775e-004
16301,4.0415e-004
16302,2.1057e-003
16303,2.0114e-003
16304,1.9897e-003
16305,2.0928e-003
16306,2.0466e-003
16307,1.1565e-005
16308,1.2696e-005
16309,1.0685e-005
16310,1.0935e-005
16311,1.1993e-005
16312,1.1478e-005
16313,1.066e-005
16314,1.1888e-005
16315,1.4207e-003
16316,1.388e-003
16317,1.4538e-003
16318,1.4441e-003
16319,1.3897e-003
16320,1.446e-003
16321,1.345e-003
16322,1.4735e-003
16323,1.448e-003
16324,1.3936e-003
16325,1.5355e-003
16326,1.7882e-003
16327,1.5926e-003
16328,2.0052e-003
16329,2.0769e-003
16330,2.0328e-003
16331,2.1013e-003
16332,1.2105e-005
16333,1.6118e-005
16334,1.5487e-005
16335,1.1506e-005
16336,1.1735e-005
16337,1.1269e-005
16338,1.2509e-005
16339,1.2006e-005
16340,1.4226e-005
16341,1.3418e-005
16342,1.6265e-005
16343,1.2626e-005
16344,1.2929e-005
16345,1.4003e-005
16346,1.5753e-005
16347,1.4603e-005
16348,9.5493e-006
16349,1.1993e-005
16350,9.167e-006
16351,9.4281e-006
16352,1.0691e-005
16353,1.1157e-005
16354,9.7488e-006
16355,3.1828e-005
16356,2.2096e-005
16357,2.3013e-005
16358,2.2975e-005
16359,2.7041e-005
16360,2.0965e-005
16361,2.1479e-005
16362,2.4245e-005
16363,1.1949e-005
16364,1.144e-005
16365,1.5639e-005
16366,1.2565e-005
16367,1.1195e-005
16368,1.2937e-005
16369,1.1962e-005
16370,1.143e-005
16371,3.1465e-004
16372,2.4674e-004
16373,2.7713e-004
16374,2.6414e-004
16375,6.8577e-004
16376,6.9366e-004
16377,6.2334e-004
16378,1.8058e-005
16379,2.3594e-005
16380,1.8586e-005
16381,2.3392e-005
16382,2.0071e-005
16383,1.9215e-005
16384,1.8083e-005
16385,1.9629e-005
16386,1.8319e-005
16387,1.2555e-003
16388,8.8326e-006
16389,8.9426e-006
16390,7.9379e-006
16391,8.446e-006
16392,8.1263e-006
16393,7.9036e-006
16394,8.7799e-006
16395,3.0729e-004
16396,3.8142e-004
16397,2.8835e-004
16398,1.4618e-005
16399,1.2954e-005
16400,1.2546e-005
16401,1.2877e-005
16402,1.1735e-005
16403,1.2752e-005
16404,2.3371e-005
16405,3.3281e-005
16406,2.7021e-005
16407,2.2774e-005
16408,5.9481e-005
16409,5.1567e-005
16410,6.7874e-005
16411,4.9344e-005
16412,5.8854e-005
16413,4.88e-005
16414,5.1245e-005
16415,1.3928e-005
16416,1.1965e-005
16417,1.1504e-005
16418,1.1295e-005
16419,1.2623e-005
16420,1.3783e-005
16421,1.222e-005
16422,1.1896e-005
16423,1.1894e-005
16424,1.3879e-005
16425,4.3527e-005
16426,2.9633e-005
16427,3.1868e-005
16428,3.2671e-005
16429,4.0696e-005
16430,2.7483e-005
16431,3.0616e-005
16432,2.9853e-005
16433,1.0579e-003
16434,1.1418e-003
16435,4.8372e-005
16436,6.1816e-005
16437,7.6701e-005
16438,5.0047e-005
16439,5.981e-005
16440,5.2074e-005
16441,1.6803e-005
16442,1.5433e-005
16443,1.2282e-005
16444,1.2328e-005
16445,1.4168e-005
16446,1.3709e-005
16447,1.5556e-005
16448,1.2285e-005
16449,1.0923e-005
16450,9.8683e-006
16451,9.8823e-006
16452,5.8078e-005
16453,4.9358e-005
16454,4.887e-005
16455,5.4995e-005
16456,5.7805e-005
16457,5.1241e-005
16458,1.3345e-005
16459,1.3012e-005
16460,1.3715e-005
16461,1.501e-005
16462,1.521e-005
16463,7.1921e-005
16464,3.6978e-005
16465,4.0255e-005
16466,3.8891e-005
16467,5.328e-005
16468,4.6158e-005
16469,9.6256e-005
16470,7.0244e-005
16471,6.5702e-005
16472,6.6722e-005
16473,1.1196e-005
16474,1.1255e-005
16475,1.3016e-005
16476,9.7478e-006
16477,1.0419e-005
16478,1.0483e-005
16479,1.3284e-005
16480,1.154e-005
16481,1.3133e-003
16482,1.1591e-003
16483,1.5311e-003
16484,1.7414e-003
16485,1.6879e-003
16486,2.1502e-005
16487,3.0716e-005
16488,2.2576e-005
16489,2.2052e-005
16490,1.1665e-005
16491,1.222e-005
16492,1.4335e-005
16493,1.1192e-005
16494,1.1154e-005
16495,1.3e-005
16496,1.4065e-005
16497,1.7396e-005
16498,1.3606e-005
16499,1.3137e-005
16500,1.3981e-005
16501,1.4278e-005
16502,1.327e-005
16503,1.6408e-005
16504,1.605e-005
16505,3.9213e-005
16506,3.2498e-005
16507,4.1013e-005
16508,8.9245e-006
16509,8.5694e-006
16510,8.3286e-006
16511,9.5207e-006
16512,9.2056e-006
16513,1.0879e-005
16514,9.8524e-006
16515,1.022e-005
16516,9.996e-006
16517,1.1098e-005
16518,1.0565e-005
16519,1.2467e-005
16520,1.0874e-005
16521,1.144e-005
16522,3.0037e-004
16523,2.2202e-004
16524,2.8572e-004
16525,2.4299e-004
16526,2.5449e-004
16527,1.9514e-005
16528,2.7549e-005
16529,1.9353e-005
16530,2.1745e-005
16531,2.3003e-005
16532,1.9474e-005
16533,2.2293e-005
16534,1.9312e-005
16535,2.035e-003
16536,2.1305e-003
16537,2.169e-003
16538,2.0689e-003
16539,2.0864e-003
16540,2.0703e-003
16541,1.4692e-005
16542,1.2688e-005
16543,1.2569e-005
16544,1.6237e-005
16545,1.2708e-005
16546,1.3042e-005
16547,1.2923e-005
16548,1.5083e-004
16549,7.8167e-005
16550,6.9088e-005
16551,1.046e-005
16552,1.0365e-005
16553,1.0249e-005
16554,9.6148e-006
16555,1.1476e-005
16556,1.1654e-005
16557,1.2606e-005
16558,1.3788e-005
16559,1.3061e-005
16560,1.4817e-005
16561,1.1934e-005
16562,1.476e-005
16563,1.2109e-005
16564,6.4456e-004
16565,1.9551e-003
16566,2.0776e-003
16567,1.4833e-005
16568,1.8673e-005
16569,1.4764e-005
16570,1.9234e-005
16571,1.6412e-005
16572,1.4638e-005
16573,1.6179e-005
16574,1.234e-005
16575,1.4304e-005
16576,1.2702e-005
16577,1.163e-005
16578,1.1616e-005
16579,1.309e-005
16580,1.4584e-005
16581,1.2532e-005
16582,1.2746e-005
16583,1.3345e-005
16584,1.1671e-005
16585,1.1699e-005
16586,1.2523e-005
16587,5.1652e-004
16588,5.0492e-004
16589,7.0041e-004
16590,6.0559e-004
16591,1.2619e-005
16592,1.3118e-005
16593,1.1825e-005
16594,1.2105e-005
16595,1.255e-005
16596,1.2249e-005
16597,1.5126e-005
16598,6.096e-004
16599,6.1682e-004
16600,1.7002e-005
16601,1.4103e-005
16602,1.2748e-005
16603,1.2228e-005
16604,1.1983e-005
16605,5.2018e-005
16606,5.6649e-005
16607,6.2628e-005
16608,6.0651e-005
16609,5.2375e-005
16610,5.3835e-005
16611,1.7227e-005
16612,2.1211e-005
16613,1.6913e-005
16614,1.6666e-005
16615,1.9374e-005
16616,1.7656e-005
16617,1.8983e-005
16618,1.8546e-003
16619,1.874e-003
16620,1.93e-003
16621,1.9746e-003
16622,1.976e-003
16623,4.2376e-004
16624,5.8503e-004
16625,1.1642e-003
16626,1.1929e-005
16627,1.2376e-005
16628,1.3793e-005
16629,1.244e-005
16630,1.1315e-005
16631,1.1167e-005
16632,1.2501e-005
16633,1.2197e-005
16634,1.4106e-005
16635,1.145e-005
16636,1.2423e-005
16637,1.1475e-005
16638,1.2702e-005
16639,2.1171e-005
16640,2.7145e-005
16641,2.8691e-005
16642,2.1032e-005
16643,2.3678e-005
16644,2.1518e-005
16645,2.754e-004
16646,1.0445e-005
16647,1.0096e-005
16648,1.1348e-005
16649,9.4503e-006
16650,1.2239e-005
16651,1.2664e-005
16652,1.2643e-005
16653,1.3093e-005
16654,1.181e-005
16655,1.1897e-005
16656,1.2657e-005
16657,4.4415e-005
16658,3.9164e-005
16659,4.7947e-005
16660,4.8847e-005
16661,3.8105e-005
16662,3.1167e-005
16663,4.0761e-005
16664,2.7855e-005
16665,3.6548e-005
16666,3.0395e-005
16667,3.1737e-005
16668,3.7641e-005
16669,6.0404e-005
16670,4.3147e-005
16671,4.212e-005
16672,3.5015e-005
16673,1.1944e-005
16674,1.2975e-005
16675,1.1697e-005
16676,1.1395e-005
16677,1.1311e-005
16678,1.1765e-005
16679,1.0255e-005
16680,1.1895e-005
16681,9.9071e-006
16682,1.0695e-005
16683,1.0088e-005
16684,8.5447e-006
16685,8.2574e-006
16686,8.8184e-006
16687,9.0998e-006
16688,1.2572e-003
16689,1.3142e-003
16690,2.4976e-005
16691,3.4989e-005
16692,3.1165e-005
16693,2.7392e-005
16694,2.4561e-005
16695,2.6135e-005
16696,1.6217e-004
16697,1.2186e-004
16698,1.1726e-005
16699,1.2022e-005
16700,1.0117e-005
16701,1.1183e-005
16702,9.8308e-006
16703,1.1462e-005
16704,1.1059e-005
16705,9.8859e-006
16706,9.7525e-006
16707,1.1374e-005
16708,1.1109e-005
16709,1.4499e-003
16710,1.8585e-005
16711,2.3034e-005
16712,2.1735e-005
16713,1.8789e-005
16714,1.715e-005
16715,1.8128e-005
16716,1.7909e-003
16717,8.8376e-006
16718,9.0779e-006
16719,1.0002e-005
16720,1.0167e-005
16721,2.9644e-004
16722,2.4308e-004
16723,2.573e-004
16724,4.2342e-005
16725,3.8731e-005
16726,4.3138e-005
16727,4.4927e-005
16728,3.8707e-005
16729,1.4133e-005
16730,1.2244e-005
16731,1.0963e-005
16732,1.1131e-005
16733,1.2816e-005
16734,1.1852e-005
16735,1.2117e-005
16736,1.1659e-005
16737,1.2467e-005
16738,1.0896e-005
16739,1.0904e-005
16740,1.1794e-005
16741,5.2008e-004
16742,4.719e-004
16743,5.4157e-004
16744,1.891e-003
16745,1.9737e-003
16746,1.9165e-003
16747,1.8204e-005
16748,1.6826e-005
16749,1.734e-005
16750,1.9345e-005
16751,1.8291e-005
16752,1.7124e-005
16753,1.7804e-005
16754,1.989e-005
16755,2.0208e-005
16756,8.796e-006
16757,8.394e-006
16758,8.2101e-006
16759,9.1616e-006
16760,1.4667e-005
16761,1.8675e-005
16762,1.5285e-005
16763,1.4448e-005
16764,1.6182e-005
16765,2.2003e-005
16766,1.8921e-005
16767,1.5429e-005
16768,1.9219e-005
16769,1.5421e-005
16770,1.5433e-005
16771,1.5318e-005
16772,2.7892e-005
16773,3.1808e-005
16774,3.8231e-005
16775,1.411e-005
16776,1.4284e-005
16777,1.2738e-005
16778,1.1632e-005
16779,1.1459e-005
16780,1.1521e-005
16781,1.2883e-005
16782,6.8811e-004
16783,1.9531e-005
16784,1.5646e-005
16785,1.9491e-005
16786,1.5996e-005
16787,1.731e-005
16788,1.7825e-005
16789,1.6317e-005
16790,1.6455e-005
16791,1.8142e-005
16792,1.6524e-005
16793,1.9906e-005
16794,1.2484e-005
16795,1.4004e-005
16796,1.9839e-005
16797,1.6849e-005
16798,1.6113e-005
16799,1.7552e-005
16800,1.8054e-005
16801,2.1592e-005
16802,1.2992e-005
16803,1.3086e-005
16804,1.1992e-005
16805,1.1939e-005
16806,4.9508e-005
16807,7.8176e-005
16808,5.1337e-005
16809,4.9139e-005
16810,6.5229e-005
16811,1.2868e-005
16812,1.0289e-005
16813,9.7961e-006
16814,1.0384e-005
16815,1.1428e-005
16816,1.4363e-005
16817,1.7345e-005
16818,1.6515e-005
16819,1.4954e-005
16820,1.1559e-005
16821,1.1977e-005
16822,1.2942e-005
16823,5.0478e-005
16824,4.6449e-005
16825,5.7644e-005
16826,5.4392e-005
16827,4.7526e-005
16828,4.1232e-005
16829,4.394e-005
16830,4.0608e-005
16831,3.6732e-005
16832,4.8256e-005
16833,4.2554e-005
16834,3.8235e-005
16835,4.416e-005
16836,3.4428e-004
16837,3.1465e-004
16838,3.6077e-004
16839,1.8951e-005
16840,1.601e-005
16841,1.7039e-005
16842,1.7537e-005
16843,1.6369e-005
16844,1.0065e-005
16845,9.6497e-006
16846,9.0195e-006
16847,1.8402e-003
16848,1.8614e-003
16849,1.4788e-005
16850,1.3909e-005
16851,1.2491e-005
16852,1.2948e-005
16853,1.2064e-005
16854,1.2222e-005
16855,1.125e-005
16856,2.569e-005
16857,2.7363e-005
16858,2.1372e-005
16859,2.2494e-005
16860,2.1503e-005
16861,2.0667e-005
16862,2.4065e-005
16863,1.2308e-005
16864,1.111e-005
16865,1.1216e-005
16866,1.0644e-005
16867,1.1547e-005
16868,1.2398e-005
16869,1.4971e-003
16870,1.5408e-003
16871,1.3117e-004
16872,1.5229e-004
16873,1.2148e-004
16874,1.3429e-005
16875,1.1824e-005
16876,1.1771e-005
16877,1.0978e-005
16878,1.6834e-005
16879,1.9807e-005
16880,1.758e-005
16881,1.7869e-005
16882,8.6061e-006
16883,9.1967e-006
16884,9.3921e-006
16885,7.8336e-006
16886,7.9781e-006
16887,8.5344e-006
16888,8.7786e-006
16889,7.9671e-006
16890,1.2286e-005
16891,1.1296e-005
16892,1.134e-005
16893,1.5748e-005
16894,1.4159e-005
16895,1.4316e-005
16896,1.6999e-005
16897,1.6176e-005
16898,4.8256e-005
16899,4.1269e-005
16900,3.4139e-005
16901,3.8353e-005
16902,4.713e-005
16903,5.1539e-005
16904,3.1019e-005
16905,1.4083e-005
16906,1.4301e-005
16907,1.6384e-005
16908,1.2961e-003
16909,1.4249e-003
16910,1.361e-003
16911,2.1701e-003
16912,2.0872e-003
16913,2.0874e-003
16914,2.1583e-003
16915,1.5526e-003
16916,1.5447e-003
16917,1.6834e-003
16918,1.631e-003
16919,1.5718e-003
16920,1.4514e-004
16921,1.9406e-004
16922,1.5453e-004
16923,2.0554e-004
16924,1.2066e-005
16925,1.1355e-005
16926,1.175e-005
16927,1.0196e-005
16928,1.0627e-005
16929,1.2504e-005
16930,1.2702e-005
16931,1.2346e-005
16932,1.5008e-005
16933,1.4357e-005
16934,1.2301e-005
16935,4.719e-005
16936,3.2967e-005
16937,4.0908e-005
16938,4.0699e-005
16939,3.3979e-005
16940,1.7345e-005
16941,2.3314e-005
16942,1.8245e-005
16943,2.1415e-005
16944,1.8262e-005
16945,2.3872e-005
16946,3.7213e-005
16947,2.5212e-005
16948,2.569e-005
16949,2.1933e-005
16950,2.1771e-005
16951,1.1955e-005
16952,1.0549e-005
16953,1.1869e-005
16954,1.1279e-005
16955,1.254e-005
16956,9.7238e-005
16957,1.0519e-004
16958,9.9073e-005
16959,1.053e-004
16960,1.2535e-004
16961,1.0253e-004
16962,9.3351e-006
16963,9.9041e-006
16964,3.6688e-004
16965,3.183e-004
16966,1.9737e-005
16967,1.5437e-005
16968,1.5816e-005
16969,1.4787e-005
16970,1.9277e-005
16971,1.5821e-005
16972,1.7927e-005
16973,2.9089e-005
16974,3.7261e-005
16975,2.8615e-005
16976,2.8093e-005
16977,3.2141e-005
16978,4.5805e-004
16979,1.7846e-005
16980,1.501e-005
16981,1.6903e-005
16982,9.8437e-006
16983,1.2088e-005
16984,1.1203e-005
16985,1.518e-003
16986,1.4832e-003
16987,1.5635e-005
16988,1.4211e-005
16989,1.4487e-005
16990,1.6358e-005
16991,5.8173e-005
16992,4.8256e-005
16993,6.8576e-005
16994,4.8782e-005
16995,5.932e-005
16996,1.7879e-003
16997,1.7161e-003
16998,1.0859e-005
16999,1.0348e-005
17000,3.8712e-004
17001,3.6134e-004
17002,2.238e-005
17003,2.5982e-005
17004,2.179e-005
17005,2.2025e-005
17006,1.7225e-005
17007,1.9007e-005
17008,1.9025e-005
17009,2.5729e-005
17010,8.1117e-005
17011,1.1813e-003
17012,2.2042e-005
17013,2.4232e-005
17014,2.1635e-005
17015,1.1193e-005
17016,1.0055e-005
17017,1.0447e-005
17018,8.0391e-005
17019,6.4586e-005
17020,6.9072e-005
17021,8.8204e-005
17022,6.4719e-005
17023,8.5391e-005
17024,1.1457e-005
17025,1.215e-005
17026,1.0869e-005
17027,5.8198e-005
17028,5.6946e-005
17029,8.325e-005
17030,1.4276e-005
17031,1.4676e-005
17032,1.655e-005
17033,3.482e-005
17034,5.2756e-005
17035,3.5324e-005
17036,4.9128e-005
17037,3.9719e-005
17038,4.2517e-005
17039,1.4903e-005
17040,1.4992e-005
17041,1.319e-005
17042,1.2814e-005
17043,1.149e-005
17044,1.1616e-005
17045,4.0133e-006
17046,3.2221e-006
17047,4.7404e-006
17048,4.7362e-006
17049,4.8615e-006
17050,4.8153e-006
17051,4.2908e-006
17052,4.4884e-006
17053,4.5326e-006
17054,2.7507e-006
17055,5.3204e-006
17056,3.1448e-006
17057,5.9646e-006
17058,4.726e-006
17059,3.7148e-006
17060,2.5304e-006
17061,2.9751e-006
17062,4.6462e-006
17063,3.1566e-006
17064,4.5348e-006
17065,4.1697e-006
17066,3.4431e-006
17067,3.6629e-006
17068,4.0991e-006
17069,4.2002e-006
17070,4.3949e-006
17071,3.8537e-006
17072,4.7472e-006
17073,2.3075e-006
17074,2.7685e-006
17075,3.271e-006
17076,3.5593e-006
17077,3.1438e-006
17078,2.3724e-006
17079,3.1876e-006
17080,6.4686e-006
17081,5.4398e-006
17082,5.3419e-006
17083,6.8723e-006
17084,6.119e-006
17085,5.1572e-006
17086,5.7963e-006
17087,4.6366e-006
17088,5.4794e-006
17089,5.4308e-006
17090,5.9624e-006
17091,5.4545e-006
17092,6.3001e-006
17093,5.2278e-006
17094,1.0361e-005
17095,8.4077e-006
17096,7.6055e-006
17097,5.6507e-006
17098,6.8887e-006
17099,5.5566e-006
17100,1.1258e-005
17101,5.5664e-006
17102,6.4084e-006
17103,2.709e-006
17104,2.9174e-006
17105,2.402e-006
17106,2.1468e-006
17107,4.105e-006
17108,3.1776e-006
17109,4.6499e-006
17110,4.6835e-006
17111,4.782e-006
17112,3.5011e-006
17113,4.8798e-006
17114,4.5193e-006
17115,3.6236e-006
17116,3.9619e-006
17117,4.3205e-006
17118,4.2844e-006
17119,2.9325e-006
17120,5.4328e-006
17121,4.2203e-006
17122,2.7085e-006
17123,5.8351e-006
17124,2.4689e-006
17125,4.6195e-006
17126,4.878e-006
17127,3.6925e-006
17128,3.6278e-006
17129,4.6616e-006
17130,4.2235e-006
17131,4.0508e-006
17132,4.45e-006
17133,3.9564e-006
17134,4.9429e-006
17135,2.6612e-006
17136,2.2009e-006
17137,3.787e-006
17138,2.8319e-006
17139,3.5973e-006
17140,2.3611e-006
17141,3.327e-006
17142,6.5663e-006
17143,5.497e-006
17144,6.3378e-006
17145,5.1615e-006
17146,6.5187e-006
17147,5.5239e-006
17148,5.6924e-006
17149,6.0606e-006
17150,5.3651e-006
17151,6.3599e-006
17152,9.4986e-006
17153,7.9669e-006
17154,5.9388e-006
17155,7.5779e-006
17156,3.1093e-006
17157,2.6646e-006
17158,3.0126e-006
17159,3.6546e-006
17160,3.114e-006
17161,3.1595e-006
17162,3.4799e-006
17163,5.7568e-006
17164,6.8979e-006
17165,6.3581e-006
17166,5.1041e-006
17167,2.6007e-006
17168,3.1211e-006
17169,3.4611e-006
17170,2.5579e-006
17171,2.6431e-006
17172,1.9596e-006
17173,2.0194e-006
17174,5.803e-006
17175,1.1159e-005
17176,5.8963e-006
17177,9.0107e-006
17178,7.2507e-006
17179,1.013e-005
17180,8.002e-006
17181,8.7265e-006
17182,6.6987e-006
17183,1.8721e-006
17184,3.4688e-006
17185,3.7675e-006
17186,5.409e-006
17187,1.7202e-006
17188,4.1485e-006
17189,3.0212e-006
17190,1.2016e-005
17191,1.2965e-005
17192,1.7009e-005
17193,1.1579e-005
17194,1.3818e-005
17195,1.4722e-005
17196,2.1887e-006
17197,2.553e-007
17198,7.3821e-007
17199,1.8949e-006
17200,1.1229e-006
17201,1.697e-006
17202,5.028e-006
17203,3.8791e-006
17204,4.993e-006
17205,3.4109e-006
17206,4.5226e-006
17207,3.2328e-006
17208,8.0111e-006
17209,9.4653e-006
17210,9.4741e-006
17211,1.1535e-005
17212,9.6201e-008
17213,2.5326e-007
17214,5.145e-007
17215,2.1073e-007
17216,3.9722e-007
17217,7.6953e-006
17218,7.6652e-006
17219,6.3434e-006
17220,5.8124e-006
17221,5.7892e-006
17222,1.1136e-005
17223,5.8811e-006
17224,8.9878e-006
17225,7.2307e-006
17226,1.0332e-005
17227,8.3887e-006
17228,6.6813e-006
17229,8.017e-006
17230,1.8535e-006
17231,3.4603e-006
17232,5.7634e-006
17233,3.7137e-006
17234,4.1958e-006
17235,2.5498e-006
17236,1.2002e-005
17237,1.3316e-005
17238,1.3403e-005
17239,1.2639e-005
17240,1.5883e-005
17241,2.1674e-006
17242,2.628e-007
17243,4.7076e-007
17244,1.4241e-006
17245,9.1673e-007
17246,1.2893e-006
17247,5.0116e-006
17248,3.1594e-006
17249,4.4313e-006
17250,2.7013e-006
17251,4.3921e-006
17252,3.8598e-006
17253,2.6876e-006
17254,7.9851e-006
17255,1.1071e-005
17256,9.4755e-006
17257,1.1186e-005
17258,8.777e-006
17259,1.0477e-005
17260,1.8439e-007
17261,5.5595e-007
17262,1.7605e-007
17263,7.7046e-006
17264,5.7156e-006
17265,5.6359e-006
17266,7.0515e-006
17267,6.4229e-006
17268,1.3532e-006
17269,1.0256e-006
17270,1.0364e-006
17271,8.1379e-007
17272,1.9892e-006
17273,1.3762e-006
17274,1.377e-006
17275,2.0243e-006
17276,1.6891e-006
17277,2.6419e-006
17278,2.8621e-006
17279,3.2094e-006
17280,2.9868e-006
17281,1.4487e-006
17282,2.436e-006
17283,2.3225e-006
17284,2.4994e-006
17285,1.9701e-006
17286,1.9038e-006
17287,9.8614e-007
17288,5.9569e-007
17289,1.1921e-006
17290,1.2842e-006
17291,1.6319e-006
17292,1.2844e-006
17293,2.628e-006
17294,2.4126e-006
17295,2.5517e-006
17296,2.0374e-006
17297,2.5335e-006
17298,1.9263e-006
17299,1.0375e-006
17300,9.8702e-007
17301,8.9303e-007
17302,9.7263e-007
17303,1.5325e-006
17304,1.2536e-006
17305,6.4116e-007
17306,3.4329e-007
17307,1.2868e-006
17308,9.4249e-007
17309,9.5417e-007
17310,3.3929e-006
17311,3.0923e-006
17312,3.1282e-006
17313,6.9963e-007
17314,7.3973e-007
17315,9.7755e-007
17316,1.9114e-005
17317,3.106e-005
17318,2.2493e-005
17319,1.9646e-005
17320,2.1912e-005
17321,1.8065e-005
17322,1.9298e-005
17323,1.237e-005
17324,1.4623e-005
17325,1.7696e-005
17326,1.3919e-005
17327,1.0539e-005
17328,9.4281e-006
17329,1.1999e-005
17330,8.5231e-006
17331,1.1354e-005
17332,9.8066e-006
17333,2.2235e-005
17334,1.6281e-005
17335,1.3614e-005
17336,1.4054e-005
17337,1.5951e-005
17338,1.433e-005
17339,1.6254e-005
17340,1.9158e-005
17341,2.2632e-005
17342,3.0992e-005
17343,4.4075e-005
17344,2.4965e-005
17345,2.5591e-005
17346,1.405e-005
17347,1.6442e-005
17348,1.9568e-005
17349,1.3972e-005
17350,1.4815e-005
17351,1.9477e-005
17352,1.1416e-005
17353,1.0022e-005
17354,1.3496e-005
17355,1.174e-005
17356,9.6867e-006
17357,1.1156e-005
17358,1.0521e-005
17359,1.2229e-005
17360,1.0751e-005
17361,8.6436e-006
17362,8.7006e-006
17363,9.535e-006
17364,1.5113e-005
17365,1.2887e-005
17366,1.0947e-005
17367,1.3961e-005
17368,1.5527e-005
17369,1.1023e-005
17370,1.1487e-005
17371,1.0642e-005
17372,1.3151e-005
17373,1.302e-005
17374,1.0339e-005
17375,1.2578e-005
17376,1.2315e-005
17377,1.017e-005
17378,9.7891e-006
17379,1.2973e-005
17380,9.2499e-006
17381,1.0377e-005
17382,8.939e-006
17383,1.178e-005
17384,1.019e-005
17385,1.3894e-005
17386,8.5741e-006
17387,9.0173e-006
17388,9.7925e-006
17389,9.0605e-006
17390,8.0217e-006
17391,9.0451e-006
17392,6.2065e-006
17393,5.7813e-006
17394,9.8648e-006
17395,5.4499e-006
17396,6.9466e-006
17397,5.805e-006
17398,7.6947e-006
17399,6.4871e-006
17400,7.9384e-006
17401,6.1753e-006
17402,4.8181e-006
17403,1.1896e-005
17404,8.8982e-006
17405,9.9025e-006
17406,7.7573e-006
17407,9.4793e-006
17408,1.0691e-005
17409,8.6353e-006
17410,1.0424e-005
17411,9.6848e-006
17412,8.911e-006
17413,1.1773e-005
17414,1.2125e-005
17415,1.2804e-005
17416,3.4896e-006
17417,2.4553e-006
17418,9.9326e-007
17419,1.5861e-006
17420,1.8617e-006
17421,3.3062e-006
17422,1.8114e-006
17423,2.5901e-006
17424,3.0826e-006
17425,2.4292e-006
17426,2.0527e-006
17427,3.9553e-006
17428,3.3249e-006
17429,2.5066e-006
17430,1.584e-006
17431,2.6548e-006
17432,1.9844e-006
17433,1.7694e-006
17434,3.667e-006
17435,1.6745e-006
17436,7.3075e-007
17437,2.462e-006
17438,1.8179e-006
17439,2.2017e-006
17440,3.7776e-006
17441,1.4129e-006
17442,2.6897e-006
17443,2.8842e-006
17444,8.7343e-006
17445,1.2009e-005
17446,1.3494e-005
17447,1.1224e-005
17448,9.6507e-006
17449,9.2369e-006
17450,8.1201e-006
17451,8.7995e-006
17452,8.4278e-006
17453,9.648e-006
17454,9.0387e-006
17455,8.1696e-006
17456,9.7845e-006
17457,1.4301e-005
17458,1.067e-005
17459,1.1543e-005
17460,1.0373e-005
17461,1.3287e-005
17462,1.4799e-005
17463,1.141e-005
17464,1.7071e-005
17465,1.2269e-005
17466,1.2278e-005
17467,1.0918e-005
17468,1.363e-005
17469,1.2124e-005
17470,1.0308e-005
17471,1.508e-005
17472,1.4474e-005
17473,1.235e-005
17474,1.8317e-005
17475,3.1911e-006
17476,2.8937e-006
17477,1.1464e-006
17478,4.7613e-006
17479,3.5525e-006
17480,3.0769e-006
17481,2.3865e-006
17482,2.0725e-006
17483,2.2685e-006
17484,1.9925e-006
17485,2.7907e-006
17486,4.1508e-006
17487,3.2286e-006
17488,2.9981e-006
17489,1.9168e-006
17490,4.2895e-006
17491,6.2449e-006
17492,7.2374e-006
17493,4.6007e-006
17494,4.4214e-006
17495,4.6315e-006
17496,6.6932e-006
17497,4.5019e-006
17498,5.3587e-006
17499,5.9853e-006
17500,5.166e-006
17501,3.6373e-006
17502,3.5106e-006
17503,6.0091e-006
17504,4.9103e-006
17505,3.97e-006
17506,6.0803e-006
17507,3.0302e-006
17508,1.5486e-006
17509,1.6647e-006
17510,2.3347e-006
17511,2.4888e-006
17512,2.1397e-006
17513,2.6724e-006
17514,2.3798e-006
17515,2.9667e-006
17516,2.0159e-006
17517,2.9558e-006
17518,1.9233e-006
17519,1.4073e-006
17520,6.7626e-006
17521,5.9274e-006
17522,4.0452e-006
17523,8.1687e-006
17524,5.0661e-006
17525,4.4629e-006
17526,6.5424e-006
17527,5.6689e-006
17528,7.8338e-006
17529,7.3064e-006
17530,5.8906e-006
17531,5.4468e-006
17532,5.0646e-006
17533,6.9393e-006
17534,8.4232e-006
17535,6.5954e-006
17536,5.5292e-006
17537,7.4668e-006
17538,6.9767e-006
17539,5.6127e-006
17540,7.1343e-006
17541,5.1551e-006
17542,6.8157e-006
17543,5.7801e-006
17544,5.9763e-006
17545,6.4091e-006
17546,7.3575e-006
17547,5.088e-006
17548,7.0305e-006
17549,4.0265e-006
17550,3.8264e-006
17551,4.4294e-006
17552,5.3786e-006
17553,5.5568e-006
17554,5.3086e-006
17555,8.6439e-006
17556,4.7232e-006
17557,6.4587e-006
17558,4.1934e-006
17559,1.115e-005
17560,1.6302e-005
17561,1.4191e-005
17562,1.6543e-005
17563,1.1492e-005
17564,1.2588e-005
17565,1.1062e-005
17566,1.2278e-005
17567,1.2798e-005
17568,1.2449e-005
17569,1.5768e-005
17570,1.4622e-005
17571,1.3189e-005
17572,6.0869e-006
17573,8.5768e-006
17574,8.6319e-006
17575,6.9263e-006
17576,8.2077e-006
17577,8.183e-006
17578,6.7148e-006
17579,5.5517e-006
17580,7.0228e-006
17581,6.4533e-006
17582,6.8406e-006
17583,7.3697e-006
17584,7.7375e-006
17585,5.5835e-006
17586,9.6286e-006
17587,2.2121e-006
17588,7.4144e-007
17589,1.7407e-006
17590,9.1047e-007
17591,1.5077e-006
17592,2.0006e-006
17593,2.2976e-006
17594,1.7745e-006
17595,2.0758e-006
17596,1.5769e-006
17597,1.2956e-006
17598,1.8349e-006
17599,1.8609e-005
17600,1.6001e-005
17601,1.4894e-005
17602,1.407e-005
17603,1.7397e-005
17604,1.3568e-005
17605,1.322e-005
17606,1.484e-005
17607,1.6491e-005
17608,1.2043e-005
17609,1.267e-005
17610,1.3606e-005
17611,1.4825e-005
17612,1.0111e-006
17613,8.63e-007
17614,9.9745e-007
17615,1.6722e-006
17616,1.6554e-006
17617,1.8412e-006
17618,1.543e-006
17619,2.0221e-006
17620,1.9611e-006
17621,1.7666e-006
17622,8.9384e-007
17623,1.0716e-005
17624,1.1579e-005
17625,8.3635e-006
17626,1.1675e-005
17627,8.6508e-006
17628,1.0065e-005
17629,7.7653e-006
17630,9.1372e-006
17631,1.3879e-005
17632,1.0132e-005
17633,1.1488e-005
17634,3.6481e-006
17635,1.769e-006
17636,1.6733e-006
17637,2.6093e-006
17638,2.6726e-006
17639,2.98e-006
17640,3.237e-006
17641,2.5585e-006
17642,3.2204e-006
17643,1.4565e-006
17644,2.254e-006
17645,3.5844e-006
17646,3.0508e-006
17647,2.0555e-006
17648,1.9848e-006
17649,1.235e-006
17650,9.3948e-007
17651,2.1023e-006
17652,1.3992e-006
17653,2.2837e-006
17654,2.0119e-006
17655,1.816e-006
17656,1.6671e-006
17657,2.2147e-006
17658,2.0939e-006
17659,2.2466e-006
17660,1.2332e-006
17661,1.7953e-006
17662,7.7407e-006
17663,7.9447e-006
17664,4.5297e-006
17665,5.068e-006
17666,6.5451e-006
17667,5.2426e-006
17668,5.36e-006
17669,3.7451e-006
17670,4.5676e-006
17671,5.8163e-006
17672,4.788e-006
17673,8.7218e-006
17674,6.4064e-006
17675,4.2197e-006
17676,5.1558e-006
17677,1.3015e-006
17678,7.4295e-007
17679,1.0358e-006
17680,1.5334e-006
17681,7.9225e-007
17682,1.7594e-006
17683,1.8916e-006
17684,1.6155e-006
17685,2.0074e-006
17686,1.6747e-006
17687,1.8895e-006
17688,1.9828e-006
17689,1.3378e-006
17690,7.389e-007
17691,1.4785e-006
17692,1.225e-006
17693,1.9879e-006
17694,2.0963e-006
17695,1.7713e-006
17696,9.9687e-007
17697,1.731e-006
17698,1.4332e-006
17699,1.8123e-006
17700,9.7629e-007
17701,1.2769e-006
17702,1.0863e-005
17703,8.5425e-006
17704,8.4099e-006
17705,1.2329e-005
17706,1.0588e-005
17707,8.0436e-006
17708,9.3599e-006
17709,8.3589e-006
17710,9.8599e-006
17711,8.3343e-006
17712,7.8234e-006
17713,7.7313e-006
17714,1.2362e-005
17715,1.138e-005
17716,8.9291e-006
17717,9.7514e-006
17718,1.1251e-005
17719,1.6145e-005
17720,1.5145e-005
17721,1.311e-005
17722,1.0696e-005
17723,1.0759e-005
17724,1.1971e-005
17725,1.1411e-005
17726,1.3495e-005
17727,1.2507e-005
17728,1.462e-005
17729,1.0257e-005
17730,1.3196e-005
17731,1.2939e-005
17732,2.7007e-006
17733,3.2426e-006
17734,2.7678e-006
17735,2.0059e-006
17736,1.8023e-006
17737,3.1606e-006
17738,2.5155e-006
17739,2.701e-006
17740,2.9437e-006
17741,2.8549e-006
17742,2.4973e-006
17743,1.226e-005
17744,1.0865e-005
17745,1.3628e-005
17746,1.5966e-005
17747,1.0464e-005
17748,1.066e-005
17749,1.1232e-005
17750,1.3216e-005
17751,1.1686e-005
17752,1.4872e-005
17753,1.1817e-005
17754,1.2177e-005
17755,1.0853e-005
17756,3.6282e-006
17757,7.0638e-006
17758,6.3981e-006
17759,7.3572e-006
17760,3.6072e-006
17761,4.3489e-006
17762,5.1722e-006
17763,5.4582e-006
17764,5.3e-006
17765,4.0966e-006
17766,4.1888e-006
17767,4.6462e-006
17768,5.788e-006
17769,1.2849e-005
17770,1.0898e-005
17771,1.1575e-005
17772,1.3823e-005
17773,1.0473e-005
17774,9.6823e-006
17775,1.0296e-005
17776,1.1779e-005
17777,1.4033e-005
17778,1.0496e-005
17779,1.1138e-005
17780,1.2762e-005
17781,1.6085e-005
17782,1.247e-005
17783,1.0805e-005
17784,1.6996e-005
17785,1.4371e-005
17786,1.3205e-005
17787,1.4138e-005
17788,1.171e-005
17789,1.3313e-005
17790,1.4491e-005
17791,1.2139e-005
17792,1.1113e-005
17793,1.1135e-005
17794,1.686e-005
17795,7.5164e-006
17796,1.3215e-005
17797,1.167e-005
17798,1.4913e-005
17799,8.4412e-006
17800,8.8593e-006
17801,8.869e-006
17802,1.0226e-005
17803,1.0666e-005
17804,8.0569e-006
17805,1.0494e-005
17806,8.6556e-006
17807,7.5835e-006
17808,1.0721e-005
17809,1.2272e-005
17810,1.2669e-005
17811,1.022e-005
17812,1.4899e-005
17813,1.5039e-005
17814,1.2265e-005
17815,1.3029e-005
17816,1.3128e-005
17817,1.0444e-005
17818,1.1504e-005
17819,1.2534e-005
17820,1.144e-005
17821,1.0648e-005
17822,1.3945e-005
17823,1.2103e-005
17824,1.6075e-005
17825,1.928e-006
17826,7.4326e-007
17827,1.0837e-006
17828,1.107e-006
17829,2.036e-006
17830,1.8278e-006
17831,1.3898e-006
17832,1.8646e-006
17833,1.6925e-006
17834,1.9659e-006
17835,1.3731e-006
17836,1.1038e-006
17837,9.4894e-007
17838,1.4058e-006
17839,8.9636e-007
17840,1.8493e-006
17841,2.1472e-006
17842,2.174e-006
17843,1.8135e-006
17844,1.4e-006
17845,1.713e-006
17846,1.7529e-006
17847,1.8414e-006
17848,8.762e-006
17849,8.6723e-006
17850,7.2996e-006
17851,9.8938e-006
17852,7.2769e-006
17853,9.0601e-006
17854,7.3626e-006
17855,6.6636e-006
17856,8.5427e-006
17857,8.3163e-006
17858,7.9945e-006
17859,7.7221e-006
17860,8.2414e-006
17861,7.2213e-006
17862,7.9718e-006
17863,5.5844e-006
17864,5.6742e-006
17865,7.0114e-006
17866,6.0545e-006
17867,5.9717e-006
17868,5.3931e-006
17869,6.5984e-006
17870,7.8822e-006
17871,2.7418e-006
17872,3.6623e-006
17873,2.1467e-006
17874,3.531e-006
17875,1.3536e-006
17876,3.2217e-006
17877,3.3612e-006
17878,2.9653e-006
17879,2.3002e-006
17880,2.6271e-006
17881,3.4089e-006
17882,1.9678e-006
17883,1.0064e-006
17884,9.6427e-007
17885,9.7314e-007
17886,8.7999e-007
17887,1.9957e-006
17888,1.6614e-006
17889,2.0115e-006
17890,1.9584e-006
17891,1.4192e-006
17892,2.0398e-006
17893,2.0534e-006
17894,1.5589e-006
17895,1.9327e-006
17896,1.6631e-006
17897,7.5861e-007
17898,1.5973e-006
17899,7.5855e-007
17900,9.1721e-007
17901,1.7563e-006
17902,2.1067e-006
17903,1.4232e-006
17904,1.9991e-006
17905,2.083e-006
17906,1.7918e-006
17907,2.131e-006
17908,1.6326e-006
17909,1.433e-006
17910,2.1079e-006
17911,1.4093e-006
17912,5.1275e-006
17913,6.0188e-006
17914,4.7941e-006
17915,6.0353e-006
17916,4.6553e-006
17917,5.1565e-006
17918,5.3018e-006
17919,6.0315e-006
17920,5.8727e-006
17921,6.657e-006
17922,4.7324e-006
17923,5.8902e-006
17924,5.0976e-006
17925,5.5198e-006
17926,4.7946e-006
17927,5.0919e-006
17928,4.2544e-005
17929,4.541e-005
17930,4.6638e-005
17931,4.4553e-005
17932,4.8533e-005
17933,4.41e-005
17934,4.6866e-005
17935,4.5211e-005
17936,4.985e-005
17937,3.0475e-006
17938,3.4772e-006
17939,3.0037e-006
17940,3.4333e-006
17941,3.3529e-006
17942,3.0588e-006
17943,3.4562e-006
17944,3.4793e-006
17945,2.2595e-006
17946,2.3877e-006
17947,2.5103e-006
17948,2.9884e-006
17949,5.4443e-005
17950,5.1336e-005
17951,3.9524e-005
17952,4.5723e-005
17953,4.3906e-005
17954,3.7899e-005
17955,3.8394e-005
17956,3.6625e-005
17957,4.0142e-005
17958,6.717e-008
17959,2.2786e-007
17960,4.1013e-007
17961,3.5329e-007
17962,3.7145e-007
17963,9.2406e-008
17964,6.3157e-007
17965,7.1749e-007
17966,8.5607e-007
17967,7.8306e-007
17968,7.8629e-007
17969,9.4438e-007
17970,1.0326e-006
17971,2.5759e-005
17972,2.5433e-005
17973,2.1048e-005
17974,2.2099e-005
17975,1.9471e-005
17976,2.1396e-005
17977,2.2075e-005
17978,1.9162e-005
17979,2.8534e-005
17980,2.593e-005
17981,3.0646e-005
17982,3.1642e-005
17983,2.9814e-006
17984,2.5001e-006
17985,2.4772e-006
17986,2.8148e-006
17987,2.7509e-006
17988,2.9851e-006
17989,2.2786e-006
17990,2.7854e-006
17991,2.1011e-006
17992,3.4421e-005
17993,4.2543e-005
17994,3.628e-005
17995,4.353e-005
17996,1.9876e-006
17997,1.6651e-006
17998,2.4474e-006
17999,2.1124e-006
18000,1.6253e-006
18001,2.215e-006
18002,1.8665e-004
18003,2.3314e-004
18004,7.0552e-007
18005,1.1252e-006
18006,7.7013e-007
18007,1.0819e-006
18008,9.9445e-007
18009,9.573e-007
18010,6.6756e-007
18011,7.633e-007
18012,5.9078e-007
18013,6.2592e-005
18014,6.7162e-005
18015,5.8053e-005
18016,6.3238e-005
18017,5.6236e-005
18018,5.4778e-005
18019,7.934e-005
18020,5.4628e-006
18021,1.6291e-006
18022,5.2963e-006
18023,2.1516e-006
18024,3.4378e-006
18025,2.415e-006
18026,3.5705e-006
18027,4.6045e-006
18028,3.1128e-006
18029,4.456e-006
18030,5.3413e-006
18031,4.1943e-006
18032,4.9643e-006
18033,4.533e-006
18034,4.1225e-006
18035,5.0075e-006
18036,4.8825e-006
18037,4.5528e-006
18038,4.1643e-006
18039,4.3944e-006
18040,8.0208e-006
18041,6.942e-006
18042,6.6448e-006
18043,7.698e-006
18044,6.9291e-006
18045,7.1596e-006
18046,6.1794e-006
18047,7.8636e-006
18048,8.2254e-006
18049,2.1698e-005
18050,2.0078e-005
18051,2.4324e-005
18052,2.2896e-005
18053,2.3005e-005
18054,2.5093e-005
18055,6.4324e-006
18056,5.182e-006
18057,6.3023e-006
18058,5.706e-006
18059,7.8907e-006
18060,7.0992e-006
18061,6.9339e-006
18062,5.6403e-006
18063,5.8189e-006
18064,7.1177e-006
18065,6.376e-006
18066,6.3174e-006
18067,2.8164e-006
18068,3.1675e-006
18069,3.2789e-006
18070,2.7624e-006
18071,4.3423e-006
18072,3.0235e-006
18073,3.4941e-006
18074,4.0127e-006
18075,3.8176e-006
18076,3.4785e-006
18077,3.7689e-005
18078,4.1899e-005
18079,3.8935e-005
18080,3.6662e-005
18081,4.1748e-005
18082,4.4125e-005
18083,2.8619e-006
18084,2.3058e-006
18085,3.0834e-006
18086,3.04e-006
18087,2.9435e-006
18088,3.1087e-006
18089,2.7327e-006
18090,3.0055e-006
18091,2.3445e-006
18092,2.4696e-006
18093,2.7976e-005
18094,2.4887e-005
18095,2.3384e-005
18096,2.4078e-005
18097,3.1166e-005
18098,2.2634e-005
18099,2.1794e-005
18100,2.991e-005
18101,2.657e-005
18102,3.1682e-005
18103,2.5564e-005
18104,9.7097e-007
18105,6.5668e-007
18106,1.2062e-006
18107,9.1729e-007
18108,8.8889e-007
18109,9.4329e-007
18110,8.3397e-006
18111,8.5796e-006
18112,8.9327e-006
18113,1.1504e-005
18114,8.9553e-006
18115,1.0535e-005
18116,1.0013e-005
18117,7.9277e-006
18118,1.1042e-005
18119,9.625e-006
18120,8.6668e-006
18121,9.2287e-006
18122,8.573e-006
18123,9.9053e-006
18124,1.5067e-005
18125,1.5436e-005
18126,1.7046e-005
18127,1.8809e-005
18128,1.7377e-005
18129,1.6131e-005
18130,1.6142e-005
18131,1.8294e-005
18132,1.7724e-005
18133,1.3916e-005
18134,1.8444e-005
18135,1.365e-005
18136,1.3312e-005
18137,1.6331e-005
18138,1.3807e-005
18139,1.5722e-005
18140,1.8812e-005
18141,1.4287e-005
18142,1.6402e-005
18143,3.9093e-006
18144,3.4857e-006
18145,3.2424e-006
18146,3.881e-006
18147,3.5009e-006
18148,3.5303e-006
18149,3.5241e-006
18150,3.786e-006
18151,3.9912e-006
18152,4.7896e-007
18153,4.7695e-007
18154,6.3249e-007
18155,8.9903e-007
18156,7.1888e-007
18157,5.7066e-007
18158,4.9584e-007
18159,6.8338e-007
18160,6.0551e-007
18161,1.181e-006
18162,1.2586e-006
18163,1.8074e-006
18164,2.2208e-006
18165,2.1736e-006
18166,1.6507e-006
18167,2.0544e-006
18168,1.8584e-006
18169,1.3719e-006
18170,1.274e-006
18171,1.7914e-006
18172,5.6496e-006
18173,5.243e-006
18174,4.704e-006
18175,5.0895e-006
18176,6.0657e-006
18177,4.7457e-006
18178,4.724e-006
18179,5.5365e-006
18180,4.7628e-006
18181,4.4754e-006
18182,4.0958e-005
18183,3.6464e-005
18184,3.5192e-005
18185,3.5361e-005
18186,5.1705e-005
18187,4.3269e-005
18188,4.3702e-005
18189,3.1872e-005
18190,2.834e-005
18191,2.7937e-005
18192,2.0874e-005
18193,3.459e-005
18194,1.8907e-005
18195,2.045e-005
18196,2.1377e-005
18197,2.4001e-005
18198,2.1606e-005
18199,2.3249e-005
18200,2.0374e-005
18201,7.3961e-007
18202,6.385e-007
18203,7.9126e-007
18204,8.4674e-007
18205,1.1656e-006
18206,1.0736e-006
18207,7.8992e-007
18208,3.8047e-005
18209,3.111e-005
18210,3.8726e-005
18211,2.5796e-005
18212,2.4827e-005
18213,2.5092e-005
18214,2.3992e-005
18215,2.9302e-005
18216,2.7486e-005
18217,7.6589e-005
18218,5.5585e-005
18219,4.5109e-005
18220,4.7192e-005
18221,7.6004e-005
18222,4.8584e-005
18223,3.6108e-005
18224,3.6231e-005
18225,2.4274e-005
18226,2.7963e-005
18227,2.9988e-005
18228,3.2216e-005
18229,2.7956e-005
18230,2.5291e-005
18231,2.4665e-005
18232,2.8544e-005
18233,1.3211e-005
18234,1.1452e-005
18235,1.0758e-005
18236,1.1221e-005
18237,1.0546e-005
18238,1.3848e-005
18239,1.0875e-005
18240,1.1833e-005
18241,1.3116e-005
18242,1.2023e-005
18243,1.9053e-005
18244,1.7761e-005
18245,1.8285e-005
18246,1.8915e-005
18247,2.1856e-005
18248,2.1819e-005
18249,1.9638e-005
18250,1.7518e-005
18251,2.092e-005
18252,1.1387e-006
18253,1.0122e-006
18254,1.1775e-006
18255,8.3933e-007
18256,1.4511e-006
18257,1.1362e-006
18258,1.5451e-006
18259,1.4054e-006
18260,1.3544e-006
18261,1.0354e-006
18262,1.0919e-006
18263,1.0373e-006
18264,7.5772e-007
18265,1.3197e-006
18266,1.3871e-006
18267,9.353e-007
18268,9.6043e-006
18269,7.399e-006
18270,7.8442e-006
18271,8.2056e-006
18272,9.8723e-006
18273,8.4871e-006
18274,7.4124e-006
18275,8.5413e-006
18276,2.1012e-005
18277,3.7394e-005
18278,2.1119e-005
18279,2.1657e-005
18280,2.9182e-005
18281,2.2198e-005
18282,2.3534e-005
18283,2.1441e-005
18284,3.1851e-005
18285,9.6902e-007
18286,1.2143e-006
18287,1.8079e-006
18288,1.8924e-006
18289,1.7077e-006
18290,1.0078e-006
18291,1.143e-006
18292,1.5269e-006
18293,1.4342e-006
18294,1.4105e-006
18295,1.0478e-006
18296,1.3892e-006
18297,2.945e-005
18298,2.4585e-005
18299,2.4145e-005
18300,2.704e-005
18301,2.1966e-005
18302,2.6643e-005
18303,2.7729e-005
18304,2.3193e-005
18305,2.462e-005
18306,5.775e-007
18307,1.7248e-006
18308,1.6254e-006
18309,2.1823e-006
18310,2.7187e-006
18311,3.8907e-006
18312,3.0822e-006
18313,3.0578e-006
18314,2.135e-006
18315,1.1534e-004
18316,9.38e-005
18317,9.5619e-005
18318,3.0897e-005
18319,3.4344e-005
18320,3.0366e-005
18321,3.1565e-005
18322,3.4755e-005
18323,3.6646e-005
18324,1.0175e-005
18325,1.2758e-005
18326,9.9175e-006
18327,1.0525e-005
18328,1.2332e-005
18329,1.0193e-005
18330,9.6542e-006
18331,1.1866e-005
18332,1.0356e-005
18333,2.0868e-006
18334,2.143e-006
18335,1.5497e-006
18336,2.5076e-006
18337,1.6241e-006
18338,2.1186e-006
18339,1.4908e-006
18340,2.4983e-006
18341,1.8768e-006
18342,2.5942e-005
18343,3.2076e-005
18344,2.4974e-005
18345,3.2263e-005
18346,2.8418e-005
18347,3.0997e-005
18348,2.645e-005
18349,1.8683e-005
18350,1.8349e-005
18351,2.0504e-005
18352,1.7461e-005
18353,2.0242e-005
18354,2.0031e-005
18355,2.1317e-005
18356,4.5618e-005
18357,2.6321e-005
18358,3.9405e-005
18359,2.7011e-005
18360,2.8032e-005
18361,2.5234e-005
18362,1.6097e-003
18363,1.3608e-005
18364,1.2031e-005
18365,1.3367e-005
18366,1.2429e-005
18367,1.2878e-005
18368,1.2836e-005
18369,1.4918e-005
18370,1.18e-005
18371,1.434e-005
18372,1.2482e-005
18373,1.4964e-005
18374,1.7733e-006
18375,1.8597e-006
18376,1.7039e-006
18377,1.5697e-006
18378,1.6629e-006
18379,2.0729e-006
18380,1.8761e-006
18381,1.8138e-006
18382,2.2879e-006
18383,1.65e-006
18384,1.2176e-006
18385,1.5464e-006
18386,1.0703e-006
18387,7.9096e-007
18388,1.4644e-006
18389,1.0148e-006
18390,1.2293e-006
18391,1.2199e-006
18392,9.6675e-007
18393,9.7839e-007
18394,8.4251e-007
18395,9.7478e-006
18396,9.1575e-006
18397,7.8408e-006
18398,8.9243e-006
18399,8.7373e-006
18400,7.5853e-006
18401,9.7629e-006
18402,9.9934e-006
18403,8.5339e-006
18404,8.1828e-006
18405,4.7394e-005
18406,4.2127e-005
18407,3.5525e-005
18408,3.6738e-005
18409,1.0673e-005
18410,1.0045e-005
18411,1.0055e-005
18412,1.0534e-005
18413,9.1744e-006
18414,1.1475e-005
18415,1.1524e-005
18416,8.9678e-006
18417,1.1352e-005
18418,1.1263e-005
18419,9.854e-006
18420,7.3567e-007
18421,4.5427e-007
18422,2.8217e-007
18423,8.5038e-008
18424,5.3605e-007
18425,1.8127e-007
18426,6.8271e-007
18427,8.1892e-006
18428,6.8713e-006
18429,7.9129e-006
18430,6.2544e-006
18431,6.6708e-006
18432,7.0997e-006
18433,7.1914e-006
18434,8.1925e-006
18435,6.5022e-006
18436,6.4852e-006
18437,5.378e-005
18438,5.8414e-007
18439,3.6837e-007
18440,5.8904e-007
18441,5.5569e-007
18442,7.1842e-007
18443,3.7721e-007
18444,7.7153e-007
18445,5.0999e-007
18446,1.5415e-005
18447,1.6134e-005
18448,1.8089e-005
18449,1.7356e-005
18450,2.2031e-005
18451,1.9987e-005
18452,1.591e-005
18453,2.0396e-005
18454,1.8947e-005
18455,1.5808e-005
18456,1.6984e-005
18457,1.0744e-005
18458,1.0394e-005
18459,1.1376e-005
18460,1.6302e-005
18461,1.1824e-005
18462,1.3726e-005
18463,1.0976e-005
18464,9.2952e-006
18465,9.5092e-006
18466,1.432e-005
18467,6.6115e-005
18468,5.5237e-005
18469,5.9299e-005
18470,6.1978e-005
18471,5.9279e-005
18472,5.5374e-005
18473,5.8014e-005
18474,6.5813e-005
18475,6.0923e-005
18476,8.084e-006
18477,9.1301e-006
18478,9.2766e-006
18479,1.2844e-006
18480,9.9853e-007
18481,8.1488e-007
18482,1.0281e-006
18483,1.3265e-006
18484,8.7047e-007
18485,1.0276e-005
18486,1.1176e-005
18487,1.2239e-005
18488,1.1549e-005
18489,1.4254e-005
18490,2.1709e-005
18491,2.217e-005
18492,2.0066e-005
18493,2.0172e-005
18494,2.9423e-005
18495,5.2963e-005
18496,2.853e-005
18497,2.8942e-005
18498,3.3306e-005
18499,3.9077e-005
18500,4.2213e-005
18501,4.2094e-005
18502,4.4848e-005
18503,3.9081e-005
18504,4.7011e-005
18505,4.5095e-005
18506,4.151e-005
18507,4.0298e-005
18508,9.4448e-006
18509,1.0341e-005
18510,1.0206e-005
18511,1.3163e-005
18512,1.0549e-006
18513,1.0361e-006
18514,1.5715e-006
18515,1.1573e-006
18516,1.6154e-006
18517,1.5299e-006
18518,1.2086e-006
18519,1.7297e-006
18520,1.6864e-006
18521,8.4209e-007
18522,1.3966e-006
18523,1.2273e-006
18524,9.2685e-007
18525,1.0781e-006
18526,1.67e-006
18527,8.6512e-007
18528,1.2626e-006
18529,1.3383e-006
18530,8.2156e-007
18531,2.4884e-006
18532,1.7255e-006
18533,2.596e-006
18534,2.1781e-006
18535,2.2683e-006
18536,2.4348e-006
18537,1.8311e-006
18538,5.8284e-006
18539,7.3545e-006
18540,8.7215e-006
18541,6.3698e-006
18542,8.2312e-006
18543,6.2635e-006
18544,7.9075e-006
18545,8.4865e-006
18546,7.065e-006
18547,7.0142e-006
18548,9.4911e-006
18549,6.8076e-006
18550,4.9009e-007
18551,7.8942e-007
18552,5.385e-007
18553,5.8781e-007
18554,6.8816e-007
18555,6.9641e-007
18556,5.4469e-007
18557,4.968e-007
18558,8.5889e-007
18559,7.5806e-007
18560,6.4601e-007
18561,8.0536e-007
18562,5.057e-007
18563,6.9925e-006
18564,6.1477e-006
18565,5.4481e-006
18566,6.9817e-006
18567,6.3578e-006
18568,5.5942e-006
18569,6.3559e-006
18570,5.8799e-006
18571,5.1003e-006
18572,5.7835e-006
18573,6.4632e-006
18574,5.1086e-006
18575,3.4905e-006
18576,3.6108e-006
18577,4.0384e-006
18578,3.4008e-006
18579,2.8987e-006
18580,3.9502e-006
18581,2.5989e-006
18582,3.4728e-006
18583,2.1609e-006
18584,2.8774e-006
18585,3.0857e-006
18586,3.1089e-006
18587,1.6127e-006
18588,1.6432e-006
18589,9.9307e-007
18590,9.9651e-007
18591,1.0558e-006
18592,1.0855e-006
18593,1.3641e-006
18594,1.3277e-006
18595,5.8959e-005
18596,7.2932e-005
18597,5.3398e-005
18598,5.3415e-005
18599,6.3886e-005
18600,5.4938e-005
18601,6.5598e-005
18602,5.8431e-005
18603,6.0223e-005
18604,8.2338e-006
18605,9.0434e-006
18606,7.5776e-006
18607,7.5487e-006
18608,9.552e-006
18609,7.6858e-006
18610,7.9579e-006
18611,8.3689e-006
18612,3.723e-006
18613,3.782e-006
18614,4.3143e-006
18615,7.6848e-006
18616,2.9929e-006
18617,7.2519e-006
18618,6.4035e-006
18619,4.6548e-006
18620,6.2083e-006
18621,3.7581e-006
18622,4.6145e-006
18623,3.2269e-006
18624,4.7713e-006
18625,4.1967e-006
18626,5.9673e-006
18627,4.7124e-006
18628,4.9244e-006
18629,1.8274e-009
18630,4.4334e-009
18631,3.3586e-013
18632,6.6116e-013
18633,8.8401e-013
18634,3.7861e-013
18635,5.8268e-012
18636,3.5602e-012
18637,5.5403e-012
18638,1.736e-003
18639,1.8638e-003
18640,3.6275e-005
18641,4.9353e-005
18642,4.402e-005
18643,5.385e-005
18644,3.9793e-005
18645,3.5568e-005
18646,2.0703e-003
18647,2.0227e-003
18648,1.9447e-003
18649,1.9831e-005
18650,1.659e-005
18651,1.6374e-005
18652,2.2703e-005
18653,1.763e-005
18654,1.7492e-005
18655,1.8433e-005
18656,1.9354e-005
18657,2.1562e-005
18658,5.8388e-006
18659,7.4476e-006
18660,6.8071e-006
18661,6.0098e-006
18662,1.5045e-005
18663,1.323e-005
18664,1.4259e-005
18665,1.4623e-005
18666,1.7381e-005
18667,1.8129e-005
18668,1.5873e-005
18669,1.8188e-005
18670,1.4193e-005
18671,2.28e-005
18672,2.8419e-005
18673,2.4696e-005
18674,2.1577e-005
18675,2.7945e-005
18676,2.3145e-005
18677,2.2592e-005
18678,3.4341e-005
18679,1.7288e-005
18680,2.0475e-005
18681,1.8146e-005
18682,2.0946e-005
18683,1.7599e-005
18684,2.4745e-005
18685,1.9327e-005
18686,1.9386e-005
18687,6.4213e-006
18688,5.836e-006
18689,8.0453e-006
18690,5.5072e-006
18691,5.9464e-006
18692,7.2872e-006
18693,6.1858e-006
18694,5.5118e-006
18695,6.5459e-006
18696,6.5707e-006
18697,5.1452e-006
18698,5.3296e-006
18699,5.6723e-006
18700,5.5792e-006
18701,5.0347e-006
18702,5.678e-006
18703,5.4837e-006
18704,1.0424e-005
18705,9.2562e-006
18706,1.1347e-005
18707,9.3803e-006
18708,9.0898e-006
18709,1.3202e-005
18710,7.2753e-006
18711,8.0839e-006
18712,6.7843e-006
18713,6.1164e-006
18714,7.9268e-006
18715,5.3318e-006
18716,6.5571e-006
18717,4.8296e-006
18718,8.651e-007
18719,8.8073e-007
18720,1.5892e-006
18721,8.6425e-007
18722,1.3894e-006
18723,1.4013e-006
18724,1.3563e-006
18725,1.1931e-006
18726,3.8798e-006
18727,4.5071e-006
18728,4.2928e-006
18729,5.2566e-006
18730,4.0097e-006
18731,3.3467e-006
18732,3.5223e-006
18733,3.0346e-006
18734,4.9827e-006
18735,5.1392e-006
18736,3.8579e-006
18737,2.0607e-005
18738,1.9572e-005
18739,1.8191e-005
18740,2.4413e-005
18741,1.7148e-005
18742,1.8233e-005
18743,1.9861e-005
18744,1.8851e-005
18745,2.1627e-005
18746,4.9253e-006
18747,4.8313e-006
18748,4.503e-006
18749,4.583e-006
18750,5.212e-006
18751,4.9937e-006
18752,4.433e-006
18753,5.5351e-006
18754,6.4341e-006
18755,6.0815e-006
18756,5.891e-006
18757,6.0893e-006
18758,5.5076e-006
18759,5.9159e-006
18760,5.6321e-006
18761,6.389e-006
18762,3.3846e-005
18763,3.9777e-005
18764,3.8683e-005
18765,3.1915e-005
18766,3.7046e-005
18767,3.4055e-005
18768,3.2065e-005
18769,2.8332e-005
18770,3.1535e-005
18771,3.4758e-005
18772,2.7117e-005
18773,3.5481e-005
18774,1.3404e-006
18775,1.5677e-006
18776,1.6415e-006
18777,1.966e-006
18778,1.847e-006
18779,1.6382e-006
18780,1.0278e-006
18781,1.3551e-006
18782,1.2776e-006
18783,1.1453e-006
18784,5.2403e-006
18785,4.4278e-006
18786,4.89e-006
18787,4.7319e-006
18788,7.1134e-006
18789,6.097e-006
18790,7.5327e-006
18791,6.0319e-006
18792,5.2931e-006
18793,6.0244e-006
18794,6.163e-006
18795,6.9263e-006
18796,5.4923e-006
18797,7.2592e-007
18798,7.4534e-007
18799,9.5426e-007
18800,1.028e-006
18801,9.5085e-007
18802,9.2511e-006
18803,7.1233e-006
18804,6.1977e-006
18805,7.3662e-006
18806,7.4393e-006
18807,3.7756e-006
18808,3.6911e-006
18809,3.5026e-006
18810,3.9176e-006
18811,3.9775e-006
18812,4.2812e-006
18813,5.909e-007
18814,9.9295e-007
18815,9.4055e-007
18816,4.9994e-007
18817,6.2772e-007
18818,6.098e-007
18819,1.0207e-006
18820,7.8583e-007
18821,4.2801e-007
18822,9.0834e-007
18823,8.2531e-007
18824,5.1619e-007
18825,6.8462e-007
18826,1.605e-003
18827,3.333e-005
18828,3.5346e-005
18829,3.1342e-005
18830,3.624e-005
18831,3.4097e-005
18832,3.9051e-005
18833,4.575e-012
18834,2.2022e-012
18835,2.8304e-012
18836,4.632e-012
18837,1.0045e-005
18838,1.0995e-005
18839,9.8595e-006
18840,1.1538e-005
18841,1.4611e-005
18842,1.09e-005
18843,3.6222e-007
18844,4.0704e-007
18845,1.9776e-007
18846,5.8629e-006
18847,6.7622e-006
18848,6.1374e-006
18849,5.652e-006
18850,2.1637e-005
18851,1.9726e-005
18852,2.1503e-005
18853,2.4766e-005
18854,2.4271e-005
18855,2.0873e-005
18856,2.5464e-005
18857,2.3219e-005
18858,3.88e-006
18859,4.7403e-006
18860,3.5213e-006
18861,4.0158e-006
18862,4.6092e-006
18863,4.8093e-006
18864,3.831e-006
18865,5.2101e-006
18866,4.192e-006
18867,3.7913e-006
18868,3.1336e-006
18869,3.3166e-006
18870,1.983e-006
18871,4.7922e-007
18872,1.3637e-005
18873,1.3506e-005
18874,1.2148e-005
18875,1.3478e-005
18876,1.3639e-005
18877,1.6279e-005
18878,1.5212e-005
18879,1.5092e-005
18880,1.3881e-005
18881,1.721e-005
18882,1.3379e-005
18883,9.0477e-007
18884,6.7104e-007
18885,7.892e-007
18886,5.278e-007
18887,5.4514e-007
18888,3.5417e-005
18889,3.7128e-005
18890,3.3328e-005
18891,7.5581e-006
18892,6.0473e-006
18893,8.1099e-006
18894,7.1156e-006
18895,6.4544e-006
18896,6.077e-006
18897,6.3922e-006
18898,6.9922e-006
18899,7.1772e-006
18900,6.1729e-006
18901,5.7919e-006
18902,8.9003e-006
18903,6.5073e-006
18904,7.7737e-006
18905,6.8739e-006
18906,8.7397e-006
18907,1.2594e-005
18908,1.4121e-005
18909,1.3487e-005
18910,1.3511e-005
18911,1.4932e-005
18912,1.2645e-005
18913,1.2888e-005
18914,1.6516e-005
18915,1.4772e-005
18916,3.9546e-005
18917,2.4456e-005
18918,3.8897e-005
18919,2.5319e-005
18920,2.8795e-005
18921,2.473e-005
18922,2.8194e-005
18923,2.6535e-005
18924,9.1268e-006
18925,7.6722e-006
18926,8.4926e-006
18927,1.9185e-005
18928,1.6737e-005
18929,2.1492e-005
18930,1.8267e-005
18931,2.3132e-005
18932,4.9e-006
18933,5.3105e-006
18934,5.5731e-006
18935,4.9536e-006
18936,5.8221e-006
18937,5.2174e-006
18938,4.88e-006
18939,6.4738e-006
18940,7.2975e-006
18941,5.8976e-006
18942,5.9718e-006
18943,6.6237e-006
18944,6.4277e-006
18945,7.9014e-006
18946,7.1833e-006
18947,6.4699e-006
18948,5.0659e-006
18949,4.5944e-006
18950,5.512e-006
18951,5.5207e-006
18952,5.0038e-006
18953,4.8668e-006
18954,9.378e-006
18955,7.704e-006
18956,8.4265e-006
18957,8.4339e-006
18958,9.2221e-006
18959,7.6694e-006
18960,8.0138e-006
18961,7.9727e-006
18962,5.5106e-006
18963,5.0111e-006
18964,4.5029e-006
18965,4.7567e-006
18966,5.6805e-006
18967,4.9259e-006
18968,4.6562e-006
18969,5.324e-006
18970,9.9608e-006
18971,1.085e-005
18972,8.3512e-006
18973,7.8164e-006
18974,9.866e-006
18975,8.7954e-006
18976,1.0046e-005
18977,8.7734e-006
18978,2.1886e-005
18979,2.1394e-005
18980,1.6631e-005
18981,1.9855e-005
18982,1.9482e-005
18983,1.824e-005
18984,1.7409e-005
18985,4.9512e-006
18986,4.8072e-006
18987,4.6389e-006
18988,5.5974e-006
18989,4.5283e-006
18990,4.8198e-006
18991,5.2545e-006
18992,5.1719e-006
18993,5.0121e-007
18994,1.2823e-006
18995,6.3326e-007
18996,1.0896e-006
18997,1.0598e-006
18998,1.2741e-006
18999,7.7842e-007
19000,1.1638e-006
19001,1.0456e-006
19002,9.877e-007
19003,3.8681e-007
19004,3.0683e-007
19005,8.3323e-007
19006,3.3716e-007
19007,7.8612e-007
19008,4.3737e-007
19009,1.4186e-006
19010,2.9199e-006
19011,2.0876e-006
19012,1.0886e-006
19013,1.7066e-006
19014,1.5642e-006
19015,9.1335e-007
19016,1.923e-006
19017,3.2566e-006
19018,3.234e-006
19019,3.4714e-006
19020,3.3329e-006
19021,8.4809e-007
19022,5.0849e-007
19023,4.7409e-007
19024,6.6254e-007
19025,8.5214e-007
19026,1.032e-006
19027,9.2415e-007
19028,7.3775e-007
19029,7.5777e-007
19030,9.3393e-007
19031,8.6989e-007
19032,5.7366e-007
19033,1.1581e-006
19034,1.4396e-006
19035,1.306e-006
19036,1.352e-006
19037,1.5436e-006
19038,5.1512e-007
19039,6.1952e-007
19040,5.9484e-007
19041,5.7843e-007
19042,5.5519e-009
19043,2.2938e-008
19044,8.7164e-007
19045,7.0053e-007
19046,8.4837e-007
19047,3.5728e-007
19048,1.5762e-007
19049,1.3697e-006
19050,3.3644e-005
19051,2.3274e-005
19052,4.1282e-005
19053,2.261e-005
19054,2.3646e-005
19055,2.4747e-005
19056,2.6483e-005
19057,2.8978e-005
19058,2.3585e-013
19059,1.0764e-013
19060,1.4178e-003
19061,1.4742e-003
19062,1.516e-003
19063,2.1623e-003
19064,1.9453e-003
19065,1.9644e-003
19066,2.0279e-012
19067,3.6298e-004
19068,3.3054e-004
19069,3.7819e-004
19070,1.5109e-003
19071,1.4197e-003
19072,3.3929e-004
19073,2.3048e-005
19074,2.1007e-005
19075,2.6494e-005
19076,3.9909e-007
19077,1.8073e-007
19078,2.68e-007
19079,6.4647e-007
19080,8.107e-007
19081,6.2238e-007
19082,8.6791e-007
19083,7.6529e-007
19084,6.2201e-007
19085,6.0852e-007
19086,8.6692e-007
19087,8.5475e-007
19088,6.0769e-007
19089,6.9383e-006
19090,5.6946e-006
19091,5.8876e-006
19092,6.7359e-006
19093,6.1068e-006
19094,5.9001e-006
19095,5.2504e-006
19096,5.3599e-006
19097,5.3571e-006
19098,9.5684e-006
19099,9.6769e-006
19100,8.1201e-006
19101,8.4933e-006
19102,7.1794e-006
19103,7.7736e-006
19104,7.3493e-006
19105,8.5769e-006
19106,7.9173e-006
19107,2.3787e-006
19108,3.1649e-006
19109,3.053e-006
19110,9.6419e-006
19111,8.1956e-006
19112,9.5675e-006
19113,7.741e-006
19114,8.7456e-006
19115,7.2825e-006
19116,7.765e-006
19117,8.7387e-006
19118,4.2802e-006
19119,2.9623e-006
19120,1.5194e-006
19121,5.036e-006
19122,3.303e-006
19123,2.8894e-006
19124,4.5445e-006
19125,3.9008e-006
19126,2.549e-006
19127,2.8325e-006
19128,1.8113e-006
19129,1.8372e-006
19130,2.6385e-006
19131,2.3142e-006
19132,2.8498e-006
19133,2.9545e-006
19134,2.1514e-006
19135,9.1707e-007
19136,4.4302e-007
19137,1.1184e-006
19138,1.1306e-006
19139,1.03e-006
19140,5.8792e-006
19141,5.8713e-006
19142,6.7889e-006
19143,5.5835e-006
19144,6.425e-006
19145,7.8611e-007
19146,9.4561e-007
19147,5.1326e-006
19148,5.6313e-006
19149,5.8569e-006
19150,6.7224e-006
19151,5.345e-006
19152,5.2402e-006
19153,6.1774e-006
19154,5.2488e-006
19155,5.7883e-006
19156,1.2682e-006
19157,1.9506e-006
19158,1.8811e-006
19159,1.4621e-006
19160,1.7883e-006
19161,1.2138e-006
19162,1.4333e-006
19163,1.2767e-006
19164,1.017e-006
19165,1.7512e-006
19166,2.0754e-006
19167,1.9939e-006
19168,1.2089e-006
19169,1.4559e-006
19170,1.8868e-006
19171,1.2204e-006
19172,1.5756e-006
19173,1.835e-006
19174,1.7923e-006
19175,3.78e-006
19176,2.6323e-006
19177,3.1739e-006
19178,2.8357e-006
19179,3.6335e-006
19180,3.3117e-006
19181,4.1922e-006
19182,7.3491e-007
19183,7.6714e-007
19184,9.0959e-007
19185,7.9297e-007
19186,1.1984e-006
19187,6.8861e-007
19188,7.6948e-007
19189,9.4234e-007
19190,1.0681e-006
19191,6.4746e-007
19192,6.1402e-007
19193,6.9202e-007
19194,5.0031e-007
19195,4.5819e-007
19196,9.8963e-007
19197,7.1951e-007
19198,1.2635e-006
19199,7.0626e-007
19200,7.4536e-007
19201,7.8387e-008
19202,3.2866e-008
19203,2.9165e-006
19204,2.7836e-006
19205,1.6332e-006
19206,2.0247e-006
19207,2.5842e-006
19208,2.7412e-006
19209,2.142e-006
19210,2.643e-006
19211,2.1597e-006
19212,2.3722e-006
19213,2.5378e-006
19214,2.2043e-006
19215,1.8939e-006
19216,2.0842e-006
19217,1.5562e-006
19218,1.7425e-006
19219,1.9478e-006
19220,1.6959e-006
19221,2.0406e-006
19222,6.411e-007
19223,9.5948e-007
19224,6.5246e-012
19225,9.3881e-013
19226,1.8992e-012
19227,9.691e-006
19228,9.6471e-006
19229,8.6183e-006
19230,9.0727e-006
19231,1.0009e-005
19232,1.0977e-005
19233,9.0462e-006
19234,8.5923e-006
19235,1.1409e-005
19236,1.5296e-005
19237,1.1449e-005
19238,1.2983e-005
19239,1.1675e-005
19240,1.1884e-005
19241,1.3269e-005
19242,1.5765e-005
19243,1.3317e-005
19244,1.5582e-005
19245,1.6154e-005
19246,1.8987e-005
19247,1.8086e-005
19248,1.4841e-005
19249,1.5497e-005
19250,1.56e-005
19251,1.7533e-005
19252,1.6098e-005
19253,1.5157e-005
19254,1.7382e-005
19255,1.1136e-005
19256,1.5475e-005
19257,9.8824e-006
19258,1.0519e-005
19259,1.2823e-005
19260,1.1513e-005
19261,1.0389e-005
19262,1.3946e-005
19263,8.1099e-006
19264,7.3994e-006
19265,8.8406e-006
19266,7.1863e-006
19267,9.1084e-006
19268,7.703e-006
19269,7.7779e-006
19270,9.9273e-006
19271,1.0957e-005
19272,1.1269e-005
19273,9.8979e-006
19274,1.0127e-005
19275,9.6954e-006
19276,1.2212e-005
19277,1.2411e-005
19278,1.3313e-005
19279,1.174e-005
19280,6.8302e-006
19281,9.5713e-006
19282,8.2669e-006
19283,1.3092e-005
19284,8.2344e-006
19285,8.3831e-006
19286,9.1172e-006
19287,7.5151e-006
19288,1.1579e-005
19289,8.9607e-006
19290,7.4993e-006
19291,6.7104e-006
19292,5.6848e-006
19293,7.476e-006
19294,6.414e-006
19295,5.9951e-006
19296,5.1796e-006
19297,5.8242e-006
19298,6.5177e-006
19299,5.6726e-006
19300,7.1563e-006
19301,1.1894e-005
19302,6.9731e-006
19303,1.0959e-005
19304,9.3425e-006
19305,8.0425e-006
19306,7.8387e-006
19307,8.1539e-006
19308,8.9572e-006
19309,7.1172e-006
19310,8.5374e-006
19311,6.562e-006
19312,6.8496e-006
19313,7.5468e-006
19314,5.8522e-006
19315,5.9993e-006
19316,6.7163e-006
19317,6.3255e-006
19318,5.9075e-006
19319,6.0762e-006
19320,7.0758e-006
19321,1.2135e-005
19322,7.6045e-006
19323,8.9005e-006
19324,1.2176e-005
19325,1.1927e-005
19326,8.9792e-006
19327,9.8323e-006
19328,1.4088e-005
19329,9.5264e-006
19330,1.5359e-005
19331,5.1761e-006
19332,3.6228e-006
19333,4.6618e-006
19334,3.5146e-006
19335,4.9352e-006
19336,3.4129e-006
19337,5.4742e-006
19338,4.135e-006
19339,7.5481e-006
19340,6.4766e-006
19341,6.6353e-006
19342,5.7539e-006
19343,7.321e-006
19344,5.9016e-006
19345,6.8946e-006
19346,5.7129e-006
19347,5.7518e-006
19348,6.0898e-006
19349,6.4745e-006
19350,7.9189e-006
19351,7.2072e-006
19352,7.2997e-006
19353,6.3364e-006
19354,6.9147e-006
19355,6.5721e-006
19356,6.434e-006
19357,9.1395e-006
19358,9.5579e-006
19359,8.41e-006
19360,8.3968e-006
19361,8.795e-006
19362,1.0368e-005
19363,1.0777e-005
19364,7.8235e-006
19365,7.0922e-006
19366,8.9134e-006
19367,9.0575e-006
19368,7.3125e-006
19369,7.3384e-006
19370,8.1646e-006
19371,6.9994e-006
19372,8.2448e-006
19373,3.4389e-006
19374,3.9694e-006
19375,3.9657e-006
19376,3.6795e-006
19377,3.1472e-006
19378,3.6611e-006
19379,3.3553e-006
19380,3.2833e-006
19381,3.688e-006
19382,7.078e-006
19383,3.5532e-006
19384,5.7486e-006
19385,5.3106e-006
19386,4.352e-006
19387,5.5448e-006
19388,4.3218e-006
19389,4.7035e-006
19390,3.8927e-006
19391,3.2779e-006
19392,5.2908e-006
19393,5.5241e-006
19394,4.7734e-006
19395,4.8471e-006
19396,4.8671e-006
19397,5.6478e-006
19398,5.7765e-006
19399,4.5305e-006
19400,4.8629e-006
19401,5.0493e-006
19402,5.6216e-006
19403,2.6268e-006
19404,2.2343e-006
19405,2.465e-006
19406,2.3813e-006
19407,2.0618e-006
19408,1.4168e-006
19409,1.7792e-006
19410,2.2172e-006
19411,1.4986e-006
19412,2.1802e-006
19413,1.826e-006
19414,2.5119e-006
19415,5.5932e-006
19416,4.7161e-006
19417,4.7717e-006
19418,4.3856e-006
19419,5.4461e-006
19420,4.9345e-006
19421,4.8168e-006
19422,4.3715e-006
19423,4.3727e-006
19424,3.3369e-006
19425,3.3808e-006
19426,3.5219e-006
19427,3.2221e-006
19428,2.7553e-006
19429,3.1512e-006
19430,3.0934e-006
19431,2.9983e-006
19432,2.6723e-006
19433,2.6664e-006
19434,2.7203e-006
19435,2.8371e-006
19436,6.3617e-007
19437,1.7112e-006
19438,1.9715e-006
19439,2.1948e-006
19440,2.1575e-006
19441,1.6833e-006
19442,1.3181e-006
19443,9.3346e-007
19444,2.4797e-006
19445,8.8558e-006
19446,3.0915e-006
19447,4.4366e-006
19448,5.8837e-006
19449,4.0332e-006
19450,5.7978e-006
19451,4.3271e-006
19452,5.4094e-006
19453,8.2561e-006
19454,6.6119e-006
19455,6.5055e-006
19456,8.2086e-006
19457,7.3911e-006
19458,7.4229e-006
19459,6.4747e-006
19460,6.7261e-006
19461,6.241e-006
19462,8.1889e-006
19463,7.004e-006
19464,9.4208e-006
19465,5.3098e-006
19466,6.1389e-006
19467,5.0658e-006
19468,6.9035e-006
19469,8.2279e-006
19470,6.6925e-006
19471,5.3204e-006
19472,9.4193e-006
19473,8.5631e-006
19474,8.5429e-006
19475,1.1744e-005
19476,8.7502e-006
19477,9.3236e-006
19478,1.0059e-005
19479,1.0028e-005
19480,8.0762e-006
19481,1.0629e-005
19482,1.1501e-005
19483,1.5336e-005
19484,1.0888e-005
19485,1.2157e-005
19486,1.0949e-005
19487,1.6709e-005
19488,1.0355e-005
19489,1.2617e-005
19490,1.579e-005
19491,1.2964e-005
19492,1.1753e-005
19493,1.785e-005
19494,1.1369e-005
19495,1.3078e-005
19496,1.3364e-005
19497,1.5388e-005
19498,1.3618e-005
19499,1.9342e-005
19500,1.0614e-005
19501,9.6622e-006
19502,9.5206e-006
19503,1.2062e-005
19504,1.0119e-005
19505,9.0382e-006
19506,1.1197e-005
19507,9.417e-006
19508,1.0313e-005
19509,1.0887e-005
19510,1.0979e-005
19511,1.204e-005
19512,1.2044e-005
19513,1.0572e-005
19514,1.1328e-005
19515,1.322e-005
19516,1.4905e-005
19517,7.237e-006
19518,8.1571e-006
19519,8.5428e-006
19520,6.8762e-006
19521,8.6061e-006
19522,6.7142e-006
19523,8.3021e-006
19524,3.6458e-006
19525,3.7035e-006
19526,3.9227e-006
19527,3.7621e-006
19528,3.7397e-006
19529,3.3819e-006
19530,3.3945e-006
19531,3.2067e-006
19532,3.3117e-006
19533,4.9677e-006
19534,4.6703e-006
19535,1.1882e-006
19536,2.3703e-006
19537,1.8984e-006
19538,3.3566e-006
19539,2.5244e-006
19540,2.0741e-006
19541,3.9859e-007
19542,8.3907e-007
19543,6.3929e-007
19544,1.0321e-006
19545,8.5563e-007
19546,6.1093e-007
19547,8.2546e-007
19548,6.1942e-007
19549,3.7765e-007
19550,1.1861e-007
19551,5.0274e-007
19552,8.4895e-006
19553,6.794e-006
19554,5.6565e-006
19555,6.3689e-006
19556,5.3186e-006
19557,6.8917e-006
19558,9.7063e-006
19559,8.099e-006
19560,3.9478e-006
19561,3.7493e-006
19562,4.0593e-006
19563,3.6991e-006
19564,3.8224e-006
19565,3.2724e-006
19566,3.272e-006
19567,3.4441e-006
19568,3.7992e-006
19569,3.2288e-006
19570,3.746e-006
19571,5.7037e-006
19572,5.4373e-006
19573,4.4058e-006
19574,4.942e-006
19575,4.5379e-006
19576,4.8829e-006
19577,5.1272e-006
19578,4.3478e-006
19579,4.5854e-006
19580,4.4904e-006
19581,2.5928e-006
19582,2.428e-006
19583,3.7396e-006
19584,3.8615e-006
19585,2.8693e-006
19586,2.5498e-006
19587,3.2025e-006
19588,5.2439e-006
19589,2.3982e-006
19590,5.3537e-006
19591,5.8654e-006
19592,6.8285e-006
19593,5.3069e-006
19594,5.859e-006
19595,5.986e-006
19596,4.9891e-006
19597,4.8856e-006
19598,5.533e-006
19599,4.6197e-006
19600,8.8734e-006
19601,8.4701e-006
19602,1.0123e-005
19603,5.5673e-006
19604,7.8331e-006
19605,7.066e-006
19606,8.4269e-006
19607,4.3943e-006
19608,6.3972e-006
19609,7.5925e-006
19610,6.6294e-006
19611,6.8414e-006
19612,5.9039e-006
19613,6.0507e-006
19614,6.927e-006
19615,5.8628e-006
19616,7.105e-006
19617,6.3163e-006
19618,5.9821e-006
19619,6.6174e-006
19620,6.7078e-006
19621,7.6945e-006
19622,7.6937e-006
19623,6.1512e-006
19624,6.3014e-006
19625,7.5522e-006
19626,6.0052e-006
19627,6.2729e-006
19628,2.5127e-006
19629,3.4533e-006
19630,4.026e-006
19631,4.3877e-006
19632,2.5114e-006
19633,5.3795e-006
19634,4.9068e-006
19635,5.0122e-006
19636,6.2372e-006
19637,4.3097e-006
19638,4.9003e-006
19639,4.815e-006
19640,4.1572e-006
19641,4.3968e-006
19642,4.4047e-006
19643,3.9208e-006
19644,4.5438e-006
19645,4.0858e-006
19646,4.1268e-006
19647,3.974e-006
19648,3.5935e-006
19649,3.8802e-006
19650,3.3913e-006
19651,3.7691e-006
19652,3.187e-006
19653,3.9654e-006
19654,3.5115e-006
19655,3.2815e-006
19656,1.522e-006
19657,5.6217e-007
19658,1.1562e-006
19659,1.8826e-006
19660,1.5565e-006
19661,2.4035e-006
19662,1.374e-006
19663,9.3523e-007
19664,5.8203e-007
19665,3.2267e-006
19666,3.1808e-006
19667,3.3926e-006
19668,2.317e-006
19669,3.2011e-006
19670,2.8182e-006
19671,2.922e-006
19672,2.5577e-006
19673,2.9081e-006
19674,2.4318e-006
19675,7.5234e-006
19676,6.3053e-006
19677,5.6722e-006
19678,6.4272e-006
19679,7.3503e-006
19680,5.7555e-006
19681,6.4012e-006
19682,6.4854e-006
19683,5.6309e-006
19684,5.7385e-006
19685,4.0523e-006
19686,8.4848e-006
19687,7.9455e-006
19688,4.2571e-006
19689,3.2688e-006
19690,3.7388e-006
19691,5.8528e-006
19692,6.9292e-006
19693,4.6079e-006
19694,5.2087e-006
19695,9.486e-006
19696,9.3147e-006
19697,7.3678e-006
19698,8.2536e-006
19699,8.3195e-006
19700,7.5928e-006
19701,8.8539e-006
19702,7.2417e-006
19703,7.3954e-006
19704,8.393e-006
19705,7.5173e-006
19706,6.9461e-006
19707,6.3009e-006
19708,7.761e-006
19709,6.0233e-006
19710,6.6275e-006
19711,7.0288e-006
19712,6.344e-006
19713,8.1726e-006
19714,9.1031e-006
19715,8.5639e-006
19716,9.5766e-006
19717,8.7775e-006
19718,8.3854e-006
19719,1.1456e-005
19720,9.767e-006
19721,4.9406e-006
19722,5.6507e-006
19723,7.6432e-006
19724,6.7643e-006
19725,4.3541e-006
19726,4.9833e-006
19727,5.5234e-006
19728,3.97e-006
19729,5.7598e-006
19730,5.4467e-006
19731,6.2443e-006
19732,6.4826e-006
19733,5.0403e-006
19734,5.1423e-006
19735,5.0279e-006
19736,5.6866e-006
19737,4.9834e-006
19738,5.5566e-006
19739,4.814e-006
19740,5.1926e-006
19741,5.1812e-006
19742,5.4878e-006
19743,4.8681e-006
19744,5.6394e-006
19745,5.1326e-006
19746,4.6709e-006
19747,4.92e-006
19748,4.8556e-006
19749,6.2998e-006
19750,7.5278e-006
19751,5.5954e-006
19752,5.8767e-006
19753,6.3471e-006
19754,6.7902e-006
19755,5.7637e-006
19756,5.4084e-006
19757,6.7387e-006
19758,5.7884e-006
19759,6.2081e-006
19760,6.3438e-006
19761,7.509e-006
19762,7.3778e-006
19763,5.3774e-006
19764,6.3103e-006
19765,6.8712e-006
19766,6.0958e-006
19767,5.6167e-006
19768,7.0039e-006
19769,1.2034e-005
19770,9.6165e-006
19771,9.2149e-006
19772,8.8286e-006
19773,7.2325e-006
19774,1.1048e-005
19775,6.5845e-006
19776,8.5632e-006
19777,8.2708e-006
19778,7.4176e-006
19779,8.2047e-006
19780,3.2588e-006
19781,3.44e-006
19782,4.5996e-006
19783,6.4308e-006
19784,4.3118e-006
19785,6.0878e-006
19786,5.4688e-006
19787,5.9484e-006
19788,6.2394e-006
19789,5.5671e-006
19790,6.541e-006
19791,6.6016e-006
19792,5.8974e-006
19793,5.3475e-006
19794,5.487e-006
19795,5.3436e-006
19796,1.8893e-005
19797,1.9269e-005
19798,1.3883e-005
19799,1.6523e-005
19800,1.5183e-005
19801,1.8379e-005
19802,2.1637e-005
19803,1.566e-005
19804,1.7085e-005
19805,1.5666e-005
19806,1.206e-005
19807,1.1966e-005
19808,1.237e-005
19809,1.0804e-005
19810,1.4894e-005
19811,1.302e-005
19812,1.4609e-005
19813,1.3006e-005
19814,1.2582e-005
19815,1.2515e-005
19816,1.2896e-005
19817,1.2594e-005
19818,1.3432e-005
19819,1.5265e-005
19820,1.5141e-005
19821,5.3777e-006
19822,5.625e-006
19823,5.6732e-006
19824,6.1761e-006
19825,6.3847e-006
19826,5.9858e-006
19827,5.3924e-006
19828,5.7356e-006
19829,8.4834e-006
19830,9.2958e-006
19831,7.7285e-006
19832,8.8223e-006
19833,7.7009e-006
19834,6.9137e-006
19835,1.08e-005
19836,8.0292e-006
19837,9.2513e-006
19838,8.0973e-006
19839,7.5439e-006
19840,8.5758e-006
19841,1.0742e-005
19842,8.1973e-006
19843,9.6277e-006
19844,3.4157e-006
19845,2.6892e-006
19846,3.2704e-006
19847,3.2962e-006
19848,3.177e-006
19849,2.8472e-006
19850,3.0747e-006
19851,2.8961e-006
19852,2.4463e-006
19853,3.7611e-007
19854,8.6662e-007
19855,4.1495e-007
19856,8.3694e-007
19857,9.8498e-007
19858,6.3621e-007
19859,8.0446e-007
19860,7.6339e-007
19861,3.8863e-007
19862,6.7967e-007
19863,4.1784e-006
19864,3.9961e-006
19865,4.5665e-006
19866,3.8194e-006
19867,4.465e-006
19868,4.1195e-006
19869,4.1978e-006
19870,4.1831e-006
19871,1.4059e-005
19872,1.4347e-005
19873,1.5287e-005
19874,1.3901e-005
19875,1.5107e-005
19876,1.6721e-005
19877,1.6204e-005
19878,1.7585e-005
19879,1.935e-005
19880,1.8145e-005
19881,2.0863e-005
19882,2.0818e-005
19883,1.9869e-005
19884,2.4739e-005
19885,1.8113e-005
19886,2.0842e-005
19887,1.1786e-005
19888,1.1632e-005
19889,1.169e-005
19890,1.3069e-005
19891,1.3395e-005
19892,1.1122e-005
19893,1.1462e-005
19894,1.3823e-005
19895,1.5757e-005
19896,1.4884e-005
19897,1.4941e-005
19898,1.7878e-005
19899,1.49e-005
19900,1.5354e-005
19901,1.4286e-005
19902,1.3102e-005
19903,1.5696e-005
19904,1.802e-005
19905,1.6634e-005
19906,1.194e-005
19907,1.4183e-005
19908,1.1548e-005
19909,1.181e-005
19910,1.2757e-005
19911,1.4104e-005
19912,1.0747e-005
19913,1.207e-005
19914,1.2194e-005
19915,1.425e-005
19916,1.2117e-005
19917,1.2428e-005
19918,1.3053e-005
19919,1.3854e-005
19920,1.527e-005
19921,3.403e-006
19922,3.9854e-006
19923,4.3992e-006
19924,3.8721e-006
19925,4.3142e-006
19926,4.155e-006
19927,4.0761e-006
19928,3.2569e-006
19929,3.5777e-006
19930,4.0977e-006
19931,3.4295e-006
19932,3.7777e-006
19933,3.6279e-006
19934,3.3633e-006
19935,3.1613e-006
19936,2.563e-006
19937,2.832e-006
19938,2.9804e-006
19939,2.6236e-006
19940,3.2752e-006
19941,2.8362e-006
19942,3.2985e-006
19943,6.8724e-007
19944,1.0312e-006
19945,8.8648e-007
19946,4.376e-007
19947,1.3624e-006
19948,7.4808e-007
19949,1.346e-006
19950,1.4962e-006
19951,1.2563e-006
19952,1.6822e-006
19953,1.4766e-006
19954,1.276e-006
19955,4.8994e-006
19956,5.5686e-006
19957,4.2649e-006
19958,4.8139e-006
19959,5.189e-006
19960,4.6237e-006
19961,4.5694e-006
19962,4.3137e-006
19963,4.999e-006
19964,9.5592e-006
19965,9.6214e-006
19966,1.1121e-005
19967,9.6514e-006
19968,1.124e-005
19969,1.2293e-005
19970,8.7506e-006
19971,9.7952e-006
19972,8.1783e-006
19973,7.9723e-006
19974,8.9018e-006
19975,8.308e-006
19976,1.5849e-005
19977,9.5513e-006
19978,9.6879e-006
19979,8.8783e-006
19980,1.5035e-005
19981,1.2117e-005
19982,1.3087e-005
19983,1.0303e-005
19984,1.1246e-005
19985,1.2534e-005
19986,2.214e-006
19987,5.3947e-007
19988,2.0358e-006
19989,1.5309e-006
19990,8.8626e-007
19991,1.4347e-006
19992,9.1376e-007
19993,4.0937e-006
19994,4.8616e-006
19995,4.3629e-006
19996,5.1416e-006
19997,3.8041e-006
19998,4.4943e-006
19999,4.6998e-006
20000,4.0942e-006
20001,4.4302e-006
20002,4.8115e-006
20003,3.9518e-006
20004,4.3298e-006
20005,4.843e-006
20006,3.9651e-006
20007,4.0698e-006
20008,4.7683e-006
20009,4.4147e-006
20010,3.9731e-006
20011,4.4154e-006
20012,4.1634e-006
20013,3.9303e-006
20014,4.4644e-006
20015,3.7244e-006
20016,3.8001e-006
20017,4.1585e-006
20018,3.7009e-006
20019,4.1129e-006
20020,3.327e-006
20021,4.1261e-006
20022,3.8169e-006
20023,3.3642e-006
20024,3.5048e-006
20025,3.9532e-006
20026,3.4221e-006
20027,4.3979e-007
20028,2.2993e-006
20029,8.8776e-007
20030,1.1474e-006
20031,2.0874e-006
20032,2.2685e-006
20033,9.8735e-007
20034,1.6441e-006
20035,3.746e-006
20036,4.0177e-006
20037,3.6361e-006
20038,3.1148e-006
20039,3.3403e-006
20040,3.7414e-006
20041,3.0606e-006
20042,3.7125e-006
20043,3.1872e-006
20044,3.9247e-006
20045,3.e-006
20046,2.5705e-006
20047,1.5765e-006
20048,1.9455e-006
20049,2.7776e-006
20050,2.6215e-006
20051,2.0842e-006
20052,2.42e-006
20053,2.3921e-006
20054,3.4842e-006
20055,3.5177e-006
20056,3.4886e-006
20057,2.9259e-006
20058,3.1465e-006
20059,3.0585e-006
20060,2.5686e-006
20061,3.1631e-006
20062,2.8961e-006
20063,4.593e-006
20064,4.165e-006
20065,4.2034e-006
20066,5.0229e-006
20067,4.6079e-006
20068,4.6078e-006
20069,4.289e-006
20070,4.2709e-006
20071,4.604e-006
20072,6.0127e-007
20073,1.2404e-006
20074,8.031e-007
20075,8.9228e-007
20076,1.2136e-006
20077,1.0357e-006
20078,1.2402e-006
20079,9.6734e-007
20080,7.7973e-007
20081,5.6641e-007
20082,5.4849e-006
20083,6.1779e-006
20084,6.0667e-006
20085,7.1116e-006
20086,5.415e-006
20087,7.0631e-006
20088,5.2369e-006
20089,5.862e-006
20090,5.2712e-006
20091,6.0853e-006
20092,8.8151e-006
20093,6.7601e-006
20094,8.752e-006
20095,1.095e-005
20096,1.2463e-005
20097,8.4282e-006
20098,6.9329e-006
20099,9.5651e-006
20100,8.8873e-006
20101,7.2996e-006
20102,8.7395e-006
20103,7.9029e-006
20104,1.1416e-005
20105,1.1211e-005
20106,8.9111e-006
20107,1.1212e-005
20108,2.1398e-006
20109,2.2098e-006
20110,3.8972e-006
20111,2.6714e-006
20112,4.4536e-006
20113,3.1355e-006
20114,5.4851e-006
20115,3.0959e-006
20116,3.5471e-006
20117,3.7425e-006
20118,3.5087e-006
20119,3.4668e-006
20120,2.9191e-006
20121,2.9921e-006
20122,3.102e-006
20123,3.1644e-006
20124,3.1566e-006
20125,3.4925e-006
20126,3.458e-006
20127,2.1578e-006
20128,4.4827e-007
20129,1.6974e-006
20130,1.7047e-006
20131,8.1242e-007
20132,1.5086e-006
20133,2.3645e-006
20134,9.866e-007
20135,2.5649e-006
20136,2.5715e-006
20137,2.0975e-006
20138,2.2429e-006
20139,2.0838e-006
20140,1.9273e-006
20141,3.86e-006
20142,4.853e-006
20143,4.3168e-006
20144,4.3206e-006
20145,3.9081e-006
20146,4.9634e-006
20147,3.9356e-006
20148,3.9285e-006
20149,4.402e-006
20150,3.9819e-006
20151,4.3921e-006
20152,4.089e-006
20153,4.3258e-006
20154,3.4793e-006
20155,3.7555e-006
20156,3.5748e-006
20157,4.1788e-006
20158,3.9162e-006
20159,3.6894e-006
20160,7.4483e-007
20161,7.3926e-007
20162,8.1314e-007
20163,3.9739e-007
20164,1.0373e-006
20165,5.3859e-007
20166,9.3016e-007
20167,3.12e-006
20168,2.707e-006
20169,1.9765e-006
20170,1.9074e-006
20171,1.2266e-006
20172,2.2991e-006
20173,3.1067e-006
20174,1.9719e-006
20175,4.2639e-006
20176,3.6802e-006
20177,4.0238e-006
20178,4.1985e-006
20179,3.2569e-006
20180,3.6989e-006
20181,3.9815e-006
20182,3.8779e-006
20183,3.526e-006
20184,3.4114e-006
20185,3.9754e-006
20186,4.204e-006
20187,4.7013e-006
20188,5.3363e-006
20189,4.3017e-006
20190,5.3632e-006
20191,4.7572e-006
20192,4.275e-006
20193,4.7719e-006
20194,4.3919e-006
20195,6.8666e-006
20196,7.0753e-006
20197,7.4144e-006
20198,7.6886e-006
20199,6.8283e-006
20200,8.5525e-006
20201,7.5505e-006
20202,8.2598e-006
20203,7.6734e-006
20204,7.0797e-006
20205,7.2363e-006
20206,8.4436e-006
20207,7.6595e-006
20208,1.1392e-005
20209,1.2453e-005
20210,1.1523e-005
20211,1.4503e-005
20212,1.1629e-005
20213,1.0154e-005
20214,1.0664e-005
20215,1.2982e-005
20216,1.4821e-005
20217,1.1234e-005
20218,1.5792e-005
20219,1.4954e-005
20220,1.3251e-005
20221,1.7626e-005
20222,1.6264e-005
20223,1.5814e-005
20224,1.489e-005
20225,1.7199e-005
20226,2.1253e-005
20227,1.5579e-005
20228,1.0095e-005
20229,9.0379e-006
20230,9.7733e-006
20231,1.1076e-005
20232,9.1004e-006
20233,1.0265e-005
20234,9.7326e-006
20235,1.1383e-005
20236,9.1168e-006
20237,1.1915e-005
20238,3.9009e-006
20239,3.654e-006
20240,3.3728e-006
20241,3.8127e-006
20242,3.4296e-006
20243,3.4724e-006
20244,3.7367e-006
20245,3.1793e-006
20246,3.3485e-006
20247,2.8964e-006
20248,5.1277e-006
20249,3.482e-006
20250,4.3659e-006
20251,3.9502e-006
20252,5.0964e-006
20253,4.4514e-006
20254,3.9241e-006
20255,4.4316e-006
20256,3.6306e-006
20257,9.0295e-006
20258,1.0955e-005
20259,1.0423e-005
20260,9.0168e-006
20261,8.8232e-006
20262,9.1822e-006
20263,9.8169e-006
20264,9.4295e-006
20265,1.0016e-005
20266,1.7554e-005
20267,1.204e-005
20268,1.3346e-005
20269,1.4167e-005
20270,1.467e-005
20271,1.3099e-005
20272,1.3345e-005
20273,6.9966e-006
20274,6.2696e-006
20275,6.4022e-006
20276,7.0201e-006
20277,6.7549e-006
20278,6.695e-006
20279,6.3122e-006
20280,1.9375e-005
20281,1.7245e-005
20282,1.8817e-005
20283,1.889e-005
20284,5.2002e-006
20285,8.4877e-006
20286,7.2704e-006
20287,6.2363e-006
20288,7.1242e-006
20289,6.3314e-006
20290,9.3185e-006
20291,5.5858e-006
20292,9.2424e-006
20293,6.0641e-006
20294,7.5269e-006
20295,6.2554e-006
20296,6.4526e-006
20297,5.5352e-006
20298,6.0081e-006
20299,1.0286e-005
20300,1.2923e-005
20301,1.0322e-005
20302,1.2239e-005
20303,1.0661e-005
20304,1.0084e-005
20305,1.1637e-005
20306,1.4198e-005
20307,1.0127e-005
20308,1.2516e-005
20309,1.1659e-005
20310,1.1213e-005
20311,1.0602e-005
20312,1.1271e-005
20313,1.3381e-005
20314,1.5481e-005
20315,1.2548e-005
20316,1.4175e-005
20317,1.7714e-005
20318,1.7198e-005
20319,1.5153e-005
20320,1.3944e-005
20321,1.2242e-005
20322,7.0143e-006
20323,7.5858e-006
20324,6.1279e-006
20325,7.9668e-006
20326,6.4625e-006
20327,7.9431e-006
20328,6.7375e-006
20329,6.5743e-006
20330,7.8159e-006
20331,6.8421e-006
20332,1.1569e-005
20333,1.1664e-005
20334,1.3168e-005
20335,1.1666e-005
20336,1.1123e-005
20337,1.2753e-005
20338,1.3313e-005
20339,1.2258e-005
20340,1.5015e-005
20341,1.4187e-005
20342,1.7831e-005
20343,1.6555e-005
20344,1.7668e-005
20345,2.2049e-005
20346,1.8076e-005
20347,2.5202e-005
20348,1.945e-005
20349,2.0925e-005
20350,2.06e-005
20351,1.2177e-005
20352,1.3533e-005
20353,1.2427e-005
20354,1.3048e-005
20355,1.213e-005
20356,1.2639e-005
20357,1.5506e-005
20358,1.4026e-005
20359,1.4829e-005
20360,7.4573e-006
20361,8.6389e-006
20362,1.0204e-005
20363,7.4841e-006
20364,8.6207e-006
20365,9.0368e-006
20366,7.6261e-006
20367,8.1118e-006
20368,9.7759e-006
20369,9.6636e-006
20370,9.9108e-006
20371,1.1435e-005
20372,1.0974e-005
20373,9.8187e-006
20374,1.0807e-005
20375,1.2113e-005
20376,1.3662e-005
20377,1.2992e-005
20378,1.0881e-005
20379,1.1391e-005
20380,1.0469e-005
20381,1.2063e-005
20382,1.2864e-005
20383,1.085e-005
20384,1.417e-005
20385,1.1732e-005
20386,1.161e-005
20387,7.7541e-006
20388,6.6643e-006
20389,6.6364e-006
20390,7.6839e-006
20391,6.3339e-006
20392,6.3547e-006
20393,6.563e-006
20394,6.0342e-006
20395,1.6093e-005
20396,1.0978e-005
20397,1.0482e-005
20398,1.1534e-005
20399,1.276e-005
20400,1.3148e-005
20401,1.0981e-005
20402,1.0595e-005
20403,1.2315e-005
20404,8.5699e-006
20405,7.5845e-006
20406,8.0525e-006
20407,6.8885e-006
20408,6.807e-006
20409,7.7084e-006
20410,7.024e-006
20411,6.5473e-006
20412,9.7262e-006
20413,8.7428e-006
20414,8.8988e-006
20415,1.1544e-005
20416,8.8898e-006
20417,1.0126e-005
20418,8.9278e-006
20419,1.0087e-005
20420,1.0267e-005
20421,1.1142e-005
20422,1.1035e-005
20423,1.4048e-005
20424,1.4915e-005
20425,2.0879e-005
20426,1.6318e-005
20427,1.7897e-005
20428,1.3942e-005
20429,1.8123e-005
20430,1.4877e-005
20431,1.6432e-005
20432,2.2861e-005
20433,1.6898e-005
20434,2.383e-005
20435,1.935e-005
20436,1.9347e-005
20437,1.1068e-005
20438,9.7216e-006
20439,8.7606e-006
20440,1.0207e-005
20441,1.3446e-005
20442,1.1119e-005
20443,4.169e-006
20444,3.5079e-006
20445,3.8914e-006
20446,3.4878e-006
20447,4.1252e-006
20448,3.7779e-006
20449,3.7762e-006
20450,3.8428e-006
20451,3.0911e-006
20452,4.7045e-007
20453,1.2937e-006
20454,9.5368e-007
20455,1.3031e-006
20456,6.5458e-007
20457,1.0495e-006
20458,6.0741e-007
20459,9.1154e-007
20460,2.8856e-006
20461,2.3305e-006
20462,2.7175e-006
20463,2.1341e-006
20464,2.5377e-006
20465,1.865e-006
20466,2.2622e-006
20467,2.473e-006
20468,2.8687e-006
20469,3.6655e-006
20470,4.0601e-006
20471,3.499e-006
20472,3.8989e-006
20473,3.7944e-006
20474,3.2949e-006
20475,3.8055e-006
20476,3.4669e-006
20477,4.2216e-006
20478,4.593e-006
20479,5.2985e-006
20480,4.305e-006
20481,5.1158e-006
20482,4.5078e-006
20483,4.1858e-006
20484,4.674e-006
20485,4.6624e-006
20486,3.6058e-006
20487,3.6882e-006
20488,3.7376e-006
20489,3.452e-006
20490,2.8937e-006
20491,3.6982e-006
20492,3.4755e-006
20493,3.0976e-006
20494,3.2111e-006
20495,3.3752e-006
20496,3.3581e-006
20497,1.0353e-006
20498,5.5333e-007
20499,1.0118e-006
20500,1.0225e-006
20501,1.2869e-006
20502,1.3912e-006
20503,6.6203e-007
20504,7.0706e-007
20505,1.4333e-006
20506,1.1829e-006
20507,3.7726e-006
20508,4.174e-006
20509,3.9473e-006
20510,3.4229e-006
20511,3.896e-006
20512,3.6265e-006
20513,3.5266e-006
20514,3.3518e-006
20515,3.9156e-006
20516,3.9804e-006
20517,1.4666e-006
20518,2.2992e-006
20519,2.6016e-006
20520,2.4999e-006
20521,2.2911e-006
20522,2.5642e-006
20523,1.7632e-006
20524,2.5177e-006
20525,1.7179e-006
20526,1.8615e-006
20527,2.1938e-006
20528,2.0946e-006
20529,8.9581e-006
20530,7.6503e-006
20531,8.4704e-006
20532,1.027e-005
20533,9.6452e-006
20534,9.4741e-006
20535,8.4045e-006
20536,1.1079e-005
20537,7.4523e-006
20538,1.015e-005
20539,7.6628e-006
20540,6.9724e-006
20541,8.932e-006
20542,1.0999e-005
20543,1.1827e-005
20544,7.1585e-006
20545,6.2425e-006
20546,6.3897e-006
20547,5.6592e-006
20548,5.5747e-006
20549,7.042e-006
20550,4.893e-006
20551,4.4852e-006
20552,6.2546e-006
20553,5.7528e-006
20554,4.6949e-006
20555,5.0206e-006
20556,5.4712e-006
20557,4.7763e-006
20558,2.7834e-006
20559,1.4284e-006
20560,1.1597e-006
20561,2.9761e-006
20562,2.8308e-006
20563,2.7598e-006
20564,2.2593e-006
20565,2.1337e-006
20566,1.6349e-006
20567,1.5714e-006
20568,3.0735e-006
20569,3.4605e-006
20570,3.5633e-006
20571,3.042e-006
20572,3.3743e-006
20573,3.0682e-006
20574,2.6851e-006
20575,2.7723e-006
20576,1.3126e-006
20577,4.848e-007
20578,1.923e-006
20579,1.8064e-006
20580,1.0285e-006
20581,1.4165e-006
20582,1.9237e-006
20583,2.1229e-006
20584,1.3878e-006
20585,3.322e-006
20586,3.3028e-006
20587,2.9216e-006
20588,3.0801e-006
20589,2.8342e-006
20590,2.3337e-006
20591,2.3311e-006
20592,2.586e-006
20593,3.1482e-006
20594,4.8074e-006
20595,4.321e-006
20596,5.1833e-006
20597,4.8257e-006
20598,4.094e-006
20599,4.6798e-006
20600,4.4118e-006
20601,4.3149e-006
20602,4.8827e-006
20603,3.3199e-006
20604,3.3794e-006
20605,3.4275e-006
20606,2.5087e-006
20607,2.9222e-006
20608,3.0705e-006
20609,3.0558e-006
20610,3.3632e-006
20611,2.77e-006
20612,2.7532e-006
20613,8.7147e-007
20614,4.0528e-007
20615,9.29e-007
20616,1.0987e-006
20617,1.0966e-006
20618,1.0007e-006
20619,5.5831e-007
20620,3.9246e-007
20621,5.7715e-007
20622,9.8705e-007
20623,8.9191e-007
20624,4.4214e-006
20625,4.0816e-006
20626,4.5648e-006
20627,5.0177e-006
20628,4.1429e-006
20629,5.004e-006
20630,4.4448e-006
20631,4.1376e-006
20632,4.663e-006
20633,1.8287e-006
20634,2.6603e-006
20635,3.8206e-006
20636,2.6618e-006
20637,2.6416e-006
20638,4.4019e-006
20639,2.9356e-006
20640,1.7726e-006
20641,4.0743e-006
20642,3.7793e-007
20643,8.6847e-007
20644,9.0202e-007
20645,1.2679e-006
20646,5.5788e-007
20647,6.8284e-007
20648,8.6803e-007
20649,9.73e-007
20650,1.0526e-006
20651,8.8566e-007
20652,6.0664e-007
20653,3.5879e-006
20654,4.0311e-006
20655,3.7211e-006
20656,3.155e-006
20657,3.7701e-006
20658,3.8257e-006
20659,3.3697e-006
20660,3.3423e-006
20661,3.3841e-006
20662,3.9306e-006
20663,3.6929e-006
20664,3.9888e-006
20665,3.1479e-006
20666,3.8126e-006
20667,3.3577e-006
20668,3.6242e-006
20669,2.9837e-006
20670,4.6494e-006
20671,4.9887e-006
20672,4.2086e-006
20673,4.497e-006
20674,4.282e-006
20675,3.7448e-006
20676,4.4266e-006
20677,4.6108e-006
20678,4.0695e-006
20679,4.1251e-006
20680,3.8959e-006
20681,3.9294e-006
20682,3.4551e-006
20683,3.4951e-006
20684,3.7818e-006
20685,4.062e-006
20686,4.8749e-006
20687,4.4024e-006
20688,4.7639e-006
20689,4.4203e-006
20690,4.3582e-006
20691,3.9749e-006
20692,4.1201e-006
20693,3.7593e-006
20694,3.8505e-006
20695,3.3637e-006
20696,3.3543e-006
20697,3.7632e-006
20698,3.4732e-006
20699,5.0726e-006
20700,4.2865e-006
20701,5.216e-006
20702,5.1821e-006
20703,4.7476e-006
20704,4.3462e-006
20705,4.1739e-006
20706,4.6954e-006
20707,4.1181e-006
20708,6.543e-006
20709,5.6744e-006
20710,5.522e-006
20711,4.8568e-006
20712,5.0937e-006
20713,5.6758e-006
20714,3.4003e-006
20715,4.0997e-006
20716,3.7409e-006
20717,3.8165e-006
20718,4.2589e-006
20719,5.4398e-006
20720,5.5927e-006
20721,4.8388e-006
20722,4.8188e-006
20723,5.0121e-006
20724,4.4489e-006
20725,4.4247e-006
20726,4.4753e-006
20727,3.871e-006
20728,4.1661e-006
20729,4.0684e-006
20730,3.6336e-006
20731,3.7005e-006
20732,3.8621e-006
20733,4.1534e-006
20734,3.727e-006
20735,3.2905e-006
20736,3.898e-006
20737,3.8797e-006
20738,3.3221e-006
20739,4.2365e-006
20740,4.3038e-006
20741,4.3444e-006
20742,3.9964e-006
20743,3.7682e-006
20744,3.4254e-006
20745,4.0349e-006
20746,5.5426e-006
20747,5.6685e-006
20748,5.4983e-006
20749,5.6358e-006
20750,4.7745e-006
20751,5.0398e-006
20752,5.0219e-006
20753,5.4416e-006
20754,3.7224e-006
20755,4.3434e-006
20756,4.2465e-006
20757,4.0494e-006
20758,4.0125e-006
20759,3.5061e-006
20760,3.7196e-006
20761,4.1348e-006
20762,4.1818e-006
20763,3.7782e-006
20764,3.3789e-006
20765,5.714e-006
20766,5.4903e-006
20767,4.8747e-006
20768,5.1374e-006
20769,5.1465e-006
20770,4.5669e-006
20771,4.5482e-006
20772,4.7157e-006
20773,5.2074e-006
20774,4.5573e-006
20775,3.9302e-006
20776,3.9085e-006
20777,4.0081e-006
20778,3.6638e-006
20779,3.3781e-006
20780,4.0027e-006
20781,3.546e-006
20782,4.0217e-006
20783,3.7164e-006
20784,4.0731e-006
20785,3.9781e-006
20786,3.812e-006
20787,4.2463e-006
20788,3.6102e-006
20789,3.9203e-006
20790,3.9574e-006
20791,3.6305e-006
20792,4.0906e-006
20793,3.9441e-006
20794,3.8507e-006
20795,3.3794e-006
20796,3.5156e-006
20797,2.1106e-003
20798,5.1764e-006
20799,4.2482e-006
20800,4.6602e-006
20801,4.9062e-006
20802,4.1339e-006
20803,3.9757e-006
20804,4.6025e-006
20805,4.2628e-006
20806,6.9704e-006
20807,7.1921e-006
20808,5.795e-006
20809,5.6444e-006
20810,6.1492e-006
20811,5.844e-006
20812,5.1765e-006
20813,5.1335e-006
20814,3.6891e-006
20815,3.9262e-006
20816,3.767e-006
20817,3.9265e-006
20818,4.828e-006
20819,4.2656e-006
20820,5.0803e-006
20821,4.8217e-006
20822,4.1768e-006
20823,4.0372e-006
20824,3.7967e-006
20825,4.2749e-006
20826,4.4073e-006
20827,3.7903e-006
20828,4.5584e-006
20829,5.2844e-006
20830,5.2042e-006
20831,4.6346e-006
20832,4.2072e-006
20833,4.6941e-006
20834,4.6355e-006
20835,4.1505e-006
20836,4.2734e-006
20837,3.846e-006
20838,3.2487e-006
20839,3.5166e-006
20840,3.424e-006
20841,3.4109e-006
20842,5.1147e-006
20843,4.2673e-006
20844,4.1442e-006
20845,4.6266e-006
20846,4.1168e-006
20847,4.6824e-006
20848,4.366e-006
20849,5.454e-006
20850,4.6962e-006
20851,4.1967e-006
20852,4.7722e-006
20853,4.6903e-006
20854,4.7266e-006
20855,3.2757e-006
20856,3.5671e-006
20857,3.0939e-006
20858,2.6391e-006
20859,3.015e-006
20860,3.5401e-006
20861,3.6042e-006
20862,3.2519e-006
20863,2.8938e-006
20864,2.7939e-006
20865,3.6333e-006
20866,4.4513e-006
20867,3.937e-006
20868,4.2037e-006
20869,4.4265e-006
20870,4.0353e-006
20871,3.4538e-006
20872,3.5979e-006
20873,3.5464e-006
20874,2.6422e-006
20875,3.1148e-006
20876,2.9138e-006
20877,3.2277e-006
20878,8.5786e-006
20879,9.0621e-006
20880,1.1362e-005
20881,8.6919e-006
20882,9.6275e-006
20883,1.0889e-005
20884,7.7674e-006
20885,6.8089e-006
20886,6.8504e-006
20887,7.7543e-006
20888,6.8035e-006
20889,7.8059e-006
20890,6.6393e-006
20891,6.5968e-006
20892,7.6196e-006
20893,7.8651e-006
20894,6.9551e-006
20895,6.9663e-006
20896,9.1462e-006
20897,7.9761e-006
20898,6.8088e-006
20899,9.0927e-006
20900,7.3881e-006
20901,9.5889e-006
20902,8.3814e-006
20903,8.2042e-006
20904,7.4869e-006
20905,9.1336e-006
20906,8.6873e-006
20907,7.7971e-006
20908,5.452e-006
20909,6.0942e-006
20910,5.5348e-006
20911,5.4267e-006
20912,6.3534e-006
20913,5.5115e-006
20914,5.9346e-006
20915,5.4259e-006
20916,1.0482e-005
20917,9.435e-006
20918,1.2231e-005
20919,9.9828e-006
20920,9.671e-006
20921,5.9838e-006
20922,6.2578e-006
20923,5.9131e-006
20924,6.3453e-006
20925,5.4747e-006
20926,5.6821e-006
20927,5.2581e-006
20928,5.4004e-006
20929,7.5718e-006
20930,9.7054e-006
20931,8.5529e-006
20932,8.0628e-006
20933,7.3598e-006
20934,9.5445e-006
20935,8.2168e-006
20936,5.5144e-006
20937,6.2471e-006
20938,6.9614e-006
20939,5.3907e-006
20940,6.0719e-006
20941,6.3322e-006
20942,6.1606e-006
20943,9.4585e-006
20944,9.2969e-006
20945,8.8022e-006
20946,1.1825e-005
20947,9.8328e-006
20948,9.1753e-006
20949,9.0742e-006
20950,7.321e-006
20951,8.9373e-006
20952,7.5271e-006
20953,8.0529e-006
20954,7.3684e-006
20955,8.1651e-006
20956,9.6634e-006
20957,1.0553e-005
20958,1.2075e-005
20959,1.0963e-005
20960,9.5792e-006
20961,9.8424e-006
20962,9.626e-006
20963,9.6924e-006
20964,1.1155e-005
20965,9.5166e-006
20966,9.3698e-006
20967,9.4203e-006
20968,1.109e-005
20969,1.1693e-005
20970,1.0797e-005
20971,9.7628e-006
20972,1.1266e-005
20973,1.0156e-005
20974,9.7815e-006
20975,9.3797e-006
20976,1.0473e-005
20977,9.9019e-006
20978,1.155e-005
20979,1.0202e-005
20980,8.9741e-006
20981,1.0141e-005
20982,9.4485e-006
20983,1.2055e-005
20984,9.8353e-006
20985,1.055e-005
20986,9.9865e-006
20987,9.6695e-006
20988,1.1135e-005
20989,9.3555e-006
20990,6.742e-006
20991,7.3753e-006
20992,7.8371e-006
20993,6.3644e-006
20994,7.0684e-006
20995,6.5157e-006
20996,6.4092e-006
20997,7.7147e-006
20998,8.4539e-006
20999,8.3633e-006
21000,7.2062e-006
21001,7.5889e-006
21002,7.266e-006
21003,9.2897e-006
21004,9.4138e-006
21005,5.5012e-006
21006,5.0323e-006
21007,5.9943e-006
21008,6.0355e-006
21009,5.1561e-006
21010,4.9927e-006
21011,5.5306e-006
21012,1.3529e-005
21013,1.2908e-005
21014,1.2376e-005
21015,1.247e-005
21016,1.642e-005
21017,1.6727e-005
21018,1.4324e-005
21019,1.4397e-005
21020,5.5221e-006
21021,5.1482e-006
21022,4.8167e-006
21023,4.695e-006
21024,4.9682e-006
21025,4.7494e-006
21026,5.5954e-006
21027,5.1514e-006
21028,5.3657e-006
21029,5.1611e-006
21030,4.9202e-006
21031,7.9439e-006
21032,7.9558e-006
21033,7.7622e-006
21034,7.4719e-006
21035,7.4341e-006
21036,7.1841e-006
21037,7.1586e-006
21038,7.1242e-006
21039,6.2811e-006
21040,6.0952e-006
21041,7.0751e-006
21042,7.3489e-006
21043,7.0589e-006
21044,6.7493e-006
21045,6.4005e-006
21046,6.2342e-006
21047,6.7204e-006
21048,5.5582e-006
21049,5.9157e-006
21050,6.3708e-006
21051,6.0011e-006
21052,5.5311e-006
21053,7.2631e-006
21054,7.2608e-006
21055,7.7419e-006
21056,8.9178e-006
21057,7.4415e-006
21058,7.6321e-006
21059,8.3114e-006
21060,8.6063e-006
21061,3.9842e-006
21062,4.5339e-006
21063,4.2419e-006
21064,4.1374e-006
21065,4.1467e-006
21066,3.784e-006
21067,4.4193e-006
21068,3.4361e-006
21069,3.979e-006
21070,3.826e-006
21071,3.5493e-006
21072,3.782e-006
21073,3.2837e-006
21074,3.3891e-006
21075,8.296e-006
21076,6.5912e-006
21077,7.6557e-006
21078,6.3211e-006
21079,7.5096e-006
21080,6.5178e-006
21081,6.316e-006
21082,7.3445e-006
21083,6.837e-006
21084,8.9655e-006
21085,1.0148e-005
21086,8.748e-006
21087,1.0183e-005
21088,8.9804e-006
21089,8.7593e-006
21090,9.0296e-006
21091,1.1873e-005
21092,7.9922e-006
21093,7.7051e-006
21094,6.9851e-006
21095,6.7793e-006
21096,8.0202e-006
21097,9.6739e-006
21098,1.0651e-005
21099,8.7242e-006
21100,8.554e-006
21101,9.312e-006
21102,8.3514e-006
21103,7.8289e-006
21104,1.119e-005
21105,1.0349e-005
21106,1.0051e-005
21107,1.1109e-005
21108,1.2865e-005
21109,1.2389e-005
21110,1.2492e-005
21111,1.4442e-005
21112,1.0772e-005
21113,9.1399e-006
21114,9.0967e-006
21115,8.8716e-006
21116,9.3608e-006
21117,9.8956e-006
21118,6.7355e-006
21119,6.1844e-006
21120,6.206e-006
21121,5.7394e-006
21122,5.7707e-006
21123,6.0927e-006
21124,6.4456e-006
21125,7.1714e-006
21126,6.3401e-006
21127,6.8914e-006
21128,6.3164e-006
21129,6.2534e-006
21130,5.9835e-006
21131,6.74e-006
21132,6.7064e-006
21133,7.4568e-006
21134,8.0618e-006
21135,7.5334e-006
21136,7.0164e-006
21137,6.9635e-006
21138,7.476e-006
21139,8.2819e-006
21140,7.5008e-006
21141,8.6926e-006
21142,8.1621e-006
21143,7.6548e-006
21144,7.3377e-006
21145,8.5824e-006
21146,3.9008e-006
21147,4.2601e-006
21148,3.7492e-006
21149,3.4749e-006
21150,3.9059e-006
21151,3.4797e-006
21152,4.0068e-006
21153,3.6167e-006
21154,4.6319e-006
21155,4.0246e-006
21156,4.6358e-006
21157,4.1823e-006
21158,4.1485e-006
21159,4.5073e-006
21160,5.3894e-006
21161,4.3281e-006
21162,4.7279e-006
21163,4.8139e-006
21164,4.4236e-006
21165,4.8575e-006
21166,6.0356e-006
21167,5.3231e-006
21168,5.9234e-006
21169,5.8667e-006
21170,5.3799e-006
21171,4.9797e-006
21172,4.3751e-006
21173,4.6762e-006
21174,5.0725e-006
21175,4.4093e-006
21176,5.0013e-006
21177,4.4818e-006
21178,4.5387e-006
21179,4.3705e-006
21180,4.4661e-006
21181,5.5689e-006
21182,4.8687e-006
21183,4.6957e-006
21184,4.2635e-006
21185,4.5481e-006
21186,4.7173e-006
21187,5.0476e-006
21188,5.0289e-006
21189,3.7874e-006
21190,3.1094e-006
21191,3.8061e-006
21192,3.4727e-006
21193,3.3018e-006
21194,3.2482e-006
21195,3.0756e-006
21196,3.7893e-006
21197,4.332e-006
21198,3.481e-006
21199,3.5513e-006
21200,4.0933e-006
21201,3.9229e-006
21202,3.6945e-006
21203,4.5132e-006
21204,4.9224e-006
21205,4.7931e-006
21206,4.5843e-006
21207,4.9852e-006
21208,4.2666e-006
21209,5.0617e-006
21210,4.5368e-006
21211,3.8563e-006
21212,4.0308e-006
21213,3.6675e-006
21214,4.286e-006
21215,3.6752e-006
21216,4.0878e-006
21217,4.4866e-006
21218,4.0127e-006
21219,3.5982e-006
21220,3.9379e-006
21221,4.077e-006
21222,3.6537e-006
21223,3.7387e-006
21224,3.3391e-006
21225,3.874e-006
21226,3.5571e-006
21227,3.1611e-006
21228,3.4313e-006
21229,3.1808e-006
21230,3.5932e-006
21231,3.2095e-006
21232,3.5842e-006
21233,3.152e-006
21234,4.873e-006
21235,6.5278e-006
21236,5.3241e-006
21237,5.5235e-006
21238,6.3918e-006
21239,4.572e-006
21240,4.8486e-006
21241,4.8489e-006
21242,5.4295e-006
21243,4.2981e-006
21244,3.9436e-006
21245,5.0007e-006
21246,4.9056e-006
21247,4.3513e-006
21248,3.9607e-006
21249,4.4424e-006
21250,3.9059e-006
21251,4.8059e-006
21252,4.1666e-006
21253,3.9471e-006
21254,4.4266e-006
21255,3.9597e-006
21256,3.9106e-006
21257,4.4081e-006
21258,4.3065e-006
21259,3.9229e-006
21260,4.363e-006
21261,4.877e-006
21262,3.8885e-006
21263,4.081e-006
21264,3.6996e-006
21265,3.0775e-006
21266,3.3181e-006
21267,3.6769e-006
21268,3.4884e-006
21269,3.2236e-006
21270,3.2833e-006
21271,3.6362e-006
21272,3.2003e-006
21273,3.5887e-006
21274,5.9711e-006
21275,7.0827e-006
21276,5.3733e-006
21277,6.043e-006
21278,5.8512e-006
21279,5.2422e-006
21280,5.8545e-006
21281,6.7423e-006
21282,5.2856e-006
21283,6.9751e-006
21284,5.236e-006
21285,5.8847e-006
21286,5.1318e-006
21287,5.9635e-006
21288,4.0777e-006
21289,4.0896e-006
21290,4.5023e-006
21291,4.5246e-006
21292,4.709e-006
21293,4.3469e-006
21294,4.1934e-006
21295,3.6844e-006
21296,3.9123e-006
21297,4.5573e-006
21298,5.2454e-006
21299,6.6156e-006
21300,5.7111e-006
21301,5.7942e-006
21302,5.154e-006
21303,5.6976e-006
21304,5.5466e-006
21305,6.2695e-006
21306,5.2674e-006
21307,4.25e-006
21308,4.5795e-006
21309,5.0901e-006
21310,5.1418e-006
21311,4.6518e-006
21312,4.1997e-006
21313,4.3108e-006
21314,4.7381e-006
21315,5.8284e-006
21316,6.5632e-006
21317,5.6169e-006
21318,5.1959e-006
21319,5.4041e-006
21320,5.9291e-006
21321,5.4789e-006
21322,5.2833e-006
21323,5.0893e-006
21324,5.3538e-006
21325,5.1932e-006
21326,4.0188e-006
21327,3.7958e-006
21328,4.1223e-006
21329,3.6759e-006
21330,3.3206e-006
21331,3.8947e-006
21332,3.3557e-006
21333,3.2295e-006
21334,3.7705e-006
21335,3.8699e-006
21336,3.839e-006
21337,4.2101e-006
21338,3.4497e-006
21339,3.954e-006
21340,3.4711e-006
21341,3.9327e-006
21342,4.1934e-006
21343,3.2465e-006
21344,3.4974e-006
21345,3.8824e-006
21346,3.9776e-006
21347,3.3345e-006
21348,3.5522e-006
21349,4.1372e-006
21350,3.8253e-006
21351,3.3671e-006
21352,3.6871e-006
21353,4.0376e-006
21354,4.6753e-006
21355,4.5656e-006
21356,5.1395e-006
21357,4.5191e-006
21358,4.3387e-006
21359,4.7874e-006
21360,4.077e-006
21361,3.803e-006
21362,3.497e-006
21363,3.8177e-006
21364,4.0123e-006
21365,3.4199e-006
21366,3.853e-006
21367,3.3382e-006
21368,3.8577e-006
21369,4.0815e-006
21370,3.7993e-006
21371,3.5843e-006
21372,4.196e-006
21373,3.9964e-006
21374,3.5832e-006
21375,3.7225e-006
21376,3.5858e-006
21377,5.4174e-006
21378,4.9499e-006
21379,5.2106e-006
21380,5.9795e-006
21381,4.942e-006
21382,6.3113e-006
21383,4.8265e-006
21384,5.7276e-006
21385,4.9318e-006
21386,5.2094e-006
21387,4.7916e-006
21388,5.2367e-006
21389,8.396e-006
21390,9.8816e-006
21391,7.5265e-006
21392,8.4685e-006
21393,7.1798e-006
21394,7.7161e-006
21395,8.6585e-006
21396,7.0144e-006
21397,7.2856e-006
21398,7.5983e-006
21399,8.2433e-006
21400,8.5284e-006
21401,7.7733e-006
21402,1.0048e-005
21403,8.9711e-006
21404,7.3469e-006
21405,1.1123e-005
21406,9.9795e-006
21407,1.0167e-005
21408,1.2627e-005
21409,1.2219e-005
21410,1.3139e-005
21411,4.4593e-006
21412,3.9522e-006
21413,4.4052e-006
21414,3.7052e-006
21415,4.2045e-006
21416,3.7711e-006
21417,4.3033e-006
21418,4.1381e-006
21419,4.0047e-006
21420,3.8558e-006
21421,4.9946e-006
21422,5.3149e-006
21423,4.73e-006
21424,4.7305e-006
21425,4.6139e-006
21426,5.2186e-006
21427,5.5463e-006
21428,5.1395e-006
21429,5.6083e-006
21430,4.9055e-006
21431,4.8519e-006
21432,5.4773e-006
21433,4.6008e-006
21434,4.6822e-006
21435,7.4784e-006
21436,5.3507e-006
21437,5.8829e-006
21438,6.1346e-006
21439,6.7623e-006
21440,6.0798e-006
21441,3.5892e-006
21442,4.1035e-006
21443,4.0579e-006
21444,3.864e-006
21445,3.3704e-006
21446,3.7178e-006
21447,3.7412e-006
21448,5.6649e-006
21449,4.9517e-006
21450,4.4979e-006
21451,4.8824e-006
21452,4.5263e-006
21453,5.0972e-006
21454,1.0816e-005
21455,1.1667e-005
21456,9.2467e-006
21457,1.0601e-005
21458,1.2868e-005
21459,1.0742e-005
21460,1.1054e-005
21461,1.0636e-005
21462,9.6851e-006
21463,9.7984e-006
21464,1.0837e-005
21465,1.0763e-005
21466,9.6237e-006
21467,9.6167e-006
21468,1.0749e-005
21469,9.4244e-006
21470,1.1672e-005
21471,9.7214e-006
21472,1.0859e-005
21473,9.8016e-006
21474,1.1785e-005
21475,9.098e-006
21476,1.1635e-005
21477,9.5107e-006
21478,9.9228e-006
21479,1.0637e-005
21480,1.0534e-005
21481,1.1918e-005
21482,9.8472e-006
21483,9.7158e-006
21484,1.1468e-005
21485,1.0298e-005
21486,9.333e-006
21487,1.0378e-005
21488,9.8425e-006
21489,1.0173e-005
21490,9.3817e-006
21491,1.1573e-005
21492,1.164e-005
21493,1.291e-005
21494,1.3825e-005
21495,1.2451e-005
21496,1.1994e-005
21497,1.1591e-005
21498,3.9808e-006
21499,3.9662e-006
21500,4.33e-006
21501,3.8029e-006
21502,3.8316e-006
21503,4.445e-006
21504,4.1676e-006
21505,3.8365e-006
21506,3.783e-006
21507,3.6408e-006
21508,3.6601e-006
21509,3.9238e-006
21510,3.429e-006
21511,4.7412e-006
21512,4.9611e-006
21513,4.127e-006
21514,4.4841e-006
21515,4.5134e-006
21516,4.2671e-006
21517,4.0982e-006
21518,4.6242e-006
21519,5.2043e-006
21520,5.2655e-006
21521,4.7393e-006
21522,4.8573e-006
21523,4.476e-006
21524,4.56e-006
21525,5.0073e-006
21526,5.3234e-006
21527,4.1276e-006
21528,4.0378e-006
21529,3.6526e-006
21530,3.524e-006
21531,3.5922e-006
21532,4.0346e-006
21533,3.7384e-006
21534,3.6547e-006
21535,3.4134e-006
21536,5.9945e-006
21537,6.013e-006
21538,4.9397e-006
21539,5.4387e-006
21540,5.5536e-006
21541,5.0757e-006
21542,5.3525e-006
21543,5.1432e-006
21544,5.8579e-006
21545,5.2815e-006
21546,5.7141e-006
21547,1.0889e-005
21548,1.0852e-005
21549,9.6505e-006
21550,9.9952e-006
21551,9.5332e-006
21552,1.1293e-005
21553,9.069e-006
21554,9.7384e-006
21555,1.0991e-005
21556,9.1394e-006
21557,1.3489e-005
21558,9.937e-006
21559,9.6685e-006
21560,8.8297e-006
21561,8.9895e-006
21562,1.0916e-005
21563,9.466e-006
21564,1.1731e-005
21565,1.0538e-005
21566,9.2602e-006
21567,9.3946e-006
21568,1.0185e-005
21569,1.0196e-005
21570,1.1469e-005
21571,8.5e-006
21572,1.1571e-005
21573,9.5505e-006
21574,9.5787e-006
21575,9.6424e-006
21576,9.632e-006
21577,1.0431e-005
21578,1.1825e-005
21579,1.1802e-005
21580,5.4372e-006
21581,5.1013e-006
21582,6.5511e-006
21583,5.8073e-006
21584,5.3888e-006
21585,7.5481e-006
21586,6.7528e-006
21587,5.5021e-006
21588,5.824e-006
21589,6.1144e-006
21590,5.3657e-006
21591,7.2898e-006
21592,6.1276e-006
21593,6.6401e-006
21594,5.6397e-006
21595,5.441e-006
21596,5.2794e-006
21597,4.8445e-006
21598,4.2153e-006
21599,4.2287e-006
21600,4.5781e-006
21601,4.1816e-006
21602,4.5392e-006
21603,4.3667e-006
21604,4.751e-006
21605,4.8781e-006
21606,5.5215e-006
21607,4.8879e-006
21608,5.5912e-006
21609,5.3384e-006
21610,5.175e-006
21611,4.8989e-006
21612,5.0631e-006
21613,6.7062e-006
21614,6.7116e-006
21615,5.3598e-006
21616,5.5519e-006
21617,6.0841e-006
21618,5.1746e-006
21619,5.4241e-006
21620,6.613e-006
21621,5.7685e-006
21622,6.1686e-006
21623,4.7999e-006
21624,5.5323e-006
21625,4.9513e-006
21626,5.0583e-006
21627,4.9494e-006
21628,4.8735e-006
21629,5.5995e-006
21630,7.218e-006
21631,8.1256e-006
21632,6.3294e-006
21633,7.8009e-006
21634,6.3535e-006
21635,7.7863e-006
21636,6.2305e-006
21637,7.3431e-006
21638,6.6138e-006
21639,6.3565e-006
21640,5.3465e-006
21641,5.7862e-006
21642,6.4913e-006
21643,5.672e-006
21644,5.7226e-006
21645,8.8154e-006
21646,7.2069e-006
21647,7.3094e-006
21648,8.5074e-006
21649,7.6468e-006
21650,7.5934e-006
21651,9.378e-006
21652,8.5757e-006
21653,7.6828e-006
21654,7.4005e-006
21655,8.4002e-006
21656,6.8068e-006
21657,3.7024e-006
21658,3.905e-006
21659,3.7963e-006
21660,3.5137e-006
21661,3.5745e-006
21662,3.198e-006
21663,2.8242e-006
21664,4.3663e-006
21665,4.2504e-006
21666,4.6832e-006
21667,4.1034e-006
21668,4.6682e-006
21669,4.7209e-006
21670,4.3257e-006
21671,4.2734e-006
21672,3.7911e-006
21673,4.731e-006
21674,4.0452e-006
21675,3.9751e-006
21676,4.4922e-006
21677,4.4293e-006
21678,3.9827e-006
21679,3.6562e-006
21680,3.6144e-006
21681,3.4698e-006
21682,3.0571e-006
21683,3.619e-006
21684,3.1358e-006
21685,4.3581e-006
21686,3.4923e-006
21687,4.0765e-006
21688,3.9037e-006
21689,3.6073e-006
21690,3.8675e-006
21691,5.3764e-006
21692,6.5175e-006
21693,5.9151e-006
21694,5.066e-006
21695,4.9358e-006
21696,5.6106e-006
21697,4.7974e-006
21698,5.8685e-006
21699,5.5194e-006
21700,4.7241e-006
21701,5.2502e-006
21702,4.8799e-006
21703,4.1101e-006
21704,3.7094e-006
21705,3.8715e-006
21706,5.0047e-006
21707,4.2119e-006
21708,4.3791e-006
21709,3.9023e-006
21710,4.4063e-006
21711,7.6958e-006
21712,8.8124e-006
21713,8.7451e-006
21714,8.6005e-006
21715,7.7011e-006
21716,7.8994e-006
21717,6.2791e-006
21718,5.7778e-006
21719,5.806e-006
21720,6.7432e-006
21721,7.754e-006
21722,5.7706e-006
21723,7.0053e-006
21724,6.2263e-006
21725,6.1726e-006
21726,6.9127e-006
21727,6.1596e-006
21728,7.8984e-006
21729,7.0292e-006
21730,5.9733e-006
21731,6.2026e-006
21732,6.9888e-006
21733,5.4116e-006
21734,5.6102e-006
21735,6.52e-006
21736,6.1062e-006
21737,4.9589e-006
21738,3.7707e-006
21739,3.5862e-006
21740,4.1209e-006
21741,4.0094e-006
21742,3.758e-006
21743,4.1136e-006
21744,3.9758e-006
21745,4.5907e-006
21746,5.1324e-006
21747,4.495e-006
21748,5.1745e-006
21749,4.392e-006
21750,5.1529e-006
21751,4.6594e-006
21752,4.7343e-006
21753,4.3821e-006
21754,4.2864e-006
21755,3.9894e-006
21756,4.5069e-006
21757,4.0836e-006
21758,4.0291e-006
21759,4.401e-006
21760,3.917e-006
21761,3.924e-006
21762,3.5351e-006
21763,4.907e-006
21764,4.239e-006
21765,4.5962e-006
21766,4.2031e-006
21767,4.5314e-006
21768,2.3691e-006
21769,1.9206e-006
21770,2.1343e-006
21771,2.5749e-006
21772,2.1881e-006
21773,2.3784e-006
21774,2.538e-006
21775,1.7801e-006
21776,2.068e-006
21777,4.4298e-006
21778,4.1319e-006
21779,4.1106e-006
21780,3.7168e-006
21781,4.4446e-006
21782,4.2835e-006
21783,4.1147e-006
21784,4.454e-006
21785,8.4397e-006
21786,8.7108e-006
21787,6.6659e-006
21788,7.4919e-006
21789,7.9117e-006
21790,6.6296e-006
21791,8.1893e-006
21792,6.4439e-006
21793,8.9033e-006
21794,8.3721e-006
21795,7.1678e-006
21796,7.3777e-006
21797,8.9319e-006
21798,7.9176e-006
21799,9.3126e-006
21800,7.2906e-006
21801,8.934e-006
21802,9.7104e-006
21803,7.699e-006
21804,7.2471e-006
21805,7.8177e-006
21806,7.333e-006
21807,8.1524e-006
21808,6.7761e-006
21809,9.3406e-006
21810,8.5365e-006
21811,8.5254e-006
21812,9.456e-006
21813,9.2909e-006
21814,9.0761e-006
21815,1.1022e-005
21816,8.3377e-006
21817,1.0844e-005
21818,9.8209e-006
21819,8.2219e-006
21820,8.2547e-006
21821,8.9876e-006
21822,1.077e-005
21823,7.767e-006
21824,1.0259e-005
21825,7.3548e-006
21826,6.5824e-006
21827,7.6002e-006
21828,6.3995e-006
21829,6.9868e-006
21830,7.4797e-006
21831,6.7848e-006
21832,8.2436e-006
21833,7.3331e-006
21834,4.2033e-006
21835,4.308e-006
21836,3.9819e-006
21837,3.9263e-006
21838,3.4498e-006
21839,4.0088e-006
21840,3.5262e-006
21841,3.5153e-006
21842,3.4581e-006
21843,3.6911e-006
21844,4.093e-006
21845,3.8475e-006
21846,3.892e-006
21847,4.0509e-006
21848,3.5441e-006
21849,3.8722e-006
21850,3.4443e-006
21851,3.617e-006
21852,3.2779e-006
21853,3.6098e-006
21854,4.2933e-006
21855,5.1886e-006
21856,5.2732e-006
21857,4.5485e-006
21858,4.8315e-006
21859,4.2868e-006
21860,4.3298e-006
21861,5.2101e-006
21862,4.7733e-006
21863,4.3303e-006
21864,5.2471e-006
21865,4.5591e-006
21866,4.4244e-006
21867,3.7072e-006
21868,4.0405e-006
21869,4.0325e-006
21870,4.0696e-006
21871,3.5229e-006
21872,3.4736e-006
21873,3.0482e-006
21874,3.1827e-006
21875,2.9728e-006
21876,2.7824e-006
21877,3.0931e-006
21878,4.781e-006
21879,4.7831e-006
21880,5.3208e-006
21881,4.8771e-006
21882,5.6515e-006
21883,4.8547e-006
21884,5.2945e-006
21885,5.4713e-006
21886,6.9976e-006
21887,6.5108e-006
21888,5.6487e-006
21889,6.0227e-006
21890,4.937e-006
21891,5.2625e-006
21892,5.5653e-006
21893,5.2234e-006
21894,4.3123e-006
21895,4.7957e-006
21896,4.0007e-006
21897,4.4318e-006
21898,3.9614e-006
21899,4.4123e-006
21900,4.0396e-006
21901,4.3716e-006
21902,4.4316e-006
21903,3.9648e-006
21904,4.1355e-006
21905,3.6459e-006
21906,4.0075e-006
21907,1.0621e-005
21908,9.0504e-006
21909,1.2513e-005
21910,1.0096e-005
21911,1.0163e-005
21912,9.2152e-006
21913,9.2173e-006
21914,1.1442e-005
21915,1.2031e-005
21916,9.7818e-006
21917,7.9583e-006
21918,8.051e-006
21919,8.4038e-006
21920,9.2885e-006
21921,7.6514e-006
21922,1.0343e-005
21923,9.8253e-006
21924,7.2882e-006
21925,8.8832e-006
21926,8.3726e-006
21927,8.7981e-006
21928,1.0819e-005
21929,8.8164e-006
21930,1.0333e-005
21931,7.8374e-006
21932,7.2603e-006
21933,6.3713e-006
21934,7.6873e-006
21935,6.3033e-006
21936,6.3312e-006
21937,6.1241e-006
21938,6.6229e-006
21939,6.6229e-006
21940,8.6342e-006
21941,6.9221e-006
21942,7.0199e-006
21943,6.5455e-006
21944,5.6243e-006
21945,6.7927e-006
21946,7.1949e-006
21947,5.7923e-006
21948,6.0415e-006
21949,6.4844e-006
21950,5.6292e-006
21951,6.0008e-006
21952,4.773e-006
21953,4.7663e-006
21954,4.2755e-006
21955,4.95e-006
21956,4.3545e-006
21957,4.4546e-006
21958,4.8775e-006
21959,5.8315e-006
21960,6.3869e-006
21961,5.7791e-006
21962,6.5227e-006
21963,6.0963e-006
21964,6.2589e-006
21965,7.4881e-006
21966,5.9099e-006
21967,5.7692e-006
21968,6.7194e-006
21969,6.2563e-006
21970,5.8295e-006
21971,7.0062e-006
21972,7.7207e-006
21973,6.0582e-006
21974,7.1742e-006
21975,7.8319e-006
21976,8.1174e-006
21977,6.3835e-006
21978,6.9084e-006
21979,6.7923e-006
21980,6.2447e-006
21981,7.6392e-006
21982,8.3807e-006
21983,8.7456e-006
21984,8.9053e-006
21985,7.5193e-006
21986,8.6182e-006
21987,8.2837e-006
21988,7.8946e-006
21989,7.7876e-006
21990,9.8974e-006
21991,8.5439e-006
21992,8.5024e-006
21993,8.7606e-006
21994,7.5664e-006
21995,7.4992e-006
21996,6.9862e-006
21997,7.7286e-006
21998,6.8287e-006
21999,6.0675e-006
22000,6.7778e-006
22001,9.5826e-006
22002,1.0187e-005
22003,9.3792e-006
22004,1.2069e-005
22005,9.7929e-006
22006,9.8402e-006
22007,1.1988e-005
22008,1.0063e-005
22009,1.0649e-005
22010,1.3287e-005
22011,1.1685e-005
22012,6.3366e-006
22013,6.5818e-006
22014,5.9835e-006
22015,6.8892e-006
22016,6.9788e-006
22017,5.8164e-006
22018,6.3726e-006
22019,6.0902e-006
22020,8.4312e-006
22021,9.6913e-006
22022,9.792e-006
22023,8.2259e-006
22024,8.4081e-006
22025,1.1162e-005
22026,7.8214e-006
22027,6.6809e-006
22028,6.839e-006
22029,7.9022e-006
22030,7.493e-006
22031,6.637e-006
22032,7.7691e-006
22033,7.2147e-006
22034,8.2287e-006
22035,7.795e-007
22036,1.2103e-006
22037,1.1478e-006
22038,6.0473e-007
22039,1.1334e-006
22040,1.0829e-006
22041,5.5752e-007
22042,3.36e-006
22043,3.854e-006
22044,3.796e-006
22045,3.7431e-006
22046,3.4982e-006
22047,3.5027e-006
22048,3.3108e-006
22049,3.2325e-006
22050,3.0988e-006
22051,4.6559e-006
22052,3.8679e-006
22053,4.4885e-006
22054,3.0787e-006
22055,2.8863e-006
22056,3.311e-006
22057,4.9219e-006
22058,3.9325e-006
22059,3.6387e-006
22060,4.5728e-006
22061,5.0361e-006
22062,5.8256e-006
22063,5.3684e-006
22064,6.1797e-006
22065,6.1967e-006
22066,5.2875e-006
22067,4.816e-006
22068,5.2279e-006
22069,8.579e-006
22070,6.982e-006
22071,6.9769e-006
22072,7.718e-006
22073,7.7888e-006
22074,6.5363e-006
22075,6.6278e-006
22076,5.99e-006
22077,6.7318e-006
22078,6.846e-006
22079,7.6374e-006
22080,6.3233e-006
22081,6.0131e-006
22082,6.2224e-006
22083,7.4924e-006
22084,6.8584e-006
22085,7.047e-006
22086,6.9121e-006
22087,8.2537e-006
22088,7.4166e-006
22089,8.3549e-006
22090,5.6446e-006
22091,4.6202e-006
22092,5.8275e-006
22093,4.6871e-006
22094,4.8697e-006
22095,5.07e-006
22096,5.0912e-006
22097,3.2764e-006
22098,3.6199e-006
22099,3.44e-006
22100,1.9349e-006
22101,2.6061e-006
22102,2.2317e-006
22103,2.5066e-006
22104,2.4096e-006
22105,1.8812e-006
22106,2.2579e-006
22107,2.3499e-006
22108,2.7492e-006
22109,4.5314e-006
22110,4.4265e-006
22111,4.7099e-006
22112,5.0554e-006
22113,5.0965e-006
22114,6.0064e-006
22115,5.1037e-006
22116,6.022e-006
22117,6.5678e-006
22118,5.3456e-006
22119,5.2129e-006
22120,5.966e-006
22121,4.4605e-006
22122,4.4639e-006
22123,5.0744e-006
22124,4.598e-006
22125,5.0281e-006
22126,5.2299e-006
22127,4.2794e-006
22128,4.1255e-006
22129,3.6261e-006
22130,4.2419e-006
22131,3.8076e-006
22132,3.7964e-006
22133,6.5334e-006
22134,7.7083e-006
22135,6.9339e-006
22136,6.2605e-006
22137,6.8239e-006
22138,7.296e-006
22139,6.0466e-006
22140,5.8736e-006
22141,4.5174e-006
22142,5.1775e-006
22143,5.41e-006
22144,4.4046e-006
22145,4.5948e-006
22146,4.7482e-006
22147,5.2405e-006
22148,5.4382e-006
22149,4.6945e-006
22150,4.807e-006
22151,4.3653e-006
22152,4.4821e-006
22153,5.0959e-006
22154,5.3411e-006
22155,4.8629e-006
22156,5.0691e-006
22157,4.5566e-006
22158,6.4394e-006
22159,5.3033e-006
22160,5.9032e-006
22161,6.0895e-006
22162,5.5093e-006
22163,5.4995e-006
22164,6.1735e-006
22165,5.893e-006
22166,6.6738e-006
22167,5.6374e-006
22168,7.2619e-006
22169,7.8269e-006
22170,6.1567e-006
22171,6.8697e-006
22172,8.1867e-006
22173,8.3861e-006
22174,8.8092e-006
22175,6.7482e-006
22176,1.0941e-005
22177,1.0251e-005
22178,8.8359e-006
22179,8.4558e-006
22180,8.6242e-006
22181,9.2719e-006
22182,6.1794e-006
22183,6.439e-006
22184,7.373e-006
22185,7.0162e-006
22186,7.8087e-006
22187,1.2355e-005
22188,1.0308e-005
22189,1.1781e-005
22190,1.1814e-005
22191,1.0942e-005
22192,1.117e-005
22193,1.3799e-005
22194,1.3251e-005
22195,1.4559e-005
22196,1.4753e-005
22197,1.264e-005
22198,1.5968e-005
22199,1.4462e-005
22200,1.274e-005
22201,5.7315e-006
22202,5.7558e-006
22203,6.6381e-006
22204,5.5697e-006
22205,5.8528e-006
22206,3.1307e-006
22207,3.1282e-006
22208,3.1138e-006
22209,2.6444e-006
22210,2.2792e-006
22211,2.8435e-006
22212,8.0089e-006
22213,8.1982e-006
22214,8.9468e-006
22215,6.7777e-006
22216,6.6074e-006
22217,7.5614e-006
22218,7.3567e-006
22219,8.3379e-006
22220,5.481e-006
22221,4.9811e-006
22222,5.1945e-006
22223,5.8659e-006
22224,5.2279e-006
22225,4.507e-006
22226,5.6215e-006
22227,4.9784e-006
22228,5.1536e-006
22229,4.6762e-006
22230,4.8415e-006
22231,3.6714e-005
22232,4.1048e-005
22233,3.4895e-005
22234,4.2334e-005
22235,3.4509e-005
22236,4.0191e-005
22237,3.978e-005
22238,4.0933e-005
22239,3.7861e-005
22240,3.7353e-005
22241,3.8414e-005
22242,3.3077e-005
22243,3.8711e-005
22244,3.8365e-005
22245,3.5343e-005
22246,3.2591e-005
22247,3.66e-005
22248,4.8577e-006
22249,4.5497e-006
22250,5.4568e-006
22251,5.0879e-006
22252,4.8435e-006
22253,5.2082e-006
22254,6.3668e-006
22255,6.5546e-006
22256,7.5518e-006
22257,7.286e-006
22258,6.8544e-006
22259,7.1263e-006
22260,4.7821e-006
22261,4.4919e-006
22262,5.2827e-006
22263,4.5772e-006
22264,4.6202e-006
22265,5.2137e-006
22266,5.0103e-006
22267,3.7699e-006
22268,3.5133e-006
22269,4.1195e-006
22270,3.6182e-006
22271,3.1075e-006
22272,4.1949e-006
22273,3.0878e-006
22274,2.903e-006
22275,2.7096e-006
22276,4.5846e-006
22277,5.6128e-006
22278,4.3089e-006
22279,5.6806e-006
22280,3.7705e-006
22281,5.4638e-006
22282,5.3151e-006
22283,4.4798e-006
22284,3.6131e-006
22285,5.0744e-006
22286,5.2205e-006
22287,3.967e-006
22288,5.7144e-006
22289,7.8902e-006
22290,6.6965e-006
22291,5.3716e-006
22292,6.951e-006
22293,7.1728e-006
22294,6.0423e-006
22295,6.2183e-006
22296,4.8855e-006
22297,5.2924e-006
22298,4.9127e-006
22299,4.5921e-006
22300,3.4985e-006
22301,3.8306e-006
22302,3.6476e-006
22303,3.6533e-006
22304,2.5661e-006
22305,3.168e-006
22306,3.5296e-006
22307,3.7859e-006
22308,8.9672e-006
22309,9.6262e-006
22310,5.8151e-006
22311,6.4311e-006
22312,7.e-006
22313,7.3974e-006
22314,7.0736e-006
22315,6.0557e-006
22316,7.8853e-006
22317,8.1368e-006
22318,6.7424e-006
22319,6.4837e-006
22320,4.1904e-005
22321,4.1396e-005
22322,4.423e-005
22323,1.6934e-005
22324,1.6232e-005
22325,1.6365e-005
22326,2.4166e-005
22327,1.7364e-005
22328,1.9226e-005
22329,2.262e-005
22330,1.9884e-005
22331,1.9717e-005
22332,1.8265e-005
22333,1.5392e-005
22334,1.3197e-005
22335,1.3655e-005
22336,1.4222e-005
22337,1.7152e-005
22338,1.5544e-005
22339,1.5386e-005
22340,1.8722e-005
22341,1.4664e-005
22342,1.2115e-005
22343,1.4958e-005
22344,1.3395e-005
22345,1.3824e-005
22346,1.3999e-005
22347,1.7123e-005
22348,1.5807e-005
22349,9.1541e-006
22350,7.9834e-006
22351,7.7366e-006
22352,7.8449e-006
22353,8.867e-006
22354,8.3088e-006
22355,7.0791e-006
22356,5.7361e-006
22357,6.6266e-006
22358,6.3078e-006
22359,5.5696e-006
22360,4.8732e-006
22361,5.6848e-006
22362,5.0442e-006
22363,5.178e-006
22364,9.7589e-006
22365,8.3833e-006
22366,1.1147e-005
22367,8.6421e-006
22368,8.8856e-006
22369,1.0321e-005
22370,7.6568e-006
22371,9.0824e-006
22372,7.8689e-006
22373,8.8603e-006
22374,1.1162e-005
22375,8.6719e-006
22376,1.0945e-005
22377,8.8766e-006
22378,9.5352e-006
22379,8.0655e-006
22380,6.1521e-006
22381,5.0957e-006
22382,7.8817e-006
22383,5.5447e-006
22384,5.5911e-006
22385,6.5573e-006
22386,6.3356e-006
22387,7.4439e-006
22388,6.2825e-006
22389,7.1917e-006
22390,7.1353e-006
22391,1.6309e-006
22392,1.2229e-006
22393,1.4437e-006
22394,1.8199e-006
22395,1.4106e-006
22396,1.3384e-006
22397,1.5171e-006
22398,1.3466e-006
22399,1.7548e-006
22400,1.9538e-006
22401,1.5124e-006
22402,1.3649e-006
22403,1.9453e-006
22404,1.638e-006
22405,2.095e-006
22406,1.4106e-006
22407,1.3505e-005
22408,1.2504e-005
22409,1.1881e-005
22410,1.289e-005
22411,1.4897e-005
22412,1.562e-005
22413,1.4738e-005
22414,1.4996e-005
22415,1.0981e-005
22416,1.1489e-005
22417,1.1425e-005
22418,9.9724e-006
22419,1.0378e-005
22420,1.1056e-005
22421,2.4385e-006
22422,2.1169e-006
22423,1.5608e-006
22424,2.0814e-006
22425,1.5903e-006
22426,2.7994e-006
22427,2.452e-006
22428,1.327e-006
22429,1.6249e-006
22430,7.9446e-006
22431,6.4614e-006
22432,6.4896e-006
22433,6.876e-006
22434,6.8693e-006
22435,1.2449e-005
22436,1.5732e-005
22437,1.4784e-005
22438,1.6815e-005
22439,1.4246e-005
22440,1.4483e-005
22441,1.293e-005
22442,1.1653e-005
22443,1.0812e-005
22444,9.8645e-006
22445,1.015e-005
22446,1.2525e-005
22447,9.6614e-006
22448,1.285e-005
22449,1.1259e-005
22450,3.1849e-006
22451,3.653e-006
22452,3.7165e-006
22453,3.8184e-006
22454,3.2507e-006
22455,3.472e-006
22456,2.6737e-006
22457,3.1321e-006
22458,3.8197e-006
22459,2.5503e-006
22460,3.291e-006
22461,5.5064e-006
22462,6.4919e-006
22463,5.9188e-006
22464,5.0755e-006
22465,5.9195e-006
22466,6.2945e-006
22467,6.0867e-006
22468,4.5028e-006
22469,4.7289e-006
22470,5.5675e-006
22471,4.7768e-006
22472,5.3581e-006
22473,6.0521e-007
22474,5.3829e-007
22475,6.4919e-007
22476,8.5223e-007
22477,8.0939e-007
22478,9.565e-007
22479,4.5782e-006
22480,3.728e-006
22481,4.244e-006
22482,3.7777e-006
22483,4.0598e-006
22484,4.3026e-006
22485,1.1308e-005
22486,1.0606e-005
22487,9.6031e-006
22488,1.3965e-005
22489,1.2276e-005
22490,1.285e-005
22491,9.6866e-006
22492,9.2529e-006
22493,7.2448e-006
22494,7.9921e-006
22495,9.0668e-006
22496,3.7305e-006
22497,3.4086e-006
22498,3.56e-006
22499,2.9957e-006
22500,3.6406e-006
22501,3.2951e-006
22502,3.3415e-006
22503,3.3691e-006
22504,3.2869e-006
22505,8.7736e-006
22506,7.4252e-006
22507,8.3727e-006
22508,7.5159e-006
22509,8.7592e-006
22510,3.8048e-006
22511,4.1293e-006
22512,3.7684e-006
22513,3.31e-006
22514,3.4508e-006
22515,3.8182e-006
22516,4.0283e-006
22517,3.7928e-006
22518,3.0963e-006
22519,2.8671e-006
22520,2.4989e-006
22521,2.3187e-006
22522,2.892e-006
22523,2.8344e-006
22524,3.9202e-006
22525,3.7236e-006
22526,4.415e-006
22527,3.9818e-006
22528,3.5674e-006
22529,4.088e-006
22530,4.0875e-006
22531,3.4318e-006
22532,3.2732e-006
22533,3.4506e-006
22534,3.0876e-006
22535,2.3438e-006
22536,4.3088e-005
22537,4.7066e-005
22538,4.3733e-005
22539,4.3704e-005
22540,4.0729e-005
22541,5.3677e-006
22542,4.6036e-006
22543,4.3574e-006
22544,4.6545e-006
22545,4.966e-006
22546,4.5824e-006
22547,5.4307e-006
22548,5.1337e-006
22549,4.9264e-006
22550,4.3973e-006
22551,5.4014e-006
22552,4.4779e-006
22553,4.4877e-006
22554,3.6541e-006
22555,3.9233e-006
22556,4.1947e-006
22557,3.5043e-006
22558,4.0235e-006
22559,3.4449e-006
22560,3.1442e-006
22561,4.1007e-006
22562,3.2902e-006
22563,3.913e-006
22564,3.4202e-006
22565,3.4222e-006
22566,3.7654e-006
22567,4.7757e-006
22568,3.9955e-006
22569,4.0906e-006
22570,3.7104e-006
22571,4.3652e-006
22572,4.2142e-006
22573,3.7111e-006
22574,3.3622e-006
22575,8.91e-006
22576,9.9782e-006
22577,8.3778e-006
22578,9.8059e-006
22579,9.4419e-006
22580,8.865e-006
22581,8.6347e-006
22582,1.2306e-005
22583,1.1704e-005
22584,1.292e-005
22585,1.6305e-005
22586,1.465e-005
22587,1.1645e-005
22588,1.4896e-005
22589,7.8476e-006
22590,8.6444e-006
22591,7.2398e-006
22592,7.4149e-006
22593,6.8635e-006
22594,7.7727e-006
22595,6.6318e-006
22596,7.5041e-006
22597,8.1136e-006
22598,6.8298e-006
22599,6.3388e-006
22600,1.1679e-005
22601,6.3269e-006
22602,8.9413e-006
22603,6.867e-006
22604,1.0341e-005
22605,8.7996e-006
22606,7.2513e-006
22607,1.1743e-005
22608,8.5481e-006
22609,1.1544e-005
22610,1.0602e-005
22611,8.8747e-006
22612,9.1901e-006
22613,9.9507e-006
22614,4.2074e-006
22615,3.9884e-006
22616,4.1204e-006
22617,4.3355e-006
22618,5.1028e-006
22619,4.5281e-006
22620,4.5053e-006
22621,4.062e-006
22622,4.1059e-006
22623,4.3067e-006
22624,5.2167e-006
22625,3.9191e-006
22626,4.8544e-006
22627,4.8454e-006
22628,4.2383e-006
22629,4.9549e-006
22630,6.7867e-006
22631,5.4115e-006
22632,5.8721e-006
22633,5.7379e-006
22634,4.8828e-006
22635,6.494e-006
22636,5.0919e-006
22637,5.2093e-006
22638,4.6883e-006
22639,4.9404e-006
22640,8.4061e-006
22641,9.1975e-006
22642,7.2225e-006
22643,6.8098e-006
22644,7.5439e-006
22645,8.5483e-006
22646,8.2753e-006
22647,9.3364e-006
22648,7.1512e-006
22649,7.9169e-006
22650,9.0545e-006
22651,5.3422e-006
22652,5.587e-006
22653,6.5219e-006
22654,5.8616e-006
22655,5.45e-006
22656,6.9821e-006
22657,5.6244e-006
22658,6.0387e-006
22659,5.7137e-006
22660,5.0738e-006
22661,6.2071e-006
22662,5.2934e-006
22663,6.1322e-006
22664,5.1735e-006
22665,5.7748e-006
22666,4.956e-006
22667,4.0846e-006
22668,5.0815e-006
22669,5.8095e-006
22670,5.5419e-006
22671,4.2829e-006
22672,3.7579e-006
22673,3.4547e-006
22674,4.3159e-006
22675,3.7202e-006
22676,2.6807e-006
22677,3.2176e-006
22678,3.1278e-006
22679,4.6765e-006
22680,4.4164e-006
22681,3.2833e-006
22682,3.3407e-006
22683,3.0848e-006
22684,3.5476e-006
22685,2.7291e-006
22686,2.9633e-006
22687,4.1523e-006
22688,4.1039e-006
22689,8.7013e-006
22690,9.2386e-006
22691,7.5076e-006
22692,8.0122e-006
22693,8.9154e-006
22694,7.6519e-006
22695,8.0021e-006
22696,7.9073e-006
22697,6.3784e-006
22698,7.7171e-006
22699,6.7492e-006
22700,6.3626e-006
22701,7.8002e-006
22702,6.8626e-006
22703,6.23e-006
22704,9.7462e-006
22705,7.974e-006
22706,8.7926e-006
22707,1.098e-005
22708,5.2246e-006
22709,4.8693e-006
22710,5.4846e-006
22711,3.7201e-006
22712,4.0769e-006
22713,4.0659e-006
22714,3.8116e-006
22715,4.1597e-006
22716,3.5665e-006
22717,3.5063e-006
22718,6.554e-006
22719,7.5311e-006
22720,6.6746e-006
22721,6.5942e-006
22722,6.6475e-006
22723,6.3325e-006
22724,8.7883e-006
22725,8.3978e-006
22726,8.0413e-006
22727,7.3416e-006
22728,6.4407e-006
22729,8.954e-006
22730,1.094e-005
22731,8.9156e-006
22732,1.0677e-005
22733,4.3917e-006
22734,4.2228e-006
22735,4.2906e-006
22736,4.5675e-006
22737,4.172e-006
22738,4.9897e-006
22739,4.2283e-006
22740,4.5741e-006
22741,4.0155e-006
22742,4.4315e-006
22743,3.9482e-006
22744,4.5422e-006
22745,4.4838e-006
22746,4.4239e-006
22747,4.0319e-006
22748,4.0597e-006
22749,3.6712e-006
22750,3.3068e-006
22751,3.2774e-006
22752,3.7938e-006
22753,4.5847e-006
22754,5.3548e-006
22755,5.2679e-006
22756,4.7446e-006
22757,9.9349e-006
22758,9.0511e-006
22759,9.1286e-006
22760,8.2809e-006
22761,6.1063e-006
22762,7.1542e-006
22763,6.6525e-006
22764,5.7165e-006
22765,5.3382e-006
22766,6.0512e-006
22767,4.8968e-006
22768,6.118e-006
22769,5.437e-006
22770,5.6752e-006
22771,4.9476e-006
22772,4.8693e-006
22773,4.433e-006
22774,6.0856e-006
22775,5.9772e-006
22776,6.6861e-006
22777,6.1211e-006
22778,5.5139e-006
22779,5.2251e-006
22780,5.4703e-006
22781,6.0272e-006
22782,5.0258e-006
22783,5.766e-006
22784,5.5196e-006
22785,4.9275e-006
22786,4.4884e-006
22787,5.6691e-006
22788,4.6905e-006
22789,4.9399e-006
22790,4.7228e-006
22791,4.8612e-006
22792,4.3178e-006
22793,4.2986e-006
22794,4.7249e-006
22795,8.4743e-006
22796,8.2771e-006
22797,7.1586e-006
22798,7.7482e-006
22799,8.4972e-006
22800,7.9557e-006
22801,7.3867e-006
22802,7.8246e-006
22803,8.563e-006
22804,9.3438e-006
22805,7.692e-006
22806,8.6296e-006
22807,7.9955e-006
22808,8.1284e-006
22809,8.1473e-006
22810,8.5539e-006
22811,7.7133e-006
22812,8.3192e-006
22813,7.0147e-006
22814,4.8282e-006
22815,4.9603e-006
22816,4.6491e-006
22817,4.7559e-006
22818,5.112e-006
22819,5.5248e-006
22820,5.1624e-006
22821,6.7907e-006
22822,6.9759e-006
22823,6.0934e-006
22824,4.924e-006
22825,4.3291e-006
22826,4.0779e-006
22827,4.6015e-006
22828,4.6233e-006
22829,4.3322e-006
22830,4.3903e-006
22831,4.4355e-006
22832,3.9914e-006
22833,1.0588e-005
22834,9.7031e-006
22835,1.0511e-005
22836,9.6838e-006
22837,9.7657e-006
22838,9.8356e-006
22839,1.1459e-005
22840,1.0591e-005
22841,1.1812e-005
22842,9.6202e-006
22843,1.0214e-005
22844,9.4234e-006
22845,1.2741e-005
22846,1.1557e-005
22847,1.3927e-005
22848,1.5026e-005
22849,9.6744e-006
22850,7.8153e-006
22851,7.0554e-006
22852,8.3614e-006
22853,7.9738e-006
22854,4.5534e-006
22855,4.9633e-006
22856,5.0706e-006
22857,4.6404e-006
22858,4.5616e-006
22859,4.4694e-006
22860,4.3048e-006
22861,7.2655e-006
22862,7.5748e-006
22863,8.3793e-006
22864,8.7606e-006
22865,6.7501e-006
22866,3.7518e-006
22867,4.4346e-006
22868,4.388e-006
22869,3.9143e-006
22870,5.9538e-006
22871,6.3297e-006
22872,6.187e-006
22873,5.4498e-006
22874,5.481e-006
22875,6.9681e-006
22876,4.5253e-006
22877,4.1312e-006
22878,4.2891e-006
22879,4.6181e-006
22880,4.7367e-006
22881,4.2345e-006
22882,3.3698e-006
22883,3.9489e-006
22884,4.0989e-006
22885,3.3988e-006
22886,3.4739e-006
22887,3.6966e-006
22888,4.6356e-006
22889,4.6042e-006
22890,4.286e-006
22891,4.5686e-006
22892,4.1351e-006
22893,4.673e-006
22894,5.0607e-006
22895,4.188e-006
22896,4.1581e-006
22897,4.6818e-006
22898,4.3994e-006
22899,5.1101e-006
22900,5.0137e-006
22901,5.4011e-006
22902,5.0102e-006
22903,4.3444e-006
22904,4.6622e-006
22905,4.7335e-006
22906,4.9284e-006
22907,4.355e-006
22908,4.5225e-006
22909,4.6416e-006
22910,6.6599e-006
22911,5.1494e-006
22912,5.7955e-006
22913,5.2342e-006
22914,4.7646e-006
22915,4.0279e-006
22916,4.5988e-006
22917,4.5036e-006
22918,4.9909e-006
22919,3.3301e-006
22920,3.5008e-006
22921,3.5234e-006
22922,5.5449e-006
22923,5.7275e-006
22924,4.9515e-006
22925,5.5609e-006
22926,4.0239e-006
22927,4.0929e-006
22928,3.765e-006
22929,3.5556e-006
22930,4.2565e-006
22931,4.0982e-006
22932,4.6222e-006
22933,5.1246e-006
22934,4.3614e-006
22935,4.208e-006
22936,4.6617e-006
22937,4.9538e-006
22938,4.3317e-006
22939,5.4832e-006
22940,6.0517e-006
22941,5.3428e-006
22942,5.9492e-006
22943,5.1789e-006
22944,4.4187e-006
22945,4.9247e-006
22946,4.2152e-006
22947,4.846e-006
22948,4.1778e-006
22949,5.5019e-006
22950,4.3481e-006
22951,4.8663e-006
22952,4.6878e-006
22953,3.4094e-006
22954,3.8375e-006
22955,3.7932e-006
22956,3.4242e-006
22957,3.2444e-006
22958,5.2667e-006
22959,5.4584e-006
22960,4.3077e-006
22961,5.3809e-006
22962,4.8506e-006
22963,4.8327e-006
22964,4.6881e-006
22965,4.5389e-006
22966,8.7989e-006
22967,8.5861e-006
22968,9.1162e-006
22969,9.7213e-006
22970,7.9526e-006
22971,6.9213e-006
22972,8.3058e-006
22973,7.7035e-006
22974,6.6845e-006
22975,8.8083e-006
22976,6.9729e-006
22977,1.1387e-005
22978,8.6699e-006
22979,9.8392e-006
22980,9.4925e-006
22981,7.0435e-006
22982,8.6899e-006
22983,7.2165e-006
22984,8.0856e-006
22985,7.7081e-006
22986,6.5705e-006
22987,7.5404e-006
22988,6.6527e-006
22989,7.813e-006
22990,3.2638e-006
22991,3.0227e-006
22992,3.1105e-006
22993,2.5567e-006
22994,2.9756e-006
22995,2.7173e-006
22996,7.2653e-006
22997,7.8061e-006
22998,7.5224e-006
22999,8.1128e-006
23000,7.1665e-006
23001,6.821e-006
23002,8.3744e-006
23003,8.4453e-006
23004,8.2668e-006
23005,8.0004e-006
23006,9.4145e-006
23007,1.2466e-005
23008,1.3696e-005
23009,1.2638e-005
23010,1.5419e-005
23011,1.4838e-005
23012,9.9791e-006
23013,1.1006e-005
23014,9.9939e-006
23015,1.153e-005
23016,8.8573e-006
23017,7.5225e-006
23018,7.5132e-006
23019,8.6534e-006
23020,8.5654e-006
23021,8.4007e-006
23022,6.8374e-006
23023,6.6474e-006
23024,5.4246e-006
23025,5.2906e-006
23026,6.0319e-006
23027,5.1473e-006
23028,6.2548e-006
23029,5.3875e-006
23030,5.3734e-006
23031,5.426e-006
23032,5.1601e-006
23033,4.148e-006
23034,4.6332e-006
23035,4.1569e-006
23036,4.2766e-006
23037,4.0327e-006
23038,4.1636e-006
23039,3.7955e-006
23040,4.3108e-006
23041,3.803e-006
23042,2.9034e-006
23043,3.5587e-006
23044,3.334e-006
23045,3.1144e-006
23046,3.3689e-006
23047,4.5318e-006
23048,3.8988e-006
23049,4.2577e-006
23050,4.3612e-006
23051,4.4328e-006
23052,5.0349e-006
23053,4.4604e-006
23054,4.9116e-006
23055,4.3639e-006
23056,4.4595e-006
23057,4.6806e-006
23058,4.827e-006
23059,5.3479e-006
23060,3.6033e-006
23061,3.8216e-006
23062,4.2484e-006
23063,4.1183e-006
23064,3.7843e-006
23065,4.2787e-006
23066,3.8479e-006
23067,6.3806e-006
23068,6.4932e-006
23069,6.3027e-006
23070,6.4361e-006
23071,6.9651e-006
23072,6.5749e-006
23073,6.7207e-006
23074,7.1707e-006
23075,7.4111e-006
23076,5.9325e-006
23077,5.0655e-006
23078,5.7696e-006
23079,5.2271e-006
23080,5.2884e-006
23081,6.0576e-006
23082,5.2772e-006
23083,6.8619e-006
23084,6.1509e-006
23085,5.8758e-006
23086,6.0145e-006
23087,6.5256e-006
23088,5.8139e-006
23089,5.0552e-006
23090,4.3337e-006
23091,4.7687e-006
23092,4.3704e-006
23093,3.292e-006
23094,3.8814e-006
23095,3.4676e-006
23096,3.5305e-006
23097,5.399e-006
23098,4.8353e-006
23099,5.332e-006
23100,5.8008e-006
23101,5.6454e-006
23102,5.0087e-006
23103,4.6318e-006
23104,4.8688e-006
23105,4.4899e-006
23106,4.2562e-006
23107,4.0407e-006
23108,4.1729e-006
23109,4.1935e-006
23110,4.6543e-006
23111,4.5649e-006
23112,5.1681e-006
23113,4.6217e-006
23114,4.3721e-006
23115,3.8535e-006
23116,4.4704e-006
23117,3.9785e-006
23118,4.284e-006
23119,3.9791e-006
23120,4.5436e-006
23121,8.6306e-006
23122,5.7981e-006
23123,5.6065e-006
23124,5.1777e-006
23125,7.054e-006
23126,7.6508e-006
23127,7.7647e-006
23128,6.8237e-006
23129,7.8452e-006
23130,5.0411e-006
23131,5.2952e-006
23132,5.8331e-006
23133,5.2245e-006
23134,4.8865e-006
23135,3.2496e-006
23136,3.2881e-006
23137,3.1717e-006
23138,3.2116e-006
23139,3.6971e-006
23140,3.7228e-006
23141,4.0755e-006
23142,4.1427e-006
23143,3.7806e-006
23144,4.0264e-006
23145,4.9193e-006
23146,4.8221e-006
23147,5.5387e-006
23148,5.4356e-006
23149,5.0902e-006
23150,5.614e-006
23151,5.4623e-006
23152,4.8425e-006
23153,4.6564e-006
23154,7.125e-006
23155,7.7494e-006
23156,6.5429e-006
23157,6.3179e-006
23158,7.4918e-006
23159,6.305e-006
23160,5.9987e-005
23161,6.4666e-005
23162,6.1975e-005
23163,1.3641e-006
23164,4.5846e-012
23165,2.5708e-004
23166,3.4739e-004
23167,6.3381e-014
23168,2.0071e-003
23169,2.0073e-003
23170,1.738e-004
23171,2.2834e-004
23172,1.4237e-005
23173,1.4769e-005
23174,1.2594e-005
23175,1.4098e-005
23176,1.2403e-005
23177,1.6339e-005
23178,1.7798e-005
23179,1.0713e-006
23180,1.8045e-006
23181,1.3566e-006
23182,1.4628e-006
23183,4.1149e-006
23184,3.5788e-006
23185,1.2641e-004
23186,5.5679e-005
23187,4.9442e-005
23188,5.3071e-005
23189,4.7383e-005
23190,4.7336e-005
23191,4.8992e-005
23192,4.6891e-005
23193,4.3815e-005
23194,4.9158e-005
23195,3.1243e-005
23196,2.9685e-005
23197,2.9159e-005
23198,3.4707e-005
23199,3.4121e-005
23200,3.263e-005
23201,2.976e-005
23202,3.4054e-005
23203,7.583e-007
23204,6.9477e-007
23205,1.1715e-006
23206,1.0514e-006
23207,8.5552e-007
23208,2.6806e-005
23209,2.9604e-005
23210,2.5002e-005
23211,2.4786e-005
23212,2.6439e-005
23213,3.6732e-005
23214,3.7167e-005
23215,4.1884e-005
23216,6.9804e-005
23217,4.5222e-005
23218,6.664e-007
23219,8.9659e-007
23220,1.1921e-006
23221,9.5326e-007
23222,1.1399e-006
23223,6.5422e-007
23224,9.4e-007
23225,1.5062e-006
23226,9.9086e-007
23227,1.3898e-006
23228,1.3893e-006
23229,1.6642e-006
23230,8.8054e-007
23231,7.5102e-007
23232,1.3699e-006
23233,1.2908e-006
23234,1.4901e-006
23235,8.1253e-007
23236,1.2519e-006
23237,1.1401e-006
23238,8.5236e-007
23239,1.2301e-006
23240,1.0824e-006
23241,1.0474e-006
23242,1.1426e-004
23243,6.9038e-007
23244,6.1573e-007
23245,1.2668e-005
23246,1.2497e-005
23247,1.2437e-005
23248,1.1815e-005
23249,1.3877e-005
23250,1.5781e-005
23251,1.4201e-005
23252,1.8059e-005
23253,2.0053e-005
23254,1.7472e-005
23255,1.6817e-005
23256,1.6256e-005
23257,8.1128e-006
23258,7.7704e-006
23259,6.5537e-006
23260,8.4359e-006
23261,7.868e-007
23262,6.6296e-007
23263,1.9311e-005
23264,2.4323e-005
23265,2.0039e-005
23266,1.9286e-005
23267,1.7999e-005
23268,2.2721e-005
23269,5.08e-005
23270,4.5134e-005
23271,4.8227e-005
23272,4.4091e-005
23273,4.8864e-005
23274,4.0661e-005
23275,5.0839e-005
23276,4.5189e-005
23277,4.7142e-005
23278,4.1749e-005
23279,4.682e-005
23280,4.971e-005
23281,5.2558e-005
23282,3.0457e-006
23283,2.9408e-006
23284,2.4383e-006
23285,2.5648e-006
23286,2.1577e-006
23287,2.1987e-006
23288,3.5329e-006
23289,3.0127e-006
23290,2.0693e-006
23291,1.105e-006
23292,9.6826e-007
23293,1.7522e-006
23294,1.1809e-006
23295,1.3636e-006
23296,1.5285e-006
23297,8.3098e-007
23298,1.9685e-006
23299,4.0135e-006
23300,3.4501e-006
23301,3.2568e-006
23302,2.7643e-006
23303,4.9853e-005
23304,5.7881e-005
23305,4.5268e-005
23306,5.1098e-005
23307,5.1375e-005
23308,6.1541e-005
23309,5.6397e-005
23310,9.161e-005
23311,7.4316e-005
23312,4.2299e-005
23313,3.9471e-005
23314,4.4164e-005
23315,3.7476e-005
23316,4.5679e-005
23317,4.0834e-005
23318,1.157e-005
23319,1.0354e-005
23320,9.315e-006
23321,1.1939e-005
23322,1.1977e-008
23323,2.0437e-003
23324,2.1145e-003
23325,3.1769e-005
23326,4.5999e-005
23327,3.0153e-005
23328,1.9962e-005
23329,1.6882e-005
23330,1.8339e-005
23331,2.4371e-005
23332,1.9108e-005
23333,2.4609e-005
23334,1.7769e-005
23335,2.1709e-005
23336,1.2513e-005
23337,1.0752e-005
23338,1.4263e-005
23339,1.6791e-005
23340,1.1241e-005
23341,1.3791e-005
23342,1.3116e-005
23343,1.152e-005
23344,3.8197e-006
23345,3.1288e-006
23346,2.7535e-006
23347,3.8581e-006
23348,3.2322e-006
23349,3.6508e-006
23350,3.394e-006
23351,6.1751e-006
23352,6.5429e-006
23353,7.3216e-006
23354,1.0078e-005
23355,8.7545e-006
23356,7.3888e-006
23357,8.4342e-006
23358,1.058e-005
23359,7.9873e-006
23360,1.7267e-006
23361,1.3079e-006
23362,1.6185e-006
23363,1.8144e-006
23364,1.2012e-006
23365,9.1678e-007
23366,1.2281e-006
23367,1.3355e-006
23368,1.1694e-006
23369,1.3205e-006
23370,8.855e-007
23371,1.526e-006
23372,1.0541e-006
23373,7.2482e-007
23374,1.093e-006
23375,1.2629e-006
23376,1.4014e-006
23377,9.3203e-007
23378,1.8235e-006
23379,6.6469e-007
23380,1.2823e-006
23381,1.9784e-006
23382,1.7409e-006
23383,1.2957e-006
23384,1.0131e-006
23385,8.3808e-007
23386,7.5419e-008
23387,1.0466e-007
23388,2.5425e-006
23389,2.6097e-006
23390,3.2873e-006
23391,2.7812e-006
23392,3.1592e-006
23393,3.1695e-006
23394,6.2398e-006
23395,5.3112e-006
23396,4.7367e-006
23397,3.2372e-006
23398,3.444e-005
23399,1.8959e-005
23400,1.9705e-005
23401,1.5275e-005
23402,2.2595e-005
23403,1.9111e-005
23404,1.7114e-005
23405,2.2042e-005
23406,1.7925e-005
23407,1.8068e-005
23408,1.4552e-005
23409,1.3632e-005
23410,1.5193e-005
23411,1.9247e-005
23412,1.5881e-005
23413,2.051e-005
23414,1.7581e-005
23415,1.4699e-005
23416,1.663e-005
23417,1.0155e-005
23418,1.0829e-005
23419,9.8068e-006
23420,9.6551e-006
23421,1.3961e-005
23422,1.2348e-005
23423,8.8751e-006
23424,8.4758e-006
23425,8.0988e-006
23426,8.1642e-006
23427,9.566e-006
23428,7.3586e-006
23429,9.459e-006
23430,9.863e-006
23431,8.1997e-006
23432,7.7189e-006
23433,7.6733e-006
23434,9.062e-006
23435,2.0976e-005
23436,2.0606e-005
23437,2.1084e-005
23438,2.5009e-005
23439,1.9282e-005
23440,2.5991e-005
23441,2.535e-005
23442,2.1773e-005
23443,1.795e-006
23444,1.6203e-006
23445,1.88e-006
23446,1.2425e-006
23447,1.5638e-006
23448,1.822e-006
23449,1.8573e-006
23450,1.4949e-006
23451,2.574e-006
23452,1.5023e-006
23453,1.5686e-006
23454,1.6733e-006
23455,8.4037e-007
23456,1.9279e-006
23457,1.0565e-006
23458,1.6829e-006
23459,8.1322e-007
23460,6.2008e-007
23461,9.1781e-007
23462,5.9589e-007
23463,6.5174e-007
23464,9.9887e-007
23465,1.0683e-006
23466,5.1426e-007
23467,6.0422e-007
23468,1.2565e-006
23469,1.3645e-006
23470,1.6112e-006
23471,1.1681e-006
23472,1.4309e-006
23473,1.5355e-006
23474,1.1728e-006
23475,1.3168e-006
23476,1.4935e-005
23477,1.4658e-005
23478,1.7438e-005
23479,1.913e-005
23480,1.695e-005
23481,1.5288e-005
23482,1.841e-005
23483,1.6657e-005
23484,2.0439e-005
23485,1.5511e-005
23486,2.0264e-003
23487,2.0105e-003
23488,4.1055e-007
23489,1.1349e-006
23490,8.5937e-007
23491,1.1028e-006
23492,4.2587e-006
23493,1.7671e-006
23494,3.0578e-006
23495,2.7058e-006
23496,3.8152e-006
23497,2.2405e-006
23498,2.178e-006
23499,2.6488e-006
23500,2.03e-006
23501,1.3116e-006
23502,1.5103e-006
23503,1.2501e-006
23504,1.1249e-006
23505,8.895e-007
23506,4.3201e-007
23507,9.4762e-007
23508,5.109e-006
23509,6.44e-006
23510,6.0366e-006
23511,2.0695e-006
23512,2.4297e-006
23513,2.3134e-006
23514,1.9394e-006
23515,2.0431e-006
23516,1.7416e-006
23517,2.3155e-006
23518,2.3033e-006
23519,2.4241e-006
23520,2.2795e-006
23521,1.9332e-006
23522,1.1287e-006
23523,5.769e-007
23524,1.0063e-006
23525,7.0263e-007
23526,8.8379e-007
23527,1.0967e-006
23528,1.2826e-006
23529,9.3317e-007
23530,1.5286e-006
23531,1.0503e-006
23532,1.0549e-006
23533,1.2737e-006
23534,9.6277e-007
23535,8.2315e-006
23536,6.5709e-006
23537,6.2344e-006
23538,7.5617e-006
23539,5.7444e-006
23540,4.7646e-006
23541,6.8412e-006
23542,6.4998e-006
23543,5.7539e-006
23544,7.6373e-006
23545,6.4987e-006
23546,5.7641e-006
23547,7.1727e-006
23548,8.078e-006
23549,7.3206e-006
23550,1.117e-005
23551,7.2397e-006
23552,5.6471e-006
23553,5.573e-006
23554,4.2176e-006
23555,4.5688e-006
23556,3.7109e-006
23557,3.1694e-006
23558,6.4379e-006
23559,4.261e-006
23560,3.8116e-006
23561,4.3172e-006
23562,1.3545e-005
23563,1.1281e-005
23564,1.2061e-005
23565,1.3125e-005
23566,1.1989e-005
23567,1.4769e-005
23568,1.4641e-005
23569,1.2585e-005
23570,1.089e-005
23571,1.2223e-005
23572,1.3046e-005
23573,1.3055e-005
23574,1.7468e-005
23575,1.8987e-005
23576,2.3458e-005
23577,1.7252e-005
23578,1.768e-005
23579,1.9803e-005
23580,2.1868e-005
23581,1.5521e-005
23582,1.8187e-005
23583,2.0062e-005
23584,1.7242e-005
23585,2.3911e-005
23586,1.8908e-005
23587,1.8224e-005
23588,2.2293e-005
23589,4.1381e-006
23590,3.2712e-006
23591,2.7316e-006
23592,5.9493e-006
23593,3.0392e-006
23594,1.9223e-006
23595,2.738e-006
23596,1.317e-006
23597,1.0506e-006
23598,1.1152e-006
23599,1.2553e-006
23600,1.2409e-006
23601,1.0727e-006
23602,7.7384e-007
23603,7.0444e-007
23604,9.058e-007
23605,1.0595e-006
23606,6.0387e-007
23607,1.6586e-006
23608,1.3952e-006
23609,2.033e-006
23610,1.3726e-006
23611,2.2705e-006
23612,1.8833e-006
23613,1.8145e-006
23614,2.1645e-006
23615,2.3692e-006
23616,1.2406e-006
23617,1.1636e-006
23618,2.3219e-006
23619,5.5736e-007
23620,1.959e-006
23621,4.4924e-006
23622,3.8613e-006
23623,4.1825e-006
23624,3.5728e-006
23625,5.0502e-006
23626,4.0548e-006
23627,3.8069e-006
23628,5.5394e-006
23629,4.821e-006
23630,1.2648e-006
23631,1.8985e-006
23632,2.7556e-006
23633,2.6254e-006
23634,1.6285e-006
23635,1.5068e-006
23636,9.938e-006
23637,9.381e-006
23638,1.2506e-005
23639,1.1395e-005
23640,9.0107e-006
23641,8.2292e-006
23642,8.2459e-006
23643,7.3858e-006
23644,6.1754e-006
23645,6.5223e-006
23646,5.5806e-006
23647,5.3254e-006
23648,7.7999e-006
23649,6.7942e-006
23650,7.0347e-006
23651,7.8792e-006
23652,5.6176e-006
23653,6.0945e-006
23654,6.0664e-006
23655,1.003e-005
23656,3.9009e-006
23657,6.1526e-006
23658,4.0444e-006
23659,5.2767e-006
23660,4.559e-006
23661,4.3907e-006
23662,5.5572e-006
23663,5.0062e-006
23664,4.5661e-006
23665,5.9272e-006
23666,6.2407e-006
23667,5.2647e-006
23668,6.5013e-006
23669,2.0082e-006
23670,2.4377e-006
23671,2.2828e-006
23672,1.6594e-006
23673,1.8863e-006
23674,2.194e-006
23675,1.3354e-006
23676,2.3716e-006
23677,1.9831e-006
23678,1.6247e-006
23679,8.3632e-006
23680,7.978e-006
23681,7.204e-006
23682,7.947e-006
23683,8.577e-006
23684,9.9965e-006
23685,8.7595e-006
23686,8.0818e-006
23687,1.0447e-005
23688,7.3677e-006
23689,7.2877e-006
23690,9.5246e-006
23691,2.5859e-006
23692,2.5016e-006
23693,2.6768e-006
23694,2.1369e-006
23695,2.1416e-006
23696,1.886e-006
23697,1.6079e-006
23698,1.112e-005
23699,1.1441e-005
23700,1.244e-005
23701,1.0176e-005
23702,1.165e-005
23703,1.4304e-005
23704,1.7529e-005
23705,1.9274e-005
23706,2.412e-005
23707,1.9388e-005
23708,2.2569e-005
23709,1.9756e-005
23710,1.84e-005
23711,1.9927e-005
23712,1.3678e-005
23713,1.3223e-005
23714,1.6505e-005
23715,1.7703e-005
23716,1.4661e-005
23717,1.6088e-005
23718,1.7353e-005
23719,1.9275e-006
23720,1.7893e-006
23721,1.8211e-006
23722,1.7916e-006
23723,1.9878e-006
23724,1.0469e-006
23725,1.1746e-006
23726,1.2747e-006
23727,1.4003e-006
23728,6.6932e-007
23729,1.4716e-006
23730,6.6307e-006
23731,4.5035e-006
23732,5.458e-006
23733,7.0318e-006
23734,5.5352e-006
23735,6.2106e-006
23736,6.0623e-006
23737,7.2231e-006
23738,5.9015e-006
23739,4.8793e-006
23740,5.8781e-006
23741,8.1204e-006
23742,5.4602e-006
23743,6.8231e-006
23744,5.9639e-006
23745,7.1292e-006
23746,6.1673e-006
23747,4.9202e-006
23748,7.3961e-006
23749,8.0804e-006
23750,5.1333e-006
23751,5.3273e-006
23752,1.1398e-006
23753,1.2166e-006
23754,9.7396e-007
23755,6.5169e-007
23756,7.788e-007
23757,7.8488e-007
23758,2.4338e-006
23759,4.2576e-006
23760,3.344e-006
23761,2.9971e-006
23762,3.5943e-006
23763,3.5832e-006
23764,2.8523e-006
23765,3.2696e-006
23766,3.9844e-006
23767,2.3192e-006
23768,3.1016e-006
23769,3.263e-006
23770,2.9524e-006
23771,3.1417e-006
23772,2.9808e-006
23773,3.0287e-006
23774,3.0102e-006
23775,2.8861e-006
23776,2.5241e-006
23777,2.3936e-006
23778,2.5529e-006
23779,2.339e-006
23780,2.3609e-006
23781,2.2957e-006
23782,1.9604e-006
23783,1.87e-006
23784,1.9564e-006
23785,1.4277e-006
23786,2.102e-006
23787,2.2615e-006
23788,2.0399e-006
23789,2.8863e-006
23790,2.6372e-006
23791,2.3553e-006
23792,2.7562e-006
23793,2.1823e-006
23794,2.4841e-006
23795,2.6821e-006
23796,1.055e-006
23797,1.2258e-006
23798,1.3591e-006
23799,1.304e-006
23800,1.4891e-006
23801,1.1177e-006
23802,1.5774e-006
23803,3.4176e-006
23804,3.5756e-006
23805,4.3401e-006
23806,3.2026e-006
23807,4.8432e-006
23808,1.1679e-005
23809,1.0359e-005
23810,8.8964e-006
23811,8.9989e-006
23812,9.5473e-006
23813,8.5165e-006
23814,7.4351e-006
23815,7.1498e-006
23816,7.2533e-006
23817,8.1232e-006
23818,1.0719e-005
23819,8.5208e-006
23820,1.098e-005
23821,1.092e-005
23822,9.0727e-006
23823,6.2269e-006
23824,9.1311e-006
23825,6.6381e-006
23826,7.7177e-006
23827,8.1646e-006
23828,7.8351e-006
23829,1.0485e-005
23830,6.7209e-006
23831,6.817e-006
23832,5.8973e-006
23833,9.7244e-006
23834,8.6866e-006
23835,7.6167e-006
23836,7.17e-006
23837,1.0192e-005
23838,6.1111e-006
23839,3.462e-006
23840,3.9065e-006
23841,5.2281e-006
23842,4.6834e-006
23843,4.5226e-006
23844,4.6518e-006
23845,5.5134e-006
23846,3.8055e-006
23847,2.9273e-006
23848,2.5543e-006
23849,2.5918e-006
23850,2.962e-006
23851,2.515e-006
23852,3.0176e-006
23853,3.0811e-006
23854,2.6177e-006
23855,2.1384e-006
23856,2.6546e-006
23857,2.7759e-006
23858,2.493e-006
23859,2.9829e-006
23860,2.5453e-006
23861,2.8141e-006
23862,1.8989e-006
23863,2.2953e-006
23864,2.7801e-006
23865,2.2742e-006
23866,2.8408e-006
23867,2.8364e-006
23868,2.3778e-006
23869,3.0983e-006
23870,2.8965e-006
23871,3.2873e-006
23872,3.1055e-006
23873,2.3144e-006
23874,3.0125e-006
23875,3.2103e-006
23876,2.7062e-006
23877,2.6562e-006
23878,2.0474e-006
23879,1.8133e-006
23880,1.6653e-006
23881,8.2348e-007
23882,1.6746e-006
23883,1.4703e-006
23884,2.0283e-006
23885,1.8196e-006
23886,1.662e-006
23887,1.456e-006
23888,1.8252e-006
23889,3.0353e-006
23890,4.0936e-006
23891,3.985e-006
23892,4.1085e-006
23893,5.5342e-006
23894,3.391e-006
23895,3.6798e-006
23896,4.6607e-006
23897,3.1093e-006
23898,4.9244e-006
23899,4.1863e-006
23900,2.8911e-006
23901,2.6046e-006
23902,2.0364e-006
23903,2.7554e-006
23904,3.2944e-006
23905,3.2255e-006
23906,4.1454e-006
23907,2.5938e-006
23908,3.5595e-006
23909,3.9044e-006
23910,3.6457e-006
23911,3.6854e-006
23912,4.3589e-006
23913,4.9554e-006
23914,5.5543e-006
23915,4.7594e-006
23916,5.3608e-006
23917,5.3975e-006
23918,9.1592e-006
23919,9.3652e-006
23920,9.7635e-006
23921,8.1911e-006
23922,8.2667e-006
23923,8.9981e-006
23924,8.5345e-006
23925,1.1291e-005
23926,7.8562e-006
23927,8.4195e-006
23928,8.6919e-006
23929,1.0352e-005
23930,1.0552e-005
23931,8.3213e-006
23932,8.7456e-006
23933,8.1896e-006
23934,7.8371e-006
23935,7.6923e-006
23936,7.2088e-006
23937,8.2702e-006
23938,9.595e-006
23939,7.5544e-006
23940,8.3263e-006
23941,1.0106e-005
23942,1.043e-005
23943,9.2443e-006
23944,1.1617e-005
23945,1.3536e-005
23946,1.1852e-005
23947,1.5003e-005
23948,1.4933e-005
23949,1.3325e-005
23950,1.3832e-005
23951,1.5275e-005
23952,1.3429e-005
23953,1.2617e-005
23954,1.6994e-005
23955,1.3198e-005
23956,1.196e-005
23957,1.0631e-005
23958,1.0026e-005
23959,9.8159e-006
23960,1.2488e-005
23961,1.0814e-005
23962,1.2364e-005
23963,1.5112e-005
23964,1.3777e-005
23965,1.3198e-005
23966,1.072e-005
23967,1.1637e-005
23968,9.7367e-006
23969,5.2185e-006
23970,6.0837e-006
23971,5.4887e-006
23972,5.9857e-006
23973,6.2343e-006
23974,5.2166e-006
23975,1.1519e-005
23976,1.3027e-005
23977,1.0846e-005
23978,1.1035e-005
23979,1.6558e-005
23980,1.0098e-005
23981,1.0551e-005
23982,9.598e-006
23983,1.3855e-005
23984,1.1155e-005
23985,1.1485e-005
23986,1.3926e-005
23987,1.1223e-005
23988,1.1113e-005
23989,1.3686e-005
23990,1.0662e-005
23991,1.1861e-005
23992,1.1733e-005
23993,1.4626e-005
23994,1.2204e-005
23995,1.6321e-005
23996,1.2701e-005
23997,1.2631e-005
23998,2.0669e-005
23999,2.7214e-005
24000,2.1846e-005
24001,2.2726e-005
24002,2.4841e-005
24003,1.1774e-005
24004,1.4461e-005
24005,1.1932e-005
24006,1.1428e-005
24007,1.2831e-005
24008,1.6206e-005
24009,1.6569e-005
24010,2.3727e-006
24011,2.4467e-006
24012,1.9111e-006
24013,1.9381e-006
24014,3.0771e-006
24015,1.9958e-006
24016,3.4943e-006
24017,1.0139e-006
24018,1.329e-006
24019,1.0385e-006
24020,1.1052e-006
24021,1.0075e-006
24022,1.2186e-006
24023,6.6737e-007
24024,7.0651e-007
24025,2.8805e-006
24026,2.7879e-006
24027,2.6322e-006
24028,2.6903e-006
24029,2.5476e-006
24030,2.3203e-006
24031,1.9229e-006
24032,2.4111e-006
24033,2.1939e-006
24034,1.4581e-006
24035,2.1388e-006
24036,2.7676e-006
24037,6.2373e-006
24038,5.7349e-006
24039,7.5053e-006
24040,6.6038e-006
24041,6.1527e-006
24042,4.8813e-006
24043,6.0285e-006
24044,5.4248e-006
24045,5.7462e-006
24046,5.348e-006
24047,4.2371e-006
24048,3.9364e-006
24049,3.9027e-006
24050,4.4316e-006
24051,4.6407e-006
24052,6.912e-006
24053,7.6225e-006
24054,6.7677e-006
24055,9.2453e-006
24056,7.8362e-006
24057,8.5894e-006
24058,5.9102e-006
24059,7.0903e-006
24060,7.7406e-006
24061,6.2138e-006
24062,6.4294e-006
24063,6.6129e-006
24064,7.9529e-006
24065,7.519e-006
24066,7.1583e-006
24067,7.2186e-006
24068,3.6e-006
24069,3.153e-006
24070,3.4855e-006
24071,2.8448e-006
24072,3.3083e-006
24073,2.9985e-006
24074,2.9382e-006
24075,3.549e-006
24076,4.2196e-006
24077,4.1505e-006
24078,3.4564e-006
24079,3.7564e-006
24080,2.9964e-006
24081,2.9465e-006
24082,3.774e-006
24083,2.9673e-006
24084,2.94e-006
24085,2.4976e-006
24086,2.4304e-006
24087,2.3847e-006
24088,2.192e-006
24089,2.6338e-006
24090,2.4552e-006
24091,2.5475e-006
24092,2.7171e-006
24093,2.4471e-006
24094,1.9077e-006
24095,2.1897e-006
24096,2.3786e-006
24097,2.2337e-006
24098,2.0304e-006
24099,1.9174e-006
24100,2.2502e-006
24101,1.8622e-006
24102,1.6858e-006
24103,1.6498e-006
24104,2.4297e-006
24105,2.0826e-006
24106,2.1158e-006
24107,1.7701e-006
24108,1.4715e-006
24109,1.6132e-006
24110,1.796e-006
24111,9.3506e-007
24112,1.0316e-006
24113,1.8418e-006
24114,2.6978e-006
24115,2.8388e-006
24116,3.4109e-006
24117,3.24e-006
24118,2.1393e-006
24119,2.9787e-006
24120,1.6883e-006
24121,3.8981e-006
24122,3.8935e-006
24123,2.0864e-006
24124,2.1565e-006
24125,1.8218e-006
24126,1.4118e-006
24127,2.0404e-006
24128,1.9141e-006
24129,1.9093e-006
24130,1.4575e-006
24131,2.1616e-006
24132,1.4659e-006
24133,2.9457e-006
24134,2.9231e-006
24135,2.6149e-006
24136,2.3536e-006
24137,2.9705e-006
24138,2.1713e-006
24139,2.5137e-006
24140,3.4873e-006
24141,4.1228e-006
24142,3.9394e-006
24143,3.475e-006
24144,4.2815e-006
24145,3.0448e-006
24146,2.8649e-006
24147,3.1566e-006
24148,2.3683e-006
24149,2.7443e-006
24150,2.9632e-006
24151,3.2841e-006
24152,3.3564e-006
24153,3.0803e-006
24154,3.0153e-006
24155,2.6691e-006
24156,2.2639e-006
24157,2.7294e-006
24158,3.3441e-006
24159,2.7765e-006
24160,3.3024e-006
24161,2.9587e-006
24162,2.7921e-006
24163,3.1009e-006
24164,2.8833e-006
24165,2.181e-006
24166,2.5501e-006
24167,3.9515e-006
24168,4.7428e-006
24169,4.0062e-006
24170,4.5902e-006
24171,5.1048e-006
24172,4.5264e-006
24173,4.9553e-006
24174,3.559e-006
24175,4.1994e-006
24176,4.7907e-006
24177,4.392e-006
24178,6.1139e-006
24179,6.6252e-006
24180,6.6037e-006
24181,6.1589e-006
24182,6.2794e-006
24183,5.927e-006
24184,3.2691e-006
24185,2.7158e-006
24186,3.1554e-006
24187,3.0551e-006
24188,3.5473e-006
24189,3.0016e-006
24190,4.1448e-006
24191,4.9109e-006
24192,5.6748e-006
24193,4.9852e-006
24194,5.175e-006
24195,5.8104e-006
24196,5.3184e-006
24197,4.9382e-006
24198,4.9866e-006
24199,4.5564e-006
24200,3.9162e-006
24201,3.7122e-006
24202,4.1528e-006
24203,3.587e-006
24204,3.6884e-006
24205,4.4262e-006
24206,4.2797e-006
24207,3.8362e-006
24208,3.2315e-006
24209,3.8205e-006
24210,3.9276e-006
24211,3.5099e-006
24212,4.2212e-006
24213,4.1306e-006
24214,3.8276e-006
24215,3.7562e-006
24216,3.2684e-006
24217,3.4638e-006
24218,3.5873e-006
24219,4.1677e-006
24220,3.041e-006
24221,7.9079e-006
24222,7.3342e-006
24223,9.0476e-006
24224,8.0932e-006
24225,6.9436e-006
24226,6.8928e-006
24227,6.5579e-006
24228,7.7695e-006
24229,9.5491e-006
24230,7.425e-006
24231,6.1256e-006
24232,6.5158e-006
24233,7.1188e-006
24234,5.7057e-006
24235,6.4121e-006
24236,6.1346e-006
24237,5.9067e-006
24238,5.2891e-006
24239,9.8542e-006
24240,1.0607e-005
24241,9.2349e-006
24242,1.1913e-005
24243,1.2812e-005
24244,8.0797e-006
24245,7.3563e-006
24246,9.5421e-006
24247,6.9486e-006
24248,9.5008e-006
24249,7.2945e-006
24250,6.837e-006
24251,7.6717e-006
24252,6.6508e-006
24253,1.1348e-005
24254,1.2491e-005
24255,1.4672e-005
24256,1.0677e-005
24257,1.2285e-005
24258,1.1645e-005
24259,1.534e-005
24260,1.4019e-005
24261,8.5861e-006
24262,7.846e-006
24263,8.8337e-006
24264,1.042e-005
24265,9.9164e-006
24266,8.0741e-006
24267,8.6162e-006
24268,9.9881e-006
24269,1.1796e-005
24270,1.2279e-005
24271,1.2096e-005
24272,1.3235e-005
24273,1.1327e-005
24274,1.1062e-005
24275,1.4257e-005
24276,1.0805e-005
24277,1.5013e-005
24278,1.3695e-005
24279,9.89e-006
24280,1.1397e-005
24281,1.1722e-005
24282,9.8869e-006
24283,1.0971e-005
24284,9.6797e-006
24285,1.009e-005
24286,1.2898e-005
24287,1.0037e-005
24288,1.1708e-005
24289,9.2122e-006
24290,1.2329e-005
24291,9.8315e-006
24292,1.1261e-005
24293,1.0743e-005
24294,9.1419e-006
24295,1.0447e-005
24296,5.9857e-006
24297,5.891e-006
24298,5.4601e-006
24299,8.0072e-006
24300,8.6616e-006
24301,7.6676e-006
24302,1.0075e-005
24303,8.6877e-006
24304,9.6292e-006
24305,9.7007e-006
24306,6.2248e-006
24307,7.6232e-006
24308,6.0152e-006
24309,5.1135e-006
24310,6.8478e-006
24311,5.4434e-006
24312,5.1622e-006
24313,7.1467e-006
24314,7.464e-006
24315,5.4974e-006
24316,5.797e-006
24317,4.6332e-006
24318,1.1173e-005
24319,1.1854e-005
24320,1.0533e-005
24321,1.2876e-005
24322,1.1243e-005
24323,1.0744e-005
24324,1.5034e-005
24325,1.3384e-005
24326,1.173e-005
24327,1.0135e-005
24328,8.5726e-006
24329,8.6234e-006
24330,9.3152e-006
24331,1.1486e-005
24332,9.5865e-006
24333,1.0424e-005
24334,4.0373e-006
24335,3.6854e-006
24336,4.3066e-006
24337,4.5385e-006
24338,3.9492e-006
24339,3.8862e-006
24340,4.3196e-006
24341,3.5511e-006
24342,4.0681e-006
24343,9.1486e-006
24344,8.6117e-006
24345,6.8517e-006
24346,7.7188e-006
24347,7.1557e-006
24348,6.4862e-006
24349,7.7306e-006
24350,1.1676e-005
24351,7.7157e-006
24352,6.0491e-006
24353,7.999e-006
24354,1.0148e-005
24355,9.2064e-006
24356,9.7257e-006
24357,1.2096e-005
24358,8.6163e-006
24359,1.1748e-005
24360,1.3696e-005
24361,9.481e-006
24362,1.1945e-005
24363,1.2236e-005
24364,1.0714e-005
24365,1.3289e-005
24366,1.3964e-005
24367,1.5325e-005
24368,1.2024e-005
24369,1.9139e-005
24370,1.3247e-005
24371,1.5286e-005
24372,1.3696e-005
24373,1.1641e-005
24374,7.7554e-006
24375,8.2465e-006
24376,6.6186e-006
24377,6.8629e-006
24378,6.1283e-006
24379,5.7879e-006
24380,5.6855e-006
24381,6.4079e-006
24382,6.5223e-006
24383,6.9363e-006
24384,6.0451e-006
24385,5.7772e-006
24386,5.7556e-006
24387,5.7396e-006
24388,6.1113e-006
24389,6.5145e-006
24390,6.5238e-006
24391,6.4465e-006
24392,8.471e-006
24393,6.7197e-006
24394,6.7494e-006
24395,6.619e-006
24396,7.9444e-006
24397,7.49e-006
24398,8.5469e-006
24399,7.0371e-006
24400,7.1126e-006
24401,3.1423e-006
24402,2.9914e-006
24403,3.2739e-006
24404,2.7605e-006
24405,2.7044e-006
24406,3.1273e-006
24407,2.9296e-006
24408,2.2222e-006
24409,2.8746e-006
24410,2.3032e-006
24411,2.7224e-006
24412,2.0388e-006
24413,2.5352e-006
24414,3.3955e-006
24415,3.28e-006
24416,2.3474e-006
24417,2.9309e-006
24418,2.5154e-006
24419,2.8543e-006
24420,4.1675e-006
24421,5.0843e-006
24422,4.9614e-006
24423,4.2913e-006
24424,4.6209e-006
24425,4.2451e-006
24426,4.7148e-006
24427,4.3934e-006
24428,2.7397e-006
24429,3.3841e-006
24430,3.4945e-006
24431,2.4703e-006
24432,3.0591e-006
24433,3.487e-006
24434,3.429e-006
24435,2.3442e-006
24436,2.7942e-006
24437,2.9868e-006
24438,3.1931e-006
24439,5.7621e-006
24440,5.5418e-006
24441,4.9263e-006
24442,5.252e-006
24443,3.1454e-006
24444,2.9807e-006
24445,2.9143e-006
24446,3.31e-006
24447,3.4339e-006
24448,2.7081e-006
24449,2.6414e-006
24450,4.8415e-006
24451,4.2857e-006
24452,4.4857e-006
24453,3.9859e-006
24454,4.6117e-006
24455,5.6834e-006
24456,4.4788e-006
24457,4.6937e-006
24458,5.4033e-006
24459,5.0656e-006
24460,4.3583e-006
24461,4.8041e-006
24462,5.3253e-006
24463,4.4462e-006
24464,8.0065e-006
24465,8.9144e-006
24466,1.0081e-005
24467,1.1223e-005
24468,9.4361e-006
24469,6.9795e-006
24470,9.0885e-006
24471,7.3003e-006
24472,8.2922e-006
24473,7.5348e-006
24474,3.4257e-006
24475,3.641e-006
24476,2.7989e-006
24477,3.5048e-006
24478,3.0415e-006
24479,5.0639e-006
24480,5.268e-006
24481,4.5833e-006
24482,4.5315e-006
24483,5.2913e-006
24484,4.2252e-006
24485,4.5615e-006
24486,4.5844e-006
24487,4.4924e-006
24488,3.8334e-006
24489,4.8923e-006
24490,5.7171e-006
24491,4.8587e-006
24492,4.8259e-006
24493,5.6875e-006
24494,5.3605e-006
24495,6.54e-006
24496,5.9369e-006
24497,6.2407e-006
24498,6.0714e-006
24499,5.0875e-006
24500,5.0966e-006
24501,5.6184e-006
24502,4.1123e-006
24503,4.4157e-006
24504,4.4006e-006
24505,4.3167e-006
24506,3.589e-006
24507,4.7392e-006
24508,4.0731e-006
24509,4.3841e-006
24510,3.9311e-006
24511,1.1327e-005
24512,9.8052e-006
24513,9.9447e-006
24514,9.7001e-006
24515,1.1769e-005
24516,9.3276e-006
24517,1.1048e-005
24518,1.2812e-005
24519,7.9477e-006
24520,9.9064e-006
24521,1.219e-005
24522,8.0578e-006
24523,9.8183e-006
24524,9.2556e-006
24525,9.0727e-006
24526,8.4385e-006
24527,8.3258e-006
24528,1.0685e-005
24529,9.2881e-006
24530,3.4966e-006
24531,3.7483e-006
24532,3.8234e-006
24533,3.2618e-006
24534,3.8121e-006
24535,3.0621e-006
24536,3.2943e-006
24537,3.4993e-006
24538,3.4302e-006
24539,3.7406e-006
24540,2.8111e-006
24541,3.3979e-006
24542,3.0982e-006
24543,3.5284e-006
24544,3.2865e-006
24545,2.9531e-006
24546,2.9892e-006
24547,3.182e-006
24548,4.2768e-006
24549,4.3696e-006
24550,4.8494e-006
24551,4.9515e-006
24552,4.8063e-006
24553,3.9518e-006
24554,4.3703e-006
24555,4.1138e-006
24556,5.0997e-006
24557,4.5228e-006
24558,4.3014e-006
24559,4.6313e-006
24560,4.4625e-006
24561,4.4472e-006
24562,4.8971e-006
24563,9.6564e-006
24564,1.031e-005
24565,9.9535e-006
24566,1.1565e-005
24567,1.5115e-005
24568,9.7786e-006
24569,1.4093e-005
24570,1.3826e-005
24571,1.249e-005
24572,5.15e-006
24573,4.786e-006
24574,4.3971e-006
24575,4.3e-006
24576,4.0038e-006
24577,4.4036e-006
24578,4.8273e-006
24579,4.757e-006
24580,4.683e-006
24581,4.8095e-006
24582,5.0361e-006
24583,4.9309e-006
24584,6.5531e-006
24585,6.5436e-006
24586,7.6395e-006
24587,6.9154e-006
24588,6.8411e-006
24589,5.8182e-006
24590,5.7091e-006
24591,5.8058e-006
24592,5.8007e-006
24593,5.3421e-006
24594,4.1882e-006
24595,4.1045e-006
24596,3.1225e-006
24597,3.8859e-006
24598,3.4297e-006
24599,3.509e-006
24600,3.2489e-006
24601,3.7008e-006
24602,3.8173e-006
24603,3.2836e-006
24604,4.8152e-006
24605,4.6771e-006
24606,5.289e-006
24607,4.3441e-006
24608,4.7378e-006
24609,3.8606e-006
24610,4.4529e-006
24611,4.3732e-006
24612,4.1629e-006
24613,4.0064e-006
24614,3.7896e-006
24615,6.0485e-006
24616,4.5107e-006
24617,5.2602e-006
24618,5.7212e-006
24619,4.7158e-006
24620,5.6534e-006
24621,4.7998e-006
24622,5.5457e-006
24623,7.8902e-006
24624,7.2194e-006
24625,6.5507e-006
24626,7.0611e-006
24627,6.4508e-006
24628,7.956e-006
24629,6.268e-006
24630,3.9731e-006
24631,3.5649e-006
24632,3.5854e-006
24633,3.9368e-006
24634,4.2575e-006
24635,4.1099e-006
24636,3.4981e-006
24637,4.3029e-006
24638,3.4032e-006
24639,3.5924e-006
24640,3.9454e-006
24641,3.9473e-006
24642,4.9238e-006
24643,4.2567e-006
24644,4.2612e-006
24645,4.5985e-006
24646,4.6851e-006
24647,2.6434e-006
24648,1.9222e-006
24649,2.7888e-006
24650,2.8233e-006
24651,2.6714e-006
24652,2.7229e-006
24653,2.7259e-006
24654,2.2073e-006
24655,2.472e-006
24656,2.252e-006
24657,2.0361e-006
24658,3.8728e-006
24659,3.5422e-006
24660,3.4716e-006
24661,3.926e-006
24662,6.9722e-006
24663,6.4355e-006
24664,5.5425e-006
24665,6.0278e-006
24666,5.3795e-006
24667,8.4056e-006
24668,1.0495e-005
24669,8.6164e-006
24670,9.0927e-006
24671,7.0692e-006
24672,6.7061e-006
24673,8.5908e-006
24674,7.8692e-006
24675,9.1302e-006
24676,8.0359e-006
24677,8.9158e-006
24678,7.389e-006
24679,6.5615e-006
24680,8.3812e-006
24681,9.4812e-006
24682,5.7845e-006
24683,7.6816e-006
24684,5.586e-006
24685,6.0118e-006
24686,6.8374e-006
24687,5.965e-006
24688,6.5666e-006
24689,5.6834e-006
24690,3.1319e-006
24691,3.1358e-006
24692,3.0746e-006
24693,2.6191e-006
24694,2.9921e-006
24695,2.4216e-006
24696,2.6769e-006
24697,3.2918e-006
24698,4.7654e-006
24699,4.6456e-006
24700,4.2315e-006
24701,4.4149e-006
24702,3.9443e-006
24703,3.6103e-006
24704,3.6316e-006
24705,2.7337e-006
24706,3.0266e-006
24707,3.2175e-006
24708,3.351e-006
24709,3.5318e-006
24710,3.4994e-006
24711,3.1297e-006
24712,2.706e-006
24713,3.379e-006
24714,3.1567e-006
24715,3.6713e-006
24716,3.742e-006
24717,3.2254e-006
24718,5.2085e-006
24719,4.4506e-006
24720,4.0487e-006
24721,4.2229e-006
24722,4.5185e-006
24723,4.9461e-006
24724,4.5512e-006
24725,5.2405e-006
24726,3.6938e-006
24727,7.5541e-006
24728,6.8488e-006
24729,9.6886e-006
24730,1.0013e-005
24731,9.7082e-006
24732,7.4547e-006
24733,7.1721e-006
24734,9.1688e-006
24735,7.3498e-006
24736,8.1258e-006
24737,1.26e-005
24738,8.2246e-006
24739,9.0239e-006
24740,1.1177e-005
24741,1.0958e-005
24742,1.0448e-005
24743,9.1026e-006
24744,5.2094e-006
24745,4.7036e-006
24746,4.9018e-006
24747,5.1827e-006
24748,5.5464e-006
24749,5.7512e-006
24750,5.2128e-006
24751,6.2015e-006
24752,5.7252e-006
24753,4.928e-006
24754,5.1189e-006
24755,8.5553e-006
24756,9.1761e-006
24757,8.4337e-006
24758,8.4411e-006
24759,6.4919e-006
24760,6.0693e-006
24761,6.7393e-006
24762,7.8834e-006
24763,5.9654e-006
24764,7.3076e-006
24765,6.2449e-006
24766,7.5252e-006
24767,7.1673e-006
24768,6.9829e-006
24769,8.8863e-006
24770,8.4151e-006
24771,9.1807e-006
24772,9.0851e-006
24773,1.1248e-005
24774,1.1701e-005
24775,1.1622e-005
24776,9.2065e-006
24777,9.4046e-006
24778,1.1405e-005
24779,1.3612e-005
24780,1.3352e-005
24781,1.1391e-005
24782,1.4068e-005
24783,1.2488e-005
24784,1.4155e-005
24785,9.5153e-006
24786,8.7899e-006
24787,7.9284e-006
24788,8.4003e-006
24789,7.8679e-006
24790,9.7017e-006
24791,1.133e-005
24792,7.4923e-006
24793,7.9754e-006
24794,9.3862e-006
24795,1.0714e-005
24796,8.8572e-006
24797,8.8086e-006
24798,1.0038e-005
24799,1.1133e-005
24800,8.7765e-006
24801,1.1135e-005
24802,9.5161e-006
24803,9.0589e-006
24804,1.192e-005
24805,1.1935e-005
24806,8.979e-006
24807,1.1662e-005
24808,6.1441e-006
24809,6.8349e-006
24810,5.6613e-006
24811,6.0103e-006
24812,5.8339e-006
24813,7.3541e-006
24814,5.313e-006
24815,5.5143e-006
24816,6.1316e-006
24817,5.8434e-006
24818,2.8163e-006
24819,3.0132e-006
24820,1.9002e-006
24821,2.4926e-006
24822,3.0975e-006
24823,2.507e-006
24824,2.4651e-006
24825,2.8286e-006
24826,2.0969e-006
24827,2.5819e-006
24828,2.3884e-006
24829,1.8993e-006
24830,2.2374e-006
24831,2.4051e-006
24832,1.4173e-006
24833,6.5217e-006
24834,6.663e-006
24835,5.5902e-006
24836,5.531e-006
24837,6.315e-006
24838,6.1414e-006
24839,7.5243e-006
24840,7.3696e-006
24841,5.5938e-006
24842,6.1634e-006
24843,6.3139e-006
24844,2.7854e-006
24845,3.1417e-006
24846,3.0424e-006
24847,2.6693e-006
24848,2.6114e-006
24849,3.0749e-006
24850,2.3564e-006
24851,1.8804e-006
24852,2.275e-006
24853,1.7841e-006
24854,1.6946e-006
24855,2.2085e-006
24856,1.8542e-006
24857,6.6326e-006
24858,5.3606e-006
24859,5.588e-006
24860,6.0655e-006
24861,5.2185e-006
24862,6.2762e-006
24863,5.8261e-006
24864,5.9003e-006
24865,8.0848e-006
24866,7.5481e-006
24867,6.5144e-006
24868,6.5113e-006
24869,4.5672e-006
24870,3.5809e-006
24871,4.1713e-006
24872,4.1969e-006
24873,3.4924e-006
24874,4.3191e-006
24875,4.5295e-006
24876,3.7399e-006
24877,6.2332e-006
24878,5.2158e-006
24879,6.215e-006
24880,5.4067e-006
24881,6.7597e-006
24882,6.5316e-006
24883,7.3923e-006
24884,7.5425e-006
24885,8.1924e-006
24886,1.2527e-005
24887,1.3887e-005
24888,5.1942e-006
24889,5.7312e-006
24890,5.5553e-006
24891,6.119e-006
24892,5.1437e-006
24893,4.8777e-006
24894,6.9441e-006
24895,4.8783e-006
24896,5.1805e-006
24897,5.2773e-006
24898,4.7479e-006
24899,5.5417e-006
24900,5.06e-006
24901,7.3469e-006
24902,7.5042e-006
24903,6.1562e-006
24904,6.7902e-006
24905,6.4473e-006
24906,3.7912e-006
24907,3.3637e-006
24908,3.6081e-006
24909,3.8314e-006
24910,2.8191e-006
24911,4.342e-006
24912,3.6139e-005
24913,3.2667e-005
24914,2.7265e-005
24915,3.0459e-005
24916,3.3825e-005
24917,2.9353e-005
24918,3.1873e-005
24919,2.529e-005
24920,2.8107e-005
24921,2.9611e-005
24922,2.9179e-005
24923,3.4222e-005
24924,2.6131e-005
24925,6.0243e-006
24926,5.4341e-006
24927,7.1606e-006
24928,5.6061e-006
24929,5.631e-006
24930,6.2605e-006
24931,6.2345e-006
24932,5.4833e-006
24933,6.9933e-006
24934,6.0309e-006
24935,6.5031e-006
24936,6.7499e-006
24937,5.4591e-006
24938,7.2093e-006
24939,7.9052e-006
24940,8.9207e-006
24941,7.9618e-006
24942,7.4598e-006
24943,7.7807e-006
24944,5.1208e-006
24945,4.6037e-006
24946,3.8759e-006
24947,4.3283e-006
24948,4.0636e-006
24949,2.5543e-006
24950,2.534e-006
24951,3.027e-006
24952,2.4998e-006
24953,2.9891e-006
24954,3.1894e-006
24955,3.6646e-006
24956,3.9121e-006
24957,3.4356e-006
24958,3.6462e-006
24959,3.1714e-006
24960,2.6285e-006
24961,5.2058e-006
24962,4.328e-006
24963,4.4893e-006
24964,5.9084e-006
24965,4.1734e-005
24966,4.4553e-005
24967,1.015e-005
24968,1.1688e-005
24969,1.2727e-005
24970,1.2594e-005
24971,1.3713e-005
24972,1.3845e-005
24973,1.3665e-005
24974,1.5503e-005
24975,1.7582e-005
24976,1.8796e-005
24977,8.6225e-006
24978,9.3211e-006
24979,4.9412e-006
24980,5.3254e-006
24981,7.8595e-006
24982,3.7009e-006
24983,4.2734e-006
24984,3.1849e-006
24985,3.3091e-006
24986,9.1315e-006
24987,7.8925e-006
24988,9.3605e-006
24989,1.0107e-005
24990,1.0379e-005
24991,8.8525e-006
24992,8.5628e-006
24993,9.1206e-007
24994,1.2133e-006
24995,1.069e-006
24996,7.9448e-007
24997,1.3336e-006
24998,9.3002e-007
24999,9.5677e-007
25000,1.1058e-006
25001,1.0736e-005
25002,1.1798e-005
25003,1.0761e-005
25004,1.721e-006
25005,2.2391e-006
25006,2.018e-006
25007,2.2623e-006
25008,2.8519e-006
25009,1.8904e-006
25010,2.772e-006
25011,1.7365e-006
25012,1.7255e-006
25013,7.4542e-007
25014,1.0389e-006
25015,1.292e-006
25016,8.7471e-007
25017,1.3313e-006
25018,2.0672e-006
25019,1.8073e-006
25020,2.3473e-006
25021,2.9797e-006
25022,2.6794e-006
25023,1.4729e-006
25024,1.74e-006
25025,1.6527e-006
25026,6.648e-006
25027,6.9961e-006
25028,7.6955e-006
25029,5.8376e-006
25030,6.8886e-006
25031,6.2048e-006
25032,5.756e-006
25033,6.1178e-006
25034,1.9161e-005
25035,1.8297e-005
25036,1.8682e-005
25037,1.5935e-005
25038,1.6288e-005
25039,2.0742e-005
25040,4.3202e-006
25041,3.0046e-006
25042,3.2193e-006
25043,4.2581e-006
25044,4.0197e-006
25045,3.5297e-006
25046,3.6148e-006
25047,4.6288e-006
25048,2.8122e-006
25049,3.6746e-006
25050,4.7968e-006
25051,5.041e-006
25052,4.3815e-006
25053,4.4696e-006
25054,4.1181e-006
25055,4.3608e-006
25056,4.4653e-006
25057,4.6061e-006
25058,4.1148e-006
25059,4.1858e-006
25060,3.6674e-006
25061,3.7736e-006
25062,3.3575e-006
25063,4.1976e-006
25064,3.5409e-006
25065,1.1561e-006
25066,7.4162e-007
25067,6.9201e-007
25068,9.0024e-007
25069,1.1181e-006
25070,7.959e-007
25071,1.0408e-006
25072,4.3561e-006
25073,3.8079e-006
25074,4.0909e-006
25075,1.1497e-005
25076,1.0137e-005
25077,9.088e-006
25078,1.1532e-005
25079,3.5335e-006
25080,3.5855e-006
25081,4.1352e-006
25082,3.5703e-006
25083,4.0042e-006
25084,3.4927e-006
25085,2.9201e-006
25086,2.9565e-006
25087,3.0051e-006
25088,2.222e-006
25089,2.4941e-006
25090,2.5342e-006
25091,2.3972e-006
25092,2.9596e-006
25093,2.9706e-006
25094,2.9782e-006
25095,2.3575e-006
25096,2.0789e-006
25097,2.5912e-006
25098,4.3842e-006
25099,4.4593e-006
25100,4.4741e-006
25101,4.6713e-006
25102,4.6834e-005
25103,5.2622e-005
25104,4.6944e-005
25105,5.1444e-005
25106,4.9076e-005
25107,4.353e-005
25108,4.0545e-005
25109,4.335e-005
25110,4.5756e-005
25111,4.1196e-006
25112,3.5332e-006
25113,3.6974e-006
25114,3.8851e-006
25115,3.5531e-006
25116,4.0769e-006
25117,3.5941e-006
25118,4.0729e-006
25119,3.6065e-006
25120,3.1988e-006
25121,2.3809e-006
25122,2.6598e-006
25123,3.1411e-006
25124,3.6135e-006
25125,9.7931e-006
25126,1.0889e-005
25127,1.0661e-005
25128,1.0811e-005
25129,1.2703e-005
25130,9.8628e-006
25131,1.019e-005
25132,1.0384e-005
25133,1.0799e-005
25134,1.2823e-005
25135,5.706e-006
25136,5.7499e-006
25137,4.869e-006
25138,6.6809e-006
25139,4.8871e-006
25140,5.2093e-006
25141,4.5817e-006
25142,4.1583e-006
25143,4.0621e-006
25144,4.5136e-006
25145,4.6582e-006
25146,5.3545e-006
25147,4.3126e-006
25148,4.0472e-006
25149,4.7185e-006
25150,4.7936e-006
25151,4.8226e-006
25152,5.7289e-006
25153,5.975e-006
25154,5.3284e-006
25155,6.6702e-006
25156,5.3689e-006
25157,6.0115e-006
25158,4.6487e-006
25159,4.8119e-006
25160,5.5023e-006
25161,5.6888e-006
25162,5.3072e-006
25163,4.8032e-006
25164,5.1359e-006
25165,6.2804e-006
25166,6.4882e-006
25167,7.3443e-006
25168,7.2973e-006
25169,7.2178e-006
25170,4.4467e-006
25171,3.8824e-006
25172,4.3303e-006
25173,3.2329e-006
25174,3.5334e-006
25175,4.2973e-006
25176,3.5693e-006
25177,2.5201e-006
25178,3.0563e-006
25179,2.9715e-006
25180,3.1785e-006
25181,2.745e-006
25182,5.0422e-006
25183,5.6873e-006
25184,4.4366e-006
25185,4.8991e-006
25186,5.4128e-006
25187,5.1701e-006
25188,4.8675e-006
25189,3.6234e-006
25190,3.6652e-006
25191,3.3419e-006
25192,4.0831e-006
25193,4.1193e-006
25194,4.146e-006
25195,3.4133e-006
25196,4.0491e-006
25197,3.7321e-006
25198,7.8687e-006
25199,7.1547e-006
25200,1.056e-005
25201,8.6413e-006
25202,9.9874e-006
25203,9.5715e-006
25204,2.8542e-006
25205,2.9194e-006
25206,3.0751e-006
25207,2.6956e-006
25208,2.4654e-006
25209,2.8836e-006
25210,8.9753e-006
25211,9.7185e-006
25212,8.1188e-006
25213,8.8895e-006
25214,8.9862e-006
25215,1.0804e-005
25216,9.6914e-006
25217,9.9086e-006
25218,8.1538e-006
25219,8.3255e-006
25220,9.6032e-006
25221,9.09e-006
25222,8.3462e-006
25223,7.4094e-006
25224,8.0377e-006
25225,6.7632e-006
25226,8.4276e-006
25227,6.7114e-006
25228,5.7838e-006
25229,6.0266e-006
25230,7.4003e-006
25231,6.5694e-006
25232,5.8345e-006
25233,5.7396e-006
25234,5.3145e-006
25235,5.3233e-006
25236,5.5584e-006
25237,4.7255e-006
25238,4.8181e-006
25239,5.0427e-006
25240,4.6331e-006
25241,4.2488e-006
25242,4.6491e-006
25243,6.6075e-006
25244,5.9702e-006
25245,5.7164e-006
25246,7.4236e-006
25247,5.5459e-006
25248,5.063e-006
25249,5.8997e-006
25250,5.6581e-006
25251,6.9758e-006
25252,6.1116e-006
25253,7.897e-006
25254,6.1989e-006
25255,7.0894e-006
25256,7.0433e-006
25257,7.2571e-006
25258,7.6586e-006
25259,6.2524e-006
25260,5.7935e-006
25261,5.7922e-006
25262,6.4069e-006
25263,7.2795e-006
25264,6.369e-006
25265,5.7956e-006
25266,7.2085e-006
25267,7.8841e-006
25268,6.9519e-006
25269,6.5785e-006
25270,7.1781e-006
25271,6.3319e-006
25272,6.5052e-006
25273,9.4635e-006
25274,7.9468e-006
25275,8.6696e-006
25276,1.2036e-005
25277,1.1321e-005
25278,1.1547e-005
25279,1.3677e-005
25280,1.5277e-005
25281,1.123e-005
25282,1.2027e-005
25283,6.4619e-006
25284,6.7937e-006
25285,7.3473e-006
25286,4.7619e-006
25287,4.1433e-006
25288,4.6362e-006
25289,4.3885e-006
25290,2.9684e-006
25291,2.8691e-006
25292,2.4619e-006
25293,3.0365e-006
25294,2.3832e-006
25295,2.8007e-006
25296,4.5647e-006
25297,5.2327e-006
25298,4.5885e-006
25299,5.1236e-006
25300,4.3493e-006
25301,4.1518e-006
25302,4.1772e-006
25303,4.2862e-006
25304,3.4635e-006
25305,3.7545e-006
25306,3.8898e-006
25307,5.259e-006
25308,4.6384e-006
25309,4.1782e-006
25310,4.1868e-006
25311,4.7158e-006
25312,5.3404e-006
25313,4.7617e-006
25314,4.4977e-006
25315,5.665e-006
25316,4.7793e-006
25317,4.8931e-006
25318,4.1325e-006
25319,3.4309e-006
25320,3.5664e-006
25321,4.0413e-006
25322,4.1694e-006
25323,3.0775e-006
25324,3.9694e-006
25325,3.7498e-006
25326,3.3552e-006
25327,3.9414e-006
25328,5.9449e-006
25329,5.359e-006
25330,6.0983e-006
25331,5.9494e-006
25332,5.196e-006
25333,5.1756e-006
25334,3.898e-006
25335,3.4426e-006
25336,4.3268e-006
25337,4.0108e-006
25338,3.7735e-006
25339,4.1988e-006
25340,3.7176e-006
25341,4.2015e-006
25342,3.4432e-006
25343,3.148e-006
25344,3.8311e-006
25345,4.1917e-006
25346,3.7268e-006
25347,3.3054e-006
25348,4.0695e-006
25349,5.2795e-006
25350,6.0171e-006
25351,5.702e-006
25352,5.2797e-006
25353,6.0904e-006
25354,5.9544e-006
25355,5.444e-006
25356,6.4638e-006
25357,5.3259e-006
25358,7.2683e-006
25359,5.5278e-006
25360,8.3139e-006
25361,7.9985e-006
25362,7.7231e-006
25363,7.9994e-006
25364,9.5732e-006
25365,7.7085e-006
25366,9.3315e-006
25367,7.9294e-006
25368,9.3572e-006
25369,8.4399e-006
25370,7.7669e-006
25371,8.439e-006
25372,7.7772e-006
25373,7.4953e-006
25374,7.4319e-006
25375,9.1183e-006
25376,8.6213e-006
25377,7.1171e-006
25378,4.8442e-006
25379,4.8422e-006
25380,4.6118e-006
25381,4.4083e-006
25382,4.901e-006
25383,5.4754e-006
25384,4.7387e-006
25385,4.3095e-006
25386,5.4322e-006
25387,7.1481e-006
25388,5.7283e-006
25389,6.4789e-006
25390,5.7729e-006
25391,4.0776e-006
25392,3.686e-006
25393,4.1718e-006
25394,3.7492e-006
25395,3.6403e-006
25396,4.1304e-006
25397,4.2239e-006
25398,3.207e-006
25399,3.5423e-006
25400,3.8339e-006
25401,4.2238e-006
25402,4.3618e-006
25403,3.8176e-006
25404,4.2225e-006
25405,5.1959e-006
25406,5.8339e-006
25407,5.4237e-006
25408,5.9625e-006
25409,6.1121e-006
25410,5.2276e-006
25411,5.6086e-006
25412,4.819e-006
25413,4.7452e-006
25414,5.232e-006
25415,4.2779e-006
25416,3.7088e-006
25417,4.399e-006
25418,4.3857e-006
25419,4.9957e-006
25420,4.8138e-006
25421,4.0088e-006
25422,4.4336e-006
25423,3.7496e-006
25424,4.4542e-006
25425,3.5664e-006
25426,3.8477e-006
25427,3.9929e-006
25428,3.5381e-006
25429,3.0173e-006
25430,3.5312e-006
25431,2.8221e-006
25432,3.227e-006
25433,4.1089e-006
25434,4.7065e-006
25435,4.6737e-006
25436,5.786e-006
25437,6.2868e-006
25438,5.2717e-006
25439,4.8972e-006
25440,5.6192e-006
25441,4.919e-006
25442,4.9074e-006
25443,4.7417e-006
25444,5.1086e-006
25445,6.7758e-006
25446,5.7082e-006
25447,6.4761e-006
25448,4.3243e-006
25449,3.695e-006
25450,3.9414e-006
25451,4.3244e-006
25452,4.6507e-006
25453,3.8871e-006
25454,4.1042e-006
25455,7.012e-006
25456,8.6178e-006
25457,6.8491e-006
25458,6.2735e-006
25459,8.8909e-006
25460,9.0288e-006
25461,6.9716e-006
25462,5.0932e-006
25463,5.225e-006
25464,5.7253e-006
25465,5.1946e-006
25466,3.8611e-006
25467,4.1403e-006
25468,4.4401e-006
25469,3.7343e-006
25470,4.9594e-006
25471,4.5331e-006
25472,4.7734e-006
25473,5.2202e-006
25474,4.2088e-006
25475,8.1952e-006
25476,5.0589e-006
25477,7.1425e-006
25478,5.1454e-006
25479,7.3615e-006
25480,5.7797e-006
25481,7.7371e-006
25482,5.5569e-006
25483,4.6257e-006
25484,4.7247e-006
25485,6.0428e-006
25486,1.3122e-005
25487,1.0995e-005
25488,9.6353e-006
25489,9.6777e-006
25490,1.0251e-005
25491,1.2266e-005
25492,8.4871e-006
25493,4.1991e-006
25494,5.008e-006
25495,4.9491e-006
25496,4.2734e-006
25497,4.1543e-006
25498,4.3774e-006
25499,4.838e-006
25500,4.6049e-006
25501,4.8011e-006
25502,3.5874e-006
25503,3.2037e-006
25504,3.5176e-006
25505,3.2259e-006
25506,2.7754e-006
25507,3.7252e-006
25508,3.0805e-006
25509,3.5391e-006
25510,2.3513e-006
25511,3.7326e-006
25512,2.6512e-006
25513,4.2268e-006
25514,3.1083e-006
25515,3.4981e-006
25516,4.4787e-006
25517,3.3825e-006
25518,3.985e-006
25519,3.4246e-006
25520,3.8862e-006
25521,3.7661e-006
25522,4.9355e-006
25523,4.6038e-006
25524,4.9657e-006
25525,4.367e-006
25526,4.943e-006
25527,6.2308e-006
25528,6.6397e-006
25529,7.2537e-006
25530,7.0458e-006
25531,5.8734e-006
25532,9.3704e-006
25533,8.1093e-006
25534,8.751e-006
25535,6.7055e-006
25536,6.0842e-006
25537,6.1265e-006
25538,5.9497e-006
25539,4.9034e-006
25540,4.5101e-006
25541,4.859e-006
25542,4.9839e-006
25543,4.7075e-006
25544,5.2151e-006
25545,5.167e-006
25546,4.3077e-006
25547,4.1006e-006
25548,4.1339e-006
25549,4.5192e-006
25550,4.3639e-006
25551,4.0523e-006
25552,4.6948e-006
25553,7.2447e-006
25554,5.8246e-006
25555,4.955e-006
25556,5.9786e-006
25557,5.9152e-006
25558,5.4073e-006
25559,4.1707e-006
25560,4.3724e-006
25561,3.6501e-006
25562,2.9118e-006
25563,4.1766e-006
25564,3.1596e-006
25565,2.6512e-006
25566,2.4832e-006
25567,2.8459e-006
25568,2.2793e-006
25569,2.236e-006
25570,3.6443e-006
25571,3.4879e-006
25572,3.3332e-006
25573,2.2819e-006
25574,2.8975e-006
25575,3.0675e-006
25576,2.7026e-006
25577,3.087e-006
25578,2.2283e-006
25579,2.6136e-006
25580,3.0118e-006
25581,5.7141e-006
25582,9.009e-006
25583,6.5865e-006
25584,6.5386e-006
25585,5.5041e-006
25586,6.3059e-006
25587,5.7233e-006
25588,8.5324e-006
25589,7.8343e-006
25590,6.8191e-006
25591,3.9415e-006
25592,5.8185e-006
25593,4.701e-006
25594,4.7555e-006
25595,4.8079e-006
25596,3.9755e-006
25597,4.8349e-006
25598,5.5828e-006
25599,4.2339e-006
25600,6.1008e-006
25601,5.3558e-006
25602,5.2643e-006
25603,4.7385e-006
25604,3.9539e-006
25605,4.0363e-006
25606,4.5257e-006
25607,3.6466e-006
25608,4.3637e-006
25609,4.9899e-006
25610,4.498e-006
25611,4.9111e-006
25612,4.1251e-006
25613,3.5191e-006
25614,4.4365e-006
25615,4.5656e-006
25616,4.8572e-006
25617,3.7046e-006
25618,4.4959e-006
25619,4.4137e-006
25620,5.4074e-006
25621,6.1723e-006
25622,5.895e-006
25623,4.9973e-006
25624,5.5447e-006
25625,5.0315e-006
25626,5.6792e-006
25627,4.7939e-006
25628,4.9396e-006
25629,4.9215e-006
25630,5.4734e-006
25631,4.7367e-006
25632,6.4762e-006
25633,5.3819e-006
25634,6.4462e-006
25635,6.2574e-006
25636,5.3568e-006
25637,6.6858e-006
25638,5.7615e-006
25639,6.1246e-006
25640,5.7858e-006
25641,5.4393e-006
25642,5.6631e-006
25643,5.8336e-006
25644,4.9679e-006
25645,5.3587e-006
25646,3.8118e-006
25647,3.4372e-006
25648,3.3091e-006
25649,3.2343e-006
25650,3.8376e-006
25651,2.895e-006
25652,3.3302e-006
25653,4.2997e-006
25654,4.2923e-006
25655,3.7379e-006
25656,3.6033e-006
25657,4.5573e-006
25658,4.0996e-006
25659,4.1131e-006
25660,3.9062e-006
25661,4.2307e-006
25662,4.8637e-006
25663,4.8094e-006
25664,4.4305e-006
25665,3.8566e-006
25666,4.3837e-006
25667,4.0296e-006
25668,2.925e-006
25669,2.6289e-006
25670,2.5072e-006
25671,2.8915e-006
25672,2.7823e-006
25673,2.4703e-006
25674,1.829e-006
25675,1.8957e-006
25676,1.4856e-006
25677,2.3751e-006
25678,2.0092e-006
25679,2.5742e-006
25680,4.1327e-006
25681,5.6374e-006
25682,4.9516e-006
25683,4.5141e-006
25684,4.1626e-006
25685,5.229e-006
25686,4.5532e-006
25687,4.7097e-006
25688,4.8875e-006
25689,3.9055e-006
25690,3.411e-006
25691,3.2674e-006
25692,3.1094e-006
25693,3.6188e-006
25694,3.9474e-006
25695,4.0483e-006
25696,3.0566e-006
25697,3.3831e-006
25698,5.5797e-006
25699,6.2792e-006
25700,5.6163e-006
25701,8.7283e-006
25702,7.0723e-006
25703,7.3112e-006
25704,6.2349e-006
25705,9.186e-006
25706,5.4385e-006
25707,9.3141e-006
25708,6.3121e-006
25709,7.0959e-006
25710,9.2422e-006
25711,9.6113e-006
25712,6.834e-006
25713,7.4176e-006
25714,5.6899e-006
25715,5.0358e-006
25716,5.4574e-006
25717,5.2174e-006
25718,5.0823e-006
25719,4.8779e-006
25720,4.9864e-006
25721,4.4528e-006
25722,4.6351e-006
25723,4.7111e-006
25724,4.5599e-006
25725,5.9458e-006
25726,5.7169e-006
25727,5.207e-006
25728,6.0066e-006
25729,6.6712e-006
25730,7.0817e-006
25731,4.3185e-006
25732,4.3454e-006
25733,5.188e-006
25734,5.4758e-006
25735,4.7985e-006
25736,5.0504e-006
25737,4.5576e-006
25738,4.2243e-006
25739,5.3084e-006
25740,4.1824e-006
25741,4.5619e-006
25742,4.3201e-006
25743,4.5133e-006
25744,4.0061e-006
25745,5.3596e-006
25746,4.6415e-006
25747,4.2314e-006
25748,5.091e-006
25749,5.0693e-006
25750,4.678e-006
25751,3.508e-006
25752,5.1624e-006
25753,6.1134e-006
25754,4.4836e-006
25755,4.0439e-006
25756,4.024e-006
25757,3.9994e-006
25758,4.349e-006
25759,3.9767e-006
25760,3.6705e-006
25761,3.8688e-006
25762,3.8295e-006
25763,8.1275e-006
25764,6.8843e-006
25765,7.4321e-006
25766,6.5326e-006
25767,7.8342e-006
25768,8.1253e-006
25769,9.5459e-006
25770,8.9459e-006
25771,9.9913e-006
25772,7.2504e-006
25773,7.5911e-006
25774,7.2287e-006
25775,7.1579e-006
25776,8.8656e-006
25777,6.7889e-006
25778,6.9052e-006
25779,7.547e-006
25780,7.0994e-006
25781,6.5502e-006
25782,6.4077e-006
25783,7.2154e-006
25784,6.868e-006
25785,6.5529e-006
25786,7.2049e-006
25787,6.779e-006
25788,6.9702e-006
25789,7.2143e-006
25790,9.0518e-006
25791,6.8558e-006
25792,6.7556e-006
25793,7.2686e-006
25794,7.0149e-006
25795,7.457e-006
25796,6.9736e-006
25797,9.2389e-006
25798,8.0002e-006
25799,7.1637e-006
25800,7.1676e-006
25801,8.4165e-006
25802,5.5915e-006
25803,6.4808e-006
25804,4.5414e-006
25805,5.5978e-006
25806,5.63e-006
25807,5.0628e-006
25808,5.6886e-006
25809,4.8544e-006
25810,4.8437e-006
25811,6.3176e-006
25812,5.7009e-006
25813,5.008e-006
25814,6.5995e-006
25815,6.1088e-006
25816,4.8142e-006
25817,5.0243e-006
25818,5.2478e-006
25819,5.1592e-006
25820,5.2207e-006
25821,6.7896e-006
25822,5.7519e-006
25823,5.263e-006
25824,5.9728e-006
25825,5.3322e-006
25826,5.0153e-006
25827,7.0488e-006
25828,8.6207e-006
25829,8.063e-006
25830,1.1159e-005
25831,8.9692e-006
25832,5.4917e-006
25833,5.1973e-006
25834,4.772e-006
25835,4.8152e-006
25836,4.6686e-006
25837,4.1259e-006
25838,4.4872e-006
25839,4.6883e-006
25840,4.5316e-006
25841,5.9247e-006
25842,7.0374e-006
25843,7.1524e-006
25844,6.1108e-006
25845,5.4679e-006
25846,5.3382e-006
25847,5.8259e-006
25848,7.5373e-006
25849,2.7242e-006
25850,3.5332e-006
25851,2.6186e-006
25852,3.3004e-006
25853,3.2487e-006
25854,2.9145e-006
25855,2.7303e-006
25856,3.1849e-006
25857,3.1626e-006
25858,2.3832e-006
25859,2.6622e-006
25860,3.0778e-006
25861,2.2249e-006
25862,2.9576e-006
25863,2.6521e-006
25864,2.5371e-006
25865,2.6884e-006
25866,2.139e-006
25867,3.881e-006
25868,3.8243e-006
25869,4.2421e-006
25870,3.6497e-006
25871,3.9591e-006
25872,3.3466e-006
25873,4.0089e-006
25874,4.4427e-006
25875,5.3511e-006
25876,5.3018e-006
25877,4.8659e-006
25878,4.1795e-006
25879,4.669e-006
25880,5.0329e-006
25881,4.4426e-006
25882,4.6783e-006
25883,3.904e-006
25884,4.4874e-006
25885,3.8715e-006
25886,3.7214e-006
25887,4.097e-006
25888,3.6626e-006
25889,2.7585e-006
25890,3.3869e-006
25891,3.3882e-006
25892,2.274e-006
25893,2.78e-006
25894,3.0291e-006
25895,3.2315e-006
25896,2.7067e-006
25897,2.8815e-006
25898,3.2829e-006
25899,3.0846e-006
25900,3.7344e-006
25901,3.8212e-006
25902,3.1511e-006
25903,3.1376e-006
25904,3.4414e-006
25905,2.9737e-006
25906,3.7065e-006
25907,2.5056e-006
25908,4.449e-006
25909,4.6557e-006
25910,4.003e-006
25911,3.9948e-006
25912,4.7154e-006
25913,4.3602e-006
25914,4.9091e-006
25915,5.5149e-006
25916,4.8993e-006
25917,5.1235e-006
25918,4.3731e-006
25919,4.131e-006
25920,4.8875e-006
25921,4.3398e-006
25922,4.5108e-006
25923,3.2136e-006
25924,3.0159e-006
25925,1.9772e-006
25926,2.7201e-006
25927,2.9349e-006
25928,2.5548e-006
25929,1.5156e-006
25930,2.1873e-006
25931,2.0508e-006
25932,3.1147e-006
25933,1.7905e-006
25934,3.4927e-006
25935,3.9262e-006
25936,4.3537e-006
25937,4.3711e-006
25938,3.9079e-006
25939,3.9883e-006
25940,3.8791e-006
25941,4.1362e-006
25942,3.8086e-006
25943,5.1082e-006
25944,4.6075e-006
25945,5.25e-006
25946,4.355e-006
25947,4.4395e-006
25948,2.9583e-006
25949,3.9509e-006
25950,3.1136e-006
25951,3.7514e-006
25952,3.64e-006
25953,3.4463e-006
25954,3.4354e-006
25955,4.1822e-006
25956,3.5007e-006
25957,3.5617e-006
25958,4.2168e-006
25959,4.0037e-006
25960,4.435e-006
25961,4.636e-006
25962,4.1673e-006
25963,3.8776e-006
25964,4.2494e-006
25965,4.5352e-006
25966,4.7632e-006
25967,3.9753e-006
25968,5.0832e-006
25969,4.3123e-006
25970,4.1226e-006
25971,4.377e-006
25972,2.8838e-006
25973,3.0146e-006
25974,3.1995e-006
25975,2.3162e-006
25976,2.4372e-006
25977,2.8666e-006
25978,3.3278e-006
25979,2.8777e-006
25980,2.7685e-006
25981,2.2597e-006
25982,2.3091e-006
25983,2.4056e-006
25984,2.8139e-006
25985,5.049e-006
25986,4.812e-006
25987,4.5272e-006
25988,3.6347e-006
25989,3.4464e-006
25990,3.9046e-006
25991,4.1804e-006
25992,3.8618e-006
25993,3.5099e-006
25994,3.3507e-006
25995,3.9442e-006
25996,6.2577e-006
25997,7.1026e-006
25998,5.144e-006
25999,5.9765e-006
26000,5.8338e-006
26001,5.0701e-006
26002,5.0279e-006
26003,6.7999e-006
26004,5.9061e-006
26005,6.3773e-006
26006,7.6669e-006
26007,5.3982e-006
26008,6.2789e-006
26009,6.8925e-006
26010,7.3069e-006
26011,7.1346e-006
26012,5.9456e-006
26013,1.1115e-005
26014,1.4858e-005
26015,1.0052e-005
26016,1.0234e-005
26017,1.0857e-005
26018,1.0288e-005
26019,9.7745e-006
26020,1.31e-005
26021,1.2535e-005
26022,8.6695e-006
26023,9.3866e-006
26024,1.0189e-005
26025,8.722e-006
26026,1.0999e-005
26027,8.4805e-006
26028,8.8948e-006
26029,1.03e-005
26030,9.8196e-006
26031,1.655e-005
26032,1.3253e-005
26033,1.6675e-005
26034,1.7072e-005
26035,1.5731e-005
26036,1.7174e-005
26037,1.9199e-005
26038,1.6419e-005
26039,2.145e-005
26040,1.8857e-005
26041,6.1549e-006
26042,7.3502e-006
26043,7.8749e-006
26044,7.2752e-006
26045,6.4148e-006
26046,6.6061e-006
26047,7.0659e-006
26048,7.4211e-006
26049,6.2084e-006
26050,5.5975e-006
26051,6.0387e-006
26052,5.9474e-006
26053,6.1435e-006
26054,6.6265e-006
26055,7.956e-006
26056,9.3636e-006
26057,7.9903e-006
26058,6.6067e-006
26059,6.3168e-006
26060,6.1118e-006
26061,7.7226e-006
26062,6.3921e-006
26063,5.3493e-006
26064,4.8884e-006
26065,5.4421e-006
26066,5.4059e-006
26067,5.3e-006
26068,6.7404e-006
26069,5.1247e-006
26070,4.9288e-006
26071,4.6976e-006
26072,5.4524e-006
26073,4.9926e-006
26074,4.603e-006
26075,6.1691e-006
26076,4.5671e-006
26077,4.9882e-006
26078,9.5396e-006
26079,7.0787e-006
26080,7.9666e-006
26081,8.3147e-006
26082,1.0912e-005
26083,4.435e-006
26084,4.3892e-006
26085,4.5585e-006
26086,4.8351e-006
26087,5.4706e-006
26088,5.6291e-006
26089,4.652e-006
26090,4.765e-006
26091,4.7829e-006
26092,4.288e-006
26093,5.2918e-006
26094,5.9589e-006
26095,5.4902e-006
26096,4.6648e-006
26097,4.5954e-006
26098,6.0546e-006
26099,7.7278e-006
26100,7.6592e-006
26101,6.4105e-006
26102,6.18e-006
26103,7.8504e-006
26104,6.1058e-006
26105,7.8845e-006
26106,5.3693e-006
26107,4.8757e-006
26108,4.7891e-006
26109,4.553e-006
26110,5.5147e-006
26111,5.309e-006
26112,5.1664e-006
26113,5.2444e-006
26114,4.8967e-006
26115,4.8571e-006
26116,5.328e-006
26117,7.5576e-006
26118,1.0987e-005
26119,6.8353e-006
26120,7.2595e-006
26121,1.0798e-005
26122,9.1258e-006
26123,7.6221e-006
26124,8.609e-006
26125,8.6242e-006
26126,1.0397e-005
26127,7.0196e-006
26128,7.2351e-006
26129,8.5441e-006
26130,8.5499e-006
26131,7.3571e-006
26132,6.7327e-006
26133,8.2366e-006
26134,6.5717e-006
26135,7.5342e-006
26136,3.0617e-006
26137,3.3594e-006
26138,3.3596e-006
26139,2.9596e-006
26140,2.6791e-006
26141,2.3939e-006
26142,2.8296e-006
26143,2.4727e-006
26144,3.1274e-006
26145,2.2341e-006
26146,2.848e-006
26147,1.738e-006
26148,1.9853e-006
26149,1.7267e-006
26150,1.7222e-006
26151,1.5425e-006
26152,1.1479e-006
26153,1.4047e-006
26154,1.2907e-006
26155,1.755e-006
26156,1.0538e-005
26157,1.186e-005
26158,1.4585e-005
26159,1.2448e-005
26160,1.2346e-005
26161,1.1508e-005
26162,1.4231e-005
26163,3.1399e-006
26164,3.848e-006
26165,3.8011e-006
26166,3.7249e-006
26167,3.5077e-006
26168,3.0108e-006
26169,4.4448e-006
26170,5.462e-006
26171,4.8251e-006
26172,5.1825e-006
26173,4.9104e-006
26174,6.2575e-006
26175,5.5295e-006
26176,7.0206e-006
26177,6.8335e-006
26178,3.7721e-006
26179,3.2138e-006
26180,4.2171e-006
26181,3.4656e-006
26182,3.5325e-006
26183,4.303e-006
26184,1.6678e-006
26185,1.931e-006
26186,2.3534e-006
26187,2.2482e-006
26188,2.0399e-006
26189,1.6086e-006
26190,1.4787e-006
26191,1.4899e-006
26192,5.9629e-006
26193,6.7245e-006
26194,6.2629e-006
26195,5.0443e-006
26196,6.67e-006
26197,5.5738e-006
26198,5.3894e-006
26199,4.811e-006
26200,6.3338e-006
26201,5.254e-006
26202,6.9446e-006
26203,5.7486e-006
26204,5.6854e-006
26205,5.2082e-006
26206,6.9643e-006
26207,6.7793e-006
26208,6.5501e-006
26209,6.0547e-006
26210,7.7941e-006
26211,7.7482e-006
26212,9.0111e-006
26213,7.6455e-006
26214,7.327e-006
26215,5.2886e-006
26216,4.8554e-006
26217,5.5382e-006
26218,4.8015e-006
26219,5.8541e-006
26220,6.5243e-006
26221,5.1315e-006
26222,5.0994e-006
26223,6.6252e-006
26224,5.2495e-006
26225,5.0789e-006
26226,6.4379e-006
26227,5.2797e-006
26228,5.1985e-006
26229,6.0552e-006
26230,6.7428e-006
26231,5.8343e-006
26232,5.2417e-006
26233,5.318e-006
26234,5.3693e-006
26235,6.1274e-006
26236,3.8434e-006
26237,3.3317e-006
26238,3.6484e-006
26239,4.213e-006
26240,4.3418e-006
26241,3.4762e-006
26242,3.1426e-006
26243,6.3735e-006
26244,6.6842e-006
26245,5.3888e-006
26246,4.7654e-006
26247,5.0632e-006
26248,6.2946e-006
26249,5.2429e-006
26250,1.7652e-005
26251,1.253e-005
26252,1.4909e-005
26253,1.4262e-005
26254,1.5519e-005
26255,1.0467e-005
26256,1.04e-005
26257,1.2436e-005
26258,9.9043e-006
26259,1.0677e-005
26260,1.245e-005
26261,9.4995e-006
26262,4.1114e-006
26263,3.5738e-006
26264,4.1237e-006
26265,3.9517e-006
26266,4.2802e-006
26267,4.4017e-006
26268,3.3407e-006
26269,3.2575e-006
26270,2.6932e-006
26271,3.1829e-006
26272,2.7836e-006
26273,3.6547e-006
26274,3.3282e-006
26275,4.1958e-006
26276,4.624e-006
26277,3.796e-006
26278,4.1327e-006
26279,3.0687e-006
26280,2.8769e-006
26281,3.2048e-006
26282,3.389e-006
26283,2.4136e-006
26284,2.7715e-006
26285,2.6618e-006
26286,2.607e-006
26287,4.2918e-006
26288,2.8518e-006
26289,3.4038e-006
26290,3.6009e-006
26291,3.3839e-006
26292,3.1816e-006
26293,2.9135e-006
26294,2.7668e-006
26295,2.6531e-006
26296,3.1125e-006
26297,2.8546e-006
26298,2.6997e-006
26299,2.3651e-006
26300,2.4653e-006
26301,2.4212e-006
26302,2.81e-006
26303,1.9973e-006
26304,2.8402e-006
26305,3.2798e-006
26306,3.3796e-006
26307,2.8715e-006
26308,3.3217e-006
26309,1.7653e-006
26310,1.8918e-006
26311,2.0399e-006
26312,1.2777e-006
26313,1.9965e-006
26314,1.1258e-005
26315,1.2781e-005
26316,1.6102e-005
26317,1.4351e-005
26318,1.4407e-005
26319,1.253e-005
26320,3.6386e-006
26321,2.8529e-006
26322,3.1131e-006
26323,3.2581e-006
26324,4.1241e-006
26325,3.2016e-006
26326,3.2205e-006
26327,3.5972e-006
26328,3.9881e-006
26329,3.3802e-006
26330,3.6354e-006
26331,3.1458e-006
26332,4.6911e-006
26333,4.7738e-006
26334,5.6556e-006
26335,5.6281e-006
26336,7.6787e-006
26337,5.8226e-006
26338,6.8665e-006
26339,7.6696e-006
26340,6.146e-006
26341,7.409e-006
26342,5.7284e-006
26343,6.8708e-006
26344,8.0362e-006
26345,7.0112e-006
26346,7.2604e-006
26347,8.754e-006
26348,6.4312e-006
26349,8.32e-006
26350,6.5182e-006
26351,6.8861e-006
26352,6.4576e-006
26353,8.2639e-006
26354,1.0311e-005
26355,7.887e-006
26356,9.1506e-006
26357,8.7783e-006
26358,8.9541e-006
26359,4.6628e-006
26360,4.6e-006
26361,4.2913e-006
26362,4.8203e-006
26363,5.4272e-006
26364,5.0656e-006
26365,5.3739e-006
26366,1.969e-006
26367,2.1732e-006
26368,9.9898e-007
26369,1.2391e-006
26370,5.6863e-007
26371,1.6215e-006
26372,2.0441e-006
26373,1.2801e-006
26374,1.4653e-006
26375,1.7099e-006
26376,1.7008e-006
26377,2.4874e-006
26378,1.4399e-006
26379,1.4195e-006
26380,1.5969e-006
26381,1.9216e-006
26382,2.4306e-006
26383,2.7759e-006
26384,1.2278e-005
26385,1.4155e-005
26386,1.37e-005
26387,9.2538e-007
26388,6.7693e-007
26389,1.185e-006
26390,8.1801e-007
26391,1.0776e-006
26392,7.0088e-007
26393,9.5852e-007
26394,1.4856e-006
26395,1.0842e-006
26396,1.1009e-006
26397,1.3481e-006
26398,1.2447e-006
26399,8.0804e-007
26400,1.3659e-006
26401,8.0652e-007
26402,1.1047e-006
26403,6.9846e-007
26404,9.2389e-006
26405,1.0156e-005
26406,8.609e-006
26407,8.4302e-006
26408,1.0373e-005
26409,7.5196e-006
26410,6.3722e-006
26411,7.1873e-006
26412,2.3764e-006
26413,2.749e-006
26414,2.381e-006
26415,2.3204e-006
26416,1.9693e-006
26417,1.2234e-005
26418,1.1893e-005
26419,1.3104e-005
26420,1.4328e-005
26421,1.0543e-005
26422,1.0552e-005
26423,1.2638e-005
26424,1.6124e-005
26425,9.7308e-006
26426,8.1914e-006
26427,7.2823e-006
26428,7.7136e-006
26429,6.9619e-006
26430,7.2019e-006
26431,1.0977e-005
26432,9.4279e-006
26433,8.193e-006
26434,1.1594e-005
26435,1.1162e-005
26436,8.7375e-006
26437,1.2313e-005
26438,1.0508e-005
26439,1.324e-005
26440,1.2711e-005
26441,4.4061e-005
26442,4.6343e-005
26443,4.4542e-005
26444,3.8971e-005
26445,3.9715e-005
26446,4.7105e-005
26447,4.9002e-005
26448,4.9764e-005
26449,2.4277e-006
26450,2.8951e-006
26451,2.7256e-006
26452,2.755e-006
26453,2.2381e-006
26454,2.8062e-006
26455,2.332e-006
26456,1.5332e-006
26457,2.3771e-006
26458,2.3136e-006
26459,1.8392e-006
26460,2.1678e-006
26461,2.1081e-006
26462,2.5492e-006
26463,2.9303e-006
26464,4.4461e-006
26465,4.3227e-006
26466,3.7057e-006
26467,3.7768e-006
26468,4.3428e-006
26469,4.4845e-006
26470,3.8109e-006
26471,4.5008e-006
26472,8.753e-006
26473,7.9364e-006
26474,8.2551e-006
26475,7.7546e-006
26476,7.244e-006
26477,7.7474e-006
26478,7.2449e-006
26479,9.0724e-006
26480,9.3297e-006
26481,8.8051e-006
26482,1.1465e-005
26483,9.9006e-006
26484,1.0951e-005
26485,5.7112e-006
26486,7.3036e-006
26487,5.5856e-006
26488,7.0772e-006
26489,6.1234e-006
26490,6.7051e-006
26491,5.8612e-006
26492,6.5775e-006
26493,6.6244e-006
26494,5.5579e-006
26495,5.829e-006
26496,3.2947e-005
26497,3.2562e-005
26498,3.7793e-005
26499,3.6556e-005
26500,6.5444e-006
26501,6.9141e-006
26502,7.0807e-006
26503,6.6744e-006
26504,7.8091e-006
26505,4.8347e-006
26506,4.6672e-006
26507,5.7773e-006
26508,5.4497e-006
26509,4.8282e-006
26510,5.4263e-006
26511,4.5591e-006
26512,4.9519e-006
26513,5.1522e-006
26514,3.5608e-006
26515,4.6547e-006
26516,3.563e-006
26517,3.9319e-006
26518,3.918e-006
26519,4.7096e-006
26520,3.0644e-006
26521,4.629e-006
26522,2.9685e-006
26523,3.4622e-006
26524,3.9518e-006
26525,4.4462e-006
26526,3.6957e-006
26527,4.9542e-006
26528,4.538e-006
26529,5.2107e-006
26530,5.2276e-006
26531,4.2868e-006
26532,4.5898e-006
26533,6.1783e-006
26534,4.4288e-006
26535,3.6369e-006
26536,4.6954e-006
26537,5.3449e-006
26538,4.8267e-006
26539,5.1217e-006
26540,5.4349e-006
26541,4.8203e-006
26542,4.1464e-006
26543,5.7421e-006
26544,5.3108e-006
26545,3.6797e-006
26546,3.0474e-006
26547,2.9652e-006
26548,3.2671e-006
26549,3.2719e-006
26550,3.0426e-006
26551,2.3291e-006
26552,2.6375e-006
26553,3.3723e-006
26554,3.5677e-006
26555,3.941e-006
26556,4.4063e-006
26557,4.6322e-006
26558,3.8085e-006
26559,3.8366e-006
26560,4.4356e-006
26561,3.8349e-006
26562,4.8176e-006
26563,1.1412e-005
26564,9.6326e-006
26565,8.5854e-006
26566,7.4728e-006
26567,8.4698e-006
26568,1.1124e-005
26569,3.1475e-006
26570,2.4424e-006
26571,3.0093e-006
26572,2.8555e-006
26573,2.8732e-006
26574,2.5089e-006
26575,2.4263e-006
26576,2.4468e-006
26577,1.9846e-006
26578,4.44e-006
26579,4.7858e-006
26580,4.0328e-006
26581,5.3118e-006
26582,5.4877e-006
26583,4.56e-006
26584,4.6649e-006
26585,4.3639e-006
26586,4.1774e-006
26587,4.0934e-006
26588,4.0673e-006
26589,4.0222e-006
26590,3.2858e-006
26591,3.6777e-006
26592,3.4226e-006
26593,3.0325e-006
26594,4.121e-006
26595,4.2945e-006
26596,4.2194e-006
26597,5.5241e-006
26598,4.9301e-006
26599,3.4645e-006
26600,4.7279e-006
26601,3.5509e-006
26602,4.7111e-006
26603,3.4466e-006
26604,4.2516e-006
26605,5.0344e-006
26606,4.8508e-006
26607,4.0988e-006
26608,3.9824e-006
26609,4.1183e-006
26610,3.4948e-006
26611,5.5374e-006
26612,3.1005e-006
26613,4.8974e-006
26614,3.5468e-006
26615,5.3983e-006
26616,1.3125e-005
26617,1.2389e-005
26618,1.2226e-005
26619,1.4344e-005
26620,1.5442e-005
26621,1.2976e-005
26622,1.2576e-005
26623,1.4315e-005
26624,1.2324e-005
26625,1.4921e-005
26626,1.3583e-005
26627,1.6916e-005
26628,1.7992e-005
26629,8.5757e-006
26630,1.0333e-005
26631,8.7945e-006
26632,9.8848e-006
26633,8.4335e-006
26634,8.0217e-006
26635,9.914e-006
26636,9.5226e-006
26637,7.2385e-006
26638,6.0533e-006
26639,6.7567e-006
26640,6.4349e-006
26641,6.8693e-006
26642,5.6984e-006
26643,1.291e-005
26644,1.484e-005
26645,1.2346e-005
26646,1.5546e-005
26647,1.2051e-005
26648,1.4677e-005
26649,1.6469e-005
26650,1.5041e-005
26651,1.4723e-005
26652,1.039e-005
26653,8.8752e-006
26654,9.9088e-006
26655,8.3454e-006
26656,8.6089e-006
26657,8.2299e-006
26658,8.0056e-006
26659,1.146e-005
26660,1.388e-005
26661,1.3054e-005
26662,3.7779e-006
26663,4.0352e-006
26664,3.3304e-006
26665,3.6945e-006
26666,3.7674e-006
26667,3.1766e-006
26668,3.2917e-006
26669,3.3382e-006
26670,3.4812e-006
26671,4.2288e-006
26672,4.3542e-006
26673,4.2983e-006
26674,3.4372e-006
26675,4.1185e-006
26676,4.9314e-006
26677,4.3516e-006
26678,5.0597e-006
26679,4.2265e-006
26680,4.1799e-006
26681,3.5501e-006
26682,3.8647e-006
26683,4.1154e-006
26684,2.4277e-006
26685,2.6711e-006
26686,2.6704e-006
26687,2.9025e-006
26688,2.8746e-006
26689,1.847e-006
26690,2.687e-006
26691,2.0529e-006
26692,2.2016e-006
26693,1.5728e-006
26694,2.2741e-006
26695,3.1407e-006
26696,2.9851e-006
26697,2.67e-006
26698,5.4669e-006
26699,5.1564e-006
26700,6.2202e-006
26701,5.1889e-006
26702,4.83e-006
26703,5.4921e-006
26704,4.9574e-006
26705,4.569e-006
26706,6.0717e-006
26707,4.7228e-006
26708,5.3729e-006
26709,5.2453e-006
26710,5.4191e-006
26711,4.2938e-006
26712,4.4605e-006
26713,4.0476e-006
26714,4.5194e-006
26715,5.7412e-006
26716,3.596e-006
26717,6.8976e-006
26718,6.2303e-006
26719,3.805e-006
26720,4.9244e-006
26721,5.4325e-006
26722,9.7539e-006
26723,1.0729e-005
26724,8.3341e-006
26725,8.0493e-006
26726,1.0084e-005
26727,9.108e-006
26728,1.1042e-005
26729,9.8775e-006
26730,4.46e-006
26731,4.7952e-006
26732,5.3739e-006
26733,5.3296e-006
26734,4.5862e-006
26735,5.0736e-006
26736,4.874e-006
26737,8.97e-006
26738,7.9431e-006
26739,6.8763e-006
26740,6.314e-006
26741,6.6949e-006
26742,6.8085e-006
26743,8.2192e-006
26744,7.7673e-006
26745,8.5599e-006
26746,9.5293e-006
26747,9.249e-006
26748,1.027e-005
26749,9.4522e-006
26750,1.0662e-005
26751,1.1305e-005
26752,9.6104e-006
26753,6.138e-006
26754,7.9562e-006
26755,6.7033e-006
26756,8.0204e-006
26757,6.2595e-006
26758,9.0921e-006
26759,7.3024e-006
26760,9.8835e-006
26761,1.0291e-005
26762,1.2964e-005
26763,1.4369e-005
26764,1.1052e-005
26765,1.4516e-005
26766,6.029e-006
26767,5.398e-006
26768,5.3258e-006
26769,4.1607e-006
26770,4.7216e-006
26771,4.6257e-006
26772,4.9399e-006
26773,5.115e-006
26774,4.1662e-006
26775,4.3727e-006
26776,3.2151e-006
26777,3.042e-006
26778,3.6939e-006
26779,3.1239e-006
26780,3.1191e-006
26781,3.5459e-006
26782,2.6211e-006
26783,3.2254e-006
26784,3.0508e-006
26785,3.562e-006
26786,3.1537e-006
26787,2.832e-006
26788,2.9796e-006
26789,2.4473e-006
26790,2.6756e-006
26791,2.8311e-006
26792,4.0786e-006
26793,3.9047e-006
26794,3.4692e-006
26795,3.6736e-006
26796,4.2998e-006
26797,3.9771e-006
26798,4.4144e-006
26799,4.5901e-006
26800,5.0748e-006
26801,6.6999e-006
26802,5.9839e-006
26803,5.7398e-006
26804,3.8945e-006
26805,3.0096e-006
26806,3.1477e-006
26807,3.5728e-006
26808,3.4882e-006
26809,3.3868e-006
26810,2.7002e-006
26811,4.2716e-006
26812,5.1571e-006
26813,4.1135e-006
26814,4.5055e-006
26815,4.8933e-006
26816,4.2422e-006
26817,4.2008e-006
26818,4.3789e-006
26819,4.1943e-006
26820,4.754e-006
26821,3.9494e-006
26822,3.8291e-006
26823,2.8893e-006
26824,2.7328e-006
26825,3.1276e-006
26826,2.3526e-006
26827,2.1156e-006
26828,2.7931e-006
26829,2.7637e-006
26830,2.2839e-006
26831,3.6103e-006
26832,4.3944e-006
26833,3.6969e-006
26834,4.0149e-006
26835,3.847e-006
26836,7.7382e-006
26837,6.9425e-006
26838,5.7955e-006
26839,6.2371e-006
26840,5.8919e-006
26841,7.061e-006
26842,7.5769e-006
26843,6.9739e-006
26844,5.863e-006
26845,6.1506e-006
26846,4.0919e-006
26847,3.638e-006
26848,3.6131e-006
26849,3.8325e-006
26850,4.4938e-006
26851,4.5754e-006
26852,4.5379e-006
26853,4.207e-006
26854,3.7622e-006
26855,3.3917e-006
26856,3.96e-006
26857,3.5519e-006
26858,3.7413e-006
26859,4.1045e-006
26860,3.4997e-006
26861,3.1163e-006
26862,3.4711e-006
26863,3.9644e-006
26864,3.778e-006
26865,3.3456e-006
26866,2.8911e-006
26867,3.2462e-006
26868,2.71e-006
26869,2.5879e-006
26870,9.6632e-006
26871,8.3141e-006
26872,7.0815e-006
26873,6.9033e-006
26874,9.8355e-006
26875,8.1484e-006
26876,7.7955e-006
26877,7.0234e-006
26878,1.145e-005
26879,8.6635e-006
26880,1.1456e-005
26881,1.1684e-005
26882,9.692e-006
26883,9.7987e-006
26884,1.188e-005
26885,1.1157e-005
26886,1.3776e-005
26887,3.6716e-006
26888,4.2908e-006
26889,3.8472e-006
26890,4.6127e-006
26891,4.6771e-006
26892,4.1304e-006
26893,4.1837e-006
26894,2.8761e-006
26895,2.4619e-006
26896,3.0872e-006
26897,2.7241e-006
26898,2.8636e-006
26899,2.2305e-006
26900,2.4301e-006
26901,9.4679e-006
26902,8.6932e-006
26903,1.104e-005
26904,9.782e-006
26905,9.0102e-006
26906,8.7973e-006
26907,1.0658e-005
26908,7.9953e-006
26909,8.1426e-006
26910,7.9046e-006
26911,7.0208e-006
26912,8.7217e-006
26913,7.5125e-006
26914,9.5958e-006
26915,8.1794e-006
26916,7.3534e-006
26917,8.5412e-006
26918,8.277e-006
26919,1.0079e-005
26920,1.154e-005
26921,8.0336e-006
26922,7.0388e-006
26923,8.0267e-006
26924,8.9356e-006
26925,8.4443e-006
26926,8.2794e-006
26927,1.042e-005
26928,6.9466e-006
26929,8.0485e-006
26930,7.0566e-006
26931,9.7065e-006
26932,7.3499e-006
26933,4.3312e-006
26934,4.4387e-006
26935,4.318e-006
26936,3.9664e-006
26937,3.7144e-006
26938,4.8633e-006
26939,1.9954e-006
26940,2.4246e-006
26941,2.5014e-006
26942,2.0285e-006
26943,2.265e-006
26944,2.3932e-006
26945,4.1856e-006
26946,3.7859e-006
26947,3.7416e-006
26948,3.9006e-006
26949,4.2764e-006
26950,3.5758e-006
26951,3.9633e-006
26952,4.7225e-006
26953,3.907e-006
26954,4.0866e-006
26955,4.2583e-006
26956,3.04e-006
26957,2.5784e-006
26958,2.6302e-006
26959,2.6996e-006
26960,2.8314e-006
26961,2.6312e-006
26962,2.9737e-006
26963,2.4479e-006
26964,2.3871e-006
26965,6.0743e-006
26966,5.5686e-006
26967,4.9587e-006
26968,3.5265e-006
26969,4.0028e-006
26970,4.2999e-006
26971,3.9554e-006
26972,3.7329e-006
26973,4.0889e-006
26974,3.6847e-006
26975,4.3644e-006
26976,2.4919e-006
26977,1.8817e-006
26978,1.9096e-006
26979,2.2042e-006
26980,2.3723e-006
26981,3.2726e-006
26982,2.3784e-006
26983,2.8323e-006
26984,3.2277e-006
26985,4.2875e-006
26986,3.941e-006
26987,4.2465e-006
26988,4.396e-006
26989,4.8694e-006
26990,4.6927e-006
26991,2.2869e-006
26992,1.9604e-006
26993,1.7999e-006
26994,1.5662e-006
26995,2.2556e-006
26996,1.6307e-006
26997,2.0023e-006
26998,2.8501e-006
26999,3.2034e-006
27000,3.2044e-006
27001,3.1658e-006
27002,2.7169e-006
27003,3.2233e-006
27004,2.7915e-006
27005,3.1703e-006
27006,1.8951e-006
27007,2.4336e-006
27008,2.3872e-006
27009,2.9117e-006
27010,6.924e-006
27011,5.9274e-006
27012,8.0073e-006
27013,7.1114e-006
27014,7.0096e-006
27015,6.286e-006
27016,6.7597e-006
27017,8.4093e-006
27018,9.1803e-006
27019,8.6357e-006
27020,9.2766e-006
27021,8.7332e-006
27022,9.7465e-006
27023,1.1447e-005
27024,1.0389e-005
27025,9.8107e-006
27026,1.0969e-005
27027,9.4379e-006
27028,8.6891e-006
27029,6.0772e-006
27030,6.5479e-006
27031,5.8026e-006
27032,5.7288e-006
27033,6.928e-006
27034,5.638e-006
27035,6.1261e-006
27036,6.5253e-006
27037,5.6057e-006
27038,6.4642e-006
27039,6.0566e-006
27040,6.5465e-006
27041,6.0774e-006
27042,5.6543e-006
27043,7.3787e-006
27044,6.4513e-006
27045,5.4358e-006
27046,6.4812e-006
27047,5.6689e-006
27048,5.7026e-006
27049,5.5571e-006
27050,6.3489e-006
27051,5.4506e-006
27052,8.2748e-006
27053,6.6715e-006
27054,6.8929e-006
27055,7.2622e-006
27056,8.0689e-006
27057,1.1061e-005
27058,7.1429e-006
27059,7.3399e-006
27060,9.2888e-006
27061,7.4994e-006
27062,7.5044e-006
27063,6.6873e-006
27064,6.4409e-006
27065,5.9658e-006
27066,7.3134e-006
27067,8.5568e-006
27068,7.0473e-006
27069,1.005e-005
27070,8.2079e-006
27071,1.4769e-005
27072,1.1142e-005
27073,1.4668e-005
27074,1.2762e-005
27075,1.2843e-005
27076,1.0786e-005
27077,1.3738e-005
27078,1.0252e-005
27079,1.1281e-005
27080,1.3286e-005
27081,1.3961e-005
27082,9.9033e-006
27083,1.1523e-005
27084,1.4236e-005
27085,1.1899e-005
27086,1.09e-005
27087,1.4109e-005
27088,1.0964e-005
27089,1.5406e-005
27090,1.3575e-005
27091,1.6635e-005
27092,1.296e-005
27093,1.2737e-005
27094,1.0625e-005
27095,1.0569e-005
27096,1.1839e-005
27097,1.3499e-005
27098,1.4832e-005
27099,1.5568e-005
27100,1.4309e-005
27101,1.9603e-005
27102,1.96e-005
27103,2.6983e-005
27104,2.0466e-005
27105,2.1532e-005
27106,2.121e-005
27107,2.1666e-005
27108,1.8971e-005
27109,2.1697e-005
27110,2.2809e-005
27111,3.279e-005
27112,1.3296e-005
27113,1.3622e-005
27114,1.5089e-005
27115,1.6072e-005
27116,1.5424e-005
27117,6.957e-006
27118,6.8486e-006
27119,9.3661e-006
27120,7.5859e-006
27121,7.5222e-006
27122,8.0194e-006
27123,8.418e-006
27124,7.1997e-006
27125,5.5458e-006
27126,6.0953e-006
27127,5.8563e-006
27128,6.1638e-006
27129,5.252e-006
27130,9.4026e-006
27131,1.1117e-005
27132,8.1028e-006
27133,1.1953e-005
27134,1.2598e-005
27135,1.3244e-005
27136,1.0112e-005
27137,6.9932e-006
27138,9.581e-006
27139,3.9056e-006
27140,3.4692e-006
27141,3.0434e-006
27142,4.0235e-006
27143,2.7961e-006
27144,3.2062e-006
27145,3.2348e-006
27146,2.8216e-006
27147,3.8015e-006
27148,3.8361e-006
27149,3.6995e-006
27150,3.7016e-006
27151,3.6535e-006
27152,3.4594e-006
27153,3.1734e-006
27154,2.6556e-006
27155,3.9751e-006
27156,4.5529e-006
27157,4.3325e-006
27158,3.8978e-006
27159,4.5177e-006
27160,4.1288e-006
27161,3.334e-006
27162,4.0593e-006
27163,4.2838e-006
27164,3.9806e-006
27165,3.9549e-006
27166,3.4536e-006
27167,2.9146e-006
27168,3.1276e-006
27169,3.3285e-006
27170,2.3405e-006
27171,3.2715e-006
27172,3.6862e-006
27173,3.3208e-006
27174,2.9469e-006
27175,3.9657e-006
27176,3.3517e-006
27177,3.4632e-006
27178,4.2127e-006
27179,3.3882e-006
27180,3.6924e-006
27181,3.2831e-006
27182,3.6843e-006
27183,3.2727e-006
27184,4.1634e-006
27185,4.1452e-006
27186,3.4405e-006
27187,3.8802e-006
27188,3.1024e-006
27189,2.5672e-006
27190,2.1519e-006
27191,2.9997e-006
27192,3.1073e-006
27193,2.6276e-006
27194,2.4915e-006
27195,2.6007e-006
27196,3.1053e-006
27197,2.6595e-006
27198,3.2184e-006
27199,3.8026e-006
27200,2.9122e-006
27201,3.0707e-006
27202,4.4791e-006
27203,4.8647e-006
27204,4.3502e-006
27205,4.8928e-006
27206,3.8263e-006
27207,5.2175e-006
27208,2.9082e-006
27209,2.3715e-006
27210,3.0473e-006
27211,2.6643e-006
27212,2.2887e-006
27213,2.6975e-006
27214,2.6403e-006
27215,1.8124e-006
27216,2.1648e-006
27217,2.3131e-006
27218,3.3737e-006
27219,3.0281e-006
27220,2.5192e-006
27221,2.7704e-006
27222,4.0266e-006
27223,3.4129e-006
27224,3.3641e-006
27225,3.361e-006
27226,2.9891e-006
27227,4.639e-006
27228,4.2461e-006
27229,3.6652e-006
27230,4.6251e-006
27231,3.8577e-006
27232,5.1382e-006
27233,4.5586e-006
27234,3.107e-006
27235,4.7026e-006
27236,3.6797e-006
27237,7.8257e-006
27238,7.335e-006
27239,1.1706e-005
27240,8.4043e-006
27241,6.0383e-006
27242,6.3144e-006
27243,6.0291e-006
27244,7.0723e-006
27245,5.9828e-006
27246,6.7041e-006
27247,1.6822e-006
27248,7.7063e-007
27249,2.3438e-006
27250,1.6349e-006
27251,2.772e-006
27252,3.1457e-006
27253,3.1412e-006
27254,2.5113e-006
27255,2.7597e-006
27256,2.8699e-006
27257,3.2701e-006
27258,2.3671e-006
27259,2.2536e-006
27260,2.6103e-006
27261,2.6453e-006
27262,1.8323e-006
27263,7.0458e-006
27264,5.5164e-006
27265,8.4537e-006
27266,6.3262e-006
27267,6.0218e-006
27268,7.9441e-006
27269,6.3068e-006
27270,7.9642e-006
27271,5.4902e-006
27272,2.1422e-006
27273,1.977e-006
27274,1.8066e-006
27275,1.5166e-006
27276,1.879e-006
27277,9.9143e-007
27278,2.008e-006
27279,1.9875e-006
27280,1.7983e-006
27281,2.2573e-006
27282,2.1111e-006
27283,2.1623e-006
27284,1.7619e-006
27285,8.0758e-006
27286,7.1224e-006
27287,1.0134e-005
27288,7.8326e-006
27289,1.062e-005
27290,1.0278e-005
27291,7.1618e-006
27292,9.5654e-006
27293,1.4107e-005
27294,1.2459e-005
27295,1.2294e-005
27296,1.196e-005
27297,1.4226e-005
27298,1.2459e-005
27299,1.126e-005
27300,2.0407e-006
27301,2.6156e-006
27302,2.6991e-006
27303,2.1273e-006
27304,7.5129e-007
27305,5.435e-007
27306,3.8636e-007
27307,1.7398e-006
27308,1.2273e-006
27309,1.6309e-006
27310,1.057e-006
27311,1.6403e-005
27312,7.5546e-005
27313,6.0064e-005
27314,8.1118e-005
27315,1.0727e-005
27316,1.3669e-005
27317,1.1828e-005
27318,1.9511e-005
27319,2.3608e-005
27320,2.2387e-005
27321,2.0551e-005
27322,1.9715e-005
27323,2.4422e-005
27324,2.5112e-005
27325,5.7382e-005
27326,5.2632e-005
27327,5.4439e-005
27328,2.1755e-006
27329,1.8281e-006
27330,1.5499e-006
27331,1.8947e-006
27332,2.2454e-006
27333,1.4857e-006
27334,3.6882e-006
27335,3.0376e-006
27336,3.7147e-006
27337,4.1481e-006
27338,3.6117e-006
27339,2.9155e-006
27340,3.1512e-006
27341,2.6097e-006
27342,3.0179e-006
27343,3.0285e-006
27344,3.4147e-006
27345,2.2379e-006
27346,1.7582e-006
27347,6.6491e-006
27348,4.8323e-006
27349,5.7954e-006
27350,6.3747e-006
27351,5.0465e-006
27352,6.1786e-006
27353,6.7522e-006
27354,5.7339e-006
27355,7.4372e-006
27356,5.5207e-006
27357,5.9917e-006
27358,6.546e-006
27359,7.1921e-006
27360,7.3658e-006
27361,8.2299e-006
27362,6.6532e-006
27363,8.9508e-006
27364,3.4887e-006
27365,2.8755e-006
27366,2.5922e-006
27367,2.7302e-006
27368,2.7199e-006
27369,2.2903e-006
27370,2.9481e-006
27371,3.3637e-006
27372,2.9098e-006
27373,2.2002e-006
27374,2.5725e-006
27375,2.5966e-006
27376,2.6539e-006
27377,2.4756e-006
27378,7.9485e-006
27379,6.0741e-006
27380,7.1905e-006
27381,7.9529e-006
27382,6.4171e-006
27383,8.1795e-006
27384,4.9252e-006
27385,3.8703e-006
27386,4.3447e-006
27387,4.679e-006
27388,3.7236e-006
27389,4.9217e-006
27390,3.5566e-006
27391,3.6775e-006
27392,4.2019e-006
27393,7.766e-006
27394,9.7214e-006
27395,9.1608e-006
27396,1.1671e-005
27397,1.3019e-005
27398,9.7472e-006
27399,1.1492e-005
27400,5.0463e-006
27401,5.665e-006
27402,5.8487e-006
27403,6.8503e-006
27404,5.0663e-006
27405,4.3224e-006
27406,5.9692e-006
27407,5.7045e-006
27408,4.8391e-006
27409,3.396e-006
27410,4.6502e-006
27411,4.1591e-006
27412,3.5797e-006
27413,4.0198e-006
27414,3.9921e-006
27415,5.3026e-006
27416,3.2516e-006
27417,4.0542e-006
27418,2.9666e-006
27419,3.2857e-006
27420,3.844e-006
27421,3.647e-006
27422,2.7818e-006
27423,3.7042e-006
27424,2.8307e-006
27425,3.9426e-006
27426,3.9783e-006
27427,4.0414e-006
27428,3.7812e-006
27429,3.9309e-006
27430,4.0606e-006
27431,3.2317e-006
27432,2.7346e-006
27433,3.0136e-006
27434,2.9097e-006
27435,2.9169e-006
27436,2.9665e-006
27437,2.8344e-006
27438,2.4379e-006
27439,2.3764e-006
27440,1.9368e-006
27441,2.303e-006
27442,2.217e-006
27443,2.9459e-006
27444,2.955e-006
27445,2.3504e-006
27446,3.2035e-006
27447,2.9839e-006
27448,2.7104e-006
27449,2.2815e-006
27450,3.4524e-006
27451,3.3327e-006
27452,3.6873e-006
27453,3.0203e-006
27454,3.627e-006
27455,4.2921e-006
27456,3.8906e-006
27457,4.3105e-006
27458,2.7485e-006
27459,3.7346e-006
27460,5.2472e-006
27461,4.3861e-006
27462,5.979e-006
27463,6.4962e-006
27464,5.542e-006
27465,5.8875e-006
27466,5.0305e-006
27467,4.786e-006
27468,4.7156e-006
27469,5.5174e-006
27470,6.0146e-006
27471,6.0352e-006
27472,6.1677e-006
27473,5.6315e-006
27474,5.6268e-006
27475,6.8532e-006
27476,5.2788e-006
27477,5.7838e-006
27478,6.4499e-006
27479,6.3746e-006
27480,5.4115e-006
27481,8.4915e-006
27482,8.0102e-006
27483,7.6271e-006
27484,7.4887e-006
27485,8.0676e-006
27486,7.5489e-006
27487,9.0734e-006
27488,8.1139e-006
27489,7.2763e-006
27490,6.0199e-006
27491,6.4589e-006
27492,8.4086e-006
27493,6.9456e-006
27494,6.7795e-006
27495,6.4723e-006
27496,6.2365e-006
27497,7.5201e-006
27498,4.837e-006
27499,6.4622e-006
27500,5.4667e-006
27501,4.7537e-006
27502,5.1916e-006
27503,4.392e-006
27504,6.1571e-006
27505,5.6762e-006
27506,6.6371e-006
27507,7.0571e-006
27508,6.7166e-006
27509,5.9869e-006
27510,8.4286e-006
27511,7.3313e-006
27512,8.1234e-006
27513,6.1756e-006
27514,3.7553e-006
27515,3.6938e-006
27516,4.7137e-006
27517,4.2381e-006
27518,4.0386e-006
27519,5.5885e-006
27520,5.2e-006
27521,4.657e-006
27522,3.2196e-006
27523,3.2121e-006
27524,3.8091e-006
27525,3.4802e-006
27526,2.7172e-006
27527,2.802e-006
27528,2.9117e-006
27529,3.284e-006
27530,3.3676e-006
27531,3.8437e-006
27532,4.6845e-006
27533,3.9018e-006
27534,3.9992e-006
27535,4.5254e-006
27536,3.6215e-006
27537,4.2574e-006
27538,4.6275e-006
27539,3.9733e-006
27540,3.0582e-006
27541,2.6837e-006
27542,3.5587e-006
27543,3.5548e-006
27544,3.984e-006
27545,3.4221e-006
27546,2.6804e-006
27547,4.0418e-006
27548,2.6722e-006
27549,3.1365e-006
27550,3.5613e-006
27551,3.5398e-006
27552,3.3452e-006
27553,3.7017e-006
27554,2.6013e-006
27555,2.6848e-006
27556,2.55e-006
27557,3.0736e-006
27558,2.9068e-006
27559,2.774e-006
27560,2.1475e-006
27561,2.1901e-006
27562,2.7428e-006
27563,3.1719e-006
27564,4.3054e-006
27565,4.1885e-006
27566,3.4118e-006
27567,4.0057e-006
27568,4.5484e-006
27569,3.3475e-006
27570,3.653e-006
27571,4.1897e-006
27572,3.4917e-006
27573,4.2673e-006
27574,4.5459e-006
27575,3.9999e-006
27576,4.8117e-006
27577,5.0054e-006
27578,4.5771e-006
27579,4.3091e-006
27580,3.7765e-006
27581,4.2786e-006
27582,4.6552e-006
27583,4.5192e-006
27584,4.6984e-006
27585,3.75e-006
27586,4.631e-006
27587,3.0992e-006
27588,3.2499e-006
27589,2.6003e-006
27590,2.3339e-006
27591,3.3885e-006
27592,3.0369e-006
27593,3.8099e-006
27594,5.421e-006
27595,4.4988e-006
27596,5.2264e-006
27597,4.7093e-006
27598,4.1329e-006
27599,2.674e-006
27600,3.2051e-006
27601,3.7148e-006
27602,3.6665e-006
27603,3.818e-006
27604,3.1103e-006
27605,2.526e-006
27606,2.2343e-006
27607,3.0979e-006
27608,3.32e-006
27609,2.6975e-006
27610,1.9862e-006
27611,2.4705e-006
27612,1.9359e-006
27613,2.9106e-006
27614,2.7922e-006
27615,2.2364e-006
27616,2.1756e-006
27617,3.0101e-006
27618,3.2538e-006
27619,3.8518e-006
27620,3.6647e-006
27621,3.631e-006
27622,2.9393e-006
27623,3.4e-006
27624,2.6889e-006
27625,3.2929e-006
27626,3.8009e-006
27627,4.089e-006
27628,4.1053e-006
27629,3.6271e-006
27630,2.8733e-006
27631,4.8879e-006
27632,4.7075e-006
27633,4.447e-006
27634,4.1129e-006
27635,4.5448e-006
27636,3.5475e-006
27637,4.2251e-006
27638,2.9175e-006
27639,3.5962e-006
27640,4.1966e-006
27641,3.2096e-006
27642,3.8164e-006
27643,3.3541e-006
27644,4.602e-006
27645,4.7741e-006
27646,5.196e-006
27647,4.398e-006
27648,5.207e-006
27649,5.0091e-006
27650,4.7715e-006
27651,3.9448e-006
27652,4.7864e-006
27653,4.2023e-006
27654,4.2899e-006
27655,4.5741e-006
27656,4.3011e-006
27657,4.7684e-006
27658,4.6105e-006
27659,4.1446e-006
27660,4.1605e-006
27661,4.1133e-006
27662,4.8228e-006
27663,4.1572e-006
27664,4.7144e-006
27665,3.9174e-006
27666,5.9181e-006
27667,5.3366e-006
27668,5.1872e-006
27669,5.6623e-006
27670,5.2118e-006
27671,6.3272e-006
27672,6.9734e-006
27673,7.0458e-006
27674,8.0935e-006
27675,6.9859e-006
27676,1.0566e-005
27677,8.8765e-006
27678,1.1058e-005
27679,9.1339e-006
27680,1.302e-005
27681,1.3375e-005
27682,5.4183e-006
27683,5.4438e-006
27684,4.2754e-006
27685,5.3707e-006
27686,4.2241e-006
27687,4.6485e-006
27688,4.1341e-006
27689,5.1113e-006
27690,5.1287e-006
27691,6.5484e-006
27692,4.6358e-006
27693,5.4441e-006
27694,7.8433e-006
27695,4.8462e-006
27696,5.1481e-006
27697,4.8465e-006
27698,4.6828e-006
27699,5.156e-006
27700,5.5191e-006
27701,5.763e-006
27702,4.807e-006
27703,4.9375e-006
27704,6.4567e-006
27705,1.3382e-005
27706,1.622e-005
27707,1.78e-005
27708,1.7445e-005
27709,1.5345e-005
27710,1.7753e-005
27711,1.5791e-005
27712,9.2209e-006
27713,9.8595e-006
27714,8.4799e-006
27715,7.9511e-006
27716,8.6435e-006
27717,9.0011e-006
27718,9.3866e-006
27719,1.0626e-005
27720,9.0165e-006
27721,9.8209e-006
27722,9.7232e-006
27723,1.2834e-005
27724,7.3916e-006
27725,8.6821e-006
27726,6.976e-006
27727,8.3419e-006
27728,5.4781e-006
27729,5.6046e-006
27730,4.7721e-006
27731,5.1556e-006
27732,6.3942e-006
27733,5.1967e-006
27734,6.7286e-006
27735,4.9002e-006
27736,8.8453e-006
27737,6.7077e-006
27738,4.1956e-006
27739,4.4223e-006
27740,1.4927e-005
27741,1.1645e-005
27742,1.8649e-005
27743,1.2859e-005
27744,1.5979e-005
27745,5.1566e-006
27746,5.8955e-006
27747,5.263e-006
27748,4.9357e-006
27749,4.9901e-006
27750,6.0959e-006
27751,5.1954e-006
27752,6.1312e-006
27753,4.4592e-006
27754,5.1147e-006
27755,5.4341e-006
27756,6.457e-006
27757,4.9433e-006
27758,6.9016e-006
27759,5.3684e-006
27760,5.2191e-006
27761,5.1986e-006
27762,4.6884e-006
27763,4.9626e-006
27764,4.875e-006
27765,5.9704e-006
27766,5.089e-006
27767,4.6155e-006
27768,5.2068e-006
27769,7.6826e-006
27770,8.7343e-006
27771,9.2556e-006
27772,7.6692e-006
27773,1.0932e-005
27774,8.9208e-006
27775,8.8257e-006
27776,7.7572e-006
27777,5.6754e-006
27778,6.7715e-006
27779,5.9304e-006
27780,5.3167e-006
27781,4.7029e-006
27782,5.1798e-006
27783,5.2984e-006
27784,5.666e-006
27785,5.9877e-006
27786,5.5698e-006
27787,7.7845e-006
27788,8.7832e-006
27789,7.2801e-006
27790,7.1881e-006
27791,7.294e-006
27792,7.8255e-006
27793,8.3417e-006
27794,1.0098e-005
27795,9.3639e-006
27796,1.0594e-005
27797,9.1857e-006
27798,8.3211e-006
27799,4.2093e-006
27800,4.0677e-006
27801,4.7022e-006
27802,4.4259e-006
27803,4.1308e-006
27804,4.1081e-006
27805,3.7221e-006
27806,4.7198e-006
27807,5.0251e-006
27808,5.4112e-006
27809,4.8274e-006
27810,2.8496e-006
27811,2.9885e-006
27812,2.7952e-006
27813,3.2294e-006
27814,3.0066e-006
27815,3.257e-006
27816,2.8071e-006
27817,4.0441e-006
27818,3.9566e-006
27819,3.5696e-006
27820,3.0828e-006
27821,3.3867e-006
27822,3.7423e-006
27823,3.544e-006
27824,3.9843e-006
27825,3.6445e-006
27826,3.1475e-006
27827,3.5541e-006
27828,3.4291e-006
27829,4.0642e-006
27830,4.0989e-006
27831,4.9313e-006
27832,3.2471e-006
27833,3.422e-006
27834,4.6511e-006
27835,3.6378e-006
27836,4.5146e-006
27837,3.7606e-006
27838,3.6049e-006
27839,3.1362e-006
27840,3.8144e-006
27841,3.0257e-006
27842,3.4226e-006
27843,1.8633e-006
27844,2.2349e-006
27845,2.1234e-006
27846,2.0685e-006
27847,1.2592e-006
27848,1.6744e-006
27849,3.7191e-006
27850,4.21e-006
27851,4.6294e-006
27852,3.7815e-006
27853,4.0311e-006
27854,4.3932e-006
27855,3.4383e-006
27856,3.3129e-006
27857,4.3856e-006
27858,4.6335e-006
27859,5.3501e-006
27860,4.5732e-006
27861,3.6564e-006
27862,3.351e-006
27863,3.2349e-006
27864,3.8084e-006
27865,2.8871e-006
27866,2.6333e-006
27867,3.1822e-006
27868,4.0293e-006
27869,3.4856e-006
27870,4.616e-006
27871,3.8733e-006
27872,3.3398e-006
27873,3.9585e-006
27874,3.9399e-006
27875,2.9739e-006
27876,4.2394e-006
27877,4.3486e-006
27878,4.3097e-006
27879,4.9604e-006
27880,3.5372e-006
27881,4.2593e-006
27882,3.8899e-006
27883,3.6322e-006
27884,4.7599e-006
27885,5.2408e-006
27886,4.3866e-006
27887,3.7337e-006
27888,4.9341e-006
27889,3.5465e-006
27890,1.1608e-005
27891,1.3523e-005
27892,1.4502e-005
27893,1.487e-005
27894,5.9537e-006
27895,7.0709e-006
27896,5.0865e-006
27897,6.8477e-006
27898,6.5463e-006
27899,5.7513e-006
27900,5.2342e-006
27901,5.3388e-006
27902,4.9699e-006
27903,4.9592e-006
27904,6.6887e-006
27905,4.7441e-006
27906,5.7639e-006
27907,6.3173e-006
27908,5.6767e-006
27909,8.0765e-006
27910,6.4921e-006
27911,7.6356e-006
27912,7.4275e-006
27913,6.2275e-006
27914,1.1116e-005
27915,9.504e-006
27916,8.6468e-006
27917,9.1792e-006
27918,8.9181e-006
27919,7.4156e-006
27920,6.2795e-006
27921,6.5216e-006
27922,9.6246e-006
27923,7.3381e-006
27924,6.3725e-006
27925,8.478e-006
27926,6.5279e-006
27927,6.2617e-006
27928,6.372e-006
27929,8.5665e-006
27930,7.8949e-006
27931,7.4863e-006
27932,6.5828e-006
27933,2.4761e-006
27934,2.6534e-006
27935,2.1112e-006
27936,2.0375e-006
27937,1.7705e-006
27938,3.1534e-006
27939,3.7568e-006
27940,3.2771e-006
27941,3.831e-006
27942,5.49e-006
27943,5.3837e-006
27944,5.6242e-006
27945,5.1447e-006
27946,4.5637e-006
27947,5.1981e-006
27948,5.1267e-006
27949,4.5928e-006
27950,6.4817e-006
27951,4.5777e-006
27952,5.5647e-006
27953,4.9278e-006
27954,4.8549e-006
27955,4.5797e-006
27956,4.5151e-006
27957,5.0409e-006
27958,4.301e-006
27959,5.3083e-006
27960,4.9735e-006
27961,5.4844e-006
27962,4.6606e-006
27963,4.4123e-006
27964,5.3207e-006
27965,5.2054e-006
27966,5.4872e-006
27967,4.6697e-006
27968,4.8572e-006
27969,4.8566e-006
27970,5.5596e-006
27971,5.6414e-006
27972,5.4319e-006
27973,4.3036e-006
27974,4.986e-006
27975,5.1244e-006
27976,5.1285e-006
27977,4.5469e-006
27978,4.7316e-006
27979,5.3605e-006
27980,5.5721e-006
27981,5.6042e-006
27982,4.9102e-006
27983,6.6591e-006
27984,3.0662e-006
27985,3.8451e-006
27986,3.5943e-006
27987,2.6617e-006
27988,3.9132e-006
27989,4.0348e-006
27990,3.6375e-006
27991,3.4767e-006
27992,3.101e-006
27993,3.2563e-006
27994,3.2212e-006
27995,2.4193e-006
27996,3.0497e-006
27997,2.3957e-006
27998,3.3489e-006
27999,2.8542e-006
28000,6.0386e-006
28001,7.2225e-006
28002,5.1238e-006
28003,5.5771e-006
28004,4.7741e-006
28005,3.5023e-006
28006,3.8213e-006
28007,3.6309e-006
28008,4.0994e-006
28009,4.4943e-006
28010,4.43e-006
28011,4.1618e-006
28012,3.3104e-006
28013,3.8481e-006
28014,3.6737e-006
28015,4.2038e-006
28016,4.301e-006
28017,4.0631e-006
28018,3.364e-006
28019,3.491e-006
28020,2.5914e-006
28021,2.5701e-006
28022,3.2643e-006
28023,2.3197e-006
28024,3.5485e-006
28025,2.9463e-006
28026,3.1883e-006
28027,2.4739e-006
28028,3.4736e-006
28029,3.3557e-006
28030,2.6333e-006
28031,2.5576e-006
28032,2.9282e-006
28033,3.1553e-006
28034,2.4082e-006
28035,2.1265e-006
28036,2.0167e-006
28037,1.6148e-006
28038,1.5163e-006
28039,2.2575e-006
28040,2.0994e-006
28041,2.1428e-006
28042,3.8459e-006
28043,4.2668e-006
28044,4.4613e-006
28045,4.033e-006
28046,3.6451e-006
28047,4.8268e-006
28048,3.9522e-006
28049,3.9206e-006
28050,8.606e-006
28051,6.7374e-006
28052,9.5556e-006
28053,7.8189e-006
28054,1.1352e-005
28055,4.1099e-006
28056,3.904e-006
28057,4.4957e-006
28058,5.1965e-006
28059,5.5867e-006
28060,4.6881e-006
28061,4.2135e-006
28062,5.3325e-006
28063,5.189e-006
28064,6.8064e-006
28065,3.3367e-006
28066,4.8558e-006
28067,4.9327e-006
28068,5.807e-006
28069,6.1607e-006
28070,7.9286e-006
28071,5.9886e-006
28072,3.899e-006
28073,3.4344e-006
28074,4.2121e-006
28075,3.3449e-006
28076,3.8974e-006
28077,3.3987e-006
28078,4.3688e-006
28079,4.9912e-006
28080,4.5476e-006
28081,4.4725e-006
28082,4.521e-006
28083,2.8223e-006
28084,3.2859e-006
28085,3.1726e-006
28086,2.5925e-006
28087,2.2472e-006
28088,1.8556e-006
28089,2.3393e-006
28090,2.4639e-006
28091,2.5162e-006
28092,2.6276e-006
28093,2.2254e-006
28094,2.9308e-006
28095,3.0701e-006
28096,3.5659e-006
28097,3.041e-006
28098,3.2303e-006
28099,2.7832e-006
28100,2.0874e-006
28101,3.0815e-006
28102,2.4595e-006
28103,2.9531e-006
28104,3.3257e-006
28105,3.575e-006
28106,3.202e-006
28107,3.1709e-006
28108,3.4233e-006
28109,2.545e-006
28110,2.7079e-006
28111,3.9837e-006
28112,3.5458e-006
28113,3.8606e-006
28114,3.2525e-006
28115,5.7468e-006
28116,5.9471e-006
28117,5.5454e-006
28118,4.6882e-006
28119,6.6308e-006
28120,4.6822e-006
28121,5.2898e-006
28122,5.0161e-006
28123,5.2437e-006
28124,4.6059e-006
28125,3.7103e-006
28126,5.1363e-006
28127,4.7727e-006
28128,1.0746e-005
28129,1.362e-005
28130,1.0026e-005
28131,1.2109e-005
28132,1.3051e-005
28133,1.284e-005
28134,9.0373e-006
28135,7.5871e-006
28136,7.5213e-006
28137,7.4447e-006
28138,8.2963e-006
28139,6.9377e-006
28140,8.2331e-006
28141,1.857e-005
28142,1.8e-005
28143,1.6728e-005
28144,1.6455e-005
28145,8.9449e-006
28146,7.2547e-006
28147,6.0084e-006
28148,5.2032e-006
28149,4.6446e-006
28150,4.6025e-006
28151,5.245e-006
28152,5.706e-006
28153,5.0502e-006
28154,6.0047e-006
28155,5.8621e-006
28156,6.3915e-006
28157,8.5479e-006
28158,1.0008e-005
28159,1.1288e-005
28160,1.3332e-005
28161,1.1698e-005
28162,1.4267e-005
28163,1.5121e-005
28164,1.2937e-005
28165,1.1097e-005
28166,1.7239e-005
28167,1.3264e-005
28168,1.6672e-005
28169,1.5049e-005
28170,5.2698e-006
28171,7.5161e-006
28172,6.5813e-006
28173,5.3618e-006
28174,3.2316e-006
28175,2.7488e-006
28176,2.6988e-006
28177,3.9207e-006
28178,3.3875e-006
28179,3.5824e-006
28180,3.1964e-006
28181,2.7475e-006
28182,4.0557e-006
28183,3.9609e-006
28184,4.2607e-006
28185,3.6327e-006
28186,3.4841e-006
28187,3.1681e-006
28188,3.0287e-006
28189,3.2873e-006
28190,4.8235e-006
28191,5.103e-006
28192,3.9131e-006
28193,5.0681e-006
28194,5.4406e-006
28195,3.5589e-006
28196,3.9606e-006
28197,3.4064e-006
28198,3.768e-006
28199,3.632e-006
28200,2.9647e-006
28201,2.827e-006
28202,3.9618e-006
28203,4.3347e-006
28204,3.7578e-006
28205,4.0889e-006
28206,4.4644e-006
28207,5.7828e-006
28208,6.0112e-006
28209,6.9432e-006
28210,7.0312e-006
28211,6.0545e-006
28212,5.4468e-006
28213,6.0285e-006
28214,5.1612e-006
28215,7.229e-006
28216,7.3196e-006
28217,5.5944e-006
28218,5.5762e-006
28219,6.3413e-006
28220,6.3431e-006
28221,5.3161e-006
28222,4.0335e-006
28223,4.6403e-006
28224,4.763e-006
28225,4.5256e-006
28226,4.786e-006
28227,3.815e-006
28228,4.2988e-006
28229,4.4728e-006
28230,3.9221e-006
28231,4.6507e-006
28232,2.7071e-006
28233,3.3266e-006
28234,2.8036e-006
28235,3.6782e-006
28236,3.357e-006
28237,2.6188e-006
28238,2.2944e-006
28239,1.4828e-006
28240,2.772e-006
28241,2.134e-006
28242,6.485e-006
28243,5.582e-006
28244,6.1365e-006
28245,6.414e-006
28246,5.6487e-006
28247,8.5119e-006
28248,6.9189e-006
28249,2.553e-006
28250,3.2632e-006
28251,6.0902e-006
28252,5.6964e-006
28253,4.9491e-006
28254,5.3503e-006
28255,6.3939e-006
28256,7.6097e-006
28257,3.759e-006
28258,4.9687e-006
28259,4.0446e-006
28260,4.2096e-006
28261,3.8681e-006
28262,3.4459e-006
28263,2.6283e-006
28264,3.3792e-006
28265,1.4698e-005
28266,1.4178e-005
28267,4.0772e-006
28268,3.5309e-006
28269,4.2017e-006
28270,3.0895e-006
28271,7.3565e-006
28272,7.7987e-006
28273,7.1609e-006
28274,6.2171e-006
28275,7.1854e-006
28276,4.4753e-006
28277,4.5033e-006
28278,2.5584e-006
28279,2.8431e-006
28280,2.4364e-006
28281,2.8941e-006
28282,4.9664e-006
28283,4.371e-006
28284,4.954e-006
28285,4.9448e-006
28286,4.697e-006
28287,1.4055e-005
28288,1.0116e-005
28289,1.5546e-005
28290,1.2088e-005
28291,1.0906e-005
28292,2.3632e-006
28293,1.9904e-006
28294,1.8045e-006
28295,1.8033e-006
28296,2.4185e-006
28297,3.2448e-006
28298,3.2707e-006
28299,2.8047e-006
28300,3.1734e-006
28301,2.7936e-006
28302,2.1913e-006
28303,2.8145e-006
28304,1.8787e-006
28305,2.5279e-006
28306,2.8125e-006
28307,2.5296e-006
28308,1.9275e-006
28309,1.877e-006
28310,5.1299e-006
28311,5.9535e-006
28312,6.8157e-006
28313,5.6989e-006
28314,4.6668e-006
28315,4.6777e-006
28316,5.2726e-006
28317,5.8588e-006
28318,5.942e-006
28319,6.3622e-006
28320,7.1301e-006
28321,5.4698e-006
28322,4.2583e-006
28323,3.9289e-006
28324,3.832e-006
28325,4.7219e-006
28326,4.1489e-006
28327,4.7816e-006
28328,4.0735e-006
28329,4.372e-006
28330,3.9294e-006
28331,4.2092e-006
28332,4.3597e-006
28333,4.3212e-006
28334,6.3547e-006
28335,6.0449e-006
28336,6.0034e-006
28337,5.544e-006
28338,6.2724e-006
28339,9.5105e-006
28340,1.076e-005
28341,8.4515e-006
28342,8.2457e-006
28343,4.342e-006
28344,4.4406e-006
28345,4.0063e-006
28346,3.6402e-006
28347,4.2256e-006
28348,4.7875e-006
28349,4.3075e-006
28350,4.4012e-006
28351,3.7721e-006
28352,3.2667e-006
28353,3.6719e-006
28354,4.7217e-006
28355,4.3961e-006
28356,3.6971e-006
28357,3.8748e-006
28358,4.0657e-006
28359,4.2474e-006
28360,3.6592e-006
28361,3.0476e-006
28362,3.5307e-006
28363,3.8747e-006
28364,4.0306e-006
28365,2.0079e-006
28366,2.2326e-006
28367,1.8613e-006
28368,1.6767e-006
28369,1.9821e-006
28370,1.4923e-006
28371,2.046e-006
28372,4.4813e-006
28373,3.5836e-006
28374,4.4073e-006
28375,3.0098e-006
28376,3.5019e-006
28377,3.8717e-006
28378,4.0724e-006
28379,3.5562e-006
28380,4.e-006
28381,4.5305e-006
28382,4.3899e-006
28383,3.1717e-006
28384,3.8493e-006
28385,4.0153e-006
28386,3.5111e-006
28387,3.2373e-006
28388,2.7017e-006
28389,3.8901e-006
28390,2.574e-006
28391,5.0956e-006
28392,6.132e-006
28393,5.7017e-006
28394,6.0997e-006
28395,5.5651e-006
28396,5.1971e-006
28397,6.3293e-006
28398,7.5364e-006
28399,7.1857e-006
28400,6.5166e-006
28401,6.6355e-006
28402,6.5819e-006
28403,6.8785e-006
28404,6.43e-006
28405,6.6845e-006
28406,1.2302e-005
28407,1.0613e-005
28408,1.0837e-005
28409,5.9509e-006
28410,5.0802e-006
28411,5.2087e-006
28412,7.0115e-006
28413,5.2407e-006
28414,6.0162e-006
28415,6.2499e-006
28416,4.4984e-006
28417,4.6513e-006
28418,3.9791e-006
28419,3.347e-006
28420,4.0591e-006
28421,4.1339e-006
28422,6.355e-006
28423,7.0209e-006
28424,7.0379e-006
28425,6.9734e-006
28426,6.0456e-006
28427,6.4177e-006
28428,7.4619e-006
28429,7.1569e-006
28430,5.2448e-006
28431,5.9784e-006
28432,5.4027e-006
28433,6.4218e-006
28434,4.6223e-006
28435,3.7912e-006
28436,4.5615e-006
28437,3.8356e-006
28438,5.6308e-006
28439,5.7025e-006
28440,5.014e-006
28441,4.5886e-006
28442,3.8435e-006
28443,5.6652e-006
28444,4.5056e-006
28445,4.8037e-006
28446,3.9217e-006
28447,5.1795e-006
28448,5.1443e-006
28449,5.3243e-006
28450,5.3107e-006
28451,5.6694e-006
28452,3.9545e-006
28453,2.8686e-006
28454,4.4067e-006
28455,4.3538e-006
28456,3.2991e-006
28457,4.5097e-006
28458,3.5563e-006
28459,1.6457e-006
28460,2.046e-006
28461,2.4186e-006
28462,9.6473e-007
28463,3.758e-007
28464,1.2453e-006
28465,2.6559e-006
28466,3.5811e-006
28467,2.9466e-006
28468,3.159e-006
28469,7.135e-006
28470,9.2448e-006
28471,9.35e-006
28472,1.1499e-005
28473,5.1261e-006
28474,7.46e-006
28475,4.5458e-006
28476,5.7824e-006
28477,5.1967e-006
28478,4.2174e-006
28479,5.5042e-006
28480,1.1816e-005
28481,1.1248e-005
28482,9.6688e-006
28483,7.8257e-006
28484,2.1617e-006
28485,2.4965e-006
28486,1.6063e-006
28487,4.6247e-006
28488,4.7263e-006
28489,5.0082e-006
28490,3.4943e-006
28491,4.3318e-006
28492,1.8711e-006
28493,2.469e-006
28494,2.4662e-006
28495,2.6911e-006
28496,1.4803e-006
28497,5.9727e-006
28498,5.0861e-006
28499,5.5692e-006
28500,5.3218e-006
28501,4.8511e-006
28502,6.1295e-006
28503,6.5255e-006
28504,7.399e-006
28505,6.9104e-006
28506,6.8449e-006
28507,6.5015e-006
28508,7.5277e-006
28509,6.1234e-006
28510,5.2856e-006
28511,5.0375e-006
28512,5.6685e-006
28513,6.0566e-006
28514,5.6008e-006
28515,4.8869e-006
28516,5.0275e-006
28517,5.2853e-006
28518,6.4436e-006
28519,6.3721e-006
28520,5.9821e-006
28521,6.9782e-006
28522,3.9275e-006
28523,5.7653e-006
28524,3.9572e-006
28525,5.2169e-006
28526,4.2413e-006
28527,4.6114e-006
28528,4.6299e-006
28529,3.833e-006
28530,3.8448e-006
28531,3.2008e-006
28532,5.2889e-006
28533,7.0057e-006
28534,6.8458e-006
28535,7.923e-006
28536,7.6214e-006
28537,5.9436e-006
28538,5.5885e-006
28539,5.392e-006
28540,4.0147e-006
28541,4.4139e-006
28542,4.3233e-006
28543,6.0553e-006
28544,6.8145e-006
28545,5.6481e-006
28546,5.4123e-006
28547,4.038e-006
28548,2.8921e-006
28549,3.0348e-006
28550,3.3568e-006
28551,1.0413e-005
28552,9.0107e-006
28553,1.0417e-005
28554,3.908e-006
28555,4.1343e-006
28556,5.3688e-006
28557,4.9756e-006
28558,4.2537e-006
28559,5.6976e-006
28560,6.9365e-006
28561,5.8212e-006
28562,6.465e-006
28563,3.9296e-006
28564,4.2972e-006
28565,4.2027e-006
28566,6.2073e-006
28567,5.6402e-006
28568,5.8301e-006
28569,5.638e-006
28570,6.3533e-006
28571,5.9564e-006
28572,5.7673e-006
28573,6.4778e-006
28574,3.5126e-006
28575,4.6644e-006
28576,2.816e-006
28577,4.4594e-006
28578,2.9099e-006
28579,4.1415e-006
28580,3.2276e-006
28581,2.6626e-006
28582,3.5376e-006
28583,4.7863e-006
28584,4.2167e-006
28585,5.4862e-006
28586,4.7322e-006
28587,6.8811e-006
28588,6.4044e-006
28589,5.6356e-006
28590,5.0418e-006
28591,4.805e-006
28592,4.9059e-006
28593,4.7675e-006
28594,4.9751e-006
28595,4.4758e-006
28596,5.6735e-006
28597,6.9197e-006
28598,6.4425e-006
28599,5.082e-006
28600,2.9154e-006
28601,2.4273e-006
28602,2.788e-006
28603,3.4785e-006
28604,2.0389e-006
28605,4.5205e-006
28606,4.6914e-006
28607,4.8196e-006
28608,5.5684e-006
28609,4.1465e-006
28610,3.9951e-006
28611,3.7046e-006
28612,3.2941e-006
28613,2.7309e-006
28614,3.2222e-006
28615,2.7311e-006
28616,2.8495e-006
28617,2.2065e-006
28618,4.3981e-006
28619,4.6457e-006
28620,3.5694e-006
28621,4.088e-006
28622,4.1606e-006
28623,3.408e-006
28624,4.0326e-006
28625,3.457e-006
28626,3.7618e-006
28627,3.0749e-006
28628,3.2791e-006
28629,2.5406e-006
28630,4.6444e-006
28631,5.2171e-006
28632,5.2895e-006
28633,4.6964e-006
28634,5.9194e-006
28635,4.9891e-006
28636,3.5213e-006
28637,4.0128e-006
28638,3.4776e-006
28639,4.3601e-006
28640,5.07e-006
28641,3.6002e-006
28642,3.9336e-006
28643,4.8605e-006
28644,4.5163e-006
28645,4.959e-006
28646,3.7461e-006
28647,4.4168e-006
28648,3.6152e-006
28649,5.6106e-006
28650,6.6271e-006
28651,5.5415e-006
28652,7.9449e-006
28653,6.6914e-006
28654,6.5483e-006
28655,7.6556e-006
28656,7.3816e-006
28657,6.2845e-006
28658,8.5563e-006
28659,6.5457e-006
28660,6.9623e-006
28661,6.732e-006
28662,5.6674e-006
28663,5.6573e-006
28664,4.0961e-006
28665,3.8189e-006
28666,3.2026e-006
28667,3.5008e-006
28668,3.2046e-006
28669,4.3564e-006
28670,2.2014e-006
28671,1.1577e-006
28672,1.498e-005
28673,1.8067e-005
28674,1.7911e-005
28675,1.8486e-005
28676,1.6332e-005
28677,1.9964e-005
28678,2.2158e-005
28679,7.8068e-006
28680,9.0376e-006
28681,5.4794e-006
28682,5.7397e-006
28683,7.4619e-006
28684,5.6827e-006
28685,3.6982e-006
28686,3.0579e-006
28687,3.599e-006
28688,2.9339e-006
28689,3.1118e-006
28690,7.9193e-006
28691,6.6034e-006
28692,3.6016e-006
28693,3.4775e-006
28694,3.2857e-006
28695,3.8485e-006
28696,3.9538e-006
28697,3.7882e-006
28698,3.4507e-006
28699,2.7768e-006
28700,1.6248e-006
28701,2.2672e-006
28702,2.3465e-006
28703,4.3113e-006
28704,3.7716e-006
28705,4.4267e-006
28706,4.7916e-006
28707,4.312e-006
28708,3.9703e-006
28709,4.6485e-006
28710,4.674e-006
28711,4.8376e-006
28712,6.8151e-006
28713,4.7528e-006
28714,3.1316e-006
28715,4.1729e-006
28716,3.0394e-006
28717,2.3701e-006
28718,3.6058e-006
28719,3.7307e-006
28720,3.5666e-006
28721,1.4441e-005
28722,1.5329e-005
28723,6.6103e-006
28724,5.9098e-006
28725,8.4295e-006
28726,4.7562e-006
28727,3.3521e-006
28728,3.9639e-006
28729,4.1407e-006
28730,3.4549e-006
28731,3.4547e-006
28732,2.6746e-006
28733,2.7501e-006
28734,3.3922e-006
28735,3.7723e-006
28736,4.6934e-006
28737,5.0648e-006
28738,7.7143e-006
28739,7.0429e-006
28740,6.2744e-006
28741,5.8732e-006
28742,7.6104e-006
28743,4.3395e-006
28744,4.5627e-006
28745,4.8065e-006
28746,6.3277e-006
28747,4.5794e-006
28748,3.0822e-006
28749,3.7766e-006
28750,3.6615e-006
28751,3.5515e-006
28752,3.5409e-006
28753,4.3716e-006
28754,4.4281e-006
28755,5.006e-006
28756,4.788e-006
28757,4.3346e-006
28758,1.8215e-006
28759,1.2573e-006
28760,2.7883e-006
28761,2.4582e-006
28762,4.781e-006
28763,4.3763e-006
28764,5.2062e-006
28765,4.315e-006
28766,4.3031e-006
28767,3.5267e-006
28768,4.7795e-006
28769,4.0865e-006
28770,5.0216e-006
28771,3.269e-006
28772,3.3964e-006
28773,2.8974e-006
28774,3.5895e-006
28775,7.9279e-006
28776,7.8994e-006
28777,6.6712e-006
28778,4.0721e-006
28779,3.6457e-006
28780,3.235e-006
28781,9.3945e-006
28782,7.143e-006
28783,3.2091e-006
28784,2.4786e-006
28785,2.2602e-006
28786,2.8117e-006
28787,4.0649e-006
28788,3.8763e-006
28789,2.9059e-006
28790,3.2462e-006
28791,3.3373e-006
28792,2.4342e-006
28793,3.0401e-006
28794,1.8869e-006
28795,4.9513e-006
28796,4.3621e-006
28797,3.5231e-006
28798,4.1758e-006
28799,4.2783e-006
28800,5.5562e-006
28801,4.6116e-006
28802,2.6708e-006
28803,2.7881e-006
28804,1.7251e-006
28805,2.9832e-006
28806,3.5322e-006
28807,2.7357e-006
28808,2.1777e-006
28809,7.3384e-006
28810,7.2895e-006
28811,8.8817e-006
28812,7.8805e-006
28813,8.4207e-006
28814,1.1539e-005
28815,9.9565e-006
28816,8.9951e-006
28817,9.7309e-006
28818,5.9157e-006
28819,6.1673e-006
28820,6.7842e-006
28821,6.1143e-006
28822,8.1442e-006
28823,4.2825e-006
28824,3.4689e-006
28825,5.2752e-006
28826,5.7057e-006
28827,4.6617e-006
28828,3.7207e-006
28829,4.6369e-006
28830,5.4563e-006
28831,3.6259e-006
28832,5.8156e-006
28833,8.1181e-006
28834,7.4746e-006
28835,8.9421e-006
28836,8.9082e-006
28837,3.2245e-006
28838,3.4224e-006
28839,2.7294e-006
28840,4.6081e-006
28841,4.2368e-006
28842,4.1198e-006
28843,4.3923e-006
28844,5.3946e-006
28845,3.4907e-006
28846,4.6801e-006
28847,3.1854e-006
28848,2.9347e-006
28849,2.7188e-006
28850,2.579e-006
28851,5.5549e-006
28852,7.5536e-006
28853,5.6211e-006
28854,1.944e-006
28855,5.5886e-006
28856,4.823e-006
28857,4.9985e-006
28858,3.5182e-006
28859,3.0211e-006
28860,2.579e-006
28861,3.8103e-006
28862,2.822e-006
28863,2.757e-006
28864,2.5631e-006
28865,4.5721e-006
28866,5.2086e-006
28867,4.1534e-006
28868,5.1741e-006
28869,1.6229e-005
28870,1.2195e-005
28871,1.1587e-005
28872,1.6352e-005
28873,1.2843e-005
28874,6.7812e-006
28875,6.8236e-006
28876,7.308e-006
28877,4.8723e-006
28878,6.3505e-006
28879,6.3862e-006
28880,6.5802e-006
28881,4.0772e-006
28882,3.7411e-006
28883,4.3525e-006
28884,2.7308e-006
28885,2.5382e-006
28886,3.7507e-006
28887,3.0625e-006
28888,4.6699e-006
28889,3.4936e-006
28890,4.7678e-006
28891,3.7444e-006
28892,4.704e-006
28893,3.9413e-006
28894,3.5255e-006
28895,4.5791e-006
28896,4.8349e-006
28897,8.2055e-006
28898,4.9739e-006
28899,4.5034e-006
28900,6.1103e-006
28901,4.6816e-006
28902,4.1735e-006
28903,4.8697e-006
28904,2.4153e-006
28905,2.6419e-006
28906,2.5059e-006
28907,2.8772e-006
28908,2.7452e-006
28909,1.9915e-005
28910,1.9599e-005
28911,2.3656e-005
28912,3.2311e-006
28913,3.1408e-006
28914,6.4495e-006
28915,5.5741e-006
28916,8.4739e-006
28917,1.0922e-005
28918,3.4778e-006
28919,4.021e-006
28920,3.5106e-006
28921,3.9099e-006
28922,3.4939e-006
28923,2.584e-006
28924,2.4053e-006
28925,2.3682e-006
28926,3.1688e-006
28927,3.2653e-006
28928,4.0816e-006
28929,4.2651e-006
28930,2.8193e-006
28931,3.8483e-006
28932,4.3184e-006
28933,4.3084e-006
28934,4.0224e-006
28935,1.4589e-005
28936,1.3808e-005
28937,1.4591e-005
28938,1.6309e-005
28939,1.518e-005
28940,1.1158e-005
28941,1.2775e-005
28942,1.3885e-005
28943,5.7904e-006
28944,5.2659e-006
28945,6.9959e-006
28946,5.6289e-006
28947,3.1503e-006
28948,3.6599e-006
28949,3.0195e-006
28950,1.5579e-005
28951,1.5851e-005
28952,1.6467e-005
28953,1.7948e-005
28954,1.7785e-005
28955,1.6563e-005
28956,1.6539e-005
28957,1.5406e-005
28958,1.7586e-005
28959,1.4182e-005
28960,1.92e-005
28961,2.5303e-006
28962,4.1283e-006
28963,5.4109e-006
28964,3.6869e-006
28965,4.305e-006
28966,6.0925e-006
28967,6.8732e-006
28968,6.7501e-006
28969,8.8106e-006
28970,5.6316e-006
28971,3.0801e-006
28972,4.6727e-006
28973,4.0078e-006
28974,4.9416e-005
28975,5.2001e-005
28976,5.3011e-005
28977,5.4812e-005
28978,1.6882e-005
28979,1.7984e-005
28980,2.0785e-005
28981,2.0826e-005
28982,1.8353e-005
28983,2.1375e-006
28984,2.5146e-006
28985,1.7153e-006
28986,6.5822e-006
28987,5.9043e-006
28988,5.5585e-006
28989,1.5878e-005
28990,1.4188e-005
28991,1.7001e-005
28992,1.5834e-005
28993,1.9482e-005
28994,1.428e-005
28995,5.3913e-007
28996,4.5713e-007
28997,1.9498e-005
28998,1.7829e-005
28999,1.6789e-005
29000,1.9219e-005
29001,2.3481e-005
29002,2.3415e-005
29003,9.048e-006
29004,9.499e-006
29005,1.0124e-005
29006,7.3524e-006
29007,2.3357e-005
29008,1.7269e-005
29009,2.2712e-005
29010,1.8785e-005
29011,2.0102e-005
29012,1.8827e-005
29013,1.4298e-005
29014,1.6607e-005
29015,1.4911e-005
29016,2.6888e-006
29017,2.8271e-006
29018,3.6961e-006
29019,3.5026e-006
29020,3.219e-006
29021,2.4275e-005
29022,2.8166e-005
29023,2.5541e-005
29024,1.7611e-006
29025,1.7128e-006
29026,2.1208e-006
29027,1.9591e-006
29028,2.3693e-006
29029,1.6744e-006
29030,1.8156e-006
29031,1.9118e-006
29032,1.1263e-006
29033,1.6281e-006
29034,1.034e-006
29035,1.2915e-006
29036,1.3469e-006
29037,1.7279e-006
29038,1.8988e-006
29039,2.1694e-006
29040,1.708e-006
29041,1.8939e-006
29042,1.2436e-006
29043,1.9443e-006
29044,1.9148e-006
29045,1.4995e-006
29046,1.297e-006
29047,2.3136e-005
29048,2.0515e-005
29049,1.9481e-005
29050,2.3833e-006
29051,3.3244e-006
29052,3.0849e-006
29053,3.5458e-006
29054,1.1091e-006
29055,9.196e-007
29056,1.0574e-006
29057,9.4428e-007
29058,6.2349e-007
29059,8.5356e-007
29060,6.4381e-007
29061,6.4292e-007
29062,9.3874e-007
29063,4.5794e-006
29064,4.0498e-006
29065,3.1142e-006
29066,1.337e-005
29067,1.7549e-005
29068,1.7223e-005
29069,1.3518e-005
29070,2.9216e-005
29071,2.9055e-005
29072,3.5799e-005
29073,4.1517e-005
29074,3.1414e-005
29075,3.5798e-005
29076,9.8126e-006
29077,1.2465e-005
29078,7.3296e-007
29079,7.2959e-007
29080,6.6465e-007
29081,1.1863e-005
29082,1.6066e-005
29083,1.3282e-005
29084,1.4193e-005
29085,1.551e-005
29086,1.4003e-005
29087,2.016e-006
29088,1.6544e-006
29089,1.0282e-006
29090,1.6474e-006
29091,5.0711e-007
29092,5.1121e-007
29093,9.6289e-007
29094,1.1016e-006
29095,6.2879e-007
29096,1.5931e-005
29097,1.7985e-005
29098,4.3716e-006
29099,6.2375e-006
29100,5.0786e-006
29101,5.4627e-006
29102,7.4461e-006
29103,5.4209e-005
29104,3.7673e-005
29105,3.9891e-005
29106,4.5774e-005
29107,4.1774e-005
29108,4.0975e-005
29109,4.9208e-005
29110,1.26e-006
29111,1.8455e-006
29112,2.0521e-006
29113,1.3629e-006
29114,1.3074e-006
29115,8.418e-007
29116,1.1819e-006
29117,8.611e-007
29118,1.2362e-006
29119,1.2848e-005
29120,8.8709e-006
29121,1.3535e-005
29122,1.6057e-005
29123,1.6711e-005
29124,1.7198e-005
29125,1.5536e-005
29126,9.2316e-006
29127,7.7264e-006
29128,1.2414e-005
29129,4.1763e-005
29130,3.359e-005
29131,3.47e-005
29132,3.9454e-005
29133,3.2332e-005
29134,3.1036e-005
29135,3.6463e-005
29136,2.2566e-005
29137,2.8567e-005
29138,2.5235e-005
29139,2.4912e-006
29140,2.0003e-005
29141,1.7923e-005
29142,1.6796e-005
29143,1.8665e-003
29144,4.548e-005
29145,4.0578e-005
29146,4.5559e-005
29147,4.2152e-005
29148,1.7267e-005
29149,2.7126e-005
29150,3.0497e-005
29151,2.5911e-005
29152,1.7462e-005
29153,1.716e-005
29154,1.975e-005
29155,1.721e-005
29156,1.347e-005
29157,1.7694e-005
29158,1.4358e-005
29159,2.5323e-006
29160,2.4113e-006
29161,1.3765e-006
29162,2.5241e-006
29163,1.8241e-006
29164,2.1161e-006
29165,1.6656e-006
29166,1.7671e-006
29167,2.4301e-006
29168,2.2234e-005
29169,2.5753e-005
29170,2.1163e-005
29171,2.1575e-005
29172,2.429e-005
29173,2.216e-006
29174,1.9174e-006
29175,1.9587e-006
29176,9.9174e-007
29177,1.9357e-006
29178,2.4594e-006
29179,4.5966e-006
29180,2.5462e-006
29181,2.0252e-006
29182,1.7147e-006
29183,2.254e-006
29184,1.5195e-006
29185,2.0862e-006
29186,2.0548e-006
29187,2.736e-006
29188,1.8683e-006
29189,2.092e-006
29190,1.6555e-005
29191,1.8007e-005
29192,1.9422e-005
29193,2.5101e-005
29194,1.6584e-005
29195,2.264e-005
29196,1.6929e-005
29197,2.1515e-005
29198,2.5993e-006
29199,2.6004e-006
29200,3.2031e-006
29201,1.376e-005
29202,9.531e-006
29203,1.2141e-005
29204,1.2526e-005
29205,1.5816e-005
29206,1.5927e-005
29207,1.4343e-005
29208,1.2889e-005
29209,2.5526e-005
29210,2.9534e-005
29211,2.6865e-005
29212,2.7397e-005
29213,1.6879e-006
29214,2.0421e-006
29215,2.0228e-006
29216,9.5937e-006
29217,8.56e-006
29218,1.2623e-005
29219,1.2228e-005
29220,1.7511e-005
29221,1.7139e-005
29222,2.021e-005
29223,2.0667e-005
29224,1.8422e-005
29225,1.6571e-005
29226,1.6325e-006
29227,1.192e-006
29228,1.4086e-006
29229,2.1228e-006
29230,1.0728e-006
29231,1.614e-006
29232,1.8588e-006
29233,1.4356e-006
29234,1.476e-006
29235,7.8462e-007
29236,1.0873e-006
29237,1.323e-006
29238,9.3739e-007
29239,1.3374e-006
29240,2.3623e-005
29241,1.7862e-005
29242,1.8052e-005
29243,2.0379e-005
29244,2.3787e-005
29245,2.0657e-005
29246,2.4266e-005
29247,3.2203e-006
29248,2.8278e-006
29249,1.8007e-006
29250,3.7307e-006
29251,2.3135e-006
29252,2.1162e-006
29253,8.8188e-006
29254,8.8525e-006
29255,1.3812e-005
29256,1.2963e-005
29257,1.071e-005
29258,1.4492e-006
29259,2.0831e-006
29260,2.7356e-006
29261,1.813e-006
29262,2.8484e-006
29263,2.0338e-006
29264,1.447e-006
29265,1.3788e-005
29266,1.7134e-005
29267,1.5476e-005
29268,2.3668e-006
29269,2.3098e-006
29270,2.117e-006
29271,1.0567e-006
29272,1.4235e-006
29273,7.7996e-007
29274,4.36e-006
29275,3.5627e-006
29276,4.9768e-006
29277,1.6973e-005
29278,1.5747e-005
29279,1.8856e-005
29280,1.6539e-005
29281,1.1685e-006
29282,8.0879e-007
29283,8.8533e-006
29284,8.672e-006
29285,8.6955e-006
29286,4.034e-006
29287,7.4172e-007
29288,7.421e-007
29289,7.8758e-007
29290,6.5012e-007
29291,9.7253e-007
29292,1.0012e-006
29293,8.9873e-007
29294,1.9885e-005
29295,1.7042e-005
29296,2.0705e-005
29297,1.9973e-005
29298,2.0752e-005
29299,1.7269e-005
29300,5.2448e-006
29301,5.8899e-006
29302,5.7197e-006
29303,5.686e-006
29304,1.4299e-006
29305,1.6429e-006
29306,1.0947e-006
29307,9.3434e-007
29308,1.873e-006
29309,1.6339e-006
29310,1.7537e-006
29311,1.4828e-006
29312,1.2136e-006
29313,4.9498e-005
29314,5.0772e-005
29315,5.3863e-005
29316,5.141e-005
29317,6.6065e-006
29318,4.2918e-006
29319,4.9691e-006
29320,5.8692e-006
29321,4.6796e-006
29322,4.2511e-006
29323,1.7552e-006
29324,1.1874e-006
29325,1.5554e-006
29326,1.2662e-006
29327,1.6851e-006
29328,1.5774e-006
29329,2.1178e-006
29330,2.0505e-006
29331,1.965e-006
29332,9.9123e-007
29333,4.0649e-005
29334,4.0259e-005
29335,4.516e-005
29336,4.342e-005
29337,4.012e-005
29338,4.5769e-005
29339,1.1168e-006
29340,6.9346e-007
29341,9.8094e-007
29342,7.0694e-007
29343,4.0707e-007
29344,7.2926e-006
29345,7.2056e-006
29346,1.1214e-005
29347,9.6891e-006
29348,2.2878e-005
29349,2.5957e-005
29350,2.3129e-005
29351,4.8323e-006
29352,2.8554e-006
29353,3.7647e-006
29354,1.486e-006
29355,4.3636e-006
29356,7.0828e-006
29357,4.7895e-006
29358,2.306e-005
29359,2.3514e-005
29360,1.7467e-005
29361,2.0201e-005
29362,1.7561e-005
29363,1.7186e-005
29364,1.5772e-005
29365,7.9956e-006
29366,1.0906e-005
29367,9.4761e-006
29368,7.0691e-006
29369,4.3436e-006
29370,5.9756e-006
29371,4.5754e-006
29372,1.4086e-005
29373,9.5049e-006
29374,1.0193e-005
29375,2.9292e-005
29376,2.8612e-005
29377,3.2019e-005
29378,2.7983e-005
29379,2.4317e-005
29380,3.3707e-005
29381,2.5835e-005
29382,1.8585e-005
29383,1.7781e-005
29384,7.1745e-006
29385,7.2649e-006
29386,5.8926e-006
29387,4.6572e-006
29388,3.2774e-006
29389,2.8292e-006
29390,4.1304e-006
29391,7.239e-006
29392,4.539e-006
29393,7.3331e-006
29394,3.8243e-006
29395,5.4026e-006
29396,1.7389e-005
29397,5.3516e-006
29398,9.2463e-006
29399,1.5402e-005
29400,1.6024e-005
29401,1.8447e-005
29402,1.0716e-006
29403,9.7891e-007
29404,1.1557e-006
29405,1.0816e-006
29406,1.6096e-005
29407,1.849e-005
29408,1.9155e-005
29409,1.5264e-005
29410,2.0628e-006
29411,1.2002e-006
29412,1.4113e-005
29413,1.5313e-005
29414,4.1917e-006
29415,3.1298e-006
29416,3.4707e-006
29417,5.5072e-007
29418,8.9171e-007
29419,5.8877e-007
29420,3.9736e-007
29421,3.3263e-006
29422,3.0558e-006
29423,1.2884e-005
29424,1.8904e-005
29425,1.5099e-005
29426,1.5259e-005
29427,1.6303e-005
29428,2.015e-005
29429,3.1818e-006
29430,4.2337e-006
29431,2.7711e-006
29432,1.1123e-006
29433,1.3793e-006
29434,7.1154e-007
29435,5.3054e-006
29436,4.7691e-006
29437,6.1354e-006
29438,9.6898e-006
29439,7.8355e-006
29440,1.0346e-005
29441,1.2318e-006
29442,1.908e-006
29443,1.3346e-006
29444,1.2183e-006
29445,1.5688e-005
29446,1.6229e-005
29447,2.9978e-005
29448,2.7174e-005
29449,2.7798e-005
29450,3.1323e-005
29451,2.5397e-005
29452,3.578e-006
29453,2.382e-005
29454,2.5705e-005
29455,3.6397e-005
29456,2.5432e-005
29457,2.6089e-006
29458,1.532e-006
29459,1.3372e-006
29460,1.4949e-006
29461,1.4447e-005
29462,1.8925e-005
29463,1.7946e-005
29464,1.8914e-005
29465,1.5389e-005
29466,1.5267e-005
29467,1.1837e-006
29468,7.0945e-007
29469,9.3577e-007
29470,7.8292e-007
29471,9.616e-007
29472,7.8681e-006
29473,1.1695e-005
29474,6.5385e-006
29475,7.949e-007
29476,1.0156e-006
29477,1.1631e-005
29478,2.1191e-005
29479,5.191e-005
29480,5.273e-005
29481,5.3878e-006
29482,2.8987e-006
29483,4.7163e-006
29484,5.556e-006
29485,3.3688e-005
29486,3.0664e-005
29487,2.6395e-005
29488,2.5795e-005
29489,3.5474e-005
29490,3.4571e-005
29491,2.7478e-005
29492,1.7048e-006
29493,2.0419e-006
29494,2.038e-006
29495,1.0769e-006
29496,1.3985e-006
29497,1.6661e-006
29498,4.9578e-006
29499,5.4418e-006
29500,6.1402e-006
29501,1.221e-005
29502,1.4063e-005
29503,1.2772e-005
29504,1.1547e-005
29505,4.8549e-006
29506,6.1983e-006
29507,2.3712e-005
29508,2.132e-005
29509,2.5751e-005
29510,1.8855e-005
29511,1.8501e-005
29512,1.6284e-005
29513,4.2972e-006
29514,4.2076e-006
29515,1.3997e-005
29516,1.1026e-005
29517,2.7524e-006
29518,1.7569e-006
29519,2.0636e-006
29520,1.5022e-006
29521,1.9112e-006
29522,1.799e-006
29523,1.1363e-006
29524,1.9513e-006
29525,1.8101e-006
29526,1.7789e-006
29527,1.6561e-006
29528,1.1914e-006
29529,8.3838e-007
29530,1.3862e-006
29531,1.8234e-006
29532,1.7916e-006
29533,1.0377e-006
29534,1.6137e-006
29535,4.5929e-005
29536,3.8115e-005
29537,3.6899e-005
29538,4.0428e-005
29539,2.0516e-006
29540,2.9545e-006
29541,2.9636e-006
29542,6.0199e-006
29543,8.1187e-006
29544,1.3577e-006
29545,1.2195e-006
29546,1.086e-006
29547,7.7516e-007
29548,7.8502e-006
29549,8.9115e-006
29550,1.0901e-005
29551,1.089e-005
29552,2.3792e-006
29553,1.0882e-006
29554,1.4423e-006
29555,1.6137e-006
29556,1.846e-006
29557,5.7706e-006
29558,7.5048e-006
29559,3.6652e-007
29560,1.9155e-005
29561,1.6909e-005
29562,2.4565e-005
29563,2.308e-005
29564,2.1918e-005
29565,7.2646e-006
29566,3.2841e-005
29567,2.8927e-005
29568,1.1891e-005
29569,1.0356e-005
29570,7.0321e-006
29571,7.6338e-006
29572,5.8797e-006
29573,6.0488e-006
29574,7.3493e-006
29575,3.7322e-006
29576,8.5909e-007
29577,3.6979e-005
29578,3.543e-005
29579,4.0427e-005
29580,3.6845e-005
29581,1.5479e-005
29582,1.5687e-005
29583,3.6546e-006
29584,2.6204e-006
29585,1.7807e-006
29586,2.5953e-006
29587,1.6882e-006
29588,3.4059e-006
29589,1.1285e-005
29590,1.3952e-005
29591,1.9553e-005
29592,1.8706e-005
29593,1.7334e-005
29594,1.8036e-005
29595,2.1407e-005
29596,1.4622e-006
29597,2.2745e-006
29598,1.7832e-006
29599,2.3025e-006
29600,2.1489e-006
29601,2.6849e-005
29602,2.2859e-005
29603,2.5766e-005
29604,2.3793e-005
29605,8.0786e-006
29606,4.6015e-006
29607,2.2164e-006
29608,3.4515e-006
29609,2.3252e-006
29610,2.6677e-006
29611,5.4821e-006
29612,8.4111e-007
29613,7.1706e-006
29614,5.3267e-006
29615,2.364e-006
29616,2.3865e-006
29617,2.6693e-006
29618,6.5218e-006
29619,7.2305e-006
29620,7.1414e-006
29621,8.5682e-006
29622,3.8717e-006
29623,4.3427e-006
29624,1.8038e-005
29625,2.7053e-006
29626,2.8801e-006
29627,1.0491e-006
29628,9.8352e-007
29629,1.2291e-006
29630,8.1241e-006
29631,2.7263e-006
29632,3.9745e-006
29633,3.2136e-005
29634,3.8327e-005
29635,3.2213e-005
29636,1.1761e-006
29637,2.5699e-005
29638,3.4048e-005
29639,2.6919e-005
29640,9.1903e-007
29641,1.2433e-006
29642,9.2778e-007
29643,1.3455e-006
29644,6.3729e-006
29645,6.8118e-006
29646,6.1875e-006
29647,1.0108e-005
29648,1.1336e-005
29649,1.1027e-005
29650,8.907e-006
29651,2.4118e-006
29652,2.0544e-006
29653,2.7589e-006
29654,1.8295e-006
29655,3.4236e-006
29656,2.477e-006
29657,9.886e-007
29658,1.6639e-006
29659,1.0045e-006
29660,4.9813e-006
29661,4.3599e-006
29662,5.6156e-006
29663,4.6256e-006
29664,1.0078e-005
29665,1.0952e-005
29666,6.9743e-006
29667,1.4909e-005
29668,1.5026e-005
29669,1.7093e-005
29670,1.5578e-005
29671,1.2114e-005
29672,1.3702e-005
29673,1.9046e-006
29674,1.2462e-006
29675,1.6101e-006
29676,9.242e-007
29677,1.2623e-006
29678,7.2808e-007
29679,1.0756e-006
29680,4.8145e-007
29681,3.7033e-006
29682,2.2583e-006
29683,2.2241e-006
29684,2.2322e-005
29685,7.0449e-006
29686,1.0987e-005
29687,1.1051e-005
29688,2.7215e-006
29689,3.0676e-006
29690,3.4367e-006
29691,4.8029e-006
29692,6.1445e-006
29693,6.0298e-006
29694,5.0821e-006
29695,1.3212e-006
29696,1.2549e-006
29697,1.9973e-005
29698,1.7144e-005
29699,9.0766e-007
29700,1.6745e-005
29701,1.9219e-005
29702,1.6223e-005
29703,3.0718e-006
29704,2.3391e-006
29705,1.6761e-005
29706,1.5513e-005
29707,6.7428e-006
29708,1.8191e-006
29709,1.6329e-006
29710,7.6271e-007
29711,8.3136e-007
29712,6.4763e-007
29713,5.312e-007
29714,5.4445e-006
29715,5.3124e-006
29716,4.8063e-006
29717,1.0589e-005
29718,4.971e-006
29719,4.7784e-006
29720,4.2043e-006
29721,1.4781e-006
29722,2.1643e-006
29723,1.917e-006
29724,2.4019e-005
29725,3.2962e-006
29726,4.9754e-006
29727,4.3818e-005
29728,4.2869e-005
29729,5.1277e-005
29730,5.3065e-005
29731,2.0383e-005
29732,1.5718e-005
29733,1.9515e-005
29734,1.0805e-005
29735,1.4863e-005
29736,1.3105e-005
29737,2.3562e-005
29738,2.3916e-005
29739,2.2979e-005
29740,2.4094e-005
29741,2.0395e-005
29742,1.5453e-006
29743,1.9251e-006
29744,2.3209e-006
29745,1.8299e-006
29746,2.3544e-006
29747,8.6812e-007
29748,5.9471e-007
29749,9.4448e-007
29750,4.9208e-006
29751,1.6937e-005
29752,4.1929e-005
29753,3.2304e-005
29754,3.6674e-005
29755,4.1998e-005
29756,1.2899e-006
29757,9.636e-007
29758,9.2052e-007
29759,6.5048e-007
29760,4.7894e-007
29761,3.1242e-005
29762,2.9403e-005
29763,3.4307e-005
29764,3.5694e-005
29765,3.8257e-005
29766,3.1252e-005
29767,2.9835e-005
29768,3.491e-005
29769,2.8682e-005
29770,3.9616e-005
29771,4.5608e-005
29772,1.208e-005
29773,1.8695e-006
29774,1.5145e-006
29775,1.4992e-006
29776,1.4027e-006
29777,1.4735e-005
29778,1.6552e-005
29779,2.8227e-005
29780,1.93e-005
29781,2.1441e-005
29782,2.2904e-005
29783,1.9191e-005
29784,6.439e-006
29785,1.3799e-006
29786,8.1559e-007
29787,8.5551e-007
29788,6.89e-007
29789,1.1764e-006
29790,3.7163e-006
29791,9.8064e-007
29792,1.3966e-006
29793,2.9129e-006
29794,1.9397e-005
29795,1.9092e-005
29796,1.472e-005
29797,1.6383e-005
29798,1.4817e-005
29799,8.6934e-007
29800,1.8202e-005
29801,1.6055e-005
29802,2.0976e-005
29803,9.6919e-007
29804,1.5933e-006
29805,1.3539e-006
29806,1.6402e-006
29807,2.2654e-006
29808,2.871e-005
29809,3.2299e-005
29810,1.3128e-006
29811,1.468e-006
29812,2.3363e-006
29813,2.2537e-005
29814,1.2454e-006
29815,2.1851e-006
29816,1.536e-006
29817,1.3077e-005
29818,1.4113e-005
29819,1.668e-006
29820,9.7197e-007
29821,2.8022e-005
29822,3.3063e-005
29823,2.6662e-005
29824,1.5978e-005
29825,1.6851e-005
29826,2.0092e-005
29827,1.5362e-005
29828,1.7137e-006
29829,1.4936e-006
29830,3.9075e-005
29831,4.7403e-005
29832,1.2203e-006
29833,8.2498e-007
29834,5.751e-007
29835,3.4949e-007
29836,5.3992e-006
29837,5.6925e-007
29838,1.5731e-006
29839,6.7668e-007
29840,2.0771e-005
29841,2.1635e-005
29842,1.8259e-005
29843,1.7995e-005
29844,2.1175e-005
29845,1.8491e-005
29846,3.1664e-005
29847,2.5459e-005
29848,2.556e-006
29849,1.8051e-006
29850,2.6063e-006
29851,7.634e-007
29852,2.7876e-006
29853,2.4613e-006
29854,1.4166e-005
29855,2.1173e-006
29856,9.6268e-007
29857,2.41e-006
29858,1.0747e-005
29859,1.2819e-005
29860,1.1523e-005
29861,3.965e-006
29862,8.0842e-006
29863,5.865e-006
29864,4.4967e-006
29865,1.1182e-005
29866,2.2994e-006
29867,7.8589e-006
29868,2.0002e-005
29869,1.605e-005
29870,1.1356e-005
29871,5.554e-005
29872,1.7003e-005
29873,1.538e-005
29874,4.3069e-006
29875,4.0516e-006
29876,2.3791e-006
29877,6.0985e-006
29878,5.5528e-006
29879,5.4621e-006
29880,2.1229e-006
29881,2.6938e-006
29882,2.8852e-006
29883,1.3492e-006
29884,3.9014e-006
29885,1.447e-005
29886,1.4605e-005
29887,1.5148e-006
29888,2.336e-006
29889,8.1515e-006
29890,3.315e-006
29891,1.17e-005
29892,3.781e-005
29893,2.4482e-006
29894,6.1678e-005
29895,6.3458e-005
29896,1.2318e-005
29897,4.9694e-006
29898,4.3745e-005
29899,2.0235e-006
29900,1.828e-005
29901,5.6638e-005
