NodeNumber,Total Deformation (m)
1,9.0126e-003
2,9.0168e-003
3,9.5049e-003
4,9.8665e-003
5,9.9997e-003
6,9.8685e-003
7,9.5085e-003
8,9.0107e-003
9,9.0149e-003
10,9.5032e-003
11,9.8648e-003
12,9.998e-003
13,9.8668e-003
14,9.5067e-003
15,1.1354e-003
16,1.143e-003
17,1.5717e-003
18,1.8958e-003
19,2.0165e-003
20,1.8985e-003
21,1.5772e-003
22,1.1238e-003
23,1.1296e-003
24,1.5613e-003
25,1.8875e-003
26,2.0087e-003
27,1.8901e-003
28,1.5662e-003
29,0.
30,0.
31,0.
32,0.
33,0.
34,0.
35,0.
36,4.23e-009
37,1.9821e-006
38,1.3797e-008
39,5.3045e-008
40,1.7431e-007
41,5.0901e-007
42,1.2155e-006
43,1.438e-006
44,0.
45,0.
46,0.
47,0.
48,0.
49,0.
50,0.
51,1.0103e-013
52,1.5043e-011
53,1.9658e-013
54,6.3137e-013
55,2.0129e-012
56,5.7596e-012
57,1.1521e-011
58,8.5256e-003
59,8.1663e-003
60,8.0342e-003
61,8.1642e-003
62,8.522e-003
63,7.1486e-004
64,4.3669e-004
65,3.5321e-004
66,4.3586e-004
67,7.1141e-004
68,1.178e-004
69,1.1793e-004
70,1.5351e-004
71,1.8043e-004
72,1.9616e-004
73,1.8551e-004
74,1.6336e-004
75,1.417e-004
76,4.1019e-005
77,8.3868e-005
78,5.919e-005
79,4.8959e-005
80,4.327e-005
81,5.3147e-005
82,6.1365e-005
83,6.7167e-005
84,7.0258e-005
85,6.9847e-005
86,6.5193e-005
87,5.5894e-005
88,1.164e-002
89,1.0594e-002
90,9.5481e-003
91,8.5039e-003
92,7.463e-003
93,6.4277e-003
94,5.4012e-003
95,4.3875e-003
96,3.3921e-003
97,2.4227e-003
98,1.4972e-003
99,7.1275e-004
100,2.7945e-004
101,1.161e-004
102,1.1623e-002
103,1.1629e-002
104,1.1635e-002
105,1.1639e-002
106,1.1642e-002
107,1.1643e-002
108,1.1643e-002
109,1.1642e-002
110,4.8186e-005
111,9.1391e-005
112,2.1433e-004
113,5.8527e-004
114,1.2945e-003
115,2.1863e-003
116,3.1375e-003
117,4.1163e-003
118,5.1263e-003
119,6.1502e-003
120,7.1836e-003
121,8.2234e-003
122,9.3331e-003
123,1.0478e-002
124,4.1243e-005
125,5.4722e-005
126,6.4369e-005
127,6.9e-005
128,6.9672e-005
129,6.685e-005
130,6.0951e-005
131,5.2735e-005
132,4.3296e-005
133,8.3873e-005
134,5.902e-005
135,0.
136,2.8478e-005
137,1.8746e-005
138,0.
139,0.
140,0.
141,0.
142,0.
143,0.
144,0.
145,0.
146,0.
147,0.
148,2.9772e-005
149,1.6236e-005
150,0.
151,0.
152,0.
153,0.
154,0.
155,0.
156,0.
157,0.
158,0.
159,0.
160,0.
161,0.
162,0.
163,0.
164,0.
165,0.
166,0.
167,0.
168,0.
169,0.
170,0.
171,0.
172,0.
173,0.
174,0.
175,0.
176,0.
177,0.
178,0.
179,0.
180,0.
181,0.
182,0.
183,0.
184,0.
185,0.
186,0.
187,0.
188,0.
189,0.
190,0.
191,0.
192,0.
193,0.
194,0.
195,0.
196,0.
197,0.
198,0.
199,0.
200,0.
201,0.
202,0.
203,0.
204,0.
205,0.
206,0.
207,0.
208,0.
209,0.
210,0.
211,0.
212,0.
213,0.
214,0.
215,0.
216,1.891e-005
217,1.3017e-005
218,1.7989e-005
219,1.854e-005
220,1.958e-005
221,2.1019e-005
222,2.2441e-005
223,2.4061e-005
224,2.5567e-005
225,2.681e-005
226,2.7863e-005
227,2.9013e-005
228,3.0276e-005
229,3.131e-005
230,3.1718e-005
231,3.2705e-005
232,3.3563e-005
233,3.3787e-005
234,3.4055e-005
235,3.4496e-005
236,3.4569e-005
237,3.4717e-005
238,3.5163e-005
239,3.4887e-005
240,3.5012e-005
241,3.4863e-005
242,3.4695e-005
243,3.4741e-005
244,3.431e-005
245,3.4081e-005
246,3.3847e-005
247,3.3238e-005
248,3.2952e-005
249,3.2519e-005
250,3.1923e-005
251,3.16e-005
252,3.0978e-005
253,3.0368e-005
254,2.9616e-005
255,2.8844e-005
256,2.8212e-005
257,2.7326e-005
258,2.6493e-005
259,2.5663e-005
260,2.473e-005
261,2.4056e-005
262,2.2998e-005
263,2.2089e-005
264,2.1092e-005
265,2.0226e-005
266,1.9039e-005
267,1.7985e-005
268,1.6973e-005
269,1.5872e-005
270,1.4658e-005
271,7.8835e-006
272,1.1071e-005
273,9.2251e-006
274,6.2232e-006
275,7.9198e-006
276,8.113e-006
277,8.2929e-006
278,8.5573e-006
279,8.7083e-006
280,8.8546e-006
281,8.9148e-006
282,9.0659e-006
283,9.2043e-006
284,9.4093e-006
285,9.4391e-006
286,9.6168e-006
287,9.8184e-006
288,9.8978e-006
289,9.9331e-006
290,1.013e-005
291,1.0102e-005
292,1.0389e-005
293,1.0645e-005
294,1.065e-005
295,1.0798e-005
296,1.064e-005
297,1.0837e-005
298,1.0873e-005
299,1.0856e-005
300,1.1016e-005
301,1.0952e-005
302,1.0978e-005
303,1.1017e-005
304,1.1296e-005
305,1.1082e-005
306,1.1114e-005
307,1.0979e-005
308,1.1154e-005
309,1.0959e-005
310,1.0819e-005
311,1.068e-005
312,1.0511e-005
313,1.0469e-005
314,1.031e-005
315,1.0197e-005
316,1.0136e-005
317,9.6717e-006
318,9.0985e-006
319,8.8502e-006
320,8.1154e-006
321,7.5885e-006
322,7.0768e-006
323,6.5508e-006
324,6.0612e-006
325,5.6911e-006
326,5.4412e-006
327,5.5166e-006
328,8.6271e-006
329,1.3709e-005
330,1.1638e-002
331,1.9022e-005
332,1.0592e-002
333,9.5463e-003
334,8.5019e-003
335,7.4607e-003
336,6.4252e-003
337,5.3981e-003
338,4.3836e-003
339,3.3872e-003
340,2.4157e-003
341,1.5461e-003
342,7.9925e-004
343,3.3334e-004
344,1.5159e-004
345,6.2981e-005
346,3.8537e-005
347,2.7432e-005
348,1.2937e-005
349,8.2177e-006
350,1.4115e-005
351,1.1622e-002
352,1.1628e-002
353,1.1633e-002
354,1.1638e-002
355,1.1641e-002
356,1.1642e-002
357,1.1642e-002
358,1.164e-002
359,2.4274e-005
360,3.2883e-005
361,4.6878e-005
362,8.3382e-005
363,1.8497e-004
364,4.8692e-004
365,1.1481e-003
366,2.0469e-003
367,3.0064e-003
368,3.9947e-003
369,5.0033e-003
370,6.0263e-003
371,7.0593e-003
372,8.0987e-003
373,9.1422e-003
374,1.0333e-002
375,1.3635e-005
376,8.3081e-006
377,1.3483e-005
378,8.5236e-003
379,8.1642e-003
380,8.0322e-003
381,8.1622e-003
382,8.52e-003
383,7.0347e-004
384,4.2241e-004
385,3.3474e-004
386,4.1815e-004
387,7.0109e-004
388,1.3011e-005
389,1.468e-005
390,1.5826e-005
391,1.6914e-005
392,1.7968e-005
393,1.8969e-005
394,2.0081e-005
395,2.1115e-005
396,2.2029e-005
397,2.3061e-005
398,2.3997e-005
399,2.495e-005
400,2.5844e-005
401,2.6692e-005
402,2.755e-005
403,2.8402e-005
404,2.9108e-005
405,2.9743e-005
406,3.0415e-005
407,3.1194e-005
408,3.1467e-005
409,3.1951e-005
410,3.2771e-005
411,3.3238e-005
412,3.3857e-005
413,3.4452e-005
414,3.4767e-005
415,3.5045e-005
416,3.5285e-005
417,3.5705e-005
418,3.5626e-005
419,3.5434e-005
420,3.5572e-005
421,3.5884e-005
422,3.5208e-005
423,3.515e-005
424,3.497e-005
425,3.4554e-005
426,3.4313e-005
427,3.3679e-005
428,3.3072e-005
429,3.252e-005
430,3.1429e-005
431,3.0264e-005
432,2.9406e-005
433,2.8319e-005
434,2.7183e-005
435,2.5816e-005
436,2.4362e-005
437,2.273e-005
438,2.1389e-005
439,1.9914e-005
440,1.8846e-005
441,1.8376e-005
442,1.5842e-005
443,2.2363e-005
444,3.2564e-005
445,6.6414e-005
446,1.0315e-004
447,1.2164e-004
448,1.0587e-004
449,6.7813e-005
450,3.2301e-005
451,1.7388e-005
452,6.3272e-006
453,5.2582e-006
454,2.9892e-006
455,1.9956e-006
456,1.4002e-005
457,8.8835e-006
458,5.1787e-006
459,3.2199e-006
460,1.3758e-006
461,1.5873e-005
462,2.9192e-005
463,2.8638e-005
464,1.8879e-005
465,7.9009e-006
466,5.6173e-006
467,5.5596e-006
468,5.8165e-006
469,6.2017e-006
470,6.7777e-006
471,7.3497e-006
472,7.9625e-006
473,8.4522e-006
474,9.0894e-006
475,9.4954e-006
476,9.9875e-006
477,1.0252e-005
478,1.0503e-005
479,1.057e-005
480,1.0825e-005
481,1.094e-005
482,1.1015e-005
483,1.1178e-005
484,1.1351e-005
485,1.1232e-005
486,1.1329e-005
487,1.1367e-005
488,1.1111e-005
489,1.1225e-005
490,1.1171e-005
491,1.1194e-005
492,1.1077e-005
493,1.1082e-005
494,1.1065e-005
495,1.0938e-005
496,1.0753e-005
497,1.0775e-005
498,1.0619e-005
499,1.0498e-005
500,1.0461e-005
501,1.0362e-005
502,1.0319e-005
503,1.0392e-005
504,1.0133e-005
505,9.9789e-006
506,9.8794e-006
507,9.779e-006
508,9.7096e-006
509,9.552e-006
510,9.3624e-006
511,9.2462e-006
512,9.0536e-006
513,8.9615e-006
514,8.815e-006
515,8.521e-006
516,8.3031e-006
517,8.1434e-006
518,7.9435e-006
519,9.2276e-006
520,1.1061e-005
521,2.5997e-013
522,5.136e-013
523,2.3192e-012
524,1.0279e-011
525,4.5353e-011
526,1.9644e-010
527,8.9698e-010
528,3.4393e-009
529,1.5045e-008
530,6.6392e-008
531,2.2601e-007
532,7.731e-007
533,1.5937e-006
534,2.7288e-006
535,3.7936e-006
536,4.6336e-006
537,5.3024e-006
538,2.5617e-013
539,5.0308e-006
540,4.2074e-006
541,3.0646e-006
542,2.0984e-006
543,1.0857e-006
544,4.2721e-007
545,1.0909e-007
546,2.852e-008
547,6.7966e-009
548,1.4463e-009
549,3.4023e-010
550,7.9938e-011
551,1.8775e-011
552,3.9967e-012
553,6.8937e-013
554,1.217e-006
555,5.1493e-007
556,1.7355e-007
557,5.2218e-008
558,1.2423e-008
559,1.1632e-011
560,5.7706e-012
561,1.9828e-012
562,6.4077e-013
563,2.0674e-013
564,6.9673e-006
565,6.0893e-006
566,5.0079e-006
567,4.066e-006
568,3.4965e-006
569,3.3394e-006
570,3.369e-006
571,3.3786e-006
572,3.6544e-006
573,4.8171e-006
574,6.4304e-006
575,2.3977e-013
576,2.6768e-013
577,2.0407e-013
578,1.0135e-013
579,2.0383e-013
580,2.7072e-013
581,2.6523e-013
582,7.6628e-005
583,4.5445e-005
584,2.6971e-005
585,1.7822e-005
586,1.2577e-005
587,8.1496e-006
588,4.3625e-006
589,2.0111e-006
590,1.1212e-006
591,7.8578e-007
592,4.446e-007
593,4.4621e-007
594,8.0905e-007
595,1.1285e-006
596,2.0205e-006
597,4.4203e-006
598,8.2155e-006
599,1.2672e-005
600,1.8026e-005
601,2.6991e-005
602,4.5625e-005
603,7.6634e-005
604,1.0193e-005
605,9.4814e-006
606,9.5607e-006
607,1.2215e-005
608,1.5405e-005
609,1.2143e-005
610,8.9051e-006
611,1.8275e-005
612,1.2299e-005
613,8.6815e-006
614,1.1257e-005
615,1.6947e-005
616,1.196e-005
617,2.111e-005
618,3.1165e-005
619,1.2432e-005
620,5.2206e-005
621,1.9129e-005
622,1.214e-005
623,2.0314e-005
624,3.1116e-005
625,7.3783e-005
626,4.5522e-005
627,1.9425e-005
628,6.3815e-005
629,2.947e-005
630,2.7671e-005
631,4.1068e-005
632,1.9168e-005
633,1.2199e-005
634,1.2384e-005
635,1.0882e-005
636,1.8162e-005
637,7.869e-007
638,1.0221e-004
639,1.2523e-004
640,8.6791e-007
641,1.6494e-006
642,1.4802e-006
643,8.5265e-005
644,5.7965e-005
645,1.1372e-004
646,1.4714e-004
647,1.5135e-006
648,1.4988e-004
649,1.0853e-004
650,7.4991e-005
651,7.8699e-007
652,5.0341e-005
653,5.91e-007
654,5.9274e-007
655,1.105e-006
656,8.8726e-007
657,1.1592e-006
658,1.7534e-006
659,1.6219e-004
660,1.3528e-004
661,1.4906e-004
662,1.1699e-004
663,1.7865e-006
664,2.281e-006
665,2.4548e-006
666,2.473e-006
667,7.0878e-005
668,4.0419e-005
669,9.5207e-007
670,2.0359e-006
671,1.2572e-006
672,2.1053e-006
673,2.6172e-006
674,3.0808e-006
675,3.2883e-006
676,3.4788e-006
677,3.4558e-006
678,4.1131e-006
679,4.6738e-006
680,3.0978e-006
681,5.4224e-006
682,6.7053e-006
683,4.2679e-006
684,2.9e-006
685,3.8254e-006
686,5.3307e-006
687,7.2947e-006
688,1.0103e-005
689,8.3262e-006
690,1.2681e-005
691,5.0288e-006
692,5.9456e-006
693,1.0119e-005
694,1.4461e-005
695,1.1909e-005
696,1.536e-005
697,1.702e-005
698,1.8713e-005
699,1.9521e-005
700,2.2111e-005
701,1.394e-005
702,1.7666e-005
703,2.0862e-005
704,1.0113e-005
705,6.6227e-006
706,4.5994e-006
707,2.586e-006
708,4.8099e-006
709,8.7447e-006
710,1.3542e-005
711,7.0652e-006
712,1.1796e-005
713,1.6699e-005
714,2.2713e-005
715,2.0535e-005
716,2.3015e-005
717,2.3587e-005
718,3.4367e-005
719,2.9465e-005
720,5.4278e-005
721,2.8687e-005
722,2.3182e-005
723,2.4137e-005
724,2.0944e-005
725,3.4778e-005
726,3.1436e-005
727,2.0851e-005
728,1.6855e-005
729,9.7037e-005
730,1.1421e-005
731,1.4472e-005
732,1.1034e-005
733,1.3484e-005
734,8.0626e-006
735,1.1523e-005
736,1.5548e-005
737,1.571e-005
738,7.7135e-006
739,1.1971e-005
740,2.653e-005
741,2.5943e-005
742,2.6504e-005
743,1.9453e-005
744,1.8159e-005
745,1.789e-005
746,2.6297e-005
747,1.7644e-005
748,2.5885e-005
749,1.7539e-005
750,2.5891e-005
751,1.7248e-005
752,2.4575e-005
753,1.7101e-005
754,2.3142e-005
755,1.6871e-005
756,2.4351e-005
757,1.7298e-005
758,2.6245e-005
759,2.9405e-005
760,2.9384e-005
761,1.7376e-005
762,2.5255e-005
763,1.6929e-005
764,2.426e-005
765,1.6584e-005
766,2.3906e-005
767,1.5921e-005
768,2.1415e-005
769,1.5261e-005
770,2.244e-005
771,1.5532e-005
772,2.2585e-005
773,2.7172e-005
774,2.6624e-005
775,2.6657e-005
776,1.969e-005
777,1.8255e-005
778,1.8159e-005
779,1.7637e-005
780,2.6154e-005
781,1.7301e-005
782,2.52e-005
783,1.5936e-005
784,1.8841e-005
785,2.6043e-005
786,2.6359e-005
787,2.5407e-005
788,1.7762e-005
789,1.7345e-005
790,1.7081e-005
791,2.4554e-005
792,1.6434e-005
793,2.3912e-005
794,1.5391e-005
795,1.9572e-005
796,2.2867e-005
797,2.3211e-005
798,2.1527e-005
799,1.7277e-005
800,1.5254e-005
801,1.5419e-005
802,2.4663e-005
803,1.4038e-005
804,2.0294e-005
805,1.3118e-005
806,1.8915e-005
807,1.2079e-005
808,1.5759e-005
809,1.7232e-005
810,1.8873e-005
811,1.54e-005
812,1.0861e-005
813,1.2316e-005
814,9.3541e-006
815,1.9032e-005
816,1.9664e-005
817,1.8267e-005
818,1.5443e-005
819,1.4101e-005
820,1.4617e-005
821,2.0058e-005
822,1.4262e-005
823,2.0384e-005
824,1.4325e-005
825,2.0197e-005
826,1.3605e-005
827,1.528e-005
828,1.3279e-005
829,1.7531e-005
830,1.2809e-005
831,1.6439e-005
832,1.2193e-005
833,1.3926e-005
834,1.5209e-005
835,2.2229e-005
836,1.1751e-005
837,1.1512e-005
838,1.5255e-005
839,1.5792e-005
840,1.4533e-005
841,1.1153e-005
842,1.3837e-005
843,1.0681e-005
844,1.3233e-005
845,1.0878e-005
846,1.2575e-005
847,9.8946e-006
848,1.1798e-005
849,1.0806e-005
850,1.051e-005
851,1.4574e-005
852,1.3988e-005
853,7.3972e-006
854,1.0364e-005
855,2.5887e-005
856,2.525e-005
857,2.5852e-005
858,1.9497e-005
859,1.7599e-005
860,1.7501e-005
861,2.4413e-005
862,1.6121e-005
863,2.3234e-005
864,1.5946e-005
865,2.2798e-005
866,1.4687e-005
867,1.84e-005
868,1.6928e-005
869,2.6121e-005
870,1.6965e-005
871,2.5007e-005
872,1.5534e-005
873,1.922e-005
874,2.6253e-005
875,1.8195e-005
876,2.6437e-005
877,1.7389e-005
878,2.63e-005
879,1.7262e-005
880,2.5607e-005
881,1.6484e-005
882,2.3742e-005
883,1.54e-005
884,2.0677e-005
885,2.8559e-005
886,2.744e-005
887,1.8306e-005
888,2.6978e-005
889,1.7656e-005
890,2.6224e-005
891,1.728e-005
892,2.5638e-005
893,1.6121e-005
894,2.3472e-005
895,1.6056e-005
896,1.9765e-005
897,2.7601e-005
898,2.6245e-005
899,1.8057e-005
900,2.5529e-005
901,1.6985e-005
902,2.3697e-005
903,1.6138e-005
904,2.1717e-005
905,1.5258e-005
906,2.1019e-005
907,1.4267e-005
908,1.3812e-005
909,1.5501e-005
910,8.3041e-006
911,1.0457e-005
912,1.0285e-005
913,1.6303e-005
914,1.0757e-005
915,1.7648e-005
916,1.1928e-005
917,1.7891e-005
918,1.2489e-005
919,1.5961e-005
920,2.043e-005
921,1.3777e-005
922,2.0913e-005
923,1.3614e-005
924,1.8129e-005
925,2.3808e-005
926,1.4186e-005
927,2.5907e-005
928,1.5007e-005
929,2.0507e-005
930,2.2869e-005
931,2.2464e-005
932,1.7157e-005
933,1.4469e-005
934,1.5682e-005
935,2.2039e-005
936,1.4765e-005
937,2.1075e-005
938,1.4546e-005
939,2.0339e-005
940,1.4103e-005
941,1.7309e-005
942,2.0944e-005
943,1.9944e-005
944,1.4931e-005
945,1.9037e-005
946,1.4205e-005
947,1.3733e-005
948,1.8455e-005
949,1.3247e-005
950,1.7577e-005
951,1.2808e-005
952,1.676e-005
953,1.1983e-005
954,1.5185e-005
955,1.1409e-005
956,1.3407e-005
957,1.7227e-005
958,1.6188e-005
959,1.5014e-005
960,1.2178e-005
961,1.1467e-005
962,1.395e-005
963,1.0825e-005
964,1.2375e-005
965,1.3739e-005
966,1.2482e-005
967,1.0834e-005
968,9.8949e-006
969,3.3443e-004
970,3.3325e-004
971,7.9153e-004
972,5.5773e-004
973,6.0561e-007
974,1.4715e-005
975,1.4894e-005
976,1.4383e-005
977,2.8084e-005
978,2.7982e-005
979,2.7701e-005
980,2.7653e-005
981,1.3868e-005
982,4.76e-005
983,4.2807e-005
984,4.5044e-005
985,1.3654e-005
986,2.6136e-005
987,4.0043e-005
988,2.5218e-005
989,1.4527e-005
990,2.6549e-005
991,1.4536e-005
992,1.5625e-005
993,2.4692e-005
994,2.4937e-005
995,4.5921e-005
996,3.4317e-005
997,3.9242e-005
998,3.2046e-005
999,4.3385e-005
1000,3.6679e-005
1001,1.5015e-005
1002,1.4717e-005
1003,1.5114e-005
1004,2.8548e-005
1005,2.7451e-005
1006,2.9342e-005
1007,2.625e-005
1008,1.4492e-005
1009,4.3872e-005
1010,4.2114e-005
1011,3.9205e-005
1012,1.4562e-005
1013,1.5679e-005
1014,2.4502e-005
1015,3.3691e-005
1016,2.4882e-005
1017,3.219e-005
1018,1.3011e-005
1019,1.3959e-005
1020,1.1638e-005
1021,2.3491e-005
1022,2.6466e-005
1023,2.8482e-005
1024,4.0827e-005
1025,3.6699e-005
1026,4.5429e-005
1027,4.7636e-005
1028,4.8043e-005
1029,6.0306e-007
1030,0.
1031,0.
1032,0.
1033,0.
1034,0.
1035,0.
1036,0.
1037,0.
1038,0.
1039,0.
1040,0.
1041,0.
1042,0.
1043,0.
1044,0.
1045,0.
1046,0.
1047,0.
1048,0.
1049,0.
1050,0.
1051,0.
1052,0.
1053,0.
1054,0.
1055,0.
1056,0.
1057,0.
1058,0.
1059,0.
1060,0.
1061,0.
1062,0.
1063,0.
1064,0.
1065,0.
1066,0.
1067,0.
1068,0.
1069,0.
1070,0.
1071,0.
1072,0.
1073,0.
1074,0.
1075,0.
1076,0.
1077,0.
1078,0.
1079,0.
1080,0.
1081,0.
1082,0.
1083,0.
1084,0.
1085,0.
1086,0.
1087,0.
1088,0.
1089,0.
1090,0.
1091,0.
1092,0.
1093,0.
1094,0.
1095,0.
1096,0.
1097,0.
1098,0.
1099,0.
1100,0.
1101,0.
1102,0.
1103,0.
1104,0.
1105,0.
1106,0.
1107,0.
1108,0.
1109,0.
1110,0.
1111,0.
1112,0.
1113,0.
1114,0.
1115,0.
1116,0.
1117,0.
1118,0.
1119,0.
1120,0.
1121,0.
1122,0.
1123,0.
1124,0.
1125,0.
1126,0.
1127,0.
1128,0.
1129,0.
1130,0.
1131,0.
1132,0.
1133,0.
1134,0.
1135,0.
1136,0.
1137,0.
1138,0.
1139,0.
1140,0.
1141,0.
1142,0.
1143,0.
1144,0.
1145,0.
1146,0.
1147,0.
1148,0.
1149,0.
1150,0.
1151,0.
1152,0.
1153,0.
1154,0.
1155,0.
1156,0.
1157,0.
1158,0.
1159,0.
1160,0.
1161,0.
1162,0.
1163,0.
1164,0.
1165,0.
1166,0.
1167,0.
1168,0.
1169,0.
1170,0.
1171,0.
1172,0.
1173,0.
1174,0.
1175,0.
1176,0.
1177,0.
1178,0.
1179,0.
1180,0.
1181,0.
1182,0.
1183,0.
1184,0.
1185,4.8161e-003
1186,3.1792e-004
1187,2.7829e-004
1188,7.0393e-003
1189,6.999e-003
1190,2.6409e-003
1191,2.5791e-003
1192,2.2894e-004
1193,1.9827e-004
1194,6.7135e-003
1195,9.8955e-003
1196,9.5507e-003
1197,9.6045e-004
1198,1.1422e-003
1199,4.8186e-003
1200,2.3755e-004
1201,4.6828e-003
1202,2.9435e-004
1203,2.7689e-004
1204,2.8284e-004
1205,1.0264e-002
1206,8.4512e-003
1207,8.2152e-003
1208,5.3545e-003
1209,1.4433e-004
1210,1.3552e-004
1211,3.1167e-003
1212,7.686e-003
1213,5.8884e-003
1214,1.293e-004
1215,1.9061e-004
1216,6.0137e-003
1217,1.1278e-003
1218,7.6376e-003
1219,1.8727e-004
1220,1.2216e-004
1221,9.9386e-003
1222,4.8856e-003
1223,6.3103e-004
1224,4.3657e-003
1225,2.2254e-003
1226,1.0672e-002
1227,3.7745e-003
1228,4.7027e-004
1229,1.9689e-004
1230,1.0493e-003
1231,1.4167e-004
1232,1.2821e-004
1233,8.8031e-003
1234,7.4813e-003
1235,6.9168e-003
1236,2.9565e-004
1237,2.5078e-003
1238,6.3481e-004
1239,5.9814e-005
1240,6.0004e-005
1241,4.6164e-004
1242,2.2631e-004
1243,2.5133e-004
1244,1.89e-003
1245,1.4023e-004
1246,3.6888e-003
1247,4.1498e-004
1248,1.0344e-002
1249,3.5358e-003
1250,9.1932e-003
1251,1.2963e-004
1252,2.8285e-004
1253,2.8829e-004
1254,1.0687e-002
1255,7.547e-003
1256,6.7598e-003
1257,1.075e-002
1258,8.8178e-003
1259,1.7761e-003
1260,1.6869e-003
1261,6.1767e-003
1262,3.4091e-003
1263,3.8809e-003
1264,5.7805e-003
1265,9.039e-005
1266,7.9609e-005
1267,2.1449e-004
1268,1.4843e-004
1269,7.6631e-003
1270,8.6956e-003
1271,2.4644e-003
1272,6.6558e-003
1273,2.2637e-004
1274,3.0467e-004
1275,1.0862e-002
1276,5.8409e-003
1277,1.4609e-004
1278,1.0938e-004
1279,1.0745e-004
1280,3.0318e-003
1281,1.0016e-002
1282,3.886e-003
1283,1.2174e-004
1284,1.0756e-002
1285,1.4333e-003
1286,7.6657e-003
1287,2.0855e-003
1288,2.7357e-004
1289,1.115e-004
1290,1.2528e-004
1291,1.2567e-003
1292,7.4797e-003
1293,1.613e-003
1294,2.4547e-003
1295,9.3307e-004
1296,9.8834e-005
1297,1.0146e-002
1298,9.1462e-005
1299,1.4256e-004
1300,9.1184e-003
1301,1.9718e-003
1302,3.1094e-003
1303,2.0786e-004
1304,3.1199e-004
1305,5.4539e-004
1306,9.7125e-003
1307,1.0424e-002
1308,9.8393e-003
1309,1.9347e-004
1310,3.1561e-003
1311,8.1599e-004
1312,3.8516e-004
1313,6.1341e-004
1314,7.9862e-005
1315,1.0905e-002
1316,3.8908e-003
1317,2.1519e-004
1318,8.0977e-003
1319,1.7051e-004
1320,7.7222e-005
1321,1.0117e-004
1322,3.6426e-004
1323,8.9092e-003
1324,5.2407e-004
1325,1.9529e-003
1326,8.4689e-003
1327,9.0856e-005
1328,8.0599e-003
1329,2.9876e-003
1330,9.2258e-003
1331,2.4641e-003
1332,2.1607e-004
1333,1.7484e-004
1334,6.1684e-003
1335,7.2512e-004
1336,4.9768e-003
1337,5.7843e-003
1338,6.214e-004
1339,9.9961e-005
1340,1.42e-004
1341,9.5796e-003
1342,2.6053e-003
1343,1.6854e-003
1344,8.0336e-003
1345,1.0109e-006
1346,8.8503e-007
1347,4.6471e-010
1348,2.4763e-006
1349,2.6954e-006
1350,2.4549e-006
1351,3.8668e-006
1352,4.1581e-006
1353,3.0729e-006
1354,4.309e-006
1355,5.0261e-006
1356,1.9256e-011
1357,8.8352e-009
1358,9.8452e-012
1359,3.6622e-006
1360,1.2489e-008
1361,4.289e-006
1362,2.7303e-006
1363,1.9576e-006
1364,1.9978e-006
1365,4.2825e-011
1366,4.0107e-006
1367,3.8415e-006
1368,7.699e-013
1369,2.6081e-009
1370,1.6802e-007
1371,1.706e-012
1372,1.4422e-007
1373,8.3348e-010
1374,2.1512e-010
1375,1.3969e-006
1376,4.4012e-006
1377,4.8537e-006
1378,5.1114e-006
1379,4.6911e-006
1380,4.5517e-006
1381,5.2887e-006
1382,1.0158e-006
1383,1.9431e-006
1384,6.0346e-006
1385,7.5977e-006
1386,5.0644e-011
1387,4.0124e-006
1388,7.4881e-006
1389,1.4569e-006
1390,2.6261e-009
1391,2.1507e-006
1392,4.4863e-006
1393,4.3784e-006
1394,4.1639e-006
1395,6.6298e-006
1396,6.6815e-006
1397,2.61e-006
1398,4.4025e-006
1399,7.461e-006
1400,4.1896e-007
1401,5.7454e-012
1402,6.7714e-006
1403,8.1028e-006
1404,6.8533e-006
1405,7.0461e-006
1406,1.4142e-010
1407,1.4554e-011
1408,1.5003e-006
1409,5.6709e-006
1410,6.0265e-006
1411,7.5333e-006
1412,5.9809e-010
1413,1.521e-007
1414,5.0315e-006
1415,2.9732e-006
1416,5.1983e-006
1417,2.1054e-008
1418,5.914e-006
1419,3.7953e-007
1420,7.0366e-006
1421,3.2647e-013
1422,3.0611e-013
1423,3.5419e-006
1424,1.7457e-006
1425,4.1478e-006
1426,4.7013e-006
1427,4.6678e-006
1428,3.5111e-013
1429,2.3054e-008
1430,3.7264e-007
1431,1.838e-011
1432,7.9177e-006
1433,5.4966e-006
1434,5.7203e-006
1435,7.8809e-007
1436,6.376e-011
1437,5.9226e-010
1438,4.2171e-006
1439,2.877e-006
1440,1.1418e-006
1441,2.08e-009
1442,8.4206e-006
1443,7.1744e-006
1444,6.5872e-006
1445,4.4028e-008
1446,6.6609e-006
1447,3.5146e-006
1448,8.2278e-006
1449,6.8924e-006
1450,2.6645e-009
1451,6.5918e-006
1452,4.5315e-006
1453,4.277e-009
1454,6.4889e-006
1455,6.6618e-007
1456,7.4254e-009
1457,9.2908e-013
1458,4.3759e-012
1459,2.4578e-006
1460,4.2268e-006
1461,2.0388e-006
1462,4.8653e-006
1463,5.3671e-006
1464,6.9232e-006
1465,6.5403e-006
1466,1.0039e-006
1467,6.4673e-006
1468,2.5662e-006
1469,5.6333e-007
1470,7.3899e-006
1471,7.8532e-012
1472,1.979e-010
1473,4.7572e-008
1474,5.9027e-009
1475,1.3807e-006
1476,3.21e-006
1477,5.4036e-006
1478,1.7485e-012
1479,1.3481e-006
1480,6.7482e-006
1481,9.2586e-006
1482,1.3306e-010
1483,6.1916e-006
1484,6.7419e-006
1485,6.2571e-006
1486,8.5015e-010
1487,2.79e-009
1488,2.5699e-006
1489,5.0162e-006
1490,3.5189e-006
1491,4.5354e-011
1492,1.7554e-007
1493,2.7472e-007
1494,1.7603e-006
1495,6.7154e-006
1496,6.9324e-006
1497,3.9836e-006
1498,6.2401e-006
1499,5.1691e-006
1500,3.0819e-011
1501,3.4606e-009
1502,4.4246e-006
1503,3.7755e-006
1504,1.1384e-013
1505,1.1159e-006
1506,1.7179e-006
1507,4.7729e-006
1508,6.8097e-006
1509,2.5122e-010
1510,6.614e-006
1511,5.0325e-006
1512,2.4066e-006
1513,4.2e-006
1514,1.2604e-012
1515,1.9552e-011
1516,9.1243e-009
1517,6.9205e-010
1518,1.4231e-011
1519,5.5039e-007
1520,2.336e-012
1521,4.1191e-006
1522,6.6268e-006
1523,1.1915e-008
1524,2.268e-008
1525,1.2661e-007
1526,1.8558e-013
1527,1.7706e-006
1528,2.221e-006
1529,7.1085e-006
1530,1.2914e-006
1531,3.3459e-006
1532,7.4603e-012
1533,6.7881e-006
1534,3.8189e-006
1535,7.6362e-006
1536,7.5083e-006
1537,7.3128e-006
1538,8.4065e-006
1539,2.1787e-006
1540,3.3284e-006
1541,3.2036e-006
1542,2.3262e-013
1543,5.9043e-006
1544,6.9162e-006
1545,8.5551e-008
1546,8.0268e-006
1547,3.4925e-006
1548,5.4444e-012
1549,2.5988e-006
1550,6.7056e-008
1551,2.8724e-006
1552,1.8274e-010
1553,4.263e-006
1554,4.6589e-011
1555,3.3262e-006
1556,3.1797e-006
1557,5.5534e-006
1558,2.9299e-012
1559,6.7705e-013
1560,1.3049e-006
1561,7.9144e-006
1562,4.1194e-006
1563,1.4852e-009
1564,5.5442e-008
1565,8.5091e-011
1566,4.0851e-006
1567,3.3785e-013
1568,3.7732e-013
1569,6.1686e-006
1570,3.8137e-006
1571,4.1991e-006
1572,1.1783e-012
1573,3.1892e-007
1574,3.6094e-006
1575,3.048e-012
1576,7.8987e-006
1577,7.8876e-006
1578,7.2339e-006
1579,4.8985e-013
1580,6.4845e-006
1581,5.1877e-007
1582,1.5449e-011
1583,4.4915e-013
1584,5.3133e-009
1585,1.0859e-013
1586,2.7381e-006
1587,1.8818e-006
1588,1.6594e-006
1589,7.3209e-009
1590,5.5101e-006
1591,8.174e-006
1592,2.1939e-007
1593,1.9225e-006
1594,1.6283e-011
1595,3.2637e-006
1596,2.4183e-011
1597,1.3203e-009
1598,8.4603e-006
1599,1.9253e-006
1600,2.6157e-008
1601,6.589e-006
1602,8.245e-006
1603,2.6418e-006
1604,7.1971e-006
1605,3.6954e-010
1606,8.0158e-006
1607,8.5233e-006
1608,7.494e-006
1609,7.4234e-006
1610,3.8431e-006
1611,7.2428e-006
1612,7.5465e-006
1613,1.2577e-009
1614,1.7628e-006
1615,2.1211e-006
1616,3.4003e-006
1617,4.5516e-013
1618,4.5219e-006
1619,1.2045e-006
1620,1.6629e-006
1621,8.6004e-006
1622,8.6292e-006
1623,6.8804e-012
1624,9.4589e-009
1625,5.2813e-006
1626,4.7271e-006
1627,4.449e-006
1628,8.4802e-006
1629,8.0341e-006
1630,7.933e-007
1631,5.6584e-006
1632,2.6496e-006
1633,7.4475e-013
1634,6.5171e-006
1635,2.2677e-004
1636,2.8721e-004
1637,4.8923e-003
1638,1.4452e-004
1639,1.3169e-004
1640,8.7738e-005
1641,8.0824e-005
1642,2.9234e-003
1643,8.4536e-005
1644,7.1273e-003
1645,8.3802e-005
1646,6.9436e-003
1647,2.6347e-003
1648,3.3991e-005
1649,1.1218e-004
1650,5.5807e-005
1651,1.3642e-004
1652,1.3663e-004
1653,6.7689e-003
1654,2.932e-005
1655,1.6256e-004
1656,9.8314e-003
1657,7.5107e-005
1658,9.7139e-004
1659,9.5596e-003
1660,6.7339e-005
1661,1.3184e-003
1662,5.3052e-004
1663,4.7441e-003
1664,5.0926e-003
1665,4.4574e-005
1666,4.2417e-005
1667,6.1056e-005
1668,2.7875e-004
1669,4.6861e-005
1670,5.2386e-005
1671,5.6973e-005
1672,2.7826e-005
1673,3.0017e-005
1674,1.026e-002
1675,4.4983e-005
1676,5.1944e-005
1677,8.4266e-003
1678,8.2197e-003
1679,1.5208e-004
1680,1.307e-004
1681,1.6551e-004
1682,5.2995e-005
1683,4.4405e-005
1684,5.9302e-005
1685,8.4624e-005
1686,4.8768e-005
1687,4.8051e-005
1688,1.3576e-004
1689,4.3556e-005
1690,7.5887e-003
1691,6.128e-003
1692,5.1462e-005
1693,2.3685e-003
1694,5.8575e-003
1695,5.3949e-003
1696,4.6993e-005
1697,4.6011e-005
1698,1.1396e-003
1699,7.5209e-003
1700,2.512e-005
1701,9.9463e-003
1702,3.4162e-005
1703,4.8322e-005
1704,3.1467e-003
1705,4.4888e-003
1706,2.5195e-004
1707,4.8843e-003
1708,2.1265e-004
1709,2.2444e-003
1710,7.1502e-005
1711,1.0625e-002
1712,1.0194e-004
1713,6.4177e-004
1714,4.2154e-005
1715,4.2765e-005
1716,9.9842e-005
1717,3.7651e-003
1718,6.4594e-005
1719,1.5279e-003
1720,8.7973e-003
1721,4.3795e-005
1722,4.4305e-005
1723,5.4972e-005
1724,5.5561e-005
1725,3.791e-004
1726,3.1043e-005
1727,2.5681e-003
1728,5.0554e-005
1729,7.1301e-004
1730,5.8869e-005
1731,9.6095e-005
1732,4.6295e-005
1733,3.8058e-004
1734,5.1886e-005
1735,3.7166e-003
1736,8.4274e-005
1737,3.1164e-005
1738,3.9175e-005
1739,9.1464e-003
1740,4.0873e-005
1741,1.033e-002
1742,4.2525e-005
1743,3.3562e-005
1744,2.4823e-003
1745,1.0685e-002
1746,3.786e-005
1747,3.0894e-005
1748,7.5566e-003
1749,7.5929e-003
1750,8.8135e-003
1751,1.0589e-002
1752,4.1533e-005
1753,4.988e-005
1754,2.5145e-005
1755,9.9692e-005
1756,3.3838e-005
1757,1.6882e-003
1758,4.0226e-003
1759,7.9411e-005
1760,6.1606e-003
1761,1.9402e-005
1762,2.0395e-003
1763,4.2725e-005
1764,9.6896e-005
1765,2.6687e-004
1766,3.7473e-005
1767,4.3084e-005
1768,1.4852e-004
1769,5.7962e-003
1770,2.71e-004
1771,4.7937e-005
1772,2.5733e-005
1773,2.338e-004
1774,5.223e-005
1775,1.9461e-004
1776,4.5892e-004
1777,3.6261e-005
1778,6.5528e-003
1779,8.6141e-003
1780,7.6812e-005
1781,3.5094e-005
1782,4.8964e-005
1783,1.5283e-004
1784,2.3153e-005
1785,7.6073e-003
1786,3.0634e-005
1787,3.6628e-005
1788,1.6245e-003
1789,8.187e-005
1790,1.0897e-002
1791,4.1909e-005
1792,4.6746e-005
1793,4.9538e-004
1794,3.2611e-005
1795,4.1846e-005
1796,3.8768e-003
1797,1.0602e-002
1798,5.7777e-005
1799,4.3882e-005
1800,4.3763e-005
1801,2.5209e-003
1802,3.6102e-003
1803,4.4177e-005
1804,3.9542e-003
1805,3.9389e-005
1806,2.6484e-004
1807,6.8154e-005
1808,1.0022e-002
1809,3.0252e-003
1810,5.8548e-003
1811,4.1341e-005
1812,4.275e-005
1813,8.5973e-005
1814,2.0834e-003
1815,2.8482e-005
1816,4.5162e-005
1817,2.3314e-004
1818,1.5815e-004
1819,1.9738e-004
1820,3.8951e-005
1821,2.8292e-005
1822,2.1474e-005
1823,6.8349e-003
1824,1.2382e-004
1825,8.2182e-004
1826,4.0009e-005
1827,3.3053e-005
1828,3.0234e-005
1829,7.4696e-003
1830,1.2313e-003
1831,6.6645e-005
1832,9.576e-003
1833,2.6449e-005
1834,1.6156e-003
1835,1.7516e-004
1836,3.5094e-005
1837,3.6257e-005
1838,3.1445e-003
1839,1.0039e-002
1840,7.1174e-005
1841,6.9993e-005
1842,2.1188e-005
1843,1.0707e-002
1844,5.896e-005
1845,6.8343e-005
1846,1.2578e-004
1847,4.4058e-005
1848,4.4959e-003
1849,6.5007e-005
1850,6.2141e-005
1851,3.5383e-005
1852,7.4837e-005
1853,4.4984e-005
1854,2.7221e-004
1855,9.5728e-004
1856,3.4919e-005
1857,5.0655e-005
1858,4.1909e-005
1859,2.24e-004
1860,1.7075e-004
1861,1.9829e-003
1862,6.3714e-005
1863,9.8332e-003
1864,2.874e-005
1865,9.5267e-003
1866,4.0282e-005
1867,3.8496e-005
1868,9.9885e-005
1869,4.1028e-005
1870,4.2936e-005
1871,8.0581e-003
1872,8.3497e-004
1873,4.4271e-005
1874,6.9548e-005
1875,2.3728e-005
1876,1.855e-005
1877,4.188e-005
1878,5.5359e-005
1879,1.7293e-004
1880,5.4007e-005
1881,7.2842e-003
1882,6.6829e-003
1883,1.0902e-002
1884,8.4214e-003
1885,3.8857e-003
1886,9.9928e-004
1887,7.9936e-003
1888,3.8106e-005
1889,2.9911e-005
1890,4.7069e-005
1891,9.0713e-003
1892,1.5846e-004
1893,7.6441e-005
1894,1.0296e-004
1895,3.8908e-005
1896,4.0643e-005
1897,5.9702e-004
1898,6.1942e-004
1899,2.4345e-005
1900,1.9525e-003
1901,5.6226e-005
1902,1.3633e-004
1903,2.9906e-003
1904,5.9315e-005
1905,3.067e-005
1906,3.7625e-005
1907,7.9114e-003
1908,5.7052e-005
1909,2.4378e-004
1910,9.219e-003
1911,3.6252e-005
1912,2.4576e-003
1913,9.879e-005
1914,7.1636e-005
1915,3.2167e-003
1916,4.6297e-004
1917,6.1119e-003
1918,9.2354e-005
1919,3.4374e-005
1920,4.0251e-004
1921,3.9951e-005
1922,3.7662e-004
1923,5.6255e-005
1924,2.1332e-004
1925,4.9203e-005
1926,4.3127e-005
1927,6.7529e-003
1928,5.0803e-006
1929,8.0168e-006
1930,6.2112e-006
1931,1.4327e-006
1932,4.5157e-006
1933,1.0615e-005
1934,1.4398e-005
1935,7.3738e-006
1936,2.8235e-006
1937,5.1083e-006
1938,8.3141e-006
1939,7.279e-006
1940,1.7637e-006
1941,4.8877e-006
1942,1.0875e-005
1943,1.5143e-005
1944,4.442e-006
1945,7.3467e-006
1946,3.817e-006
1947,2.3744e-006
1948,1.7597e-005
1949,7.8949e-006
1950,3.2102e-005
1951,1.3483e-006
1952,6.296e-006
1953,1.8586e-005
1954,1.1339e-006
1955,1.1335e-005
1956,1.7736e-005
1957,7.9361e-006
1958,3.1862e-005
1959,1.4605e-006
1960,6.2737e-006
1961,1.862e-005
1962,1.108e-006
1963,1.1272e-005
1964,1.3153e-006
1965,2.2874e-006
1966,4.2669e-006
1967,2.9121e-006
1968,1.1668e-006
1969,2.8579e-006
1970,1.6118e-006
1971,9.1699e-007
1972,4.4915e-006
1973,9.9056e-007
1974,4.8478e-005
1975,2.4881e-005
1976,1.4556e-005
1977,2.9422e-005
1978,6.6959e-005
1979,3.0819e-005
1980,1.4529e-005
1981,2.427e-005
1982,1.6626e-005
1983,3.08e-005
1984,2.6539e-005
1985,1.576e-005
1986,2.634e-005
1987,4.0028e-006
1988,3.5618e-006
1989,2.5673e-005
1990,3.1941e-005
1991,5.1337e-006
1992,1.0699e-005
1993,3.4131e-006
1994,1.3378e-005
1995,1.4775e-005
1996,1.114e-005
1997,3.5984e-005
1998,1.6246e-005
1999,2.059e-006
2000,4.188e-005
2001,1.8653e-006
2002,2.505e-005
2003,3.9228e-006
2004,2.533e-006
2005,1.2043e-005
2006,1.4537e-006
2007,1.7294e-006
2008,2.1207e-005
2009,3.1401e-005
2010,3.8085e-006
2011,2.6707e-005
2012,1.0209e-005
2013,2.8378e-005
2014,3.5533e-005
2015,2.4858e-005
2016,3.4067e-005
2017,1.8014e-006
2018,2.1069e-006
2019,1.6221e-005
2020,1.2717e-005
2021,3.689e-006
2022,1.8748e-006
2023,1.9617e-006
2024,9.2075e-006
2025,9.2099e-006
2026,1.8019e-004
2027,3.5169e-006
2028,1.6691e-004
2029,2.9987e-007
2030,1.1993e-006
2031,7.3895e-005
2032,3.3733e-006
2033,1.7078e-004
2034,2.6112e-006
2035,1.2808e-003
2036,8.7085e-007
2037,2.7845e-004
2038,7.8595e-006
2039,9.6242e-006
2040,2.0043e-005
2041,4.9656e-005
2042,9.9139e-006
2043,4.3369e-006
2044,1.4886e-004
2045,3.5196e-006
2046,8.2233e-005
2047,1.2716e-006
2048,1.8598e-005
2049,3.1216e-005
2050,3.1315e-005
2051,4.8529e-006
2052,6.2971e-007
2053,2.7116e-006
2054,8.4409e-006
2055,1.6006e-004
2056,7.6207e-005
2057,1.1257e-006
2058,1.0631e-004
2059,2.5077e-004
2060,8.9143e-005
2061,2.469e-005
2062,5.2399e-005
2063,1.8809e-006
2064,1.5102e-006
2065,2.3849e-005
2066,8.0812e-005
2067,2.0538e-006
2068,7.6932e-005
2069,3.9794e-006
2070,4.6259e-004
2071,1.1704e-004
2072,2.3439e-005
2073,2.4033e-006
2074,9.5504e-005
2075,3.8614e-005
2076,9.9548e-005
2077,8.7027e-003
2078,2.6731e-005
2079,2.4165e-006
2080,1.6822e-006
2081,1.5157e-005
2082,1.8745e-004
2083,1.9115e-005
2084,1.0433e-006
2085,1.0795e-002
2086,1.356e-005
2087,2.4134e-004
2088,7.0266e-007
2089,5.4752e-005
2090,2.7578e-005
2091,2.6003e-004
2092,1.7943e-005
2093,1.3239e-006
2094,2.463e-005
2095,6.6495e-005
2096,1.2809e-004
2097,1.5976e-004
2098,2.4482e-005
2099,2.0505e-006
2100,1.4928e-006
2101,2.7674e-006
2102,1.3478e-005
2103,6.6105e-007
2104,6.1714e-007
2105,9.0146e-006
2106,4.4476e-006
2107,2.069e-006
2108,2.6334e-004
2109,1.3276e-005
2110,6.3508e-006
2111,8.2501e-006
2112,4.0231e-009
2113,7.6528e-013
2114,6.091e-012
2115,9.3998e-003
2116,1.6807e-004
2117,1.0298e-002
2118,6.0538e-005
2119,1.3232e-005
2120,3.8156e-005
2121,8.9684e-005
2122,5.8472e-005
2123,1.064e-005
2124,1.4292e-005
2125,2.2558e-005
2126,1.5668e-005
2127,1.2905e-006
2128,5.9679e-006
2129,6.3735e-005
2130,1.1476e-005
2131,1.1119e-005
2132,1.0672e-004
2133,2.3758e-006
2134,8.8791e-006
2135,1.5812e-005
2136,8.0893e-007
2137,1.7828e-005
2138,5.875e-006
2139,7.933e-007
2140,6.3621e-007
2141,2.1683e-013
2142,7.631e-014
2143,8.7297e-003
2144,1.2468e-004
2145,4.2644e-012
2146,2.5764e-005
2147,3.8765e-007
2148,1.2968e-005
2149,5.1739e-005
2150,5.6592e-006
2151,4.4197e-006
2152,3.0059e-006
2153,4.1849e-007
2154,2.7239e-005
2155,3.0772e-005
2156,6.2116e-007
2157,1.6051e-004
2158,1.5891e-005
2159,1.748e-005
2160,2.9053e-005
2161,1.1078e-004
2162,1.6349e-005
2163,5.2452e-005
2164,1.1838e-005
2165,1.2313e-005
2166,1.2627e-005
2167,2.4145e-005
2168,1.2138e-005
2169,1.7017e-005
2170,5.2462e-005
2171,9.8267e-006
2172,8.5791e-007
2173,5.267e-007
2174,2.7138e-006
2175,4.9446e-006
2176,5.7958e-007
2177,8.4214e-007
2178,1.7322e-006
2179,6.8344e-007
2180,1.6836e-008
2181,1.3384e-006
2182,2.828e-004
2183,9.7797e-005
2184,2.556e-013
2185,7.8197e-003
2186,1.0935e-002
2187,9.92e-003
2188,1.0475e-012
2189,1.8883e-012
2190,2.1737e-003
2191,8.1704e-003
2192,7.3021e-003
2193,2.1955e-003
2194,6.915e-005
2195,1.9548e-004
2196,3.5955e-007
2197,9.4274e-007
2198,8.1254e-007
2199,1.2356e-005
2200,2.4145e-005
2201,3.9307e-006
2202,2.4998e-005
2203,7.4774e-006
2204,3.1724e-006
2205,3.7152e-007
2206,1.5321e-005
2207,8.6134e-007
2208,1.4413e-005
2209,2.3551e-006
2210,2.1654e-006
2211,4.7129e-006
2212,9.4867e-007
2213,5.5166e-007
2214,9.9e-007
2215,7.4086e-008
2216,3.6014e-006
2217,2.437e-006
2218,6.7629e-007
2219,9.3381e-007
2220,3.738e-009
2221,8.2128e-012
2222,1.9351e-012
2223,9.3044e-012
2224,2.4981e-005
2225,3.4516e-005
2226,4.5519e-005
2227,3.2038e-005
2228,1.9387e-005
2229,3.3408e-005
2230,2.4333e-005
2231,1.6478e-005
2232,2.1957e-005
2233,1.7454e-005
2234,2.8847e-005
2235,1.2589e-005
2236,1.7259e-005
2237,1.8439e-005
2238,2.6334e-005
2239,2.1925e-005
2240,6.7628e-006
2241,1.0505e-005
2242,1.1953e-005
2243,3.3765e-006
2244,1.1034e-005
2245,4.691e-006
2246,2.3298e-006
2247,1.223e-005
2248,1.8656e-005
2249,1.7326e-005
2250,2.6748e-005
2251,3.3275e-005
2252,4.1456e-005
2253,2.9143e-005
2254,3.1983e-005
2255,1.8242e-005
2256,6.2923e-006
2257,6.085e-006
2258,2.6061e-007
2259,1.5546e-005
2260,6.7936e-006
2261,1.1446e-005
2262,7.153e-006
2263,1.4377e-005
2264,1.728e-005
2265,1.7846e-005
2266,1.8197e-005
2267,9.341e-006
2268,9.5e-006
2269,6.9677e-006
2270,1.5644e-006
2271,4.5574e-006
2272,1.6696e-005
2273,1.3129e-005
2274,2.3117e-005
2275,1.6376e-005
2276,2.2813e-005
2277,1.4426e-005
2278,1.2913e-005
2279,1.0726e-005
2280,1.656e-005
2281,1.714e-005
2282,2.3668e-005
2283,1.1519e-005
2284,1.5389e-005
2285,5.396e-005
2286,4.0411e-005
2287,4.4509e-005
2288,1.2118e-005
2289,2.2087e-005
2290,2.0822e-005
2291,4.9636e-006
2292,2.6186e-007
2293,7.833e-006
2294,4.9964e-005
2295,6.8581e-005
2296,4.0299e-005
2297,4.7372e-005
2298,4.1328e-005
2299,4.2104e-005
2300,7.5108e-006
2301,4.3944e-006
2302,1.2997e-006
2303,1.1307e-005
2304,3.2822e-005
2305,2.4875e-005
2306,3.3999e-005
2307,2.047e-006
2308,9.275e-006
2309,8.2091e-006
2310,6.9411e-006
2311,1.8535e-006
2312,6.5408e-006
2313,3.7981e-006
2314,5.199e-006
2315,1.0046e-005
2316,1.0147e-006
2317,1.4204e-005
2318,2.106e-005
2319,2.4688e-005
2320,6.9749e-006
2321,4.8969e-006
2322,1.9278e-006
2323,2.8426e-006
2324,7.0854e-006
2325,7.8044e-006
2326,6.3812e-007
2327,4.5472e-006
2328,7.259e-006
2329,1.0454e-005
2330,1.5791e-005
2331,3.3474e-005
2332,5.0407e-005
2333,2.395e-005
2334,6.0016e-006
2335,6.5127e-006
2336,2.1112e-005
2337,3.5365e-005
2338,1.2999e-005
2339,5.2643e-005
2340,1.6281e-005
2341,1.5037e-005
2342,2.898e-005
2343,3.5924e-005
2344,1.5977e-005
2345,4.0187e-005
2346,6.2728e-005
2347,4.1951e-005
2348,2.3953e-005
2349,3.275e-005
2350,3.5976e-005
2351,1.7891e-005
2352,3.7051e-005
2353,2.0393e-005
2354,2.71e-005
2355,4.7307e-005
2356,6.5199e-005
2357,3.0655e-005
2358,6.3076e-006
2359,4.8864e-007
2360,3.5727e-006
2361,5.8828e-006
2362,1.0295e-005
2363,5.4526e-006
2364,7.0972e-007
2365,6.6789e-006
2366,3.3192e-006
2367,1.6922e-005
2368,1.7829e-005
2369,1.1212e-005
2370,8.8502e-006
2371,2.3922e-006
2372,4.9403e-006
2373,1.753e-006
2374,4.3606e-006
2375,1.0502e-005
2376,5.0303e-006
2377,5.2505e-007
2378,9.9486e-006
2379,5.123e-006
2380,4.9182e-007
2381,6.6417e-006
2382,6.4806e-006
2383,9.743e-006
2384,7.416e-006
2385,9.198e-006
2386,6.8702e-006
2387,1.0213e-005
2388,1.3405e-005
2389,7.3103e-006
2390,1.1924e-005
2391,8.1086e-006
2392,6.7107e-006
2393,7.6852e-006
2394,9.6065e-006
2395,7.5234e-006
2396,1.1688e-005
2397,6.8697e-006
2398,7.5927e-006
2399,7.1099e-006
2400,1.1268e-002
2401,9.7444e-006
2402,1.4779e-005
2403,7.6644e-006
2404,7.123e-006
2405,9.1651e-006
2406,5.3916e-006
2407,8.3958e-006
2408,1.0013e-005
2409,4.8821e-006
2410,7.7323e-006
2411,4.8841e-006
2412,2.679e-005
2413,2.0128e-005
2414,2.088e-005
2415,2.3606e-005
2416,1.575e-005
2417,3.207e-005
2418,1.5041e-005
2419,2.3973e-005
2420,1.6392e-005
2421,2.8613e-005
2422,2.2399e-005
2423,3.1864e-005
2424,3.2356e-005
2425,3.0955e-005
2426,3.1977e-005
2427,1.4949e-005
2428,1.9399e-005
2429,1.8919e-013
2430,1.2226e-005
2431,3.595e-005
2432,9.5911e-006
2433,1.5193e-005
2434,1.3694e-005
2435,1.1729e-005
2436,1.7932e-005
2437,7.5797e-006
2438,6.4935e-006
2439,1.4446e-005
2440,2.5126e-005
2441,1.7923e-005
2442,2.043e-005
2443,3.4542e-005
2444,2.7523e-005
2445,1.2245e-005
2446,1.3615e-005
2447,1.4525e-005
2448,1.676e-005
2449,7.2162e-006
2450,9.6615e-006
2451,1.078e-005
2452,1.5051e-005
2453,1.0811e-005
2454,1.0975e-005
2455,5.9701e-006
2456,7.8327e-006
2457,1.1208e-005
2458,8.6718e-006
2459,5.5036e-006
2460,4.8956e-006
2461,9.5541e-006
2462,7.6068e-006
2463,6.9983e-006
2464,7.6349e-006
2465,6.0698e-006
2466,5.4077e-006
2467,1.4575e-005
2468,1.3049e-005
2469,9.2788e-006
2470,1.4251e-005
2471,1.0415e-005
2472,1.3514e-005
2473,7.1577e-006
2474,7.4534e-006
2475,7.6893e-006
2476,6.9271e-006
2477,1.0212e-005
2478,6.2768e-006
2479,7.083e-006
2480,1.2136e-005
2481,1.2451e-005
2482,2.3062e-005
2483,2.3828e-005
2484,3.486e-005
2485,8.2767e-006
2486,1.2372e-005
2487,1.1693e-005
2488,1.651e-005
2489,7.1699e-006
2490,1.1348e-005
2491,3.263e-005
2492,3.2507e-005
2493,3.3428e-005
2494,3.2454e-005
2495,3.0781e-005
2496,4.0018e-005
2497,7.5434e-006
2498,6.7243e-006
2499,9.0052e-006
2500,1.0049e-005
2501,6.4236e-006
2502,1.1564e-005
2503,1.1267e-005
2504,3.264e-005
2505,3.2606e-005
2506,2.9508e-005
2507,3.1861e-005
2508,1.4741e-005
2509,1.7007e-005
2510,1.542e-005
2511,9.1894e-006
2512,1.0635e-005
2513,1.427e-005
2514,1.2324e-005
2515,1.6687e-005
2516,1.6448e-005
2517,2.2728e-005
2518,2.3457e-005
2519,5.8817e-006
2520,1.0013e-005
2521,8.724e-006
2522,5.7303e-006
2523,7.9357e-006
2524,1.2957e-005
2525,1.2682e-005
2526,7.435e-006
2527,9.2208e-006
2528,2.3781e-005
2529,1.7163e-005
2530,1.857e-005
2531,1.5306e-005
2532,8.0113e-006
2533,1.1883e-005
2534,8.7339e-006
2535,7.0772e-006
2536,9.5222e-006
2537,3.5862e-006
2538,8.2984e-006
2539,1.6137e-005
2540,2.0809e-005
2541,2.2252e-005
2542,2.0684e-005
2543,2.4886e-005
2544,2.4163e-005
2545,1.9179e-005
2546,1.8692e-005
2547,7.2345e-006
2548,6.5708e-006
2549,1.0236e-005
2550,1.0614e-005
2551,7.8508e-006
2552,5.4503e-006
2553,1.1834e-005
2554,1.373e-005
2555,8.8579e-006
2556,8.9465e-006
2557,3.1113e-005
2558,2.2721e-005
2559,2.494e-005
2560,1.8189e-005
2561,1.9487e-005
2562,1.6298e-005
2563,1.0334e-005
2564,1.7527e-005
2565,1.6934e-005
2566,1.8998e-005
2567,2.3571e-005
2568,2.4276e-005
2569,1.8677e-005
2570,3.1318e-005
2571,3.397e-005
2572,1.4513e-005
2573,2.3321e-005
2574,1.76e-005
2575,2.1036e-005
2576,6.1967e-007
2577,5.9467e-006
2578,6.1173e-006
2579,1.4636e-005
2580,2.0312e-005
2581,1.7765e-005
2582,2.1803e-005
2583,1.0448e-005
2584,4.5446e-006
2585,2.967e-006
2586,9.0483e-006
2587,1.4746e-005
2588,1.1366e-005
2589,8.1894e-006
2590,1.8537e-005
2591,1.1945e-005
2592,1.1311e-005
2593,1.0696e-005
2594,1.3102e-005
2595,2.0165e-005
2596,1.3094e-005
2597,2.0012e-005
2598,2.5336e-005
2599,1.3808e-005
2600,3.6103e-006
2601,2.0308e-005
2602,1.3566e-005
2603,8.9524e-006
2604,1.3349e-004
2605,1.187e-004
2606,9.1906e-006
2607,1.3135e-005
2608,1.1616e-005
2609,5.6322e-006
2610,7.3121e-006
2611,6.2087e-006
2612,9.9959e-006
2613,7.3573e-006
2614,3.616e-006
2615,8.823e-006
2616,1.1902e-005
2617,1.5406e-004
2618,6.1782e-005
2619,4.4903e-005
2620,4.3388e-005
2621,1.723e-005
2622,7.7265e-006
2623,1.775e-005
2624,1.7932e-005
2625,1.1295e-005
2626,1.903e-006
2627,2.0694e-006
2628,2.4492e-005
2629,1.9298e-005
2630,2.4922e-006
2631,2.0012e-005
2632,2.6243e-005
2633,1.9835e-005
2634,3.3732e-006
2635,1.0477e-005
2636,8.8353e-006
2637,5.4129e-007
2638,9.5585e-007
2639,6.0799e-006
2640,2.685e-005
2641,1.4549e-005
2642,4.4335e-006
2643,2.3709e-005
2644,7.2099e-006
2645,3.5307e-006
2646,5.6955e-006
2647,3.9532e-006
2648,1.667e-004
2649,7.7596e-006
2650,8.0687e-006
2651,5.3828e-006
2652,4.3429e-006
2653,6.9357e-006
2654,6.5621e-006
2655,4.594e-006
2656,1.8775e-005
2657,2.7833e-005
2658,1.41e-005
2659,1.2129e-005
2660,1.1331e-005
2661,2.1423e-005
2662,5.3631e-006
2663,1.0334e-005
2664,8.0222e-006
2665,1.003e-005
2666,1.1777e-005
2667,2.2314e-005
2668,2.2747e-005
2669,1.5428e-005
2670,1.1411e-005
2671,1.4138e-005
2672,7.8981e-006
2673,5.7095e-006
2674,4.9515e-006
2675,8.933e-006
2676,2.3687e-005
2677,2.4189e-005
2678,1.8072e-005
2679,2.6945e-005
2680,1.191e-005
2681,7.6822e-006
2682,1.9363e-005
2683,1.8369e-005
2684,2.4027e-005
2685,8.7213e-006
2686,9.0333e-006
2687,7.0058e-006
2688,1.2783e-005
2689,2.7515e-005
2690,1.6345e-005
2691,1.4452e-005
2692,1.1168e-005
2693,1.8361e-005
2694,1.3207e-005
2695,1.1144e-005
2696,1.0581e-005
2697,2.305e-005
2698,2.3322e-005
2699,2.6382e-005
2700,2.4649e-005
2701,9.9784e-006
2702,1.4406e-005
2703,9.0338e-006
2704,8.2237e-006
2705,3.2908e-005
2706,3.2961e-005
2707,3.1572e-005
2708,4.1988e-005
2709,2.4194e-005
2710,1.2126e-005
2711,1.1389e-005
2712,2.2316e-005
2713,8.7759e-006
2714,1.4641e-005
2715,9.7533e-006
2716,7.5239e-006
2717,9.9041e-006
2718,1.0025e-005
2719,1.3416e-005
2720,1.054e-005
2721,1.0637e-005
2722,1.2126e-005
2723,8.9224e-006
2724,6.3205e-006
2725,1.0816e-005
2726,8.2694e-006
2727,1.1704e-005
2728,1.0365e-005
2729,1.5292e-005
2730,1.0749e-005
2731,1.1304e-005
2732,6.6378e-006
2733,1.1277e-005
2734,2.0494e-005
2735,1.9859e-005
2736,2.8049e-005
2737,1.7592e-005
2738,1.7326e-005
2739,5.156e-006
2740,1.6276e-005
2741,1.82e-005
2742,4.3142e-005
2743,3.5365e-005
2744,2.4595e-005
2745,1.5351e-005
2746,1.4214e-005
2747,9.356e-006
2748,8.0858e-006
2749,5.6015e-006
2750,8.5049e-006
2751,1.0771e-005
2752,1.2803e-005
2753,8.4131e-006
2754,8.2069e-006
2755,1.3198e-005
2756,1.0376e-005
2757,1.1324e-005
2758,1.0863e-005
2759,6.5939e-006
2760,1.305e-005
2761,9.7127e-006
2762,9.4985e-006
2763,1.0932e-005
2764,7.3861e-006
2765,2.7206e-005
2766,1.4081e-005
2767,2.2584e-005
2768,1.2e-005
2769,6.7194e-006
2770,7.7239e-006
2771,1.2943e-005
2772,9.4727e-006
2773,1.4369e-005
2774,1.2872e-005
2775,7.7793e-013
2776,2.8848e-004
2777,1.5827e-006
2778,3.9943e-012
2779,1.8104e-003
2780,8.3678e-014
2781,3.6197e-012
2782,7.8391e-003
2783,1.549e-007
2784,8.2344e-003
2785,1.0154e-002
2786,1.0135e-011
2787,1.2595e-003
2788,9.912e-012
2789,4.2844e-005
2790,1.6624e-006
2791,6.7315e-006
2792,8.6911e-004
2793,1.4556e-003
2794,1.9968e-004
2795,9.9965e-005
2796,1.491e-006
2797,1.0524e-004
2798,2.14e-004
2799,1.2484e-006
2800,1.6197e-006
2801,1.4325e-006
2802,8.0358e-007
2803,1.3329e-006
2804,7.1772e-004
2805,8.5191e-007
2806,2.3921e-005
2807,5.0854e-005
2808,1.1078e-005
2809,7.8913e-007
2810,5.2442e-005
2811,1.7518e-004
2812,3.3737e-006
2813,1.5282e-006
2814,4.6764e-006
2815,2.2224e-004
2816,3.8572e-004
2817,1.6712e-004
2818,1.8342e-005
2819,9.4322e-009
2820,3.5821e-013
2821,1.0491e-002
2822,1.4125e-004
2823,6.0748e-005
2824,2.9444e-005
2825,4.1484e-006
2826,1.7111e-005
2827,2.0812e-005
2828,1.6599e-006
2829,1.2531e-006
2830,1.4113e-006
2831,1.7197e-007
2832,3.7606e-006
2833,9.6227e-006
2834,1.7888e-004
2835,5.9082e-005
2836,4.0695e-005
2837,2.3464e-005
2838,1.7827e-005
2839,6.0598e-005
2840,1.7444e-006
2841,1.8335e-006
2842,8.6206e-007
2843,1.7711e-006
2844,4.9612e-005
2845,8.4933e-014
2846,1.0337e-002
2847,2.3595e-003
2848,4.4772e-007
2849,1.4196e-006
2850,4.0925e-006
2851,6.7096e-007
2852,1.4511e-005
2853,1.8912e-006
2854,5.0285e-007
2855,1.4954e-006
2856,1.6044e-005
2857,2.2438e-005
2858,9.6209e-006
2859,3.8587e-005
2860,5.78e-005
2861,5.3117e-005
2862,7.1762e-006
2863,7.4092e-007
2864,2.058e-006
2865,8.5717e-006
2866,2.6262e-006
2867,2.6445e-005
2868,2.3774e-005
2869,1.4985e-005
2870,1.0213e-005
2871,3.0402e-006
2872,1.9459e-005
2873,3.6672e-006
2874,3.6583e-005
2875,6.3507e-005
2876,4.7821e-005
2877,2.5244e-006
2878,9.2037e-007
2879,1.3888e-005
2880,1.4798e-005
2881,5.8873e-007
2882,5.2796e-006
2883,4.4699e-006
2884,3.0186e-006
2885,4.2838e-006
2886,1.4174e-006
2887,8.7774e-006
2888,2.1958e-005
2889,1.7002e-005
2890,9.4474e-006
2891,3.582e-006
2892,3.4463e-006
2893,3.5099e-006
2894,4.7857e-006
2895,1.9999e-006
2896,7.8637e-006
2897,5.5869e-006
2898,7.8741e-006
2899,2.0688e-005
2900,1.9216e-005
2901,2.487e-005
2902,3.5566e-005
2903,2.3986e-005
2904,1.2789e-005
2905,3.5031e-005
2906,3.2955e-005
2907,3.5829e-005
2908,8.5981e-005
2909,3.9605e-005
2910,3.4416e-006
2911,9.3132e-007
2912,3.6261e-006
2913,1.2434e-005
2914,6.5749e-006
2915,1.4795e-005
2916,1.1843e-005
2917,5.5865e-006
2918,5.3747e-006
2919,3.353e-006
2920,3.234e-006
2921,2.5307e-006
2922,4.6467e-006
2923,2.4279e-006
2924,4.4377e-006
2925,7.7983e-006
2926,4.8719e-006
2927,5.1477e-006
2928,4.4954e-006
2929,7.622e-006
2930,1.1994e-005
2931,4.9118e-006
2932,8.0108e-006
2933,1.3328e-005
2934,1.2554e-005
2935,6.7537e-006
2936,6.5024e-006
2937,6.6964e-006
2938,1.9494e-005
2939,1.5348e-005
2940,3.189e-005
2941,2.2389e-005
2942,1.9822e-005
2943,3.6498e-005
2944,2.3587e-005
2945,3.6046e-005
2946,2.915e-005
2947,2.9322e-005
2948,1.2278e-005
2949,2.0389e-005
2950,1.2552e-005
2951,2.8592e-005
2952,2.308e-005
2953,6.9909e-006
2954,1.5095e-005
2955,2.3713e-005
2956,3.7002e-005
2957,1.9328e-005
2958,1.2287e-005
2959,1.1882e-005
2960,1.5314e-005
2961,5.1185e-006
2962,4.1734e-006
2963,6.0374e-006
2964,3.7129e-006
2965,1.0026e-005
2966,5.3796e-006
2967,1.4004e-005
2968,5.1637e-006
2969,9.4613e-006
2970,1.0594e-005
2971,2.2512e-005
2972,5.3662e-006
2973,1.0406e-005
2974,1.3289e-005
2975,1.4734e-005
2976,9.4863e-006
2977,9.1292e-006
2978,2.9255e-005
2979,2.4494e-005
2980,6.0558e-006
2981,5.9642e-006
2982,5.3105e-006
2983,8.8895e-006
2984,9.1407e-006
2985,3.158e-005
2986,1.0053e-005
2987,1.1787e-005
2988,1.5244e-005
2989,7.0152e-006
2990,1.066e-005
2991,9.0261e-006
2992,1.2273e-005
2993,1.83e-005
2994,7.5457e-006
2995,7.7163e-006
2996,9.6776e-006
2997,4.0037e-006
2998,7.1368e-006
2999,1.4283e-005
3000,2.2664e-005
3001,1.8932e-005
3002,1.4188e-005
3003,4.6336e-006
3004,9.7194e-006
3005,5.6863e-006
3006,6.991e-006
3007,9.3748e-006
3008,1.9492e-005
3009,2.6373e-005
3010,1.2574e-005
3011,1.4143e-005
3012,2.7085e-005
3013,1.6894e-005
3014,2.5469e-005
3015,3.8024e-005
3016,2.3324e-005
3017,2.9123e-005
3018,2.4315e-005
3019,1.3465e-005
3020,1.4398e-005
3021,3.3243e-006
3022,1.5568e-005
3023,1.5753e-005
3024,3.846e-006
3025,2.8043e-006
3026,1.511e-005
3027,1.8564e-005
3028,8.1379e-006
3029,1.4348e-005
3030,1.5121e-005
3031,2.3561e-005
3032,1.2337e-005
3033,1.1722e-005
3034,1.5991e-005
3035,4.3402e-006
3036,7.1787e-006
3037,9.3324e-005
3038,8.5779e-005
3039,1.0553e-005
3040,1.1323e-005
3041,1.5754e-005
3042,6.1677e-006
3043,4.1615e-006
3044,4.9415e-006
3045,1.5716e-004
3046,3.2048e-005
3047,4.6982e-005
3048,1.787e-005
3049,9.9373e-006
3050,1.3301e-005
3051,5.7352e-006
3052,1.6631e-005
3053,1.3002e-006
3054,2.0307e-005
3055,2.7952e-006
3056,1.5583e-006
3057,3.0774e-006
3058,1.6299e-005
3059,3.4836e-005
3060,5.0246e-006
3061,5.7698e-006
3062,5.7932e-006
3063,1.1485e-006
3064,6.339e-006
3065,1.89e-005
3066,5.6307e-006
3067,3.3015e-006
3068,4.6406e-006
3069,7.8257e-006
3070,1.9702e-004
3071,1.6342e-004
3072,7.6038e-006
3073,5.7377e-006
3074,4.0095e-006
3075,2.4817e-005
3076,2.5636e-005
3077,1.022e-005
3078,8.9746e-006
3079,1.0125e-005
3080,1.5305e-005
3081,1.2142e-005
3082,1.803e-005
3083,6.2844e-006
3084,5.2462e-006
3085,8.6805e-006
3086,7.6263e-006
3087,2.0714e-005
3088,4.769e-006
3089,2.5884e-005
3090,2.4729e-005
3091,2.0675e-005
3092,1.5854e-005
3093,1.2924e-005
3094,1.0382e-005
3095,1.4676e-005
3096,1.8293e-005
3097,1.7901e-005
3098,1.8582e-005
3099,1.4923e-005
3100,2.4675e-005
3101,3.497e-005
3102,1.8807e-005
3103,9.8223e-006
3104,4.8209e-006
3105,9.833e-006
3106,8.2202e-006
3107,9.0504e-006
3108,3.4996e-003
3109,1.0631e-005
3110,8.4174e-006
3111,7.2971e-006
3112,1.4783e-005
3113,7.7792e-006
3114,7.5956e-006
3115,1.4371e-005
3116,1.2214e-005
3117,1.7398e-005
3118,1.7086e-005
3119,1.5848e-005
3120,1.0984e-005
3121,1.6088e-005
3122,7.4549e-006
3123,8.5483e-006
3124,1.0262e-005
3125,1.2542e-005
3126,9.4386e-006
3127,8.2324e-006
3128,5.501e-006
3129,7.829e-006
3130,1.1403e-005
3131,1.4443e-005
3132,7.2891e-006
3133,1.4639e-005
3134,9.2354e-006
3135,6.506e-006
3136,5.4107e-006
3137,1.1231e-005
3138,2.2513e-005
3139,8.7452e-006
3140,5.6931e-006
3141,6.1772e-006
3142,6.8818e-006
3143,8.3679e-006
3144,1.6257e-005
3145,1.0931e-005
3146,9.3532e-006
3147,1.2958e-005
3148,5.8363e-006
3149,4.1099e-006
3150,5.5166e-006
3151,1.5628e-005
3152,1.078e-005
3153,9.0486e-006
3154,8.8615e-006
3155,1.2418e-005
3156,1.1563e-005
3157,7.8987e-006
3158,1.1045e-005
3159,8.9885e-006
3160,5.8904e-006
3161,8.3108e-006
3162,9.2097e-006
3163,3.6631e-006
3164,1.0423e-005
3165,6.3598e-006
3166,1.561e-005
3167,1.8399e-005
3168,1.0939e-005
3169,1.4641e-005
3170,1.0253e-005
3171,1.0369e-005
3172,8.8592e-006
3173,7.706e-006
3174,1.6106e-005
3175,1.9097e-005
3176,1.5313e-005
3177,1.4325e-005
3178,1.3692e-005
3179,1.4886e-005
3180,1.0613e-005
3181,9.6859e-006
3182,1.1923e-005
3183,1.9002e-005
3184,1.0528e-005
3185,1.4207e-005
3186,5.3341e-006
3187,4.1948e-006
3188,7.4239e-006
3189,1.0528e-005
3190,8.4193e-006
3191,5.3909e-006
3192,5.9426e-006
3193,9.0355e-006
3194,9.9053e-006
3195,3.9825e-006
3196,7.5108e-006
3197,8.9171e-006
3198,6.1207e-006
3199,9.1273e-006
3200,9.685e-006
3201,5.1809e-006
3202,4.5088e-006
3203,1.1056e-005
3204,7.0099e-006
3205,1.4016e-005
3206,1.583e-005
3207,3.1394e-005
3208,2.6684e-005
3209,2.9716e-005
3210,4.2996e-005
3211,5.5005e-005
3212,1.7902e-005
3213,1.2711e-005
3214,1.8462e-005
3215,1.3659e-005
3216,1.1896e-005
3217,2.2112e-005
3218,1.1292e-005
3219,1.1979e-005
3220,1.2521e-005
3221,1.6554e-005
3222,1.148e-005
3223,1.3641e-005
3224,2.0447e-005
3225,1.9799e-005
3226,1.9426e-005
3227,4.9861e-006
3228,2.3119e-006
3229,3.3594e-005
3230,6.0337e-006
3231,9.0292e-006
3232,1.107e-005
3233,6.4639e-006
3234,2.725e-006
3235,1.3278e-005
3236,1.4419e-005
3237,1.9631e-005
3238,1.2425e-005
3239,1.2978e-005
3240,1.3614e-005
3241,7.3647e-006
3242,8.5593e-006
3243,3.2444e-005
3244,2.1624e-005
3245,5.7443e-006
3246,4.2866e-006
3247,7.8863e-006
3248,5.2105e-006
3249,5.8505e-006
3250,5.3807e-006
3251,4.5582e-006
3252,4.7215e-006
3253,1.8082e-006
3254,2.6152e-005
3255,4.3788e-006
3256,5.2986e-006
3257,5.1809e-006
3258,6.5267e-006
3259,1.1552e-005
3260,1.6246e-005
3261,1.7824e-005
3262,2.3356e-005
3263,1.1304e-005
3264,1.414e-006
3265,2.2231e-006
3266,2.8335e-006
3267,2.2628e-005
3268,9.8651e-007
3269,1.6653e-006
3270,1.3297e-006
3271,6.6379e-007
3272,1.5903e-005
3273,1.112e-005
3274,3.6246e-006
3275,3.3108e-005
3276,1.9662e-005
3277,2.9069e-005
3278,1.4914e-004
3279,1.8141e-004
3280,3.0807e-006
3281,1.828e-006
3282,6.9252e-006
3283,1.512e-005
3284,1.958e-005
3285,1.1977e-005
3286,1.2128e-004
3287,1.7301e-005
3288,1.0753e-005
3289,7.4103e-006
3290,8.9989e-006
3291,1.1483e-005
3292,5.1354e-006
3293,8.7204e-006
3294,8.9279e-006
3295,2.3756e-005
3296,3.7864e-006
3297,1.0358e-005
3298,7.3597e-006
3299,7.9564e-006
3300,8.075e-006
3301,3.2008e-005
3302,4.1064e-005
3303,2.4049e-005
3304,1.6384e-005
3305,4.0538e-005
3306,2.3615e-005
3307,3.3093e-005
3308,6.9175e-006
3309,7.8739e-006
3310,9.208e-006
3311,7.7871e-006
3312,3.4974e-006
3313,4.8828e-006
3314,1.2698e-005
3315,1.1833e-005
3316,1.0211e-005
3317,2.1824e-005
3318,1.0808e-005
3319,1.8194e-005
3320,2.7021e-005
3321,1.6756e-005
3322,2.8035e-005
3323,1.5221e-005
3324,9.5862e-006
3325,5.5569e-006
3326,5.6087e-006
3327,4.6474e-006
3328,7.4846e-006
3329,9.2893e-006
3330,1.5286e-005
3331,5.9578e-006
3332,9.7321e-006
3333,9.3163e-006
3334,4.3071e-006
3335,8.2942e-006
3336,1.5691e-005
3337,1.6384e-005
3338,8.6295e-006
3339,7.9434e-006
3340,4.9112e-006
3341,1.9955e-005
3342,2.6772e-005
3343,2.9838e-005
3344,7.652e-006
3345,4.3145e-006
3346,2.4889e-005
3347,2.274e-005
3348,2.2286e-005
3349,2.1293e-005
3350,2.3246e-005
3351,2.1057e-005
3352,9.3997e-006
3353,3.2297e-006
3354,7.4311e-006
3355,8.842e-006
3356,4.3714e-006
3357,3.7152e-006
3358,1.411e-005
3359,8.1927e-006
3360,3.2648e-006
3361,5.4945e-006
3362,8.1313e-006
3363,9.9644e-006
3364,2.3113e-006
3365,4.0217e-006
3366,2.4412e-006
3367,4.7509e-006
3368,1.5674e-005
3369,2.0785e-005
3370,1.2421e-005
3371,1.304e-005
3372,1.2272e-005
3373,1.6972e-005
3374,2.0251e-005
3375,1.694e-005
3376,3.6324e-005
3377,3.3403e-005
3378,3.398e-005
3379,3.6221e-005
3380,4.1212e-005
3381,7.4301e-005
3382,4.6331e-005
3383,1.9181e-005
3384,1.504e-005
3385,2.7293e-005
3386,1.9716e-005
3387,6.4224e-006
3388,7.0686e-006
3389,5.9702e-006
3390,7.5746e-006
3391,7.6316e-006
3392,5.1412e-006
3393,6.9405e-006
3394,7.3183e-006
3395,6.9829e-006
3396,4.4367e-006
3397,6.1514e-006
3398,9.4914e-006
3399,4.2102e-006
3400,3.6545e-006
3401,4.9316e-006
3402,7.8494e-006
3403,1.7838e-005
3404,1.3541e-005
3405,2.0596e-006
3406,4.1795e-006
3407,3.9482e-006
3408,1.5341e-005
3409,2.3186e-006
3410,2.7269e-006
3411,2.0333e-005
3412,3.3714e-005
3413,2.5234e-006
3414,5.9308e-008
3415,2.9446e-007
3416,1.6633e-006
3417,4.8468e-005
3418,2.3234e-004
3419,4.8614e-004
3420,2.2866e-005
3421,6.8224e-007
3422,4.749e-005
3423,2.5167e-004
3424,2.5185e-006
3425,1.401e-003
3426,5.3231e-006
3427,5.4019e-006
3428,1.9884e-006
3429,1.27e-005
3430,1.6914e-005
3431,4.6375e-006
3432,4.5344e-006
3433,1.6592e-005
3434,8.1237e-006
3435,2.5555e-005
3436,1.2097e-005
3437,6.4008e-006
3438,5.2809e-006
3439,6.058e-006
3440,3.5796e-006
3441,4.0248e-006
3442,5.7877e-006
3443,1.1182e-005
3444,1.1874e-005
3445,1.6368e-005
3446,1.4139e-005
3447,1.1123e-005
3448,1.5786e-005
3449,8.8134e-006
3450,5.9173e-006
3451,7.7422e-006
3452,5.4986e-006
3453,5.3167e-006
3454,3.7367e-006
3455,4.5281e-006
3456,6.6969e-006
3457,8.3867e-006
3458,9.7208e-006
3459,9.4714e-006
3460,5.6522e-006
3461,1.0194e-005
3462,5.4974e-006
3463,4.0389e-006
3464,4.0416e-006
3465,5.2941e-006
3466,6.3447e-006
3467,8.4248e-006
3468,6.1659e-006
3469,8.6994e-006
3470,7.9754e-006
3471,8.6929e-006
3472,8.9567e-006
3473,1.3436e-005
3474,1.9525e-005
3475,2.86e-005
3476,1.0203e-005
3477,1.2867e-005
3478,1.2212e-005
3479,1.2168e-005
3480,4.4645e-005
3481,2.7012e-005
3482,2.215e-005
3483,2.7743e-005
3484,1.7683e-005
3485,1.2384e-005
3486,1.227e-005
3487,3.312e-005
3488,1.2037e-005
3489,1.0557e-005
3490,1.0824e-005
3491,1.0399e-005
3492,1.8855e-005
3493,1.4488e-005
3494,1.0132e-005
3495,1.5882e-005
3496,1.8759e-005
3497,9.3486e-006
3498,3.5069e-006
3499,3.8374e-006
3500,5.8753e-006
3501,5.4684e-006
3502,7.7468e-006
3503,6.5819e-006
3504,2.8591e-006
3505,9.0822e-006
3506,5.039e-006
3507,1.1102e-005
3508,5.9988e-006
3509,6.9862e-006
3510,9.0568e-006
3511,8.7242e-006
3512,9.1963e-006
3513,3.7766e-005
3514,1.3426e-005
3515,1.2682e-005
3516,1.7976e-005
3517,2.5436e-005
3518,1.7185e-005
3519,1.6689e-005
3520,3.3058e-006
3521,6.0357e-006
3522,9.943e-006
3523,1.1373e-005
3524,1.0681e-005
3525,1.1668e-005
3526,1.1296e-005
3527,1.3027e-005
3528,1.1292e-005
3529,1.3214e-005
3530,6.1447e-006
3531,4.8753e-006
3532,1.3148e-005
3533,6.9769e-006
3534,8.2816e-006
3535,7.5804e-006
3536,5.3824e-006
3537,5.159e-006
3538,3.0541e-006
3539,4.0031e-006
3540,7.3256e-006
3541,8.0876e-006
3542,1.7626e-005
3543,3.0158e-005
3544,9.9206e-006
3545,1.2425e-005
3546,1.5561e-005
3547,8.2146e-006
3548,1.0735e-005
3549,4.8809e-006
3550,4.251e-006
3551,4.6618e-006
3552,5.2883e-006
3553,7.2136e-006
3554,1.1379e-005
3555,9.357e-006
3556,1.0464e-005
3557,2.797e-005
3558,1.8472e-005
3559,5.7119e-005
3560,1.9544e-005
3561,1.2384e-005
3562,1.6071e-005
3563,2.6212e-005
3564,3.6276e-005
3565,1.372e-005
3566,4.5557e-006
3567,6.0702e-006
3568,6.6803e-006
3569,9.4796e-006
3570,1.1813e-005
3571,6.1695e-006
3572,8.2723e-006
3573,1.3162e-005
3574,1.3672e-005
3575,1.4586e-005
3576,1.09e-005
3577,8.5059e-006
3578,7.3116e-006
3579,4.6378e-006
3580,2.4738e-006
3581,1.5051e-005
3582,3.9738e-006
3583,1.3534e-005
3584,1.3197e-005
3585,2.2101e-005
3586,7.3439e-006
3587,4.0662e-006
3588,2.7052e-005
3589,6.9295e-006
3590,1.1921e-005
3591,1.2952e-005
3592,1.9515e-005
3593,1.1425e-005
3594,4.4066e-006
3595,3.8788e-006
3596,8.2449e-006
3597,2.7488e-005
3598,3.2836e-006
3599,4.8725e-006
3600,3.6189e-006
3601,1.4281e-005
3602,1.145e-005
3603,8.3599e-006
3604,9.2382e-006
3605,1.0317e-005
3606,1.1772e-005
3607,3.0673e-005
3608,2.4334e-005
3609,7.9644e-006
3610,1.0107e-005
3611,7.3349e-006
3612,9.3697e-006
3613,7.039e-006
3614,7.0684e-006
3615,2.5709e-006
3616,1.098e-005
3617,6.9243e-006
3618,9.723e-006
3619,6.702e-006
3620,4.5922e-006
3621,1.2829e-005
3622,1.1067e-005
3623,1.3613e-005
3624,1.6043e-005
3625,1.3796e-005
3626,2.2064e-005
3627,2.0908e-005
3628,1.1817e-005
3629,1.3863e-005
3630,8.7818e-006
3631,7.8158e-006
3632,1.1064e-005
3633,1.2076e-005
3634,1.3895e-005
3635,9.045e-006
3636,1.1809e-005
3637,8.7129e-006
3638,1.3435e-005
3639,8.3415e-006
3640,1.0029e-005
3641,6.7245e-006
3642,2.2996e-006
3643,5.02e-006
3644,1.8471e-005
3645,9.3667e-006
3646,6.4783e-006
3647,1.779e-005
3648,2.4371e-005
3649,3.4323e-006
3650,7.4957e-006
3651,3.317e-006
3652,9.8811e-006
3653,1.3735e-005
3654,9.7379e-006
3655,9.8637e-006
3656,1.1702e-005
3657,9.7093e-006
3658,7.4436e-006
3659,5.7837e-006
3660,1.2648e-005
3661,1.4354e-005
3662,1.0199e-005
3663,7.8783e-006
3664,9.945e-006
3665,1.0444e-005
3666,6.7127e-006
3667,1.8733e-005
3668,9.319e-006
3669,1.2645e-005
3670,8.9107e-006
3671,1.1799e-005
3672,1.2089e-005
3673,5.8124e-006
3674,8.4847e-006
3675,1.1256e-005
3676,1.1482e-005
3677,4.1446e-006
3678,4.7963e-006
3679,9.811e-006
3680,7.4277e-006
3681,5.0265e-006
3682,1.0878e-005
3683,7.6233e-006
3684,5.7331e-006
3685,9.9733e-006
3686,7.9685e-006
3687,9.0257e-006
3688,7.6084e-006
3689,1.1181e-005
3690,1.3446e-005
3691,1.6334e-005
3692,1.3084e-005
3693,6.4795e-006
3694,2.5685e-006
3695,4.3426e-005
3696,1.9602e-005
3697,1.2331e-005
3698,6.1369e-006
3699,1.6746e-005
3700,3.8592e-006
3701,5.2928e-006
3702,3.0171e-006
3703,6.1996e-006
3704,7.4378e-006
3705,9.0076e-006
3706,1.2927e-005
3707,7.6325e-006
3708,6.0196e-006
3709,7.1719e-006
3710,4.0612e-005
3711,1.5787e-005
3712,1.0333e-005
3713,1.2181e-005
3714,7.7828e-006
3715,4.6226e-006
3716,8.5389e-006
3717,1.4075e-005
3718,1.0416e-005
3719,1.1547e-005
3720,5.9801e-006
3721,9.4392e-006
3722,9.5481e-006
3723,9.0139e-006
3724,3.3704e-006
3725,1.2039e-005
3726,1.0459e-005
3727,9.1114e-006
3728,4.5012e-006
3729,1.9341e-005
3730,8.7342e-006
3731,1.8777e-005
3732,5.0197e-006
3733,8.5947e-006
3734,4.0944e-006
3735,8.4227e-006
3736,4.5865e-006
3737,5.0905e-006
3738,1.5943e-005
3739,2.1594e-005
3740,1.437e-005
3741,8.0044e-006
3742,9.1592e-006
3743,1.6901e-005
3744,2.0557e-005
3745,1.4214e-005
3746,6.3831e-006
3747,7.0908e-006
3748,1.0443e-005
3749,8.7568e-006
3750,4.6743e-006
3751,1.0342e-005
3752,1.3068e-005
3753,3.5455e-006
3754,1.5704e-005
3755,1.2663e-005
3756,9.6951e-006
3757,5.3236e-006
3758,7.9584e-006
3759,9.8406e-006
3760,3.061e-005
3761,1.3281e-005
3762,1.3385e-005
3763,1.1953e-005
3764,7.2102e-006
3765,7.5816e-006
3766,6.5282e-006
3767,7.4305e-006
3768,7.8425e-006
3769,8.44e-006
3770,5.7964e-006
3771,2.1031e-005
3772,9.8318e-006
3773,7.9821e-006
3774,4.8277e-006
3775,5.6237e-005
3776,5.1283e-006
3777,1.842e-005
3778,1.1696e-005
3779,2.3819e-005
3780,7.8169e-006
3781,6.9799e-006
3782,8.9102e-006
3783,4.9613e-006
3784,6.9601e-006
3785,5.998e-006
3786,8.1409e-006
3787,9.4335e-006
3788,3.6424e-005
3789,1.228e-005
3790,2.2986e-005
3791,9.284e-006
3792,1.1687e-005
3793,4.7637e-006
3794,3.2686e-005
3795,4.5442e-005
3796,8.0841e-006
3797,5.1693e-006
3798,5.0416e-006
3799,1.6731e-005
3800,7.9956e-006
3801,1.4154e-005
3802,2.0128e-004
3803,3.3168e-005
3804,3.4464e-006
3805,1.0159e-005
3806,4.3111e-005
3807,3.2331e-007
3808,4.852e-005
3809,1.5848e-005
3810,6.8912e-005
3811,3.8669e-005
3812,3.8681e-006
3813,1.0458e-004
3814,2.9139e-006
3815,2.6227e-006
3816,2.9447e-008
3817,2.0637e-006
3818,8.5522e-006
3819,2.3736e-006
3820,5.5431e-005
3821,5.1561e-006
3822,1.2589e-006
3823,8.4692e-007
3824,6.4592e-006
3825,3.5073e-005
3826,1.2144e-004
3827,1.3532e-005
3828,3.2245e-005
3829,7.6929e-007
3830,3.4295e-005
3831,2.0738e-006
3832,6.5783e-007
3833,9.4529e-007
3834,4.9214e-005
3835,8.4979e-006
3836,1.165e-005
3837,1.6927e-004
3838,2.7224e-006
3839,1.2725e-006
3840,2.8124e-005
3841,4.9285e-006
3842,2.8405e-005
3843,2.3998e-005
3844,1.2616e-004
3845,2.8258e-004
3846,8.8587e-005
3847,3.4564e-006
3848,4.9624e-005
3849,9.5709e-003
3850,1.8641e-004
3851,4.8839e-005
3852,8.3139e-005
3853,4.1789e-005
3854,4.3376e-005
3855,4.415e-006
3856,3.1881e-006
3857,9.1988e-005
3858,4.1349e-006
3859,3.1008e-006
3860,6.0886e-006
3861,3.3004e-006
3862,2.9165e-006
3863,4.4606e-005
3864,4.3208e-006
3865,2.8555e-005
3866,3.205e-005
3867,1.1824e-004
3868,2.764e-006
3869,2.4536e-005
3870,1.1534e-005
3871,5.6288e-005
3872,7.5693e-007
3873,1.7848e-005
3874,2.7014e-006
3875,9.6422e-007
3876,5.1005e-005
3877,5.0038e-006
3878,8.1348e-006
3879,2.4591e-005
3880,1.925e-006
3881,2.9551e-006
3882,4.7116e-005
3883,3.3287e-006
3884,1.7217e-006
3885,4.7419e-006
3886,3.6576e-005
3887,1.2147e-006
3888,1.8064e-005
3889,4.3577e-006
3890,1.0496e-002
3891,9.8334e-007
3892,3.4942e-005
3893,1.415e-005
3894,7.4294e-006
3895,2.0158e-006
3896,2.8966e-006
3897,9.6599e-006
3898,2.1998e-004
3899,7.6631e-006
3900,2.0691e-006
3901,2.7539e-006
3902,1.6138e-004
3903,8.783e-007
3904,2.2529e-005
3905,1.421e-005
3906,2.0289e-005
3907,5.204e-005
3908,6.0552e-006
3909,1.3857e-006
3910,1.3409e-005
3911,9.676e-005
3912,1.2537e-005
3913,5.5048e-005
3914,2.3595e-005
3915,9.1003e-006
3916,9.8243e-006
3917,2.2168e-005
3918,8.2194e-005
3919,6.1624e-005
3920,1.876e-005
3921,1.549e-005
3922,6.6866e-006
3923,1.2953e-005
3924,4.065e-005
3925,1.5234e-005
3926,3.4878e-005
3927,1.3075e-006
3928,1.9392e-005
3929,5.1148e-005
3930,1.9722e-006
3931,3.2921e-005
3932,7.49e-006
3933,5.8692e-007
3934,6.4703e-006
3935,4.9531e-005
3936,4.6104e-005
3937,2.0443e-006
3938,7.0542e-006
3939,1.3492e-006
3940,8.5121e-006
3941,6.0532e-006
3942,1.6735e-005
3943,2.4755e-006
3944,3.8567e-005
3945,7.2684e-005
3946,6.568e-006
3947,3.2817e-005
3948,9.6542e-005
3949,5.903e-006
3950,2.0303e-006
3951,4.4371e-005
3952,4.3692e-004
3953,1.093e-006
3954,3.6359e-005
3955,2.0144e-005
3956,1.1722e-006
3957,2.0857e-005
3958,7.1168e-005
3959,2.6437e-004
3960,8.3515e-006
3961,9.8173e-005
3962,2.5489e-006
3963,1.6769e-006
3964,1.1425e-005
3965,3.1389e-005
3966,9.6132e-006
3967,6.6312e-005
3968,3.2984e-005
3969,6.156e-006
3970,3.2515e-005
3971,3.5039e-006
3972,2.281e-006
3973,2.0072e-006
3974,2.1961e-006
3975,1.7017e-004
3976,3.324e-006
3977,3.2102e-006
3978,1.4399e-005
3979,9.516e-007
3980,2.0603e-005
3981,3.2832e-005
3982,1.3356e-005
3983,2.0781e-006
3984,1.4603e-005
3985,1.3839e-006
3986,4.9238e-005
3987,1.5071e-005
3988,9.8979e-005
3989,2.6371e-005
3990,2.6225e-006
3991,1.4659e-005
3992,9.0026e-006
3993,1.2997e-006
3994,1.3141e-004
3995,4.0578e-005
3996,5.07e-006
3997,3.6109e-006
3998,4.1137e-006
3999,2.1847e-005
4000,6.3154e-005
4001,1.4256e-005
4002,3.1444e-006
4003,5.8822e-005
4004,3.5775e-006
4005,1.3848e-005
4006,1.0633e-005
4007,3.8698e-006
4008,3.5573e-006
4009,1.8487e-005
4010,5.2903e-006
4011,3.078e-005
4012,1.0206e-006
4013,1.1621e-005
4014,4.2132e-006
4015,1.5779e-005
4016,5.9748e-006
4017,5.3393e-005
4018,1.7321e-005
4019,5.3847e-006
4020,1.1093e-006
4021,1.6327e-005
4022,7.285e-006
4023,1.2891e-004
4024,1.4678e-006
4025,8.9901e-005
4026,1.7238e-006
4027,1.5679e-005
4028,1.1828e-005
4029,1.5528e-005
4030,3.3443e-005
4031,2.7778e-005
4032,2.0777e-005
4033,3.7601e-006
4034,3.7665e-006
4035,4.021e-006
4036,1.0525e-006
4037,1.8144e-006
4038,8.3311e-006
4039,2.1112e-005
4040,2.1144e-005
4041,3.8758e-005
4042,3.0275e-006
4043,1.9827e-006
4044,1.3274e-006
4045,5.1576e-006
4046,8.6721e-005
4047,2.0882e-005
4048,5.2177e-006
4049,1.0697e-005
4050,1.3588e-006
4051,5.785e-005
4052,1.7027e-006
4053,4.9243e-005
4054,7.3581e-006
4055,5.23e-006
4056,5.0668e-005
4057,1.1092e-005
4058,1.8458e-006
4059,6.0199e-007
4060,9.6548e-006
4061,3.6391e-006
4062,2.5922e-005
4063,9.0609e-006
4064,1.1193e-005
4065,6.3403e-006
4066,3.0177e-006
4067,5.7678e-005
4068,7.715e-006
4069,1.2205e-005
4070,1.8253e-004
4071,5.2515e-005
4072,4.6148e-005
4073,1.8207e-005
4074,5.5235e-005
4075,2.7875e-005
4076,8.587e-005
4077,6.4126e-005
4078,2.4341e-006
4079,3.3677e-006
4080,7.2764e-007
4081,8.4927e-006
4082,5.024e-005
4083,1.2318e-004
4084,1.8342e-004
4085,1.0935e-006
4086,7.4603e-007
4087,4.1933e-005
4088,1.1087e-004
4089,1.1006e-004
4090,1.6236e-004
4091,2.7712e-005
4092,2.5622e-006
4093,2.9647e-005
4094,4.5213e-005
4095,8.914e-005
4096,3.9769e-005
4097,3.1649e-005
4098,5.7665e-005
4099,1.0662e-005
4100,1.0417e-005
4101,2.9928e-006
4102,1.1307e-006
4103,5.326e-006
4104,1.5908e-006
4105,1.9744e-006
4106,4.3219e-006
4107,5.7917e-005
4108,7.5046e-005
4109,5.019e-005
4110,1.0029e-005
4111,4.7486e-006
4112,3.6899e-006
4113,9.5458e-006
4114,2.6662e-005
4115,1.5863e-006
4116,5.8264e-005
4117,8.4639e-007
4118,4.1405e-006
4119,2.8848e-006
4120,1.2997e-006
4121,3.4052e-006
4122,7.9741e-005
4123,9.6349e-007
4124,1.46e-006
4125,3.3061e-006
4126,2.7777e-006
4127,5.0062e-005
4128,2.8243e-006
4129,1.0772e-005
4130,2.7507e-006
4131,3.3607e-005
4132,1.816e-006
4133,9.5128e-005
4134,2.7794e-005
4135,2.1282e-005
4136,1.5063e-005
4137,5.7365e-005
4138,4.4772e-005
4139,1.7274e-006
4140,1.4751e-004
4141,1.3745e-006
4142,7.0514e-007
4143,1.1362e-005
4144,2.3515e-006
4145,8.6283e-007
4146,1.4675e-006
4147,3.4377e-006
4148,9.8755e-007
4149,1.3223e-004
4150,7.3287e-005
4151,2.1504e-005
4152,6.5742e-005
4153,6.1219e-005
4154,7.6828e-005
4155,1.261e-004
4156,3.6775e-006
4157,6.0712e-005
4158,1.3935e-006
4159,3.4563e-006
4160,3.558e-005
4161,3.512e-006
4162,6.8525e-007
4163,5.4085e-007
4164,4.4216e-006
4165,9.938e-006
4166,3.2367e-005
4167,6.0616e-007
4168,5.4899e-006
4169,3.948e-005
4170,4.7784e-006
4171,8.1981e-007
4172,2.5254e-005
4173,7.8943e-006
4174,1.7482e-005
4175,5.1182e-006
4176,1.2399e-005
4177,3.1104e-007
4178,1.5953e-005
4179,2.0335e-005
4180,7.7074e-006
4181,2.8994e-005
4182,3.1738e-006
4183,1.2899e-007
4184,4.5923e-006
4185,3.9215e-006
4186,2.4593e-005
4187,1.1091e-005
4188,4.04e-005
4189,1.4005e-005
4190,2.6795e-005
4191,1.7584e-005
4192,2.7283e-005
4193,5.4189e-005
4194,4.2909e-006
4195,7.5e-006
4196,2.3561e-005
4197,2.0933e-004
4198,3.318e-006
4199,1.8731e-006
4200,1.6401e-005
4201,4.1481e-005
4202,8.999e-006
4203,8.093e-006
4204,4.8511e-006
4205,6.1923e-005
4206,3.7402e-006
4207,7.693e-006
4208,1.3079e-005
4209,1.2707e-005
4210,6.8325e-006
4211,4.1375e-006
4212,2.6134e-006
4213,5.0586e-006
4214,6.9998e-006
4215,5.3695e-006
4216,9.2312e-006
4217,2.0612e-006
4218,7.316e-005
4219,3.575e-006
4220,1.4815e-005
4221,2.1725e-006
4222,8.9428e-007
4223,7.1262e-006
4224,5.0211e-005
4225,3.5261e-005
4226,3.3006e-005
4227,4.9978e-005
4228,4.0138e-005
4229,3.8013e-006
4230,1.0897e-005
4231,2.2504e-006
4232,2.0155e-005
4233,5.0693e-005
4234,5.5187e-006
4235,1.3697e-005
4236,1.3305e-005
4237,1.6974e-006
4238,1.1869e-005
4239,4.7771e-006
4240,2.8191e-006
4241,3.2683e-005
4242,3.5603e-006
4243,4.0026e-007
4244,1.3314e-004
4245,2.9409e-005
4246,2.8223e-006
4247,3.6183e-005
4248,6.3588e-005
4249,3.0774e-006
4250,8.8494e-006
4251,2.0826e-005
4252,7.5027e-005
4253,4.6953e-005
4254,9.0276e-006
4255,1.0181e-005
4256,5.5463e-006
4257,7.8831e-006
4258,2.9661e-006
4259,1.9743e-005
4260,2.5043e-005
4261,1.0355e-002
4262,5.2397e-006
4263,9.7664e-003
4264,3.5476e-006
4265,4.397e-004
4266,2.8811e-004
4267,1.867e-004
4268,3.7722e-005
4269,1.8964e-003
4270,1.1151e-002
4271,2.0682e-006
4272,3.237e-005
4273,8.4431e-006
4274,1.4176e-006
4275,1.625e-005
4276,3.2417e-005
4277,1.1543e-005
4278,4.384e-006
4279,1.6931e-004
4280,2.2388e-005
4281,2.0621e-005
4282,6.4353e-006
4283,5.3031e-006
4284,1.0571e-005
4285,5.4247e-006
4286,5.2102e-006
4287,8.5246e-006
4288,6.026e-007
4289,5.8479e-006
4290,5.0319e-005
4291,5.6438e-005
4292,3.7981e-005
4293,1.8088e-004
4294,1.6845e-005
4295,6.5582e-005
4296,2.2116e-004
4297,1.9742e-006
4298,8.947e-005
4299,6.875e-005
4300,5.5155e-005
4301,6.9205e-006
4302,1.4401e-004
4303,4.1744e-006
4304,2.3634e-004
4305,3.6651e-005
4306,9.781e-006
4307,2.0926e-006
4308,9.2672e-003
4309,9.0056e-003
4310,8.7584e-003
4311,8.7317e-003
4312,9.1029e-003
4313,8.8563e-003
4314,9.2712e-003
4315,9.0098e-003
4316,8.7624e-003
4317,8.7427e-003
4318,9.1213e-003
4319,9.2067e-003
4320,8.8719e-003
4321,9.7093e-003
4322,9.2605e-003
4323,9.4983e-003
4324,9.7217e-003
4325,9.349e-003
4326,9.8255e-003
4327,9.5101e-003
4328,9.5367e-003
4329,9.6342e-003
4330,9.9655e-003
4331,9.7029e-003
4332,9.8602e-003
4333,1.0269e-002
4334,1.0006e-002
4335,1.0081e-002
4336,9.8151e-003
4337,9.9666e-003
4338,9.9593e-003
4339,9.9935e-003
4340,1.0336e-002
4341,1.0172e-002
4342,1.0147e-002
4343,1.0076e-002
4344,1.0244e-002
4345,9.7123e-003
4346,9.9604e-003
4347,9.8623e-003
4348,1.0066e-002
4349,1.0106e-002
4350,9.893e-003
4351,1.001e-002
4352,9.2645e-003
4353,9.7059e-003
4354,9.5019e-003
4355,9.886e-003
4356,9.7624e-003
4357,9.3672e-003
4358,9.4528e-003
4359,9.7128e-003
4360,9.2654e-003
4361,8.7512e-003
4362,8.7565e-003
4363,9.096e-003
4364,8.7185e-003
4365,9.0786e-003
4366,9.2686e-003
4367,8.855e-003
4368,9.2694e-003
4369,8.7553e-003
4370,8.7605e-003
4371,8.7179e-003
4372,9.117e-003
4373,9.2058e-003
4374,8.8705e-003
4375,9.7076e-003
4376,9.7711e-003
4377,9.5149e-003
4378,9.6333e-003
4379,9.9638e-003
4380,1.0245e-002
4381,9.952e-003
4382,1.008e-002
4383,9.8143e-003
4384,9.9649e-003
4385,1.0311e-002
4386,1.0164e-002
4387,1.0146e-002
4388,1.0075e-002
4389,1.0243e-002
4390,9.7105e-003
4391,1.0063e-002
4392,1.0099e-002
4393,9.8922e-003
4394,1.0009e-002
4395,9.8831e-003
4396,9.7642e-003
4397,9.3629e-003
4398,9.4518e-003
4399,9.7119e-003
4400,1.3595e-003
4401,1.0869e-003
4402,9.1328e-004
4403,8.6356e-004
4404,1.2879e-003
4405,1.0302e-003
4406,1.1885e-003
4407,9.0521e-004
4408,1.3652e-003
4409,1.0939e-003
4410,9.1748e-004
4411,9.5389e-004
4412,1.1373e-003
4413,1.3802e-003
4414,9.676e-004
4415,1.2014e-003
4416,9.9011e-004
4417,1.7544e-003
4418,1.3189e-003
4419,1.535e-003
4420,1.7223e-003
4421,1.5008e-003
4422,1.7716e-003
4423,1.6814e-003
4424,1.4057e-003
4425,1.9855e-003
4426,1.8661e-003
4427,2.1793e-003
4428,1.9335e-003
4429,2.0267e-003
4430,1.8454e-003
4431,2.1209e-003
4432,1.9869e-003
4433,1.957e-003
4434,1.9886e-003
4435,2.2617e-003
4436,2.2399e-003
4437,2.0879e-003
4438,2.0997e-003
4439,1.7584e-003
4440,1.9584e-003
4441,1.8689e-003
4442,1.7262e-003
4443,2.2019e-003
4444,1.9254e-003
4445,2.1809e-003
4446,2.04e-003
4447,1.8909e-003
4448,1.3246e-003
4449,1.5412e-003
4450,1.5951e-003
4451,1.7647e-003
4452,1.4166e-003
4453,1.7275e-003
4454,1.3493e-003
4455,9.03e-004
4456,1.3767e-003
4457,1.0627e-003
4458,1.1817e-003
4459,8.9275e-004
4460,1.3547e-003
4461,9.0649e-004
4462,9.4696e-004
4463,1.1388e-003
4464,1.3753e-003
4465,9.7429e-004
4466,1.1974e-003
4467,9.8059e-004
4468,1.7453e-003
4469,1.5934e-003
4470,1.7718e-003
4471,1.6787e-003
4472,1.4001e-003
4473,1.9775e-003
4474,2.1842e-003
4475,1.935e-003
4476,2.0245e-003
4477,1.8429e-003
4478,1.9789e-003
4479,2.2879e-003
4480,2.2451e-003
4481,2.0857e-003
4482,2.0955e-003
4483,1.7495e-003
4484,2.2279e-003
4485,1.9211e-003
4486,2.1737e-003
4487,2.0357e-003
4488,1.8868e-003
4489,1.5601e-003
4490,1.5914e-003
4491,1.7594e-003
4492,1.4137e-003
4493,1.7229e-003
4494,0.
4495,2.7662e-009
4496,0.
4497,0.
4498,0.
4499,0.
4500,1.402e-009
4501,1.43e-009
4502,0.
4503,8.8164e-007
4504,0.
4505,0.
4506,0.
4507,0.
4508,0.
4509,3.9439e-007
4510,4.8352e-007
4511,3.3305e-007
4512,0.
4513,3.7949e-009
4514,7.6789e-009
4515,1.6434e-008
4516,0.
4517,0.
4518,7.1105e-009
4519,2.4746e-009
4520,0.
4521,3.3324e-008
4522,6.7086e-008
4523,0.
4524,0.
4525,1.2821e-008
4526,2.9232e-008
4527,0.
4528,1.2353e-007
4529,2.2807e-007
4530,0.
4531,0.
4532,9.5732e-008
4533,4.8094e-008
4534,0.
4535,3.6922e-007
4536,2.9215e-007
4537,0.
4538,0.
4539,0.
4540,2.0517e-007
4541,1.445e-007
4542,9.051e-007
4543,7.8924e-007
4544,4.3438e-007
4545,0.
4546,0.
4547,6.7287e-007
4548,4.499e-007
4549,4.6221e-007
4550,7.0345e-009
4551,3.7727e-009
4552,6.6776e-009
4553,4.576e-009
4554,5.9167e-009
4555,6.0615e-009
4556,4.4048e-009
4557,4.2304e-009
4558,1.7088e-006
4559,1.7665e-006
4560,1.7098e-006
4561,1.8629e-006
4562,1.9057e-006
4563,1.8167e-006
4564,1.6983e-006
4565,1.8122e-006
4566,1.7269e-006
4567,2.8947e-008
4568,2.164e-008
4569,1.0315e-008
4570,1.7212e-008
4571,7.1633e-009
4572,1.0103e-007
4573,3.5264e-008
4574,9.3103e-008
4575,6.3756e-008
4576,3.1915e-008
4577,6.2783e-008
4578,3.1235e-007
4579,1.4705e-007
4580,2.0323e-007
4581,1.9202e-007
4582,1.0674e-007
4583,8.1538e-007
4584,5.9804e-007
4585,3.9274e-007
4586,6.2511e-007
4587,3.1398e-007
4588,4.7531e-007
4589,3.084e-007
4590,1.5438e-006
4591,9.243e-007
4592,1.5062e-006
4593,8.8958e-007
4594,1.2318e-006
4595,1.3457e-006
4596,1.0063e-006
4597,7.9213e-007
4598,1.5424e-006
4599,1.1042e-006
4600,1.393e-006
4601,1.5333e-006
4602,1.1853e-006
4603,1.4502e-006
4604,1.0082e-006
4605,0.
4606,5.9781e-014
4607,0.
4608,0.
4609,0.
4610,3.4376e-014
4611,0.
4612,9.4202e-012
4613,9.0751e-012
4614,0.
4615,9.0756e-012
4616,0.
4617,0.
4618,4.362e-012
4619,4.851e-012
4620,0.
4621,7.1636e-014
4622,1.2296e-013
4623,2.3193e-013
4624,0.
4625,0.
4626,0.
4627,1.2888e-013
4628,7.8765e-014
4629,1.0227e-013
4630,4.7813e-014
4631,0.
4632,4.4409e-013
4633,0.
4634,0.
4635,3.7222e-013
4636,0.
4637,8.397e-013
4638,1.5123e-012
4639,0.
4640,0.
4641,1.0273e-012
4642,5.7826e-013
4643,0.
4644,2.6049e-012
4645,3.9993e-012
4646,5.9727e-012
4647,0.
4648,0.
4649,2.0561e-012
4650,1.4701e-012
4651,7.7328e-012
4652,0.
4653,0.
4654,0.
4655,2.6801e-012
4656,3.812e-012
4657,1.2314e-013
4658,7.545e-014
4659,1.2677e-013
4660,5.6494e-014
4661,1.0536e-013
4662,1.021e-013
4663,9.498e-014
4664,1.3774e-011
4665,1.3859e-011
4666,1.4652e-011
4667,1.3435e-011
4668,1.4057e-011
4669,1.1818e-011
4670,1.2388e-011
4671,3.7273e-013
4672,2.0487e-013
4673,3.6877e-013
4674,1.37e-013
4675,2.307e-013
4676,1.1701e-012
4677,3.7028e-013
4678,1.0099e-012
4679,5.7942e-013
4680,3.8441e-013
4681,8.0981e-013
4682,3.6448e-012
4683,1.5522e-012
4684,2.4461e-012
4685,2.2193e-012
4686,1.3284e-012
4687,8.5722e-012
4688,3.7249e-012
4689,5.9015e-012
4690,5.5553e-012
4691,3.4888e-012
4692,1.1756e-011
4693,8.2384e-012
4694,7.6451e-012
4695,1.0631e-011
4696,8.3223e-003
4697,8.5182e-003
4698,8.3148e-003
4699,8.4973e-003
4700,8.2926e-003
4701,8.6262e-003
4702,8.3463e-003
4703,8.0681e-003
4704,8.1587e-003
4705,7.8564e-003
4706,8.1132e-003
4707,8.1668e-003
4708,8.001e-003
4709,8.067e-003
4710,8.0605e-003
4711,8.0266e-003
4712,8.0594e-003
4713,7.7577e-003
4714,7.7906e-003
4715,7.9252e-003
4716,7.935e-003
4717,8.3193e-003
4718,8.1567e-003
4719,8.3119e-003
4720,7.8225e-003
4721,7.9149e-003
4722,8.1311e-003
4723,7.9901e-003
4724,8.1977e-003
4725,8.5146e-003
4726,8.4867e-003
4727,8.3097e-003
4728,8.611e-003
4729,8.3766e-003
4730,5.5374e-004
4731,7.4123e-004
4732,6.2409e-004
4733,7.7172e-004
4734,6.1546e-004
4735,3.7491e-004
4736,4.0568e-004
4737,3.7099e-004
4738,4.8109e-004
4739,3.5344e-004
4740,3.6206e-004
4741,3.6529e-004
4742,4.854e-004
4743,3.4328e-004
4744,4.073e-004
4745,3.574e-004
4746,3.7454e-004
4747,3.3695e-004
4748,3.3664e-004
4749,3.2911e-004
4750,3.3271e-004
4751,3.0733e-004
4752,3.2013e-004
4753,5.51e-004
4754,4.0305e-004
4755,3.6963e-004
4756,3.4996e-004
4757,4.5578e-004
4758,3.6071e-004
4759,3.5941e-004
4760,3.5117e-004
4761,3.5498e-004
4762,4.3394e-004
4763,5.079e-004
4764,6.642e-004
4765,5.7943e-004
4766,8.3046e-004
4767,6.6546e-004
4768,7.101e-004
4769,5.5544e-004
4770,1.3655e-004
4771,9.9543e-005
4772,9.5942e-005
4773,1.0815e-004
4774,1.3193e-004
4775,1.1245e-004
4776,9.6896e-005
4777,1.1784e-004
4778,1.299e-004
4779,9.9427e-005
4780,9.5964e-005
4781,1.1021e-004
4782,1.1353e-004
4783,1.3031e-004
4784,1.0694e-004
4785,1.2173e-004
4786,1.676e-004
4787,1.5121e-004
4788,1.3563e-004
4789,1.2431e-004
4790,1.4933e-004
4791,1.6389e-004
4792,1.3479e-004
4793,1.3658e-004
4794,1.9082e-004
4795,1.7128e-004
4796,1.6455e-004
4797,2.0256e-004
4798,1.9589e-004
4799,1.771e-004
4800,1.6861e-004
4801,1.6695e-004
4802,1.8021e-004
4803,1.9445e-004
4804,1.731e-004
4805,1.7953e-004
4806,2.1046e-004
4807,2.051e-004
4808,1.8707e-004
4809,1.814e-004
4810,1.7643e-004
4811,1.8801e-004
4812,1.7512e-004
4813,1.6631e-004
4814,1.6827e-004
4815,2.0504e-004
4816,2.0018e-004
4817,1.7743e-004
4818,1.9889e-004
4819,1.6642e-004
4820,1.7632e-004
4821,1.8989e-004
4822,1.7374e-004
4823,1.8488e-004
4824,1.5305e-004
4825,1.4422e-004
4826,1.5529e-004
4827,1.6694e-004
4828,1.5581e-004
4829,1.4364e-004
4830,1.2143e-004
4831,1.3396e-004
4832,1.4208e-004
4833,1.5627e-004
4834,1.332e-004
4835,4.8433e-005
4836,4.0115e-005
4837,3.4006e-005
4838,3.5622e-005
4839,4.7267e-005
4840,2.8398e-005
4841,3.7301e-005
4842,3.1805e-005
4843,3.6012e-005
4844,7.0696e-005
4845,6.4323e-005
4846,8.0453e-005
4847,9.4247e-005
4848,8.0179e-005
4849,7.6331e-005
4850,5.4252e-005
4851,5.8025e-005
4852,6.6407e-005
4853,4.4192e-005
4854,5.4914e-005
4855,6.3613e-005
4856,5.0689e-005
4857,7.5107e-005
4858,3.8093e-005
4859,3.2315e-005
4860,4.1606e-005
4861,6.4069e-005
4862,3.0412e-005
4863,4.1072e-005
4864,3.3907e-005
4865,4.7754e-005
4866,3.4361e-005
4867,4.1182e-005
4868,4.7987e-005
4869,3.819e-005
4870,3.6711e-005
4871,5.0059e-005
4872,6.1677e-005
4873,3.0835e-005
4874,3.9616e-005
4875,3.784e-005
4876,3.5922e-005
4877,5.7326e-005
4878,4.5599e-005
4879,4.1929e-005
4880,8.0278e-005
4881,6.8206e-005
4882,3.9461e-005
4883,4.3041e-005
4884,3.5091e-005
4885,4.3936e-005
4886,5.429e-005
4887,5.2507e-005
4888,3.9355e-005
4889,6.466e-005
4890,5.2039e-005
4891,4.8996e-005
4892,8.5904e-005
4893,8.9504e-005
4894,4.1756e-005
4895,4.6173e-005
4896,5.3951e-005
4897,4.5146e-005
4898,5.6182e-005
4899,6.9148e-005
4900,5.464e-005
4901,5.3392e-005
4902,5.7165e-005
4903,9.3374e-005
4904,8.646e-005
4905,4.9515e-005
4906,5.6794e-005
4907,5.6485e-005
4908,4.6938e-005
4909,5.3896e-005
4910,5.9754e-005
4911,7.1149e-005
4912,5.792e-005
4913,5.8134e-005
4914,8.8352e-005
4915,9.388e-005
4916,5.4351e-005
4917,6.7968e-005
4918,5.7954e-005
4919,5.4848e-005
4920,5.2235e-005
4921,5.5188e-005
4922,6.8012e-005
4923,5.6756e-005
4924,5.7642e-005
4925,9.199e-005
4926,9.3675e-005
4927,5.1288e-005
4928,4.3518e-005
4929,6.0979e-005
4930,5.4735e-005
4931,6.0474e-005
4932,4.9302e-005
4933,6.1129e-005
4934,5.2011e-005
4935,5.4777e-005
4936,8.8915e-005
4937,7.724e-005
4938,5.8787e-005
4939,4.2195e-005
4940,5.7439e-005
4941,4.7606e-005
4942,4.458e-005
4943,4.6729e-005
4944,4.8003e-005
4945,4.508e-005
4946,7.0817e-005
4947,3.563e-005
4948,5.3131e-005
4949,4.1e-005
4950,4.5684e-005
4951,1.1117e-002
4952,1.1641e-002
4953,1.1635e-002
4954,1.0071e-002
4955,1.1118e-002
4956,1.1111e-002
4957,1.0588e-002
4958,1.0065e-002
4959,1.0641e-002
4960,1.0216e-002
4961,1.0693e-002
4962,9.0257e-003
4963,9.5415e-003
4964,9.0187e-003
4965,9.1827e-003
4966,9.6938e-003
4967,9.1747e-003
4968,7.9829e-003
4969,8.4965e-003
4970,8.661e-003
4971,7.991e-003
4972,8.6526e-003
4973,6.9445e-003
4974,7.975e-003
4975,7.4546e-003
4976,7.4715e-003
4977,5.9132e-003
4978,6.9355e-003
4979,6.4181e-003
4980,6.3023e-003
4981,6.9534e-003
4982,6.2858e-003
4983,6.9405e-003
4984,4.8924e-003
4985,5.9027e-003
4986,5.3899e-003
4987,4.8801e-003
4988,5.1433e-003
4989,5.789e-003
4990,5.1325e-003
4991,5.7717e-003
4992,3.887e-003
4993,4.3739e-003
4994,3.8719e-003
4995,4.6371e-003
4996,4.1386e-003
4997,4.6252e-003
4998,4.1238e-003
4999,2.9033e-003
5000,3.375e-003
5001,2.884e-003
5002,3.2118e-003
5003,3.6414e-003
5004,3.1934e-003
5005,3.625e-003
5006,1.9504e-003
5007,2.3998e-003
5008,1.9549e-003
5009,2.7271e-003
5010,2.2538e-003
5011,2.706e-003
5012,2.2323e-003
5013,1.0798e-003
5014,1.4936e-003
5015,1.0988e-003
5016,1.7918e-003
5017,1.3787e-003
5018,1.3346e-003
5019,4.6783e-004
5020,7.1541e-004
5021,4.6501e-004
5022,5.5589e-004
5023,9.8388e-004
5024,7.2712e-004
5025,5.6318e-004
5026,9.3288e-004
5027,4.3706e-004
5028,1.8483e-004
5029,2.6332e-004
5030,1.6965e-004
5031,2.3732e-004
5032,3.5195e-004
5033,1.4964e-004
5034,2.529e-004
5035,1.5427e-004
5036,1.0269e-004
5037,8.434e-005
5038,6.5117e-005
5039,9.8905e-005
5040,1.5918e-004
5041,7.8472e-005
5042,1.1626e-002
5043,1.1051e-002
5044,1.1618e-002
5045,1.119e-002
5046,1.1632e-002
5047,1.1621e-002
5048,1.1624e-002
5049,1.1627e-002
5050,1.1193e-002
5051,1.1637e-002
5052,1.1629e-002
5053,1.1632e-002
5054,1.1192e-002
5055,1.1196e-002
5056,1.1029e-002
5057,1.1166e-002
5058,1.1641e-002
5059,1.1634e-002
5060,1.1636e-002
5061,1.1156e-002
5062,1.1194e-002
5063,1.1286e-002
5064,1.1394e-002
5065,1.1643e-002
5066,1.1637e-002
5067,1.1638e-002
5068,1.1157e-002
5069,1.1273e-002
5070,1.1396e-002
5071,1.1643e-002
5072,1.1638e-002
5073,1.1638e-002
5074,1.1253e-002
5075,1.1274e-002
5076,1.1455e-002
5077,1.1642e-002
5078,1.1638e-002
5079,1.1637e-002
5080,1.1165e-002
5081,1.1253e-002
5082,1.1455e-002
5083,1.0998e-002
5084,1.1636e-002
5085,1.1112e-002
5086,1.1636e-002
5087,1.1164e-002
5088,1.1217e-002
5089,6.5525e-005
5090,4.9521e-005
5091,3.1725e-005
5092,3.758e-005
5093,4.1113e-005
5094,2.9681e-005
5095,4.6129e-005
5096,3.6691e-005
5097,3.9959e-005
5098,1.4237e-004
5099,6.9993e-005
5100,1.0944e-004
5101,6.6093e-005
5102,6.8266e-005
5103,5.5818e-005
5104,3.7319e-004
5105,1.577e-004
5106,2.8713e-004
5107,1.6813e-004
5108,2.6015e-004
5109,1.1263e-004
5110,1.5877e-004
5111,2.3415e-004
5112,9.1211e-004
5113,4.949e-004
5114,8.0374e-004
5115,8.1914e-004
5116,4.3001e-004
5117,5.7597e-004
5118,6.6999e-004
5119,4.9038e-004
5120,4.1142e-004
5121,1.7319e-003
5122,1.1878e-003
5123,1.6355e-003
5124,1.1783e-003
5125,1.4918e-003
5126,2.6578e-003
5127,2.0948e-003
5128,2.5745e-003
5129,2.3217e-003
5130,1.9333e-003
5131,3.6241e-003
5132,3.0561e-003
5133,3.5496e-003
5134,3.2744e-003
5135,2.7941e-003
5136,3.3148e-003
5137,4.6193e-003
5138,4.043e-003
5139,4.5467e-003
5140,4.2424e-003
5141,3.7617e-003
5142,4.5457e-003
5143,4.2944e-003
5144,3.8045e-003
5145,5.6368e-003
5146,5.0545e-003
5147,5.5656e-003
5148,5.0517e-003
5149,5.4551e-003
5150,6.666e-003
5151,6.0795e-003
5152,6.5958e-003
5153,6.4032e-003
5154,5.9671e-003
5155,6.3434e-003
5156,7.7029e-003
5157,7.1139e-003
5158,7.6335e-003
5159,7.4236e-003
5160,6.9194e-003
5161,7.3883e-003
5162,8.7779e-003
5163,8.1544e-003
5164,8.6762e-003
5165,7.943e-003
5166,8.4596e-003
5167,8.4124e-003
5168,9.9054e-003
5169,9.2318e-003
5170,9.8275e-003
5171,9.0142e-003
5172,9.5229e-003
5173,9.4489e-003
5174,1.1045e-002
5175,1.04e-002
5176,1.0617e-002
5177,1.0095e-002
5178,4.0457e-005
5179,4.8534e-005
5180,3.4165e-005
5181,3.5485e-005
5182,4.6783e-005
5183,2.845e-005
5184,3.7422e-005
5185,3.2753e-005
5186,4.0389e-005
5187,6.0391e-005
5188,4.6912e-005
5189,4.4467e-005
5190,8.415e-005
5191,4.268e-005
5192,4.0251e-005
5193,4.8764e-005
5194,3.5764e-005
5195,5.2798e-005
5196,3.9922e-005
5197,4.3774e-005
5198,6.013e-005
5199,6.7255e-005
5200,5.4193e-005
5201,5.1175e-005
5202,9.6428e-005
5203,9.1079e-005
5204,4.3272e-005
5205,5.2628e-005
5206,4.8538e-005
5207,5.9976e-005
5208,4.3633e-005
5209,6.4919e-005
5210,6.9695e-005
5211,5.7679e-005
5212,5.6396e-005
5213,9.8568e-005
5214,8.3452e-005
5215,4.7023e-005
5216,5.0078e-005
5217,6.2269e-005
5218,5.9395e-005
5219,6.5365e-005
5220,6.8666e-005
5221,5.8057e-005
5222,5.4797e-005
5223,5.6465e-005
5224,8.3439e-005
5225,8.3084e-005
5226,6.5344e-005
5227,5.5324e-005
5228,5.1278e-005
5229,6.5522e-005
5230,6.4152e-005
5231,5.5316e-005
5232,5.4051e-005
5233,9.6646e-005
5234,8.1517e-005
5235,5.9887e-005
5236,5.4182e-005
5237,5.7667e-005
5238,4.9982e-005
5239,5.7252e-005
5240,4.8825e-005
5241,5.1544e-005
5242,8.8585e-005
5243,9.3235e-005
5244,4.22e-005
5245,5.7411e-005
5246,4.5337e-005
5247,5.5455e-005
5248,6.0924e-005
5249,4.7884e-005
5250,5.008e-005
5251,4.7995e-005
5252,4.2237e-005
5253,4.5605e-005
5254,8.2736e-005
5255,6.3858e-005
5256,4.1197e-005
5257,4.8005e-005
5258,4.2386e-005
5259,3.5044e-005
5260,4.3513e-005
5261,5.1543e-005
5262,3.8171e-005
5263,3.8583e-005
5264,3.6638e-005
5265,4.9857e-005
5266,5.7687e-005
5267,3.4657e-005
5268,3.3346e-005
5269,3.0387e-005
5270,3.928e-005
5271,4.728e-005
5272,4.1843e-005
5273,3.4847e-005
5274,7.0667e-005
5275,8.0457e-005
5276,6.4254e-005
5277,9.5176e-005
5278,8.1505e-005
5279,7.494e-005
5280,5.4132e-005
5281,5.7573e-005
5282,6.749e-005
5283,4.407e-005
5284,6.2271e-005
5285,4.862e-005
5286,1.3368e-005
5287,0.
5288,0.
5289,5.5336e-006
5290,3.0143e-006
5291,1.5612e-006
5292,4.5881e-006
5293,1.6918e-006
5294,2.3484e-005
5295,2.6503e-005
5296,3.0109e-005
5297,2.3265e-005
5298,2.6112e-005
5299,2.1903e-005
5300,1.2527e-005
5301,1.7212e-005
5302,2.1575e-005
5303,1.7023e-005
5304,1.3768e-005
5305,1.3834e-005
5306,1.65e-005
5307,0.
5308,1.0258e-005
5309,0.
5310,2.1775e-006
5311,6.6429e-006
5312,5.4727e-006
5313,9.1818e-007
5314,1.0088e-006
5315,2.2309e-006
5316,0.
5317,0.
5318,9.6815e-006
5319,0.
5320,0.
5321,5.909e-007
5322,4.185e-006
5323,1.3722e-006
5324,1.0019e-006
5325,1.5829e-006
5326,7.1601e-007
5327,1.4322e-006
5328,0.
5329,9.0893e-006
5330,9.7644e-006
5331,0.
5332,0.
5333,3.242e-006
5334,8.3107e-007
5335,8.1845e-007
5336,1.9235e-006
5337,1.1718e-006
5338,0.
5339,8.6172e-006
5340,9.0568e-006
5341,0.
5342,0.
5343,1.0906e-006
5344,2.7348e-007
5345,3.6329e-006
5346,6.9768e-007
5347,9.618e-007
5348,1.6426e-006
5349,0.
5350,8.7822e-006
5351,8.6934e-006
5352,0.
5353,0.
5354,9.8137e-007
5355,1.5799e-007
5356,3.7805e-007
5357,1.2966e-007
5358,2.5946e-007
5359,1.1483e-006
5360,3.7407e-006
5361,0.
5362,8.8179e-006
5363,8.8354e-006
5364,0.
5365,0.
5366,4.2768e-007
5367,2.3055e-006
5368,5.3223e-007
5369,4.8948e-008
5370,1.1537e-006
5371,5.8373e-007
5372,1.2361e-006
5373,0.
5374,8.7892e-006
5375,8.5828e-006
5376,0.
5377,5.0309e-007
5378,1.2676e-007
5379,5.3742e-007
5380,1.3996e-006
5381,1.1314e-006
5382,0.
5383,8.7767e-006
5384,8.4317e-006
5385,0.
5386,0.
5387,0.
5388,4.9469e-007
5389,1.3216e-007
5390,1.0802e-006
5391,1.33e-006
5392,2.4332e-007
5393,3.7482e-006
5394,0.
5395,7.6447e-006
5396,8.4275e-006
5397,0.
5398,0.
5399,8.0268e-007
5400,3.3166e-006
5401,4.1423e-007
5402,1.1279e-006
5403,1.0959e-006
5404,2.994e-007
5405,3.0156e-007
5406,1.1896e-007
5407,3.6823e-006
5408,0.
5409,7.3738e-006
5410,6.4691e-006
5411,0.
5412,2.9112e-007
5413,7.3644e-007
5414,1.9717e-006
5415,5.1756e-007
5416,1.2338e-006
5417,2.2641e-005
5418,2.6155e-005
5419,3.2398e-005
5420,1.8269e-005
5421,2.3117e-005
5422,2.5641e-005
5423,2.3241e-005
5424,1.411e-005
5425,1.924e-005
5426,1.2635e-005
5427,1.5868e-005
5428,1.3874e-005
5429,0.
5430,9.1083e-007
5431,4.3542e-007
5432,0.
5433,0.
5434,0.
5435,4.5897e-007
5436,7.4852e-007
5437,2.7008e-007
5438,0.
5439,3.7302e-007
5440,2.9281e-007
5441,0.
5442,0.
5443,1.9923e-007
5444,1.246e-007
5445,0.
5446,2.2454e-007
5447,1.2308e-007
5448,0.
5449,0.
5450,0.
5451,5.4452e-008
5452,7.9838e-008
5453,0.
5454,6.6453e-008
5455,3.3541e-008
5456,0.
5457,0.
5458,3.2591e-008
5459,1.8255e-008
5460,1.6803e-008
5461,7.5251e-009
5462,0.
5463,0.
5464,2.5299e-009
5465,4.9296e-009
5466,1.0337e-008
5467,0.
5468,7.8283e-012
5469,0.
5470,0.
5471,3.2349e-012
5472,4.6534e-012
5473,0.
5474,5.8818e-012
5475,4.0602e-012
5476,2.6292e-012
5477,0.
5478,0.
5479,0.
5480,2.6975e-012
5481,1.3655e-012
5482,1.9468e-012
5483,0.
5484,1.4993e-012
5485,8.4974e-013
5486,0.
5487,0.
5488,5.7271e-013
5489,9.5738e-013
5490,0.
5491,4.6308e-013
5492,0.
5493,0.
5494,0.
5495,3.7095e-013
5496,1.9474e-013
5497,2.3152e-013
5498,1.239e-013
5499,0.
5500,0.
5501,0.
5502,1.0791e-013
5503,5.1888e-014
5504,0.
5505,0.
5506,2.4496e-007
5507,4.448e-007
5508,0.
5509,0.
5510,3.9035e-007
5511,2.9758e-007
5512,0.
5513,1.6887e-007
5514,0.
5515,0.
5516,1.3739e-007
5517,1.5243e-007
5518,4.161e-007
5519,0.
5520,7.9239e-007
5521,3.374e-007
5522,8.9158e-007
5523,2.2139e-007
5524,0.
5525,0.
5526,2.432e-007
5527,3.6684e-007
5528,0.
5529,0.
5530,3.0121e-007
5531,0.
5532,5.0488e-007
5533,6.0854e-007
5534,5.3579e-007
5535,0.
5536,0.
5537,3.3869e-007
5538,3.5296e-007
5539,0.
5540,3.391e-007
5541,4.8361e-007
5542,0.
5543,0.
5544,3.7021e-007
5545,3.117e-007
5546,3.8545e-007
5547,0.
5548,3.2157e-007
5549,3.3234e-007
5550,0.
5551,0.
5552,0.
5553,3.6422e-007
5554,3.2233e-007
5555,3.1805e-007
5556,0.
5557,4.3289e-007
5558,3.4218e-007
5559,0.
5560,0.
5561,3.1019e-007
5562,3.7553e-007
5563,3.426e-007
5564,0.
5565,4.6952e-007
5566,4.4894e-007
5567,0.
5568,0.
5569,3.2413e-007
5570,3.5951e-007
5571,4.1652e-007
5572,4.5408e-007
5573,0.
5574,0.
5575,3.3799e-007
5576,3.0061e-007
5577,0.
5578,0.
5579,1.3393e-005
5580,5.9053e-006
5581,2.8204e-006
5582,1.5862e-006
5583,1.3444e-006
5584,4.4499e-006
5585,2.8155e-006
5586,0.
5587,1.7073e-007
5588,0.
5589,0.
5590,2.265e-007
5591,1.4821e-007
5592,0.
5593,3.9375e-007
5594,1.504e-007
5595,0.
5596,7.6873e-007
5597,6.4724e-007
5598,2.8257e-007
5599,0.
5600,0.
5601,2.0136e-006
5602,9.7225e-006
5603,5.3484e-006
5604,9.2106e-007
5605,2.3642e-006
5606,9.6994e-007
5607,0.
5608,0.
5609,8.9925e-006
5610,7.4949e-006
5611,0.
5612,8.5761e-007
5613,2.1513e-006
5614,6.8155e-007
5615,1.209e-006
5616,5.395e-007
5617,0.
5618,7.6064e-006
5619,7.7863e-006
5620,0.
5621,0.
5622,1.0401e-006
5623,1.0989e-006
5624,3.3126e-006
5625,4.0185e-007
5626,5.2953e-007
5627,1.3578e-007
5628,2.4672e-007
5629,0.
5630,7.746e-006
5631,7.724e-006
5632,0.
5633,0.
5634,1.6517e-006
5635,1.1251e-006
5636,1.0235e-006
5637,3.6137e-007
5638,2.3473e-007
5639,0.
5640,7.0761e-006
5641,7.7172e-006
5642,0.
5643,1.1158e-006
5644,4.4143e-007
5645,4.0612e-007
5646,1.5303e-006
5647,3.1942e-007
5648,0.
5649,7.0274e-006
5650,7.9253e-006
5651,0.
5652,0.
5653,5.4382e-007
5654,8.389e-007
5655,4.0892e-007
5656,1.7418e-006
5657,9.2699e-008
5658,1.2195e-007
5659,6.464e-008
5660,0.
5661,7.7765e-006
5662,8.0795e-006
5663,0.
5664,0.
5665,9.7207e-007
5666,5.032e-007
5667,9.0912e-007
5668,1.5524e-007
5669,0.
5670,8.3113e-006
5671,8.6848e-006
5672,0.
5673,0.
5674,8.5691e-007
5675,4.7783e-007
5676,2.6279e-006
5677,4.8813e-007
5678,9.3758e-007
5679,1.6467e-008
5680,9.7633e-007
5681,0.
5682,8.7793e-006
5683,9.8514e-006
5684,0.
5685,0.
5686,8.1121e-007
5687,6.4981e-007
5688,1.0648e-006
5689,2.1188e-006
5690,1.6367e-006
5691,1.2619e-005
5692,1.0267e-005
5693,0.
5694,0.
5695,9.8904e-007
5696,3.8841e-006
5697,9.4566e-007
5698,2.2929e-006
5699,1.1029e-006
5700,6.5421e-007
5701,2.2889e-006
5702,0.
5703,0.
5704,1.7258e-013
5705,0.
5706,0.
5707,0.
5708,7.0372e-007
5709,5.3769e-007
5710,5.6635e-007
5711,2.761e-007
5712,4.6194e-007
5713,0.
5714,7.0963e-007
5715,4.4057e-007
5716,0.
5717,0.
5718,0.
5719,5.6055e-007
5720,2.5803e-007
5721,3.91e-007
5722,0.
5723,2.8795e-007
5724,1.5751e-007
5725,0.
5726,0.
5727,6.8715e-008
5728,3.5325e-008
5729,0.
5730,0.
5731,0.
5732,4.0941e-008
5733,0.
5734,1.7921e-008
5735,8.8026e-009
5736,0.
5737,0.
5738,1.084e-008
5739,0.
5740,4.2012e-009
5741,2.2355e-009
5742,0.
5743,0.
5744,0.
5745,9.1109e-010
5746,4.9247e-010
5747,0.
5748,0.
5749,0.
5750,0.
5751,2.2826e-010
5752,1.0602e-010
5753,0.
5754,0.
5755,1.7407e-010
5756,0.
5757,5.0072e-011
5758,2.5299e-011
5759,0.
5760,0.
5761,2.8131e-011
5762,0.
5763,1.2657e-011
5764,5.539e-012
5765,0.
5766,0.
5767,7.2416e-012
5768,1.3086e-011
5769,0.
5770,2.401e-012
5771,1.1777e-012
5772,0.
5773,0.
5774,2.4347e-013
5775,4.881e-013
5776,0.
5777,0.
5778,3.6441e-013
5779,0.
5780,0.
5781,1.7747e-013
5782,1.7877e-013
5783,0.
5784,8.7633e-014
5785,0.
5786,1.7214e-013
5787,1.6456e-013
5788,1.7393e-013
5789,0.
5790,0.
5791,1.6544e-013
5792,0.
5793,1.7571e-013
5794,1.6324e-013
5795,0.
5796,0.
5797,1.591e-013
5798,1.7337e-013
5799,0.
5800,1.3436e-013
5801,9.5547e-014
5802,0.
5803,0.
5804,1.4478e-013
5805,1.0973e-013
5806,4.638e-014
5807,0.
5808,6.9532e-014
5809,9.8941e-014
5810,0.
5811,0.
5812,0.
5813,5.8331e-014
5814,3.2492e-014
5815,3.0492e-014
5816,0.
5817,1.3135e-013
5818,1.6279e-013
5819,0.
5820,0.
5821,0.
5822,1.4287e-013
5823,5.0022e-014
5824,0.
5825,1.7425e-013
5826,1.7981e-013
5827,0.
5828,0.
5829,1.6039e-013
5830,1.702e-013
5831,1.7835e-013
5832,0.
5833,0.
5834,1.7233e-013
5835,1.7214e-013
5836,8.5007e-014
5837,0.
5838,2.2511e-013
5839,3.883e-013
5840,0.
5841,0.
5842,1.4424e-013
5843,0.
5844,8.943e-013
5845,1.7367e-012
5846,0.
5847,0.
5848,2.2112e-012
5849,0.
5850,3.6845e-012
5851,7.8996e-012
5852,0.
5853,0.
5854,4.3951e-012
5855,9.6091e-012
5856,0.
5857,1.5571e-011
5858,3.252e-011
5859,0.
5860,0.
5861,2.0681e-011
5862,0.
5863,6.9199e-011
5864,1.508e-010
5865,0.
5866,0.
5867,0.
5868,8.8293e-011
5869,1.7946e-010
5870,0.
5871,3.0302e-010
5872,6.2239e-010
5873,0.
5874,3.8454e-010
5875,0.
5876,1.2473e-009
5877,2.4568e-009
5878,0.
5879,0.
5880,0.
5881,1.56e-009
5882,0.
5883,5.9944e-009
5884,1.1171e-008
5885,0.
5886,0.
5887,0.
5888,2.5045e-008
5889,4.5049e-008
5890,9.0455e-008
5891,0.
5892,0.
5893,4.9135e-008
5894,0.
5895,1.7412e-007
5896,3.4463e-007
5897,0.
5898,0.
5899,0.
5900,1.7869e-007
5901,0.
5902,5.9216e-007
5903,0.
5904,4.793e-007
5905,0.
5906,0.
5907,7.707e-007
5908,4.5465e-007
5909,5.9127e-007
5910,4.005e-007
5911,3.6207e-007
5912,2.5196e-007
5913,1.8243e-005
5914,1.6337e-005
5915,2.1623e-005
5916,1.622e-005
5917,1.6762e-005
5918,1.4371e-005
5919,1.5742e-005
5920,1.4315e-005
5921,1.204e-005
5922,1.5072e-005
5923,1.0991e-005
5924,1.246e-005
5925,1.2976e-005
5926,1.4083e-005
5927,1.3016e-005
5928,1.2084e-005
5929,1.2447e-005
5930,1.3339e-005
5931,1.3238e-005
5932,1.8159e-005
5933,2.1264e-005
5934,1.5759e-005
5935,1.6262e-005
5936,1.6084e-005
5937,2.1922e-005
5938,1.5541e-005
5939,1.8176e-005
5940,1.5246e-005
5941,1.7823e-005
5942,1.9001e-005
5943,1.6126e-005
5944,1.6078e-005
5945,2.4162e-005
5946,2.2212e-005
5947,2.1329e-005
5948,1.5748e-005
5949,1.7749e-005
5950,1.3939e-005
5951,1.5268e-005
5952,1.8241e-005
5953,2.0264e-005
5954,1.7042e-005
5955,1.6653e-005
5956,2.2008e-005
5957,1.8273e-005
5958,2.0412e-005
5959,1.6586e-005
5960,1.5805e-005
5961,2.1738e-005
5962,1.7871e-005
5963,1.8503e-005
5964,2.7347e-005
5965,2.2713e-005
5966,2.1156e-005
5967,1.7247e-005
5968,2.3265e-005
5969,1.9157e-005
5970,1.964e-005
5971,2.8195e-005
5972,2.622e-005
5973,1.8904e-005
5974,2.1921e-005
5975,1.789e-005
5976,2.3356e-005
5977,2.4945e-005
5978,2.0158e-005
5979,2.0586e-005
5980,2.7084e-005
5981,1.9615e-005
5982,2.299e-005
5983,2.4142e-005
5984,2.6186e-005
5985,2.1374e-005
5986,2.1909e-005
5987,3.0818e-005
5988,2.774e-005
5989,2.1482e-005
5990,2.375e-005
5991,2.3731e-005
5992,2.7214e-005
5993,2.2604e-005
5994,2.4025e-005
5995,3.1441e-005
5996,3.0466e-005
5997,2.2033e-005
5998,2.354e-005
5999,2.4335e-005
6000,2.8499e-005
6001,2.4739e-005
6002,2.4954e-005
6003,3.1161e-005
6004,2.8268e-005
6005,2.4026e-005
6006,2.9634e-005
6007,2.538e-005
6008,2.6657e-005
6009,3.3314e-005
6010,3.1788e-005
6011,2.8899e-005
6012,2.451e-005
6013,2.4296e-005
6014,3.0825e-005
6015,2.6679e-005
6016,3.7576e-005
6017,3.3907e-005
6018,3.4374e-005
6019,2.9429e-005
6020,2.9218e-005
6021,2.4821e-005
6022,2.3524e-005
6023,3.1492e-005
6024,2.7296e-005
6025,2.7114e-005
6026,3.4923e-005
6027,2.9624e-005
6028,2.4015e-005
6029,2.4262e-005
6030,3.2332e-005
6031,2.8389e-005
6032,2.7748e-005
6033,3.5434e-005
6034,3.5156e-005
6035,3.3727e-005
6036,2.9923e-005
6037,2.6436e-005
6038,2.4479e-005
6039,3.2074e-005
6040,3.3144e-005
6041,2.899e-005
6042,2.8473e-005
6043,3.592e-005
6044,3.5443e-005
6045,2.777e-005
6046,2.6875e-005
6047,3.2402e-005
6048,3.4034e-005
6049,2.9246e-005
6050,2.9126e-005
6051,3.6247e-005
6052,2.806e-005
6053,3.2763e-005
6054,3.2878e-005
6055,3.4034e-005
6056,3.0019e-005
6057,2.9398e-005
6058,3.6416e-005
6059,4.0337e-005
6060,3.2898e-005
6061,2.8321e-005
6062,2.7119e-005
6063,3.3015e-005
6064,3.4356e-005
6065,3.0374e-005
6066,3.0317e-005
6067,3.8801e-005
6068,4.0566e-005
6069,3.3078e-005
6070,2.8421e-005
6071,3.2688e-005
6072,3.4513e-005
6073,3.0055e-005
6074,3.0178e-005
6075,3.9062e-005
6076,2.8952e-005
6077,2.8578e-005
6078,3.2762e-005
6079,2.6596e-005
6080,3.4783e-005
6081,3.0049e-005
6082,2.954e-005
6083,3.9248e-005
6084,4.2271e-005
6085,2.9188e-005
6086,2.8215e-005
6087,3.4421e-005
6088,3.2861e-005
6089,2.5604e-005
6090,2.7311e-005
6091,3.5047e-005
6092,3.0013e-005
6093,3.0754e-005
6094,4.2454e-005
6095,3.8463e-005
6096,3.3564e-005
6097,2.817e-005
6098,3.4528e-005
6099,3.4907e-005
6100,3.0278e-005
6101,3.0415e-005
6102,3.8651e-005
6103,3.3767e-005
6104,2.8283e-005
6105,2.8669e-005
6106,2.553e-005
6107,3.5397e-005
6108,3.4945e-005
6109,3.0844e-005
6110,3.0795e-005
6111,3.9663e-005
6112,3.8556e-005
6113,2.8689e-005
6114,3.5272e-005
6115,3.0098e-005
6116,3.5003e-005
6117,3.0573e-005
6118,3.0305e-005
6119,3.9665e-005
6120,2.8807e-005
6121,3.3349e-005
6122,2.7912e-005
6123,3.5376e-005
6124,3.0167e-005
6125,3.475e-005
6126,3.0381e-005
6127,2.9656e-005
6128,3.1823e-005
6129,3.9858e-005
6130,3.9707e-005
6131,2.8747e-005
6132,3.3293e-005
6133,3.4962e-005
6134,2.9155e-005
6135,3.4736e-005
6136,3.1778e-005
6137,3.1352e-005
6138,3.978e-005
6139,3.3035e-005
6140,3.4904e-005
6141,2.9072e-005
6142,3.0789e-005
6143,3.4576e-005
6144,3.1153e-005
6145,3.0775e-005
6146,3.9631e-005
6147,3.9237e-005
6148,3.3002e-005
6149,3.3072e-005
6150,2.8589e-005
6151,3.0701e-005
6152,3.4083e-005
6153,3.0732e-005
6154,3.0303e-005
6155,3.9057e-005
6156,3.7512e-005
6157,3.2916e-005
6158,2.835e-005
6159,2.8884e-005
6160,3.0106e-005
6161,3.3968e-005
6162,3.0058e-005
6163,2.9695e-005
6164,3.7972e-005
6165,3.7383e-005
6166,2.8728e-005
6167,3.2126e-005
6168,2.8783e-005
6169,2.9971e-005
6170,3.3584e-005
6171,2.9504e-005
6172,2.8639e-005
6173,3.0639e-005
6174,3.7837e-005
6175,3.676e-005
6176,2.8613e-005
6177,3.2034e-005
6178,2.8219e-005
6179,3.0959e-005
6180,3.3149e-005
6181,3.0544e-005
6182,3.0001e-005
6183,3.8311e-005
6184,3.6671e-005
6185,2.813e-005
6186,3.3426e-005
6187,2.7948e-005
6188,3.0769e-005
6189,3.2792e-005
6190,2.9943e-005
6191,2.9593e-005
6192,3.8029e-005
6193,3.2872e-005
6194,2.7987e-005
6195,3.3259e-005
6196,3.2186e-005
6197,2.936e-005
6198,2.8803e-005
6199,3.7585e-005
6200,3.7768e-005
6201,3.2665e-005
6202,2.7783e-005
6203,2.7329e-005
6204,3.1827e-005
6205,2.8522e-005
6206,2.6967e-005
6207,2.6466e-005
6208,3.7293e-005
6209,2.5507e-005
6210,3.2273e-005
6211,3.1377e-005
6212,2.7189e-005
6213,2.7559e-005
6214,3.1372e-005
6215,2.6209e-005
6216,2.8876e-005
6217,3.5416e-005
6218,3.6978e-005
6219,3.9652e-005
6220,2.527e-005
6221,3.1133e-005
6222,3.1195e-005
6223,2.7328e-005
6224,3.0733e-005
6225,2.8483e-005
6226,2.5559e-005
6227,3.5082e-005
6228,3.0811e-005
6229,2.5056e-005
6230,2.488e-005
6231,2.722e-005
6232,3.0259e-005
6233,2.5336e-005
6234,2.6532e-005
6235,3.471e-005
6236,3.322e-005
6237,3.0544e-005
6238,2.4817e-005
6239,2.8312e-005
6240,2.8896e-005
6241,2.6322e-005
6242,2.6413e-005
6243,3.2855e-005
6244,3.2836e-005
6245,2.5405e-005
6246,2.7929e-005
6247,2.8527e-005
6248,2.6123e-005
6249,2.5237e-005
6250,3.2567e-005
6251,2.4963e-005
6252,2.3485e-005
6253,2.691e-005
6254,2.778e-005
6255,2.4857e-005
6256,2.4525e-005
6257,3.2078e-005
6258,3.1449e-005
6259,2.2752e-005
6260,2.4876e-005
6261,2.3234e-005
6262,2.6662e-005
6263,2.6921e-005
6264,2.4185e-005
6265,2.3803e-005
6266,3.0853e-005
6267,2.2497e-005
6268,2.4528e-005
6269,2.2242e-005
6270,2.612e-005
6271,2.3559e-005
6272,2.3772e-005
6273,3.005e-005
6274,3.052e-005
6275,2.6308e-005
6276,2.4186e-005
6277,2.1921e-005
6278,2.5193e-005
6279,2.3385e-005
6280,2.2922e-005
6281,2.9571e-005
6282,2.821e-005
6283,2.589e-005
6284,2.5089e-005
6285,2.1588e-005
6286,2.1214e-005
6287,2.4522e-005
6288,2.2585e-005
6289,2.2069e-005
6290,2.6774e-005
6291,2.7711e-005
6292,2.463e-005
6293,2.2544e-005
6294,2.085e-005
6295,2.3624e-005
6296,2.1589e-005
6297,2.1244e-005
6298,2.6265e-005
6299,2.2255e-005
6300,2.255e-005
6301,2.0566e-005
6302,2.0275e-005
6303,2.6839e-005
6304,2.7718e-005
6305,2.575e-005
6306,2.3767e-005
6307,1.9713e-005
6308,2.1834e-005
6309,1.7921e-005
6310,2.1598e-005
6311,2.0083e-005
6312,1.9383e-005
6313,2.6276e-005
6314,1.8508e-005
6315,2.3314e-005
6316,2.2545e-005
6317,1.9343e-005
6318,2.0689e-005
6319,1.8988e-005
6320,1.8202e-005
6321,1.9133e-005
6322,2.5674e-005
6323,2.2476e-005
6324,1.811e-005
6325,1.9979e-005
6326,2.2061e-005
6327,1.9607e-005
6328,1.8564e-005
6329,1.8007e-005
6330,2.1926e-005
6331,1.7784e-005
6332,1.9567e-005
6333,1.6796e-005
6334,1.6688e-005
6335,1.8527e-005
6336,1.7654e-005
6337,1.7041e-005
6338,2.0137e-005
6339,2.1296e-005
6340,1.9081e-005
6341,1.8291e-005
6342,1.6389e-005
6343,1.6358e-005
6344,1.7491e-005
6345,1.659e-005
6346,1.5998e-005
6347,1.9544e-005
6348,1.7807e-005
6349,1.5979e-005
6350,1.5883e-005
6351,1.6495e-005
6352,1.5599e-005
6353,1.5342e-005
6354,1.8165e-005
6355,1.9842e-005
6356,1.8936e-005
6357,1.733e-005
6358,1.6453e-005
6359,1.5497e-005
6360,1.5289e-005
6361,1.4812e-005
6362,1.414e-005
6363,1.7541e-005
6364,1.4552e-005
6365,1.5973e-005
6366,1.5769e-005
6367,1.2954e-005
6368,1.6542e-005
6369,1.3599e-005
6370,1.6853e-005
6371,1.3686e-005
6372,1.4857e-005
6373,1.4105e-005
6374,1.3041e-005
6375,1.6441e-005
6376,1.521e-005
6377,1.393e-005
6378,8.4736e-006
6379,7.8948e-006
6380,7.0885e-006
6381,8.6859e-006
6382,8.757e-006
6383,7.1217e-006
6384,8.0437e-006
6385,7.6254e-006
6386,7.7353e-006
6387,8.1583e-006
6388,1.0101e-005
6389,1.0122e-005
6390,1.1015e-005
6391,1.2035e-005
6392,1.2014e-005
6393,1.0272e-005
6394,1.029e-005
6395,1.1445e-005
6396,1.1132e-005
6397,1.15e-005
6398,1.1362e-005
6399,1.0694e-005
6400,8.7086e-006
6401,9.273e-006
6402,1.0045e-005
6403,9.7052e-006
6404,9.4025e-006
6405,9.3939e-006
6406,8.7303e-006
6407,8.3459e-006
6408,8.9265e-006
6409,9.8246e-006
6410,5.7555e-006
6411,7.2474e-006
6412,5.7607e-006
6413,5.5602e-006
6414,6.3587e-006
6415,5.1159e-006
6416,8.0241e-006
6417,6.927e-006
6418,8.8779e-006
6419,7.2279e-006
6420,7.7701e-006
6421,7.1338e-006
6422,8.1541e-006
6423,6.8874e-006
6424,8.1921e-006
6425,9.3859e-006
6426,8.9777e-006
6427,7.2195e-006
6428,7.2566e-006
6429,8.0306e-006
6430,7.8941e-006
6431,7.3773e-006
6432,6.941e-006
6433,8.8115e-006
6434,8.4315e-006
6435,9.5501e-006
6436,9.591e-006
6437,7.5343e-006
6438,7.2799e-006
6439,8.1053e-006
6440,7.4396e-006
6441,7.568e-006
6442,8.0098e-006
6443,8.6142e-006
6444,9.9928e-006
6445,9.6958e-006
6446,7.5934e-006
6447,8.9083e-006
6448,7.6656e-006
6449,8.8683e-006
6450,8.1152e-006
6451,8.798e-006
6452,1.0419e-005
6453,1.0109e-005
6454,7.6622e-006
6455,7.8377e-006
6456,9.3443e-006
6457,7.8634e-006
6458,7.7391e-006
6459,8.96e-006
6460,8.9162e-006
6461,1.0068e-005
6462,1.118e-005
6463,1.0519e-005
6464,7.9213e-006
6465,7.9326e-006
6466,9.383e-006
6467,8.9196e-006
6468,7.956e-006
6469,7.8704e-006
6470,8.99e-006
6471,1.0543e-005
6472,1.0234e-005
6473,7.6508e-006
6474,8.0023e-006
6475,7.7742e-006
6476,6.9369e-006
6477,8.9475e-006
6478,7.9462e-006
6479,9.0916e-006
6480,1.0979e-005
6481,1.0632e-005
6482,7.6847e-006
6483,7.8291e-006
6484,9.0588e-006
6485,9.0807e-006
6486,7.8803e-006
6487,9.3441e-006
6488,1.1293e-005
6489,1.1091e-005
6490,7.7215e-006
6491,8.157e-006
6492,8.2559e-006
6493,9.1419e-006
6494,9.4832e-006
6495,7.9135e-006
6496,9.3859e-006
6497,1.1548e-005
6498,1.1401e-005
6499,8.2348e-006
6500,7.8223e-006
6501,9.7322e-006
6502,8.3018e-006
6503,9.5593e-006
6504,8.6804e-006
6505,1.0126e-005
6506,9.6672e-006
6507,1.1903e-005
6508,1.1665e-005
6509,7.9971e-006
6510,8.2762e-006
6511,7.8901e-006
6512,9.7353e-006
6513,1.0342e-005
6514,8.8362e-006
6515,9.685e-006
6516,1.2258e-005
6517,1.1886e-005
6518,8.062e-006
6519,8.5192e-006
6520,7.8413e-006
6521,9.7546e-006
6522,1.0399e-005
6523,8.8994e-006
6524,9.8233e-006
6525,1.1815e-005
6526,1.2254e-005
6527,8.5409e-006
6528,7.8733e-006
6529,9.6025e-006
6530,8.3772e-006
6531,9.9435e-006
6532,1.1647e-005
6533,9.9053e-006
6534,1.2293e-005
6535,1.2109e-005
6536,8.0766e-006
6537,8.5481e-006
6538,1.0005e-005
6539,9.5554e-006
6540,8.4079e-006
6541,1.0021e-005
6542,1.2415e-005
6543,1.2369e-005
6544,8.1308e-006
6545,8.6056e-006
6546,1.0009e-005
6547,8.2062e-006
6548,1.0195e-005
6549,8.4356e-006
6550,8.858e-006
6551,1.023e-005
6552,1.2865e-005
6553,1.2517e-005
6554,8.5603e-006
6555,1.0291e-005
6556,8.9134e-006
6557,1.0795e-005
6558,1.0188e-005
6559,1.3574e-005
6560,1.2485e-005
6561,1.284e-005
6562,8.2039e-006
6563,8.6129e-006
6564,8.3081e-006
6565,1.0162e-005
6566,8.9094e-006
6567,1.0804e-005
6568,1.067e-005
6569,1.2368e-005
6570,8.2468e-006
6571,9.2925e-006
6572,8.3439e-006
6573,1.0334e-005
6574,9.3993e-006
6575,1.0628e-005
6576,1.2493e-005
6577,1.2284e-005
6578,9.4717e-006
6579,1.0252e-005
6580,9.5278e-006
6581,1.2284e-005
6582,8.6682e-006
6583,1.0902e-005
6584,1.2744e-005
6585,1.2623e-005
6586,8.207e-006
6587,8.9409e-006
6588,9.5248e-006
6589,1.0234e-005
6590,1.2086e-005
6591,8.6457e-006
6592,9.9322e-006
6593,1.0691e-005
6594,1.3452e-005
6595,1.3022e-005
6596,8.9697e-006
6597,9.104e-006
6598,9.8737e-006
6599,1.0554e-005
6600,9.1342e-006
6601,1.011e-005
6602,1.0724e-005
6603,1.3738e-005
6604,1.3484e-005
6605,8.2438e-006
6606,9.1208e-006
6607,8.8179e-006
6608,1.1255e-005
6609,1.0555e-005
6610,9.2206e-006
6611,1.0828e-005
6612,1.4147e-005
6613,1.3852e-005
6614,9.0852e-006
6615,8.2666e-006
6616,8.8407e-006
6617,1.1349e-005
6618,9.4536e-006
6619,1.0946e-005
6620,1.3277e-005
6621,1.5083e-005
6622,1.4288e-005
6623,9.004e-006
6624,1.14e-005
6625,1.1352e-005
6626,9.5104e-006
6627,1.1212e-005
6628,1.3375e-005
6629,1.3396e-005
6630,8.2857e-006
6631,9.1809e-006
6632,1.1387e-005
6633,8.3244e-006
6634,1.0971e-005
6635,9.5169e-006
6636,9.217e-006
6637,9.5876e-006
6638,1.098e-005
6639,1.3961e-005
6640,1.3365e-005
6641,8.2609e-006
6642,9.2858e-006
6643,1.1558e-005
6644,8.4078e-006
6645,9.2716e-006
6646,9.7874e-006
6647,9.6676e-006
6648,1.0959e-005
6649,1.4126e-005
6650,1.385e-005
6651,9.2343e-006
6652,1.155e-005
6653,8.4332e-006
6654,1.1678e-005
6655,9.3273e-006
6656,1.2155e-005
6657,9.8058e-006
6658,1.1086e-005
6659,1.454e-005
6660,1.4299e-005
6661,8.9085e-006
6662,9.2107e-006
6663,8.9632e-006
6664,1.1752e-005
6665,9.3568e-006
6666,1.0571e-005
6667,1.1329e-005
6668,1.3063e-005
6669,1.5461e-005
6670,1.4331e-005
6671,8.9433e-006
6672,9.3159e-006
6673,1.2096e-005
6674,8.9636e-006
6675,9.5201e-006
6676,1.0616e-005
6677,1.1177e-005
6678,1.3917e-005
6679,1.3171e-005
6680,9.292e-006
6681,1.1404e-005
6682,9.4932e-006
6683,1.1113e-005
6684,1.3914e-005
6685,1.367e-005
6686,9.3643e-006
6687,8.5091e-006
6688,1.0811e-005
6689,1.1288e-005
6690,9.0638e-006
6691,9.5409e-006
6692,1.2399e-005
6693,1.1034e-005
6694,1.41e-005
6695,1.399e-005
6696,8.5618e-006
6697,9.7132e-006
6698,8.7618e-006
6699,1.0816e-005
6700,1.1558e-005
6701,9.0635e-006
6702,1.1142e-005
6703,1.4606e-005
6704,1.4333e-005
6705,9.6563e-006
6706,1.1762e-005
6707,8.7678e-006
6708,1.1403e-005
6709,9.3988e-006
6710,1.1236e-005
6711,1.3271e-005
6712,1.4884e-005
6713,1.4199e-005
6714,9.4495e-006
6715,9.687e-006
6716,1.1817e-005
6717,9.4336e-006
6718,1.0345e-005
6719,1.0811e-005
6720,1.3989e-005
6721,1.3313e-005
6722,8.4416e-006
6723,9.4645e-006
6724,8.3278e-006
6725,1.0644e-005
6726,1.0357e-005
6727,1.0742e-005
6728,1.3979e-005
6729,1.3944e-005
6730,8.9188e-006
6731,8.4124e-006
6732,1.1111e-005
6733,8.3097e-006
6734,1.0606e-005
6735,9.2075e-006
6736,1.0668e-005
6737,1.4306e-005
6738,1.4004e-005
6739,8.8532e-006
6740,1.101e-005
6741,1.0727e-005
6742,9.1807e-006
6743,9.5048e-006
6744,1.0472e-005
6745,1.4618e-005
6746,1.4289e-005
6747,1.3894e-005
6748,8.8122e-006
6749,8.2861e-006
6750,1.0503e-005
6751,7.9798e-006
6752,1.0708e-005
6753,9.4281e-006
6754,1.042e-005
6755,1.3681e-005
6756,1.319e-005
6757,8.243e-006
6758,8.4068e-006
6759,1.0451e-005
6760,7.9245e-006
6761,1.0147e-005
6762,1.0268e-005
6763,1.3109e-005
6764,1.3085e-005
6765,8.0728e-006
6766,8.156e-006
6767,8.3367e-006
6768,8.3533e-006
6769,1.0097e-005
6770,1.0154e-005
6771,1.0228e-005
6772,1.2811e-005
6773,1.2385e-005
6774,7.9682e-006
6775,8.5707e-006
6776,9.7705e-006
6777,8.2565e-006
6778,1.0094e-005
6779,1.1022e-005
6780,9.9198e-006
6781,1.2239e-005
6782,1.1967e-005
6783,8.4301e-006
6784,8.4386e-006
6785,9.6732e-006
6786,9.3537e-006
6787,9.3469e-006
6788,1.1719e-005
6789,8.3596e-006
6790,8.1292e-006
6791,9.0979e-006
6792,9.6584e-006
6793,8.9919e-006
6794,1.1285e-005
6795,1.1608e-005
6796,8.1522e-006
6797,6.9808e-006
6798,8.7575e-006
6799,7.9783e-006
6800,7.464e-006
6801,9.3999e-006
6802,8.4833e-006
6803,1.0937e-005
6804,1.0924e-005
6805,7.203e-006
6806,6.8168e-006
6807,8.6818e-006
6808,1.0999e-005
6809,7.2073e-006
6810,9.092e-006
6811,7.3267e-006
6812,7.8553e-006
6813,1.0291e-005
6814,1.082e-005
6815,6.9681e-006
6816,6.1646e-006
6817,8.0672e-006
6818,7.0118e-006
6819,8.7125e-006
6820,7.3259e-006
6821,9.9113e-006
6822,1.0224e-005
6823,6.7784e-006
6824,5.9601e-006
6825,5.9597e-006
6826,7.7592e-006
6827,7.7811e-006
6828,6.3801e-006
6829,6.8129e-006
6830,8.9243e-006
6831,9.3613e-006
6832,5.5391e-006
6833,5.7444e-006
6834,7.2329e-006
6835,7.4655e-006
6836,6.1822e-006
6837,6.3026e-006
6838,8.373e-006
6839,8.5829e-006
6840,5.3384e-006
6841,6.9375e-006
6842,5.6339e-006
6843,6.9153e-006
6844,5.9444e-006
6845,5.8488e-006
6846,7.1945e-006
6847,8.0045e-006
6848,7.9274e-006
6849,5.1652e-006
6850,5.1452e-006
6851,5.8608e-006
6852,5.4392e-006
6853,6.6544e-006
6854,5.028e-006
6855,5.5355e-006
6856,6.8328e-006
6857,4.7578e-006
6858,5.0046e-006
6859,5.6674e-006
6860,6.0128e-006
6861,4.9039e-006
6862,5.4355e-006
6863,6.2062e-006
6864,6.5826e-006
6865,4.7607e-006
6866,4.7057e-006
6867,5.2251e-006
6868,4.7472e-006
6869,5.858e-006
6870,4.8359e-006
6871,6.5957e-006
6872,5.1734e-006
6873,6.2612e-006
6874,4.8444e-006
6875,5.2475e-006
6876,5.9781e-006
6877,4.8678e-006
6878,1.0957e-005
6879,6.4818e-006
6880,9.2047e-006
6881,7.5973e-006
6882,7.8512e-006
6883,9.0381e-006
6884,7.3431e-006
6885,1.1862e-005
6886,1.3923e-005
6887,9.2847e-006
6888,1.2459e-005
6889,1.118e-005
6890,1.3497e-005
6891,1.1115e-002
6892,1.1639e-002
6893,2.3244e-005
6894,1.5925e-005
6895,1.8501e-005
6896,1.6558e-005
6897,1.6841e-005
6898,1.4604e-005
6899,1.7957e-005
6900,1.5979e-005
6901,1.737e-005
6902,1.0069e-002
6903,1.1116e-002
6904,1.021e-002
6905,1.0639e-002
6906,1.0213e-002
6907,1.0692e-002
6908,9.0238e-003
6909,9.6873e-003
6910,9.1797e-003
6911,9.6898e-003
6912,7.9807e-003
6913,7.9832e-003
6914,8.6579e-003
6915,7.9849e-003
6916,6.942e-003
6917,7.4631e-003
6918,7.4653e-003
6919,5.9103e-003
6920,6.293e-003
6921,6.947e-003
6922,4.889e-003
6923,5.141e-003
6924,5.7794e-003
6925,3.8828e-003
6926,4.6345e-003
6927,4.1341e-003
6928,2.8978e-003
6929,3.206e-003
6930,3.6364e-003
6931,1.9748e-003
6932,2.7203e-003
6933,2.2493e-003
6934,1.1567e-003
6935,1.7935e-003
6936,1.8162e-003
6937,1.3885e-003
6938,5.4384e-004
6939,6.452e-004
6940,1.0182e-003
6941,2.3275e-004
6942,2.5956e-004
6943,4.2056e-004
6944,2.7469e-004
6945,1.0058e-004
6946,1.7465e-004
6947,1.1642e-004
6948,9.6596e-005
6949,1.1605e-004
6950,1.8274e-004
6951,4.9767e-005
6952,5.2317e-005
6953,7.3622e-005
6954,4.3918e-005
6955,5.611e-005
6956,3.2716e-005
6957,4.0221e-005
6958,3.3219e-005
6959,3.307e-005
6960,3.1061e-005
6961,3.0473e-005
6962,2.3035e-005
6963,2.7649e-005
6964,2.5847e-005
6965,2.1821e-005
6966,2.1611e-005
6967,1.009e-005
6968,1.2081e-005
6969,9.9377e-006
6970,1.4726e-005
6971,1.0932e-005
6972,1.2713e-005
6973,1.3408e-005
6974,1.4526e-005
6975,8.9132e-006
6976,5.8044e-006
6977,7.6455e-006
6978,1.102e-005
6979,1.1675e-005
6980,1.0686e-005
6981,8.4125e-006
6982,1.272e-005
6983,8.6023e-006
6984,1.4258e-005
6985,2.1003e-005
6986,1.1893e-005
6987,1.8992e-005
6988,1.0026e-005
6989,1.4191e-005
6990,1.8368e-005
6991,1.2615e-005
6992,1.1625e-002
6993,1.0978e-002
6994,1.1184e-002
6995,1.1631e-002
6996,1.0981e-002
6997,1.1187e-002
6998,1.1115e-002
6999,1.1636e-002
7000,1.119e-002
7001,1.1118e-002
7002,1.117e-002
7003,1.1639e-002
7004,1.1189e-002
7005,1.1131e-002
7006,1.1114e-002
7007,1.1172e-002
7008,1.1285e-002
7009,1.1394e-002
7010,1.1642e-002
7011,1.1268e-002
7012,1.1133e-002
7013,1.1271e-002
7014,1.1395e-002
7015,1.1642e-002
7016,1.1269e-002
7017,1.1269e-002
7018,1.1272e-002
7019,1.1453e-002
7020,1.1641e-002
7021,1.1159e-002
7022,1.1164e-002
7023,1.1269e-002
7024,1.1453e-002
7025,1.0997e-002
7026,1.1159e-002
7027,1.1163e-002
7028,1.1216e-002
7029,2.8438e-005
7030,1.8689e-005
7031,2.4751e-005
7032,1.9107e-005
7033,2.0815e-005
7034,3.9445e-005
7035,2.9139e-005
7036,3.3853e-005
7037,2.7988e-005
7038,2.2843e-005
7039,2.7256e-005
7040,2.4849e-005
7041,3.098e-005
7042,6.3418e-005
7043,4.6057e-005
7044,6.0199e-005
7045,4.0982e-005
7046,3.4409e-005
7047,3.7821e-005
7048,4.4548e-005
7049,1.2795e-004
7050,8.0229e-005
7051,1.0858e-004
7052,5.3328e-005
7053,4.9141e-005
7054,6.2111e-005
7055,3.1491e-004
7056,2.2925e-004
7057,1.6032e-004
7058,9.3439e-005
7059,1.48e-004
7060,2.2242e-004
7061,7.8491e-004
7062,6.5716e-004
7063,3.697e-004
7064,4.8082e-004
7065,3.6924e-004
7066,1.5837e-003
7067,1.0699e-003
7068,1.3873e-003
7069,1.343e-003
7070,9.811e-004
7071,2.5222e-003
7072,2.2316e-003
7073,1.8402e-003
7074,1.7849e-003
7075,2.2853e-003
7076,3.4975e-003
7077,2.7117e-003
7078,2.7632e-003
7079,3.3087e-003
7080,3.2483e-003
7081,4.4968e-003
7082,3.8027e-003
7083,4.2454e-003
7084,3.7432e-003
7085,5.5133e-003
7086,4.9798e-003
7087,5.3838e-003
7088,5.1998e-003
7089,4.7492e-003
7090,6.5418e-003
7091,5.8963e-003
7092,5.7102e-003
7093,6.2899e-003
7094,7.5783e-003
7095,6.8495e-003
7096,6.8058e-003
7097,7.3334e-003
7098,8.62e-003
7099,7.8739e-003
7100,8.3565e-003
7101,7.8528e-003
7102,9.7375e-003
7103,8.9127e-003
7104,8.878e-003
7105,9.3592e-003
7106,1.054e-002
7107,1.0017e-002
7108,1.0468e-002
7109,9.9544e-003
7110,1.0587e-005
7111,1.2228e-005
7112,1.0221e-005
7113,1.4016e-005
7114,1.359e-005
7115,1.5561e-005
7116,1.3522e-005
7117,1.1969e-005
7118,8.3304e-006
7119,5.5712e-006
7120,7.8095e-006
7121,1.1166e-005
7122,9.0665e-006
7123,9.7687e-006
7124,1.139e-005
7125,8.1703e-006
7126,1.3575e-005
7127,2.5084e-005
7128,1.3975e-005
7129,9.5947e-006
7130,1.1817e-005
7131,1.511e-005
7132,1.1573e-005
7133,2.238e-005
7134,8.3203e-003
7135,8.4726e-003
7136,8.2172e-003
7137,8.6249e-003
7138,8.3453e-003
7139,8.066e-003
7140,7.8602e-003
7141,8.0379e-003
7142,8.1657e-003
7143,8.e-003
7144,8.065e-003
7145,7.7944e-003
7146,7.8126e-003
7147,7.9245e-003
7148,7.9341e-003
7149,8.3173e-003
7150,7.8774e-003
7151,8.1102e-003
7152,7.9894e-003
7153,8.1966e-003
7154,8.4734e-003
7155,8.2889e-003
7156,8.6096e-003
7157,8.3755e-003
7158,5.4031e-004
7159,7.3669e-004
7160,6.1647e-004
7161,7.7565e-004
7162,6.4966e-004
7163,3.5637e-004
7164,3.6176e-004
7165,4.7533e-004
7166,3.3142e-004
7167,4.1296e-004
7168,5.0929e-004
7169,3.3243e-004
7170,3.3273e-004
7171,4.0139e-004
7172,3.5682e-004
7173,3.2691e-004
7174,3.2648e-004
7175,2.927e-004
7176,2.8473e-004
7177,2.97e-004
7178,2.8765e-004
7179,2.7647e-004
7180,2.8956e-004
7181,5.3808e-004
7182,3.6053e-004
7183,4.0488e-004
7184,3.3817e-004
7185,3.4038e-004
7186,3.2427e-004
7187,4.2438e-004
7188,5.2172e-004
7189,8.6097e-004
7190,6.6306e-004
7191,5.6547e-004
7192,6.9701e-004
7193,5.4663e-004
7194,1.4183e-005
7195,1.4395e-005
7196,1.2044e-005
7197,1.1502e-005
7198,1.2608e-005
7199,1.1976e-005
7200,1.2673e-005
7201,1.3723e-005
7202,1.3e-005
7203,1.2363e-005
7204,1.4023e-005
7205,1.2866e-005
7206,1.5265e-005
7207,1.5761e-005
7208,1.3012e-005
7209,1.3051e-005
7210,1.3679e-005
7211,1.6437e-005
7212,1.5113e-005
7213,1.3263e-005
7214,1.4093e-005
7215,1.446e-005
7216,1.3291e-005
7217,1.548e-005
7218,1.6369e-005
7219,1.4598e-005
7220,1.417e-005
7221,1.8445e-005
7222,1.7154e-005
7223,1.5628e-005
7224,1.4502e-005
7225,1.6163e-005
7226,1.7435e-005
7227,1.5467e-005
7228,1.503e-005
7229,1.9124e-005
7230,1.5729e-005
7231,1.4905e-005
7232,1.663e-005
7233,1.8638e-005
7234,1.8467e-005
7235,1.636e-005
7236,1.5966e-005
7237,2.1361e-005
7238,1.9742e-005
7239,1.681e-005
7240,1.6155e-005
7241,1.9156e-005
7242,1.9532e-005
7243,1.7314e-005
7244,1.684e-005
7245,2.1955e-005
7246,1.7189e-005
7247,1.968e-005
7248,1.9355e-005
7249,2.0622e-005
7250,1.7529e-005
7251,1.771e-005
7252,2.2615e-005
7253,2.3174e-005
7254,1.757e-005
7255,1.9597e-005
7256,1.5943e-005
7257,1.9817e-005
7258,1.691e-005
7259,2.3532e-005
7260,2.1571e-005
7261,1.8671e-005
7262,1.8172e-005
7263,2.3616e-005
7264,1.8451e-005
7265,2.0009e-005
7266,1.7254e-005
7267,2.2548e-005
7268,1.9836e-005
7269,1.9139e-005
7270,2.6278e-005
7271,2.4215e-005
7272,1.8813e-005
7273,2.0477e-005
7274,2.096e-005
7275,2.3528e-005
7276,2.074e-005
7277,2.0252e-005
7278,2.6944e-005
7279,2.6526e-005
7280,1.9154e-005
7281,1.9396e-005
7282,2.3396e-005
7283,2.1375e-005
7284,2.4446e-005
7285,2.1866e-005
7286,2.1159e-005
7287,2.7099e-005
7288,1.9778e-005
7289,2.4133e-005
7290,2.0739e-005
7291,2.3833e-005
7292,2.5408e-005
7293,2.2324e-005
7294,2.2526e-005
7295,2.9418e-005
7296,2.7585e-005
7297,2.4613e-005
7298,2.1313e-005
7299,2.108e-005
7300,2.6322e-005
7301,2.3027e-005
7302,2.3128e-005
7303,2.9962e-005
7304,2.9314e-005
7305,2.1828e-005
7306,2.498e-005
7307,2.4744e-005
7308,2.1659e-005
7309,2.7147e-005
7310,2.3529e-005
7311,2.3733e-005
7312,2.979e-005
7313,2.2198e-005
7314,2.5117e-005
7315,2.7934e-005
7316,2.4003e-005
7317,2.4003e-005
7318,3.2029e-005
7319,3.0366e-005
7320,2.2497e-005
7321,2.6822e-005
7322,2.5446e-005
7323,2.2786e-005
7324,2.9978e-005
7325,2.8779e-005
7326,2.4258e-005
7327,2.5147e-005
7328,3.2431e-005
7329,2.7229e-005
7330,2.3073e-005
7331,2.3396e-005
7332,2.9153e-005
7333,2.9411e-005
7334,2.5443e-005
7335,3.3463e-005
7336,3.2897e-005
7337,2.4265e-005
7338,2.3705e-005
7339,2.9507e-005
7340,3.0039e-005
7341,2.6233e-005
7342,2.635e-005
7343,3.3866e-005
7344,2.797e-005
7345,2.4374e-005
7346,2.4516e-005
7347,2.9805e-005
7348,3.0811e-005
7349,2.6685e-005
7350,2.6419e-005
7351,3.4337e-005
7352,3.8496e-005
7353,3.4751e-005
7354,2.8234e-005
7355,2.8231e-005
7356,2.4656e-005
7357,3.3987e-005
7358,3.336e-005
7359,3.1284e-005
7360,2.735e-005
7361,2.6467e-005
7362,2.6813e-005
7363,3.4935e-005
7364,2.5448e-005
7365,2.8559e-005
7366,2.4967e-005
7367,3.1606e-005
7368,2.8681e-005
7369,2.7677e-005
7370,3.5823e-005
7371,3.5477e-005
7372,3.4109e-005
7373,2.5568e-005
7374,2.8686e-005
7375,2.7008e-005
7376,3.2428e-005
7377,2.8949e-005
7378,2.8948e-005
7379,3.5945e-005
7380,2.7391e-005
7381,3.1931e-005
7382,2.7023e-005
7383,3.3048e-005
7384,2.9626e-005
7385,2.9353e-005
7386,3.7061e-005
7387,3.6311e-005
7388,3.2278e-005
7389,2.7281e-005
7390,3.3595e-005
7391,2.9949e-005
7392,2.9733e-005
7393,3.7364e-005
7394,2.7668e-005
7395,3.2513e-005
7396,3.1787e-005
7397,2.7461e-005
7398,3.417e-005
7399,3.0211e-005
7400,3.0044e-005
7401,3.7598e-005
7402,3.8853e-005
7403,2.7886e-005
7404,3.205e-005
7405,2.8048e-005
7406,3.2437e-005
7407,3.4643e-005
7408,3.0473e-005
7409,3.0537e-005
7410,3.8482e-005
7411,3.9143e-005
7412,3.3088e-005
7413,2.8313e-005
7414,2.8536e-005
7415,3.2592e-005
7416,2.8703e-005
7417,3.4925e-005
7418,3.0793e-005
7419,3.0596e-005
7420,3.8731e-005
7421,3.3254e-005
7422,2.8667e-005
7423,3.0613e-005
7424,3.3596e-005
7425,3.514e-005
7426,3.078e-005
7427,3.0656e-005
7428,3.8916e-005
7429,3.8408e-005
7430,3.0782e-005
7431,3.3731e-005
7432,3.3739e-005
7433,2.991e-005
7434,3.5469e-005
7435,3.06e-005
7436,2.9977e-005
7437,3.2114e-005
7438,3.9688e-005
7439,3.8505e-005
7440,2.9645e-005
7441,3.3548e-005
7442,3.3912e-005
7443,3.0095e-005
7444,3.5637e-005
7445,3.2165e-005
7446,3.212e-005
7447,3.9732e-005
7448,3.917e-005
7449,2.9066e-005
7450,2.9687e-005
7451,3.3781e-005
7452,2.782e-005
7453,3.5537e-005
7454,2.9977e-005
7455,3.0743e-005
7456,3.2257e-005
7457,4.0305e-005
7458,3.9297e-005
7459,2.9036e-005
7460,3.3745e-005
7461,3.4168e-005
7462,2.9056e-005
7463,3.5616e-005
7464,3.0985e-005
7465,3.1287e-005
7466,4.0392e-005
7467,3.9242e-005
7468,3.363e-005
7469,3.411e-005
7470,2.9037e-005
7471,3.5714e-005
7472,3.1296e-005
7473,3.1162e-005
7474,3.9719e-005
7475,3.927e-005
7476,3.368e-005
7477,3.3657e-005
7478,2.9547e-005
7479,2.9239e-005
7480,3.5696e-005
7481,3.1266e-005
7482,3.0753e-005
7483,3.9584e-005
7484,3.3652e-005
7485,2.9638e-005
7486,3.4782e-005
7487,3.0887e-005
7488,3.1066e-005
7489,3.9425e-005
7490,3.9689e-005
7491,3.3419e-005
7492,3.0492e-005
7493,3.5101e-005
7494,3.0691e-005
7495,2.9756e-005
7496,3.9694e-005
7497,3.3371e-005
7498,3.0382e-005
7499,2.795e-005
7500,2.6281e-005
7501,3.4753e-005
7502,3.0003e-005
7503,3.0674e-005
7504,3.987e-005
7505,3.9424e-005
7506,3.3404e-005
7507,2.8061e-005
7508,2.7883e-005
7509,3.4499e-005
7510,3.0588e-005
7511,3.0692e-005
7512,3.8699e-005
7513,3.9734e-005
7514,3.3162e-005
7515,3.2968e-005
7516,2.7961e-005
7517,3.3986e-005
7518,2.9971e-005
7519,2.9688e-005
7520,3.8502e-005
7521,3.2786e-005
7522,2.7901e-005
7523,2.8009e-005
7524,2.536e-005
7525,3.3416e-005
7526,2.9839e-005
7527,2.9266e-005
7528,3.8369e-005
7529,3.7342e-005
7530,3.1188e-005
7531,3.2573e-005
7532,2.749e-005
7533,2.7748e-005
7534,3.6389e-005
7535,3.2814e-005
7536,2.888e-005
7537,2.8474e-005
7538,3.7002e-005
7539,3.6749e-005
7540,3.0996e-005
7541,2.7231e-005
7542,3.0126e-005
7543,3.2076e-005
7544,2.8025e-005
7545,2.82e-005
7546,3.6531e-005
7547,2.5729e-005
7548,2.6978e-005
7549,2.9834e-005
7550,3.0791e-005
7551,2.7912e-005
7552,2.7959e-005
7553,3.6187e-005
7554,3.688e-005
7555,3.2891e-005
7556,2.5456e-005
7557,2.6541e-005
7558,2.9345e-005
7559,2.9825e-005
7560,2.7055e-005
7561,2.7433e-005
7562,3.631e-005
7563,3.4145e-005
7564,3.2428e-005
7565,2.869e-005
7566,2.6088e-005
7567,2.4427e-005
7568,2.8887e-005
7569,2.6499e-005
7570,2.5712e-005
7571,3.3538e-005
7572,2.8224e-005
7573,2.3988e-005
7574,2.3656e-005
7575,2.779e-005
7576,2.52e-005
7577,2.458e-005
7578,3.6325e-005
7579,3.1819e-005
7580,3.2906e-005
7581,2.6466e-005
7582,2.7763e-005
7583,2.3169e-005
7584,2.6589e-005
7585,2.3806e-005
7586,2.2976e-005
7587,3.1092e-005
7588,2.5903e-005
7589,2.1578e-005
7590,2.2665e-005
7591,2.5086e-005
7592,2.2336e-005
7593,2.2477e-005
7594,3.0383e-005
7595,3.0332e-005
7596,2.4662e-005
7597,2.5276e-005
7598,2.1276e-005
7599,2.0997e-005
7600,2.34e-005
7601,2.1143e-005
7602,2.1865e-005
7603,2.9586e-005
7604,2.6429e-005
7605,2.3915e-005
7606,2.06e-005
7607,2.0521e-005
7608,2.2116e-005
7609,2.0373e-005
7610,1.9112e-005
7611,2.5572e-005
7612,1.8131e-005
7613,2.1468e-005
7614,1.9919e-005
7615,2.0676e-005
7616,1.8568e-005
7617,1.8516e-005
7618,2.6161e-005
7619,2.4844e-005
7620,1.7432e-005
7621,2.0772e-005
7622,1.922e-005
7623,1.7942e-005
7624,1.7786e-005
7625,2.3898e-005
7626,2.5343e-005
7627,1.6739e-005
7628,2.0018e-005
7629,1.7327e-005
7630,1.8476e-005
7631,1.5965e-005
7632,1.7178e-005
7633,2.3276e-005
7634,2.3669e-005
7635,1.5639e-005
7636,1.372e-005
7637,1.6762e-005
7638,1.8203e-005
7639,1.6384e-005
7640,1.5897e-005
7641,2.3293e-005
7642,1.5529e-005
7643,1.7355e-005
7644,1.54e-005
7645,1.785e-005
7646,1.8849e-005
7647,1.3927e-005
7648,1.5991e-005
7649,2.0713e-005
7650,1.7541e-005
7651,1.5055e-005
7652,1.4272e-005
7653,1.5599e-005
7654,1.5292e-005
7655,1.721e-005
7656,1.6188e-005
7657,2.6946e-005
7658,1.9192e-005
7659,2.1164e-005
7660,2.5221e-005
7661,3.254e-005
7662,1.9883e-005
7663,1.8368e-005
7664,2.3824e-005
7665,1.8026e-005
7666,1.9989e-005
7667,2.03e-005
7668,2.4863e-005
7669,4.5446e-005
7670,2.5601e-005
7671,3.3826e-005
7672,5.4836e-005
7673,3.941e-005
7674,2.3693e-005
7675,3.5254e-005
7676,2.9832e-005
7677,2.8036e-005
7678,4.0224e-005
7679,2.9406e-005
7680,8.4716e-005
7681,5.0653e-005
7682,6.3205e-005
7683,1.0178e-004
7684,7.2449e-005
7685,1.1521e-004
7686,7.3518e-005
7687,4.0665e-005
7688,5.5797e-005
7689,4.4066e-005
7690,6.0415e-005
7691,5.2328e-005
7692,5.0578e-005
7693,1.1485e-004
7694,7.9052e-005
7695,9.173e-005
7696,1.3776e-004
7697,1.3491e-004
7698,9.1413e-005
7699,7.3146e-005
7700,9.9396e-005
7701,1.2961e-004
7702,6.2878e-005
7703,9.2981e-005
7704,7.525e-005
7705,7.6139e-005
7706,6.3905e-005
7707,1.1743e-004
7708,1.0124e-004
7709,9.34e-005
7710,1.5115e-004
7711,1.5043e-004
7712,8.1807e-005
7713,1.0726e-004
7714,1.1872e-004
7715,8.8996e-005
7716,8.3579e-005
7717,7.9661e-005
7718,8.8814e-005
7719,8.5305e-005
7720,7.2814e-005
7721,1.3886e-004
7722,1.4334e-004
7723,7.1246e-005
7724,6.2438e-005
7725,1.09e-004
7726,8.2142e-005
7727,1.3399e-004
7728,7.0689e-005
7729,7.3837e-005
7730,8.6688e-005
7731,9.7146e-005
7732,1.0746e-004
7733,4.7959e-005
7734,4.1981e-005
7735,5.6749e-005
7736,1.1764e-004
7737,1.0651e-004
7738,7.0953e-005
7739,3.8779e-005
7740,3.9377e-005
7741,4.7454e-005
7742,5.0778e-005
7743,5.6693e-005
7744,8.6061e-005
7745,4.0812e-005
7746,7.7444e-005
7747,6.5162e-005
7748,2.3693e-005
7749,2.4744e-005
7750,2.8887e-005
7751,3.8023e-005
7752,5.2927e-005
7753,2.68e-005
7754,3.4245e-005
7755,2.3652e-005
7756,2.4488e-005
7757,2.6678e-005
7758,3.6117e-005
7759,2.324e-005
7760,2.9316e-005
7761,1.45e-005
7762,1.7393e-005
7763,2.3768e-005
7764,1.9133e-005
7765,2.789e-005
7766,1.6237e-005
7767,1.7953e-005
7768,1.7898e-005
7769,1.5034e-005
7770,1.7129e-005
7771,1.5294e-005
7772,1.5515e-005
7773,1.9991e-005
7774,1.5794e-005
7775,5.8783e-006
7776,7.394e-006
7777,5.8264e-006
7778,5.7522e-006
7779,6.1599e-006
7780,5.5301e-006
7781,4.1219e-006
7782,6.6436e-006
7783,5.4199e-006
7784,6.2735e-006
7785,5.0083e-006
7786,4.8316e-006
7787,5.5148e-006
7788,5.0956e-006
7789,4.4964e-006
7790,1.2506e-006
7791,3.6377e-006
7792,2.7451e-006
7793,3.0596e-006
7794,3.8743e-006
7795,3.1117e-006
7796,3.4909e-006
7797,2.239e-006
7798,3.3968e-006
7799,1.0369e-006
7800,1.0118e-006
7801,1.6048e-006
7802,1.2517e-006
7803,9.7326e-007
7804,1.7035e-006
7805,7.2331e-007
7806,7.5448e-007
7807,1.1263e-005
7808,1.4023e-005
7809,1.2259e-005
7810,1.0018e-005
7811,1.2657e-005
7812,1.3685e-005
7813,1.1079e-005
7814,6.7711e-006
7815,9.7127e-006
7816,8.0041e-006
7817,8.4063e-006
7818,9.2233e-006
7819,7.1061e-006
7820,7.8957e-006
7821,4.1912e-006
7822,5.2387e-006
7823,5.9104e-006
7824,4.3028e-006
7825,4.6699e-006
7826,4.8777e-006
7827,5.6404e-006
7828,4.7208e-006
7829,4.2207e-006
7830,4.7483e-006
7831,1.5494e-006
7832,3.111e-006
7833,3.9035e-006
7834,3.1456e-006
7835,3.4193e-006
7836,3.6859e-006
7837,2.7492e-006
7838,2.4469e-006
7839,2.6845e-006
7840,7.3495e-007
7841,1.249e-006
7842,1.8353e-006
7843,1.2088e-006
7844,1.5746e-006
7845,6.1354e-007
7846,4.5002e-007
7847,9.4484e-007
7848,1.1228e-006
7849,4.9566e-007
7850,2.2021e-005
7851,1.4232e-005
7852,1.9607e-005
7853,1.2333e-005
7854,9.8682e-006
7855,1.3203e-005
7856,2.6792e-005
7857,3.209e-005
7858,1.7567e-005
7859,2.2479e-005
7860,2.6796e-005
7861,2.3226e-005
7862,1.9557e-005
7863,2.3724e-005
7864,2.6659e-005
7865,3.012e-005
7866,2.3443e-005
7867,2.6488e-005
7868,2.2968e-005
7869,1.7329e-005
7870,2.1738e-005
7871,1.7152e-005
7872,1.3849e-005
7873,1.7389e-005
7874,1.3692e-005
7875,7.9089e-006
7876,8.4692e-006
7877,7.4044e-006
7878,9.043e-006
7879,8.6927e-006
7880,7.2643e-006
7881,6.8968e-006
7882,7.7261e-006
7883,8.5522e-006
7884,7.9467e-006
7885,7.4358e-006
7886,5.5581e-006
7887,5.3634e-006
7888,6.5609e-006
7889,5.0983e-006
7890,5.7736e-006
7891,5.2306e-006
7892,5.0081e-006
7893,5.5253e-006
7894,5.6658e-006
7895,6.6009e-006
7896,6.4697e-006
7897,5.0213e-006
7898,4.9155e-006
7899,4.936e-006
7900,5.7505e-006
7901,5.5138e-006
7902,5.0622e-006
7903,5.9995e-006
7904,6.6661e-006
7905,5.0123e-006
7906,4.9752e-006
7907,5.0607e-006
7908,5.8705e-006
7909,6.2629e-006
7910,5.1369e-006
7911,5.904e-006
7912,6.4985e-006
7913,6.9349e-006
7914,7.6354e-006
7915,5.1545e-006
7916,5.8486e-006
7917,6.7786e-006
7918,5.2122e-006
7919,6.4888e-006
7920,5.993e-006
7921,5.0864e-006
7922,7.0465e-006
7923,8.6821e-006
7924,8.0039e-006
7925,6.1047e-006
7926,7.0383e-006
7927,5.9933e-006
7928,6.8599e-006
7929,6.2273e-006
7930,5.6484e-006
7931,7.6552e-006
7932,9.1838e-006
7933,9.7408e-006
7934,5.5494e-006
7935,6.6995e-006
7936,6.3352e-006
7937,6.5311e-006
7938,6.1915e-006
7939,8.0244e-006
7940,7.1203e-006
7941,8.241e-006
7942,9.9672e-006
7943,1.0054e-005
7944,6.9693e-006
7945,6.7822e-006
7946,8.6383e-006
7947,8.2868e-006
7948,7.1802e-006
7949,9.0324e-006
7950,1.0596e-005
7951,1.0258e-005
7952,7.1797e-006
7953,6.2275e-006
7954,7.1859e-006
7955,8.9268e-006
7956,6.2119e-006
7957,7.4678e-006
7958,7.7153e-006
7959,9.2089e-006
7960,1.1533e-005
7961,1.0894e-005
7962,7.3462e-006
7963,7.4997e-006
7964,9.687e-006
7965,9.386e-006
7966,7.9754e-006
7967,9.9665e-006
7968,1.2156e-005
7969,1.1748e-005
7970,7.5671e-006
7971,8.3056e-006
7972,7.683e-006
7973,9.9381e-006
7974,8.4675e-006
7975,1.0196e-005
7976,1.3285e-005
7977,1.2339e-005
7978,1.2482e-005
7979,8.5017e-006
7980,8.5873e-006
7981,1.1016e-005
7982,9.4053e-006
7983,1.0395e-005
7984,1.2783e-005
7985,8.2099e-006
7986,8.669e-006
7987,8.3694e-006
7988,9.6309e-006
7989,1.0484e-005
7990,1.2696e-005
7991,1.2726e-005
7992,8.3246e-006
7993,8.1661e-006
7994,1.0535e-005
7995,8.5075e-006
7996,8.9252e-006
7997,1.2343e-005
7998,9.8219e-006
7999,1.0733e-005
8000,1.3531e-005
8001,1.3149e-005
8002,8.9657e-006
8003,8.2551e-006
8004,1.0515e-005
8005,1.025e-005
8006,8.9752e-006
8007,7.8312e-006
8008,1.0916e-005
8009,1.3719e-005
8010,1.3392e-005
8011,9.0227e-006
8012,9.0383e-006
8013,1.0452e-005
8014,1.097e-005
8015,1.2309e-005
8016,7.9031e-006
8017,1.0927e-005
8018,1.421e-005
8019,1.4108e-005
8020,9.0347e-006
8021,8.5066e-006
8022,8.4373e-006
8023,9.0974e-006
8024,1.0879e-005
8025,1.1059e-005
8026,1.1085e-005
8027,1.4422e-005
8028,1.4326e-005
8029,8.57e-006
8030,9.6455e-006
8031,1.1654e-005
8032,8.4578e-006
8033,1.0939e-005
8034,1.1346e-005
8035,1.3512e-005
8036,1.5029e-005
8037,1.4535e-005
8038,9.6189e-006
8039,9.7112e-006
8040,1.0837e-005
8041,1.1669e-005
8042,8.553e-006
8043,8.3717e-006
8044,9.4169e-006
8045,1.1249e-005
8046,1.4255e-005
8047,1.3706e-005
8048,9.676e-006
8049,1.0846e-005
8050,9.5105e-006
8051,1.1875e-005
8052,1.1239e-005
8053,1.446e-005
8054,1.4318e-005
8055,9.6804e-006
8056,9.4343e-006
8057,9.0636e-006
8058,9.5199e-006
8059,1.1457e-005
8060,1.1845e-005
8061,1.1333e-005
8062,1.4863e-005
8063,1.4539e-005
8064,9.4422e-006
8065,9.8221e-006
8066,9.0629e-006
8067,1.2138e-005
8068,1.15e-005
8069,1.1362e-005
8070,1.5485e-005
8071,1.4828e-005
8072,1.4523e-005
8073,9.8526e-006
8074,9.1086e-006
8075,1.2056e-005
8076,1.0373e-005
8077,1.2144e-005
8078,1.1178e-005
8079,1.4312e-005
8080,1.4632e-005
8081,8.8678e-006
8082,9.7799e-006
8083,1.1329e-005
8084,8.8657e-006
8085,1.0361e-005
8086,1.2107e-005
8087,1.1197e-005
8088,1.4103e-005
8089,1.4362e-005
8090,9.6088e-006
8091,8.8696e-006
8092,1.139e-005
8093,9.5568e-006
8094,1.1606e-005
8095,8.8521e-006
8096,1.0237e-005
8097,1.1114e-005
8098,1.4079e-005
8099,1.4003e-005
8100,9.6544e-006
8101,9.5256e-006
8102,1.156e-005
8103,1.1319e-005
8104,9.1135e-006
8105,1.1091e-005
8106,1.4202e-005
8107,1.4137e-005
8108,9.1074e-006
8109,9.6091e-006
8110,1.0111e-005
8111,1.1483e-005
8112,9.3732e-006
8113,1.1353e-005
8114,9.7985e-006
8115,9.0708e-006
8116,1.104e-005
8117,1.4372e-005
8118,1.4259e-005
8119,1.0099e-005
8120,1.1406e-005
8121,9.3912e-006
8122,1.17e-005
8123,9.9328e-006
8124,1.1075e-005
8125,1.4487e-005
8126,1.4354e-005
8127,1.0043e-005
8128,9.4062e-006
8129,1.1688e-005
8130,9.9483e-006
8131,9.5535e-006
8132,1.1007e-005
8133,1.528e-005
8134,1.4264e-005
8135,1.4382e-005
8136,8.6625e-006
8137,9.3726e-006
8138,1.1061e-005
8139,1.1634e-005
8140,1.2245e-005
8141,9.546e-006
8142,9.6155e-006
8143,1.0874e-005
8144,1.4246e-005
8145,1.4071e-005
8146,8.6714e-006
8147,8.3943e-006
8148,1.0981e-005
8149,1.074e-005
8150,9.5357e-006
8151,1.0716e-005
8152,1.416e-005
8153,1.4078e-005
8154,8.3374e-006
8155,9.5397e-006
8156,8.7895e-006
8157,1.1026e-005
8158,1.0658e-005
8159,9.4953e-006
8160,1.0789e-005
8161,1.4094e-005
8162,1.3887e-005
8163,9.5194e-006
8164,8.7948e-006
8165,1.1035e-005
8166,9.6716e-006
8167,1.1428e-005
8168,1.0547e-005
8169,1.3862e-005
8170,1.3747e-005
8171,9.0892e-006
8172,9.3869e-006
8173,9.0779e-006
8174,1.1126e-005
8175,9.6094e-006
8176,1.136e-005
8177,1.082e-005
8178,1.047e-005
8179,1.3621e-005
8180,1.3361e-005
8181,8.0207e-006
8182,9.0774e-006
8183,9.1163e-006
8184,9.0468e-006
8185,1.0802e-005
8186,9.0981e-006
8187,1.0766e-005
8188,1.0335e-005
8189,1.3314e-005
8190,1.2968e-005
8191,9.1088e-006
8192,1.0637e-005
8193,8.5974e-006
8194,1.0769e-005
8195,9.0344e-006
8196,1.0392e-005
8197,1.2991e-005
8198,1.3123e-005
8199,9.1407e-006
8200,9.0642e-006
8201,1.0614e-005
8202,8.5425e-006
8203,1.1092e-005
8204,1.0402e-005
8205,1.3003e-005
8206,1.2736e-005
8207,9.1171e-006
8208,8.6863e-006
8209,8.5443e-006
8210,1.0174e-005
8211,1.1028e-005
8212,8.1927e-006
8213,1.0296e-005
8214,1.2623e-005
8215,1.2749e-005
8216,8.637e-006
8217,1.0112e-005
8218,1.0209e-005
8219,8.216e-006
8220,1.0967e-005
8221,8.8382e-006
8222,1.0067e-005
8223,1.1869e-005
8224,1.2553e-005
8225,8.3253e-006
8226,8.5528e-006
8227,8.0213e-006
8228,1.0409e-005
8229,8.752e-006
8230,1.0117e-005
8231,8.7866e-006
8232,9.9071e-006
8233,1.222e-005
8234,1.1767e-005
8235,8.2194e-006
8236,8.6398e-006
8237,1.0115e-005
8238,1.0334e-005
8239,8.7347e-006
8240,9.8475e-006
8241,1.2122e-005
8242,1.2163e-005
8243,8.608e-006
8244,1.0073e-005
8245,8.5091e-006
8246,8.6685e-006
8247,1.0343e-005
8248,9.7302e-006
8249,1.2149e-005
8250,1.201e-005
8251,8.1815e-006
8252,8.5565e-006
8253,9.5763e-006
8254,8.4821e-006
8255,8.499e-006
8256,1.0299e-005
8257,9.6891e-006
8258,1.2423e-005
8259,1.1927e-005
8260,1.2029e-005
8261,8.0982e-006
8262,9.5317e-006
8263,8.4624e-006
8264,1.0327e-005
8265,9.4592e-006
8266,1.1861e-005
8267,1.1536e-005
8268,8.0575e-006
8269,8.143e-006
8270,8.202e-006
8271,8.3869e-006
8272,9.8454e-006
8273,1.0262e-005
8274,8.9504e-006
8275,9.2852e-006
8276,1.1395e-005
8277,1.1173e-005
8278,7.7997e-006
8279,8.0811e-006
8280,8.139e-006
8281,9.2622e-006
8282,9.7769e-006
8283,7.8442e-006
8284,9.1715e-006
8285,1.0959e-005
8286,1.0575e-005
8287,7.7388e-006
8288,9.0984e-006
8289,9.2303e-006
8290,7.9745e-006
8291,7.7941e-006
8292,1.0171e-005
8293,9.0142e-006
8294,1.0604e-005
8295,1.0438e-005
8296,7.6916e-006
8297,7.7482e-006
8298,7.7795e-006
8299,8.9691e-006
8300,9.4068e-006
8301,7.901e-006
8302,8.9036e-006
8303,1.0332e-005
8304,1.0336e-005
8305,7.6968e-006
8306,7.7081e-006
8307,7.873e-006
8308,9.353e-006
8309,8.3463e-006
8310,8.6969e-006
8311,1.0199e-005
8312,1.0114e-005
8313,7.0559e-006
8314,7.6494e-006
8315,9.1537e-006
8316,7.8048e-006
8317,8.1539e-006
8318,8.2697e-006
8319,8.3934e-006
8320,9.9152e-006
8321,9.8564e-006
8322,7.0029e-006
8323,7.197e-006
8324,7.2735e-006
8325,7.7384e-006
8326,8.5112e-006
8327,8.0625e-006
8328,9.0645e-006
8329,8.2482e-006
8330,9.7087e-006
8331,9.5123e-006
8332,7.5134e-006
8333,7.1457e-006
8334,7.2154e-006
8335,8.3798e-006
8336,8.6499e-006
8337,7.7462e-006
8338,8.0399e-006
8339,9.3422e-006
8340,9.5313e-006
8341,9.0358e-006
8342,7.4843e-006
8343,7.2588e-006
8344,8.54e-006
8345,7.9787e-006
8346,7.66e-006
8347,8.7192e-006
8348,8.8764e-006
8349,7.2117e-006
8350,7.4278e-006
8351,6.8828e-006
8352,7.7921e-006
8353,7.1917e-006
8354,7.8713e-006
8355,1.0115e-005
8356,9.6761e-006
8357,1.0355e-005
8358,9.7001e-006
8359,8.384e-006
8360,9.1696e-006
8361,9.1897e-006
8362,8.0184e-006
8363,8.7694e-006
8364,8.6925e-006
8365,9.6173e-006
8366,9.4646e-006
8367,1.0544e-005
8368,1.1364e-005
8369,1.1023e-005
8370,1.1668e-005
8371,1.0051e-005
8372,1.1433e-005
8373,1.0506e-005
8374,1.0311e-005
8375,3.1236e-013
8376,2.7158e-013
8377,2.7813e-013
8378,2.3144e-013
8379,1.1553e-012
8380,3.1856e-013
8381,5.9795e-013
8382,4.3099e-013
8383,7.7665e-013
8384,3.2643e-013
8385,5.0717e-012
8386,1.2007e-012
8387,3.099e-012
8388,1.6007e-012
8389,2.2287e-011
8390,6.4044e-012
8391,1.3319e-011
8392,9.7789e-011
8393,3.8272e-011
8394,2.8729e-011
8395,6.0676e-011
8396,4.3684e-010
8397,1.2278e-010
8398,2.5566e-010
8399,1.7892e-009
8400,5.662e-010
8401,1.0273e-009
8402,5.5503e-010
8403,7.7682e-009
8404,2.1727e-009
8405,3.6557e-009
8406,4.1193e-009
8407,2.1716e-009
8408,3.5519e-008
8409,1.2832e-008
8410,7.5656e-009
8411,1.733e-008
8412,8.7274e-009
8413,1.2579e-007
8414,2.7441e-008
8415,3.7201e-008
8416,7.1193e-008
8417,4.2914e-007
8418,9.3824e-008
8419,2.3437e-007
8420,1.3167e-007
8421,1.1117e-006
8422,4.8466e-007
8423,9.4441e-007
8424,4.3309e-007
8425,7.0245e-007
8426,9.5872e-007
8427,8.5166e-007
8428,2.1101e-006
8429,1.3704e-006
8430,1.9104e-006
8431,1.79e-006
8432,1.3505e-006
8433,1.2211e-006
8434,1.6233e-006
8435,3.2385e-006
8436,2.4754e-006
8437,3.0259e-006
8438,2.2369e-006
8439,2.6426e-006
8440,2.0616e-006
8441,4.1943e-006
8442,3.934e-006
8443,3.5838e-006
8444,2.9245e-006
8445,3.4551e-006
8446,3.892e-006
8447,3.0487e-006
8448,4.9529e-006
8449,4.3274e-006
8450,4.633e-006
8451,3.758e-006
8452,4.6616e-006
8453,4.2723e-006
8454,4.9518e-006
8455,4.9601e-006
8456,5.1383e-006
8457,4.5363e-006
8458,3.5884e-013
8459,2.4182e-013
8460,1.9643e-013
8461,2.7889e-013
8462,4.5842e-006
8463,4.6462e-006
8464,4.7058e-006
8465,4.7228e-006
8466,3.603e-006
8467,4.266e-006
8468,3.7786e-006
8469,4.3106e-006
8470,3.6623e-006
8471,3.7714e-006
8472,3.532e-006
8473,2.5336e-006
8474,3.2454e-006
8475,2.7656e-006
8476,2.7404e-006
8477,3.2243e-006
8478,3.0654e-006
8479,1.529e-006
8480,1.8338e-006
8481,2.2968e-006
8482,1.7935e-006
8483,2.2976e-006
8484,1.8319e-006
8485,1.3888e-006
8486,2.1861e-006
8487,6.87e-007
8488,9.4548e-007
8489,1.3141e-006
8490,1.353e-006
8491,7.0171e-007
8492,1.0389e-006
8493,2.3172e-007
8494,2.2877e-007
8495,5.9063e-007
8496,2.5063e-007
8497,4.2511e-007
8498,4.5256e-007
8499,5.7405e-008
8500,6.7891e-008
8501,1.1956e-007
8502,6.494e-008
8503,1.2659e-007
8504,1.4341e-008
8505,1.832e-008
8506,3.1728e-008
8507,1.7511e-008
8508,3.45e-009
8509,4.6136e-009
8510,2.817e-009
8511,4.4662e-009
8512,8.406e-009
8513,7.7117e-010
8514,8.1788e-010
8515,1.3079e-009
8516,4.9622e-010
8517,1.0249e-009
8518,2.1452e-009
8519,5.9703e-010
8520,1.683e-010
8521,2.2853e-010
8522,2.6784e-010
8523,4.0521e-011
8524,6.1496e-011
8525,6.7217e-011
8526,1.3688e-010
8527,4.4165e-011
8528,8.8946e-012
8529,1.1374e-011
8530,2.0167e-011
8531,1.8012e-012
8532,3.278e-012
8533,1.7911e-012
8534,5.4007e-012
8535,2.4936e-012
8536,7.5955e-013
8537,1.0401e-012
8538,5.4106e-013
8539,8.1811e-007
8540,9.2535e-007
8541,8.0532e-007
8542,1.4248e-006
8543,1.1353e-006
8544,1.035e-006
8545,1.3665e-006
8546,3.118e-007
8547,6.0242e-007
8548,5.6179e-007
8549,3.8149e-007
8550,4.5924e-007
8551,3.066e-007
8552,1.0098e-007
8553,1.6646e-007
8554,1.0366e-007
8555,2.4925e-007
8556,1.2139e-007
8557,1.8777e-007
8558,2.8557e-008
8559,6.5473e-008
8560,3.6347e-008
8561,7.1084e-008
8562,4.3247e-008
8563,2.0971e-008
8564,1.0983e-008
8565,7.6298e-009
8566,1.3197e-008
8567,2.4983e-008
8568,8.6325e-012
8569,8.7213e-012
8570,1.2548e-011
8571,8.9607e-012
8572,1.1534e-011
8573,3.6285e-012
8574,6.2522e-012
8575,3.8735e-012
8576,6.8075e-012
8577,3.6263e-012
8578,4.9095e-012
8579,1.1791e-012
8580,1.3109e-012
8581,2.5242e-012
8582,1.3183e-012
8583,2.2903e-012
8584,3.7839e-013
8585,8.881e-013
8586,5.4286e-013
8587,8.2374e-013
8588,4.2775e-013
8589,1.4311e-013
8590,2.4065e-013
8591,3.4323e-013
8592,2.4973e-013
8593,1.4137e-013
8594,6.5142e-006
8595,8.2781e-006
8596,7.7941e-006
8597,6.7489e-006
8598,6.4338e-006
8599,7.522e-006
8600,6.9586e-006
8601,6.0602e-006
8602,6.7594e-006
8603,5.5063e-006
8604,7.4335e-006
8605,6.2438e-006
8606,5.4387e-006
8607,5.9939e-006
8608,7.1198e-006
8609,5.9707e-006
8610,5.6942e-006
8611,5.1116e-006
8612,4.4551e-006
8613,6.9734e-006
8614,8.4157e-006
8615,4.8773e-006
8616,4.0551e-006
8617,4.1103e-006
8618,5.744e-006
8619,5.4933e-006
8620,3.9392e-006
8621,4.6877e-006
8622,7.828e-006
8623,3.7344e-006
8624,8.0361e-006
8625,8.4032e-006
8626,2.6822e-006
8627,3.5071e-006
8628,2.9371e-006
8629,5.2759e-006
8630,3.4731e-006
8631,3.8587e-006
8632,3.6703e-006
8633,4.5503e-006
8634,2.8461e-006
8635,3.4341e-006
8636,7.9585e-006
8637,7.9191e-006
8638,2.374e-006
8639,2.4821e-006
8640,3.3528e-006
8641,2.8389e-006
8642,4.2983e-006
8643,2.7212e-006
8644,3.957e-006
8645,3.3909e-006
8646,7.4206e-006
8647,7.2222e-006
8648,2.5144e-006
8649,2.4479e-006
8650,2.1296e-006
8651,4.0651e-006
8652,2.9728e-006
8653,2.4792e-006
8654,2.8448e-006
8655,3.2874e-006
8656,5.7261e-006
8657,2.7496e-006
8658,3.5476e-006
8659,3.8779e-006
8660,3.3798e-006
8661,6.8666e-006
8662,2.4593e-006
8663,2.4614e-006
8664,4.0113e-006
8665,2.9531e-006
8666,3.5168e-006
8667,3.1472e-006
8668,2.6152e-006
8669,3.6003e-006
8670,4.8895e-006
8671,3.5585e-006
8672,7.4349e-006
8673,7.4788e-006
8674,1.9729e-006
8675,2.4375e-006
8676,3.4688e-006
8677,2.6825e-006
8678,4.9072e-006
8679,3.8422e-006
8680,4.1448e-006
8681,8.4479e-006
8682,8.0706e-006
8683,2.1129e-006
8684,2.9839e-006
8685,2.354e-006
8686,5.0624e-006
8687,3.1655e-006
8688,2.8171e-006
8689,3.5846e-006
8690,6.5903e-006
8691,2.7539e-006
8692,3.9411e-006
8693,4.5319e-006
8694,3.1274e-006
8695,5.5008e-006
8696,6.9408e-006
8697,8.5196e-006
8698,8.9245e-006
8699,3.6283e-006
8700,4.7973e-006
8701,4.2083e-006
8702,5.5617e-006
8703,3.4034e-006
8704,5.3115e-006
8705,8.3484e-006
8706,4.4199e-006
8707,4.4752e-006
8708,3.8015e-006
8709,3.8165e-006
8710,7.9807e-006
8711,7.6763e-006
8712,5.7134e-006
8713,6.3446e-006
8714,6.3726e-006
8715,6.0787e-006
8716,6.9416e-006
8717,5.7949e-006
8718,5.987e-006
8719,7.2357e-006
8720,5.0872e-006
8721,5.6385e-006
8722,2.6071e-013
8723,1.8304e-013
8724,2.6525e-013
8725,2.8205e-013
8726,2.4603e-013
8727,2.6272e-013
8728,2.7557e-013
8729,1.4552e-013
8730,2.3266e-013
8731,1.8181e-013
8732,1.3452e-013
8733,1.4655e-013
8734,1.0237e-013
8735,1.2053e-013
8736,9.8397e-014
8737,9.0864e-014
8738,2.5077e-013
8739,1.2329e-013
8740,2.3601e-013
8741,1.5198e-013
8742,1.9401e-013
8743,1.4186e-013
8744,2.6976e-013
8745,2.693e-013
8746,2.7319e-013
8747,2.7034e-013
8748,2.7603e-013
8749,2.2415e-013
8750,6.0002e-005
8751,8.9034e-005
8752,6.7752e-005
8753,9.2121e-005
8754,8.5496e-005
8755,7.1437e-005
8756,3.477e-005
8757,5.1338e-005
8758,3.8113e-005
8759,3.7341e-005
8760,5.5263e-005
8761,4.8033e-005
8762,4.3212e-005
8763,4.1402e-005
8764,2.1691e-005
8765,2.8992e-005
8766,2.3192e-005
8767,2.9497e-005
8768,2.2285e-005
8769,2.199e-005
8770,2.5888e-005
8771,3.409e-005
8772,3.2111e-005
8773,2.7451e-005
8774,1.4933e-005
8775,1.9284e-005
8776,1.6529e-005
8777,1.8034e-005
8778,1.7511e-005
8779,1.854e-005
8780,2.1155e-005
8781,1.0309e-005
8782,1.1893e-005
8783,1.4481e-005
8784,1.4821e-005
8785,1.17e-005
8786,1.4618e-005
8787,1.5832e-005
8788,1.227e-005
8789,1.3973e-005
8790,6.1419e-006
8791,7.4984e-006
8792,9.8388e-006
8793,6.764e-006
8794,9.2773e-006
8795,8.6476e-006
8796,8.339e-006
8797,7.3934e-006
8798,9.939e-006
8799,2.9692e-006
8800,4.5169e-006
8801,5.6702e-006
8802,2.0094e-006
8803,4.6893e-006
8804,3.3185e-006
8805,5.4232e-006
8806,5.1035e-006
8807,1.4177e-006
8808,2.3039e-006
8809,3.3959e-006
8810,8.913e-007
8811,2.0827e-006
8812,1.6425e-006
8813,3.7376e-006
8814,2.9072e-006
8815,3.1076e-006
8816,9.409e-007
8817,1.8535e-006
8818,3.4961e-007
8819,5.232e-007
8820,1.2779e-006
8821,6.1627e-007
8822,1.174e-006
8823,1.6263e-006
8824,1.5364e-006
8825,5.0821e-007
8826,7.3231e-007
8827,1.0418e-006
8828,4.7348e-007
8829,1.2431e-006
8830,6.2826e-007
8831,9.1812e-007
8832,1.9902e-007
8833,5.6607e-007
8834,5.31e-007
8835,3.4651e-007
8836,6.2467e-007
8837,6.983e-007
8838,8.0692e-007
8839,2.0363e-007
8840,6.3278e-007
8841,3.7418e-007
8842,9.5966e-007
8843,1.0406e-006
8844,1.4063e-006
8845,5.2844e-007
8846,1.5519e-006
8847,1.2195e-006
8848,5.2505e-007
8849,8.1611e-007
8850,1.4316e-006
8851,1.6824e-006
8852,2.0969e-006
8853,3.6292e-007
8854,5.117e-007
8855,1.8875e-006
8856,1.0732e-006
8857,9.9161e-007
8858,3.0076e-006
8859,2.6072e-006
8860,3.5899e-006
8861,3.774e-006
8862,8.9516e-007
8863,3.1436e-006
8864,2.3472e-006
8865,2.6177e-006
8866,1.6803e-006
8867,3.2554e-006
8868,6.1853e-006
8869,5.1568e-006
8870,2.0446e-006
8871,4.7247e-006
8872,4.4631e-006
8873,5.3563e-006
8874,4.2364e-006
8875,6.0996e-006
8876,1.037e-005
8877,6.9055e-006
8878,9.0395e-006
8879,1.0001e-005
8880,6.8158e-006
8881,9.3315e-006
8882,7.3659e-006
8883,9.5909e-006
8884,8.0099e-006
8885,9.5755e-006
8886,1.5123e-005
8887,1.211e-005
8888,1.3857e-005
8889,1.4922e-005
8890,1.1783e-005
8891,1.4658e-005
8892,1.1989e-005
8893,1.3505e-005
8894,1.5543e-005
8895,2.1644e-005
8896,1.6074e-005
8897,1.8621e-005
8898,1.8121e-005
8899,2.1756e-005
8900,1.7579e-005
8901,1.8231e-005
8902,2.2053e-005
8903,3.4919e-005
8904,2.1822e-005
8905,2.8106e-005
8906,2.9698e-005
8907,2.2232e-005
8908,2.6339e-005
8909,2.7111e-005
8910,3.3042e-005
8911,3.0473e-005
8912,5.9932e-005
8913,3.7123e-005
8914,4.9609e-005
8915,3.7504e-005
8916,4.8927e-005
8917,5.6471e-005
8918,3.412e-005
8919,4.3156e-005
8920,3.8923e-005
8921,6.587e-005
8922,8.6598e-005
8923,9.1134e-005
8924,7.6726e-005
8925,7.2832e-005
8926,9.8532e-006
8927,1.1139e-005
8928,1.066e-005
8929,9.7109e-006
8930,1.0409e-005
8931,1.0749e-005
8932,9.1225e-006
8933,9.538e-006
8934,9.9432e-006
8935,1.0343e-005
8936,8.4146e-006
8937,8.9155e-006
8938,1.0834e-005
8939,1.0861e-005
8940,9.0558e-006
8941,1.0141e-005
8942,9.3268e-006
8943,8.7863e-006
8944,1.0038e-005
8945,9.389e-006
8946,1.3741e-005
8947,1.2189e-005
8948,1.1636e-005
8949,1.1472e-005
8950,1.2675e-005
8951,1.1389e-005
8952,1.2911e-005
8953,1.6862e-005
8954,1.3719e-005
8955,1.4206e-005
8956,1.5799e-005
8957,1.4459e-005
8958,1.042e-005
8959,1.4538e-005
8960,1.1971e-005
8961,1.2669e-005
8962,1.1271e-005
8963,1.1628e-005
8964,1.0408e-005
8965,7.1571e-006
8966,9.6232e-006
8967,8.0454e-006
8968,8.338e-006
8969,1.5154e-005
8970,1.4275e-005
8971,2.4629e-005
8972,1.8811e-005
8973,1.8671e-005
8974,1.5072e-005
8975,1.6984e-005
8976,1.3793e-005
8977,1.6899e-005
8978,1.5745e-005
8979,1.0384e-005
8980,1.1598e-005
8981,1.1456e-005
8982,1.1166e-005
8983,1.29e-005
8984,1.0688e-005
8985,9.8644e-006
8986,8.2888e-006
8987,7.0403e-006
8988,9.4627e-006
8989,8.9638e-006
8990,1.4939e-005
8991,1.1768e-005
8992,1.2303e-005
8993,1.1753e-005
8994,8.656e-006
8995,1.0659e-005
8996,1.3495e-005
8997,1.0623e-005
8998,1.4263e-005
8999,1.9077e-005
9000,1.3741e-005
9001,1.8418e-005
9002,1.5063e-005
9003,1.345e-005
9004,1.7839e-005
9005,1.5559e-005
9006,1.6035e-005
9007,1.6384e-005
9008,1.2069e-005
9009,8.5771e-006
9010,1.1654e-005
9011,1.1037e-005
9012,9.7339e-006
9013,1.6285e-005
9014,2.0912e-005
9015,2.9973e-005
9016,2.3858e-005
9017,1.5717e-005
9018,1.8975e-005
9019,1.9581e-005
9020,2.0833e-005
9021,2.1788e-005
9022,1.7755e-005
9023,1.7421e-005
9024,4.2349e-005
9025,2.4252e-005
9026,3.1291e-005
9027,2.3814e-005
9028,2.9503e-005
9029,3.0353e-005
9030,2.1674e-005
9031,2.3855e-005
9032,2.5685e-005
9033,3.7656e-005
9034,1.6213e-005
9035,1.2516e-005
9036,9.0481e-006
9037,1.1795e-005
9038,1.0833e-005
9039,1.3736e-005
9040,1.1239e-005
9041,4.0325e-005
9042,6.5522e-005
9043,4.991e-005
9044,3.8496e-005
9045,4.5577e-005
9046,4.7523e-005
9047,1.5234e-005
9048,2.4312e-005
9049,1.9406e-005
9050,1.6005e-005
9051,1.7371e-005
9052,2.0336e-005
9053,1.5755e-005
9054,1.2392e-005
9055,1.2798e-005
9056,8.923e-006
9057,7.9195e-006
9058,9.5622e-006
9059,1.1185e-005
9060,2.4949e-005
9061,2.8436e-005
9062,1.592e-005
9063,1.9344e-005
9064,1.8804e-005
9065,2.0379e-005
9066,1.756e-005
9067,3.8058e-005
9068,2.3896e-005
9069,2.9398e-005
9070,2.9363e-005
9071,2.6241e-005
9072,2.5638e-005
9073,5.7912e-005
9074,6.948e-005
9075,6.5545e-005
9076,5.3683e-005
9077,6.1025e-005
9078,4.9586e-005
9079,5.4365e-005
9080,3.7001e-005
9081,3.5117e-005
9082,3.5044e-005
9083,3.6533e-005
9084,3.1977e-005
9085,3.1401e-005
9086,4.2453e-005
9087,3.8821e-005
9088,2.322e-005
9089,1.9565e-005
9090,1.5754e-005
9091,1.6429e-005
9092,1.8642e-005
9093,2.1255e-005
9094,1.6806e-005
9095,1.8119e-005
9096,1.4856e-005
9097,2.0458e-005
9098,4.3735e-005
9099,5.3302e-005
9100,4.4079e-005
9101,5.8145e-005
9102,4.5864e-005
9103,2.9025e-005
9104,3.5453e-005
9105,2.3803e-005
9106,2.2952e-005
9107,2.984e-005
9108,2.2458e-005
9109,2.2488e-005
9110,2.6562e-005
9111,2.4321e-005
9112,2.2935e-005
9113,2.1795e-005
9114,2.5806e-005
9115,2.5192e-005
9116,3.152e-005
9117,3.5129e-005
9118,3.9576e-005
9119,2.8134e-005
9120,2.9168e-005
9121,4.7385e-005
9122,1.5714e-005
9123,1.4954e-005
9124,1.8895e-005
9125,1.8546e-005
9126,1.857e-005
9127,1.6684e-005
9128,1.1819e-005
9129,8.1159e-006
9130,7.9116e-006
9131,9.7016e-006
9132,1.3158e-005
9133,6.7999e-006
9134,1.1282e-005
9135,1.1942e-005
9136,1.5343e-005
9137,1.1363e-005
9138,8.6151e-006
9139,1.0653e-005
9140,1.3754e-005
9141,8.6746e-006
9142,6.6146e-006
9143,1.4508e-005
9144,6.4303e-006
9145,1.0721e-005
9146,9.1015e-006
9147,1.2512e-005
9148,8.1371e-006
9149,1.4422e-005
9150,1.8024e-005
9151,1.6224e-005
9152,1.3693e-005
9153,1.675e-005
9154,8.4984e-007
9155,1.2288e-006
9156,1.13e-006
9157,6.7654e-007
9158,6.8723e-007
9159,1.1642e-006
9160,1.1371e-004
9161,9.3944e-005
9162,7.8494e-005
9163,9.8547e-005
9164,1.13e-004
9165,9.2247e-005
9166,1.0486e-004
9167,1.1956e-004
9168,1.3589e-004
9169,1.3657e-004
9170,1.2466e-004
9171,1.1119e-004
9172,1.0316e-004
9173,1.2701e-004
9174,1.2573e-006
9175,1.2281e-006
9176,8.5286e-007
9177,1.1827e-006
9178,7.0316e-007
9179,1.1903e-006
9180,7.4546e-007
9181,1.6075e-006
9182,1.6168e-006
9183,2.0057e-006
9184,2.0464e-006
9185,1.5593e-006
9186,2.2044e-006
9187,1.5624e-006
9188,2.0068e-006
9189,1.9542e-006
9190,1.9383e-006
9191,9.9939e-007
9192,9.7725e-007
9193,1.5257e-006
9194,1.5358e-006
9195,1.4066e-006
9196,7.0498e-005
9197,9.962e-005
9198,8.0071e-005
9199,6.7323e-005
9200,9.1125e-005
9201,8.3612e-005
9202,7.7407e-005
9203,5.3964e-005
9204,4.5406e-005
9205,4.2242e-005
9206,7.5588e-005
9207,6.2795e-005
9208,5.2909e-005
9209,5.4715e-005
9210,4.2247e-005
9211,6.9367e-005
9212,6.3094e-005
9213,1.3092e-004
9214,1.314e-004
9215,1.1141e-004
9216,9.3715e-005
9217,1.2249e-004
9218,1.0552e-004
9219,1.0071e-004
9220,1.2139e-004
9221,1.4855e-004
9222,1.4727e-004
9223,1.5663e-004
9224,1.5459e-004
9225,1.3799e-004
9226,1.1549e-006
9227,1.3295e-006
9228,1.6988e-006
9229,1.8975e-006
9230,1.4921e-006
9231,1.7075e-006
9232,1.3032e-006
9233,1.4863e-006
9234,1.2958e-004
9235,1.5648e-004
9236,1.426e-004
9237,1.4046e-004
9238,1.5773e-004
9239,1.5299e-004
9240,1.3879e-004
9241,9.2099e-005
9242,1.2175e-004
9243,1.1328e-004
9244,8.8835e-005
9245,1.1992e-004
9246,1.1235e-004
9247,9.8324e-005
9248,6.1443e-005
9249,7.2578e-005
9250,5.602e-005
9251,5.9364e-005
9252,8.599e-005
9253,8.2126e-005
9254,7.242e-005
9255,6.182e-005
9256,7.2869e-005
9257,7.0698e-007
9258,9.839e-007
9259,1.1458e-006
9260,9.683e-007
9261,7.0116e-007
9262,4.4983e-005
9263,3.778e-005
9264,4.1656e-005
9265,4.8162e-005
9266,5.0079e-005
9267,4.5392e-005
9268,6.0455e-005
9269,6.1232e-007
9270,8.5634e-007
9271,5.9638e-007
9272,5.6129e-007
9273,5.6606e-007
9274,7.8168e-007
9275,8.7871e-007
9276,6.3389e-007
9277,8.5943e-007
9278,7.5719e-007
9279,6.1763e-007
9280,5.5194e-007
9281,7.83e-007
9282,8.2784e-007
9283,1.0359e-006
9284,1.4454e-006
9285,1.0179e-006
9286,1.1144e-006
9287,1.2612e-006
9288,1.0412e-006
9289,1.326e-006
9290,7.3997e-007
9291,9.4029e-007
9292,1.0881e-006
9293,7.5188e-007
9294,9.6459e-007
9295,1.169e-006
9296,1.4932e-006
9297,1.4712e-006
9298,1.0815e-006
9299,8.5108e-007
9300,1.6223e-006
9301,1.2294e-006
9302,1.221e-006
9303,8.8323e-007
9304,1.8167e-006
9305,2.056e-006
9306,2.1894e-006
9307,1.8316e-006
9308,1.8995e-006
9309,1.4978e-006
9310,1.5729e-006
9311,1.4868e-004
9312,1.5567e-004
9313,1.5761e-004
9314,1.5927e-004
9315,1.7085e-004
9316,1.4232e-004
9317,1.2632e-004
9318,1.3331e-004
9319,1.2579e-004
9320,1.4418e-004
9321,1.4565e-004
9322,1.3276e-004
9323,1.616e-004
9324,1.5333e-004
9325,1.3292e-004
9326,1.5124e-004
9327,1.3427e-004
9328,9.3364e-005
9329,1.0698e-004
9330,1.1682e-004
9331,1.0022e-004
9332,1.1839e-004
9333,9.9709e-005
9334,1.385e-006
9335,1.9225e-006
9336,2.2259e-006
9337,1.9407e-006
9338,1.6863e-006
9339,2.2874e-006
9340,1.5191e-006
9341,2.4074e-006
9342,2.5101e-006
9343,2.589e-006
9344,1.8711e-006
9345,2.505e-006
9346,2.0834e-006
9347,2.2337e-006
9348,2.4338e-006
9349,2.7354e-006
9350,2.4985e-006
9351,2.865e-006
9352,2.7197e-006
9353,2.4045e-006
9354,2.6217e-006
9355,1.9559e-006
9356,2.9353e-006
9357,3.115e-006
9358,2.5502e-006
9359,2.4446e-006
9360,2.7632e-006
9361,3.2859e-006
9362,2.0056e-006
9363,5.4763e-005
9364,4.9661e-005
9365,6.1584e-005
9366,8.3855e-005
9367,9.29e-005
9368,7.9399e-005
9369,7.7636e-005
9370,6.0064e-005
9371,5.9724e-005
9372,7.7502e-005
9373,2.8763e-005
9374,3.6605e-005
9375,3.3447e-005
9376,4.3589e-005
9377,3.4143e-005
9378,4.6705e-005
9379,1.4749e-006
9380,1.1165e-006
9381,8.4691e-007
9382,7.6933e-007
9383,1.2985e-006
9384,1.1644e-006
9385,1.6613e-006
9386,2.1007e-006
9387,2.3962e-006
9388,2.5549e-006
9389,2.288e-006
9390,1.8178e-006
9391,1.7447e-006
9392,2.4818e-006
9393,1.6551e-006
9394,1.0062e-006
9395,1.5129e-006
9396,1.3897e-006
9397,6.9473e-007
9398,2.6804e-006
9399,2.7945e-006
9400,2.5495e-006
9401,2.3978e-006
9402,2.2492e-006
9403,1.7975e-006
9404,2.8649e-006
9405,3.0354e-006
9406,2.8134e-006
9407,2.3376e-006
9408,2.7021e-006
9409,2.8977e-006
9410,3.2754e-006
9411,3.3328e-006
9412,3.5694e-006
9413,2.8332e-006
9414,3.3849e-006
9415,2.9975e-006
9416,3.2211e-006
9417,3.7003e-006
9418,3.4449e-006
9419,3.764e-006
9420,3.1038e-006
9421,3.5457e-006
9422,2.8505e-006
9423,3.05e-006
9424,3.6776e-006
9425,3.5834e-006
9426,3.115e-006
9427,3.8367e-006
9428,4.0259e-006
9429,3.329e-006
9430,3.02e-006
9431,4.4633e-006
9432,3.999e-006
9433,2.9562e-006
9434,3.6447e-006
9435,3.7789e-006
9436,3.8454e-006
9437,3.1875e-006
9438,3.677e-006
9439,3.3783e-006
9440,3.8811e-006
9441,4.388e-006
9442,4.7102e-006
9443,4.2645e-006
9444,4.8118e-006
9445,3.9616e-006
9446,4.7245e-006
9447,4.2814e-006
9448,3.9447e-006
9449,5.1147e-006
9450,5.5864e-006
9451,4.8592e-006
9452,5.173e-006
9453,4.6844e-006
9454,3.9512e-006
9455,3.8938e-006
9456,2.7644e-006
9457,3.6011e-006
9458,6.0142e-006
9459,4.8022e-006
9460,5.4562e-006
9461,6.2185e-006
9462,7.1611e-006
9463,5.5885e-006
9464,6.2627e-006
9465,5.43e-006
9466,7.1385e-006
9467,8.2614e-006
9468,7.4992e-006
9469,5.9193e-006
9470,8.1445e-006
9471,6.1784e-006
9472,5.653e-006
9473,7.2565e-006
9474,7.0381e-006
9475,8.4684e-006
9476,4.1144e-006
9477,4.7586e-006
9478,4.2679e-006
9479,4.1015e-006
9480,4.7951e-006
9481,4.3732e-006
9482,2.8364e-006
9483,3.3263e-006
9484,3.08e-006
9485,4.5181e-006
9486,4.1757e-006
9487,3.3171e-006
9488,3.4794e-006
9489,4.0086e-006
9490,4.8046e-006
9491,4.2324e-006
9492,6.1827e-006
9493,5.9124e-006
9494,5.0174e-006
9495,7.1194e-006
9496,6.2013e-006
9497,4.7366e-006
9498,5.7415e-006
9499,5.3815e-006
9500,8.6563e-006
9501,8.6452e-006
9502,7.0975e-006
9503,8.5744e-006
9504,8.613e-006
9505,7.3832e-006
9506,1.0077e-005
9507,9.331e-006
9508,1.1453e-005
9509,1.2018e-005
9510,1.0303e-005
9511,1.0031e-005
9512,1.2118e-005
9513,1.1698e-005
9514,1.042e-005
9515,1.0439e-005
9516,6.4492e-006
9517,7.1694e-006
9518,9.2445e-006
9519,1.0035e-005
9520,8.0691e-006
9521,9.3923e-006
9522,1.1485e-005
9523,1.3654e-005
9524,1.4841e-005
9525,1.3522e-005
9526,1.2235e-005
9527,1.3358e-005
9528,1.4613e-005
9529,1.1589e-005
9530,5.4133e-006
9531,4.871e-006
9532,6.2422e-006
9533,4.6481e-006
9534,6.0656e-006
9535,7.9191e-006
9536,5.1161e-006
9537,6.8931e-006
9538,6.8182e-006
9539,5.0411e-006
9540,1.23e-005
9541,1.1004e-005
9542,1.1506e-005
9543,1.0923e-005
9544,8.9254e-006
9545,8.8368e-006
9546,1.026e-005
9547,9.9169e-006
9548,1.3171e-005
9549,1.4869e-005
9550,1.5873e-005
9551,1.6629e-005
9552,1.3598e-005
9553,1.31e-005
9554,1.6711e-005
9555,1.7099e-005
9556,1.5432e-005
9557,1.5993e-005
9558,1.3654e-005
9559,1.1166e-005
9560,1.2467e-005
9561,1.311e-005
9562,1.1386e-005
9563,1.6966e-005
9564,1.7572e-005
9565,1.422e-005
9566,1.4874e-005
9567,1.7609e-005
9568,1.6783e-005
9569,1.6565e-005
9570,1.8006e-005
9571,1.5572e-005
9572,1.7512e-005
9573,1.9004e-005
9574,1.8073e-005
9575,1.8099e-005
9576,1.5531e-005
9577,1.9794e-005
9578,1.6757e-005
9579,1.9052e-005
9580,2.0677e-005
9581,2.0018e-005
9582,1.8886e-005
9583,1.9118e-005
9584,2.0552e-005
9585,2.0497e-005
9586,2.101e-005
9587,2.2761e-005
9588,2.2716e-005
9589,2.1383e-005
9590,1.9898e-005
9591,1.9359e-005
9592,2.1865e-005
9593,2.1718e-005
9594,2.2832e-005
9595,2.23e-005
9596,2.2386e-005
9597,2.106e-005
9598,2.2594e-005
9599,2.3726e-005
9600,2.5813e-005
9601,2.5152e-005
9602,1.5838e-005
9603,1.2049e-005
9604,1.3989e-005
9605,1.6588e-005
9606,1.4068e-005
9607,1.3638e-005
9608,1.9387e-005
9609,1.57e-005
9610,1.7324e-005
9611,1.922e-005
9612,1.8409e-005
9613,1.8882e-005
9614,2.061e-005
9615,2.0864e-005
9616,2.2362e-005
9617,2.0116e-005
9618,2.2323e-005
9619,2.181e-005
9620,8.2451e-006
9621,9.5631e-006
9622,1.1824e-005
9623,1.007e-005
9624,1.1134e-005
9625,1.1692e-005
9626,5.5192e-006
9627,5.8092e-006
9628,7.6291e-006
9629,6.4027e-006
9630,8.1215e-006
9631,9.051e-006
9632,6.4121e-006
9633,8.108e-006
9634,3.581e-006
9635,4.7109e-006
9636,3.8117e-006
9637,5.2871e-006
9638,5.3538e-006
9639,4.2525e-006
9640,4.6913e-006
9641,3.4806e-006
9642,2.9283e-006
9643,1.9113e-006
9644,2.0808e-006
9645,3.1841e-006
9646,6.5611e-006
9647,5.7827e-006
9648,5.9385e-006
9649,5.5206e-006
9650,5.1424e-006
9651,4.3487e-006
9652,1.1093e-005
9653,7.9107e-006
9654,1.028e-005
9655,7.9438e-006
9656,7.3348e-006
9657,1.0289e-005
9658,9.8235e-006
9659,9.2674e-006
9660,1.2761e-005
9661,1.5155e-005
9662,1.4325e-005
9663,1.6417e-005
9664,1.681e-005
9665,1.5574e-005
9666,1.2773e-005
9667,1.3425e-005
9668,1.2172e-005
9669,9.3389e-006
9670,8.0288e-006
9671,7.1652e-006
9672,6.6167e-006
9673,6.341e-006
9674,8.9193e-006
9675,1.4289e-005
9676,1.4536e-005
9677,1.0347e-005
9678,1.338e-005
9679,1.1378e-005
9680,1.3681e-005
9681,1.1351e-005
9682,1.2671e-005
9683,1.8731e-005
9684,1.6851e-005
9685,1.5794e-005
9686,1.8293e-005
9687,1.582e-005
9688,1.8394e-005
9689,2.2922e-005
9690,2.6613e-005
9691,2.5287e-005
9692,2.891e-005
9693,2.4874e-005
9694,2.3394e-005
9695,2.3829e-005
9696,2.6767e-005
9697,2.7102e-005
9698,2.7375e-005
9699,2.2043e-005
9700,2.069e-005
9701,1.8764e-005
9702,2.039e-005
9703,2.2031e-005
9704,2.1997e-005
9705,2.0249e-005
9706,2.001e-005
9707,2.2795e-005
9708,2.283e-005
9709,2.1964e-005
9710,2.3401e-005
9711,2.3529e-005
9712,2.3211e-005
9713,2.4249e-005
9714,2.5598e-005
9715,2.6924e-005
9716,2.5468e-005
9717,2.3337e-005
9718,2.7072e-005
9719,2.5135e-005
9720,2.7435e-005
9721,3.1511e-005
9722,4.353e-005
9723,3.6069e-005
9724,3.0695e-005
9725,3.2711e-005
9726,4.2272e-005
9727,4.233e-005
9728,3.9587e-005
9729,3.2999e-005
9730,2.8118e-005
9731,3.5398e-005
9732,2.9822e-005
9733,7.4071e-005
9734,6.4901e-005
9735,4.44e-005
9736,6.234e-005
9737,6.8101e-005
9738,4.7045e-005
9739,5.2337e-005
9740,4.9524e-005
9741,5.4436e-005
9742,2.4819e-005
9743,2.6106e-005
9744,3.141e-005
9745,3.7066e-005
9746,2.8711e-005
9747,3.5933e-005
9748,2.9417e-005
9749,2.3256e-005
9750,2.2077e-005
9751,2.5806e-005
9752,2.3845e-005
9753,2.5989e-005
9754,2.4375e-005
9755,2.1775e-005
9756,2.812e-005
9757,2.7106e-005
9758,2.244e-005
9759,2.6536e-005
9760,2.5019e-005
9761,2.8911e-005
9762,2.6788e-005
9763,2.0397e-005
9764,1.9084e-005
9765,2.4164e-005
9766,2.2471e-005
9767,2.2626e-005
9768,2.0629e-005
9769,3.3112e-005
9770,3.0037e-005
9771,4.2224e-005
9772,3.4122e-005
9773,3.7924e-005
9774,2.482e-005
9775,4.0681e-005
9776,3.2168e-005
9777,3.5346e-005
9778,3.0103e-005
9779,1.8278e-005
9780,2.2957e-005
9781,2.0481e-005
9782,2.473e-005
9783,2.03e-005
9784,1.7804e-005
9785,1.6313e-005
9786,1.8611e-005
9787,1.8529e-005
9788,8.6058e-005
9789,1.0652e-004
9790,9.0562e-005
9791,1.0793e-004
9792,1.1994e-005
9793,1.07e-005
9794,1.0597e-005
9795,1.1792e-005
9796,1.0154e-005
9797,1.18e-005
9798,1.0532e-005
9799,1.0565e-005
9800,1.269e-005
9801,1.3768e-005
9802,1.3901e-005
9803,1.1276e-005
9804,1.3725e-005
9805,1.1318e-005
9806,1.2121e-005
9807,9.2131e-006
9808,9.9177e-006
9809,9.9252e-006
9810,8.6993e-006
9811,1.0471e-005
9812,1.2417e-005
9813,1.4553e-005
9814,1.3399e-005
9815,1.0825e-005
9816,1.1498e-005
9817,1.0036e-005
9818,9.6405e-006
9819,7.7702e-006
9820,6.5564e-006
9821,8.7211e-006
9822,6.6513e-006
9823,6.3785e-006
9824,7.5663e-006
9825,8.0015e-006
9826,6.8854e-006
9827,1.3569e-005
9828,1.3707e-005
9829,9.6085e-006
9830,1.1712e-005
9831,9.4308e-006
9832,1.0824e-005
9833,9.2723e-006
9834,1.0776e-005
9835,1.5613e-005
9836,1.2357e-005
9837,1.5392e-005
9838,1.2345e-005
9839,1.3741e-005
9840,1.565e-005
9841,1.4958e-005
9842,1.5523e-005
9843,1.2418e-005
9844,9.6952e-006
9845,8.6332e-006
9846,6.539e-006
9847,8.0332e-006
9848,7.0328e-006
9849,7.9001e-006
9850,6.5695e-006
9851,1.3463e-005
9852,1.0631e-005
9853,1.3587e-005
9854,9.598e-006
9855,8.6191e-006
9856,1.0562e-005
9857,1.1095e-005
9858,2.6205e-005
9859,2.6361e-005
9860,2.3437e-005
9861,2.2672e-005
9862,2.4833e-005
9863,2.1805e-005
9864,2.1752e-005
9865,2.5443e-005
9866,2.2327e-005
9867,2.2093e-005
9868,2.5927e-005
9869,2.4507e-005
9870,2.0524e-005
9871,2.4619e-005
9872,2.1564e-005
9873,2.3605e-005
9874,2.2863e-005
9875,2.6341e-005
9876,2.1546e-005
9877,2.5051e-005
9878,2.1965e-005
9879,2.5465e-005
9880,1.8856e-005
9881,1.8739e-005
9882,1.8789e-005
9883,1.9153e-005
9884,1.5753e-005
9885,1.9054e-005
9886,1.5731e-005
9887,1.7898e-005
9888,1.3429e-005
9889,1.5026e-005
9890,1.852e-005
9891,1.3264e-005
9892,1.5182e-005
9893,1.4825e-005
9894,2.2583e-005
9895,1.7706e-005
9896,1.8263e-005
9897,1.4485e-005
9898,1.5085e-005
9899,2.2286e-005
9900,2.5852e-005
9901,2.1411e-005
9902,2.4988e-005
9903,2.1118e-005
9904,2.7041e-005
9905,2.6142e-005
9906,2.1927e-005
9907,2.2181e-005
9908,1.7239e-005
9909,1.3562e-005
9910,1.7192e-005
9911,1.8261e-005
9912,1.314e-005
9913,1.4638e-005
9914,2.2019e-005
9915,2.5541e-005
9916,2.4445e-005
9917,2.0472e-005
9918,2.4196e-005
9919,2.2129e-005
9920,1.7484e-005
9921,1.3958e-005
9922,1.8174e-005
9923,1.7655e-005
9924,1.4292e-005
9925,2.1745e-005
9926,2.5357e-005
9927,2.5387e-005
9928,2.1065e-005
9929,2.1451e-005
9930,2.5944e-005
9931,2.1074e-005
9932,1.7302e-005
9933,1.3812e-005
9934,1.7592e-005
9935,1.6392e-005
9936,1.3607e-005
9937,1.8565e-005
9938,2.1149e-005
9939,2.3928e-005
9940,2.7114e-005
9941,2.4871e-005
9942,1.9696e-005
9943,2.3145e-005
9944,2.095e-005
9945,1.8928e-005
9946,2.0419e-005
9947,1.696e-005
9948,1.5664e-005
9949,1.6349e-005
9950,1.3425e-005
9951,2.0502e-005
9952,2.3813e-005
9953,2.6703e-005
9954,2.6627e-005
9955,1.8306e-005
9956,1.9089e-005
9957,2.2651e-005
9958,2.0991e-005
9959,1.7123e-005
9960,1.5628e-005
9961,1.3593e-005
9962,1.337e-005
9963,1.6092e-005
9964,2.097e-005
9965,2.5451e-005
9966,2.715e-005
9967,2.4432e-005
9968,1.8828e-005
9969,1.9874e-005
9970,2.3061e-005
9971,1.8891e-005
9972,2.1286e-005
9973,2.1912e-005
9974,1.7583e-005
9975,1.3727e-005
9976,1.3887e-005
9977,1.7091e-005
9978,1.6208e-005
9979,2.6328e-005
9980,2.2332e-005
9981,2.5059e-005
9982,2.0623e-005
9983,2.5125e-005
9984,2.1854e-005
9985,2.9331e-005
9986,2.6304e-005
9987,2.5065e-005
9988,2.6861e-005
9989,2.5093e-005
9990,2.1803e-005
9991,1.7083e-005
9992,1.7287e-005
9993,1.3494e-005
9994,1.7052e-005
9995,1.4072e-005
9996,1.4157e-005
9997,2.1647e-005
9998,2.4847e-005
9999,2.041e-005
10000,2.4535e-005
10001,2.0336e-005
10002,2.3965e-005
10003,2.1105e-005
10004,1.672e-005
10005,1.7151e-005
10006,1.374e-005
10007,1.4011e-005
10008,2.0691e-005
10009,2.4054e-005
10010,1.9999e-005
10011,2.4144e-005
10012,1.944e-005
10013,2.0603e-005
10014,1.614e-005
10015,1.69e-005
10016,1.6312e-005
10017,1.3585e-005
10018,1.316e-005
10019,2.0343e-005
10020,2.2841e-005
10021,2.206e-005
10022,2.3818e-005
10023,1.9205e-005
10024,1.8941e-005
10025,1.563e-005
10026,1.6047e-005
10027,1.2993e-005
10028,1.574e-005
10029,1.2906e-005
10030,1.8782e-005
10031,2.1999e-005
10032,2.1085e-005
10033,1.8216e-005
10034,1.7803e-005
10035,1.9444e-005
10036,1.5436e-005
10037,1.2575e-005
10038,1.2747e-005
10039,1.5449e-005
10040,1.9339e-005
10041,2.2351e-005
10042,2.1488e-005
10043,2.1268e-005
10044,1.8168e-005
10045,1.8261e-005
10046,1.8737e-005
10047,1.5807e-005
10048,1.2636e-005
10049,1.5486e-005
10050,1.5567e-005
10051,1.3193e-005
10052,1.8893e-005
10053,2.1978e-005
10054,2.1309e-005
10055,2.158e-005
10056,1.8128e-005
10057,1.6098e-005
10058,1.7853e-005
10059,2.6817e-005
10060,2.6817e-005
10061,2.3778e-005
10062,2.286e-005
10063,2.1974e-005
10064,2.1361e-005
10065,2.5849e-005
10066,2.3178e-005
10067,2.2375e-005
10068,2.1752e-005
10069,2.0808e-005
10070,2.5725e-005
10071,2.5382e-005
10072,1.8716e-005
10073,2.2696e-005
10074,2.2051e-005
10075,2.6492e-005
10076,1.9957e-005
10077,2.9807e-005
10078,2.1258e-005
10079,2.6435e-005
10080,2.5438e-005
10081,2.1378e-005
10082,1.8902e-005
10083,1.9256e-005
10084,1.9038e-005
10085,1.5207e-005
10086,1.6017e-005
10087,1.5987e-005
10088,1.7875e-005
10089,1.8636e-005
10090,1.4787e-005
10091,1.4218e-005
10092,1.7732e-005
10093,1.5003e-005
10094,1.3879e-005
10095,1.7343e-005
10096,1.5308e-005
10097,1.4975e-005
10098,2.195e-005
10099,1.7503e-005
10100,1.6549e-005
10101,1.3943e-005
10102,1.7594e-005
10103,1.4305e-005
10104,2.1734e-005
10105,2.6106e-005
10106,1.9758e-005
10107,2.6319e-005
10108,2.1178e-005
10109,2.1887e-005
10110,2.0905e-005
10111,1.6743e-005
10112,1.6403e-005
10113,1.3018e-005
10114,1.5994e-005
10115,1.4188e-005
10116,1.882e-005
10117,2.052e-005
10118,2.2067e-005
10119,2.5738e-005
10120,2.0386e-005
10121,1.9095e-005
10122,2.3819e-005
10123,2.1507e-005
10124,1.7502e-005
10125,1.2559e-005
10126,1.3612e-005
10127,1.5474e-005
10128,2.277e-005
10129,1.822e-005
10130,1.7979e-005
10131,1.4734e-005
10132,1.658e-005
10133,2.6244e-005
10134,2.6173e-005
10135,2.201e-005
10136,2.1677e-005
10137,2.0764e-005
10138,1.9855e-005
10139,2.4417e-005
10140,2.1593e-005
10141,2.2282e-005
10142,2.0863e-005
10143,2.4536e-005
10144,2.4255e-005
10145,2.1453e-005
10146,2.1451e-005
10147,2.4643e-005
10148,2.0226e-005
10149,2.4202e-005
10150,2.133e-005
10151,1.7734e-005
10152,1.7585e-005
10153,1.4388e-005
10154,1.6638e-005
10155,1.3364e-005
10156,1.7102e-005
10157,1.7068e-005
10158,1.6437e-005
10159,1.3256e-005
10160,1.3591e-005
10161,1.8518e-005
10162,1.2894e-005
10163,2.076e-005
10164,1.7188e-005
10165,1.7008e-005
10166,1.3364e-005
10167,1.454e-005
10168,2.0446e-005
10169,2.4164e-005
10170,1.9943e-005
10171,1.9081e-005
10172,2.3436e-005
10173,2.4006e-005
10174,1.7493e-005
10175,1.9017e-005
10176,2.0216e-005
10177,1.5888e-005
10178,1.2731e-005
10179,1.2337e-005
10180,1.5731e-005
10181,1.4309e-005
10182,1.9747e-005
10183,2.1806e-005
10184,2.4421e-005
10185,1.8642e-005
10186,2.2021e-005
10187,2.3188e-005
10188,1.7746e-005
10189,1.5773e-005
10190,1.233e-005
10191,1.5197e-005
10192,1.4252e-005
10193,1.7715e-005
10194,2.2218e-005
10195,1.7471e-005
10196,1.693e-005
10197,2.0499e-005
10198,1.6063e-005
10199,2.3028e-005
10200,2.223e-005
10201,2.0263e-005
10202,1.9378e-005
10203,1.7895e-005
10204,2.1146e-005
10205,2.0329e-005
10206,1.9824e-005
10207,2.3949e-005
10208,1.9231e-005
10209,1.8292e-005
10210,1.8283e-005
10211,2.2923e-005
10212,2.1357e-005
10213,1.7285e-005
10214,1.873e-005
10215,1.8338e-005
10216,2.0827e-005
10217,1.7304e-005
10218,1.738e-005
10219,2.0712e-005
10220,2.039e-005
10221,1.623e-005
10222,1.6902e-005
10223,1.5836e-005
10224,1.5398e-005
10225,1.4321e-005
10226,1.2654e-005
10227,1.4564e-005
10228,1.5013e-005
10229,1.2166e-005
10230,1.0329e-005
10231,1.505e-005
10232,1.3437e-005
10233,1.2085e-005
10234,2.0329e-005
10235,1.5929e-005
10236,1.4571e-005
10237,1.3381e-005
10238,1.4258e-005
10239,1.1586e-005
10240,1.9424e-005
10241,2.2246e-005
10242,2.3617e-005
10243,1.7713e-005
10244,1.3486e-005
10245,1.4483e-005
10246,1.1715e-005
10247,1.1367e-005
10248,1.7108e-005
10249,1.9646e-005
10250,1.6782e-005
10251,1.6247e-005
10252,1.8805e-005
10253,1.989e-005
10254,1.6407e-005
10255,1.2558e-005
10256,1.4038e-005
10257,1.0779e-005
10258,1.3321e-005
10259,1.0959e-005
10260,9.3062e-006
10261,1.5729e-005
10262,1.7395e-005
10263,1.8944e-005
10264,1.5568e-005
10265,1.5044e-005
10266,1.8138e-005
10267,1.4063e-005
10268,1.2151e-005
10269,1.0374e-005
10270,9.9037e-006
10271,1.2825e-005
10272,1.2316e-005
10273,1.7355e-005
10274,1.4213e-005
10275,1.3677e-005
10276,1.7866e-005
10277,1.6263e-005
10278,1.4146e-005
10279,1.4923e-005
10280,1.4479e-005
10281,1.7563e-005
10282,1.3379e-005
10283,1.3958e-005
10284,1.7477e-005
10285,1.3744e-005
10286,1.5924e-005
10287,1.505e-005
10288,1.8331e-005
10289,1.5115e-005
10290,1.8044e-005
10291,1.3341e-005
10292,1.2295e-005
10293,1.4979e-005
10294,1.3125e-005
10295,1.6719e-005
10296,1.1945e-005
10297,1.1714e-005
10298,1.0083e-005
10299,8.657e-006
10300,1.0783e-005
10301,1.1424e-005
10302,8.2157e-006
10303,1.2521e-005
10304,9.9611e-006
10305,1.1433e-005
10306,1.2307e-005
10307,8.717e-006
10308,1.0442e-005
10309,8.0624e-006
10310,7.6788e-006
10311,1.0709e-005
10312,9.605e-006
10313,1.931e-005
10314,1.867e-005
10315,1.7573e-005
10316,1.6764e-005
10317,1.5537e-005
10318,1.6265e-005
10319,1.8644e-005
10320,1.7601e-005
10321,1.7196e-005
10322,1.9829e-005
10323,1.6119e-005
10324,1.6467e-005
10325,1.9065e-005
10326,1.8917e-005
10327,1.5218e-005
10328,1.6506e-005
10329,1.5975e-005
10330,1.7902e-005
10331,1.5209e-005
10332,1.4985e-005
10333,1.7365e-005
10334,1.8301e-005
10335,1.4688e-005
10336,1.5151e-005
10337,1.1603e-005
10338,1.4929e-005
10339,1.252e-005
10340,1.3314e-005
10341,1.3657e-005
10342,1.3548e-005
10343,1.4425e-005
10344,1.1642e-005
10345,1.2106e-005
10346,1.754e-005
10347,1.4305e-005
10348,1.1203e-005
10349,1.4104e-005
10350,1.215e-005
10351,1.307e-005
10352,1.2148e-005
10353,1.7266e-005
10354,2.0216e-005
10355,1.9286e-005
10356,1.6206e-005
10357,1.9273e-005
10358,1.6288e-005
10359,1.7358e-005
10360,1.4334e-005
10361,1.1753e-005
10362,1.4026e-005
10363,1.39e-005
10364,1.2099e-005
10365,1.7636e-005
10366,2.0245e-005
10367,1.9407e-005
10368,1.6762e-005
10369,1.975e-005
10370,1.6347e-005
10371,1.7612e-005
10372,1.3921e-005
10373,1.1808e-005
10374,1.4504e-005
10375,1.2065e-005
10376,1.3956e-005
10377,1.7132e-005
10378,1.7593e-005
10379,2.1409e-005
10380,1.672e-005
10381,1.9766e-005
10382,1.9948e-005
10383,1.6693e-005
10384,1.4283e-005
10385,1.4294e-005
10386,1.1735e-005
10387,1.1444e-005
10388,1.4045e-005
10389,1.4999e-005
10390,1.8545e-005
10391,1.8236e-005
10392,1.1905e-005
10393,1.2755e-005
10394,1.4728e-005
10395,1.4935e-005
10396,1.5612e-005
10397,1.3063e-005
10398,1.3203e-005
10399,1.2838e-005
10400,1.0754e-005
10401,1.1384e-005
10402,1.5361e-005
10403,1.6897e-005
10404,1.6845e-005
10405,1.4681e-005
10406,1.7064e-005
10407,1.506e-005
10408,1.483e-005
10409,1.2486e-005
10410,1.2643e-005
10411,1.056e-005
10412,1.3173e-005
10413,1.1461e-005
10414,1.433e-005
10415,1.5143e-005
10416,1.6197e-005
10417,1.6323e-005
10418,1.4561e-005
10419,1.3848e-005
10420,1.5255e-005
10421,1.3194e-005
10422,1.1959e-005
10423,1.0046e-005
10424,1.0606e-005
10425,1.2892e-005
10426,1.2151e-005
10427,1.1178e-005
10428,1.0548e-005
10429,1.4843e-005
10430,1.2963e-005
10431,1.2748e-005
10432,1.2815e-005
10433,1.4342e-005
10434,1.9307e-005
10435,1.1946e-005
10436,1.3093e-005
10437,1.2906e-005
10438,1.5163e-005
10439,1.4862e-005
10440,1.192e-005
10441,2.1367e-005
10442,2.069e-005
10443,1.8039e-005
10444,1.7677e-005
10445,1.1628e-005
10446,1.3596e-005
10447,1.3747e-005
10448,1.1778e-005
10449,1.1831e-005
10450,1.0279e-005
10451,1.0495e-005
10452,1.1456e-005
10453,1.2444e-005
10454,9.29e-006
10455,1.0622e-005
10456,1.3493e-005
10457,1.3213e-005
10458,1.1316e-005
10459,1.1124e-005
10460,1.0185e-005
10461,1.1356e-005
10462,9.0596e-006
10463,1.0249e-005
10464,1.5645e-005
10465,1.4795e-005
10466,1.5549e-005
10467,1.2922e-005
10468,1.3833e-005
10469,1.3839e-005
10470,1.35e-005
10471,1.3988e-005
10472,1.4948e-005
10473,1.2885e-005
10474,1.4175e-005
10475,1.2345e-005
10476,1.5195e-005
10477,1.4619e-005
10478,1.2713e-005
10479,1.3166e-005
10480,1.3223e-005
10481,1.2583e-005
10482,1.0884e-005
10483,1.0928e-005
10484,1.0876e-005
10485,9.4632e-006
10486,1.0069e-005
10487,9.812e-006
10488,1.2335e-005
10489,1.3541e-005
10490,1.2114e-005
10491,1.4299e-005
10492,1.199e-005
10493,1.2901e-005
10494,1.2681e-005
10495,1.2047e-005
10496,1.0809e-005
10497,1.0677e-005
10498,9.3203e-006
10499,9.5533e-006
10500,1.2112e-005
10501,1.2877e-005
10502,1.4004e-005
10503,1.3306e-005
10504,1.178e-005
10505,1.2472e-005
10506,1.176e-005
10507,1.179e-005
10508,1.039e-005
10509,1.0258e-005
10510,1.073e-005
10511,9.6418e-006
10512,1.0755e-005
10513,1.123e-005
10514,1.1064e-005
10515,1.3016e-005
10516,1.2305e-005
10517,1.1527e-005
10518,9.8568e-006
10519,8.5594e-006
10520,9.4332e-006
10521,9.2518e-006
10522,8.6775e-006
10523,1.1914e-005
10524,1.0488e-005
10525,1.2038e-005
10526,1.1614e-005
10527,1.0375e-005
10528,1.0027e-005
10529,1.1233e-005
10530,1.032e-005
10531,9.403e-006
10532,1.2522e-005
10533,1.223e-005
10534,8.7207e-006
10535,1.0353e-005
10536,9.7913e-006
10537,7.8626e-006
10538,8.9644e-006
10539,1.0377e-005
10540,8.0755e-006
10541,1.4077e-005
10542,1.1575e-005
10543,1.405e-005
10544,1.3782e-005
10545,1.1901e-005
10546,1.2098e-005
10547,1.3912e-005
10548,1.3877e-005
10549,1.2018e-005
10550,1.1672e-005
10551,8.7606e-006
10552,7.8236e-006
10553,5.8072e-006
10554,6.664e-006
10555,6.6729e-006
10556,7.747e-006
10557,7.0005e-006
10558,1.2061e-005
10559,9.2956e-006
10560,9.2855e-006
10561,1.06e-005
10562,7.7383e-006
10563,8.8842e-006
10564,1.0238e-005
10565,2.5548e-005
10566,2.5744e-005
10567,2.2743e-005
10568,2.1867e-005
10569,2.11e-005
10570,2.4945e-005
10571,2.0467e-005
10572,2.3586e-005
10573,1.9041e-005
10574,2.2366e-005
10575,2.1438e-005
10576,2.4648e-005
10577,2.4438e-005
10578,2.0972e-005
10579,1.9599e-005
10580,1.8935e-005
10581,2.3347e-005
10582,1.8971e-005
10583,2.9176e-005
10584,2.1908e-005
10585,2.1438e-005
10586,2.6103e-005
10587,2.4914e-005
10588,2.0322e-005
10589,1.9849e-005
10590,2.2442e-005
10591,1.8731e-005
10592,1.8708e-005
10593,1.8716e-005
10594,1.3516e-005
10595,1.3834e-005
10596,1.6317e-005
10597,1.6299e-005
10598,1.7241e-005
10599,1.3719e-005
10600,1.7104e-005
10601,1.3353e-005
10602,1.5707e-005
10603,2.1232e-005
10604,1.6811e-005
10605,1.6283e-005
10606,1.2755e-005
10607,1.2403e-005
10608,1.5667e-005
10609,1.3222e-005
10610,2.0598e-005
10611,2.3573e-005
10612,2.4208e-005
10613,1.907e-005
10614,2.0019e-005
10615,1.603e-005
10616,1.5688e-005
10617,1.2043e-005
10618,1.5272e-005
10619,1.2171e-005
10620,1.22e-005
10621,1.2872e-005
10622,1.9765e-005
10623,2.2872e-005
10624,2.367e-005
10625,1.8641e-005
10626,2.2789e-005
10627,1.8247e-005
10628,1.8151e-005
10629,1.8926e-005
10630,1.9509e-005
10631,1.5308e-005
10632,1.5344e-005
10633,1.5127e-005
10634,1.2057e-005
10635,1.2957e-005
10636,1.9125e-005
10637,2.094e-005
10638,2.3557e-005
10639,2.2688e-005
10640,1.9961e-005
10641,1.7945e-005
10642,2.0634e-005
10643,1.679e-005
10644,1.4673e-005
10645,1.1357e-005
10646,1.3525e-005
10647,1.1084e-005
10648,1.4875e-005
10649,1.2634e-005
10650,2.1286e-005
10651,1.6417e-005
10652,1.6726e-005
10653,1.4968e-005
10654,1.8309e-005
10655,1.6268e-005
10656,2.1407e-005
10657,1.6931e-005
10658,1.3454e-005
10659,1.6877e-005
10660,1.2781e-005
10661,1.6256e-005
10662,2.1423e-005
10663,2.5691e-005
10664,2.5331e-005
10665,1.9425e-005
10666,1.9745e-005
10667,2.2512e-005
10668,2.1646e-005
10669,2.1149e-005
10670,1.6295e-005
10671,1.2706e-005
10672,1.5865e-005
10673,1.6299e-005
10674,2.0576e-005
10675,2.2452e-005
10676,2.5426e-005
10677,2.3951e-005
10678,1.9089e-005
10679,1.9009e-005
10680,2.1308e-005
10681,1.7487e-005
10682,1.3644e-005
10683,1.2269e-005
10684,1.5314e-005
10685,1.1985e-005
10686,2.283e-005
10687,1.9135e-005
10688,1.4809e-005
10689,1.657e-005
10690,1.6809e-005
10691,1.573e-005
10692,2.2292e-005
10693,2.6386e-005
10694,2.4497e-005
10695,2.1468e-005
10696,1.9481e-005
10697,1.8818e-005
10698,2.2848e-005
10699,1.7739e-005
10700,1.4392e-005
10701,1.826e-005
10702,1.4163e-005
10703,1.5442e-005
10704,2.2385e-005
10705,2.6466e-005
10706,2.1077e-005
10707,2.4989e-005
10708,2.1525e-005
10709,2.2395e-005
10710,1.7303e-005
10711,1.7545e-005
10712,1.298e-005
10713,1.8085e-005
10714,1.3996e-005
10715,1.4125e-005
10716,2.2261e-005
10717,2.6259e-005
10718,2.0949e-005
10719,2.4922e-005
10720,2.4034e-005
10721,2.6518e-005
10722,2.1705e-005
10723,1.6955e-005
10724,1.745e-005
10725,1.707e-005
10726,1.2896e-005
10727,1.4582e-005
10728,1.4026e-005
10729,2.1513e-005
10730,2.4584e-005
10731,2.4769e-005
10732,2.0708e-005
10733,2.0249e-005
10734,2.3838e-005
10735,2.0423e-005
10736,1.6084e-005
10737,1.6727e-005
10738,1.3487e-005
10739,1.4242e-005
10740,1.5389e-005
10741,1.9896e-005
10742,2.2188e-005
10743,2.6181e-005
10744,2.4111e-005
10745,1.955e-005
10746,2.1686e-005
10747,1.8174e-005
10748,1.8344e-005
10749,1.393e-005
10750,1.3026e-005
10751,1.084e-005
10752,1.5076e-005
10753,2.4883e-005
10754,2.4302e-005
10755,1.9639e-005
10756,1.5941e-005
10757,1.9964e-005
10758,2.0474e-005
10759,1.6846e-005
10760,1.6972e-005
10761,2.8082e-005
10762,2.5883e-005
10763,2.3691e-005
10764,2.6299e-005
10765,2.3385e-005
10766,2.7038e-005
10767,2.2731e-005
10768,2.3207e-005
10769,2.5848e-005
10770,2.7366e-005
10771,2.308e-005
10772,1.7906e-005
10773,1.5e-005
10774,1.8115e-005
10775,1.9037e-005
10776,1.4587e-005
10777,1.6095e-005
10778,1.3075e-005
10779,2.2658e-005
10780,2.6403e-005
10781,2.1582e-005
10782,2.2492e-005
10783,2.5129e-005
10784,2.7143e-005
10785,2.2271e-005
10786,1.7519e-005
10787,1.7858e-005
10788,1.4323e-005
10789,1.492e-005
10790,2.2023e-005
10791,2.5622e-005
10792,2.1209e-005
10793,2.0893e-005
10794,2.4875e-005
10795,2.5234e-005
10796,2.2131e-005
10797,2.1649e-005
10798,1.6568e-005
10799,1.7784e-005
10800,1.3929e-005
10801,1.7367e-005
10802,1.4678e-005
10803,2.0807e-005
10804,2.4459e-005
10805,2.4823e-005
10806,2.0619e-005
10807,1.9652e-005
10808,2.4865e-005
10809,2.1181e-005
10810,1.9911e-005
10811,1.5863e-005
10812,1.3598e-005
10813,1.6957e-005
10814,1.5937e-005
10815,1.3043e-005
10816,1.1288e-005
10817,1.9714e-005
10818,2.1797e-005
10819,2.5484e-005
10820,2.4002e-005
10821,2.0678e-005
10822,1.8721e-005
10823,2.0325e-005
10824,1.8069e-005
10825,1.3328e-005
10826,1.5817e-005
10827,1.272e-005
10828,1.3243e-005
10829,2.4157e-005
10830,2.3464e-005
10831,1.891e-005
10832,1.5054e-005
10833,1.9415e-005
10834,1.9226e-005
10835,1.7408e-005
10836,1.5127e-005
10837,1.465e-005
10838,2.6968e-005
10839,2.5622e-005
10840,2.236e-005
10841,2.5394e-005
10842,2.2554e-005
10843,2.581e-005
10844,2.5128e-005
10845,2.1877e-005
10846,2.1817e-005
10847,2.4944e-005
10848,2.2239e-005
10849,1.7439e-005
10850,1.4054e-005
10851,1.745e-005
10852,1.8789e-005
10853,1.4004e-005
10854,1.4539e-005
10855,2.1878e-005
10856,2.4645e-005
10857,2.0396e-005
10858,2.4927e-005
10859,2.1581e-005
10860,2.4492e-005
10861,2.0687e-005
10862,1.687e-005
10863,1.7049e-005
10864,1.3681e-005
10865,1.2886e-005
10866,1.5232e-005
10867,2.006e-005
10868,2.264e-005
10869,1.963e-005
10870,2.3801e-005
10871,1.8932e-005
10872,1.7871e-005
10873,1.9125e-005
10874,1.5718e-005
10875,1.2641e-005
10876,1.5342e-005
10877,1.4827e-005
10878,1.1667e-005
10879,1.8901e-005
10880,2.1286e-005
10881,2.0927e-005
10882,2.2877e-005
10883,1.7505e-005
10884,1.8191e-005
10885,1.6749e-005
10886,1.8514e-005
10887,1.5614e-005
10888,1.3784e-005
10889,1.1678e-005
10890,1.5001e-005
10891,1.1461e-005
10892,2.3648e-005
10893,1.7821e-005
10894,2.1208e-005
10895,2.0645e-005
10896,1.6139e-005
10897,1.8342e-005
10898,1.7211e-005
10899,1.4093e-005
10900,1.4878e-005
10901,1.129e-005
10902,1.2476e-005
10903,1.0918e-005
10904,1.1592e-005
10905,1.1147e-005
10906,1.438e-005
10907,1.3592e-005
10908,1.1027e-005
10909,1.0677e-005
10910,1.1976e-005
10911,1.3348e-005
10912,1.3148e-005
10913,1.3113e-005
10914,1.5938e-005
10915,1.2086e-005
10916,1.5911e-005
10917,1.4962e-005
10918,9.3746e-006
10919,8.5635e-006
10920,6.5569e-006
10921,8.7294e-006
10922,6.9782e-006
10923,7.2468e-006
10924,1.0329e-005
10925,7.2672e-006
10926,1.0007e-005
10927,8.3584e-006
10928,9.6517e-006
10929,1.3457e-005
10930,1.0534e-005
10931,8.4289e-006
10932,1.0041e-005
10933,8.2877e-006
10934,1.0718e-005
10935,1.3854e-005
10936,1.6995e-005
10937,1.2474e-005
10938,1.6312e-005
10939,1.323e-005
10940,1.4369e-005
10941,1.1295e-005
10942,8.674e-006
10943,8.9483e-006
10944,1.1012e-005
10945,1.0894e-005
10946,1.4781e-005
10947,1.7937e-005
10948,1.7965e-005
10949,1.6927e-005
10950,2.0014e-005
10951,1.3835e-005
10952,1.3694e-005
10953,1.2903e-005
10954,1.4818e-005
10955,1.24e-005
10956,9.2729e-006
10957,9.6211e-006
10958,1.138e-005
10959,9.0716e-006
10960,1.504e-005
10961,1.6974e-005
10962,1.9324e-005
10963,1.8187e-005
10964,1.6432e-005
10965,1.2344e-005
10966,1.4712e-005
10967,1.3848e-005
10968,1.3408e-005
10969,1.1086e-005
10970,1.1328e-005
10971,1.4353e-005
10972,1.431e-005
10973,1.3108e-005
10974,9.8961e-006
10975,1.0317e-005
10976,1.2104e-005
10977,1.8403e-005
10978,1.485e-005
10979,1.5554e-005
10980,1.3478e-005
10981,1.7259e-005
10982,2.0463e-005
10983,1.9251e-005
10984,1.7355e-005
10985,2.0628e-005
10986,1.7326e-005
10987,1.3936e-005
10988,1.472e-005
10989,1.2992e-005
10990,1.0781e-005
10991,1.2683e-005
10992,1.7516e-005
10993,1.9785e-005
10994,2.23e-005
10995,1.7674e-005
10996,1.5953e-005
10997,2.0859e-005
10998,2.0713e-005
10999,1.6891e-005
11000,1.7542e-005
11001,1.6028e-005
11002,1.4061e-005
11003,1.0256e-005
11004,1.2923e-005
11005,1.2892e-005
11006,1.1021e-005
11007,2.1066e-005
11008,1.6246e-005
11009,1.6679e-005
11010,1.4601e-005
11011,1.4581e-005
11012,1.6415e-005
11013,1.9016e-005
11014,1.9243e-005
11015,2.185e-005
11016,2.0429e-005
11017,1.856e-005
11018,1.5054e-005
11019,1.3219e-005
11020,1.3283e-005
11021,1.0756e-005
11022,1.1209e-005
11023,2.3312e-005
11024,2.252e-005
11025,2.281e-005
11026,2.0307e-005
11027,2.2637e-005
11028,2.4905e-005
11029,1.7893e-005
11030,1.5233e-005
11031,1.1679e-005
11032,1.4039e-005
11033,1.385e-005
11034,1.6155e-005
11035,2.1756e-005
11036,1.7978e-005
11037,1.7156e-005
11038,1.6305e-005
11039,2.0659e-005
11040,1.8173e-005
11041,2.2661e-005
11042,2.0226e-005
11043,1.9231e-005
11044,1.83e-005
11045,2.2408e-005
11046,1.8393e-005
11047,2.1377e-005
11048,2.5045e-005
11049,1.8492e-005
11050,2.0125e-005
11051,1.9356e-005
11052,2.1954e-005
11053,2.2181e-005
11054,1.8117e-005
11055,1.5768e-005
11056,1.6333e-005
11057,1.577e-005
11058,1.2625e-005
11059,1.5895e-005
11060,1.3539e-005
11061,1.4693e-005
11062,1.1767e-005
11063,1.0766e-005
11064,1.3796e-005
11065,1.2315e-005
11066,1.9153e-005
11067,1.5219e-005
11068,1.2365e-005
11069,1.5295e-005
11070,1.5013e-005
11071,1.2926e-005
11072,1.8529e-005
11073,2.1508e-005
11074,2.1808e-005
11075,1.724e-005
11076,2.0616e-005
11077,1.8038e-005
11078,1.7625e-005
11079,1.7952e-005
11080,1.8254e-005
11081,1.4681e-005
11082,1.1837e-005
11083,1.2108e-005
11084,1.4137e-005
11085,1.465e-005
11086,1.8035e-005
11087,2.074e-005
11088,1.9591e-005
11089,1.7059e-005
11090,2.0191e-005
11091,1.6473e-005
11092,1.6363e-005
11093,1.7808e-005
11094,1.4307e-005
11095,1.1813e-005
11096,1.1276e-005
11097,1.4104e-005
11098,1.3864e-005
11099,1.7325e-005
11100,1.8719e-005
11101,2.0761e-005
11102,1.935e-005
11103,1.9195e-005
11104,1.607e-005
11105,1.585e-005
11106,1.5962e-005
11107,1.4668e-005
11108,1.1124e-005
11109,1.3657e-005
11110,1.3253e-005
11111,1.9138e-005
11112,1.6214e-005
11113,1.5573e-005
11114,1.8181e-005
11115,1.4629e-005
11116,2.0428e-005
11117,1.7893e-005
11118,1.7027e-005
11119,1.9392e-005
11120,1.7593e-005
11121,1.9476e-005
11122,1.7187e-005
11123,1.672e-005
11124,1.9009e-005
11125,1.8893e-005
11126,1.5829e-005
11127,1.4545e-005
11128,1.4703e-005
11129,1.1899e-005
11130,1.2554e-005
11131,1.3602e-005
11132,1.6836e-005
11133,1.6646e-005
11134,1.8459e-005
11135,1.6003e-005
11136,2.0108e-005
11137,1.8479e-005
11138,1.5543e-005
11139,1.3968e-005
11140,1.4427e-005
11141,1.1532e-005
11142,1.2287e-005
11143,1.3588e-005
11144,1.6367e-005
11145,1.339e-005
11146,1.1402e-005
11147,1.3919e-005
11148,1.3438e-005
11149,1.1771e-005
11150,1.5886e-005
11151,1.8115e-005
11152,1.45e-005
11153,1.5747e-005
11154,1.9665e-005
11155,1.5926e-005
11156,1.5655e-005
11157,1.2979e-005
11158,1.2572e-005
11159,1.3666e-005
11160,1.0619e-005
11161,1.0982e-005
11162,1.1604e-005
11163,1.1588e-005
11164,1.5299e-005
11165,1.7164e-005
11166,1.4243e-005
11167,1.7345e-005
11168,1.497e-005
11169,1.5599e-005
11170,1.4946e-005
11171,1.2386e-005
11172,1.2407e-005
11173,1.2359e-005
11174,1.0491e-005
11175,1.4589e-005
11176,1.5898e-005
11177,1.6211e-005
11178,1.3956e-005
11179,1.3881e-005
11180,1.6985e-005
11181,1.4668e-005
11182,1.3806e-005
11183,1.1692e-005
11184,1.2024e-005
11185,1.0193e-005
11186,1.0246e-005
11187,1.2105e-005
11188,1.3445e-005
11189,1.4432e-005
11190,1.6204e-005
11191,1.5645e-005
11192,1.3312e-005
11193,1.3405e-005
11194,1.2432e-005
11195,1.0444e-005
11196,9.9562e-006
11197,1.1822e-005
11198,1.5329e-005
11199,1.4912e-005
11200,1.2752e-005
11201,1.1318e-005
11202,1.3738e-005
11203,1.2607e-005
11204,1.6684e-005
11205,1.6413e-005
11206,1.5304e-005
11207,1.4381e-005
11208,1.5589e-005
11209,1.4182e-005
11210,1.5063e-005
11211,1.4866e-005
11212,1.355e-005
11213,1.3761e-005
11214,1.3349e-005
11215,1.4479e-005
11216,1.3052e-005
11217,1.4638e-005
11218,1.4614e-005
11219,1.3092e-005
11220,1.1771e-005
11221,1.0735e-005
11222,1.3247e-005
11223,1.0324e-005
11224,1.1949e-005
11225,1.2896e-005
11226,1.1105e-005
11227,1.0057e-005
11228,1.1558e-005
11229,1.0088e-005
11230,1.1644e-005
11231,1.0418e-005
11232,1.2443e-005
11233,1.3161e-005
11234,1.3822e-005
11235,1.2871e-005
11236,1.173e-005
11237,1.2656e-005
11238,1.4136e-005
11239,1.4165e-005
11240,1.1762e-005
11241,1.0877e-005
11242,9.0691e-006
11243,9.8405e-006
11244,1.0422e-005
11245,1.1285e-005
11246,8.9112e-006
11247,1.3115e-005
11248,1.1612e-005
11249,1.2158e-005
11250,1.1037e-005
11251,1.1714e-005
11252,1.31e-005
11253,1.2354e-005
11254,1.2813e-005
11255,1.3617e-005
11256,1.2338e-005
11257,1.4952e-005
11258,1.4114e-005
11259,1.2944e-005
11260,1.1709e-005
11261,1.1187e-005
11262,1.3037e-005
11263,1.2022e-005
11264,1.1816e-005
11265,1.1046e-005
11266,1.0736e-005
11267,1.1819e-005
11268,1.0435e-005
11269,9.0722e-006
11270,1.0401e-005
11271,1.1065e-005
11272,9.874e-006
11273,8.5557e-006
11274,9.9143e-006
11275,8.9704e-006
11276,9.4889e-006
11277,3.2477e-004
11278,3.1705e-004
11279,2.8778e-004
11280,2.9539e-004
11281,2.9996e-004
11282,2.789e-004
11283,3.0982e-004
11284,3.0657e-004
11285,2.9493e-004
11286,3.0967e-004
11287,2.9294e-004
11288,6.677e-004
11289,7.9393e-004
11290,8.054e-004
11291,6.7658e-004
11292,8.3657e-004
11293,6.2489e-004
11294,6.7873e-004
11295,5.3206e-004
11296,5.6913e-004
11297,4.6569e-004
11298,5.2644e-004
11299,3.1482e-007
11300,6.0971e-007
11301,4.3125e-007
11302,6.8571e-007
11303,1.4584e-005
11304,1.4351e-005
11305,2.105e-005
11306,2.0896e-005
11307,1.2752e-005
11308,3.5354e-006
11309,1.1003e-005
11310,7.3915e-006
11311,6.954e-006
11312,1.0771e-005
11313,2.0955e-005
11314,2.099e-005
11315,1.4747e-005
11316,1.1355e-005
11317,5.6157e-006
11318,7.6422e-006
11319,1.0791e-005
11320,6.4192e-006
11321,1.5926e-005
11322,2.057e-005
11323,2.0419e-005
11324,1.4014e-005
11325,7.4545e-006
11326,5.9036e-006
11327,1.0811e-005
11328,7.0631e-006
11329,1.307e-005
11330,1.5868e-005
11331,9.2926e-006
11332,2.8169e-005
11333,2.8003e-005
11334,3.495e-005
11335,3.6354e-005
11336,2.4151e-005
11337,2.0153e-005
11338,1.7815e-005
11339,1.9002e-005
11340,2.39e-005
11341,2.7999e-005
11342,3.707e-005
11343,3.4981e-005
11344,2.1031e-005
11345,2.6778e-005
11346,2.0059e-005
11347,1.8318e-005
11348,2.3998e-005
11349,2.0578e-005
11350,2.7209e-005
11351,3.6029e-005
11352,3.524e-005
11353,2.5158e-005
11354,1.825e-005
11355,2.4514e-005
11356,1.8876e-005
11357,1.9521e-005
11358,2.3883e-005
11359,1.9988e-005
11360,3.6924e-005
11361,3.5961e-005
11362,2.7029e-005
11363,1.9379e-005
11364,2.8753e-005
11365,2.0189e-005
11366,2.6739e-005
11367,2.391e-005
11368,1.3378e-005
11369,1.955e-005
11370,7.4776e-006
11371,1.2027e-005
11372,6.0539e-006
11373,9.8148e-006
11374,1.2911e-005
11375,4.5217e-005
11376,4.668e-005
11377,3.7959e-005
11378,4.054e-005
11379,4.0936e-005
11380,3.2599e-005
11381,5.1735e-005
11382,4.4564e-005
11383,2.8368e-005
11384,3.1907e-005
11385,3.5525e-005
11386,2.612e-005
11387,4.1119e-005
11388,3.808e-005
11389,3.4839e-005
11390,4.2784e-005
11391,3.9369e-005
11392,3.6004e-005
11393,1.9056e-005
11394,1.9196e-005
11395,1.083e-005
11396,8.6292e-006
11397,6.3226e-006
11398,1.3537e-005
11399,9.9919e-006
11400,1.2277e-005
11401,9.0319e-006
11402,3.2834e-005
11403,2.5691e-005
11404,1.9007e-005
11405,2.0758e-005
11406,1.5411e-005
11407,1.7519e-005
11408,2.6036e-005
11409,3.1712e-005
11410,3.8181e-005
11411,3.9766e-005
11412,2.7246e-005
11413,2.977e-005
11414,3.4166e-005
11415,3.3066e-005
11416,3.0726e-005
11417,1.7348e-005
11418,2.1453e-005
11419,2.0666e-005
11420,2.1993e-005
11421,1.8222e-005
11422,2.0245e-005
11423,1.435e-005
11424,1.1265e-005
11425,9.1929e-006
11426,7.7718e-006
11427,6.4916e-006
11428,1.2926e-005
11429,1.978e-005
11430,2.5559e-005
11431,3.2745e-005
11432,3.4246e-005
11433,2.0363e-005
11434,2.4151e-005
11435,1.7983e-005
11436,1.9803e-005
11437,1.9313e-005
11438,1.4825e-005
11439,1.9508e-005
11440,7.5284e-006
11441,1.1785e-005
11442,9.3624e-006
11443,7.0772e-006
11444,1.3898e-005
11445,1.2983e-005
11446,8.3962e-006
11447,1.9576e-005
11448,2.0505e-005
11449,1.1579e-005
11450,1.2575e-005
11451,9.23e-006
11452,1.4442e-005
11453,9.3698e-006
11454,2.4646e-005
11455,2.9557e-005
11456,3.1146e-005
11457,1.9785e-005
11458,1.7465e-005
11459,2.2729e-005
11460,1.9219e-005
11461,1.9496e-005
11462,2.8852e-005
11463,2.849e-005
11464,2.1245e-005
11465,1.6602e-005
11466,2.2418e-005
11467,1.9911e-005
11468,1.8368e-005
11469,4.482e-005
11470,3.5415e-005
11471,3.453e-005
11472,3.3495e-005
11473,4.3326e-005
11474,4.5883e-005
11475,4.0222e-005
11476,3.1886e-005
11477,3.6713e-005
11478,3.2864e-005
11479,2.4924e-005
11480,2.8358e-005
11481,2.6951e-005
11482,2.3426e-005
11483,3.0192e-005
11484,4.1405e-005
11485,3.2752e-005
11486,3.5064e-005
11487,2.9881e-005
11488,2.6875e-005
11489,3.1106e-005
11490,2.4671e-005
11491,2.8805e-005
11492,2.4616e-005
11493,2.6378e-005
11494,3.4156e-005
11495,3.3777e-005
11496,3.2317e-005
11497,3.9068e-005
11498,3.2121e-005
11499,2.701e-005
11500,2.8575e-005
11501,1.4674e-005
11502,1.499e-005
11503,2.1191e-005
11504,2.0857e-005
11505,1.3116e-005
11506,9.4722e-006
11507,7.5851e-006
11508,1.0806e-005
11509,2.0487e-005
11510,2.0222e-005
11511,1.4303e-005
11512,1.4617e-005
11513,6.9708e-006
11514,1.0411e-005
11515,8.3163e-006
11516,1.0741e-005
11517,2.1363e-005
11518,2.1645e-005
11519,1.4967e-005
11520,1.1278e-005
11521,1.0426e-005
11522,1.4335e-005
11523,9.3798e-006
11524,7.425e-006
11525,8.3333e-006
11526,8.1095e-006
11527,2.8055e-005
11528,2.902e-005
11529,3.5109e-005
11530,3.7475e-005
11531,2.0033e-005
11532,2.2476e-005
11533,2.0377e-005
11534,1.5133e-005
11535,2.6784e-005
11536,2.6971e-005
11537,3.5322e-005
11538,3.4341e-005
11539,2.1929e-005
11540,2.013e-005
11541,2.7196e-005
11542,2.6335e-005
11543,1.9193e-005
11544,1.6517e-005
11545,2.1382e-005
11546,2.9045e-005
11547,3.792e-005
11548,3.816e-005
11549,1.9028e-005
11550,1.7056e-005
11551,2.279e-005
11552,2.5769e-005
11553,2.2832e-005
11554,1.966e-005
11555,3.4293e-005
11556,3.2562e-005
11557,2.5262e-005
11558,2.1683e-005
11559,1.9777e-005
11560,1.596e-005
11561,2.308e-005
11562,1.4707e-005
11563,1.9374e-005
11564,1.0112e-005
11565,1.3617e-005
11566,1.0599e-005
11567,8.0493e-006
11568,4.3191e-005
11569,4.1759e-005
11570,3.4101e-005
11571,2.9474e-005
11572,3.7846e-005
11573,3.721e-005
11574,3.1583e-005
11575,4.516e-005
11576,3.5818e-005
11577,3.4097e-005
11578,4.1076e-005
11579,3.0963e-005
11580,3.6242e-005
11581,3.5613e-005
11582,3.0155e-005
11583,2.5277e-005
11584,2.9974e-005
11585,1.4394e-005
11586,2.0993e-005
11587,1.0361e-005
11588,1.2528e-005
11589,8.7014e-006
11590,1.0504e-005
11591,1.4655e-005
11592,8.1943e-006
11593,1.9624e-005
11594,2.0565e-005
11595,8.9775e-006
11596,1.1592e-005
11597,1.0821e-005
11598,1.4735e-005
11599,7.6563e-006
11600,8.0993e-006
11601,2.9145e-005
11602,2.4554e-005
11603,1.5106e-005
11604,1.9791e-005
11605,2.3058e-005
11606,1.9553e-005
11607,2.8541e-005
11608,3.2658e-005
11609,2.6904e-005
11610,2.4034e-005
11611,2.8305e-005
11612,3.1126e-005
11613,2.8491e-005
11614,2.2266e-005
11615,1.6687e-005
11616,2.0303e-005
11617,2.0368e-005
11618,2.6599e-005
11619,2.8385e-005
11620,2.3683e-005
11621,3.164e-005
11622,1.3371e-005
11623,1.2356e-005
11624,1.8165e-005
11625,1.9023e-005
11626,1.1189e-005
11627,9.7019e-006
11628,6.1598e-006
11629,1.0509e-005
11630,7.6491e-006
11631,1.9779e-005
11632,2.0461e-005
11633,1.2374e-005
11634,1.0157e-005
11635,8.657e-006
11636,1.5089e-005
11637,1.0628e-005
11638,1.7237e-005
11639,1.028e-005
11640,6.4331e-006
11641,5.6206e-006
11642,9.6713e-006
11643,1.1537e-005
11644,2.4809e-005
11645,3.0859e-005
11646,2.9691e-005
11647,1.7465e-005
11648,2.1512e-005
11649,2.0306e-005
11650,1.6079e-005
11651,2.4346e-005
11652,1.7272e-005
11653,2.7594e-005
11654,3.3421e-005
11655,3.5187e-005
11656,1.8545e-005
11657,2.4573e-005
11658,1.5763e-005
11659,1.8703e-005
11660,2.6234e-005
11661,2.2486e-005
11662,3.6481e-005
11663,3.7506e-005
11664,2.5041e-005
11665,1.9318e-005
11666,2.3211e-005
11667,2.2571e-005
11668,3.8738e-005
11669,4.3437e-005
11670,3.0224e-005
11671,3.2734e-005
11672,3.4457e-005
11673,2.9811e-005
11674,2.874e-005
11675,2.6036e-005
11676,3.5671e-005
11677,4.6582e-005
11678,3.4182e-005
11679,3.4405e-005
11680,3.8457e-005
11681,3.0468e-005
11682,4.799e-005
11683,3.5079e-005
11684,4.3631e-005
11685,3.5331e-005
11686,4.1725e-005
11687,3.0591e-005
11688,3.1483e-005
11689,3.6666e-005
11690,3.5613e-005
11691,4.1818e-005
11692,3.5048e-005
11693,4.4472e-005
11694,3.1956e-007
11695,6.78e-007
11696,4.4434e-007
11697,6.692e-007
11698,0.
11699,0.
11700,0.
11701,0.
11702,0.
11703,0.
11704,2.5459e-010
11705,3.5144e-010
11706,1.6261e-010
11707,0.
11708,0.
11709,0.
11710,0.
11711,0.
11712,0.
11713,0.
11714,7.0454e-007
11715,3.9082e-007
11716,4.6706e-007
11717,4.2878e-007
11718,5.6217e-007
11719,5.8641e-007
11720,0.
11721,0.
11722,0.
11723,0.
11724,0.
11725,0.
11726,0.
11727,7.225e-007
11728,5.5529e-007
11729,5.4455e-007
11730,3.7014e-007
11731,3.1943e-007
11732,4.1856e-007
11733,0.
11734,0.
11735,0.
11736,0.
11737,0.
11738,0.
11739,0.
11740,1.0137e-011
11741,9.1047e-012
11742,6.69e-012
11743,5.214e-012
11744,3.0131e-012
11745,0.
11746,0.
11747,0.
11748,0.
11749,0.
11750,0.
11751,0.
11752,7.08e-009
11753,1.0911e-008
11754,1.6045e-008
11755,1.1058e-008
11756,0.
11757,0.
11758,0.
11759,0.
11760,0.
11761,0.
11762,8.2016e-012
11763,1.8122e-011
11764,1.2012e-011
11765,1.0591e-011
11766,0.
11767,0.
11768,0.
11769,0.
11770,0.
11771,0.
11772,8.5335e-009
11773,4.5415e-009
11774,8.403e-009
11775,0.
11776,0.
11777,0.
11778,0.
11779,0.
11780,0.
11781,5.4615e-007
11782,4.2031e-007
11783,5.1076e-007
11784,5.4978e-007
11785,5.2282e-007
11786,0.
11787,0.
11788,0.
11789,0.
11790,0.
11791,0.
11792,0.
11793,4.4776e-007
11794,4.5119e-007
11795,6.7545e-007
11796,3.8267e-007
11797,4.6899e-007
11798,0.
11799,0.
11800,0.
11801,0.
11802,0.
11803,0.
11804,3.0431e-011
11805,1.9708e-011
11806,5.2139e-011
11807,2.5639e-011
11808,0.
11809,0.
11810,0.
11811,0.
11812,0.
11813,5.2027e-013
11814,9.1012e-013
11815,3.4893e-013
11816,3.597e-013
11817,6.4971e-013
11818,4.4296e-013
11819,0.
11820,0.
11821,0.
11822,0.
11823,0.
11824,0.
11825,1.2257e-007
11826,1.1087e-007
11827,1.7985e-007
11828,6.6244e-008
11829,0.
11830,0.
11831,0.
11832,0.
11833,0.
11834,0.
11835,1.608e-009
11836,1.5769e-009
11837,1.2904e-009
11838,1.117e-009
11839,0.
11840,0.
11841,0.
11842,0.
11843,0.
11844,0.
11845,9.7151e-013
11846,1.0016e-012
11847,6.6946e-013
11848,0.
11849,0.
11850,0.
11851,0.
11852,0.
11853,0.
11854,1.0847e-007
11855,1.7705e-007
11856,7.1566e-008
11857,0.
11858,0.
11859,0.
11860,0.
11861,0.
11862,0.
11863,1.5227e-010
11864,2.6454e-010
11865,2.597e-010
11866,9.6779e-011
11867,1.9658e-010
11868,0.
11869,0.
11870,0.
11871,0.
11872,0.
11873,6.5345e-010
11874,1.3259e-009
11875,0.
11876,0.
11877,0.
11878,0.
11879,0.
11880,0.
11881,7.7118e-007
11882,6.5885e-007
11883,4.9059e-007
11884,5.0168e-007
11885,2.7153e-007
11886,3.8493e-007
11887,3.7973e-007
11888,5.2033e-007
11889,0.
11890,0.
11891,0.
11892,0.
11893,0.
11894,5.3143e-007
11895,2.7936e-007
11896,4.1136e-007
11897,4.2912e-007
11898,2.0017e-007
11899,0.
11900,0.
11901,0.
11902,0.
11903,0.
11904,0.
11905,7.7707e-007
11906,5.9929e-007
11907,6.389e-007
11908,4.4524e-007
11909,3.9303e-007
11910,5.6488e-007
11911,0.
11912,0.
11913,0.
11914,0.
11915,0.
11916,4.5251e-011
11917,8.8398e-011
11918,7.533e-011
11919,3.6172e-011
11920,0.
11921,0.
11922,0.
11923,0.
11924,0.
11925,4.2921e-011
11926,7.6683e-011
11927,8.4967e-011
11928,4.4908e-011
11929,0.
11930,0.
11931,0.
11932,0.
11933,0.
11934,3.8557e-009
11935,2.0932e-009
11936,1.904e-009
11937,3.5202e-009
11938,0.
11939,0.
11940,0.
11941,0.
11942,4.6579e-007
11943,2.885e-007
11944,5.4028e-007
11945,3.8668e-007
11946,4.3647e-007
11947,0.
11948,0.
11949,0.
11950,0.
11951,0.
11952,0.
11953,2.6498e-007
11954,4.8513e-007
11955,5.5333e-007
11956,4.3159e-007
11957,5.9983e-007
11958,3.2125e-007
11959,6.9279e-007
11960,2.6345e-007
11961,0.
11962,0.
11963,0.
11964,0.
11965,0.
11966,4.1701e-007
11967,3.2599e-007
11968,3.7054e-007
11969,3.2206e-007
11970,0.
11971,0.
11972,0.
11973,0.
11974,4.9208e-012
11975,3.7021e-012
11976,2.4964e-012
11977,2.6184e-012
11978,6.0345e-012
11979,2.0467e-012
11980,0.
11981,0.
11982,0.
11983,0.
11984,0.
11985,6.6843e-007
11986,5.4037e-007
11987,4.4462e-007
11988,5.5259e-007
11989,3.7891e-007
11990,0.
11991,0.
11992,0.
11993,0.
11994,5.7173e-011
11995,1.115e-010
11996,3.6336e-011
11997,0.
11998,0.
11999,0.
12000,0.
12001,0.
12002,7.2106e-012
12003,4.8987e-012
12004,2.2834e-012
12005,2.4742e-012
12006,4.251e-012
12007,0.
12008,0.
12009,0.
12010,0.
12011,1.5274e-007
12012,2.57e-007
12013,1.7167e-007
12014,2.9538e-007
12015,2.3734e-007
12016,0.
12017,0.
12018,0.
12019,0.
12020,1.0513e-007
12021,1.6365e-007
12022,1.493e-007
12023,5.176e-008
12024,6.5816e-008
12025,0.
12026,0.
12027,0.
12028,0.
12029,0.
12030,0.
12031,7.5497e-010
12032,5.9997e-010
12033,1.2604e-009
12034,9.8882e-010
12035,0.
12036,0.
12037,0.
12038,0.
12039,2.2787e-011
12040,1.5113e-011
12041,2.3783e-011
12042,1.3517e-011
12043,6.7354e-012
12044,7.6941e-012
12045,0.
12046,0.
12047,0.
12048,0.
12049,0.
12050,1.4835e-008
12051,2.4037e-008
12052,1.0448e-008
12053,2.631e-008
12054,1.6626e-008
12055,7.0508e-009
12056,1.2685e-008
12057,0.
12058,0.
12059,0.
12060,0.
12061,2.0226e-013
12062,1.5567e-013
12063,0.
12064,0.
12065,0.
12066,0.
12067,2.0245e-013
12068,1.696e-013
12069,3.1025e-013
12070,2.5852e-013
12071,1.307e-013
12072,0.
12073,0.
12074,0.
12075,1.7888e-010
12076,1.3642e-010
12077,2.8499e-010
12078,3.6284e-010
12079,1.6787e-010
12080,0.
12081,0.
12082,0.
12083,0.
12084,8.0603e-007
12085,5.9757e-007
12086,3.3545e-007
12087,8.6921e-007
12088,7.0728e-007
12089,4.5402e-007
12090,4.4712e-007
12091,4.3284e-007
12092,0.
12093,0.
12094,0.
12095,0.
12096,0.
12097,9.6267e-009
12098,1.2179e-008
12099,6.3664e-009
12100,1.8405e-008
12101,7.7426e-009
12102,0.
12103,0.
12104,0.
12105,0.
12106,0.
12107,5.2404e-007
12108,4.2948e-007
12109,2.939e-007
12110,4.0978e-007
12111,1.9738e-007
12112,3.0146e-007
12113,0.
12114,0.
12115,5.2082e-007
12116,1.4209e-007
12117,8.7591e-008
12118,3.9746e-007
12119,5.2711e-007
12120,2.0815e-007
12121,5.4262e-007
12122,1.9042e-007
12123,0.
12124,0.
12125,3.6916e-007
12126,1.314e-007
12127,3.4556e-007
12128,3.9605e-007
12129,2.2583e-007
12130,1.4916e-007
12131,0.
12132,5.4835e-007
12133,2.0322e-007
12134,3.6786e-007
12135,4.6815e-007
12136,6.1845e-007
12137,0.
12138,0.
12139,0.
12140,3.5834e-009
12141,1.7287e-009
12142,1.0248e-009
12143,2.8957e-009
12144,1.433e-009
12145,0.
12146,0.
12147,0.
12148,0.
12149,4.126e-007
12150,5.0298e-007
12151,2.8859e-007
12152,0.
12153,0.
12154,3.8168e-007
12155,9.5039e-008
12156,2.7317e-007
12157,1.2655e-007
12158,4.2305e-007
12159,0.
12160,0.
12161,0.
12162,1.6235e-012
12163,2.7907e-012
12164,2.0349e-012
12165,1.1011e-012
12166,1.5336e-012
12167,0.
12168,0.
12169,0.
12170,2.5743e-007
12171,2.3153e-007
12172,1.6646e-007
12173,1.9636e-007
12174,0.
12175,0.
12176,0.
12177,8.9258e-013
12178,7.6234e-013
12179,5.4531e-013
12180,5.0526e-013
12181,6.0128e-013
12182,6.4649e-013
12183,4.176e-013
12184,0.
12185,0.
12186,0.
12187,0.
12188,5.4701e-013
12189,6.1049e-013
12190,3.6934e-013
12191,3.8569e-013
12192,4.8047e-013
12193,2.6242e-013
12194,0.
12195,0.
12196,0.
12197,3.4966e-007
12198,3.2797e-007
12199,2.6197e-007
12200,3.9782e-007
12201,0.
12202,0.
12203,0.
12204,0.
12205,2.255e-009
12206,2.7088e-009
12207,3.0099e-009
12208,1.6731e-009
12209,1.3523e-009
12210,0.
12211,0.
12212,0.
12213,4.8286e-012
12214,3.1569e-012
12215,6.3847e-012
12216,2.3899e-012
12217,0.
12218,0.
12219,7.3068e-007
12220,4.6916e-007
12221,5.3919e-007
12222,6.6665e-007
12223,3.5178e-007
12224,5.815e-007
12225,0.
12226,0.
12227,0.
12228,1.2179e-011
12229,1.5041e-011
12230,1.0259e-011
12231,4.9059e-012
12232,5.8277e-012
12233,6.1986e-012
12234,0.
12235,0.
12236,2.7357e-007
12237,3.4631e-007
12238,4.0909e-007
12239,4.4855e-007
12240,0.
12241,0.
12242,3.0906e-009
12243,9.343e-009
12244,5.0115e-009
12245,5.1074e-009
12246,5.099e-009
12247,2.6404e-009
12248,0.
12249,0.
12250,0.
12251,1.8377e-007
12252,2.2939e-007
12253,3.091e-007
12254,3.837e-007
12255,2.5809e-007
12256,0.
12257,1.4078e-007
12258,1.2268e-007
12259,2.269e-007
12260,2.2619e-007
12261,1.7281e-007
12262,0.
12263,2.8383e-007
12264,1.9014e-007
12265,1.3819e-007
12266,1.9691e-007
12267,3.0779e-007
12268,2.0833e-007
12269,0.
12270,0.
12271,2.2521e-009
12272,2.2426e-009
12273,3.1144e-009
12274,1.5407e-009
12275,0.
12276,0.
12277,0.
12278,0.
12279,0.
12280,4.816e-007
12281,3.1706e-007
12282,2.4949e-007
12283,3.9934e-007
12284,5.2969e-007
12285,0.
12286,0.
12287,0.
12288,1.3748e-008
12289,2.3643e-008
12290,1.2266e-008
12291,0.
12292,0.
12293,4.8688e-007
12294,3.2897e-007
12295,2.2171e-007
12296,2.9382e-007
12297,0.
12298,0.
12299,3.251e-007
12300,2.7121e-007
12301,3.1594e-007
12302,4.781e-007
12303,0.
12304,0.
12305,0.
12306,4.5966e-012
12307,2.1758e-012
12308,0.
12309,0.
12310,2.3576e-008
12311,1.183e-007
12312,3.2986e-007
12313,2.0269e-007
12314,5.0753e-007
12315,3.8585e-007
12316,0.
12317,0.
12318,8.8223e-007
12319,2.7933e-007
12320,6.4542e-007
12321,4.9676e-007
12322,4.6832e-007
12323,5.4116e-007
12324,7.0003e-007
12325,0.
12326,0.
12327,7.2302e-007
12328,4.6481e-007
12329,6.6417e-007
12330,3.6886e-007
12331,6.5641e-007
12332,0.
12333,0.
12334,4.2574e-007
12335,6.8795e-007
12336,6.3423e-007
12337,4.1591e-007
12338,3.8044e-007
12339,3.4954e-007
12340,0.
12341,0.
12342,0.
12343,5.9835e-008
12344,3.4658e-008
12345,4.0306e-008
12346,0.
12347,0.
12348,1.1547e-009
12349,5.3865e-010
12350,9.7989e-010
12351,5.9402e-010
12352,0.
12353,0.
12354,3.5371e-007
12355,2.8129e-007
12356,0.
12357,0.
12358,2.2542e-011
12359,1.2915e-011
12360,1.8293e-011
12361,7.0995e-012
12362,0.
12363,5.141e-007
12364,2.3371e-007
12365,4.5627e-007
12366,2.5759e-007
12367,5.8597e-007
12368,6.4562e-007
12369,3.983e-007
12370,0.
12371,6.7476e-007
12372,2.2075e-007
12373,9.3276e-007
12374,6.6848e-007
12375,4.483e-007
12376,5.1618e-007
12377,5.6413e-007
12378,0.
12379,4.7741e-007
12380,3.3381e-007
12381,3.1435e-007
12382,2.1841e-007
12383,0.
12384,0.
12385,4.8043e-010
12386,1.1315e-009
12387,5.7926e-010
12388,6.4385e-010
12389,1.2239e-009
12390,7.699e-010
12391,0.
12392,0.
12393,1.9066e-009
12394,2.3283e-009
12395,2.8686e-009
12396,2.1344e-009
12397,3.8756e-009
12398,3.7044e-009
12399,0.
12400,0.
12401,0.
12402,0.
12403,7.2452e-011
12404,3.3302e-011
12405,2.219e-011
12406,4.58e-011
12407,1.6741e-007
12408,3.614e-007
12409,6.8315e-007
12410,3.673e-007
12411,0.
12412,0.
12413,0.
12414,4.514e-009
12415,1.1463e-009
12416,2.0161e-009
12417,2.3795e-009
12418,0.
12419,0.
12420,0.
12421,3.1059e-010
12422,2.8104e-010
12423,9.0332e-011
12424,1.5566e-010
12425,1.7094e-010
12426,0.
12427,0.
12428,2.792e-011
12429,2.7685e-011
12430,1.5663e-011
12431,8.946e-012
12432,0.
12433,8.6986e-012
12434,3.3601e-012
12435,2.9254e-012
12436,4.8609e-012
12437,0.
12438,0.
12439,6.4753e-014
12440,3.6466e-014
12441,3.8075e-014
12442,0.
12443,1.5093e-011
12444,2.7484e-011
12445,9.9219e-012
12446,1.721e-011
12447,0.
12448,0.
12449,3.3352e-007
12450,5.487e-007
12451,3.3285e-007
12452,5.5411e-007
12453,0.
12454,1.4013e-011
12455,5.3699e-010
12456,7.0038e-010
12457,3.7252e-010
12458,0.
12459,0.
12460,8.5877e-008
12461,4.6989e-008
12462,9.4472e-008
12463,0.
12464,4.3176e-007
12465,3.0092e-007
12466,2.8014e-007
12467,2.9532e-007
12468,1.1107e-007
12469,0.
12470,2.1705e-007
12471,1.5276e-007
12472,1.0427e-007
12473,9.1227e-008
12474,0.
12475,0.
12476,5.5784e-007
12477,3.9412e-007
12478,3.5231e-007
12479,2.4619e-007
12480,6.9089e-007
12481,3.3691e-007
12482,0.
12483,0.
12484,0.
12485,1.5535e-012
12486,1.7569e-012
12487,7.3583e-013
12488,0.
12489,0.
12490,0.
12491,3.9463e-009
12492,6.0893e-009
12493,2.6457e-009
12494,3.8925e-009
12495,0.
12496,3.6374e-009
12497,6.2083e-009
12498,0.
12499,0.
12500,2.37e-008
12501,1.6684e-008
12502,3.3247e-008
12503,0.
12504,2.3599e-013
12505,2.4056e-013
12506,3.4551e-013
12507,3.521e-013
12508,0.
12509,2.5469e-013
12510,3.0771e-013
12511,3.85e-013
12512,0.
12513,0.
12514,7.8771e-008
12515,5.1746e-008
12516,6.6163e-008
12517,3.8578e-008
12518,5.795e-008
12519,0.
12520,0.
12521,1.1661e-013
12522,8.7297e-014
12523,4.8009e-014
12524,0.
12525,0.
12526,2.7016e-010
12527,2.8694e-010
12528,1.7372e-010
12529,1.3578e-010
12530,3.2673e-007
12531,2.7098e-007
12532,4.2596e-007
12533,4.4771e-010
12534,5.2864e-010
12535,7.7634e-010
12536,7.23e-010
12537,0.
12538,0.
12539,3.005e-007
12540,2.5278e-007
12541,2.9301e-007
12542,2.6615e-007
12543,2.9224e-007
12544,5.5401e-007
12545,2.8173e-007
12546,8.744e-008
12547,4.7777e-008
12548,1.1323e-007
12549,6.2399e-008
12550,0.
12551,1.8632e-013
12552,1.5244e-013
12553,1.0773e-013
12554,5.2485e-014
12555,1.4648e-013
12556,6.4865e-014
12557,0.
12558,0.
12559,4.693e-007
12560,4.4544e-007
12561,7.3441e-007
12562,4.4171e-007
12563,4.2937e-007
12564,3.5151e-007
12565,6.5142e-007
12566,0.
12567,3.366e-007
12568,2.5267e-007
12569,1.8953e-007
12570,3.3393e-007
12571,3.158e-007
12572,0.
12573,7.2091e-008
12574,4.6099e-008
12575,3.2216e-008
12576,2.0702e-008
12577,0.
12578,2.3301e-013
12579,2.4006e-013
12580,2.5662e-013
12581,1.7895e-013
12582,0.
12583,2.6521e-013
12584,4.5803e-013
12585,1.2237e-013
12586,6.3008e-007
12587,8.1299e-007
12588,5.0427e-007
12589,5.7908e-007
12590,4.1447e-007
12591,0.
12592,1.1971e-012
12593,5.7347e-013
12594,7.9674e-013
12595,0.
12596,1.7311e-008
12597,5.7038e-008
12598,3.162e-008
12599,3.44e-008
12600,3.7976e-008
12601,2.1401e-009
12602,2.6084e-011
12603,5.1532e-011
12604,1.7156e-012
12605,1.2209e-012
12606,8.6165e-013
12607,0.
12608,2.4041e-007
12609,1.736e-007
12610,1.0797e-007
12611,6.4876e-007
12612,3.1094e-007
12613,6.5511e-007
12614,3.3387e-007
12615,0.
12616,1.9705e-012
12617,9.8111e-013
12618,1.531e-012
12619,1.0036e-011
12620,3.9469e-012
12621,5.1977e-012
12622,5.3276e-012
12623,1.6557e-010
12624,5.0496e-011
12625,8.7911e-011
12626,1.0194e-010
12627,2.0618e-007
12628,2.9099e-007
12629,3.7327e-007
12630,3.456e-007
12631,2.959e-007
12632,2.2661e-007
12633,9.981e-011
12634,8.2081e-011
12635,4.6411e-011
12636,4.8572e-011
12637,0.
12638,8.8511e-007
12639,3.6958e-007
12640,6.3651e-007
12641,4.8735e-007
12642,8.3249e-007
12643,0.
12644,1.5885e-012
12645,1.1942e-012
12646,1.5808e-012
12647,2.8673e-007
12648,3.2399e-007
12649,3.1948e-007
12650,4.487e-007
12651,6.5611e-007
12652,5.6784e-007
12653,3.488e-007
12654,5.8069e-007
12655,3.9197e-010
12656,2.1239e-010
12657,5.6222e-014
12658,6.203e-014
12659,3.6279e-014
12660,2.9785e-014
12661,1.5761e-007
12662,2.8135e-007
12663,1.6578e-007
12664,7.4838e-007
12665,3.6266e-007
12666,1.3124e-007
12667,4.7734e-007
12668,4.6853e-007
12669,5.8401e-009
12670,9.6299e-009
12671,4.5144e-009
12672,0.
12673,2.1397e-012
12674,6.3741e-009
12675,9.5483e-009
12676,6.6266e-009
12677,5.4837e-009
12678,2.1418e-011
12679,3.3937e-011
12680,1.8982e-011
12681,3.9467e-011
12682,7.0691e-011
12683,3.0965e-007
12684,4.9443e-007
12685,3.5817e-007
12686,4.0728e-007
12687,3.3105e-007
12688,4.4013e-007
12689,0.
12690,2.922e-007
12691,5.1103e-007
12692,2.9611e-007
12693,3.7737e-007
12694,0.
12695,6.3325e-009
12696,1.1865e-008
12697,1.6539e-012
12698,3.4087e-012
12699,1.6768e-012
12700,2.9478e-012
12701,0.
12702,4.2968e-007
12703,4.1754e-007
12704,5.7317e-007
12705,7.2533e-007
12706,4.7663e-007
12707,3.3226e-007
12708,2.4535e-007
12709,2.8275e-007
12710,3.7491e-007
12711,2.6707e-013
12712,1.6312e-013
12713,1.9625e-013
12714,3.1635e-013
12715,1.478e-013
12716,2.6777e-013
12717,8.3323e-012
12718,2.7204e-012
12719,4.098e-012
12720,4.8074e-012
12721,3.2134e-008
12722,1.0947e-008
12723,2.1243e-008
12724,0.
12725,4.4811e-007
12726,4.8674e-007
12727,4.9045e-007
12728,4.8762e-007
12729,3.3878e-007
12730,2.3897e-009
12731,3.6419e-009
12732,5.4708e-009
12733,2.593e-009
12734,4.0191e-009
12735,4.1607e-007
12736,3.1616e-007
12737,1.5124e-012
12738,5.293e-013
12739,6.6409e-013
12740,7.6354e-013
12741,4.818e-003
12742,4.7501e-003
12743,4.3469e-003
12744,5.2971e-003
12745,5.3271e-003
12746,4.3494e-003
12747,4.8435e-003
12748,4.9445e-003
12749,4.4069e-003
12750,4.3724e-003
12751,2.7253e-004
12752,3.1138e-004
12753,2.0983e-004
12754,4.5961e-004
12755,2.1686e-004
12756,3.5255e-004
12757,4.5813e-004
12758,2.3851e-004
12759,3.1364e-004
12760,2.2704e-004
12761,2.5864e-004
12762,1.9982e-004
12763,3.6352e-004
12764,2.3685e-004
12765,1.878e-004
12766,4.3343e-004
12767,3.6703e-004
12768,1.9365e-004
12769,2.4272e-004
12770,3.2133e-004
12771,2.4965e-004
12772,2.2511e-004
12773,1.9887e-004
12774,2.4678e-004
12775,3.6259e-004
12776,7.6263e-003
12777,7.3626e-003
12778,6.5254e-003
12779,6.9785e-003
12780,7.351e-003
12781,6.8478e-003
12782,6.6033e-003
12783,7.0758e-003
12784,6.5668e-003
12785,6.8884e-003
12786,6.4424e-003
12787,7.3183e-003
12788,6.8796e-003
12789,6.5877e-003
12790,7.2393e-003
12791,7.5156e-003
12792,6.9637e-003
12793,7.2526e-003
12794,6.8333e-003
12795,7.4884e-003
12796,2.4337e-003
12797,3.203e-003
12798,2.1559e-003
12799,2.8368e-003
12800,2.3619e-003
12801,2.8138e-003
12802,2.6198e-003
12803,2.4243e-003
12804,3.1827e-003
12805,2.1366e-003
12806,2.7982e-003
12807,2.2331e-003
12808,3.0538e-003
12809,2.1722e-003
12810,2.9921e-003
12811,2.5183e-003
12812,2.5928e-003
12813,2.7332e-003
12814,2.4562e-003
12815,2.2881e-003
12816,2.5326e-003
12817,1.7556e-004
12818,2.5723e-004
12819,2.1077e-004
12820,3.0009e-004
12821,1.8242e-004
12822,2.3279e-004
12823,2.1536e-004
12824,1.7863e-004
12825,1.8065e-004
12826,1.6537e-004
12827,1.9475e-004
12828,1.5715e-004
12829,2.4183e-004
12830,1.3872e-004
12831,2.7277e-004
12832,1.7716e-004
12833,1.3796e-004
12834,1.6341e-004
12835,2.0392e-004
12836,1.6259e-004
12837,1.3958e-004
12838,1.374e-004
12839,7.097e-003
12840,6.8155e-003
12841,7.1297e-003
12842,6.737e-003
12843,6.2461e-003
12844,6.2766e-003
12845,6.7333e-003
12846,6.2457e-003
12847,6.2752e-003
12848,6.7666e-003
12849,6.9911e-003
12850,7.0056e-003
12851,1.0326e-002
12852,9.5068e-003
12853,9.8041e-003
12854,1.016e-002
12855,9.7376e-003
12856,9.858e-003
12857,1.0243e-002
12858,9.7302e-003
12859,9.1767e-003
12860,1.0119e-002
12861,9.1842e-003
12862,9.7836e-003
12863,9.695e-003
12864,9.3883e-003
12865,9.5495e-003
12866,9.168e-003
12867,9.7806e-003
12868,9.3792e-003
12869,9.9515e-003
12870,1.0445e-003
12871,7.9324e-004
12872,6.8618e-004
12873,1.3041e-003
12874,1.1098e-003
12875,8.4211e-004
12876,9.3065e-004
12877,1.0136e-003
12878,7.5996e-004
12879,6.4893e-004
12880,9.1457e-004
12881,1.1854e-003
12882,1.1034e-003
12883,8.7496e-004
12884,1.5026e-003
12885,1.4542e-003
12886,1.2846e-003
12887,1.042e-003
12888,8.6486e-004
12889,1.1946e-003
12890,8.801e-004
12891,1.0145e-003
12892,1.0368e-003
12893,1.2601e-003
12894,5.0865e-003
12895,5.4141e-003
12896,4.5926e-003
12897,4.1735e-003
12898,4.3484e-003
12899,5.3285e-003
12900,4.945e-003
12901,4.6431e-003
12902,4.4083e-003
12903,4.3343e-003
12904,2.1985e-004
12905,3.4158e-004
12906,3.2113e-004
12907,1.7282e-004
12908,1.7545e-004
12909,2.2449e-004
12910,2.2459e-004
12911,1.6266e-004
12912,2.1035e-004
12913,2.0333e-004
12914,5.2834e-003
12915,4.7852e-003
12916,4.2271e-003
12917,4.1837e-003
12918,5.23e-003
12919,4.2836e-003
12920,4.7773e-003
12921,4.7025e-003
12922,4.1859e-003
12923,5.2277e-003
12924,4.3062e-003
12925,2.1087e-004
12926,3.0277e-004
12927,2.0903e-004
12928,2.1393e-004
12929,4.1237e-004
12930,4.4399e-004
12931,3.6629e-004
12932,2.4875e-004
12933,3.0153e-004
12934,2.2446e-004
12935,2.1925e-004
12936,2.724e-004
12937,2.2544e-004
12938,2.6305e-004
12939,2.7936e-004
12940,2.5074e-004
12941,2.9059e-004
12942,2.4566e-004
12943,2.7098e-004
12944,2.8088e-004
12945,2.3644e-004
12946,2.3074e-004
12947,2.476e-004
12948,2.5267e-004
12949,2.8409e-004
12950,2.477e-004
12951,2.7702e-004
12952,2.9726e-004
12953,2.4128e-004
12954,2.8376e-004
12955,2.5143e-004
12956,2.586e-004
12957,1.0304e-002
12958,1.0563e-002
12959,1.014e-002
12960,1.0584e-002
12961,1.0256e-002
12962,1.0091e-002
12963,1.0208e-002
12964,1.0299e-002
12965,1.0378e-002
12966,8.3334e-003
12967,8.0683e-003
12968,8.8219e-003
12969,8.2744e-003
12970,8.6801e-003
12971,8.4325e-003
12972,8.3292e-003
12973,8.5755e-003
12974,8.3413e-003
12975,7.9505e-003
12976,7.9393e-003
12977,8.4553e-003
12978,8.6664e-003
12979,8.562e-003
12980,7.6635e-003
12981,8.2109e-003
12982,8.4082e-003
12983,8.6366e-003
12984,5.6839e-003
12985,4.8583e-003
12986,5.7605e-003
12987,5.1659e-003
12988,5.5692e-003
12989,5.214e-003
12990,5.365e-003
12991,4.9099e-003
12992,5.7233e-003
12993,1.6583e-004
12994,1.2609e-004
12995,1.2074e-004
12996,1.4302e-004
12997,1.6829e-004
12998,1.4273e-004
12999,1.1177e-004
13000,1.1905e-004
13001,1.3416e-004
13002,1.3644e-004
13003,1.63e-004
13004,1.1133e-004
13005,1.403e-004
13006,1.2088e-004
13007,1.1237e-004
13008,1.1674e-004
13009,1.3095e-004
13010,1.1103e-004
13011,3.3265e-003
13012,3.4973e-003
13013,2.7898e-003
13014,3.1363e-003
13015,2.8598e-003
13016,3.116e-003
13017,2.7817e-003
13018,3.151e-003
13019,2.734e-003
13020,7.301e-003
13021,7.676e-003
13022,7.8918e-003
13023,7.3996e-003
13024,8.0492e-003
13025,7.946e-003
13026,7.6303e-003
13027,7.8653e-003
13028,7.2115e-003
13029,5.3861e-003
13030,6.3236e-003
13031,6.0328e-003
13032,5.8349e-003
13033,6.4064e-003
13034,5.3047e-003
13035,5.864e-003
13036,5.8338e-003
13037,6.2767e-003
13038,1.3508e-004
13039,1.0282e-004
13040,1.3569e-004
13041,9.6641e-005
13042,9.6102e-005
13043,7.8563e-005
13044,1.5871e-004
13045,8.2611e-005
13046,1.1522e-004
13047,9.2531e-005
13048,1.2982e-004
13049,2.3549e-004
13050,2.0217e-004
13051,1.6753e-004
13052,1.8228e-004
13053,1.7275e-004
13054,1.7124e-004
13055,1.5854e-004
13056,1.6817e-004
13057,2.0325e-004
13058,6.4647e-003
13059,5.9277e-003
13060,6.0913e-003
13061,5.5426e-003
13062,6.0622e-003
13063,6.0541e-003
13064,6.3744e-003
13065,8.6091e-004
13066,1.4048e-003
13067,1.363e-003
13068,9.7061e-004
13069,1.0965e-003
13070,1.1901e-003
13071,9.8943e-004
13072,1.2775e-003
13073,7.5925e-003
13074,7.1981e-003
13075,8.0528e-003
13076,7.8487e-003
13077,7.8356e-003
13078,7.5722e-003
13079,7.4537e-003
13080,8.0223e-003
13081,7.8087e-003
13082,7.7677e-003
13083,2.3192e-004
13084,1.6426e-004
13085,1.9011e-004
13086,1.7831e-004
13087,2.015e-004
13088,1.5536e-004
13089,1.5565e-004
13090,1.8469e-004
13091,1.7429e-004
13092,1.2652e-004
13093,1.0639e-004
13094,1.0316e-004
13095,1.2415e-004
13096,7.8035e-005
13097,9.8183e-005
13098,8.4302e-005
13099,8.1078e-005
13100,8.7948e-005
13101,1.0378e-004
13102,9.5657e-003
13103,1.0344e-002
13104,1.0042e-002
13105,1.0181e-002
13106,9.7591e-003
13107,9.937e-003
13108,1.0259e-002
13109,9.9835e-003
13110,9.7536e-003
13111,9.8512e-003
13112,4.3274e-003
13113,5.5286e-003
13114,4.3862e-003
13115,4.8051e-003
13116,5.3609e-003
13117,4.8743e-003
13118,4.3111e-003
13119,5.5109e-003
13120,5.4858e-004
13121,7.2185e-004
13122,4.8924e-004
13123,5.8402e-004
13124,4.0691e-004
13125,5.9779e-004
13126,5.1097e-004
13127,7.3285e-004
13128,5.4989e-004
13129,3.9497e-003
13130,3.885e-003
13131,4.6706e-003
13132,4.4157e-003
13133,4.1091e-003
13134,3.9741e-003
13135,4.4194e-003
13136,3.9292e-003
13137,1.9517e-003
13138,1.9172e-003
13139,2.0895e-003
13140,2.6039e-003
13141,2.3438e-003
13142,2.2137e-003
13143,1.8948e-003
13144,2.067e-003
13145,1.8304e-003
13146,1.0508e-002
13147,1.0711e-002
13148,1.0409e-002
13149,1.0789e-002
13150,1.0643e-002
13151,1.0484e-002
13152,1.0802e-002
13153,1.058e-002
13154,1.091e-002
13155,3.7323e-003
13156,3.402e-003
13157,3.8333e-003
13158,3.3802e-003
13159,4.2453e-003
13160,3.7566e-003
13161,3.7329e-003
13162,3.3674e-003
13163,3.6793e-004
13164,4.2784e-004
13165,5.4024e-004
13166,3.5814e-004
13167,3.4625e-004
13168,4.5862e-004
13169,5.7359e-004
13170,4.4622e-004
13171,2.934e-004
13172,1.5661e-004
13173,1.3649e-004
13174,1.3847e-004
13175,2.1051e-004
13176,1.8302e-004
13177,1.2298e-004
13178,1.4e-003
13179,7.8122e-004
13180,8.3072e-004
13181,1.3574e-003
13182,1.1517e-003
13183,1.2477e-003
13184,8.9951e-004
13185,9.6973e-004
13186,1.3777e-004
13187,2.1016e-004
13188,1.4624e-004
13189,1.2015e-004
13190,1.4236e-004
13191,1.1633e-004
13192,9.2785e-005
13193,1.0312e-004
13194,8.7557e-005
13195,1.0827e-004
13196,9.0765e-005
13197,1.5096e-004
13198,1.0177e-004
13199,2.0139e-004
13200,8.6913e-005
13201,1.3616e-004
13202,1.1997e-004
13203,8.4776e-005
13204,9.8784e-005
13205,9.501e-005
13206,8.8106e-003
13207,8.636e-003
13208,9.0144e-003
13209,8.4181e-003
13210,8.7941e-003
13211,9.005e-003
13212,8.7651e-003
13213,7.1991e-003
13214,7.5143e-003
13215,7.5736e-003
13216,7.6484e-003
13217,7.39e-003
13218,7.6584e-003
13219,6.3777e-003
13220,7.2909e-003
13221,7.245e-003
13222,6.5138e-003
13223,7.2473e-003
13224,6.8681e-003
13225,6.8272e-003
13226,7.1077e-003
13227,4.1264e-004
13228,2.5154e-004
13229,2.5039e-004
13230,3.3748e-004
13231,2.1706e-004
13232,1.9886e-004
13233,2.8141e-004
13234,2.7379e-004
13235,2.2947e-004
13236,2.4856e-003
13237,2.808e-003
13238,2.831e-003
13239,2.4856e-003
13240,2.5187e-003
13241,2.4751e-003
13242,2.3352e-003
13243,2.3473e-003
13244,7.7598e-004
13245,5.0341e-004
13246,6.2714e-004
13247,6.3554e-004
13248,6.3723e-004
13249,7.6213e-004
13250,5.8737e-004
13251,5.4058e-004
13252,6.6893e-004
13253,5.2221e-004
13254,6.9086e-005
13255,7.7279e-005
13256,6.8855e-005
13257,5.6488e-005
13258,4.9581e-005
13259,7.3919e-005
13260,7.422e-005
13261,6.7836e-005
13262,4.3093e-005
13263,5.6758e-005
13264,5.4431e-005
13265,4.3739e-005
13266,4.4532e-004
13267,3.1978e-004
13268,5.8899e-004
13269,3.4025e-004
13270,3.3353e-004
13271,4.259e-004
13272,4.4981e-004
13273,3.0525e-004
13274,3.1028e-004
13275,2.3828e-004
13276,2.196e-004
13277,2.4958e-004
13278,2.2038e-004
13279,2.0316e-004
13280,2.0376e-004
13281,2.1279e-004
13282,2.172e-004
13283,2.2873e-004
13284,2.386e-004
13285,2.7771e-004
13286,2.6206e-004
13287,2.3288e-004
13288,2.5231e-004
13289,2.2419e-004
13290,2.3465e-004
13291,2.2988e-004
13292,1.8343e-003
13293,1.6619e-003
13294,1.9306e-003
13295,2.2439e-003
13296,2.1047e-003
13297,1.9417e-003
13298,1.7318e-003
13299,1.6394e-003
13300,1.4508e-004
13301,1.1908e-004
13302,1.4712e-004
13303,9.0062e-005
13304,1.4213e-004
13305,1.2039e-004
13306,1.2128e-004
13307,8.5426e-005
13308,1.065e-004
13309,9.6029e-005
13310,9.753e-005
13311,3.7874e-003
13312,3.3986e-003
13313,3.3366e-003
13314,3.6892e-003
13315,3.8082e-003
13316,3.4019e-003
13317,3.3236e-003
13318,5.6353e-004
13319,3.129e-004
13320,4.1749e-004
13321,3.1975e-004
13322,2.8042e-004
13323,1.0624e-002
13324,1.0248e-002
13325,1.0416e-002
13326,1.0418e-002
13327,3.4736e-003
13328,3.7084e-003
13329,3.0683e-003
13330,3.2133e-003
13331,3.3267e-003
13332,3.6925e-003
13333,3.5603e-003
13334,9.0512e-003
13335,9.3864e-003
13336,9.1639e-003
13337,9.3541e-003
13338,8.9466e-003
13339,9.3807e-003
13340,1.2066e-004
13341,1.6613e-004
13342,1.4787e-004
13343,8.0738e-005
13344,1.2897e-004
13345,1.0175e-004
13346,1.0607e-004
13347,8.492e-005
13348,8.7251e-005
13349,2.3601e-004
13350,3.3176e-004
13351,2.4716e-004
13352,2.2011e-004
13353,2.744e-004
13354,2.6168e-004
13355,2.326e-004
13356,2.476e-004
13357,3.2465e-004
13358,3.9191e-004
13359,2.6896e-004
13360,2.2228e-004
13361,3.2255e-004
13362,2.2109e-004
13363,2.7739e-004
13364,2.858e-004
13365,2.5249e-004
13366,1.0775e-002
13367,1.0352e-002
13368,1.0263e-002
13369,1.0681e-002
13370,1.074e-002
13371,1.052e-002
13372,7.1531e-003
13373,7.8032e-003
13374,7.5448e-003
13375,7.4084e-003
13376,7.7222e-003
13377,7.8566e-003
13378,7.4229e-003
13379,7.6912e-003
13380,6.2691e-003
13381,6.7568e-003
13382,7.1323e-003
13383,6.2687e-003
13384,7.0142e-003
13385,6.7135e-003
13386,1.0448e-002
13387,1.0587e-002
13388,1.0343e-002
13389,1.0664e-002
13390,1.0723e-002
13391,1.0523e-002
13392,1.0841e-002
13393,8.1479e-003
13394,9.3282e-003
13395,8.4254e-003
13396,9.1827e-003
13397,8.8015e-003
13398,8.8095e-003
13399,2.1129e-003
13400,1.7326e-003
13401,1.5176e-003
13402,1.6254e-003
13403,1.8834e-003
13404,2.1226e-003
13405,1.5876e-003
13406,1.8874e-003
13407,1.4701e-003
13408,1.652e-003
13409,1.2812e-003
13410,1.9369e-003
13411,1.6611e-003
13412,1.5654e-003
13413,6.8266e-003
13414,6.5519e-003
13415,6.0086e-003
13416,6.16e-003
13417,6.8136e-003
13418,2.9282e-003
13419,3.1513e-003
13420,2.9459e-003
13421,3.4954e-003
13422,3.4511e-003
13423,3.8837e-003
13424,3.5175e-003
13425,3.4985e-003
13426,3.9389e-003
13427,3.8664e-003
13428,3.5341e-003
13429,5.8112e-003
13430,5.3258e-003
13431,5.7793e-003
13432,5.809e-003
13433,9.078e-005
13434,5.6799e-005
13435,7.1327e-005
13436,6.7374e-005
13437,5.3572e-005
13438,8.9735e-005
13439,8.6889e-005
13440,8.866e-005
13441,1.0759e-004
13442,7.2283e-005
13443,5.9606e-005
13444,5.2597e-005
13445,6.5648e-005
13446,1.9396e-004
13447,1.8677e-004
13448,1.9712e-004
13449,2.07e-004
13450,1.959e-004
13451,1.7997e-004
13452,2.16e-004
13453,1.2292e-004
13454,1.2212e-004
13455,1.5128e-004
13456,1.0732e-004
13457,9.8773e-005
13458,1.0554e-004
13459,1.2417e-004
13460,1.5415e-004
13461,8.1788e-003
13462,7.1587e-003
13463,7.3878e-003
13464,7.9347e-003
13465,8.1314e-003
13466,7.6281e-003
13467,8.9071e-003
13468,9.2038e-003
13469,8.6486e-003
13470,9.1296e-003
13471,8.8774e-003
13472,2.2162e-003
13473,2.8089e-003
13474,2.5349e-003
13475,2.4537e-003
13476,2.3138e-003
13477,2.4073e-003
13478,6.4119e-003
13479,6.2193e-003
13480,6.8839e-003
13481,6.5962e-003
13482,7.1232e-003
13483,2.2039e-004
13484,2.2068e-004
13485,2.1147e-004
13486,2.216e-004
13487,2.0619e-004
13488,2.882e-004
13489,3.0683e-004
13490,2.8068e-004
13491,2.9476e-004
13492,2.6246e-004
13493,1.0439e-002
13494,1.0884e-002
13495,1.0875e-002
13496,1.0877e-002
13497,1.1065e-002
13498,1.0598e-002
13499,1.0678e-002
13500,1.0608e-002
13501,5.3559e-003
13502,5.4568e-003
13503,5.9757e-003
13504,5.8389e-003
13505,6.3284e-003
13506,1.2635e-004
13507,1.6033e-004
13508,1.3149e-004
13509,1.2168e-004
13510,1.3556e-004
13511,1.4482e-004
13512,1.037e-004
13513,1.2598e-004
13514,9.4041e-005
13515,9.5218e-005
13516,1.0295e-004
13517,8.6511e-005
13518,9.8997e-005
13519,9.1346e-005
13520,9.2335e-005
13521,1.1271e-004
13522,8.692e-005
13523,1.0336e-004
13524,2.5533e-003
13525,3.4588e-003
13526,2.8172e-003
13527,3.3826e-003
13528,3.0126e-003
13529,3.4417e-003
13530,9.6209e-003
13531,1.0014e-002
13532,9.6119e-003
13533,9.7067e-003
13534,9.9669e-003
13535,1.0175e-002
13536,1.0185e-002
13537,3.4962e-003
13538,3.52e-003
13539,3.9417e-003
13540,3.9072e-003
13541,3.5e-003
13542,3.5366e-003
13543,1.247e-004
13544,1.0718e-004
13545,8.866e-005
13546,1.0972e-004
13547,8.2296e-005
13548,8.0268e-005
13549,1.4131e-004
13550,9.3668e-005
13551,1.0234e-002
13552,1.059e-002
13553,1.0674e-002
13554,1.0727e-002
13555,1.1759e-003
13556,1.6985e-003
13557,1.4982e-003
13558,1.6079e-003
13559,1.3392e-003
13560,1.4107e-003
13561,7.8816e-003
13562,7.6203e-003
13563,7.6223e-003
13564,7.855e-003
13565,7.7408e-003
13566,7.4823e-003
13567,7.9481e-003
13568,1.6572e-003
13569,2.3391e-003
13570,1.8647e-003
13571,2.531e-003
13572,2.0624e-003
13573,1.6194e-003
13574,2.9262e-004
13575,2.6412e-004
13576,2.4151e-004
13577,2.5393e-004
13578,1.1877e-004
13579,1.5394e-004
13580,1.0278e-004
13581,8.7935e-005
13582,7.4389e-005
13583,9.6851e-005
13584,7.999e-005
13585,1.6328e-004
13586,1.1008e-004
13587,1.1137e-004
13588,1.4851e-004
13589,8.5027e-005
13590,9.3952e-005
13591,7.4104e-005
13592,8.5439e-005
13593,9.7775e-004
13594,1.0806e-003
13595,1.4405e-003
13596,1.2128e-003
13597,7.7569e-003
13598,7.2041e-003
13599,8.1391e-003
13600,7.4674e-003
13601,7.7299e-003
13602,1.7814e-003
13603,1.5861e-003
13604,1.7541e-003
13605,1.4392e-003
13606,1.5267e-003
13607,1.7444e-003
13608,2.0653e-003
13609,2.469e-003
13610,2.9672e-003
13611,7.6501e-004
13612,9.2446e-004
13613,1.0756e-003
13614,8.1788e-004
13615,1.1516e-003
13616,8.8614e-005
13617,1.194e-004
13618,9.0717e-005
13619,8.1526e-005
13620,7.3034e-005
13621,6.3647e-005
13622,1.0363e-002
13623,1.0087e-002
13624,1.0221e-002
13625,9.955e-003
13626,8.3916e-005
13627,7.0037e-005
13628,7.9889e-005
13629,7.5751e-005
13630,6.6807e-005
13631,9.5579e-005
13632,9.0056e-005
13633,1.5684e-004
13634,1.1869e-004
13635,1.3394e-004
13636,1.325e-004
13637,9.4154e-003
13638,9.0139e-003
13639,9.349e-003
13640,9.4691e-003
13641,9.3413e-003
13642,9.0889e-003
13643,2.2879e-003
13644,2.1479e-003
13645,1.7705e-003
13646,1.8845e-003
13647,2.1587e-003
13648,3.1326e-003
13649,3.0484e-003
13650,2.7854e-003
13651,2.8213e-003
13652,3.1111e-003
13653,3.0339e-003
13654,2.765e-003
13655,3.1472e-003
13656,1.478e-004
13657,1.9093e-004
13658,1.9498e-004
13659,1.4063e-004
13660,2.8413e-004
13661,2.9862e-004
13662,2.7442e-004
13663,5.8691e-004
13664,5.0535e-004
13665,3.6469e-004
13666,6.3839e-004
13667,6.9922e-004
13668,4.7131e-004
13669,3.869e-004
13670,1.0152e-002
13671,9.6386e-003
13672,1.0002e-002
13673,1.0122e-002
13674,1.018e-002
13675,1.0508e-002
13676,1.056e-002
13677,9.6939e-003
13678,1.0257e-002
13679,9.3203e-003
13680,9.8307e-003
13681,1.0316e-002
13682,1.0096e-002
13683,1.6713e-004
13684,1.7403e-004
13685,2.1184e-004
13686,1.5861e-004
13687,1.8807e-004
13688,1.6148e-004
13689,2.8444e-003
13690,2.801e-003
13691,3.1708e-003
13692,6.6074e-004
13693,8.332e-004
13694,6.2766e-004
13695,4.8957e-004
13696,3.5912e-004
13697,3.0846e-004
13698,4.1274e-004
13699,2.8846e-004
13700,4.0229e-004
13701,5.2582e-004
13702,6.5423e-004
13703,7.3585e-005
13704,5.7096e-005
13705,1.0898e-002
13706,1.1086e-002
13707,1.0697e-002
13708,1.0699e-002
13709,1.1027e-002
13710,4.3737e-003
13711,3.8156e-003
13712,3.8753e-003
13713,1.974e-004
13714,1.9108e-004
13715,2.056e-004
13716,2.1102e-004
13717,8.2555e-003
13718,8.0712e-003
13719,8.1644e-003
13720,1.9239e-004
13721,1.597e-004
13722,1.4759e-004
13723,1.6523e-004
13724,1.776e-004
13725,6.4023e-005
13726,7.3665e-005
13727,1.0067e-004
13728,7.9844e-005
13729,8.4687e-005
13730,7.285e-005
13731,7.9481e-005
13732,4.4001e-004
13733,2.5361e-004
13734,2.8735e-004
13735,4.112e-004
13736,3.1436e-004
13737,9.2443e-003
13738,8.6616e-003
13739,8.558e-003
13740,9.0218e-003
13741,8.9843e-003
13742,8.8048e-003
13743,4.4169e-004
13744,4.9654e-004
13745,3.8496e-004
13746,2.2071e-003
13747,1.9284e-003
13748,1.9186e-003
13749,8.2643e-003
13750,8.8471e-003
13751,8.2514e-003
13752,8.6269e-003
13753,8.4387e-003
13754,8.5978e-003
13755,8.8373e-005
13756,7.0522e-005
13757,6.8283e-005
13758,6.1052e-005
13759,5.8549e-005
13760,7.9303e-005
13761,8.234e-003
13762,7.9789e-003
13763,8.3929e-003
13764,8.1135e-003
13765,2.7259e-003
13766,2.5959e-003
13767,2.9728e-003
13768,2.7051e-003
13769,9.2165e-003
13770,9.3114e-003
13771,8.9764e-003
13772,2.3334e-003
13773,2.4964e-003
13774,2.1858e-003
13775,2.4413e-003
13776,2.3255e-003
13777,2.1758e-003
13778,2.0438e-004
13779,1.9973e-004
13780,2.1606e-004
13781,1.8868e-004
13782,2.0103e-004
13783,1.4558e-004
13784,1.6658e-004
13785,1.4781e-004
13786,1.5973e-004
13787,5.9765e-003
13788,6.639e-003
13789,5.772e-003
13790,6.3521e-003
13791,6.1316e-003
13792,8.0957e-004
13793,5.5169e-004
13794,5.7024e-004
13795,9.2789e-004
13796,5.3795e-003
13797,5.1757e-003
13798,4.7218e-003
13799,4.7251e-003
13800,5.58e-003
13801,6.1593e-003
13802,5.4252e-004
13803,6.3049e-004
13804,7.4275e-004
13805,4.5995e-004
13806,5.2037e-004
13807,7.9552e-005
13808,6.6567e-005
13809,1.0003e-004
13810,7.1278e-005
13811,7.9198e-005
13812,9.9926e-005
13813,1.1085e-004
13814,9.014e-005
13815,1.3602e-004
13816,1.3537e-004
13817,9.7e-003
13818,9.7574e-003
13819,9.3572e-003
13820,9.3197e-003
13821,9.5741e-003
13822,2.7472e-003
13823,2.4677e-003
13824,2.8576e-003
13825,2.4786e-003
13826,1.5798e-003
13827,2.0751e-003
13828,8.4087e-003
13829,8.4168e-003
13830,8.2211e-003
13831,8.0069e-003
13832,1.3953e-006
13833,6.1449e-007
13834,7.7282e-007
13835,7.6549e-007
13836,1.1698e-006
13837,1.0601e-006
13838,1.3e-006
13839,1.4174e-006
13840,1.2517e-006
13841,1.0681e-006
13842,7.2075e-007
13843,1.0032e-006
13844,1.2724e-006
13845,6.2128e-007
13846,5.7885e-007
13847,7.7658e-007
13848,9.9332e-007
13849,1.2218e-006
13850,1.0592e-006
13851,5.8871e-007
13852,8.3536e-007
13853,9.3804e-007
13854,1.1137e-006
13855,1.1625e-006
13856,5.2287e-010
13857,2.556e-010
13858,6.1685e-010
13859,2.9206e-010
13860,8.153e-010
13861,7.8751e-010
13862,3.1307e-006
13863,1.6397e-006
13864,2.9463e-006
13865,2.0864e-006
13866,2.3501e-006
13867,2.6664e-006
13868,3.1638e-006
13869,2.1776e-006
13870,2.9915e-006
13871,1.9788e-006
13872,2.4006e-006
13873,2.8258e-006
13874,3.2054e-006
13875,2.6357e-006
13876,3.1829e-006
13877,2.1279e-006
13878,3.3783e-006
13879,2.1015e-006
13880,2.6757e-006
13881,2.3549e-006
13882,3.2368e-006
13883,2.7408e-006
13884,2.9076e-006
13885,1.7934e-006
13886,2.5172e-006
13887,2.3822e-006
13888,2.9648e-006
13889,2.8292e-006
13890,2.7563e-006
13891,2.2579e-006
13892,2.2577e-006
13893,4.5764e-006
13894,4.0014e-006
13895,4.8128e-006
13896,4.3698e-006
13897,3.6883e-006
13898,2.9117e-006
13899,3.256e-006
13900,3.125e-006
13901,4.2533e-006
13902,4.3555e-006
13903,3.6641e-006
13904,4.7461e-006
13905,5.2345e-006
13906,3.2582e-006
13907,4.6916e-006
13908,3.9609e-006
13909,3.9797e-006
13910,4.3271e-006
13911,3.3116e-006
13912,4.7065e-006
13913,3.8131e-006
13914,3.8536e-006
13915,3.2586e-006
13916,3.6434e-006
13917,3.6956e-006
13918,3.1228e-006
13919,2.3198e-006
13920,2.7578e-006
13921,3.5005e-006
13922,2.1252e-006
13923,3.0275e-006
13924,3.3168e-006
13925,3.4034e-006
13926,2.8593e-006
13927,2.5028e-006
13928,2.3736e-006
13929,2.9812e-006
13930,3.3276e-006
13931,4.9428e-006
13932,5.0932e-006
13933,4.6345e-006
13934,4.2422e-006
13935,3.7594e-006
13936,4.0056e-006
13937,4.5296e-006
13938,4.2095e-006
13939,3.5496e-006
13940,5.0946e-006
13941,5.1972e-006
13942,4.5251e-006
13943,5.8358e-006
13944,5.6951e-006
13945,4.3651e-006
13946,5.0398e-006
13947,4.3254e-006
13948,4.8489e-006
13949,5.1708e-006
13950,3.17e-011
13951,1.7174e-011
13952,3.5004e-011
13953,1.2538e-011
13954,1.0123e-011
13955,2.1366e-011
13956,5.0101e-009
13957,1.3881e-008
13958,4.5089e-009
13959,2.1466e-008
13960,1.4118e-008
13961,6.7914e-009
13962,8.3768e-009
13963,7.4773e-012
13964,6.5083e-012
13965,2.1629e-011
13966,1.3875e-011
13967,5.0269e-012
13968,1.2159e-011
13969,2.8008e-006
13970,4.2272e-006
13971,4.6166e-006
13972,3.4393e-006
13973,3.8307e-006
13974,4.6657e-006
13975,2.8103e-006
13976,4.0278e-006
13977,4.134e-006
13978,3.4647e-006
13979,3.585e-006
13980,1.7769e-008
13981,2.4699e-008
13982,6.0712e-009
13983,9.4832e-009
13984,6.8321e-009
13985,1.2409e-008
13986,2.7591e-008
13987,4.2732e-006
13988,3.2877e-006
13989,5.3275e-006
13990,3.9331e-006
13991,4.7306e-006
13992,5.2282e-006
13993,3.948e-006
13994,3.5021e-006
13995,3.9038e-006
13996,4.5402e-006
13997,3.4279e-006
13998,2.0174e-006
13999,3.3714e-006
14000,2.6588e-006
14001,2.6687e-006
14002,3.2265e-006
14003,2.1849e-006
14004,2.4104e-006
14005,2.8178e-006
14006,1.9261e-006
14007,2.6115e-006
14008,3.0914e-006
14009,2.3636e-006
14010,2.1813e-006
14011,1.8651e-006
14012,1.5585e-006
14013,2.5234e-006
14014,2.5315e-006
14015,2.1509e-006
14016,1.632e-006
14017,1.7127e-006
14018,2.2249e-006
14019,1.6377e-006
14020,2.514e-006
14021,2.4998e-006
14022,2.2876e-006
14023,2.0613e-006
14024,2.1535e-006
14025,1.7343e-006
14026,1.9613e-006
14027,1.3692e-006
14028,2.7809e-011
14029,7.5669e-011
14030,3.6048e-011
14031,9.1316e-011
14032,4.4318e-011
14033,2.6078e-011
14034,4.607e-006
14035,4.903e-006
14036,4.5024e-006
14037,3.3947e-006
14038,4.0405e-006
14039,4.0997e-006
14040,4.3083e-006
14041,3.7237e-006
14042,3.1389e-006
14043,4.2651e-006
14044,3.6555e-006
14045,4.4721e-006
14046,4.7608e-006
14047,4.0399e-006
14048,3.8176e-006
14049,3.184e-006
14050,4.0694e-006
14051,3.4116e-006
14052,3.7533e-006
14053,8.52e-013
14054,1.363e-012
14055,5.0477e-013
14056,5.3103e-013
14057,9.3598e-013
14058,9.3883e-013
14059,3.1347e-009
14060,4.4698e-009
14061,4.0744e-009
14062,2.5103e-009
14063,2.045e-009
14064,1.796e-009
14065,1.5999e-007
14066,2.5589e-007
14067,3.1244e-007
14068,9.1645e-008
14069,2.1826e-007
14070,1.2128e-007
14071,2.9848e-007
14072,1.7305e-012
14073,1.472e-012
14074,3.1073e-012
14075,2.1707e-012
14076,1.081e-012
14077,1.1366e-012
14078,1.8806e-012
14079,2.5368e-007
14080,2.3444e-007
14081,8.0985e-008
14082,1.6214e-007
14083,1.3688e-007
14084,9.3238e-008
14085,1.7704e-007
14086,1.4508e-007
14087,7.2455e-010
14088,1.5432e-009
14089,4.1181e-010
14090,1.7581e-009
14091,4.7185e-010
14092,1.7404e-010
14093,3.7342e-010
14094,1.0267e-010
14095,3.9297e-010
14096,1.3825e-010
14097,2.7459e-010
14098,1.2518e-006
14099,1.1913e-006
14100,8.6797e-007
14101,1.7507e-006
14102,1.7295e-006
14103,1.9356e-006
14104,1.4705e-006
14105,1.5019e-006
14106,1.0395e-006
14107,1.429e-006
14108,5.3149e-006
14109,5.4247e-006
14110,4.545e-006
14111,4.2959e-006
14112,5.4478e-006
14113,3.7451e-006
14114,3.4038e-006
14115,3.5507e-006
14116,3.7484e-006
14117,4.6207e-006
14118,4.4986e-006
14119,4.3035e-006
14120,4.3917e-006
14121,5.7249e-006
14122,4.796e-006
14123,5.6398e-006
14124,5.9403e-006
14125,3.9911e-006
14126,4.6693e-006
14127,3.9786e-006
14128,5.0425e-006
14129,4.8494e-006
14130,5.8043e-006
14131,6.165e-006
14132,5.0793e-006
14133,4.1625e-006
14134,6.3207e-006
14135,4.4962e-006
14136,5.2952e-006
14137,4.2971e-006
14138,4.5898e-006
14139,5.183e-006
14140,4.694e-006
14141,5.6544e-006
14142,5.2614e-006
14143,3.8569e-006
14144,4.2243e-006
14145,5.7859e-006
14146,5.512e-006
14147,4.2587e-006
14148,5.5471e-006
14149,4.5181e-006
14150,4.7277e-006
14151,3.6405e-006
14152,4.0795e-006
14153,5.45e-006
14154,4.6821e-006
14155,3.5966e-006
14156,5.4683e-006
14157,3.8719e-006
14158,4.362e-006
14159,5.7211e-006
14160,3.7662e-006
14161,4.7197e-006
14162,4.2255e-006
14163,4.5053e-006
14164,6.2788e-006
14165,6.093e-006
14166,5.4015e-006
14167,4.3785e-006
14168,4.7076e-006
14169,6.5237e-006
14170,4.2835e-006
14171,5.5794e-006
14172,5.1205e-006
14173,5.0201e-006
14174,1.2239e-006
14175,7.5521e-007
14176,1.0673e-006
14177,7.1497e-007
14178,1.3196e-006
14179,1.2987e-006
14180,8.8778e-007
14181,1.3744e-006
14182,8.8455e-007
14183,1.0852e-006
14184,1.2263e-006
14185,2.186e-006
14186,1.5819e-006
14187,2.524e-006
14188,1.8601e-006
14189,1.4579e-006
14190,2.2447e-006
14191,1.7226e-006
14192,2.1118e-006
14193,5.4041e-006
14194,5.7975e-006
14195,4.9351e-006
14196,5.4059e-006
14197,6.0346e-006
14198,4.4519e-006
14199,4.9538e-006
14200,5.5036e-006
14201,7.1342e-006
14202,7.0647e-006
14203,5.9947e-006
14204,7.5968e-006
14205,6.729e-006
14206,2.8134e-011
14207,5.7506e-011
14208,1.0237e-010
14209,8.1086e-011
14210,3.9712e-011
14211,4.9004e-006
14212,3.1263e-006
14213,4.5796e-006
14214,3.6511e-006
14215,3.9051e-006
14216,3.7875e-006
14217,4.6254e-006
14218,3.6626e-006
14219,4.395e-006
14220,5.1872e-006
14221,7.0591e-006
14222,7.0507e-006
14223,5.7407e-006
14224,6.7767e-006
14225,7.6192e-006
14226,5.7411e-006
14227,7.9275e-006
14228,1.0683e-006
14229,1.3055e-006
14230,1.3601e-006
14231,1.6397e-006
14232,1.6697e-006
14233,1.8653e-006
14234,1.4956e-006
14235,1.8244e-006
14236,1.3048e-006
14237,1.3288e-009
14238,2.3916e-009
14239,1.4893e-009
14240,2.8805e-009
14241,4.5034e-009
14242,1.4187e-006
14243,2.6229e-006
14244,1.9204e-006
14245,2.1719e-006
14246,2.2993e-006
14247,1.7511e-006
14248,2.0809e-006
14249,2.6994e-006
14250,4.4488e-006
14251,4.6294e-006
14252,5.2048e-006
14253,4.9591e-006
14254,3.7773e-006
14255,3.8372e-006
14256,5.1014e-006
14257,4.8981e-006
14258,3.5852e-006
14259,4.1745e-006
14260,4.398e-006
14261,4.3904e-006
14262,5.3009e-006
14263,5.2263e-006
14264,4.0722e-006
14265,4.9275e-006
14266,4.4007e-006
14267,3.4614e-006
14268,3.8058e-006
14269,3.8175e-006
14270,4.4261e-006
14271,4.2649e-006
14272,3.8511e-006
14273,4.0532e-006
14274,4.3596e-006
14275,7.1796e-006
14276,5.8798e-006
14277,7.2218e-006
14278,4.941e-006
14279,6.6097e-006
14280,6.6954e-006
14281,7.2391e-006
14282,5.2843e-006
14283,5.8581e-006
14284,5.0977e-006
14285,6.8958e-006
14286,6.7505e-006
14287,6.8238e-006
14288,6.6711e-006
14289,5.5891e-006
14290,5.3616e-006
14291,1.88e-006
14292,3.2803e-006
14293,2.934e-006
14294,2.6139e-006
14295,2.3797e-006
14296,1.8164e-006
14297,1.8022e-006
14298,2.1743e-006
14299,2.2371e-006
14300,2.552e-006
14301,2.8269e-006
14302,4.2675e-006
14303,3.8987e-006
14304,4.3304e-006
14305,3.8685e-006
14306,4.4308e-006
14307,7.8239e-006
14308,6.1355e-006
14309,7.6968e-006
14310,6.3466e-006
14311,7.4761e-006
14312,7.6993e-006
14313,6.448e-006
14314,3.87e-007
14315,6.8823e-007
14316,2.75e-007
14317,4.892e-007
14318,6.568e-007
14319,5.6979e-007
14320,2.4058e-007
14321,3.7606e-012
14322,6.3319e-012
14323,4.1615e-012
14324,9.5881e-012
14325,5.0291e-012
14326,6.7501e-006
14327,5.1418e-006
14328,7.5648e-006
14329,7.1501e-006
14330,6.8334e-006
14331,6.21e-006
14332,5.6438e-006
14333,5.2788e-006
14334,6.89e-006
14335,8.0664e-006
14336,7.689e-006
14337,7.6229e-006
14338,7.3131e-006
14339,5.6207e-006
14340,7.1636e-006
14341,7.0788e-006
14342,6.7132e-006
14343,6.6629e-006
14344,5.3313e-006
14345,7.5531e-006
14346,5.965e-006
14347,5.6594e-006
14348,7.0895e-006
14349,7.3376e-006
14350,6.0198e-006
14351,7.2117e-006
14352,7.257e-006
14353,5.7301e-006
14354,5.1349e-006
14355,2.9357e-010
14356,7.9954e-011
14357,1.6186e-010
14358,8.2597e-011
14359,2.13e-011
14360,1.4129e-011
14361,8.8325e-012
14362,9.9637e-012
14363,7.7536e-012
14364,1.2958e-011
14365,1.4187e-006
14366,1.9487e-006
14367,1.6299e-006
14368,1.0735e-006
14369,1.4476e-006
14370,1.0698e-006
14371,1.4822e-006
14372,1.9574e-006
14373,6.386e-006
14374,4.4634e-006
14375,6.7388e-006
14376,6.9676e-006
14377,5.6858e-006
14378,6.4942e-006
14379,4.9149e-006
14380,4.6425e-006
14381,6.0294e-006
14382,5.5575e-006
14383,4.8575e-006
14384,6.4439e-006
14385,6.3293e-006
14386,7.0262e-006
14387,7.1786e-006
14388,5.1881e-006
14389,4.9561e-006
14390,5.93e-006
14391,7.9273e-006
14392,6.3931e-006
14393,8.3477e-006
14394,7.8524e-006
14395,7.7248e-006
14396,6.6536e-006
14397,5.9562e-006
14398,7.5368e-006
14399,1.2712e-009
14400,3.5906e-010
14401,2.7536e-010
14402,9.6176e-010
14403,2.4486e-007
14404,8.7781e-008
14405,1.0536e-007
14406,2.1877e-007
14407,1.1727e-007
14408,1.6482e-007
14409,5.7327e-006
14410,6.0589e-006
14411,3.9294e-006
14412,5.3118e-006
14413,6.0826e-006
14414,5.0788e-006
14415,4.7093e-006
14416,4.2871e-006
14417,5.048e-006
14418,3.8888e-006
14419,2.6709e-006
14420,3.4953e-006
14421,2.3761e-006
14422,3.3543e-006
14423,2.8451e-006
14424,3.4069e-006
14425,2.4572e-006
14426,3.1706e-006
14427,2.4394e-006
14428,4.6225e-006
14429,5.7527e-006
14430,5.8395e-006
14431,5.1068e-006
14432,4.3842e-006
14433,5.3108e-006
14434,4.7183e-006
14435,3.3576e-008
14436,1.5222e-008
14437,3.8263e-008
14438,1.2698e-008
14439,2.4829e-008
14440,2.7252e-008
14441,6.076e-006
14442,4.9015e-006
14443,6.3218e-006
14444,6.1066e-006
14445,6.4359e-006
14446,5.7641e-006
14447,5.2106e-006
14448,4.7774e-006
14449,4.9146e-007
14450,4.6063e-007
14451,3.3929e-007
14452,3.8461e-007
14453,4.4325e-007
14454,6.8426e-006
14455,5.3042e-006
14456,7.5943e-006
14457,6.4069e-006
14458,6.4202e-006
14459,7.5545e-006
14460,7.6624e-006
14461,5.6352e-006
14462,5.2603e-013
14463,2.909e-013
14464,3.4622e-013
14465,3.778e-013
14466,3.5482e-013
14467,3.3861e-013
14468,2.5693e-013
14469,4.5582e-013
14470,3.8179e-013
14471,3.8763e-006
14472,2.9132e-006
14473,3.4464e-006
14474,3.937e-006
14475,3.5809e-006
14476,3.7127e-006
14477,2.9508e-006
14478,1.9137e-006
14479,1.5246e-006
14480,1.7906e-006
14481,1.6026e-006
14482,1.8336e-006
14483,1.6055e-006
14484,1.8964e-006
14485,4.0696e-006
14486,5.0485e-006
14487,3.3659e-006
14488,4.4257e-006
14489,4.4106e-006
14490,3.2132e-006
14491,3.7842e-006
14492,4.2768e-006
14493,3.8024e-006
14494,5.569e-006
14495,5.8525e-006
14496,3.9401e-006
14497,3.9244e-006
14498,4.8612e-006
14499,5.4715e-006
14500,3.9441e-006
14501,4.5935e-006
14502,4.2764e-006
14503,5.5969e-006
14504,5.8866e-006
14505,3.835e-006
14506,3.8266e-006
14507,4.9453e-006
14508,4.5034e-006
14509,4.0558e-006
14510,4.4137e-006
14511,4.7896e-013
14512,3.8359e-013
14513,5.0398e-013
14514,1.3673e-008
14515,1.1998e-008
14516,3.7232e-008
14517,2.1711e-008
14518,5.3997e-007
14519,2.8872e-007
14520,4.052e-007
14521,2.694e-007
14522,2.3333e-007
14523,2.3777e-011
14524,1.6293e-011
14525,1.7542e-011
14526,1.321e-011
14527,1.3613e-011
14528,7.2699e-006
14529,6.3402e-006
14530,7.2321e-006
14531,7.6917e-006
14532,8.1628e-006
14533,6.0021e-006
14534,6.0436e-006
14535,5.87e-006
14536,4.4949e-006
14537,6.5382e-006
14538,6.7885e-006
14539,5.1349e-006
14540,4.7079e-006
14541,5.7536e-006
14542,4.2847e-006
14543,6.2013e-006
14544,6.2062e-006
14545,4.7921e-006
14546,6.7192e-006
14547,6.7795e-006
14548,5.0353e-006
14549,5.8056e-006
14550,4.9619e-006
14551,9.7992e-007
14552,9.9407e-007
14553,6.0562e-007
14554,7.9738e-007
14555,8.2424e-007
14556,9.207e-007
14557,1.1717e-010
14558,1.2799e-010
14559,4.0494e-011
14560,1.1506e-009
14561,7.2444e-010
14562,6.5173e-010
14563,3.2939e-010
14564,3.8265e-006
14565,3.7962e-006
14566,4.334e-006
14567,3.7641e-006
14568,4.2703e-006
14569,3.8628e-006
14570,4.2915e-006
14571,2.2463e-006
14572,2.8766e-006
14573,3.0898e-006
14574,3.4671e-006
14575,2.3142e-006
14576,2.5617e-006
14577,3.0673e-006
14578,2.0199e-006
14579,7.9347e-007
14580,1.4126e-006
14581,1.5491e-006
14582,1.4961e-006
14583,1.3504e-006
14584,1.0677e-006
14585,9.4477e-007
14586,1.241e-009
14587,3.3983e-009
14588,1.7273e-009
14589,7.799e-006
14590,6.7535e-006
14591,8.2948e-006
14592,6.6512e-006
14593,7.9735e-006
14594,6.2545e-006
14595,7.8406e-006
14596,5.422e-006
14597,7.6765e-006
14598,7.1185e-006
14599,6.1557e-006
14600,6.7929e-006
14601,5.942e-006
14602,6.9464e-006
14603,6.8913e-006
14604,6.6636e-006
14605,5.9793e-006
14606,5.8617e-006
14607,5.5445e-006
14608,6.7326e-006
14609,8.8458e-008
14610,2.2915e-008
14611,4.8938e-008
14612,5.1823e-006
14613,7.4923e-006
14614,6.8972e-006
14615,6.2485e-006
14616,5.0229e-006
14617,6.3186e-006
14618,7.438e-006
14619,5.5247e-006
14620,3.9147e-006
14621,3.4621e-006
14622,3.0031e-006
14623,3.9235e-006
14624,3.4606e-006
14625,3.1849e-006
14626,3.2054e-006
14627,3.5655e-006
14628,2.6938e-006
14629,7.5273e-006
14630,6.3787e-006
14631,7.8468e-006
14632,7.8991e-006
14633,6.7278e-006
14634,8.3453e-006
14635,6.1474e-006
14636,5.8923e-006
14637,7.6908e-006
14638,6.9909e-006
14639,7.2145e-006
14640,5.489e-006
14641,5.6979e-006
14642,4.1029e-009
14643,3.1276e-009
14644,2.0297e-009
14645,6.7266e-006
14646,5.7706e-006
14647,6.3312e-006
14648,6.518e-006
14649,5.8381e-006
14650,5.375e-006
14651,4.7054e-006
14652,4.5308e-006
14653,3.538e-006
14654,4.7151e-006
14655,4.9267e-006
14656,4.0028e-006
14657,4.1229e-006
14658,4.5828e-009
14659,3.6569e-009
14660,6.2741e-009
14661,5.9956e-009
14662,4.5796e-009
14663,3.7801e-009
14664,6.5757e-006
14665,6.9169e-006
14666,6.6689e-006
14667,6.6567e-006
14668,5.7315e-006
14669,5.2133e-006
14670,9.3618e-007
14671,4.675e-007
14672,8.9378e-007
14673,7.5893e-007
14674,5.3374e-007
14675,7.631e-007
14676,5.7996e-007
14677,7.8992e-007
14678,7.2551e-009
14679,1.1816e-008
14680,5.9617e-009
14681,1.4691e-012
14682,5.4445e-013
14683,1.6686e-012
14684,6.9383e-013
14685,9.0352e-013
14686,1.046e-012
14687,6.1782e-013
14688,9.7824e-012
14689,3.2463e-012
14690,2.312e-012
14691,1.7508e-006
14692,2.8498e-006
14693,2.1272e-006
14694,3.0674e-006
14695,1.8561e-006
14696,3.0267e-006
14697,2.9293e-006
14698,2.2329e-006
14699,1.783e-006
14700,2.2537e-006
14701,2.4438e-006
14702,5.2261e-006
14703,3.3041e-006
14704,5.1486e-006
14705,4.5886e-006
14706,3.1403e-006
14707,3.7451e-006
14708,3.5164e-006
14709,3.8972e-006
14710,1.8936e-006
14711,2.0642e-006
14712,2.3966e-006
14713,1.9488e-006
14714,2.1041e-006
14715,2.0567e-006
14716,2.1447e-006
14717,4.4834e-006
14718,4.8534e-006
14719,5.1009e-006
14720,4.0774e-006
14721,4.2427e-006
14722,6.1012e-006
14723,6.2106e-006
14724,6.1988e-006
14725,4.4667e-006
14726,4.2473e-006
14727,5.415e-006
14728,5.0091e-006
14729,6.5739e-006
14730,5.8347e-006
14731,6.6031e-006
14732,6.7353e-006
14733,5.9602e-006
14734,7.0982e-006
14735,5.6164e-006
14736,6.552e-006
14737,7.5116e-006
14738,5.6851e-006
14739,5.2912e-006
14740,6.5763e-006
14741,7.1028e-006
14742,6.6061e-006
14743,4.357e-006
14744,1.3081e-006
14745,7.2817e-007
14746,1.4412e-006
14747,6.9947e-007
14748,1.0277e-006
14749,1.213e-006
14750,7.3571e-006
14751,7.3341e-006
14752,6.0564e-006
14753,5.1526e-006
14754,6.5046e-006
14755,3.103e-006
14756,3.1176e-006
14757,2.1216e-006
14758,2.053e-006
14759,2.1227e-006
14760,2.684e-006
14761,3.0747e-006
14762,2.7435e-006
14763,7.9556e-007
14764,5.505e-007
14765,6.7022e-007
14766,8.2631e-007
14767,5.4785e-007
14768,6.3803e-006
14769,7.4275e-006
14770,7.1959e-006
14771,8.0332e-006
14772,6.7961e-006
14773,6.0719e-006
14774,5.9999e-006
14775,3.7426e-012
14776,6.4902e-012
14777,1.3714e-011
14778,1.5986e-010
14779,2.1723e-010
14780,3.2946e-008
14781,6.427e-008
14782,5.7384e-008
14783,2.919e-009
14784,1.8515e-006
14785,1.2197e-006
14786,1.0638e-006
14787,1.4324e-006
14788,1.3728e-006
14789,1.6401e-006
14790,1.1732e-006
14791,2.3195e-006
14792,4.017e-006
14793,3.6055e-006
14794,2.7291e-006
14795,3.4926e-006
14796,3.6675e-006
14797,2.4583e-006
14798,3.2584e-006
14799,3.0805e-006
14800,4.422e-006
14801,5.1772e-006
14802,5.4003e-006
14803,6.4044e-006
14804,4.2134e-006
14805,3.045e-012
14806,8.7612e-013
14807,1.1558e-012
14808,1.8366e-006
14809,1.7775e-006
14810,1.001e-006
14811,1.3673e-006
14812,1.2458e-006
14813,1.1452e-006
14814,1.4855e-006
14815,1.7209e-006
14816,1.7123e-006
14817,5.8963e-006
14818,7.3469e-006
14819,7.0775e-006
14820,6.2814e-006
14821,5.5849e-006
14822,5.2587e-006
14823,8.705e-006
14824,8.5917e-006
14825,7.3508e-006
14826,9.0691e-006
14827,6.6746e-011
14828,1.4699e-010
14829,5.4333e-006
14830,4.5404e-006
14831,6.8297e-006
14832,5.7477e-006
14833,6.2399e-006
14834,5.4762e-006
14835,5.4946e-006
14836,6.6008e-006
14837,5.1244e-006
14838,7.2684e-006
14839,7.5346e-006
14840,5.3505e-006
14841,6.2793e-006
14842,6.1822e-006
14843,7.0312e-006
14844,6.1181e-006
14845,4.7366e-006
14846,7.0049e-006
14847,7.0873e-006
14848,6.9408e-006
14849,6.9676e-006
14850,5.4437e-006
14851,5.6441e-006
14852,4.4732e-006
14853,1.5669e-009
14854,4.1238e-010
14855,1.0232e-009
14856,4.9985e-009
14857,4.5657e-009
14858,1.8222e-009
14859,3.0509e-006
14860,1.8346e-006
14861,2.5282e-006
14862,2.3277e-006
14863,2.8132e-006
14864,4.1537e-006
14865,5.259e-006
14866,5.3067e-006
14867,4.2967e-006
14868,4.9756e-006
14869,4.0767e-006
14870,2.7936e-006
14871,3.7873e-006
14872,2.9992e-006
14873,3.6994e-006
14874,3.8786e-006
14875,3.5121e-006
14876,2.7935e-006
14877,3.3214e-006
14878,3.0421e-011
14879,4.7068e-011
14880,6.2462e-011
14881,2.6332e-011
14882,3.1214e-007
14883,1.5511e-007
14884,3.7772e-007
14885,4.7791e-007
14886,2.1265e-006
14887,1.7402e-006
14888,1.3371e-006
14889,1.5688e-006
14890,2.0018e-006
14891,1.8755e-006
14892,7.1379e-006
14893,7.1319e-006
14894,5.7787e-006
14895,6.7652e-006
14896,6.9921e-006
14897,5.6756e-006
14898,4.8488e-006
14899,7.2902e-006
14900,7.0707e-006
14901,6.7156e-006
14902,5.962e-006
14903,7.2624e-006
14904,5.2156e-006
14905,4.9309e-006
14906,4.9344e-006
14907,2.9374e-006
14908,3.2911e-006
14909,4.3438e-006
14910,4.3113e-006
14911,3.1547e-006
14912,3.7262e-006
14913,5.5244e-006
14914,6.2575e-006
14915,5.341e-006
14916,4.5519e-006
14917,5.8533e-006
14918,4.1131e-006
14919,5.0268e-006
14920,4.8358e-006
14921,4.7942e-006
14922,2.067e-011
14923,1.846e-011
14924,6.4368e-009
14925,4.899e-006
14926,3.8365e-006
14927,4.4074e-006
14928,3.8972e-006
14929,4.4513e-006
14930,3.868e-006
14931,4.3622e-006
14932,4.0096e-006
14933,3.7751e-006
14934,4.3214e-006
14935,3.1857e-006
14936,3.6891e-006
14937,1.6144e-013
14938,1.0055e-013
14939,8.2976e-014
14940,1.0775e-013
14941,1.0363e-013
14942,1.3753e-006
14943,1.3521e-006
14944,1.1294e-006
14945,1.9023e-006
14946,1.6978e-006
14947,2.1078e-006
14948,1.8992e-006
14949,1.6161e-006
14950,1.3808e-006
14951,5.3935e-006
14952,4.113e-006
14953,3.8671e-006
14954,4.8469e-006
14955,3.6889e-006
14956,4.3343e-006
14957,3.6246e-006
14958,3.895e-006
14959,7.1486e-006
14960,6.028e-006
14961,6.6699e-006
14962,6.9131e-006
14963,7.1936e-006
14964,6.0866e-006
14965,5.6694e-006
14966,7.3567e-006
14967,5.4418e-006
14968,6.5422e-006
14969,7.1732e-006
14970,5.1444e-006
14971,6.2167e-006
14972,4.085e-006
14973,4.2786e-006
14974,5.1456e-006
14975,4.853e-006
14976,4.7849e-006
14977,2.7523e-006
14978,2.8407e-006
14979,2.4889e-006
14980,2.7154e-006
14981,1.9769e-006
14982,2.213e-006
14983,5.1842e-006
14984,3.3233e-006
14985,3.4619e-006
14986,4.5069e-006
14987,4.3856e-006
14988,4.1817e-006
14989,3.5205e-006
14990,1.9326e-012
14991,9.1042e-013
14992,8.1182e-013
14993,1.6623e-012
14994,1.0652e-012
14995,4.1416e-011
14996,8.482e-009
14997,1.5543e-008
14998,9.9351e-009
14999,7.5597e-009
15000,1.065e-008
15001,9.7938e-010
15002,4.9718e-010
15003,1.0218e-011
15004,8.8742e-012
15005,1.1649e-011
15006,1.2464e-011
15007,5.0655e-007
15008,6.5646e-007
15009,1.6661e-012
15010,2.6731e-012
15011,1.6432e-012
15012,3.9577e-006
15013,3.9528e-006
15014,4.2528e-006
15015,3.5809e-006
15016,6.7248e-006
15017,6.3797e-006
15018,5.2645e-006
15019,5.4319e-006
15020,4.4996e-008
15021,1.1249e-008
15022,8.3724e-008
15023,1.6741e-007
15024,1.5567e-007
15025,9.4498e-008
15026,1.3629e-007
15027,3.0014e-013
15028,1.4367e-013
15029,2.1042e-013
15030,1.2771e-013
15031,2.2342e-006
15032,1.8705e-006
15033,1.3353e-006
15034,1.6427e-006
15035,2.4592e-006
15036,2.4558e-006
15037,1.8817e-006
15038,2.3019e-006
15039,7.1206e-006
15040,7.3004e-006
15041,6.8894e-006
15042,5.7578e-006
15043,5.511e-006
15044,1.5506e-006
15045,1.4335e-006
15046,1.0399e-006
15047,1.329e-006
15048,1.3491e-006
15049,1.1451e-006
15050,2.7081e-006
15051,3.5571e-006
15052,3.4704e-006
15053,2.8221e-006
15054,3.1278e-006
15055,4.7882e-012
15056,1.0345e-011
15057,1.1429e-011
15058,7.4654e-012
15059,5.9364e-012
15060,9.2465e-012
15061,6.785e-006
15062,6.9267e-006
15063,6.8862e-006
15064,5.6581e-006
15065,6.1815e-006
15066,5.0424e-006
15067,4.462e-006
15068,4.1525e-006
15069,4.1234e-006
15070,3.6808e-006
15071,4.0178e-006
15072,3.2881e-006
15073,6.2603e-006
15074,7.5119e-006
15075,7.6386e-006
15076,6.0612e-006
15077,6.9512e-006
15078,7.3703e-006
15079,6.918e-006
15080,7.3479e-006
15081,6.1695e-006
15082,7.1011e-006
15083,8.2544e-006
15084,8.4211e-006
15085,6.8952e-006
15086,9.4191e-006
15087,8.2787e-006
15088,7.4101e-006
15089,2.4531e-006
15090,1.8077e-006
15091,2.3303e-006
15092,2.4138e-006
15093,1.7656e-006
15094,2.733e-006
15095,2.0182e-006
15096,2.8083e-006
15097,3.3258e-006
15098,3.3919e-006
15099,3.9146e-006
15100,3.3814e-006
15101,2.8198e-006
15102,3.1901e-006
15103,2.907e-006
15104,2.654e-006
15105,3.2566e-006
15106,2.4007e-006
15107,3.4131e-006
15108,3.7041e-006
15109,3.1938e-013
15110,2.5897e-013
15111,1.5223e-013
15112,3.1567e-013
15113,1.6492e-013
15114,4.5981e-006
15115,6.8645e-006
15116,6.5343e-006
15117,4.5807e-006
15118,6.5037e-006
15119,6.2436e-006
15120,5.492e-006
15121,7.0728e-006
15122,6.6849e-006
15123,6.8369e-006
15124,7.0469e-006
15125,6.9433e-006
15126,5.5849e-006
15127,6.0462e-006
15128,8.3271e-006
15129,6.7332e-006
15130,7.7355e-006
15131,8.077e-006
15132,6.5537e-006
15133,3.0021e-006
15134,3.4856e-006
15135,3.2451e-006
15136,3.907e-012
15137,5.7101e-012
15138,4.7366e-012
15139,2.4472e-006
15140,2.8049e-006
15141,2.4054e-006
15142,4.3617e-008
15143,7.4717e-008
15144,4.8251e-008
15145,3.4702e-006
15146,2.3268e-006
15147,3.2023e-006
15148,3.0736e-006
15149,2.7447e-006
15150,3.1595e-006
15151,9.4764e-011
15152,3.9866e-006
15153,4.2674e-006
15154,4.5289e-006
15155,3.5699e-006
15156,2.6716e-011
15157,2.6738e-011
15158,2.2707e-011
15159,2.7187e-006
15160,3.2705e-006
15161,3.3936e-006
15162,3.6724e-006
15163,2.82e-006
15164,3.4862e-006
15165,2.5829e-006
15166,2.6643e-006
15167,3.0787e-006
15168,3.4092e-006
15169,4.7772e-006
15170,5.7623e-006
15171,5.8747e-006
15172,4.4147e-006
15173,4.774e-006
15174,5.2718e-006
15175,4.5359e-012
15176,2.5306e-012
15177,3.5137e-012
15178,6.0317e-013
15179,7.1194e-013
15180,1.5571e-006
15181,1.3994e-006
15182,1.0968e-006
15183,1.3951e-006
15184,1.6145e-006
15185,1.2005e-006
15186,6.5135e-006
15187,7.2912e-006
15188,7.9384e-006
15189,7.952e-006
15190,6.3502e-006
15191,3.8263e-006
15192,4.1775e-006
15193,3.4052e-006
15194,1.2967e-009
15195,3.8269e-008
15196,6.2943e-008
15197,9.281e-008
15198,1.8302e-010
15199,3.7574e-006
15200,4.1713e-006
15201,4.3504e-006
15202,3.553e-006
15203,4.5616e-006
15204,3.6099e-013
15205,3.8762e-013
15206,6.6252e-013
15207,2.8576e-013
15208,6.0501e-006
15209,5.4634e-006
15210,6.4205e-006
15211,4.7895e-006
15212,2.8194e-006
15213,3.1728e-006
15214,3.8917e-006
15215,4.4076e-006
15216,3.3455e-006
15217,3.1205e-006
15218,3.7398e-006
15219,4.4144e-006
15220,4.8314e-006
15221,3.6505e-006
15222,4.3485e-006
15223,3.7341e-006
15224,3.6895e-007
15225,2.4552e-007
15226,3.4335e-006
15227,4.2832e-006
15228,3.6465e-006
15229,4.1747e-006
15230,4.1774e-006
15231,3.2923e-006
15232,2.6683e-006
15233,3.2621e-006
15234,1.7004e-012
15235,1.8734e-012
15236,2.5909e-012
15237,3.8475e-012
15238,7.9589e-006
15239,6.8268e-006
15240,7.6369e-006
15241,8.5513e-006
15242,8.0137e-006
15243,8.1748e-006
15244,7.8085e-006
15245,5.9516e-006
15246,6.9014e-006
15247,7.2166e-006
15248,6.2609e-006
15249,7.2154e-006
15250,5.6886e-006
15251,3.5218e-013
15252,6.6672e-013
15253,6.5314e-006
15254,5.6465e-006
15255,6.6109e-006
15256,5.8564e-006
15257,6.3869e-007
15258,6.222e-007
15259,1.5218e-011
15260,8.2047e-012
15261,1.3288e-011
15262,5.6794e-013
15263,2.7587e-009
15264,9.7203e-014
15265,2.0024e-006
15266,2.6849e-006
15267,2.0426e-006
15268,2.6739e-006
15269,3.1353e-006
15270,2.3224e-006
15271,1.7169e-006
15272,1.4546e-006
15273,1.7047e-006
15274,2.2698e-006
15275,2.112e-006
15276,1.7473e-006
15277,1.9289e-006
15278,1.3978e-006
15279,1.8222e-006
15280,1.2948e-006
15281,1.8489e-006
15282,1.5892e-006
15283,2.0003e-006
15284,1.6311e-006
15285,5.4583e-006
15286,5.6937e-006
15287,5.181e-006
15288,4.8342e-006
15289,6.9042e-006
15290,8.5186e-006
15291,8.1976e-006
15292,2.0637e-007
15293,1.7859e-007
15294,1.7008e-006
15295,2.0494e-006
15296,1.619e-006
15297,2.073e-006
15298,1.0949e-011
15299,1.2971e-011
15300,1.3718e-011
15301,3.3183e-006
15302,3.1689e-006
15303,3.1164e-006
15304,2.5511e-006
15305,6.9939e-010
15306,7.4486e-006
15307,7.3575e-006
15308,2.7192e-006
15309,1.7503e-006
15310,2.1119e-006
15311,2.1162e-006
15312,1.6261e-008
15313,1.7417e-008
15314,2.9415e-008
15315,5.7089e-006
15316,6.6222e-006
15317,6.546e-006
15318,6.2964e-006
15319,5.9177e-006
15320,8.4357e-006
15321,7.3252e-006
15322,8.2215e-006
15323,9.006e-006
15324,6.9179e-006
15325,2.8409e-006
15326,2.9863e-006
15327,2.2262e-006
15328,2.8564e-006
15329,6.2552e-006
15330,7.2104e-006
15331,7.1704e-006
15332,7.5719e-006
15333,7.9057e-006
15334,6.251e-006
15335,7.661e-006
15336,8.6593e-006
15337,6.9028e-006
15338,7.8895e-006
15339,6.2877e-006
15340,6.8992e-006
15341,7.3445e-006
15342,7.6592e-006
15343,5.9951e-006
15344,8.2822e-006
15345,5.9288e-006
15346,8.3316e-006
15347,7.1413e-006
15348,8.0426e-006
15349,6.1077e-006
15350,3.6837e-006
15351,3.8336e-006
15352,4.2566e-006
15353,2.6556e-006
15354,6.9086e-006
15355,6.9425e-006
15356,7.5364e-006
15357,7.2331e-006
15358,7.1679e-006
15359,7.7407e-006
15360,5.9336e-006
15361,1.7146e-006
15362,1.7901e-006
15363,2.2837e-006
15364,1.5981e-006
15365,2.3644e-006
15366,2.0987e-006
15367,2.2208e-006
15368,1.7863e-006
15369,2.5584e-006
15370,2.3933e-006
15371,3.4945e-006
15372,2.8536e-006
15373,3.2165e-006
15374,3.4622e-006
15375,3.1224e-006
15376,3.7993e-006
15377,6.2616e-013
15378,3.7379e-013
15379,4.3803e-013
15380,4.6998e-006
15381,3.9894e-006
15382,4.446e-006
15383,1.0376e-006
15384,1.072e-006
15385,1.3418e-006
15386,1.3685e-006
15387,1.8808e-006
15388,1.7363e-006
15389,1.365e-006
15390,2.1794e-006
15391,7.8231e-006
15392,8.373e-006
15393,6.0426e-006
15394,7.0611e-006
15395,8.0476e-006
15396,7.8914e-006
15397,9.1851e-006
15398,7.4527e-006
15399,6.0658e-012
15400,3.9816e-012
15401,5.2928e-012
15402,8.8013e-012
15403,6.8979e-009
15404,1.0691e-008
15405,4.2407e-006
15406,5.0849e-006
15407,5.0277e-006
15408,4.5494e-006
15409,4.8259e-006
15410,4.3041e-006
15411,4.6469e-006
15412,3.954e-006
15413,4.4834e-006
15414,4.4231e-006
15415,4.539e-006
15416,8.1042e-006
15417,7.8385e-006
15418,8.624e-006
15419,7.1504e-006
15420,7.7494e-006
15421,6.8971e-006
15422,8.0958e-006
15423,1.0479e-006
15424,7.7654e-007
15425,8.5874e-007
15426,4.8726e-006
15427,6.7627e-006
15428,6.0812e-006
15429,4.6435e-006
15430,5.5371e-006
15431,2.339e-006
15432,2.8833e-006
15433,2.6575e-006
15434,3.1643e-006
15435,5.6348e-006
15436,7.0343e-006
15437,5.9899e-006
15438,6.2755e-006
15439,4.4993e-006
15440,5.5782e-006
15441,1.6347e-004
15442,2.1267e-004
15443,1.7116e-004
15444,3.0768e-004
15445,2.9765e-004
15446,2.2103e-004
15447,1.8424e-004
15448,2.1083e-004
15449,1.6162e-004
15450,3.13e-004
15451,2.0509e-004
15452,4.47e-004
15453,3.3546e-004
15454,3.7154e-004
15455,2.6278e-004
15456,2.186e-004
15457,2.2882e-004
15458,2.2749e-004
15459,1.9944e-004
15460,2.5389e-004
15461,3.7224e-004
15462,4.8189e-003
15463,4.9932e-003
15464,4.4563e-003
15465,5.3433e-003
15466,4.4217e-003
15467,5.3724e-003
15468,1.4889e-004
15469,1.2112e-004
15470,1.0926e-004
15471,2.0037e-004
15472,1.7017e-004
15473,1.2115e-004
15474,1.4871e-004
15475,1.1232e-004
15476,1.182e-004
15477,1.0883e-004
15478,1.4406e-004
15479,1.0669e-004
15480,1.4038e-004
15481,1.7857e-004
15482,1.4504e-004
15483,1.1483e-004
15484,1.1136e-004
15485,1.111e-004
15486,9.1529e-005
15487,1.0781e-004
15488,9.287e-005
15489,1.0659e-004
15490,6.6439e-005
15491,7.9638e-005
15492,1.345e-004
15493,8.7419e-005
15494,1.0635e-004
15495,6.7828e-005
15496,8.0031e-005
15497,8.752e-005
15498,6.7459e-005
15499,6.7849e-005
15500,6.3266e-005
15501,1.134e-004
15502,7.2595e-005
15503,6.7628e-005
15504,6.4504e-005
15505,9.0164e-005
15506,7.2142e-005
15507,9.0292e-005
15508,5.882e-005
15509,5.9035e-005
15510,6.8301e-005
15511,6.6138e-005
15512,7.6289e-005
15513,2.6462e-003
15514,3.0351e-003
15515,2.4773e-003
15516,3.3972e-003
15517,2.7224e-003
15518,3.2663e-003
15519,1.0927e-004
15520,7.1401e-005
15521,6.8928e-005
15522,1.1424e-004
15523,7.1204e-005
15524,8.0644e-005
15525,8.8534e-005
15526,7.5851e-005
15527,8.6664e-005
15528,6.4171e-005
15529,6.8568e-005
15530,7.6728e-003
15531,7.3582e-003
15532,6.8401e-003
15533,7.3672e-003
15534,6.6186e-003
15535,6.9401e-003
15536,1.1996e-004
15537,6.4036e-005
15538,9.3307e-005
15539,8.096e-005
15540,6.5101e-005
15541,7.4351e-005
15542,6.9513e-005
15543,1.0865e-004
15544,6.9442e-005
15545,6.9263e-005
15546,8.2811e-005
15547,6.4722e-005
15548,6.0573e-005
15549,6.3993e-003
15550,7.2322e-003
15551,6.552e-003
15552,7.2065e-003
15553,6.8135e-003
15554,7.4678e-003
15555,2.4404e-003
15556,3.1953e-003
15557,2.1545e-003
15558,2.8305e-003
15559,2.3581e-003
15560,2.8124e-003
15561,2.9417e-005
15562,4.5259e-005
15563,2.9432e-005
15564,3.7918e-005
15565,2.7235e-005
15566,3.7286e-005
15567,3.0687e-005
15568,2.6318e-005
15569,3.4413e-005
15570,2.9426e-005
15571,2.6545e-005
15572,3.0412e-005
15573,9.2868e-005
15574,1.1837e-004
15575,8.7791e-005
15576,8.5179e-005
15577,1.0782e-004
15578,1.5829e-004
15579,9.1576e-005
15580,1.0941e-004
15581,7.9051e-005
15582,9.0228e-005
15583,5.6839e-005
15584,5.7465e-005
15585,5.033e-005
15586,4.9923e-005
15587,6.5748e-005
15588,4.7723e-005
15589,4.9785e-005
15590,4.387e-005
15591,5.2434e-005
15592,1.093e-004
15593,1.1552e-004
15594,1.4768e-004
15595,1.0321e-004
15596,1.5491e-004
15597,9.2641e-005
15598,1.2982e-004
15599,1.0272e-004
15600,9.8938e-005
15601,2.0161e-004
15602,1.7269e-004
15603,1.4338e-004
15604,1.075e-004
15605,1.3218e-004
15606,1.0421e-004
15607,1.0202e-004
15608,1.1668e-004
15609,1.473e-004
15610,1.1187e-004
15611,1.0279e-004
15612,7.1624e-003
15613,7.1806e-003
15614,6.2817e-003
15615,6.3112e-003
15616,6.8022e-003
15617,7.0265e-003
15618,6.7263e-003
15619,7.0333e-003
15620,4.0071e-005
15621,3.0331e-005
15622,2.3933e-005
15623,2.6131e-005
15624,3.4241e-005
15625,2.4187e-005
15626,2.3076e-005
15627,2.7506e-005
15628,2.542e-005
15629,2.6254e-005
15630,2.4342e-005
15631,2.6515e-005
15632,1.3059e-004
15633,2.1476e-004
15634,1.5839e-004
15635,2.1342e-004
15636,1.5051e-004
15637,1.5447e-004
15638,1.4012e-004
15639,1.1921e-004
15640,1.2502e-004
15641,9.889e-003
15642,9.4888e-003
15643,1.0217e-002
15644,9.7038e-003
15645,1.0269e-002
15646,9.4513e-003
15647,6.1228e-005
15648,9.7988e-005
15649,7.3249e-005
15650,6.8582e-005
15651,6.1445e-005
15652,5.8122e-005
15653,5.9644e-005
15654,6.528e-005
15655,7.2751e-005
15656,1.0574e-003
15657,8.1072e-004
15658,1.3141e-003
15659,6.9453e-004
15660,7.2628e-004
15661,1.1032e-003
15662,1.1955e-003
15663,9.1783e-003
15664,1.0122e-002
15665,9.1866e-003
15666,9.7906e-003
15667,9.6964e-003
15668,9.3894e-003
15669,9.9559e-003
15670,5.9179e-005
15671,5.8688e-005
15672,7.5707e-005
15673,6.794e-005
15674,6.1267e-005
15675,8.2349e-005
15676,6.5267e-005
15677,5.0948e-005
15678,6.3864e-005
15679,1.4273e-003
15680,1.0004e-003
15681,1.6717e-003
15682,1.469e-003
15683,1.1345e-003
15684,1.1632e-003
15685,1.349e-003
15686,6.259e-004
15687,3.8807e-004
15688,3.92e-004
15689,6.7295e-004
15690,7.3001e-004
15691,5.0306e-004
15692,4.5344e-004
15693,3.793e-004
15694,5.299e-003
15695,4.8151e-003
15696,4.2528e-003
15697,4.2282e-003
15698,5.2687e-003
15699,4.3485e-003
15700,5.6089e-003
15701,5.2444e-003
15702,4.7906e-003
15703,4.5559e-003
15704,4.4818e-003
15705,5.4733e-003
15706,5.6009e-003
15707,5.423e-005
15708,4.4242e-005
15709,4.4398e-005
15710,5.0304e-005
15711,4.2899e-005
15712,3.8317e-005
15713,4.3678e-005
15714,4.003e-005
15715,4.7727e-005
15716,3.6582e-005
15717,4.2058e-005
15718,3.6315e-005
15719,3.7411e-005
15720,5.3648e-005
15721,3.2743e-005
15722,3.7176e-005
15723,3.1614e-005
15724,3.6332e-005
15725,3.5779e-005
15726,4.3512e-005
15727,4.4825e-005
15728,7.8897e-005
15729,5.1563e-005
15730,7.0073e-005
15731,5.1835e-005
15732,5.6623e-005
15733,6.0233e-005
15734,4.647e-005
15735,5.9799e-005
15736,4.9963e-005
15737,5.3235e-005
15738,2.4643e-004
15739,2.0904e-004
15740,3.659e-004
15741,3.809e-004
15742,2.5805e-004
15743,1.7833e-004
15744,2.2741e-004
15745,2.1826e-004
15746,6.4139e-005
15747,4.0263e-005
15748,4.6692e-005
15749,3.8509e-005
15750,4.4475e-005
15751,3.8053e-005
15752,5.9988e-005
15753,3.9266e-005
15754,3.8725e-005
15755,4.5805e-005
15756,4.6457e-005
15757,4.7551e-005
15758,6.6309e-005
15759,5.5121e-005
15760,5.3308e-005
15761,4.6324e-005
15762,4.3585e-005
15763,5.0325e-005
15764,5.0298e-005
15765,4.5681e-005
15766,7.5198e-005
15767,5.1519e-005
15768,4.7066e-005
15769,4.6261e-005
15770,5.1871e-005
15771,6.2584e-005
15772,6.5735e-005
15773,5.7097e-005
15774,4.6182e-005
15775,4.3024e-005
15776,4.2581e-005
15777,4.6733e-005
15778,3.5004e-005
15779,2.9293e-005
15780,2.7986e-005
15781,2.3892e-005
15782,2.3794e-005
15783,2.6915e-005
15784,2.127e-005
15785,2.2513e-005
15786,3.7549e-005
15787,3.1887e-005
15788,2.7695e-005
15789,3.2632e-005
15790,2.7192e-005
15791,2.6603e-005
15792,2.3376e-005
15793,2.5518e-005
15794,2.8976e-005
15795,2.3639e-005
15796,1.0295e-002
15797,1.0578e-002
15798,1.0141e-002
15799,1.0581e-002
15800,1.0089e-002
15801,1.0206e-002
15802,1.0297e-002
15803,1.0377e-002
15804,4.6713e-005
15805,4.1187e-005
15806,4.7052e-005
15807,5.4654e-005
15808,4.1728e-005
15809,4.0183e-005
15810,3.6757e-005
15811,4.0023e-005
15812,4.6912e-005
15813,6.4979e-005
15814,5.2111e-005
15815,4.7837e-005
15816,4.6217e-005
15817,5.4099e-005
15818,4.5791e-005
15819,4.4341e-005
15820,5.4188e-005
15821,5.0843e-005
15822,8.3233e-003
15823,8.0072e-003
15824,8.7862e-003
15825,8.2423e-003
15826,8.5628e-003
15827,8.3289e-003
15828,7.904e-003
15829,8.6828e-003
15830,8.4169e-003
15831,7.9136e-003
15832,8.6452e-003
15833,1.2461e-004
15834,2.054e-004
15835,2.0791e-004
15836,1.5308e-004
15837,1.247e-004
15838,1.2124e-004
15839,1.2017e-004
15840,1.0823e-004
15841,1.4774e-004
15842,1.6411e-004
15843,1.1315e-004
15844,9.7685e-005
15845,1.5166e-004
15846,1.4341e-004
15847,1.8249e-004
15848,1.0497e-004
15849,1.3761e-004
15850,1.0623e-004
15851,1.3883e-004
15852,8.331e-005
15853,8.7527e-005
15854,9.6491e-005
15855,1.5026e-004
15856,2.1334e-004
15857,1.703e-004
15858,1.9353e-004
15859,1.5541e-004
15860,1.6322e-004
15861,1.3406e-004
15862,1.2721e-004
15863,4.1137e-005
15864,4.6157e-005
15865,5.9767e-005
15866,7.5589e-005
15867,6.1951e-005
15868,4.1526e-005
15869,4.3331e-005
15870,3.66e-005
15871,3.4416e-005
15872,4.9551e-005
15873,4.995e-005
15874,5.7187e-005
15875,4.3252e-005
15876,3.9672e-005
15877,4.7604e-005
15878,4.9144e-005
15879,4.1053e-005
15880,3.8211e-005
15881,3.9427e-005
15882,3.5903e-005
15883,4.6286e-005
15884,4.7564e-005
15885,5.1602e-005
15886,5.7169e-005
15887,5.5554e-005
15888,6.3707e-005
15889,5.2055e-005
15890,7.4919e-005
15891,5.0941e-005
15892,5.023e-005
15893,5.3037e-005
15894,6.3218e-005
15895,5.6632e-005
15896,7.1306e-005
15897,9.0755e-005
15898,6.0878e-005
15899,7.992e-005
15900,1.2448e-004
15901,8.5023e-005
15902,5.788e-005
15903,6.9619e-005
15904,6.267e-005
15905,7.5521e-005
15906,4.404e-005
15907,4.8405e-005
15908,4.2426e-005
15909,5.9398e-005
15910,4.2605e-005
15911,4.9026e-005
15912,3.9752e-005
15913,4.5495e-005
15914,3.7575e-005
15915,3.6514e-005
15916,4.7408e-005
15917,3.8192e-005
15918,4.5452e-005
15919,3.9035e-005
15920,4.14e-005
15921,6.5641e-005
15922,3.7753e-005
15923,4.9556e-005
15924,3.6572e-005
15925,4.2968e-005
15926,4.5441e-005
15927,4.1749e-005
15928,1.7727e-004
15929,1.1841e-004
15930,1.0127e-004
15931,1.7296e-004
15932,9.4987e-005
15933,1.1982e-004
15934,1.3025e-004
15935,3.846e-005
15936,4.2588e-005
15937,5.2385e-005
15938,3.911e-005
15939,4.6361e-005
15940,3.4493e-005
15941,4.3634e-005
15942,3.4885e-005
15943,3.7653e-005
15944,4.406e-005
15945,7.5911e-003
15946,7.2114e-003
15947,7.8234e-003
15948,7.1703e-003
15949,5.9916e-003
15950,6.4811e-003
15951,6.1202e-003
15952,6.4401e-003
15953,5.102e-005
15954,4.9123e-005
15955,4.5544e-005
15956,5.9759e-005
15957,4.4893e-005
15958,4.3669e-005
15959,5.7225e-005
15960,4.3749e-005
15961,4.3461e-005
15962,2.7553e-003
15963,2.4249e-003
15964,2.2031e-003
15965,1.9931e-003
15966,2.1759e-003
15967,2.086e-003
15968,2.3586e-003
15969,5.3701e-003
15970,6.0094e-003
15971,5.8274e-003
15972,6.2698e-003
15973,4.9404e-003
15974,5.9722e-003
15975,4.9442e-003
15976,5.7531e-003
15977,4.0203e-005
15978,4.8107e-005
15979,4.1464e-005
15980,3.7993e-005
15981,5.1554e-005
15982,3.8859e-005
15983,4.7555e-005
15984,3.9763e-005
15985,6.03e-005
15986,4.0352e-005
15987,5.1052e-005
15988,3.3707e-005
15989,3.8088e-005
15990,3.6526e-005
15991,4.5914e-005
15992,8.7475e-004
15993,1.4134e-003
15994,1.3714e-003
15995,9.8703e-004
15996,1.1996e-003
15997,9.9343e-004
15998,1.2859e-003
15999,7.4026e-003
16000,7.1013e-003
16001,7.9706e-003
16002,7.7572e-003
16003,7.7162e-003
16004,3.2818e-005
16005,2.3275e-005
16006,2.5826e-005
16007,2.2494e-005
16008,2.2155e-005
16009,2.6091e-005
16010,9.5462e-003
16011,1.0268e-002
16012,9.9928e-003
16013,1.0326e-002
16014,9.7365e-003
16015,9.757e-003
16016,9.8551e-003
16017,3.9938e-005
16018,3.3659e-005
16019,3.2175e-005
16020,2.9055e-005
16021,2.903e-005
16022,3.316e-005
16023,3.2854e-005
16024,4.3663e-005
16025,5.6433e-005
16026,4.3306e-005
16027,5.8408e-005
16028,4.316e-005
16029,4.7764e-005
16030,4.1775e-005
16031,4.018e-005
16032,4.6133e-005
16033,4.9235e-005
16034,4.0296e-005
16035,2.814e-003
16036,3.5828e-003
16037,3.5111e-003
16038,3.1817e-003
16039,2.7482e-003
16040,4.1823e-003
16041,4.0479e-003
16042,4.4928e-003
16043,2.4022e-004
16044,2.1034e-004
16045,2.0301e-004
16046,2.4705e-004
16047,2.5047e-004
16048,2.3274e-004
16049,2.0569e-004
16050,2.0338e-004
16051,4.322e-003
16052,5.5199e-003
16053,4.383e-003
16054,2.0538e-004
16055,3.3784e-004
16056,1.6632e-004
16057,1.8495e-004
16058,1.962e-003
16059,1.928e-003
16060,2.0989e-003
16061,2.6152e-003
16062,2.3503e-003
16063,1.8397e-003
16064,7.6902e-005
16065,9.6628e-005
16066,6.0758e-005
16067,6.2474e-005
16068,7.1529e-005
16069,5.9358e-005
16070,6.0776e-005
16071,1.0478e-002
16072,1.0607e-002
16073,1.0332e-002
16074,1.0764e-002
16075,1.046e-002
16076,1.0778e-002
16077,1.0557e-002
16078,1.0887e-002
16079,1.012e-004
16080,1.2622e-004
16081,8.2389e-005
16082,8.5022e-005
16083,8.0271e-005
16084,7.7065e-005
16085,6.9986e-005
16086,9.2187e-005
16087,9.6476e-005
16088,5.0518e-004
16089,5.488e-004
16090,7.3576e-004
16091,6.2383e-004
16092,7.3662e-004
16093,5.5427e-004
16094,4.7022e-005
16095,4.1517e-005
16096,4.1051e-005
16097,4.1005e-005
16098,3.6505e-005
16099,3.9504e-005
16100,3.5453e-005
16101,3.6745e-005
16102,6.2146e-005
16103,3.5003e-005
16104,3.6274e-005
16105,3.3057e-005
16106,3.0548e-005
16107,3.4046e-005
16108,4.0031e-005
16109,8.9375e-005
16110,1.4361e-004
16111,1.118e-004
16112,8.4735e-005
16113,7.786e-005
16114,9.1995e-005
16115,1.1999e-004
16116,7.7854e-005
16117,8.8457e-005
16118,8.5652e-005
16119,7.6181e-005
16120,7.5017e-005
16121,3.7415e-003
16122,3.394e-003
16123,3.8261e-003
16124,3.3771e-003
16125,6.0092e-005
16126,7.1947e-005
16127,5.4121e-005
16128,8.1278e-005
16129,6.0401e-005
16130,5.2539e-005
16131,5.3342e-005
16132,6.0523e-005
16133,6.0554e-005
16134,5.681e-005
16135,1.782e-003
16136,2.014e-003
16137,1.1563e-003
16138,1.2325e-003
16139,8.8056e-003
16140,8.6093e-003
16141,8.3951e-003
16142,9.0082e-003
16143,8.7619e-003
16144,4.6928e-005
16145,5.328e-005
16146,4.5525e-005
16147,3.9179e-005
16148,3.7628e-005
16149,4.5213e-005
16150,4.8022e-005
16151,4.3118e-005
16152,4.3712e-005
16153,4.283e-005
16154,3.8259e-005
16155,4.1977e-005
16156,3.8652e-005
16157,4.5576e-005
16158,4.927e-005
16159,4.9952e-005
16160,5.7011e-005
16161,4.8831e-005
16162,4.8177e-005
16163,4.5812e-005
16164,5.053e-005
16165,5.4493e-005
16166,5.272e-005
16167,4.9881e-005
16168,4.8673e-005
16169,4.4719e-005
16170,4.5727e-005
16171,4.7498e-005
16172,4.7737e-005
16173,5.6132e-005
16174,3.1839e-004
16175,2.9606e-004
16176,4.8963e-004
16177,3.9425e-004
16178,2.9049e-004
16179,3.1497e-004
16180,3.0083e-004
16181,4.105e-004
16182,3.9983e-004
16183,2.6901e-005
16184,3.0995e-005
16185,2.5746e-005
16186,2.7261e-005
16187,3.2009e-005
16188,2.6871e-005
16189,2.5996e-005
16190,2.5247e-003
16191,2.8558e-003
16192,2.5125e-003
16193,2.8914e-003
16194,2.3666e-003
16195,2.3769e-003
16196,4.5951e-005
16197,4.5173e-005
16198,5.2991e-005
16199,4.512e-005
16200,4.3341e-005
16201,4.124e-005
16202,4.3284e-005
16203,5.5364e-005
16204,8.3466e-004
16205,8.5081e-004
16206,6.7297e-004
16207,5.5119e-004
16208,5.3448e-004
16209,5.5982e-004
16210,7.6388e-005
16211,4.9953e-005
16212,6.4491e-005
16213,4.9304e-005
16214,4.6687e-005
16215,4.5312e-005
16216,4.7094e-005
16217,5.6801e-005
16218,1.2502e-004
16219,8.1639e-005
16220,8.5345e-005
16221,9.7621e-005
16222,7.546e-005
16223,7.8944e-005
16224,8.4232e-005
16225,4.1337e-005
16226,3.9371e-005
16227,5.9736e-005
16228,4.1435e-005
16229,3.8735e-005
16230,3.8421e-005
16231,3.908e-005
16232,4.5643e-005
16233,2.6544e-004
16234,4.8179e-004
16235,3.0751e-004
16236,3.7773e-004
16237,2.9505e-004
16238,4.2194e-004
16239,3.2113e-004
16240,5.9749e-005
16241,4.7286e-005
16242,4.6784e-005
16243,5.4461e-005
16244,5.0485e-005
16245,4.5744e-005
16246,4.9402e-005
16247,3.8354e-003
16248,3.4302e-003
16249,3.352e-003
16250,7.6057e-005
16251,6.9093e-005
16252,7.0012e-005
16253,9.1643e-005
16254,8.8386e-005
16255,7.0647e-005
16256,7.1932e-005
16257,8.3894e-005
16258,6.9447e-005
16259,7.3878e-005
16260,3.6321e-005
16261,3.0718e-005
16262,2.8713e-005
16263,2.7367e-005
16264,2.5147e-005
16265,3.2007e-005
16266,2.7844e-005
16267,4.3568e-005
16268,3.768e-005
16269,3.4962e-005
16270,9.3365e-003
16271,9.109e-003
16272,8.9229e-003
16273,9.3568e-003
16274,4.1447e-005
16275,4.7247e-005
16276,4.0779e-005
16277,3.7578e-005
16278,3.5258e-005
16279,3.4317e-005
16280,3.8041e-005
16281,4.0046e-005
16282,1.0616e-002
16283,1.0241e-002
16284,1.041e-002
16285,1.0412e-002
16286,4.2781e-005
16287,4.5293e-005
16288,5.0677e-005
16289,3.767e-005
16290,3.6803e-005
16291,4.1083e-005
16292,3.7486e-005
16293,3.419e-005
16294,3.217e-005
16295,2.9802e-005
16296,2.9039e-005
16297,3.038e-005
16298,2.2313e-003
16299,2.8482e-003
16300,2.324e-003
16301,2.4156e-003
16302,1.0791e-002
16303,1.0354e-002
16304,1.0259e-002
16305,1.0739e-002
16306,1.0519e-002
16307,3.7257e-005
16308,4.2229e-005
16309,3.2264e-005
16310,3.3785e-005
16311,3.7628e-005
16312,2.9706e-005
16313,2.5501e-005
16314,2.858e-005
16315,7.5749e-003
16316,7.4204e-003
16317,7.734e-003
16318,7.6866e-003
16319,7.4276e-003
16320,7.6961e-003
16321,7.2135e-003
16322,7.8254e-003
16323,7.7047e-003
16324,7.4457e-003
16325,8.1407e-003
16326,9.3231e-003
16327,8.4032e-003
16328,1.0314e-002
16329,1.0648e-002
16330,1.0442e-002
16331,1.0761e-002
16332,3.6921e-005
16333,5.3212e-005
16334,5.1263e-005
16335,3.4929e-005
16336,3.6044e-005
16337,3.2764e-005
16338,3.5836e-005
16339,3.4139e-005
16340,4.2982e-005
16341,4.6001e-005
16342,5.6662e-005
16343,4.1555e-005
16344,4.2387e-005
16345,4.4821e-005
16346,5.1236e-005
16347,4.8242e-005
16348,2.3388e-005
16349,3.2006e-005
16350,2.1672e-005
16351,2.1139e-005
16352,2.5469e-005
16353,2.5929e-005
16354,2.2954e-005
16355,1.2483e-004
16356,8.0737e-005
16357,8.404e-005
16358,7.9067e-005
16359,9.5262e-005
16360,7.2826e-005
16361,7.4517e-005
16362,8.5369e-005
16363,3.1882e-005
16364,2.8964e-005
16365,4.4374e-005
16366,3.2614e-005
16367,2.7387e-005
16368,3.1185e-005
16369,2.8945e-005
16370,2.9024e-005
16371,1.8877e-003
16372,1.458e-003
16373,1.6547e-003
16374,1.5675e-003
16375,3.9501e-003
16376,3.9887e-003
16377,3.6185e-003
16378,6.518e-005
16379,8.9435e-005
16380,6.7373e-005
16381,8.1719e-005
16382,6.8834e-005
16383,6.7555e-005
16384,6.1623e-005
16385,6.5166e-005
16386,6.3897e-005
16387,6.8134e-003
16388,2.1238e-005
16389,2.0025e-005
16390,1.7675e-005
16391,1.8854e-005
16392,1.7648e-005
16393,1.7391e-005
16394,2.0037e-005
16395,1.834e-003
16396,2.2807e-003
16397,1.7117e-003
16398,5.011e-005
16399,4.3844e-005
16400,4.1699e-005
16401,4.1301e-005
16402,3.7267e-005
16403,4.0936e-005
16404,8.3143e-005
16405,1.3249e-004
16406,9.0686e-005
16407,7.4254e-005
16408,2.7133e-004
16409,2.3136e-004
16410,3.2231e-004
16411,2.0779e-004
16412,2.5824e-004
16413,2.0235e-004
16414,2.2122e-004
16415,4.3199e-005
16416,3.5876e-005
16417,3.3053e-005
16418,3.3043e-005
16419,3.6361e-005
16420,4.762e-005
16421,4.1515e-005
16422,3.7909e-005
16423,3.8382e-005
16424,4.4372e-005
16425,1.8873e-004
16426,1.1871e-004
16427,1.1898e-004
16428,1.2241e-004
16429,1.6213e-004
16430,1.0432e-004
16431,1.1726e-004
16432,1.1407e-004
16433,5.826e-003
16434,6.2388e-003
16435,2.0783e-004
16436,2.7564e-004
16437,3.6111e-004
16438,2.0471e-004
16439,2.6021e-004
16440,2.2234e-004
16441,5.8979e-005
16442,5.3492e-005
16443,3.9291e-005
16444,3.9595e-005
16445,4.5084e-005
16446,4.3855e-005
16447,5.1038e-005
16448,3.0356e-005
16449,2.4355e-005
16450,2.1745e-005
16451,2.1614e-005
16452,2.454e-004
16453,2.0393e-004
16454,2.0148e-004
16455,2.2283e-004
16456,2.3714e-004
16457,2.0513e-004
16458,4.5998e-005
16459,4.2828e-005
16460,4.4527e-005
16461,4.8908e-005
16462,5.1007e-005
16463,3.2892e-004
16464,1.3446e-004
16465,1.5843e-004
16466,1.3585e-004
16467,2.0643e-004
16468,1.7667e-004
16469,4.8486e-004
16470,3.3601e-004
16471,2.9982e-004
16472,3.0483e-004
16473,3.5505e-005
16474,3.6255e-005
16475,4.2638e-005
16476,2.9012e-005
16477,3.1424e-005
16478,3.0655e-005
16479,4.1183e-005
16480,3.4058e-005
16481,7.0791e-003
16482,6.3323e-003
16483,8.1101e-003
16484,9.0948e-003
16485,8.8428e-003
16486,6.6153e-005
16487,1.0426e-004
16488,6.5716e-005
16489,6.0699e-005
16490,3.1736e-005
16491,3.5125e-005
16492,4.255e-005
16493,2.9074e-005
16494,2.985e-005
16495,3.5476e-005
16496,4.2398e-005
16497,5.6809e-005
16498,4.1557e-005
16499,3.8693e-005
16500,3.9848e-005
16501,4.2071e-005
16502,3.6497e-005
16503,4.8636e-005
16504,4.5172e-005
16505,1.4938e-004
16506,1.1998e-004
16507,1.6468e-004
16508,2.2167e-005
16509,2.0269e-005
16510,1.9204e-005
16511,2.2674e-005
16512,2.1711e-005
16513,3.1615e-005
16514,2.7071e-005
16515,2.744e-005
16516,2.6503e-005
16517,3.4813e-005
16518,3.1374e-005
16519,3.6706e-005
16520,3.3302e-005
16521,3.4509e-005
16522,1.8015e-003
16523,1.3024e-003
16524,1.7097e-003
16525,1.4356e-003
16526,1.5027e-003
16527,6.9426e-005
16528,1.028e-004
16529,6.7291e-005
16530,7.9384e-005
16531,7.6622e-005
16532,6.4078e-005
16533,7.7882e-005
16534,6.4163e-005
16535,1.0459e-002
16536,1.09e-002
16537,1.1081e-002
16538,1.0616e-002
16539,1.0696e-002
16540,1.0625e-002
16541,4.7874e-005
16542,3.9768e-005
16543,3.8031e-005
16544,5.7066e-005
16545,4.2732e-005
16546,4.1923e-005
16547,4.1325e-005
16548,8.2934e-004
16549,3.5152e-004
16550,3.0563e-004
16551,3.0718e-005
16552,2.8312e-005
16553,2.8702e-005
16554,2.6605e-005
16555,3.1733e-005
16556,3.3594e-005
16557,3.4101e-005
16558,3.8309e-005
16559,3.7129e-005
16560,3.9962e-005
16561,3.2581e-005
16562,4.3444e-005
16563,3.3768e-005
16564,3.7443e-003
16565,1.0089e-002
16566,1.0654e-002
16567,5.1297e-005
16568,6.6847e-005
16569,4.8704e-005
16570,6.5406e-005
16571,5.2912e-005
16572,4.8237e-005
16573,5.3402e-005
16574,4.2373e-005
16575,4.991e-005
16576,4.1885e-005
16577,3.7912e-005
16578,3.7915e-005
16579,4.3355e-005
16580,5.1268e-005
16581,4.334e-005
16582,4.4016e-005
16583,4.3796e-005
16584,3.8204e-005
16585,3.8072e-005
16586,4.0272e-005
16587,3.0608e-003
16588,3.001e-003
16589,4.051e-003
16590,3.5515e-003
16591,4.3053e-005
16592,4.2761e-005
16593,3.8333e-005
16594,3.9912e-005
16595,3.909e-005
16596,4.0066e-005
16597,5.0344e-005
16598,3.5479e-003
16599,3.5845e-003
16600,5.379e-005
16601,3.6822e-005
16602,3.1509e-005
16603,2.9789e-005
16604,3.0385e-005
16605,2.1689e-004
16606,2.4479e-004
16607,2.6445e-004
16608,2.5344e-004
16609,2.146e-004
16610,2.1961e-004
16611,6.2488e-005
16612,7.9802e-005
16613,5.8384e-005
16614,5.7208e-005
16615,6.7821e-005
16616,6.1945e-005
16617,6.6053e-005
16618,9.6201e-003
16619,9.7093e-003
16620,9.9696e-003
16621,1.0178e-002
16622,1.0187e-002
16623,2.549e-003
16624,3.4529e-003
16625,6.3439e-003
16626,4.0558e-005
16627,4.2733e-005
16628,4.8147e-005
16629,4.0533e-005
16630,3.6545e-005
16631,3.6025e-005
16632,4.3423e-005
16633,4.2333e-005
16634,4.9785e-005
16635,3.7596e-005
16636,4.123e-005
16637,3.7961e-005
16638,4.2138e-005
16639,5.4605e-005
16640,7.1564e-005
16641,8.6144e-005
16642,5.9129e-005
16643,6.566e-005
16644,6.2445e-005
16645,1.6455e-003
16646,2.5876e-005
16647,2.4239e-005
16648,2.7519e-005
16649,2.2796e-005
16650,3.2062e-005
16651,4.4063e-005
16652,4.4154e-005
16653,4.3285e-005
16654,3.9015e-005
16655,3.9297e-005
16656,4.0925e-005
16657,1.9425e-004
16658,1.5541e-004
16659,2.0136e-004
16660,2.0549e-004
16661,1.5138e-004
16662,1.2659e-004
16663,1.6355e-004
16664,1.0532e-004
16665,1.4117e-004
16666,1.1195e-004
16667,1.1968e-004
16668,1.5842e-004
16669,2.8008e-004
16670,1.7549e-004
16671,1.7053e-004
16672,1.3123e-004
16673,3.8559e-005
16674,4.2936e-005
16675,3.5429e-005
16676,3.5626e-005
16677,3.5707e-005
16678,2.6482e-005
16679,2.2227e-005
16680,2.6182e-005
16681,2.2055e-005
16682,2.3926e-005
16683,2.2819e-005
16684,2.0011e-005
16685,1.8661e-005
16686,2.0897e-005
16687,2.1224e-005
16688,6.7941e-003
16689,7.0664e-003
16690,9.5825e-005
16691,1.3322e-004
16692,1.1531e-004
16693,9.6735e-005
16694,8.6623e-005
16695,9.5433e-005
16696,8.9191e-004
16697,6.3202e-004
16698,3.9315e-005
16699,3.8179e-005
16700,3.1442e-005
16701,3.5916e-005
16702,2.8358e-005
16703,3.2546e-005
16704,3.2776e-005
16705,2.7243e-005
16706,2.6867e-005
16707,3.1529e-005
16708,3.0931e-005
16709,7.7318e-003
16710,6.4584e-005
16711,8.3709e-005
16712,6.9399e-005
16713,5.9257e-005
16714,5.4779e-005
16715,5.6142e-005
16716,9.3236e-003
16717,2.2611e-005
16718,2.3184e-005
16719,2.575e-005
16720,2.6744e-005
16721,1.7821e-003
16722,1.4421e-003
16723,1.5286e-003
16724,1.7112e-004
16725,1.4588e-004
16726,1.6718e-004
16727,1.7485e-004
16728,1.4203e-004
16729,4.2576e-005
16730,3.375e-005
16731,2.9868e-005
16732,3.1411e-005
16733,3.5539e-005
16734,3.3046e-005
16735,3.539e-005
16736,3.2724e-005
16737,3.3865e-005
16738,2.9165e-005
16739,2.9253e-005
16740,3.0818e-005
16741,3.0674e-003
16742,2.7998e-003
16743,3.1805e-003
16744,9.7828e-003
16745,1.0167e-002
16746,9.9014e-003
16747,6.5113e-005
16748,5.5835e-005
16749,5.7945e-005
16750,6.3306e-005
16751,6.2381e-005
16752,5.3945e-005
16753,4.9875e-005
16754,5.7138e-005
16755,6.1693e-005
16756,2.2443e-005
16757,2.0239e-005
16758,1.933e-005
16759,2.1718e-005
16760,5.1325e-005
16761,6.7509e-005
16762,5.1216e-005
16763,4.7857e-005
16764,5.2477e-005
16765,8.2899e-005
16766,6.2768e-005
16767,5.1511e-005
16768,6.5744e-005
16769,4.7749e-005
16770,5.1671e-005
16771,5.1086e-005
16772,9.6722e-005
16773,1.0751e-004
16774,1.4081e-004
16775,4.9545e-005
16776,5.0391e-005
16777,4.1834e-005
16778,3.8252e-005
16779,3.7302e-005
16780,3.7677e-005
16781,4.2811e-005
16782,3.9926e-003
16783,6.7427e-005
16784,4.9471e-005
16785,6.0269e-005
16786,4.9245e-005
16787,5.4167e-005
16788,5.2767e-005
16789,5.5539e-005
16790,5.2362e-005
16791,5.7104e-005
16792,5.2778e-005
16793,6.6224e-005
16794,2.8946e-005
16795,3.2872e-005
16796,6.5734e-005
16797,5.404e-005
16798,5.0778e-005
16799,5.3951e-005
16800,5.8605e-005
16801,7.0947e-005
16802,4.444e-005
16803,4.2417e-005
16804,3.8578e-005
16805,3.8324e-005
16806,1.9761e-004
16807,3.6316e-004
16808,2.0548e-004
16809,1.8622e-004
16810,2.7017e-004
16811,4.1675e-005
16812,3.0343e-005
16813,2.8227e-005
16814,3.0049e-005
16815,3.3417e-005
16816,4.1132e-005
16817,5.0684e-005
16818,4.6875e-005
16819,4.2992e-005
16820,3.7411e-005
16821,3.8935e-005
16822,4.0886e-005
16823,2.1924e-004
16824,1.855e-004
16825,2.4257e-004
16826,2.2828e-004
16827,1.9275e-004
16828,1.6188e-004
16829,1.7402e-004
16830,1.6523e-004
16831,1.3303e-004
16832,1.9022e-004
16833,1.6292e-004
16834,1.4268e-004
16835,1.7045e-004
16836,2.0719e-003
16837,1.8916e-003
16838,2.1642e-003
16839,6.6774e-005
16840,5.5094e-005
16841,5.6659e-005
16842,5.8112e-005
16843,5.4806e-005
16844,2.9681e-005
16845,2.6688e-005
16846,2.4671e-005
16847,9.5471e-003
16848,9.6451e-003
16849,3.8033e-005
16850,3.7388e-005
16851,3.1823e-005
16852,3.2136e-005
16853,3.8377e-005
16854,3.6962e-005
16855,3.3423e-005
16856,9.1856e-005
16857,9.69e-005
16858,7.6785e-005
16859,7.8412e-005
16860,7.6888e-005
16861,7.2645e-005
16862,8.5636e-005
16863,4.0397e-005
16864,3.5726e-005
16865,3.63e-005
16866,3.3614e-005
16867,3.783e-005
16868,3.9839e-005
16869,7.9374e-003
16870,8.1445e-003
16871,7.0951e-004
16872,8.3918e-004
16873,6.345e-004
16874,4.4048e-005
16875,3.8085e-005
16876,3.8195e-005
16877,3.5426e-005
16878,5.7725e-005
16879,6.5066e-005
16880,5.6026e-005
16881,5.9468e-005
16882,2.1307e-005
16883,2.3391e-005
16884,2.2835e-005
16885,1.6852e-005
16886,1.7488e-005
16887,1.8475e-005
16888,1.985e-005
16889,1.7296e-005
16890,4.076e-005
16891,3.743e-005
16892,3.7426e-005
16893,5.6243e-005
16894,4.7355e-005
16895,4.8365e-005
16896,5.7799e-005
16897,5.565e-005
16898,2.0778e-004
16899,1.6066e-004
16900,1.2652e-004
16901,1.4812e-004
16902,1.9455e-004
16903,2.1619e-004
16904,1.1415e-004
16905,4.3863e-005
16906,4.4422e-005
16907,5.1047e-005
16908,6.9833e-003
16909,7.5976e-003
16910,7.2915e-003
16911,1.1084e-002
16912,1.0696e-002
16913,1.0698e-002
16914,1.1026e-002
16915,8.2076e-003
16916,8.1663e-003
16917,8.8199e-003
16918,8.5736e-003
16919,8.2944e-003
16920,7.9681e-004
16921,1.1129e-003
16922,8.4487e-004
16923,1.1831e-003
16924,3.6733e-005
16925,3.5179e-005
16926,3.07e-005
16927,2.6078e-005
16928,2.706e-005
16929,3.9632e-005
16930,3.933e-005
16931,3.9465e-005
16932,4.8486e-005
16933,4.6904e-005
16934,3.9654e-005
16935,1.9797e-004
16936,1.1797e-004
16937,1.5644e-004
16938,1.5453e-004
16939,1.202e-004
16940,5.9232e-005
16941,8.2551e-005
16942,6.0712e-005
16943,7.5028e-005
16944,6.2076e-005
16945,8.6696e-005
16946,1.5261e-004
16947,8.169e-005
16948,8.7063e-005
16949,7.1337e-005
16950,7.1379e-005
16951,3.7666e-005
16952,3.2627e-005
16953,3.75e-005
16954,3.4935e-005
16955,3.985e-005
16956,4.7398e-004
16957,5.2915e-004
16958,5.0283e-004
16959,5.2678e-004
16960,6.5224e-004
16961,5.1417e-004
16962,2.0641e-005
16963,2.2735e-005
16964,2.2039e-003
16965,1.9185e-003
16966,5.5917e-005
16967,4.2948e-005
16968,4.1289e-005
16969,3.877e-005
16970,5.163e-005
16971,4.1011e-005
16972,5.2136e-005
16973,8.0308e-005
16974,1.2586e-004
16975,9.1299e-005
16976,8.5684e-005
16977,1.0784e-004
16978,2.7241e-003
16979,5.8961e-005
16980,4.9157e-005
16981,5.6727e-005
16982,2.7582e-005
16983,3.5944e-005
16984,3.2391e-005
16985,8.0392e-003
16986,7.8737e-003
16987,5.3087e-005
16988,4.8265e-005
16989,4.9159e-005
16990,5.6479e-005
16991,2.449e-004
16992,1.955e-004
16993,3.0455e-004
16994,1.9747e-004
16995,2.551e-004
16996,9.3079e-003
16997,8.9726e-003
16998,3.3504e-005
16999,3.1352e-005
17000,2.3217e-003
17001,2.1722e-003
17002,8.0015e-005
17003,9.2154e-005
17004,7.8608e-005
17005,6.5459e-005
17006,4.9724e-005
17007,5.7376e-005
17008,5.2238e-005
17009,8.4721e-005
17010,3.6589e-004
17011,6.4322e-003
17012,7.9513e-005
17013,8.7859e-005
17014,7.7634e-005
17015,3.155e-005
17016,2.7384e-005
17017,2.8094e-005
17018,3.9336e-004
17019,3.0009e-004
17020,3.1225e-004
17021,4.2434e-004
17022,2.9048e-004
17023,4.1138e-004
17024,3.6749e-005
17025,3.8425e-005
17026,3.4372e-005
17027,2.5682e-004
17028,2.5014e-004
17029,3.9932e-004
17030,4.7866e-005
17031,4.9391e-005
17032,5.6385e-005
17033,1.2898e-004
17034,2.2204e-004
17035,1.3427e-004
17036,2.0408e-004
17037,1.5687e-004
17038,1.6833e-004
17039,4.6366e-005
17040,4.7706e-005
17041,4.0169e-005
17042,4.2225e-005
17043,3.7683e-005
17044,3.8138e-005
17045,5.8872e-006
17046,2.6657e-006
17047,4.0089e-006
17048,7.4833e-006
17049,6.2092e-006
17050,6.2088e-006
17051,5.4774e-006
17052,4.7797e-006
17053,6.5243e-006
17054,3.9657e-006
17055,9.9367e-006
17056,5.9098e-006
17057,1.1627e-005
17058,9.4968e-006
17059,6.6292e-006
17060,3.6306e-006
17061,3.1917e-006
17062,8.3625e-006
17063,4.308e-006
17064,7.5237e-006
17065,6.4302e-006
17066,4.2768e-006
17067,5.1335e-006
17068,5.7776e-006
17069,6.3313e-006
17070,6.9267e-006
17071,2.7538e-006
17072,6.1524e-006
17073,1.8718e-006
17074,2.313e-006
17075,3.169e-006
17076,3.1039e-006
17077,3.5333e-006
17078,1.7514e-006
17079,2.7637e-006
17080,8.7577e-006
17081,4.7755e-006
17082,5.3209e-006
17083,7.5663e-006
17084,6.4866e-006
17085,4.8278e-006
17086,7.2403e-006
17087,4.5393e-006
17088,8.9899e-006
17089,1.0212e-005
17090,1.1731e-005
17091,8.7289e-006
17092,1.043e-005
17093,9.16e-006
17094,1.9991e-005
17095,1.6163e-005
17096,1.105e-005
17097,9.4075e-006
17098,1.1442e-005
17099,8.017e-006
17100,2.0755e-005
17101,7.5683e-006
17102,8.9956e-006
17103,2.8721e-006
17104,3.6103e-006
17105,2.6105e-006
17106,1.7011e-006
17107,6.4437e-006
17108,2.6129e-006
17109,4.1498e-006
17110,7.5783e-006
17111,6.2186e-006
17112,4.4683e-006
17113,6.7844e-006
17114,7.0405e-006
17115,4.2618e-006
17116,5.516e-006
17117,4.4582e-006
17118,5.5174e-006
17119,4.4582e-006
17120,1.0472e-005
17121,7.5431e-006
17122,4.9814e-006
17123,1.221e-005
17124,3.5484e-006
17125,9.8944e-006
17126,9.2469e-006
17127,5.6412e-006
17128,5.4099e-006
17129,7.9615e-006
17130,6.6245e-006
17131,6.1169e-006
17132,7.1295e-006
17133,3.0181e-006
17134,6.783e-006
17135,2.1641e-006
17136,1.5708e-006
17137,4.8391e-006
17138,2.3734e-006
17139,3.0496e-006
17140,1.8077e-006
17141,3.2541e-006
17142,9.134e-006
17143,4.9898e-006
17144,6.4105e-006
17145,4.8634e-006
17146,8.1643e-006
17147,9.116e-006
17148,9.6122e-006
17149,1.1935e-005
17150,9.9789e-006
17151,1.1097e-005
17152,1.8649e-005
17153,1.6137e-005
17154,7.8977e-006
17155,1.2761e-005
17156,4.2193e-006
17157,3.3729e-006
17158,3.8022e-006
17159,5.2687e-006
17160,3.8801e-006
17161,4.2308e-006
17162,4.8121e-006
17163,8.247e-006
17164,9.9056e-006
17165,7.3482e-006
17166,5.4761e-006
17167,3.0365e-006
17168,3.5872e-006
17169,4.6296e-006
17170,2.8974e-006
17171,2.8321e-006
17172,2.0649e-006
17173,1.5885e-006
17174,1.2001e-005
17175,2.3353e-005
17176,1.1266e-005
17177,1.7779e-005
17178,1.3873e-005
17179,2.1001e-005
17180,1.661e-005
17181,1.7447e-005
17182,1.3038e-005
17183,3.9125e-006
17184,6.452e-006
17185,7.9744e-006
17186,1.1514e-005
17187,3.8503e-006
17188,7.8867e-006
17189,5.9336e-006
17190,2.4629e-005
17191,2.7463e-005
17192,3.9061e-005
17193,2.367e-005
17194,2.9035e-005
17195,3.171e-005
17196,3.1905e-006
17197,1.3061e-006
17198,1.6062e-006
17199,2.6002e-006
17200,9.9484e-007
17201,2.7678e-006
17202,8.6923e-006
17203,6.2468e-006
17204,8.5244e-006
17205,5.4986e-006
17206,7.9627e-006
17207,5.4924e-006
17208,1.4604e-005
17209,1.7512e-005
17210,1.8212e-005
17211,2.2392e-005
17212,5.5321e-007
17213,1.168e-006
17214,2.9959e-007
17215,4.3352e-007
17216,3.4983e-007
17217,1.3928e-005
17218,1.4382e-005
17219,1.1207e-005
17220,1.0518e-005
17221,1.2112e-005
17222,2.3293e-005
17223,1.1298e-005
17224,1.7806e-005
17225,1.3922e-005
17226,2.143e-005
17227,1.7599e-005
17228,1.3436e-005
17229,1.59e-005
17230,3.8901e-006
17231,6.4466e-006
17232,1.2498e-005
17233,7.8785e-006
17234,8.3948e-006
17235,5.3772e-006
17236,2.4651e-005
17237,2.8273e-005
17238,2.7559e-005
17239,2.5905e-005
17240,3.5416e-005
17241,3.1643e-006
17242,1.2966e-006
17243,1.3247e-006
17244,1.4936e-006
17245,5.6109e-007
17246,2.3709e-006
17247,8.6477e-006
17248,5.0738e-006
17249,7.5617e-006
17250,3.8749e-006
17251,7.941e-006
17252,6.0858e-006
17253,4.5928e-006
17254,1.4563e-005
17255,2.2492e-005
17256,1.75e-005
17257,2.1256e-005
17258,1.664e-005
17259,2.0302e-005
17260,1.0306e-006
17261,3.9252e-007
17262,4.4779e-007
17263,1.3903e-005
17264,1.0128e-005
17265,1.0374e-005
17266,1.3052e-005
17267,1.126e-005
17268,1.7391e-006
17269,1.3009e-006
17270,1.2655e-006
17271,9.988e-007
17272,2.605e-006
17273,1.7584e-006
17274,1.6933e-006
17275,2.6233e-006
17276,2.1341e-006
17277,3.5231e-006
17278,3.7129e-006
17279,4.3121e-006
17280,3.9027e-006
17281,1.8675e-006
17282,3.0967e-006
17283,3.0052e-006
17284,3.1814e-006
17285,2.3881e-006
17286,2.3786e-006
17287,1.1554e-006
17288,7.0385e-007
17289,1.4132e-006
17290,1.5627e-006
17291,2.1364e-006
17292,1.6743e-006
17293,3.5441e-006
17294,3.0722e-006
17295,3.373e-006
17296,2.6027e-006
17297,3.302e-006
17298,2.3296e-006
17299,1.3304e-006
17300,1.2704e-006
17301,1.0914e-006
17302,1.1703e-006
17303,1.9502e-006
17304,1.5877e-006
17305,7.1793e-007
17306,6.0664e-007
17307,1.5697e-006
17308,1.0434e-006
17309,1.1407e-006
17310,4.7123e-006
17311,4.1905e-006
17312,4.1991e-006
17313,8.6418e-007
17314,9.3192e-007
17315,1.2371e-006
17316,3.2642e-005
17317,8.5263e-005
17318,5.266e-005
17319,3.9983e-005
17320,4.6337e-005
17321,3.2443e-005
17322,3.8387e-005
17323,1.9184e-005
17324,2.7947e-005
17325,3.6152e-005
17326,2.289e-005
17327,1.8923e-005
17328,1.634e-005
17329,2.194e-005
17330,1.2984e-005
17331,1.711e-005
17332,1.457e-005
17333,4.3179e-005
17334,2.5224e-005
17335,2.1112e-005
17336,2.6261e-005
17337,2.9708e-005
17338,2.7133e-005
17339,3.4834e-005
17340,4.1462e-005
17341,4.3988e-005
17342,8.5557e-005
17343,1.4346e-004
17344,5.854e-005
17345,6.2015e-005
17346,1.9907e-005
17347,2.9778e-005
17348,4.1635e-005
17349,2.2648e-005
17350,2.6982e-005
17351,4.0859e-005
17352,1.8189e-005
17353,1.47e-005
17354,2.2537e-005
17355,1.9226e-005
17356,1.3916e-005
17357,1.6583e-005
17358,2.0275e-005
17359,2.4119e-005
17360,2.0024e-005
17361,1.4651e-005
17362,1.659e-005
17363,1.8183e-005
17364,3.7419e-005
17365,3.1327e-005
17366,2.5253e-005
17367,3.324e-005
17368,3.9805e-005
17369,2.5295e-005
17370,2.698e-005
17371,2.4853e-005
17372,3.1319e-005
17373,3.1839e-005
17374,2.3666e-005
17375,3.0359e-005
17376,2.8485e-005
17377,2.5052e-005
17378,2.3882e-005
17379,3.4052e-005
17380,2.1711e-005
17381,2.5213e-005
17382,2.0833e-005
17383,2.9544e-005
17384,2.4529e-005
17385,3.7056e-005
17386,1.9929e-005
17387,2.1089e-005
17388,2.3317e-005
17389,2.1979e-005
17390,1.8785e-005
17391,2.181e-005
17392,1.376e-005
17393,1.2312e-005
17394,2.4178e-005
17395,1.0954e-005
17396,1.5035e-005
17397,1.1793e-005
17398,1.7124e-005
17399,1.3671e-005
17400,1.8079e-005
17401,1.3271e-005
17402,9.3732e-006
17403,2.926e-005
17404,2.0546e-005
17405,2.3864e-005
17406,1.7411e-005
17407,2.1919e-005
17408,2.5701e-005
17409,1.9621e-005
17410,2.4841e-005
17411,2.2766e-005
17412,2.0586e-005
17413,2.9237e-005
17414,3.0747e-005
17415,3.2382e-005
17416,6.764e-006
17417,4.44e-006
17418,1.3965e-006
17419,2.6409e-006
17420,3.0013e-006
17421,6.0976e-006
17422,2.9245e-006
17423,4.5803e-006
17424,5.5717e-006
17425,4.136e-006
17426,3.385e-006
17427,7.9552e-006
17428,6.2273e-006
17429,4.313e-006
17430,2.48e-006
17431,4.7148e-006
17432,3.3825e-006
17433,2.8631e-006
17434,7.1086e-006
17435,2.7503e-006
17436,9.3446e-007
17437,4.232e-006
17438,2.8231e-006
17439,3.5892e-006
17440,7.4723e-006
17441,2.0879e-006
17442,4.6677e-006
17443,5.1627e-006
17444,2.0469e-005
17445,2.9538e-005
17446,3.4758e-005
17447,2.8022e-005
17448,2.2581e-005
17449,2.1547e-005
17450,1.8256e-005
17451,2.0121e-005
17452,1.9291e-005
17453,2.2832e-005
17454,2.0786e-005
17455,1.8677e-005
17456,2.304e-005
17457,3.6984e-005
17458,2.577e-005
17459,2.8222e-005
17460,2.4578e-005
17461,2.9268e-005
17462,3.6454e-005
17463,2.5202e-005
17464,4.1632e-005
17465,2.7064e-005
17466,2.802e-005
17467,2.396e-005
17468,3.1097e-005
17469,2.8065e-005
17470,2.2771e-005
17471,3.6665e-005
17472,3.56e-005
17473,2.8662e-005
17474,4.7993e-005
17475,6.1842e-006
17476,5.4336e-006
17477,1.7608e-006
17478,9.631e-006
17479,6.6764e-006
17480,5.585e-006
17481,4.1299e-006
17482,3.6687e-006
17483,3.8037e-006
17484,3.2848e-006
17485,4.9715e-006
17486,8.0155e-006
17487,5.9802e-006
17488,5.3655e-006
17489,3.4613e-006
17490,8.6261e-006
17491,1.3832e-005
17492,1.667e-005
17493,9.0864e-006
17494,8.5717e-006
17495,9.1491e-006
17496,1.4497e-005
17497,8.7742e-006
17498,1.0939e-005
17499,1.2599e-005
17500,1.0468e-005
17501,6.6425e-006
17502,6.498e-006
17503,1.2749e-005
17504,9.8275e-006
17505,7.5915e-006
17506,1.3625e-005
17507,5.466e-006
17508,2.3942e-006
17509,2.6064e-006
17510,3.9323e-006
17511,4.1259e-006
17512,3.4326e-006
17513,4.553e-006
17514,3.9386e-006
17515,5.1578e-006
17516,3.2407e-006
17517,5.2471e-006
17518,3.0782e-006
17519,2.1959e-006
17520,1.5257e-005
17521,1.3035e-005
17522,7.9528e-006
17523,1.9503e-005
17524,1.0239e-005
17525,8.735e-006
17526,1.4045e-005
17527,1.171e-005
17528,1.7927e-005
17529,1.6466e-005
17530,1.2314e-005
17531,1.1279e-005
17532,1.0172e-005
17533,1.5025e-005
17534,1.8731e-005
17535,1.4414e-005
17536,1.1373e-005
17537,1.6227e-005
17538,1.4906e-005
17539,1.152e-005
17540,1.5507e-005
17541,1.0537e-005
17542,1.4568e-005
17543,1.2072e-005
17544,1.2375e-005
17545,1.3528e-005
17546,1.6677e-005
17547,1.0823e-005
17548,1.5306e-005
17549,7.6638e-006
17550,7.167e-006
17551,8.6926e-006
17552,1.1003e-005
17553,1.1728e-005
17554,1.0857e-005
17555,2.0241e-005
17556,9.6055e-006
17557,1.4447e-005
17558,8.518e-006
17559,2.7733e-005
17560,4.4586e-005
17561,3.8015e-005
17562,4.6297e-005
17563,2.8443e-005
17564,3.2429e-005
17565,2.7237e-005
17566,3.1551e-005
17567,3.2845e-005
17568,3.1876e-005
17569,4.3437e-005
17570,3.9853e-005
17571,3.4348e-005
17572,1.2965e-005
17573,1.8983e-005
17574,1.862e-005
17575,1.5025e-005
17576,1.7793e-005
17577,1.7518e-005
17578,1.4267e-005
17579,1.1372e-005
17580,1.4848e-005
17581,1.3434e-005
17582,1.443e-005
17583,1.5608e-005
17584,1.6803e-005
17585,1.144e-005
17586,2.1116e-005
17587,3.9084e-006
17588,8.876e-007
17589,2.8224e-006
17590,1.1814e-006
17591,2.228e-006
17592,3.0196e-006
17593,3.7008e-006
17594,2.5131e-006
17595,3.1629e-006
17596,2.2441e-006
17597,1.7931e-006
17598,2.8052e-006
17599,5.4235e-005
17600,4.4472e-005
17601,4.0651e-005
17602,3.7833e-005
17603,5.0302e-005
17604,3.6394e-005
17605,3.5067e-005
17606,4.0824e-005
17607,4.6738e-005
17608,3.0612e-005
17609,3.287e-005
17610,3.5999e-005
17611,4.0496e-005
17612,1.5279e-006
17613,1.1763e-006
17614,1.3395e-006
17615,2.592e-006
17616,2.4708e-006
17617,2.8629e-006
17618,2.3885e-006
17619,3.2049e-006
17620,3.0985e-006
17621,2.6686e-006
17622,1.1516e-006
17623,2.664e-005
17624,2.9275e-005
17625,1.9175e-005
17626,2.9239e-005
17627,1.9823e-005
17628,2.4166e-005
17629,1.7301e-005
17630,2.1251e-005
17631,3.6616e-005
17632,2.4209e-005
17633,2.8505e-005
17634,6.9159e-006
17635,2.8466e-006
17636,2.6628e-006
17637,4.671e-006
17638,4.5767e-006
17639,5.1218e-006
17640,5.7492e-006
17641,4.2301e-006
17642,5.6944e-006
17643,2.128e-006
17644,3.5958e-006
17645,6.595e-006
17646,5.4107e-006
17647,3.2471e-006
17648,3.0477e-006
17649,1.814e-006
17650,1.4437e-006
17651,3.5779e-006
17652,2.1952e-006
17653,3.8786e-006
17654,3.3255e-006
17655,3.0109e-006
17656,2.6968e-006
17657,3.6834e-006
17658,3.4599e-006
17659,3.7634e-006
17660,1.8428e-006
17661,2.8343e-006
17662,1.6373e-005
17663,1.7614e-005
17664,9.1661e-006
17665,1.0103e-005
17666,1.3401e-005
17667,1.0493e-005
17668,1.0364e-005
17669,6.9159e-006
17670,8.5442e-006
17671,1.2176e-005
17672,9.1939e-006
17673,1.9303e-005
17674,1.2922e-005
17675,8.0102e-006
17676,9.8822e-006
17677,1.757e-006
17678,5.5841e-007
17679,1.2946e-006
17680,1.6777e-006
17681,8.0281e-007
17682,2.2493e-006
17683,2.4944e-006
17684,1.9531e-006
17685,2.613e-006
17686,1.9393e-006
17687,2.5751e-006
17688,2.4737e-006
17689,1.6678e-006
17690,1.013e-006
17691,2.2205e-006
17692,1.8524e-006
17693,3.0886e-006
17694,3.4072e-006
17695,2.7507e-006
17696,1.3634e-006
17697,2.6148e-006
17698,2.2566e-006
17699,2.8655e-006
17700,1.3299e-006
17701,1.9831e-006
17702,2.2718e-005
17703,1.794e-005
17704,1.8099e-005
17705,2.6888e-005
17706,2.2121e-005
17707,1.6553e-005
17708,1.951e-005
17709,1.7409e-005
17710,2.099e-005
17711,1.7554e-005
17712,1.6091e-005
17713,1.6239e-005
17714,2.625e-005
17715,2.47e-005
17716,1.859e-005
17717,2.0977e-005
17718,2.4476e-005
17719,4.022e-005
17720,3.5544e-005
17721,2.7912e-005
17722,2.3735e-005
17723,2.2428e-005
17724,2.6595e-005
17725,2.4149e-005
17726,3.1825e-005
17727,2.9001e-005
17728,3.3583e-005
17729,2.1924e-005
17730,3.1453e-005
17731,2.8434e-005
17732,3.8578e-006
17733,5.0743e-006
17734,4.2488e-006
17735,2.8752e-006
17736,2.2702e-006
17737,5.1686e-006
17738,3.658e-006
17739,4.2892e-006
17740,4.9073e-006
17741,4.4052e-006
17742,3.9816e-006
17743,2.5842e-005
17744,2.309e-005
17745,3.0561e-005
17746,3.6377e-005
17747,2.1949e-005
17748,2.281e-005
17749,2.4034e-005
17750,2.8665e-005
17751,2.4412e-005
17752,3.2444e-005
17753,2.5815e-005
17754,2.6718e-005
17755,2.2752e-005
17756,6.403e-006
17757,1.3858e-005
17758,1.3144e-005
17759,1.484e-005
17760,6.1214e-006
17761,7.4156e-006
17762,9.2467e-006
17763,1.0609e-005
17764,1.0005e-005
17765,7.1319e-006
17766,7.0864e-006
17767,8.7773e-006
17768,1.0481e-005
17769,3.0652e-005
17770,2.4661e-005
17771,2.6637e-005
17772,3.2043e-005
17773,2.3925e-005
17774,2.1565e-005
17775,2.3011e-005
17776,2.7421e-005
17777,3.3609e-005
17778,2.3702e-005
17779,2.4793e-005
17780,2.9202e-005
17781,3.9962e-005
17782,2.8367e-005
17783,2.4108e-005
17784,4.8038e-005
17785,3.8772e-005
17786,3.4738e-005
17787,3.771e-005
17788,2.9434e-005
17789,3.478e-005
17790,3.9003e-005
17791,3.0919e-005
17792,2.7473e-005
17793,2.7587e-005
17794,4.7652e-005
17795,1.6668e-005
17796,3.2966e-005
17797,2.9132e-005
17798,3.9031e-005
17799,1.8986e-005
17800,1.99e-005
17801,2.0177e-005
17802,2.4264e-005
17803,2.5289e-005
17804,1.7881e-005
17805,2.4387e-005
17806,1.9397e-005
17807,1.6551e-005
17808,2.5906e-005
17809,3.0414e-005
17810,3.1173e-005
17811,2.4158e-005
17812,4.0363e-005
17813,4.0498e-005
17814,3.1548e-005
17815,3.3822e-005
17816,3.45e-005
17817,2.5344e-005
17818,2.8832e-005
17819,3.2254e-005
17820,2.8696e-005
17821,2.6139e-005
17822,3.7403e-005
17823,3.0582e-005
17824,4.4453e-005
17825,3.2687e-006
17826,8.5032e-007
17827,1.5969e-006
17828,1.5687e-006
17829,3.0812e-006
17830,2.7524e-006
17831,1.9776e-006
17832,2.7194e-006
17833,2.5004e-006
17834,3.1135e-006
17835,1.8251e-006
17836,1.5392e-006
17837,1.329e-006
17838,2.0684e-006
17839,1.3603e-006
17840,2.9613e-006
17841,3.4119e-006
17842,3.5198e-006
17843,2.8468e-006
17844,2.1962e-006
17845,2.7352e-006
17846,2.6856e-006
17847,2.9321e-006
17848,1.6596e-005
17849,1.6811e-005
17850,1.3512e-005
17851,1.9757e-005
17852,1.4118e-005
17853,1.7591e-005
17854,1.4001e-005
17855,1.2539e-005
17856,1.6893e-005
17857,1.6197e-005
17858,1.5119e-005
17859,1.5005e-005
17860,1.6339e-005
17861,1.5001e-005
17862,1.6644e-005
17863,1.0485e-005
17864,1.1106e-005
17865,1.3728e-005
17866,1.1628e-005
17867,1.2085e-005
17868,1.0354e-005
17869,1.3152e-005
17870,1.603e-005
17871,4.8567e-006
17872,6.0851e-006
17873,2.9087e-006
17874,6.1574e-006
17875,1.7954e-006
17876,4.9619e-006
17877,5.494e-006
17878,4.5514e-006
17879,3.3208e-006
17880,4.084e-006
17881,5.7913e-006
17882,3.1294e-006
17883,1.5028e-006
17884,1.3322e-006
17885,1.3461e-006
17886,1.2589e-006
17887,3.1251e-006
17888,2.5676e-006
17889,3.1662e-006
17890,3.0573e-006
17891,2.1215e-006
17892,3.2063e-006
17893,3.2498e-006
17894,2.3732e-006
17895,2.9458e-006
17896,2.522e-006
17897,1.0798e-006
17898,2.6315e-006
17899,1.0544e-006
17900,1.3464e-006
17901,2.8296e-006
17902,3.5531e-006
17903,2.2235e-006
17904,3.3057e-006
17905,3.4686e-006
17906,2.9633e-006
17907,3.5589e-006
17908,2.6024e-006
17909,2.3156e-006
17910,3.5027e-006
17911,2.2765e-006
17912,8.1514e-006
17913,1.0201e-005
17914,7.7752e-006
17915,1.0371e-005
17916,7.3602e-006
17917,8.563e-006
17918,8.9796e-006
17919,1.0013e-005
17920,1.0081e-005
17921,1.1499e-005
17922,7.6043e-006
17923,1.1202e-005
17924,8.3086e-006
17925,9.5689e-006
17926,7.6453e-006
17927,8.6043e-006
17928,1.5662e-004
17929,1.7313e-004
17930,1.7573e-004
17931,1.6842e-004
17932,1.8832e-004
17933,1.6376e-004
17934,1.8062e-004
17935,1.6921e-004
17936,1.9453e-004
17937,3.6104e-006
17938,4.5538e-006
17939,3.7837e-006
17940,4.4876e-006
17941,4.3057e-006
17942,3.7982e-006
17943,4.4402e-006
17944,4.5224e-006
17945,2.5403e-006
17946,2.4013e-006
17947,2.8577e-006
17948,3.5898e-006
17949,2.2112e-004
17950,2.0727e-004
17951,1.4371e-004
17952,1.7534e-004
17953,1.6696e-004
17954,1.3664e-004
17955,1.3661e-004
17956,1.288e-004
17957,1.4774e-004
17958,6.1408e-007
17959,2.6806e-007
17960,3.7426e-007
17961,3.5763e-007
17962,3.9231e-007
17963,3.1008e-007
17964,9.1813e-007
17965,1.0866e-006
17966,1.2752e-006
17967,1.1074e-006
17968,1.1872e-006
17969,1.38e-006
17970,1.5784e-006
17971,7.4834e-005
17972,7.8068e-005
17973,5.7325e-005
17974,5.9426e-005
17975,5.0813e-005
17976,5.9514e-005
17977,5.8537e-005
17978,4.8095e-005
17979,8.9717e-005
17980,7.5267e-005
17981,9.9416e-005
17982,1.0597e-004
17983,3.8265e-006
17984,3.1872e-006
17985,3.0401e-006
17986,3.5266e-006
17987,3.4003e-006
17988,3.7394e-006
17989,2.7356e-006
17990,3.4062e-006
17991,2.5961e-006
17992,1.2581e-004
17993,1.6638e-004
17994,1.3333e-004
17995,1.7037e-004
17996,2.5794e-006
17997,2.1098e-006
17998,3.168e-006
17999,2.7157e-006
18000,2.0719e-006
18001,2.8068e-006
18002,1.0648e-003
18003,1.3701e-003
18004,8.7694e-007
18005,1.3846e-006
18006,9.4824e-007
18007,1.3343e-006
18008,1.2309e-006
18009,1.1804e-006
18010,8.238e-007
18011,9.433e-007
18012,7.316e-007
18013,2.6514e-004
18014,2.8155e-004
18015,2.3674e-004
18016,2.6317e-004
18017,2.2856e-004
18018,2.2238e-004
18019,3.5051e-004
18020,1.1637e-005
18021,3.2806e-006
18022,1.1246e-005
18023,3.7631e-006
18024,6.488e-006
18025,4.6343e-006
18026,6.8743e-006
18027,9.2379e-006
18028,6.0007e-006
18029,9.2546e-006
18030,1.1901e-005
18031,8.3361e-006
18032,1.0805e-005
18033,9.3819e-006
18034,8.2106e-006
18035,1.0727e-005
18036,1.02e-005
18037,9.4216e-006
18038,8.2896e-006
18039,8.8855e-006
18040,2.2063e-005
18041,1.821e-005
18042,1.739e-005
18043,2.0463e-005
18044,1.7741e-005
18045,1.7867e-005
18046,1.5088e-005
18047,1.973e-005
18048,2.246e-005
18049,4.77e-005
18050,3.9355e-005
18051,5.9968e-005
18052,5.5285e-005
18053,5.272e-005
18054,6.3799e-005
18055,1.0335e-005
18056,7.4339e-006
18057,1.0028e-005
18058,8.5737e-006
18059,1.3852e-005
18060,1.2e-005
18061,1.1585e-005
18062,8.5961e-006
18063,8.8167e-006
18064,1.2028e-005
18065,1.032e-005
18066,1.0156e-005
18067,3.5224e-006
18068,3.8782e-006
18069,4.1247e-006
18070,3.4075e-006
18071,5.5975e-006
18072,3.7689e-006
18073,4.3147e-006
18074,5.0136e-006
18075,4.8422e-006
18076,4.3962e-006
18077,1.3649e-004
18078,1.5585e-004
18079,1.398e-004
18080,1.2799e-004
18081,1.5502e-004
18082,1.6738e-004
18083,3.6877e-006
18084,2.8901e-006
18085,3.9704e-006
18086,3.8413e-006
18087,3.7415e-006
18088,3.963e-006
18089,3.3887e-006
18090,3.7749e-006
18091,2.8056e-006
18092,3.0426e-006
18093,8.8151e-005
18094,7.3328e-005
18095,6.5476e-005
18096,6.6323e-005
18097,1.0244e-004
18098,5.8505e-005
18099,5.6243e-005
18100,9.4297e-005
18101,7.7055e-005
18102,1.0537e-004
18103,7.2109e-005
18104,1.4164e-006
18105,9.4699e-007
18106,1.7313e-006
18107,1.28e-006
18108,1.2447e-006
18109,1.365e-006
18110,1.5219e-005
18111,1.5409e-005
18112,1.6271e-005
18113,2.2746e-005
18114,1.7138e-005
18115,1.9347e-005
18116,1.8583e-005
18117,1.4399e-005
18118,2.1869e-005
18119,1.861e-005
18120,1.6247e-005
18121,1.6881e-005
18122,1.6116e-005
18123,1.8176e-005
18124,2.7398e-005
18125,2.819e-005
18126,3.1775e-005
18127,3.8259e-005
18128,3.1332e-005
18129,3.3471e-005
18130,2.8379e-005
18131,3.9231e-005
18132,3.9551e-005
18133,2.6518e-005
18134,4.0037e-005
18135,2.8152e-005
18136,2.4337e-005
18137,3.6448e-005
18138,2.6265e-005
18139,3.3955e-005
18140,4.2507e-005
18141,2.9864e-005
18142,3.7917e-005
18143,5.4824e-006
18144,4.609e-006
18145,4.15e-006
18146,5.3522e-006
18147,4.568e-006
18148,4.6528e-006
18149,4.5887e-006
18150,5.1163e-006
18151,5.6098e-006
18152,5.951e-007
18153,5.9224e-007
18154,7.864e-007
18155,1.1116e-006
18156,8.9291e-007
18157,7.0604e-007
18158,6.1446e-007
18159,8.4854e-007
18160,7.4868e-007
18161,1.8535e-006
18162,1.9734e-006
18163,2.8585e-006
18164,3.5532e-006
18165,3.4748e-006
18166,2.5988e-006
18167,3.2653e-006
18168,2.9948e-006
18169,2.1307e-006
18170,1.9592e-006
18171,2.8029e-006
18172,9.4277e-006
18173,8.6327e-006
18174,7.2263e-006
18175,8.0595e-006
18176,1.0616e-005
18177,7.0197e-006
18178,7.3055e-006
18179,8.9343e-006
18180,7.2938e-006
18181,6.5946e-006
18182,1.4653e-004
18183,1.3225e-004
18184,1.2185e-004
18185,1.259e-004
18186,2.0933e-004
18187,1.6577e-004
18188,1.6913e-004
18189,1.0561e-004
18190,8.8713e-005
18191,9.2859e-005
18192,6.0922e-005
18193,1.2019e-004
18194,5.4e-005
18195,6.1894e-005
18196,6.5654e-005
18197,7.1387e-005
18198,6.4613e-005
18199,7.5503e-005
18200,6.2532e-005
18201,9.4152e-007
18202,8.8611e-007
18203,1.0223e-006
18204,1.1769e-006
18205,1.6075e-006
18206,1.4283e-006
18207,1.0572e-006
18208,1.4389e-004
18209,1.091e-004
18210,1.4688e-004
18211,8.4378e-005
18212,8.0622e-005
18213,8.2907e-005
18214,7.7886e-005
18215,1.0167e-004
18216,9.4567e-005
18217,3.4547e-004
18218,2.3299e-004
18219,1.7585e-004
18220,1.8578e-004
18221,3.3816e-004
18222,1.9436e-004
18223,1.2661e-004
18224,1.2642e-004
18225,6.7439e-005
18226,8.2234e-005
18227,9.285e-005
18228,1.0426e-004
18229,8.3525e-005
18230,7.1928e-005
18231,6.6968e-005
18232,8.8007e-005
18233,2.5371e-005
18234,2.1416e-005
18235,2.0348e-005
18236,2.2186e-005
18237,1.9342e-005
18238,2.8878e-005
18239,2.1242e-005
18240,2.2452e-005
18241,2.6411e-005
18242,2.2239e-005
18243,4.1359e-005
18244,3.8195e-005
18245,4.423e-005
18246,4.1795e-005
18247,5.7237e-005
18248,5.3627e-005
18249,5.029e-005
18250,4.1043e-005
18251,5.2544e-005
18252,1.6976e-006
18253,1.5419e-006
18254,1.7659e-006
18255,1.2622e-006
18256,2.1674e-006
18257,1.7248e-006
18258,2.3284e-006
18259,2.1308e-006
18260,2.0437e-006
18261,1.5214e-006
18262,1.5895e-006
18263,1.5383e-006
18264,1.1253e-006
18265,1.9464e-006
18266,2.0331e-006
18267,1.3588e-006
18268,2.8323e-005
18269,2.0287e-005
18270,2.2035e-005
18271,2.3061e-005
18272,2.9705e-005
18273,2.4225e-005
18274,1.9526e-005
18275,2.3444e-005
18276,5.9563e-005
18277,1.3812e-004
18278,6.0903e-005
18279,6.3791e-005
18280,9.8756e-005
18281,6.7646e-005
18282,7.1992e-005
18283,6.3748e-005
18284,1.0915e-004
18285,1.3802e-006
18286,1.649e-006
18287,2.3924e-006
18288,2.5872e-006
18289,2.3884e-006
18290,1.3469e-006
18291,1.6464e-006
18292,2.0449e-006
18293,1.9205e-006
18294,2.0072e-006
18295,1.4043e-006
18296,1.8979e-006
18297,9.6045e-005
18298,7.3084e-005
18299,6.8056e-005
18300,8.0844e-005
18301,5.6683e-005
18302,7.8555e-005
18303,8.7497e-005
18304,6.0139e-005
18305,6.596e-005
18306,9.3235e-007
18307,2.8739e-006
18308,2.1135e-006
18309,3.3334e-006
18310,4.1024e-006
18311,7.5057e-006
18312,5.1178e-006
18313,5.3706e-006
18314,2.9459e-006
18315,5.7933e-004
18316,4.5313e-004
18317,4.5327e-004
18318,1.0094e-004
18319,1.1883e-004
18320,9.7978e-005
18321,1.0783e-004
18322,1.2129e-004
18323,1.3044e-004
18324,2.0434e-005
18325,2.6999e-005
18326,2.0421e-005
18327,2.2542e-005
18328,2.6067e-005
18329,2.0596e-005
18330,1.8352e-005
18331,2.1418e-005
18332,1.8578e-005
18333,2.6406e-006
18334,2.7646e-006
18335,1.9467e-006
18336,3.2217e-006
18337,2.0617e-006
18338,2.682e-006
18339,1.8779e-006
18340,3.1858e-006
18341,2.3804e-006
18342,8.0138e-005
18343,1.0983e-004
18344,7.1803e-005
18345,1.0879e-004
18346,8.9318e-005
18347,1.0052e-004
18348,7.7095e-005
18349,3.9635e-005
18350,3.5715e-005
18351,4.4413e-005
18352,3.5067e-005
18353,4.5e-005
18354,4.4239e-005
18355,4.8344e-005
18356,1.6035e-004
18357,7.1373e-005
18358,1.3779e-004
18359,7.5636e-005
18360,8.3784e-005
18361,7.3468e-005
18362,8.4684e-003
18363,2.6123e-005
18364,2.223e-005
18365,2.7162e-005
18366,2.3199e-005
18367,2.3962e-005
18368,2.4512e-005
18369,3.1378e-005
18370,2.1935e-005
18371,2.8781e-005
18372,2.4156e-005
18373,3.3209e-005
18374,2.1877e-006
18375,2.2967e-006
18376,2.0851e-006
18377,1.9267e-006
18378,2.0456e-006
18379,2.5418e-006
18380,2.2843e-006
18381,2.2259e-006
18382,2.8151e-006
18383,2.0266e-006
18384,1.8697e-006
18385,2.3369e-006
18386,1.6072e-006
18387,1.1997e-006
18388,2.2411e-006
18389,1.5355e-006
18390,1.8709e-006
18391,1.8409e-006
18392,1.4783e-006
18393,1.493e-006
18394,1.2628e-006
18395,1.7547e-005
18396,1.648e-005
18397,1.3667e-005
18398,1.58e-005
18399,1.5396e-005
18400,1.3106e-005
18401,1.7572e-005
18402,1.79e-005
18403,1.5101e-005
18404,1.4356e-005
18405,1.9265e-004
18406,1.6448e-004
18407,1.3091e-004
18408,1.3756e-004
18409,1.969e-005
18410,1.8486e-005
18411,1.8515e-005
18412,1.9298e-005
18413,1.6665e-005
18414,2.1272e-005
18415,2.1379e-005
18416,1.6256e-005
18417,2.0984e-005
18418,2.0779e-005
18419,1.7994e-005
18420,7.7581e-007
18421,2.2113e-007
18422,8.0116e-007
18423,4.4041e-007
18424,2.4347e-007
18425,2.7859e-007
18426,1.687e-006
18427,1.5924e-005
18428,1.3038e-005
18429,1.5242e-005
18430,1.0265e-005
18431,1.2047e-005
18432,1.3177e-005
18433,1.2298e-005
18434,1.5748e-005
18435,1.1745e-005
18436,1.0995e-005
18437,2.1038e-004
18438,7.6448e-007
18439,5.0997e-007
18440,8.363e-007
18441,7.386e-007
18442,9.7798e-007
18443,5.4734e-007
18444,1.0159e-006
18445,7.3951e-007
18446,4.1742e-005
18447,4.4498e-005
18448,5.1898e-005
18449,4.8517e-005
18450,6.7105e-005
18451,5.9035e-005
18452,4.336e-005
18453,5.9872e-005
18454,5.4933e-005
18455,4.3323e-005
18456,4.7037e-005
18457,2.1847e-005
18458,1.8541e-005
18459,2.4123e-005
18460,3.6934e-005
18461,2.4302e-005
18462,2.7669e-005
18463,2.0955e-005
18464,1.7305e-005
18465,1.7981e-005
18466,2.9689e-005
18467,2.7304e-004
18468,2.1789e-004
18469,2.3846e-004
18470,2.5218e-004
18471,2.3913e-004
18472,2.1885e-004
18473,2.332e-004
18474,2.7204e-004
18475,2.4743e-004
18476,1.4138e-005
18477,1.7859e-005
18478,1.5653e-005
18479,1.5833e-006
18480,1.2334e-006
18481,1.033e-006
18482,1.281e-006
18483,1.6358e-006
18484,1.0804e-006
18485,1.8514e-005
18486,2.244e-005
18487,2.5914e-005
18488,2.0365e-005
18489,3.1326e-005
18490,5.8408e-005
18491,5.9405e-005
18492,5.148e-005
18493,5.0578e-005
18494,8.8049e-005
18495,1.9548e-004
18496,8.2239e-005
18497,8.248e-005
18498,1.0747e-004
18499,1.3911e-004
18500,1.5662e-004
18501,1.5385e-004
18502,1.7006e-004
18503,1.4018e-004
18504,1.8005e-004
18505,1.6943e-004
18506,1.5301e-004
18507,1.4459e-004
18508,1.9697e-005
18509,2.1145e-005
18510,2.1007e-005
18511,2.7803e-005
18512,1.6393e-006
18513,1.5996e-006
18514,2.4596e-006
18515,1.7943e-006
18516,2.5395e-006
18517,2.3746e-006
18518,1.8742e-006
18519,2.7017e-006
18520,2.1062e-006
18521,1.0452e-006
18522,1.7392e-006
18523,1.5277e-006
18524,1.1489e-006
18525,1.3397e-006
18526,2.0743e-006
18527,1.0744e-006
18528,1.564e-006
18529,1.661e-006
18530,1.0183e-006
18531,3.09e-006
18532,2.1653e-006
18533,3.2882e-006
18534,2.7106e-006
18535,2.848e-006
18536,3.0575e-006
18537,2.2783e-006
18538,9.5891e-006
18539,1.267e-005
18540,1.5652e-005
18541,1.0547e-005
18542,1.4548e-005
18543,1.0293e-005
18544,1.3921e-005
18545,1.5069e-005
18546,1.2045e-005
18547,1.1967e-005
18548,1.7118e-005
18549,1.1602e-005
18550,6.0901e-007
18551,9.8073e-007
18552,6.6921e-007
18553,7.2813e-007
18554,8.5314e-007
18555,8.6506e-007
18556,6.4616e-007
18557,6.0895e-007
18558,1.0596e-006
18559,9.2946e-007
18560,7.9422e-007
18561,9.8443e-007
18562,6.2039e-007
18563,1.1122e-005
18564,1.0818e-005
18565,9.0497e-006
18566,1.2322e-005
18567,1.0856e-005
18568,9.2258e-006
18569,8.4314e-006
18570,9.5994e-006
18571,6.2701e-006
18572,8.4467e-006
18573,1.0338e-005
18574,7.4523e-006
18575,5.2662e-006
18576,5.3093e-006
18577,5.9602e-006
18578,5.1262e-006
18579,4.1384e-006
18580,6.0309e-006
18581,3.5786e-006
18582,5.281e-006
18583,2.7521e-006
18584,4.1589e-006
18585,4.3028e-006
18586,4.654e-006
18587,2.5006e-006
18588,2.565e-006
18589,1.5359e-006
18590,1.5381e-006
18591,1.6276e-006
18592,1.6791e-006
18593,2.123e-006
18594,2.0664e-006
18595,2.4084e-004
18596,3.1868e-004
18597,2.1376e-004
18598,2.1528e-004
18599,2.7177e-004
18600,2.2048e-004
18601,2.7425e-004
18602,2.3883e-004
18603,2.4632e-004
18604,1.46e-005
18605,1.6506e-005
18606,1.3345e-005
18607,1.0457e-005
18608,1.5067e-005
18609,1.2705e-005
18610,1.2957e-005
18611,1.5307e-005
18612,5.1455e-006
18613,5.258e-006
18614,6.4407e-006
18615,1.4434e-005
18616,4.7202e-006
18617,1.423e-005
18618,1.2596e-005
18619,8.573e-006
18620,1.0575e-005
18621,5.601e-006
18622,6.0245e-006
18623,4.1852e-006
18624,7.2202e-006
18625,5.7753e-006
18626,9.5557e-006
18627,7.9429e-006
18628,9.5504e-006
18629,2.598e-009
18630,6.2736e-009
18631,4.6005e-013
18632,9.0615e-013
18633,1.2128e-012
18634,5.1881e-013
18635,8.0369e-012
18636,4.8971e-012
18637,7.6302e-012
18638,9.0645e-003
18639,9.6599e-003
18640,1.2995e-004
18641,1.9913e-004
18642,1.6841e-004
18643,2.2166e-004
18644,1.4573e-004
18645,1.247e-004
18646,1.0616e-002
18647,1.0395e-002
18648,1.0032e-002
18649,6.3013e-005
18650,4.8869e-005
18651,4.7271e-005
18652,7.1574e-005
18653,5.1105e-005
18654,5.0184e-005
18655,5.2227e-005
18656,5.7627e-005
18657,6.6919e-005
18658,1.0963e-005
18659,1.4789e-005
18660,1.3005e-005
18661,1.0994e-005
18662,3.716e-005
18663,2.8462e-005
18664,3.1484e-005
18665,3.3733e-005
18666,4.1076e-005
18667,4.4176e-005
18668,3.502e-005
18669,4.778e-005
18670,3.2772e-005
18671,7.5047e-005
18672,9.7186e-005
18673,7.9842e-005
18674,7.1493e-005
18675,9.3954e-005
18676,7.5902e-005
18677,7.2808e-005
18678,1.2397e-004
18679,4.2653e-005
18680,5.1932e-005
18681,4.2894e-005
18682,5.3881e-005
18683,4.4214e-005
18684,7.278e-005
18685,5.3432e-005
18686,5.2201e-005
18687,1.035e-005
18688,8.852e-006
18689,1.424e-005
18690,8.1349e-006
18691,9.1193e-006
18692,1.2437e-005
18693,9.8595e-006
18694,8.0866e-006
18695,1.6361e-005
18696,1.6358e-005
18697,1.2077e-005
18698,1.2682e-005
18699,1.3593e-005
18700,1.3476e-005
18701,1.1365e-005
18702,1.3143e-005
18703,1.2732e-005
18704,2.1758e-005
18705,1.9093e-005
18706,2.201e-005
18707,1.8027e-005
18708,1.6883e-005
18709,2.8317e-005
18710,1.5589e-005
18711,1.6383e-005
18712,1.3799e-005
18713,1.2131e-005
18714,1.6259e-005
18715,1.07e-005
18716,1.3649e-005
18717,9.6098e-006
18718,9.2541e-007
18719,1.0711e-006
18720,1.9052e-006
18721,9.8201e-007
18722,1.6473e-006
18723,1.63e-006
18724,1.6313e-006
18725,1.4509e-006
18726,5.7263e-006
18727,6.6755e-006
18728,6.1244e-006
18729,8.5307e-006
18730,5.8725e-006
18731,4.7699e-006
18732,4.9172e-006
18733,4.1633e-006
18734,7.4585e-006
18735,7.9273e-006
18736,5.2678e-006
18737,6.247e-005
18738,5.6557e-005
18739,5.4701e-005
18740,7.9117e-005
18741,4.8958e-005
18742,5.6607e-005
18743,5.9614e-005
18744,5.8792e-005
18745,6.9421e-005
18746,1.15e-005
18747,1.1078e-005
18748,9.862e-006
18749,9.9685e-006
18750,1.2229e-005
18751,1.1543e-005
18752,9.4075e-006
18753,1.0131e-005
18754,1.2082e-005
18755,1.1472e-005
18756,1.0823e-005
18757,1.122e-005
18758,1.0027e-005
18759,1.0986e-005
18760,1.0404e-005
18761,1.2018e-005
18762,1.0825e-004
18763,1.3871e-004
18764,1.3646e-004
18765,9.8015e-005
18766,1.2473e-004
18767,1.1201e-004
18768,1.0122e-004
18769,8.1174e-005
18770,9.6929e-005
18771,1.1267e-004
18772,7.834e-005
18773,1.1764e-004
18774,1.7489e-006
18775,2.0592e-006
18776,2.2266e-006
18777,2.6621e-006
18778,2.6067e-006
18779,2.2064e-006
18780,1.3438e-006
18781,1.9151e-006
18782,1.6661e-006
18783,1.4956e-006
18784,8.8267e-006
18785,6.829e-006
18786,8.0414e-006
18787,7.132e-006
18788,1.8162e-005
18789,1.4744e-005
18790,1.9504e-005
18791,1.47e-005
18792,1.2278e-005
18793,1.4179e-005
18794,1.4602e-005
18795,1.6633e-005
18796,1.256e-005
18797,8.6633e-007
18798,9.2964e-007
18799,1.1774e-006
18800,1.2719e-006
18801,1.1988e-006
18802,1.8958e-005
18803,1.425e-005
18804,1.1415e-005
18805,1.3563e-005
18806,1.3691e-005
18807,5.3517e-006
18808,5.0863e-006
18809,4.7626e-006
18810,5.5602e-006
18811,5.7399e-006
18812,6.4498e-006
18813,7.2002e-007
18814,1.2306e-006
18815,1.1513e-006
18816,5.6469e-007
18817,7.6858e-007
18818,7.2859e-007
18819,1.2726e-006
18820,9.5604e-007
18821,4.5135e-007
18822,1.0899e-006
18823,9.9701e-007
18824,6.0911e-007
18825,8.0039e-007
18826,8.4499e-003
18827,1.1139e-004
18828,1.2406e-004
18829,1.0345e-004
18830,1.2702e-004
18831,1.1563e-004
18832,1.4233e-004
18833,6.3058e-012
18834,3.0269e-012
18835,3.889e-012
18836,6.3749e-012
18837,2.1032e-005
18838,2.318e-005
18839,2.0048e-005
18840,2.3771e-005
18841,3.1504e-005
18842,2.2694e-005
18843,5.0791e-007
18844,5.4696e-007
18845,2.7162e-007
18846,9.8419e-006
18847,1.1768e-005
18848,1.1327e-005
18849,1.0178e-005
18850,5.1423e-005
18851,4.1828e-005
18852,4.8071e-005
18853,6.5543e-005
18854,6.1377e-005
18855,4.7873e-005
18856,6.8922e-005
18857,5.7541e-005
18858,5.196e-006
18859,6.488e-006
18860,4.5998e-006
18861,5.2657e-006
18862,6.4306e-006
18863,6.5513e-006
18864,4.8843e-006
18865,7.565e-006
18866,5.5363e-006
18867,4.9425e-006
18868,4.0428e-006
18869,4.2696e-006
18870,2.488e-006
18871,6.0231e-007
18872,2.4739e-005
18873,2.6236e-005
18874,2.2405e-005
18875,2.6684e-005
18876,2.6535e-005
18877,3.2934e-005
18878,3.0828e-005
18879,2.9447e-005
18880,2.9913e-005
18881,3.8356e-005
18882,2.4727e-005
18883,1.121e-006
18884,8.3156e-007
18885,9.7781e-007
18886,6.5411e-007
18887,6.7187e-007
18888,1.2927e-004
18889,1.3869e-004
18890,1.1947e-004
18891,1.7745e-005
18892,1.3959e-005
18893,1.9557e-005
18894,1.6811e-005
18895,1.4851e-005
18896,1.4077e-005
18897,1.4604e-005
18898,1.5702e-005
18899,1.6053e-005
18900,1.3737e-005
18901,1.2489e-005
18902,1.891e-005
18903,1.3491e-005
18904,1.5787e-005
18905,1.4564e-005
18906,1.82e-005
18907,2.3613e-005
18908,2.7651e-005
18909,2.6141e-005
18910,2.5851e-005
18911,3.2085e-005
18912,2.4228e-005
18913,2.4384e-005
18914,3.8537e-005
18915,3.0226e-005
18916,1.5021e-004
18917,7.6729e-005
18918,1.4334e-004
18919,8.2193e-005
18920,9.967e-005
18921,7.978e-005
18922,9.7514e-005
18923,8.9549e-005
18924,1.8056e-005
18925,1.4802e-005
18926,1.6945e-005
18927,4.6152e-005
18928,3.5786e-005
18929,5.1777e-005
18930,4.2855e-005
18931,6.2495e-005
18932,1.071e-005
18933,1.1925e-005
18934,1.24e-005
18935,1.0639e-005
18936,1.3238e-005
18937,1.1177e-005
18938,1.0471e-005
18939,1.142e-005
18940,1.273e-005
18941,1.0009e-005
18942,1.0369e-005
18943,1.1605e-005
18944,1.1227e-005
18945,1.3981e-005
18946,1.2833e-005
18947,1.1068e-005
18948,1.1979e-005
18949,1.0195e-005
18950,1.3553e-005
18951,1.3616e-005
18952,1.1484e-005
18953,1.1227e-005
18954,2.7537e-005
18955,2.1364e-005
18956,2.3898e-005
18957,2.4303e-005
18958,2.658e-005
18959,2.1102e-005
18960,2.142e-005
18961,2.1438e-005
18962,1.3559e-005
18963,1.1775e-005
18964,9.8854e-006
18965,1.082e-005
18966,1.398e-005
18967,1.1247e-005
18968,1.0256e-005
18969,1.2827e-005
18970,1.8171e-005
18971,2.0532e-005
18972,1.5729e-005
18973,1.4184e-005
18974,1.8941e-005
18975,1.5719e-005
18976,1.9388e-005
18977,1.6392e-005
18978,5.9875e-005
18979,5.6228e-005
18980,3.7046e-005
18981,4.9965e-005
18982,4.7346e-005
18983,4.2629e-005
18984,4.0399e-005
18985,9.4337e-006
18986,9.2936e-006
18987,8.7691e-006
18988,1.1081e-005
18989,8.4204e-006
18990,9.2355e-006
18991,1.0322e-005
18992,9.9354e-006
18993,4.9106e-007
18994,1.5202e-006
18995,6.8331e-007
18996,1.3256e-006
18997,1.2054e-006
18998,1.548e-006
18999,7.757e-007
19000,1.4087e-006
19001,1.2931e-006
19002,1.1149e-006
19003,9.5884e-007
19004,2.5519e-007
19005,7.7928e-007
19006,6.4772e-007
19007,5.7812e-007
19008,2.6808e-007
19009,2.316e-006
19010,5.2512e-006
19011,2.8607e-006
19012,7.5e-007
19013,2.0758e-006
19014,1.7818e-006
19015,1.1205e-006
19016,2.9265e-006
19017,6.2915e-006
19018,4.3742e-006
19019,4.705e-006
19020,4.4757e-006
19021,1.0507e-006
19022,6.3083e-007
19023,5.8528e-007
19024,8.4595e-007
19025,1.0977e-006
19026,1.2828e-006
19027,1.1562e-006
19028,9.2184e-007
19029,9.4222e-007
19030,1.1788e-006
19031,1.0952e-006
19032,7.185e-007
19033,1.4245e-006
19034,1.7658e-006
19035,1.6125e-006
19036,1.6575e-006
19037,1.8899e-006
19038,6.9912e-007
19039,8.6322e-007
19040,8.8497e-007
19041,7.9547e-007
19042,7.8684e-009
19043,3.2253e-008
19044,1.2557e-006
19045,7.2596e-007
19046,1.6271e-006
19047,2.0456e-007
19048,6.71e-007
19049,2.5456e-006
19050,1.1911e-004
19051,6.9515e-005
19052,1.5791e-004
19053,6.6256e-005
19054,6.9838e-005
19055,7.5568e-005
19056,8.5081e-005
19057,9.314e-005
19058,3.2301e-013
19059,1.4723e-013
19060,7.5608e-003
19061,7.8295e-003
19062,8.0269e-003
19063,1.1043e-002
19064,1.0037e-002
19065,1.0128e-002
19066,2.7852e-012
19067,2.1839e-003
19068,1.9905e-003
19069,2.2665e-003
19070,8.0047e-003
19071,7.5705e-003
19072,2.0452e-003
19073,6.4431e-005
19074,5.4257e-005
19075,8.2792e-005
19076,5.3581e-007
19077,2.4764e-007
19078,3.8574e-007
19079,9.7509e-007
19080,1.1406e-006
19081,8.6126e-007
19082,1.3139e-006
19083,1.1252e-006
19084,8.4884e-007
19085,9.0704e-007
19086,1.0978e-006
19087,1.0935e-006
19088,7.6895e-007
19089,1.5123e-005
19090,1.1431e-005
19091,1.2329e-005
19092,1.4855e-005
19093,1.2221e-005
19094,1.2055e-005
19095,1.0045e-005
19096,1.0605e-005
19097,1.0205e-005
19098,2.836e-005
19099,2.8717e-005
19100,2.3002e-005
19101,2.4307e-005
19102,1.9415e-005
19103,2.1467e-005
19104,1.9154e-005
19105,2.3342e-005
19106,2.0613e-005
19107,3.0484e-006
19108,4.1999e-006
19109,4.0121e-006
19110,2.884e-005
19111,2.3392e-005
19112,2.9013e-005
19113,2.1417e-005
19114,2.5511e-005
19115,1.956e-005
19116,2.0733e-005
19117,2.4461e-005
19118,8.4809e-006
19119,5.5987e-006
19120,2.7719e-006
19121,1.0871e-005
19122,6.0917e-006
19123,5.1024e-006
19124,9.2022e-006
19125,7.3591e-006
19126,4.9238e-006
19127,3.6961e-006
19128,2.3218e-006
19129,2.3627e-006
19130,3.521e-006
19131,3.0538e-006
19132,3.6837e-006
19133,3.9057e-006
19134,2.7754e-006
19135,6.494e-007
19136,3.4924e-007
19137,1.1695e-006
19138,1.0779e-006
19139,9.7088e-007
19140,1.3723e-005
19141,1.3897e-005
19142,1.6709e-005
19143,1.2616e-005
19144,1.5336e-005
19145,1.0097e-006
19146,1.1792e-006
19147,1.2076e-005
19148,1.3748e-005
19149,1.4541e-005
19150,1.7671e-005
19151,1.2867e-005
19152,1.2298e-005
19153,1.519e-005
19154,1.2011e-005
19155,1.3621e-005
19156,1.8798e-006
19157,2.9125e-006
19158,2.7826e-006
19159,2.1787e-006
19160,2.6641e-006
19161,1.8054e-006
19162,2.1521e-006
19163,1.8845e-006
19164,1.5042e-006
19165,2.6295e-006
19166,2.8407e-006
19167,2.738e-006
19168,1.6282e-006
19169,1.9107e-006
19170,2.612e-006
19171,1.6589e-006
19172,2.1237e-006
19173,2.4497e-006
19174,2.4997e-006
19175,5.304e-006
19176,3.527e-006
19177,4.2028e-006
19178,3.8655e-006
19179,4.7988e-006
19180,4.5565e-006
19181,5.8446e-006
19182,9.1474e-007
19183,9.5991e-007
19184,1.1402e-006
19185,1.0236e-006
19186,1.5034e-006
19187,8.5889e-007
19188,9.8879e-007
19189,1.192e-006
19190,1.3307e-006
19191,8.0679e-007
19192,7.64e-007
19193,8.6033e-007
19194,6.2195e-007
19195,5.6851e-007
19196,1.2185e-006
19197,8.8635e-007
19198,1.5519e-006
19199,8.7174e-007
19200,9.1816e-007
19201,1.0875e-007
19202,4.5965e-008
19203,4.4045e-006
19204,4.151e-006
19205,2.4667e-006
19206,3.0031e-006
19207,3.8752e-006
19208,4.0857e-006
19209,3.2449e-006
19210,4.0435e-006
19211,3.2318e-006
19212,3.5198e-006
19213,3.8502e-006
19214,3.4182e-006
19215,2.8704e-006
19216,2.5873e-006
19217,1.9628e-006
19218,2.1017e-006
19219,2.3389e-006
19220,2.1071e-006
19221,2.5126e-006
19222,9.1383e-007
19223,1.2076e-006
19224,9.0076e-012
19225,1.2886e-012
19226,2.6064e-012
19227,2.5017e-005
19228,2.4153e-005
19229,2.1201e-005
19230,2.3069e-005
19231,2.3971e-005
19232,2.8385e-005
19233,2.1405e-005
19234,2.0009e-005
19235,2.8688e-005
19236,3.8213e-005
19237,2.8668e-005
19238,3.1408e-005
19239,2.8421e-005
19240,2.8839e-005
19241,3.1999e-005
19242,4.1547e-005
19243,3.3764e-005
19244,4.1835e-005
19245,3.9683e-005
19246,4.8667e-005
19247,4.8284e-005
19248,3.5818e-005
19249,3.8207e-005
19250,3.9882e-005
19251,4.5253e-005
19252,3.8544e-005
19253,3.8158e-005
19254,4.5849e-005
19255,2.6223e-005
19256,4.0248e-005
19257,2.3041e-005
19258,2.4664e-005
19259,3.1536e-005
19260,2.7834e-005
19261,2.4111e-005
19262,3.5713e-005
19263,1.8676e-005
19264,1.691e-005
19265,2.129e-005
19266,1.6692e-005
19267,2.1229e-005
19268,1.741e-005
19269,1.7407e-005
19270,2.8858e-005
19271,3.2157e-005
19272,3.3684e-005
19273,2.8489e-005
19274,2.7696e-005
19275,2.5689e-005
19276,3.3105e-005
19277,3.6974e-005
19278,4.0081e-005
19279,3.3001e-005
19280,1.5683e-005
19281,2.3341e-005
19282,1.919e-005
19283,3.4501e-005
19284,1.9396e-005
19285,1.9489e-005
19286,2.1565e-005
19287,1.7328e-005
19288,2.9492e-005
19289,2.1996e-005
19290,2.0512e-005
19291,1.7647e-005
19292,1.4113e-005
19293,2.0189e-005
19294,1.6101e-005
19295,1.5099e-005
19296,1.2051e-005
19297,1.4104e-005
19298,1.617e-005
19299,1.3409e-005
19300,1.6619e-005
19301,3.0747e-005
19302,1.5451e-005
19303,2.7821e-005
19304,2.2355e-005
19305,1.8459e-005
19306,1.81e-005
19307,1.8839e-005
19308,2.1287e-005
19309,1.614e-005
19310,2.079e-005
19311,1.7239e-005
19312,1.8246e-005
19313,2.0845e-005
19314,1.4782e-005
19315,1.5339e-005
19316,1.7188e-005
19317,1.57e-005
19318,1.4583e-005
19319,1.4928e-005
19320,1.8679e-005
19321,3.1524e-005
19322,1.7599e-005
19323,2.1255e-005
19324,3.1797e-005
19325,3.051e-005
19326,2.1113e-005
19327,2.3668e-005
19328,3.7818e-005
19329,2.3703e-005
19330,4.2554e-005
19331,1.1013e-005
19332,6.9367e-006
19333,9.1779e-006
19334,6.6208e-006
19335,1.0474e-005
19336,6.1387e-006
19337,1.167e-005
19338,7.8877e-006
19339,2.0775e-005
19340,1.6945e-005
19341,1.7409e-005
19342,1.4467e-005
19343,1.9893e-005
19344,1.4858e-005
19345,1.7447e-005
19346,1.3805e-005
19347,1.4278e-005
19348,1.5046e-005
19349,1.6408e-005
19350,2.0577e-005
19351,1.8381e-005
19352,1.9056e-005
19353,1.5867e-005
19354,1.638e-005
19355,1.5603e-005
19356,1.5726e-005
19357,2.4495e-005
19358,2.5643e-005
19359,2.2366e-005
19360,2.1993e-005
19361,2.2183e-005
19362,2.7441e-005
19363,2.9586e-005
19364,2.0748e-005
19365,1.8639e-005
19366,2.4488e-005
19367,2.4183e-005
19368,1.8576e-005
19369,1.8778e-005
19370,2.0306e-005
19371,1.6613e-005
19372,1.976e-005
19373,6.0564e-006
19374,7.7995e-006
19375,7.818e-006
19376,6.891e-006
19377,5.532e-006
19378,6.9797e-006
19379,6.0479e-006
19380,5.6201e-006
19381,6.8632e-006
19382,1.5495e-005
19383,7.1223e-006
19384,1.2478e-005
19385,1.1004e-005
19386,8.7674e-006
19387,1.214e-005
19388,8.5913e-006
19389,9.6526e-006
19390,7.68e-006
19391,6.5569e-006
19392,1.1896e-005
19393,1.2781e-005
19394,1.0491e-005
19395,1.0772e-005
19396,1.049e-005
19397,1.2763e-005
19398,1.3232e-005
19399,9.6161e-006
19400,1.0326e-005
19401,1.1193e-005
19402,1.2364e-005
19403,4.1975e-006
19404,3.5047e-006
19405,3.9367e-006
19406,3.882e-006
19407,3.2708e-006
19408,2.1867e-006
19409,2.7937e-006
19410,3.5917e-006
19411,2.2798e-006
19412,3.5328e-006
19413,2.9336e-006
19414,4.0085e-006
19415,1.3771e-005
19416,1.0629e-005
19417,1.0805e-005
19418,9.4418e-006
19419,1.3246e-005
19420,1.1177e-005
19421,1.0701e-005
19422,9.1911e-006
19423,9.2005e-006
19424,5.3307e-006
19425,5.4523e-006
19426,5.8986e-006
19427,5.2465e-006
19428,4.4397e-006
19429,5.0517e-006
19430,4.666e-006
19431,4.5009e-006
19432,3.9094e-006
19433,4.0642e-006
19434,4.1445e-006
19435,5.0084e-006
19436,7.5763e-007
19437,2.5931e-006
19438,3.0983e-006
19439,3.5203e-006
19440,3.5029e-006
19441,2.6859e-006
19442,1.9268e-006
19443,1.2348e-006
19444,4.2442e-006
19445,2.0961e-005
19446,5.7957e-006
19447,9.1196e-006
19448,1.236e-005
19449,7.7949e-006
19450,1.2791e-005
19451,8.4409e-006
19452,1.1232e-005
19453,1.9089e-005
19454,1.6561e-005
19455,1.6122e-005
19456,2.141e-005
19457,1.9049e-005
19458,1.8688e-005
19459,1.6236e-005
19460,1.5976e-005
19461,1.4814e-005
19462,1.9638e-005
19463,1.6425e-005
19464,2.289e-005
19465,1.152e-005
19466,1.3347e-005
19467,1.0556e-005
19468,1.5409e-005
19469,1.9127e-005
19470,1.4992e-005
19471,1.17e-005
19472,2.5468e-005
19473,2.2901e-005
19474,2.3159e-005
19475,3.2433e-005
19476,2.2236e-005
19477,2.3244e-005
19478,2.6704e-005
19479,2.8307e-005
19480,1.9722e-005
19481,2.976e-005
19482,2.6965e-005
19483,3.9488e-005
19484,2.5471e-005
19485,2.9043e-005
19486,2.6198e-005
19487,4.3377e-005
19488,2.4191e-005
19489,3.0802e-005
19490,4.154e-005
19491,3.227e-005
19492,2.8322e-005
19493,4.8645e-005
19494,2.6799e-005
19495,3.1557e-005
19496,3.3547e-005
19497,3.9316e-005
19498,3.3382e-005
19499,5.2874e-005
19500,2.8939e-005
19501,2.4963e-005
19502,2.4988e-005
19503,3.2671e-005
19504,2.585e-005
19505,2.1875e-005
19506,2.8172e-005
19507,2.369e-005
19508,2.4694e-005
19509,2.7134e-005
19510,2.7534e-005
19511,2.8738e-005
19512,2.9675e-005
19513,2.4274e-005
19514,2.8065e-005
19515,3.1539e-005
19516,3.9986e-005
19517,1.682e-005
19518,1.9553e-005
19519,2.0227e-005
19520,1.5101e-005
19521,2.0466e-005
19522,1.3937e-005
19523,1.8191e-005
19524,6.3875e-006
19525,6.6686e-006
19526,7.2569e-006
19527,6.9015e-006
19528,6.7206e-006
19529,5.9392e-006
19530,5.9288e-006
19531,5.3275e-006
19532,5.7069e-006
19533,1.047e-005
19534,9.8806e-006
19535,1.999e-006
19536,4.235e-006
19537,3.2282e-006
19538,6.3586e-006
19539,4.6522e-006
19540,3.9534e-006
19541,3.5756e-007
19542,1.0505e-006
19543,9.793e-007
19544,1.3263e-006
19545,1.0682e-006
19546,7.5939e-007
19547,1.0494e-006
19548,5.8581e-007
19549,3.4834e-007
19550,2.5164e-007
19551,9.8405e-007
19552,1.8723e-005
19553,1.4891e-005
19554,1.1728e-005
19555,1.3477e-005
19556,1.1055e-005
19557,1.4763e-005
19558,2.1228e-005
19559,1.7511e-005
19560,7.6841e-006
19561,6.927e-006
19562,7.9885e-006
19563,6.9023e-006
19564,7.2617e-006
19565,5.6563e-006
19566,5.8639e-006
19567,6.1645e-006
19568,7.3068e-006
19569,5.7779e-006
19570,7.1726e-006
19571,1.4405e-005
19572,1.3449e-005
19573,9.6442e-006
19574,1.163e-005
19575,1.0189e-005
19576,1.1459e-005
19577,1.2071e-005
19578,9.2825e-006
19579,1.0029e-005
19580,9.8392e-006
19581,4.8565e-006
19582,4.0227e-006
19583,7.0825e-006
19584,7.716e-006
19585,4.9411e-006
19586,4.2389e-006
19587,5.9239e-006
19588,1.1587e-005
19589,4.3913e-006
19590,1.3067e-005
19591,1.4807e-005
19592,1.8412e-005
19593,1.2993e-005
19594,1.4641e-005
19595,1.4941e-005
19596,1.1531e-005
19597,1.1033e-005
19598,1.2892e-005
19599,9.688e-006
19600,2.1816e-005
19601,2.0388e-005
19602,2.5312e-005
19603,1.1736e-005
19604,1.7812e-005
19605,1.5648e-005
19606,1.9864e-005
19607,8.7987e-006
19608,1.3839e-005
19609,2.1005e-005
19610,1.7541e-005
19611,1.8172e-005
19612,1.5099e-005
19613,1.5598e-005
19614,1.7824e-005
19615,1.4439e-005
19616,1.8677e-005
19617,1.5786e-005
19618,1.5305e-005
19619,1.7513e-005
19620,1.7917e-005
19621,2.1363e-005
19622,2.1235e-005
19623,1.5763e-005
19624,1.5717e-005
19625,1.9642e-005
19626,1.526e-005
19627,1.5823e-005
19628,4.4574e-006
19629,6.5372e-006
19630,7.666e-006
19631,8.9165e-006
19632,4.5826e-006
19633,1.1278e-005
19634,1.0084e-005
19635,1.0804e-005
19636,1.4308e-005
19637,9.0924e-006
19638,1.1299e-005
19639,1.1008e-005
19640,8.4798e-006
19641,9.4033e-006
19642,9.3213e-006
19643,7.5688e-006
19644,9.7808e-006
19645,8.1804e-006
19646,8.3908e-006
19647,7.7988e-006
19648,6.3105e-006
19649,7.47e-006
19650,5.7177e-006
19651,7.1171e-006
19652,5.3499e-006
19653,7.815e-006
19654,6.3523e-006
19655,5.3586e-006
19656,2.4276e-006
19657,7.2151e-007
19658,1.6968e-006
19659,2.9715e-006
19660,2.3447e-006
19661,4.1432e-006
19662,2.0836e-006
19663,1.441e-006
19664,7.7846e-007
19665,5.1113e-006
19666,5.0222e-006
19667,5.575e-006
19668,3.7111e-006
19669,5.2095e-006
19670,4.4869e-006
19671,4.4765e-006
19672,4.0579e-006
19673,4.4718e-006
19674,3.736e-006
19675,2.0477e-005
19676,1.6163e-005
19677,1.4185e-005
19678,1.6637e-005
19679,2.0009e-005
19680,1.4494e-005
19681,1.5765e-005
19682,1.5989e-005
19683,1.3469e-005
19684,1.4017e-005
19685,8.405e-006
19686,2.0376e-005
19687,1.911e-005
19688,8.4276e-006
19689,6.4592e-006
19690,7.1383e-006
19691,1.2763e-005
19692,1.5667e-005
19693,9.885e-006
19694,1.0912e-005
19695,2.7881e-005
19696,2.7073e-005
19697,2.0072e-005
19698,2.2936e-005
19699,2.3342e-005
19700,2.0954e-005
19701,2.3478e-005
19702,1.8518e-005
19703,1.937e-005
19704,2.2541e-005
19705,1.7964e-005
19706,1.6582e-005
19707,1.4821e-005
19708,1.8492e-005
19709,1.3567e-005
19710,1.5416e-005
19711,1.581e-005
19712,1.4368e-005
19713,1.8324e-005
19714,2.0388e-005
19715,1.8878e-005
19716,2.1988e-005
19717,1.9753e-005
19718,1.8414e-005
19719,2.5789e-005
19720,2.1682e-005
19721,1.06e-005
19722,1.2017e-005
19723,1.7263e-005
19724,1.4783e-005
19725,8.766e-006
19726,1.0375e-005
19727,1.1626e-005
19728,8.083e-006
19729,1.3655e-005
19730,1.2629e-005
19731,1.4973e-005
19732,1.575e-005
19733,1.1555e-005
19734,1.1925e-005
19735,1.1156e-005
19736,1.2755e-005
19737,1.1041e-005
19738,1.24e-005
19739,9.9723e-006
19740,1.0705e-005
19741,1.093e-005
19742,1.1529e-005
19743,1.004e-005
19744,1.1818e-005
19745,1.046e-005
19746,9.3883e-006
19747,1.0018e-005
19748,9.7763e-006
19749,1.6102e-005
19750,2.0182e-005
19751,1.3747e-005
19752,1.457e-005
19753,1.5948e-005
19754,1.7513e-005
19755,1.3804e-005
19756,1.2848e-005
19757,1.658e-005
19758,1.4646e-005
19759,1.603e-005
19760,1.6306e-005
19761,2.0336e-005
19762,1.9947e-005
19763,1.2896e-005
19764,1.5681e-005
19765,1.8149e-005
19766,1.5169e-005
19767,1.365e-005
19768,1.6122e-005
19769,3.1353e-005
19770,2.3759e-005
19771,2.1706e-005
19772,2.0616e-005
19773,1.606e-005
19774,2.785e-005
19775,1.4658e-005
19776,2.0506e-005
19777,1.9206e-005
19778,1.6661e-005
19779,1.9611e-005
19780,6.7157e-006
19781,6.4257e-006
19782,9.7801e-006
19783,1.4825e-005
19784,9.3823e-006
19785,1.3941e-005
19786,1.3517e-005
19787,1.5088e-005
19788,1.6106e-005
19789,1.3915e-005
19790,1.6815e-005
19791,1.7217e-005
19792,1.4546e-005
19793,1.2777e-005
19794,1.3368e-005
19795,1.229e-005
19796,5.2465e-005
19797,5.6024e-005
19798,3.5875e-005
19799,4.46e-005
19800,4.0642e-005
19801,5.2295e-005
19802,6.2507e-005
19803,4.1381e-005
19804,4.7522e-005
19805,4.2278e-005
19806,3.6526e-005
19807,3.6102e-005
19808,3.5098e-005
19809,3.0103e-005
19810,4.5025e-005
19811,3.994e-005
19812,4.5108e-005
19813,3.7039e-005
19814,3.8523e-005
19815,3.8554e-005
19816,3.7058e-005
19817,3.6209e-005
19818,4.1151e-005
19819,4.6507e-005
19820,4.7308e-005
19821,1.1084e-005
19822,1.1878e-005
19823,1.1692e-005
19824,1.3233e-005
19825,1.3477e-005
19826,1.2392e-005
19827,1.0869e-005
19828,1.1903e-005
19829,1.9145e-005
19830,2.0725e-005
19831,1.6968e-005
19832,1.976e-005
19833,1.7335e-005
19834,1.5046e-005
19835,2.436e-005
19836,1.7412e-005
19837,1.9693e-005
19838,1.7209e-005
19839,1.5976e-005
19840,1.804e-005
19841,2.3296e-005
19842,1.7157e-005
19843,2.0274e-005
19844,5.7153e-006
19845,4.2419e-006
19846,5.5058e-006
19847,5.4388e-006
19848,5.1238e-006
19849,4.5024e-006
19850,5.0724e-006
19851,4.7025e-006
19852,3.8764e-006
19853,3.531e-007
19854,1.3814e-006
19855,4.3951e-007
19856,1.0625e-006
19857,1.239e-006
19858,8.2985e-007
19859,9.908e-007
19860,9.9235e-007
19861,2.5856e-007
19862,1.1523e-006
19863,7.6839e-006
19864,7.2984e-006
19865,8.9038e-006
19866,6.8855e-006
19867,8.4964e-006
19868,7.7179e-006
19869,7.8582e-006
19870,7.7207e-006
19871,4.4819e-005
19872,4.5855e-005
19873,4.8919e-005
19874,4.1928e-005
19875,4.5797e-005
19876,5.1364e-005
19877,5.3144e-005
19878,5.7467e-005
19879,5.7068e-005
19880,5.2629e-005
19881,6.3197e-005
19882,6.342e-005
19883,5.9484e-005
19884,7.9856e-005
19885,5.2486e-005
19886,6.3049e-005
19887,3.6118e-005
19888,3.5447e-005
19889,3.5812e-005
19890,4.1149e-005
19891,3.9396e-005
19892,3.1327e-005
19893,3.2612e-005
19894,4.0984e-005
19895,5.0439e-005
19896,4.8097e-005
19897,4.1108e-005
19898,5.1672e-005
19899,4.0643e-005
19900,4.2293e-005
19901,3.8319e-005
19902,3.4333e-005
19903,4.3804e-005
19904,5.1861e-005
19905,4.6835e-005
19906,3.1108e-005
19907,3.885e-005
19908,2.8972e-005
19909,2.9886e-005
19910,3.2924e-005
19911,3.7633e-005
19912,2.6541e-005
19913,3.7311e-005
19914,3.7703e-005
19915,4.4921e-005
19916,3.4789e-005
19917,3.6047e-005
19918,3.9979e-005
19919,4.0016e-005
19920,4.8432e-005
19921,5.5418e-006
19922,7.7962e-006
19923,9.5456e-006
19924,7.3526e-006
19925,9.2101e-006
19926,8.4982e-006
19927,8.1503e-006
19928,5.1815e-006
19929,6.4947e-006
19930,8.2272e-006
19931,5.974e-006
19932,6.9601e-006
19933,6.3631e-006
19934,5.442e-006
19935,4.8338e-006
19936,3.7938e-006
19937,4.2173e-006
19938,4.7181e-006
19939,3.8754e-006
19940,5.3386e-006
19941,4.3569e-006
19942,5.1778e-006
19943,1.0059e-006
19944,1.508e-006
19945,1.3173e-006
19946,4.921e-007
19947,2.0243e-006
19948,1.0903e-006
19949,2.0853e-006
19950,2.2491e-006
19951,1.909e-006
19952,2.5416e-006
19953,2.178e-006
19954,1.9047e-006
19955,1.1484e-005
19956,1.3934e-005
19957,9.0203e-006
19958,1.0941e-005
19959,1.2501e-005
19960,1.0377e-005
19961,1.0158e-005
19962,9.0899e-006
19963,1.1948e-005
19964,2.8019e-005
19965,2.8389e-005
19966,3.3778e-005
19967,2.7073e-005
19968,3.4526e-005
19969,3.693e-005
19970,2.4583e-005
19971,2.8254e-005
19972,2.2629e-005
19973,2.1716e-005
19974,2.3985e-005
19975,2.1317e-005
19976,4.3038e-005
19977,2.2779e-005
19978,2.3538e-005
19979,2.1285e-005
19980,4.0927e-005
19981,3.0728e-005
19982,3.3522e-005
19983,2.5861e-005
19984,2.7788e-005
19985,3.2041e-005
19986,3.9545e-006
19987,6.2727e-007
19988,3.3455e-006
19989,2.2809e-006
19990,1.2187e-006
19991,2.1108e-006
19992,1.1987e-006
19993,8.0321e-006
19994,1.0728e-005
19995,9.027e-006
19996,1.1737e-005
19997,6.8585e-006
19998,9.5688e-006
19999,1.0209e-005
20000,8.0025e-006
20001,9.1444e-006
20002,1.0415e-005
20003,7.3961e-006
20004,8.8054e-006
20005,1.0103e-005
20006,7.0983e-006
20007,7.6524e-006
20008,9.9624e-006
20009,8.594e-006
20010,7.2513e-006
20011,8.841e-006
20012,7.8867e-006
20013,6.9549e-006
20014,8.7837e-006
20015,6.429e-006
20016,6.9326e-006
20017,8.4099e-006
20018,6.6066e-006
20019,8.216e-006
20020,5.4967e-006
20021,8.2433e-006
20022,7.0677e-006
20023,5.3781e-006
20024,6.0365e-006
20025,7.5657e-006
20026,5.5558e-006
20027,5.1213e-007
20028,4.2072e-006
20029,1.194e-006
20030,1.8405e-006
20031,3.5383e-006
20032,4.2116e-006
20033,1.5084e-006
20034,2.6655e-006
20035,7.0779e-006
20036,8.0511e-006
20037,6.5972e-006
20038,5.1085e-006
20039,5.9985e-006
20040,7.0701e-006
20041,5.3433e-006
20042,7.092e-006
20043,5.389e-006
20044,7.7471e-006
20045,4.7719e-006
20046,4.0218e-006
20047,2.4576e-006
20048,3.1153e-006
20049,4.3171e-006
20050,4.1375e-006
20051,3.228e-006
20052,3.7876e-006
20053,3.672e-006
20054,6.1978e-006
20055,6.2645e-006
20056,6.2251e-006
20057,4.6827e-006
20058,5.4335e-006
20059,5.014e-006
20060,4.1622e-006
20061,5.4494e-006
20062,4.5989e-006
20063,1.0219e-005
20064,8.6618e-006
20065,8.825e-006
20066,1.1725e-005
20067,1.0276e-005
20068,1.0111e-005
20069,9.0646e-006
20070,9.0205e-006
20071,1.0089e-005
20072,8.5466e-007
20073,1.9562e-006
20074,1.2424e-006
20075,1.3845e-006
20076,1.9299e-006
20077,1.6319e-006
20078,1.9458e-006
20079,1.4934e-006
20080,1.1804e-006
20081,7.8635e-007
20082,1.2258e-005
20083,1.4431e-005
20084,1.3622e-005
20085,1.7278e-005
20086,1.1912e-005
20087,1.6944e-005
20088,1.1038e-005
20089,1.2728e-005
20090,1.1237e-005
20091,1.3382e-005
20092,1.8473e-005
20093,1.3857e-005
20094,1.7579e-005
20095,2.4653e-005
20096,2.7376e-005
20097,1.7397e-005
20098,1.372e-005
20099,2.2347e-005
20100,1.9873e-005
20101,1.5879e-005
20102,1.9718e-005
20103,1.7871e-005
20104,2.8282e-005
20105,2.6742e-005
20106,2.1047e-005
20107,2.6888e-005
20108,3.8708e-006
20109,4.0036e-006
20110,7.4843e-006
20111,4.7667e-006
20112,9.0843e-006
20113,5.8572e-006
20114,1.2108e-005
20115,5.7461e-006
20116,7.2659e-006
20117,6.068e-006
20118,5.4388e-006
20119,5.137e-006
20120,4.0909e-006
20121,4.061e-006
20122,4.2212e-006
20123,4.5725e-006
20124,4.5007e-006
20125,5.4443e-006
20126,5.2572e-006
20127,3.9203e-006
20128,4.2228e-007
20129,2.5489e-006
20130,2.5285e-006
20131,1.1049e-006
20132,2.1806e-006
20133,4.0922e-006
20134,1.1944e-006
20135,3.1572e-006
20136,3.2081e-006
20137,2.583e-006
20138,2.7159e-006
20139,2.4636e-006
20140,2.3466e-006
20141,5.8754e-006
20142,8.455e-006
20143,7.3489e-006
20144,7.0274e-006
20145,6.2121e-006
20146,9.0147e-006
20147,6.0585e-006
20148,6.2132e-006
20149,7.3138e-006
20150,7.7998e-006
20151,9.516e-006
20152,8.2522e-006
20153,9.2708e-006
20154,5.941e-006
20155,6.8781e-006
20156,6.4993e-006
20157,8.5868e-006
20158,7.6615e-006
20159,6.8096e-006
20160,1.1147e-006
20161,1.1189e-006
20162,1.1934e-006
20163,4.7642e-007
20164,1.5983e-006
20165,6.8561e-007
20166,1.4131e-006
20167,5.5549e-006
20168,4.6945e-006
20169,3.0711e-006
20170,3.2244e-006
20171,1.8291e-006
20172,3.8457e-006
20173,5.5117e-006
20174,3.4263e-006
20175,8.9861e-006
20176,6.5901e-006
20177,7.9473e-006
20178,8.6951e-006
20179,5.2003e-006
20180,6.6192e-006
20181,7.7754e-006
20182,7.4575e-006
20183,6.3307e-006
20184,5.8616e-006
20185,7.7565e-006
20186,8.7539e-006
20187,1.0618e-005
20188,1.2924e-005
20189,9.1392e-006
20190,1.3022e-005
20191,1.0848e-005
20192,8.9445e-006
20193,1.064e-005
20194,9.3693e-006
20195,1.3945e-005
20196,1.4737e-005
20197,1.5203e-005
20198,1.6296e-005
20199,1.3983e-005
20200,1.811e-005
20201,1.5621e-005
20202,1.7334e-005
20203,1.5733e-005
20204,1.4391e-005
20205,1.4973e-005
20206,1.8368e-005
20207,1.6019e-005
20208,2.9225e-005
20209,3.4017e-005
20210,3.0459e-005
20211,3.518e-005
20212,2.7866e-005
20213,2.435e-005
20214,2.6206e-005
20215,3.2239e-005
20216,4.1194e-005
20217,2.8225e-005
20218,4.2723e-005
20219,3.9204e-005
20220,3.4791e-005
20221,4.4877e-005
20222,4.2253e-005
20223,3.9901e-005
20224,3.7141e-005
20225,4.3099e-005
20226,5.9181e-005
20227,3.9824e-005
20228,2.4651e-005
20229,2.1021e-005
20230,2.2229e-005
20231,2.5612e-005
20232,2.0826e-005
20233,2.3142e-005
20234,2.0824e-005
20235,2.5512e-005
20236,2.012e-005
20237,2.9896e-005
20238,6.7231e-006
20239,6.1989e-006
20240,5.5606e-006
20241,6.4882e-006
20242,5.5985e-006
20243,5.8409e-006
20244,6.2571e-006
20245,5.1145e-006
20246,5.5275e-006
20247,4.6441e-006
20248,8.7579e-006
20249,5.475e-006
20250,6.9905e-006
20251,6.3666e-006
20252,8.6074e-006
20253,7.6529e-006
20254,6.5901e-006
20255,7.4296e-006
20256,5.8291e-006
20257,1.9636e-005
20258,2.4653e-005
20259,2.2965e-005
20260,1.9104e-005
20261,1.9006e-005
20262,2.0007e-005
20263,2.1092e-005
20264,2.1042e-005
20265,2.2091e-005
20266,4.2638e-005
20267,2.7361e-005
20268,3.0644e-005
20269,3.3421e-005
20270,3.3463e-005
20271,2.9814e-005
20272,3.0537e-005
20273,1.4076e-005
20274,1.2408e-005
20275,1.2462e-005
20276,1.4061e-005
20277,1.3275e-005
20278,1.3416e-005
20279,1.2347e-005
20280,4.6564e-005
20281,4.0385e-005
20282,4.5688e-005
20283,4.5098e-005
20284,1.0824e-005
20285,1.8305e-005
20286,1.5582e-005
20287,1.2686e-005
20288,1.4953e-005
20289,1.3413e-005
20290,2.1474e-005
20291,1.1372e-005
20292,2.0651e-005
20293,1.3658e-005
20294,1.7991e-005
20295,1.354e-005
20296,1.4611e-005
20297,1.1666e-005
20298,1.3283e-005
20299,2.4482e-005
20300,3.2202e-005
20301,2.4572e-005
20302,3.1281e-005
20303,2.4179e-005
20304,2.3031e-005
20305,2.7823e-005
20306,3.5308e-005
20307,2.3233e-005
20308,2.9137e-005
20309,2.7856e-005
20310,2.7578e-005
20311,2.4952e-005
20312,2.803e-005
20313,2.9344e-005
20314,3.7401e-005
20315,2.7906e-005
20316,3.2484e-005
20317,4.4905e-005
20318,4.1375e-005
20319,3.4192e-005
20320,3.1846e-005
20321,2.7344e-005
20322,1.5475e-005
20323,1.7648e-005
20324,1.3598e-005
20325,1.8291e-005
20326,1.4463e-005
20327,1.8135e-005
20328,1.534e-005
20329,1.4241e-005
20330,1.7178e-005
20331,1.4949e-005
20332,3.5637e-005
20333,3.6178e-005
20334,4.1673e-005
20335,3.4278e-005
20336,3.377e-005
20337,3.9024e-005
20338,3.9939e-005
20339,3.6508e-005
20340,4.837e-005
20341,4.5173e-005
20342,5.1503e-005
20343,4.6722e-005
20344,5.0525e-005
20345,6.7721e-005
20346,5.2131e-005
20347,8.1204e-005
20348,5.7565e-005
20349,6.3119e-005
20350,6.2322e-005
20351,3.7216e-005
20352,4.2538e-005
20353,3.8602e-005
20354,3.8804e-005
20355,3.4603e-005
20356,3.7474e-005
20357,4.9424e-005
20358,4.0786e-005
20359,4.6203e-005
20360,1.9716e-005
20361,2.3292e-005
20362,2.8359e-005
20363,1.9087e-005
20364,2.3239e-005
20365,2.3683e-005
20366,1.9854e-005
20367,2.0321e-005
20368,2.8029e-005
20369,2.7893e-005
20370,2.8599e-005
20371,3.2822e-005
20372,3.2343e-005
20373,2.7569e-005
20374,2.9307e-005
20375,3.4157e-005
20376,4.1581e-005
20377,3.9815e-005
20378,3.2502e-005
20379,3.2329e-005
20380,2.9351e-005
20381,3.4441e-005
20382,3.6168e-005
20383,2.9475e-005
20384,4.0739e-005
20385,3.1116e-005
20386,3.4112e-005
20387,2.0864e-005
20388,1.7197e-005
20389,1.6471e-005
20390,2.0137e-005
20391,1.6073e-005
20392,1.6098e-005
20393,1.6248e-005
20394,1.465e-005
20395,5.033e-005
20396,3.1964e-005
20397,3.0506e-005
20398,3.4693e-005
20399,3.5454e-005
20400,3.7912e-005
20401,2.9255e-005
20402,2.9487e-005
20403,3.6916e-005
20404,2.389e-005
20405,2.0297e-005
20406,2.205e-005
20407,1.8324e-005
20408,1.7945e-005
20409,1.9519e-005
20410,1.7691e-005
20411,1.6021e-005
20412,2.6963e-005
20413,2.3745e-005
20414,2.3984e-005
20415,3.0772e-005
20416,2.2917e-005
20417,2.6884e-005
20418,2.3012e-005
20419,2.8632e-005
20420,2.5845e-005
20421,3.2468e-005
20422,3.1916e-005
20423,3.7301e-005
20424,4.002e-005
20425,6.2342e-005
20426,4.4659e-005
20427,5.0095e-005
20428,3.6484e-005
20429,5.1854e-005
20430,3.9328e-005
20431,4.8717e-005
20432,7.3505e-005
20433,5.1727e-005
20434,7.8842e-005
20435,6.341e-005
20436,5.8463e-005
20437,2.8325e-005
20438,2.3285e-005
20439,2.074e-005
20440,2.5251e-005
20441,3.5985e-005
20442,2.7468e-005
20443,8.0001e-006
20444,5.541e-006
20445,6.99e-006
20446,5.5482e-006
20447,7.754e-006
20448,6.5689e-006
20449,6.4491e-006
20450,6.6645e-006
20451,4.7377e-006
20452,4.722e-007
20453,1.6535e-006
20454,1.2342e-006
20455,1.7155e-006
20456,5.9286e-007
20457,1.3331e-006
20458,7.5628e-007
20459,1.0496e-006
20460,4.096e-006
20461,3.1889e-006
20462,3.972e-006
20463,3.0873e-006
20464,3.6106e-006
20465,2.5345e-006
20466,3.1705e-006
20467,3.5332e-006
20468,4.0911e-006
20469,5.6359e-006
20470,6.9959e-006
20471,5.3484e-006
20472,6.3454e-006
20473,6.1959e-006
20474,4.6583e-006
20475,6.2067e-006
20476,5.2148e-006
20477,8.585e-006
20478,1.0024e-005
20479,1.2515e-005
20480,8.977e-006
20481,1.1876e-005
20482,9.5963e-006
20483,8.4e-006
20484,1.0137e-005
20485,9.9792e-006
20486,6.069e-006
20487,6.3975e-006
20488,6.5806e-006
20489,5.5252e-006
20490,4.3425e-006
20491,6.4975e-006
20492,5.7316e-006
20493,4.7078e-006
20494,4.9379e-006
20495,5.3456e-006
20496,5.4706e-006
20497,1.4668e-006
20498,7.6146e-007
20499,1.3971e-006
20500,1.5563e-006
20501,1.8539e-006
20502,2.1459e-006
20503,9.3227e-007
20504,9.5488e-007
20505,2.1687e-006
20506,1.8094e-006
20507,6.7726e-006
20508,8.4389e-006
20509,7.4944e-006
20510,5.6067e-006
20511,7.3101e-006
20512,6.3193e-006
20513,6.2077e-006
20514,5.3171e-006
20515,7.3508e-006
20516,7.5961e-006
20517,2.2495e-006
20518,3.4572e-006
20519,3.9339e-006
20520,3.7525e-006
20521,3.5191e-006
20522,3.8519e-006
20523,2.6854e-006
20524,3.807e-006
20525,2.5818e-006
20526,2.8403e-006
20527,3.4072e-006
20528,3.1458e-006
20529,1.7044e-005
20530,1.3914e-005
20531,1.5272e-005
20532,2.0151e-005
20533,1.7655e-005
20534,1.8076e-005
20535,1.5629e-005
20536,2.124e-005
20537,1.3903e-005
20538,2.0225e-005
20539,1.5059e-005
20540,1.3316e-005
20541,1.7837e-005
20542,2.1688e-005
20543,2.442e-005
20544,1.2626e-005
20545,1.0945e-005
20546,1.1622e-005
20547,1.0161e-005
20548,9.7945e-006
20549,1.2763e-005
20550,8.937e-006
20551,7.4765e-006
20552,1.1597e-005
20553,1.0118e-005
20554,8.2225e-006
20555,8.7266e-006
20556,9.9374e-006
20557,8.6257e-006
20558,3.9766e-006
20559,1.5317e-006
20560,1.2544e-006
20561,4.2638e-006
20562,3.899e-006
20563,3.974e-006
20564,2.9498e-006
20565,2.8721e-006
20566,1.9145e-006
20567,2.1846e-006
20568,4.6735e-006
20569,5.704e-006
20570,6.066e-006
20571,4.8059e-006
20572,5.4696e-006
20573,4.8411e-006
20574,3.8857e-006
20575,4.0774e-006
20576,2.1538e-006
20577,5.5566e-007
20578,3.0829e-006
20579,2.8164e-006
20580,1.4018e-006
20581,2.0973e-006
20582,3.2115e-006
20583,3.8753e-006
20584,2.0406e-006
20585,5.2909e-006
20586,5.2017e-006
20587,4.4956e-006
20588,4.732e-006
20589,4.2093e-006
20590,3.4132e-006
20591,3.4284e-006
20592,3.7581e-006
20593,4.793e-006
20594,1.1112e-005
20595,9.2138e-006
20596,1.2528e-005
20597,1.126e-005
20598,8.2577e-006
20599,1.0439e-005
20600,9.4563e-006
20601,9.0689e-006
20602,1.1267e-005
20603,5.6825e-006
20604,5.8281e-006
20605,5.9916e-006
20606,3.9561e-006
20607,4.7068e-006
20608,4.9828e-006
20609,5.1387e-006
20610,5.9791e-006
20611,4.6227e-006
20612,4.3381e-006
20613,1.3251e-006
20614,5.0024e-007
20615,1.4176e-006
20616,1.5859e-006
20617,1.6551e-006
20618,1.5639e-006
20619,8.4308e-007
20620,4.7369e-007
20621,8.6407e-007
20622,1.5447e-006
20623,1.3926e-006
20624,9.5497e-006
20625,8.3145e-006
20626,1.0043e-005
20627,1.1705e-005
20628,8.5264e-006
20629,1.16e-005
20630,9.505e-006
20631,8.5097e-006
20632,1.0219e-005
20633,3.2834e-006
20634,4.7633e-006
20635,7.3537e-006
20636,4.7402e-006
20637,4.66e-006
20638,9.3209e-006
20639,5.3196e-006
20640,3.0535e-006
20641,8.41e-006
20642,5.3336e-007
20643,1.1831e-006
20644,1.2837e-006
20645,1.9893e-006
20646,8.213e-007
20647,9.7688e-007
20648,1.2167e-006
20649,1.4918e-006
20650,1.6313e-006
20651,1.2899e-006
20652,8.967e-007
20653,6.5599e-006
20654,8.1243e-006
20655,7.0146e-006
20656,5.2621e-006
20657,7.2619e-006
20658,7.4166e-006
20659,6.143e-006
20660,5.9969e-006
20661,5.8513e-006
20662,7.7347e-006
20663,6.8734e-006
20664,7.9419e-006
20665,5.2369e-006
20666,7.3195e-006
20667,6.0801e-006
20668,6.8088e-006
20669,5.1389e-006
20670,1.0298e-005
20671,1.1415e-005
20672,8.687e-006
20673,9.616e-006
20674,8.9807e-006
20675,7.3283e-006
20676,9.3121e-006
20677,1.0076e-005
20678,8.1636e-006
20679,8.3856e-006
20680,7.6651e-006
20681,7.8125e-006
20682,6.3351e-006
20683,6.2092e-006
20684,7.1735e-006
20685,8.2101e-006
20686,1.1174e-005
20687,9.4636e-006
20688,1.085e-005
20689,9.4318e-006
20690,9.2039e-006
20691,7.9636e-006
20692,8.4452e-006
20693,7.0766e-006
20694,7.3958e-006
20695,5.7195e-006
20696,5.9365e-006
20697,7.1906e-006
20698,6.2834e-006
20699,1.186e-005
20700,9.0425e-006
20701,1.2368e-005
20702,1.2235e-005
20703,1.0776e-005
20704,9.1647e-006
20705,8.6216e-006
20706,1.0307e-005
20707,8.4088e-006
20708,1.6835e-005
20709,1.3823e-005
20710,1.3189e-005
20711,1.0906e-005
20712,1.158e-005
20713,1.3455e-005
20714,6.0915e-006
20715,8.3533e-006
20716,7.1895e-006
20717,7.4175e-006
20718,8.9266e-006
20719,1.3452e-005
20720,1.3864e-005
20721,1.1168e-005
20722,1.094e-005
20723,1.166e-005
20724,9.5856e-006
20725,9.7026e-006
20726,9.9336e-006
20727,7.3051e-006
20728,8.519e-006
20729,8.0946e-006
20730,6.4526e-006
20731,6.6072e-006
20732,7.1469e-006
20733,8.4866e-006
20734,6.6712e-006
20735,5.4658e-006
20736,7.3714e-006
20737,7.2945e-006
20738,5.5537e-006
20739,8.7237e-006
20740,9.0429e-006
20741,9.1958e-006
20742,7.7685e-006
20743,6.8459e-006
20744,5.8649e-006
20745,7.8996e-006
20746,9.9285e-006
20747,1.0438e-005
20748,9.9365e-006
20749,1.0336e-005
20750,8.5603e-006
20751,9.1252e-006
20752,8.953e-006
20753,1.0011e-005
20754,6.6279e-006
20755,9.2098e-006
20756,8.7934e-006
20757,7.9707e-006
20758,7.832e-006
20759,5.9065e-006
20760,6.7862e-006
20761,8.2404e-006
20762,8.3983e-006
20763,6.9754e-006
20764,5.5093e-006
20765,1.4311e-005
20766,1.3481e-005
20767,1.1241e-005
20768,1.2232e-005
20769,1.2017e-005
20770,9.9984e-006
20771,9.7168e-006
20772,1.0354e-005
20773,1.2185e-005
20774,9.9816e-006
20775,7.4214e-006
20776,7.3841e-006
20777,7.7214e-006
20778,6.4103e-006
20779,5.371e-006
20780,7.6982e-006
20781,5.9217e-006
20782,7.8066e-006
20783,6.4995e-006
20784,8.0521e-006
20785,7.5812e-006
20786,6.9665e-006
20787,8.7393e-006
20788,6.2715e-006
20789,7.3759e-006
20790,7.4266e-006
20791,6.2743e-006
20792,8.0148e-006
20793,7.4315e-006
20794,7.1127e-006
20795,5.6107e-006
20796,5.8013e-006
20797,1.0812e-002
20798,1.2166e-005
20799,8.7538e-006
20800,1.0379e-005
20801,1.118e-005
20802,8.225e-006
20803,7.6461e-006
20804,9.8945e-006
20805,8.7034e-006
20806,1.7998e-005
20807,1.8872e-005
20808,1.4033e-005
20809,1.3666e-005
20810,1.5176e-005
20811,1.3797e-005
20812,1.1895e-005
20813,1.1573e-005
20814,6.4739e-006
20815,7.4183e-006
20816,6.8013e-006
20817,6.1936e-006
20818,8.7101e-006
20819,6.8328e-006
20820,9.247e-006
20821,8.3522e-006
20822,6.9155e-006
20823,6.3238e-006
20824,5.7515e-006
20825,7.0628e-006
20826,7.2901e-006
20827,5.7391e-006
20828,8.7412e-006
20829,1.1172e-005
20830,1.0748e-005
20831,9.2919e-006
20832,7.6928e-006
20833,9.1582e-006
20834,9.1342e-006
20835,7.5674e-006
20836,8.1009e-006
20837,6.0874e-006
20838,4.4807e-006
20839,5.0648e-006
20840,4.9987e-006
20841,4.7737e-006
20842,1.0272e-005
20843,7.5192e-006
20844,7.359e-006
20845,8.8044e-006
20846,7.1303e-006
20847,8.8004e-006
20848,8.7943e-006
20849,1.2319e-005
20850,9.6829e-006
20851,8.0549e-006
20852,1.0066e-005
20853,9.483e-006
20854,9.6996e-006
20855,4.9025e-006
20856,5.6334e-006
20857,4.3189e-006
20858,3.5617e-006
20859,4.4686e-006
20860,5.6671e-006
20861,5.7684e-006
20862,4.7859e-006
20863,4.2364e-006
20864,3.8309e-006
20865,6.1156e-006
20866,9.2558e-006
20867,7.2211e-006
20868,8.3218e-006
20869,9.0138e-006
20870,7.705e-006
20871,5.7889e-006
20872,6.0606e-006
20873,5.8449e-006
20874,3.6323e-006
20875,4.7694e-006
20876,4.288e-006
20877,4.8429e-006
20878,2.3607e-005
20879,2.5418e-005
20880,3.0525e-005
20881,2.253e-005
20882,2.4638e-005
20883,3.1933e-005
20884,2.0567e-005
20885,1.7798e-005
20886,1.7925e-005
20887,1.9503e-005
20888,1.7576e-005
20889,1.9651e-005
20890,1.614e-005
20891,1.6074e-005
20892,2.0157e-005
20893,1.9558e-005
20894,1.7926e-005
20895,1.6944e-005
20896,2.3905e-005
20897,2.0042e-005
20898,1.6574e-005
20899,2.5308e-005
20900,2.0036e-005
20901,2.7916e-005
20902,2.3213e-005
20903,2.1029e-005
20904,1.9176e-005
20905,2.3105e-005
20906,2.2957e-005
20907,1.9121e-005
20908,1.3383e-005
20909,1.5434e-005
20910,1.3683e-005
20911,1.3303e-005
20912,1.5606e-005
20913,1.3085e-005
20914,1.4124e-005
20915,1.282e-005
20916,3.1464e-005
20917,2.7679e-005
20918,3.5221e-005
20919,2.7424e-005
20920,2.6708e-005
20921,1.4709e-005
20922,1.5191e-005
20923,1.4591e-005
20924,1.5651e-005
20925,1.2557e-005
20926,1.342e-005
20927,1.2097e-005
20928,1.263e-005
20929,2.0507e-005
20930,2.7992e-005
20931,2.3147e-005
20932,2.2068e-005
20933,1.8795e-005
20934,2.5129e-005
20935,2.0978e-005
20936,1.3499e-005
20937,1.5899e-005
20938,1.8294e-005
20939,1.2668e-005
20940,1.5181e-005
20941,1.5628e-005
20942,1.5217e-005
20943,2.5671e-005
20944,2.4732e-005
20945,2.3537e-005
20946,3.259e-005
20947,2.5842e-005
20948,2.3257e-005
20949,2.3968e-005
20950,1.8767e-005
20951,2.2878e-005
20952,1.9177e-005
20953,1.9863e-005
20954,1.8136e-005
20955,2.084e-005
20956,2.7277e-005
20957,3.1949e-005
20958,3.772e-005
20959,3.3665e-005
20960,2.8296e-005
20961,2.9615e-005
20962,2.7277e-005
20963,2.7292e-005
20964,3.2404e-005
20965,2.608e-005
20966,2.6842e-005
20967,2.7546e-005
20968,3.3872e-005
20969,3.3956e-005
20970,3.0033e-005
20971,2.7723e-005
20972,3.4447e-005
20973,2.9652e-005
20974,2.6223e-005
20975,2.7606e-005
20976,2.9838e-005
20977,2.9049e-005
20978,3.4435e-005
20979,3.007e-005
20980,2.4684e-005
20981,2.748e-005
20982,2.7843e-005
20983,3.7734e-005
20984,2.9693e-005
20985,3.0274e-005
20986,2.952e-005
20987,2.7243e-005
20988,3.2461e-005
20989,2.6838e-005
20990,1.4295e-005
20991,1.5902e-005
20992,1.7601e-005
20993,1.3608e-005
20994,1.4976e-005
20995,1.3883e-005
20996,1.3491e-005
20997,1.6673e-005
20998,1.9856e-005
20999,2.007e-005
21000,1.6918e-005
21001,1.7167e-005
21002,1.6284e-005
21003,2.2583e-005
21004,2.3339e-005
21005,1.2197e-005
21006,1.0483e-005
21007,1.3369e-005
21008,1.3736e-005
21009,1.0658e-005
21010,1.0381e-005
21011,1.1979e-005
21012,3.1869e-005
21013,2.9781e-005
21014,2.6926e-005
21015,2.8906e-005
21016,4.2481e-005
21017,3.94e-005
21018,3.2347e-005
21019,3.1902e-005
21020,1.0613e-005
21021,9.7808e-006
21022,8.9285e-006
21023,8.533e-006
21024,9.1166e-006
21025,8.7535e-006
21026,1.0668e-005
21027,9.747e-006
21028,1.0015e-005
21029,9.5923e-006
21030,9.1316e-006
21031,1.6612e-005
21032,1.6245e-005
21033,1.6151e-005
21034,1.5534e-005
21035,1.5082e-005
21036,1.4353e-005
21037,1.4271e-005
21038,1.4492e-005
21039,1.2696e-005
21040,1.2507e-005
21041,1.4944e-005
21042,1.5348e-005
21043,1.4737e-005
21044,1.3901e-005
21045,1.3188e-005
21046,1.2613e-005
21047,1.3724e-005
21048,1.0868e-005
21049,1.1717e-005
21050,1.2739e-005
21051,1.1713e-005
21052,1.0715e-005
21053,1.629e-005
21054,1.6183e-005
21055,1.7125e-005
21056,2.0419e-005
21057,1.6271e-005
21058,1.6797e-005
21059,1.8233e-005
21060,1.9488e-005
21061,7.0329e-006
21062,8.3039e-006
21063,7.6504e-006
21064,7.26e-006
21065,7.4256e-006
21066,6.5727e-006
21067,7.9739e-006
21068,5.7516e-006
21069,7.0941e-006
21070,6.8064e-006
21071,6.0862e-006
21072,6.7085e-006
21073,5.4456e-006
21074,5.8041e-006
21075,1.7398e-005
21076,1.3045e-005
21077,1.6083e-005
21078,1.209e-005
21079,1.4837e-005
21080,1.2189e-005
21081,1.1625e-005
21082,1.3425e-005
21083,1.3011e-005
21084,2.1505e-005
21085,2.6314e-005
21086,2.1286e-005
21087,2.364e-005
21088,2.239e-005
21089,2.0337e-005
21090,2.0535e-005
21091,3.0716e-005
21092,1.7831e-005
21093,1.7663e-005
21094,1.4561e-005
21095,1.4485e-005
21096,1.7341e-005
21097,2.0352e-005
21098,2.3631e-005
21099,1.9101e-005
21100,1.7717e-005
21101,1.8969e-005
21102,1.5932e-005
21103,1.5593e-005
21104,3.1034e-005
21105,2.8861e-005
21106,2.7396e-005
21107,3.1458e-005
21108,3.3816e-005
21109,3.5431e-005
21110,3.2016e-005
21111,4.1762e-005
21112,2.8078e-005
21113,2.3876e-005
21114,2.348e-005
21115,2.1352e-005
21116,2.3121e-005
21117,2.4924e-005
21118,1.3392e-005
21119,1.2291e-005
21120,1.2021e-005
21121,1.1132e-005
21122,1.1095e-005
21123,1.1844e-005
21124,1.2741e-005
21125,1.5168e-005
21126,1.2941e-005
21127,1.4357e-005
21128,1.2809e-005
21129,1.2914e-005
21130,1.2182e-005
21131,1.3887e-005
21132,1.3123e-005
21133,1.4796e-005
21134,1.657e-005
21135,1.5162e-005
21136,1.3794e-005
21137,1.3901e-005
21138,1.5292e-005
21139,1.8531e-005
21140,1.5891e-005
21141,1.8645e-005
21142,1.7632e-005
21143,1.604e-005
21144,1.5396e-005
21145,1.8947e-005
21146,7.5062e-006
21147,8.9974e-006
21148,6.9174e-006
21149,5.9712e-006
21150,7.6265e-006
21151,6.3348e-006
21152,7.9669e-006
21153,6.5966e-006
21154,1.042e-005
21155,8.039e-006
21156,1.0438e-005
21157,8.608e-006
21158,8.5371e-006
21159,9.7926e-006
21160,1.3134e-005
21161,9.2665e-006
21162,1.0757e-005
21163,1.0783e-005
21164,9.5098e-006
21165,1.0994e-005
21166,1.5191e-005
21167,1.238e-005
21168,1.4044e-005
21169,1.3855e-005
21170,1.2616e-005
21171,1.1744e-005
21172,9.4752e-006
21173,1.0592e-005
21174,1.1956e-005
21175,9.6402e-006
21176,1.1716e-005
21177,9.6015e-006
21178,9.9439e-006
21179,9.313e-006
21180,9.7725e-006
21181,1.3784e-005
21182,1.1304e-005
21183,1.0657e-005
21184,8.8862e-006
21185,9.9592e-006
21186,1.0529e-005
21187,1.1864e-005
21188,1.1675e-005
21189,6.9848e-006
21190,4.8094e-006
21191,7.0216e-006
21192,6.0466e-006
21193,5.2768e-006
21194,5.3634e-006
21195,4.9392e-006
21196,7.0288e-006
21197,9.2964e-006
21198,5.9805e-006
21199,6.2123e-006
21200,8.293e-006
21201,7.6901e-006
21202,6.859e-006
21203,9.9415e-006
21204,1.1481e-005
21205,1.0969e-005
21206,1.006e-005
21207,1.1358e-005
21208,8.8992e-006
21209,1.1762e-005
21210,1.0076e-005
21211,7.2776e-006
21212,8.0445e-006
21213,6.8168e-006
21214,8.9948e-006
21215,5.1735e-006
21216,6.1735e-006
21217,6.9981e-006
21218,5.7484e-006
21219,4.8626e-006
21220,5.7039e-006
21221,5.9462e-006
21222,4.9513e-006
21223,5.3453e-006
21224,4.3517e-006
21225,5.7973e-006
21226,5.1363e-006
21227,4.0723e-006
21228,4.5677e-006
21229,4.2196e-006
21230,5.1094e-006
21231,4.1768e-006
21232,5.2199e-006
21233,4.2029e-006
21234,8.2779e-006
21235,1.2941e-005
21236,9.2005e-006
21237,1.0199e-005
21238,1.2145e-005
21239,7.3479e-006
21240,7.8329e-006
21241,8.2604e-006
21242,9.3773e-006
21243,7.6095e-006
21244,6.4409e-006
21245,9.3125e-006
21246,9.1911e-006
21247,7.6197e-006
21248,6.4345e-006
21249,7.5997e-006
21250,6.4116e-006
21251,7.922e-006
21252,6.3658e-006
21253,5.9642e-006
21254,7.2191e-006
21255,6.9265e-006
21256,6.4775e-006
21257,8.3005e-006
21258,7.6321e-006
21259,6.6981e-006
21260,7.9323e-006
21261,9.7625e-006
21262,6.4951e-006
21263,7.4347e-006
21264,6.2097e-006
21265,4.5149e-006
21266,4.9716e-006
21267,6.0747e-006
21268,5.6303e-006
21269,4.4116e-006
21270,4.7669e-006
21271,5.5112e-006
21272,4.4158e-006
21273,5.5023e-006
21274,1.4198e-005
21275,1.7388e-005
21276,1.2056e-005
21277,1.4084e-005
21278,1.2932e-005
21279,1.1305e-005
21280,1.2624e-005
21281,1.5408e-005
21282,1.1319e-005
21283,1.648e-005
21284,1.0749e-005
21285,1.2443e-005
21286,1.0607e-005
21287,1.2867e-005
21288,8.3378e-006
21289,8.3727e-006
21290,9.8728e-006
21291,9.9377e-006
21292,1.0531e-005
21293,9.2441e-006
21294,8.7706e-006
21295,7.1183e-006
21296,7.872e-006
21297,9.9724e-006
21298,1.242e-005
21299,1.6783e-005
21300,1.3916e-005
21301,1.423e-005
21302,1.1798e-005
21303,1.3292e-005
21304,1.2805e-005
21305,1.4485e-005
21306,1.2248e-005
21307,9.0075e-006
21308,1.0222e-005
21309,1.195e-005
21310,1.2166e-005
21311,1.0287e-005
21312,8.7689e-006
21313,9.152e-006
21314,1.0635e-005
21315,1.392e-005
21316,1.6192e-005
21317,1.3512e-005
21318,1.2185e-005
21319,1.2758e-005
21320,1.3727e-005
21321,1.2559e-005
21322,1.194e-005
21323,1.1513e-005
21324,1.1979e-005
21325,1.1993e-005
21326,8.0547e-006
21327,7.3414e-006
21328,8.4434e-006
21329,6.9335e-006
21330,5.7806e-006
21331,7.7185e-006
21332,6.1116e-006
21333,5.5232e-006
21334,7.358e-006
21335,7.5729e-006
21336,7.4765e-006
21337,8.8339e-006
21338,6.3535e-006
21339,7.9617e-006
21340,6.3984e-006
21341,7.8744e-006
21342,8.7785e-006
21343,5.4601e-006
21344,6.4869e-006
21345,7.6857e-006
21346,8.0051e-006
21347,5.4951e-006
21348,5.9509e-006
21349,8.264e-006
21350,7.0614e-006
21351,5.3759e-006
21352,6.4976e-006
21353,7.929e-006
21354,1.0463e-005
21355,9.9688e-006
21356,1.2043e-005
21357,9.6393e-006
21358,9.0089e-006
21359,1.0628e-005
21360,8.1015e-006
21361,7.0045e-006
21362,6.0354e-006
21363,7.0834e-006
21364,7.7854e-006
21365,5.7914e-006
21366,7.2105e-006
21367,5.2989e-006
21368,7.2376e-006
21369,7.8782e-006
21370,6.7094e-006
21371,5.9733e-006
21372,8.2102e-006
21373,7.4049e-006
21374,5.9112e-006
21375,6.5173e-006
21376,6.0261e-006
21377,1.2295e-005
21378,1.0674e-005
21379,1.1307e-005
21380,1.3766e-005
21381,1.0366e-005
21382,1.5216e-005
21383,1.0616e-005
21384,1.3556e-005
21385,1.0773e-005
21386,1.1476e-005
21387,1.0259e-005
21388,1.1756e-005
21389,2.353e-005
21390,2.9084e-005
21391,2.0472e-005
21392,2.2607e-005
21393,1.9013e-005
21394,2.0819e-005
21395,2.3222e-005
21396,1.7675e-005
21397,1.8964e-005
21398,2.0814e-005
21399,2.3091e-005
21400,2.2968e-005
21401,2.0181e-005
21402,3.0035e-005
21403,2.5411e-005
21404,1.9258e-005
21405,3.3444e-005
21406,2.8096e-005
21407,2.8591e-005
21408,3.793e-005
21409,3.4909e-005
21410,4.094e-005
21411,9.8327e-006
21412,7.6928e-006
21413,9.6081e-006
21414,6.5972e-006
21415,8.7505e-006
21416,6.9673e-006
21417,9.0762e-006
21418,8.4591e-006
21419,7.9258e-006
21420,7.3229e-006
21421,1.1817e-005
21422,1.2899e-005
21423,1.0784e-005
21424,1.0557e-005
21425,1.0241e-005
21426,1.2572e-005
21427,1.3494e-005
21428,1.2404e-005
21429,1.4057e-005
21430,1.1539e-005
21431,1.1095e-005
21432,1.3397e-005
21433,1.0273e-005
21434,1.0511e-005
21435,2.0648e-005
21436,1.2777e-005
21437,1.4842e-005
21438,1.5612e-005
21439,1.7867e-005
21440,1.5024e-005
21441,6.1761e-006
21442,8.3027e-006
21443,8.1281e-006
21444,7.4119e-006
21445,5.8192e-006
21446,6.8459e-006
21447,6.7989e-006
21448,1.4301e-005
21449,1.1716e-005
21450,9.7888e-006
21451,1.1159e-005
21452,9.9028e-006
21453,1.2104e-005
21454,3.3024e-005
21455,3.6358e-005
21456,2.726e-005
21457,3.2695e-005
21458,4.0071e-005
21459,3.0164e-005
21460,3.1408e-005
21461,3.1017e-005
21462,2.7212e-005
21463,2.8134e-005
21464,3.3013e-005
21465,3.2498e-005
21466,2.8659e-005
21467,2.8419e-005
21468,3.0202e-005
21469,2.6118e-005
21470,3.5125e-005
21471,2.8784e-005
21472,3.0547e-005
21473,2.758e-005
21474,3.557e-005
21475,2.4587e-005
21476,3.6395e-005
21477,2.8186e-005
21478,2.9964e-005
21479,3.2711e-005
21480,3.1998e-005
21481,3.7263e-005
21482,2.8189e-005
21483,2.8531e-005
21484,3.3293e-005
21485,2.875e-005
21486,2.7254e-005
21487,3.1182e-005
21488,2.689e-005
21489,2.8078e-005
21490,2.6141e-005
21491,3.6546e-005
21492,3.6631e-005
21493,4.0972e-005
21494,4.378e-005
21495,3.6963e-005
21496,3.493e-005
21497,3.4712e-005
21498,7.164e-006
21499,6.9433e-006
21500,7.8818e-006
21501,6.7671e-006
21502,6.712e-006
21503,8.3289e-006
21504,7.5904e-006
21505,6.7335e-006
21506,6.8137e-006
21507,6.4228e-006
21508,6.3226e-006
21509,7.1818e-006
21510,5.9225e-006
21511,9.5676e-006
21512,1.0316e-005
21513,7.9311e-006
21514,9.0198e-006
21515,8.9052e-006
21516,8.2456e-006
21517,7.8687e-006
21518,9.3464e-006
21519,1.0781e-005
21520,1.0696e-005
21521,9.3988e-006
21522,9.5826e-006
21523,8.7324e-006
21524,8.8284e-006
21525,9.9115e-006
21526,1.0888e-005
21527,7.2661e-006
21528,6.8754e-006
21529,6.1871e-006
21530,5.8388e-006
21531,5.9388e-006
21532,6.9918e-006
21533,6.3209e-006
21534,6.2304e-006
21535,5.6485e-006
21536,1.3073e-005
21537,1.3047e-005
21538,1.0026e-005
21539,1.1665e-005
21540,1.1577e-005
21541,1.0562e-005
21542,1.0599e-005
21543,1.0224e-005
21544,1.1965e-005
21545,1.0488e-005
21546,1.1442e-005
21547,3.2666e-005
21548,3.2179e-005
21549,2.7829e-005
21550,2.9423e-005
21551,2.7554e-005
21552,3.1459e-005
21553,2.4368e-005
21554,2.6485e-005
21555,3.0665e-005
21556,2.4127e-005
21557,4.116e-005
21558,2.9426e-005
21559,2.8669e-005
21560,2.4937e-005
21561,2.4252e-005
21562,3.0541e-005
21563,2.607e-005
21564,3.5217e-005
21565,3.0813e-005
21566,2.5955e-005
21567,2.6419e-005
21568,2.8719e-005
21569,2.7707e-005
21570,3.2848e-005
21571,2.1962e-005
21572,3.4479e-005
21573,2.5112e-005
21574,2.758e-005
21575,2.7652e-005
21576,2.6151e-005
21577,2.8753e-005
21578,3.5825e-005
21579,3.2903e-005
21580,1.3455e-005
21581,1.1973e-005
21582,1.7072e-005
21583,1.435e-005
21584,1.3056e-005
21585,2.0976e-005
21586,1.7618e-005
21587,1.3379e-005
21588,1.4631e-005
21589,1.5359e-005
21590,1.3001e-005
21591,1.951e-005
21592,1.5034e-005
21593,1.7065e-005
21594,1.3461e-005
21595,1.2991e-005
21596,1.2438e-005
21597,1.0162e-005
21598,8.2776e-006
21599,8.4193e-006
21600,9.4508e-006
21601,8.2299e-006
21602,9.2194e-006
21603,8.6658e-006
21604,9.4798e-006
21605,9.6695e-006
21606,1.1459e-005
21607,9.5646e-006
21608,1.143e-005
21609,1.0731e-005
21610,1.0447e-005
21611,9.7559e-006
21612,1.0015e-005
21613,1.6475e-005
21614,1.6347e-005
21615,1.2597e-005
21616,1.314e-005
21617,1.4101e-005
21618,1.1636e-005
21619,1.2289e-005
21620,1.5159e-005
21621,1.3002e-005
21622,1.48e-005
21623,1.07e-005
21624,1.2789e-005
21625,1.1253e-005
21626,1.1381e-005
21627,1.0909e-005
21628,1.0575e-005
21629,1.2502e-005
21630,1.7521e-005
21631,2.0343e-005
21632,1.5086e-005
21633,1.8717e-005
21634,1.4453e-005
21635,1.8282e-005
21636,1.4188e-005
21637,2.001e-005
21638,1.744e-005
21639,1.5668e-005
21640,1.2675e-005
21641,1.4362e-005
21642,1.6421e-005
21643,1.3149e-005
21644,1.3946e-005
21645,2.3294e-005
21646,1.8403e-005
21647,1.8655e-005
21648,2.2489e-005
21649,2.108e-005
21650,2.1011e-005
21651,2.7528e-005
21652,2.4136e-005
21653,2.0196e-005
21654,1.9471e-005
21655,2.2645e-005
21656,1.7208e-005
21657,6.5919e-006
21658,7.4137e-006
21659,6.9663e-006
21660,5.9908e-006
21661,6.2215e-006
21662,5.0306e-006
21663,4.5411e-006
21664,9.3474e-006
21665,8.8982e-006
21666,1.051e-005
21667,8.2807e-006
21668,1.036e-005
21669,1.0345e-005
21670,9.0844e-006
21671,8.8482e-006
21672,7.0247e-006
21673,1.07e-005
21674,8.0601e-006
21675,7.8111e-006
21676,9.7618e-006
21677,9.4332e-006
21678,7.8258e-006
21679,6.4724e-006
21680,6.5264e-006
21681,5.9725e-006
21682,4.9713e-006
21683,6.503e-006
21684,4.9269e-006
21685,9.3526e-006
21686,6.0877e-006
21687,8.2539e-006
21688,7.666e-006
21689,6.6859e-006
21690,7.5865e-006
21691,1.301e-005
21692,1.7004e-005
21693,1.4709e-005
21694,1.1669e-005
21695,1.1084e-005
21696,1.306e-005
21697,1.1026e-005
21698,1.4744e-005
21699,1.353e-005
21700,1.0463e-005
21701,1.2127e-005
21702,1.0948e-005
21703,8.3126e-006
21704,6.7474e-006
21705,7.3902e-006
21706,1.1789e-005
21707,8.6708e-006
21708,9.2243e-006
21709,7.4462e-006
21710,9.3415e-006
21711,2.1363e-005
21712,2.5711e-005
21713,2.4128e-005
21714,2.424e-005
21715,2.0322e-005
21716,2.1346e-005
21717,1.6354e-005
21718,1.4646e-005
21719,1.4353e-005
21720,1.7828e-005
21721,2.1768e-005
21722,1.4169e-005
21723,1.8416e-005
21724,1.5552e-005
21725,1.6034e-005
21726,1.8564e-005
21727,1.5778e-005
21728,2.1827e-005
21729,1.8075e-005
21730,1.482e-005
21731,1.5183e-005
21732,1.9078e-005
21733,1.3382e-005
21734,1.3707e-005
21735,1.7043e-005
21736,1.5401e-005
21737,1.1352e-005
21738,6.8734e-006
21739,6.1358e-006
21740,8.4742e-006
21741,7.8983e-006
21742,6.8714e-006
21743,8.3306e-006
21744,7.7945e-006
21745,1.0396e-005
21746,1.2279e-005
21747,9.9976e-006
21748,1.2215e-005
21749,9.4313e-006
21750,1.2072e-005
21751,1.0383e-005
21752,1.0453e-005
21753,9.1063e-006
21754,8.9008e-006
21755,7.8455e-006
21756,9.5689e-006
21757,8.1555e-006
21758,8.0391e-006
21759,9.1439e-006
21760,7.3817e-006
21761,7.4531e-006
21762,6.2934e-006
21763,1.0783e-005
21764,8.5525e-006
21765,9.6396e-006
21766,8.465e-006
21767,9.4982e-006
21768,3.7665e-006
21769,2.9774e-006
21770,3.1886e-006
21771,4.0591e-006
21772,3.3848e-006
21773,3.7613e-006
21774,3.945e-006
21775,2.6699e-006
21776,3.2033e-006
21777,8.5275e-006
21778,7.9086e-006
21779,7.6978e-006
21780,6.7921e-006
21781,8.7591e-006
21782,8.3056e-006
21783,7.7537e-006
21784,8.6709e-006
21785,1.9159e-005
21786,1.8994e-005
21787,1.3675e-005
21788,1.5255e-005
21789,1.5399e-005
21790,1.3039e-005
21791,1.7059e-005
21792,1.2105e-005
21793,2.0304e-005
21794,2.0961e-005
21795,1.6161e-005
21796,1.7374e-005
21797,2.1785e-005
21798,1.8194e-005
21799,2.2466e-005
21800,1.532e-005
21801,1.9731e-005
21802,2.3356e-005
21803,1.9322e-005
21804,1.7275e-005
21805,1.816e-005
21806,1.7893e-005
21807,1.9609e-005
21808,1.5323e-005
21809,2.4507e-005
21810,2.1782e-005
21811,2.1571e-005
21812,2.4432e-005
21813,2.2645e-005
21814,2.2096e-005
21815,2.9095e-005
21816,1.9864e-005
21817,2.864e-005
21818,2.3653e-005
21819,2.1683e-005
21820,2.137e-005
21821,2.2017e-005
21822,2.8766e-005
21823,1.87e-005
21824,2.8387e-005
21825,1.9273e-005
21826,1.6886e-005
21827,1.8708e-005
21828,1.546e-005
21829,1.6473e-005
21830,1.8648e-005
21831,1.606e-005
21832,1.967e-005
21833,1.7091e-005
21834,8.626e-006
21835,9.0513e-006
21836,7.6924e-006
21837,7.4531e-006
21838,5.6145e-006
21839,7.7781e-006
21840,6.0339e-006
21841,5.8229e-006
21842,5.8585e-006
21843,6.4878e-006
21844,8.2e-006
21845,7.1625e-006
21846,7.3199e-006
21847,8.0138e-006
21848,6.1692e-006
21849,7.2686e-006
21850,5.8045e-006
21851,6.4391e-006
21852,5.1295e-006
21853,6.1956e-006
21854,9.0485e-006
21855,1.2313e-005
21856,1.2639e-005
21857,9.9943e-006
21858,1.0834e-005
21859,8.8637e-006
21860,9.1876e-006
21861,1.2334e-005
21862,1.0581e-005
21863,9.0297e-006
21864,1.2439e-005
21865,9.8043e-006
21866,9.5788e-006
21867,6.7219e-006
21868,7.9294e-006
21869,7.9071e-006
21870,8.138e-006
21871,6.2645e-006
21872,6.2011e-006
21873,5.0115e-006
21874,5.5273e-006
21875,5.0525e-006
21876,4.6702e-006
21877,5.0865e-006
21878,1.0405e-005
21879,1.0496e-005
21880,1.1871e-005
21881,1.0453e-005
21882,1.2695e-005
21883,1.0322e-005
21884,1.1324e-005
21885,1.1941e-005
21886,1.7359e-005
21887,1.5904e-005
21888,1.3372e-005
21889,1.4045e-005
21890,1.0839e-005
21891,1.1898e-005
21892,1.2446e-005
21893,1.2078e-005
21894,8.9099e-006
21895,1.0432e-005
21896,7.8905e-006
21897,9.189e-006
21898,7.8405e-006
21899,9.0708e-006
21900,8.0028e-006
21901,9.2582e-006
21902,9.2383e-006
21903,7.9014e-006
21904,8.4317e-006
21905,6.9576e-006
21906,7.9228e-006
21907,3.1289e-005
21908,2.5808e-005
21909,3.7135e-005
21910,2.8999e-005
21911,2.7755e-005
21912,2.5797e-005
21913,2.402e-005
21914,3.1136e-005
21915,3.5662e-005
21916,2.7964e-005
21917,2.0461e-005
21918,2.1098e-005
21919,2.0744e-005
21920,2.4521e-005
21921,1.8432e-005
21922,2.792e-005
21923,2.4423e-005
21924,1.7585e-005
21925,2.3003e-005
21926,2.1481e-005
21927,2.1896e-005
21928,2.8412e-005
21929,2.105e-005
21930,2.6818e-005
21931,1.8414e-005
21932,1.8158e-005
21933,1.5842e-005
21934,1.8599e-005
21935,1.5738e-005
21936,1.4914e-005
21937,1.458e-005
21938,1.5612e-005
21939,1.706e-005
21940,2.2835e-005
21941,1.7387e-005
21942,1.6811e-005
21943,1.6244e-005
21944,1.3986e-005
21945,1.8069e-005
21946,1.941e-005
21947,1.4424e-005
21948,1.5269e-005
21949,1.6308e-005
21950,1.346e-005
21951,1.4724e-005
21952,1.0852e-005
21953,1.0852e-005
21954,8.9097e-006
21955,1.1467e-005
21956,9.1187e-006
21957,9.475e-006
21958,1.1136e-005
21959,1.4718e-005
21960,1.624e-005
21961,1.3999e-005
21962,1.6479e-005
21963,1.5482e-005
21964,1.6188e-005
21965,2.0699e-005
21966,1.4978e-005
21967,1.4177e-005
21968,1.7578e-005
21969,1.5495e-005
21970,1.429e-005
21971,1.8438e-005
21972,2.138e-005
21973,1.5473e-005
21974,1.9548e-005
21975,2.1852e-005
21976,2.3151e-005
21977,1.6509e-005
21978,1.7826e-005
21979,1.7438e-005
21980,1.5491e-005
21981,2.0618e-005
21982,2.3895e-005
21983,2.5443e-005
21984,2.5438e-005
21985,1.9829e-005
21986,2.3442e-005
21987,2.2795e-005
21988,2.139e-005
21989,2.1553e-005
21990,2.9097e-005
21991,2.396e-005
21992,2.3985e-005
21993,2.3356e-005
21994,1.9691e-005
21995,1.9459e-005
21996,1.8634e-005
21997,2.1335e-005
21998,1.7243e-005
21999,1.5014e-005
22000,1.7079e-005
22001,2.7545e-005
22002,2.7884e-005
22003,2.4892e-005
22004,3.578e-005
22005,2.7987e-005
22006,2.891e-005
22007,3.593e-005
22008,2.7761e-005
22009,3.1605e-005
22010,4.032e-005
22011,3.3065e-005
22012,1.4151e-005
22013,1.4469e-005
22014,1.3131e-005
22015,1.5179e-005
22016,1.5224e-005
22017,1.2488e-005
22018,1.3614e-005
22019,1.299e-005
22020,2.0517e-005
22021,2.3184e-005
22022,2.3174e-005
22023,1.9012e-005
22024,1.9352e-005
22025,2.7723e-005
22026,1.9239e-005
22027,1.5435e-005
22028,1.5996e-005
22029,1.8142e-005
22030,1.6928e-005
22031,1.4944e-005
22032,1.9584e-005
22033,1.7488e-005
22034,1.9267e-005
22035,1.1463e-006
22036,1.6951e-006
22037,1.7361e-006
22038,7.2798e-007
22039,1.5033e-006
22040,1.5711e-006
22041,7.3144e-007
22042,5.3854e-006
22043,7.2383e-006
22044,6.9898e-006
22045,6.8168e-006
22046,6.0475e-006
22047,5.983e-006
22048,5.2654e-006
22049,5.3258e-006
22050,4.9651e-006
22051,7.0195e-006
22052,5.8502e-006
22053,6.9583e-006
22054,4.3482e-006
22055,4.1929e-006
22056,4.9094e-006
22057,8.0797e-006
22058,5.3701e-006
22059,5.209e-006
22060,6.7557e-006
22061,8.0141e-006
22062,1.4379e-005
22063,1.2934e-005
22064,1.5155e-005
22065,1.5251e-005
22066,1.216e-005
22067,1.0753e-005
22068,1.2027e-005
22069,2.3866e-005
22070,1.8464e-005
22071,1.7689e-005
22072,2.0459e-005
22073,1.9323e-005
22074,1.5951e-005
22075,1.6326e-005
22076,1.3847e-005
22077,1.6083e-005
22078,1.6641e-005
22079,1.8264e-005
22080,1.4233e-005
22081,1.4116e-005
22082,1.4068e-005
22083,1.8594e-005
22084,1.8282e-005
22085,1.8159e-005
22086,1.8216e-005
22087,2.2279e-005
22088,1.9485e-005
22089,2.3029e-005
22090,1.0943e-005
22091,8.3211e-006
22092,1.1401e-005
22093,8.3033e-006
22094,8.6637e-006
22095,9.6546e-006
22096,9.3887e-006
22097,4.2982e-006
22098,4.9041e-006
22099,4.5338e-006
22100,2.3647e-006
22101,3.3129e-006
22102,2.8871e-006
22103,3.1286e-006
22104,3.038e-006
22105,2.3685e-006
22106,2.7935e-006
22107,3.0061e-006
22108,3.4975e-006
22109,8.4089e-006
22110,8.1026e-006
22111,8.6722e-006
22112,9.5652e-006
22113,9.556e-006
22114,1.5144e-005
22115,1.2077e-005
22116,1.5032e-005
22117,1.6972e-005
22118,1.2547e-005
22119,1.2147e-005
22120,1.4362e-005
22121,9.6547e-006
22122,9.5362e-006
22123,1.1629e-005
22124,1.0017e-005
22125,1.1696e-005
22126,1.2452e-005
22127,8.9374e-006
22128,8.2634e-006
22129,6.4074e-006
22130,8.7093e-006
22131,7.115e-006
22132,6.9136e-006
22133,1.7154e-005
22134,2.1216e-005
22135,1.8212e-005
22136,1.5445e-005
22137,1.7243e-005
22138,1.9011e-005
22139,1.4894e-005
22140,1.457e-005
22141,9.9141e-006
22142,1.2374e-005
22143,1.3118e-005
22144,9.24e-006
22145,1.0072e-005
22146,1.0456e-005
22147,1.2286e-005
22148,1.2854e-005
22149,1.0194e-005
22150,1.0945e-005
22151,9.3003e-006
22152,9.7263e-006
22153,1.1982e-005
22154,1.2908e-005
22155,1.091e-005
22156,1.1586e-005
22157,9.8557e-006
22158,1.1814e-005
22159,9.3287e-006
22160,1.0611e-005
22161,1.1002e-005
22162,9.6671e-006
22163,9.8047e-006
22164,1.0956e-005
22165,1.0345e-005
22166,1.206e-005
22167,9.9326e-006
22168,1.2434e-005
22169,1.3704e-005
22170,1.0373e-005
22171,1.1921e-005
22172,1.4411e-005
22173,1.4704e-005
22174,1.556e-005
22175,1.149e-005
22176,2.3333e-005
22177,1.8124e-005
22178,1.7776e-005
22179,1.5748e-005
22180,1.5675e-005
22181,1.8847e-005
22182,1.1072e-005
22183,1.1476e-005
22184,1.4026e-005
22185,1.2383e-005
22186,1.5318e-005
22187,2.2628e-005
22188,1.8884e-005
22189,2.1834e-005
22190,2.1782e-005
22191,2.0018e-005
22192,2.0304e-005
22193,2.4652e-005
22194,2.4474e-005
22195,2.9122e-005
22196,2.6273e-005
22197,2.3176e-005
22198,3.3816e-005
22199,2.7756e-005
22200,2.229e-005
22201,1.2964e-005
22202,1.2782e-005
22203,1.4722e-005
22204,1.2e-005
22205,1.2838e-005
22206,3.9289e-006
22207,3.9787e-006
22208,3.8708e-006
22209,3.1366e-006
22210,2.6838e-006
22211,3.4564e-006
22212,2.1337e-005
22213,2.1766e-005
22214,2.4334e-005
22215,1.7272e-005
22216,1.6024e-005
22217,1.8528e-005
22218,1.8162e-005
22219,2.1062e-005
22220,1.284e-005
22221,1.1159e-005
22222,1.1566e-005
22223,1.3654e-005
22224,1.1688e-005
22225,6.8176e-006
22226,9.4548e-006
22227,8.0323e-006
22228,8.3515e-006
22229,7.1514e-006
22230,7.3173e-006
22231,1.2556e-004
22232,1.4978e-004
22233,1.1573e-004
22234,1.5264e-004
22235,1.123e-004
22236,1.4504e-004
22237,1.4046e-004
22238,1.4631e-004
22239,1.318e-004
22240,1.2659e-004
22241,1.3612e-004
22242,1.0505e-004
22243,1.3735e-004
22244,1.334e-004
22245,1.1995e-004
22246,1.0291e-004
22247,1.2418e-004
22248,8.5603e-006
22249,8.0442e-006
22250,9.8587e-006
22251,9.1137e-006
22252,8.6969e-006
22253,9.4755e-006
22254,1.1796e-005
22255,1.2176e-005
22256,1.4435e-005
22257,1.4087e-005
22258,1.3006e-005
22259,1.3267e-005
22260,1.098e-005
22261,9.8224e-006
22262,1.271e-005
22263,9.9692e-006
22264,1.0131e-005
22265,1.2275e-005
22266,8.3087e-006
22267,5.734e-006
22268,5.5317e-006
22269,6.7001e-006
22270,5.6893e-006
22271,4.7888e-006
22272,6.7562e-006
22273,4.5275e-006
22274,4.3899e-006
22275,4.0059e-006
22276,6.7176e-006
22277,9.1964e-006
22278,6.4739e-006
22279,9.1266e-006
22280,5.3548e-006
22281,8.5783e-006
22282,7.8866e-006
22283,6.1862e-006
22284,4.9961e-006
22285,7.4923e-006
22286,7.9028e-006
22287,5.4093e-006
22288,8.5995e-006
22289,1.3875e-005
22290,1.1074e-005
22291,7.875e-006
22292,1.1632e-005
22293,1.2157e-005
22294,9.5367e-006
22295,9.9967e-006
22296,6.774e-006
22297,7.5479e-006
22298,6.7217e-006
22299,6.1769e-006
22300,4.431e-006
22301,4.1685e-006
22302,4.6321e-006
22303,4.7166e-006
22304,2.4642e-006
22305,3.7324e-006
22306,4.1116e-006
22307,4.7324e-006
22308,1.3075e-005
22309,1.5123e-005
22310,6.6082e-006
22311,8.829e-006
22312,1.0048e-005
22313,1.1007e-005
22314,9.4297e-006
22315,9.8366e-006
22316,1.3749e-005
22317,1.4257e-005
22318,1.1279e-005
22319,1.0855e-005
22320,1.5562e-004
22321,1.5049e-004
22322,1.6755e-004
22323,4.9557e-005
22324,4.7019e-005
22325,5.0286e-005
22326,7.7463e-005
22327,5.407e-005
22328,5.9597e-005
22329,7.2021e-005
22330,6.0056e-005
22331,6.1545e-005
22332,5.82e-005
22333,4.603e-005
22334,3.6502e-005
22335,3.8927e-005
22336,3.8145e-005
22337,5.0229e-005
22338,4.3404e-005
22339,4.5113e-005
22340,5.7962e-005
22341,4.0019e-005
22342,3.3977e-005
22343,4.5279e-005
22344,3.7406e-005
22345,3.8376e-005
22346,4.2009e-005
22347,5.1509e-005
22348,4.9068e-005
22349,1.9259e-005
22350,1.5889e-005
22351,1.5056e-005
22352,1.3917e-005
22353,1.7576e-005
22354,1.5416e-005
22355,1.2596e-005
22356,9.1151e-006
22357,8.3202e-006
22358,9.3294e-006
22359,8.8516e-006
22360,6.764e-006
22361,8.4321e-006
22362,6.174e-006
22363,7.8453e-006
22364,1.7967e-005
22365,1.4947e-005
22366,2.0628e-005
22367,1.5543e-005
22368,1.6098e-005
22369,1.8911e-005
22370,1.3407e-005
22371,1.6386e-005
22372,1.3848e-005
22373,1.5992e-005
22374,2.062e-005
22375,1.5628e-005
22376,2.0183e-005
22377,1.6092e-005
22378,1.7374e-005
22379,1.4223e-005
22380,1.0725e-005
22381,8.2621e-006
22382,1.3902e-005
22383,9.455e-006
22384,9.4601e-006
22385,1.1163e-005
22386,1.1052e-005
22387,1.3002e-005
22388,1.0548e-005
22389,1.263e-005
22390,1.2766e-005
22391,2.0331e-006
22392,1.5199e-006
22393,1.7898e-006
22394,2.2576e-006
22395,1.7458e-006
22396,1.6654e-006
22397,1.8989e-006
22398,1.6762e-006
22399,2.1741e-006
22400,2.4362e-006
22401,1.8758e-006
22402,1.7012e-006
22403,2.4202e-006
22404,2.0297e-006
22405,2.6224e-006
22406,1.7576e-006
22407,2.6075e-005
22408,2.2589e-005
22409,2.1101e-005
22410,2.3107e-005
22411,2.9023e-005
22412,2.8542e-005
22413,2.7981e-005
22414,3.0457e-005
22415,1.9686e-005
22416,2.0966e-005
22417,2.1001e-005
22418,1.8007e-005
22419,1.8657e-005
22420,2.0215e-005
22421,3.2067e-006
22422,2.7668e-006
22423,1.984e-006
22424,2.7553e-006
22425,1.902e-006
22426,3.722e-006
22427,3.2691e-006
22428,1.6126e-006
22429,2.1036e-006
22430,2.2384e-005
22431,1.6855e-005
22432,1.7005e-005
22433,1.7734e-005
22434,1.7791e-005
22435,2.2499e-005
22436,2.9658e-005
22437,2.9553e-005
22438,3.49e-005
22439,2.7804e-005
22440,2.7007e-005
22441,2.2951e-005
22442,2.1761e-005
22443,2.0763e-005
22444,1.7605e-005
22445,1.8856e-005
22446,2.4084e-005
22447,1.7959e-005
22448,2.3866e-005
22449,1.9818e-005
22450,3.8326e-006
22451,4.4266e-006
22452,4.7733e-006
22453,4.3202e-006
22454,3.9805e-006
22455,4.3071e-006
22456,2.9226e-006
22457,3.7217e-006
22458,4.6409e-006
22459,2.4081e-006
22460,3.3931e-006
22461,9.0948e-006
22462,1.1644e-005
22463,1.016e-005
22464,7.7207e-006
22465,9.7113e-006
22466,1.1619e-005
22467,1.0858e-005
22468,7.0182e-006
22469,7.4702e-006
22470,9.1939e-006
22471,7.4818e-006
22472,8.9947e-006
22473,7.5285e-007
22474,6.666e-007
22475,8.067e-007
22476,1.0599e-006
22477,1.0065e-006
22478,1.1901e-006
22479,6.895e-006
22480,5.0843e-006
22481,6.2142e-006
22482,5.1353e-006
22483,5.7084e-006
22484,6.2713e-006
22485,2.1799e-005
22486,2.2107e-005
22487,1.8807e-005
22488,3.253e-005
22489,2.6803e-005
22490,3.1492e-005
22491,1.7183e-005
22492,1.6625e-005
22493,1.28e-005
22494,1.4496e-005
22495,1.6099e-005
22496,5.3408e-006
22497,4.495e-006
22498,4.9727e-006
22499,3.7953e-006
22500,5.0319e-006
22501,4.2781e-006
22502,4.4453e-006
22503,4.5663e-006
22504,4.3642e-006
22505,2.319e-005
22506,1.9459e-005
22507,2.1342e-005
22508,1.9304e-005
22509,2.4297e-005
22510,7.0775e-006
22511,8.0488e-006
22512,7.0998e-006
22513,5.6598e-006
22514,6.2583e-006
22515,7.3072e-006
22516,7.8362e-006
22517,7.1393e-006
22518,3.8887e-006
22519,3.6113e-006
22520,3.0386e-006
22521,2.756e-006
22522,3.5747e-006
22523,3.5691e-006
22524,5.5106e-006
22525,5.1016e-006
22526,6.6506e-006
22527,5.7002e-006
22528,4.7625e-006
22529,5.8248e-006
22530,5.8224e-006
22531,4.5409e-006
22532,4.2334e-006
22533,4.623e-006
22534,3.895e-006
22535,2.7655e-006
22536,1.62e-004
22537,1.8147e-004
22538,1.6494e-004
22539,1.6206e-004
22540,1.4853e-004
22541,8.8388e-006
22542,6.7268e-006
22543,6.3161e-006
22544,7.083e-006
22545,7.8474e-006
22546,7.3373e-006
22547,9.1185e-006
22548,8.744e-006
22549,7.9205e-006
22550,6.7548e-006
22551,9.1872e-006
22552,6.7623e-006
22553,6.9799e-006
22554,4.9386e-006
22555,5.5106e-006
22556,6.1448e-006
22557,4.6241e-006
22558,5.7016e-006
22559,4.4792e-006
22560,3.9486e-006
22561,7.9051e-006
22562,5.5938e-006
22563,7.3001e-006
22564,6.0016e-006
22565,6.1362e-006
22566,6.9951e-006
22567,8.0046e-006
22568,6.0732e-006
22569,6.1224e-006
22570,5.2722e-006
22571,7.0038e-006
22572,6.4658e-006
22573,5.1073e-006
22574,4.3513e-006
22575,1.7999e-005
22576,2.0035e-005
22577,1.6406e-005
22578,2.0567e-005
22579,1.8389e-005
22580,1.7137e-005
22581,1.6754e-005
22582,2.3491e-005
22583,2.2001e-005
22584,2.6354e-005
22585,3.7433e-005
22586,2.9996e-005
22587,2.2298e-005
22588,3.2525e-005
22589,1.3745e-005
22590,1.5425e-005
22591,1.2338e-005
22592,1.275e-005
22593,1.1575e-005
22594,1.3607e-005
22595,1.1054e-005
22596,9.9573e-006
22597,1.2651e-005
22598,9.7018e-006
22599,7.8295e-006
22600,2.0372e-005
22601,8.6411e-006
22602,1.4633e-005
22603,9.9019e-006
22604,1.5645e-005
22605,1.2468e-005
22606,1.129e-005
22607,1.9883e-005
22608,1.797e-005
22609,2.5326e-005
22610,2.3339e-005
22611,1.7458e-005
22612,1.9362e-005
22613,2.2907e-005
22614,6.2018e-006
22615,5.5657e-006
22616,5.6896e-006
22617,9.1992e-006
22618,1.2052e-005
22619,9.8184e-006
22620,9.6427e-006
22621,8.017e-006
22622,6.781e-006
22623,7.4402e-006
22624,9.245e-006
22625,6.5147e-006
22626,8.3727e-006
22627,8.4988e-006
22628,7.2079e-006
22629,8.6011e-006
22630,1.2497e-005
22631,8.966e-006
22632,1.0112e-005
22633,8.997e-006
22634,7.5092e-006
22635,1.1119e-005
22636,7.7847e-006
22637,8.1129e-006
22638,1.0206e-005
22639,1.0792e-005
22640,2.3064e-005
22641,2.5391e-005
22642,1.8716e-005
22643,1.682e-005
22644,1.8828e-005
22645,2.1845e-005
22646,2.1327e-005
22647,2.5397e-005
22648,1.7643e-005
22649,1.9448e-005
22650,2.2642e-005
22651,1.2974e-005
22652,1.3595e-005
22653,1.6926e-005
22654,1.4252e-005
22655,1.3116e-005
22656,1.4589e-005
22657,1.0442e-005
22658,1.1708e-005
22659,1.0434e-005
22660,9.0485e-006
22661,1.1798e-005
22662,9.7253e-006
22663,1.4918e-005
22664,1.1848e-005
22665,1.3761e-005
22666,7.7412e-006
22667,5.8891e-006
22668,7.6634e-006
22669,9.2021e-006
22670,8.8763e-006
22671,6.8406e-006
22672,5.9776e-006
22673,5.4531e-006
22674,7.1259e-006
22675,6.0093e-006
22676,3.9855e-006
22677,5.0147e-006
22678,4.769e-006
22679,7.7971e-006
22680,7.3534e-006
22681,5.1636e-006
22682,5.4799e-006
22683,4.8992e-006
22684,5.9789e-006
22685,4.0402e-006
22686,4.6228e-006
22687,8.6183e-006
22688,8.2696e-006
22689,2.311e-005
22690,2.6402e-005
22691,1.9487e-005
22692,2.1352e-005
22693,2.5627e-005
22694,2.1004e-005
22695,2.1415e-005
22696,2.162e-005
22697,1.565e-005
22698,1.8644e-005
22699,1.6086e-005
22700,1.4929e-005
22701,1.8121e-005
22702,1.56e-005
22703,1.4254e-005
22704,2.6558e-005
22705,2.1011e-005
22706,2.2331e-005
22707,2.9261e-005
22708,1.1167e-005
22709,1.0345e-005
22710,1.1939e-005
22711,6.5471e-006
22712,8.0803e-006
22713,8.0002e-006
22714,6.9789e-006
22715,8.3402e-006
22716,5.9921e-006
22717,6.0182e-006
22718,1.7038e-005
22719,1.8648e-005
22720,1.7247e-005
22721,1.7027e-005
22722,1.6084e-005
22723,1.5392e-005
22724,2.4706e-005
22725,2.1297e-005
22726,1.9085e-005
22727,1.707e-005
22728,1.4819e-005
22729,2.2278e-005
22730,2.8707e-005
22731,2.1618e-005
22732,2.8089e-005
22733,8.2191e-006
22734,7.9063e-006
22735,7.9206e-006
22736,8.6954e-006
22737,7.7234e-006
22738,9.8014e-006
22739,7.9428e-006
22740,8.8698e-006
22741,7.9731e-006
22742,9.4495e-006
22743,7.7867e-006
22744,9.7303e-006
22745,9.5177e-006
22746,9.2776e-006
22747,8.1476e-006
22748,8.1748e-006
22749,6.8628e-006
22750,5.7152e-006
22751,5.8988e-006
22752,7.3192e-006
22753,1.0352e-005
22754,1.294e-005
22755,1.2471e-005
22756,1.0696e-005
22757,3.0236e-005
22758,2.6688e-005
22759,2.573e-005
22760,2.2924e-005
22761,1.5556e-005
22762,1.8681e-005
22763,1.6333e-005
22764,1.3542e-005
22765,1.2447e-005
22766,1.4426e-005
22767,1.1049e-005
22768,1.5276e-005
22769,1.2762e-005
22770,1.4035e-005
22771,1.1283e-005
22772,1.0857e-005
22773,9.4625e-006
22774,1.5536e-005
22775,1.5125e-005
22776,1.7182e-005
22777,1.4961e-005
22778,1.265e-005
22779,1.1807e-005
22780,1.211e-005
22781,1.3896e-005
22782,1.0967e-005
22783,1.2872e-005
22784,1.1981e-005
22785,1.0416e-005
22786,9.0621e-006
22787,1.1985e-005
22788,9.5313e-006
22789,1.0161e-005
22790,1.0678e-005
22791,1.1064e-005
22792,9.0259e-006
22793,8.925e-006
22794,1.0523e-005
22795,2.3408e-005
22796,2.29e-005
22797,1.8228e-005
22798,2.0753e-005
22799,2.2193e-005
22800,2.0105e-005
22801,1.933e-005
22802,2.0951e-005
22803,2.2354e-005
22804,2.4911e-005
22805,1.9378e-005
22806,2.4507e-005
22807,2.1975e-005
22808,2.2779e-005
22809,2.1433e-005
22810,2.4645e-005
22811,2.0947e-005
22812,2.2215e-005
22813,1.8348e-005
22814,9.1015e-006
22815,9.5791e-006
22816,8.7352e-006
22817,8.8765e-006
22818,9.9448e-006
22819,1.0842e-005
22820,9.8918e-006
22821,1.4624e-005
22822,1.5134e-005
22823,1.2918e-005
22824,1.0412e-005
22825,8.6207e-006
22826,7.8767e-006
22827,9.3784e-006
22828,8.6973e-006
22829,7.9165e-006
22830,7.8655e-006
22831,8.0607e-006
22832,7.038e-006
22833,3.2921e-005
22834,2.9381e-005
22835,3.096e-005
22836,2.809e-005
22837,2.9475e-005
22838,2.8298e-005
22839,3.3417e-005
22840,3.1039e-005
22841,3.6648e-005
22842,2.8073e-005
22843,2.8378e-005
22844,2.6391e-005
22845,3.7947e-005
22846,3.3255e-005
22847,4.1655e-005
22848,4.9e-005
22849,2.6433e-005
22850,2.1546e-005
22851,1.8167e-005
22852,2.2262e-005
22853,2.0704e-005
22854,9.9915e-006
22855,1.1489e-005
22856,1.198e-005
22857,1.0335e-005
22858,9.9577e-006
22859,9.7816e-006
22860,9.253e-006
22861,1.8902e-005
22862,1.9518e-005
22863,2.2763e-005
22864,2.4723e-005
22865,1.7246e-005
22866,6.6265e-006
22867,9.1693e-006
22868,8.9411e-006
22869,7.2051e-006
22870,1.4445e-005
22871,1.544e-005
22872,1.4612e-005
22873,1.268e-005
22874,1.252e-005
22875,1.7302e-005
22876,9.7718e-006
22877,8.2075e-006
22878,8.8169e-006
22879,1.0018e-005
22880,1.0448e-005
22881,8.8804e-006
22882,5.9157e-006
22883,7.9107e-006
22884,8.4494e-006
22885,6.2313e-006
22886,6.432e-006
22887,7.1949e-006
22888,1.0228e-005
22889,9.9204e-006
22890,8.9958e-006
22891,9.8394e-006
22892,8.4945e-006
22893,1.0608e-005
22894,1.1923e-005
22895,8.7161e-006
22896,8.6122e-006
22897,1.0468e-005
22898,9.5086e-006
22899,1.2029e-005
22900,1.1383e-005
22901,1.2459e-005
22902,1.1349e-005
22903,9.2516e-006
22904,1.0291e-005
22905,1.0604e-005
22906,1.1255e-005
22907,9.2652e-006
22908,9.789e-006
22909,1.0138e-005
22910,1.4936e-005
22911,1.0333e-005
22912,1.1999e-005
22913,1.0396e-005
22914,9.4323e-006
22915,7.1682e-006
22916,9.0778e-006
22917,8.5427e-006
22918,1.0201e-005
22919,5.0337e-006
22920,5.5929e-006
22921,5.7613e-006
22922,1.0718e-005
22923,1.0809e-005
22924,8.764e-006
22925,9.9807e-006
22926,7.9504e-006
22927,8.3232e-006
22928,7.0011e-006
22929,6.058e-006
22930,8.8869e-006
22931,8.2589e-006
22932,1.0237e-005
22933,1.205e-005
22934,9.4224e-006
22935,8.6837e-006
22936,1.0331e-005
22937,1.1559e-005
22938,9.1858e-006
22939,1.3418e-005
22940,1.512e-005
22941,1.2495e-005
22942,1.4135e-005
22943,1.208e-005
22944,9.4987e-006
22945,1.1171e-005
22946,8.7356e-006
22947,1.0969e-005
22948,8.6725e-006
22949,1.3381e-005
22950,9.1993e-006
22951,1.1003e-005
22952,1.0475e-005
22953,5.79e-006
22954,7.3774e-006
22955,7.1328e-006
22956,6.1569e-006
22957,5.4867e-006
22958,1.2619e-005
22959,1.3164e-005
22960,9.1837e-006
22961,1.2968e-005
22962,1.0909e-005
22963,1.0978e-005
22964,1.0465e-005
22965,9.996e-006
22966,2.0416e-005
22967,1.9048e-005
22968,2.0956e-005
22969,2.3691e-005
22970,1.9628e-005
22971,1.6658e-005
22972,1.9853e-005
22973,1.8504e-005
22974,1.5263e-005
22975,2.1444e-005
22976,1.5895e-005
22977,3.2096e-005
22978,2.1872e-005
22979,2.5162e-005
22980,2.4608e-005
22981,1.4399e-005
22982,1.7923e-005
22983,1.4423e-005
22984,1.7164e-005
22985,1.8382e-005
22986,1.4187e-005
22987,1.6827e-005
22988,1.466e-005
22989,1.7146e-005
22990,5.4306e-006
22991,4.8862e-006
22992,5.1698e-006
22993,4.0594e-006
22994,4.7414e-006
22995,4.3318e-006
22996,1.5559e-005
22997,1.6621e-005
22998,1.6092e-005
22999,1.7484e-005
23000,1.5037e-005
23001,1.436e-005
23002,1.8554e-005
23003,1.7608e-005
23004,1.756e-005
23005,1.7095e-005
23006,2.0528e-005
23007,3.9388e-005
23008,4.1403e-005
23009,3.7969e-005
23010,4.9971e-005
23011,4.6808e-005
23012,3.0087e-005
23013,3.1148e-005
23014,2.8882e-005
23015,3.4044e-005
23016,2.5911e-005
23017,1.9885e-005
23018,1.9932e-005
23019,2.3799e-005
23020,2.2751e-005
23021,2.3282e-005
23022,1.7897e-005
23023,1.7136e-005
23024,1.2838e-005
23025,1.2363e-005
23026,1.481e-005
23027,1.1867e-005
23028,1.5329e-005
23029,1.225e-005
23030,1.2469e-005
23031,1.2425e-005
23032,1.1735e-005
23033,7.8079e-006
23034,9.2198e-006
23035,7.6861e-006
23036,8.1975e-006
23037,7.7887e-006
23038,8.3613e-006
23039,6.8706e-006
23040,9.0316e-006
23041,6.87e-006
23042,4.3828e-006
23043,6.0377e-006
23044,5.2119e-006
23045,4.9464e-006
23046,5.5221e-006
23047,9.7347e-006
23048,7.3259e-006
23049,8.7373e-006
23050,9.2188e-006
23051,9.5136e-006
23052,1.1634e-005
23053,9.4041e-006
23054,1.1213e-005
23055,9.0981e-006
23056,9.5397e-006
23057,1.0462e-005
23058,1.0766e-005
23059,1.2689e-005
23060,6.2198e-006
23061,7.1112e-006
23062,8.6749e-006
23063,8.1595e-006
23064,7.005e-006
23065,8.8692e-006
23066,7.2091e-006
23067,1.1698e-005
23068,1.2254e-005
23069,1.163e-005
23070,1.2054e-005
23071,1.3411e-005
23072,1.2035e-005
23073,1.258e-005
23074,1.3759e-005
23075,1.3993e-005
23076,1.076e-005
23077,8.8477e-006
23078,1.0319e-005
23079,9.0589e-006
23080,9.1085e-006
23081,1.0776e-005
23082,9.2991e-006
23083,1.2597e-005
23084,1.1638e-005
23085,1.0747e-005
23086,1.1178e-005
23087,1.247e-005
23088,1.0839e-005
23089,1.1766e-005
23090,9.0478e-006
23091,1.066e-005
23092,9.159e-006
23093,5.4054e-006
23094,7.3128e-006
23095,5.8457e-006
23096,5.9606e-006
23097,1.285e-005
23098,1.0789e-005
23099,1.2222e-005
23100,1.3405e-005
23101,1.3269e-005
23102,1.0894e-005
23103,1.03e-005
23104,1.1184e-005
23105,9.6682e-006
23106,8.9206e-006
23107,8.1692e-006
23108,8.586e-006
23109,8.6218e-006
23110,1.01e-005
23111,9.9206e-006
23112,1.2059e-005
23113,1.0077e-005
23114,9.3506e-006
23115,6.3979e-006
23116,7.5863e-006
23117,6.6088e-006
23118,7.4361e-006
23119,6.7416e-006
23120,7.8622e-006
23121,2.4381e-005
23122,1.4239e-005
23123,1.3196e-005
23124,1.2047e-005
23125,1.7964e-005
23126,2.0724e-005
23127,1.996e-005
23128,1.7427e-005
23129,1.9809e-005
23130,1.1164e-005
23131,1.1592e-005
23132,1.3313e-005
23133,1.1245e-005
23134,1.0536e-005
23135,5.5914e-006
23136,5.9272e-006
23137,5.3736e-006
23138,5.7501e-006
23139,7.1174e-006
23140,7.1593e-006
23141,7.4367e-006
23142,7.4827e-006
23143,6.6246e-006
23144,7.2885e-006
23145,1.0942e-005
23146,1.0525e-005
23147,1.2628e-005
23148,1.2115e-005
23149,1.1703e-005
23150,9.9201e-006
23151,9.5893e-006
23152,8.248e-006
23153,7.5589e-006
23154,1.3596e-005
23155,1.4404e-005
23156,1.1499e-005
23157,1.1369e-005
23158,1.3524e-005
23159,1.0769e-005
23160,2.4403e-004
23161,2.6702e-004
23162,2.5356e-004
23163,1.7099e-006
23164,6.3052e-012
23165,1.5309e-003
23166,2.0843e-003
23167,8.67e-014
23168,1.0323e-002
23169,1.0325e-002
23170,9.7163e-004
23171,1.3325e-003
23172,3.8792e-005
23173,3.9939e-005
23174,3.2594e-005
23175,3.7464e-005
23176,3.1748e-005
23177,4.6166e-005
23178,5.1081e-005
23179,1.5896e-006
23180,3.0193e-006
23181,2.3154e-006
23182,2.4418e-006
23183,8.0408e-006
23184,6.7779e-006
23185,6.6039e-004
23186,2.2288e-004
23187,1.9238e-004
23188,2.0905e-004
23189,1.7993e-004
23190,1.8197e-004
23191,1.8845e-004
23192,1.7896e-004
23193,1.6227e-004
23194,1.9026e-004
23195,9.5249e-005
23196,9.0604e-005
23197,8.5727e-005
23198,1.1547e-004
23199,1.0978e-004
23200,1.0469e-004
23201,8.736e-005
23202,1.1023e-004
23203,1.1362e-006
23204,1.0196e-006
23205,1.7474e-006
23206,1.5459e-006
23207,1.266e-006
23208,8.8059e-005
23209,1.0089e-004
23210,8.2165e-005
23211,7.9127e-005
23212,8.8381e-005
23213,1.3463e-004
23214,1.389e-004
23215,1.6208e-004
23216,3.1421e-004
23217,1.7786e-004
23218,1.0117e-006
23219,1.3758e-006
23220,1.8372e-006
23221,1.4707e-006
23222,1.7464e-006
23223,1.0006e-006
23224,1.3405e-006
23225,2.1863e-006
23226,1.4176e-006
23227,2.0173e-006
23228,1.9826e-006
23229,2.4042e-006
23230,1.2292e-006
23231,1.1234e-006
23232,2.044e-006
23233,1.9562e-006
23234,2.2447e-006
23235,1.2098e-006
23236,1.9288e-006
23237,1.7227e-006
23238,1.1311e-006
23239,1.6212e-006
23240,1.3997e-006
23241,1.3564e-006
23242,5.6584e-004
23243,1.0533e-006
23244,9.2287e-007
23245,2.3778e-005
23246,2.3345e-005
23247,2.3403e-005
23248,2.2035e-005
23249,2.7149e-005
23250,4.1316e-005
23251,3.6334e-005
23252,4.9755e-005
23253,5.7559e-005
23254,4.696e-005
23255,4.5535e-005
23256,4.3386e-005
23257,1.4161e-005
23258,1.2672e-005
23259,1.0263e-005
23260,1.2802e-005
23261,1.0017e-006
23262,8.6597e-007
23263,4.1783e-005
23264,6.6122e-005
23265,4.6415e-005
23266,4.4706e-005
23267,3.8278e-005
23268,5.6946e-005
23269,1.9606e-004
23270,1.6757e-004
23271,1.8402e-004
23272,1.6157e-004
23273,1.8702e-004
23274,1.4344e-004
23275,1.9656e-004
23276,1.6709e-004
23277,1.7786e-004
23278,1.4836e-004
23279,1.7526e-004
23280,1.9122e-004
23281,2.0541e-004
23282,3.8047e-006
23283,3.6641e-006
23284,2.9992e-006
23285,3.1787e-006
23286,2.6201e-006
23287,2.6932e-006
23288,4.3295e-006
23289,3.7211e-006
23290,2.5516e-006
23291,1.3757e-006
23292,1.2011e-006
23293,2.1986e-006
23294,1.4699e-006
23295,1.6969e-006
23296,1.918e-006
23297,1.0283e-006
23298,2.5104e-006
23299,6.9042e-006
23300,5.7145e-006
23301,5.5378e-006
23302,4.5058e-006
23303,1.9419e-004
23304,2.3264e-004
23305,1.7004e-004
23306,1.9889e-004
23307,2.0027e-004
23308,2.516e-004
23309,2.2483e-004
23310,4.353e-004
23311,3.3243e-004
23312,1.5319e-004
23313,1.4088e-004
23314,1.6713e-004
23315,1.3096e-004
23316,1.7208e-004
23317,1.4704e-004
23318,2.0219e-005
23319,1.9182e-005
23320,1.568e-005
23321,2.3315e-005
23322,1.6844e-008
23323,1.0494e-002
23324,1.0821e-002
23325,1.1148e-004
23326,1.8345e-004
23327,1.0338e-004
23328,5.6742e-005
23329,4.7507e-005
23330,5.326e-005
23331,7.4105e-005
23332,5.3365e-005
23333,7.7727e-005
23334,4.8566e-005
23335,6.2078e-005
23336,2.7586e-005
23337,2.1395e-005
23338,2.9227e-005
23339,3.8168e-005
23340,2.1996e-005
23341,3.0804e-005
23342,2.53e-005
23343,2.1674e-005
23344,4.9891e-006
23345,4.0215e-006
23346,3.4995e-006
23347,4.9236e-006
23348,4.114e-006
23349,4.7435e-006
23350,4.4247e-006
23351,1.2748e-005
23352,1.3983e-005
23353,1.412e-005
23354,2.0997e-005
23355,1.8016e-005
23356,1.4935e-005
23357,1.7734e-005
23358,2.3659e-005
23359,1.5515e-005
23360,2.1895e-006
23361,1.6425e-006
23362,2.0191e-006
23363,2.2748e-006
23364,1.4972e-006
23365,1.1396e-006
23366,1.5362e-006
23367,1.6783e-006
23368,1.4638e-006
23369,1.7046e-006
23370,1.1037e-006
23371,1.9676e-006
23372,1.3124e-006
23373,9.0298e-007
23374,1.3854e-006
23375,1.578e-006
23376,1.7744e-006
23377,1.1577e-006
23378,2.3184e-006
23379,6.5836e-007
23380,1.5671e-006
23381,2.5339e-006
23382,2.2537e-006
23383,1.5032e-006
23384,1.194e-006
23385,9.0619e-007
23386,1.0485e-007
23387,1.4578e-007
23388,3.2685e-006
23389,3.3005e-006
23390,4.2371e-006
23391,3.5339e-006
23392,3.9989e-006
23393,4.1003e-006
23394,1.1949e-005
23395,1.0577e-005
23396,8.8645e-006
23397,5.9767e-006
23398,1.1644e-004
23399,5.6697e-005
23400,6.1247e-005
23401,4.2095e-005
23402,7.2376e-005
23403,5.67e-005
23404,4.9291e-005
23405,7.0346e-005
23406,5.2938e-005
23407,5.4564e-005
23408,3.1553e-005
23409,3.1328e-005
23410,3.7013e-005
23411,4.7199e-005
23412,3.6987e-005
23413,5.4682e-005
23414,4.5019e-005
23415,3.346e-005
23416,4.0653e-005
23417,1.9013e-005
23418,2.0542e-005
23419,1.6989e-005
23420,1.6493e-005
23421,2.9673e-005
23422,2.4549e-005
23423,1.8533e-005
23424,1.7204e-005
23425,1.6452e-005
23426,1.6272e-005
23427,1.9327e-005
23428,1.4695e-005
23429,1.9715e-005
23430,1.9965e-005
23431,1.6805e-005
23432,1.5553e-005
23433,1.55e-005
23434,1.8537e-005
23435,5.3804e-005
23436,5.0443e-005
23437,5.1936e-005
23438,7.0143e-005
23439,4.5598e-005
23440,7.8133e-005
23441,7.3834e-005
23442,5.4021e-005
23443,2.2422e-006
23444,1.8069e-006
23445,2.2515e-006
23446,1.3133e-006
23447,1.9107e-006
23448,2.1619e-006
23449,2.2773e-006
23450,1.7857e-006
23451,4.6739e-006
23452,2.0053e-006
23453,2.0994e-006
23454,2.5731e-006
23455,9.9572e-007
23456,3.1947e-006
23457,1.2379e-006
23458,2.6379e-006
23459,1.0082e-006
23460,7.6874e-007
23461,1.139e-006
23462,7.3827e-007
23463,8.0753e-007
23464,1.2357e-006
23465,1.3236e-006
23466,6.3742e-007
23467,7.4928e-007
23468,1.5541e-006
23469,1.6768e-006
23470,1.9817e-006
23471,1.4448e-006
23472,1.76e-006
23473,1.8853e-006
23474,1.447e-006
23475,1.6328e-006
23476,3.878e-005
23477,3.7044e-005
23478,4.6225e-005
23479,5.2269e-005
23480,4.5869e-005
23481,3.9682e-005
23482,5.0833e-005
23483,4.507e-005
23484,5.9009e-005
23485,4.0738e-005
23486,1.0416e-002
23487,1.0346e-002
23488,6.1377e-007
23489,1.4195e-006
23490,1.0708e-006
23491,1.8166e-006
23492,8.8388e-006
23493,2.8288e-006
23494,5.5655e-006
23495,4.7038e-006
23496,7.3881e-006
23497,3.7217e-006
23498,3.6045e-006
23499,4.7073e-006
23500,3.5182e-006
23501,1.5818e-006
23502,2.0475e-006
23503,1.5408e-006
23504,1.3668e-006
23505,8.1887e-007
23506,2.0677e-007
23507,1.6194e-006
23508,1.0602e-005
23509,1.3698e-005
23510,1.2925e-005
23511,2.5979e-006
23512,2.9881e-006
23513,2.9427e-006
23514,2.1862e-006
23515,2.1045e-006
23516,1.8098e-006
23517,2.6928e-006
23518,2.7857e-006
23519,2.8496e-006
23520,2.7692e-006
23521,1.8801e-006
23522,1.3234e-006
23523,6.1565e-007
23524,1.2232e-006
23525,8.8393e-007
23526,1.0496e-006
23527,1.3561e-006
23528,1.5822e-006
23529,1.1516e-006
23530,1.8711e-006
23531,1.2968e-006
23532,1.3043e-006
23533,1.569e-006
23534,1.1876e-006
23535,1.8939e-005
23536,1.4063e-005
23537,1.3327e-005
23538,1.6581e-005
23539,1.1899e-005
23540,9.4918e-006
23541,1.4715e-005
23542,1.3807e-005
23543,1.1919e-005
23544,1.6824e-005
23545,1.4394e-005
23546,1.2099e-005
23547,1.6139e-005
23548,1.8588e-005
23549,1.6758e-005
23550,2.8001e-005
23551,1.6741e-005
23552,1.1914e-005
23553,1.1338e-005
23554,7.9034e-006
23555,8.6992e-006
23556,6.8706e-006
23557,5.74e-006
23558,1.4704e-005
23559,8.2951e-006
23560,7.0302e-006
23561,8.2249e-006
23562,3.6971e-005
23563,2.895e-005
23564,3.2621e-005
23565,3.615e-005
23566,3.4003e-005
23567,4.0446e-005
23568,3.9713e-005
23569,3.5458e-005
23570,2.7083e-005
23571,3.1731e-005
23572,3.3888e-005
23573,3.7899e-005
23574,4.8363e-005
23575,5.4541e-005
23576,7.1482e-005
23577,4.7551e-005
23578,4.8212e-005
23579,5.7447e-005
23580,6.3309e-005
23581,3.5557e-005
23582,4.224e-005
23583,4.7773e-005
23584,4.1147e-005
23585,6.6909e-005
23586,4.8318e-005
23587,4.14e-005
23588,6.1278e-005
23589,8.2031e-006
23590,6.1877e-006
23591,4.9044e-006
23592,1.2984e-005
23593,5.6535e-006
23594,3.3838e-006
23595,5.175e-006
23596,2.0946e-006
23597,1.5354e-006
23598,1.6991e-006
23599,1.9422e-006
23600,1.8377e-006
23601,1.5429e-006
23602,1.1079e-006
23603,9.4582e-007
23604,1.3656e-006
23605,1.547e-006
23606,9.5489e-007
23607,2.1932e-006
23608,1.6174e-006
23609,2.8215e-006
23610,2.0149e-006
23611,3.382e-006
23612,2.6705e-006
23613,2.6572e-006
23614,3.2809e-006
23615,3.7966e-006
23616,1.5265e-006
23617,1.356e-006
23618,3.4273e-006
23619,4.8137e-007
23620,3.021e-006
23621,8.7493e-006
23622,7.269e-006
23623,7.9683e-006
23624,6.6272e-006
23625,1.0058e-005
23626,7.8041e-006
23627,7.1009e-006
23628,1.1255e-005
23629,9.4773e-006
23630,1.7382e-006
23631,2.9292e-006
23632,5.0251e-006
23633,5.1528e-006
23634,2.397e-006
23635,2.3572e-006
23636,2.4671e-005
23637,2.3025e-005
23638,3.3098e-005
23639,2.9428e-005
23640,2.1316e-005
23641,1.915e-005
23642,1.985e-005
23643,1.6425e-005
23644,1.3175e-005
23645,1.3962e-005
23646,1.1397e-005
23647,1.0659e-005
23648,1.74e-005
23649,1.4668e-005
23650,1.5259e-005
23651,1.7625e-005
23652,1.1515e-005
23653,1.2737e-005
23654,1.2744e-005
23655,2.4242e-005
23656,7.1267e-006
23657,1.2741e-005
23658,7.4287e-006
23659,1.0489e-005
23660,8.683e-006
23661,8.3325e-006
23662,1.1229e-005
23663,9.7736e-006
23664,8.8554e-006
23665,1.2295e-005
23666,1.3021e-005
23667,1.0509e-005
23668,1.451e-005
23669,3.1356e-006
23670,3.7769e-006
23671,3.5658e-006
23672,2.5586e-006
23673,2.982e-006
23674,3.4132e-006
23675,2.0765e-006
23676,3.6643e-006
23677,3.0648e-006
23678,2.5419e-006
23679,1.9017e-005
23680,1.7708e-005
23681,1.5865e-005
23682,1.7396e-005
23683,1.948e-005
23684,2.3057e-005
23685,1.9546e-005
23686,1.7937e-005
23687,2.4505e-005
23688,1.6052e-005
23689,1.5948e-005
23690,2.1947e-005
23691,4.1009e-006
23692,3.8775e-006
23693,4.2969e-006
23694,3.2096e-006
23695,3.3223e-006
23696,2.9158e-006
23697,2.4036e-006
23698,2.7818e-005
23699,2.8657e-005
23700,3.2092e-005
23701,2.4782e-005
23702,2.9928e-005
23703,3.9281e-005
23704,5.2772e-005
23705,5.926e-005
23706,7.8932e-005
23707,6.1916e-005
23708,7.4453e-005
23709,5.958e-005
23710,5.8732e-005
23711,6.3995e-005
23712,4.0887e-005
23713,3.882e-005
23714,5.0389e-005
23715,5.7904e-005
23716,4.2997e-005
23717,5.142e-005
23718,5.6377e-005
23719,2.8453e-006
23720,2.6765e-006
23721,2.7163e-006
23722,2.6346e-006
23723,2.9461e-006
23724,1.4968e-006
23725,1.7208e-006
23726,1.814e-006
23727,2.0044e-006
23728,9.1025e-007
23729,2.1542e-006
23730,1.4194e-005
23731,8.7454e-006
23732,1.108e-005
23733,1.5428e-005
23734,1.141e-005
23735,1.3065e-005
23736,1.2887e-005
23737,1.5752e-005
23738,1.262e-005
23739,9.6454e-006
23740,1.213e-005
23741,1.8172e-005
23742,1.1052e-005
23743,1.4658e-005
23744,1.2298e-005
23745,1.5433e-005
23746,1.3588e-005
23747,9.7358e-006
23748,1.7167e-005
23749,1.8172e-005
23750,1.0443e-005
23751,1.0697e-005
23752,1.6789e-006
23753,1.7804e-006
23754,1.4335e-006
23755,9.0817e-007
23756,1.1155e-006
23757,1.1353e-006
23758,4.0226e-006
23759,8.2371e-006
23760,6.0537e-006
23761,5.2428e-006
23762,6.613e-006
23763,6.6337e-006
23764,4.9e-006
23765,5.8913e-006
23766,7.5316e-006
23767,3.7827e-006
23768,4.8531e-006
23769,5.5071e-006
23770,4.4916e-006
23771,5.1577e-006
23772,4.8728e-006
23773,5.1256e-006
23774,4.6357e-006
23775,4.7824e-006
23776,3.6713e-006
23777,3.8126e-006
23778,3.9445e-006
23779,3.5679e-006
23780,3.7702e-006
23781,3.6648e-006
23782,3.1486e-006
23783,3.067e-006
23784,3.1895e-006
23785,2.2278e-006
23786,3.3091e-006
23787,3.574e-006
23788,3.3228e-006
23789,4.8375e-006
23790,4.3891e-006
23791,3.7928e-006
23792,4.4306e-006
23793,3.3973e-006
23794,3.8945e-006
23795,4.2242e-006
23796,1.6563e-006
23797,1.8927e-006
23798,2.1062e-006
23799,1.9974e-006
23800,2.3305e-006
23801,1.7056e-006
23802,2.4297e-006
23803,5.6947e-006
23804,6.5852e-006
23805,7.905e-006
23806,5.6166e-006
23807,1.0016e-005
23808,2.8712e-005
23809,2.5472e-005
23810,2.1064e-005
23811,2.0985e-005
23812,2.2995e-005
23813,1.9366e-005
23814,1.6662e-005
23815,1.5604e-005
23816,1.6091e-005
23817,1.8776e-005
23818,2.6003e-005
23819,1.9896e-005
23820,2.6245e-005
23821,2.7053e-005
23822,2.1413e-005
23823,1.2779e-005
23824,1.9858e-005
23825,1.3558e-005
23826,1.6472e-005
23827,1.7895e-005
23828,1.7067e-005
23829,2.394e-005
23830,1.4149e-005
23831,1.4321e-005
23832,1.1888e-005
23833,2.1739e-005
23834,1.9486e-005
23835,1.5745e-005
23836,1.5317e-005
23837,2.3234e-005
23838,1.2689e-005
23839,6.2257e-006
23840,7.2864e-006
23841,1.0643e-005
23842,9.2052e-006
23843,8.6603e-006
23844,9.1372e-006
23845,1.1189e-005
23846,7.1241e-006
23847,4.3112e-006
23848,3.6227e-006
23849,3.5844e-006
23850,4.5885e-006
23851,3.8108e-006
23852,4.5075e-006
23853,5.2106e-006
23854,3.523e-006
23855,2.8103e-006
23856,3.7343e-006
23857,3.8733e-006
23858,3.5392e-006
23859,4.4059e-006
23860,3.7674e-006
23861,4.1755e-006
23862,2.604e-006
23863,3.0815e-006
23864,3.6085e-006
23865,2.9128e-006
23866,3.8738e-006
23867,3.8275e-006
23868,3.1246e-006
23869,4.973e-006
23870,4.4316e-006
23871,5.3079e-006
23872,5.1591e-006
23873,3.6079e-006
23874,4.8109e-006
23875,5.3876e-006
23876,4.2666e-006
23877,4.0375e-006
23878,3.3837e-006
23879,2.9729e-006
23880,2.7096e-006
23881,1.0574e-006
23882,2.6016e-006
23883,2.3423e-006
23884,3.31e-006
23885,2.9517e-006
23886,2.6304e-006
23887,2.2032e-006
23888,2.9464e-006
23889,5.2632e-006
23890,7.7729e-006
23891,7.6105e-006
23892,7.9196e-006
23893,1.1419e-005
23894,6.0731e-006
23895,6.7928e-006
23896,9.2677e-006
23897,5.4367e-006
23898,9.8129e-006
23899,7.9444e-006
23900,5.0131e-006
23901,4.343e-006
23902,3.3116e-006
23903,4.7338e-006
23904,5.9128e-006
23905,5.7959e-006
23906,7.9039e-006
23907,4.3667e-006
23908,6.5392e-006
23909,7.346e-006
23910,6.7047e-006
23911,6.8278e-006
23912,7.031e-006
23913,8.2662e-006
23914,9.3866e-006
23915,7.9198e-006
23916,9.017e-006
23917,8.8204e-006
23918,1.9884e-005
23919,2.095e-005
23920,2.2112e-005
23921,1.7992e-005
23922,1.8049e-005
23923,1.9703e-005
23924,1.8906e-005
23925,2.5777e-005
23926,1.7017e-005
23927,1.8256e-005
23928,1.9198e-005
23929,2.2983e-005
23930,2.3466e-005
23931,1.7518e-005
23932,1.8678e-005
23933,1.703e-005
23934,1.6394e-005
23935,1.6095e-005
23936,1.5028e-005
23937,1.7576e-005
23938,2.0438e-005
23939,1.5737e-005
23940,1.7443e-005
23941,2.1917e-005
23942,2.2742e-005
23943,1.9324e-005
23944,2.2912e-005
23945,2.8176e-005
23946,2.3471e-005
23947,3.1998e-005
23948,3.0696e-005
23949,2.6244e-005
23950,2.6825e-005
23951,3.877e-005
23952,3.1537e-005
23953,3.0726e-005
23954,4.5484e-005
23955,3.1646e-005
23956,2.4444e-005
23957,2.1496e-005
23958,2.0395e-005
23959,1.988e-005
23960,2.5401e-005
23961,2.2885e-005
23962,2.68e-005
23963,3.3499e-005
23964,2.8732e-005
23965,2.8036e-005
23966,2.2261e-005
23967,2.4528e-005
23968,1.9972e-005
23969,1.126e-005
23970,1.3612e-005
23971,1.1735e-005
23972,1.282e-005
23973,1.3474e-005
23974,1.091e-005
23975,2.9145e-005
23976,3.4132e-005
23977,2.6785e-005
23978,2.7666e-005
23979,4.6925e-005
23980,2.7722e-005
23981,2.8106e-005
23982,2.4568e-005
23983,3.9474e-005
23984,2.9708e-005
23985,3.0033e-005
23986,4.1563e-005
23987,3.2428e-005
23988,3.2422e-005
23989,3.7592e-005
23990,2.7254e-005
23991,3.1128e-005
23992,3.0244e-005
23993,3.9412e-005
23994,3.1298e-005
23995,4.5688e-005
23996,3.543e-005
23997,3.5088e-005
23998,6.1857e-005
23999,9.1389e-005
24000,6.5717e-005
24001,7.0845e-005
24002,7.9683e-005
24003,3.1901e-005
24004,4.1356e-005
24005,3.1552e-005
24006,3.0942e-005
24007,3.4119e-005
24008,4.9829e-005
24009,4.7144e-005
24010,3.9356e-006
24011,4.035e-006
24012,2.9781e-006
24013,3.1254e-006
24014,5.6031e-006
24015,3.1698e-006
24016,6.416e-006
24017,1.5604e-006
24018,2.083e-006
24019,1.585e-006
24020,1.6632e-006
24021,1.538e-006
24022,1.9052e-006
24023,1.0092e-006
24024,1.0577e-006
24025,4.4472e-006
24026,4.1765e-006
24027,3.9354e-006
24028,4.0439e-006
24029,3.8936e-006
24030,3.4645e-006
24031,2.9458e-006
24032,3.7445e-006
24033,3.2882e-006
24034,2.2019e-006
24035,3.2783e-006
24036,4.2436e-006
24037,1.1871e-005
24038,1.0916e-005
24039,1.4984e-005
24040,1.2843e-005
24041,1.1993e-005
24042,9.2729e-006
24043,1.2082e-005
24044,1.0386e-005
24045,1.094e-005
24046,9.0857e-006
24047,7.0558e-006
24048,6.0156e-006
24049,6.2352e-006
24050,7.1933e-006
24051,7.7407e-006
24052,1.2672e-005
24053,1.466e-005
24054,1.2861e-005
24055,1.8111e-005
24056,1.4775e-005
24057,1.72e-005
24058,1.0418e-005
24059,1.3147e-005
24060,1.3701e-005
24061,1.1276e-005
24062,1.1417e-005
24063,1.197e-005
24064,1.4493e-005
24065,1.3764e-005
24066,1.2676e-005
24067,1.3127e-005
24068,6.2995e-006
24069,5.0365e-006
24070,5.8683e-006
24071,4.187e-006
24072,5.162e-006
24073,4.7769e-006
24074,5.1022e-006
24075,6.5639e-006
24076,8.1995e-006
24077,7.9877e-006
24078,6.3405e-006
24079,7.0182e-006
24080,5.2234e-006
24081,5.1167e-006
24082,7.1277e-006
24083,5.2301e-006
24084,5.3286e-006
24085,4.1336e-006
24086,3.9201e-006
24087,3.8882e-006
24088,3.4036e-006
24089,4.2797e-006
24090,3.8579e-006
24091,4.192e-006
24092,4.5728e-006
24093,3.9712e-006
24094,2.9451e-006
24095,3.5056e-006
24096,3.7684e-006
24097,3.6173e-006
24098,3.2136e-006
24099,3.0729e-006
24100,3.5367e-006
24101,2.9924e-006
24102,2.6448e-006
24103,2.6043e-006
24104,4.0282e-006
24105,3.4091e-006
24106,3.4845e-006
24107,2.8831e-006
24108,2.3136e-006
24109,2.6257e-006
24110,2.9179e-006
24111,1.308e-006
24112,1.6153e-006
24113,2.9326e-006
24114,4.6775e-006
24115,4.9491e-006
24116,6.2191e-006
24117,5.8134e-006
24118,3.5267e-006
24119,5.3412e-006
24120,2.8058e-006
24121,7.4274e-006
24122,7.6602e-006
24123,3.4248e-006
24124,3.5298e-006
24125,2.9007e-006
24126,2.1029e-006
24127,3.2689e-006
24128,3.0609e-006
24129,2.9928e-006
24130,2.2415e-006
24131,3.5736e-006
24132,2.3237e-006
24133,5.0124e-006
24134,4.9e-006
24135,4.3554e-006
24136,3.7483e-006
24137,4.7972e-006
24138,3.5419e-006
24139,4.1398e-006
24140,6.5888e-006
24141,8.408e-006
24142,7.8715e-006
24143,6.499e-006
24144,8.9376e-006
24145,5.0583e-006
24146,4.6368e-006
24147,5.3305e-006
24148,3.8305e-006
24149,4.2967e-006
24150,4.6273e-006
24151,5.9542e-006
24152,6.1064e-006
24153,5.4055e-006
24154,5.3946e-006
24155,4.5737e-006
24156,3.7703e-006
24157,4.4068e-006
24158,5.8475e-006
24159,4.7225e-006
24160,5.7481e-006
24161,4.8257e-006
24162,4.5291e-006
24163,5.3563e-006
24164,4.8875e-006
24165,3.3037e-006
24166,3.7705e-006
24167,6.6002e-006
24168,8.2507e-006
24169,6.8471e-006
24170,8.1338e-006
24171,9.2384e-006
24172,7.8839e-006
24173,8.855e-006
24174,5.9843e-006
24175,7.3613e-006
24176,8.6201e-006
24177,7.8445e-006
24178,1.1498e-005
24179,1.2814e-005
24180,1.2788e-005
24181,1.1869e-005
24182,1.1995e-005
24183,1.1194e-005
24184,5.4756e-006
24185,4.3279e-006
24186,5.257e-006
24187,4.7241e-006
24188,6.1428e-006
24189,4.6569e-006
24190,8.3632e-006
24191,1.1046e-005
24192,1.3212e-005
24193,1.1052e-005
24194,1.1622e-005
24195,1.4089e-005
24196,1.2282e-005
24197,1.107e-005
24198,1.1335e-005
24199,9.791e-006
24200,6.4603e-006
24201,5.6484e-006
24202,6.9014e-006
24203,5.5096e-006
24204,5.6318e-006
24205,7.8562e-006
24206,7.8129e-006
24207,6.4112e-006
24208,4.9929e-006
24209,6.4727e-006
24210,6.8198e-006
24211,5.4468e-006
24212,8.2297e-006
24213,7.7641e-006
24214,7.0523e-006
24215,6.5826e-006
24216,5.4243e-006
24217,5.9474e-006
24218,6.4033e-006
24219,7.9776e-006
24220,4.8017e-006
24221,1.8303e-005
24222,1.7608e-005
24223,2.1976e-005
24224,1.963e-005
24225,1.6294e-005
24226,1.6188e-005
24227,1.4614e-005
24228,1.8239e-005
24229,2.3146e-005
24230,1.8698e-005
24231,1.4916e-005
24232,1.5697e-005
24233,1.6847e-005
24234,1.2937e-005
24235,1.5237e-005
24236,1.3638e-005
24237,1.3752e-005
24238,1.1539e-005
24239,2.7255e-005
24240,2.8753e-005
24241,2.4449e-005
24242,3.3657e-005
24243,3.9519e-005
24244,1.9994e-005
24245,1.8471e-005
24246,2.4568e-005
24247,1.63e-005
24248,2.6964e-005
24249,1.923e-005
24250,1.709e-005
24251,1.9188e-005
24252,1.672e-005
24253,3.0074e-005
24254,3.2032e-005
24255,4.1324e-005
24256,2.7379e-005
24257,3.2004e-005
24258,2.8639e-005
24259,4.1018e-005
24260,3.6149e-005
24261,2.0819e-005
24262,1.9003e-005
24263,2.1368e-005
24264,2.5887e-005
24265,2.3421e-005
24266,1.8756e-005
24267,2.1534e-005
24268,2.7217e-005
24269,3.2478e-005
24270,3.1711e-005
24271,3.5691e-005
24272,3.8538e-005
24273,3.0144e-005
24274,3.1415e-005
24275,4.0412e-005
24276,2.8795e-005
24277,4.6275e-005
24278,3.8485e-005
24279,2.6167e-005
24280,3.1091e-005
24281,2.9659e-005
24282,2.5584e-005
24283,2.8225e-005
24284,2.3576e-005
24285,2.5705e-005
24286,3.522e-005
24287,2.8042e-005
24288,3.3487e-005
24289,2.4313e-005
24290,3.4817e-005
24291,2.644e-005
24292,3.137e-005
24293,2.7911e-005
24294,2.3135e-005
24295,2.7514e-005
24296,1.2589e-005
24297,1.2234e-005
24298,1.1222e-005
24299,1.8005e-005
24300,1.9329e-005
24301,1.7043e-005
24302,2.3477e-005
24303,1.9435e-005
24304,2.3002e-005
24305,2.3485e-005
24306,1.3349e-005
24307,1.7206e-005
24308,1.1836e-005
24309,9.8446e-006
24310,1.4596e-005
24311,1.1024e-005
24312,1.0151e-005
24313,1.4731e-005
24314,1.5586e-005
24315,1.0669e-005
24316,1.2243e-005
24317,8.5849e-006
24318,2.584e-005
24319,2.6771e-005
24320,2.3555e-005
24321,2.9993e-005
24322,2.4831e-005
24323,2.4479e-005
24324,3.7362e-005
24325,3.0141e-005
24326,2.6359e-005
24327,2.3546e-005
24328,1.9436e-005
24329,1.9356e-005
24330,2.0846e-005
24331,2.6609e-005
24332,2.2006e-005
24333,2.3376e-005
24334,7.1107e-006
24335,6.311e-006
24336,7.6423e-006
24337,7.9847e-006
24338,6.7197e-006
24339,6.6967e-006
24340,7.6044e-006
24341,5.9566e-006
24342,7.1681e-006
24343,1.8452e-005
24344,1.623e-005
24345,1.2617e-005
24346,1.3446e-005
24347,1.2952e-005
24348,1.1127e-005
24349,1.3257e-005
24350,2.4335e-005
24351,1.4991e-005
24352,1.0758e-005
24353,1.5495e-005
24354,2.1445e-005
24355,2.0263e-005
24356,2.2097e-005
24357,2.8294e-005
24358,1.7824e-005
24359,2.596e-005
24360,3.3094e-005
24361,2.0482e-005
24362,2.8628e-005
24363,3.1351e-005
24364,2.5532e-005
24365,3.5206e-005
24366,3.5163e-005
24367,4.1618e-005
24368,2.9845e-005
24369,5.2408e-005
24370,3.283e-005
24371,4.2143e-005
24372,3.5945e-005
24373,2.9127e-005
24374,1.7767e-005
24375,1.9521e-005
24376,1.4882e-005
24377,1.5581e-005
24378,1.2247e-005
24379,1.1578e-005
24380,1.1121e-005
24381,1.2782e-005
24382,1.3238e-005
24383,1.3455e-005
24384,1.1371e-005
24385,1.0943e-005
24386,1.0773e-005
24387,1.0796e-005
24388,1.175e-005
24389,1.2396e-005
24390,1.2558e-005
24391,1.2597e-005
24392,1.8029e-005
24393,1.3785e-005
24394,1.422e-005
24395,1.3764e-005
24396,1.7021e-005
24397,1.5598e-005
24398,1.8145e-005
24399,1.4666e-005
24400,1.4781e-005
24401,5.4165e-006
24402,4.873e-006
24403,5.5868e-006
24404,4.3946e-006
24405,4.1461e-006
24406,4.8559e-006
24407,4.4168e-006
24408,3.4154e-006
24409,4.4392e-006
24410,3.4646e-006
24411,4.16e-006
24412,3.1086e-006
24413,3.8415e-006
24414,5.8688e-006
24415,5.4254e-006
24416,2.9674e-006
24417,3.9613e-006
24418,3.1417e-006
24419,3.707e-006
24420,8.6341e-006
24421,1.1312e-005
24422,1.0904e-005
24423,9.0516e-006
24424,1.0005e-005
24425,8.7163e-006
24426,1.0377e-005
24427,9.1668e-006
24428,4.7601e-006
24429,6.3146e-006
24430,6.6308e-006
24431,4.1546e-006
24432,5.4486e-006
24433,6.5986e-006
24434,6.4804e-006
24435,4.0065e-006
24436,4.9429e-006
24437,5.3545e-006
24438,5.864e-006
24439,1.4119e-005
24440,1.3051e-005
24441,1.1062e-005
24442,1.217e-005
24443,4.7383e-006
24444,4.3126e-006
24445,4.3031e-006
24446,5.106e-006
24447,5.6103e-006
24448,3.8636e-006
24449,3.9445e-006
24450,1.0201e-005
24451,8.3854e-006
24452,9.1937e-006
24453,7.4517e-006
24454,9.3621e-006
24455,1.2639e-005
24456,8.9404e-006
24457,9.7297e-006
24458,1.1349e-005
24459,1.0844e-005
24460,8.5881e-006
24461,9.8177e-006
24462,1.1243e-005
24463,8.6482e-006
24464,2.0021e-005
24465,2.3188e-005
24466,2.8816e-005
24467,3.1573e-005
24468,2.3707e-005
24469,1.6363e-005
24470,2.4657e-005
24471,1.7923e-005
24472,1.994e-005
24473,1.9016e-005
24474,5.7098e-006
24475,6.3189e-006
24476,4.146e-006
24477,5.9917e-006
24478,4.807e-006
24479,1.1764e-005
24480,1.241e-005
24481,1.0061e-005
24482,9.8789e-006
24483,1.2178e-005
24484,8.7766e-006
24485,9.8859e-006
24486,9.7178e-006
24487,9.5207e-006
24488,7.4754e-006
24489,1.1328e-005
24490,1.3753e-005
24491,1.0949e-005
24492,1.0672e-005
24493,1.3808e-005
24494,1.313e-005
24495,1.6847e-005
24496,1.4345e-005
24497,1.5284e-005
24498,1.5037e-005
24499,1.1811e-005
24500,1.1356e-005
24501,1.3008e-005
24502,8.3676e-006
24503,9.4188e-006
24504,9.3155e-006
24505,9.1035e-006
24506,6.6179e-006
24507,1.0869e-005
24508,8.2471e-006
24509,9.3514e-006
24510,7.6919e-006
24511,3.0324e-005
24512,2.4018e-005
24513,2.6195e-005
24514,2.525e-005
24515,3.312e-005
24516,2.3763e-005
24517,2.8238e-005
24518,3.4656e-005
24519,1.9721e-005
24520,2.5633e-005
24521,3.3378e-005
24522,2.0345e-005
24523,2.4467e-005
24524,2.3593e-005
24525,2.3353e-005
24526,2.0492e-005
24527,1.9806e-005
24528,2.6905e-005
24529,2.2063e-005
24530,6.02e-006
24531,6.7728e-006
24532,6.9197e-006
24533,5.6176e-006
24534,6.8178e-006
24535,5.1292e-006
24536,5.6931e-006
24537,6.0464e-006
24538,6.0714e-006
24539,6.7154e-006
24540,4.698e-006
24541,5.611e-006
24542,5.123e-006
24543,6.0145e-006
24544,5.4297e-006
24545,4.6662e-006
24546,4.8501e-006
24547,5.1539e-006
24548,8.2292e-006
24549,8.3769e-006
24550,9.7984e-006
24551,9.7618e-006
24552,9.4161e-006
24553,7.3899e-006
24554,8.5801e-006
24555,7.8628e-006
24556,1.0296e-005
24557,8.8421e-006
24558,8.1443e-006
24559,9.2309e-006
24560,8.4711e-006
24561,8.3098e-006
24562,9.5035e-006
24563,2.4802e-005
24564,2.6783e-005
24565,2.4431e-005
24566,3.0764e-005
24567,4.2657e-005
24568,2.4779e-005
24569,4.0024e-005
24570,3.9905e-005
24571,3.3489e-005
24572,1.1805e-005
24573,1.0653e-005
24574,9.3274e-006
24575,8.9814e-006
24576,7.9995e-006
24577,9.1739e-006
24578,1.0821e-005
24579,1.027e-005
24580,1.0287e-005
24581,1.0605e-005
24582,1.1215e-005
24583,1.1109e-005
24584,1.5484e-005
24585,1.5779e-005
24586,1.8915e-005
24587,1.6096e-005
24588,1.5526e-005
24589,1.3053e-005
24590,1.3192e-005
24591,1.2617e-005
24592,1.3647e-005
24593,1.1665e-005
24594,8.5667e-006
24595,8.2774e-006
24596,5.3882e-006
24597,7.6323e-006
24598,6.2761e-006
24599,6.5517e-006
24600,5.8442e-006
24601,6.9974e-006
24602,7.3988e-006
24603,5.9187e-006
24604,1.0553e-005
24605,1.0209e-005
24606,1.1994e-005
24607,9.0284e-006
24608,1.0236e-005
24609,7.4039e-006
24610,9.4177e-006
24611,9.1578e-006
24612,8.3445e-006
24613,7.9111e-006
24614,7.217e-006
24615,1.5074e-005
24616,9.7697e-006
24617,1.2166e-005
24618,1.3757e-005
24619,1.0309e-005
24620,1.3302e-005
24621,1.0471e-005
24622,1.2596e-005
24623,2.1888e-005
24624,1.8876e-005
24625,1.6717e-005
24626,1.8059e-005
24627,1.6082e-005
24628,2.136e-005
24629,1.4862e-005
24630,7.6188e-006
24631,6.4711e-006
24632,6.5135e-006
24633,7.5371e-006
24634,8.3272e-006
24635,7.9343e-006
24636,6.3674e-006
24637,8.6893e-006
24638,6.2216e-006
24639,6.5863e-006
24640,7.6187e-006
24641,7.6869e-006
24642,1.0279e-005
24643,8.4637e-006
24644,8.5509e-006
24645,9.5652e-006
24646,9.5285e-006
24647,4.4589e-006
24648,3.0522e-006
24649,4.7038e-006
24650,4.7253e-006
24651,4.354e-006
24652,4.6148e-006
24653,4.5324e-006
24654,3.5062e-006
24655,4.0337e-006
24656,3.6317e-006
24657,3.2921e-006
24658,7.0086e-006
24659,6.3101e-006
24660,6.0658e-006
24661,7.2265e-006
24662,1.5449e-005
24663,1.4767e-005
24664,1.1619e-005
24665,1.2897e-005
24666,1.1381e-005
24667,1.928e-005
24668,2.5136e-005
24669,1.8851e-005
24670,2.0295e-005
24671,1.6483e-005
24672,1.5628e-005
24673,2.0391e-005
24674,1.8132e-005
24675,2.2747e-005
24676,1.9321e-005
24677,2.3245e-005
24678,1.708e-005
24679,1.4694e-005
24680,1.9399e-005
24681,2.2817e-005
24682,1.3016e-005
24683,1.7741e-005
24684,1.2439e-005
24685,1.3057e-005
24686,1.546e-005
24687,1.3245e-005
24688,1.4813e-005
24689,1.2545e-005
24690,4.9009e-006
24691,4.7446e-006
24692,4.8431e-006
24693,3.8828e-006
24694,4.473e-006
24695,3.7507e-006
24696,4.0755e-006
24697,5.1233e-006
24698,1.059e-005
24699,1.0182e-005
24700,8.6377e-006
24701,9.3471e-006
24702,7.6193e-006
24703,6.6109e-006
24704,6.6199e-006
24705,4.5606e-006
24706,5.2638e-006
24707,5.4657e-006
24708,5.8782e-006
24709,6.4679e-006
24710,6.3629e-006
24711,4.9308e-006
24712,4.3382e-006
24713,6.128e-006
24714,5.5983e-006
24715,7.0059e-006
24716,7.1511e-006
24717,5.8355e-006
24718,1.1277e-005
24719,8.9227e-006
24720,8.0768e-006
24721,8.6059e-006
24722,9.2986e-006
24723,1.0294e-005
24724,9.342e-006
24725,1.114e-005
24726,7.1186e-006
24727,1.7516e-005
24728,1.5792e-005
24729,2.4099e-005
24730,2.5673e-005
24731,2.346e-005
24732,1.6907e-005
24733,1.6593e-005
24734,2.1503e-005
24735,1.6294e-005
24736,2.0784e-005
24737,3.6286e-005
24738,2.0139e-005
24739,2.2675e-005
24740,2.9298e-005
24741,2.9767e-005
24742,2.6323e-005
24743,2.2092e-005
24744,1.196e-005
24745,1.0351e-005
24746,1.0842e-005
24747,1.2178e-005
24748,1.3192e-005
24749,1.4259e-005
24750,1.215e-005
24751,1.5416e-005
24752,1.374e-005
24753,1.0995e-005
24754,1.2052e-005
24755,2.299e-005
24756,2.5172e-005
24757,2.1557e-005
24758,2.3209e-005
24759,1.5587e-005
24760,1.4657e-005
24761,1.6607e-005
24762,2.0217e-005
24763,1.3638e-005
24764,1.7511e-005
24765,1.4899e-005
24766,1.9456e-005
24767,1.8201e-005
24768,1.6679e-005
24769,2.3016e-005
24770,2.0884e-005
24771,2.2907e-005
24772,2.2556e-005
24773,2.9228e-005
24774,3.0351e-005
24775,3.2437e-005
24776,2.2027e-005
24777,2.4823e-005
24778,3.3591e-005
24779,3.7695e-005
24780,3.9153e-005
24781,3.1265e-005
24782,4.2494e-005
24783,3.5444e-005
24784,4.4014e-005
24785,2.5683e-005
24786,2.1817e-005
24787,1.9741e-005
24788,2.1381e-005
24789,1.9505e-005
24790,2.4726e-005
24791,2.9265e-005
24792,1.7612e-005
24793,1.8998e-005
24794,2.285e-005
24795,2.8264e-005
24796,2.3934e-005
24797,2.3931e-005
24798,2.6852e-005
24799,3.092e-005
24800,1.991e-005
24801,2.732e-005
24802,2.2041e-005
24803,2.0651e-005
24804,2.8055e-005
24805,2.9017e-005
24806,2.0161e-005
24807,2.8258e-005
24808,1.401e-005
24809,1.5158e-005
24810,1.2186e-005
24811,1.318e-005
24812,1.2774e-005
24813,1.6687e-005
24814,1.146e-005
24815,1.2374e-005
24816,1.3587e-005
24817,1.2971e-005
24818,4.7452e-006
24819,5.1954e-006
24820,3.0064e-006
24821,4.1033e-006
24822,5.474e-006
24823,4.116e-006
24824,4.0517e-006
24825,4.7931e-006
24826,3.247e-006
24827,4.2586e-006
24828,3.8957e-006
24829,2.9672e-006
24830,3.5433e-006
24831,3.8791e-006
24832,2.0089e-006
24833,1.5778e-005
24834,1.5401e-005
24835,1.2721e-005
24836,1.2601e-005
24837,1.427e-005
24838,1.4465e-005
24839,1.734e-005
24840,1.7612e-005
24841,1.2757e-005
24842,1.4374e-005
24843,1.4305e-005
24844,3.5397e-006
24845,4.2433e-006
24846,4.1867e-006
24847,3.4476e-006
24848,3.4072e-006
24849,4.0666e-006
24850,3.2298e-006
24851,2.6384e-006
24852,3.1465e-006
24853,2.2894e-006
24854,2.2369e-006
24855,2.917e-006
24856,2.4582e-006
24857,1.6911e-005
24858,1.253e-005
24859,1.3186e-005
24860,1.4389e-005
24861,1.165e-005
24862,1.5406e-005
24863,1.4346e-005
24864,1.4282e-005
24865,2.1209e-005
24866,1.8817e-005
24867,1.5849e-005
24868,1.6137e-005
24869,9.7667e-006
24870,6.3997e-006
24871,8.4301e-006
24872,8.5392e-006
24873,6.1514e-006
24874,8.8895e-006
24875,9.7234e-006
24876,7.0286e-006
24877,1.5518e-005
24878,1.218e-005
24879,1.5521e-005
24880,1.2725e-005
24881,1.251e-005
24882,1.0961e-005
24883,1.3417e-005
24884,1.3421e-005
24885,1.6331e-005
24886,2.3243e-005
24887,2.6306e-005
24888,1.0484e-005
24889,1.1715e-005
24890,1.1387e-005
24891,1.2707e-005
24892,1.0318e-005
24893,9.7085e-006
24894,1.4839e-005
24895,9.7111e-006
24896,1.0543e-005
24897,1.1134e-005
24898,9.7684e-006
24899,1.1649e-005
24900,1.0613e-005
24901,1.6072e-005
24902,1.6601e-005
24903,1.3244e-005
24904,1.4594e-005
24905,1.4057e-005
24906,5.0381e-006
24907,4.2749e-006
24908,4.7318e-006
24909,5.2843e-006
24910,3.3412e-006
24911,6.4281e-006
24912,1.2028e-004
24913,1.0252e-004
24914,7.4034e-005
24915,9.0605e-005
24916,1.0747e-004
24917,8.4607e-005
24918,1.0305e-004
24919,6.7825e-005
24920,8.3579e-005
24921,8.8579e-005
24922,8.6218e-005
24923,1.1513e-004
24924,7.1352e-005
24925,1.0994e-005
24926,9.7719e-006
24927,1.3393e-005
24928,9.9559e-006
24929,1.0171e-005
24930,1.1194e-005
24931,1.1475e-005
24932,9.7553e-006
24933,1.2929e-005
24934,1.1087e-005
24935,1.2092e-005
24936,1.2344e-005
24937,9.8138e-006
24938,1.3169e-005
24939,1.5348e-005
24940,1.743e-005
24941,1.5038e-005
24942,1.4224e-005
24943,1.4656e-005
24944,7.4191e-006
24945,6.12e-006
24946,4.9792e-006
24947,5.7378e-006
24948,5.4099e-006
24949,3.4977e-006
24950,2.9878e-006
24951,4.1776e-006
24952,3.1282e-006
24953,3.8362e-006
24954,4.6626e-006
24955,5.4596e-006
24956,5.77e-006
24957,4.5883e-006
24958,5.7018e-006
24959,4.371e-006
24960,3.8355e-006
24961,6.6033e-006
24962,5.0897e-006
24963,5.383e-006
24964,7.5152e-006
24965,1.519e-004
24966,1.6918e-004
24967,2.4613e-005
24968,3.0575e-005
24969,3.2429e-005
24970,3.2397e-005
24971,3.8249e-005
24972,3.9058e-005
24973,3.98e-005
24974,4.3887e-005
24975,5.3249e-005
24976,5.919e-005
24977,1.5658e-005
24978,1.6026e-005
24979,7.4846e-006
24980,8.8214e-006
24981,1.3796e-005
24982,5.693e-006
24983,6.7349e-006
24984,4.5599e-006
24985,4.6525e-006
24986,1.631e-005
24987,1.3788e-005
24988,1.7233e-005
24989,1.8345e-005
24990,1.8774e-005
24991,1.5754e-005
24992,1.5247e-005
24993,1.1313e-006
24994,1.5048e-006
24995,1.3286e-006
24996,9.8737e-007
24997,1.6518e-006
24998,1.1531e-006
24999,1.1886e-006
25000,1.3757e-006
25001,1.9123e-005
25002,2.1157e-005
25003,1.9342e-005
25004,2.2083e-006
25005,2.9671e-006
25006,2.5253e-006
25007,2.8483e-006
25008,3.6661e-006
25009,2.4221e-006
25010,3.4883e-006
25011,2.2533e-006
25012,2.1996e-006
25013,8.6219e-007
25014,1.2493e-006
25015,1.6399e-006
25016,1.0696e-006
25017,1.6845e-006
25018,2.8588e-006
25019,2.2956e-006
25020,3.2606e-006
25021,4.0093e-006
25022,3.6739e-006
25023,1.8536e-006
25024,2.3058e-006
25025,2.2e-006
25026,1.6277e-005
25027,1.7029e-005
25028,1.9737e-005
25029,1.3738e-005
25030,1.6266e-005
25031,1.4921e-005
25032,1.2721e-005
25033,1.3968e-005
25034,3.9013e-005
25035,3.9701e-005
25036,4.0069e-005
25037,3.1958e-005
25038,3.1643e-005
25039,4.6934e-005
25040,7.5365e-006
25041,4.0994e-006
25042,4.2863e-006
25043,6.3908e-006
25044,5.5667e-006
25045,5.2205e-006
25046,5.2034e-006
25047,6.9478e-006
25048,3.4264e-006
25049,4.8231e-006
25050,7.5476e-006
25051,7.2886e-006
25052,6.0784e-006
25053,5.4335e-006
25054,5.6096e-006
25055,6.2434e-006
25056,5.7757e-006
25057,6.6545e-006
25058,6.0269e-006
25059,6.1783e-006
25060,5.0063e-006
25061,5.4753e-006
25062,4.4292e-006
25063,6.5331e-006
25064,4.8275e-006
25065,1.4336e-006
25066,9.2144e-007
25067,8.5845e-007
25068,1.1187e-006
25069,1.3841e-006
25070,9.8485e-007
25071,1.2942e-006
25072,6.4422e-006
25073,5.2399e-006
25074,5.7792e-006
25075,2.2079e-005
25076,1.9234e-005
25077,1.6796e-005
25078,2.1638e-005
25079,4.9234e-006
25080,5.1374e-006
25081,6.5102e-006
25082,5.1495e-006
25083,6.0313e-006
25084,4.8871e-006
25085,3.647e-006
25086,3.7635e-006
25087,3.8803e-006
25088,2.6145e-006
25089,3.0345e-006
25090,3.1633e-006
25091,2.9303e-006
25092,3.7638e-006
25093,4.9271e-006
25094,5.0534e-006
25095,3.7774e-006
25096,3.3139e-006
25097,4.27e-006
25098,6.6262e-006
25099,6.6316e-006
25100,6.6967e-006
25101,6.9819e-006
25102,1.7994e-004
25103,2.0776e-004
25104,1.7838e-004
25105,2.0263e-004
25106,1.915e-004
25107,1.6132e-004
25108,1.4727e-004
25109,1.6239e-004
25110,1.7501e-004
25111,7.7401e-006
25112,6.2937e-006
25113,6.7482e-006
25114,7.2676e-006
25115,4.7672e-006
25116,5.8658e-006
25117,4.9418e-006
25118,6.0107e-006
25119,4.8285e-006
25120,4.125e-006
25121,2.7773e-006
25122,3.209e-006
25123,3.9589e-006
25124,4.9454e-006
25125,2.0784e-005
25126,2.295e-005
25127,2.3003e-005
25128,2.3787e-005
25129,2.7868e-005
25130,1.9782e-005
25131,2.1831e-005
25132,2.0551e-005
25133,2.4832e-005
25134,2.8782e-005
25135,9.8494e-006
25136,9.2682e-006
25137,7.5944e-006
25138,1.1508e-005
25139,7.8971e-006
25140,8.2925e-006
25141,9.6154e-006
25142,8.1821e-006
25143,7.895e-006
25144,9.4336e-006
25145,9.8912e-006
25146,1.1887e-005
25147,8.6463e-006
25148,7.7711e-006
25149,9.7393e-006
25150,9.9461e-006
25151,1.0259e-005
25152,1.3493e-005
25153,1.4042e-005
25154,1.2302e-005
25155,1.6062e-005
25156,1.2077e-005
25157,1.4859e-005
25158,9.9604e-006
25159,1.0522e-005
25160,1.2738e-005
25161,1.3301e-005
25162,1.2293e-005
25163,1.0215e-005
25164,1.1806e-005
25165,1.5423e-005
25166,1.5985e-005
25167,1.8826e-005
25168,1.8812e-005
25169,1.8851e-005
25170,7.4329e-006
25171,6.3855e-006
25172,7.258e-006
25173,4.9808e-006
25174,5.6567e-006
25175,7.2805e-006
25176,5.8279e-006
25177,3.7687e-006
25178,4.8183e-006
25179,4.57e-006
25180,5.11e-006
25181,4.2896e-006
25182,8.8242e-006
25183,9.9085e-006
25184,7.5357e-006
25185,8.447e-006
25186,9.3284e-006
25187,8.9377e-006
25188,8.4785e-006
25189,6.6749e-006
25190,6.7398e-006
25191,5.8627e-006
25192,8.2565e-006
25193,8.3972e-006
25194,8.4508e-006
25195,6.2375e-006
25196,8.1092e-006
25197,7.1309e-006
25198,1.7952e-005
25199,1.6425e-005
25200,2.6854e-005
25201,2.0376e-005
25202,2.3587e-005
25203,2.3328e-005
25204,4.6323e-006
25205,4.9729e-006
25206,5.1914e-006
25207,4.3561e-006
25208,4.1013e-006
25209,4.9009e-006
25210,2.5068e-005
25211,2.7745e-005
25212,2.2221e-005
25213,2.4865e-005
25214,2.4644e-005
25215,2.9713e-005
25216,2.5629e-005
25217,2.7243e-005
25218,2.1083e-005
25219,2.2024e-005
25220,2.4416e-005
25221,2.4523e-005
25222,2.1133e-005
25223,1.8367e-005
25224,1.9862e-005
25225,1.638e-005
25226,2.2547e-005
25227,1.6147e-005
25228,1.3577e-005
25229,1.4864e-005
25230,1.7994e-005
25231,1.5952e-005
25232,1.2983e-005
25233,1.3393e-005
25234,1.2429e-005
25235,1.27e-005
25236,1.3037e-005
25237,1.0343e-005
25238,1.0865e-005
25239,1.0918e-005
25240,9.8143e-006
25241,8.7277e-006
25242,9.8803e-006
25243,1.6385e-005
25244,1.4177e-005
25245,1.327e-005
25246,1.8221e-005
25247,1.2975e-005
25248,1.1088e-005
25249,1.3173e-005
25250,1.2371e-005
25251,1.6616e-005
25252,1.4879e-005
25253,2.0111e-005
25254,1.4304e-005
25255,1.7435e-005
25256,1.8221e-005
25257,1.8075e-005
25258,1.9484e-005
25259,1.4723e-005
25260,1.4096e-005
25261,1.3491e-005
25262,1.5997e-005
25263,1.8336e-005
25264,1.5882e-005
25265,1.3664e-005
25266,1.5507e-005
25267,1.6951e-005
25268,1.4565e-005
25269,1.3784e-005
25270,1.5183e-005
25271,1.3319e-005
25272,1.344e-005
25273,2.542e-005
25274,2.0879e-005
25275,2.3345e-005
25276,3.3194e-005
25277,3.0758e-005
25278,3.2271e-005
25279,3.8905e-005
25280,4.4366e-005
25281,2.9404e-005
25282,3.1524e-005
25283,1.6045e-005
25284,1.7045e-005
25285,1.8522e-005
25286,1.0493e-005
25287,8.2242e-006
25288,1.0039e-005
25289,9.0571e-006
25290,5.0525e-006
25291,4.6595e-006
25292,4.005e-006
25293,5.1932e-006
25294,4.0094e-006
25295,4.4547e-006
25296,9.5898e-006
25297,1.1316e-005
25298,9.7581e-006
25299,1.1049e-005
25300,8.8682e-006
25301,8.4981e-006
25302,8.6846e-006
25303,8.9862e-006
25304,6.5084e-006
25305,7.3983e-006
25306,7.7758e-006
25307,1.0449e-005
25308,9.0105e-006
25309,7.4023e-006
25310,7.624e-006
25311,8.7767e-006
25312,1.0883e-005
25313,9.0512e-006
25314,8.4125e-006
25315,1.0877e-005
25316,8.7915e-006
25317,8.7858e-006
25318,8.4282e-006
25319,6.2356e-006
25320,6.5951e-006
25321,8.1305e-006
25322,8.5258e-006
25323,5.4188e-006
25324,7.8657e-006
25325,7.2069e-006
25326,5.9256e-006
25327,7.7397e-006
25328,1.4508e-005
25329,1.2366e-005
25330,1.4322e-005
25331,1.3915e-005
25332,1.2086e-005
25333,1.1582e-005
25334,7.6849e-006
25335,6.4184e-006
25336,9.0884e-006
25337,8.0868e-006
25338,7.3539e-006
25339,8.6674e-006
25340,7.2156e-006
25341,8.5933e-006
25342,6.3816e-006
25343,5.6505e-006
25344,7.5291e-006
25345,8.6904e-006
25346,7.2559e-006
25347,5.823e-006
25348,8.3026e-006
25349,1.2145e-005
25350,1.4148e-005
25351,1.3329e-005
25352,1.2322e-005
25353,1.2136e-005
25354,1.1135e-005
25355,1.0199e-005
25356,1.2301e-005
25357,9.4936e-006
25358,1.4732e-005
25359,1.0275e-005
25360,1.7323e-005
25361,1.6277e-005
25362,1.5466e-005
25363,1.5851e-005
25364,1.949e-005
25365,1.5425e-005
25366,1.9543e-005
25367,1.5768e-005
25368,1.9719e-005
25369,1.6592e-005
25370,1.6372e-005
25371,1.8081e-005
25372,1.6077e-005
25373,1.566e-005
25374,1.5391e-005
25375,1.9365e-005
25376,1.8795e-005
25377,1.4671e-005
25378,1.0615e-005
25379,1.068e-005
25380,9.4361e-006
25381,9.2619e-006
25382,1.0528e-005
25383,1.2442e-005
25384,1.0109e-005
25385,8.8131e-006
25386,1.2521e-005
25387,1.7138e-005
25388,1.3118e-005
25389,1.5277e-005
25390,1.3328e-005
25391,7.9785e-006
25392,6.5968e-006
25393,8.3295e-006
25394,6.9153e-006
25395,6.6561e-006
25396,8.1674e-006
25397,8.5047e-006
25398,5.5839e-006
25399,6.2495e-006
25400,7.0654e-006
25401,8.5004e-006
25402,9.0061e-006
25403,7.1516e-006
25404,8.539e-006
25405,8.9899e-006
25406,1.0635e-005
25407,9.5999e-006
25408,1.0651e-005
25409,1.1153e-005
25410,9.2867e-006
25411,1.0166e-005
25412,1.0733e-005
25413,1.051e-005
25414,1.2017e-005
25415,8.96e-006
25416,7.2548e-006
25417,9.2811e-006
25418,9.1435e-006
25419,1.0895e-005
25420,1.0463e-005
25421,8.1065e-006
25422,9.1227e-006
25423,7.2776e-006
25424,9.0982e-006
25425,6.7559e-006
25426,7.5665e-006
25427,6.5811e-006
25428,5.6884e-006
25429,4.738e-006
25430,5.7968e-006
25431,4.3414e-006
25432,5.1909e-006
25433,6.7707e-006
25434,7.8811e-006
25435,8.02e-006
25436,1.277e-005
25437,1.3691e-005
25438,1.116e-005
25439,1.0362e-005
25440,1.2165e-005
25441,1.0064e-005
25442,1.0399e-005
25443,9.8155e-006
25444,1.0671e-005
25445,1.5027e-005
25446,1.2417e-005
25447,1.4187e-005
25448,7.986e-006
25449,6.4443e-006
25450,7.0794e-006
25451,7.8244e-006
25452,8.6423e-006
25453,6.9718e-006
25454,7.3655e-006
25455,1.1721e-005
25456,1.6683e-005
25457,1.192e-005
25458,9.8183e-006
25459,1.5838e-005
25460,1.5154e-005
25461,1.1561e-005
25462,7.8006e-006
25463,7.0717e-006
25464,9.3053e-006
25465,7.4727e-006
25466,5.3461e-006
25467,5.8077e-006
25468,6.9731e-006
25469,5.1322e-006
25470,7.8386e-006
25471,6.4278e-006
25472,6.0033e-006
25473,6.6988e-006
25474,4.6146e-006
25475,1.6009e-005
25476,9.3028e-006
25477,1.4192e-005
25478,9.1799e-006
25479,1.4583e-005
25480,1.0349e-005
25481,1.4492e-005
25482,1.0482e-005
25483,8.2693e-006
25484,8.1719e-006
25485,1.0612e-005
25486,2.7137e-005
25487,2.3881e-005
25488,1.9971e-005
25489,1.9523e-005
25490,2.0062e-005
25491,2.6328e-005
25492,1.5975e-005
25493,7.7645e-006
25494,9.7376e-006
25495,9.4463e-006
25496,8.0151e-006
25497,7.6498e-006
25498,8.0654e-006
25499,9.2045e-006
25500,8.8702e-006
25501,9.2532e-006
25502,6.2523e-006
25503,5.4205e-006
25504,6.1278e-006
25505,5.3524e-006
25506,4.465e-006
25507,6.4999e-006
25508,5.137e-006
25509,6.323e-006
25510,4.0383e-006
25511,6.6717e-006
25512,4.4623e-006
25513,7.8355e-006
25514,5.3722e-006
25515,6.2968e-006
25516,8.5969e-006
25517,6.0616e-006
25518,7.286e-006
25519,5.9619e-006
25520,7.0967e-006
25521,6.7497e-006
25522,9.2131e-006
25523,8.2972e-006
25524,9.1814e-006
25525,7.8908e-006
25526,9.0859e-006
25527,1.3429e-005
25528,1.4583e-005
25529,1.5655e-005
25530,1.5358e-005
25531,1.2343e-005
25532,2.1447e-005
25533,1.7916e-005
25534,2.0197e-005
25535,1.4426e-005
25536,1.3006e-005
25537,1.2852e-005
25538,1.2658e-005
25539,9.9454e-006
25540,9.1469e-006
25541,1.0163e-005
25542,1.0212e-005
25543,9.6386e-006
25544,1.0602e-005
25545,1.106e-005
25546,8.7095e-006
25547,8.3065e-006
25548,8.3609e-006
25549,9.3982e-006
25550,8.8535e-006
25551,8.0323e-006
25552,9.6474e-006
25553,1.6417e-005
25554,1.2711e-005
25555,1.0343e-005
25556,1.2708e-005
25557,1.2667e-005
25558,1.1419e-005
25559,6.8108e-006
25560,7.347e-006
25561,5.9923e-006
25562,4.4589e-006
25563,7.0278e-006
25564,5.0448e-006
25565,4.1751e-006
25566,3.754e-006
25567,4.4772e-006
25568,3.3886e-006
25569,3.4294e-006
25570,7.0554e-006
25571,6.6307e-006
25572,6.1974e-006
25573,3.8999e-006
25574,5.1857e-006
25575,5.4786e-006
25576,4.7178e-006
25577,5.6081e-006
25578,3.7839e-006
25579,4.5166e-006
25580,5.4345e-006
25581,1.2697e-005
25582,2.1369e-005
25583,1.4648e-005
25584,1.4751e-005
25585,1.1583e-005
25586,1.4419e-005
25587,1.2355e-005
25588,1.9669e-005
25589,1.7882e-005
25590,1.481e-005
25591,7.525e-006
25592,1.207e-005
25593,9.2982e-006
25594,9.3715e-006
25595,9.5408e-006
25596,7.5674e-006
25597,9.6246e-006
25598,1.2045e-005
25599,8.1797e-006
25600,1.2854e-005
25601,1.1037e-005
25602,1.1163e-005
25603,1.0249e-005
25604,7.9309e-006
25605,8.1909e-006
25606,9.603e-006
25607,7.0016e-006
25608,8.928e-006
25609,1.1119e-005
25610,9.3044e-006
25611,1.0553e-005
25612,8.3678e-006
25613,6.6464e-006
25614,9.0667e-006
25615,9.6079e-006
25616,1.0273e-005
25617,7.1354e-006
25618,9.4921e-006
25619,8.9128e-006
25620,1.2e-005
25621,1.3524e-005
25622,1.3153e-005
25623,1.0524e-005
25624,1.2075e-005
25625,1.0504e-005
25626,1.2717e-005
25627,1.0044e-005
25628,1.047e-005
25629,8.363e-006
25630,9.4217e-006
25631,8.0695e-006
25632,1.2292e-005
25633,9.8402e-006
25634,1.2262e-005
25635,1.1569e-005
25636,9.6499e-006
25637,1.2654e-005
25638,1.0588e-005
25639,1.1502e-005
25640,1.0736e-005
25641,9.7776e-006
25642,9.9493e-006
25643,1.0475e-005
25644,8.6817e-006
25645,9.5644e-006
25646,7.0953e-006
25647,6.0324e-006
25648,5.6887e-006
25649,5.1362e-006
25650,7.0985e-006
25651,4.7492e-006
25652,5.5972e-006
25653,8.7512e-006
25654,8.6019e-006
25655,6.9727e-006
25656,6.6192e-006
25657,9.6644e-006
25658,8.088e-006
25659,8.1094e-006
25660,7.4575e-006
25661,8.5334e-006
25662,1.0665e-005
25663,1.0149e-005
25664,9.007e-006
25665,7.3353e-006
25666,8.9932e-006
25667,7.81e-006
25668,4.9716e-006
25669,4.3782e-006
25670,4.1226e-006
25671,4.9553e-006
25672,4.732e-006
25673,4.0539e-006
25674,2.8077e-006
25675,3.0153e-006
25676,2.2781e-006
25677,3.8976e-006
25678,3.2213e-006
25679,4.2449e-006
25680,8.2492e-006
25681,1.3349e-005
25682,1.0881e-005
25683,9.579e-006
25684,8.2652e-006
25685,1.1863e-005
25686,9.5344e-006
25687,1.0353e-005
25688,1.0254e-005
25689,7.4424e-006
25690,5.595e-006
25691,5.5523e-006
25692,5.1405e-006
25693,6.6327e-006
25694,7.5934e-006
25695,7.9004e-006
25696,5.2114e-006
25697,5.8052e-006
25698,1.1287e-005
25699,1.3005e-005
25700,1.1236e-005
25701,1.9113e-005
25702,1.5023e-005
25703,1.5366e-005
25704,1.2926e-005
25705,2.1122e-005
25706,1.0817e-005
25707,2.0838e-005
25708,1.4397e-005
25709,1.6516e-005
25710,2.2701e-005
25711,2.3318e-005
25712,1.527e-005
25713,1.6723e-005
25714,1.2717e-005
25715,1.114e-005
25716,1.1732e-005
25717,1.1535e-005
25718,1.1092e-005
25719,1.0625e-005
25720,1.0974e-005
25721,9.1396e-006
25722,9.4519e-006
25723,9.8372e-006
25724,9.4945e-006
25725,1.297e-005
25726,1.2835e-005
25727,1.0961e-005
25728,1.3145e-005
25729,1.4805e-005
25730,1.6942e-005
25731,8.937e-006
25732,9.0293e-006
25733,1.1939e-005
25734,1.2558e-005
25735,1.0195e-005
25736,1.124e-005
25737,9.6769e-006
25738,8.5615e-006
25739,1.2129e-005
25740,8.4558e-006
25741,9.5067e-006
25742,8.9456e-006
25743,9.5864e-006
25744,7.8659e-006
25745,1.2169e-005
25746,9.8266e-006
25747,8.5823e-006
25748,1.1718e-005
25749,1.0277e-005
25750,9.4028e-006
25751,6.4127e-006
25752,1.0781e-005
25753,1.2986e-005
25754,8.9079e-006
25755,7.8146e-006
25756,7.6193e-006
25757,7.4674e-006
25758,8.3241e-006
25759,7.7818e-006
25760,6.8426e-006
25761,7.4635e-006
25762,7.3463e-006
25763,1.7641e-005
25764,1.4718e-005
25765,1.5878e-005
25766,1.3873e-005
25767,1.6612e-005
25768,1.7404e-005
25769,2.0565e-005
25770,1.9678e-005
25771,2.1896e-005
25772,1.4852e-005
25773,1.5054e-005
25774,1.4402e-005
25775,1.4496e-005
25776,1.8507e-005
25777,1.3484e-005
25778,1.3597e-005
25779,1.5374e-005
25780,1.4267e-005
25781,1.3495e-005
25782,1.301e-005
25783,1.5102e-005
25784,1.4059e-005
25785,1.339e-005
25786,1.4771e-005
25787,1.3735e-005
25788,1.3621e-005
25789,1.4016e-005
25790,1.7849e-005
25791,1.3343e-005
25792,1.2875e-005
25793,1.4139e-005
25794,1.3282e-005
25795,1.4401e-005
25796,1.3443e-005
25797,1.8257e-005
25798,1.5327e-005
25799,1.4084e-005
25800,1.4126e-005
25801,1.6832e-005
25802,1.0955e-005
25803,1.3253e-005
25804,8.2499e-006
25805,1.1239e-005
25806,1.0635e-005
25807,9.4644e-006
25808,1.1396e-005
25809,9.2475e-006
25810,9.1648e-006
25811,1.2358e-005
25812,9.2016e-006
25813,8.5142e-006
25814,1.1375e-005
25815,1.0956e-005
25816,7.7936e-006
25817,8.4064e-006
25818,8.4773e-006
25819,8.2356e-006
25820,9.1262e-006
25821,1.4343e-005
25822,1.1005e-005
25823,1.0051e-005
25824,1.2404e-005
25825,1.0473e-005
25826,9.6782e-006
25827,1.4659e-005
25828,1.5914e-005
25829,1.5575e-005
25830,2.3243e-005
25831,1.8405e-005
25832,1.2328e-005
25833,1.1602e-005
25834,9.9392e-006
25835,1.0643e-005
25836,1.0135e-005
25837,8.3484e-006
25838,9.3751e-006
25839,9.9429e-006
25840,9.7884e-006
25841,1.3438e-005
25842,1.5805e-005
25843,1.6854e-005
25844,1.3836e-005
25845,1.169e-005
25846,1.1664e-005
25847,1.269e-005
25848,1.7082e-005
25849,4.734e-006
25850,6.6592e-006
25851,4.4719e-006
25852,6.0707e-006
25853,5.9654e-006
25854,4.9984e-006
25855,4.7058e-006
25856,5.6755e-006
25857,5.7082e-006
25858,3.985e-006
25859,4.4591e-006
25860,5.5486e-006
25861,3.7187e-006
25862,5.2889e-006
25863,4.4764e-006
25864,4.3281e-006
25865,4.6854e-006
25866,3.5038e-006
25867,7.7817e-006
25868,7.5556e-006
25869,8.8826e-006
25870,7.0657e-006
25871,7.9418e-006
25872,6.2596e-006
25873,8.1224e-006
25874,9.4551e-006
25875,1.1991e-005
25876,1.1846e-005
25877,1.076e-005
25878,8.4822e-006
25879,1.0147e-005
25880,1.0609e-005
25881,9.1348e-006
25882,9.9081e-006
25883,7.6988e-006
25884,9.6355e-006
25885,7.6236e-006
25886,7.1021e-006
25887,8.2119e-006
25888,6.9232e-006
25889,4.6926e-006
25890,6.2121e-006
25891,6.2015e-006
25892,3.6875e-006
25893,4.755e-006
25894,5.0956e-006
25895,5.7081e-006
25896,4.479e-006
25897,4.9394e-006
25898,5.4092e-006
25899,5.241e-006
25900,7.1361e-006
25901,7.3701e-006
25902,5.3591e-006
25903,5.5672e-006
25904,6.299e-006
25905,4.9228e-006
25906,6.9305e-006
25907,4.1241e-006
25908,9.4631e-006
25909,1.0127e-005
25910,7.9619e-006
25911,7.9803e-006
25912,1.0401e-005
25913,8.9997e-006
25914,1.1126e-005
25915,1.2932e-005
25916,1.0567e-005
25917,1.1468e-005
25918,9.0902e-006
25919,8.3246e-006
25920,1.09e-005
25921,9.1172e-006
25922,9.3995e-006
25923,5.7803e-006
25924,5.2947e-006
25925,3.1929e-006
25926,4.5317e-006
25927,5.101e-006
25928,4.1996e-006
25929,2.2703e-006
25930,3.4536e-006
25931,3.2941e-006
25932,5.4765e-006
25933,2.8599e-006
25934,5.4388e-006
25935,6.4148e-006
25936,7.8235e-006
25937,7.4765e-006
25938,6.6213e-006
25939,6.5589e-006
25940,6.4327e-006
25941,7.6186e-006
25942,6.8067e-006
25943,1.0403e-005
25944,9.1485e-006
25945,1.0753e-005
25946,8.2487e-006
25947,8.3946e-006
25948,4.3773e-006
25949,6.5349e-006
25950,4.7841e-006
25951,6.328e-006
25952,6.0552e-006
25953,5.7182e-006
25954,5.3037e-006
25955,7.2486e-006
25956,5.3474e-006
25957,5.6538e-006
25958,7.3585e-006
25959,7.0104e-006
25960,9.4065e-006
25961,9.9844e-006
25962,8.6555e-006
25963,7.7579e-006
25964,8.6946e-006
25965,9.823e-006
25966,1.0251e-005
25967,8.0101e-006
25968,1.0978e-005
25969,8.7933e-006
25970,8.4431e-006
25971,8.9895e-006
25972,4.8705e-006
25973,5.3336e-006
25974,5.8654e-006
25975,3.9585e-006
25976,4.1517e-006
25977,5.0261e-006
25978,6.1818e-006
25979,5.1068e-006
25980,4.8968e-006
25981,3.8416e-006
25982,3.872e-006
25983,3.9873e-006
25984,4.7444e-006
25985,1.1144e-005
25986,1.0571e-005
25987,9.4788e-006
25988,6.524e-006
25989,6.0486e-006
25990,7.4714e-006
25991,8.3546e-006
25992,7.3759e-006
25993,6.3866e-006
25994,5.9165e-006
25995,7.5594e-006
25996,1.4923e-005
25997,1.744e-005
25998,1.1251e-005
25999,1.3466e-005
26000,1.3208e-005
26001,1.137e-005
26002,1.1034e-005
26003,1.6345e-005
26004,1.4073e-005
26005,1.5543e-005
26006,1.9283e-005
26007,1.1979e-005
26008,1.4284e-005
26009,1.6844e-005
26010,1.7426e-005
26011,1.7259e-005
26012,1.3615e-005
26013,3.0446e-005
26014,4.2566e-005
26015,2.4848e-005
26016,2.7239e-005
26017,2.7948e-005
26018,2.78e-005
26019,2.4907e-005
26020,3.5787e-005
26021,3.4616e-005
26022,2.2162e-005
26023,2.4414e-005
26024,2.5781e-005
26025,2.1378e-005
26026,2.7941e-005
26027,2.0157e-005
26028,2.2313e-005
26029,2.671e-005
26030,2.703e-005
26031,4.8785e-005
26032,3.5609e-005
26033,5.154e-005
26034,4.9152e-005
26035,4.8708e-005
26036,5.3382e-005
26037,6.0936e-005
26038,4.7589e-005
26039,6.9452e-005
26040,5.9428e-005
26041,1.4879e-005
26042,1.8636e-005
26043,2.0022e-005
26044,1.7284e-005
26045,1.5257e-005
26046,1.6011e-005
26047,1.6158e-005
26048,1.8092e-005
26049,1.4307e-005
26050,1.1248e-005
26051,1.2217e-005
26052,1.2285e-005
26053,1.2483e-005
26054,1.6005e-005
26055,1.8558e-005
26056,2.3995e-005
26057,1.9895e-005
26058,1.5296e-005
26059,1.4114e-005
26060,1.4045e-005
26061,1.8613e-005
26062,1.4206e-005
26063,1.2456e-005
26064,1.0619e-005
26065,1.183e-005
26066,1.2771e-005
26067,1.1851e-005
26068,1.6095e-005
26069,1.1625e-005
26070,1.082e-005
26071,9.9757e-006
26072,1.1907e-005
26073,1.114e-005
26074,9.6927e-006
26075,1.4372e-005
26076,9.7374e-006
26077,1.0777e-005
26078,2.4482e-005
26079,1.6384e-005
26080,1.9394e-005
26081,2.0354e-005
26082,2.8553e-005
26083,9.4469e-006
26084,9.2225e-006
26085,9.663e-006
26086,1.0799e-005
26087,1.2541e-005
26088,1.3147e-005
26089,9.9871e-006
26090,1.059e-005
26091,1.0379e-005
26092,8.8212e-006
26093,1.172e-005
26094,1.4637e-005
26095,1.286e-005
26096,1.0145e-005
26097,1.0131e-005
26098,1.3957e-005
26099,1.8473e-005
26100,1.819e-005
26101,1.4782e-005
26102,1.3625e-005
26103,1.8011e-005
26104,1.3417e-005
26105,2.0006e-005
26106,1.2457e-005
26107,1.059e-005
26108,1.0434e-005
26109,9.3705e-006
26110,1.2356e-005
26111,1.1262e-005
26112,1.1309e-005
26113,1.1101e-005
26114,1.1066e-005
26115,1.089e-005
26116,1.2283e-005
26117,1.8167e-005
26118,2.7839e-005
26119,1.5385e-005
26120,1.6674e-005
26121,2.9217e-005
26122,2.1836e-005
26123,1.7063e-005
26124,2.0133e-005
26125,2.1973e-005
26126,2.6141e-005
26127,1.6314e-005
26128,1.6514e-005
26129,1.9979e-005
26130,1.9891e-005
26131,1.8679e-005
26132,1.6678e-005
26133,2.1838e-005
26134,1.5591e-005
26135,1.8684e-005
26136,5.3313e-006
26137,6.132e-006
26138,6.1708e-006
26139,5.1766e-006
26140,4.4779e-006
26141,4.0513e-006
26142,4.9383e-006
26143,4.2008e-006
26144,5.5959e-006
26145,3.7148e-006
26146,5.0071e-006
26147,2.6531e-006
26148,3.1621e-006
26149,2.7683e-006
26150,2.6422e-006
26151,2.3773e-006
26152,1.7111e-006
26153,2.0888e-006
26154,1.8235e-006
26155,2.7234e-006
26156,2.6206e-005
26157,2.9299e-005
26158,3.7817e-005
26159,3.1519e-005
26160,3.3094e-005
26161,2.9576e-005
26162,3.9472e-005
26163,5.2694e-006
26164,7.4027e-006
26165,7.1365e-006
26166,6.7342e-006
26167,6.2894e-006
26168,4.9306e-006
26169,7.6944e-006
26170,9.9358e-006
26171,8.6149e-006
26172,9.3678e-006
26173,8.715e-006
26174,1.1268e-005
26175,9.6308e-006
26176,1.2683e-005
26177,1.2246e-005
26178,6.3796e-006
26179,5.0441e-006
26180,7.3017e-006
26181,5.7054e-006
26182,5.76e-006
26183,7.4091e-006
26184,2.1083e-006
26185,2.8201e-006
26186,3.5198e-006
26187,3.2109e-006
26188,2.9573e-006
26189,2.3021e-006
26190,1.9956e-006
26191,1.9942e-006
26192,1.3844e-005
26193,1.6346e-005
26194,1.4783e-005
26195,1.0791e-005
26196,1.6255e-005
26197,1.2897e-005
26198,1.2426e-005
26199,1.0228e-005
26200,1.4291e-005
26201,1.1055e-005
26202,1.6915e-005
26203,1.3437e-005
26204,1.2657e-005
26205,1.1247e-005
26206,1.634e-005
26207,1.675e-005
26208,1.4884e-005
26209,1.3122e-005
26210,1.8853e-005
26211,1.9581e-005
26212,2.2756e-005
26213,1.9561e-005
26214,1.7218e-005
26215,1.1658e-005
26216,1.0343e-005
26217,1.2856e-005
26218,1.0372e-005
26219,1.3282e-005
26220,1.435e-005
26221,1.1368e-005
26222,1.1139e-005
26223,1.5302e-005
26224,1.1246e-005
26225,1.069e-005
26226,1.4901e-005
26227,1.1638e-005
26228,1.1305e-005
26229,1.3257e-005
26230,1.5645e-005
26231,1.2702e-005
26232,1.1233e-005
26233,1.1365e-005
26234,1.1877e-005
26235,1.3413e-005
26236,7.2191e-006
26237,5.6737e-006
26238,6.6666e-006
26239,8.3961e-006
26240,8.7824e-006
26241,6.2871e-006
26242,5.31e-006
26243,9.9228e-006
26244,1.06e-005
26245,8.1473e-006
26246,6.5334e-006
26247,7.1494e-006
26248,8.7824e-006
26249,7.7829e-006
26250,3.8246e-005
26251,2.4409e-005
26252,3.2547e-005
26253,2.6883e-005
26254,3.0933e-005
26255,2.1812e-005
26256,2.1696e-005
26257,2.6304e-005
26258,1.9402e-005
26259,2.1338e-005
26260,2.5254e-005
26261,1.8556e-005
26262,5.7667e-006
26263,4.68e-006
26264,5.9656e-006
26265,5.2138e-006
26266,5.9517e-006
26267,6.3205e-006
26268,4.5564e-006
26269,4.4534e-006
26270,3.3468e-006
26271,4.1269e-006
26272,3.5726e-006
26273,5.1415e-006
26274,4.5372e-006
26275,7.7653e-006
26276,8.8763e-006
26277,6.9518e-006
26278,7.6679e-006
26279,5.3048e-006
26280,4.7649e-006
26281,5.5888e-006
26282,6.0163e-006
26283,3.8886e-006
26284,4.684e-006
26285,4.4465e-006
26286,4.3041e-006
26287,6.0682e-006
26288,4.9507e-006
26289,6.2365e-006
26290,6.7031e-006
26291,6.1143e-006
26292,5.6811e-006
26293,5.0997e-006
26294,4.7307e-006
26295,4.4984e-006
26296,5.5864e-006
26297,4.9639e-006
26298,4.6753e-006
26299,4.0156e-006
26300,4.15e-006
26301,4.0886e-006
26302,4.9455e-006
26303,3.3029e-006
26304,4.7498e-006
26305,4.6446e-006
26306,4.7684e-006
26307,3.7627e-006
26308,4.5123e-006
26309,1.5928e-006
26310,1.9783e-006
26311,2.3636e-006
26312,1.1814e-006
26313,2.3147e-006
26314,2.2559e-005
26315,2.5275e-005
26316,3.6204e-005
26317,2.9678e-005
26318,2.9271e-005
26319,2.6849e-005
26320,4.8114e-006
26321,3.3911e-006
26322,3.8991e-006
26323,4.1562e-006
26324,5.8105e-006
26325,4.2105e-006
26326,4.4591e-006
26327,5.3293e-006
26328,6.1629e-006
26329,4.6214e-006
26330,5.4399e-006
26331,4.2697e-006
26332,7.3032e-006
26333,8.8644e-006
26334,1.031e-005
26335,1.0142e-005
26336,1.9747e-005
26337,1.3743e-005
26338,1.6231e-005
26339,1.9159e-005
26340,1.464e-005
26341,1.9103e-005
26342,1.2656e-005
26343,1.638e-005
26344,2.0325e-005
26345,1.5649e-005
26346,1.7149e-005
26347,2.1468e-005
26348,1.4584e-005
26349,2.1755e-005
26350,1.5638e-005
26351,1.676e-005
26352,1.4777e-005
26353,2.012e-005
26354,2.8394e-005
26355,1.9383e-005
26356,2.522e-005
26357,2.2655e-005
26358,2.2625e-005
26359,1.0016e-005
26360,9.3211e-006
26361,8.6421e-006
26362,1.035e-005
26363,1.2372e-005
26364,1.0663e-005
26365,1.1715e-005
26366,2.5413e-006
26367,2.7583e-006
26368,9.7168e-007
26369,1.4442e-006
26370,3.1681e-007
26371,2.1617e-006
26372,2.526e-006
26373,1.589e-006
26374,1.8211e-006
26375,2.1079e-006
26376,2.1374e-006
26377,3.0631e-006
26378,1.794e-006
26379,1.7723e-006
26380,1.9994e-006
26381,2.3749e-006
26382,3.0352e-006
26383,3.4424e-006
26384,2.2841e-005
26385,2.7003e-005
26386,2.5675e-005
26387,1.1487e-006
26388,8.4014e-007
26389,1.4678e-006
26390,1.0141e-006
26391,1.3463e-006
26392,8.7196e-007
26393,1.1972e-006
26394,1.8338e-006
26395,1.3413e-006
26396,1.3646e-006
26397,1.6652e-006
26398,1.5447e-006
26399,1.0033e-006
26400,1.6946e-006
26401,9.9991e-007
26402,1.3769e-006
26403,8.6658e-007
26404,1.6815e-005
26405,1.8137e-005
26406,1.5661e-005
26407,1.5014e-005
26408,1.8252e-005
26409,1.3059e-005
26410,1.0567e-005
26411,1.2413e-005
26412,3.3417e-006
26413,3.7666e-006
26414,3.243e-006
26415,3.2802e-006
26416,2.5931e-006
26417,3.2748e-005
26418,3.0351e-005
26419,3.4628e-005
26420,3.8516e-005
26421,2.5989e-005
26422,2.5971e-005
26423,3.2403e-005
26424,4.6092e-005
26425,2.3417e-005
26426,1.8476e-005
26427,1.6212e-005
26428,1.7301e-005
26429,1.5481e-005
26430,1.5821e-005
26431,2.6399e-005
26432,2.192e-005
26433,1.8228e-005
26434,3.1002e-005
26435,2.8076e-005
26436,2.0672e-005
26437,3.1204e-005
26438,2.5587e-005
26439,3.6697e-005
26440,3.279e-005
26441,1.6429e-004
26442,1.7503e-004
26443,1.6528e-004
26444,1.3446e-004
26445,1.4002e-004
26446,1.7876e-004
26447,1.9059e-004
26448,1.9465e-004
26449,3.4317e-006
26450,4.4254e-006
26451,3.8056e-006
26452,3.7996e-006
26453,2.8134e-006
26454,4.0565e-006
26455,3.0383e-006
26456,1.766e-006
26457,3.6006e-006
26458,3.0868e-006
26459,2.3944e-006
26460,3.0087e-006
26461,2.1534e-006
26462,2.7101e-006
26463,3.2282e-006
26464,7.6829e-006
26465,7.1111e-006
26466,5.6554e-006
26467,5.9624e-006
26468,7.159e-006
26469,7.8526e-006
26470,5.7983e-006
26471,7.6579e-006
26472,1.7285e-005
26473,1.5632e-005
26474,1.6794e-005
26475,1.4828e-005
26476,1.398e-005
26477,1.5475e-005
26478,1.4129e-005
26479,1.7937e-005
26480,1.8947e-005
26481,1.6913e-005
26482,2.2471e-005
26483,2.0134e-005
26484,2.2859e-005
26485,1.0502e-005
26486,1.4025e-005
26487,1.0076e-005
26488,1.3196e-005
26489,1.1383e-005
26490,1.2805e-005
26491,1.0931e-005
26492,1.2339e-005
26493,1.2579e-005
26494,1.0121e-005
26495,1.0833e-005
26496,1.0603e-004
26497,1.0379e-004
26498,1.3392e-004
26499,1.2511e-004
26500,1.4163e-005
26501,1.5192e-005
26502,1.5324e-005
26503,1.458e-005
26504,1.7126e-005
26505,9.978e-006
26506,9.4605e-006
26507,1.2058e-005
26508,1.13e-005
26509,9.6943e-006
26510,1.1448e-005
26511,9.0851e-006
26512,1.0194e-005
26513,1.0268e-005
26514,6.5058e-006
26515,9.0539e-006
26516,6.5197e-006
26517,7.3242e-006
26518,7.4281e-006
26519,9.3082e-006
26520,5.428e-006
26521,8.9261e-006
26522,5.2175e-006
26523,6.449e-006
26524,7.6798e-006
26525,8.881e-006
26526,6.993e-006
26527,1.0059e-005
26528,9.0645e-006
26529,1.0747e-005
26530,1.0678e-005
26531,8.3659e-006
26532,9.1208e-006
26533,1.2953e-005
26534,8.6901e-006
26535,6.8832e-006
26536,1.0165e-005
26537,1.1648e-005
26538,1.0408e-005
26539,1.1682e-005
26540,1.2493e-005
26541,1.0278e-005
26542,8.2827e-006
26543,1.3485e-005
26544,1.2384e-005
26545,6.7438e-006
26546,5.018e-006
26547,5.0876e-006
26548,5.5976e-006
26549,5.7101e-006
26550,4.7048e-006
26551,3.7312e-006
26552,4.1723e-006
26553,5.5209e-006
26554,6.3947e-006
26555,7.6196e-006
26556,9.1501e-006
26557,1.0067e-005
26558,7.2397e-006
26559,7.317e-006
26560,9.2108e-006
26561,7.3329e-006
26562,1.0738e-005
26563,3.2027e-005
26564,2.4382e-005
26565,2.1529e-005
26566,1.8439e-005
26567,2.0472e-005
26568,2.986e-005
26569,4.9399e-006
26570,3.7376e-006
26571,4.7407e-006
26572,4.4662e-006
26573,4.1656e-006
26574,3.6796e-006
26575,3.7028e-006
26576,3.3673e-006
26577,2.7193e-006
26578,9.3103e-006
26579,1.0283e-005
26580,7.9217e-006
26581,1.1697e-005
26582,1.188e-005
26583,9.2085e-006
26584,9.56e-006
26585,8.9434e-006
26586,8.4561e-006
26587,8.3286e-006
26588,8.2136e-006
26589,8.0625e-006
26590,5.8389e-006
26591,6.9286e-006
26592,6.2819e-006
26593,5.2912e-006
26594,8.2025e-006
26595,8.522e-006
26596,8.383e-006
26597,1.155e-005
26598,1.0232e-005
26599,6.3082e-006
26600,9.6617e-006
26601,6.5491e-006
26602,9.6826e-006
26603,6.1843e-006
26604,8.2648e-006
26605,1.0237e-005
26606,9.8161e-006
26607,7.9213e-006
26608,7.5455e-006
26609,7.9359e-006
26610,6.3325e-006
26611,1.1437e-005
26612,5.3907e-006
26613,9.815e-006
26614,6.4693e-006
26615,1.1502e-005
26616,3.1825e-005
26617,2.838e-005
26618,3.1154e-005
26619,3.9824e-005
26620,4.2831e-005
26621,3.4184e-005
26622,3.3068e-005
26623,3.8649e-005
26624,3.1681e-005
26625,4.2349e-005
26626,3.6698e-005
26627,4.8726e-005
26628,5.1914e-005
26629,1.9651e-005
26630,2.5089e-005
26631,2.0427e-005
26632,2.3809e-005
26633,1.9303e-005
26634,1.7997e-005
26635,2.3702e-005
26636,2.2516e-005
26637,1.7959e-005
26638,1.4371e-005
26639,1.6269e-005
26640,1.4576e-005
26641,1.5806e-005
26642,1.2339e-005
26643,3.6942e-005
26644,4.1895e-005
26645,3.3231e-005
26646,4.8219e-005
26647,3.2846e-005
26648,4.3747e-005
26649,4.8625e-005
26650,4.5466e-005
26651,4.5015e-005
26652,2.8483e-005
26653,2.2805e-005
26654,2.5207e-005
26655,2.0593e-005
26656,2.2853e-005
26657,2.1605e-005
26658,1.9806e-005
26659,2.9465e-005
26660,3.7519e-005
26661,3.4472e-005
26662,7.3854e-006
26663,7.9992e-006
26664,6.1578e-006
26665,7.0677e-006
26666,7.2034e-006
26667,5.7596e-006
26668,6.087e-006
26669,6.2181e-006
26670,6.5813e-006
26671,8.5549e-006
26672,9.0302e-006
26673,8.9433e-006
26674,6.486e-006
26675,8.1587e-006
26676,1.0206e-005
26677,8.7334e-006
26678,1.0634e-005
26679,8.3172e-006
26680,8.4376e-006
26681,6.3539e-006
26682,7.4411e-006
26683,8.2302e-006
26684,4.0211e-006
26685,4.4108e-006
26686,4.4889e-006
26687,5.0203e-006
26688,4.9351e-006
26689,2.9359e-006
26690,4.5701e-006
26691,3.2613e-006
26692,3.5335e-006
26693,2.425e-006
26694,3.6182e-006
26695,4.9865e-006
26696,4.6381e-006
26697,3.9674e-006
26698,1.2251e-005
26699,1.0947e-005
26700,1.4013e-005
26701,1.1729e-005
26702,1.0322e-005
26703,1.1893e-005
26704,1.0863e-005
26705,9.5374e-006
26706,1.3587e-005
26707,1.0001e-005
26708,1.1567e-005
26709,1.1415e-005
26710,1.1157e-005
26711,8.412e-006
26712,8.8162e-006
26713,7.8023e-006
26714,8.9627e-006
26715,1.2032e-005
26716,6.7418e-006
26717,1.5209e-005
26718,1.3211e-005
26719,7.2526e-006
26720,9.9462e-006
26721,1.1179e-005
26722,2.4062e-005
26723,2.6947e-005
26724,1.9257e-005
26725,1.859e-005
26726,2.5733e-005
26727,2.1205e-005
26728,2.6896e-005
26729,2.3422e-005
26730,9.4728e-006
26731,1.0395e-005
26732,1.1423e-005
26733,1.1589e-005
26734,9.5067e-006
26735,1.0924e-005
26736,1.0709e-005
26737,2.1135e-005
26738,1.8371e-005
26739,1.5382e-005
26740,1.3565e-005
26741,1.4564e-005
26742,1.4765e-005
26743,1.8724e-005
26744,1.7644e-005
26745,1.9655e-005
26746,2.2614e-005
26747,2.3299e-005
26748,2.8057e-005
26749,2.2567e-005
26750,2.6589e-005
26751,3.1677e-005
26752,2.2121e-005
26753,1.294e-005
26754,1.7972e-005
26755,1.4357e-005
26756,1.7063e-005
26757,1.2625e-005
26758,2.031e-005
26759,1.5342e-005
26760,2.1895e-005
26761,2.3108e-005
26762,3.0468e-005
26763,3.7428e-005
26764,2.5743e-005
26765,3.6548e-005
26766,1.309e-005
26767,1.163e-005
26768,1.0853e-005
26769,7.5908e-006
26770,9.3325e-006
26771,8.8321e-006
26772,9.4288e-006
26773,1.0374e-005
26774,7.4972e-006
26775,8.2162e-006
26776,5.6125e-006
26777,5.0919e-006
26778,6.8032e-006
26779,5.4693e-006
26780,5.3523e-006
26781,6.3815e-006
26782,4.3568e-006
26783,5.6732e-006
26784,5.0469e-006
26785,6.5559e-006
26786,5.5523e-006
26787,4.6246e-006
26788,4.9274e-006
26789,3.8888e-006
26790,4.2948e-006
26791,4.4945e-006
26792,7.8782e-006
26793,7.5375e-006
26794,6.3437e-006
26795,6.8695e-006
26796,8.4557e-006
26797,7.5528e-006
26798,8.7227e-006
26799,9.1155e-006
26800,1.1501e-005
26801,1.6665e-005
26802,1.3856e-005
26803,1.3232e-005
26804,7.4979e-006
26805,5.0281e-006
26806,5.5209e-006
26807,6.4875e-006
26808,6.1992e-006
26809,6.0248e-006
26810,4.4708e-006
26811,8.6236e-006
26812,1.1424e-005
26813,8.294e-006
26814,9.1908e-006
26815,1.0252e-005
26816,8.6102e-006
26817,8.4588e-006
26818,9.1446e-006
26819,8.3964e-006
26820,1.0294e-005
26821,7.6678e-006
26822,7.3201e-006
26823,4.9192e-006
26824,4.6607e-006
26825,5.3772e-006
26826,3.9603e-006
26827,3.4656e-006
26828,4.4099e-006
26829,4.7105e-006
26830,3.6012e-006
26831,6.8198e-006
26832,9.2105e-006
26833,7.0616e-006
26834,8.0002e-006
26835,7.5358e-006
26836,1.9109e-005
26837,1.5782e-005
26838,1.3419e-005
26839,1.4385e-005
26840,1.2847e-005
26841,1.6313e-005
26842,1.9275e-005
26843,1.6509e-005
26844,1.3378e-005
26845,1.4545e-005
26846,8.2697e-006
26847,6.6319e-006
26848,6.7477e-006
26849,7.4379e-006
26850,9.6744e-006
26851,9.9483e-006
26852,9.673e-006
26853,8.6761e-006
26854,6.9459e-006
26855,6.2102e-006
26856,7.7684e-006
26857,6.3747e-006
26858,7.143e-006
26859,8.2714e-006
26860,6.4397e-006
26861,5.516e-006
26862,6.4051e-006
26863,7.5606e-006
26864,7.1883e-006
26865,6.0411e-006
26866,4.9952e-006
26867,5.8268e-006
26868,4.7557e-006
26869,4.282e-006
26870,2.36e-005
26871,1.9704e-005
26872,1.5921e-005
26873,1.5197e-005
26874,2.3694e-005
26875,1.8971e-005
26876,1.7561e-005
26877,1.5492e-005
26878,3.1288e-005
26879,2.1557e-005
26880,3.2421e-005
26881,3.091e-005
26882,2.4496e-005
26883,2.5454e-005
26884,3.3346e-005
26885,2.8513e-005
26886,3.9086e-005
26887,6.5142e-006
26888,7.8164e-006
26889,6.7982e-006
26890,8.7401e-006
26891,8.7658e-006
26892,7.5904e-006
26893,7.6188e-006
26894,4.7649e-006
26895,3.7789e-006
26896,5.1145e-006
26897,4.3472e-006
26898,4.6098e-006
26899,3.4625e-006
26900,3.8874e-006
26901,2.3476e-005
26902,2.0457e-005
26903,2.7649e-005
26904,2.3417e-005
26905,2.103e-005
26906,2.0894e-005
26907,2.6316e-005
26908,1.8901e-005
26909,1.9553e-005
26910,1.9221e-005
26911,1.7219e-005
26912,2.091e-005
26913,1.6989e-005
26914,2.3065e-005
26915,1.8696e-005
26916,1.6639e-005
26917,1.9985e-005
26918,1.9404e-005
26919,2.4396e-005
26920,2.9294e-005
26921,1.8222e-005
26922,1.5826e-005
26923,2.0541e-005
26924,2.3764e-005
26925,2.0982e-005
26926,2.087e-005
26927,2.9018e-005
26928,1.6412e-005
26929,1.9894e-005
26930,1.7514e-005
26931,2.4087e-005
26932,1.6708e-005
26933,9.0537e-006
26934,9.2956e-006
26935,9.0869e-006
26936,7.8772e-006
26937,7.1226e-006
26938,1.0651e-005
26939,3.0259e-006
26940,3.6144e-006
26941,3.8979e-006
26942,2.9792e-006
26943,3.3528e-006
26944,3.6451e-006
26945,8.0977e-006
26946,6.618e-006
26947,6.6873e-006
26948,7.2157e-006
26949,8.2258e-006
26950,6.1165e-006
26951,7.2868e-006
26952,9.9689e-006
26953,7.2579e-006
26954,7.8313e-006
26955,8.483e-006
26956,4.4973e-006
26957,3.6709e-006
26958,3.8097e-006
26959,4.0209e-006
26960,3.9224e-006
26961,3.6764e-006
26962,4.2455e-006
26963,3.4191e-006
26964,3.2306e-006
26965,1.4729e-005
26966,1.3114e-005
26967,1.1179e-005
26968,6.7144e-006
26969,8.1661e-006
26970,9.0437e-006
26971,7.9225e-006
26972,7.3314e-006
26973,8.2619e-006
26974,7.1797e-006
26975,9.2924e-006
26976,4.1803e-006
26977,3.1257e-006
26978,3.0146e-006
26979,3.4845e-006
26980,3.7801e-006
26981,6.0483e-006
26982,4.0756e-006
26983,5.0371e-006
26984,5.9404e-006
26985,9.0399e-006
26986,7.8975e-006
26987,8.7094e-006
26988,9.0767e-006
26989,1.0478e-005
26990,1.0271e-005
26991,2.9859e-006
26992,2.3809e-006
26993,2.0872e-006
26994,1.9628e-006
26995,2.8489e-006
26996,2.1041e-006
26997,2.5771e-006
26998,3.9539e-006
26999,4.8836e-006
27000,4.6751e-006
27001,4.8864e-006
27002,4.056e-006
27003,4.8115e-006
27004,3.7911e-006
27005,4.6987e-006
27006,2.1434e-006
27007,2.9266e-006
27008,2.961e-006
27009,4.5003e-006
27010,1.4758e-005
27011,1.2274e-005
27012,1.7406e-005
27013,1.5004e-005
27014,1.4839e-005
27015,1.3059e-005
27016,1.437e-005
27017,1.8233e-005
27018,1.9913e-005
27019,1.82e-005
27020,1.9699e-005
27021,1.8251e-005
27022,2.0891e-005
27023,2.5325e-005
27024,2.2911e-005
27025,2.0767e-005
27026,2.3935e-005
27027,2.0591e-005
27028,1.8038e-005
27029,1.2305e-005
27030,1.3161e-005
27031,1.156e-005
27032,1.1224e-005
27033,1.411e-005
27034,1.1039e-005
27035,1.2063e-005
27036,1.332e-005
27037,1.112e-005
27038,1.2916e-005
27039,1.1897e-005
27040,1.3268e-005
27041,1.2662e-005
27042,1.1665e-005
27043,1.5859e-005
27044,1.3748e-005
27045,1.1219e-005
27046,1.349e-005
27047,1.1609e-005
27048,1.1535e-005
27049,1.1319e-005
27050,1.3058e-005
27051,1.0913e-005
27052,1.864e-005
27053,1.3374e-005
27054,1.4855e-005
27055,1.4731e-005
27056,1.7316e-005
27057,2.6177e-005
27058,1.587e-005
27059,1.6399e-005
27060,2.1923e-005
27061,1.6719e-005
27062,1.6743e-005
27063,1.453e-005
27064,1.3642e-005
27065,1.2572e-005
27066,1.6439e-005
27067,1.9514e-005
27068,1.5282e-005
27069,2.3183e-005
27070,1.8835e-005
27071,4.2769e-005
27072,2.9107e-005
27073,4.292e-005
27074,3.776e-005
27075,3.5479e-005
27076,2.8522e-005
27077,3.807e-005
27078,2.7472e-005
27079,2.9776e-005
27080,3.7203e-005
27081,4.1914e-005
27082,2.3627e-005
27083,2.8809e-005
27084,3.8029e-005
27085,3.0076e-005
27086,2.675e-005
27087,3.761e-005
27088,2.7074e-005
27089,4.2071e-005
27090,3.5796e-005
27091,4.674e-005
27092,3.3423e-005
27093,3.8571e-005
27094,2.8921e-005
27095,3.1433e-005
27096,3.2082e-005
27097,3.854e-005
27098,4.2764e-005
27099,4.7506e-005
27100,4.3903e-005
27101,5.8325e-005
27102,5.836e-005
27103,8.8886e-005
27104,6.1091e-005
27105,6.6512e-005
27106,6.5068e-005
27107,6.6052e-005
27108,5.6013e-005
27109,6.6335e-005
27110,7.1796e-005
27111,1.1528e-004
27112,3.6446e-005
27113,3.6614e-005
27114,4.1123e-005
27115,4.8199e-005
27116,4.1303e-005
27117,1.5378e-005
27118,1.5211e-005
27119,2.1416e-005
27120,1.7047e-005
27121,1.6201e-005
27122,1.9223e-005
27123,2.0853e-005
27124,1.7186e-005
27125,1.2307e-005
27126,1.3568e-005
27127,1.3611e-005
27128,1.4602e-005
27129,1.144e-005
27130,2.3417e-005
27131,2.8004e-005
27132,1.8963e-005
27133,3.1715e-005
27134,3.2428e-005
27135,3.7906e-005
27136,2.4367e-005
27137,1.6459e-005
27138,2.3203e-005
27139,6.8134e-006
27140,5.8558e-006
27141,4.7225e-006
27142,7.2154e-006
27143,4.6413e-006
27144,5.6412e-006
27145,5.6335e-006
27146,4.804e-006
27147,7.1808e-006
27148,7.3108e-006
27149,6.7959e-006
27150,6.9119e-006
27151,6.7796e-006
27152,6.1719e-006
27153,5.1865e-006
27154,4.4032e-006
27155,6.8459e-006
27156,8.132e-006
27157,7.7519e-006
27158,6.7775e-006
27159,7.9449e-006
27160,7.2615e-006
27161,5.8064e-006
27162,8.1009e-006
27163,8.8447e-006
27164,7.8581e-006
27165,7.7379e-006
27166,6.3161e-006
27167,4.533e-006
27168,5.2988e-006
27169,5.8485e-006
27170,3.5502e-006
27171,5.3239e-006
27172,7.1295e-006
27173,6.1661e-006
27174,5.2162e-006
27175,7.8847e-006
27176,6.263e-006
27177,6.4202e-006
27178,8.7195e-006
27179,6.2879e-006
27180,7.1115e-006
27181,5.5529e-006
27182,6.5925e-006
27183,5.5871e-006
27184,8.3258e-006
27185,8.2468e-006
27186,6.1862e-006
27187,7.4164e-006
27188,5.1966e-006
27189,4.0676e-006
27190,3.2571e-006
27191,4.8847e-006
27192,5.2294e-006
27193,3.9666e-006
27194,3.9429e-006
27195,3.8785e-006
27196,4.7303e-006
27197,4.1892e-006
27198,5.3122e-006
27199,7.0526e-006
27200,4.3616e-006
27201,4.9908e-006
27202,8.0263e-006
27203,8.5918e-006
27204,7.9626e-006
27205,9.0555e-006
27206,6.8097e-006
27207,9.5975e-006
27208,4.3685e-006
27209,3.5505e-006
27210,4.622e-006
27211,4.406e-006
27212,3.7447e-006
27213,4.215e-006
27214,4.1406e-006
27215,2.8424e-006
27216,3.4861e-006
27217,3.7212e-006
27218,6.0194e-006
27219,5.1762e-006
27220,4.1534e-006
27221,4.7124e-006
27222,7.498e-006
27223,6.0811e-006
27224,5.9635e-006
27225,6.0768e-006
27226,5.1716e-006
27227,9.0388e-006
27228,8.0518e-006
27229,6.5243e-006
27230,8.9046e-006
27231,7.0633e-006
27232,1.0123e-005
27233,8.6937e-006
27234,5.2772e-006
27235,9.0567e-006
27236,6.5852e-006
27237,1.5564e-005
27238,1.4645e-005
27239,2.4422e-005
27240,1.7041e-005
27241,1.2265e-005
27242,1.2806e-005
27243,1.2345e-005
27244,1.4535e-005
27245,1.2012e-005
27246,1.3641e-005
27247,2.613e-006
27248,1.0768e-006
27249,4.3866e-006
27250,2.6345e-006
27251,3.9183e-006
27252,4.5828e-006
27253,4.6868e-006
27254,3.3644e-006
27255,4.5048e-006
27256,4.8215e-006
27257,5.6828e-006
27258,3.6085e-006
27259,3.5564e-006
27260,4.3794e-006
27261,4.497e-006
27262,2.589e-006
27263,1.5535e-005
27264,1.1222e-005
27265,1.957e-005
27266,1.3465e-005
27267,1.2571e-005
27268,1.7821e-005
27269,1.3463e-005
27270,1.8179e-005
27271,1.1065e-005
27272,3.2914e-006
27273,2.9049e-006
27274,2.729e-006
27275,2.0839e-006
27276,2.7005e-006
27277,1.3764e-006
27278,2.9672e-006
27279,3.0188e-006
27280,2.7437e-006
27281,3.5415e-006
27282,3.1801e-006
27283,3.3628e-006
27284,2.7745e-006
27285,1.8578e-005
27286,1.6156e-005
27287,2.3883e-005
27288,1.7453e-005
27289,2.5516e-005
27290,2.5601e-005
27291,1.5938e-005
27292,2.2448e-005
27293,3.7889e-005
27294,3.1871e-005
27295,3.3076e-005
27296,3.305e-005
27297,3.9733e-005
27298,3.1705e-005
27299,2.7991e-005
27300,2.2486e-006
27301,3.0603e-006
27302,3.0938e-006
27303,1.9113e-006
27304,8.423e-007
27305,5.8071e-007
27306,3.4804e-007
27307,2.2497e-006
27308,1.5288e-006
27309,2.0783e-006
27310,1.2932e-006
27311,3.3277e-005
27312,3.4598e-004
27313,2.5755e-004
27314,3.7521e-004
27315,1.9639e-005
27316,2.6706e-005
27317,2.2106e-005
27318,3.8859e-005
27319,5.7181e-005
27320,5.5437e-005
27321,4.7903e-005
27322,4.7445e-005
27323,6.2183e-005
27324,6.9129e-005
27325,2.301e-004
27326,2.1013e-004
27327,2.1727e-004
27328,3.6562e-006
27329,2.9678e-006
27330,2.5236e-006
27331,3.1481e-006
27332,3.795e-006
27333,2.3546e-006
27334,7.0076e-006
27335,5.4917e-006
27336,7.0336e-006
27337,8.2451e-006
27338,6.8142e-006
27339,5.2282e-006
27340,5.3522e-006
27341,4.4535e-006
27342,5.4172e-006
27343,5.1014e-006
27344,6.1488e-006
27345,2.588e-006
27346,2.0961e-006
27347,1.4562e-005
27348,9.8967e-006
27349,1.2398e-005
27350,1.388e-005
27351,1.0408e-005
27352,1.3096e-005
27353,1.4565e-005
27354,1.2126e-005
27355,1.6493e-005
27356,1.1711e-005
27357,1.2705e-005
27358,1.4548e-005
27359,1.6238e-005
27360,1.6219e-005
27361,1.8737e-005
27362,1.4551e-005
27363,2.0765e-005
27364,6.377e-006
27365,4.929e-006
27366,3.9217e-006
27367,4.368e-006
27368,4.3711e-006
27369,3.6812e-006
27370,4.9869e-006
27371,5.8955e-006
27372,4.9162e-006
27373,3.3356e-006
27374,3.7914e-006
27375,3.9528e-006
27376,4.241e-006
27377,4.0167e-006
27378,1.9172e-005
27379,1.3174e-005
27380,1.6654e-005
27381,1.8186e-005
27382,1.4315e-005
27383,1.9459e-005
27384,9.9268e-006
27385,7.2735e-006
27386,8.5856e-006
27387,9.2135e-006
27388,6.9169e-006
27389,9.9504e-006
27390,6.379e-006
27391,6.6291e-006
27392,7.9312e-006
27393,1.8038e-005
27394,2.5331e-005
27395,2.1917e-005
27396,3.071e-005
27397,3.4939e-005
27398,2.4024e-005
27399,2.8823e-005
27400,1.0662e-005
27401,1.254e-005
27402,1.2848e-005
27403,1.5186e-005
27404,1.0604e-005
27405,8.5822e-006
27406,1.3436e-005
27407,1.2191e-005
27408,9.5805e-006
27409,5.7405e-006
27410,8.2309e-006
27411,7.2014e-006
27412,5.8199e-006
27413,7.1922e-006
27414,7.0159e-006
27415,9.8548e-006
27416,5.5397e-006
27417,6.9169e-006
27418,4.7332e-006
27419,5.6837e-006
27420,6.9967e-006
27421,6.472e-006
27422,4.3294e-006
27423,6.4934e-006
27424,4.645e-006
27425,7.5599e-006
27426,7.5169e-006
27427,7.7249e-006
27428,6.9257e-006
27429,7.4706e-006
27430,7.8581e-006
27431,5.7054e-006
27432,4.5341e-006
27433,5.2402e-006
27434,4.8524e-006
27435,4.2509e-006
27436,4.581e-006
27437,4.264e-006
27438,3.7042e-006
27439,3.3536e-006
27440,2.7141e-006
27441,3.1417e-006
27442,3.2337e-006
27443,5.1719e-006
27444,5.1921e-006
27445,3.8858e-006
27446,5.7356e-006
27447,5.2431e-006
27448,4.7947e-006
27449,3.7833e-006
27450,6.2854e-006
27451,5.7218e-006
27452,6.6346e-006
27453,5.0707e-006
27454,6.3727e-006
27455,8.1379e-006
27456,7.0241e-006
27457,8.0344e-006
27458,4.6327e-006
27459,6.6823e-006
27460,1.0369e-005
27461,8.3861e-006
27462,1.2292e-005
27463,1.3421e-005
27464,1.1191e-005
27465,1.1875e-005
27466,9.9754e-006
27467,9.2619e-006
27468,9.2296e-006
27469,1.0941e-005
27470,1.1469e-005
27471,1.1667e-005
27472,1.1857e-005
27473,1.0846e-005
27474,1.0687e-005
27475,1.3721e-005
27476,9.9896e-006
27477,1.1289e-005
27478,1.271e-005
27479,1.2527e-005
27480,1.0285e-005
27481,1.721e-005
27482,1.5385e-005
27483,1.497e-005
27484,1.452e-005
27485,1.6144e-005
27486,1.4794e-005
27487,1.8435e-005
27488,1.6245e-005
27489,1.485e-005
27490,1.1904e-005
27491,1.2795e-005
27492,1.7593e-005
27493,1.4262e-005
27494,1.3589e-005
27495,1.2858e-005
27496,1.2588e-005
27497,1.5277e-005
27498,9.9245e-006
27499,1.4567e-005
27500,1.2047e-005
27501,9.9142e-006
27502,1.0731e-005
27503,8.6722e-006
27504,1.3759e-005
27505,1.1836e-005
27506,1.4193e-005
27507,1.5352e-005
27508,1.4285e-005
27509,1.2346e-005
27510,1.9236e-005
27511,1.606e-005
27512,1.8347e-005
27513,1.2931e-005
27514,6.8882e-006
27515,6.866e-006
27516,9.98e-006
27517,8.3343e-006
27518,7.7026e-006
27519,1.1897e-005
27520,1.0575e-005
27521,9.2289e-006
27522,5.6127e-006
27523,5.6159e-006
27524,7.1949e-006
27525,6.2966e-006
27526,4.5521e-006
27527,4.6824e-006
27528,4.9551e-006
27529,5.681e-006
27530,6.1305e-006
27531,7.4021e-006
27532,9.4081e-006
27533,7.2923e-006
27534,7.6826e-006
27535,9.2563e-006
27536,6.7469e-006
27537,8.339e-006
27538,9.2889e-006
27539,7.7226e-006
27540,5.2798e-006
27541,4.4784e-006
27542,6.4582e-006
27543,6.4243e-006
27544,7.3579e-006
27545,6.13e-006
27546,4.4339e-006
27547,7.4466e-006
27548,4.4905e-006
27549,5.1091e-006
27550,6.4633e-006
27551,6.4742e-006
27552,5.9739e-006
27553,6.8088e-006
27554,4.3057e-006
27555,4.459e-006
27556,4.2738e-006
27557,5.3648e-006
27558,4.9983e-006
27559,4.7273e-006
27560,3.512e-006
27561,3.3602e-006
27562,4.315e-006
27563,4.8346e-006
27564,7.4671e-006
27565,7.3543e-006
27566,5.7013e-006
27567,7.0736e-006
27568,8.1791e-006
27569,5.6935e-006
27570,6.4288e-006
27571,7.5313e-006
27572,5.8049e-006
27573,7.4587e-006
27574,8.1817e-006
27575,6.6834e-006
27576,8.4217e-006
27577,8.9494e-006
27578,9.5948e-006
27579,8.8073e-006
27580,7.1978e-006
27581,8.7417e-006
27582,9.7757e-006
27583,9.1778e-006
27584,9.8959e-006
27585,7.1008e-006
27586,9.6477e-006
27587,5.587e-006
27588,5.9185e-006
27589,4.479e-006
27590,3.918e-006
27591,6.2346e-006
27592,5.363e-006
27593,7.4092e-006
27594,1.1762e-005
27595,9.1086e-006
27596,1.17e-005
27597,9.8472e-006
27598,8.3601e-006
27599,4.6864e-006
27600,5.8256e-006
27601,7.0872e-006
27602,6.885e-006
27603,7.347e-006
27604,5.6255e-006
27605,4.3371e-006
27606,3.7838e-006
27607,5.5592e-006
27608,6.1219e-006
27609,4.7478e-006
27610,3.3107e-006
27611,4.0185e-006
27612,3.2258e-006
27613,4.6863e-006
27614,4.4342e-006
27615,3.2898e-006
27616,3.2377e-006
27617,4.5595e-006
27618,5.806e-006
27619,7.532e-006
27620,6.9682e-006
27621,6.8396e-006
27622,4.9762e-006
27623,6.2337e-006
27624,4.5035e-006
27625,5.606e-006
27626,7.3592e-006
27627,8.2625e-006
27628,8.2138e-006
27629,6.8127e-006
27630,4.9343e-006
27631,1.0206e-005
27632,9.6288e-006
27633,9.2941e-006
27634,8.2059e-006
27635,9.4031e-006
27636,6.618e-006
27637,7.3717e-006
27638,4.5744e-006
27639,6.091e-006
27640,7.2062e-006
27641,5.2517e-006
27642,6.5471e-006
27643,5.5103e-006
27644,8.3317e-006
27645,8.4854e-006
27646,9.452e-006
27647,7.8364e-006
27648,9.5515e-006
27649,9.163e-006
27650,8.7153e-006
27651,6.9524e-006
27652,8.9291e-006
27653,7.5023e-006
27654,7.7944e-006
27655,8.3802e-006
27656,8.8237e-006
27657,1.0471e-005
27658,9.9528e-006
27659,8.2734e-006
27660,8.2763e-006
27661,8.0958e-006
27662,1.0646e-005
27663,8.2219e-006
27664,1.0116e-005
27665,7.5565e-006
27666,1.3407e-005
27667,1.1333e-005
27668,1.1634e-005
27669,1.2128e-005
27670,1.1295e-005
27671,1.4332e-005
27672,1.5759e-005
27673,1.658e-005
27674,1.8924e-005
27675,1.6751e-005
27676,2.7482e-005
27677,2.0714e-005
27678,2.6462e-005
27679,2.1353e-005
27680,3.3337e-005
27681,3.3773e-005
27682,1.1457e-005
27683,1.1887e-005
27684,8.5807e-006
27685,1.1907e-005
27686,8.4837e-006
27687,9.5569e-006
27688,8.0043e-006
27689,1.0498e-005
27690,1.0712e-005
27691,1.4193e-005
27692,9.1857e-006
27693,1.104e-005
27694,1.7528e-005
27695,1.0595e-005
27696,1.1579e-005
27697,1.028e-005
27698,9.3189e-006
27699,1.0576e-005
27700,1.0894e-005
27701,1.2072e-005
27702,9.4115e-006
27703,9.7177e-006
27704,1.3301e-005
27705,3.5756e-005
27706,4.842e-005
27707,5.2869e-005
27708,5.0945e-005
27709,4.2941e-005
27710,5.0798e-005
27711,4.6084e-005
27712,2.3998e-005
27713,2.4753e-005
27714,2.1932e-005
27715,1.9314e-005
27716,2.0388e-005
27717,2.2361e-005
27718,2.2885e-005
27719,2.6911e-005
27720,2.1933e-005
27721,2.368e-005
27722,2.315e-005
27723,3.4307e-005
27724,1.7367e-005
27725,2.0586e-005
27726,1.5538e-005
27727,2.0016e-005
27728,1.1205e-005
27729,1.1834e-005
27730,9.9057e-006
27731,1.0674e-005
27732,1.4324e-005
27733,1.0989e-005
27734,1.5227e-005
27735,9.7485e-006
27736,2.0697e-005
27737,1.5111e-005
27738,8.1554e-006
27739,9.1747e-006
27740,3.9569e-005
27741,2.8165e-005
27742,4.9546e-005
27743,3.1106e-005
27744,4.1655e-005
27745,1.0643e-005
27746,1.2404e-005
27747,1.0896e-005
27748,9.7255e-006
27749,9.8597e-006
27750,1.2908e-005
27751,9.4414e-006
27752,1.1253e-005
27753,7.5606e-006
27754,8.8955e-006
27755,9.2917e-006
27756,1.2308e-005
27757,8.552e-006
27758,1.3547e-005
27759,1.0463e-005
27760,1.0112e-005
27761,1.0235e-005
27762,9.2956e-006
27763,9.9766e-006
27764,9.6844e-006
27765,1.2196e-005
27766,1.0079e-005
27767,9.0043e-006
27768,1.0433e-005
27769,1.6683e-005
27770,1.9215e-005
27771,2.0013e-005
27772,1.6302e-005
27773,2.4377e-005
27774,1.9638e-005
27775,1.9097e-005
27776,1.6935e-005
27777,1.1858e-005
27778,1.426e-005
27779,1.2294e-005
27780,1.0079e-005
27781,8.7134e-006
27782,9.9016e-006
27783,9.9684e-006
27784,1.0902e-005
27785,1.171e-005
27786,1.0692e-005
27787,1.5935e-005
27788,1.853e-005
27789,1.51e-005
27790,1.46e-005
27791,1.5019e-005
27792,1.5984e-005
27793,1.7154e-005
27794,2.2345e-005
27795,1.9527e-005
27796,2.296e-005
27797,2.0102e-005
27798,1.7447e-005
27799,8.248e-006
27800,7.7968e-006
27801,9.372e-006
27802,8.7705e-006
27803,8.038e-006
27804,7.8731e-006
27805,7.016e-006
27806,9.3727e-006
27807,1.0056e-005
27808,1.1089e-005
27809,9.7217e-006
27810,3.6314e-006
27811,3.7505e-006
27812,3.5281e-006
27813,4.6104e-006
27814,3.9678e-006
27815,4.7194e-006
27816,3.7175e-006
27817,7.3221e-006
27818,6.9025e-006
27819,5.9183e-006
27820,4.8982e-006
27821,5.4921e-006
27822,6.5255e-006
27823,5.6691e-006
27824,6.3501e-006
27825,5.6244e-006
27826,4.3775e-006
27827,5.4862e-006
27828,6.3494e-006
27829,8.1061e-006
27830,8.1276e-006
27831,9.9575e-006
27832,5.9826e-006
27833,6.4279e-006
27834,9.5077e-006
27835,7.0046e-006
27836,9.2893e-006
27837,7.3114e-006
27838,6.9559e-006
27839,5.7449e-006
27840,7.4621e-006
27841,5.4834e-006
27842,6.4656e-006
27843,3.0932e-006
27844,3.7957e-006
27845,3.5556e-006
27846,3.4292e-006
27847,1.9233e-006
27848,2.715e-006
27849,6.9389e-006
27850,8.5108e-006
27851,9.9624e-006
27852,7.2044e-006
27853,7.9629e-006
27854,9.0262e-006
27855,5.5757e-006
27856,5.2046e-006
27857,8.7646e-006
27858,9.4398e-006
27859,1.1465e-005
27860,9.5014e-006
27861,6.5565e-006
27862,5.5677e-006
27863,5.5436e-006
27864,7.0407e-006
27865,4.714e-006
27866,4.0868e-006
27867,5.4022e-006
27868,7.6653e-006
27869,6.0289e-006
27870,9.2252e-006
27871,7.1021e-006
27872,5.914e-006
27873,7.5115e-006
27874,7.3249e-006
27875,5.0058e-006
27876,7.9673e-006
27877,8.9474e-006
27878,8.9054e-006
27879,1.0758e-005
27880,6.5908e-006
27881,8.8564e-006
27882,7.5927e-006
27883,6.8772e-006
27884,1.0209e-005
27885,1.1134e-005
27886,8.9582e-006
27887,7.0884e-006
27888,1.0448e-005
27889,6.4514e-006
27890,3.0992e-005
27891,3.8307e-005
27892,4.3179e-005
27893,4.6355e-005
27894,1.3043e-005
27895,1.6134e-005
27896,1.0816e-005
27897,1.5742e-005
27898,1.4197e-005
27899,1.2562e-005
27900,1.1581e-005
27901,1.1549e-005
27902,1.0753e-005
27903,1.0556e-005
27904,1.5515e-005
27905,9.7842e-006
27906,1.3155e-005
27907,1.3629e-005
27908,1.2057e-005
27909,2.1035e-005
27910,1.5143e-005
27911,1.8462e-005
27912,1.8129e-005
27913,1.4484e-005
27914,2.7914e-005
27915,2.4213e-005
27916,2.0278e-005
27917,2.2301e-005
27918,2.1727e-005
27919,1.6837e-005
27920,1.4012e-005
27921,1.4958e-005
27922,2.3316e-005
27923,1.6544e-005
27924,1.4262e-005
27925,1.9534e-005
27926,1.4265e-005
27927,1.3703e-005
27928,1.3739e-005
27929,1.9738e-005
27930,1.7762e-005
27931,1.6946e-005
27932,1.4263e-005
27933,3.7461e-006
27934,4.0792e-006
27935,3.0451e-006
27936,3.0104e-006
27937,2.3187e-006
27938,5.2161e-006
27939,6.511e-006
27940,5.4344e-006
27941,6.7574e-006
27942,1.0856e-005
27943,1.0848e-005
27944,1.1202e-005
27945,9.9524e-006
27946,8.6695e-006
27947,1.009e-005
27948,1.0739e-005
27949,9.2068e-006
27950,1.4424e-005
27951,9.0374e-006
27952,1.1606e-005
27953,1.1131e-005
27954,1.053e-005
27955,9.8807e-006
27956,9.7376e-006
27957,1.1608e-005
27958,8.7949e-006
27959,1.2315e-005
27960,1.0994e-005
27961,1.2105e-005
27962,9.7193e-006
27963,8.9563e-006
27964,1.1117e-005
27965,1.153e-005
27966,1.1509e-005
27967,9.3487e-006
27968,1.0103e-005
27969,1.0459e-005
27970,1.2286e-005
27971,1.2076e-005
27972,1.2221e-005
27973,8.9284e-006
27974,1.1143e-005
27975,1.0816e-005
27976,1.1668e-005
27977,9.4075e-006
27978,9.9572e-006
27979,1.2076e-005
27980,1.1906e-005
27981,1.1988e-005
27982,1.0317e-005
27983,1.5102e-005
27984,5.4495e-006
27985,7.2636e-006
27986,6.586e-006
27987,4.5889e-006
27988,7.4526e-006
27989,7.6011e-006
27990,6.853e-006
27991,6.4752e-006
27992,5.5535e-006
27993,5.8405e-006
27994,5.7278e-006
27995,4.0781e-006
27996,5.3634e-006
27997,3.9912e-006
27998,6.1152e-006
27999,4.9699e-006
28000,1.3341e-005
28001,1.6233e-005
28002,1.0734e-005
28003,1.1964e-005
28004,1.0116e-005
28005,6.4161e-006
28006,7.3826e-006
28007,6.6958e-006
28008,7.7638e-006
28009,8.8892e-006
28010,8.6477e-006
28011,7.9561e-006
28012,6.0972e-006
28013,7.5002e-006
28014,6.9097e-006
28015,8.4435e-006
28016,8.5074e-006
28017,7.9957e-006
28018,6.2032e-006
28019,6.3046e-006
28020,4.4315e-006
28021,4.2944e-006
28022,5.8721e-006
28023,3.8491e-006
28024,6.4831e-006
28025,5.1514e-006
28026,5.6353e-006
28027,3.9689e-006
28028,6.145e-006
28029,5.8346e-006
28030,4.2404e-006
28031,4.1863e-006
28032,4.8751e-006
28033,5.4712e-006
28034,3.7333e-006
28035,3.2306e-006
28036,3.1081e-006
28037,2.3778e-006
28038,2.1368e-006
28039,3.7087e-006
28040,3.4358e-006
28041,3.3735e-006
28042,7.0002e-006
28043,8.1135e-006
28044,8.5024e-006
28045,7.5573e-006
28046,6.6112e-006
28047,9.4538e-006
28048,6.8426e-006
28049,6.6827e-006
28050,1.7809e-005
28051,1.3457e-005
28052,2.1045e-005
28053,1.6293e-005
28054,3.3799e-005
28055,8.0861e-006
28056,7.4318e-006
28057,9.0955e-006
28058,1.0649e-005
28059,1.1566e-005
28060,9.5615e-006
28061,8.1622e-006
28062,1.0907e-005
28063,1.0746e-005
28064,1.4864e-005
28065,6.0779e-006
28066,1.0098e-005
28067,1.0319e-005
28068,1.2406e-005
28069,1.3454e-005
28070,1.8012e-005
28071,1.3188e-005
28072,7.7006e-006
28073,6.4452e-006
28074,8.3748e-006
28075,6.2106e-006
28076,7.567e-006
28077,6.3044e-006
28078,8.5885e-006
28079,1.025e-005
28080,9.1659e-006
28081,9.4384e-006
28082,9.8524e-006
28083,4.5514e-006
28084,5.7916e-006
28085,5.5084e-006
28086,3.9585e-006
28087,3.592e-006
28088,2.9344e-006
28089,3.709e-006
28090,3.7154e-006
28091,4.0266e-006
28092,4.3277e-006
28093,3.4855e-006
28094,4.7208e-006
28095,5.3613e-006
28096,6.612e-006
28097,5.3135e-006
28098,5.8e-006
28099,4.7275e-006
28100,3.3631e-006
28101,5.4295e-006
28102,4.0679e-006
28103,5.1368e-006
28104,5.9372e-006
28105,6.4671e-006
28106,5.5684e-006
28107,5.0074e-006
28108,6.1279e-006
28109,4.1412e-006
28110,4.2864e-006
28111,7.7304e-006
28112,6.5784e-006
28113,7.3846e-006
28114,5.9113e-006
28115,1.2223e-005
28116,1.2489e-005
28117,1.1734e-005
28118,9.4037e-006
28119,1.4125e-005
28120,9.7596e-006
28121,1.1143e-005
28122,1.0494e-005
28123,1.085e-005
28124,9.2886e-006
28125,7.1385e-006
28126,1.1074e-005
28127,1.0435e-005
28128,2.6031e-005
28129,3.5634e-005
28130,2.4095e-005
28131,3.0416e-005
28132,3.3189e-005
28133,3.2844e-005
28134,2.2187e-005
28135,1.851e-005
28136,1.7604e-005
28137,1.7036e-005
28138,1.9158e-005
28139,1.5312e-005
28140,1.8701e-005
28141,5.949e-005
28142,5.6168e-005
28143,5.3828e-005
28144,5.3714e-005
28145,2.2682e-005
28146,1.7079e-005
28147,1.4209e-005
28148,1.1954e-005
28149,9.7941e-006
28150,9.5609e-006
28151,1.1744e-005
28152,1.2675e-005
28153,1.0605e-005
28154,1.3271e-005
28155,1.3518e-005
28156,1.4453e-005
28157,2.0463e-005
28158,2.4586e-005
28159,2.9695e-005
28160,3.6847e-005
28161,2.963e-005
28162,4.0085e-005
28163,4.0939e-005
28164,3.4512e-005
28165,2.7538e-005
28166,4.9031e-005
28167,3.4501e-005
28168,4.7779e-005
28169,4.3315e-005
28170,1.0865e-005
28171,1.6926e-005
28172,1.4102e-005
28173,1.1176e-005
28174,4.6492e-006
28175,3.6744e-006
28176,3.6477e-006
28177,7.6127e-006
28178,6.0871e-006
28179,6.6467e-006
28180,5.1157e-006
28181,4.4598e-006
28182,7.9241e-006
28183,7.6536e-006
28184,8.3248e-006
28185,6.7e-006
28186,6.3452e-006
28187,5.5336e-006
28188,5.2403e-006
28189,5.7911e-006
28190,1.055e-005
28191,1.1256e-005
28192,7.54e-006
28193,1.0773e-005
28194,1.2778e-005
28195,6.4707e-006
28196,7.4434e-006
28197,6.1544e-006
28198,6.8792e-006
28199,6.6896e-006
28200,5.1376e-006
28201,4.8091e-006
28202,7.5748e-006
28203,8.4755e-006
28204,7.0645e-006
28205,7.9197e-006
28206,8.933e-006
28207,1.2485e-005
28208,1.2802e-005
28209,1.4965e-005
28210,1.4893e-005
28211,1.2637e-005
28212,1.1111e-005
28213,1.2755e-005
28214,1.0462e-005
28215,1.5537e-005
28216,1.3775e-005
28217,1.0318e-005
28218,1.0341e-005
28219,1.1892e-005
28220,1.203e-005
28221,9.63e-006
28222,6.693e-006
28223,7.9795e-006
28224,8.7137e-006
28225,8.2617e-006
28226,8.5018e-006
28227,5.7935e-006
28228,6.7389e-006
28229,7.3114e-006
28230,5.909e-006
28231,7.8987e-006
28232,3.4857e-006
28233,4.8954e-006
28234,3.7089e-006
28235,5.3454e-006
28236,4.7491e-006
28237,3.1212e-006
28238,2.8047e-006
28239,1.516e-006
28240,3.5296e-006
28241,2.7499e-006
28242,1.4321e-005
28243,1.1768e-005
28244,1.3307e-005
28245,1.3763e-005
28246,1.1858e-005
28247,1.9411e-005
28248,1.4972e-005
28249,3.4432e-006
28250,4.4203e-006
28251,1.4593e-005
28252,1.2731e-005
28253,1.0778e-005
28254,1.1459e-005
28255,1.487e-005
28256,1.892e-005
28257,5.487e-006
28258,8.3571e-006
28259,6.4405e-006
28260,6.2825e-006
28261,5.1993e-006
28262,4.9151e-006
28263,2.8889e-006
28264,4.0642e-006
28265,3.0209e-005
28266,3.013e-005
28267,7.7879e-006
28268,6.4771e-006
28269,8.1661e-006
28270,5.4175e-006
28271,1.2175e-005
28272,1.4431e-005
28273,1.2789e-005
28274,1.0058e-005
28275,1.0827e-005
28276,9.463e-006
28277,9.4198e-006
28278,3.9731e-006
28279,4.3843e-006
28280,3.6347e-006
28281,4.3978e-006
28282,9.0839e-006
28283,7.8346e-006
28284,8.9739e-006
28285,9.0107e-006
28286,8.3495e-006
28287,3.4687e-005
28288,2.3172e-005
28289,3.8821e-005
28290,2.937e-005
28291,2.6107e-005
28292,4.0096e-006
28293,3.2786e-006
28294,2.9224e-006
28295,2.9589e-006
28296,4.1161e-006
28297,5.9641e-006
28298,6.019e-006
28299,4.9499e-006
28300,5.8013e-006
28301,4.9105e-006
28302,3.6897e-006
28303,4.9325e-006
28304,3.0187e-006
28305,4.3333e-006
28306,5.0298e-006
28307,4.3497e-006
28308,3.2369e-006
28309,3.0464e-006
28310,1.1353e-005
28311,1.3551e-005
28312,1.6255e-005
28313,1.2795e-005
28314,9.0744e-006
28315,9.3432e-006
28316,1.1138e-005
28317,1.2402e-005
28318,1.2211e-005
28319,1.3369e-005
28320,1.5674e-005
28321,1.1314e-005
28322,8.8115e-006
28323,7.6751e-006
28324,7.3983e-006
28325,9.8893e-006
28326,8.4454e-006
28327,9.7571e-006
28328,7.8906e-006
28329,9.1774e-006
28330,7.7362e-006
28331,8.6902e-006
28332,9.0198e-006
28333,8.954e-006
28334,1.277e-005
28335,1.213e-005
28336,1.1804e-005
28337,1.0815e-005
28338,1.2476e-005
28339,2.2703e-005
28340,2.6453e-005
28341,2.126e-005
28342,2.0912e-005
28343,8.9527e-006
28344,9.3069e-006
28345,7.8355e-006
28346,6.7708e-006
28347,8.5199e-006
28348,1.0496e-005
28349,8.7626e-006
28350,9.0741e-006
28351,7.3856e-006
28352,6.0505e-006
28353,7.0855e-006
28354,9.5898e-006
28355,8.4539e-006
28356,7.0537e-006
28357,7.3316e-006
28358,7.9714e-006
28359,8.7698e-006
28360,6.988e-006
28361,5.421e-006
28362,6.5693e-006
28363,7.5331e-006
28364,7.9738e-006
28365,3.2544e-006
28366,3.5407e-006
28367,2.8321e-006
28368,2.5654e-006
28369,3.1253e-006
28370,2.3069e-006
28371,3.1501e-006
28372,9.2652e-006
28373,6.7974e-006
28374,8.7968e-006
28375,5.3527e-006
28376,6.5553e-006
28377,7.488e-006
28378,8.1036e-006
28379,6.6315e-006
28380,8.0258e-006
28381,9.5444e-006
28382,9.3642e-006
28383,5.7279e-006
28384,7.5476e-006
28385,7.9579e-006
28386,6.5402e-006
28387,5.9555e-006
28388,4.6521e-006
28389,7.7339e-006
28390,4.1517e-006
28391,1.0073e-005
28392,1.1329e-005
28393,1.0516e-005
28394,1.148e-005
28395,1.0359e-005
28396,9.652e-006
28397,1.225e-005
28398,1.494e-005
28399,1.3968e-005
28400,1.2693e-005
28401,1.2808e-005
28402,1.3764e-005
28403,1.4272e-005
28404,1.2739e-005
28405,1.3382e-005
28406,2.6702e-005
28407,2.1944e-005
28408,2.3627e-005
28409,1.2139e-005
28410,1.0224e-005
28411,1.0711e-005
28412,1.5986e-005
28413,1.1398e-005
28414,1.399e-005
28415,1.4795e-005
28416,9.4933e-006
28417,9.4848e-006
28418,7.6515e-006
28419,5.9838e-006
28420,7.9668e-006
28421,8.1815e-006
28422,1.1495e-005
28423,1.2462e-005
28424,1.2839e-005
28425,1.3163e-005
28426,1.1118e-005
28427,1.2047e-005
28428,1.3987e-005
28429,1.3306e-005
28430,1.1132e-005
28431,1.3645e-005
28432,1.1588e-005
28433,1.3797e-005
28434,9.367e-006
28435,7.2515e-006
28436,9.1363e-006
28437,7.2451e-006
28438,1.1632e-005
28439,1.207e-005
28440,1.0374e-005
28441,9.1485e-006
28442,7.2292e-006
28443,1.1631e-005
28444,8.838e-006
28445,9.4622e-006
28446,7.5595e-006
28447,1.1191e-005
28448,9.2139e-006
28449,9.8651e-006
28450,9.8909e-006
28451,1.0805e-005
28452,7.1106e-006
28453,4.8508e-006
28454,8.1997e-006
28455,8.1653e-006
28456,5.6984e-006
28457,8.5776e-006
28458,6.3772e-006
28459,2.5081e-006
28460,3.2793e-006
28461,4.2021e-006
28462,1.1836e-006
28463,7.2393e-007
28464,2.1739e-006
28465,4.165e-006
28466,6.1225e-006
28467,4.804e-006
28468,5.0695e-006
28469,1.3468e-005
28470,1.7971e-005
28471,2.0622e-005
28472,2.5194e-005
28473,7.8353e-006
28474,1.3137e-005
28475,7.3951e-006
28476,9.4776e-006
28477,7.2314e-006
28478,5.1521e-006
28479,8.3815e-006
28480,2.4496e-005
28481,1.9924e-005
28482,1.6299e-005
28483,1.3664e-005
28484,3.3405e-006
28485,3.9178e-006
28486,2.2388e-006
28487,8.6063e-006
28488,8.6553e-006
28489,9.4058e-006
28490,6.0434e-006
28491,7.8851e-006
28492,2.9297e-006
28493,4.1291e-006
28494,3.9861e-006
28495,4.5372e-006
28496,2.0735e-006
28497,1.196e-005
28498,9.8455e-006
28499,1.0773e-005
28500,1.0442e-005
28501,9.1358e-006
28502,1.1699e-005
28503,1.2683e-005
28504,1.4663e-005
28505,1.3423e-005
28506,1.3462e-005
28507,1.2682e-005
28508,1.5004e-005
28509,1.1648e-005
28510,9.7439e-006
28511,9.0666e-006
28512,1.0744e-005
28513,1.15e-005
28514,1.0645e-005
28515,9.0351e-006
28516,9.1051e-006
28517,9.7771e-006
28518,1.2485e-005
28519,1.2506e-005
28520,1.1576e-005
28521,1.3857e-005
28522,7.4582e-006
28523,1.1977e-005
28524,7.4159e-006
28525,1.0367e-005
28526,8.0878e-006
28527,8.9694e-006
28528,9.0249e-006
28529,7.2e-006
28530,7.3577e-006
28531,5.8083e-006
28532,1.0869e-005
28533,1.5083e-005
28534,1.3136e-005
28535,1.5162e-005
28536,1.4511e-005
28537,1.1109e-005
28538,1.0312e-005
28539,9.9324e-006
28540,7.7281e-006
28541,8.6833e-006
28542,8.3847e-006
28543,1.3182e-005
28544,1.479e-005
28545,1.1606e-005
28546,1.1303e-005
28547,7.4963e-006
28548,4.8814e-006
28549,5.2454e-006
28550,5.9024e-006
28551,2.6243e-005
28552,2.0954e-005
28553,2.5289e-005
28554,7.5147e-006
28555,8.1722e-006
28556,1.1957e-005
28557,1.0978e-005
28558,8.2258e-006
28559,1.1238e-005
28560,1.4164e-005
28561,1.1558e-005
28562,1.3006e-005
28563,7.4295e-006
28564,8.3427e-006
28565,8.0508e-006
28566,1.1937e-005
28567,1.0874e-005
28568,1.1081e-005
28569,1.0679e-005
28570,1.2486e-005
28571,1.1238e-005
28572,1.0859e-005
28573,1.264e-005
28574,6.529e-006
28575,9.3156e-006
28576,4.9714e-006
28577,8.8003e-006
28578,5.1465e-006
28579,8.0208e-006
28580,6.0581e-006
28581,4.6816e-006
28582,6.7337e-006
28583,9.9099e-006
28584,8.7122e-006
28585,1.1346e-005
28586,9.5204e-006
28587,1.4923e-005
28588,1.392e-005
28589,1.1681e-005
28590,1.0096e-005
28591,9.545e-006
28592,9.9972e-006
28593,9.635e-006
28594,1.0265e-005
28595,8.787e-006
28596,1.1739e-005
28597,1.5031e-005
28598,1.4024e-005
28599,1.021e-005
28600,5.058e-006
28601,4.0028e-006
28602,4.4484e-006
28603,6.1858e-006
28604,3.1884e-006
28605,8.7923e-006
28606,9.4691e-006
28607,1.0028e-005
28608,1.1673e-005
28609,8.3654e-006
28610,7.8996e-006
28611,7.1383e-006
28612,6.0679e-006
28613,4.8069e-006
28614,5.9236e-006
28615,4.7997e-006
28616,5.0482e-006
28617,3.7116e-006
28618,9.0692e-006
28619,9.7854e-006
28620,6.6207e-006
28621,7.9514e-006
28622,8.2552e-006
28623,6.1557e-006
28624,7.8596e-006
28625,6.3257e-006
28626,7.1663e-006
28627,5.3395e-006
28628,5.9175e-006
28629,4.1973e-006
28630,8.7581e-006
28631,9.8256e-006
28632,1.0202e-005
28633,8.7686e-006
28634,1.158e-005
28635,9.3821e-006
28636,6.5129e-006
28637,7.9319e-006
28638,6.42e-006
28639,8.8683e-006
28640,1.0905e-005
28641,6.7372e-006
28642,7.6849e-006
28643,1.0274e-005
28644,9.1969e-006
28645,1.0154e-005
28646,7.0357e-006
28647,8.5958e-006
28648,6.7004e-006
28649,1.2181e-005
28650,1.4591e-005
28651,1.1492e-005
28652,1.8179e-005
28653,1.4306e-005
28654,1.4446e-005
28655,1.75e-005
28656,1.6835e-005
28657,1.3711e-005
28658,1.9688e-005
28659,1.4156e-005
28660,1.5993e-005
28661,1.5536e-005
28662,1.2376e-005
28663,1.2444e-005
28664,7.8669e-006
28665,7.1462e-006
28666,5.7575e-006
28667,6.4856e-006
28668,5.7996e-006
28669,8.422e-006
28670,3.6316e-006
28671,1.754e-006
28672,3.6252e-005
28673,4.7008e-005
28674,4.4652e-005
28675,4.9566e-005
28676,4.435e-005
28677,5.7179e-005
28678,6.2295e-005
28679,1.6747e-005
28680,1.9755e-005
28681,9.5789e-006
28682,9.719e-006
28683,1.4833e-005
28684,1.0373e-005
28685,6.9224e-006
28686,5.4358e-006
28687,6.6556e-006
28688,5.1132e-006
28689,5.5851e-006
28690,1.8146e-005
28691,1.4452e-005
28692,4.8982e-006
28693,4.3809e-006
28694,4.3325e-006
28695,5.22e-006
28696,6.2763e-006
28697,6.0967e-006
28698,5.0842e-006
28699,4.1297e-006
28700,1.8592e-006
28701,2.7731e-006
28702,3.0317e-006
28703,6.7409e-006
28704,5.4228e-006
28705,6.6369e-006
28706,7.6882e-006
28707,7.0135e-006
28708,6.0424e-006
28709,7.2485e-006
28710,7.8904e-006
28711,8.7851e-006
28712,1.3062e-005
28713,9.0628e-006
28714,5.4384e-006
28715,7.6749e-006
28716,5.2682e-006
28717,3.9089e-006
28718,6.5947e-006
28719,7.0834e-006
28720,6.6246e-006
28721,4.3742e-005
28722,4.7569e-005
28723,1.4273e-005
28724,1.248e-005
28725,1.956e-005
28726,9.6348e-006
28727,6.1367e-006
28728,7.5342e-006
28729,7.9972e-006
28730,6.4287e-006
28731,6.3889e-006
28732,3.8905e-006
28733,4.1505e-006
28734,6.3153e-006
28735,7.3338e-006
28736,9.7044e-006
28737,1.045e-005
28738,1.7448e-005
28739,1.5383e-005
28740,1.3508e-005
28741,1.2325e-005
28742,1.6903e-005
28743,7.8245e-006
28744,8.5178e-006
28745,9.1579e-006
28746,1.2671e-005
28747,8.5768e-006
28748,4.9756e-006
28749,6.6067e-006
28750,5.913e-006
28751,6.1614e-006
28752,5.7411e-006
28753,8.8813e-006
28754,8.6144e-006
28755,1.0006e-005
28756,9.3462e-006
28757,8.3209e-006
28758,3.0026e-006
28759,1.8626e-006
28760,4.892e-006
28761,4.183e-006
28762,1.0214e-005
28763,8.8161e-006
28764,1.0865e-005
28765,8.9221e-006
28766,9.0033e-006
28767,6.563e-006
28768,1.0641e-005
28769,8.1436e-006
28770,1.1282e-005
28771,5.8872e-006
28772,5.7324e-006
28773,4.6257e-006
28774,6.2118e-006
28775,1.9033e-005
28776,1.8877e-005
28777,1.5265e-005
28778,8.0229e-006
28779,6.8719e-006
28780,5.7851e-006
28781,2.3006e-005
28782,1.6024e-005
28783,5.7327e-006
28784,4.0406e-006
28785,3.6558e-006
28786,4.746e-006
28787,8.133e-006
28788,7.4697e-006
28789,4.5939e-006
28790,5.4745e-006
28791,5.7886e-006
28792,3.7953e-006
28793,5.1818e-006
28794,2.6744e-006
28795,1.0047e-005
28796,8.6628e-006
28797,6.4458e-006
28798,8.167e-006
28799,8.1817e-006
28800,1.1569e-005
28801,8.9589e-006
28802,4.6774e-006
28803,4.9173e-006
28804,2.752e-006
28805,5.3763e-006
28806,6.0915e-006
28807,4.3231e-006
28808,3.1472e-006
28809,1.4547e-005
28810,1.4651e-005
28811,1.8267e-005
28812,1.592e-005
28813,1.7875e-005
28814,2.5455e-005
28815,2.1101e-005
28816,1.8818e-005
28817,2.1063e-005
28818,1.1957e-005
28819,1.253e-005
28820,1.4133e-005
28821,1.2529e-005
28822,1.737e-005
28823,7.9329e-006
28824,6.0918e-006
28825,1.0604e-005
28826,1.2364e-005
28827,9.558e-006
28828,6.9908e-006
28829,9.4229e-006
28830,1.1345e-005
28831,6.6928e-006
28832,1.3002e-005
28833,1.9567e-005
28834,1.6491e-005
28835,2.109e-005
28836,2.0598e-005
28837,5.2888e-006
28838,6.1687e-006
28839,4.532e-006
28840,8.345e-006
28841,7.615e-006
28842,7.3886e-006
28843,7.9384e-006
28844,1.0017e-005
28845,6.3754e-006
28846,1.0435e-005
28847,5.4868e-006
28848,5.0406e-006
28849,4.4121e-006
28850,4.266e-006
28851,1.1328e-005
28852,1.6601e-005
28853,1.1323e-005
28854,2.692e-006
28855,1.3515e-005
28856,8.8698e-006
28857,9.2669e-006
28858,6.4635e-006
28859,5.2514e-006
28860,4.2387e-006
28861,7.2733e-006
28862,4.8301e-006
28863,4.5599e-006
28864,4.2393e-006
28865,8.8127e-006
28866,1.0228e-005
28867,7.7688e-006
28868,1.0265e-005
28869,3.8169e-005
28870,2.7639e-005
28871,2.525e-005
28872,4.0487e-005
28873,2.8849e-005
28874,1.333e-005
28875,1.3802e-005
28876,1.4667e-005
28877,9.6353e-006
28878,1.3639e-005
28879,1.3249e-005
28880,1.4958e-005
28881,7.5524e-006
28882,6.6969e-006
28883,8.802e-006
28884,4.5845e-006
28885,4.2354e-006
28886,6.9732e-006
28887,5.3375e-006
28888,9.3572e-006
28889,6.3703e-006
28890,9.2559e-006
28891,6.8927e-006
28892,9.1995e-006
28893,7.6755e-006
28894,6.5966e-006
28895,9.2527e-006
28896,7.8935e-006
28897,1.8547e-005
28898,9.6533e-006
28899,6.422e-006
28900,9.3182e-006
28901,7.5924e-006
28902,6.2231e-006
28903,7.3234e-006
28904,4.0962e-006
28905,4.5007e-006
28906,4.2382e-006
28907,5.0958e-006
28908,4.7828e-006
28909,5.2965e-005
28910,5.461e-005
28911,6.9073e-005
28912,5.906e-006
28913,5.5846e-006
28914,1.4715e-005
28915,1.1737e-005
28916,1.9359e-005
28917,2.7622e-005
28918,6.3775e-006
28919,7.9004e-006
28920,6.4954e-006
28921,7.4566e-006
28922,6.3298e-006
28923,4.1934e-006
28924,3.8982e-006
28925,3.7205e-006
28926,5.7712e-006
28927,5.9838e-006
28928,7.8953e-006
28929,8.4459e-006
28930,4.6686e-006
28931,7.288e-006
28932,8.3527e-006
28933,8.5652e-006
28934,7.7904e-006
28935,4.0853e-005
28936,3.6892e-005
28937,4.3102e-005
28938,4.6009e-005
28939,4.4764e-005
28940,2.7891e-005
28941,3.3284e-005
28942,4.0917e-005
28943,1.1495e-005
28944,1.0015e-005
28945,1.3943e-005
28946,1.0693e-005
28947,5.4241e-006
28948,6.4517e-006
28949,4.8962e-006
28950,3.9413e-005
28951,3.9316e-005
28952,4.5888e-005
28953,5.3927e-005
28954,5.1461e-005
28955,5.0139e-005
28956,4.9208e-005
28957,4.3448e-005
28958,5.0066e-005
28959,3.7997e-005
28960,5.9059e-005
28961,4.1933e-006
28962,5.2775e-006
28963,7.3624e-006
28964,4.9971e-006
28965,5.884e-006
28966,1.2817e-005
28967,1.4781e-005
28968,1.4516e-005
28969,2.0004e-005
28970,1.1205e-005
28971,5.2859e-006
28972,9.0394e-006
28973,7.392e-006
28974,1.9112e-004
28975,2.0478e-004
28976,2.1043e-004
28977,2.184e-004
28978,3.0231e-005
28979,3.3206e-005
28980,4.7411e-005
28981,4.4007e-005
28982,4.1136e-005
28983,3.5916e-006
28984,4.334e-006
28985,2.7694e-006
28986,1.1691e-005
28987,1.0021e-005
28988,9.6761e-006
28989,4.3165e-005
28990,3.6848e-005
28991,4.626e-005
28992,4.3975e-005
28993,5.6872e-005
28994,3.7182e-005
28995,5.5624e-007
28996,5.0811e-007
28997,4.7473e-005
28998,4.1248e-005
28999,3.8798e-005
29000,4.8652e-005
29001,6.5616e-005
29002,6.5538e-005
29003,1.6111e-005
29004,1.7064e-005
29005,1.8462e-005
29006,1.2763e-005
29007,8.004e-005
29008,5.2988e-005
29009,7.7435e-005
29010,6.1905e-005
29011,6.7304e-005
29012,4.5438e-005
29013,3.2603e-005
29014,4.1857e-005
29015,3.7698e-005
29016,3.402e-006
29017,3.5749e-006
29018,4.6731e-006
29019,4.5169e-006
29020,4.1387e-006
29021,7.7487e-005
29022,9.4326e-005
29023,8.2481e-005
29024,2.6681e-006
29025,2.5898e-006
29026,3.2101e-006
29027,2.3873e-006
29028,2.9448e-006
29029,2.0646e-006
29030,2.2466e-006
29031,2.5316e-006
29032,1.503e-006
29033,2.0786e-006
29034,1.3476e-006
29035,1.7993e-006
29036,1.7507e-006
29037,2.2253e-006
29038,2.7918e-006
29039,3.1846e-006
29040,2.5485e-006
29041,2.7155e-006
29042,1.7628e-006
29043,2.8154e-006
29044,2.8212e-006
29045,2.1815e-006
29046,1.8899e-006
29047,6.3034e-005
29048,5.4767e-005
29049,4.9574e-005
29050,3.9704e-006
29051,5.9685e-006
29052,5.3358e-006
29053,6.385e-006
29054,1.4547e-006
29055,1.2434e-006
29056,1.3802e-006
29057,1.222e-006
29058,7.9142e-007
29059,1.0954e-006
29060,8.3211e-007
29061,8.128e-007
29062,1.2022e-006
29063,8.8098e-006
29064,7.384e-006
29065,5.5012e-006
29066,2.657e-005
29067,4.1343e-005
29068,4.1085e-005
29069,2.5638e-005
29070,9.1147e-005
29071,8.6781e-005
29072,1.1928e-004
29073,1.5197e-004
29074,9.8132e-005
29075,1.2088e-004
29076,2.3907e-005
29077,3.1199e-005
29078,9.0644e-007
29079,9.0333e-007
29080,8.2034e-007
29081,2.9116e-005
29082,4.3792e-005
29083,3.3473e-005
29084,3.7954e-005
29085,4.1202e-005
29086,3.614e-005
29087,3.0974e-006
29088,2.5897e-006
29089,1.5821e-006
29090,2.5395e-006
29091,6.2899e-007
29092,6.3348e-007
29093,1.2112e-006
29094,1.3699e-006
29095,7.7851e-007
29096,3.8297e-005
29097,5.0004e-005
29098,8.3439e-006
29099,1.2919e-005
29100,9.8661e-006
29101,1.0934e-005
29102,1.5724e-005
29103,2.2192e-004
29104,1.3268e-004
29105,1.4503e-004
29106,1.7422e-004
29107,1.5414e-004
29108,1.491e-004
29109,1.9244e-004
29110,1.8233e-006
29111,2.6935e-006
29112,2.9925e-006
29113,1.6797e-006
29114,1.6294e-006
29115,1.0466e-006
29116,1.4587e-006
29117,1.099e-006
29118,1.5311e-006
29119,3.3859e-005
29120,2.068e-005
29121,3.6955e-005
29122,3.228e-005
29123,3.017e-005
29124,3.7579e-005
29125,3.1027e-005
29126,2.1979e-005
29127,1.7311e-005
29128,3.2449e-005
29129,1.5544e-004
29130,1.1259e-004
29131,1.1793e-004
29132,1.4366e-004
29133,1.0443e-004
29134,9.8852e-005
29135,1.2967e-004
29136,6.5252e-005
29137,9.362e-005
29138,7.4871e-005
29139,3.7346e-006
29140,5.6079e-005
29141,5.1688e-005
29142,4.9984e-005
29143,9.6687e-003
29144,1.7313e-004
29145,1.4778e-004
29146,1.7372e-004
29147,1.5478e-004
29148,4.6611e-005
29149,7.7215e-005
29150,9.5158e-005
29151,7.1827e-005
29152,3.8063e-005
29153,3.5081e-005
29154,4.4544e-005
29155,4.7374e-005
29156,3.5069e-005
29157,5.0356e-005
29158,3.7653e-005
29159,3.981e-006
29160,3.6968e-006
29161,2.1401e-006
29162,4.0214e-006
29163,2.9431e-006
29164,3.425e-006
29165,2.6151e-006
29166,2.8441e-006
29167,3.8755e-006
29168,7.1786e-005
29169,8.9677e-005
29170,6.8861e-005
29171,7.2339e-005
29172,8.3275e-005
29173,3.5256e-006
29174,2.9655e-006
29175,3.0861e-006
29176,1.3475e-006
29177,2.994e-006
29178,4.0964e-006
29179,6.4662e-006
29180,3.7756e-006
29181,3.0693e-006
29182,2.6168e-006
29183,3.3897e-006
29184,2.2417e-006
29185,3.1609e-006
29186,2.5432e-006
29187,3.4377e-006
29188,2.3247e-006
29189,2.6411e-006
29190,3.7262e-005
29191,3.9893e-005
29192,4.5638e-005
29193,7.2135e-005
29194,3.6175e-005
29195,5.8484e-005
29196,3.5952e-005
29197,5.223e-005
29198,3.8155e-006
29199,3.9272e-006
29200,4.9041e-006
29201,3.2148e-005
29202,2.0871e-005
29203,2.9109e-005
29204,2.6212e-005
29205,3.505e-005
29206,3.4838e-005
29207,3.0626e-005
29208,2.8606e-005
29209,8.3085e-005
29210,1.0121e-004
29211,8.7505e-005
29212,9.2873e-005
29213,2.5916e-006
29214,3.136e-006
29215,3.147e-006
29216,2.256e-005
29217,1.9458e-005
29218,3.1595e-005
29219,3.051e-005
29220,4.9774e-005
29221,5.0147e-005
29222,5.9067e-005
29223,6.4368e-005
29224,5.3273e-005
29225,4.6004e-005
29226,1.958e-006
29227,1.3129e-006
29228,1.6849e-006
29229,3.4099e-006
29230,1.6905e-006
29231,2.6413e-006
29232,2.9519e-006
29233,2.2948e-006
29234,2.1076e-006
29235,1.0449e-006
29236,1.4363e-006
29237,1.9034e-006
29238,1.2888e-006
29239,1.9087e-006
29240,6.2169e-005
29241,4.025e-005
29242,4.1083e-005
29243,5.4539e-005
29244,6.4254e-005
29245,5.0032e-005
29246,6.8358e-005
29247,5.9477e-006
29248,5.0159e-006
29249,2.9399e-006
29250,7.0893e-006
29251,4.0168e-006
29252,3.5219e-006
29253,1.9815e-005
29254,1.9319e-005
29255,3.4086e-005
29256,3.1655e-005
29257,2.4348e-005
29258,1.8665e-006
29259,2.873e-006
29260,3.5619e-006
29261,2.3916e-006
29262,3.7978e-006
29263,2.6415e-006
29264,1.8634e-006
29265,3.9926e-005
29266,5.1774e-005
29267,4.8618e-005
29268,3.8731e-006
29269,3.656e-006
29270,3.3276e-006
29271,1.6134e-006
29272,2.2002e-006
29273,1.1871e-006
29274,6.0511e-006
29275,4.4341e-006
29276,7.2654e-006
29277,3.5295e-005
29278,3.3756e-005
29279,4.5921e-005
29280,3.8156e-005
29281,1.6595e-006
29282,1.1274e-006
29283,1.671e-005
29284,1.5939e-005
29285,1.6428e-005
29286,5.7085e-006
29287,1.1259e-006
29288,1.1385e-006
29289,1.212e-006
29290,9.9549e-007
29291,1.5146e-006
29292,1.5487e-006
29293,1.3916e-006
29294,4.0591e-005
29295,3.3461e-005
29296,4.4626e-005
29297,4.5341e-005
29298,4.5624e-005
29299,3.7488e-005
29300,1.1167e-005
29301,1.3243e-005
29302,8.9531e-006
29303,8.8539e-006
29304,2.1569e-006
29305,2.4602e-006
29306,1.6322e-006
29307,1.39e-006
29308,2.7523e-006
29309,2.4011e-006
29310,2.3815e-006
29311,2.1314e-006
29312,1.5745e-006
29313,1.9065e-004
29314,1.9616e-004
29315,2.1356e-004
29316,2.021e-004
29317,1.0781e-005
29318,5.5392e-006
29319,6.8368e-006
29320,8.9859e-006
29321,6.2686e-006
29322,5.5099e-006
29323,2.1465e-006
29324,1.4635e-006
29325,1.9059e-006
29326,1.5563e-006
29327,2.0672e-006
29328,2.3483e-006
29329,3.353e-006
29330,3.2578e-006
29331,3.0028e-006
29332,1.1966e-006
29333,1.4568e-004
29334,1.4161e-004
29335,1.6755e-004
29336,1.6099e-004
29337,1.4196e-004
29338,1.7314e-004
29339,1.3937e-006
29340,8.0421e-007
29341,1.1546e-006
29342,8.2471e-007
29343,3.1426e-007
29344,1.2488e-005
29345,1.2306e-005
29346,2.0607e-005
29347,1.7558e-005
29348,5.2884e-005
29349,6.8837e-005
29350,5.5952e-005
29351,7.4906e-006
29352,3.4602e-006
29353,4.9515e-006
29354,1.8769e-006
29355,8.5741e-006
29356,1.6691e-005
29357,9.9586e-006
29358,7.6113e-005
29359,7.495e-005
29360,5.1962e-005
29361,6.374e-005
29362,5.2229e-005
29363,5.1807e-005
29364,4.4694e-005
29365,1.82e-005
29366,2.5644e-005
29367,2.3041e-005
29368,1.2182e-005
29369,5.8482e-006
29370,9.5942e-006
29371,6.4014e-006
29372,2.9807e-005
29373,1.8474e-005
29374,2.0748e-005
29375,8.774e-005
29376,8.9786e-005
29377,1.0472e-004
29378,8.5562e-005
29379,6.4137e-005
29380,1.1283e-004
29381,7.0521e-005
29382,5.5968e-005
29383,5.8976e-005
29384,1.524e-005
29385,1.6657e-005
29386,1.2084e-005
29387,9.1996e-006
29388,6.0399e-006
29389,4.9425e-006
29390,7.8835e-006
29391,1.6181e-005
29392,9.2806e-006
29393,1.6192e-005
29394,7.2495e-006
29395,1.1171e-005
29396,3.9654e-005
29397,1.0436e-005
29398,2.0298e-005
29399,3.3517e-005
29400,3.288e-005
29401,4.0739e-005
29402,1.5887e-006
29403,1.4369e-006
29404,1.7848e-006
29405,1.6434e-006
29406,4.4028e-005
29407,5.3264e-005
29408,5.6429e-005
29409,4.1325e-005
29410,2.554e-006
29411,1.4833e-006
29412,3.8334e-005
29413,4.0911e-005
29414,8.162e-006
29415,5.579e-006
29416,6.444e-006
29417,6.8117e-007
29418,1.1031e-006
29419,7.278e-007
29420,4.9201e-007
29421,6.0027e-006
29422,5.1014e-006
29423,3.325e-005
29424,5.5103e-005
29425,4.0809e-005
29426,4.1846e-005
29427,4.2377e-005
29428,5.5043e-005
29429,5.8015e-006
29430,8.2637e-006
29431,5.0288e-006
29432,1.6275e-006
29433,2.1007e-006
29434,9.6055e-007
29435,1.0992e-005
29436,9.6152e-006
29437,1.3994e-005
29438,1.734e-005
29439,1.3671e-005
29440,1.8834e-005
29441,1.8801e-006
29442,2.971e-006
29443,2.0113e-006
29444,1.8113e-006
29445,3.2488e-005
29446,3.3454e-005
29447,9.0636e-005
29448,7.4469e-005
29449,7.9652e-005
29450,9.6222e-005
29451,6.7628e-005
29452,6.5647e-006
29453,7.4869e-005
29454,8.5551e-005
29455,1.3525e-004
29456,7.8274e-005
29457,4.3706e-006
29458,1.9971e-006
29459,1.7063e-006
29460,1.9144e-006
29461,3.8239e-005
29462,5.4218e-005
29463,5.2019e-005
29464,5.6272e-005
29465,4.1109e-005
29466,4.1092e-005
29467,1.5249e-006
29468,9.2586e-007
29469,1.3007e-006
29470,1.0373e-006
29471,1.2548e-006
29472,1.7693e-005
29473,3.01e-005
29474,1.4133e-005
29475,1.2218e-006
29476,1.5646e-006
29477,2.0872e-005
29478,5.8874e-005
29479,2.1299e-004
29480,2.1877e-004
29481,1.1142e-005
29482,4.9872e-006
29483,9.4016e-006
29484,1.2235e-005
29485,1.1123e-004
29486,9.3496e-005
29487,7.4972e-005
29488,7.0486e-005
29489,1.1989e-004
29490,1.1422e-004
29491,7.7901e-005
29492,2.4491e-006
29493,2.9812e-006
29494,2.9862e-006
29495,1.4123e-006
29496,1.8021e-006
29497,2.1497e-006
29498,9.5869e-006
29499,1.0788e-005
29500,1.2388e-005
29501,3.1021e-005
29502,3.7129e-005
29503,3.1962e-005
29504,2.8073e-005
29505,6.6902e-006
29506,1.0129e-005
29507,6.0722e-005
29508,5.8258e-005
29509,7.0806e-005
29510,4.2369e-005
29511,4.0192e-005
29512,3.5349e-005
29513,8.3184e-006
29514,8.3266e-006
29515,3.8986e-005
29516,2.722e-005
29517,4.6299e-006
29518,2.5163e-006
29519,3.1281e-006
29520,2.0703e-006
29521,2.7465e-006
29522,2.5344e-006
29523,1.5802e-006
29524,2.7779e-006
29525,2.8186e-006
29526,2.8017e-006
29527,2.4749e-006
29528,1.7342e-006
29529,1.0179e-006
29530,2.1338e-006
29531,2.8768e-006
29532,2.7134e-006
29533,1.5635e-006
29534,2.5006e-006
29535,1.7584e-004
29536,1.3463e-004
29537,1.3154e-004
29538,1.4711e-004
29539,3.2379e-006
29540,3.6787e-006
29541,3.7644e-006
29542,1.2345e-005
29543,1.7481e-005
29544,1.925e-006
29545,1.7905e-006
29546,1.6576e-006
29547,1.045e-006
29548,1.75e-005
29549,2.0719e-005
29550,2.6627e-005
29551,2.6646e-005
29552,2.9408e-006
29553,1.3929e-006
29554,1.8217e-006
29555,2.0021e-006
29556,2.3069e-006
29557,1.0676e-005
29558,1.4964e-005
29559,4.5113e-007
29560,4.7511e-005
29561,3.6467e-005
29562,6.9055e-005
29563,6.0442e-005
29564,5.317e-005
29565,1.2571e-005
29566,1.1228e-004
29567,9.3489e-005
29568,2.7151e-005
29569,2.3757e-005
29570,1.5371e-005
29571,1.6958e-005
29572,1.2057e-005
29573,1.2902e-005
29574,1.7076e-005
29575,7.1594e-006
29576,1.3184e-006
29577,1.2523e-004
29578,1.1994e-004
29579,1.4665e-004
29580,1.2525e-004
29581,4.4642e-005
29582,4.6721e-005
29583,6.3551e-006
29584,4.3241e-006
29585,2.7007e-006
29586,4.3736e-006
29587,2.6049e-006
29588,4.3077e-006
29589,1.8124e-005
29590,2.4469e-005
29591,6.052e-005
29592,5.9676e-005
29593,5.1775e-005
29594,5.6433e-005
29595,6.9077e-005
29596,2.0371e-006
29597,3.2632e-006
29598,2.5901e-006
29599,3.3505e-006
29600,3.1013e-006
29601,7.2546e-005
29602,5.6731e-005
29603,6.7327e-005
29604,5.8168e-005
29605,1.8248e-005
29606,8.9181e-006
29607,3.5799e-006
29608,6.0962e-006
29609,3.7534e-006
29610,4.3987e-006
29611,1.2356e-005
29612,1.0425e-006
29613,1.5881e-005
29614,1.1314e-005
29615,3.912e-006
29616,3.9086e-006
29617,4.6067e-006
29618,1.312e-005
29619,1.4634e-005
29620,1.4456e-005
29621,1.7659e-005
29622,4.8504e-006
29623,5.6432e-006
29624,4.9081e-005
29625,4.5189e-006
29626,4.8814e-006
29627,1.4039e-006
29628,1.3884e-006
29629,1.7132e-006
29630,1.8316e-005
29631,4.9488e-006
29632,7.8212e-006
29633,1.0761e-004
29634,1.3786e-004
29635,1.0708e-004
29636,1.4822e-006
29637,6.9504e-005
29638,1.1046e-004
29639,7.3991e-005
29640,1.1738e-006
29641,1.618e-006
29642,1.1624e-006
29643,1.7254e-006
29644,1.3632e-005
29645,1.529e-005
29646,1.3127e-005
29647,2.4406e-005
29648,2.7126e-005
29649,2.3589e-005
29650,1.8266e-005
29651,3.945e-006
29652,3.2662e-006
29653,4.4842e-006
29654,2.9613e-006
29655,4.4011e-006
29656,3.1473e-006
29657,1.2289e-006
29658,2.2749e-006
29659,1.3351e-006
29660,9.4509e-006
29661,7.9756e-006
29662,1.0828e-005
29663,8.508e-006
29664,2.4098e-005
29665,2.652e-005
29666,1.5259e-005
29667,4.1717e-005
29668,3.9477e-005
29669,4.7893e-005
29670,4.3966e-005
29671,3.0263e-005
29672,3.5727e-005
29673,2.492e-006
29674,1.7332e-006
29675,2.4361e-006
29676,1.2371e-006
29677,1.737e-006
29678,8.6106e-007
29679,1.3425e-006
29680,3.1975e-007
29681,6.9873e-006
29682,3.8678e-006
29683,3.7322e-006
29684,7.5646e-005
29685,1.5454e-005
29686,2.6943e-005
29687,2.7334e-005
29688,4.5094e-006
29689,4.993e-006
29690,5.9918e-006
29691,9.0887e-006
29692,1.2175e-005
29693,1.1896e-005
29694,9.674e-006
29695,2.1218e-006
29696,1.8893e-006
29697,5.994e-005
29698,5.2708e-005
29699,9.9222e-007
29700,5.2066e-005
29701,6.1388e-005
29702,4.9598e-005
29703,5.7426e-006
29704,3.824e-006
29705,5.2395e-005
29706,4.8873e-005
29707,1.5493e-005
29708,2.4374e-006
29709,2.3197e-006
29710,1.0099e-006
29711,1.0588e-006
29712,7.8589e-007
29713,6.234e-007
29714,1.1161e-005
29715,1.0866e-005
29716,9.6224e-006
29717,2.6548e-005
29718,1.0061e-005
29719,9.3474e-006
29720,8.2819e-006
29721,2.2311e-006
29722,3.4008e-006
29723,2.9396e-006
29724,6.9828e-005
29725,5.3663e-006
29726,9.9589e-006
29727,1.6362e-004
29728,1.5724e-004
29729,2.015e-004
29730,2.0923e-004
29731,5.8792e-005
29732,4.1688e-005
29733,5.8233e-005
29734,1.9835e-005
29735,3.5632e-005
29736,3.119e-005
29737,7.4077e-005
29738,7.4822e-005
29739,7.2477e-005
29740,7.7761e-005
29741,6.1404e-005
29742,2.3479e-006
29743,2.9337e-006
29744,3.4559e-006
29745,2.7034e-006
29746,3.4634e-006
29747,1.0897e-006
29748,7.2926e-007
29749,1.1831e-006
29750,9.119e-006
29751,3.9394e-005
29752,1.5099e-004
29753,9.997e-005
29754,1.2341e-004
29755,1.5323e-004
29756,2.0094e-006
29757,1.4936e-006
29758,1.1378e-006
29759,8.0335e-007
29760,5.9328e-007
29761,1.0297e-004
29762,9.1971e-005
29763,1.1741e-004
29764,1.2659e-004
29765,1.3578e-004
29766,9.8185e-005
29767,9.1419e-005
29768,1.1625e-004
29769,8.4967e-005
29770,1.4102e-004
29771,1.742e-004
29772,3.0234e-005
29773,3.0813e-006
29774,2.4e-006
29775,2.4148e-006
29776,2.2398e-006
29777,2.9305e-005
29778,4.7426e-005
29779,8.7979e-005
29780,5.2926e-005
29781,5.145e-005
29782,5.6994e-005
29783,4.7629e-005
29784,1.057e-005
29785,2.0711e-006
29786,1.2047e-006
29787,1.257e-006
29788,1.0158e-006
29789,1.7767e-006
29790,4.8235e-006
29791,1.2105e-006
29792,1.7247e-006
29793,3.0126e-006
29794,6.1931e-005
29795,6.1959e-005
29796,4.4379e-005
29797,5.0159e-005
29798,4.2358e-005
29799,1.1415e-006
29800,5.3982e-005
29801,4.4253e-005
29802,6.4711e-005
29803,1.4325e-006
29804,2.4772e-006
29805,2.0893e-006
29806,2.4912e-006
29807,3.4758e-006
29808,8.566e-005
29809,1.0143e-004
29810,1.6425e-006
29811,1.8632e-006
29812,3.3741e-006
29813,5.4807e-005
29814,1.7188e-006
29815,3.1243e-006
29816,2.4052e-006
29817,3.3805e-005
29818,3.6839e-005
29819,2.085e-006
29820,1.2058e-006
29821,8.3682e-005
29822,1.0859e-004
29823,7.5285e-005
29824,4.816e-005
29825,5.3964e-005
29826,6.5657e-005
29827,4.0187e-005
29828,2.5897e-006
29829,2.2187e-006
29830,1.3894e-004
29831,1.8308e-004
29832,1.5399e-006
29833,1.0272e-006
29834,6.9465e-007
29835,3.3797e-007
29836,1.1572e-005
29837,5.3298e-007
29838,2.4988e-006
29839,7.661e-007
29840,6.2092e-005
29841,6.563e-005
29842,5.1296e-005
29843,5.0415e-005
29844,6.6939e-005
29845,5.7433e-005
29846,1.0308e-004
29847,6.9828e-005
29848,4.4209e-006
29849,2.962e-006
29850,4.2915e-006
29851,1.119e-006
29852,4.0108e-006
29853,3.7175e-006
29854,3.7315e-005
29855,3.1839e-006
29856,1.2067e-006
29857,3.7203e-006
29858,3.2432e-005
29859,3.6447e-005
29860,2.5601e-005
29861,6.6898e-006
29862,1.5249e-005
29863,1.2981e-005
29864,8.2701e-006
29865,2.4777e-005
29866,3.668e-006
29867,1.4343e-005
29868,6.4065e-005
29869,5.0382e-005
29870,2.7988e-005
29871,2.2191e-004
29872,4.7966e-005
29873,4.5393e-005
29874,8.3911e-006
29875,5.8312e-006
29876,3.67e-006
29877,1.2882e-005
29878,1.1519e-005
29879,1.138e-005
29880,3.425e-006
29881,4.4856e-006
29882,4.8307e-006
29883,2.1099e-006
29884,7.2367e-006
29885,4.1888e-005
29886,3.8201e-005
29887,2.1641e-006
29888,4.1049e-006
29889,1.6649e-005
29890,5.6518e-006
29891,2.8673e-005
29892,1.3687e-004
29893,3.8409e-006
29894,2.5427e-004
29895,2.6167e-004
29896,3.72e-005
29897,8.9577e-006
29898,1.709e-004
29899,3.2823e-006
29900,6.0806e-005
29901,2.2839e-004
